svs_file,y,split,pair_id,animal_id,label,COMPOUND_NAME,dose_level,dose_truncated,DOSE,DOSE_UNIT,SACRIFICE_PERIOD,sacrifice_hours,SINGLE_REPEAT_TYPE,ADMINISTRATION_ROUTE_TYPE,ANIMAL_AGE_week,n_findings,n_findings_drug,n_findings_spont,max_grade,findings,topographies,grades,sp_flags,EXP_ID,GROUP_ID,INDIVIDUAL_ID,ORGAN,CAPTURE_NO,url,FILE_LOCATION,dup_grade_conflict
27104.svs,1,,E0040-G18-P0,E0040-G18-I1,abnormal,acetaminophen,Middle,0,600,mg/kg,9 hr,9,Single,Gavage,6,1,1,0,minimal,"Change, eosinophilic",Centrilobular,minimal,false,40,18,1,Liver,1/1,https://dbarchive.biosciencedbc.jp/data/open-tggates-pathological-images/LATEST/images/acetaminophen/Liver/27104.svs,ftp://ftp.biosciencedbc.jp/archive/open-tggates-pathological-images/LATEST/images/acetaminophen/Liver/27104.svs,0
27108.svs,0,,E0040-G18-P0,E0040-G18-I2,normal,acetaminophen,Middle,0,600,mg/kg,9 hr,9,Single,Gavage,6,0,0,0,,,,,,40,18,2,Liver,1/1,https://dbarchive.biosciencedbc.jp/data/open-tggates-pathological-images/LATEST/images/acetaminophen/Liver/27108.svs,ftp://ftp.biosciencedbc.jp/archive/open-tggates-pathological-images/LATEST/images/acetaminophen/Liver/27108.svs,0
27113.svs,0,,E0040-G18-P1,E0040-G18-I3,normal,acetaminophen,Middle,0,600,mg/kg,9 hr,9,Single,Gavage,6,0,0,0,,,,,,40,18,3,Liver,1/1,https://dbarchive.biosciencedbc.jp/data/open-tggates-pathological-images/LATEST/images/acetaminophen/Liver/27113.svs,ftp://ftp.biosciencedbc.jp/archive/open-tggates-pathological-images/LATEST/images/acetaminophen/Liver/27113.svs,0
27121.svs,1,,E0040-G18-P1,E0040-G18-I5,abnormal,acetaminophen,Middle,0,600,mg/kg,9 hr,9,Single,Gavage,6,1,1,0,minimal,"Change, eosinophilic",Centrilobular,minimal,false,40,18,5,Liver,1/1,https://dbarchive.biosciencedbc.jp/data/open-tggates-pathological-images/LATEST/images/acetaminophen/Liver/27121.svs,ftp://ftp.biosciencedbc.jp/archive/open-tggates-pathological-images/LATEST/images/acetaminophen/Liver/27121.svs,0
27213.svs,0,,E0040-G23-P0,E0040-G23-I1,normal,acetaminophen,High,0,1000,mg/kg,9 hr,9,Single,Gavage,6,0,0,0,,,,,,40,23,1,Liver,1/1,https://dbarchive.biosciencedbc.jp/data/open-tggates-pathological-images/LATEST/images/acetaminophen/Liver/27213.svs,ftp://ftp.biosciencedbc.jp/archive/open-tggates-pathological-images/LATEST/images/acetaminophen/Liver/27213.svs,0
27217.svs,0,,E0040-G23-P1,E0040-G23-I2,normal,acetaminophen,High,0,1000,mg/kg,9 hr,9,Single,Gavage,6,0,0,0,,,,,,40,23,2,Liver,1/1,https://dbarchive.biosciencedbc.jp/data/open-tggates-pathological-images/LATEST/images/acetaminophen/Liver/27217.svs,ftp://ftp.biosciencedbc.jp/archive/open-tggates-pathological-images/LATEST/images/acetaminophen/Liver/27217.svs,0
27221.svs,1,,E0040-G23-P0,E0040-G23-I3,abnormal,acetaminophen,High,0,1000,mg/kg,9 hr,9,Single,Gavage,6,1,1,0,minimal,"Change, eosinophilic",Centrilobular,minimal,false,40,23,3,Liver,1/1,https://dbarchive.biosciencedbc.jp/data/open-tggates-pathological-images/LATEST/images/acetaminophen/Liver/27221.svs,ftp://ftp.biosciencedbc.jp/archive/open-tggates-pathological-images/LATEST/images/acetaminophen/Liver/27221.svs,0
27225.svs,1,,E0040-G23-P1,E0040-G23-I4,abnormal,acetaminophen,High,0,1000,mg/kg,9 hr,9,Single,Gavage,6,1,1,0,minimal,"Change, eosinophilic",Centrilobular,minimal,false,40,23,4,Liver,1/1,https://dbarchive.biosciencedbc.jp/data/open-tggates-pathological-images/LATEST/images/acetaminophen/Liver/27225.svs,ftp://ftp.biosciencedbc.jp/archive/open-tggates-pathological-images/LATEST/images/acetaminophen/Liver/27225.svs,0
28067.svs,1,,E0042-G13-P0,E0042-G13-I1,abnormal,acetaminophen,Middle,0,600,mg/kg,4 day,96,Repeat,Gavage,6,2,2,0,slight,Cellular infiltration; Necrosis,Centrilobular; Centrilobular,slight; minimal,false; false,42,13,1,Liver,1/1,https://dbarchive.biosciencedbc.jp/data/open-tggates-pathological-images/LATEST/images/acetaminophen/Liver/28067.svs,ftp://ftp.biosciencedbc.jp/archive/open-tggates-pathological-images/LATEST/images/acetaminophen/Liver/28067.svs,0
28071.svs,0,,E0042-G13-P0,E0042-G13-I2,normal,acetaminophen,Middle,0,600,mg/kg,4 day,96,Repeat,Gavage,6,0,0,0,,,,,,42,13,2,Liver,1/1,https://dbarchive.biosciencedbc.jp/data/open-tggates-pathological-images/LATEST/images/acetaminophen/Liver/28071.svs,ftp://ftp.biosciencedbc.jp/archive/open-tggates-pathological-images/LATEST/images/acetaminophen/Liver/28071.svs,0
28075.svs,0,,E0042-G13-P1,E0042-G13-I3,normal,acetaminophen,Middle,0,600,mg/kg,4 day,96,Repeat,Gavage,6,0,0,0,,,,,,42,13,3,Liver,1/1,https://dbarchive.biosciencedbc.jp/data/open-tggates-pathological-images/LATEST/images/acetaminophen/Liver/28075.svs,ftp://ftp.biosciencedbc.jp/archive/open-tggates-pathological-images/LATEST/images/acetaminophen/Liver/28075.svs,0
28079.svs,1,,E0042-G13-P1,E0042-G13-I4,abnormal,acetaminophen,Middle,0,600,mg/kg,4 day,96,Repeat,Gavage,6,3,3,0,minimal,"Cellular infiltration; Change, eosinophilic; Increased mitosis",Centrilobular; Centrilobular; Centrilobular,minimal; minimal; minimal,false; false; false,42,13,4,Liver,1/1,https://dbarchive.biosciencedbc.jp/data/open-tggates-pathological-images/LATEST/images/acetaminophen/Liver/28079.svs,ftp://ftp.biosciencedbc.jp/archive/open-tggates-pathological-images/LATEST/images/acetaminophen/Liver/28079.svs,0
70386.svs,0,,E0042-G14-P0,E0042-G14-I1,normal,acetaminophen,Middle,0,600,mg/kg,8 day,192,Repeat,Gavage,6,0,0,0,,,,,,42,14,1,Liver,1/1,https://dbarchive.biosciencedbc.jp/data/open-tggates-pathological-images/LATEST/images/acetaminophen/Liver/70386.svs,ftp://ftp.biosciencedbc.jp/archive/open-tggates-pathological-images/LATEST/images/acetaminophen/Liver/70386.svs,0
28096.svs,1,,E0042-G14-P0,E0042-G14-I3,abnormal,acetaminophen,Middle,0,600,mg/kg,8 day,192,Repeat,Gavage,6,1,1,0,minimal,Cellular infiltration,Centrilobular,minimal,false,42,14,3,Liver,1/1,https://dbarchive.biosciencedbc.jp/data/open-tggates-pathological-images/LATEST/images/acetaminophen/Liver/28096.svs,ftp://ftp.biosciencedbc.jp/archive/open-tggates-pathological-images/LATEST/images/acetaminophen/Liver/28096.svs,0
28110.svs,1,,E0042-G15-P0,E0042-G15-I1,abnormal,acetaminophen,Middle,0,600,mg/kg,15 day,360,Repeat,Gavage,6,2,2,0,minimal,Cellular infiltration; Ground glass appearance,Centrilobular; Centrilobular,minimal; minimal,false; false,42,15,1,Liver,1/1,https://dbarchive.biosciencedbc.jp/data/open-tggates-pathological-images/LATEST/images/acetaminophen/Liver/28110.svs,ftp://ftp.biosciencedbc.jp/archive/open-tggates-pathological-images/LATEST/images/acetaminophen/Liver/28110.svs,0
28125.svs,0,,E0042-G15-P0,E0042-G15-I5,normal,acetaminophen,Middle,0,600,mg/kg,15 day,360,Repeat,Gavage,6,0,0,0,,,,,,42,15,5,Liver,1/1,https://dbarchive.biosciencedbc.jp/data/open-tggates-pathological-images/LATEST/images/acetaminophen/Liver/28125.svs,ftp://ftp.biosciencedbc.jp/archive/open-tggates-pathological-images/LATEST/images/acetaminophen/Liver/28125.svs,0
28128.svs,0,,E0042-G16-P0,E0042-G16-I1,normal,acetaminophen,Middle,0,600,mg/kg,29 day,696,Repeat,Gavage,6,0,0,0,,,,,,42,16,1,Liver,1/1,https://dbarchive.biosciencedbc.jp/data/open-tggates-pathological-images/LATEST/images/acetaminophen/Liver/28128.svs,ftp://ftp.biosciencedbc.jp/archive/open-tggates-pathological-images/LATEST/images/acetaminophen/Liver/28128.svs,0
28132.svs,1,,E0042-G16-P0,E0042-G16-I2,abnormal,acetaminophen,Middle,0,600,mg/kg,29 day,696,Repeat,Gavage,6,1,1,0,minimal,Ground glass appearance,Centrilobular,minimal,false,42,16,2,Liver,1/1,https://dbarchive.biosciencedbc.jp/data/open-tggates-pathological-images/LATEST/images/acetaminophen/Liver/28132.svs,ftp://ftp.biosciencedbc.jp/archive/open-tggates-pathological-images/LATEST/images/acetaminophen/Liver/28132.svs,0
28140.svs,1,,E0042-G16-P1,E0042-G16-I4,abnormal,acetaminophen,Middle,0,600,mg/kg,29 day,696,Repeat,Gavage,6,1,1,0,minimal,Ground glass appearance,Centrilobular,minimal,false,42,16,4,Liver,1/1,https://dbarchive.biosciencedbc.jp/data/open-tggates-pathological-images/LATEST/images/acetaminophen/Liver/28140.svs,ftp://ftp.biosciencedbc.jp/archive/open-tggates-pathological-images/LATEST/images/acetaminophen/Liver/28140.svs,0
70387.svs,0,,E0042-G16-P1,E0042-G16-I5,normal,acetaminophen,Middle,0,600,mg/kg,29 day,696,Repeat,Gavage,6,0,0,0,,,,,,42,16,5,Liver,1/1,https://dbarchive.biosciencedbc.jp/data/open-tggates-pathological-images/LATEST/images/acetaminophen/Liver/70387.svs,ftp://ftp.biosciencedbc.jp/archive/open-tggates-pathological-images/LATEST/images/acetaminophen/Liver/70387.svs,0
28146.svs,0,,E0042-G17-P0,E0042-G17-I1,normal,acetaminophen,High,0,1000,mg/kg,4 day,96,Repeat,Gavage,6,0,0,0,,,,,,42,17,1,Liver,1/1,https://dbarchive.biosciencedbc.jp/data/open-tggates-pathological-images/LATEST/images/acetaminophen/Liver/28146.svs,ftp://ftp.biosciencedbc.jp/archive/open-tggates-pathological-images/LATEST/images/acetaminophen/Liver/28146.svs,0
28150.svs,1,,E0042-G17-P0,E0042-G17-I2,abnormal,acetaminophen,High,0,1000,mg/kg,4 day,96,Repeat,Gavage,6,4,4,0,slight,"Cellular infiltration; Change, eosinophilic; Increased mitosis; Necrosis",Centrilobular; Centrilobular; Centrilobular; Centrilobular,minimal; slight; minimal; minimal,false; false; false; false,42,17,2,Liver,1/1,https://dbarchive.biosciencedbc.jp/data/open-tggates-pathological-images/LATEST/images/acetaminophen/Liver/28150.svs,ftp://ftp.biosciencedbc.jp/archive/open-tggates-pathological-images/LATEST/images/acetaminophen/Liver/28150.svs,0
28164.svs,0,,E0042-G18-P0,E0042-G18-I1,normal,acetaminophen,High,0,1000,mg/kg,8 day,192,Repeat,Gavage,6,0,0,0,,,,,,42,18,1,Liver,1/1,https://dbarchive.biosciencedbc.jp/data/open-tggates-pathological-images/LATEST/images/acetaminophen/Liver/28164.svs,ftp://ftp.biosciencedbc.jp/archive/open-tggates-pathological-images/LATEST/images/acetaminophen/Liver/28164.svs,0
28168.svs,0,,E0042-G18-P1,E0042-G18-I2,normal,acetaminophen,High,0,1000,mg/kg,8 day,192,Repeat,Gavage,6,0,0,0,,,,,,42,18,2,Liver,1/1,https://dbarchive.biosciencedbc.jp/data/open-tggates-pathological-images/LATEST/images/acetaminophen/Liver/28168.svs,ftp://ftp.biosciencedbc.jp/archive/open-tggates-pathological-images/LATEST/images/acetaminophen/Liver/28168.svs,0
28174.svs,1,,E0042-G18-P0,E0042-G18-I4,abnormal,acetaminophen,High,0,1000,mg/kg,8 day,192,Repeat,Gavage,6,2,2,0,minimal,Cellular infiltration; Necrosis,Centrilobular; Centrilobular,minimal; minimal,false; false,42,18,4,Liver,1/1,https://dbarchive.biosciencedbc.jp/data/open-tggates-pathological-images/LATEST/images/acetaminophen/Liver/28174.svs,ftp://ftp.biosciencedbc.jp/archive/open-tggates-pathological-images/LATEST/images/acetaminophen/Liver/28174.svs,0
28178.svs,1,,E0042-G18-P1,E0042-G18-I5,abnormal,acetaminophen,High,0,1000,mg/kg,8 day,192,Repeat,Gavage,6,1,1,0,minimal,Cellular infiltration,Centrilobular,minimal,false,42,18,5,Liver,1/1,https://dbarchive.biosciencedbc.jp/data/open-tggates-pathological-images/LATEST/images/acetaminophen/Liver/28178.svs,ftp://ftp.biosciencedbc.jp/archive/open-tggates-pathological-images/LATEST/images/acetaminophen/Liver/28178.svs,0
28199.svs,1,,E0042-G20-P0,E0042-G20-I1,abnormal,acetaminophen,High,0,1000,mg/kg,29 day,696,Repeat,Gavage,6,2,2,0,minimal,Ground glass appearance; Swelling,Centrilobular; Centrilobular,minimal; minimal,false; false,42,20,1,Liver,1/1,https://dbarchive.biosciencedbc.jp/data/open-tggates-pathological-images/LATEST/images/acetaminophen/Liver/28199.svs,ftp://ftp.biosciencedbc.jp/archive/open-tggates-pathological-images/LATEST/images/acetaminophen/Liver/28199.svs,0
28214.svs,0,,E0042-G20-P0,E0042-G20-I5,normal,acetaminophen,High,0,1000,mg/kg,29 day,696,Repeat,Gavage,6,0,0,0,,,,,,42,20,5,Liver,1/1,https://dbarchive.biosciencedbc.jp/data/open-tggates-pathological-images/LATEST/images/acetaminophen/Liver/28214.svs,ftp://ftp.biosciencedbc.jp/archive/open-tggates-pathological-images/LATEST/images/acetaminophen/Liver/28214.svs,0
25998.svs,0,,E0066-G17-P0,E0066-G17-I1,normal,carbon tetrachloride,Middle,0,100,mg/kg,6 hr,6,Single,Gavage,6,0,0,0,,,,,,66,17,1,Liver,1/1,https://dbarchive.biosciencedbc.jp/data/open-tggates-pathological-images/LATEST/images/carbon_tetrachloride/Liver/25998.svs,ftp://ftp.biosciencedbc.jp/archive/open-tggates-pathological-images/LATEST/images/carbon_tetrachloride/Liver/25998.svs,0
26001.svs,1,,E0066-G17-P0,E0066-G17-I2,abnormal,carbon tetrachloride,Middle,0,100,mg/kg,6 hr,6,Single,Gavage,6,1,1,0,minimal,"Degeneration, hydropic",Centrilobular,minimal,false,66,17,2,Liver,1/1,https://dbarchive.biosciencedbc.jp/data/open-tggates-pathological-images/LATEST/images/carbon_tetrachloride/Liver/26001.svs,ftp://ftp.biosciencedbc.jp/archive/open-tggates-pathological-images/LATEST/images/carbon_tetrachloride/Liver/26001.svs,0
26003.svs,0,,E0066-G17-P1,E0066-G17-I3,normal,carbon tetrachloride,Middle,0,100,mg/kg,6 hr,6,Single,Gavage,6,0,0,0,,,,,,66,17,3,Liver,1/1,https://dbarchive.biosciencedbc.jp/data/open-tggates-pathological-images/LATEST/images/carbon_tetrachloride/Liver/26003.svs,ftp://ftp.biosciencedbc.jp/archive/open-tggates-pathological-images/LATEST/images/carbon_tetrachloride/Liver/26003.svs,0
26006.svs,1,,E0066-G17-P1,E0066-G17-I4,abnormal,carbon tetrachloride,Middle,0,100,mg/kg,6 hr,6,Single,Gavage,6,1,1,0,minimal,"Degeneration, hydropic",Centrilobular,minimal,false,66,17,4,Liver,1/1,https://dbarchive.biosciencedbc.jp/data/open-tggates-pathological-images/LATEST/images/carbon_tetrachloride/Liver/26006.svs,ftp://ftp.biosciencedbc.jp/archive/open-tggates-pathological-images/LATEST/images/carbon_tetrachloride/Liver/26006.svs,0
26124.svs,1,,E0066-G19-P0,E0066-G19-I1,abnormal,carbon tetrachloride,Middle,0,100,mg/kg,24 hr,24,Single,Gavage,6,1,1,0,minimal,"Degeneration, fatty",Centrilobular,minimal,false,66,19,1,Liver,1/1,https://dbarchive.biosciencedbc.jp/data/open-tggates-pathological-images/LATEST/images/carbon_tetrachloride/Liver/26124.svs,ftp://ftp.biosciencedbc.jp/archive/open-tggates-pathological-images/LATEST/images/carbon_tetrachloride/Liver/26124.svs,0
26126.svs,0,,E0066-G19-P0,E0066-G19-I2,normal,carbon tetrachloride,Middle,0,100,mg/kg,24 hr,24,Single,Gavage,6,0,0,0,,,,,,66,19,2,Liver,1/1,https://dbarchive.biosciencedbc.jp/data/open-tggates-pathological-images/LATEST/images/carbon_tetrachloride/Liver/26126.svs,ftp://ftp.biosciencedbc.jp/archive/open-tggates-pathological-images/LATEST/images/carbon_tetrachloride/Liver/26126.svs,0
26129.svs,1,,E0066-G19-P1,E0066-G19-I3,abnormal,carbon tetrachloride,Middle,0,100,mg/kg,24 hr,24,Single,Gavage,6,1,1,0,minimal,"Degeneration, fatty",Centrilobular,minimal,false,66,19,3,Liver,1/1,https://dbarchive.biosciencedbc.jp/data/open-tggates-pathological-images/LATEST/images/carbon_tetrachloride/Liver/26129.svs,ftp://ftp.biosciencedbc.jp/archive/open-tggates-pathological-images/LATEST/images/carbon_tetrachloride/Liver/26129.svs,0
26131.svs,0,,E0066-G19-P1,E0066-G19-I4,normal,carbon tetrachloride,Middle,0,100,mg/kg,24 hr,24,Single,Gavage,6,0,0,0,,,,,,66,19,4,Liver,1/1,https://dbarchive.biosciencedbc.jp/data/open-tggates-pathological-images/LATEST/images/carbon_tetrachloride/Liver/26131.svs,ftp://ftp.biosciencedbc.jp/archive/open-tggates-pathological-images/LATEST/images/carbon_tetrachloride/Liver/26131.svs,0
25958.svs,0,,E0066-G21-P0,E0066-G21-I1,normal,carbon tetrachloride,High,0,300,mg/kg,3 hr,3,Single,Gavage,6,0,0,0,,,,,,66,21,1,Liver,1/1,https://dbarchive.biosciencedbc.jp/data/open-tggates-pathological-images/LATEST/images/carbon_tetrachloride/Liver/25958.svs,ftp://ftp.biosciencedbc.jp/archive/open-tggates-pathological-images/LATEST/images/carbon_tetrachloride/Liver/25958.svs,0
25961.svs,1,,E0066-G21-P0,E0066-G21-I2,abnormal,carbon tetrachloride,High,0,300,mg/kg,3 hr,3,Single,Gavage,6,1,1,0,slight,"Degeneration, hydropic",Centrilobular,slight,false,66,21,2,Liver,1/1,https://dbarchive.biosciencedbc.jp/data/open-tggates-pathological-images/LATEST/images/carbon_tetrachloride/Liver/25961.svs,ftp://ftp.biosciencedbc.jp/archive/open-tggates-pathological-images/LATEST/images/carbon_tetrachloride/Liver/25961.svs,0
25962.svs,1,,E0066-G21-P1,E0066-G21-I3,abnormal,carbon tetrachloride,High,0,300,mg/kg,3 hr,3,Single,Gavage,6,1,1,0,minimal,"Degeneration, hydropic",Centrilobular,minimal,false,66,21,3,Liver,1/1,https://dbarchive.biosciencedbc.jp/data/open-tggates-pathological-images/LATEST/images/carbon_tetrachloride/Liver/25962.svs,ftp://ftp.biosciencedbc.jp/archive/open-tggates-pathological-images/LATEST/images/carbon_tetrachloride/Liver/25962.svs,0
25966.svs,0,,E0066-G21-P1,E0066-G21-I5,normal,carbon tetrachloride,High,0,300,mg/kg,3 hr,3,Single,Gavage,6,0,0,0,,,,,,66,21,5,Liver,1/1,https://dbarchive.biosciencedbc.jp/data/open-tggates-pathological-images/LATEST/images/carbon_tetrachloride/Liver/25966.svs,ftp://ftp.biosciencedbc.jp/archive/open-tggates-pathological-images/LATEST/images/carbon_tetrachloride/Liver/25966.svs,0
26011.svs,1,,E0066-G22-P0,E0066-G22-I1,abnormal,carbon tetrachloride,High,0,300,mg/kg,6 hr,6,Single,Gavage,6,2,2,0,minimal,"Cellular infiltration; Degeneration, hydropic",Centrilobular; Centrilobular,minimal; minimal,false; false,66,22,1,Liver,1/1,https://dbarchive.biosciencedbc.jp/data/open-tggates-pathological-images/LATEST/images/carbon_tetrachloride/Liver/26011.svs,ftp://ftp.biosciencedbc.jp/archive/open-tggates-pathological-images/LATEST/images/carbon_tetrachloride/Liver/26011.svs,0
26022.svs,0,,E0066-G22-P0,E0066-G22-I5,normal,carbon tetrachloride,High,0,300,mg/kg,6 hr,6,Single,Gavage,6,0,0,0,,,,,,66,22,5,Liver,1/1,https://dbarchive.biosciencedbc.jp/data/open-tggates-pathological-images/LATEST/images/carbon_tetrachloride/Liver/26022.svs,ftp://ftp.biosciencedbc.jp/archive/open-tggates-pathological-images/LATEST/images/carbon_tetrachloride/Liver/26022.svs,0
26074.svs,1,,E0066-G23-P0,E0066-G23-I1,abnormal,carbon tetrachloride,High,0,300,mg/kg,9 hr,9,Single,Gavage,6,1,1,0,minimal,"Degeneration, hydropic",Centrilobular,minimal,false,66,23,1,Liver,1/1,https://dbarchive.biosciencedbc.jp/data/open-tggates-pathological-images/LATEST/images/carbon_tetrachloride/Liver/26074.svs,ftp://ftp.biosciencedbc.jp/archive/open-tggates-pathological-images/LATEST/images/carbon_tetrachloride/Liver/26074.svs,0
26083.svs,0,,E0066-G23-P0,E0066-G23-I5,normal,carbon tetrachloride,High,0,300,mg/kg,9 hr,9,Single,Gavage,6,0,0,0,,,,,,66,23,5,Liver,1/1,https://dbarchive.biosciencedbc.jp/data/open-tggates-pathological-images/LATEST/images/carbon_tetrachloride/Liver/26083.svs,ftp://ftp.biosciencedbc.jp/archive/open-tggates-pathological-images/LATEST/images/carbon_tetrachloride/Liver/26083.svs,0
25607.svs,0,,E0093-G09-P0,E0093-G09-I1,normal,phenobarbital,Middle,0,30,mg/kg,4 day,96,Repeat,Gavage,6,0,0,0,,,,,,93,9,1,Liver,1/1,https://dbarchive.biosciencedbc.jp/data/open-tggates-pathological-images/LATEST/images/phenobarbital/Liver/25607.svs,ftp://ftp.biosciencedbc.jp/archive/open-tggates-pathological-images/LATEST/images/phenobarbital/Liver/25607.svs,0
25609.svs,1,,E0093-G09-P0,E0093-G09-I2,abnormal,phenobarbital,Middle,0,30,mg/kg,4 day,96,Repeat,Gavage,6,1,1,0,minimal,Hypertrophy,Centrilobular,minimal,false,93,9,2,Liver,1/1,https://dbarchive.biosciencedbc.jp/data/open-tggates-pathological-images/LATEST/images/phenobarbital/Liver/25609.svs,ftp://ftp.biosciencedbc.jp/archive/open-tggates-pathological-images/LATEST/images/phenobarbital/Liver/25609.svs,0
25611.svs,0,,E0093-G09-P1,E0093-G09-I3,normal,phenobarbital,Middle,0,30,mg/kg,4 day,96,Repeat,Gavage,6,0,0,0,,,,,,93,9,3,Liver,1/1,https://dbarchive.biosciencedbc.jp/data/open-tggates-pathological-images/LATEST/images/phenobarbital/Liver/25611.svs,ftp://ftp.biosciencedbc.jp/archive/open-tggates-pathological-images/LATEST/images/phenobarbital/Liver/25611.svs,0
25613.svs,1,,E0093-G09-P1,E0093-G09-I4,abnormal,phenobarbital,Middle,0,30,mg/kg,4 day,96,Repeat,Gavage,6,1,1,0,slight,Increased mitosis,-,slight,false,93,9,4,Liver,1/1,https://dbarchive.biosciencedbc.jp/data/open-tggates-pathological-images/LATEST/images/phenobarbital/Liver/25613.svs,ftp://ftp.biosciencedbc.jp/archive/open-tggates-pathological-images/LATEST/images/phenobarbital/Liver/25613.svs,0
4103.svs,0,,E0094-G11-P0,E0094-G11-I1,normal,rifampicin,Middle,0,60,mg/kg,9 hr,9,Single,Gavage,6,0,0,0,,,,,,94,11,1,Liver,1/1,https://dbarchive.biosciencedbc.jp/data/open-tggates-pathological-images/LATEST/images/rifampicin/Liver/4103.svs,ftp://ftp.biosciencedbc.jp/archive/open-tggates-pathological-images/LATEST/images/rifampicin/Liver/4103.svs,0
4106.svs,1,,E0094-G11-P0,E0094-G11-I4,abnormal,rifampicin,Middle,0,60,mg/kg,9 hr,9,Single,Gavage,6,1,1,0,minimal,"Vacuolization, cytoplasmic",Midlobular,minimal,false,94,11,4,Liver,1/1,https://dbarchive.biosciencedbc.jp/data/open-tggates-pathological-images/LATEST/images/rifampicin/Liver/4106.svs,ftp://ftp.biosciencedbc.jp/archive/open-tggates-pathological-images/LATEST/images/rifampicin/Liver/4106.svs,0
4123.svs,1,,E0094-G15-P0,E0094-G15-I1,abnormal,rifampicin,High,0,200,mg/kg,9 hr,9,Single,Gavage,6,1,1,0,minimal,"Vacuolization, cytoplasmic",Midlobular,minimal,false,94,15,1,Liver,1/1,https://dbarchive.biosciencedbc.jp/data/open-tggates-pathological-images/LATEST/images/rifampicin/Liver/4123.svs,ftp://ftp.biosciencedbc.jp/archive/open-tggates-pathological-images/LATEST/images/rifampicin/Liver/4123.svs,0
4125.svs,0,,E0094-G15-P0,E0094-G15-I3,normal,rifampicin,High,0,200,mg/kg,9 hr,9,Single,Gavage,6,0,0,0,,,,,,94,15,3,Liver,1/1,https://dbarchive.biosciencedbc.jp/data/open-tggates-pathological-images/LATEST/images/rifampicin/Liver/4125.svs,ftp://ftp.biosciencedbc.jp/archive/open-tggates-pathological-images/LATEST/images/rifampicin/Liver/4125.svs,0
4128.svs,1,,E0094-G16-P0,E0094-G16-I1,abnormal,rifampicin,High,0,200,mg/kg,24 hr,24,Single,Gavage,6,1,1,0,minimal,"Vacuolization, cytoplasmic",Midlobular,minimal,false,94,16,1,Liver,1/1,https://dbarchive.biosciencedbc.jp/data/open-tggates-pathological-images/LATEST/images/rifampicin/Liver/4128.svs,ftp://ftp.biosciencedbc.jp/archive/open-tggates-pathological-images/LATEST/images/rifampicin/Liver/4128.svs,0
4129.svs,1,,E0094-G16-P1,E0094-G16-I2,abnormal,rifampicin,High,0,200,mg/kg,24 hr,24,Single,Gavage,6,1,1,0,minimal,"Vacuolization, cytoplasmic",Midlobular,minimal,false,94,16,2,Liver,1/1,https://dbarchive.biosciencedbc.jp/data/open-tggates-pathological-images/LATEST/images/rifampicin/Liver/4129.svs,ftp://ftp.biosciencedbc.jp/archive/open-tggates-pathological-images/LATEST/images/rifampicin/Liver/4129.svs,0
4131.svs,0,,E0094-G16-P0,E0094-G16-I4,normal,rifampicin,High,0,200,mg/kg,24 hr,24,Single,Gavage,6,0,0,0,,,,,,94,16,4,Liver,1/1,https://dbarchive.biosciencedbc.jp/data/open-tggates-pathological-images/LATEST/images/rifampicin/Liver/4131.svs,ftp://ftp.biosciencedbc.jp/archive/open-tggates-pathological-images/LATEST/images/rifampicin/Liver/4131.svs,0
4132.svs,0,,E0094-G16-P1,E0094-G16-I5,normal,rifampicin,High,0,200,mg/kg,24 hr,24,Single,Gavage,6,0,0,0,,,,,,94,16,5,Liver,1/1,https://dbarchive.biosciencedbc.jp/data/open-tggates-pathological-images/LATEST/images/rifampicin/Liver/4132.svs,ftp://ftp.biosciencedbc.jp/archive/open-tggates-pathological-images/LATEST/images/rifampicin/Liver/4132.svs,0
25970.svs,0,,E0095-G15-P0,E0095-G15-I1,normal,rifampicin,High,0,200,mg/kg,15 day,360,Repeat,Gavage,6,0,0,0,,,,,,95,15,1,Liver,1/1,https://dbarchive.biosciencedbc.jp/data/open-tggates-pathological-images/LATEST/images/rifampicin/Liver/25970.svs,ftp://ftp.biosciencedbc.jp/archive/open-tggates-pathological-images/LATEST/images/rifampicin/Liver/25970.svs,0
25975.svs,1,,E0095-G15-P0,E0095-G15-I3,abnormal,rifampicin,High,0,200,mg/kg,15 day,360,Repeat,Gavage,6,1,1,0,minimal,Hypertrophy,Centrilobular,minimal,false,95,15,3,Liver,1/1,https://dbarchive.biosciencedbc.jp/data/open-tggates-pathological-images/LATEST/images/rifampicin/Liver/25975.svs,ftp://ftp.biosciencedbc.jp/archive/open-tggates-pathological-images/LATEST/images/rifampicin/Liver/25975.svs,0
26553.svs,1,,E0097-G11-P0,E0097-G11-I1,abnormal,phenylbutazone,Middle,0,60,mg/kg,15 day,360,Repeat,Gavage,6,1,1,0,minimal,Hypertrophy,Centrilobular,minimal,false,97,11,1,Liver,1/1,https://dbarchive.biosciencedbc.jp/data/open-tggates-pathological-images/LATEST/images/phenylbutazone/Liver/26553.svs,ftp://ftp.biosciencedbc.jp/archive/open-tggates-pathological-images/LATEST/images/phenylbutazone/Liver/26553.svs,0
26555.svs,0,,E0097-G11-P0,E0097-G11-I2,normal,phenylbutazone,Middle,0,60,mg/kg,15 day,360,Repeat,Gavage,6,0,0,0,,,,,,97,11,2,Liver,1/1,https://dbarchive.biosciencedbc.jp/data/open-tggates-pathological-images/LATEST/images/phenylbutazone/Liver/26555.svs,ftp://ftp.biosciencedbc.jp/archive/open-tggates-pathological-images/LATEST/images/phenylbutazone/Liver/26555.svs,0
26557.svs,1,,E0097-G11-P1,E0097-G11-I3,abnormal,phenylbutazone,Middle,0,60,mg/kg,15 day,360,Repeat,Gavage,6,1,1,0,minimal,Hypertrophy,Centrilobular,minimal,false,97,11,3,Liver,1/1,https://dbarchive.biosciencedbc.jp/data/open-tggates-pathological-images/LATEST/images/phenylbutazone/Liver/26557.svs,ftp://ftp.biosciencedbc.jp/archive/open-tggates-pathological-images/LATEST/images/phenylbutazone/Liver/26557.svs,0
26558.svs,0,,E0097-G11-P1,E0097-G11-I4,normal,phenylbutazone,Middle,0,60,mg/kg,15 day,360,Repeat,Gavage,6,0,0,0,,,,,,97,11,4,Liver,1/1,https://dbarchive.biosciencedbc.jp/data/open-tggates-pathological-images/LATEST/images/phenylbutazone/Liver/26558.svs,ftp://ftp.biosciencedbc.jp/archive/open-tggates-pathological-images/LATEST/images/phenylbutazone/Liver/26558.svs,0
26562.svs,1,,E0097-G12-P0,E0097-G12-I1,abnormal,phenylbutazone,Middle,0,60,mg/kg,29 day,696,Repeat,Gavage,6,1,1,0,minimal,Hypertrophy,Centrilobular,minimal,false,97,12,1,Liver,1/1,https://dbarchive.biosciencedbc.jp/data/open-tggates-pathological-images/LATEST/images/phenylbutazone/Liver/26562.svs,ftp://ftp.biosciencedbc.jp/archive/open-tggates-pathological-images/LATEST/images/phenylbutazone/Liver/26562.svs,0
26565.svs,0,,E0097-G12-P0,E0097-G12-I2,normal,phenylbutazone,Middle,0,60,mg/kg,29 day,696,Repeat,Gavage,6,0,0,0,,,,,,97,12,2,Liver,1/1,https://dbarchive.biosciencedbc.jp/data/open-tggates-pathological-images/LATEST/images/phenylbutazone/Liver/26565.svs,ftp://ftp.biosciencedbc.jp/archive/open-tggates-pathological-images/LATEST/images/phenylbutazone/Liver/26565.svs,0
26583.svs,1,,E0097-G14-P0,E0097-G14-I1,abnormal,phenylbutazone,High,0,200,mg/kg,8 day,192,Repeat,Gavage,6,1,1,0,minimal,Hypertrophy,Centrilobular,minimal,false,97,14,1,Liver,1/1,https://dbarchive.biosciencedbc.jp/data/open-tggates-pathological-images/LATEST/images/phenylbutazone/Liver/26583.svs,ftp://ftp.biosciencedbc.jp/archive/open-tggates-pathological-images/LATEST/images/phenylbutazone/Liver/26583.svs,0
26585.svs,0,,E0097-G14-P0,E0097-G14-I2,normal,phenylbutazone,High,0,200,mg/kg,8 day,192,Repeat,Gavage,6,0,0,0,,,,,,97,14,2,Liver,1/1,https://dbarchive.biosciencedbc.jp/data/open-tggates-pathological-images/LATEST/images/phenylbutazone/Liver/26585.svs,ftp://ftp.biosciencedbc.jp/archive/open-tggates-pathological-images/LATEST/images/phenylbutazone/Liver/26585.svs,0
26587.svs,1,,E0097-G14-P1,E0097-G14-I3,abnormal,phenylbutazone,High,0,200,mg/kg,8 day,192,Repeat,Gavage,6,1,1,0,minimal,Hypertrophy,Centrilobular,minimal,false,97,14,3,Liver,1/1,https://dbarchive.biosciencedbc.jp/data/open-tggates-pathological-images/LATEST/images/phenylbutazone/Liver/26587.svs,ftp://ftp.biosciencedbc.jp/archive/open-tggates-pathological-images/LATEST/images/phenylbutazone/Liver/26587.svs,0
26589.svs,0,,E0097-G14-P1,E0097-G14-I4,normal,phenylbutazone,High,0,200,mg/kg,8 day,192,Repeat,Gavage,6,0,0,0,,,,,,97,14,4,Liver,1/1,https://dbarchive.biosciencedbc.jp/data/open-tggates-pathological-images/LATEST/images/phenylbutazone/Liver/26589.svs,ftp://ftp.biosciencedbc.jp/archive/open-tggates-pathological-images/LATEST/images/phenylbutazone/Liver/26589.svs,0
26593.svs,1,,E0097-G15-P0,E0097-G15-I1,abnormal,phenylbutazone,High,0,200,mg/kg,15 day,360,Repeat,Gavage,6,1,1,0,minimal,Hypertrophy,Centrilobular,minimal,false,97,15,1,Liver,1/1,https://dbarchive.biosciencedbc.jp/data/open-tggates-pathological-images/LATEST/images/phenylbutazone/Liver/26593.svs,ftp://ftp.biosciencedbc.jp/archive/open-tggates-pathological-images/LATEST/images/phenylbutazone/Liver/26593.svs,0
26600.svs,0,,E0097-G15-P0,E0097-G15-I5,normal,phenylbutazone,High,0,200,mg/kg,15 day,360,Repeat,Gavage,6,0,0,0,,,,,,97,15,5,Liver,1/1,https://dbarchive.biosciencedbc.jp/data/open-tggates-pathological-images/LATEST/images/phenylbutazone/Liver/26600.svs,ftp://ftp.biosciencedbc.jp/archive/open-tggates-pathological-images/LATEST/images/phenylbutazone/Liver/26600.svs,0
4405.svs,0,,E0102-G10-P0,E0102-G10-I1,normal,allyl alcohol,Middle,0,10,mg/kg,6 hr,6,Single,Gavage,6,0,0,0,,,,,,102,10,1,Liver,1/1,https://dbarchive.biosciencedbc.jp/data/open-tggates-pathological-images/LATEST/images/allyl_alcohol/Liver/4405.svs,ftp://ftp.biosciencedbc.jp/archive/open-tggates-pathological-images/LATEST/images/allyl_alcohol/Liver/4405.svs,0
4406.svs,1,,E0102-G10-P0,E0102-G10-I2,abnormal,allyl alcohol,Middle,0,10,mg/kg,6 hr,6,Single,Gavage,6,1,1,0,minimal,"Degeneration, acidophilic, eosinophilic",Periportal,minimal,false,102,10,2,Liver,1/1,https://dbarchive.biosciencedbc.jp/data/open-tggates-pathological-images/LATEST/images/allyl_alcohol/Liver/4406.svs,ftp://ftp.biosciencedbc.jp/archive/open-tggates-pathological-images/LATEST/images/allyl_alcohol/Liver/4406.svs,0
4407.svs,1,,E0102-G10-P1,E0102-G10-I3,abnormal,allyl alcohol,Middle,0,10,mg/kg,6 hr,6,Single,Gavage,6,1,1,0,minimal,"Degeneration, acidophilic, eosinophilic",Periportal,minimal,false,102,10,3,Liver,1/1,https://dbarchive.biosciencedbc.jp/data/open-tggates-pathological-images/LATEST/images/allyl_alcohol/Liver/4407.svs,ftp://ftp.biosciencedbc.jp/archive/open-tggates-pathological-images/LATEST/images/allyl_alcohol/Liver/4407.svs,0
4408.svs,0,,E0102-G10-P1,E0102-G10-I4,normal,allyl alcohol,Middle,0,10,mg/kg,6 hr,6,Single,Gavage,6,0,0,0,,,,,,102,10,4,Liver,1/1,https://dbarchive.biosciencedbc.jp/data/open-tggates-pathological-images/LATEST/images/allyl_alcohol/Liver/4408.svs,ftp://ftp.biosciencedbc.jp/archive/open-tggates-pathological-images/LATEST/images/allyl_alcohol/Liver/4408.svs,0
70450.svs,0,,E0102-G13-P0,E0102-G13-I1,normal,allyl alcohol,High,0,30,mg/kg,3 hr,3,Single,Gavage,6,0,0,0,,,,,,102,13,1,Liver,1/1,https://dbarchive.biosciencedbc.jp/data/open-tggates-pathological-images/LATEST/images/allyl_alcohol/Liver/70450.svs,ftp://ftp.biosciencedbc.jp/archive/open-tggates-pathological-images/LATEST/images/allyl_alcohol/Liver/70450.svs,0
4390.svs,1,,E0102-G13-P0,E0102-G13-I2,abnormal,allyl alcohol,High,0,30,mg/kg,3 hr,3,Single,Gavage,6,2,2,0,minimal,"Degeneration, acidophilic, eosinophilic; Necrosis",Periportal; Periportal,minimal; minimal,false; false,102,13,2,Liver,1/1,https://dbarchive.biosciencedbc.jp/data/open-tggates-pathological-images/LATEST/images/allyl_alcohol/Liver/4390.svs,ftp://ftp.biosciencedbc.jp/archive/open-tggates-pathological-images/LATEST/images/allyl_alcohol/Liver/4390.svs,0
4410.svs,1,,E0102-G14-P0,E0102-G14-I1,abnormal,allyl alcohol,High,0,30,mg/kg,6 hr,6,Single,Gavage,6,1,1,0,minimal,"Degeneration, acidophilic, eosinophilic",Periportal,minimal,false,102,14,1,Liver,1/1,https://dbarchive.biosciencedbc.jp/data/open-tggates-pathological-images/LATEST/images/allyl_alcohol/Liver/4410.svs,ftp://ftp.biosciencedbc.jp/archive/open-tggates-pathological-images/LATEST/images/allyl_alcohol/Liver/4410.svs,0
70452.svs,1,,E0102-G14-P1,E0102-G14-I3,abnormal,allyl alcohol,High,0,30,mg/kg,6 hr,6,Single,Gavage,6,2,2,0,slight,"Degeneration, acidophilic, eosinophilic; Necrosis",Periportal; Periportal,slight; slight,false; false,102,14,3,Liver,1/1,https://dbarchive.biosciencedbc.jp/data/open-tggates-pathological-images/LATEST/images/allyl_alcohol/Liver/70452.svs,ftp://ftp.biosciencedbc.jp/archive/open-tggates-pathological-images/LATEST/images/allyl_alcohol/Liver/70452.svs,0
4419.svs,0,,E0102-G14-P0,E0102-G14-I4,normal,allyl alcohol,High,0,30,mg/kg,6 hr,6,Single,Gavage,6,0,0,0,,,,,,102,14,4,Liver,1/1,https://dbarchive.biosciencedbc.jp/data/open-tggates-pathological-images/LATEST/images/allyl_alcohol/Liver/4419.svs,ftp://ftp.biosciencedbc.jp/archive/open-tggates-pathological-images/LATEST/images/allyl_alcohol/Liver/4419.svs,0
4420.svs,0,,E0102-G14-P1,E0102-G14-I5,normal,allyl alcohol,High,0,30,mg/kg,6 hr,6,Single,Gavage,6,0,0,0,,,,,,102,14,5,Liver,1/1,https://dbarchive.biosciencedbc.jp/data/open-tggates-pathological-images/LATEST/images/allyl_alcohol/Liver/4420.svs,ftp://ftp.biosciencedbc.jp/archive/open-tggates-pathological-images/LATEST/images/allyl_alcohol/Liver/4420.svs,0
4437.svs,1,,E0102-G15-P0,E0102-G15-I1,abnormal,allyl alcohol,High,0,30,mg/kg,9 hr,9,Single,Gavage,6,3,2,1,minimal,"Cellular infiltration; Cellular infiltration; Degeneration, acidophilic, eosinophilic",-; Periportal; Periportal,minimal; minimal; minimal,true; false; false,102,15,1,Liver,1/1,https://dbarchive.biosciencedbc.jp/data/open-tggates-pathological-images/LATEST/images/allyl_alcohol/Liver/4437.svs,ftp://ftp.biosciencedbc.jp/archive/open-tggates-pathological-images/LATEST/images/allyl_alcohol/Liver/4437.svs,0
4438.svs,1,,E0102-G15-P1,E0102-G15-I2,abnormal,allyl alcohol,High,0,30,mg/kg,9 hr,9,Single,Gavage,6,1,1,0,minimal,Cellular infiltration,Periportal,minimal,false,102,15,2,Liver,1/1,https://dbarchive.biosciencedbc.jp/data/open-tggates-pathological-images/LATEST/images/allyl_alcohol/Liver/4438.svs,ftp://ftp.biosciencedbc.jp/archive/open-tggates-pathological-images/LATEST/images/allyl_alcohol/Liver/4438.svs,0
4439.svs,0,,E0102-G15-P0,E0102-G15-I3,normal,allyl alcohol,High,0,30,mg/kg,9 hr,9,Single,Gavage,6,0,0,0,,,,,,102,15,3,Liver,1/1,https://dbarchive.biosciencedbc.jp/data/open-tggates-pathological-images/LATEST/images/allyl_alcohol/Liver/4439.svs,ftp://ftp.biosciencedbc.jp/archive/open-tggates-pathological-images/LATEST/images/allyl_alcohol/Liver/4439.svs,0
4440.svs,0,,E0102-G15-P1,E0102-G15-I4,normal,allyl alcohol,High,0,30,mg/kg,9 hr,9,Single,Gavage,6,0,0,0,,,,,,102,15,4,Liver,1/1,https://dbarchive.biosciencedbc.jp/data/open-tggates-pathological-images/LATEST/images/allyl_alcohol/Liver/4440.svs,ftp://ftp.biosciencedbc.jp/archive/open-tggates-pathological-images/LATEST/images/allyl_alcohol/Liver/4440.svs,0
4457.svs,1,,E0102-G16-P0,E0102-G16-I1,abnormal,allyl alcohol,High,0,30,mg/kg,24 hr,24,Single,Gavage,6,2,1,1,minimal,"Degeneration, acidophilic, eosinophilic; Necrosis",Periportal; -,minimal; minimal,false; true,102,16,1,Liver,1/1,https://dbarchive.biosciencedbc.jp/data/open-tggates-pathological-images/LATEST/images/allyl_alcohol/Liver/4457.svs,ftp://ftp.biosciencedbc.jp/archive/open-tggates-pathological-images/LATEST/images/allyl_alcohol/Liver/4457.svs,0
4458.svs,0,,E0102-G16-P0,E0102-G16-I2,normal,allyl alcohol,High,0,30,mg/kg,24 hr,24,Single,Gavage,6,0,0,0,,,,,,102,16,2,Liver,1/1,https://dbarchive.biosciencedbc.jp/data/open-tggates-pathological-images/LATEST/images/allyl_alcohol/Liver/4458.svs,ftp://ftp.biosciencedbc.jp/archive/open-tggates-pathological-images/LATEST/images/allyl_alcohol/Liver/4458.svs,0
4459.svs,1,,E0102-G16-P1,E0102-G16-I3,abnormal,allyl alcohol,High,0,30,mg/kg,24 hr,24,Single,Gavage,6,1,1,0,minimal,"Degeneration, acidophilic, eosinophilic",Periportal,minimal,false,102,16,3,Liver,1/1,https://dbarchive.biosciencedbc.jp/data/open-tggates-pathological-images/LATEST/images/allyl_alcohol/Liver/4459.svs,ftp://ftp.biosciencedbc.jp/archive/open-tggates-pathological-images/LATEST/images/allyl_alcohol/Liver/4459.svs,0
4460.svs,0,,E0102-G16-P1,E0102-G16-I4,normal,allyl alcohol,High,0,30,mg/kg,24 hr,24,Single,Gavage,6,0,0,0,,,,,,102,16,4,Liver,1/1,https://dbarchive.biosciencedbc.jp/data/open-tggates-pathological-images/LATEST/images/allyl_alcohol/Liver/4460.svs,ftp://ftp.biosciencedbc.jp/archive/open-tggates-pathological-images/LATEST/images/allyl_alcohol/Liver/4460.svs,0
25612.svs,0,,E0103-G13-P0,E0103-G13-I1,normal,allyl alcohol,High,0,30,mg/kg,4 day,96,Repeat,Gavage,6,0,0,0,,,,,,103,13,1,Liver,1/1,https://dbarchive.biosciencedbc.jp/data/open-tggates-pathological-images/LATEST/images/allyl_alcohol/Liver/25612.svs,ftp://ftp.biosciencedbc.jp/archive/open-tggates-pathological-images/LATEST/images/allyl_alcohol/Liver/25612.svs,0
25614.svs,1,,E0103-G13-P0,E0103-G13-I2,abnormal,allyl alcohol,High,0,30,mg/kg,4 day,96,Repeat,Gavage,6,4,3,1,minimal,"Cellular infiltration; Degeneration, acidophilic, eosinophilic; Necrosis; Necrosis",Periportal; Periportal; -; Periportal,minimal; minimal; minimal; minimal,false; false; true; false,103,13,2,Liver,1/1,https://dbarchive.biosciencedbc.jp/data/open-tggates-pathological-images/LATEST/images/allyl_alcohol/Liver/25614.svs,ftp://ftp.biosciencedbc.jp/archive/open-tggates-pathological-images/LATEST/images/allyl_alcohol/Liver/25614.svs,0
25617.svs,0,,E0103-G13-P1,E0103-G13-I3,normal,allyl alcohol,High,0,30,mg/kg,4 day,96,Repeat,Gavage,6,0,0,0,,,,,,103,13,3,Liver,1/1,https://dbarchive.biosciencedbc.jp/data/open-tggates-pathological-images/LATEST/images/allyl_alcohol/Liver/25617.svs,ftp://ftp.biosciencedbc.jp/archive/open-tggates-pathological-images/LATEST/images/allyl_alcohol/Liver/25617.svs,0
25619.svs,1,,E0103-G13-P1,E0103-G13-I4,abnormal,allyl alcohol,High,0,30,mg/kg,4 day,96,Repeat,Gavage,6,3,3,0,minimal,"Cellular infiltration; Degeneration, acidophilic, eosinophilic; Necrosis",Periportal; Periportal; Periportal,minimal; minimal; minimal,false; false; false,103,13,4,Liver,1/1,https://dbarchive.biosciencedbc.jp/data/open-tggates-pathological-images/LATEST/images/allyl_alcohol/Liver/25619.svs,ftp://ftp.biosciencedbc.jp/archive/open-tggates-pathological-images/LATEST/images/allyl_alcohol/Liver/25619.svs,0
25697.svs,1,,E0103-G15-P0,E0103-G15-I1,abnormal,allyl alcohol,High,0,30,mg/kg,15 day,360,Repeat,Gavage,6,6,6,0,slight,"Accumulation, foam cell; Degeneration, acidophilic, eosinophilic; Deposit, pigment; Fibrosis; Necrosis; Proliferation, bile duct",Periportal; Periportal; Periportal; Periportal; Periportal; Periportal,minimal; minimal; minimal; slight; minimal; minimal,false; false; false; false; false; false,103,15,1,Liver,1/1,https://dbarchive.biosciencedbc.jp/data/open-tggates-pathological-images/LATEST/images/allyl_alcohol/Liver/25697.svs,ftp://ftp.biosciencedbc.jp/archive/open-tggates-pathological-images/LATEST/images/allyl_alcohol/Liver/25697.svs,0
25700.svs,0,,E0103-G15-P0,E0103-G15-I2,normal,allyl alcohol,High,0,30,mg/kg,15 day,360,Repeat,Gavage,6,0,0,0,,,,,,103,15,2,Liver,1/1,https://dbarchive.biosciencedbc.jp/data/open-tggates-pathological-images/LATEST/images/allyl_alcohol/Liver/25700.svs,ftp://ftp.biosciencedbc.jp/archive/open-tggates-pathological-images/LATEST/images/allyl_alcohol/Liver/25700.svs,0
25703.svs,1,,E0103-G15-P1,E0103-G15-I3,abnormal,allyl alcohol,High,0,30,mg/kg,15 day,360,Repeat,Gavage,6,7,7,0,slight,"Accumulation, foam cell; Cellular infiltration; Degeneration, acidophilic, eosinophilic; Deposit, pigment; Fibrosis; Necrosis; Proliferation, bile duct",Periportal; Periportal; Periportal; Periportal; Periportal; Periportal; Periportal,minimal; minimal; minimal; minimal; slight; slight; slight,false; false; false; false; false; false; false,103,15,3,Liver,1/1,https://dbarchive.biosciencedbc.jp/data/open-tggates-pathological-images/LATEST/images/allyl_alcohol/Liver/25703.svs,ftp://ftp.biosciencedbc.jp/archive/open-tggates-pathological-images/LATEST/images/allyl_alcohol/Liver/25703.svs,0
25705.svs,0,,E0103-G15-P1,E0103-G15-I4,normal,allyl alcohol,High,0,30,mg/kg,15 day,360,Repeat,Gavage,6,0,0,0,,,,,,103,15,4,Liver,1/1,https://dbarchive.biosciencedbc.jp/data/open-tggates-pathological-images/LATEST/images/allyl_alcohol/Liver/25705.svs,ftp://ftp.biosciencedbc.jp/archive/open-tggates-pathological-images/LATEST/images/allyl_alcohol/Liver/25705.svs,0
25757.svs,1,,E0103-G16-P0,E0103-G16-I1,abnormal,allyl alcohol,High,0,30,mg/kg,29 day,696,Repeat,Gavage,6,2,2,0,minimal,"Deposit, pigment; Fibrosis",Periportal; Periportal,minimal; minimal,false; false,103,16,1,Liver,1/1,https://dbarchive.biosciencedbc.jp/data/open-tggates-pathological-images/LATEST/images/allyl_alcohol/Liver/25757.svs,ftp://ftp.biosciencedbc.jp/archive/open-tggates-pathological-images/LATEST/images/allyl_alcohol/Liver/25757.svs,0
25760.svs,0,,E0103-G16-P0,E0103-G16-I2,normal,allyl alcohol,High,0,30,mg/kg,29 day,696,Repeat,Gavage,6,0,0,0,,,,,,103,16,2,Liver,1/1,https://dbarchive.biosciencedbc.jp/data/open-tggates-pathological-images/LATEST/images/allyl_alcohol/Liver/25760.svs,ftp://ftp.biosciencedbc.jp/archive/open-tggates-pathological-images/LATEST/images/allyl_alcohol/Liver/25760.svs,0
25763.svs,0,,E0103-G16-P1,E0103-G16-I3,normal,allyl alcohol,High,0,30,mg/kg,29 day,696,Repeat,Gavage,6,0,0,0,,,,,,103,16,3,Liver,1/1,https://dbarchive.biosciencedbc.jp/data/open-tggates-pathological-images/LATEST/images/allyl_alcohol/Liver/25763.svs,ftp://ftp.biosciencedbc.jp/archive/open-tggates-pathological-images/LATEST/images/allyl_alcohol/Liver/25763.svs,0
25766.svs,1,,E0103-G16-P1,E0103-G16-I4,abnormal,allyl alcohol,High,0,30,mg/kg,29 day,696,Repeat,Gavage,6,2,2,0,minimal,"Deposit, pigment; Fibrosis",Periportal; Periportal,minimal; minimal,false; false,103,16,4,Liver,1/1,https://dbarchive.biosciencedbc.jp/data/open-tggates-pathological-images/LATEST/images/allyl_alcohol/Liver/25766.svs,ftp://ftp.biosciencedbc.jp/archive/open-tggates-pathological-images/LATEST/images/allyl_alcohol/Liver/25766.svs,0
27408.svs,1,,E0113-G14-P0,E0113-G14-I1,abnormal,indomethacin,High,0,5,mg/kg,8 day,192,Repeat,Gavage,6,2,2,0,moderate,"Change, basophilic; Inflammation, suppurative",Hepatocyte; Subserosa,moderate; slight,false; false,113,14,1,Liver,1/1,https://dbarchive.biosciencedbc.jp/data/open-tggates-pathological-images/LATEST/images/indomethacin/Liver/27408.svs,ftp://ftp.biosciencedbc.jp/archive/open-tggates-pathological-images/LATEST/images/indomethacin/Liver/27408.svs,0
27410.svs,1,,E0113-G14-P1,E0113-G14-I3,abnormal,indomethacin,High,0,5,mg/kg,8 day,192,Repeat,Gavage,6,2,2,0,moderate,"Change, basophilic; Inflammation, suppurative",Hepatocyte; Subserosa,moderate; slight,false; false,113,14,3,Liver,1/1,https://dbarchive.biosciencedbc.jp/data/open-tggates-pathological-images/LATEST/images/indomethacin/Liver/27410.svs,ftp://ftp.biosciencedbc.jp/archive/open-tggates-pathological-images/LATEST/images/indomethacin/Liver/27410.svs,0
27411.svs,0,,E0113-G14-P0,E0113-G14-I4,normal,indomethacin,High,0,5,mg/kg,8 day,192,Repeat,Gavage,6,0,0,0,,,,,,113,14,4,Liver,1/1,https://dbarchive.biosciencedbc.jp/data/open-tggates-pathological-images/LATEST/images/indomethacin/Liver/27411.svs,ftp://ftp.biosciencedbc.jp/archive/open-tggates-pathological-images/LATEST/images/indomethacin/Liver/27411.svs,0
27413.svs,0,,E0113-G14-P1,E0113-G14-I5,normal,indomethacin,High,0,5,mg/kg,8 day,192,Repeat,Gavage,6,0,0,0,,,,,,113,14,5,Liver,1/1,https://dbarchive.biosciencedbc.jp/data/open-tggates-pathological-images/LATEST/images/indomethacin/Liver/27413.svs,ftp://ftp.biosciencedbc.jp/archive/open-tggates-pathological-images/LATEST/images/indomethacin/Liver/27413.svs,0
27414.svs,1,,E0113-G15-P0,E0113-G15-I1,abnormal,indomethacin,High,0,5,mg/kg,15 day,360,Repeat,Gavage,6,2,2,0,moderate,"Change, basophilic; Inflammation, suppurative",Hepatocyte; Subserosa,moderate; moderate,false; false,113,15,1,Liver,1/1,https://dbarchive.biosciencedbc.jp/data/open-tggates-pathological-images/LATEST/images/indomethacin/Liver/27414.svs,ftp://ftp.biosciencedbc.jp/archive/open-tggates-pathological-images/LATEST/images/indomethacin/Liver/27414.svs,0
27416.svs,0,,E0113-G15-P0,E0113-G15-I4,normal,indomethacin,High,0,5,mg/kg,15 day,360,Repeat,Gavage,6,0,0,0,,,,,,113,15,4,Liver,1/1,https://dbarchive.biosciencedbc.jp/data/open-tggates-pathological-images/LATEST/images/indomethacin/Liver/27416.svs,ftp://ftp.biosciencedbc.jp/archive/open-tggates-pathological-images/LATEST/images/indomethacin/Liver/27416.svs,0
27418.svs,0,,E0113-G16-P0,E0113-G16-I1,normal,indomethacin,High,0,5,mg/kg,15 day,360,Repeat,Gavage,6,0,0,0,,,,,,113,16,1,Liver,1/1,https://dbarchive.biosciencedbc.jp/data/open-tggates-pathological-images/LATEST/images/indomethacin/Liver/27418.svs,ftp://ftp.biosciencedbc.jp/archive/open-tggates-pathological-images/LATEST/images/indomethacin/Liver/27418.svs,0
27419.svs,1,,E0113-G16-P0,E0113-G16-I3,abnormal,indomethacin,High,0,5,mg/kg,15 day,360,Repeat,Gavage,6,3,3,0,moderate,"Change, basophilic; Inflammation, suppurative; Necrosis",Hepatocyte; Subserosa; -,moderate; moderate; slight,false; false; false,113,16,3,Liver,1/1,https://dbarchive.biosciencedbc.jp/data/open-tggates-pathological-images/LATEST/images/indomethacin/Liver/27419.svs,ftp://ftp.biosciencedbc.jp/archive/open-tggates-pathological-images/LATEST/images/indomethacin/Liver/27419.svs,0
28713.svs,1,,E0115-G12-P0,E0115-G12-I1,abnormal,chlorpromazine,Middle,0,15,mg/kg,29 day,696,Repeat,Gavage,6,1,1,0,minimal,"Lesion,NOS",Hepatocyte,minimal,false,115,12,1,Liver,1/1,https://dbarchive.biosciencedbc.jp/data/open-tggates-pathological-images/LATEST/images/chlorpromazine/Liver/28713.svs,ftp://ftp.biosciencedbc.jp/archive/open-tggates-pathological-images/LATEST/images/chlorpromazine/Liver/28713.svs,0
28715.svs,0,,E0115-G12-P0,E0115-G12-I2,normal,chlorpromazine,Middle,0,15,mg/kg,29 day,696,Repeat,Gavage,6,0,0,0,,,,,,115,12,2,Liver,1/1,https://dbarchive.biosciencedbc.jp/data/open-tggates-pathological-images/LATEST/images/chlorpromazine/Liver/28715.svs,ftp://ftp.biosciencedbc.jp/archive/open-tggates-pathological-images/LATEST/images/chlorpromazine/Liver/28715.svs,0
28716.svs,0,,E0115-G12-P1,E0115-G12-I3,normal,chlorpromazine,Middle,0,15,mg/kg,29 day,696,Repeat,Gavage,6,0,0,0,,,,,,115,12,3,Liver,1/1,https://dbarchive.biosciencedbc.jp/data/open-tggates-pathological-images/LATEST/images/chlorpromazine/Liver/28716.svs,ftp://ftp.biosciencedbc.jp/archive/open-tggates-pathological-images/LATEST/images/chlorpromazine/Liver/28716.svs,0
28718.svs,1,,E0115-G12-P1,E0115-G12-I4,abnormal,chlorpromazine,Middle,0,15,mg/kg,29 day,696,Repeat,Gavage,6,1,1,0,minimal,"Lesion,NOS",Hepatocyte,minimal,false,115,12,4,Liver,1/1,https://dbarchive.biosciencedbc.jp/data/open-tggates-pathological-images/LATEST/images/chlorpromazine/Liver/28718.svs,ftp://ftp.biosciencedbc.jp/archive/open-tggates-pathological-images/LATEST/images/chlorpromazine/Liver/28718.svs,0
28747.svs,1,,E0115-G16-P0,E0115-G16-I1,abnormal,chlorpromazine,High,0,45,mg/kg,29 day,696,Repeat,Gavage,6,1,1,0,slight,"Lesion,NOS",Hepatocyte,slight,false,115,16,1,Liver,1/1,https://dbarchive.biosciencedbc.jp/data/open-tggates-pathological-images/LATEST/images/chlorpromazine/Liver/28747.svs,ftp://ftp.biosciencedbc.jp/archive/open-tggates-pathological-images/LATEST/images/chlorpromazine/Liver/28747.svs,0
28751.svs,0,,E0115-G16-P0,E0115-G16-I3,normal,chlorpromazine,High,0,45,mg/kg,29 day,696,Repeat,Gavage,6,0,0,0,,,,,,115,16,3,Liver,1/1,https://dbarchive.biosciencedbc.jp/data/open-tggates-pathological-images/LATEST/images/chlorpromazine/Liver/28751.svs,ftp://ftp.biosciencedbc.jp/archive/open-tggates-pathological-images/LATEST/images/chlorpromazine/Liver/28751.svs,0
27617.svs,0,,E0116-G10-P0,E0116-G10-I1,normal,thioacetamide,Middle,0,15,mg/kg,6 hr,6,Single,Gavage,6,0,0,0,,,,,,116,10,1,Liver,1/1,https://dbarchive.biosciencedbc.jp/data/open-tggates-pathological-images/LATEST/images/thioacetamide/Liver/27617.svs,ftp://ftp.biosciencedbc.jp/archive/open-tggates-pathological-images/LATEST/images/thioacetamide/Liver/27617.svs,0
27620.svs,0,,E0116-G10-P1,E0116-G10-I2,normal,thioacetamide,Middle,0,15,mg/kg,6 hr,6,Single,Gavage,6,0,0,0,,,,,,116,10,2,Liver,1/1,https://dbarchive.biosciencedbc.jp/data/open-tggates-pathological-images/LATEST/images/thioacetamide/Liver/27620.svs,ftp://ftp.biosciencedbc.jp/archive/open-tggates-pathological-images/LATEST/images/thioacetamide/Liver/27620.svs,0
27622.svs,1,,E0116-G10-P0,E0116-G10-I3,abnormal,thioacetamide,Middle,0,15,mg/kg,6 hr,6,Single,Gavage,6,2,2,0,minimal,"Atypia, nuclear; Single cell necrosis",Hepatocyte; Hepatocyte,minimal; minimal,false; false,116,10,3,Liver,1/1,https://dbarchive.biosciencedbc.jp/data/open-tggates-pathological-images/LATEST/images/thioacetamide/Liver/27622.svs,ftp://ftp.biosciencedbc.jp/archive/open-tggates-pathological-images/LATEST/images/thioacetamide/Liver/27622.svs,0
27624.svs,1,,E0116-G10-P1,E0116-G10-I4,abnormal,thioacetamide,Middle,0,15,mg/kg,6 hr,6,Single,Gavage,6,3,3,0,minimal,"Atypia, nuclear; Hypertrophy; Single cell necrosis",Hepatocyte; Centrilobular; Hepatocyte,minimal; minimal; minimal,false; false; false,116,10,4,Liver,1/1,https://dbarchive.biosciencedbc.jp/data/open-tggates-pathological-images/LATEST/images/thioacetamide/Liver/27624.svs,ftp://ftp.biosciencedbc.jp/archive/open-tggates-pathological-images/LATEST/images/thioacetamide/Liver/27624.svs,0
27649.svs,0,,E0116-G13-P0,E0116-G13-I1,normal,thioacetamide,High,0,45,mg/kg,3 hr,3,Single,Gavage,6,0,0,0,,,,,,116,13,1,Liver,1/1,https://dbarchive.biosciencedbc.jp/data/open-tggates-pathological-images/LATEST/images/thioacetamide/Liver/27649.svs,ftp://ftp.biosciencedbc.jp/archive/open-tggates-pathological-images/LATEST/images/thioacetamide/Liver/27649.svs,0
27651.svs,1,,E0116-G13-P0,E0116-G13-I2,abnormal,thioacetamide,High,0,45,mg/kg,3 hr,3,Single,Gavage,6,1,1,0,minimal,Hypertrophy,Centrilobular,minimal,false,116,13,2,Liver,1/1,https://dbarchive.biosciencedbc.jp/data/open-tggates-pathological-images/LATEST/images/thioacetamide/Liver/27651.svs,ftp://ftp.biosciencedbc.jp/archive/open-tggates-pathological-images/LATEST/images/thioacetamide/Liver/27651.svs,0
27653.svs,0,,E0116-G13-P1,E0116-G13-I3,normal,thioacetamide,High,0,45,mg/kg,3 hr,3,Single,Gavage,6,0,0,0,,,,,,116,13,3,Liver,1/1,https://dbarchive.biosciencedbc.jp/data/open-tggates-pathological-images/LATEST/images/thioacetamide/Liver/27653.svs,ftp://ftp.biosciencedbc.jp/archive/open-tggates-pathological-images/LATEST/images/thioacetamide/Liver/27653.svs,0
27655.svs,1,,E0116-G13-P1,E0116-G13-I4,abnormal,thioacetamide,High,0,45,mg/kg,3 hr,3,Single,Gavage,6,1,1,0,minimal,Hypertrophy,Centrilobular,minimal,false,116,13,4,Liver,1/1,https://dbarchive.biosciencedbc.jp/data/open-tggates-pathological-images/LATEST/images/thioacetamide/Liver/27655.svs,ftp://ftp.biosciencedbc.jp/archive/open-tggates-pathological-images/LATEST/images/thioacetamide/Liver/27655.svs,0
46720.svs,1,,E0117-G08-P0,E0117-G08-I1,abnormal,thioacetamide,Low,0,5,mg/kg,29 day,696,Repeat,Gavage,6,2,2,0,minimal,"Alteration, nuclear; Degeneration, granular, eosinophilic",-; -,minimal; minimal,false; false,117,8,1,Liver,1/1,https://dbarchive.biosciencedbc.jp/data/open-tggates-pathological-images/LATEST/images/thioacetamide/Liver/46720.svs,ftp://ftp.biosciencedbc.jp/archive/open-tggates-pathological-images/LATEST/images/thioacetamide/Liver/46720.svs,0
46723.svs,0,,E0117-G08-P0,E0117-G08-I2,normal,thioacetamide,Low,0,5,mg/kg,29 day,696,Repeat,Gavage,6,0,0,0,,,,,,117,8,2,Liver,1/1,https://dbarchive.biosciencedbc.jp/data/open-tggates-pathological-images/LATEST/images/thioacetamide/Liver/46723.svs,ftp://ftp.biosciencedbc.jp/archive/open-tggates-pathological-images/LATEST/images/thioacetamide/Liver/46723.svs,0
46727.svs,1,,E0117-G08-P1,E0117-G08-I3,abnormal,thioacetamide,Low,0,5,mg/kg,29 day,696,Repeat,Gavage,6,2,2,0,minimal,"Alteration, nuclear; Degeneration, granular, eosinophilic",-; -,minimal; minimal,false; false,117,8,3,Liver,1/1,https://dbarchive.biosciencedbc.jp/data/open-tggates-pathological-images/LATEST/images/thioacetamide/Liver/46727.svs,ftp://ftp.biosciencedbc.jp/archive/open-tggates-pathological-images/LATEST/images/thioacetamide/Liver/46727.svs,0
46730.svs,0,,E0117-G08-P1,E0117-G08-I4,normal,thioacetamide,Low,0,5,mg/kg,29 day,696,Repeat,Gavage,6,0,0,0,,,,,,117,8,4,Liver,1/1,https://dbarchive.biosciencedbc.jp/data/open-tggates-pathological-images/LATEST/images/thioacetamide/Liver/46730.svs,ftp://ftp.biosciencedbc.jp/archive/open-tggates-pathological-images/LATEST/images/thioacetamide/Liver/46730.svs,0
4867.svs,0,,E0123-G07-P0,E0123-G07-I1,normal,omeprazole,Low,0,100,mg/kg,9 hr,9,Single,Gavage,6,0,0,0,,,,,,123,7,1,Liver,1/1,https://dbarchive.biosciencedbc.jp/data/open-tggates-pathological-images/LATEST/images/omeprazole/Liver/4867.svs,ftp://ftp.biosciencedbc.jp/archive/open-tggates-pathological-images/LATEST/images/omeprazole/Liver/4867.svs,0
4869.svs,1,,E0123-G07-P0,E0123-G07-I2,abnormal,omeprazole,Low,0,100,mg/kg,9 hr,9,Single,Gavage,6,1,1,0,slight,"Change, eosinophilic",Periportal,slight,false,123,7,2,Liver,1/1,https://dbarchive.biosciencedbc.jp/data/open-tggates-pathological-images/LATEST/images/omeprazole/Liver/4869.svs,ftp://ftp.biosciencedbc.jp/archive/open-tggates-pathological-images/LATEST/images/omeprazole/Liver/4869.svs,0
4872.svs,0,,E0123-G07-P1,E0123-G07-I3,normal,omeprazole,Low,0,100,mg/kg,9 hr,9,Single,Gavage,6,0,0,0,,,,,,123,7,3,Liver,1/1,https://dbarchive.biosciencedbc.jp/data/open-tggates-pathological-images/LATEST/images/omeprazole/Liver/4872.svs,ftp://ftp.biosciencedbc.jp/archive/open-tggates-pathological-images/LATEST/images/omeprazole/Liver/4872.svs,0
4874.svs,1,,E0123-G07-P1,E0123-G07-I4,abnormal,omeprazole,Low,0,100,mg/kg,9 hr,9,Single,Gavage,6,1,1,0,slight,"Change, eosinophilic",Periportal,slight,false,123,7,4,Liver,1/1,https://dbarchive.biosciencedbc.jp/data/open-tggates-pathological-images/LATEST/images/omeprazole/Liver/4874.svs,ftp://ftp.biosciencedbc.jp/archive/open-tggates-pathological-images/LATEST/images/omeprazole/Liver/4874.svs,0
4829.svs,0,,E0123-G10-P0,E0123-G10-I1,normal,omeprazole,Middle,0,300,mg/kg,6 hr,6,Single,Gavage,6,0,0,0,,,,,,123,10,1,Liver,1/1,https://dbarchive.biosciencedbc.jp/data/open-tggates-pathological-images/LATEST/images/omeprazole/Liver/4829.svs,ftp://ftp.biosciencedbc.jp/archive/open-tggates-pathological-images/LATEST/images/omeprazole/Liver/4829.svs,0
4832.svs,1,,E0123-G10-P0,E0123-G10-I2,abnormal,omeprazole,Middle,0,300,mg/kg,6 hr,6,Single,Gavage,6,1,1,0,slight,"Change, eosinophilic",Periportal,slight,false,123,10,2,Liver,1/1,https://dbarchive.biosciencedbc.jp/data/open-tggates-pathological-images/LATEST/images/omeprazole/Liver/4832.svs,ftp://ftp.biosciencedbc.jp/archive/open-tggates-pathological-images/LATEST/images/omeprazole/Liver/4832.svs,0
4834.svs,1,,E0123-G10-P1,E0123-G10-I3,abnormal,omeprazole,Middle,0,300,mg/kg,6 hr,6,Single,Gavage,6,2,1,1,slight,"Change, eosinophilic; Necrosis",Periportal; -,slight; minimal,false; true,123,10,3,Liver,1/1,https://dbarchive.biosciencedbc.jp/data/open-tggates-pathological-images/LATEST/images/omeprazole/Liver/4834.svs,ftp://ftp.biosciencedbc.jp/archive/open-tggates-pathological-images/LATEST/images/omeprazole/Liver/4834.svs,0
4839.svs,0,,E0123-G10-P1,E0123-G10-I5,normal,omeprazole,Middle,0,300,mg/kg,6 hr,6,Single,Gavage,6,0,0,0,,,,,,123,10,5,Liver,1/1,https://dbarchive.biosciencedbc.jp/data/open-tggates-pathological-images/LATEST/images/omeprazole/Liver/4839.svs,ftp://ftp.biosciencedbc.jp/archive/open-tggates-pathological-images/LATEST/images/omeprazole/Liver/4839.svs,0
4880.svs,0,,E0123-G11-P0,E0123-G11-I1,normal,omeprazole,Middle,0,300,mg/kg,9 hr,9,Single,Gavage,6,0,0,0,,,,,,123,11,1,Liver,1/1,https://dbarchive.biosciencedbc.jp/data/open-tggates-pathological-images/LATEST/images/omeprazole/Liver/4880.svs,ftp://ftp.biosciencedbc.jp/archive/open-tggates-pathological-images/LATEST/images/omeprazole/Liver/4880.svs,0
4882.svs,1,,E0123-G11-P0,E0123-G11-I2,abnormal,omeprazole,Middle,0,300,mg/kg,9 hr,9,Single,Gavage,6,1,1,0,slight,"Change, eosinophilic",Periportal,slight,false,123,11,2,Liver,1/1,https://dbarchive.biosciencedbc.jp/data/open-tggates-pathological-images/LATEST/images/omeprazole/Liver/4882.svs,ftp://ftp.biosciencedbc.jp/archive/open-tggates-pathological-images/LATEST/images/omeprazole/Liver/4882.svs,0
4845.svs,0,,E0123-G14-P0,E0123-G14-I2,normal,omeprazole,High,0,1000,mg/kg,6 hr,6,Single,Gavage,6,0,0,0,,,,,,123,14,2,Liver,1/1,https://dbarchive.biosciencedbc.jp/data/open-tggates-pathological-images/LATEST/images/omeprazole/Liver/4845.svs,ftp://ftp.biosciencedbc.jp/archive/open-tggates-pathological-images/LATEST/images/omeprazole/Liver/4845.svs,0
4848.svs,1,,E0123-G14-P0,E0123-G14-I3,abnormal,omeprazole,High,0,1000,mg/kg,6 hr,6,Single,Gavage,6,1,1,0,slight,"Change, eosinophilic",Periportal,slight,false,123,14,3,Liver,1/1,https://dbarchive.biosciencedbc.jp/data/open-tggates-pathological-images/LATEST/images/omeprazole/Liver/4848.svs,ftp://ftp.biosciencedbc.jp/archive/open-tggates-pathological-images/LATEST/images/omeprazole/Liver/4848.svs,0
27501.svs,0,,E0124-G08-P0,E0124-G08-I1,normal,omeprazole,Low,0,100,mg/kg,29 day,696,Repeat,Gavage,6,0,0,0,,,,,,124,8,1,Liver,1/1,https://dbarchive.biosciencedbc.jp/data/open-tggates-pathological-images/LATEST/images/omeprazole/Liver/27501.svs,ftp://ftp.biosciencedbc.jp/archive/open-tggates-pathological-images/LATEST/images/omeprazole/Liver/27501.svs,0
27505.svs,1,,E0124-G08-P0,E0124-G08-I2,abnormal,omeprazole,Low,0,100,mg/kg,29 day,696,Repeat,Gavage,6,1,1,0,slight,Hypertrophy,Centrilobular,slight,false,124,8,2,Liver,1/1,https://dbarchive.biosciencedbc.jp/data/open-tggates-pathological-images/LATEST/images/omeprazole/Liver/27505.svs,ftp://ftp.biosciencedbc.jp/archive/open-tggates-pathological-images/LATEST/images/omeprazole/Liver/27505.svs,0
27507.svs,1,,E0124-G08-P1,E0124-G08-I3,abnormal,omeprazole,Low,0,100,mg/kg,29 day,696,Repeat,Gavage,6,1,1,0,slight,Hypertrophy,Centrilobular,slight,false,124,8,3,Liver,1/1,https://dbarchive.biosciencedbc.jp/data/open-tggates-pathological-images/LATEST/images/omeprazole/Liver/27507.svs,ftp://ftp.biosciencedbc.jp/archive/open-tggates-pathological-images/LATEST/images/omeprazole/Liver/27507.svs,0
27510.svs,0,,E0124-G08-P1,E0124-G08-I4,normal,omeprazole,Low,0,100,mg/kg,29 day,696,Repeat,Gavage,6,0,0,0,,,,,,124,8,4,Liver,1/1,https://dbarchive.biosciencedbc.jp/data/open-tggates-pathological-images/LATEST/images/omeprazole/Liver/27510.svs,ftp://ftp.biosciencedbc.jp/archive/open-tggates-pathological-images/LATEST/images/omeprazole/Liver/27510.svs,0
27359.svs,1,,E0124-G13-P0,E0124-G13-I1,abnormal,omeprazole,High,0,1000,mg/kg,4 day,96,Repeat,Gavage,6,1,1,0,slight,Hypertrophy,Centrilobular,slight,false,124,13,1,Liver,1/1,https://dbarchive.biosciencedbc.jp/data/open-tggates-pathological-images/LATEST/images/omeprazole/Liver/27359.svs,ftp://ftp.biosciencedbc.jp/archive/open-tggates-pathological-images/LATEST/images/omeprazole/Liver/27359.svs,0
27361.svs,0,,E0124-G13-P0,E0124-G13-I2,normal,omeprazole,High,0,1000,mg/kg,4 day,96,Repeat,Gavage,6,0,0,0,,,,,,124,13,2,Liver,1/1,https://dbarchive.biosciencedbc.jp/data/open-tggates-pathological-images/LATEST/images/omeprazole/Liver/27361.svs,ftp://ftp.biosciencedbc.jp/archive/open-tggates-pathological-images/LATEST/images/omeprazole/Liver/27361.svs,0
27363.svs,1,,E0124-G13-P1,E0124-G13-I3,abnormal,omeprazole,High,0,1000,mg/kg,4 day,96,Repeat,Gavage,6,2,2,0,slight,"Change, eosinophilic; Hypertrophy",Periportal; Centrilobular,slight; slight,false; false,124,13,3,Liver,1/1,https://dbarchive.biosciencedbc.jp/data/open-tggates-pathological-images/LATEST/images/omeprazole/Liver/27363.svs,ftp://ftp.biosciencedbc.jp/archive/open-tggates-pathological-images/LATEST/images/omeprazole/Liver/27363.svs,0
27368.svs,0,,E0124-G13-P1,E0124-G13-I5,normal,omeprazole,High,0,1000,mg/kg,4 day,96,Repeat,Gavage,6,0,0,0,,,,,,124,13,5,Liver,1/1,https://dbarchive.biosciencedbc.jp/data/open-tggates-pathological-images/LATEST/images/omeprazole/Liver/27368.svs,ftp://ftp.biosciencedbc.jp/archive/open-tggates-pathological-images/LATEST/images/omeprazole/Liver/27368.svs,0
27406.svs,1,,E0124-G14-P0,E0124-G14-I1,abnormal,omeprazole,High,0,1000,mg/kg,8 day,192,Repeat,Gavage,6,1,1,0,slight,Hypertrophy,Centrilobular,slight,false,124,14,1,Liver,1/1,https://dbarchive.biosciencedbc.jp/data/open-tggates-pathological-images/LATEST/images/omeprazole/Liver/27406.svs,ftp://ftp.biosciencedbc.jp/archive/open-tggates-pathological-images/LATEST/images/omeprazole/Liver/27406.svs,0
27412.svs,0,,E0124-G14-P0,E0124-G14-I3,normal,omeprazole,High,0,1000,mg/kg,8 day,192,Repeat,Gavage,6,0,0,0,,,,,,124,14,3,Liver,1/1,https://dbarchive.biosciencedbc.jp/data/open-tggates-pathological-images/LATEST/images/omeprazole/Liver/27412.svs,ftp://ftp.biosciencedbc.jp/archive/open-tggates-pathological-images/LATEST/images/omeprazole/Liver/27412.svs,0
4759.svs,1,,E0125-G11-P0,E0125-G11-I1,abnormal,ethionine,Middle,0,80,mg/kg,9 hr,9,Single,Gavage,6,1,1,0,minimal,"Change, basophilic",-,minimal,false,125,11,1,Liver,1/1,https://dbarchive.biosciencedbc.jp/data/open-tggates-pathological-images/LATEST/images/ethionine/Liver/4759.svs,ftp://ftp.biosciencedbc.jp/archive/open-tggates-pathological-images/LATEST/images/ethionine/Liver/4759.svs,0
4765.svs,0,,E0125-G11-P0,E0125-G11-I3,normal,ethionine,Middle,0,80,mg/kg,9 hr,9,Single,Gavage,6,0,0,0,,,,,,125,11,3,Liver,1/1,https://dbarchive.biosciencedbc.jp/data/open-tggates-pathological-images/LATEST/images/ethionine/Liver/4765.svs,ftp://ftp.biosciencedbc.jp/archive/open-tggates-pathological-images/LATEST/images/ethionine/Liver/4765.svs,0
4884.svs,1,,E0128-G11-P0,E0128-G11-I1,abnormal,aspirin,Middle,0,150,mg/kg,15 day,360,Repeat,Gavage,6,1,1,0,minimal,"Change, eosinophilic",Centrilobular,minimal,false,128,11,1,Liver,1/1,https://dbarchive.biosciencedbc.jp/data/open-tggates-pathological-images/LATEST/images/aspirin/Liver/4884.svs,ftp://ftp.biosciencedbc.jp/archive/open-tggates-pathological-images/LATEST/images/aspirin/Liver/4884.svs,0
4886.svs,1,,E0128-G11-P1,E0128-G11-I2,abnormal,aspirin,Middle,0,150,mg/kg,15 day,360,Repeat,Gavage,6,1,1,0,minimal,"Change, eosinophilic",Centrilobular,minimal,false,128,11,2,Liver,1/1,https://dbarchive.biosciencedbc.jp/data/open-tggates-pathological-images/LATEST/images/aspirin/Liver/4886.svs,ftp://ftp.biosciencedbc.jp/archive/open-tggates-pathological-images/LATEST/images/aspirin/Liver/4886.svs,0
4887.svs,0,,E0128-G11-P0,E0128-G11-I3,normal,aspirin,Middle,0,150,mg/kg,15 day,360,Repeat,Gavage,6,0,0,0,,,,,,128,11,3,Liver,1/1,https://dbarchive.biosciencedbc.jp/data/open-tggates-pathological-images/LATEST/images/aspirin/Liver/4887.svs,ftp://ftp.biosciencedbc.jp/archive/open-tggates-pathological-images/LATEST/images/aspirin/Liver/4887.svs,0
70462.svs,0,,E0128-G11-P1,E0128-G11-I4,normal,aspirin,Middle,0,150,mg/kg,15 day,360,Repeat,Gavage,6,0,0,0,,,,,,128,11,4,Liver,1/1,https://dbarchive.biosciencedbc.jp/data/open-tggates-pathological-images/LATEST/images/aspirin/Liver/70462.svs,ftp://ftp.biosciencedbc.jp/archive/open-tggates-pathological-images/LATEST/images/aspirin/Liver/70462.svs,0
4916.svs,0,,E0128-G12-P0,E0128-G12-I1,normal,aspirin,Middle,0,150,mg/kg,29 day,696,Repeat,Gavage,6,0,0,0,,,,,,128,12,1,Liver,1/1,https://dbarchive.biosciencedbc.jp/data/open-tggates-pathological-images/LATEST/images/aspirin/Liver/4916.svs,ftp://ftp.biosciencedbc.jp/archive/open-tggates-pathological-images/LATEST/images/aspirin/Liver/4916.svs,0
4917.svs,1,,E0128-G12-P0,E0128-G12-I2,abnormal,aspirin,Middle,0,150,mg/kg,29 day,696,Repeat,Gavage,6,1,1,0,minimal,"Change, eosinophilic",Centrilobular,minimal,false,128,12,2,Liver,1/1,https://dbarchive.biosciencedbc.jp/data/open-tggates-pathological-images/LATEST/images/aspirin/Liver/4917.svs,ftp://ftp.biosciencedbc.jp/archive/open-tggates-pathological-images/LATEST/images/aspirin/Liver/4917.svs,0
4919.svs,0,,E0128-G12-P1,E0128-G12-I3,normal,aspirin,Middle,0,150,mg/kg,29 day,696,Repeat,Gavage,6,0,0,0,,,,,,128,12,3,Liver,1/1,https://dbarchive.biosciencedbc.jp/data/open-tggates-pathological-images/LATEST/images/aspirin/Liver/4919.svs,ftp://ftp.biosciencedbc.jp/archive/open-tggates-pathological-images/LATEST/images/aspirin/Liver/4919.svs,0
4922.svs,1,,E0128-G12-P1,E0128-G12-I5,abnormal,aspirin,Middle,0,150,mg/kg,29 day,696,Repeat,Gavage,6,1,1,0,minimal,"Change, eosinophilic",Centrilobular,minimal,false,128,12,5,Liver,1/1,https://dbarchive.biosciencedbc.jp/data/open-tggates-pathological-images/LATEST/images/aspirin/Liver/4922.svs,ftp://ftp.biosciencedbc.jp/archive/open-tggates-pathological-images/LATEST/images/aspirin/Liver/4922.svs,0
70461.svs,1,,E0128-G13-P0,E0128-G13-I1,abnormal,aspirin,High,0,450,mg/kg,4 day,96,Repeat,Gavage,6,1,1,0,slight,"Change, eosinophilic",Centrilobular,slight,false,128,13,1,Liver,1/1,https://dbarchive.biosciencedbc.jp/data/open-tggates-pathological-images/LATEST/images/aspirin/Liver/70461.svs,ftp://ftp.biosciencedbc.jp/archive/open-tggates-pathological-images/LATEST/images/aspirin/Liver/70461.svs,0
4828.svs,0,,E0128-G13-P0,E0128-G13-I2,normal,aspirin,High,0,450,mg/kg,4 day,96,Repeat,Gavage,6,0,0,0,,,,,,128,13,2,Liver,1/1,https://dbarchive.biosciencedbc.jp/data/open-tggates-pathological-images/LATEST/images/aspirin/Liver/4828.svs,ftp://ftp.biosciencedbc.jp/archive/open-tggates-pathological-images/LATEST/images/aspirin/Liver/4828.svs,0
28685.svs,1,,E0147-G07-P0,E0147-G07-I1,abnormal,carbamazepine,Low,0,30,mg/kg,15 day,360,Repeat,Gavage,6,1,1,0,minimal,Hypertrophy,Centrilobular,minimal,false,147,7,1,Liver,1/1,https://dbarchive.biosciencedbc.jp/data/open-tggates-pathological-images/LATEST/images/carbamazepine/Liver/28685.svs,ftp://ftp.biosciencedbc.jp/archive/open-tggates-pathological-images/LATEST/images/carbamazepine/Liver/28685.svs,0
28693.svs,0,,E0147-G07-P0,E0147-G07-I4,normal,carbamazepine,Low,0,30,mg/kg,15 day,360,Repeat,Gavage,6,0,0,0,,,,,,147,7,4,Liver,1/1,https://dbarchive.biosciencedbc.jp/data/open-tggates-pathological-images/LATEST/images/carbamazepine/Liver/28693.svs,ftp://ftp.biosciencedbc.jp/archive/open-tggates-pathological-images/LATEST/images/carbamazepine/Liver/28693.svs,0
28657.svs,1,,E0147-G14-P0,E0147-G14-I1,abnormal,carbamazepine,High,0,300,mg/kg,8 day,192,Repeat,Gavage,6,1,1,0,minimal,Hypertrophy,Centrilobular,minimal,false,147,14,1,Liver,1/1,https://dbarchive.biosciencedbc.jp/data/open-tggates-pathological-images/LATEST/images/carbamazepine/Liver/28657.svs,ftp://ftp.biosciencedbc.jp/archive/open-tggates-pathological-images/LATEST/images/carbamazepine/Liver/28657.svs,0
28670.svs,0,,E0147-G14-P0,E0147-G14-I5,normal,carbamazepine,High,0,300,mg/kg,8 day,192,Repeat,Gavage,6,0,0,0,,,,,,147,14,5,Liver,1/1,https://dbarchive.biosciencedbc.jp/data/open-tggates-pathological-images/LATEST/images/carbamazepine/Liver/28670.svs,ftp://ftp.biosciencedbc.jp/archive/open-tggates-pathological-images/LATEST/images/carbamazepine/Liver/28670.svs,0
5855.svs,0,,E0155-G08-P0,E0155-G08-I1,normal,benzbromarone,Low,0,20,mg/kg,29 day,696,Repeat,Gavage,6,0,0,0,,,,,,155,8,1,Liver,1/1,https://dbarchive.biosciencedbc.jp/data/open-tggates-pathological-images/LATEST/images/benzbromarone/Liver/5855.svs,ftp://ftp.biosciencedbc.jp/archive/open-tggates-pathological-images/LATEST/images/benzbromarone/Liver/5855.svs,0
5859.svs,1,,E0155-G08-P0,E0155-G08-I2,abnormal,benzbromarone,Low,0,20,mg/kg,29 day,696,Repeat,Gavage,6,1,1,0,minimal,Hypertrophy,Centrilobular,minimal,false,155,8,2,Liver,1/1,https://dbarchive.biosciencedbc.jp/data/open-tggates-pathological-images/LATEST/images/benzbromarone/Liver/5859.svs,ftp://ftp.biosciencedbc.jp/archive/open-tggates-pathological-images/LATEST/images/benzbromarone/Liver/5859.svs,0
5862.svs,0,,E0155-G08-P1,E0155-G08-I3,normal,benzbromarone,Low,0,20,mg/kg,29 day,696,Repeat,Gavage,6,0,0,0,,,,,,155,8,3,Liver,1/1,https://dbarchive.biosciencedbc.jp/data/open-tggates-pathological-images/LATEST/images/benzbromarone/Liver/5862.svs,ftp://ftp.biosciencedbc.jp/archive/open-tggates-pathological-images/LATEST/images/benzbromarone/Liver/5862.svs,0
5865.svs,1,,E0155-G08-P1,E0155-G08-I4,abnormal,benzbromarone,Low,0,20,mg/kg,29 day,696,Repeat,Gavage,6,1,1,0,minimal,Hypertrophy,Centrilobular,minimal,false,155,8,4,Liver,1/1,https://dbarchive.biosciencedbc.jp/data/open-tggates-pathological-images/LATEST/images/benzbromarone/Liver/5865.svs,ftp://ftp.biosciencedbc.jp/archive/open-tggates-pathological-images/LATEST/images/benzbromarone/Liver/5865.svs,0
6249.svs,0,,E0157-G05-P0,E0157-G05-I1,normal,hexachlorobenzene,Low,0,30,mg/kg,4 day,96,Repeat,Gavage,6,0,0,0,,,,,,157,5,1,Liver,1/1,https://dbarchive.biosciencedbc.jp/data/open-tggates-pathological-images/LATEST/images/hexachlorobenzene/Liver/6249.svs,ftp://ftp.biosciencedbc.jp/archive/open-tggates-pathological-images/LATEST/images/hexachlorobenzene/Liver/6249.svs,0
6258.svs,1,,E0157-G05-P0,E0157-G05-I4,abnormal,hexachlorobenzene,Low,0,30,mg/kg,4 day,96,Repeat,Gavage,6,1,1,0,minimal,Increased mitosis,Hepatocyte,minimal,false,157,5,4,Liver,1/1,https://dbarchive.biosciencedbc.jp/data/open-tggates-pathological-images/LATEST/images/hexachlorobenzene/Liver/6258.svs,ftp://ftp.biosciencedbc.jp/archive/open-tggates-pathological-images/LATEST/images/hexachlorobenzene/Liver/6258.svs,0
6358.svs,0,,E0157-G09-P0,E0157-G09-I1,normal,hexachlorobenzene,Middle,0,100,mg/kg,4 day,96,Repeat,Gavage,6,0,0,0,,,,,,157,9,1,Liver,1/1,https://dbarchive.biosciencedbc.jp/data/open-tggates-pathological-images/LATEST/images/hexachlorobenzene/Liver/6358.svs,ftp://ftp.biosciencedbc.jp/archive/open-tggates-pathological-images/LATEST/images/hexachlorobenzene/Liver/6358.svs,0
6359.svs,1,,E0157-G09-P0,E0157-G09-I2,abnormal,hexachlorobenzene,Middle,0,100,mg/kg,4 day,96,Repeat,Gavage,6,1,1,0,minimal,Increased mitosis,Hepatocyte,minimal,false,157,9,2,Liver,1/1,https://dbarchive.biosciencedbc.jp/data/open-tggates-pathological-images/LATEST/images/hexachlorobenzene/Liver/6359.svs,ftp://ftp.biosciencedbc.jp/archive/open-tggates-pathological-images/LATEST/images/hexachlorobenzene/Liver/6359.svs,0
6361.svs,0,,E0157-G09-P1,E0157-G09-I3,normal,hexachlorobenzene,Middle,0,100,mg/kg,4 day,96,Repeat,Gavage,6,0,0,0,,,,,,157,9,3,Liver,1/1,https://dbarchive.biosciencedbc.jp/data/open-tggates-pathological-images/LATEST/images/hexachlorobenzene/Liver/6361.svs,ftp://ftp.biosciencedbc.jp/archive/open-tggates-pathological-images/LATEST/images/hexachlorobenzene/Liver/6361.svs,0
6362.svs,1,,E0157-G09-P1,E0157-G09-I4,abnormal,hexachlorobenzene,Middle,0,100,mg/kg,4 day,96,Repeat,Gavage,6,1,1,0,minimal,Increased mitosis,Hepatocyte,minimal,false,157,9,4,Liver,1/1,https://dbarchive.biosciencedbc.jp/data/open-tggates-pathological-images/LATEST/images/hexachlorobenzene/Liver/6362.svs,ftp://ftp.biosciencedbc.jp/archive/open-tggates-pathological-images/LATEST/images/hexachlorobenzene/Liver/6362.svs,0
6528.svs,0,,E0159-G12-P0,E0159-G12-I1,normal,diazepam,Middle,0,75,mg/kg,29 day,696,Repeat,Gavage,6,0,0,0,,,,,,159,12,1,Liver,1/1,https://dbarchive.biosciencedbc.jp/data/open-tggates-pathological-images/LATEST/images/diazepam/Liver/6528.svs,ftp://ftp.biosciencedbc.jp/archive/open-tggates-pathological-images/LATEST/images/diazepam/Liver/6528.svs,0
6529.svs,1,,E0159-G12-P0,E0159-G12-I2,abnormal,diazepam,Middle,0,75,mg/kg,29 day,696,Repeat,Gavage,6,1,1,0,minimal,Hypertrophy,Centrilobular,minimal,false,159,12,2,Liver,1/1,https://dbarchive.biosciencedbc.jp/data/open-tggates-pathological-images/LATEST/images/diazepam/Liver/6529.svs,ftp://ftp.biosciencedbc.jp/archive/open-tggates-pathological-images/LATEST/images/diazepam/Liver/6529.svs,0
6530.svs,1,,E0159-G12-P1,E0159-G12-I3,abnormal,diazepam,Middle,0,75,mg/kg,29 day,696,Repeat,Gavage,6,1,1,0,minimal,Hypertrophy,Centrilobular,minimal,false,159,12,3,Liver,1/1,https://dbarchive.biosciencedbc.jp/data/open-tggates-pathological-images/LATEST/images/diazepam/Liver/6530.svs,ftp://ftp.biosciencedbc.jp/archive/open-tggates-pathological-images/LATEST/images/diazepam/Liver/6530.svs,0
6531.svs,0,,E0159-G12-P1,E0159-G12-I4,normal,diazepam,Middle,0,75,mg/kg,29 day,696,Repeat,Gavage,6,0,0,0,,,,,,159,12,4,Liver,1/1,https://dbarchive.biosciencedbc.jp/data/open-tggates-pathological-images/LATEST/images/diazepam/Liver/6531.svs,ftp://ftp.biosciencedbc.jp/archive/open-tggates-pathological-images/LATEST/images/diazepam/Liver/6531.svs,0
6533.svs,0,,E0159-G13-P0,E0159-G13-I1,normal,diazepam,High,0,250,mg/kg,4 day,96,Repeat,Gavage,6,0,0,0,,,,,,159,13,1,Liver,1/1,https://dbarchive.biosciencedbc.jp/data/open-tggates-pathological-images/LATEST/images/diazepam/Liver/6533.svs,ftp://ftp.biosciencedbc.jp/archive/open-tggates-pathological-images/LATEST/images/diazepam/Liver/6533.svs,0
6536.svs,1,,E0159-G13-P0,E0159-G13-I4,abnormal,diazepam,High,0,250,mg/kg,4 day,96,Repeat,Gavage,6,1,1,0,minimal,Hypertrophy,Centrilobular,minimal,false,159,13,4,Liver,1/1,https://dbarchive.biosciencedbc.jp/data/open-tggates-pathological-images/LATEST/images/diazepam/Liver/6536.svs,ftp://ftp.biosciencedbc.jp/archive/open-tggates-pathological-images/LATEST/images/diazepam/Liver/6536.svs,0
6538.svs,1,,E0159-G14-P0,E0159-G14-I1,abnormal,diazepam,High,0,250,mg/kg,8 day,192,Repeat,Gavage,6,1,1,0,minimal,Hypertrophy,Centrilobular,minimal,false,159,14,1,Liver,1/1,https://dbarchive.biosciencedbc.jp/data/open-tggates-pathological-images/LATEST/images/diazepam/Liver/6538.svs,ftp://ftp.biosciencedbc.jp/archive/open-tggates-pathological-images/LATEST/images/diazepam/Liver/6538.svs,0
6539.svs,1,,E0159-G14-P1,E0159-G14-I2,abnormal,diazepam,High,0,250,mg/kg,8 day,192,Repeat,Gavage,6,1,1,0,minimal,Hypertrophy,Centrilobular,minimal,false,159,14,2,Liver,1/1,https://dbarchive.biosciencedbc.jp/data/open-tggates-pathological-images/LATEST/images/diazepam/Liver/6539.svs,ftp://ftp.biosciencedbc.jp/archive/open-tggates-pathological-images/LATEST/images/diazepam/Liver/6539.svs,0
6541.svs,0,,E0159-G14-P0,E0159-G14-I4,normal,diazepam,High,0,250,mg/kg,8 day,192,Repeat,Gavage,6,0,0,0,,,,,,159,14,4,Liver,1/1,https://dbarchive.biosciencedbc.jp/data/open-tggates-pathological-images/LATEST/images/diazepam/Liver/6541.svs,ftp://ftp.biosciencedbc.jp/archive/open-tggates-pathological-images/LATEST/images/diazepam/Liver/6541.svs,0
6542.svs,0,,E0159-G14-P1,E0159-G14-I5,normal,diazepam,High,0,250,mg/kg,8 day,192,Repeat,Gavage,6,0,0,0,,,,,,159,14,5,Liver,1/1,https://dbarchive.biosciencedbc.jp/data/open-tggates-pathological-images/LATEST/images/diazepam/Liver/6542.svs,ftp://ftp.biosciencedbc.jp/archive/open-tggates-pathological-images/LATEST/images/diazepam/Liver/6542.svs,0
31793.svs,0,,E0172-G16-P0,E0172-G16-I1,normal,cyclophosphamide,High,0,15,mg/kg,29 day,696,Repeat,Gavage,6,0,0,0,,,,,,172,16,1,Liver,1/1,https://dbarchive.biosciencedbc.jp/data/open-tggates-pathological-images/LATEST/images/cyclophosphamide/Liver/31793.svs,ftp://ftp.biosciencedbc.jp/archive/open-tggates-pathological-images/LATEST/images/cyclophosphamide/Liver/31793.svs,0
31800.svs,1,,E0172-G16-P0,E0172-G16-I2,abnormal,cyclophosphamide,High,0,15,mg/kg,29 day,696,Repeat,Gavage,6,4,4,0,slight,"Change, eosinophilic; Deposit, pigment; Hypertrophy; Necrosis",Hepatocyte; Kupffer cell; Hepatocyte; Centrilobular,slight; slight; slight; slight,false; false; false; false,172,16,2,Liver,1/1,https://dbarchive.biosciencedbc.jp/data/open-tggates-pathological-images/LATEST/images/cyclophosphamide/Liver/31800.svs,ftp://ftp.biosciencedbc.jp/archive/open-tggates-pathological-images/LATEST/images/cyclophosphamide/Liver/31800.svs,0
31812.svs,1,,E0172-G16-P1,E0172-G16-I4,abnormal,cyclophosphamide,High,0,15,mg/kg,29 day,696,Repeat,Gavage,6,4,4,0,slight,"Change, eosinophilic; Deposit, pigment; Hypertrophy; Necrosis",Hepatocyte; Kupffer cell; Hepatocyte; Centrilobular,slight; slight; slight; slight,false; false; false; false,172,16,4,Liver,1/1,https://dbarchive.biosciencedbc.jp/data/open-tggates-pathological-images/LATEST/images/cyclophosphamide/Liver/31812.svs,ftp://ftp.biosciencedbc.jp/archive/open-tggates-pathological-images/LATEST/images/cyclophosphamide/Liver/31812.svs,0
31816.svs,0,,E0172-G16-P1,E0172-G16-I5,normal,cyclophosphamide,High,0,15,mg/kg,29 day,696,Repeat,Gavage,6,0,0,0,,,,,,172,16,5,Liver,1/1,https://dbarchive.biosciencedbc.jp/data/open-tggates-pathological-images/LATEST/images/cyclophosphamide/Liver/31816.svs,ftp://ftp.biosciencedbc.jp/archive/open-tggates-pathological-images/LATEST/images/cyclophosphamide/Liver/31816.svs,0
46731.svs,1,,E0174-G06-P0,E0174-G06-I1,abnormal,methapyrilene,Low,0,10,mg/kg,8 day,192,Repeat,Gavage,6,1,1,0,slight,Hypertrophy,Hepatocyte,slight,false,174,6,1,Liver,1/1,https://dbarchive.biosciencedbc.jp/data/open-tggates-pathological-images/LATEST/images/methapyrilene/Liver/46731.svs,ftp://ftp.biosciencedbc.jp/archive/open-tggates-pathological-images/LATEST/images/methapyrilene/Liver/46731.svs,0
46735.svs,0,,E0174-G06-P0,E0174-G06-I2,normal,methapyrilene,Low,0,10,mg/kg,8 day,192,Repeat,Gavage,6,0,0,0,,,,,,174,6,2,Liver,1/1,https://dbarchive.biosciencedbc.jp/data/open-tggates-pathological-images/LATEST/images/methapyrilene/Liver/46735.svs,ftp://ftp.biosciencedbc.jp/archive/open-tggates-pathological-images/LATEST/images/methapyrilene/Liver/46735.svs,0
46777.svs,0,,E0174-G08-P0,E0174-G08-I1,normal,methapyrilene,Low,0,10,mg/kg,29 day,696,Repeat,Gavage,6,0,0,0,,,,,,174,8,1,Liver,1/1,https://dbarchive.biosciencedbc.jp/data/open-tggates-pathological-images/LATEST/images/methapyrilene/Liver/46777.svs,ftp://ftp.biosciencedbc.jp/archive/open-tggates-pathological-images/LATEST/images/methapyrilene/Liver/46777.svs,0
46786.svs,1,,E0174-G08-P0,E0174-G08-I3,abnormal,methapyrilene,Low,0,10,mg/kg,29 day,696,Repeat,Gavage,6,1,1,0,slight,Hypertrophy,Hepatocyte,slight,false,174,8,3,Liver,1/1,https://dbarchive.biosciencedbc.jp/data/open-tggates-pathological-images/LATEST/images/methapyrilene/Liver/46786.svs,ftp://ftp.biosciencedbc.jp/archive/open-tggates-pathological-images/LATEST/images/methapyrilene/Liver/46786.svs,0
46801.svs,1,,E0174-G09-P0,E0174-G09-I1,abnormal,methapyrilene,Middle,0,30,mg/kg,4 day,96,Repeat,Gavage,6,1,1,0,slight,Hypertrophy,Hepatocyte,slight,false,174,9,1,Liver,1/1,https://dbarchive.biosciencedbc.jp/data/open-tggates-pathological-images/LATEST/images/methapyrilene/Liver/46801.svs,ftp://ftp.biosciencedbc.jp/archive/open-tggates-pathological-images/LATEST/images/methapyrilene/Liver/46801.svs,0
46805.svs,1,,E0174-G09-P1,E0174-G09-I2,abnormal,methapyrilene,Middle,0,30,mg/kg,4 day,96,Repeat,Gavage,6,3,3,0,slight,"Cellular infiltration, mononuclear cell; Hypertrophy; Increased mitosis",Periportal; Hepatocyte; Hepatocyte,slight; slight; slight,false; false; false,174,9,2,Liver,1/1,https://dbarchive.biosciencedbc.jp/data/open-tggates-pathological-images/LATEST/images/methapyrilene/Liver/46805.svs,ftp://ftp.biosciencedbc.jp/archive/open-tggates-pathological-images/LATEST/images/methapyrilene/Liver/46805.svs,0
46810.svs,0,,E0174-G09-P0,E0174-G09-I3,normal,methapyrilene,Middle,0,30,mg/kg,4 day,96,Repeat,Gavage,6,0,0,0,,,,,,174,9,3,Liver,1/1,https://dbarchive.biosciencedbc.jp/data/open-tggates-pathological-images/LATEST/images/methapyrilene/Liver/46810.svs,ftp://ftp.biosciencedbc.jp/archive/open-tggates-pathological-images/LATEST/images/methapyrilene/Liver/46810.svs,0
46814.svs,0,,E0174-G09-P1,E0174-G09-I4,normal,methapyrilene,Middle,0,30,mg/kg,4 day,96,Repeat,Gavage,6,0,0,0,,,,,,174,9,4,Liver,1/1,https://dbarchive.biosciencedbc.jp/data/open-tggates-pathological-images/LATEST/images/methapyrilene/Liver/46814.svs,ftp://ftp.biosciencedbc.jp/archive/open-tggates-pathological-images/LATEST/images/methapyrilene/Liver/46814.svs,0
46824.svs,0,,E0174-G10-P0,E0174-G10-I1,normal,methapyrilene,Middle,0,30,mg/kg,8 day,192,Repeat,Gavage,6,0,0,0,,,,,,174,10,1,Liver,1/1,https://dbarchive.biosciencedbc.jp/data/open-tggates-pathological-images/LATEST/images/methapyrilene/Liver/46824.svs,ftp://ftp.biosciencedbc.jp/archive/open-tggates-pathological-images/LATEST/images/methapyrilene/Liver/46824.svs,0
46828.svs,0,,E0174-G10-P1,E0174-G10-I2,normal,methapyrilene,Middle,0,30,mg/kg,8 day,192,Repeat,Gavage,6,0,0,0,,,,,,174,10,2,Liver,1/1,https://dbarchive.biosciencedbc.jp/data/open-tggates-pathological-images/LATEST/images/methapyrilene/Liver/46828.svs,ftp://ftp.biosciencedbc.jp/archive/open-tggates-pathological-images/LATEST/images/methapyrilene/Liver/46828.svs,0
46838.svs,1,,E0174-G10-P0,E0174-G10-I4,abnormal,methapyrilene,Middle,0,30,mg/kg,8 day,192,Repeat,Gavage,6,1,1,0,slight,Hypertrophy,Hepatocyte,slight,false,174,10,4,Liver,1/1,https://dbarchive.biosciencedbc.jp/data/open-tggates-pathological-images/LATEST/images/methapyrilene/Liver/46838.svs,ftp://ftp.biosciencedbc.jp/archive/open-tggates-pathological-images/LATEST/images/methapyrilene/Liver/46838.svs,0
46843.svs,1,,E0174-G10-P1,E0174-G10-I5,abnormal,methapyrilene,Middle,0,30,mg/kg,8 day,192,Repeat,Gavage,6,1,1,0,slight,Hypertrophy,Hepatocyte,slight,false,174,10,5,Liver,1/1,https://dbarchive.biosciencedbc.jp/data/open-tggates-pathological-images/LATEST/images/methapyrilene/Liver/46843.svs,ftp://ftp.biosciencedbc.jp/archive/open-tggates-pathological-images/LATEST/images/methapyrilene/Liver/46843.svs,0
31635.svs,0,,E0176-G11-P0,E0176-G11-I1,normal,phenytoin,Middle,0,200,mg/kg,15 day,360,Repeat,Gavage,6,0,0,0,,,,,,176,11,1,Liver,1/1,https://dbarchive.biosciencedbc.jp/data/open-tggates-pathological-images/LATEST/images/phenytoin/Liver/31635.svs,ftp://ftp.biosciencedbc.jp/archive/open-tggates-pathological-images/LATEST/images/phenytoin/Liver/31635.svs,0
31639.svs,1,,E0176-G11-P0,E0176-G11-I2,abnormal,phenytoin,Middle,0,200,mg/kg,15 day,360,Repeat,Gavage,6,1,1,0,slight,Hypertrophy,Hepatocyte,slight,false,176,11,2,Liver,1/1,https://dbarchive.biosciencedbc.jp/data/open-tggates-pathological-images/LATEST/images/phenytoin/Liver/31639.svs,ftp://ftp.biosciencedbc.jp/archive/open-tggates-pathological-images/LATEST/images/phenytoin/Liver/31639.svs,0
31644.svs,0,,E0176-G11-P1,E0176-G11-I3,normal,phenytoin,Middle,0,200,mg/kg,15 day,360,Repeat,Gavage,6,0,0,0,,,,,,176,11,3,Liver,1/1,https://dbarchive.biosciencedbc.jp/data/open-tggates-pathological-images/LATEST/images/phenytoin/Liver/31644.svs,ftp://ftp.biosciencedbc.jp/archive/open-tggates-pathological-images/LATEST/images/phenytoin/Liver/31644.svs,0
31650.svs,1,,E0176-G11-P1,E0176-G11-I4,abnormal,phenytoin,Middle,0,200,mg/kg,15 day,360,Repeat,Gavage,6,1,1,0,slight,Hypertrophy,Hepatocyte,slight,false,176,11,4,Liver,1/1,https://dbarchive.biosciencedbc.jp/data/open-tggates-pathological-images/LATEST/images/phenytoin/Liver/31650.svs,ftp://ftp.biosciencedbc.jp/archive/open-tggates-pathological-images/LATEST/images/phenytoin/Liver/31650.svs,0
31662.svs,1,,E0176-G12-P0,E0176-G12-I1,abnormal,phenytoin,Middle,0,200,mg/kg,29 day,696,Repeat,Gavage,6,1,1,0,slight,Hypertrophy,Hepatocyte,slight,false,176,12,1,Liver,1/1,https://dbarchive.biosciencedbc.jp/data/open-tggates-pathological-images/LATEST/images/phenytoin/Liver/31662.svs,ftp://ftp.biosciencedbc.jp/archive/open-tggates-pathological-images/LATEST/images/phenytoin/Liver/31662.svs,0
70998.svs,0,,E0176-G12-P0,E0176-G12-I5,normal,phenytoin,Middle,0,200,mg/kg,29 day,696,Repeat,Gavage,6,0,0,0,,,,,,176,12,5,Liver,1/1,https://dbarchive.biosciencedbc.jp/data/open-tggates-pathological-images/LATEST/images/phenytoin/Liver/70998.svs,ftp://ftp.biosciencedbc.jp/archive/open-tggates-pathological-images/LATEST/images/phenytoin/Liver/70998.svs,0
8303.svs,1,,E0181-G06-P0,E0181-G06-I1,abnormal,WY-14643,Low,0,10,mg/kg,6 hr,6,Single,Gavage,6,1,1,0,minimal,"Degeneration, granular, eosinophilic",Hepatocyte,minimal,false,181,6,1,Liver,1/1,https://dbarchive.biosciencedbc.jp/data/open-tggates-pathological-images/LATEST/images/WY-14643/Liver/8303.svs,ftp://ftp.biosciencedbc.jp/archive/open-tggates-pathological-images/LATEST/images/WY-14643/Liver/8303.svs,0
8304.svs,0,,E0181-G06-P0,E0181-G06-I2,normal,WY-14643,Low,0,10,mg/kg,6 hr,6,Single,Gavage,6,0,0,0,,,,,,181,6,2,Liver,1/1,https://dbarchive.biosciencedbc.jp/data/open-tggates-pathological-images/LATEST/images/WY-14643/Liver/8304.svs,ftp://ftp.biosciencedbc.jp/archive/open-tggates-pathological-images/LATEST/images/WY-14643/Liver/8304.svs,0
8314.svs,1,,E0181-G07-P0,E0181-G07-I1,abnormal,WY-14643,Low,0,10,mg/kg,9 hr,9,Single,Gavage,6,1,1,0,minimal,"Degeneration, granular, eosinophilic",Hepatocyte,minimal,false,181,7,1,Liver,1/1,https://dbarchive.biosciencedbc.jp/data/open-tggates-pathological-images/LATEST/images/WY-14643/Liver/8314.svs,ftp://ftp.biosciencedbc.jp/archive/open-tggates-pathological-images/LATEST/images/WY-14643/Liver/8314.svs,0
8317.svs,1,,E0181-G07-P1,E0181-G07-I2,abnormal,WY-14643,Low,0,10,mg/kg,9 hr,9,Single,Gavage,6,1,1,0,slight,"Degeneration, granular, eosinophilic",Hepatocyte,slight,false,181,7,2,Liver,1/1,https://dbarchive.biosciencedbc.jp/data/open-tggates-pathological-images/LATEST/images/WY-14643/Liver/8317.svs,ftp://ftp.biosciencedbc.jp/archive/open-tggates-pathological-images/LATEST/images/WY-14643/Liver/8317.svs,0
8321.svs,0,,E0181-G07-P0,E0181-G07-I4,normal,WY-14643,Low,0,10,mg/kg,9 hr,9,Single,Gavage,6,0,0,0,,,,,,181,7,4,Liver,1/1,https://dbarchive.biosciencedbc.jp/data/open-tggates-pathological-images/LATEST/images/WY-14643/Liver/8321.svs,ftp://ftp.biosciencedbc.jp/archive/open-tggates-pathological-images/LATEST/images/WY-14643/Liver/8321.svs,0
8323.svs,0,,E0181-G07-P1,E0181-G07-I5,normal,WY-14643,Low,0,10,mg/kg,9 hr,9,Single,Gavage,6,0,0,0,,,,,,181,7,5,Liver,1/1,https://dbarchive.biosciencedbc.jp/data/open-tggates-pathological-images/LATEST/images/WY-14643/Liver/8323.svs,ftp://ftp.biosciencedbc.jp/archive/open-tggates-pathological-images/LATEST/images/WY-14643/Liver/8323.svs,0
8352.svs,0,,E0181-G10-P0,E0181-G10-I1,normal,WY-14643,Middle,0,30,mg/kg,6 hr,6,Single,Gavage,6,0,0,0,,,,,,181,10,1,Liver,1/1,https://dbarchive.biosciencedbc.jp/data/open-tggates-pathological-images/LATEST/images/WY-14643/Liver/8352.svs,ftp://ftp.biosciencedbc.jp/archive/open-tggates-pathological-images/LATEST/images/WY-14643/Liver/8352.svs,0
8354.svs,0,,E0181-G10-P1,E0181-G10-I2,normal,WY-14643,Middle,0,30,mg/kg,6 hr,6,Single,Gavage,6,0,0,0,,,,,,181,10,2,Liver,1/1,https://dbarchive.biosciencedbc.jp/data/open-tggates-pathological-images/LATEST/images/WY-14643/Liver/8354.svs,ftp://ftp.biosciencedbc.jp/archive/open-tggates-pathological-images/LATEST/images/WY-14643/Liver/8354.svs,0
8357.svs,1,,E0181-G10-P0,E0181-G10-I3,abnormal,WY-14643,Middle,0,30,mg/kg,6 hr,6,Single,Gavage,6,1,1,0,minimal,"Degeneration, granular, eosinophilic",Hepatocyte,minimal,false,181,10,3,Liver,1/1,https://dbarchive.biosciencedbc.jp/data/open-tggates-pathological-images/LATEST/images/WY-14643/Liver/8357.svs,ftp://ftp.biosciencedbc.jp/archive/open-tggates-pathological-images/LATEST/images/WY-14643/Liver/8357.svs,0
8384.svs,1,,E0181-G10-P1,E0181-G10-I4,abnormal,WY-14643,Middle,0,30,mg/kg,6 hr,6,Single,Gavage,6,1,1,0,minimal,"Degeneration, granular, eosinophilic",Hepatocyte,minimal,false,181,10,4,Liver,1/1,https://dbarchive.biosciencedbc.jp/data/open-tggates-pathological-images/LATEST/images/WY-14643/Liver/8384.svs,ftp://ftp.biosciencedbc.jp/archive/open-tggates-pathological-images/LATEST/images/WY-14643/Liver/8384.svs,0
8359.svs,0,,E0181-G11-P0,E0181-G11-I1,normal,WY-14643,Middle,0,30,mg/kg,9 hr,9,Single,Gavage,6,0,0,0,,,,,,181,11,1,Liver,1/1,https://dbarchive.biosciencedbc.jp/data/open-tggates-pathological-images/LATEST/images/WY-14643/Liver/8359.svs,ftp://ftp.biosciencedbc.jp/archive/open-tggates-pathological-images/LATEST/images/WY-14643/Liver/8359.svs,0
8362.svs,1,,E0181-G11-P0,E0181-G11-I2,abnormal,WY-14643,Middle,0,30,mg/kg,9 hr,9,Single,Gavage,6,1,1,0,minimal,"Degeneration, granular, eosinophilic",Hepatocyte,minimal,false,181,11,2,Liver,1/1,https://dbarchive.biosciencedbc.jp/data/open-tggates-pathological-images/LATEST/images/WY-14643/Liver/8362.svs,ftp://ftp.biosciencedbc.jp/archive/open-tggates-pathological-images/LATEST/images/WY-14643/Liver/8362.svs,0
8414.svs,1,,E0181-G15-P0,E0181-G15-I1,abnormal,WY-14643,High,0,100,mg/kg,9 hr,9,Single,Gavage,6,1,1,0,slight,"Degeneration, granular, eosinophilic",Hepatocyte,slight,false,181,15,1,Liver,1/1,https://dbarchive.biosciencedbc.jp/data/open-tggates-pathological-images/LATEST/images/WY-14643/Liver/8414.svs,ftp://ftp.biosciencedbc.jp/archive/open-tggates-pathological-images/LATEST/images/WY-14643/Liver/8414.svs,0
8421.svs,0,,E0181-G15-P0,E0181-G15-I4,normal,WY-14643,High,0,100,mg/kg,9 hr,9,Single,Gavage,6,0,0,0,,,,,,181,15,4,Liver,1/1,https://dbarchive.biosciencedbc.jp/data/open-tggates-pathological-images/LATEST/images/WY-14643/Liver/8421.svs,ftp://ftp.biosciencedbc.jp/archive/open-tggates-pathological-images/LATEST/images/WY-14643/Liver/8421.svs,0
8739.svs,1,,E0183-G16-P0,E0183-G16-I1,abnormal,gemfibrozil,High,0,300,mg/kg,24 hr,24,Single,Gavage,6,1,1,0,minimal,Increased mitosis,Hepatocyte,minimal,false,183,16,1,Liver,1/1,https://dbarchive.biosciencedbc.jp/data/open-tggates-pathological-images/LATEST/images/gemfibrozil/Liver/8739.svs,ftp://ftp.biosciencedbc.jp/archive/open-tggates-pathological-images/LATEST/images/gemfibrozil/Liver/8739.svs,0
8746.svs,0,,E0183-G16-P0,E0183-G16-I4,normal,gemfibrozil,High,0,300,mg/kg,24 hr,24,Single,Gavage,6,0,0,0,,,,,,183,16,4,Liver,1/1,https://dbarchive.biosciencedbc.jp/data/open-tggates-pathological-images/LATEST/images/gemfibrozil/Liver/8746.svs,ftp://ftp.biosciencedbc.jp/archive/open-tggates-pathological-images/LATEST/images/gemfibrozil/Liver/8746.svs,0
29858.svs,0,,E0184-G05-P0,E0184-G05-I1,normal,gemfibrozil,Low,0,30,mg/kg,4 day,96,Repeat,Gavage,6,0,0,0,,,,,,184,5,1,Liver,1/1,https://dbarchive.biosciencedbc.jp/data/open-tggates-pathological-images/LATEST/images/gemfibrozil/Liver/29858.svs,ftp://ftp.biosciencedbc.jp/archive/open-tggates-pathological-images/LATEST/images/gemfibrozil/Liver/29858.svs,0
29863.svs,1,,E0184-G05-P0,E0184-G05-I3,abnormal,gemfibrozil,Low,0,30,mg/kg,4 day,96,Repeat,Gavage,6,1,1,0,minimal,Increased mitosis,Hepatocyte,minimal,false,184,5,3,Liver,1/1,https://dbarchive.biosciencedbc.jp/data/open-tggates-pathological-images/LATEST/images/gemfibrozil/Liver/29863.svs,ftp://ftp.biosciencedbc.jp/archive/open-tggates-pathological-images/LATEST/images/gemfibrozil/Liver/29863.svs,0
29882.svs,1,,E0184-G07-P0,E0184-G07-I1,abnormal,gemfibrozil,Low,0,30,mg/kg,15 day,360,Repeat,Gavage,6,1,1,0,minimal,"Degeneration, granular, eosinophilic",Hepatocyte,minimal,false,184,7,1,Liver,1/1,https://dbarchive.biosciencedbc.jp/data/open-tggates-pathological-images/LATEST/images/gemfibrozil/Liver/29882.svs,ftp://ftp.biosciencedbc.jp/archive/open-tggates-pathological-images/LATEST/images/gemfibrozil/Liver/29882.svs,0
29886.svs,0,,E0184-G07-P0,E0184-G07-I3,normal,gemfibrozil,Low,0,30,mg/kg,15 day,360,Repeat,Gavage,6,0,0,0,,,,,,184,7,3,Liver,1/1,https://dbarchive.biosciencedbc.jp/data/open-tggates-pathological-images/LATEST/images/gemfibrozil/Liver/29886.svs,ftp://ftp.biosciencedbc.jp/archive/open-tggates-pathological-images/LATEST/images/gemfibrozil/Liver/29886.svs,0
29893.svs,1,,E0184-G08-P0,E0184-G08-I1,abnormal,gemfibrozil,Low,0,30,mg/kg,29 day,696,Repeat,Gavage,6,2,1,1,minimal,"Degeneration, granular, eosinophilic; Granuloma",Hepatocyte; -,minimal; minimal,false; true,184,8,1,Liver,1/1,https://dbarchive.biosciencedbc.jp/data/open-tggates-pathological-images/LATEST/images/gemfibrozil/Liver/29893.svs,ftp://ftp.biosciencedbc.jp/archive/open-tggates-pathological-images/LATEST/images/gemfibrozil/Liver/29893.svs,0
29896.svs,0,,E0184-G08-P0,E0184-G08-I2,normal,gemfibrozil,Low,0,30,mg/kg,29 day,696,Repeat,Gavage,6,0,0,0,,,,,,184,8,2,Liver,1/1,https://dbarchive.biosciencedbc.jp/data/open-tggates-pathological-images/LATEST/images/gemfibrozil/Liver/29896.svs,ftp://ftp.biosciencedbc.jp/archive/open-tggates-pathological-images/LATEST/images/gemfibrozil/Liver/29896.svs,0
30261.svs,0,,E0185-G15-P0,E0185-G15-I1,normal,bromobenzene,High,0,300,mg/kg,9 hr,9,Single,Gavage,6,0,0,0,,,,,,185,15,1,Liver,1/1,https://dbarchive.biosciencedbc.jp/data/open-tggates-pathological-images/LATEST/images/bromobenzene/Liver/30261.svs,ftp://ftp.biosciencedbc.jp/archive/open-tggates-pathological-images/LATEST/images/bromobenzene/Liver/30261.svs,0
30264.svs,1,,E0185-G15-P0,E0185-G15-I3,abnormal,bromobenzene,High,0,300,mg/kg,9 hr,9,Single,Gavage,6,2,1,1,minimal,Hypertrophy; Mineralization,Centrilobular; -,minimal; minimal,false; true,185,15,3,Liver,1/1,https://dbarchive.biosciencedbc.jp/data/open-tggates-pathological-images/LATEST/images/bromobenzene/Liver/30264.svs,ftp://ftp.biosciencedbc.jp/archive/open-tggates-pathological-images/LATEST/images/bromobenzene/Liver/30264.svs,0
30474.svs,0,,E0186-G09-P0,E0186-G09-I1,normal,bromobenzene,Middle,0,100,mg/kg,4 day,96,Repeat,Gavage,6,0,0,0,,,,,,186,9,1,Liver,1/1,https://dbarchive.biosciencedbc.jp/data/open-tggates-pathological-images/LATEST/images/bromobenzene/Liver/30474.svs,ftp://ftp.biosciencedbc.jp/archive/open-tggates-pathological-images/LATEST/images/bromobenzene/Liver/30474.svs,0
30481.svs,1,,E0186-G09-P0,E0186-G09-I5,abnormal,bromobenzene,Middle,0,100,mg/kg,4 day,96,Repeat,Gavage,6,1,1,0,minimal,Hypertrophy,Centrilobular,minimal,false,186,9,5,Liver,1/1,https://dbarchive.biosciencedbc.jp/data/open-tggates-pathological-images/LATEST/images/bromobenzene/Liver/30481.svs,ftp://ftp.biosciencedbc.jp/archive/open-tggates-pathological-images/LATEST/images/bromobenzene/Liver/30481.svs,0
30499.svs,0,,E0186-G12-P0,E0186-G12-I1,normal,bromobenzene,Middle,0,100,mg/kg,29 day,696,Repeat,Gavage,6,0,0,0,,,,,,186,12,1,Liver,1/1,https://dbarchive.biosciencedbc.jp/data/open-tggates-pathological-images/LATEST/images/bromobenzene/Liver/30499.svs,ftp://ftp.biosciencedbc.jp/archive/open-tggates-pathological-images/LATEST/images/bromobenzene/Liver/30499.svs,0
30507.svs,1,,E0186-G12-P0,E0186-G12-I5,abnormal,bromobenzene,Middle,0,100,mg/kg,29 day,696,Repeat,Gavage,6,1,1,0,minimal,Hypertrophy,Centrilobular,minimal,false,186,12,5,Liver,1/1,https://dbarchive.biosciencedbc.jp/data/open-tggates-pathological-images/LATEST/images/bromobenzene/Liver/30507.svs,ftp://ftp.biosciencedbc.jp/archive/open-tggates-pathological-images/LATEST/images/bromobenzene/Liver/30507.svs,0
30509.svs,1,,E0186-G13-P0,E0186-G13-I1,abnormal,bromobenzene,High,0,300,mg/kg,4 day,96,Repeat,Gavage,6,1,1,0,minimal,Hypertrophy,Centrilobular,minimal,false,186,13,1,Liver,1/1,https://dbarchive.biosciencedbc.jp/data/open-tggates-pathological-images/LATEST/images/bromobenzene/Liver/30509.svs,ftp://ftp.biosciencedbc.jp/archive/open-tggates-pathological-images/LATEST/images/bromobenzene/Liver/30509.svs,0
30514.svs,0,,E0186-G13-P0,E0186-G13-I4,normal,bromobenzene,High,0,300,mg/kg,4 day,96,Repeat,Gavage,6,0,0,0,,,,,,186,13,4,Liver,1/1,https://dbarchive.biosciencedbc.jp/data/open-tggates-pathological-images/LATEST/images/bromobenzene/Liver/30514.svs,ftp://ftp.biosciencedbc.jp/archive/open-tggates-pathological-images/LATEST/images/bromobenzene/Liver/30514.svs,0
30518.svs,1,,E0186-G14-P0,E0186-G14-I1,abnormal,bromobenzene,High,0,300,mg/kg,8 day,192,Repeat,Gavage,6,1,1,0,minimal,Hypertrophy,Centrilobular,minimal,false,186,14,1,Liver,1/1,https://dbarchive.biosciencedbc.jp/data/open-tggates-pathological-images/LATEST/images/bromobenzene/Liver/30518.svs,ftp://ftp.biosciencedbc.jp/archive/open-tggates-pathological-images/LATEST/images/bromobenzene/Liver/30518.svs,0
30520.svs,0,,E0186-G14-P0,E0186-G14-I2,normal,bromobenzene,High,0,300,mg/kg,8 day,192,Repeat,Gavage,6,0,0,0,,,,,,186,14,2,Liver,1/1,https://dbarchive.biosciencedbc.jp/data/open-tggates-pathological-images/LATEST/images/bromobenzene/Liver/30520.svs,ftp://ftp.biosciencedbc.jp/archive/open-tggates-pathological-images/LATEST/images/bromobenzene/Liver/30520.svs,0
30523.svs,0,,E0186-G14-P1,E0186-G14-I3,normal,bromobenzene,High,0,300,mg/kg,8 day,192,Repeat,Gavage,6,0,0,0,,,,,,186,14,3,Liver,1/1,https://dbarchive.biosciencedbc.jp/data/open-tggates-pathological-images/LATEST/images/bromobenzene/Liver/30523.svs,ftp://ftp.biosciencedbc.jp/archive/open-tggates-pathological-images/LATEST/images/bromobenzene/Liver/30523.svs,0
30525.svs,1,,E0186-G14-P1,E0186-G14-I4,abnormal,bromobenzene,High,0,300,mg/kg,8 day,192,Repeat,Gavage,6,1,1,0,minimal,Hypertrophy,Centrilobular,minimal,false,186,14,4,Liver,1/1,https://dbarchive.biosciencedbc.jp/data/open-tggates-pathological-images/LATEST/images/bromobenzene/Liver/30525.svs,ftp://ftp.biosciencedbc.jp/archive/open-tggates-pathological-images/LATEST/images/bromobenzene/Liver/30525.svs,0
7745.svs,1,,E0196-G16-P0,E0196-G16-I1,abnormal,coumarin,High,0,150,mg/kg,24 hr,24,Single,Gavage,6,1,1,0,minimal,"Change, eosinophilic",Centrilobular,minimal,false,196,16,1,Liver,1/1,https://dbarchive.biosciencedbc.jp/data/open-tggates-pathological-images/LATEST/images/coumarin/Liver/7745.svs,ftp://ftp.biosciencedbc.jp/archive/open-tggates-pathological-images/LATEST/images/coumarin/Liver/7745.svs,0
7751.svs,0,,E0196-G16-P0,E0196-G16-I4,normal,coumarin,High,0,150,mg/kg,24 hr,24,Single,Gavage,6,0,0,0,,,,,,196,16,4,Liver,1/1,https://dbarchive.biosciencedbc.jp/data/open-tggates-pathological-images/LATEST/images/coumarin/Liver/7751.svs,ftp://ftp.biosciencedbc.jp/archive/open-tggates-pathological-images/LATEST/images/coumarin/Liver/7751.svs,0
29026.svs,0,,E0197-G13-P0,E0197-G13-I1,normal,coumarin,High,0,150,mg/kg,4 day,96,Repeat,Gavage,6,0,0,0,,,,,,197,13,1,Liver,1/1,https://dbarchive.biosciencedbc.jp/data/open-tggates-pathological-images/LATEST/images/coumarin/Liver/29026.svs,ftp://ftp.biosciencedbc.jp/archive/open-tggates-pathological-images/LATEST/images/coumarin/Liver/29026.svs,0
29033.svs,1,,E0197-G13-P0,E0197-G13-I5,abnormal,coumarin,High,0,150,mg/kg,4 day,96,Repeat,Gavage,6,2,1,1,minimal,Increased mitosis; Single cell necrosis,Hepatocyte; Hepatocyte,minimal; minimal,true; false,197,13,5,Liver,1/1,https://dbarchive.biosciencedbc.jp/data/open-tggates-pathological-images/LATEST/images/coumarin/Liver/29033.svs,ftp://ftp.biosciencedbc.jp/archive/open-tggates-pathological-images/LATEST/images/coumarin/Liver/29033.svs,0
8047.svs,0,,E0201-G16-P0,E0201-G16-I1,normal,propylthiouracil,High,0,100,mg/kg,29 day,696,Repeat,Gavage,6,0,0,0,,,,,,201,16,1,Liver,1/1,https://dbarchive.biosciencedbc.jp/data/open-tggates-pathological-images/LATEST/images/propylthiouracil/Liver/8047.svs,ftp://ftp.biosciencedbc.jp/archive/open-tggates-pathological-images/LATEST/images/propylthiouracil/Liver/8047.svs,0
8049.svs,1,,E0201-G16-P0,E0201-G16-I2,abnormal,propylthiouracil,High,0,100,mg/kg,29 day,696,Repeat,Gavage,6,1,1,0,minimal,Hypertrophy,Centrilobular,minimal,false,201,16,2,Liver,1/1,https://dbarchive.biosciencedbc.jp/data/open-tggates-pathological-images/LATEST/images/propylthiouracil/Liver/8049.svs,ftp://ftp.biosciencedbc.jp/archive/open-tggates-pathological-images/LATEST/images/propylthiouracil/Liver/8049.svs,0
30406.svs,0,,E0209-G14-P0,E0209-G14-I1,normal,amiodarone,High,0,200,mg/kg,8 day,192,Repeat,Gavage,6,0,0,0,,,,,,209,14,1,Liver,1/1,https://dbarchive.biosciencedbc.jp/data/open-tggates-pathological-images/LATEST/images/amiodarone/Liver/30406.svs,ftp://ftp.biosciencedbc.jp/archive/open-tggates-pathological-images/LATEST/images/amiodarone/Liver/30406.svs,0
30408.svs,0,,E0209-G14-P1,E0209-G14-I2,normal,amiodarone,High,0,200,mg/kg,8 day,192,Repeat,Gavage,6,0,0,0,,,,,,209,14,2,Liver,1/1,https://dbarchive.biosciencedbc.jp/data/open-tggates-pathological-images/LATEST/images/amiodarone/Liver/30408.svs,ftp://ftp.biosciencedbc.jp/archive/open-tggates-pathological-images/LATEST/images/amiodarone/Liver/30408.svs,0
30409.svs,1,,E0209-G14-P0,E0209-G14-I3,abnormal,amiodarone,High,0,200,mg/kg,8 day,192,Repeat,Gavage,6,1,1,0,minimal,"Vacuolization, cytoplasmic",Bile duct cell,minimal,false,209,14,3,Liver,1/1,https://dbarchive.biosciencedbc.jp/data/open-tggates-pathological-images/LATEST/images/amiodarone/Liver/30409.svs,ftp://ftp.biosciencedbc.jp/archive/open-tggates-pathological-images/LATEST/images/amiodarone/Liver/30409.svs,0
30410.svs,1,,E0209-G14-P1,E0209-G14-I4,abnormal,amiodarone,High,0,200,mg/kg,8 day,192,Repeat,Gavage,6,1,1,0,minimal,"Vacuolization, cytoplasmic",Bile duct cell,minimal,false,209,14,4,Liver,1/1,https://dbarchive.biosciencedbc.jp/data/open-tggates-pathological-images/LATEST/images/amiodarone/Liver/30410.svs,ftp://ftp.biosciencedbc.jp/archive/open-tggates-pathological-images/LATEST/images/amiodarone/Liver/30410.svs,0
30747.svs,1,,E0211-G10-P0,E0211-G10-I1,abnormal,sulfasalazine,Middle,0,300,mg/kg,8 day,192,Repeat,Gavage,6,1,1,0,slight,Swelling,Centrilobular,slight,false,211,10,1,Liver,1/1,https://dbarchive.biosciencedbc.jp/data/open-tggates-pathological-images/LATEST/images/sulfasalazine/Liver/30747.svs,ftp://ftp.biosciencedbc.jp/archive/open-tggates-pathological-images/LATEST/images/sulfasalazine/Liver/30747.svs,0
30750.svs,0,,E0211-G10-P0,E0211-G10-I2,normal,sulfasalazine,Middle,0,300,mg/kg,8 day,192,Repeat,Gavage,6,0,0,0,,,,,,211,10,2,Liver,1/1,https://dbarchive.biosciencedbc.jp/data/open-tggates-pathological-images/LATEST/images/sulfasalazine/Liver/30750.svs,ftp://ftp.biosciencedbc.jp/archive/open-tggates-pathological-images/LATEST/images/sulfasalazine/Liver/30750.svs,0
30752.svs,0,,E0211-G10-P1,E0211-G10-I3,normal,sulfasalazine,Middle,0,300,mg/kg,8 day,192,Repeat,Gavage,6,0,0,0,,,,,,211,10,3,Liver,1/1,https://dbarchive.biosciencedbc.jp/data/open-tggates-pathological-images/LATEST/images/sulfasalazine/Liver/30752.svs,ftp://ftp.biosciencedbc.jp/archive/open-tggates-pathological-images/LATEST/images/sulfasalazine/Liver/30752.svs,0
30756.svs,1,,E0211-G10-P1,E0211-G10-I5,abnormal,sulfasalazine,Middle,0,300,mg/kg,8 day,192,Repeat,Gavage,6,1,1,0,slight,Swelling,Centrilobular,slight,false,211,10,5,Liver,1/1,https://dbarchive.biosciencedbc.jp/data/open-tggates-pathological-images/LATEST/images/sulfasalazine/Liver/30756.svs,ftp://ftp.biosciencedbc.jp/archive/open-tggates-pathological-images/LATEST/images/sulfasalazine/Liver/30756.svs,0
30842.svs,0,,E0211-G12-P0,E0211-G12-I1,normal,sulfasalazine,Middle,0,300,mg/kg,29 day,696,Repeat,Gavage,6,0,0,0,,,,,,211,12,1,Liver,1/1,https://dbarchive.biosciencedbc.jp/data/open-tggates-pathological-images/LATEST/images/sulfasalazine/Liver/30842.svs,ftp://ftp.biosciencedbc.jp/archive/open-tggates-pathological-images/LATEST/images/sulfasalazine/Liver/30842.svs,0
30847.svs,1,,E0211-G12-P0,E0211-G12-I3,abnormal,sulfasalazine,Middle,0,300,mg/kg,29 day,696,Repeat,Gavage,6,1,1,0,slight,Swelling,Centrilobular,slight,false,211,12,3,Liver,1/1,https://dbarchive.biosciencedbc.jp/data/open-tggates-pathological-images/LATEST/images/sulfasalazine/Liver/30847.svs,ftp://ftp.biosciencedbc.jp/archive/open-tggates-pathological-images/LATEST/images/sulfasalazine/Liver/30847.svs,0
30714.svs,0,,E0211-G13-P0,E0211-G13-I1,normal,sulfasalazine,High,0,1000,mg/kg,4 day,96,Repeat,Gavage,6,0,0,0,,,,,,211,13,1,Liver,1/1,https://dbarchive.biosciencedbc.jp/data/open-tggates-pathological-images/LATEST/images/sulfasalazine/Liver/30714.svs,ftp://ftp.biosciencedbc.jp/archive/open-tggates-pathological-images/LATEST/images/sulfasalazine/Liver/30714.svs,0
30716.svs,1,,E0211-G13-P0,E0211-G13-I2,abnormal,sulfasalazine,High,0,1000,mg/kg,4 day,96,Repeat,Gavage,6,1,1,0,slight,Swelling,Centrilobular,slight,false,211,13,2,Liver,1/1,https://dbarchive.biosciencedbc.jp/data/open-tggates-pathological-images/LATEST/images/sulfasalazine/Liver/30716.svs,ftp://ftp.biosciencedbc.jp/archive/open-tggates-pathological-images/LATEST/images/sulfasalazine/Liver/30716.svs,0
31163.svs,1,,E0214-G16-P0,E0214-G16-I1,abnormal,cimetidine,High,0,1000,mg/kg,29 day,696,Repeat,Gavage,6,1,1,0,moderate,Swelling,Centrilobular,moderate,false,214,16,1,Liver,1/1,https://dbarchive.biosciencedbc.jp/data/open-tggates-pathological-images/LATEST/images/cimetidine/Liver/31163.svs,ftp://ftp.biosciencedbc.jp/archive/open-tggates-pathological-images/LATEST/images/cimetidine/Liver/31163.svs,0
31164.svs,0,,E0214-G16-P0,E0214-G16-I2,normal,cimetidine,High,0,1000,mg/kg,29 day,696,Repeat,Gavage,6,0,0,0,,,,,,214,16,2,Liver,1/1,https://dbarchive.biosciencedbc.jp/data/open-tggates-pathological-images/LATEST/images/cimetidine/Liver/31164.svs,ftp://ftp.biosciencedbc.jp/archive/open-tggates-pathological-images/LATEST/images/cimetidine/Liver/31164.svs,0
31165.svs,0,,E0214-G16-P1,E0214-G16-I3,normal,cimetidine,High,0,1000,mg/kg,29 day,696,Repeat,Gavage,6,0,0,0,,,,,,214,16,3,Liver,1/1,https://dbarchive.biosciencedbc.jp/data/open-tggates-pathological-images/LATEST/images/cimetidine/Liver/31165.svs,ftp://ftp.biosciencedbc.jp/archive/open-tggates-pathological-images/LATEST/images/cimetidine/Liver/31165.svs,0
31166.svs,1,,E0214-G16-P1,E0214-G16-I4,abnormal,cimetidine,High,0,1000,mg/kg,29 day,696,Repeat,Gavage,6,2,1,1,slight,Microgranuloma; Swelling,-; Centrilobular,minimal; slight,true; false,214,16,4,Liver,1/1,https://dbarchive.biosciencedbc.jp/data/open-tggates-pathological-images/LATEST/images/cimetidine/Liver/31166.svs,ftp://ftp.biosciencedbc.jp/archive/open-tggates-pathological-images/LATEST/images/cimetidine/Liver/31166.svs,0
32079.svs,1,,E0229-G12-P0,E0229-G12-I1,abnormal,azathioprine,Middle,0,10,mg/kg,29 day,696,Repeat,Gavage,6,3,3,0,slight,"Bacterium; Necrosis; Vacuolization, cytoplasmic",Sinusoid; -; Hepatocyte,slight; slight; slight,false; false; false,229,12,1,Liver,1/1,https://dbarchive.biosciencedbc.jp/data/open-tggates-pathological-images/LATEST/images/azathioprine/Liver/32079.svs,ftp://ftp.biosciencedbc.jp/archive/open-tggates-pathological-images/LATEST/images/azathioprine/Liver/32079.svs,0
32085.svs,0,,E0229-G12-P0,E0229-G12-I2,normal,azathioprine,Middle,0,10,mg/kg,29 day,696,Repeat,Gavage,6,0,0,0,,,,,,229,12,2,Liver,1/1,https://dbarchive.biosciencedbc.jp/data/open-tggates-pathological-images/LATEST/images/azathioprine/Liver/32085.svs,ftp://ftp.biosciencedbc.jp/archive/open-tggates-pathological-images/LATEST/images/azathioprine/Liver/32085.svs,0
32164.svs,0,,E0229-G15-P0,E0229-G15-I1,normal,azathioprine,High,0,30,mg/kg,15 day,360,Repeat,Gavage,6,0,0,0,,,,,,229,15,1,Liver,1/1,https://dbarchive.biosciencedbc.jp/data/open-tggates-pathological-images/LATEST/images/azathioprine/Liver/32164.svs,ftp://ftp.biosciencedbc.jp/archive/open-tggates-pathological-images/LATEST/images/azathioprine/Liver/32164.svs,0
32170.svs,1,,E0229-G15-P0,E0229-G15-I2,abnormal,azathioprine,High,0,30,mg/kg,15 day,360,Repeat,Gavage,6,1,1,0,slight,Necrosis,-,slight,false,229,15,2,Liver,1/1,https://dbarchive.biosciencedbc.jp/data/open-tggates-pathological-images/LATEST/images/azathioprine/Liver/32170.svs,ftp://ftp.biosciencedbc.jp/archive/open-tggates-pathological-images/LATEST/images/azathioprine/Liver/32170.svs,0
32174.svs,0,,E0229-G15-P1,E0229-G15-I3,normal,azathioprine,High,0,30,mg/kg,15 day,360,Repeat,Gavage,6,0,0,0,,,,,,229,15,3,Liver,1/1,https://dbarchive.biosciencedbc.jp/data/open-tggates-pathological-images/LATEST/images/azathioprine/Liver/32174.svs,ftp://ftp.biosciencedbc.jp/archive/open-tggates-pathological-images/LATEST/images/azathioprine/Liver/32174.svs,0
32178.svs,1,,E0229-G15-P1,E0229-G15-I4,abnormal,azathioprine,High,0,30,mg/kg,15 day,360,Repeat,Gavage,6,3,3,0,moderate,"Bacterium; Necrosis; Vacuolization, cytoplasmic",Sinusoid; -; Hepatocyte,slight; moderate; slight,false; false; false,229,15,4,Liver,1/1,https://dbarchive.biosciencedbc.jp/data/open-tggates-pathological-images/LATEST/images/azathioprine/Liver/32178.svs,ftp://ftp.biosciencedbc.jp/archive/open-tggates-pathological-images/LATEST/images/azathioprine/Liver/32178.svs,0
71035.svs,0,,E0230-G16-P0,E0230-G16-I1,normal,ketoconazole,High,0,100,mg/kg,24 hr,24,Single,Gavage,6,0,0,0,,,,,,230,16,1,Liver,1/1,https://dbarchive.biosciencedbc.jp/data/open-tggates-pathological-images/LATEST/images/ketoconazole/Liver/71035.svs,ftp://ftp.biosciencedbc.jp/archive/open-tggates-pathological-images/LATEST/images/ketoconazole/Liver/71035.svs,0
32588.svs,1,,E0230-G16-P0,E0230-G16-I2,abnormal,ketoconazole,High,0,100,mg/kg,24 hr,24,Single,Gavage,6,1,1,0,slight,Increased mitosis,Hepatocyte,slight,false,230,16,2,Liver,1/1,https://dbarchive.biosciencedbc.jp/data/open-tggates-pathological-images/LATEST/images/ketoconazole/Liver/32588.svs,ftp://ftp.biosciencedbc.jp/archive/open-tggates-pathological-images/LATEST/images/ketoconazole/Liver/32588.svs,0
32594.svs,1,,E0230-G16-P1,E0230-G16-I3,abnormal,ketoconazole,High,0,100,mg/kg,24 hr,24,Single,Gavage,6,1,1,0,slight,Increased mitosis,Hepatocyte,slight,false,230,16,3,Liver,1/1,https://dbarchive.biosciencedbc.jp/data/open-tggates-pathological-images/LATEST/images/ketoconazole/Liver/32594.svs,ftp://ftp.biosciencedbc.jp/archive/open-tggates-pathological-images/LATEST/images/ketoconazole/Liver/32594.svs,0
32599.svs,0,,E0230-G16-P1,E0230-G16-I4,normal,ketoconazole,High,0,100,mg/kg,24 hr,24,Single,Gavage,6,0,0,0,,,,,,230,16,4,Liver,1/1,https://dbarchive.biosciencedbc.jp/data/open-tggates-pathological-images/LATEST/images/ketoconazole/Liver/32599.svs,ftp://ftp.biosciencedbc.jp/archive/open-tggates-pathological-images/LATEST/images/ketoconazole/Liver/32599.svs,0
71360.svs,1,,E0231-G11-P0,E0231-G11-I1,abnormal,ketoconazole,Middle,0,30,mg/kg,15 day,360,Repeat,Gavage,6,1,1,0,slight,Hypertrophy,Centrilobular,slight,false,231,11,1,Liver,1/1,https://dbarchive.biosciencedbc.jp/data/open-tggates-pathological-images/LATEST/images/ketoconazole/Liver/71360.svs,ftp://ftp.biosciencedbc.jp/archive/open-tggates-pathological-images/LATEST/images/ketoconazole/Liver/71360.svs,0
32904.svs,0,,E0231-G11-P0,E0231-G11-I2,normal,ketoconazole,Middle,0,30,mg/kg,15 day,360,Repeat,Gavage,6,0,0,0,,,,,,231,11,2,Liver,1/1,https://dbarchive.biosciencedbc.jp/data/open-tggates-pathological-images/LATEST/images/ketoconazole/Liver/32904.svs,ftp://ftp.biosciencedbc.jp/archive/open-tggates-pathological-images/LATEST/images/ketoconazole/Liver/32904.svs,0
71249.svs,1,,E0231-G11-P1,E0231-G11-I3,abnormal,ketoconazole,Middle,0,30,mg/kg,15 day,360,Repeat,Gavage,6,1,1,0,slight,"Vacuolization, cytoplasmic","Bile duct, interlobular",slight,false,231,11,3,Liver,1/1,https://dbarchive.biosciencedbc.jp/data/open-tggates-pathological-images/LATEST/images/ketoconazole/Liver/71249.svs,ftp://ftp.biosciencedbc.jp/archive/open-tggates-pathological-images/LATEST/images/ketoconazole/Liver/71249.svs,0
71361.svs,0,,E0231-G11-P1,E0231-G11-I4,normal,ketoconazole,Middle,0,30,mg/kg,15 day,360,Repeat,Gavage,6,0,0,0,,,,,,231,11,4,Liver,1/1,https://dbarchive.biosciencedbc.jp/data/open-tggates-pathological-images/LATEST/images/ketoconazole/Liver/71361.svs,ftp://ftp.biosciencedbc.jp/archive/open-tggates-pathological-images/LATEST/images/ketoconazole/Liver/71361.svs,0
30821.svs,1,,E0238-G15-P0,E0238-G15-I1,abnormal,adapin,High,0,100,mg/kg,15 day,360,Repeat,Gavage,6,1,1,0,slight,"Change, eosinophilic",Centrilobular,slight,false,238,15,1,Liver,1/1,https://dbarchive.biosciencedbc.jp/data/open-tggates-pathological-images/LATEST/images/adapin/Liver/30821.svs,ftp://ftp.biosciencedbc.jp/archive/open-tggates-pathological-images/LATEST/images/adapin/Liver/30821.svs,0
30823.svs,0,,E0238-G15-P0,E0238-G15-I2,normal,adapin,High,0,100,mg/kg,15 day,360,Repeat,Gavage,6,0,0,0,,,,,,238,15,2,Liver,1/1,https://dbarchive.biosciencedbc.jp/data/open-tggates-pathological-images/LATEST/images/adapin/Liver/30823.svs,ftp://ftp.biosciencedbc.jp/archive/open-tggates-pathological-images/LATEST/images/adapin/Liver/30823.svs,0
10646.svs,1,,E0241-G12-P0,E0241-G12-I1,abnormal,methyltestosterone,Middle,0,100,mg/kg,24 hr,24,Single,Gavage,6,1,1,0,minimal,Increased mitosis,Hepatocyte,minimal,false,241,12,1,Liver,1/1,https://dbarchive.biosciencedbc.jp/data/open-tggates-pathological-images/LATEST/images/methyltestosterone/Liver/10646.svs,ftp://ftp.biosciencedbc.jp/archive/open-tggates-pathological-images/LATEST/images/methyltestosterone/Liver/10646.svs,0
10648.svs,1,,E0241-G12-P1,E0241-G12-I2,abnormal,methyltestosterone,Middle,0,100,mg/kg,24 hr,24,Single,Gavage,6,1,1,0,minimal,Increased mitosis,Hepatocyte,minimal,false,241,12,2,Liver,1/1,https://dbarchive.biosciencedbc.jp/data/open-tggates-pathological-images/LATEST/images/methyltestosterone/Liver/10648.svs,ftp://ftp.biosciencedbc.jp/archive/open-tggates-pathological-images/LATEST/images/methyltestosterone/Liver/10648.svs,0
10650.svs,0,,E0241-G12-P0,E0241-G12-I3,normal,methyltestosterone,Middle,0,100,mg/kg,24 hr,24,Single,Gavage,6,0,0,0,,,,,,241,12,3,Liver,1/1,https://dbarchive.biosciencedbc.jp/data/open-tggates-pathological-images/LATEST/images/methyltestosterone/Liver/10650.svs,ftp://ftp.biosciencedbc.jp/archive/open-tggates-pathological-images/LATEST/images/methyltestosterone/Liver/10650.svs,0
10651.svs,0,,E0241-G12-P1,E0241-G12-I4,normal,methyltestosterone,Middle,0,100,mg/kg,24 hr,24,Single,Gavage,6,0,0,0,,,,,,241,12,4,Liver,1/1,https://dbarchive.biosciencedbc.jp/data/open-tggates-pathological-images/LATEST/images/methyltestosterone/Liver/10651.svs,ftp://ftp.biosciencedbc.jp/archive/open-tggates-pathological-images/LATEST/images/methyltestosterone/Liver/10651.svs,0
31119.svs,1,,E0242-G15-P0,E0242-G15-I1,abnormal,methyltestosterone,High,0,300,mg/kg,15 day,360,Repeat,Gavage,6,1,1,0,slight,Hypertrophy,Hepatocyte,slight,false,242,15,1,Liver,1/1,https://dbarchive.biosciencedbc.jp/data/open-tggates-pathological-images/LATEST/images/methyltestosterone/Liver/31119.svs,ftp://ftp.biosciencedbc.jp/archive/open-tggates-pathological-images/LATEST/images/methyltestosterone/Liver/31119.svs,0
31123.svs,0,,E0242-G15-P0,E0242-G15-I3,normal,methyltestosterone,High,0,300,mg/kg,15 day,360,Repeat,Gavage,6,0,0,0,,,,,,242,15,3,Liver,1/1,https://dbarchive.biosciencedbc.jp/data/open-tggates-pathological-images/LATEST/images/methyltestosterone/Liver/31123.svs,ftp://ftp.biosciencedbc.jp/archive/open-tggates-pathological-images/LATEST/images/methyltestosterone/Liver/31123.svs,0
33009.svs,0,,E0266-G09-P0,E0266-G09-I1,normal,metformin,Middle,0,300,mg/kg,4 day,96,Repeat,Gavage,6,0,0,0,,,,,,266,9,1,Liver,1/1,https://dbarchive.biosciencedbc.jp/data/open-tggates-pathological-images/LATEST/images/metformin/Liver/33009.svs,ftp://ftp.biosciencedbc.jp/archive/open-tggates-pathological-images/LATEST/images/metformin/Liver/33009.svs,0
33012.svs,1,,E0266-G09-P0,E0266-G09-I2,abnormal,metformin,Middle,0,300,mg/kg,4 day,96,Repeat,Gavage,6,1,1,0,minimal,"Deposit, glycogen",Periportal,minimal,false,266,9,2,Liver,1/1,https://dbarchive.biosciencedbc.jp/data/open-tggates-pathological-images/LATEST/images/metformin/Liver/33012.svs,ftp://ftp.biosciencedbc.jp/archive/open-tggates-pathological-images/LATEST/images/metformin/Liver/33012.svs,0
33014.svs,0,,E0266-G09-P1,E0266-G09-I3,normal,metformin,Middle,0,300,mg/kg,4 day,96,Repeat,Gavage,6,0,0,0,,,,,,266,9,3,Liver,1/1,https://dbarchive.biosciencedbc.jp/data/open-tggates-pathological-images/LATEST/images/metformin/Liver/33014.svs,ftp://ftp.biosciencedbc.jp/archive/open-tggates-pathological-images/LATEST/images/metformin/Liver/33014.svs,0
33017.svs,1,,E0266-G09-P1,E0266-G09-I5,abnormal,metformin,Middle,0,300,mg/kg,4 day,96,Repeat,Gavage,6,1,1,0,minimal,"Deposit, glycogen",Periportal,minimal,false,266,9,5,Liver,1/1,https://dbarchive.biosciencedbc.jp/data/open-tggates-pathological-images/LATEST/images/metformin/Liver/33017.svs,ftp://ftp.biosciencedbc.jp/archive/open-tggates-pathological-images/LATEST/images/metformin/Liver/33017.svs,0
33062.svs,0,,E0266-G14-P0,E0266-G14-I1,normal,metformin,High,0,1000,mg/kg,8 day,192,Repeat,Gavage,6,0,0,0,,,,,,266,14,1,Liver,1/1,https://dbarchive.biosciencedbc.jp/data/open-tggates-pathological-images/LATEST/images/metformin/Liver/33062.svs,ftp://ftp.biosciencedbc.jp/archive/open-tggates-pathological-images/LATEST/images/metformin/Liver/33062.svs,0
33064.svs,1,,E0266-G14-P0,E0266-G14-I2,abnormal,metformin,High,0,1000,mg/kg,8 day,192,Repeat,Gavage,6,1,1,0,minimal,"Deposit, glycogen",Periportal,minimal,false,266,14,2,Liver,1/1,https://dbarchive.biosciencedbc.jp/data/open-tggates-pathological-images/LATEST/images/metformin/Liver/33064.svs,ftp://ftp.biosciencedbc.jp/archive/open-tggates-pathological-images/LATEST/images/metformin/Liver/33064.svs,0
33067.svs,0,,E0266-G14-P1,E0266-G14-I3,normal,metformin,High,0,1000,mg/kg,8 day,192,Repeat,Gavage,6,0,0,0,,,,,,266,14,3,Liver,1/1,https://dbarchive.biosciencedbc.jp/data/open-tggates-pathological-images/LATEST/images/metformin/Liver/33067.svs,ftp://ftp.biosciencedbc.jp/archive/open-tggates-pathological-images/LATEST/images/metformin/Liver/33067.svs,0
33068.svs,1,,E0266-G14-P1,E0266-G14-I4,abnormal,metformin,High,0,1000,mg/kg,8 day,192,Repeat,Gavage,6,1,1,0,minimal,"Deposit, glycogen",Periportal,minimal,false,266,14,4,Liver,1/1,https://dbarchive.biosciencedbc.jp/data/open-tggates-pathological-images/LATEST/images/metformin/Liver/33068.svs,ftp://ftp.biosciencedbc.jp/archive/open-tggates-pathological-images/LATEST/images/metformin/Liver/33068.svs,0
33071.svs,0,,E0266-G15-P0,E0266-G15-I1,normal,metformin,High,0,1000,mg/kg,15 day,360,Repeat,Gavage,6,0,0,0,,,,,,266,15,1,Liver,1/1,https://dbarchive.biosciencedbc.jp/data/open-tggates-pathological-images/LATEST/images/metformin/Liver/33071.svs,ftp://ftp.biosciencedbc.jp/archive/open-tggates-pathological-images/LATEST/images/metformin/Liver/33071.svs,0
33072.svs,0,,E0266-G15-P1,E0266-G15-I2,normal,metformin,High,0,1000,mg/kg,15 day,360,Repeat,Gavage,6,0,0,0,,,,,,266,15,2,Liver,1/1,https://dbarchive.biosciencedbc.jp/data/open-tggates-pathological-images/LATEST/images/metformin/Liver/33072.svs,ftp://ftp.biosciencedbc.jp/archive/open-tggates-pathological-images/LATEST/images/metformin/Liver/33072.svs,0
33075.svs,1,,E0266-G15-P0,E0266-G15-I4,abnormal,metformin,High,0,1000,mg/kg,15 day,360,Repeat,Gavage,6,1,1,0,minimal,"Deposit, glycogen",Periportal,minimal,false,266,15,4,Liver,1/1,https://dbarchive.biosciencedbc.jp/data/open-tggates-pathological-images/LATEST/images/metformin/Liver/33075.svs,ftp://ftp.biosciencedbc.jp/archive/open-tggates-pathological-images/LATEST/images/metformin/Liver/33075.svs,0
33077.svs,1,,E0266-G15-P1,E0266-G15-I5,abnormal,metformin,High,0,1000,mg/kg,15 day,360,Repeat,Gavage,6,1,1,0,minimal,"Deposit, glycogen",Periportal,minimal,false,266,15,5,Liver,1/1,https://dbarchive.biosciencedbc.jp/data/open-tggates-pathological-images/LATEST/images/metformin/Liver/33077.svs,ftp://ftp.biosciencedbc.jp/archive/open-tggates-pathological-images/LATEST/images/metformin/Liver/33077.svs,0
33079.svs,1,,E0266-G16-P0,E0266-G16-I1,abnormal,metformin,High,0,1000,mg/kg,29 day,696,Repeat,Gavage,6,1,1,0,minimal,"Deposit, glycogen",Periportal,minimal,false,266,16,1,Liver,1/1,https://dbarchive.biosciencedbc.jp/data/open-tggates-pathological-images/LATEST/images/metformin/Liver/33079.svs,ftp://ftp.biosciencedbc.jp/archive/open-tggates-pathological-images/LATEST/images/metformin/Liver/33079.svs,0
33080.svs,0,,E0266-G16-P0,E0266-G16-I2,normal,metformin,High,0,1000,mg/kg,29 day,696,Repeat,Gavage,6,0,0,0,,,,,,266,16,2,Liver,1/1,https://dbarchive.biosciencedbc.jp/data/open-tggates-pathological-images/LATEST/images/metformin/Liver/33080.svs,ftp://ftp.biosciencedbc.jp/archive/open-tggates-pathological-images/LATEST/images/metformin/Liver/33080.svs,0
33433.svs,0,,E0278-G13-P0,E0278-G13-I1,normal,methimazole,High,0,100,mg/kg,4 day,96,Repeat,Gavage,6,0,0,0,,,,,,278,13,1,Liver,1/1,https://dbarchive.biosciencedbc.jp/data/open-tggates-pathological-images/LATEST/images/methimazole/Liver/33433.svs,ftp://ftp.biosciencedbc.jp/archive/open-tggates-pathological-images/LATEST/images/methimazole/Liver/33433.svs,0
70531.svs,1,,E0278-G13-P0,E0278-G13-I2,abnormal,methimazole,High,0,100,mg/kg,4 day,96,Repeat,Gavage,6,1,1,0,minimal,Hypertrophy,Centrilobular,minimal,false,278,13,2,Liver,1/1,https://dbarchive.biosciencedbc.jp/data/open-tggates-pathological-images/LATEST/images/methimazole/Liver/70531.svs,ftp://ftp.biosciencedbc.jp/archive/open-tggates-pathological-images/LATEST/images/methimazole/Liver/70531.svs,0
33460.svs,1,,E0278-G14-P0,E0278-G14-I1,abnormal,methimazole,High,0,100,mg/kg,8 day,192,Repeat,Gavage,6,1,1,0,minimal,Hypertrophy,Centrilobular,minimal,false,278,14,1,Liver,1/1,https://dbarchive.biosciencedbc.jp/data/open-tggates-pathological-images/LATEST/images/methimazole/Liver/33460.svs,ftp://ftp.biosciencedbc.jp/archive/open-tggates-pathological-images/LATEST/images/methimazole/Liver/33460.svs,0
70535.svs,0,,E0278-G14-P0,E0278-G14-I2,normal,methimazole,High,0,100,mg/kg,8 day,192,Repeat,Gavage,6,0,0,0,,,,,,278,14,2,Liver,1/1,https://dbarchive.biosciencedbc.jp/data/open-tggates-pathological-images/LATEST/images/methimazole/Liver/70535.svs,ftp://ftp.biosciencedbc.jp/archive/open-tggates-pathological-images/LATEST/images/methimazole/Liver/70535.svs,0
33472.svs,1,,E0278-G14-P1,E0278-G14-I3,abnormal,methimazole,High,0,100,mg/kg,8 day,192,Repeat,Gavage,6,1,1,0,minimal,Hypertrophy,Centrilobular,minimal,false,278,14,3,Liver,1/1,https://dbarchive.biosciencedbc.jp/data/open-tggates-pathological-images/LATEST/images/methimazole/Liver/33472.svs,ftp://ftp.biosciencedbc.jp/archive/open-tggates-pathological-images/LATEST/images/methimazole/Liver/33472.svs,0
33479.svs,0,,E0278-G14-P1,E0278-G14-I4,normal,methimazole,High,0,100,mg/kg,8 day,192,Repeat,Gavage,6,0,0,0,,,,,,278,14,4,Liver,1/1,https://dbarchive.biosciencedbc.jp/data/open-tggates-pathological-images/LATEST/images/methimazole/Liver/33479.svs,ftp://ftp.biosciencedbc.jp/archive/open-tggates-pathological-images/LATEST/images/methimazole/Liver/33479.svs,0
70550.svs,1,,E0280-G11-P0,E0280-G11-I1,abnormal,monocrotaline,Middle,0,10,mg/kg,15 day,360,Repeat,Gavage,6,1,1,0,slight,Cellular infiltration,Sinusoid,slight,false,280,11,1,Liver,1/1,https://dbarchive.biosciencedbc.jp/data/open-tggates-pathological-images/LATEST/images/monocrotaline/Liver/70550.svs,ftp://ftp.biosciencedbc.jp/archive/open-tggates-pathological-images/LATEST/images/monocrotaline/Liver/70550.svs,0
33925.svs,0,,E0280-G11-P0,E0280-G11-I2,normal,monocrotaline,Middle,0,10,mg/kg,15 day,360,Repeat,Gavage,6,0,0,0,,,,,,280,11,2,Liver,1/1,https://dbarchive.biosciencedbc.jp/data/open-tggates-pathological-images/LATEST/images/monocrotaline/Liver/33925.svs,ftp://ftp.biosciencedbc.jp/archive/open-tggates-pathological-images/LATEST/images/monocrotaline/Liver/33925.svs,0
70551.svs,0,,E0280-G11-P1,E0280-G11-I3,normal,monocrotaline,Middle,0,10,mg/kg,15 day,360,Repeat,Gavage,6,0,0,0,,,,,,280,11,3,Liver,1/1,https://dbarchive.biosciencedbc.jp/data/open-tggates-pathological-images/LATEST/images/monocrotaline/Liver/70551.svs,ftp://ftp.biosciencedbc.jp/archive/open-tggates-pathological-images/LATEST/images/monocrotaline/Liver/70551.svs,0
33945.svs,1,,E0280-G11-P1,E0280-G11-I4,abnormal,monocrotaline,Middle,0,10,mg/kg,15 day,360,Repeat,Gavage,6,5,5,0,slight,"Cellular infiltration; Change, acidophilic; Fibrosis; Fibrosis; Hemorrhage",Sinusoid; Hepatocyte; Centrilobular; Periportal; Centrilobular,slight; slight; slight; slight; slight,false; false; false; false; false,280,11,4,Liver,1/1,https://dbarchive.biosciencedbc.jp/data/open-tggates-pathological-images/LATEST/images/monocrotaline/Liver/33945.svs,ftp://ftp.biosciencedbc.jp/archive/open-tggates-pathological-images/LATEST/images/monocrotaline/Liver/33945.svs,0
33964.svs,0,,E0280-G12-P0,E0280-G12-I1,normal,monocrotaline,Middle,0,10,mg/kg,29 day,696,Repeat,Gavage,6,0,0,0,,,,,,280,12,1,Liver,1/1,https://dbarchive.biosciencedbc.jp/data/open-tggates-pathological-images/LATEST/images/monocrotaline/Liver/33964.svs,ftp://ftp.biosciencedbc.jp/archive/open-tggates-pathological-images/LATEST/images/monocrotaline/Liver/33964.svs,0
70554.svs,1,,E0280-G12-P0,E0280-G12-I2,abnormal,monocrotaline,Middle,0,10,mg/kg,29 day,696,Repeat,Gavage,6,6,6,0,moderate,"Cellular infiltration; Change, acidophilic; Fibrosis; Hemorrhage; Hypertrophy; Necrosis",Sinusoid; Hepatocyte; Centrilobular; Centrilobular; Peripheral; Hepatocyte,moderate; moderate; slight; slight; moderate; slight,false; false; false; false; false; false,280,12,2,Liver,1/1,https://dbarchive.biosciencedbc.jp/data/open-tggates-pathological-images/LATEST/images/monocrotaline/Liver/70554.svs,ftp://ftp.biosciencedbc.jp/archive/open-tggates-pathological-images/LATEST/images/monocrotaline/Liver/70554.svs,0
33978.svs,0,,E0280-G12-P1,E0280-G12-I3,normal,monocrotaline,Middle,0,10,mg/kg,29 day,696,Repeat,Gavage,6,0,0,0,,,,,,280,12,3,Liver,1/1,https://dbarchive.biosciencedbc.jp/data/open-tggates-pathological-images/LATEST/images/monocrotaline/Liver/33978.svs,ftp://ftp.biosciencedbc.jp/archive/open-tggates-pathological-images/LATEST/images/monocrotaline/Liver/33978.svs,0
33986.svs,1,,E0280-G12-P1,E0280-G12-I4,abnormal,monocrotaline,Middle,0,10,mg/kg,29 day,696,Repeat,Gavage,6,5,5,0,moderate,"Cellular infiltration; Change, acidophilic; Fibrosis; Fibrosis; Hypertrophy",Sinusoid; Hepatocyte; Centrilobular; Periportal; Peripheral,slight; slight; slight; slight; moderate,false; false; false; false; false,280,12,4,Liver,1/1,https://dbarchive.biosciencedbc.jp/data/open-tggates-pathological-images/LATEST/images/monocrotaline/Liver/33986.svs,ftp://ftp.biosciencedbc.jp/archive/open-tggates-pathological-images/LATEST/images/monocrotaline/Liver/33986.svs,0
70556.svs,0,,E0280-G13-P0,E0280-G13-I1,normal,monocrotaline,High,0,30,mg/kg,4 day,96,Repeat,Gavage,6,0,0,0,,,,,,280,13,1,Liver,1/1,https://dbarchive.biosciencedbc.jp/data/open-tggates-pathological-images/LATEST/images/monocrotaline/Liver/70556.svs,ftp://ftp.biosciencedbc.jp/archive/open-tggates-pathological-images/LATEST/images/monocrotaline/Liver/70556.svs,0
34012.svs,1,,E0280-G13-P0,E0280-G13-I2,abnormal,monocrotaline,High,0,30,mg/kg,4 day,96,Repeat,Gavage,6,3,3,0,moderate,"Cellular infiltration; Change, acidophilic; Necrosis",Sinusoid; Hepatocyte; Hepatocyte,slight; moderate; slight,false; false; false,280,13,2,Liver,1/1,https://dbarchive.biosciencedbc.jp/data/open-tggates-pathological-images/LATEST/images/monocrotaline/Liver/34012.svs,ftp://ftp.biosciencedbc.jp/archive/open-tggates-pathological-images/LATEST/images/monocrotaline/Liver/34012.svs,0
70558.svs,1,,E0280-G14-P0,E0280-G14-I1,abnormal,monocrotaline,High,0,30,mg/kg,8 day,192,Repeat,Gavage,6,6,6,0,moderate,"Cellular infiltration; Change, acidophilic; Fibrosis; Fibrosis; Hemorrhage; Necrosis",Sinusoid; Hepatocyte; Periportal; Centrilobular; Centrilobular; Hepatocyte,moderate; moderate; moderate; moderate; slight; slight,false; false; false; false; false; false,280,14,1,Liver,1/1,https://dbarchive.biosciencedbc.jp/data/open-tggates-pathological-images/LATEST/images/monocrotaline/Liver/70558.svs,ftp://ftp.biosciencedbc.jp/archive/open-tggates-pathological-images/LATEST/images/monocrotaline/Liver/70558.svs,0
34069.svs,0,,E0280-G14-P0,E0280-G14-I4,normal,monocrotaline,High,0,30,mg/kg,8 day,192,Repeat,Gavage,6,0,0,0,,,,,,280,14,4,Liver,1/1,https://dbarchive.biosciencedbc.jp/data/open-tggates-pathological-images/LATEST/images/monocrotaline/Liver/34069.svs,ftp://ftp.biosciencedbc.jp/archive/open-tggates-pathological-images/LATEST/images/monocrotaline/Liver/34069.svs,0
15431.svs,1,,E0282-G07-P0,E0282-G07-I1,abnormal,vitamin A,Low,0,10,mg/kg,15 day,360,Repeat,Gavage,6,2,2,0,slight,"Hypertrophy; Vacuolization, cytoplasmic",Ito cell; Ito cell,slight; slight,false; false,282,7,1,Liver,1/1,https://dbarchive.biosciencedbc.jp/data/open-tggates-pathological-images/LATEST/images/vitamin_A/Liver/15431.svs,ftp://ftp.biosciencedbc.jp/archive/open-tggates-pathological-images/LATEST/images/vitamin_A/Liver/15431.svs,0
70571.svs,0,,E0282-G07-P0,E0282-G07-I2,normal,vitamin A,Low,0,10,mg/kg,15 day,360,Repeat,Gavage,6,0,0,0,,,,,,282,7,2,Liver,1/1,https://dbarchive.biosciencedbc.jp/data/open-tggates-pathological-images/LATEST/images/vitamin_A/Liver/70571.svs,ftp://ftp.biosciencedbc.jp/archive/open-tggates-pathological-images/LATEST/images/vitamin_A/Liver/70571.svs,0
15500.svs,0,,E0282-G09-P0,E0282-G09-I1,normal,vitamin A,Middle,0,30,mg/kg,4 day,96,Repeat,Gavage,6,0,0,0,,,,,,282,9,1,Liver,1/1,https://dbarchive.biosciencedbc.jp/data/open-tggates-pathological-images/LATEST/images/vitamin_A/Liver/15500.svs,ftp://ftp.biosciencedbc.jp/archive/open-tggates-pathological-images/LATEST/images/vitamin_A/Liver/15500.svs,0
15530.svs,1,,E0282-G09-P0,E0282-G09-I5,abnormal,vitamin A,Middle,0,30,mg/kg,4 day,96,Repeat,Gavage,6,2,2,0,slight,"Hypertrophy; Vacuolization, cytoplasmic",Ito cell; Ito cell,slight; slight,false; false,282,9,5,Liver,1/1,https://dbarchive.biosciencedbc.jp/data/open-tggates-pathological-images/LATEST/images/vitamin_A/Liver/15530.svs,ftp://ftp.biosciencedbc.jp/archive/open-tggates-pathological-images/LATEST/images/vitamin_A/Liver/15530.svs,0
15537.svs,1,,E0282-G10-P0,E0282-G10-I1,abnormal,vitamin A,Middle,0,30,mg/kg,8 day,192,Repeat,Gavage,6,2,2,0,slight,"Hypertrophy; Vacuolization, cytoplasmic",Ito cell; Ito cell,slight; slight,false; false,282,10,1,Liver,1/1,https://dbarchive.biosciencedbc.jp/data/open-tggates-pathological-images/LATEST/images/vitamin_A/Liver/15537.svs,ftp://ftp.biosciencedbc.jp/archive/open-tggates-pathological-images/LATEST/images/vitamin_A/Liver/15537.svs,0
15544.svs,0,,E0282-G10-P0,E0282-G10-I2,normal,vitamin A,Middle,0,30,mg/kg,8 day,192,Repeat,Gavage,6,0,0,0,,,,,,282,10,2,Liver,1/1,https://dbarchive.biosciencedbc.jp/data/open-tggates-pathological-images/LATEST/images/vitamin_A/Liver/15544.svs,ftp://ftp.biosciencedbc.jp/archive/open-tggates-pathological-images/LATEST/images/vitamin_A/Liver/15544.svs,0
15552.svs,0,,E0282-G10-P1,E0282-G10-I3,normal,vitamin A,Middle,0,30,mg/kg,8 day,192,Repeat,Gavage,6,0,0,0,,,,,,282,10,3,Liver,1/1,https://dbarchive.biosciencedbc.jp/data/open-tggates-pathological-images/LATEST/images/vitamin_A/Liver/15552.svs,ftp://ftp.biosciencedbc.jp/archive/open-tggates-pathological-images/LATEST/images/vitamin_A/Liver/15552.svs,0
15568.svs,1,,E0282-G10-P1,E0282-G10-I5,abnormal,vitamin A,Middle,0,30,mg/kg,8 day,192,Repeat,Gavage,6,2,2,0,slight,"Hypertrophy; Vacuolization, cytoplasmic",Ito cell; Ito cell,slight; slight,false; false,282,10,5,Liver,1/1,https://dbarchive.biosciencedbc.jp/data/open-tggates-pathological-images/LATEST/images/vitamin_A/Liver/15568.svs,ftp://ftp.biosciencedbc.jp/archive/open-tggates-pathological-images/LATEST/images/vitamin_A/Liver/15568.svs,0
15635.svs,0,,E0282-G13-P0,E0282-G13-I1,normal,vitamin A,High,0,100,mg/kg,4 day,96,Repeat,Gavage,6,0,0,0,,,,,,282,13,1,Liver,1/1,https://dbarchive.biosciencedbc.jp/data/open-tggates-pathological-images/LATEST/images/vitamin_A/Liver/15635.svs,ftp://ftp.biosciencedbc.jp/archive/open-tggates-pathological-images/LATEST/images/vitamin_A/Liver/15635.svs,0
15644.svs,1,,E0282-G13-P0,E0282-G13-I2,abnormal,vitamin A,High,0,100,mg/kg,4 day,96,Repeat,Gavage,6,2,2,0,slight,"Hypertrophy; Vacuolization, cytoplasmic",Ito cell; Ito cell,slight; slight,false; false,282,13,2,Liver,1/1,https://dbarchive.biosciencedbc.jp/data/open-tggates-pathological-images/LATEST/images/vitamin_A/Liver/15644.svs,ftp://ftp.biosciencedbc.jp/archive/open-tggates-pathological-images/LATEST/images/vitamin_A/Liver/15644.svs,0
15651.svs,0,,E0282-G13-P1,E0282-G13-I3,normal,vitamin A,High,0,100,mg/kg,4 day,96,Repeat,Gavage,6,0,0,0,,,,,,282,13,3,Liver,1/1,https://dbarchive.biosciencedbc.jp/data/open-tggates-pathological-images/LATEST/images/vitamin_A/Liver/15651.svs,ftp://ftp.biosciencedbc.jp/archive/open-tggates-pathological-images/LATEST/images/vitamin_A/Liver/15651.svs,0
15658.svs,1,,E0282-G13-P1,E0282-G13-I4,abnormal,vitamin A,High,0,100,mg/kg,4 day,96,Repeat,Gavage,6,2,2,0,slight,"Hypertrophy; Vacuolization, cytoplasmic",Ito cell; Ito cell,slight; slight,false; false,282,13,4,Liver,1/1,https://dbarchive.biosciencedbc.jp/data/open-tggates-pathological-images/LATEST/images/vitamin_A/Liver/15658.svs,ftp://ftp.biosciencedbc.jp/archive/open-tggates-pathological-images/LATEST/images/vitamin_A/Liver/15658.svs,0
11052.svs,0,,E0289-G12-P0,E0289-G12-I1,normal,griseofulvin,Middle,0,300,mg/kg,24 hr,24,Single,Gavage,6,0,0,0,,,,,,289,12,1,Liver,1/1,https://dbarchive.biosciencedbc.jp/data/open-tggates-pathological-images/LATEST/images/griseofulvin/Liver/11052.svs,ftp://ftp.biosciencedbc.jp/archive/open-tggates-pathological-images/LATEST/images/griseofulvin/Liver/11052.svs,0
11055.svs,1,,E0289-G12-P0,E0289-G12-I2,abnormal,griseofulvin,Middle,0,300,mg/kg,24 hr,24,Single,Gavage,6,1,1,0,minimal,Increased mitosis,-,minimal,false,289,12,2,Liver,1/1,https://dbarchive.biosciencedbc.jp/data/open-tggates-pathological-images/LATEST/images/griseofulvin/Liver/11055.svs,ftp://ftp.biosciencedbc.jp/archive/open-tggates-pathological-images/LATEST/images/griseofulvin/Liver/11055.svs,0
11076.svs,0,,E0289-G16-P0,E0289-G16-I1,normal,griseofulvin,High,0,1000,mg/kg,24 hr,24,Single,Gavage,6,0,0,0,,,,,,289,16,1,Liver,1/1,https://dbarchive.biosciencedbc.jp/data/open-tggates-pathological-images/LATEST/images/griseofulvin/Liver/11076.svs,ftp://ftp.biosciencedbc.jp/archive/open-tggates-pathological-images/LATEST/images/griseofulvin/Liver/11076.svs,0
11080.svs,1,,E0289-G16-P0,E0289-G16-I2,abnormal,griseofulvin,High,0,1000,mg/kg,24 hr,24,Single,Gavage,6,1,1,0,minimal,Increased mitosis,-,minimal,false,289,16,2,Liver,1/1,https://dbarchive.biosciencedbc.jp/data/open-tggates-pathological-images/LATEST/images/griseofulvin/Liver/11080.svs,ftp://ftp.biosciencedbc.jp/archive/open-tggates-pathological-images/LATEST/images/griseofulvin/Liver/11080.svs,0
31977.svs,0,,E0290-G08-P0,E0290-G08-I1,normal,griseofulvin,Low,0,100,mg/kg,29 day,696,Repeat,Gavage,6,0,0,0,,,,,,290,8,1,Liver,1/1,https://dbarchive.biosciencedbc.jp/data/open-tggates-pathological-images/LATEST/images/griseofulvin/Liver/31977.svs,ftp://ftp.biosciencedbc.jp/archive/open-tggates-pathological-images/LATEST/images/griseofulvin/Liver/31977.svs,0
31990.svs,1,,E0290-G08-P0,E0290-G08-I5,abnormal,griseofulvin,Low,0,100,mg/kg,29 day,696,Repeat,Gavage,6,1,1,0,moderate,Swelling,Centrilobular,moderate,false,290,8,5,Liver,1/1,https://dbarchive.biosciencedbc.jp/data/open-tggates-pathological-images/LATEST/images/griseofulvin/Liver/31990.svs,ftp://ftp.biosciencedbc.jp/archive/open-tggates-pathological-images/LATEST/images/griseofulvin/Liver/31990.svs,0
31817.svs,1,,E0290-G09-P0,E0290-G09-I2,abnormal,griseofulvin,Middle,0,300,mg/kg,4 day,96,Repeat,Gavage,6,1,1,0,minimal,Increased mitosis,-,minimal,false,290,9,2,Liver,1/1,https://dbarchive.biosciencedbc.jp/data/open-tggates-pathological-images/LATEST/images/griseofulvin/Liver/31817.svs,ftp://ftp.biosciencedbc.jp/archive/open-tggates-pathological-images/LATEST/images/griseofulvin/Liver/31817.svs,0
31820.svs,0,,E0290-G09-P0,E0290-G09-I4,normal,griseofulvin,Middle,0,300,mg/kg,4 day,96,Repeat,Gavage,6,0,0,0,,,,,,290,9,4,Liver,1/1,https://dbarchive.biosciencedbc.jp/data/open-tggates-pathological-images/LATEST/images/griseofulvin/Liver/31820.svs,ftp://ftp.biosciencedbc.jp/archive/open-tggates-pathological-images/LATEST/images/griseofulvin/Liver/31820.svs,0
31993.svs,0,,E0290-G12-P0,E0290-G12-I1,normal,griseofulvin,Middle,0,300,mg/kg,29 day,696,Repeat,Gavage,6,0,0,0,,,,,,290,12,1,Liver,1/1,https://dbarchive.biosciencedbc.jp/data/open-tggates-pathological-images/LATEST/images/griseofulvin/Liver/31993.svs,ftp://ftp.biosciencedbc.jp/archive/open-tggates-pathological-images/LATEST/images/griseofulvin/Liver/31993.svs,0
32000.svs,1,,E0290-G12-P0,E0290-G12-I3,abnormal,griseofulvin,Middle,0,300,mg/kg,29 day,696,Repeat,Gavage,6,1,1,0,moderate,Swelling,Centrilobular,moderate,false,290,12,3,Liver,1/1,https://dbarchive.biosciencedbc.jp/data/open-tggates-pathological-images/LATEST/images/griseofulvin/Liver/32000.svs,ftp://ftp.biosciencedbc.jp/archive/open-tggates-pathological-images/LATEST/images/griseofulvin/Liver/32000.svs,0
31825.svs,0,,E0290-G13-P0,E0290-G13-I1,normal,griseofulvin,High,0,1000,mg/kg,4 day,96,Repeat,Gavage,6,0,0,0,,,,,,290,13,1,Liver,1/1,https://dbarchive.biosciencedbc.jp/data/open-tggates-pathological-images/LATEST/images/griseofulvin/Liver/31825.svs,ftp://ftp.biosciencedbc.jp/archive/open-tggates-pathological-images/LATEST/images/griseofulvin/Liver/31825.svs,0
31828.svs,1,,E0290-G13-P0,E0290-G13-I2,abnormal,griseofulvin,High,0,1000,mg/kg,4 day,96,Repeat,Gavage,6,1,1,0,minimal,Increased mitosis,-,minimal,false,290,13,2,Liver,1/1,https://dbarchive.biosciencedbc.jp/data/open-tggates-pathological-images/LATEST/images/griseofulvin/Liver/31828.svs,ftp://ftp.biosciencedbc.jp/archive/open-tggates-pathological-images/LATEST/images/griseofulvin/Liver/31828.svs,0
31945.svs,0,,E0290-G15-P0,E0290-G15-I1,normal,griseofulvin,High,0,1000,mg/kg,15 day,360,Repeat,Gavage,6,0,0,0,,,,,,290,15,1,Liver,1/1,https://dbarchive.biosciencedbc.jp/data/open-tggates-pathological-images/LATEST/images/griseofulvin/Liver/31945.svs,ftp://ftp.biosciencedbc.jp/archive/open-tggates-pathological-images/LATEST/images/griseofulvin/Liver/31945.svs,0
31952.svs,1,,E0290-G15-P0,E0290-G15-I3,abnormal,griseofulvin,High,0,1000,mg/kg,15 day,360,Repeat,Gavage,6,1,1,0,moderate,Swelling,Centrilobular,moderate,false,290,15,3,Liver,1/1,https://dbarchive.biosciencedbc.jp/data/open-tggates-pathological-images/LATEST/images/griseofulvin/Liver/31952.svs,ftp://ftp.biosciencedbc.jp/archive/open-tggates-pathological-images/LATEST/images/griseofulvin/Liver/31952.svs,0
32010.svs,0,,E0290-G16-P0,E0290-G16-I1,normal,griseofulvin,High,0,1000,mg/kg,29 day,696,Repeat,Gavage,6,0,0,0,,,,,,290,16,1,Liver,1/1,https://dbarchive.biosciencedbc.jp/data/open-tggates-pathological-images/LATEST/images/griseofulvin/Liver/32010.svs,ftp://ftp.biosciencedbc.jp/archive/open-tggates-pathological-images/LATEST/images/griseofulvin/Liver/32010.svs,0
32021.svs,1,,E0290-G16-P0,E0290-G16-I5,abnormal,griseofulvin,High,0,1000,mg/kg,29 day,696,Repeat,Gavage,6,1,1,0,moderate,Swelling,Centrilobular,moderate,false,290,16,5,Liver,1/1,https://dbarchive.biosciencedbc.jp/data/open-tggates-pathological-images/LATEST/images/griseofulvin/Liver/32021.svs,ftp://ftp.biosciencedbc.jp/archive/open-tggates-pathological-images/LATEST/images/griseofulvin/Liver/32021.svs,0
11918.svs,1,,E0292-G08-P0,E0292-G08-I1,abnormal,flutamide,Low,0,15,mg/kg,29 day,696,Repeat,Gavage,6,2,1,1,minimal,Hypertrophy; Microgranuloma,Centrilobular; -,minimal; minimal,false; true,292,8,1,Liver,1/1,https://dbarchive.biosciencedbc.jp/data/open-tggates-pathological-images/LATEST/images/flutamide/Liver/11918.svs,ftp://ftp.biosciencedbc.jp/archive/open-tggates-pathological-images/LATEST/images/flutamide/Liver/11918.svs,0
11925.svs,1,,E0292-G08-P1,E0292-G08-I3,abnormal,flutamide,Low,0,15,mg/kg,29 day,696,Repeat,Gavage,6,1,1,0,slight,Hypertrophy,Centrilobular,slight,false,292,8,3,Liver,1/1,https://dbarchive.biosciencedbc.jp/data/open-tggates-pathological-images/LATEST/images/flutamide/Liver/11925.svs,ftp://ftp.biosciencedbc.jp/archive/open-tggates-pathological-images/LATEST/images/flutamide/Liver/11925.svs,0
11930.svs,0,,E0292-G08-P0,E0292-G08-I4,normal,flutamide,Low,0,15,mg/kg,29 day,696,Repeat,Gavage,6,0,0,0,,,,,,292,8,4,Liver,1/1,https://dbarchive.biosciencedbc.jp/data/open-tggates-pathological-images/LATEST/images/flutamide/Liver/11930.svs,ftp://ftp.biosciencedbc.jp/archive/open-tggates-pathological-images/LATEST/images/flutamide/Liver/11930.svs,0
11935.svs,0,,E0292-G08-P1,E0292-G08-I5,normal,flutamide,Low,0,15,mg/kg,29 day,696,Repeat,Gavage,6,0,0,0,,,,,,292,8,5,Liver,1/1,https://dbarchive.biosciencedbc.jp/data/open-tggates-pathological-images/LATEST/images/flutamide/Liver/11935.svs,ftp://ftp.biosciencedbc.jp/archive/open-tggates-pathological-images/LATEST/images/flutamide/Liver/11935.svs,0
11850.svs,1,,E0292-G11-P0,E0292-G11-I2,abnormal,flutamide,Middle,0,50,mg/kg,15 day,360,Repeat,Gavage,6,1,1,0,minimal,Hypertrophy,Centrilobular,minimal,false,292,11,2,Liver,1/1,https://dbarchive.biosciencedbc.jp/data/open-tggates-pathological-images/LATEST/images/flutamide/Liver/11850.svs,ftp://ftp.biosciencedbc.jp/archive/open-tggates-pathological-images/LATEST/images/flutamide/Liver/11850.svs,0
11864.svs,0,,E0292-G11-P0,E0292-G11-I5,normal,flutamide,Middle,0,50,mg/kg,15 day,360,Repeat,Gavage,6,0,0,0,,,,,,292,11,5,Liver,1/1,https://dbarchive.biosciencedbc.jp/data/open-tggates-pathological-images/LATEST/images/flutamide/Liver/11864.svs,ftp://ftp.biosciencedbc.jp/archive/open-tggates-pathological-images/LATEST/images/flutamide/Liver/11864.svs,0
11717.svs,0,,E0292-G13-P0,E0292-G13-I1,normal,flutamide,High,0,150,mg/kg,4 day,96,Repeat,Gavage,6,0,0,0,,,,,,292,13,1,Liver,1/1,https://dbarchive.biosciencedbc.jp/data/open-tggates-pathological-images/LATEST/images/flutamide/Liver/11717.svs,ftp://ftp.biosciencedbc.jp/archive/open-tggates-pathological-images/LATEST/images/flutamide/Liver/11717.svs,0
11720.svs,0,,E0292-G13-P1,E0292-G13-I2,normal,flutamide,High,0,150,mg/kg,4 day,96,Repeat,Gavage,6,0,0,0,,,,,,292,13,2,Liver,1/1,https://dbarchive.biosciencedbc.jp/data/open-tggates-pathological-images/LATEST/images/flutamide/Liver/11720.svs,ftp://ftp.biosciencedbc.jp/archive/open-tggates-pathological-images/LATEST/images/flutamide/Liver/11720.svs,0
11722.svs,1,,E0292-G13-P0,E0292-G13-I3,abnormal,flutamide,High,0,150,mg/kg,4 day,96,Repeat,Gavage,6,1,1,0,minimal,Hypertrophy,Centrilobular,minimal,false,292,13,3,Liver,1/1,https://dbarchive.biosciencedbc.jp/data/open-tggates-pathological-images/LATEST/images/flutamide/Liver/11722.svs,ftp://ftp.biosciencedbc.jp/archive/open-tggates-pathological-images/LATEST/images/flutamide/Liver/11722.svs,0
11727.svs,1,,E0292-G13-P1,E0292-G13-I5,abnormal,flutamide,High,0,150,mg/kg,4 day,96,Repeat,Gavage,6,1,1,0,minimal,Hypertrophy,Centrilobular,minimal,false,292,13,5,Liver,1/1,https://dbarchive.biosciencedbc.jp/data/open-tggates-pathological-images/LATEST/images/flutamide/Liver/11727.svs,ftp://ftp.biosciencedbc.jp/archive/open-tggates-pathological-images/LATEST/images/flutamide/Liver/11727.svs,0
33352.svs,0,,E0297-G12-P0,E0297-G12-I1,normal,tamoxifen,Middle,0,20,mg/kg,29 day,696,Repeat,Gavage,6,0,0,0,,,,,,297,12,1,Liver,1/1,https://dbarchive.biosciencedbc.jp/data/open-tggates-pathological-images/LATEST/images/tamoxifen/Liver/33352.svs,ftp://ftp.biosciencedbc.jp/archive/open-tggates-pathological-images/LATEST/images/tamoxifen/Liver/33352.svs,0
33358.svs,1,,E0297-G12-P0,E0297-G12-I4,abnormal,tamoxifen,Middle,0,20,mg/kg,29 day,696,Repeat,Gavage,6,1,1,0,minimal,"Change, eosinophilic",Centrilobular,minimal,false,297,12,4,Liver,1/1,https://dbarchive.biosciencedbc.jp/data/open-tggates-pathological-images/LATEST/images/tamoxifen/Liver/33358.svs,ftp://ftp.biosciencedbc.jp/archive/open-tggates-pathological-images/LATEST/images/tamoxifen/Liver/33358.svs,0
33361.svs,0,,E0297-G13-P0,E0297-G13-I1,normal,tamoxifen,High,0,60,mg/kg,4 day,96,Repeat,Gavage,6,0,0,0,,,,,,297,13,1,Liver,1/1,https://dbarchive.biosciencedbc.jp/data/open-tggates-pathological-images/LATEST/images/tamoxifen/Liver/33361.svs,ftp://ftp.biosciencedbc.jp/archive/open-tggates-pathological-images/LATEST/images/tamoxifen/Liver/33361.svs,0
33366.svs,1,,E0297-G13-P0,E0297-G13-I4,abnormal,tamoxifen,High,0,60,mg/kg,4 day,96,Repeat,Gavage,6,1,1,0,minimal,"Change, eosinophilic",Centrilobular,minimal,false,297,13,4,Liver,1/1,https://dbarchive.biosciencedbc.jp/data/open-tggates-pathological-images/LATEST/images/tamoxifen/Liver/33366.svs,ftp://ftp.biosciencedbc.jp/archive/open-tggates-pathological-images/LATEST/images/tamoxifen/Liver/33366.svs,0
33387.svs,1,,E0297-G16-P0,E0297-G16-I1,abnormal,tamoxifen,High,0,60,mg/kg,29 day,696,Repeat,Gavage,6,1,1,0,minimal,"Change, eosinophilic",Centrilobular,minimal,false,297,16,1,Liver,1/1,https://dbarchive.biosciencedbc.jp/data/open-tggates-pathological-images/LATEST/images/tamoxifen/Liver/33387.svs,ftp://ftp.biosciencedbc.jp/archive/open-tggates-pathological-images/LATEST/images/tamoxifen/Liver/33387.svs,0
33390.svs,0,,E0297-G16-P0,E0297-G16-I2,normal,tamoxifen,High,0,60,mg/kg,29 day,696,Repeat,Gavage,6,0,0,0,,,,,,297,16,2,Liver,1/1,https://dbarchive.biosciencedbc.jp/data/open-tggates-pathological-images/LATEST/images/tamoxifen/Liver/33390.svs,ftp://ftp.biosciencedbc.jp/archive/open-tggates-pathological-images/LATEST/images/tamoxifen/Liver/33390.svs,0
33393.svs,1,,E0297-G16-P1,E0297-G16-I3,abnormal,tamoxifen,High,0,60,mg/kg,29 day,696,Repeat,Gavage,6,1,1,0,minimal,"Change, eosinophilic",Centrilobular,minimal,false,297,16,3,Liver,1/1,https://dbarchive.biosciencedbc.jp/data/open-tggates-pathological-images/LATEST/images/tamoxifen/Liver/33393.svs,ftp://ftp.biosciencedbc.jp/archive/open-tggates-pathological-images/LATEST/images/tamoxifen/Liver/33393.svs,0
33396.svs,0,,E0297-G16-P1,E0297-G16-I5,normal,tamoxifen,High,0,60,mg/kg,29 day,696,Repeat,Gavage,6,0,0,0,,,,,,297,16,5,Liver,1/1,https://dbarchive.biosciencedbc.jp/data/open-tggates-pathological-images/LATEST/images/tamoxifen/Liver/33396.svs,ftp://ftp.biosciencedbc.jp/archive/open-tggates-pathological-images/LATEST/images/tamoxifen/Liver/33396.svs,0
13050.svs,0,,E0303-G08-P0,E0303-G08-I1,normal,chlormezanone,Low,0,50,mg/kg,29 day,696,Repeat,Gavage,6,0,0,0,,,,,,303,8,1,Liver,1/1,https://dbarchive.biosciencedbc.jp/data/open-tggates-pathological-images/LATEST/images/chlormezanone/Liver/13050.svs,ftp://ftp.biosciencedbc.jp/archive/open-tggates-pathological-images/LATEST/images/chlormezanone/Liver/13050.svs,0
13057.svs,1,,E0303-G08-P0,E0303-G08-I4,abnormal,chlormezanone,Low,0,50,mg/kg,29 day,696,Repeat,Gavage,6,1,1,0,minimal,Hypertrophy,Centrilobular,minimal,false,303,8,4,Liver,1/1,https://dbarchive.biosciencedbc.jp/data/open-tggates-pathological-images/LATEST/images/chlormezanone/Liver/13057.svs,ftp://ftp.biosciencedbc.jp/archive/open-tggates-pathological-images/LATEST/images/chlormezanone/Liver/13057.svs,0
13082.svs,0,,E0303-G11-P0,E0303-G11-I1,normal,chlormezanone,Middle,0,150,mg/kg,15 day,360,Repeat,Gavage,6,0,0,0,,,,,,303,11,1,Liver,1/1,https://dbarchive.biosciencedbc.jp/data/open-tggates-pathological-images/LATEST/images/chlormezanone/Liver/13082.svs,ftp://ftp.biosciencedbc.jp/archive/open-tggates-pathological-images/LATEST/images/chlormezanone/Liver/13082.svs,0
13088.svs,1,,E0303-G11-P0,E0303-G11-I4,abnormal,chlormezanone,Middle,0,150,mg/kg,15 day,360,Repeat,Gavage,6,1,1,0,slight,Hypertrophy,Centrilobular,slight,false,303,11,4,Liver,1/1,https://dbarchive.biosciencedbc.jp/data/open-tggates-pathological-images/LATEST/images/chlormezanone/Liver/13088.svs,ftp://ftp.biosciencedbc.jp/archive/open-tggates-pathological-images/LATEST/images/chlormezanone/Liver/13088.svs,0
13103.svs,0,,E0303-G13-P0,E0303-G13-I1,normal,chlormezanone,High,0,500,mg/kg,4 day,96,Repeat,Gavage,6,0,0,0,,,,,,303,13,1,Liver,1/1,https://dbarchive.biosciencedbc.jp/data/open-tggates-pathological-images/LATEST/images/chlormezanone/Liver/13103.svs,ftp://ftp.biosciencedbc.jp/archive/open-tggates-pathological-images/LATEST/images/chlormezanone/Liver/13103.svs,0
13105.svs,1,,E0303-G13-P0,E0303-G13-I2,abnormal,chlormezanone,High,0,500,mg/kg,4 day,96,Repeat,Gavage,6,1,1,0,minimal,Hypertrophy,Centrilobular,minimal,false,303,13,2,Liver,1/1,https://dbarchive.biosciencedbc.jp/data/open-tggates-pathological-images/LATEST/images/chlormezanone/Liver/13105.svs,ftp://ftp.biosciencedbc.jp/archive/open-tggates-pathological-images/LATEST/images/chlormezanone/Liver/13105.svs,0
13107.svs,0,,E0303-G13-P1,E0303-G13-I3,normal,chlormezanone,High,0,500,mg/kg,4 day,96,Repeat,Gavage,6,0,0,0,,,,,,303,13,3,Liver,1/1,https://dbarchive.biosciencedbc.jp/data/open-tggates-pathological-images/LATEST/images/chlormezanone/Liver/13107.svs,ftp://ftp.biosciencedbc.jp/archive/open-tggates-pathological-images/LATEST/images/chlormezanone/Liver/13107.svs,0
13109.svs,1,,E0303-G13-P1,E0303-G13-I4,abnormal,chlormezanone,High,0,500,mg/kg,4 day,96,Repeat,Gavage,6,1,1,0,minimal,Hypertrophy,Centrilobular,minimal,false,303,13,4,Liver,1/1,https://dbarchive.biosciencedbc.jp/data/open-tggates-pathological-images/LATEST/images/chlormezanone/Liver/13109.svs,ftp://ftp.biosciencedbc.jp/archive/open-tggates-pathological-images/LATEST/images/chlormezanone/Liver/13109.svs,0
13114.svs,0,,E0303-G14-P0,E0303-G14-I1,normal,chlormezanone,High,0,500,mg/kg,8 day,192,Repeat,Gavage,6,0,0,0,,,,,,303,14,1,Liver,1/1,https://dbarchive.biosciencedbc.jp/data/open-tggates-pathological-images/LATEST/images/chlormezanone/Liver/13114.svs,ftp://ftp.biosciencedbc.jp/archive/open-tggates-pathological-images/LATEST/images/chlormezanone/Liver/13114.svs,0
13116.svs,1,,E0303-G14-P0,E0303-G14-I2,abnormal,chlormezanone,High,0,500,mg/kg,8 day,192,Repeat,Gavage,6,1,1,0,minimal,Hypertrophy,Centrilobular,minimal,false,303,14,2,Liver,1/1,https://dbarchive.biosciencedbc.jp/data/open-tggates-pathological-images/LATEST/images/chlormezanone/Liver/13116.svs,ftp://ftp.biosciencedbc.jp/archive/open-tggates-pathological-images/LATEST/images/chlormezanone/Liver/13116.svs,0
13118.svs,0,,E0303-G14-P1,E0303-G14-I3,normal,chlormezanone,High,0,500,mg/kg,8 day,192,Repeat,Gavage,6,0,0,0,,,,,,303,14,3,Liver,1/1,https://dbarchive.biosciencedbc.jp/data/open-tggates-pathological-images/LATEST/images/chlormezanone/Liver/13118.svs,ftp://ftp.biosciencedbc.jp/archive/open-tggates-pathological-images/LATEST/images/chlormezanone/Liver/13118.svs,0
13120.svs,1,,E0303-G14-P1,E0303-G14-I4,abnormal,chlormezanone,High,0,500,mg/kg,8 day,192,Repeat,Gavage,6,1,1,0,minimal,Hypertrophy,Centrilobular,minimal,false,303,14,4,Liver,1/1,https://dbarchive.biosciencedbc.jp/data/open-tggates-pathological-images/LATEST/images/chlormezanone/Liver/13120.svs,ftp://ftp.biosciencedbc.jp/archive/open-tggates-pathological-images/LATEST/images/chlormezanone/Liver/13120.svs,0
13125.svs,0,,E0303-G15-P0,E0303-G15-I1,normal,chlormezanone,High,0,500,mg/kg,15 day,360,Repeat,Gavage,6,0,0,0,,,,,,303,15,1,Liver,1/1,https://dbarchive.biosciencedbc.jp/data/open-tggates-pathological-images/LATEST/images/chlormezanone/Liver/13125.svs,ftp://ftp.biosciencedbc.jp/archive/open-tggates-pathological-images/LATEST/images/chlormezanone/Liver/13125.svs,0
13127.svs,1,,E0303-G15-P0,E0303-G15-I2,abnormal,chlormezanone,High,0,500,mg/kg,15 day,360,Repeat,Gavage,6,1,1,0,minimal,Hypertrophy,Centrilobular,minimal,false,303,15,2,Liver,1/1,https://dbarchive.biosciencedbc.jp/data/open-tggates-pathological-images/LATEST/images/chlormezanone/Liver/13127.svs,ftp://ftp.biosciencedbc.jp/archive/open-tggates-pathological-images/LATEST/images/chlormezanone/Liver/13127.svs,0
33651.svs,0,,E0305-G10-P0,E0305-G10-I1,normal,ethinylestradiol,Middle,0,3,mg/kg,8 day,192,Repeat,Gavage,6,0,0,0,,,,,,305,10,1,Liver,1/1,https://dbarchive.biosciencedbc.jp/data/open-tggates-pathological-images/LATEST/images/ethinylestradiol/Liver/33651.svs,ftp://ftp.biosciencedbc.jp/archive/open-tggates-pathological-images/LATEST/images/ethinylestradiol/Liver/33651.svs,0
33655.svs,1,,E0305-G10-P0,E0305-G10-I3,abnormal,ethinylestradiol,Middle,0,3,mg/kg,8 day,192,Repeat,Gavage,6,2,1,1,minimal,"Change, eosinophilic; Necrosis",Periportal; Hepatocyte,minimal; minimal,false; true,305,10,3,Liver,1/1,https://dbarchive.biosciencedbc.jp/data/open-tggates-pathological-images/LATEST/images/ethinylestradiol/Liver/33655.svs,ftp://ftp.biosciencedbc.jp/archive/open-tggates-pathological-images/LATEST/images/ethinylestradiol/Liver/33655.svs,0
33659.svs,1,,E0305-G11-P0,E0305-G11-I1,abnormal,ethinylestradiol,Middle,0,3,mg/kg,15 day,360,Repeat,Gavage,6,2,2,0,minimal,"Change, eosinophilic; Vacuolization, cytoplasmic",Periportal; Hepatocyte,minimal; minimal,false; false,305,11,1,Liver,1/1,https://dbarchive.biosciencedbc.jp/data/open-tggates-pathological-images/LATEST/images/ethinylestradiol/Liver/33659.svs,ftp://ftp.biosciencedbc.jp/archive/open-tggates-pathological-images/LATEST/images/ethinylestradiol/Liver/33659.svs,0
33662.svs,0,,E0305-G11-P0,E0305-G11-I2,normal,ethinylestradiol,Middle,0,3,mg/kg,15 day,360,Repeat,Gavage,6,0,0,0,,,,,,305,11,2,Liver,1/1,https://dbarchive.biosciencedbc.jp/data/open-tggates-pathological-images/LATEST/images/ethinylestradiol/Liver/33662.svs,ftp://ftp.biosciencedbc.jp/archive/open-tggates-pathological-images/LATEST/images/ethinylestradiol/Liver/33662.svs,0
33680.svs,0,,E0305-G13-P0,E0305-G13-I1,normal,ethinylestradiol,High,0,10,mg/kg,4 day,96,Repeat,Gavage,6,0,0,0,,,,,,305,13,1,Liver,1/1,https://dbarchive.biosciencedbc.jp/data/open-tggates-pathological-images/LATEST/images/ethinylestradiol/Liver/33680.svs,ftp://ftp.biosciencedbc.jp/archive/open-tggates-pathological-images/LATEST/images/ethinylestradiol/Liver/33680.svs,0
33685.svs,1,,E0305-G13-P0,E0305-G13-I5,abnormal,ethinylestradiol,High,0,10,mg/kg,4 day,96,Repeat,Gavage,6,3,2,1,minimal,"Necrosis; Proliferation, Kupffer cell; Single cell necrosis",Hepatocyte; -; Hepatocyte,minimal; minimal; minimal,true; false; false,305,13,5,Liver,1/1,https://dbarchive.biosciencedbc.jp/data/open-tggates-pathological-images/LATEST/images/ethinylestradiol/Liver/33685.svs,ftp://ftp.biosciencedbc.jp/archive/open-tggates-pathological-images/LATEST/images/ethinylestradiol/Liver/33685.svs,0
11030.svs,0,,E0308-G15-P0,E0308-G15-I1,normal,tetracycline,High,0,1000,mg/kg,9 hr,9,Single,Gavage,6,0,0,0,,,,,,308,15,1,Liver,1/1,https://dbarchive.biosciencedbc.jp/data/open-tggates-pathological-images/LATEST/images/tetracycline/Liver/11030.svs,ftp://ftp.biosciencedbc.jp/archive/open-tggates-pathological-images/LATEST/images/tetracycline/Liver/11030.svs,0
11031.svs,0,,E0308-G15-P1,E0308-G15-I2,normal,tetracycline,High,0,1000,mg/kg,9 hr,9,Single,Gavage,6,0,0,0,,,,,,308,15,2,Liver,1/1,https://dbarchive.biosciencedbc.jp/data/open-tggates-pathological-images/LATEST/images/tetracycline/Liver/11031.svs,ftp://ftp.biosciencedbc.jp/archive/open-tggates-pathological-images/LATEST/images/tetracycline/Liver/11031.svs,0
11033.svs,1,,E0308-G15-P0,E0308-G15-I3,abnormal,tetracycline,High,0,1000,mg/kg,9 hr,9,Single,Gavage,6,1,1,0,minimal,"Vacuolization, cytoplasmic",Midlobular,minimal,false,308,15,3,Liver,1/1,https://dbarchive.biosciencedbc.jp/data/open-tggates-pathological-images/LATEST/images/tetracycline/Liver/11033.svs,ftp://ftp.biosciencedbc.jp/archive/open-tggates-pathological-images/LATEST/images/tetracycline/Liver/11033.svs,0
11035.svs,1,,E0308-G15-P1,E0308-G15-I4,abnormal,tetracycline,High,0,1000,mg/kg,9 hr,9,Single,Gavage,6,1,1,0,minimal,"Vacuolization, cytoplasmic",Midlobular,minimal,false,308,15,4,Liver,1/1,https://dbarchive.biosciencedbc.jp/data/open-tggates-pathological-images/LATEST/images/tetracycline/Liver/11035.svs,ftp://ftp.biosciencedbc.jp/archive/open-tggates-pathological-images/LATEST/images/tetracycline/Liver/11035.svs,0
11461.svs,0,,E0309-G15-P0,E0309-G15-I1,normal,tetracycline,High,0,1000,mg/kg,15 day,360,Repeat,Gavage,6,0,0,0,,,,,,309,15,1,Liver,1/1,https://dbarchive.biosciencedbc.jp/data/open-tggates-pathological-images/LATEST/images/tetracycline/Liver/11461.svs,ftp://ftp.biosciencedbc.jp/archive/open-tggates-pathological-images/LATEST/images/tetracycline/Liver/11461.svs,0
11463.svs,1,,E0309-G15-P0,E0309-G15-I2,abnormal,tetracycline,High,0,1000,mg/kg,15 day,360,Repeat,Gavage,6,1,1,0,minimal,"Vacuolization, cytoplasmic",Midlobular,minimal,false,309,15,2,Liver,1/1,https://dbarchive.biosciencedbc.jp/data/open-tggates-pathological-images/LATEST/images/tetracycline/Liver/11463.svs,ftp://ftp.biosciencedbc.jp/archive/open-tggates-pathological-images/LATEST/images/tetracycline/Liver/11463.svs,0
11466.svs,0,,E0309-G15-P1,E0309-G15-I3,normal,tetracycline,High,0,1000,mg/kg,15 day,360,Repeat,Gavage,6,0,0,0,,,,,,309,15,3,Liver,1/1,https://dbarchive.biosciencedbc.jp/data/open-tggates-pathological-images/LATEST/images/tetracycline/Liver/11466.svs,ftp://ftp.biosciencedbc.jp/archive/open-tggates-pathological-images/LATEST/images/tetracycline/Liver/11466.svs,0
11468.svs,1,,E0309-G15-P1,E0309-G15-I4,abnormal,tetracycline,High,0,1000,mg/kg,15 day,360,Repeat,Gavage,6,1,1,0,minimal,"Vacuolization, cytoplasmic",Midlobular,minimal,false,309,15,4,Liver,1/1,https://dbarchive.biosciencedbc.jp/data/open-tggates-pathological-images/LATEST/images/tetracycline/Liver/11468.svs,ftp://ftp.biosciencedbc.jp/archive/open-tggates-pathological-images/LATEST/images/tetracycline/Liver/11468.svs,0
11472.svs,0,,E0309-G16-P0,E0309-G16-I1,normal,tetracycline,High,0,1000,mg/kg,29 day,696,Repeat,Gavage,6,0,0,0,,,,,,309,16,1,Liver,1/1,https://dbarchive.biosciencedbc.jp/data/open-tggates-pathological-images/LATEST/images/tetracycline/Liver/11472.svs,ftp://ftp.biosciencedbc.jp/archive/open-tggates-pathological-images/LATEST/images/tetracycline/Liver/11472.svs,0
11474.svs,0,,E0309-G16-P1,E0309-G16-I2,normal,tetracycline,High,0,1000,mg/kg,29 day,696,Repeat,Gavage,6,0,0,0,,,,,,309,16,2,Liver,1/1,https://dbarchive.biosciencedbc.jp/data/open-tggates-pathological-images/LATEST/images/tetracycline/Liver/11474.svs,ftp://ftp.biosciencedbc.jp/archive/open-tggates-pathological-images/LATEST/images/tetracycline/Liver/11474.svs,0
11478.svs,1,,E0309-G16-P0,E0309-G16-I4,abnormal,tetracycline,High,0,1000,mg/kg,29 day,696,Repeat,Gavage,6,1,1,0,minimal,"Vacuolization, cytoplasmic",Midlobular,minimal,false,309,16,4,Liver,1/1,https://dbarchive.biosciencedbc.jp/data/open-tggates-pathological-images/LATEST/images/tetracycline/Liver/11478.svs,ftp://ftp.biosciencedbc.jp/archive/open-tggates-pathological-images/LATEST/images/tetracycline/Liver/11478.svs,0
11480.svs,1,,E0309-G16-P1,E0309-G16-I5,abnormal,tetracycline,High,0,1000,mg/kg,29 day,696,Repeat,Gavage,6,1,1,0,minimal,"Vacuolization, cytoplasmic",Midlobular,minimal,false,309,16,5,Liver,1/1,https://dbarchive.biosciencedbc.jp/data/open-tggates-pathological-images/LATEST/images/tetracycline/Liver/11480.svs,ftp://ftp.biosciencedbc.jp/archive/open-tggates-pathological-images/LATEST/images/tetracycline/Liver/11480.svs,0
32265.svs,1,,E0311-G06-P0,E0311-G06-I1,abnormal,lomustine,Low,0,1,mg/kg,8 day,192,Repeat,Gavage,6,1,1,0,minimal,"Cellular infiltration, mononuclear cell",Periportal,minimal,false,311,6,1,Liver,1/1,https://dbarchive.biosciencedbc.jp/data/open-tggates-pathological-images/LATEST/images/lomustine/Liver/32265.svs,ftp://ftp.biosciencedbc.jp/archive/open-tggates-pathological-images/LATEST/images/lomustine/Liver/32265.svs,0
32268.svs,0,,E0311-G06-P0,E0311-G06-I2,normal,lomustine,Low,0,1,mg/kg,8 day,192,Repeat,Gavage,6,0,0,0,,,,,,311,6,2,Liver,1/1,https://dbarchive.biosciencedbc.jp/data/open-tggates-pathological-images/LATEST/images/lomustine/Liver/32268.svs,ftp://ftp.biosciencedbc.jp/archive/open-tggates-pathological-images/LATEST/images/lomustine/Liver/32268.svs,0
32324.svs,0,,E0311-G11-P0,E0311-G11-I1,normal,lomustine,Middle,0,2,mg/kg,15 day,360,Repeat,Gavage,6,0,0,0,,,,,,311,11,1,Liver,1/1,https://dbarchive.biosciencedbc.jp/data/open-tggates-pathological-images/LATEST/images/lomustine/Liver/32324.svs,ftp://ftp.biosciencedbc.jp/archive/open-tggates-pathological-images/LATEST/images/lomustine/Liver/32324.svs,0
32325.svs,0,,E0311-G11-P1,E0311-G11-I2,normal,lomustine,Middle,0,2,mg/kg,15 day,360,Repeat,Gavage,6,0,0,0,,,,,,311,11,2,Liver,1/1,https://dbarchive.biosciencedbc.jp/data/open-tggates-pathological-images/LATEST/images/lomustine/Liver/32325.svs,ftp://ftp.biosciencedbc.jp/archive/open-tggates-pathological-images/LATEST/images/lomustine/Liver/32325.svs,0
32327.svs,1,,E0311-G11-P0,E0311-G11-I3,abnormal,lomustine,Middle,0,2,mg/kg,15 day,360,Repeat,Gavage,6,1,1,0,minimal,Necrosis,Midlobular,minimal,false,311,11,3,Liver,1/1,https://dbarchive.biosciencedbc.jp/data/open-tggates-pathological-images/LATEST/images/lomustine/Liver/32327.svs,ftp://ftp.biosciencedbc.jp/archive/open-tggates-pathological-images/LATEST/images/lomustine/Liver/32327.svs,0
32332.svs,1,,E0311-G11-P1,E0311-G11-I5,abnormal,lomustine,Middle,0,2,mg/kg,15 day,360,Repeat,Gavage,6,1,1,0,minimal,"Cellular infiltration, mononuclear cell",Periportal,minimal,false,311,11,5,Liver,1/1,https://dbarchive.biosciencedbc.jp/data/open-tggates-pathological-images/LATEST/images/lomustine/Liver/32332.svs,ftp://ftp.biosciencedbc.jp/archive/open-tggates-pathological-images/LATEST/images/lomustine/Liver/32332.svs,0
34346.svs,0,,E0319-G11-P0,E0319-G11-I1,normal,iproniazid,Middle,0,20,mg/kg,15 day,360,Repeat,Gavage,6,0,0,0,,,,,,319,11,1,Liver,1/1,https://dbarchive.biosciencedbc.jp/data/open-tggates-pathological-images/LATEST/images/iproniazid/Liver/34346.svs,ftp://ftp.biosciencedbc.jp/archive/open-tggates-pathological-images/LATEST/images/iproniazid/Liver/34346.svs,0
34360.svs,1,,E0319-G11-P0,E0319-G11-I4,abnormal,iproniazid,Middle,0,20,mg/kg,15 day,360,Repeat,Gavage,6,1,1,0,slight,"Hematopoiesis, extramedullary",Sinusoid,slight,false,319,11,4,Liver,1/1,https://dbarchive.biosciencedbc.jp/data/open-tggates-pathological-images/LATEST/images/iproniazid/Liver/34360.svs,ftp://ftp.biosciencedbc.jp/archive/open-tggates-pathological-images/LATEST/images/iproniazid/Liver/34360.svs,0
34369.svs,1,,E0319-G12-P0,E0319-G12-I1,abnormal,iproniazid,Middle,0,20,mg/kg,29 day,696,Repeat,Gavage,6,1,1,0,slight,"Deposit, pigment",Kupffer cell,slight,false,319,12,1,Liver,1/1,https://dbarchive.biosciencedbc.jp/data/open-tggates-pathological-images/LATEST/images/iproniazid/Liver/34369.svs,ftp://ftp.biosciencedbc.jp/archive/open-tggates-pathological-images/LATEST/images/iproniazid/Liver/34369.svs,0
34374.svs,0,,E0319-G12-P0,E0319-G12-I2,normal,iproniazid,Middle,0,20,mg/kg,29 day,696,Repeat,Gavage,6,0,0,0,,,,,,319,12,2,Liver,1/1,https://dbarchive.biosciencedbc.jp/data/open-tggates-pathological-images/LATEST/images/iproniazid/Liver/34374.svs,ftp://ftp.biosciencedbc.jp/archive/open-tggates-pathological-images/LATEST/images/iproniazid/Liver/34374.svs,0
15793.svs,1,,E0324-G11-P0,E0324-G11-I1,abnormal,chloramphenicol,Middle,0,300,mg/kg,15 day,360,Repeat,Gavage,6,1,1,0,minimal,Hypertrophy,Hepatocyte,minimal,false,324,11,1,Liver,1/1,https://dbarchive.biosciencedbc.jp/data/open-tggates-pathological-images/LATEST/images/chloramphenicol/Liver/15793.svs,ftp://ftp.biosciencedbc.jp/archive/open-tggates-pathological-images/LATEST/images/chloramphenicol/Liver/15793.svs,0
15795.svs,0,,E0324-G11-P0,E0324-G11-I2,normal,chloramphenicol,Middle,0,300,mg/kg,15 day,360,Repeat,Gavage,6,0,0,0,,,,,,324,11,2,Liver,1/1,https://dbarchive.biosciencedbc.jp/data/open-tggates-pathological-images/LATEST/images/chloramphenicol/Liver/15795.svs,ftp://ftp.biosciencedbc.jp/archive/open-tggates-pathological-images/LATEST/images/chloramphenicol/Liver/15795.svs,0
15796.svs,1,,E0324-G11-P1,E0324-G11-I3,abnormal,chloramphenicol,Middle,0,300,mg/kg,15 day,360,Repeat,Gavage,6,1,1,0,minimal,Hypertrophy,Hepatocyte,minimal,false,324,11,3,Liver,1/1,https://dbarchive.biosciencedbc.jp/data/open-tggates-pathological-images/LATEST/images/chloramphenicol/Liver/15796.svs,ftp://ftp.biosciencedbc.jp/archive/open-tggates-pathological-images/LATEST/images/chloramphenicol/Liver/15796.svs,0
15798.svs,0,,E0324-G11-P1,E0324-G11-I4,normal,chloramphenicol,Middle,0,300,mg/kg,15 day,360,Repeat,Gavage,6,0,0,0,,,,,,324,11,4,Liver,1/1,https://dbarchive.biosciencedbc.jp/data/open-tggates-pathological-images/LATEST/images/chloramphenicol/Liver/15798.svs,ftp://ftp.biosciencedbc.jp/archive/open-tggates-pathological-images/LATEST/images/chloramphenicol/Liver/15798.svs,0
15812.svs,1,,E0324-G14-P0,E0324-G14-I1,abnormal,chloramphenicol,High,0,1000,mg/kg,8 day,192,Repeat,Gavage,6,1,1,0,minimal,Hypertrophy,Hepatocyte,minimal,false,324,14,1,Liver,1/1,https://dbarchive.biosciencedbc.jp/data/open-tggates-pathological-images/LATEST/images/chloramphenicol/Liver/15812.svs,ftp://ftp.biosciencedbc.jp/archive/open-tggates-pathological-images/LATEST/images/chloramphenicol/Liver/15812.svs,0
15813.svs,0,,E0324-G14-P0,E0324-G14-I2,normal,chloramphenicol,High,0,1000,mg/kg,8 day,192,Repeat,Gavage,6,0,0,0,,,,,,324,14,2,Liver,1/1,https://dbarchive.biosciencedbc.jp/data/open-tggates-pathological-images/LATEST/images/chloramphenicol/Liver/15813.svs,ftp://ftp.biosciencedbc.jp/archive/open-tggates-pathological-images/LATEST/images/chloramphenicol/Liver/15813.svs,0
15814.svs,0,,E0324-G14-P1,E0324-G14-I3,normal,chloramphenicol,High,0,1000,mg/kg,8 day,192,Repeat,Gavage,6,0,0,0,,,,,,324,14,3,Liver,1/1,https://dbarchive.biosciencedbc.jp/data/open-tggates-pathological-images/LATEST/images/chloramphenicol/Liver/15814.svs,ftp://ftp.biosciencedbc.jp/archive/open-tggates-pathological-images/LATEST/images/chloramphenicol/Liver/15814.svs,0
15816.svs,1,,E0324-G14-P1,E0324-G14-I5,abnormal,chloramphenicol,High,0,1000,mg/kg,8 day,192,Repeat,Gavage,6,1,1,0,minimal,Hypertrophy,Hepatocyte,minimal,false,324,14,5,Liver,1/1,https://dbarchive.biosciencedbc.jp/data/open-tggates-pathological-images/LATEST/images/chloramphenicol/Liver/15816.svs,ftp://ftp.biosciencedbc.jp/archive/open-tggates-pathological-images/LATEST/images/chloramphenicol/Liver/15816.svs,0
15817.svs,1,,E0324-G15-P0,E0324-G15-I1,abnormal,chloramphenicol,High,0,1000,mg/kg,15 day,360,Repeat,Gavage,6,1,1,0,slight,Hypertrophy,Hepatocyte,slight,false,324,15,1,Liver,1/1,https://dbarchive.biosciencedbc.jp/data/open-tggates-pathological-images/LATEST/images/chloramphenicol/Liver/15817.svs,ftp://ftp.biosciencedbc.jp/archive/open-tggates-pathological-images/LATEST/images/chloramphenicol/Liver/15817.svs,0
15820.svs,0,,E0324-G15-P0,E0324-G15-I2,normal,chloramphenicol,High,0,1000,mg/kg,15 day,360,Repeat,Gavage,6,0,0,0,,,,,,324,15,2,Liver,1/1,https://dbarchive.biosciencedbc.jp/data/open-tggates-pathological-images/LATEST/images/chloramphenicol/Liver/15820.svs,ftp://ftp.biosciencedbc.jp/archive/open-tggates-pathological-images/LATEST/images/chloramphenicol/Liver/15820.svs,0
36428.svs,0,,E0345-G12-P0,E0345-G12-I1,normal,ibuprofen,Middle,0,200,mg/kg,24 hr,24,Single,Gavage,6,0,0,0,,,,,,345,12,1,Liver,1/1,https://dbarchive.biosciencedbc.jp/data/open-tggates-pathological-images/LATEST/images/ibuprofen/Liver/36428.svs,ftp://ftp.biosciencedbc.jp/archive/open-tggates-pathological-images/LATEST/images/ibuprofen/Liver/36428.svs,0
36434.svs,1,,E0345-G12-P0,E0345-G12-I2,abnormal,ibuprofen,Middle,0,200,mg/kg,24 hr,24,Single,Gavage,6,1,1,0,slight,Increased mitosis,Hepatocyte,slight,false,345,12,2,Liver,1/1,https://dbarchive.biosciencedbc.jp/data/open-tggates-pathological-images/LATEST/images/ibuprofen/Liver/36434.svs,ftp://ftp.biosciencedbc.jp/archive/open-tggates-pathological-images/LATEST/images/ibuprofen/Liver/36434.svs,0
36439.svs,0,,E0345-G12-P1,E0345-G12-I3,normal,ibuprofen,Middle,0,200,mg/kg,24 hr,24,Single,Gavage,6,0,0,0,,,,,,345,12,3,Liver,1/1,https://dbarchive.biosciencedbc.jp/data/open-tggates-pathological-images/LATEST/images/ibuprofen/Liver/36439.svs,ftp://ftp.biosciencedbc.jp/archive/open-tggates-pathological-images/LATEST/images/ibuprofen/Liver/36439.svs,0
36443.svs,1,,E0345-G12-P1,E0345-G12-I4,abnormal,ibuprofen,Middle,0,200,mg/kg,24 hr,24,Single,Gavage,6,1,1,0,slight,Increased mitosis,Hepatocyte,slight,false,345,12,4,Liver,1/1,https://dbarchive.biosciencedbc.jp/data/open-tggates-pathological-images/LATEST/images/ibuprofen/Liver/36443.svs,ftp://ftp.biosciencedbc.jp/archive/open-tggates-pathological-images/LATEST/images/ibuprofen/Liver/36443.svs,0
70585.svs,1,,E0345-G16-P0,E0345-G16-I1,abnormal,ibuprofen,High,0,400,mg/kg,24 hr,24,Single,Gavage,6,1,1,0,slight,Increased mitosis,Hepatocyte,slight,false,345,16,1,Liver,1/1,https://dbarchive.biosciencedbc.jp/data/open-tggates-pathological-images/LATEST/images/ibuprofen/Liver/70585.svs,ftp://ftp.biosciencedbc.jp/archive/open-tggates-pathological-images/LATEST/images/ibuprofen/Liver/70585.svs,0
36543.svs,0,,E0345-G16-P0,E0345-G16-I2,normal,ibuprofen,High,0,400,mg/kg,24 hr,24,Single,Gavage,6,0,0,0,,,,,,345,16,2,Liver,1/1,https://dbarchive.biosciencedbc.jp/data/open-tggates-pathological-images/LATEST/images/ibuprofen/Liver/36543.svs,ftp://ftp.biosciencedbc.jp/archive/open-tggates-pathological-images/LATEST/images/ibuprofen/Liver/36543.svs,0
22689.svs,1,,E0347-G16-P0,E0347-G16-I1,abnormal,naproxen,High,0,200,mg/kg,24 hr,24,Single,Gavage,6,1,1,0,slight,"Hematopoiesis, extramedullary",Sinusoid,slight,false,347,16,1,Liver,1/1,https://dbarchive.biosciencedbc.jp/data/open-tggates-pathological-images/LATEST/images/naproxen/Liver/22689.svs,ftp://ftp.biosciencedbc.jp/archive/open-tggates-pathological-images/LATEST/images/naproxen/Liver/22689.svs,0
22694.svs,0,,E0347-G16-P0,E0347-G16-I2,normal,naproxen,High,0,200,mg/kg,24 hr,24,Single,Gavage,6,0,0,0,,,,,,347,16,2,Liver,1/1,https://dbarchive.biosciencedbc.jp/data/open-tggates-pathological-images/LATEST/images/naproxen/Liver/22694.svs,ftp://ftp.biosciencedbc.jp/archive/open-tggates-pathological-images/LATEST/images/naproxen/Liver/22694.svs,0
34787.svs,1,,E0348-G13-P0,E0348-G13-I1,abnormal,naproxen,High,0,60,mg/kg,4 day,96,Repeat,Gavage,6,2,2,0,slight,Hypertrophy; Inflammation,Kupffer cell; Serosa,slight; slight,false; false,348,13,1,Liver,1/1,https://dbarchive.biosciencedbc.jp/data/open-tggates-pathological-images/LATEST/images/naproxen/Liver/34787.svs,ftp://ftp.biosciencedbc.jp/archive/open-tggates-pathological-images/LATEST/images/naproxen/Liver/34787.svs,0
70594.svs,0,,E0348-G13-P0,E0348-G13-I4,normal,naproxen,High,0,60,mg/kg,4 day,96,Repeat,Gavage,6,0,0,0,,,,,,348,13,4,Liver,1/1,https://dbarchive.biosciencedbc.jp/data/open-tggates-pathological-images/LATEST/images/naproxen/Liver/70594.svs,ftp://ftp.biosciencedbc.jp/archive/open-tggates-pathological-images/LATEST/images/naproxen/Liver/70594.svs,0
34831.svs,0,,E0348-G15-P0,E0348-G15-I1,normal,naproxen,High,0,60,mg/kg,15 day,360,Repeat,Gavage,6,0,0,0,,,,,,348,15,1,Liver,1/1,https://dbarchive.biosciencedbc.jp/data/open-tggates-pathological-images/LATEST/images/naproxen/Liver/34831.svs,ftp://ftp.biosciencedbc.jp/archive/open-tggates-pathological-images/LATEST/images/naproxen/Liver/34831.svs,0
34835.svs,1,,E0348-G15-P0,E0348-G15-I4,abnormal,naproxen,High,0,60,mg/kg,15 day,360,Repeat,Gavage,6,1,1,0,slight,"Hematopoiesis, extramedullary",Sinusoid,slight,false,348,15,4,Liver,1/1,https://dbarchive.biosciencedbc.jp/data/open-tggates-pathological-images/LATEST/images/naproxen/Liver/34835.svs,ftp://ftp.biosciencedbc.jp/archive/open-tggates-pathological-images/LATEST/images/naproxen/Liver/34835.svs,0
35151.svs,1,,E0350-G14-P0,E0350-G14-I1,abnormal,quinidine,High,0,200,mg/kg,8 day,192,Repeat,Gavage,6,1,1,0,slight,Hypertrophy,Centrilobular,slight,false,350,14,1,Liver,1/1,https://dbarchive.biosciencedbc.jp/data/open-tggates-pathological-images/LATEST/images/quinidine/Liver/35151.svs,ftp://ftp.biosciencedbc.jp/archive/open-tggates-pathological-images/LATEST/images/quinidine/Liver/35151.svs,0
35156.svs,0,,E0350-G14-P0,E0350-G14-I2,normal,quinidine,High,0,200,mg/kg,8 day,192,Repeat,Gavage,6,0,0,0,,,,,,350,14,2,Liver,1/1,https://dbarchive.biosciencedbc.jp/data/open-tggates-pathological-images/LATEST/images/quinidine/Liver/35156.svs,ftp://ftp.biosciencedbc.jp/archive/open-tggates-pathological-images/LATEST/images/quinidine/Liver/35156.svs,0
35175.svs,1,,E0350-G15-P0,E0350-G15-I1,abnormal,quinidine,High,0,200,mg/kg,15 day,360,Repeat,Gavage,6,1,1,0,slight,Hypertrophy,Centrilobular,slight,false,350,15,1,Liver,1/1,https://dbarchive.biosciencedbc.jp/data/open-tggates-pathological-images/LATEST/images/quinidine/Liver/35175.svs,ftp://ftp.biosciencedbc.jp/archive/open-tggates-pathological-images/LATEST/images/quinidine/Liver/35175.svs,0
35180.svs,0,,E0350-G15-P0,E0350-G15-I2,normal,quinidine,High,0,200,mg/kg,15 day,360,Repeat,Gavage,6,0,0,0,,,,,,350,15,2,Liver,1/1,https://dbarchive.biosciencedbc.jp/data/open-tggates-pathological-images/LATEST/images/quinidine/Liver/35180.svs,ftp://ftp.biosciencedbc.jp/archive/open-tggates-pathological-images/LATEST/images/quinidine/Liver/35180.svs,0
35185.svs,0,,E0350-G15-P1,E0350-G15-I3,normal,quinidine,High,0,200,mg/kg,15 day,360,Repeat,Gavage,6,0,0,0,,,,,,350,15,3,Liver,1/1,https://dbarchive.biosciencedbc.jp/data/open-tggates-pathological-images/LATEST/images/quinidine/Liver/35185.svs,ftp://ftp.biosciencedbc.jp/archive/open-tggates-pathological-images/LATEST/images/quinidine/Liver/35185.svs,0
35196.svs,1,,E0350-G15-P1,E0350-G15-I5,abnormal,quinidine,High,0,200,mg/kg,15 day,360,Repeat,Gavage,6,1,1,0,slight,Hypertrophy,Centrilobular,slight,false,350,15,5,Liver,1/1,https://dbarchive.biosciencedbc.jp/data/open-tggates-pathological-images/LATEST/images/quinidine/Liver/35196.svs,ftp://ftp.biosciencedbc.jp/archive/open-tggates-pathological-images/LATEST/images/quinidine/Liver/35196.svs,0
35201.svs,0,,E0350-G16-P0,E0350-G16-I1,normal,quinidine,High,0,200,mg/kg,29 day,696,Repeat,Gavage,6,0,0,0,,,,,,350,16,1,Liver,1/1,https://dbarchive.biosciencedbc.jp/data/open-tggates-pathological-images/LATEST/images/quinidine/Liver/35201.svs,ftp://ftp.biosciencedbc.jp/archive/open-tggates-pathological-images/LATEST/images/quinidine/Liver/35201.svs,0
35207.svs,1,,E0350-G16-P0,E0350-G16-I2,abnormal,quinidine,High,0,200,mg/kg,29 day,696,Repeat,Gavage,6,1,1,0,moderate,Hypertrophy,Centrilobular,moderate,false,350,16,2,Liver,1/1,https://dbarchive.biosciencedbc.jp/data/open-tggates-pathological-images/LATEST/images/quinidine/Liver/35207.svs,ftp://ftp.biosciencedbc.jp/archive/open-tggates-pathological-images/LATEST/images/quinidine/Liver/35207.svs,0
35212.svs,1,,E0350-G16-P1,E0350-G16-I3,abnormal,quinidine,High,0,200,mg/kg,29 day,696,Repeat,Gavage,6,1,1,0,slight,Hypertrophy,Centrilobular,slight,false,350,16,3,Liver,1/1,https://dbarchive.biosciencedbc.jp/data/open-tggates-pathological-images/LATEST/images/quinidine/Liver/35212.svs,ftp://ftp.biosciencedbc.jp/archive/open-tggates-pathological-images/LATEST/images/quinidine/Liver/35212.svs,0
35222.svs,0,,E0350-G16-P1,E0350-G16-I5,normal,quinidine,High,0,200,mg/kg,29 day,696,Repeat,Gavage,6,0,0,0,,,,,,350,16,5,Liver,1/1,https://dbarchive.biosciencedbc.jp/data/open-tggates-pathological-images/LATEST/images/quinidine/Liver/35222.svs,ftp://ftp.biosciencedbc.jp/archive/open-tggates-pathological-images/LATEST/images/quinidine/Liver/35222.svs,0
16711.svs,0,,E0365-G16-P0,E0365-G16-I1,normal,imipramine,High,0,100,mg/kg,24 hr,24,Single,Gavage,6,0,0,0,,,,,,365,16,1,Liver,1/1,https://dbarchive.biosciencedbc.jp/data/open-tggates-pathological-images/LATEST/images/imipramine/Liver/16711.svs,ftp://ftp.biosciencedbc.jp/archive/open-tggates-pathological-images/LATEST/images/imipramine/Liver/16711.svs,0
16713.svs,1,,E0365-G16-P0,E0365-G16-I2,abnormal,imipramine,High,0,100,mg/kg,24 hr,24,Single,Gavage,6,1,1,0,minimal,Hypertrophy,Hepatocyte,minimal,false,365,16,2,Liver,1/1,https://dbarchive.biosciencedbc.jp/data/open-tggates-pathological-images/LATEST/images/imipramine/Liver/16713.svs,ftp://ftp.biosciencedbc.jp/archive/open-tggates-pathological-images/LATEST/images/imipramine/Liver/16713.svs,0
16715.svs,1,,E0365-G16-P1,E0365-G16-I3,abnormal,imipramine,High,0,100,mg/kg,24 hr,24,Single,Gavage,6,1,1,0,minimal,Hypertrophy,Hepatocyte,minimal,false,365,16,3,Liver,1/1,https://dbarchive.biosciencedbc.jp/data/open-tggates-pathological-images/LATEST/images/imipramine/Liver/16715.svs,ftp://ftp.biosciencedbc.jp/archive/open-tggates-pathological-images/LATEST/images/imipramine/Liver/16715.svs,0
16716.svs,0,,E0365-G16-P1,E0365-G16-I4,normal,imipramine,High,0,100,mg/kg,24 hr,24,Single,Gavage,6,0,0,0,,,,,,365,16,4,Liver,1/1,https://dbarchive.biosciencedbc.jp/data/open-tggates-pathological-images/LATEST/images/imipramine/Liver/16716.svs,ftp://ftp.biosciencedbc.jp/archive/open-tggates-pathological-images/LATEST/images/imipramine/Liver/16716.svs,0
33920.svs,0,,E0366-G11-P0,E0366-G11-I1,normal,imipramine,Middle,0,30,mg/kg,15 day,360,Repeat,Gavage,6,0,0,0,,,,,,366,11,1,Liver,1/1,https://dbarchive.biosciencedbc.jp/data/open-tggates-pathological-images/LATEST/images/imipramine/Liver/33920.svs,ftp://ftp.biosciencedbc.jp/archive/open-tggates-pathological-images/LATEST/images/imipramine/Liver/33920.svs,0
33923.svs,1,,E0366-G11-P0,E0366-G11-I3,abnormal,imipramine,Middle,0,30,mg/kg,15 day,360,Repeat,Gavage,6,1,1,0,minimal,Hypertrophy,Hepatocyte,minimal,false,366,11,3,Liver,1/1,https://dbarchive.biosciencedbc.jp/data/open-tggates-pathological-images/LATEST/images/imipramine/Liver/33923.svs,ftp://ftp.biosciencedbc.jp/archive/open-tggates-pathological-images/LATEST/images/imipramine/Liver/33923.svs,0
33928.svs,1,,E0366-G12-P0,E0366-G12-I1,abnormal,imipramine,Middle,0,30,mg/kg,29 day,696,Repeat,Gavage,6,2,2,0,minimal,"Hypertrophy; Vacuolization, cytoplasmic",Hepatocyte; Hepatocyte,minimal; minimal,false; false,366,12,1,Liver,1/1,https://dbarchive.biosciencedbc.jp/data/open-tggates-pathological-images/LATEST/images/imipramine/Liver/33928.svs,ftp://ftp.biosciencedbc.jp/archive/open-tggates-pathological-images/LATEST/images/imipramine/Liver/33928.svs,0
33930.svs,0,,E0366-G12-P0,E0366-G12-I3,normal,imipramine,Middle,0,30,mg/kg,29 day,696,Repeat,Gavage,6,0,0,0,,,,,,366,12,3,Liver,1/1,https://dbarchive.biosciencedbc.jp/data/open-tggates-pathological-images/LATEST/images/imipramine/Liver/33930.svs,ftp://ftp.biosciencedbc.jp/archive/open-tggates-pathological-images/LATEST/images/imipramine/Liver/33930.svs,0
33935.svs,1,,E0366-G13-P0,E0366-G13-I1,abnormal,imipramine,High,0,100,mg/kg,4 day,96,Repeat,Gavage,6,1,1,0,minimal,Hypertrophy,Hepatocyte,minimal,false,366,13,1,Liver,1/1,https://dbarchive.biosciencedbc.jp/data/open-tggates-pathological-images/LATEST/images/imipramine/Liver/33935.svs,ftp://ftp.biosciencedbc.jp/archive/open-tggates-pathological-images/LATEST/images/imipramine/Liver/33935.svs,0
33936.svs,0,,E0366-G13-P0,E0366-G13-I2,normal,imipramine,High,0,100,mg/kg,4 day,96,Repeat,Gavage,6,0,0,0,,,,,,366,13,2,Liver,1/1,https://dbarchive.biosciencedbc.jp/data/open-tggates-pathological-images/LATEST/images/imipramine/Liver/33936.svs,ftp://ftp.biosciencedbc.jp/archive/open-tggates-pathological-images/LATEST/images/imipramine/Liver/33936.svs,0
33942.svs,1,,E0366-G14-P0,E0366-G14-I1,abnormal,imipramine,High,0,100,mg/kg,8 day,192,Repeat,Gavage,6,2,2,0,minimal,"Hypertrophy; Vacuolization, cytoplasmic",Hepatocyte; Hepatocyte,minimal; minimal,false; false,366,14,1,Liver,1/1,https://dbarchive.biosciencedbc.jp/data/open-tggates-pathological-images/LATEST/images/imipramine/Liver/33942.svs,ftp://ftp.biosciencedbc.jp/archive/open-tggates-pathological-images/LATEST/images/imipramine/Liver/33942.svs,0
33943.svs,0,,E0366-G14-P0,E0366-G14-I2,normal,imipramine,High,0,100,mg/kg,8 day,192,Repeat,Gavage,6,0,0,0,,,,,,366,14,2,Liver,1/1,https://dbarchive.biosciencedbc.jp/data/open-tggates-pathological-images/LATEST/images/imipramine/Liver/33943.svs,ftp://ftp.biosciencedbc.jp/archive/open-tggates-pathological-images/LATEST/images/imipramine/Liver/33943.svs,0
34227.svs,0,,E0368-G11-P0,E0368-G11-I1,normal,amitriptyline,Middle,0,50,mg/kg,15 day,360,Repeat,Gavage,6,0,0,0,,,,,,368,11,1,Liver,1/1,https://dbarchive.biosciencedbc.jp/data/open-tggates-pathological-images/LATEST/images/amitriptyline/Liver/34227.svs,ftp://ftp.biosciencedbc.jp/archive/open-tggates-pathological-images/LATEST/images/amitriptyline/Liver/34227.svs,0
34234.svs,1,,E0368-G11-P0,E0368-G11-I4,abnormal,amitriptyline,Middle,0,50,mg/kg,15 day,360,Repeat,Gavage,6,1,1,0,minimal,"Vacuolization, cytoplasmic",Hepatocyte,minimal,false,368,11,4,Liver,1/1,https://dbarchive.biosciencedbc.jp/data/open-tggates-pathological-images/LATEST/images/amitriptyline/Liver/34234.svs,ftp://ftp.biosciencedbc.jp/archive/open-tggates-pathological-images/LATEST/images/amitriptyline/Liver/34234.svs,0
34237.svs,1,,E0368-G12-P0,E0368-G12-I1,abnormal,amitriptyline,Middle,0,50,mg/kg,29 day,696,Repeat,Gavage,6,1,1,0,slight,Hypertrophy,Hepatocyte,slight,false,368,12,1,Liver,1/1,https://dbarchive.biosciencedbc.jp/data/open-tggates-pathological-images/LATEST/images/amitriptyline/Liver/34237.svs,ftp://ftp.biosciencedbc.jp/archive/open-tggates-pathological-images/LATEST/images/amitriptyline/Liver/34237.svs,0
34247.svs,0,,E0368-G12-P0,E0368-G12-I5,normal,amitriptyline,Middle,0,50,mg/kg,29 day,696,Repeat,Gavage,6,0,0,0,,,,,,368,12,5,Liver,1/1,https://dbarchive.biosciencedbc.jp/data/open-tggates-pathological-images/LATEST/images/amitriptyline/Liver/34247.svs,ftp://ftp.biosciencedbc.jp/archive/open-tggates-pathological-images/LATEST/images/amitriptyline/Liver/34247.svs,0
34263.svs,1,,E0368-G14-P0,E0368-G14-I1,abnormal,amitriptyline,High,0,150,mg/kg,8 day,192,Repeat,Gavage,6,2,2,0,minimal,"Hypertrophy; Vacuolization, cytoplasmic",Hepatocyte; Hepatocyte,minimal; minimal,false; false,368,14,1,Liver,1/1,https://dbarchive.biosciencedbc.jp/data/open-tggates-pathological-images/LATEST/images/amitriptyline/Liver/34263.svs,ftp://ftp.biosciencedbc.jp/archive/open-tggates-pathological-images/LATEST/images/amitriptyline/Liver/34263.svs,0
34271.svs,0,,E0368-G14-P0,E0368-G14-I4,normal,amitriptyline,High,0,150,mg/kg,8 day,192,Repeat,Gavage,6,0,0,0,,,,,,368,14,4,Liver,1/1,https://dbarchive.biosciencedbc.jp/data/open-tggates-pathological-images/LATEST/images/amitriptyline/Liver/34271.svs,ftp://ftp.biosciencedbc.jp/archive/open-tggates-pathological-images/LATEST/images/amitriptyline/Liver/34271.svs,0
19711.svs,0,,E0370-G11-P0,E0370-G11-I1,normal,hydroxyzine,Middle,0,30,mg/kg,15 day,360,Repeat,Gavage,6,0,0,0,,,,,,370,11,1,Liver,1/1,https://dbarchive.biosciencedbc.jp/data/open-tggates-pathological-images/LATEST/images/hydroxyzine/Liver/19711.svs,ftp://ftp.biosciencedbc.jp/archive/open-tggates-pathological-images/LATEST/images/hydroxyzine/Liver/19711.svs,0
19714.svs,1,,E0370-G11-P0,E0370-G11-I2,abnormal,hydroxyzine,Middle,0,30,mg/kg,15 day,360,Repeat,Gavage,6,1,1,0,minimal,Hypertrophy,Centrilobular,minimal,false,370,11,2,Liver,1/1,https://dbarchive.biosciencedbc.jp/data/open-tggates-pathological-images/LATEST/images/hydroxyzine/Liver/19714.svs,ftp://ftp.biosciencedbc.jp/archive/open-tggates-pathological-images/LATEST/images/hydroxyzine/Liver/19714.svs,0
20359.svs,0,,E0378-G14-P0,E0378-G14-I1,normal,mefenamic acid,High,0,300,mg/kg,8 day,192,Repeat,Gavage,6,0,0,0,,,,,,378,14,1,Liver,1/1,https://dbarchive.biosciencedbc.jp/data/open-tggates-pathological-images/LATEST/images/mefenamic_acid/Liver/20359.svs,ftp://ftp.biosciencedbc.jp/archive/open-tggates-pathological-images/LATEST/images/mefenamic_acid/Liver/20359.svs,0
20362.svs,0,,E0378-G14-P1,E0378-G14-I2,normal,mefenamic acid,High,0,300,mg/kg,8 day,192,Repeat,Gavage,6,0,0,0,,,,,,378,14,2,Liver,1/1,https://dbarchive.biosciencedbc.jp/data/open-tggates-pathological-images/LATEST/images/mefenamic_acid/Liver/20362.svs,ftp://ftp.biosciencedbc.jp/archive/open-tggates-pathological-images/LATEST/images/mefenamic_acid/Liver/20362.svs,0
20367.svs,1,,E0378-G14-P0,E0378-G14-I4,abnormal,mefenamic acid,High,0,300,mg/kg,8 day,192,Repeat,Gavage,6,1,1,0,minimal,"Hematopoiesis, extramedullary",-,minimal,false,378,14,4,Liver,1/1,https://dbarchive.biosciencedbc.jp/data/open-tggates-pathological-images/LATEST/images/mefenamic_acid/Liver/20367.svs,ftp://ftp.biosciencedbc.jp/archive/open-tggates-pathological-images/LATEST/images/mefenamic_acid/Liver/20367.svs,0
20370.svs,1,,E0378-G14-P1,E0378-G14-I5,abnormal,mefenamic acid,High,0,300,mg/kg,8 day,192,Repeat,Gavage,6,1,1,0,minimal,"Hematopoiesis, extramedullary",-,minimal,false,378,14,5,Liver,1/1,https://dbarchive.biosciencedbc.jp/data/open-tggates-pathological-images/LATEST/images/mefenamic_acid/Liver/20370.svs,ftp://ftp.biosciencedbc.jp/archive/open-tggates-pathological-images/LATEST/images/mefenamic_acid/Liver/20370.svs,0
20414.svs,1,,E0378-G15-P0,E0378-G15-I1,abnormal,mefenamic acid,High,0,300,mg/kg,15 day,360,Repeat,Gavage,6,1,1,0,minimal,"Hematopoiesis, extramedullary",-,minimal,false,378,15,1,Liver,1/1,https://dbarchive.biosciencedbc.jp/data/open-tggates-pathological-images/LATEST/images/mefenamic_acid/Liver/20414.svs,ftp://ftp.biosciencedbc.jp/archive/open-tggates-pathological-images/LATEST/images/mefenamic_acid/Liver/20414.svs,0
20417.svs,0,,E0378-G15-P0,E0378-G15-I2,normal,mefenamic acid,High,0,300,mg/kg,15 day,360,Repeat,Gavage,6,0,0,0,,,,,,378,15,2,Liver,1/1,https://dbarchive.biosciencedbc.jp/data/open-tggates-pathological-images/LATEST/images/mefenamic_acid/Liver/20417.svs,ftp://ftp.biosciencedbc.jp/archive/open-tggates-pathological-images/LATEST/images/mefenamic_acid/Liver/20417.svs,0
20419.svs,0,,E0378-G15-P1,E0378-G15-I3,normal,mefenamic acid,High,0,300,mg/kg,15 day,360,Repeat,Gavage,6,0,0,0,,,,,,378,15,3,Liver,1/1,https://dbarchive.biosciencedbc.jp/data/open-tggates-pathological-images/LATEST/images/mefenamic_acid/Liver/20419.svs,ftp://ftp.biosciencedbc.jp/archive/open-tggates-pathological-images/LATEST/images/mefenamic_acid/Liver/20419.svs,0
20422.svs,1,,E0378-G15-P1,E0378-G15-I5,abnormal,mefenamic acid,High,0,300,mg/kg,15 day,360,Repeat,Gavage,6,1,1,0,minimal,"Hematopoiesis, extramedullary",-,minimal,false,378,15,5,Liver,1/1,https://dbarchive.biosciencedbc.jp/data/open-tggates-pathological-images/LATEST/images/mefenamic_acid/Liver/20422.svs,ftp://ftp.biosciencedbc.jp/archive/open-tggates-pathological-images/LATEST/images/mefenamic_acid/Liver/20422.svs,0
20473.svs,0,,E0378-G16-P0,E0378-G16-I1,normal,mefenamic acid,High,0,300,mg/kg,29 day,696,Repeat,Gavage,6,0,0,0,,,,,,378,16,1,Liver,1/1,https://dbarchive.biosciencedbc.jp/data/open-tggates-pathological-images/LATEST/images/mefenamic_acid/Liver/20473.svs,ftp://ftp.biosciencedbc.jp/archive/open-tggates-pathological-images/LATEST/images/mefenamic_acid/Liver/20473.svs,0
20477.svs,1,,E0378-G16-P0,E0378-G16-I2,abnormal,mefenamic acid,High,0,300,mg/kg,29 day,696,Repeat,Gavage,6,1,1,0,minimal,"Hematopoiesis, extramedullary",-,minimal,false,378,16,2,Liver,1/1,https://dbarchive.biosciencedbc.jp/data/open-tggates-pathological-images/LATEST/images/mefenamic_acid/Liver/20477.svs,ftp://ftp.biosciencedbc.jp/archive/open-tggates-pathological-images/LATEST/images/mefenamic_acid/Liver/20477.svs,0
20480.svs,0,,E0378-G16-P1,E0378-G16-I3,normal,mefenamic acid,High,0,300,mg/kg,29 day,696,Repeat,Gavage,6,0,0,0,,,,,,378,16,3,Liver,1/1,https://dbarchive.biosciencedbc.jp/data/open-tggates-pathological-images/LATEST/images/mefenamic_acid/Liver/20480.svs,ftp://ftp.biosciencedbc.jp/archive/open-tggates-pathological-images/LATEST/images/mefenamic_acid/Liver/20480.svs,0
20483.svs,1,,E0378-G16-P1,E0378-G16-I4,abnormal,mefenamic acid,High,0,300,mg/kg,29 day,696,Repeat,Gavage,6,2,1,1,minimal,"Hematopoiesis, extramedullary; Necrosis",-; -,minimal; minimal,false; true,378,16,4,Liver,1/1,https://dbarchive.biosciencedbc.jp/data/open-tggates-pathological-images/LATEST/images/mefenamic_acid/Liver/20483.svs,ftp://ftp.biosciencedbc.jp/archive/open-tggates-pathological-images/LATEST/images/mefenamic_acid/Liver/20483.svs,0
57805.svs,0,,E0386-G06-P0,E0386-G06-I1,normal,nicotinic acid,Low,0,100,mg/kg,6 hr,6,Single,Gavage,6,0,0,0,,,,,,386,6,1,Liver,1/1,https://dbarchive.biosciencedbc.jp/data/open-tggates-pathological-images/LATEST/images/nicotinic_acid/Liver/57805.svs,ftp://ftp.biosciencedbc.jp/archive/open-tggates-pathological-images/LATEST/images/nicotinic_acid/Liver/57805.svs,0
57831.svs,1,,E0386-G06-P0,E0386-G06-I5,abnormal,nicotinic acid,Low,0,100,mg/kg,6 hr,6,Single,Gavage,6,1,1,0,slight,"Change, eosinophilic",Peripheral,slight,false,386,6,5,Liver,1/1,https://dbarchive.biosciencedbc.jp/data/open-tggates-pathological-images/LATEST/images/nicotinic_acid/Liver/57831.svs,ftp://ftp.biosciencedbc.jp/archive/open-tggates-pathological-images/LATEST/images/nicotinic_acid/Liver/57831.svs,0
57836.svs,1,,E0386-G07-P0,E0386-G07-I1,abnormal,nicotinic acid,Low,0,100,mg/kg,9 hr,9,Single,Gavage,6,1,1,0,moderate,"Change, eosinophilic",Peripheral,moderate,false,386,7,1,Liver,1/1,https://dbarchive.biosciencedbc.jp/data/open-tggates-pathological-images/LATEST/images/nicotinic_acid/Liver/57836.svs,ftp://ftp.biosciencedbc.jp/archive/open-tggates-pathological-images/LATEST/images/nicotinic_acid/Liver/57836.svs,0
57841.svs,0,,E0386-G07-P0,E0386-G07-I2,normal,nicotinic acid,Low,0,100,mg/kg,9 hr,9,Single,Gavage,6,0,0,0,,,,,,386,7,2,Liver,1/1,https://dbarchive.biosciencedbc.jp/data/open-tggates-pathological-images/LATEST/images/nicotinic_acid/Liver/57841.svs,ftp://ftp.biosciencedbc.jp/archive/open-tggates-pathological-images/LATEST/images/nicotinic_acid/Liver/57841.svs,0
57846.svs,0,,E0386-G07-P1,E0386-G07-I3,normal,nicotinic acid,Low,0,100,mg/kg,9 hr,9,Single,Gavage,6,0,0,0,,,,,,386,7,3,Liver,1/1,https://dbarchive.biosciencedbc.jp/data/open-tggates-pathological-images/LATEST/images/nicotinic_acid/Liver/57846.svs,ftp://ftp.biosciencedbc.jp/archive/open-tggates-pathological-images/LATEST/images/nicotinic_acid/Liver/57846.svs,0
57852.svs,1,,E0386-G07-P1,E0386-G07-I4,abnormal,nicotinic acid,Low,0,100,mg/kg,9 hr,9,Single,Gavage,6,1,1,0,slight,"Change, eosinophilic",Peripheral,slight,false,386,7,4,Liver,1/1,https://dbarchive.biosciencedbc.jp/data/open-tggates-pathological-images/LATEST/images/nicotinic_acid/Liver/57852.svs,ftp://ftp.biosciencedbc.jp/archive/open-tggates-pathological-images/LATEST/images/nicotinic_acid/Liver/57852.svs,0
57862.svs,0,,E0386-G08-P0,E0386-G08-I1,normal,nicotinic acid,Low,0,100,mg/kg,24 hr,24,Single,Gavage,6,0,0,0,,,,,,386,8,1,Liver,1/1,https://dbarchive.biosciencedbc.jp/data/open-tggates-pathological-images/LATEST/images/nicotinic_acid/Liver/57862.svs,ftp://ftp.biosciencedbc.jp/archive/open-tggates-pathological-images/LATEST/images/nicotinic_acid/Liver/57862.svs,0
57867.svs,1,,E0386-G08-P0,E0386-G08-I2,abnormal,nicotinic acid,Low,0,100,mg/kg,24 hr,24,Single,Gavage,6,1,1,0,slight,"Deposit, glycogen",Peripheral,slight,false,386,8,2,Liver,1/1,https://dbarchive.biosciencedbc.jp/data/open-tggates-pathological-images/LATEST/images/nicotinic_acid/Liver/57867.svs,ftp://ftp.biosciencedbc.jp/archive/open-tggates-pathological-images/LATEST/images/nicotinic_acid/Liver/57867.svs,0
57873.svs,0,,E0386-G08-P1,E0386-G08-I3,normal,nicotinic acid,Low,0,100,mg/kg,24 hr,24,Single,Gavage,6,0,0,0,,,,,,386,8,3,Liver,1/1,https://dbarchive.biosciencedbc.jp/data/open-tggates-pathological-images/LATEST/images/nicotinic_acid/Liver/57873.svs,ftp://ftp.biosciencedbc.jp/archive/open-tggates-pathological-images/LATEST/images/nicotinic_acid/Liver/57873.svs,0
57885.svs,1,,E0386-G08-P1,E0386-G08-I5,abnormal,nicotinic acid,Low,0,100,mg/kg,24 hr,24,Single,Gavage,6,1,1,0,slight,"Deposit, glycogen",Peripheral,slight,false,386,8,5,Liver,1/1,https://dbarchive.biosciencedbc.jp/data/open-tggates-pathological-images/LATEST/images/nicotinic_acid/Liver/57885.svs,ftp://ftp.biosciencedbc.jp/archive/open-tggates-pathological-images/LATEST/images/nicotinic_acid/Liver/57885.svs,0
57916.svs,1,,E0386-G10-P0,E0386-G10-I1,abnormal,nicotinic acid,Middle,0,300,mg/kg,6 hr,6,Single,Gavage,6,1,1,0,slight,"Change, eosinophilic",Peripheral,slight,false,386,10,1,Liver,1/1,https://dbarchive.biosciencedbc.jp/data/open-tggates-pathological-images/LATEST/images/nicotinic_acid/Liver/57916.svs,ftp://ftp.biosciencedbc.jp/archive/open-tggates-pathological-images/LATEST/images/nicotinic_acid/Liver/57916.svs,0
57919.svs,0,,E0386-G10-P0,E0386-G10-I2,normal,nicotinic acid,Middle,0,300,mg/kg,6 hr,6,Single,Gavage,6,0,0,0,,,,,,386,10,2,Liver,1/1,https://dbarchive.biosciencedbc.jp/data/open-tggates-pathological-images/LATEST/images/nicotinic_acid/Liver/57919.svs,ftp://ftp.biosciencedbc.jp/archive/open-tggates-pathological-images/LATEST/images/nicotinic_acid/Liver/57919.svs,0
57922.svs,0,,E0386-G10-P1,E0386-G10-I3,normal,nicotinic acid,Middle,0,300,mg/kg,6 hr,6,Single,Gavage,6,0,0,0,,,,,,386,10,3,Liver,1/1,https://dbarchive.biosciencedbc.jp/data/open-tggates-pathological-images/LATEST/images/nicotinic_acid/Liver/57922.svs,ftp://ftp.biosciencedbc.jp/archive/open-tggates-pathological-images/LATEST/images/nicotinic_acid/Liver/57922.svs,0
57925.svs,1,,E0386-G10-P1,E0386-G10-I4,abnormal,nicotinic acid,Middle,0,300,mg/kg,6 hr,6,Single,Gavage,6,1,1,0,slight,"Change, eosinophilic",Peripheral,slight,false,386,10,4,Liver,1/1,https://dbarchive.biosciencedbc.jp/data/open-tggates-pathological-images/LATEST/images/nicotinic_acid/Liver/57925.svs,ftp://ftp.biosciencedbc.jp/archive/open-tggates-pathological-images/LATEST/images/nicotinic_acid/Liver/57925.svs,0
57931.svs,1,,E0386-G11-P0,E0386-G11-I1,abnormal,nicotinic acid,Middle,0,300,mg/kg,9 hr,9,Single,Gavage,6,1,1,0,slight,"Change, eosinophilic",Peripheral,slight,false,386,11,1,Liver,1/1,https://dbarchive.biosciencedbc.jp/data/open-tggates-pathological-images/LATEST/images/nicotinic_acid/Liver/57931.svs,ftp://ftp.biosciencedbc.jp/archive/open-tggates-pathological-images/LATEST/images/nicotinic_acid/Liver/57931.svs,0
57943.svs,0,,E0386-G11-P0,E0386-G11-I5,normal,nicotinic acid,Middle,0,300,mg/kg,9 hr,9,Single,Gavage,6,0,0,0,,,,,,386,11,5,Liver,1/1,https://dbarchive.biosciencedbc.jp/data/open-tggates-pathological-images/LATEST/images/nicotinic_acid/Liver/57943.svs,ftp://ftp.biosciencedbc.jp/archive/open-tggates-pathological-images/LATEST/images/nicotinic_acid/Liver/57943.svs,0
57949.svs,0,,E0386-G12-P0,E0386-G12-I1,normal,nicotinic acid,Middle,0,300,mg/kg,24 hr,24,Single,Gavage,6,0,0,0,,,,,,386,12,1,Liver,1/1,https://dbarchive.biosciencedbc.jp/data/open-tggates-pathological-images/LATEST/images/nicotinic_acid/Liver/57949.svs,ftp://ftp.biosciencedbc.jp/archive/open-tggates-pathological-images/LATEST/images/nicotinic_acid/Liver/57949.svs,0
57966.svs,1,,E0386-G12-P0,E0386-G12-I4,abnormal,nicotinic acid,Middle,0,300,mg/kg,24 hr,24,Single,Gavage,6,1,1,0,slight,"Deposit, glycogen",Peripheral,slight,false,386,12,4,Liver,1/1,https://dbarchive.biosciencedbc.jp/data/open-tggates-pathological-images/LATEST/images/nicotinic_acid/Liver/57966.svs,ftp://ftp.biosciencedbc.jp/archive/open-tggates-pathological-images/LATEST/images/nicotinic_acid/Liver/57966.svs,0
58004.svs,0,,E0386-G14-P0,E0386-G14-I1,normal,nicotinic acid,High,0,1000,mg/kg,6 hr,6,Single,Gavage,6,0,0,0,,,,,,386,14,1,Liver,1/1,https://dbarchive.biosciencedbc.jp/data/open-tggates-pathological-images/LATEST/images/nicotinic_acid/Liver/58004.svs,ftp://ftp.biosciencedbc.jp/archive/open-tggates-pathological-images/LATEST/images/nicotinic_acid/Liver/58004.svs,0
58009.svs,1,,E0386-G14-P0,E0386-G14-I2,abnormal,nicotinic acid,High,0,1000,mg/kg,6 hr,6,Single,Gavage,6,1,1,0,slight,"Change, eosinophilic",Peripheral,slight,false,386,14,2,Liver,1/1,https://dbarchive.biosciencedbc.jp/data/open-tggates-pathological-images/LATEST/images/nicotinic_acid/Liver/58009.svs,ftp://ftp.biosciencedbc.jp/archive/open-tggates-pathological-images/LATEST/images/nicotinic_acid/Liver/58009.svs,0
35733.svs,1,,E0389-G16-P0,E0389-G16-I1,abnormal,erythromycin ethylsuccinate,High,0,1000,mg/kg,29 day,696,Repeat,Gavage,6,1,1,0,slight,Hypertrophy,Centrilobular,slight,false,389,16,1,Liver,1/1,https://dbarchive.biosciencedbc.jp/data/open-tggates-pathological-images/LATEST/images/erythromycin_ethylsuccinate/Liver/35733.svs,ftp://ftp.biosciencedbc.jp/archive/open-tggates-pathological-images/LATEST/images/erythromycin_ethylsuccinate/Liver/35733.svs,0
35739.svs,0,,E0389-G16-P0,E0389-G16-I3,normal,erythromycin ethylsuccinate,High,0,1000,mg/kg,29 day,696,Repeat,Gavage,6,0,0,0,,,,,,389,16,3,Liver,1/1,https://dbarchive.biosciencedbc.jp/data/open-tggates-pathological-images/LATEST/images/erythromycin_ethylsuccinate/Liver/35739.svs,ftp://ftp.biosciencedbc.jp/archive/open-tggates-pathological-images/LATEST/images/erythromycin_ethylsuccinate/Liver/35739.svs,0
35984.svs,1,,E0390-G12-P0,E0390-G12-I1,abnormal,ethambutol,Middle,0,300,mg/kg,24 hr,24,Single,Gavage,6,1,1,0,slight,Increased mitosis,Hepatocyte,slight,false,390,12,1,Liver,1/1,https://dbarchive.biosciencedbc.jp/data/open-tggates-pathological-images/LATEST/images/ethambutol/Liver/35984.svs,ftp://ftp.biosciencedbc.jp/archive/open-tggates-pathological-images/LATEST/images/ethambutol/Liver/35984.svs,0
35988.svs,0,,E0390-G12-P0,E0390-G12-I2,normal,ethambutol,Middle,0,300,mg/kg,24 hr,24,Single,Gavage,6,0,0,0,,,,,,390,12,2,Liver,1/1,https://dbarchive.biosciencedbc.jp/data/open-tggates-pathological-images/LATEST/images/ethambutol/Liver/35988.svs,ftp://ftp.biosciencedbc.jp/archive/open-tggates-pathological-images/LATEST/images/ethambutol/Liver/35988.svs,0
35993.svs,1,,E0390-G12-P1,E0390-G12-I3,abnormal,ethambutol,Middle,0,300,mg/kg,24 hr,24,Single,Gavage,6,1,1,0,slight,Increased mitosis,Hepatocyte,slight,false,390,12,3,Liver,1/1,https://dbarchive.biosciencedbc.jp/data/open-tggates-pathological-images/LATEST/images/ethambutol/Liver/35993.svs,ftp://ftp.biosciencedbc.jp/archive/open-tggates-pathological-images/LATEST/images/ethambutol/Liver/35993.svs,0
35998.svs,0,,E0390-G12-P1,E0390-G12-I4,normal,ethambutol,Middle,0,300,mg/kg,24 hr,24,Single,Gavage,6,0,0,0,,,,,,390,12,4,Liver,1/1,https://dbarchive.biosciencedbc.jp/data/open-tggates-pathological-images/LATEST/images/ethambutol/Liver/35998.svs,ftp://ftp.biosciencedbc.jp/archive/open-tggates-pathological-images/LATEST/images/ethambutol/Liver/35998.svs,0
36094.svs,1,,E0390-G16-P0,E0390-G16-I1,abnormal,ethambutol,High,0,1000,mg/kg,24 hr,24,Single,Gavage,6,1,1,0,slight,Ground glass appearance,Centrilobular,slight,false,390,16,1,Liver,1/1,https://dbarchive.biosciencedbc.jp/data/open-tggates-pathological-images/LATEST/images/ethambutol/Liver/36094.svs,ftp://ftp.biosciencedbc.jp/archive/open-tggates-pathological-images/LATEST/images/ethambutol/Liver/36094.svs,0
36100.svs,0,,E0390-G16-P0,E0390-G16-I2,normal,ethambutol,High,0,1000,mg/kg,24 hr,24,Single,Gavage,6,0,0,0,,,,,,390,16,2,Liver,1/1,https://dbarchive.biosciencedbc.jp/data/open-tggates-pathological-images/LATEST/images/ethambutol/Liver/36100.svs,ftp://ftp.biosciencedbc.jp/archive/open-tggates-pathological-images/LATEST/images/ethambutol/Liver/36100.svs,0
36105.svs,0,,E0390-G16-P1,E0390-G16-I3,normal,ethambutol,High,0,1000,mg/kg,24 hr,24,Single,Gavage,6,0,0,0,,,,,,390,16,3,Liver,1/1,https://dbarchive.biosciencedbc.jp/data/open-tggates-pathological-images/LATEST/images/ethambutol/Liver/36105.svs,ftp://ftp.biosciencedbc.jp/archive/open-tggates-pathological-images/LATEST/images/ethambutol/Liver/36105.svs,0
36111.svs,1,,E0390-G16-P1,E0390-G16-I4,abnormal,ethambutol,High,0,1000,mg/kg,24 hr,24,Single,Gavage,6,2,2,0,moderate,Ground glass appearance; Increased mitosis,Centrilobular; Hepatocyte,slight; moderate,false; false,390,16,4,Liver,1/1,https://dbarchive.biosciencedbc.jp/data/open-tggates-pathological-images/LATEST/images/ethambutol/Liver/36111.svs,ftp://ftp.biosciencedbc.jp/archive/open-tggates-pathological-images/LATEST/images/ethambutol/Liver/36111.svs,0
36200.svs,1,,E0391-G07-P0,E0391-G07-I1,abnormal,ethambutol,Low,0,100,mg/kg,15 day,360,Repeat,Gavage,6,1,1,0,slight,Ground glass appearance,Centrilobular,slight,false,391,7,1,Liver,1/1,https://dbarchive.biosciencedbc.jp/data/open-tggates-pathological-images/LATEST/images/ethambutol/Liver/36200.svs,ftp://ftp.biosciencedbc.jp/archive/open-tggates-pathological-images/LATEST/images/ethambutol/Liver/36200.svs,0
36206.svs,1,,E0391-G07-P1,E0391-G07-I2,abnormal,ethambutol,Low,0,100,mg/kg,15 day,360,Repeat,Gavage,6,1,1,0,slight,Ground glass appearance,Centrilobular,slight,false,391,7,2,Liver,1/1,https://dbarchive.biosciencedbc.jp/data/open-tggates-pathological-images/LATEST/images/ethambutol/Liver/36206.svs,ftp://ftp.biosciencedbc.jp/archive/open-tggates-pathological-images/LATEST/images/ethambutol/Liver/36206.svs,0
36213.svs,0,,E0391-G07-P0,E0391-G07-I3,normal,ethambutol,Low,0,100,mg/kg,15 day,360,Repeat,Gavage,6,0,0,0,,,,,,391,7,3,Liver,1/1,https://dbarchive.biosciencedbc.jp/data/open-tggates-pathological-images/LATEST/images/ethambutol/Liver/36213.svs,ftp://ftp.biosciencedbc.jp/archive/open-tggates-pathological-images/LATEST/images/ethambutol/Liver/36213.svs,0
36219.svs,0,,E0391-G07-P1,E0391-G07-I4,normal,ethambutol,Low,0,100,mg/kg,15 day,360,Repeat,Gavage,6,0,0,0,,,,,,391,7,4,Liver,1/1,https://dbarchive.biosciencedbc.jp/data/open-tggates-pathological-images/LATEST/images/ethambutol/Liver/36219.svs,ftp://ftp.biosciencedbc.jp/archive/open-tggates-pathological-images/LATEST/images/ethambutol/Liver/36219.svs,0
36297.svs,1,,E0391-G10-P0,E0391-G10-I1,abnormal,ethambutol,Middle,0,300,mg/kg,8 day,192,Repeat,Gavage,6,2,2,0,slight,Ground glass appearance; Hypertrophy,Centrilobular; Centrilobular,slight; slight,false; false,391,10,1,Liver,1/1,https://dbarchive.biosciencedbc.jp/data/open-tggates-pathological-images/LATEST/images/ethambutol/Liver/36297.svs,ftp://ftp.biosciencedbc.jp/archive/open-tggates-pathological-images/LATEST/images/ethambutol/Liver/36297.svs,0
36316.svs,0,,E0391-G10-P0,E0391-G10-I4,normal,ethambutol,Middle,0,300,mg/kg,8 day,192,Repeat,Gavage,6,0,0,0,,,,,,391,10,4,Liver,1/1,https://dbarchive.biosciencedbc.jp/data/open-tggates-pathological-images/LATEST/images/ethambutol/Liver/36316.svs,ftp://ftp.biosciencedbc.jp/archive/open-tggates-pathological-images/LATEST/images/ethambutol/Liver/36316.svs,0
36656.svs,0,,E0409-G12-P0,E0409-G12-I1,normal,chlorpheniramine,Middle,0,10,mg/kg,29 day,696,Repeat,Gavage,6,0,0,0,,,,,,409,12,1,Liver,1/1,https://dbarchive.biosciencedbc.jp/data/open-tggates-pathological-images/LATEST/images/chlorpheniramine/Liver/36656.svs,ftp://ftp.biosciencedbc.jp/archive/open-tggates-pathological-images/LATEST/images/chlorpheniramine/Liver/36656.svs,0
36658.svs,1,,E0409-G12-P0,E0409-G12-I2,abnormal,chlorpheniramine,Middle,0,10,mg/kg,29 day,696,Repeat,Gavage,6,1,1,0,minimal,Hypertrophy,Centrilobular,minimal,false,409,12,2,Liver,1/1,https://dbarchive.biosciencedbc.jp/data/open-tggates-pathological-images/LATEST/images/chlorpheniramine/Liver/36658.svs,ftp://ftp.biosciencedbc.jp/archive/open-tggates-pathological-images/LATEST/images/chlorpheniramine/Liver/36658.svs,0
36662.svs,0,,E0409-G12-P1,E0409-G12-I3,normal,chlorpheniramine,Middle,0,10,mg/kg,29 day,696,Repeat,Gavage,6,0,0,0,,,,,,409,12,3,Liver,1/1,https://dbarchive.biosciencedbc.jp/data/open-tggates-pathological-images/LATEST/images/chlorpheniramine/Liver/36662.svs,ftp://ftp.biosciencedbc.jp/archive/open-tggates-pathological-images/LATEST/images/chlorpheniramine/Liver/36662.svs,0
36665.svs,1,,E0409-G12-P1,E0409-G12-I4,abnormal,chlorpheniramine,Middle,0,10,mg/kg,29 day,696,Repeat,Gavage,6,1,1,0,minimal,Hypertrophy,Centrilobular,minimal,false,409,12,4,Liver,1/1,https://dbarchive.biosciencedbc.jp/data/open-tggates-pathological-images/LATEST/images/chlorpheniramine/Liver/36665.svs,ftp://ftp.biosciencedbc.jp/archive/open-tggates-pathological-images/LATEST/images/chlorpheniramine/Liver/36665.svs,0
36695.svs,1,,E0409-G15-P0,E0409-G15-I1,abnormal,chlorpheniramine,High,0,30,mg/kg,15 day,360,Repeat,Gavage,6,1,1,0,minimal,Hypertrophy,Centrilobular,minimal,false,409,15,1,Liver,1/1,https://dbarchive.biosciencedbc.jp/data/open-tggates-pathological-images/LATEST/images/chlorpheniramine/Liver/36695.svs,ftp://ftp.biosciencedbc.jp/archive/open-tggates-pathological-images/LATEST/images/chlorpheniramine/Liver/36695.svs,0
36698.svs,0,,E0409-G15-P0,E0409-G15-I2,normal,chlorpheniramine,High,0,30,mg/kg,15 day,360,Repeat,Gavage,6,0,0,0,,,,,,409,15,2,Liver,1/1,https://dbarchive.biosciencedbc.jp/data/open-tggates-pathological-images/LATEST/images/chlorpheniramine/Liver/36698.svs,ftp://ftp.biosciencedbc.jp/archive/open-tggates-pathological-images/LATEST/images/chlorpheniramine/Liver/36698.svs,0
20965.svs,0,,E0410-G09-P0,E0410-G09-I1,normal,nifedipine,Middle,0,300,mg/kg,3 hr,3,Single,Gavage,6,0,0,0,,,,,,410,9,1,Liver,1/1,https://dbarchive.biosciencedbc.jp/data/open-tggates-pathological-images/LATEST/images/nifedipine/Liver/20965.svs,ftp://ftp.biosciencedbc.jp/archive/open-tggates-pathological-images/LATEST/images/nifedipine/Liver/20965.svs,0
20970.svs,1,,E0410-G09-P0,E0410-G09-I4,abnormal,nifedipine,Middle,0,300,mg/kg,3 hr,3,Single,Gavage,6,1,1,0,minimal,Increased mitosis,Hepatocyte,minimal,false,410,9,4,Liver,1/1,https://dbarchive.biosciencedbc.jp/data/open-tggates-pathological-images/LATEST/images/nifedipine/Liver/20970.svs,ftp://ftp.biosciencedbc.jp/archive/open-tggates-pathological-images/LATEST/images/nifedipine/Liver/20970.svs,0
20974.svs,0,,E0410-G10-P0,E0410-G10-I1,normal,nifedipine,Middle,0,300,mg/kg,6 hr,6,Single,Gavage,6,0,0,0,,,,,,410,10,1,Liver,1/1,https://dbarchive.biosciencedbc.jp/data/open-tggates-pathological-images/LATEST/images/nifedipine/Liver/20974.svs,ftp://ftp.biosciencedbc.jp/archive/open-tggates-pathological-images/LATEST/images/nifedipine/Liver/20974.svs,0
20975.svs,0,,E0410-G10-P1,E0410-G10-I2,normal,nifedipine,Middle,0,300,mg/kg,6 hr,6,Single,Gavage,6,0,0,0,,,,,,410,10,2,Liver,1/1,https://dbarchive.biosciencedbc.jp/data/open-tggates-pathological-images/LATEST/images/nifedipine/Liver/20975.svs,ftp://ftp.biosciencedbc.jp/archive/open-tggates-pathological-images/LATEST/images/nifedipine/Liver/20975.svs,0
20977.svs,1,,E0410-G10-P0,E0410-G10-I3,abnormal,nifedipine,Middle,0,300,mg/kg,6 hr,6,Single,Gavage,6,1,1,0,minimal,Increased mitosis,Hepatocyte,minimal,false,410,10,3,Liver,1/1,https://dbarchive.biosciencedbc.jp/data/open-tggates-pathological-images/LATEST/images/nifedipine/Liver/20977.svs,ftp://ftp.biosciencedbc.jp/archive/open-tggates-pathological-images/LATEST/images/nifedipine/Liver/20977.svs,0
20979.svs,1,,E0410-G10-P1,E0410-G10-I4,abnormal,nifedipine,Middle,0,300,mg/kg,6 hr,6,Single,Gavage,6,1,1,0,minimal,Increased mitosis,Hepatocyte,minimal,false,410,10,4,Liver,1/1,https://dbarchive.biosciencedbc.jp/data/open-tggates-pathological-images/LATEST/images/nifedipine/Liver/20979.svs,ftp://ftp.biosciencedbc.jp/archive/open-tggates-pathological-images/LATEST/images/nifedipine/Liver/20979.svs,0
21000.svs,1,,E0410-G13-P0,E0410-G13-I1,abnormal,nifedipine,High,0,1000,mg/kg,3 hr,3,Single,Gavage,6,1,1,0,minimal,Increased mitosis,Hepatocyte,minimal,false,410,13,1,Liver,1/1,https://dbarchive.biosciencedbc.jp/data/open-tggates-pathological-images/LATEST/images/nifedipine/Liver/21000.svs,ftp://ftp.biosciencedbc.jp/archive/open-tggates-pathological-images/LATEST/images/nifedipine/Liver/21000.svs,0
21002.svs,0,,E0410-G13-P0,E0410-G13-I2,normal,nifedipine,High,0,1000,mg/kg,3 hr,3,Single,Gavage,6,0,0,0,,,,,,410,13,2,Liver,1/1,https://dbarchive.biosciencedbc.jp/data/open-tggates-pathological-images/LATEST/images/nifedipine/Liver/21002.svs,ftp://ftp.biosciencedbc.jp/archive/open-tggates-pathological-images/LATEST/images/nifedipine/Liver/21002.svs,0
21009.svs,0,,E0410-G14-P0,E0410-G14-I1,normal,nifedipine,High,0,1000,mg/kg,6 hr,6,Single,Gavage,6,0,0,0,,,,,,410,14,1,Liver,1/1,https://dbarchive.biosciencedbc.jp/data/open-tggates-pathological-images/LATEST/images/nifedipine/Liver/21009.svs,ftp://ftp.biosciencedbc.jp/archive/open-tggates-pathological-images/LATEST/images/nifedipine/Liver/21009.svs,0
21011.svs,1,,E0410-G14-P0,E0410-G14-I2,abnormal,nifedipine,High,0,1000,mg/kg,6 hr,6,Single,Gavage,6,1,1,0,minimal,Increased mitosis,Hepatocyte,minimal,false,410,14,2,Liver,1/1,https://dbarchive.biosciencedbc.jp/data/open-tggates-pathological-images/LATEST/images/nifedipine/Liver/21011.svs,ftp://ftp.biosciencedbc.jp/archive/open-tggates-pathological-images/LATEST/images/nifedipine/Liver/21011.svs,0
21012.svs,0,,E0410-G14-P1,E0410-G14-I3,normal,nifedipine,High,0,1000,mg/kg,6 hr,6,Single,Gavage,6,0,0,0,,,,,,410,14,3,Liver,1/1,https://dbarchive.biosciencedbc.jp/data/open-tggates-pathological-images/LATEST/images/nifedipine/Liver/21012.svs,ftp://ftp.biosciencedbc.jp/archive/open-tggates-pathological-images/LATEST/images/nifedipine/Liver/21012.svs,0
21014.svs,1,,E0410-G14-P1,E0410-G14-I4,abnormal,nifedipine,High,0,1000,mg/kg,6 hr,6,Single,Gavage,6,1,1,0,minimal,Increased mitosis,Hepatocyte,minimal,false,410,14,4,Liver,1/1,https://dbarchive.biosciencedbc.jp/data/open-tggates-pathological-images/LATEST/images/nifedipine/Liver/21014.svs,ftp://ftp.biosciencedbc.jp/archive/open-tggates-pathological-images/LATEST/images/nifedipine/Liver/21014.svs,0
70616.svs,0,,E0410-G15-P0,E0410-G15-I1,normal,nifedipine,High,0,1000,mg/kg,9 hr,9,Single,Gavage,6,0,0,0,,,,,,410,15,1,Liver,1/1,https://dbarchive.biosciencedbc.jp/data/open-tggates-pathological-images/LATEST/images/nifedipine/Liver/70616.svs,ftp://ftp.biosciencedbc.jp/archive/open-tggates-pathological-images/LATEST/images/nifedipine/Liver/70616.svs,0
21019.svs,0,,E0410-G15-P1,E0410-G15-I2,normal,nifedipine,High,0,1000,mg/kg,9 hr,9,Single,Gavage,6,0,0,0,,,,,,410,15,2,Liver,1/1,https://dbarchive.biosciencedbc.jp/data/open-tggates-pathological-images/LATEST/images/nifedipine/Liver/21019.svs,ftp://ftp.biosciencedbc.jp/archive/open-tggates-pathological-images/LATEST/images/nifedipine/Liver/21019.svs,0
21023.svs,1,,E0410-G15-P0,E0410-G15-I4,abnormal,nifedipine,High,0,1000,mg/kg,9 hr,9,Single,Gavage,6,1,1,0,minimal,Increased mitosis,Hepatocyte,minimal,false,410,15,4,Liver,1/1,https://dbarchive.biosciencedbc.jp/data/open-tggates-pathological-images/LATEST/images/nifedipine/Liver/21023.svs,ftp://ftp.biosciencedbc.jp/archive/open-tggates-pathological-images/LATEST/images/nifedipine/Liver/21023.svs,0
21024.svs,1,,E0410-G15-P1,E0410-G15-I5,abnormal,nifedipine,High,0,1000,mg/kg,9 hr,9,Single,Gavage,6,1,1,0,minimal,Increased mitosis,Hepatocyte,minimal,false,410,15,5,Liver,1/1,https://dbarchive.biosciencedbc.jp/data/open-tggates-pathological-images/LATEST/images/nifedipine/Liver/21024.svs,ftp://ftp.biosciencedbc.jp/archive/open-tggates-pathological-images/LATEST/images/nifedipine/Liver/21024.svs,0
37052.svs,0,,E0411-G12-P0,E0411-G12-I1,normal,nifedipine,Middle,0,300,mg/kg,29 day,696,Repeat,Gavage,6,0,0,0,,,,,,411,12,1,Liver,1/1,https://dbarchive.biosciencedbc.jp/data/open-tggates-pathological-images/LATEST/images/nifedipine/Liver/37052.svs,ftp://ftp.biosciencedbc.jp/archive/open-tggates-pathological-images/LATEST/images/nifedipine/Liver/37052.svs,0
37055.svs,0,,E0411-G12-P1,E0411-G12-I2,normal,nifedipine,Middle,0,300,mg/kg,29 day,696,Repeat,Gavage,6,0,0,0,,,,,,411,12,2,Liver,1/1,https://dbarchive.biosciencedbc.jp/data/open-tggates-pathological-images/LATEST/images/nifedipine/Liver/37055.svs,ftp://ftp.biosciencedbc.jp/archive/open-tggates-pathological-images/LATEST/images/nifedipine/Liver/37055.svs,0
37058.svs,1,,E0411-G12-P0,E0411-G12-I3,abnormal,nifedipine,Middle,0,300,mg/kg,29 day,696,Repeat,Gavage,6,1,1,0,minimal,"Change, eosinophilic",Centrilobular,minimal,false,411,12,3,Liver,1/1,https://dbarchive.biosciencedbc.jp/data/open-tggates-pathological-images/LATEST/images/nifedipine/Liver/37058.svs,ftp://ftp.biosciencedbc.jp/archive/open-tggates-pathological-images/LATEST/images/nifedipine/Liver/37058.svs,0
37061.svs,1,,E0411-G12-P1,E0411-G12-I4,abnormal,nifedipine,Middle,0,300,mg/kg,29 day,696,Repeat,Gavage,6,1,1,0,minimal,"Change, eosinophilic",Centrilobular,minimal,false,411,12,4,Liver,1/1,https://dbarchive.biosciencedbc.jp/data/open-tggates-pathological-images/LATEST/images/nifedipine/Liver/37061.svs,ftp://ftp.biosciencedbc.jp/archive/open-tggates-pathological-images/LATEST/images/nifedipine/Liver/37061.svs,0
37093.svs,1,,E0411-G15-P0,E0411-G15-I1,abnormal,nifedipine,High,0,1000,mg/kg,15 day,360,Repeat,Gavage,6,1,1,0,minimal,"Change, eosinophilic",Centrilobular,minimal,false,411,15,1,Liver,1/1,https://dbarchive.biosciencedbc.jp/data/open-tggates-pathological-images/LATEST/images/nifedipine/Liver/37093.svs,ftp://ftp.biosciencedbc.jp/archive/open-tggates-pathological-images/LATEST/images/nifedipine/Liver/37093.svs,0
37095.svs,0,,E0411-G15-P0,E0411-G15-I2,normal,nifedipine,High,0,1000,mg/kg,15 day,360,Repeat,Gavage,6,0,0,0,,,,,,411,15,2,Liver,1/1,https://dbarchive.biosciencedbc.jp/data/open-tggates-pathological-images/LATEST/images/nifedipine/Liver/37095.svs,ftp://ftp.biosciencedbc.jp/archive/open-tggates-pathological-images/LATEST/images/nifedipine/Liver/37095.svs,0
37098.svs,0,,E0411-G15-P1,E0411-G15-I3,normal,nifedipine,High,0,1000,mg/kg,15 day,360,Repeat,Gavage,6,0,0,0,,,,,,411,15,3,Liver,1/1,https://dbarchive.biosciencedbc.jp/data/open-tggates-pathological-images/LATEST/images/nifedipine/Liver/37098.svs,ftp://ftp.biosciencedbc.jp/archive/open-tggates-pathological-images/LATEST/images/nifedipine/Liver/37098.svs,0
37101.svs,1,,E0411-G15-P1,E0411-G15-I4,abnormal,nifedipine,High,0,1000,mg/kg,15 day,360,Repeat,Gavage,6,1,1,0,minimal,"Change, eosinophilic",Centrilobular,minimal,false,411,15,4,Liver,1/1,https://dbarchive.biosciencedbc.jp/data/open-tggates-pathological-images/LATEST/images/nifedipine/Liver/37101.svs,ftp://ftp.biosciencedbc.jp/archive/open-tggates-pathological-images/LATEST/images/nifedipine/Liver/37101.svs,0
37107.svs,1,,E0411-G16-P0,E0411-G16-I1,abnormal,nifedipine,High,0,1000,mg/kg,29 day,696,Repeat,Gavage,6,1,1,0,minimal,"Change, eosinophilic",Centrilobular,minimal,false,411,16,1,Liver,1/1,https://dbarchive.biosciencedbc.jp/data/open-tggates-pathological-images/LATEST/images/nifedipine/Liver/37107.svs,ftp://ftp.biosciencedbc.jp/archive/open-tggates-pathological-images/LATEST/images/nifedipine/Liver/37107.svs,0
37115.svs,0,,E0411-G16-P0,E0411-G16-I4,normal,nifedipine,High,0,1000,mg/kg,29 day,696,Repeat,Gavage,6,0,0,0,,,,,,411,16,4,Liver,1/1,https://dbarchive.biosciencedbc.jp/data/open-tggates-pathological-images/LATEST/images/nifedipine/Liver/37115.svs,ftp://ftp.biosciencedbc.jp/archive/open-tggates-pathological-images/LATEST/images/nifedipine/Liver/37115.svs,0
21937.svs,1,,E0413-G08-P0,E0413-G08-I1,abnormal,diltiazem,Low,0,80,mg/kg,29 day,696,Repeat,Gavage,6,1,1,0,minimal,Hypertrophy,Centrilobular,minimal,false,413,8,1,Liver,1/1,https://dbarchive.biosciencedbc.jp/data/open-tggates-pathological-images/LATEST/images/diltiazem/Liver/21937.svs,ftp://ftp.biosciencedbc.jp/archive/open-tggates-pathological-images/LATEST/images/diltiazem/Liver/21937.svs,0
21941.svs,0,,E0413-G08-P0,E0413-G08-I2,normal,diltiazem,Low,0,80,mg/kg,29 day,696,Repeat,Gavage,6,0,0,0,,,,,,413,8,2,Liver,1/1,https://dbarchive.biosciencedbc.jp/data/open-tggates-pathological-images/LATEST/images/diltiazem/Liver/21941.svs,ftp://ftp.biosciencedbc.jp/archive/open-tggates-pathological-images/LATEST/images/diltiazem/Liver/21941.svs,0
21945.svs,1,,E0413-G08-P1,E0413-G08-I3,abnormal,diltiazem,Low,0,80,mg/kg,29 day,696,Repeat,Gavage,6,1,1,0,minimal,Hypertrophy,Centrilobular,minimal,false,413,8,3,Liver,1/1,https://dbarchive.biosciencedbc.jp/data/open-tggates-pathological-images/LATEST/images/diltiazem/Liver/21945.svs,ftp://ftp.biosciencedbc.jp/archive/open-tggates-pathological-images/LATEST/images/diltiazem/Liver/21945.svs,0
21952.svs,0,,E0413-G08-P1,E0413-G08-I5,normal,diltiazem,Low,0,80,mg/kg,29 day,696,Repeat,Gavage,6,0,0,0,,,,,,413,8,5,Liver,1/1,https://dbarchive.biosciencedbc.jp/data/open-tggates-pathological-images/LATEST/images/diltiazem/Liver/21952.svs,ftp://ftp.biosciencedbc.jp/archive/open-tggates-pathological-images/LATEST/images/diltiazem/Liver/21952.svs,0
22056.svs,0,,E0413-G09-P0,E0413-G09-I1,normal,diltiazem,Middle,0,240,mg/kg,4 day,96,Repeat,Gavage,6,0,0,0,,,,,,413,9,1,Liver,1/1,https://dbarchive.biosciencedbc.jp/data/open-tggates-pathological-images/LATEST/images/diltiazem/Liver/22056.svs,ftp://ftp.biosciencedbc.jp/archive/open-tggates-pathological-images/LATEST/images/diltiazem/Liver/22056.svs,0
22068.svs,1,,E0413-G09-P0,E0413-G09-I4,abnormal,diltiazem,Middle,0,240,mg/kg,4 day,96,Repeat,Gavage,6,1,1,0,minimal,Hypertrophy,Centrilobular,minimal,false,413,9,4,Liver,1/1,https://dbarchive.biosciencedbc.jp/data/open-tggates-pathological-images/LATEST/images/diltiazem/Liver/22068.svs,ftp://ftp.biosciencedbc.jp/archive/open-tggates-pathological-images/LATEST/images/diltiazem/Liver/22068.svs,0
22076.svs,1,,E0413-G10-P0,E0413-G10-I1,abnormal,diltiazem,Middle,0,240,mg/kg,8 day,192,Repeat,Gavage,6,1,1,0,slight,Hypertrophy,Centrilobular,slight,false,413,10,1,Liver,1/1,https://dbarchive.biosciencedbc.jp/data/open-tggates-pathological-images/LATEST/images/diltiazem/Liver/22076.svs,ftp://ftp.biosciencedbc.jp/archive/open-tggates-pathological-images/LATEST/images/diltiazem/Liver/22076.svs,0
22080.svs,0,,E0413-G10-P0,E0413-G10-I2,normal,diltiazem,Middle,0,240,mg/kg,8 day,192,Repeat,Gavage,6,0,0,0,,,,,,413,10,2,Liver,1/1,https://dbarchive.biosciencedbc.jp/data/open-tggates-pathological-images/LATEST/images/diltiazem/Liver/22080.svs,ftp://ftp.biosciencedbc.jp/archive/open-tggates-pathological-images/LATEST/images/diltiazem/Liver/22080.svs,0
22084.svs,0,,E0413-G10-P1,E0413-G10-I3,normal,diltiazem,Middle,0,240,mg/kg,8 day,192,Repeat,Gavage,6,0,0,0,,,,,,413,10,3,Liver,1/1,https://dbarchive.biosciencedbc.jp/data/open-tggates-pathological-images/LATEST/images/diltiazem/Liver/22084.svs,ftp://ftp.biosciencedbc.jp/archive/open-tggates-pathological-images/LATEST/images/diltiazem/Liver/22084.svs,0
22088.svs,1,,E0413-G10-P1,E0413-G10-I4,abnormal,diltiazem,Middle,0,240,mg/kg,8 day,192,Repeat,Gavage,6,1,1,0,minimal,Hypertrophy,Centrilobular,minimal,false,413,10,4,Liver,1/1,https://dbarchive.biosciencedbc.jp/data/open-tggates-pathological-images/LATEST/images/diltiazem/Liver/22088.svs,ftp://ftp.biosciencedbc.jp/archive/open-tggates-pathological-images/LATEST/images/diltiazem/Liver/22088.svs,0
58167.svs,0,,E0428-G14-P0,E0428-G14-I1,normal,theophylline,High,0,200,mg/kg,8 day,192,Repeat,Gavage,6,0,0,0,,,,,,428,14,1,Liver,1/1,https://dbarchive.biosciencedbc.jp/data/open-tggates-pathological-images/LATEST/images/theophylline/Liver/58167.svs,ftp://ftp.biosciencedbc.jp/archive/open-tggates-pathological-images/LATEST/images/theophylline/Liver/58167.svs,0
58179.svs,1,,E0428-G14-P0,E0428-G14-I3,abnormal,theophylline,High,0,200,mg/kg,8 day,192,Repeat,Gavage,6,1,1,0,slight,Single cell necrosis,Centrilobular,slight,false,428,14,3,Liver,1/1,https://dbarchive.biosciencedbc.jp/data/open-tggates-pathological-images/LATEST/images/theophylline/Liver/58179.svs,ftp://ftp.biosciencedbc.jp/archive/open-tggates-pathological-images/LATEST/images/theophylline/Liver/58179.svs,0
58197.svs,0,,E0428-G15-P0,E0428-G15-I1,normal,theophylline,High,0,200,mg/kg,15 day,360,Repeat,Gavage,6,0,0,0,,,,,,428,15,1,Liver,1/1,https://dbarchive.biosciencedbc.jp/data/open-tggates-pathological-images/LATEST/images/theophylline/Liver/58197.svs,ftp://ftp.biosciencedbc.jp/archive/open-tggates-pathological-images/LATEST/images/theophylline/Liver/58197.svs,0
58216.svs,1,,E0428-G15-P0,E0428-G15-I5,abnormal,theophylline,High,0,200,mg/kg,15 day,360,Repeat,Gavage,6,2,2,0,slight,"Inclusion body, intracytoplasmic; Single cell necrosis",Centrilobular; Centrilobular,slight; slight,false; false,428,15,5,Liver,1/1,https://dbarchive.biosciencedbc.jp/data/open-tggates-pathological-images/LATEST/images/theophylline/Liver/58216.svs,ftp://ftp.biosciencedbc.jp/archive/open-tggates-pathological-images/LATEST/images/theophylline/Liver/58216.svs,0
58222.svs,1,,E0428-G16-P0,E0428-G16-I3,abnormal,theophylline,High,0,200,mg/kg,29 day,696,Repeat,Gavage,6,2,2,0,slight,"Inclusion body, intracytoplasmic; Single cell necrosis",Centrilobular; Centrilobular,slight; slight,false; false,428,16,3,Liver,1/1,https://dbarchive.biosciencedbc.jp/data/open-tggates-pathological-images/LATEST/images/theophylline/Liver/58222.svs,ftp://ftp.biosciencedbc.jp/archive/open-tggates-pathological-images/LATEST/images/theophylline/Liver/58222.svs,0
58229.svs,0,,E0428-G16-P0,E0428-G16-I4,normal,theophylline,High,0,200,mg/kg,29 day,696,Repeat,Gavage,6,0,0,0,,,,,,428,16,4,Liver,1/1,https://dbarchive.biosciencedbc.jp/data/open-tggates-pathological-images/LATEST/images/theophylline/Liver/58229.svs,ftp://ftp.biosciencedbc.jp/archive/open-tggates-pathological-images/LATEST/images/theophylline/Liver/58229.svs,0
36938.svs,1,,E0430-G16-P0,E0430-G16-I1,abnormal,caffeine,High,0,100,mg/kg,29 day,696,Repeat,Gavage,6,1,1,0,slight,Hypertrophy,Centrilobular,slight,false,430,16,1,Liver,1/1,https://dbarchive.biosciencedbc.jp/data/open-tggates-pathological-images/LATEST/images/caffeine/Liver/36938.svs,ftp://ftp.biosciencedbc.jp/archive/open-tggates-pathological-images/LATEST/images/caffeine/Liver/36938.svs,0
36943.svs,0,,E0430-G16-P0,E0430-G16-I2,normal,caffeine,High,0,100,mg/kg,29 day,696,Repeat,Gavage,6,0,0,0,,,,,,430,16,2,Liver,1/1,https://dbarchive.biosciencedbc.jp/data/open-tggates-pathological-images/LATEST/images/caffeine/Liver/36943.svs,ftp://ftp.biosciencedbc.jp/archive/open-tggates-pathological-images/LATEST/images/caffeine/Liver/36943.svs,0
36947.svs,1,,E0430-G16-P1,E0430-G16-I3,abnormal,caffeine,High,0,100,mg/kg,29 day,696,Repeat,Gavage,6,1,1,0,slight,Hypertrophy,Centrilobular,slight,false,430,16,3,Liver,1/1,https://dbarchive.biosciencedbc.jp/data/open-tggates-pathological-images/LATEST/images/caffeine/Liver/36947.svs,ftp://ftp.biosciencedbc.jp/archive/open-tggates-pathological-images/LATEST/images/caffeine/Liver/36947.svs,0
36957.svs,0,,E0430-G16-P1,E0430-G16-I5,normal,caffeine,High,0,100,mg/kg,29 day,696,Repeat,Gavage,6,0,0,0,,,,,,430,16,5,Liver,1/1,https://dbarchive.biosciencedbc.jp/data/open-tggates-pathological-images/LATEST/images/caffeine/Liver/36957.svs,ftp://ftp.biosciencedbc.jp/archive/open-tggates-pathological-images/LATEST/images/caffeine/Liver/36957.svs,0
37656.svs,1,,E0432-G10-P0,E0432-G10-I1,abnormal,papaverine,Middle,0,120,mg/kg,8 day,192,Repeat,Gavage,6,1,1,0,slight,Ground glass appearance,Centrilobular,slight,false,432,10,1,Liver,1/1,https://dbarchive.biosciencedbc.jp/data/open-tggates-pathological-images/LATEST/images/papaverine/Liver/37656.svs,ftp://ftp.biosciencedbc.jp/archive/open-tggates-pathological-images/LATEST/images/papaverine/Liver/37656.svs,0
37661.svs,0,,E0432-G10-P0,E0432-G10-I2,normal,papaverine,Middle,0,120,mg/kg,8 day,192,Repeat,Gavage,6,0,0,0,,,,,,432,10,2,Liver,1/1,https://dbarchive.biosciencedbc.jp/data/open-tggates-pathological-images/LATEST/images/papaverine/Liver/37661.svs,ftp://ftp.biosciencedbc.jp/archive/open-tggates-pathological-images/LATEST/images/papaverine/Liver/37661.svs,0
37665.svs,0,,E0432-G10-P1,E0432-G10-I3,normal,papaverine,Middle,0,120,mg/kg,8 day,192,Repeat,Gavage,6,0,0,0,,,,,,432,10,3,Liver,1/1,https://dbarchive.biosciencedbc.jp/data/open-tggates-pathological-images/LATEST/images/papaverine/Liver/37665.svs,ftp://ftp.biosciencedbc.jp/archive/open-tggates-pathological-images/LATEST/images/papaverine/Liver/37665.svs,0
37670.svs,1,,E0432-G10-P1,E0432-G10-I4,abnormal,papaverine,Middle,0,120,mg/kg,8 day,192,Repeat,Gavage,6,1,1,0,slight,Ground glass appearance,Centrilobular,slight,false,432,10,4,Liver,1/1,https://dbarchive.biosciencedbc.jp/data/open-tggates-pathological-images/LATEST/images/papaverine/Liver/37670.svs,ftp://ftp.biosciencedbc.jp/archive/open-tggates-pathological-images/LATEST/images/papaverine/Liver/37670.svs,0
37679.svs,1,,E0432-G11-P0,E0432-G11-I1,abnormal,papaverine,Middle,0,120,mg/kg,15 day,360,Repeat,Gavage,6,1,1,0,slight,Ground glass appearance,Centrilobular,slight,false,432,11,1,Liver,1/1,https://dbarchive.biosciencedbc.jp/data/open-tggates-pathological-images/LATEST/images/papaverine/Liver/37679.svs,ftp://ftp.biosciencedbc.jp/archive/open-tggates-pathological-images/LATEST/images/papaverine/Liver/37679.svs,0
37683.svs,1,,E0432-G11-P1,E0432-G11-I2,abnormal,papaverine,Middle,0,120,mg/kg,15 day,360,Repeat,Gavage,6,1,1,0,slight,Ground glass appearance,Centrilobular,slight,false,432,11,2,Liver,1/1,https://dbarchive.biosciencedbc.jp/data/open-tggates-pathological-images/LATEST/images/papaverine/Liver/37683.svs,ftp://ftp.biosciencedbc.jp/archive/open-tggates-pathological-images/LATEST/images/papaverine/Liver/37683.svs,0
37693.svs,0,,E0432-G11-P0,E0432-G11-I4,normal,papaverine,Middle,0,120,mg/kg,15 day,360,Repeat,Gavage,6,0,0,0,,,,,,432,11,4,Liver,1/1,https://dbarchive.biosciencedbc.jp/data/open-tggates-pathological-images/LATEST/images/papaverine/Liver/37693.svs,ftp://ftp.biosciencedbc.jp/archive/open-tggates-pathological-images/LATEST/images/papaverine/Liver/37693.svs,0
37698.svs,0,,E0432-G11-P1,E0432-G11-I5,normal,papaverine,Middle,0,120,mg/kg,15 day,360,Repeat,Gavage,6,0,0,0,,,,,,432,11,5,Liver,1/1,https://dbarchive.biosciencedbc.jp/data/open-tggates-pathological-images/LATEST/images/papaverine/Liver/37698.svs,ftp://ftp.biosciencedbc.jp/archive/open-tggates-pathological-images/LATEST/images/papaverine/Liver/37698.svs,0
37702.svs,0,,E0432-G12-P0,E0432-G12-I1,normal,papaverine,Middle,0,120,mg/kg,29 day,696,Repeat,Gavage,6,0,0,0,,,,,,432,12,1,Liver,1/1,https://dbarchive.biosciencedbc.jp/data/open-tggates-pathological-images/LATEST/images/papaverine/Liver/37702.svs,ftp://ftp.biosciencedbc.jp/archive/open-tggates-pathological-images/LATEST/images/papaverine/Liver/37702.svs,0
37707.svs,1,,E0432-G12-P0,E0432-G12-I2,abnormal,papaverine,Middle,0,120,mg/kg,29 day,696,Repeat,Gavage,6,1,1,0,slight,Ground glass appearance,Centrilobular,slight,false,432,12,2,Liver,1/1,https://dbarchive.biosciencedbc.jp/data/open-tggates-pathological-images/LATEST/images/papaverine/Liver/37707.svs,ftp://ftp.biosciencedbc.jp/archive/open-tggates-pathological-images/LATEST/images/papaverine/Liver/37707.svs,0
37711.svs,1,,E0432-G12-P1,E0432-G12-I3,abnormal,papaverine,Middle,0,120,mg/kg,29 day,696,Repeat,Gavage,6,1,1,0,slight,Ground glass appearance,Centrilobular,slight,false,432,12,3,Liver,1/1,https://dbarchive.biosciencedbc.jp/data/open-tggates-pathological-images/LATEST/images/papaverine/Liver/37711.svs,ftp://ftp.biosciencedbc.jp/archive/open-tggates-pathological-images/LATEST/images/papaverine/Liver/37711.svs,0
37716.svs,0,,E0432-G12-P1,E0432-G12-I4,normal,papaverine,Middle,0,120,mg/kg,29 day,696,Repeat,Gavage,6,0,0,0,,,,,,432,12,4,Liver,1/1,https://dbarchive.biosciencedbc.jp/data/open-tggates-pathological-images/LATEST/images/papaverine/Liver/37716.svs,ftp://ftp.biosciencedbc.jp/archive/open-tggates-pathological-images/LATEST/images/papaverine/Liver/37716.svs,0
37726.svs,0,,E0432-G13-P0,E0432-G13-I1,normal,papaverine,High,0,400,mg/kg,4 day,96,Repeat,Gavage,6,0,0,0,,,,,,432,13,1,Liver,1/1,https://dbarchive.biosciencedbc.jp/data/open-tggates-pathological-images/LATEST/images/papaverine/Liver/37726.svs,ftp://ftp.biosciencedbc.jp/archive/open-tggates-pathological-images/LATEST/images/papaverine/Liver/37726.svs,0
37730.svs,0,,E0432-G13-P1,E0432-G13-I2,normal,papaverine,High,0,400,mg/kg,4 day,96,Repeat,Gavage,6,0,0,0,,,,,,432,13,2,Liver,1/1,https://dbarchive.biosciencedbc.jp/data/open-tggates-pathological-images/LATEST/images/papaverine/Liver/37730.svs,ftp://ftp.biosciencedbc.jp/archive/open-tggates-pathological-images/LATEST/images/papaverine/Liver/37730.svs,0
37735.svs,1,,E0432-G13-P0,E0432-G13-I3,abnormal,papaverine,High,0,400,mg/kg,4 day,96,Repeat,Gavage,6,2,2,0,moderate,Ground glass appearance; Increased mitosis,Centrilobular; Hepatocyte,moderate; slight,false; false,432,13,3,Liver,1/1,https://dbarchive.biosciencedbc.jp/data/open-tggates-pathological-images/LATEST/images/papaverine/Liver/37735.svs,ftp://ftp.biosciencedbc.jp/archive/open-tggates-pathological-images/LATEST/images/papaverine/Liver/37735.svs,0
37744.svs,1,,E0432-G13-P1,E0432-G13-I5,abnormal,papaverine,High,0,400,mg/kg,4 day,96,Repeat,Gavage,6,1,1,0,slight,Increased mitosis,Hepatocyte,slight,false,432,13,5,Liver,1/1,https://dbarchive.biosciencedbc.jp/data/open-tggates-pathological-images/LATEST/images/papaverine/Liver/37744.svs,ftp://ftp.biosciencedbc.jp/archive/open-tggates-pathological-images/LATEST/images/papaverine/Liver/37744.svs,0
34989.svs,0,,E0434-G07-P0,E0434-G07-I1,normal,fenofibrate,Low,0,10,mg/kg,15 day,360,Repeat,Gavage,6,0,0,0,,,,,,434,7,1,Liver,1/1,https://dbarchive.biosciencedbc.jp/data/open-tggates-pathological-images/LATEST/images/fenofibrate/Liver/34989.svs,ftp://ftp.biosciencedbc.jp/archive/open-tggates-pathological-images/LATEST/images/fenofibrate/Liver/34989.svs,0
35000.svs,1,,E0434-G07-P0,E0434-G07-I5,abnormal,fenofibrate,Low,0,10,mg/kg,15 day,360,Repeat,Gavage,6,1,1,0,minimal,"Degeneration, granular, eosinophilic",Hepatocyte,minimal,false,434,7,5,Liver,1/1,https://dbarchive.biosciencedbc.jp/data/open-tggates-pathological-images/LATEST/images/fenofibrate/Liver/35000.svs,ftp://ftp.biosciencedbc.jp/archive/open-tggates-pathological-images/LATEST/images/fenofibrate/Liver/35000.svs,0
35343.svs,0,,E0436-G08-P0,E0436-G08-I1,normal,chlorpropamide,Low,0,30,mg/kg,29 day,696,Repeat,Gavage,6,0,0,0,,,,,,436,8,1,Liver,1/1,https://dbarchive.biosciencedbc.jp/data/open-tggates-pathological-images/LATEST/images/chlorpropamide/Liver/35343.svs,ftp://ftp.biosciencedbc.jp/archive/open-tggates-pathological-images/LATEST/images/chlorpropamide/Liver/35343.svs,0
35344.svs,0,,E0436-G08-P1,E0436-G08-I2,normal,chlorpropamide,Low,0,30,mg/kg,29 day,696,Repeat,Gavage,6,0,0,0,,,,,,436,8,2,Liver,1/1,https://dbarchive.biosciencedbc.jp/data/open-tggates-pathological-images/LATEST/images/chlorpropamide/Liver/35344.svs,ftp://ftp.biosciencedbc.jp/archive/open-tggates-pathological-images/LATEST/images/chlorpropamide/Liver/35344.svs,0
35346.svs,1,,E0436-G08-P0,E0436-G08-I4,abnormal,chlorpropamide,Low,0,30,mg/kg,29 day,696,Repeat,Gavage,6,1,1,0,minimal,Hypertrophy,Centrilobular,minimal,false,436,8,4,Liver,1/1,https://dbarchive.biosciencedbc.jp/data/open-tggates-pathological-images/LATEST/images/chlorpropamide/Liver/35346.svs,ftp://ftp.biosciencedbc.jp/archive/open-tggates-pathological-images/LATEST/images/chlorpropamide/Liver/35346.svs,0
35347.svs,1,,E0436-G08-P1,E0436-G08-I5,abnormal,chlorpropamide,Low,0,30,mg/kg,29 day,696,Repeat,Gavage,6,1,1,0,minimal,Hypertrophy,Centrilobular,minimal,false,436,8,5,Liver,1/1,https://dbarchive.biosciencedbc.jp/data/open-tggates-pathological-images/LATEST/images/chlorpropamide/Liver/35347.svs,ftp://ftp.biosciencedbc.jp/archive/open-tggates-pathological-images/LATEST/images/chlorpropamide/Liver/35347.svs,0
35353.svs,1,,E0436-G10-P0,E0436-G10-I1,abnormal,chlorpropamide,Middle,0,100,mg/kg,8 day,192,Repeat,Gavage,6,1,1,0,minimal,Hypertrophy,Centrilobular,minimal,false,436,10,1,Liver,1/1,https://dbarchive.biosciencedbc.jp/data/open-tggates-pathological-images/LATEST/images/chlorpropamide/Liver/35353.svs,ftp://ftp.biosciencedbc.jp/archive/open-tggates-pathological-images/LATEST/images/chlorpropamide/Liver/35353.svs,0
35354.svs,0,,E0436-G10-P0,E0436-G10-I2,normal,chlorpropamide,Middle,0,100,mg/kg,8 day,192,Repeat,Gavage,6,0,0,0,,,,,,436,10,2,Liver,1/1,https://dbarchive.biosciencedbc.jp/data/open-tggates-pathological-images/LATEST/images/chlorpropamide/Liver/35354.svs,ftp://ftp.biosciencedbc.jp/archive/open-tggates-pathological-images/LATEST/images/chlorpropamide/Liver/35354.svs,0
35345.svs,1,,E0436-G10-P1,E0436-G10-I3,abnormal,chlorpropamide,Middle,0,100,mg/kg,8 day,192,Repeat,Gavage,6,1,1,0,minimal,Hypertrophy,Centrilobular,minimal,false,436,10,3,Liver,1/1,https://dbarchive.biosciencedbc.jp/data/open-tggates-pathological-images/LATEST/images/chlorpropamide/Liver/35345.svs,ftp://ftp.biosciencedbc.jp/archive/open-tggates-pathological-images/LATEST/images/chlorpropamide/Liver/35345.svs,0
35356.svs,0,,E0436-G10-P1,E0436-G10-I4,normal,chlorpropamide,Middle,0,100,mg/kg,8 day,192,Repeat,Gavage,6,0,0,0,,,,,,436,10,4,Liver,1/1,https://dbarchive.biosciencedbc.jp/data/open-tggates-pathological-images/LATEST/images/chlorpropamide/Liver/35356.svs,ftp://ftp.biosciencedbc.jp/archive/open-tggates-pathological-images/LATEST/images/chlorpropamide/Liver/35356.svs,0
35358.svs,1,,E0436-G11-P0,E0436-G11-I1,abnormal,chlorpropamide,Middle,0,100,mg/kg,15 day,360,Repeat,Gavage,6,1,1,0,minimal,Hypertrophy,Centrilobular,minimal,false,436,11,1,Liver,1/1,https://dbarchive.biosciencedbc.jp/data/open-tggates-pathological-images/LATEST/images/chlorpropamide/Liver/35358.svs,ftp://ftp.biosciencedbc.jp/archive/open-tggates-pathological-images/LATEST/images/chlorpropamide/Liver/35358.svs,0
35359.svs,0,,E0436-G11-P0,E0436-G11-I2,normal,chlorpropamide,Middle,0,100,mg/kg,15 day,360,Repeat,Gavage,6,0,0,0,,,,,,436,11,2,Liver,1/1,https://dbarchive.biosciencedbc.jp/data/open-tggates-pathological-images/LATEST/images/chlorpropamide/Liver/35359.svs,ftp://ftp.biosciencedbc.jp/archive/open-tggates-pathological-images/LATEST/images/chlorpropamide/Liver/35359.svs,0
35368.svs,0,,E0436-G13-P0,E0436-G13-I1,normal,chlorpropamide,High,0,300,mg/kg,4 day,96,Repeat,Gavage,6,0,0,0,,,,,,436,13,1,Liver,1/1,https://dbarchive.biosciencedbc.jp/data/open-tggates-pathological-images/LATEST/images/chlorpropamide/Liver/35368.svs,ftp://ftp.biosciencedbc.jp/archive/open-tggates-pathological-images/LATEST/images/chlorpropamide/Liver/35368.svs,0
35369.svs,1,,E0436-G13-P0,E0436-G13-I2,abnormal,chlorpropamide,High,0,300,mg/kg,4 day,96,Repeat,Gavage,6,1,1,0,minimal,Hypertrophy,Centrilobular,minimal,false,436,13,2,Liver,1/1,https://dbarchive.biosciencedbc.jp/data/open-tggates-pathological-images/LATEST/images/chlorpropamide/Liver/35369.svs,ftp://ftp.biosciencedbc.jp/archive/open-tggates-pathological-images/LATEST/images/chlorpropamide/Liver/35369.svs,0
38209.svs,1,,E0442-G16-P0,E0442-G16-I1,abnormal,sulindac,High,0,150,mg/kg,24 hr,24,Single,Gavage,6,1,1,0,minimal,Hypertrophy,Periportal,minimal,false,442,16,1,Liver,1/1,https://dbarchive.biosciencedbc.jp/data/open-tggates-pathological-images/LATEST/images/sulindac/Liver/38209.svs,ftp://ftp.biosciencedbc.jp/archive/open-tggates-pathological-images/LATEST/images/sulindac/Liver/38209.svs,0
38211.svs,0,,E0442-G16-P0,E0442-G16-I2,normal,sulindac,High,0,150,mg/kg,24 hr,24,Single,Gavage,6,0,0,0,,,,,,442,16,2,Liver,1/1,https://dbarchive.biosciencedbc.jp/data/open-tggates-pathological-images/LATEST/images/sulindac/Liver/38211.svs,ftp://ftp.biosciencedbc.jp/archive/open-tggates-pathological-images/LATEST/images/sulindac/Liver/38211.svs,0
38213.svs,1,,E0442-G16-P1,E0442-G16-I3,abnormal,sulindac,High,0,150,mg/kg,24 hr,24,Single,Gavage,6,1,1,0,minimal,Hypertrophy,Periportal,minimal,false,442,16,3,Liver,1/1,https://dbarchive.biosciencedbc.jp/data/open-tggates-pathological-images/LATEST/images/sulindac/Liver/38213.svs,ftp://ftp.biosciencedbc.jp/archive/open-tggates-pathological-images/LATEST/images/sulindac/Liver/38213.svs,0
38214.svs,0,,E0442-G16-P1,E0442-G16-I4,normal,sulindac,High,0,150,mg/kg,24 hr,24,Single,Gavage,6,0,0,0,,,,,,442,16,4,Liver,1/1,https://dbarchive.biosciencedbc.jp/data/open-tggates-pathological-images/LATEST/images/sulindac/Liver/38214.svs,ftp://ftp.biosciencedbc.jp/archive/open-tggates-pathological-images/LATEST/images/sulindac/Liver/38214.svs,0
38566.svs,1,,E0443-G14-P0,E0443-G14-I1,abnormal,sulindac,High,0,50,mg/kg,8 day,192,Repeat,Gavage,6,2,2,0,slight,"Atrophy; Cellular infiltration, neutrophil",Hepatic cord; Serosa,slight; slight,false; false,443,14,1,Liver,1/1,https://dbarchive.biosciencedbc.jp/data/open-tggates-pathological-images/LATEST/images/sulindac/Liver/38566.svs,ftp://ftp.biosciencedbc.jp/archive/open-tggates-pathological-images/LATEST/images/sulindac/Liver/38566.svs,0
38568.svs,0,,E0443-G14-P0,E0443-G14-I2,normal,sulindac,High,0,50,mg/kg,8 day,192,Repeat,Gavage,6,0,0,0,,,,,,443,14,2,Liver,1/1,https://dbarchive.biosciencedbc.jp/data/open-tggates-pathological-images/LATEST/images/sulindac/Liver/38568.svs,ftp://ftp.biosciencedbc.jp/archive/open-tggates-pathological-images/LATEST/images/sulindac/Liver/38568.svs,0
38579.svs,1,,E0443-G15-P0,E0443-G15-I1,abnormal,sulindac,High,0,50,mg/kg,15 day,360,Repeat,Gavage,6,1,1,0,minimal,"Hematopoiesis, extramedullary",-,minimal,false,443,15,1,Liver,1/1,https://dbarchive.biosciencedbc.jp/data/open-tggates-pathological-images/LATEST/images/sulindac/Liver/38579.svs,ftp://ftp.biosciencedbc.jp/archive/open-tggates-pathological-images/LATEST/images/sulindac/Liver/38579.svs,0
38581.svs,0,,E0443-G15-P0,E0443-G15-I2,normal,sulindac,High,0,50,mg/kg,15 day,360,Repeat,Gavage,6,0,0,0,,,,,,443,15,2,Liver,1/1,https://dbarchive.biosciencedbc.jp/data/open-tggates-pathological-images/LATEST/images/sulindac/Liver/38581.svs,ftp://ftp.biosciencedbc.jp/archive/open-tggates-pathological-images/LATEST/images/sulindac/Liver/38581.svs,0
38586.svs,1,,E0443-G16-P0,E0443-G16-I1,abnormal,sulindac,High,0,50,mg/kg,29 day,696,Repeat,Gavage,6,2,2,0,minimal,"Hematopoiesis, extramedullary; Hypertrophy",-; Periportal,minimal; minimal,false; false,443,16,1,Liver,1/1,https://dbarchive.biosciencedbc.jp/data/open-tggates-pathological-images/LATEST/images/sulindac/Liver/38586.svs,ftp://ftp.biosciencedbc.jp/archive/open-tggates-pathological-images/LATEST/images/sulindac/Liver/38586.svs,0
38589.svs,0,,E0443-G16-P0,E0443-G16-I3,normal,sulindac,High,0,50,mg/kg,29 day,696,Repeat,Gavage,6,0,0,0,,,,,,443,16,3,Liver,1/1,https://dbarchive.biosciencedbc.jp/data/open-tggates-pathological-images/LATEST/images/sulindac/Liver/38589.svs,ftp://ftp.biosciencedbc.jp/archive/open-tggates-pathological-images/LATEST/images/sulindac/Liver/38589.svs,0
59345.svs,1,,E0447-G06-P0,E0447-G06-I1,abnormal,galactosamine,Low,0,100,mg/kg,6 hr,6,Single,intraperitoneal injection,6,3,3,0,minimal,Cellular infiltration; Degeneration; Single cell necrosis,-; Hepatocyte; Hepatocyte,minimal; minimal; minimal,false; false; false,447,6,1,Liver,1/1,https://dbarchive.biosciencedbc.jp/data/open-tggates-pathological-images/LATEST/images/galactosamine/Liver/59345.svs,ftp://ftp.biosciencedbc.jp/archive/open-tggates-pathological-images/LATEST/images/galactosamine/Liver/59345.svs,0
59347.svs,0,,E0447-G06-P0,E0447-G06-I2,normal,galactosamine,Low,0,100,mg/kg,6 hr,6,Single,intraperitoneal injection,6,0,0,0,,,,,,447,6,2,Liver,1/1,https://dbarchive.biosciencedbc.jp/data/open-tggates-pathological-images/LATEST/images/galactosamine/Liver/59347.svs,ftp://ftp.biosciencedbc.jp/archive/open-tggates-pathological-images/LATEST/images/galactosamine/Liver/59347.svs,0
59349.svs,0,,E0447-G06-P1,E0447-G06-I3,normal,galactosamine,Low,0,100,mg/kg,6 hr,6,Single,intraperitoneal injection,6,0,0,0,,,,,,447,6,3,Liver,1/1,https://dbarchive.biosciencedbc.jp/data/open-tggates-pathological-images/LATEST/images/galactosamine/Liver/59349.svs,ftp://ftp.biosciencedbc.jp/archive/open-tggates-pathological-images/LATEST/images/galactosamine/Liver/59349.svs,0
59351.svs,1,,E0447-G06-P1,E0447-G06-I4,abnormal,galactosamine,Low,0,100,mg/kg,6 hr,6,Single,intraperitoneal injection,6,2,2,0,minimal,Degeneration; Single cell necrosis,Hepatocyte; Hepatocyte,minimal; minimal,false; false,447,6,4,Liver,1/1,https://dbarchive.biosciencedbc.jp/data/open-tggates-pathological-images/LATEST/images/galactosamine/Liver/59351.svs,ftp://ftp.biosciencedbc.jp/archive/open-tggates-pathological-images/LATEST/images/galactosamine/Liver/59351.svs,0
59372.svs,0,,E0447-G09-P0,E0447-G09-I1,normal,galactosamine,Middle,0,300,mg/kg,3 hr,3,Single,intraperitoneal injection,6,0,0,0,,,,,,447,9,1,Liver,1/1,https://dbarchive.biosciencedbc.jp/data/open-tggates-pathological-images/LATEST/images/galactosamine/Liver/59372.svs,ftp://ftp.biosciencedbc.jp/archive/open-tggates-pathological-images/LATEST/images/galactosamine/Liver/59372.svs,0
59374.svs,0,,E0447-G09-P1,E0447-G09-I2,normal,galactosamine,Middle,0,300,mg/kg,3 hr,3,Single,intraperitoneal injection,6,0,0,0,,,,,,447,9,2,Liver,1/1,https://dbarchive.biosciencedbc.jp/data/open-tggates-pathological-images/LATEST/images/galactosamine/Liver/59374.svs,ftp://ftp.biosciencedbc.jp/archive/open-tggates-pathological-images/LATEST/images/galactosamine/Liver/59374.svs,0
59376.svs,1,,E0447-G09-P0,E0447-G09-I3,abnormal,galactosamine,Middle,0,300,mg/kg,3 hr,3,Single,intraperitoneal injection,6,1,1,0,minimal,Single cell necrosis,Hepatocyte,minimal,false,447,9,3,Liver,1/1,https://dbarchive.biosciencedbc.jp/data/open-tggates-pathological-images/LATEST/images/galactosamine/Liver/59376.svs,ftp://ftp.biosciencedbc.jp/archive/open-tggates-pathological-images/LATEST/images/galactosamine/Liver/59376.svs,0
59378.svs,1,,E0447-G09-P1,E0447-G09-I4,abnormal,galactosamine,Middle,0,300,mg/kg,3 hr,3,Single,intraperitoneal injection,6,2,2,0,minimal,Degeneration; Single cell necrosis,Hepatocyte; Hepatocyte,minimal; minimal,false; false,447,9,4,Liver,1/1,https://dbarchive.biosciencedbc.jp/data/open-tggates-pathological-images/LATEST/images/galactosamine/Liver/59378.svs,ftp://ftp.biosciencedbc.jp/archive/open-tggates-pathological-images/LATEST/images/galactosamine/Liver/59378.svs,0
59381.svs,1,,E0447-G10-P0,E0447-G10-I1,abnormal,galactosamine,Middle,0,300,mg/kg,6 hr,6,Single,intraperitoneal injection,6,3,3,0,slight,Cellular infiltration; Degeneration; Single cell necrosis,-; Hepatocyte; Hepatocyte,minimal; slight; slight,false; false; false,447,10,1,Liver,1/1,https://dbarchive.biosciencedbc.jp/data/open-tggates-pathological-images/LATEST/images/galactosamine/Liver/59381.svs,ftp://ftp.biosciencedbc.jp/archive/open-tggates-pathological-images/LATEST/images/galactosamine/Liver/59381.svs,0
59388.svs,0,,E0447-G10-P0,E0447-G10-I5,normal,galactosamine,Middle,0,300,mg/kg,6 hr,6,Single,intraperitoneal injection,6,0,0,0,,,,,,447,10,5,Liver,1/1,https://dbarchive.biosciencedbc.jp/data/open-tggates-pathological-images/LATEST/images/galactosamine/Liver/59388.svs,ftp://ftp.biosciencedbc.jp/archive/open-tggates-pathological-images/LATEST/images/galactosamine/Liver/59388.svs,0
59390.svs,0,,E0447-G11-P0,E0447-G11-I1,normal,galactosamine,Middle,0,300,mg/kg,9 hr,9,Single,intraperitoneal injection,6,0,0,0,,,,,,447,11,1,Liver,1/1,https://dbarchive.biosciencedbc.jp/data/open-tggates-pathological-images/LATEST/images/galactosamine/Liver/59390.svs,ftp://ftp.biosciencedbc.jp/archive/open-tggates-pathological-images/LATEST/images/galactosamine/Liver/59390.svs,0
59397.svs,1,,E0447-G11-P0,E0447-G11-I5,abnormal,galactosamine,Middle,0,300,mg/kg,9 hr,9,Single,intraperitoneal injection,6,3,3,0,slight,Cellular infiltration; Degeneration; Single cell necrosis,-; Hepatocyte; Hepatocyte,minimal; slight; minimal,false; false; false,447,11,5,Liver,1/1,https://dbarchive.biosciencedbc.jp/data/open-tggates-pathological-images/LATEST/images/galactosamine/Liver/59397.svs,ftp://ftp.biosciencedbc.jp/archive/open-tggates-pathological-images/LATEST/images/galactosamine/Liver/59397.svs,0
59399.svs,1,,E0447-G12-P0,E0447-G12-I1,abnormal,galactosamine,Middle,0,300,mg/kg,24 hr,24,Single,intraperitoneal injection,6,3,3,0,slight,Cellular infiltration; Degeneration; Single cell necrosis,-; Hepatocyte; Hepatocyte,minimal; slight; slight,false; false; false,447,12,1,Liver,1/1,https://dbarchive.biosciencedbc.jp/data/open-tggates-pathological-images/LATEST/images/galactosamine/Liver/59399.svs,ftp://ftp.biosciencedbc.jp/archive/open-tggates-pathological-images/LATEST/images/galactosamine/Liver/59399.svs,0
59400.svs,0,,E0447-G12-P0,E0447-G12-I2,normal,galactosamine,Middle,0,300,mg/kg,24 hr,24,Single,intraperitoneal injection,6,0,0,0,,,,,,447,12,2,Liver,1/1,https://dbarchive.biosciencedbc.jp/data/open-tggates-pathological-images/LATEST/images/galactosamine/Liver/59400.svs,ftp://ftp.biosciencedbc.jp/archive/open-tggates-pathological-images/LATEST/images/galactosamine/Liver/59400.svs,0
59402.svs,1,,E0447-G12-P1,E0447-G12-I3,abnormal,galactosamine,Middle,0,300,mg/kg,24 hr,24,Single,intraperitoneal injection,6,3,3,0,slight,Cellular infiltration; Degeneration; Single cell necrosis,-; Hepatocyte; Hepatocyte,minimal; slight; slight,false; false; false,447,12,3,Liver,1/1,https://dbarchive.biosciencedbc.jp/data/open-tggates-pathological-images/LATEST/images/galactosamine/Liver/59402.svs,ftp://ftp.biosciencedbc.jp/archive/open-tggates-pathological-images/LATEST/images/galactosamine/Liver/59402.svs,0
59406.svs,0,,E0447-G12-P1,E0447-G12-I5,normal,galactosamine,Middle,0,300,mg/kg,24 hr,24,Single,intraperitoneal injection,6,0,0,0,,,,,,447,12,5,Liver,1/1,https://dbarchive.biosciencedbc.jp/data/open-tggates-pathological-images/LATEST/images/galactosamine/Liver/59406.svs,ftp://ftp.biosciencedbc.jp/archive/open-tggates-pathological-images/LATEST/images/galactosamine/Liver/59406.svs,0
59408.svs,0,,E0447-G13-P0,E0447-G13-I1,normal,galactosamine,High,0,1000,mg/kg,3 hr,3,Single,intraperitoneal injection,6,0,0,0,,,,,,447,13,1,Liver,1/1,https://dbarchive.biosciencedbc.jp/data/open-tggates-pathological-images/LATEST/images/galactosamine/Liver/59408.svs,ftp://ftp.biosciencedbc.jp/archive/open-tggates-pathological-images/LATEST/images/galactosamine/Liver/59408.svs,0
59409.svs,0,,E0447-G13-P1,E0447-G13-I2,normal,galactosamine,High,0,1000,mg/kg,3 hr,3,Single,intraperitoneal injection,6,0,0,0,,,,,,447,13,2,Liver,1/1,https://dbarchive.biosciencedbc.jp/data/open-tggates-pathological-images/LATEST/images/galactosamine/Liver/59409.svs,ftp://ftp.biosciencedbc.jp/archive/open-tggates-pathological-images/LATEST/images/galactosamine/Liver/59409.svs,0
59411.svs,1,,E0447-G13-P0,E0447-G13-I3,abnormal,galactosamine,High,0,1000,mg/kg,3 hr,3,Single,intraperitoneal injection,6,2,2,0,minimal,Degeneration; Single cell necrosis,Hepatocyte; Hepatocyte,minimal; minimal,false; false,447,13,3,Liver,1/1,https://dbarchive.biosciencedbc.jp/data/open-tggates-pathological-images/LATEST/images/galactosamine/Liver/59411.svs,ftp://ftp.biosciencedbc.jp/archive/open-tggates-pathological-images/LATEST/images/galactosamine/Liver/59411.svs,0
59413.svs,1,,E0447-G13-P1,E0447-G13-I4,abnormal,galactosamine,High,0,1000,mg/kg,3 hr,3,Single,intraperitoneal injection,6,2,2,0,minimal,Degeneration; Single cell necrosis,Hepatocyte; Hepatocyte,minimal; minimal,false; false,447,13,4,Liver,1/1,https://dbarchive.biosciencedbc.jp/data/open-tggates-pathological-images/LATEST/images/galactosamine/Liver/59413.svs,ftp://ftp.biosciencedbc.jp/archive/open-tggates-pathological-images/LATEST/images/galactosamine/Liver/59413.svs,0
59417.svs,1,,E0447-G14-P0,E0447-G14-I1,abnormal,galactosamine,High,0,1000,mg/kg,6 hr,6,Single,intraperitoneal injection,6,3,3,0,slight,Cellular infiltration; Degeneration; Single cell necrosis,-; Hepatocyte; Hepatocyte,minimal; slight; slight,false; false; false,447,14,1,Liver,1/1,https://dbarchive.biosciencedbc.jp/data/open-tggates-pathological-images/LATEST/images/galactosamine/Liver/59417.svs,ftp://ftp.biosciencedbc.jp/archive/open-tggates-pathological-images/LATEST/images/galactosamine/Liver/59417.svs,0
59420.svs,0,,E0447-G14-P0,E0447-G14-I3,normal,galactosamine,High,0,1000,mg/kg,6 hr,6,Single,intraperitoneal injection,6,0,0,0,,,,,,447,14,3,Liver,1/1,https://dbarchive.biosciencedbc.jp/data/open-tggates-pathological-images/LATEST/images/galactosamine/Liver/59420.svs,ftp://ftp.biosciencedbc.jp/archive/open-tggates-pathological-images/LATEST/images/galactosamine/Liver/59420.svs,0
59426.svs,1,,E0447-G15-P0,E0447-G15-I1,abnormal,galactosamine,High,0,1000,mg/kg,9 hr,9,Single,intraperitoneal injection,6,3,3,0,slight,Cellular infiltration; Degeneration; Single cell necrosis,-; Hepatocyte; Hepatocyte,minimal; slight; slight,false; false; false,447,15,1,Liver,1/1,https://dbarchive.biosciencedbc.jp/data/open-tggates-pathological-images/LATEST/images/galactosamine/Liver/59426.svs,ftp://ftp.biosciencedbc.jp/archive/open-tggates-pathological-images/LATEST/images/galactosamine/Liver/59426.svs,0
59427.svs,0,,E0447-G15-P0,E0447-G15-I2,normal,galactosamine,High,0,1000,mg/kg,9 hr,9,Single,intraperitoneal injection,6,0,0,0,,,,,,447,15,2,Liver,1/1,https://dbarchive.biosciencedbc.jp/data/open-tggates-pathological-images/LATEST/images/galactosamine/Liver/59427.svs,ftp://ftp.biosciencedbc.jp/archive/open-tggates-pathological-images/LATEST/images/galactosamine/Liver/59427.svs,0
59434.svs,1,,E0447-G16-P0,E0447-G16-I1,abnormal,galactosamine,High,0,1000,mg/kg,24 hr,24,Single,intraperitoneal injection,6,3,3,0,moderate,Cellular infiltration; Degeneration; Single cell necrosis,-; Hepatocyte; Hepatocyte,minimal; moderate; slight,false; false; false,447,16,1,Liver,1/1,https://dbarchive.biosciencedbc.jp/data/open-tggates-pathological-images/LATEST/images/galactosamine/Liver/59434.svs,ftp://ftp.biosciencedbc.jp/archive/open-tggates-pathological-images/LATEST/images/galactosamine/Liver/59434.svs,0
59436.svs,0,,E0447-G16-P0,E0447-G16-I2,normal,galactosamine,High,0,1000,mg/kg,24 hr,24,Single,intraperitoneal injection,6,0,0,0,,,,,,447,16,2,Liver,1/1,https://dbarchive.biosciencedbc.jp/data/open-tggates-pathological-images/LATEST/images/galactosamine/Liver/59436.svs,ftp://ftp.biosciencedbc.jp/archive/open-tggates-pathological-images/LATEST/images/galactosamine/Liver/59436.svs,0
58708.svs,1,,E0454-G05-P0,E0454-G05-I1,abnormal,cycloheximide,Low,0,1,mg/kg,3 hr,3,Single,intravenous injection,6,1,1,0,slight,Single cell necrosis,Hepatocyte,slight,false,454,5,1,Liver,1/1,https://dbarchive.biosciencedbc.jp/data/open-tggates-pathological-images/LATEST/images/cycloheximide/Liver/58708.svs,ftp://ftp.biosciencedbc.jp/archive/open-tggates-pathological-images/LATEST/images/cycloheximide/Liver/58708.svs,0
58711.svs,0,,E0454-G05-P0,E0454-G05-I2,normal,cycloheximide,Low,0,1,mg/kg,3 hr,3,Single,intravenous injection,6,0,0,0,,,,,,454,5,2,Liver,1/1,https://dbarchive.biosciencedbc.jp/data/open-tggates-pathological-images/LATEST/images/cycloheximide/Liver/58711.svs,ftp://ftp.biosciencedbc.jp/archive/open-tggates-pathological-images/LATEST/images/cycloheximide/Liver/58711.svs,0
58714.svs,0,,E0454-G05-P1,E0454-G05-I3,normal,cycloheximide,Low,0,1,mg/kg,3 hr,3,Single,intravenous injection,6,0,0,0,,,,,,454,5,3,Liver,1/1,https://dbarchive.biosciencedbc.jp/data/open-tggates-pathological-images/LATEST/images/cycloheximide/Liver/58714.svs,ftp://ftp.biosciencedbc.jp/archive/open-tggates-pathological-images/LATEST/images/cycloheximide/Liver/58714.svs,0
58720.svs,1,,E0454-G05-P1,E0454-G05-I5,abnormal,cycloheximide,Low,0,1,mg/kg,3 hr,3,Single,intravenous injection,6,1,1,0,slight,Single cell necrosis,Hepatocyte,slight,false,454,5,5,Liver,1/1,https://dbarchive.biosciencedbc.jp/data/open-tggates-pathological-images/LATEST/images/cycloheximide/Liver/58720.svs,ftp://ftp.biosciencedbc.jp/archive/open-tggates-pathological-images/LATEST/images/cycloheximide/Liver/58720.svs,0
58723.svs,1,,E0454-G06-P0,E0454-G06-I1,abnormal,cycloheximide,Low,0,1,mg/kg,6 hr,6,Single,intravenous injection,6,1,1,0,slight,"Change, eosinophilic",Hepatocyte,slight,false,454,6,1,Liver,1/1,https://dbarchive.biosciencedbc.jp/data/open-tggates-pathological-images/LATEST/images/cycloheximide/Liver/58723.svs,ftp://ftp.biosciencedbc.jp/archive/open-tggates-pathological-images/LATEST/images/cycloheximide/Liver/58723.svs,0
58726.svs,0,,E0454-G06-P0,E0454-G06-I2,normal,cycloheximide,Low,0,1,mg/kg,6 hr,6,Single,intravenous injection,6,0,0,0,,,,,,454,6,2,Liver,1/1,https://dbarchive.biosciencedbc.jp/data/open-tggates-pathological-images/LATEST/images/cycloheximide/Liver/58726.svs,ftp://ftp.biosciencedbc.jp/archive/open-tggates-pathological-images/LATEST/images/cycloheximide/Liver/58726.svs,0
58738.svs,0,,E0454-G07-P0,E0454-G07-I1,normal,cycloheximide,Low,0,1,mg/kg,9 hr,9,Single,intravenous injection,6,0,0,0,,,,,,454,7,1,Liver,1/1,https://dbarchive.biosciencedbc.jp/data/open-tggates-pathological-images/LATEST/images/cycloheximide/Liver/58738.svs,ftp://ftp.biosciencedbc.jp/archive/open-tggates-pathological-images/LATEST/images/cycloheximide/Liver/58738.svs,0
58741.svs,1,,E0454-G07-P0,E0454-G07-I2,abnormal,cycloheximide,Low,0,1,mg/kg,9 hr,9,Single,intravenous injection,6,1,1,0,slight,"Change, eosinophilic",Hepatocyte,slight,false,454,7,2,Liver,1/1,https://dbarchive.biosciencedbc.jp/data/open-tggates-pathological-images/LATEST/images/cycloheximide/Liver/58741.svs,ftp://ftp.biosciencedbc.jp/archive/open-tggates-pathological-images/LATEST/images/cycloheximide/Liver/58741.svs,0
58744.svs,0,,E0454-G07-P1,E0454-G07-I3,normal,cycloheximide,Low,0,1,mg/kg,9 hr,9,Single,intravenous injection,6,0,0,0,,,,,,454,7,3,Liver,1/1,https://dbarchive.biosciencedbc.jp/data/open-tggates-pathological-images/LATEST/images/cycloheximide/Liver/58744.svs,ftp://ftp.biosciencedbc.jp/archive/open-tggates-pathological-images/LATEST/images/cycloheximide/Liver/58744.svs,0
58747.svs,1,,E0454-G07-P1,E0454-G07-I4,abnormal,cycloheximide,Low,0,1,mg/kg,9 hr,9,Single,intravenous injection,6,1,1,0,slight,"Change, eosinophilic",Hepatocyte,slight,false,454,7,4,Liver,1/1,https://dbarchive.biosciencedbc.jp/data/open-tggates-pathological-images/LATEST/images/cycloheximide/Liver/58747.svs,ftp://ftp.biosciencedbc.jp/archive/open-tggates-pathological-images/LATEST/images/cycloheximide/Liver/58747.svs,0
59147.svs,0,,E0455-G14-P0,E0455-G14-I1,normal,tunicamycin,High,0,300,μg/kg,6 hr,6,Single,intraperitoneal injection,6,0,0,0,,,,,,455,14,1,Liver,1/1,https://dbarchive.biosciencedbc.jp/data/open-tggates-pathological-images/LATEST/images/tunicamycin/Liver/59147.svs,ftp://ftp.biosciencedbc.jp/archive/open-tggates-pathological-images/LATEST/images/tunicamycin/Liver/59147.svs,0
59153.svs,0,,E0455-G14-P1,E0455-G14-I2,normal,tunicamycin,High,0,300,μg/kg,6 hr,6,Single,intraperitoneal injection,6,0,0,0,,,,,,455,14,2,Liver,1/1,https://dbarchive.biosciencedbc.jp/data/open-tggates-pathological-images/LATEST/images/tunicamycin/Liver/59153.svs,ftp://ftp.biosciencedbc.jp/archive/open-tggates-pathological-images/LATEST/images/tunicamycin/Liver/59153.svs,0
59159.svs,1,,E0455-G14-P0,E0455-G14-I3,abnormal,tunicamycin,High,0,300,μg/kg,6 hr,6,Single,intraperitoneal injection,6,1,1,0,slight,Single cell necrosis,Hepatocyte,slight,false,455,14,3,Liver,1/1,https://dbarchive.biosciencedbc.jp/data/open-tggates-pathological-images/LATEST/images/tunicamycin/Liver/59159.svs,ftp://ftp.biosciencedbc.jp/archive/open-tggates-pathological-images/LATEST/images/tunicamycin/Liver/59159.svs,0
59171.svs,1,,E0455-G14-P1,E0455-G14-I5,abnormal,tunicamycin,High,0,300,μg/kg,6 hr,6,Single,intraperitoneal injection,6,1,1,0,slight,Single cell necrosis,Hepatocyte,slight,false,455,14,5,Liver,1/1,https://dbarchive.biosciencedbc.jp/data/open-tggates-pathological-images/LATEST/images/tunicamycin/Liver/59171.svs,ftp://ftp.biosciencedbc.jp/archive/open-tggates-pathological-images/LATEST/images/tunicamycin/Liver/59171.svs,0
59206.svs,0,,E0455-G16-P0,E0455-G16-I1,normal,tunicamycin,High,0,300,μg/kg,24 hr,24,Single,intraperitoneal injection,6,0,0,0,,,,,,455,16,1,Liver,1/1,https://dbarchive.biosciencedbc.jp/data/open-tggates-pathological-images/LATEST/images/tunicamycin/Liver/59206.svs,ftp://ftp.biosciencedbc.jp/archive/open-tggates-pathological-images/LATEST/images/tunicamycin/Liver/59206.svs,0
59212.svs,1,,E0455-G16-P0,E0455-G16-I2,abnormal,tunicamycin,High,0,300,μg/kg,24 hr,24,Single,intraperitoneal injection,6,1,1,0,slight,Single cell necrosis,Hepatocyte,slight,false,455,16,2,Liver,1/1,https://dbarchive.biosciencedbc.jp/data/open-tggates-pathological-images/LATEST/images/tunicamycin/Liver/59212.svs,ftp://ftp.biosciencedbc.jp/archive/open-tggates-pathological-images/LATEST/images/tunicamycin/Liver/59212.svs,0
59218.svs,0,,E0455-G16-P1,E0455-G16-I3,normal,tunicamycin,High,0,300,μg/kg,24 hr,24,Single,intraperitoneal injection,6,0,0,0,,,,,,455,16,3,Liver,1/1,https://dbarchive.biosciencedbc.jp/data/open-tggates-pathological-images/LATEST/images/tunicamycin/Liver/59218.svs,ftp://ftp.biosciencedbc.jp/archive/open-tggates-pathological-images/LATEST/images/tunicamycin/Liver/59218.svs,0
59230.svs,1,,E0455-G16-P1,E0455-G16-I5,abnormal,tunicamycin,High,0,300,μg/kg,24 hr,24,Single,intraperitoneal injection,6,1,1,0,slight,Single cell necrosis,Hepatocyte,slight,false,455,16,5,Liver,1/1,https://dbarchive.biosciencedbc.jp/data/open-tggates-pathological-images/LATEST/images/tunicamycin/Liver/59230.svs,ftp://ftp.biosciencedbc.jp/archive/open-tggates-pathological-images/LATEST/images/tunicamycin/Liver/59230.svs,0
59368.svs,0,,E0456-G07-P0,E0456-G07-I1,normal,phorone,Low,0,40,mg/kg,9 hr,9,Single,intraperitoneal injection,6,0,0,0,,,,,,456,7,1,Liver,1/1,https://dbarchive.biosciencedbc.jp/data/open-tggates-pathological-images/LATEST/images/phorone/Liver/59368.svs,ftp://ftp.biosciencedbc.jp/archive/open-tggates-pathological-images/LATEST/images/phorone/Liver/59368.svs,0
59375.svs,1,,E0456-G07-P0,E0456-G07-I4,abnormal,phorone,Low,0,40,mg/kg,9 hr,9,Single,intraperitoneal injection,6,1,1,0,minimal,"Vacuolization, cytoplasmic",Midlobular,minimal,false,456,7,4,Liver,1/1,https://dbarchive.biosciencedbc.jp/data/open-tggates-pathological-images/LATEST/images/phorone/Liver/59375.svs,ftp://ftp.biosciencedbc.jp/archive/open-tggates-pathological-images/LATEST/images/phorone/Liver/59375.svs,0
59425.svs,0,,E0456-G12-P0,E0456-G12-I1,normal,phorone,Middle,0,120,mg/kg,24 hr,24,Single,intraperitoneal injection,6,0,0,0,,,,,,456,12,1,Liver,1/1,https://dbarchive.biosciencedbc.jp/data/open-tggates-pathological-images/LATEST/images/phorone/Liver/59425.svs,ftp://ftp.biosciencedbc.jp/archive/open-tggates-pathological-images/LATEST/images/phorone/Liver/59425.svs,0
59432.svs,1,,E0456-G12-P0,E0456-G12-I4,abnormal,phorone,Middle,0,120,mg/kg,24 hr,24,Single,intraperitoneal injection,6,1,1,0,slight,Increased mitosis,Midlobular,slight,false,456,12,4,Liver,1/1,https://dbarchive.biosciencedbc.jp/data/open-tggates-pathological-images/LATEST/images/phorone/Liver/59432.svs,ftp://ftp.biosciencedbc.jp/archive/open-tggates-pathological-images/LATEST/images/phorone/Liver/59432.svs,0
71067.svs,0,,E0456-G13-P0,E0456-G13-I1,normal,phorone,High,0,400,mg/kg,3 hr,3,Single,intraperitoneal injection,6,0,0,0,,,,,,456,13,1,Liver,1/1,https://dbarchive.biosciencedbc.jp/data/open-tggates-pathological-images/LATEST/images/phorone/Liver/71067.svs,ftp://ftp.biosciencedbc.jp/archive/open-tggates-pathological-images/LATEST/images/phorone/Liver/71067.svs,0
59439.svs,1,,E0456-G13-P0,E0456-G13-I2,abnormal,phorone,High,0,400,mg/kg,3 hr,3,Single,intraperitoneal injection,6,3,3,0,minimal,"Change, eosinophilic; Inclusion body, intracytoplasmic; Vacuolization, cytoplasmic",Centrilobular; Hepatocyte; Midlobular,minimal; minimal; minimal,false; false; false,456,13,2,Liver,1/1,https://dbarchive.biosciencedbc.jp/data/open-tggates-pathological-images/LATEST/images/phorone/Liver/59439.svs,ftp://ftp.biosciencedbc.jp/archive/open-tggates-pathological-images/LATEST/images/phorone/Liver/59439.svs,0
59441.svs,0,,E0456-G13-P1,E0456-G13-I3,normal,phorone,High,0,400,mg/kg,3 hr,3,Single,intraperitoneal injection,6,0,0,0,,,,,,456,13,3,Liver,1/1,https://dbarchive.biosciencedbc.jp/data/open-tggates-pathological-images/LATEST/images/phorone/Liver/59441.svs,ftp://ftp.biosciencedbc.jp/archive/open-tggates-pathological-images/LATEST/images/phorone/Liver/59441.svs,0
59444.svs,1,,E0456-G13-P1,E0456-G13-I4,abnormal,phorone,High,0,400,mg/kg,3 hr,3,Single,intraperitoneal injection,6,2,2,0,minimal,"Inclusion body, intracytoplasmic; Vacuolization, cytoplasmic",Hepatocyte; Midlobular,minimal; minimal,false; false,456,13,4,Liver,1/1,https://dbarchive.biosciencedbc.jp/data/open-tggates-pathological-images/LATEST/images/phorone/Liver/59444.svs,ftp://ftp.biosciencedbc.jp/archive/open-tggates-pathological-images/LATEST/images/phorone/Liver/59444.svs,0
60062.svs,0,,E0458-G09-P0,E0458-G09-I1,normal,diethyl maleate,Middle,0,240,mg/kg,3 hr,3,Single,intraperitoneal injection,6,0,0,0,,,,,,458,9,1,Liver,1/1,https://dbarchive.biosciencedbc.jp/data/open-tggates-pathological-images/LATEST/images/diethyl_maleate/Liver/60062.svs,ftp://ftp.biosciencedbc.jp/archive/open-tggates-pathological-images/LATEST/images/diethyl_maleate/Liver/60062.svs,0
60064.svs,0,,E0458-G09-P1,E0458-G09-I2,normal,diethyl maleate,Middle,0,240,mg/kg,3 hr,3,Single,intraperitoneal injection,6,0,0,0,,,,,,458,9,2,Liver,1/1,https://dbarchive.biosciencedbc.jp/data/open-tggates-pathological-images/LATEST/images/diethyl_maleate/Liver/60064.svs,ftp://ftp.biosciencedbc.jp/archive/open-tggates-pathological-images/LATEST/images/diethyl_maleate/Liver/60064.svs,0
60067.svs,1,,E0458-G09-P0,E0458-G09-I3,abnormal,diethyl maleate,Middle,0,240,mg/kg,3 hr,3,Single,intraperitoneal injection,6,1,1,0,minimal,Increased mitosis,Midlobular,minimal,false,458,9,3,Liver,1/1,https://dbarchive.biosciencedbc.jp/data/open-tggates-pathological-images/LATEST/images/diethyl_maleate/Liver/60067.svs,ftp://ftp.biosciencedbc.jp/archive/open-tggates-pathological-images/LATEST/images/diethyl_maleate/Liver/60067.svs,0
60070.svs,1,,E0458-G09-P1,E0458-G09-I4,abnormal,diethyl maleate,Middle,0,240,mg/kg,3 hr,3,Single,intraperitoneal injection,6,1,1,0,minimal,"Vacuolization, cytoplasmic",Midlobular,minimal,false,458,9,4,Liver,1/1,https://dbarchive.biosciencedbc.jp/data/open-tggates-pathological-images/LATEST/images/diethyl_maleate/Liver/60070.svs,ftp://ftp.biosciencedbc.jp/archive/open-tggates-pathological-images/LATEST/images/diethyl_maleate/Liver/60070.svs,0
60114.svs,1,,E0458-G13-P0,E0458-G13-I1,abnormal,diethyl maleate,High,0,800,mg/kg,3 hr,3,Single,intraperitoneal injection,6,1,1,0,minimal,Necrosis,Hepatocyte,minimal,false,458,13,1,Liver,1/1,https://dbarchive.biosciencedbc.jp/data/open-tggates-pathological-images/LATEST/images/diethyl_maleate/Liver/60114.svs,ftp://ftp.biosciencedbc.jp/archive/open-tggates-pathological-images/LATEST/images/diethyl_maleate/Liver/60114.svs,0
60122.svs,0,,E0458-G13-P0,E0458-G13-I4,normal,diethyl maleate,High,0,800,mg/kg,3 hr,3,Single,intraperitoneal injection,6,0,0,0,,,,,,458,13,4,Liver,1/1,https://dbarchive.biosciencedbc.jp/data/open-tggates-pathological-images/LATEST/images/diethyl_maleate/Liver/60122.svs,ftp://ftp.biosciencedbc.jp/archive/open-tggates-pathological-images/LATEST/images/diethyl_maleate/Liver/60122.svs,0
71072.svs,1,,E0458-G15-P0,E0458-G15-I1,abnormal,diethyl maleate,High,0,800,mg/kg,9 hr,9,Single,intraperitoneal injection,6,1,1,0,minimal,Necrosis,Hepatocyte,minimal,false,458,15,1,Liver,1/1,https://dbarchive.biosciencedbc.jp/data/open-tggates-pathological-images/LATEST/images/diethyl_maleate/Liver/71072.svs,ftp://ftp.biosciencedbc.jp/archive/open-tggates-pathological-images/LATEST/images/diethyl_maleate/Liver/71072.svs,0
71073.svs,0,,E0458-G15-P0,E0458-G15-I2,normal,diethyl maleate,High,0,800,mg/kg,9 hr,9,Single,intraperitoneal injection,6,0,0,0,,,,,,458,15,2,Liver,1/1,https://dbarchive.biosciencedbc.jp/data/open-tggates-pathological-images/LATEST/images/diethyl_maleate/Liver/71073.svs,ftp://ftp.biosciencedbc.jp/archive/open-tggates-pathological-images/LATEST/images/diethyl_maleate/Liver/71073.svs,0
60144.svs,0,,E0458-G15-P1,E0458-G15-I3,normal,diethyl maleate,High,0,800,mg/kg,9 hr,9,Single,intraperitoneal injection,6,0,0,0,,,,,,458,15,3,Liver,1/1,https://dbarchive.biosciencedbc.jp/data/open-tggates-pathological-images/LATEST/images/diethyl_maleate/Liver/60144.svs,ftp://ftp.biosciencedbc.jp/archive/open-tggates-pathological-images/LATEST/images/diethyl_maleate/Liver/60144.svs,0
60147.svs,1,,E0458-G15-P1,E0458-G15-I4,abnormal,diethyl maleate,High,0,800,mg/kg,9 hr,9,Single,intraperitoneal injection,6,1,1,0,minimal,Single cell necrosis,Hepatocyte,minimal,false,458,15,4,Liver,1/1,https://dbarchive.biosciencedbc.jp/data/open-tggates-pathological-images/LATEST/images/diethyl_maleate/Liver/60147.svs,ftp://ftp.biosciencedbc.jp/archive/open-tggates-pathological-images/LATEST/images/diethyl_maleate/Liver/60147.svs,0
38563.svs,0,,E0463-G12-P0,E0463-G12-I1,normal,disopyramide,Middle,0,120,mg/kg,29 day,696,Repeat,Gavage,6,0,0,0,,,,,,463,12,1,Liver,1/1,https://dbarchive.biosciencedbc.jp/data/open-tggates-pathological-images/LATEST/images/disopyramide/Liver/38563.svs,ftp://ftp.biosciencedbc.jp/archive/open-tggates-pathological-images/LATEST/images/disopyramide/Liver/38563.svs,0
38569.svs,1,,E0463-G12-P0,E0463-G12-I2,abnormal,disopyramide,Middle,0,120,mg/kg,29 day,696,Repeat,Gavage,6,1,1,0,minimal,"Change, eosinophilic",Centrilobular,minimal,false,463,12,2,Liver,1/1,https://dbarchive.biosciencedbc.jp/data/open-tggates-pathological-images/LATEST/images/disopyramide/Liver/38569.svs,ftp://ftp.biosciencedbc.jp/archive/open-tggates-pathological-images/LATEST/images/disopyramide/Liver/38569.svs,0
38573.svs,0,,E0463-G12-P1,E0463-G12-I3,normal,disopyramide,Middle,0,120,mg/kg,29 day,696,Repeat,Gavage,6,0,0,0,,,,,,463,12,3,Liver,1/1,https://dbarchive.biosciencedbc.jp/data/open-tggates-pathological-images/LATEST/images/disopyramide/Liver/38573.svs,ftp://ftp.biosciencedbc.jp/archive/open-tggates-pathological-images/LATEST/images/disopyramide/Liver/38573.svs,0
38583.svs,1,,E0463-G12-P1,E0463-G12-I5,abnormal,disopyramide,Middle,0,120,mg/kg,29 day,696,Repeat,Gavage,6,1,1,0,minimal,"Change, eosinophilic",Centrilobular,minimal,false,463,12,5,Liver,1/1,https://dbarchive.biosciencedbc.jp/data/open-tggates-pathological-images/LATEST/images/disopyramide/Liver/38583.svs,ftp://ftp.biosciencedbc.jp/archive/open-tggates-pathological-images/LATEST/images/disopyramide/Liver/38583.svs,0
38613.svs,1,,E0463-G14-P0,E0463-G14-I1,abnormal,disopyramide,High,0,400,mg/kg,8 day,192,Repeat,Gavage,6,1,1,0,minimal,"Change, eosinophilic",Centrilobular,minimal,false,463,14,1,Liver,1/1,https://dbarchive.biosciencedbc.jp/data/open-tggates-pathological-images/LATEST/images/disopyramide/Liver/38613.svs,ftp://ftp.biosciencedbc.jp/archive/open-tggates-pathological-images/LATEST/images/disopyramide/Liver/38613.svs,0
38618.svs,0,,E0463-G14-P0,E0463-G14-I2,normal,disopyramide,High,0,400,mg/kg,8 day,192,Repeat,Gavage,6,0,0,0,,,,,,463,14,2,Liver,1/1,https://dbarchive.biosciencedbc.jp/data/open-tggates-pathological-images/LATEST/images/disopyramide/Liver/38618.svs,ftp://ftp.biosciencedbc.jp/archive/open-tggates-pathological-images/LATEST/images/disopyramide/Liver/38618.svs,0
38623.svs,0,,E0463-G14-P1,E0463-G14-I3,normal,disopyramide,High,0,400,mg/kg,8 day,192,Repeat,Gavage,6,0,0,0,,,,,,463,14,3,Liver,1/1,https://dbarchive.biosciencedbc.jp/data/open-tggates-pathological-images/LATEST/images/disopyramide/Liver/38623.svs,ftp://ftp.biosciencedbc.jp/archive/open-tggates-pathological-images/LATEST/images/disopyramide/Liver/38623.svs,0
38628.svs,1,,E0463-G14-P1,E0463-G14-I4,abnormal,disopyramide,High,0,400,mg/kg,8 day,192,Repeat,Gavage,6,1,1,0,minimal,"Change, eosinophilic",Centrilobular,minimal,false,463,14,4,Liver,1/1,https://dbarchive.biosciencedbc.jp/data/open-tggates-pathological-images/LATEST/images/disopyramide/Liver/38628.svs,ftp://ftp.biosciencedbc.jp/archive/open-tggates-pathological-images/LATEST/images/disopyramide/Liver/38628.svs,0
53892.svs,0,,E0465-G15-P0,E0465-G15-I1,normal,mexiletine,High,0,400,mg/kg,15 day,360,Repeat,Gavage,6,0,0,0,,,,,,465,15,1,Liver,1/1,https://dbarchive.biosciencedbc.jp/data/open-tggates-pathological-images/LATEST/images/mexiletine/Liver/53892.svs,ftp://ftp.biosciencedbc.jp/archive/open-tggates-pathological-images/LATEST/images/mexiletine/Liver/53892.svs,0
53895.svs,1,,E0465-G15-P0,E0465-G15-I2,abnormal,mexiletine,High,0,400,mg/kg,15 day,360,Repeat,Gavage,6,1,1,0,slight,Hypertrophy,Centrilobular,slight,false,465,15,2,Liver,1/1,https://dbarchive.biosciencedbc.jp/data/open-tggates-pathological-images/LATEST/images/mexiletine/Liver/53895.svs,ftp://ftp.biosciencedbc.jp/archive/open-tggates-pathological-images/LATEST/images/mexiletine/Liver/53895.svs,0
53898.svs,0,,E0465-G15-P1,E0465-G15-I3,normal,mexiletine,High,0,400,mg/kg,15 day,360,Repeat,Gavage,6,0,0,0,,,,,,465,15,3,Liver,1/1,https://dbarchive.biosciencedbc.jp/data/open-tggates-pathological-images/LATEST/images/mexiletine/Liver/53898.svs,ftp://ftp.biosciencedbc.jp/archive/open-tggates-pathological-images/LATEST/images/mexiletine/Liver/53898.svs,0
53904.svs,1,,E0465-G15-P1,E0465-G15-I5,abnormal,mexiletine,High,0,400,mg/kg,15 day,360,Repeat,Gavage,6,1,1,0,slight,Hypertrophy,Centrilobular,slight,false,465,15,5,Liver,1/1,https://dbarchive.biosciencedbc.jp/data/open-tggates-pathological-images/LATEST/images/mexiletine/Liver/53904.svs,ftp://ftp.biosciencedbc.jp/archive/open-tggates-pathological-images/LATEST/images/mexiletine/Liver/53904.svs,0
59122.svs,1,,E0480-G05-P0,E0480-G05-I1,abnormal,phalloidin,High,0,1,mg/kg,3 hr,3,Single,intraperitoneal injection,6,3,3,0,moderate,"Hemorrhage; Inclusion body, intracytoplasmic; Inclusion body, intracytoplasmic",Subserosa; Hepatocyte; Subserosa,moderate; slight; moderate,false; false; false,480,5,1,Liver,1/1,https://dbarchive.biosciencedbc.jp/data/open-tggates-pathological-images/LATEST/images/phalloidin/Liver/59122.svs,ftp://ftp.biosciencedbc.jp/archive/open-tggates-pathological-images/LATEST/images/phalloidin/Liver/59122.svs,0
59146.svs,0,,E0480-G05-P0,E0480-G05-I5,normal,phalloidin,High,0,1,mg/kg,3 hr,3,Single,intraperitoneal injection,6,0,0,0,,,,,,480,5,5,Liver,1/1,https://dbarchive.biosciencedbc.jp/data/open-tggates-pathological-images/LATEST/images/phalloidin/Liver/59146.svs,ftp://ftp.biosciencedbc.jp/archive/open-tggates-pathological-images/LATEST/images/phalloidin/Liver/59146.svs,0
59152.svs,1,,E0480-G06-P0,E0480-G06-I1,abnormal,phalloidin,High,0,1,mg/kg,6 hr,6,Single,intraperitoneal injection,6,1,1,0,moderate,"Inclusion body, intracytoplasmic",Subserosa,moderate,false,480,6,1,Liver,1/1,https://dbarchive.biosciencedbc.jp/data/open-tggates-pathological-images/LATEST/images/phalloidin/Liver/59152.svs,ftp://ftp.biosciencedbc.jp/archive/open-tggates-pathological-images/LATEST/images/phalloidin/Liver/59152.svs,0
59170.svs,0,,E0480-G06-P0,E0480-G06-I4,normal,phalloidin,High,0,1,mg/kg,6 hr,6,Single,intraperitoneal injection,6,0,0,0,,,,,,480,6,4,Liver,1/1,https://dbarchive.biosciencedbc.jp/data/open-tggates-pathological-images/LATEST/images/phalloidin/Liver/59170.svs,ftp://ftp.biosciencedbc.jp/archive/open-tggates-pathological-images/LATEST/images/phalloidin/Liver/59170.svs,0
59213.svs,0,,E0480-G08-P0,E0480-G08-I1,normal,phalloidin,High,0,1,mg/kg,24 hr,24,Single,intraperitoneal injection,6,0,0,0,,,,,,480,8,1,Liver,1/1,https://dbarchive.biosciencedbc.jp/data/open-tggates-pathological-images/LATEST/images/phalloidin/Liver/59213.svs,ftp://ftp.biosciencedbc.jp/archive/open-tggates-pathological-images/LATEST/images/phalloidin/Liver/59213.svs,0
59219.svs,1,,E0480-G08-P0,E0480-G08-I2,abnormal,phalloidin,High,0,1,mg/kg,24 hr,24,Single,intraperitoneal injection,6,2,2,0,slight,Hemorrhage; Necrosis,Parenchyma; Parenchyma,slight; slight,false; false,480,8,2,Liver,1/1,https://dbarchive.biosciencedbc.jp/data/open-tggates-pathological-images/LATEST/images/phalloidin/Liver/59219.svs,ftp://ftp.biosciencedbc.jp/archive/open-tggates-pathological-images/LATEST/images/phalloidin/Liver/59219.svs,0
59225.svs,0,,E0480-G08-P1,E0480-G08-I3,normal,phalloidin,High,0,1,mg/kg,24 hr,24,Single,intraperitoneal injection,6,0,0,0,,,,,,480,8,3,Liver,1/1,https://dbarchive.biosciencedbc.jp/data/open-tggates-pathological-images/LATEST/images/phalloidin/Liver/59225.svs,ftp://ftp.biosciencedbc.jp/archive/open-tggates-pathological-images/LATEST/images/phalloidin/Liver/59225.svs,0
59236.svs,1,,E0480-G08-P1,E0480-G08-I5,abnormal,phalloidin,High,0,1,mg/kg,24 hr,24,Single,intraperitoneal injection,6,2,2,0,slight,"Lesion,NOS; Single cell necrosis",Parenchyma; Centrilobular,slight; slight,false; false,480,8,5,Liver,1/1,https://dbarchive.biosciencedbc.jp/data/open-tggates-pathological-images/LATEST/images/phalloidin/Liver/59236.svs,ftp://ftp.biosciencedbc.jp/archive/open-tggates-pathological-images/LATEST/images/phalloidin/Liver/59236.svs,0
47811.svs,1,,E0492-G11-P0,E0492-G11-I1,abnormal,disulfiram,Middle,0,200,mg/kg,15 day,360,Repeat,Gavage,6,1,1,0,slight,Hypertrophy,Centrilobular,slight,false,492,11,1,Liver,1/1,https://dbarchive.biosciencedbc.jp/data/open-tggates-pathological-images/LATEST/images/disulfiram/Liver/47811.svs,ftp://ftp.biosciencedbc.jp/archive/open-tggates-pathological-images/LATEST/images/disulfiram/Liver/47811.svs,0
47816.svs,1,,E0492-G11-P1,E0492-G11-I2,abnormal,disulfiram,Middle,0,200,mg/kg,15 day,360,Repeat,Gavage,6,1,1,0,slight,Hypertrophy,Centrilobular,slight,false,492,11,2,Liver,1/1,https://dbarchive.biosciencedbc.jp/data/open-tggates-pathological-images/LATEST/images/disulfiram/Liver/47816.svs,ftp://ftp.biosciencedbc.jp/archive/open-tggates-pathological-images/LATEST/images/disulfiram/Liver/47816.svs,0
47821.svs,0,,E0492-G11-P0,E0492-G11-I3,normal,disulfiram,Middle,0,200,mg/kg,15 day,360,Repeat,Gavage,6,0,0,0,,,,,,492,11,3,Liver,1/1,https://dbarchive.biosciencedbc.jp/data/open-tggates-pathological-images/LATEST/images/disulfiram/Liver/47821.svs,ftp://ftp.biosciencedbc.jp/archive/open-tggates-pathological-images/LATEST/images/disulfiram/Liver/47821.svs,0
47825.svs,0,,E0492-G11-P1,E0492-G11-I4,normal,disulfiram,Middle,0,200,mg/kg,15 day,360,Repeat,Gavage,6,0,0,0,,,,,,492,11,4,Liver,1/1,https://dbarchive.biosciencedbc.jp/data/open-tggates-pathological-images/LATEST/images/disulfiram/Liver/47825.svs,ftp://ftp.biosciencedbc.jp/archive/open-tggates-pathological-images/LATEST/images/disulfiram/Liver/47825.svs,0
47834.svs,1,,E0492-G12-P0,E0492-G12-I1,abnormal,disulfiram,Middle,0,200,mg/kg,29 day,696,Repeat,Gavage,6,1,1,0,slight,Hypertrophy,Centrilobular,slight,false,492,12,1,Liver,1/1,https://dbarchive.biosciencedbc.jp/data/open-tggates-pathological-images/LATEST/images/disulfiram/Liver/47834.svs,ftp://ftp.biosciencedbc.jp/archive/open-tggates-pathological-images/LATEST/images/disulfiram/Liver/47834.svs,0
47844.svs,0,,E0492-G12-P0,E0492-G12-I3,normal,disulfiram,Middle,0,200,mg/kg,29 day,696,Repeat,Gavage,6,0,0,0,,,,,,492,12,3,Liver,1/1,https://dbarchive.biosciencedbc.jp/data/open-tggates-pathological-images/LATEST/images/disulfiram/Liver/47844.svs,ftp://ftp.biosciencedbc.jp/archive/open-tggates-pathological-images/LATEST/images/disulfiram/Liver/47844.svs,0
47857.svs,0,,E0492-G13-P0,E0492-G13-I1,normal,disulfiram,High,0,600,mg/kg,4 day,96,Repeat,Gavage,6,0,0,0,,,,,,492,13,1,Liver,1/1,https://dbarchive.biosciencedbc.jp/data/open-tggates-pathological-images/LATEST/images/disulfiram/Liver/47857.svs,ftp://ftp.biosciencedbc.jp/archive/open-tggates-pathological-images/LATEST/images/disulfiram/Liver/47857.svs,0
47861.svs,0,,E0492-G13-P1,E0492-G13-I2,normal,disulfiram,High,0,600,mg/kg,4 day,96,Repeat,Gavage,6,0,0,0,,,,,,492,13,2,Liver,1/1,https://dbarchive.biosciencedbc.jp/data/open-tggates-pathological-images/LATEST/images/disulfiram/Liver/47861.svs,ftp://ftp.biosciencedbc.jp/archive/open-tggates-pathological-images/LATEST/images/disulfiram/Liver/47861.svs,0
47866.svs,1,,E0492-G13-P0,E0492-G13-I3,abnormal,disulfiram,High,0,600,mg/kg,4 day,96,Repeat,Gavage,6,1,1,0,moderate,"Vacuolization, cytoplasmic",Peripheral,moderate,false,492,13,3,Liver,1/1,https://dbarchive.biosciencedbc.jp/data/open-tggates-pathological-images/LATEST/images/disulfiram/Liver/47866.svs,ftp://ftp.biosciencedbc.jp/archive/open-tggates-pathological-images/LATEST/images/disulfiram/Liver/47866.svs,0
47875.svs,1,,E0492-G13-P1,E0492-G13-I5,abnormal,disulfiram,High,0,600,mg/kg,4 day,96,Repeat,Gavage,6,1,1,0,slight,"Vacuolization, cytoplasmic",Peripheral,slight,false,492,13,5,Liver,1/1,https://dbarchive.biosciencedbc.jp/data/open-tggates-pathological-images/LATEST/images/disulfiram/Liver/47875.svs,ftp://ftp.biosciencedbc.jp/archive/open-tggates-pathological-images/LATEST/images/disulfiram/Liver/47875.svs,0
47880.svs,0,,E0492-G14-P0,E0492-G14-I1,normal,disulfiram,High,0,600,mg/kg,8 day,192,Repeat,Gavage,6,0,0,0,,,,,,492,14,1,Liver,1/1,https://dbarchive.biosciencedbc.jp/data/open-tggates-pathological-images/LATEST/images/disulfiram/Liver/47880.svs,ftp://ftp.biosciencedbc.jp/archive/open-tggates-pathological-images/LATEST/images/disulfiram/Liver/47880.svs,0
47884.svs,1,,E0492-G14-P0,E0492-G14-I2,abnormal,disulfiram,High,0,600,mg/kg,8 day,192,Repeat,Gavage,6,1,1,0,slight,Hypertrophy,Centrilobular,slight,false,492,14,2,Liver,1/1,https://dbarchive.biosciencedbc.jp/data/open-tggates-pathological-images/LATEST/images/disulfiram/Liver/47884.svs,ftp://ftp.biosciencedbc.jp/archive/open-tggates-pathological-images/LATEST/images/disulfiram/Liver/47884.svs,0
48761.svs,0,,E0494-G07-P0,E0494-G07-I1,normal,promethazine,Low,0,20,mg/kg,15 day,360,Repeat,Gavage,6,0,0,0,,,,,,494,7,1,Liver,1/1,https://dbarchive.biosciencedbc.jp/data/open-tggates-pathological-images/LATEST/images/promethazine/Liver/48761.svs,ftp://ftp.biosciencedbc.jp/archive/open-tggates-pathological-images/LATEST/images/promethazine/Liver/48761.svs,0
48770.svs,1,,E0494-G07-P0,E0494-G07-I3,abnormal,promethazine,Low,0,20,mg/kg,15 day,360,Repeat,Gavage,6,2,2,0,slight,Ground glass appearance; Hypertrophy,Centrilobular; Centrilobular,slight; slight,false; false,494,7,3,Liver,1/1,https://dbarchive.biosciencedbc.jp/data/open-tggates-pathological-images/LATEST/images/promethazine/Liver/48770.svs,ftp://ftp.biosciencedbc.jp/archive/open-tggates-pathological-images/LATEST/images/promethazine/Liver/48770.svs,0
48784.svs,1,,E0494-G08-P0,E0494-G08-I1,abnormal,promethazine,Low,0,20,mg/kg,29 day,696,Repeat,Gavage,6,2,2,0,slight,Ground glass appearance; Hypertrophy,Centrilobular; Centrilobular,slight; slight,false; false,494,8,1,Liver,1/1,https://dbarchive.biosciencedbc.jp/data/open-tggates-pathological-images/LATEST/images/promethazine/Liver/48784.svs,ftp://ftp.biosciencedbc.jp/archive/open-tggates-pathological-images/LATEST/images/promethazine/Liver/48784.svs,0
48790.svs,1,,E0494-G08-P1,E0494-G08-I2,abnormal,promethazine,Low,0,20,mg/kg,29 day,696,Repeat,Gavage,6,2,2,0,slight,Ground glass appearance; Hypertrophy,Centrilobular; Centrilobular,slight; slight,false; false,494,8,2,Liver,1/1,https://dbarchive.biosciencedbc.jp/data/open-tggates-pathological-images/LATEST/images/promethazine/Liver/48790.svs,ftp://ftp.biosciencedbc.jp/archive/open-tggates-pathological-images/LATEST/images/promethazine/Liver/48790.svs,0
48794.svs,0,,E0494-G08-P0,E0494-G08-I3,normal,promethazine,Low,0,20,mg/kg,29 day,696,Repeat,Gavage,6,0,0,0,,,,,,494,8,3,Liver,1/1,https://dbarchive.biosciencedbc.jp/data/open-tggates-pathological-images/LATEST/images/promethazine/Liver/48794.svs,ftp://ftp.biosciencedbc.jp/archive/open-tggates-pathological-images/LATEST/images/promethazine/Liver/48794.svs,0
48799.svs,0,,E0494-G08-P1,E0494-G08-I4,normal,promethazine,Low,0,20,mg/kg,29 day,696,Repeat,Gavage,6,0,0,0,,,,,,494,8,4,Liver,1/1,https://dbarchive.biosciencedbc.jp/data/open-tggates-pathological-images/LATEST/images/promethazine/Liver/48799.svs,ftp://ftp.biosciencedbc.jp/archive/open-tggates-pathological-images/LATEST/images/promethazine/Liver/48799.svs,0
48833.svs,0,,E0494-G10-P0,E0494-G10-I1,normal,promethazine,Middle,0,60,mg/kg,8 day,192,Repeat,Gavage,6,0,0,0,,,,,,494,10,1,Liver,1/1,https://dbarchive.biosciencedbc.jp/data/open-tggates-pathological-images/LATEST/images/promethazine/Liver/48833.svs,ftp://ftp.biosciencedbc.jp/archive/open-tggates-pathological-images/LATEST/images/promethazine/Liver/48833.svs,0
48838.svs,1,,E0494-G10-P0,E0494-G10-I2,abnormal,promethazine,Middle,0,60,mg/kg,8 day,192,Repeat,Gavage,6,2,2,0,slight,Ground glass appearance; Hypertrophy,Centrilobular; Centrilobular,slight; slight,false; false,494,10,2,Liver,1/1,https://dbarchive.biosciencedbc.jp/data/open-tggates-pathological-images/LATEST/images/promethazine/Liver/48838.svs,ftp://ftp.biosciencedbc.jp/archive/open-tggates-pathological-images/LATEST/images/promethazine/Liver/48838.svs,0
70104.svs,0,,E0494-G10-P1,E0494-G10-I3,normal,promethazine,Middle,0,60,mg/kg,8 day,192,Repeat,Gavage,6,0,0,0,,,,,,494,10,3,Liver,1/1,https://dbarchive.biosciencedbc.jp/data/open-tggates-pathological-images/LATEST/images/promethazine/Liver/70104.svs,ftp://ftp.biosciencedbc.jp/archive/open-tggates-pathological-images/LATEST/images/promethazine/Liver/70104.svs,0
48848.svs,1,,E0494-G10-P1,E0494-G10-I4,abnormal,promethazine,Middle,0,60,mg/kg,8 day,192,Repeat,Gavage,6,2,2,0,slight,Ground glass appearance; Hypertrophy,Centrilobular; Centrilobular,slight; slight,false; false,494,10,4,Liver,1/1,https://dbarchive.biosciencedbc.jp/data/open-tggates-pathological-images/LATEST/images/promethazine/Liver/48848.svs,ftp://ftp.biosciencedbc.jp/archive/open-tggates-pathological-images/LATEST/images/promethazine/Liver/48848.svs,0
48858.svs,0,,E0494-G11-P0,E0494-G11-I1,normal,promethazine,Middle,0,60,mg/kg,15 day,360,Repeat,Gavage,6,0,0,0,,,,,,494,11,1,Liver,1/1,https://dbarchive.biosciencedbc.jp/data/open-tggates-pathological-images/LATEST/images/promethazine/Liver/48858.svs,ftp://ftp.biosciencedbc.jp/archive/open-tggates-pathological-images/LATEST/images/promethazine/Liver/48858.svs,0
48863.svs,1,,E0494-G11-P0,E0494-G11-I2,abnormal,promethazine,Middle,0,60,mg/kg,15 day,360,Repeat,Gavage,6,2,2,0,slight,Ground glass appearance; Hypertrophy,Centrilobular; Centrilobular,slight; slight,false; false,494,11,2,Liver,1/1,https://dbarchive.biosciencedbc.jp/data/open-tggates-pathological-images/LATEST/images/promethazine/Liver/48863.svs,ftp://ftp.biosciencedbc.jp/archive/open-tggates-pathological-images/LATEST/images/promethazine/Liver/48863.svs,0
48906.svs,0,,E0494-G13-P0,E0494-G13-I1,normal,promethazine,High,0,200,mg/kg,4 day,96,Repeat,Gavage,6,0,0,0,,,,,,494,13,1,Liver,1/1,https://dbarchive.biosciencedbc.jp/data/open-tggates-pathological-images/LATEST/images/promethazine/Liver/48906.svs,ftp://ftp.biosciencedbc.jp/archive/open-tggates-pathological-images/LATEST/images/promethazine/Liver/48906.svs,0
48910.svs,1,,E0494-G13-P0,E0494-G13-I2,abnormal,promethazine,High,0,200,mg/kg,4 day,96,Repeat,Gavage,6,3,2,1,slight,Ground glass appearance; Hypertrophy; Necrosis,Centrilobular; Centrilobular; Hepatocyte,slight; slight; minimal,false; false; true,494,13,2,Liver,1/1,https://dbarchive.biosciencedbc.jp/data/open-tggates-pathological-images/LATEST/images/promethazine/Liver/48910.svs,ftp://ftp.biosciencedbc.jp/archive/open-tggates-pathological-images/LATEST/images/promethazine/Liver/48910.svs,0
48915.svs,1,,E0494-G13-P1,E0494-G13-I3,abnormal,promethazine,High,0,200,mg/kg,4 day,96,Repeat,Gavage,6,2,2,0,slight,Ground glass appearance; Hypertrophy,Centrilobular; Centrilobular,slight; slight,false; false,494,13,3,Liver,1/1,https://dbarchive.biosciencedbc.jp/data/open-tggates-pathological-images/LATEST/images/promethazine/Liver/48915.svs,ftp://ftp.biosciencedbc.jp/archive/open-tggates-pathological-images/LATEST/images/promethazine/Liver/48915.svs,0
48919.svs,0,,E0494-G13-P1,E0494-G13-I4,normal,promethazine,High,0,200,mg/kg,4 day,96,Repeat,Gavage,6,0,0,0,,,,,,494,13,4,Liver,1/1,https://dbarchive.biosciencedbc.jp/data/open-tggates-pathological-images/LATEST/images/promethazine/Liver/48919.svs,ftp://ftp.biosciencedbc.jp/archive/open-tggates-pathological-images/LATEST/images/promethazine/Liver/48919.svs,0
48928.svs,1,,E0494-G14-P0,E0494-G14-I1,abnormal,promethazine,High,0,200,mg/kg,8 day,192,Repeat,Gavage,6,2,2,0,moderate,Ground glass appearance; Hypertrophy,Centrilobular; Centrilobular,slight; moderate,false; false,494,14,1,Liver,1/1,https://dbarchive.biosciencedbc.jp/data/open-tggates-pathological-images/LATEST/images/promethazine/Liver/48928.svs,ftp://ftp.biosciencedbc.jp/archive/open-tggates-pathological-images/LATEST/images/promethazine/Liver/48928.svs,0
48948.svs,0,,E0494-G14-P0,E0494-G14-I5,normal,promethazine,High,0,200,mg/kg,8 day,192,Repeat,Gavage,6,0,0,0,,,,,,494,14,5,Liver,1/1,https://dbarchive.biosciencedbc.jp/data/open-tggates-pathological-images/LATEST/images/promethazine/Liver/48948.svs,ftp://ftp.biosciencedbc.jp/archive/open-tggates-pathological-images/LATEST/images/promethazine/Liver/48948.svs,0
41385.svs,1,,E0501-G05-P0,E0501-G05-I1,abnormal,colchicine,Low,0,2,mg/kg,3 hr,3,Single,Gavage,6,1,1,0,minimal,Increased mitosis,Midlobular,minimal,false,501,5,1,Liver,1/1,https://dbarchive.biosciencedbc.jp/data/open-tggates-pathological-images/LATEST/images/colchicine/Liver/41385.svs,ftp://ftp.biosciencedbc.jp/archive/open-tggates-pathological-images/LATEST/images/colchicine/Liver/41385.svs,0
41387.svs,0,,E0501-G05-P0,E0501-G05-I2,normal,colchicine,Low,0,2,mg/kg,3 hr,3,Single,Gavage,6,0,0,0,,,,,,501,5,2,Liver,1/1,https://dbarchive.biosciencedbc.jp/data/open-tggates-pathological-images/LATEST/images/colchicine/Liver/41387.svs,ftp://ftp.biosciencedbc.jp/archive/open-tggates-pathological-images/LATEST/images/colchicine/Liver/41387.svs,0
41389.svs,0,,E0501-G05-P1,E0501-G05-I3,normal,colchicine,Low,0,2,mg/kg,3 hr,3,Single,Gavage,6,0,0,0,,,,,,501,5,3,Liver,1/1,https://dbarchive.biosciencedbc.jp/data/open-tggates-pathological-images/LATEST/images/colchicine/Liver/41389.svs,ftp://ftp.biosciencedbc.jp/archive/open-tggates-pathological-images/LATEST/images/colchicine/Liver/41389.svs,0
41392.svs,1,,E0501-G05-P1,E0501-G05-I4,abnormal,colchicine,Low,0,2,mg/kg,3 hr,3,Single,Gavage,6,1,1,0,minimal,Increased mitosis,Midlobular,minimal,false,501,5,4,Liver,1/1,https://dbarchive.biosciencedbc.jp/data/open-tggates-pathological-images/LATEST/images/colchicine/Liver/41392.svs,ftp://ftp.biosciencedbc.jp/archive/open-tggates-pathological-images/LATEST/images/colchicine/Liver/41392.svs,0
41396.svs,0,,E0501-G06-P0,E0501-G06-I1,normal,colchicine,Low,0,2,mg/kg,6 hr,6,Single,Gavage,6,0,0,0,,,,,,501,6,1,Liver,1/1,https://dbarchive.biosciencedbc.jp/data/open-tggates-pathological-images/LATEST/images/colchicine/Liver/41396.svs,ftp://ftp.biosciencedbc.jp/archive/open-tggates-pathological-images/LATEST/images/colchicine/Liver/41396.svs,0
41398.svs,1,,E0501-G06-P0,E0501-G06-I2,abnormal,colchicine,Low,0,2,mg/kg,6 hr,6,Single,Gavage,6,2,2,0,minimal,Increased mitosis; Single cell necrosis,Midlobular; Midlobular,minimal; minimal,false; false,501,6,2,Liver,1/1,https://dbarchive.biosciencedbc.jp/data/open-tggates-pathological-images/LATEST/images/colchicine/Liver/41398.svs,ftp://ftp.biosciencedbc.jp/archive/open-tggates-pathological-images/LATEST/images/colchicine/Liver/41398.svs,0
41401.svs,0,,E0501-G06-P1,E0501-G06-I3,normal,colchicine,Low,0,2,mg/kg,6 hr,6,Single,Gavage,6,0,0,0,,,,,,501,6,3,Liver,1/1,https://dbarchive.biosciencedbc.jp/data/open-tggates-pathological-images/LATEST/images/colchicine/Liver/41401.svs,ftp://ftp.biosciencedbc.jp/archive/open-tggates-pathological-images/LATEST/images/colchicine/Liver/41401.svs,0
41403.svs,1,,E0501-G06-P1,E0501-G06-I4,abnormal,colchicine,Low,0,2,mg/kg,6 hr,6,Single,Gavage,6,1,1,0,minimal,Increased mitosis,Midlobular,minimal,false,501,6,4,Liver,1/1,https://dbarchive.biosciencedbc.jp/data/open-tggates-pathological-images/LATEST/images/colchicine/Liver/41403.svs,ftp://ftp.biosciencedbc.jp/archive/open-tggates-pathological-images/LATEST/images/colchicine/Liver/41403.svs,0
41408.svs,1,,E0501-G07-P0,E0501-G07-I1,abnormal,colchicine,Low,0,2,mg/kg,9 hr,9,Single,Gavage,6,2,2,0,minimal,Increased mitosis; Single cell necrosis,Midlobular; Midlobular,minimal; minimal,false; false,501,7,1,Liver,1/1,https://dbarchive.biosciencedbc.jp/data/open-tggates-pathological-images/LATEST/images/colchicine/Liver/41408.svs,ftp://ftp.biosciencedbc.jp/archive/open-tggates-pathological-images/LATEST/images/colchicine/Liver/41408.svs,0
41412.svs,0,,E0501-G07-P0,E0501-G07-I3,normal,colchicine,Low,0,2,mg/kg,9 hr,9,Single,Gavage,6,0,0,0,,,,,,501,7,3,Liver,1/1,https://dbarchive.biosciencedbc.jp/data/open-tggates-pathological-images/LATEST/images/colchicine/Liver/41412.svs,ftp://ftp.biosciencedbc.jp/archive/open-tggates-pathological-images/LATEST/images/colchicine/Liver/41412.svs,0
41414.svs,0,,E0501-G07-P1,E0501-G07-I4,normal,colchicine,Low,0,2,mg/kg,9 hr,9,Single,Gavage,6,0,0,0,,,,,,501,7,4,Liver,1/1,https://dbarchive.biosciencedbc.jp/data/open-tggates-pathological-images/LATEST/images/colchicine/Liver/41414.svs,ftp://ftp.biosciencedbc.jp/archive/open-tggates-pathological-images/LATEST/images/colchicine/Liver/41414.svs,0
41416.svs,1,,E0501-G07-P1,E0501-G07-I5,abnormal,colchicine,Low,0,2,mg/kg,9 hr,9,Single,Gavage,6,2,2,0,minimal,Increased mitosis; Single cell necrosis,Midlobular; Midlobular,minimal; minimal,false; false,501,7,5,Liver,1/1,https://dbarchive.biosciencedbc.jp/data/open-tggates-pathological-images/LATEST/images/colchicine/Liver/41416.svs,ftp://ftp.biosciencedbc.jp/archive/open-tggates-pathological-images/LATEST/images/colchicine/Liver/41416.svs,0
41430.svs,1,,E0501-G09-P0,E0501-G09-I1,abnormal,colchicine,Middle,0,5,mg/kg,3 hr,3,Single,Gavage,6,2,2,0,minimal,Increased mitosis; Single cell necrosis,Midlobular; Midlobular,minimal; minimal,false; false,501,9,1,Liver,1/1,https://dbarchive.biosciencedbc.jp/data/open-tggates-pathological-images/LATEST/images/colchicine/Liver/41430.svs,ftp://ftp.biosciencedbc.jp/archive/open-tggates-pathological-images/LATEST/images/colchicine/Liver/41430.svs,0
41432.svs,1,,E0501-G09-P1,E0501-G09-I2,abnormal,colchicine,Middle,0,5,mg/kg,3 hr,3,Single,Gavage,6,2,2,0,minimal,Increased mitosis; Single cell necrosis,Midlobular; Midlobular,minimal; minimal,false; false,501,9,2,Liver,1/1,https://dbarchive.biosciencedbc.jp/data/open-tggates-pathological-images/LATEST/images/colchicine/Liver/41432.svs,ftp://ftp.biosciencedbc.jp/archive/open-tggates-pathological-images/LATEST/images/colchicine/Liver/41432.svs,0
41434.svs,0,,E0501-G09-P0,E0501-G09-I3,normal,colchicine,Middle,0,5,mg/kg,3 hr,3,Single,Gavage,6,0,0,0,,,,,,501,9,3,Liver,1/1,https://dbarchive.biosciencedbc.jp/data/open-tggates-pathological-images/LATEST/images/colchicine/Liver/41434.svs,ftp://ftp.biosciencedbc.jp/archive/open-tggates-pathological-images/LATEST/images/colchicine/Liver/41434.svs,0
41436.svs,0,,E0501-G09-P1,E0501-G09-I4,normal,colchicine,Middle,0,5,mg/kg,3 hr,3,Single,Gavage,6,0,0,0,,,,,,501,9,4,Liver,1/1,https://dbarchive.biosciencedbc.jp/data/open-tggates-pathological-images/LATEST/images/colchicine/Liver/41436.svs,ftp://ftp.biosciencedbc.jp/archive/open-tggates-pathological-images/LATEST/images/colchicine/Liver/41436.svs,0
41774.svs,0,,E0502-G09-P0,E0502-G09-I1,normal,colchicine,Middle,0,2,mg/kg,4 day,96,Repeat,Gavage,6,0,0,0,,,,,,502,9,1,Liver,1/1,https://dbarchive.biosciencedbc.jp/data/open-tggates-pathological-images/LATEST/images/colchicine/Liver/41774.svs,ftp://ftp.biosciencedbc.jp/archive/open-tggates-pathological-images/LATEST/images/colchicine/Liver/41774.svs,0
41776.svs,0,,E0502-G09-P1,E0502-G09-I2,normal,colchicine,Middle,0,2,mg/kg,4 day,96,Repeat,Gavage,6,0,0,0,,,,,,502,9,2,Liver,1/1,https://dbarchive.biosciencedbc.jp/data/open-tggates-pathological-images/LATEST/images/colchicine/Liver/41776.svs,ftp://ftp.biosciencedbc.jp/archive/open-tggates-pathological-images/LATEST/images/colchicine/Liver/41776.svs,0
41779.svs,1,,E0502-G09-P0,E0502-G09-I3,abnormal,colchicine,Middle,0,2,mg/kg,4 day,96,Repeat,Gavage,6,1,1,0,minimal,Increased mitosis,Bile duct cell,minimal,false,502,9,3,Liver,1/1,https://dbarchive.biosciencedbc.jp/data/open-tggates-pathological-images/LATEST/images/colchicine/Liver/41779.svs,ftp://ftp.biosciencedbc.jp/archive/open-tggates-pathological-images/LATEST/images/colchicine/Liver/41779.svs,0
41781.svs,1,,E0502-G09-P1,E0502-G09-I4,abnormal,colchicine,Middle,0,2,mg/kg,4 day,96,Repeat,Gavage,6,2,2,0,minimal,Increased mitosis; Increased mitosis,Bile duct cell; Midlobular,minimal; minimal,false; false,502,9,4,Liver,1/1,https://dbarchive.biosciencedbc.jp/data/open-tggates-pathological-images/LATEST/images/colchicine/Liver/41781.svs,ftp://ftp.biosciencedbc.jp/archive/open-tggates-pathological-images/LATEST/images/colchicine/Liver/41781.svs,0
41786.svs,0,,E0502-G10-P0,E0502-G10-I1,normal,colchicine,Middle,0,2,mg/kg,8 day,192,Repeat,Gavage,6,0,0,0,,,,,,502,10,1,Liver,1/1,https://dbarchive.biosciencedbc.jp/data/open-tggates-pathological-images/LATEST/images/colchicine/Liver/41786.svs,ftp://ftp.biosciencedbc.jp/archive/open-tggates-pathological-images/LATEST/images/colchicine/Liver/41786.svs,0
41788.svs,1,,E0502-G10-P0,E0502-G10-I2,abnormal,colchicine,Middle,0,2,mg/kg,8 day,192,Repeat,Gavage,6,1,1,0,minimal,Increased mitosis,Midlobular,minimal,false,502,10,2,Liver,1/1,https://dbarchive.biosciencedbc.jp/data/open-tggates-pathological-images/LATEST/images/colchicine/Liver/41788.svs,ftp://ftp.biosciencedbc.jp/archive/open-tggates-pathological-images/LATEST/images/colchicine/Liver/41788.svs,0
41790.svs,0,,E0502-G10-P1,E0502-G10-I3,normal,colchicine,Middle,0,2,mg/kg,8 day,192,Repeat,Gavage,6,0,0,0,,,,,,502,10,3,Liver,1/1,https://dbarchive.biosciencedbc.jp/data/open-tggates-pathological-images/LATEST/images/colchicine/Liver/41790.svs,ftp://ftp.biosciencedbc.jp/archive/open-tggates-pathological-images/LATEST/images/colchicine/Liver/41790.svs,0
41793.svs,1,,E0502-G10-P1,E0502-G10-I4,abnormal,colchicine,Middle,0,2,mg/kg,8 day,192,Repeat,Gavage,6,1,1,0,minimal,Increased mitosis,Midlobular,minimal,false,502,10,4,Liver,1/1,https://dbarchive.biosciencedbc.jp/data/open-tggates-pathological-images/LATEST/images/colchicine/Liver/41793.svs,ftp://ftp.biosciencedbc.jp/archive/open-tggates-pathological-images/LATEST/images/colchicine/Liver/41793.svs,0
41833.svs,1,,E0502-G14-P0,E0502-G14-I1,abnormal,colchicine,High,0,5,mg/kg,8 day,192,Repeat,Gavage,6,1,1,0,minimal,Increased mitosis,Midlobular,minimal,false,502,14,1,Liver,1/1,https://dbarchive.biosciencedbc.jp/data/open-tggates-pathological-images/LATEST/images/colchicine/Liver/41833.svs,ftp://ftp.biosciencedbc.jp/archive/open-tggates-pathological-images/LATEST/images/colchicine/Liver/41833.svs,0
41837.svs,0,,E0502-G14-P0,E0502-G14-I2,normal,colchicine,High,0,5,mg/kg,8 day,192,Repeat,Gavage,6,0,0,0,,,,,,502,14,2,Liver,1/1,https://dbarchive.biosciencedbc.jp/data/open-tggates-pathological-images/LATEST/images/colchicine/Liver/41837.svs,ftp://ftp.biosciencedbc.jp/archive/open-tggates-pathological-images/LATEST/images/colchicine/Liver/41837.svs,0
41847.svs,1,,E0502-G15-P0,E0502-G15-I1,abnormal,colchicine,High,0,5,mg/kg,15 day,360,Repeat,Gavage,6,2,2,0,slight,"Increased mitosis; Vacuolization, nuclear",Midlobular; Midlobular,slight; minimal,false; false,502,15,1,Liver,1/1,https://dbarchive.biosciencedbc.jp/data/open-tggates-pathological-images/LATEST/images/colchicine/Liver/41847.svs,ftp://ftp.biosciencedbc.jp/archive/open-tggates-pathological-images/LATEST/images/colchicine/Liver/41847.svs,0
41850.svs,0,,E0502-G15-P0,E0502-G15-I2,normal,colchicine,High,0,5,mg/kg,15 day,360,Repeat,Gavage,6,0,0,0,,,,,,502,15,2,Liver,1/1,https://dbarchive.biosciencedbc.jp/data/open-tggates-pathological-images/LATEST/images/colchicine/Liver/41850.svs,ftp://ftp.biosciencedbc.jp/archive/open-tggates-pathological-images/LATEST/images/colchicine/Liver/41850.svs,0
41856.svs,0,,E0502-G16-P0,E0502-G16-I1,normal,colchicine,High,0,5,mg/kg,29 day,696,Repeat,Gavage,6,0,0,0,,,,,,502,16,1,Liver,1/1,https://dbarchive.biosciencedbc.jp/data/open-tggates-pathological-images/LATEST/images/colchicine/Liver/41856.svs,ftp://ftp.biosciencedbc.jp/archive/open-tggates-pathological-images/LATEST/images/colchicine/Liver/41856.svs,0
41858.svs,1,,E0502-G16-P0,E0502-G16-I2,abnormal,colchicine,High,0,5,mg/kg,29 day,696,Repeat,Gavage,6,1,1,0,minimal,Increased mitosis,Midlobular,minimal,false,502,16,2,Liver,1/1,https://dbarchive.biosciencedbc.jp/data/open-tggates-pathological-images/LATEST/images/colchicine/Liver/41858.svs,ftp://ftp.biosciencedbc.jp/archive/open-tggates-pathological-images/LATEST/images/colchicine/Liver/41858.svs,0
40591.svs,0,,E0507-G12-P0,E0507-G12-I1,normal,tolbutamide,Middle,0,300,mg/kg,29 day,696,Repeat,Gavage,6,0,0,0,,,,,,507,12,1,Liver,1/1,https://dbarchive.biosciencedbc.jp/data/open-tggates-pathological-images/LATEST/images/tolbutamide/Liver/40591.svs,ftp://ftp.biosciencedbc.jp/archive/open-tggates-pathological-images/LATEST/images/tolbutamide/Liver/40591.svs,0
40594.svs,1,,E0507-G12-P0,E0507-G12-I2,abnormal,tolbutamide,Middle,0,300,mg/kg,29 day,696,Repeat,Gavage,6,1,1,0,minimal,Hypertrophy,Centrilobular,minimal,false,507,12,2,Liver,1/1,https://dbarchive.biosciencedbc.jp/data/open-tggates-pathological-images/LATEST/images/tolbutamide/Liver/40594.svs,ftp://ftp.biosciencedbc.jp/archive/open-tggates-pathological-images/LATEST/images/tolbutamide/Liver/40594.svs,0
40613.svs,0,,E0507-G14-P0,E0507-G14-I1,normal,tolbutamide,High,0,1000,mg/kg,8 day,192,Repeat,Gavage,6,0,0,0,,,,,,507,14,1,Liver,1/1,https://dbarchive.biosciencedbc.jp/data/open-tggates-pathological-images/LATEST/images/tolbutamide/Liver/40613.svs,ftp://ftp.biosciencedbc.jp/archive/open-tggates-pathological-images/LATEST/images/tolbutamide/Liver/40613.svs,0
40616.svs,0,,E0507-G14-P1,E0507-G14-I2,normal,tolbutamide,High,0,1000,mg/kg,8 day,192,Repeat,Gavage,6,0,0,0,,,,,,507,14,2,Liver,1/1,https://dbarchive.biosciencedbc.jp/data/open-tggates-pathological-images/LATEST/images/tolbutamide/Liver/40616.svs,ftp://ftp.biosciencedbc.jp/archive/open-tggates-pathological-images/LATEST/images/tolbutamide/Liver/40616.svs,0
40618.svs,1,,E0507-G14-P0,E0507-G14-I3,abnormal,tolbutamide,High,0,1000,mg/kg,8 day,192,Repeat,Gavage,6,1,1,0,minimal,Hypertrophy,Centrilobular,minimal,false,507,14,3,Liver,1/1,https://dbarchive.biosciencedbc.jp/data/open-tggates-pathological-images/LATEST/images/tolbutamide/Liver/40618.svs,ftp://ftp.biosciencedbc.jp/archive/open-tggates-pathological-images/LATEST/images/tolbutamide/Liver/40618.svs,0
40620.svs,1,,E0507-G14-P1,E0507-G14-I4,abnormal,tolbutamide,High,0,1000,mg/kg,8 day,192,Repeat,Gavage,6,1,1,0,minimal,Hypertrophy,Centrilobular,minimal,false,507,14,4,Liver,1/1,https://dbarchive.biosciencedbc.jp/data/open-tggates-pathological-images/LATEST/images/tolbutamide/Liver/40620.svs,ftp://ftp.biosciencedbc.jp/archive/open-tggates-pathological-images/LATEST/images/tolbutamide/Liver/40620.svs,0
40625.svs,0,,E0507-G15-P0,E0507-G15-I1,normal,tolbutamide,High,0,1000,mg/kg,15 day,360,Repeat,Gavage,6,0,0,0,,,,,,507,15,1,Liver,1/1,https://dbarchive.biosciencedbc.jp/data/open-tggates-pathological-images/LATEST/images/tolbutamide/Liver/40625.svs,ftp://ftp.biosciencedbc.jp/archive/open-tggates-pathological-images/LATEST/images/tolbutamide/Liver/40625.svs,0
40627.svs,1,,E0507-G15-P0,E0507-G15-I2,abnormal,tolbutamide,High,0,1000,mg/kg,15 day,360,Repeat,Gavage,6,1,1,0,minimal,Hypertrophy,Centrilobular,minimal,false,507,15,2,Liver,1/1,https://dbarchive.biosciencedbc.jp/data/open-tggates-pathological-images/LATEST/images/tolbutamide/Liver/40627.svs,ftp://ftp.biosciencedbc.jp/archive/open-tggates-pathological-images/LATEST/images/tolbutamide/Liver/40627.svs,0
40629.svs,1,,E0507-G15-P1,E0507-G15-I3,abnormal,tolbutamide,High,0,1000,mg/kg,15 day,360,Repeat,Gavage,6,1,1,0,slight,Hypertrophy,Centrilobular,slight,false,507,15,3,Liver,1/1,https://dbarchive.biosciencedbc.jp/data/open-tggates-pathological-images/LATEST/images/tolbutamide/Liver/40629.svs,ftp://ftp.biosciencedbc.jp/archive/open-tggates-pathological-images/LATEST/images/tolbutamide/Liver/40629.svs,0
40634.svs,0,,E0507-G15-P1,E0507-G15-I5,normal,tolbutamide,High,0,1000,mg/kg,15 day,360,Repeat,Gavage,6,0,0,0,,,,,,507,15,5,Liver,1/1,https://dbarchive.biosciencedbc.jp/data/open-tggates-pathological-images/LATEST/images/tolbutamide/Liver/40634.svs,ftp://ftp.biosciencedbc.jp/archive/open-tggates-pathological-images/LATEST/images/tolbutamide/Liver/40634.svs,0
42447.svs,1,,E0516-G07-P0,E0516-G07-I1,abnormal,simvastatin,Low,0,40,mg/kg,15 day,360,Repeat,Gavage,6,1,1,0,minimal,"Change, basophilic",Periportal,minimal,false,516,7,1,Liver,1/1,https://dbarchive.biosciencedbc.jp/data/open-tggates-pathological-images/LATEST/images/simvastatin/Liver/42447.svs,ftp://ftp.biosciencedbc.jp/archive/open-tggates-pathological-images/LATEST/images/simvastatin/Liver/42447.svs,0
42454.svs,0,,E0516-G07-P0,E0516-G07-I4,normal,simvastatin,Low,0,40,mg/kg,15 day,360,Repeat,Gavage,6,0,0,0,,,,,,516,7,4,Liver,1/1,https://dbarchive.biosciencedbc.jp/data/open-tggates-pathological-images/LATEST/images/simvastatin/Liver/42454.svs,ftp://ftp.biosciencedbc.jp/archive/open-tggates-pathological-images/LATEST/images/simvastatin/Liver/42454.svs,0
42460.svs,1,,E0516-G08-P0,E0516-G08-I1,abnormal,simvastatin,Low,0,40,mg/kg,29 day,696,Repeat,Gavage,6,1,1,0,minimal,"Change, basophilic",Periportal,minimal,false,516,8,1,Liver,1/1,https://dbarchive.biosciencedbc.jp/data/open-tggates-pathological-images/LATEST/images/simvastatin/Liver/42460.svs,ftp://ftp.biosciencedbc.jp/archive/open-tggates-pathological-images/LATEST/images/simvastatin/Liver/42460.svs,0
42465.svs,0,,E0516-G08-P0,E0516-G08-I3,normal,simvastatin,Low,0,40,mg/kg,29 day,696,Repeat,Gavage,6,0,0,0,,,,,,516,8,3,Liver,1/1,https://dbarchive.biosciencedbc.jp/data/open-tggates-pathological-images/LATEST/images/simvastatin/Liver/42465.svs,ftp://ftp.biosciencedbc.jp/archive/open-tggates-pathological-images/LATEST/images/simvastatin/Liver/42465.svs,0
42524.svs,0,,E0516-G13-P0,E0516-G13-I1,normal,simvastatin,High,0,400,mg/kg,4 day,96,Repeat,Gavage,6,0,0,0,,,,,,516,13,1,Liver,1/1,https://dbarchive.biosciencedbc.jp/data/open-tggates-pathological-images/LATEST/images/simvastatin/Liver/42524.svs,ftp://ftp.biosciencedbc.jp/archive/open-tggates-pathological-images/LATEST/images/simvastatin/Liver/42524.svs,0
42528.svs,1,,E0516-G13-P0,E0516-G13-I3,abnormal,simvastatin,High,0,400,mg/kg,4 day,96,Repeat,Gavage,6,2,2,0,minimal,"Change, basophilic; Increased mitosis",Periportal; Midlobular,minimal; minimal,false; false,516,13,3,Liver,1/1,https://dbarchive.biosciencedbc.jp/data/open-tggates-pathological-images/LATEST/images/simvastatin/Liver/42528.svs,ftp://ftp.biosciencedbc.jp/archive/open-tggates-pathological-images/LATEST/images/simvastatin/Liver/42528.svs,0
42531.svs,1,,E0516-G13-P1,E0516-G13-I4,abnormal,simvastatin,High,0,400,mg/kg,4 day,96,Repeat,Gavage,6,2,2,0,minimal,"Change, basophilic; Increased mitosis",Periportal; Midlobular,minimal; minimal,false; false,516,13,4,Liver,1/1,https://dbarchive.biosciencedbc.jp/data/open-tggates-pathological-images/LATEST/images/simvastatin/Liver/42531.svs,ftp://ftp.biosciencedbc.jp/archive/open-tggates-pathological-images/LATEST/images/simvastatin/Liver/42531.svs,0
42533.svs,0,,E0516-G13-P1,E0516-G13-I5,normal,simvastatin,High,0,400,mg/kg,4 day,96,Repeat,Gavage,6,0,0,0,,,,,,516,13,5,Liver,1/1,https://dbarchive.biosciencedbc.jp/data/open-tggates-pathological-images/LATEST/images/simvastatin/Liver/42533.svs,ftp://ftp.biosciencedbc.jp/archive/open-tggates-pathological-images/LATEST/images/simvastatin/Liver/42533.svs,0
42535.svs,1,,E0516-G14-P0,E0516-G14-I1,abnormal,simvastatin,High,0,400,mg/kg,8 day,192,Repeat,Gavage,6,1,1,0,minimal,"Change, basophilic",Periportal,minimal,false,516,14,1,Liver,1/1,https://dbarchive.biosciencedbc.jp/data/open-tggates-pathological-images/LATEST/images/simvastatin/Liver/42535.svs,ftp://ftp.biosciencedbc.jp/archive/open-tggates-pathological-images/LATEST/images/simvastatin/Liver/42535.svs,0
42545.svs,0,,E0516-G14-P0,E0516-G14-I5,normal,simvastatin,High,0,400,mg/kg,8 day,192,Repeat,Gavage,6,0,0,0,,,,,,516,14,5,Liver,1/1,https://dbarchive.biosciencedbc.jp/data/open-tggates-pathological-images/LATEST/images/simvastatin/Liver/42545.svs,ftp://ftp.biosciencedbc.jp/archive/open-tggates-pathological-images/LATEST/images/simvastatin/Liver/42545.svs,0
43811.svs,1,,E0520-G08-P0,E0520-G08-I2,abnormal,dantrolene,Low,0,25,mg/kg,29 day,696,Repeat,Gavage,6,1,1,0,minimal,Hypertrophy,Centrilobular,minimal,false,520,8,2,Liver,1/1,https://dbarchive.biosciencedbc.jp/data/open-tggates-pathological-images/LATEST/images/dantrolene/Liver/43811.svs,ftp://ftp.biosciencedbc.jp/archive/open-tggates-pathological-images/LATEST/images/dantrolene/Liver/43811.svs,0
43813.svs,0,,E0520-G08-P0,E0520-G08-I3,normal,dantrolene,Low,0,25,mg/kg,29 day,696,Repeat,Gavage,6,0,0,0,,,,,,520,8,3,Liver,1/1,https://dbarchive.biosciencedbc.jp/data/open-tggates-pathological-images/LATEST/images/dantrolene/Liver/43813.svs,ftp://ftp.biosciencedbc.jp/archive/open-tggates-pathological-images/LATEST/images/dantrolene/Liver/43813.svs,0
43836.svs,0,,E0520-G11-P0,E0520-G11-I1,normal,dantrolene,Middle,0,75,mg/kg,15 day,360,Repeat,Gavage,6,0,0,0,,,,,,520,11,1,Liver,1/1,https://dbarchive.biosciencedbc.jp/data/open-tggates-pathological-images/LATEST/images/dantrolene/Liver/43836.svs,ftp://ftp.biosciencedbc.jp/archive/open-tggates-pathological-images/LATEST/images/dantrolene/Liver/43836.svs,0
43838.svs,0,,E0520-G11-P1,E0520-G11-I2,normal,dantrolene,Middle,0,75,mg/kg,15 day,360,Repeat,Gavage,6,0,0,0,,,,,,520,11,2,Liver,1/1,https://dbarchive.biosciencedbc.jp/data/open-tggates-pathological-images/LATEST/images/dantrolene/Liver/43838.svs,ftp://ftp.biosciencedbc.jp/archive/open-tggates-pathological-images/LATEST/images/dantrolene/Liver/43838.svs,0
43840.svs,1,,E0520-G11-P0,E0520-G11-I3,abnormal,dantrolene,Middle,0,75,mg/kg,15 day,360,Repeat,Gavage,6,1,1,0,minimal,Hypertrophy,Centrilobular,minimal,false,520,11,3,Liver,1/1,https://dbarchive.biosciencedbc.jp/data/open-tggates-pathological-images/LATEST/images/dantrolene/Liver/43840.svs,ftp://ftp.biosciencedbc.jp/archive/open-tggates-pathological-images/LATEST/images/dantrolene/Liver/43840.svs,0
43853.svs,1,,E0520-G11-P1,E0520-G11-I5,abnormal,dantrolene,Middle,0,75,mg/kg,15 day,360,Repeat,Gavage,6,2,1,1,minimal,Hypertrophy; Microgranuloma,Centrilobular; -,minimal; minimal,false; true,520,11,5,Liver,1/1,https://dbarchive.biosciencedbc.jp/data/open-tggates-pathological-images/LATEST/images/dantrolene/Liver/43853.svs,ftp://ftp.biosciencedbc.jp/archive/open-tggates-pathological-images/LATEST/images/dantrolene/Liver/43853.svs,0
42966.svs,1,,E0527-G14-P0,E0527-G14-I1,abnormal,clomipramine,High,0,100,mg/kg,8 day,192,Repeat,Gavage,6,1,1,0,slight,"Change, eosinophilic",Centrilobular,slight,false,527,14,1,Liver,1/1,https://dbarchive.biosciencedbc.jp/data/open-tggates-pathological-images/LATEST/images/clomipramine/Liver/42966.svs,ftp://ftp.biosciencedbc.jp/archive/open-tggates-pathological-images/LATEST/images/clomipramine/Liver/42966.svs,0
42968.svs,0,,E0527-G14-P0,E0527-G14-I2,normal,clomipramine,High,0,100,mg/kg,8 day,192,Repeat,Gavage,6,0,0,0,,,,,,527,14,2,Liver,1/1,https://dbarchive.biosciencedbc.jp/data/open-tggates-pathological-images/LATEST/images/clomipramine/Liver/42968.svs,ftp://ftp.biosciencedbc.jp/archive/open-tggates-pathological-images/LATEST/images/clomipramine/Liver/42968.svs,0
42976.svs,1,,E0527-G15-P0,E0527-G15-I1,abnormal,clomipramine,High,0,100,mg/kg,15 day,360,Repeat,Gavage,6,1,1,0,minimal,"Change, eosinophilic",Centrilobular,minimal,false,527,15,1,Liver,1/1,https://dbarchive.biosciencedbc.jp/data/open-tggates-pathological-images/LATEST/images/clomipramine/Liver/42976.svs,ftp://ftp.biosciencedbc.jp/archive/open-tggates-pathological-images/LATEST/images/clomipramine/Liver/42976.svs,0
42980.svs,0,,E0527-G15-P0,E0527-G15-I3,normal,clomipramine,High,0,100,mg/kg,15 day,360,Repeat,Gavage,6,0,0,0,,,,,,527,15,3,Liver,1/1,https://dbarchive.biosciencedbc.jp/data/open-tggates-pathological-images/LATEST/images/clomipramine/Liver/42980.svs,ftp://ftp.biosciencedbc.jp/archive/open-tggates-pathological-images/LATEST/images/clomipramine/Liver/42980.svs,0
44228.svs,0,,E0534-G11-P0,E0534-G11-I1,normal,terbinafine,Middle,0,250,mg/kg,15 day,360,Repeat,Gavage,6,0,0,0,,,,,,534,11,1,Liver,1/1,https://dbarchive.biosciencedbc.jp/data/open-tggates-pathological-images/LATEST/images/terbinafine/Liver/44228.svs,ftp://ftp.biosciencedbc.jp/archive/open-tggates-pathological-images/LATEST/images/terbinafine/Liver/44228.svs,0
44233.svs,1,,E0534-G11-P0,E0534-G11-I3,abnormal,terbinafine,Middle,0,250,mg/kg,15 day,360,Repeat,Gavage,6,1,1,0,minimal,Hypertrophy,Centrilobular,minimal,false,534,11,3,Liver,1/1,https://dbarchive.biosciencedbc.jp/data/open-tggates-pathological-images/LATEST/images/terbinafine/Liver/44233.svs,ftp://ftp.biosciencedbc.jp/archive/open-tggates-pathological-images/LATEST/images/terbinafine/Liver/44233.svs,0
44132.svs,0,,E0534-G13-P0,E0534-G13-I1,normal,terbinafine,High,0,750,mg/kg,4 day,96,Repeat,Gavage,6,0,0,0,,,,,,534,13,1,Liver,1/1,https://dbarchive.biosciencedbc.jp/data/open-tggates-pathological-images/LATEST/images/terbinafine/Liver/44132.svs,ftp://ftp.biosciencedbc.jp/archive/open-tggates-pathological-images/LATEST/images/terbinafine/Liver/44132.svs,0
44134.svs,1,,E0534-G13-P0,E0534-G13-I2,abnormal,terbinafine,High,0,750,mg/kg,4 day,96,Repeat,Gavage,6,1,1,0,minimal,Hypertrophy,Centrilobular,minimal,false,534,13,2,Liver,1/1,https://dbarchive.biosciencedbc.jp/data/open-tggates-pathological-images/LATEST/images/terbinafine/Liver/44134.svs,ftp://ftp.biosciencedbc.jp/archive/open-tggates-pathological-images/LATEST/images/terbinafine/Liver/44134.svs,0
44811.svs,1,,E0536-G14-P0,E0536-G14-I1,abnormal,meloxicam,High,0,30,mg/kg,8 day,192,Repeat,Gavage,6,1,1,0,minimal,"Hematopoiesis, extramedullary",-,minimal,false,536,14,1,Liver,1/1,https://dbarchive.biosciencedbc.jp/data/open-tggates-pathological-images/LATEST/images/meloxicam/Liver/44811.svs,ftp://ftp.biosciencedbc.jp/archive/open-tggates-pathological-images/LATEST/images/meloxicam/Liver/44811.svs,0
44817.svs,0,,E0536-G14-P0,E0536-G14-I3,normal,meloxicam,High,0,30,mg/kg,8 day,192,Repeat,Gavage,6,0,0,0,,,,,,536,14,3,Liver,1/1,https://dbarchive.biosciencedbc.jp/data/open-tggates-pathological-images/LATEST/images/meloxicam/Liver/44817.svs,ftp://ftp.biosciencedbc.jp/archive/open-tggates-pathological-images/LATEST/images/meloxicam/Liver/44817.svs,0
45482.svs,0,,E0538-G11-P0,E0538-G11-I1,normal,lornoxicam,Middle,0,1,mg/kg,15 day,360,Repeat,Gavage,6,0,0,0,,,,,,538,11,1,Liver,1/1,https://dbarchive.biosciencedbc.jp/data/open-tggates-pathological-images/LATEST/images/lornoxicam/Liver/45482.svs,ftp://ftp.biosciencedbc.jp/archive/open-tggates-pathological-images/LATEST/images/lornoxicam/Liver/45482.svs,0
45488.svs,1,,E0538-G11-P0,E0538-G11-I3,abnormal,lornoxicam,Middle,0,1,mg/kg,15 day,360,Repeat,Gavage,6,2,2,0,minimal,"Hematopoiesis, extramedullary; Inflammation",-; Serosa,minimal; minimal,false; false,538,11,3,Liver,1/1,https://dbarchive.biosciencedbc.jp/data/open-tggates-pathological-images/LATEST/images/lornoxicam/Liver/45488.svs,ftp://ftp.biosciencedbc.jp/archive/open-tggates-pathological-images/LATEST/images/lornoxicam/Liver/45488.svs,0
45442.svs,0,,E0538-G14-P0,E0538-G14-I2,normal,lornoxicam,High,0,3,mg/kg,8 day,192,Repeat,Gavage,6,0,0,0,,,,,,538,14,2,Liver,1/1,https://dbarchive.biosciencedbc.jp/data/open-tggates-pathological-images/LATEST/images/lornoxicam/Liver/45442.svs,ftp://ftp.biosciencedbc.jp/archive/open-tggates-pathological-images/LATEST/images/lornoxicam/Liver/45442.svs,0
45448.svs,1,,E0538-G14-P0,E0538-G14-I5,abnormal,lornoxicam,High,0,3,mg/kg,8 day,192,Repeat,Gavage,6,1,1,0,minimal,"Hematopoiesis, extramedullary",-,minimal,false,538,14,5,Liver,1/1,https://dbarchive.biosciencedbc.jp/data/open-tggates-pathological-images/LATEST/images/lornoxicam/Liver/45448.svs,ftp://ftp.biosciencedbc.jp/archive/open-tggates-pathological-images/LATEST/images/lornoxicam/Liver/45448.svs,0
45495.svs,0,,E0538-G15-P0,E0538-G15-I2,normal,lornoxicam,High,0,3,mg/kg,15 day,360,Repeat,Gavage,6,0,0,0,,,,,,538,15,2,Liver,1/1,https://dbarchive.biosciencedbc.jp/data/open-tggates-pathological-images/LATEST/images/lornoxicam/Liver/45495.svs,ftp://ftp.biosciencedbc.jp/archive/open-tggates-pathological-images/LATEST/images/lornoxicam/Liver/45495.svs,0
45502.svs,1,,E0538-G15-P0,E0538-G15-I4,abnormal,lornoxicam,High,0,3,mg/kg,15 day,360,Repeat,Gavage,6,1,1,0,minimal,"Hematopoiesis, extramedullary",-,minimal,false,538,15,4,Liver,1/1,https://dbarchive.biosciencedbc.jp/data/open-tggates-pathological-images/LATEST/images/lornoxicam/Liver/45502.svs,ftp://ftp.biosciencedbc.jp/archive/open-tggates-pathological-images/LATEST/images/lornoxicam/Liver/45502.svs,0
49235.svs,0,,E0542-G06-P0,E0542-G06-I1,normal,chlormadinone,Low,0,300,mg/kg,6 hr,6,Single,Gavage,6,0,0,0,,,,,,542,6,1,Liver,1/1,https://dbarchive.biosciencedbc.jp/data/open-tggates-pathological-images/LATEST/images/chlormadinone/Liver/49235.svs,ftp://ftp.biosciencedbc.jp/archive/open-tggates-pathological-images/LATEST/images/chlormadinone/Liver/49235.svs,0
49239.svs,1,,E0542-G06-P0,E0542-G06-I2,abnormal,chlormadinone,Low,0,300,mg/kg,6 hr,6,Single,Gavage,6,1,1,0,moderate,"Deposit, glycogen",Peripheral,moderate,false,542,6,2,Liver,1/1,https://dbarchive.biosciencedbc.jp/data/open-tggates-pathological-images/LATEST/images/chlormadinone/Liver/49239.svs,ftp://ftp.biosciencedbc.jp/archive/open-tggates-pathological-images/LATEST/images/chlormadinone/Liver/49239.svs,0
49259.svs,1,,E0542-G07-P0,E0542-G07-I1,abnormal,chlormadinone,Low,0,300,mg/kg,9 hr,9,Single,Gavage,6,1,1,0,slight,"Deposit, glycogen",Peripheral,slight,false,542,7,1,Liver,1/1,https://dbarchive.biosciencedbc.jp/data/open-tggates-pathological-images/LATEST/images/chlormadinone/Liver/49259.svs,ftp://ftp.biosciencedbc.jp/archive/open-tggates-pathological-images/LATEST/images/chlormadinone/Liver/49259.svs,0
49278.svs,0,,E0542-G07-P0,E0542-G07-I5,normal,chlormadinone,Low,0,300,mg/kg,9 hr,9,Single,Gavage,6,0,0,0,,,,,,542,7,5,Liver,1/1,https://dbarchive.biosciencedbc.jp/data/open-tggates-pathological-images/LATEST/images/chlormadinone/Liver/49278.svs,ftp://ftp.biosciencedbc.jp/archive/open-tggates-pathological-images/LATEST/images/chlormadinone/Liver/49278.svs,0
49332.svs,1,,E0542-G10-P0,E0542-G10-I1,abnormal,chlormadinone,Middle,0,1000,mg/kg,6 hr,6,Single,Gavage,6,1,1,0,moderate,"Deposit, glycogen",Peripheral,moderate,false,542,10,1,Liver,1/1,https://dbarchive.biosciencedbc.jp/data/open-tggates-pathological-images/LATEST/images/chlormadinone/Liver/49332.svs,ftp://ftp.biosciencedbc.jp/archive/open-tggates-pathological-images/LATEST/images/chlormadinone/Liver/49332.svs,0
49342.svs,0,,E0542-G10-P0,E0542-G10-I3,normal,chlormadinone,Middle,0,1000,mg/kg,6 hr,6,Single,Gavage,6,0,0,0,,,,,,542,10,3,Liver,1/1,https://dbarchive.biosciencedbc.jp/data/open-tggates-pathological-images/LATEST/images/chlormadinone/Liver/49342.svs,ftp://ftp.biosciencedbc.jp/archive/open-tggates-pathological-images/LATEST/images/chlormadinone/Liver/49342.svs,0
49432.svs,1,,E0542-G14-P0,E0542-G14-I1,abnormal,chlormadinone,High,0,2000,mg/kg,6 hr,6,Single,Gavage,6,1,1,0,moderate,"Deposit, glycogen",Peripheral,moderate,false,542,14,1,Liver,1/1,https://dbarchive.biosciencedbc.jp/data/open-tggates-pathological-images/LATEST/images/chlormadinone/Liver/49432.svs,ftp://ftp.biosciencedbc.jp/archive/open-tggates-pathological-images/LATEST/images/chlormadinone/Liver/49432.svs,0
49442.svs,0,,E0542-G14-P0,E0542-G14-I3,normal,chlormadinone,High,0,2000,mg/kg,6 hr,6,Single,Gavage,6,0,0,0,,,,,,542,14,3,Liver,1/1,https://dbarchive.biosciencedbc.jp/data/open-tggates-pathological-images/LATEST/images/chlormadinone/Liver/49442.svs,ftp://ftp.biosciencedbc.jp/archive/open-tggates-pathological-images/LATEST/images/chlormadinone/Liver/49442.svs,0
49457.svs,1,,E0542-G15-P0,E0542-G15-I1,abnormal,chlormadinone,High,0,2000,mg/kg,9 hr,9,Single,Gavage,6,1,1,0,moderate,"Deposit, glycogen",Peripheral,moderate,false,542,15,1,Liver,1/1,https://dbarchive.biosciencedbc.jp/data/open-tggates-pathological-images/LATEST/images/chlormadinone/Liver/49457.svs,ftp://ftp.biosciencedbc.jp/archive/open-tggates-pathological-images/LATEST/images/chlormadinone/Liver/49457.svs,0
49462.svs,1,,E0542-G15-P1,E0542-G15-I2,abnormal,chlormadinone,High,0,2000,mg/kg,9 hr,9,Single,Gavage,6,1,1,0,slight,"Deposit, glycogen",Peripheral,slight,false,542,15,2,Liver,1/1,https://dbarchive.biosciencedbc.jp/data/open-tggates-pathological-images/LATEST/images/chlormadinone/Liver/49462.svs,ftp://ftp.biosciencedbc.jp/archive/open-tggates-pathological-images/LATEST/images/chlormadinone/Liver/49462.svs,0
49467.svs,0,,E0542-G15-P0,E0542-G15-I3,normal,chlormadinone,High,0,2000,mg/kg,9 hr,9,Single,Gavage,6,0,0,0,,,,,,542,15,3,Liver,1/1,https://dbarchive.biosciencedbc.jp/data/open-tggates-pathological-images/LATEST/images/chlormadinone/Liver/49467.svs,ftp://ftp.biosciencedbc.jp/archive/open-tggates-pathological-images/LATEST/images/chlormadinone/Liver/49467.svs,0
49478.svs,0,,E0542-G15-P1,E0542-G15-I5,normal,chlormadinone,High,0,2000,mg/kg,9 hr,9,Single,Gavage,6,0,0,0,,,,,,542,15,5,Liver,1/1,https://dbarchive.biosciencedbc.jp/data/open-tggates-pathological-images/LATEST/images/chlormadinone/Liver/49478.svs,ftp://ftp.biosciencedbc.jp/archive/open-tggates-pathological-images/LATEST/images/chlormadinone/Liver/49478.svs,0
57062.svs,0,,E0544-G08-P0,E0544-G08-I1,normal,danazol,Low,0,300,mg/kg,24 hr,24,Single,Gavage,6,0,0,0,,,,,,544,8,1,Liver,1/1,https://dbarchive.biosciencedbc.jp/data/open-tggates-pathological-images/LATEST/images/danazol/Liver/57062.svs,ftp://ftp.biosciencedbc.jp/archive/open-tggates-pathological-images/LATEST/images/danazol/Liver/57062.svs,0
70731.svs,1,,E0544-G08-P0,E0544-G08-I2,abnormal,danazol,Low,0,300,mg/kg,24 hr,24,Single,Gavage,6,1,1,0,slight,Increased mitosis,Hepatocyte,slight,false,544,8,2,Liver,1/1,https://dbarchive.biosciencedbc.jp/data/open-tggates-pathological-images/LATEST/images/danazol/Liver/70731.svs,ftp://ftp.biosciencedbc.jp/archive/open-tggates-pathological-images/LATEST/images/danazol/Liver/70731.svs,0
57074.svs,0,,E0544-G08-P1,E0544-G08-I3,normal,danazol,Low,0,300,mg/kg,24 hr,24,Single,Gavage,6,0,0,0,,,,,,544,8,3,Liver,1/1,https://dbarchive.biosciencedbc.jp/data/open-tggates-pathological-images/LATEST/images/danazol/Liver/57074.svs,ftp://ftp.biosciencedbc.jp/archive/open-tggates-pathological-images/LATEST/images/danazol/Liver/57074.svs,0
57080.svs,1,,E0544-G08-P1,E0544-G08-I4,abnormal,danazol,Low,0,300,mg/kg,24 hr,24,Single,Gavage,6,1,1,0,slight,Increased mitosis,Hepatocyte,slight,false,544,8,4,Liver,1/1,https://dbarchive.biosciencedbc.jp/data/open-tggates-pathological-images/LATEST/images/danazol/Liver/57080.svs,ftp://ftp.biosciencedbc.jp/archive/open-tggates-pathological-images/LATEST/images/danazol/Liver/57080.svs,0
57268.svs,0,,E0544-G16-P0,E0544-G16-I1,normal,danazol,High,0,2000,mg/kg,24 hr,24,Single,Gavage,6,0,0,0,,,,,,544,16,1,Liver,1/1,https://dbarchive.biosciencedbc.jp/data/open-tggates-pathological-images/LATEST/images/danazol/Liver/57268.svs,ftp://ftp.biosciencedbc.jp/archive/open-tggates-pathological-images/LATEST/images/danazol/Liver/57268.svs,0
57273.svs,1,,E0544-G16-P0,E0544-G16-I2,abnormal,danazol,High,0,2000,mg/kg,24 hr,24,Single,Gavage,6,1,1,0,slight,Increased mitosis,Hepatocyte,slight,false,544,16,2,Liver,1/1,https://dbarchive.biosciencedbc.jp/data/open-tggates-pathological-images/LATEST/images/danazol/Liver/57273.svs,ftp://ftp.biosciencedbc.jp/archive/open-tggates-pathological-images/LATEST/images/danazol/Liver/57273.svs,0
44391.svs,0,,E0551-G08-P0,E0551-G08-I1,normal,bendazac,Low,0,30,mg/kg,29 day,696,Repeat,Gavage,6,0,0,0,,,,,,551,8,1,Liver,1/1,https://dbarchive.biosciencedbc.jp/data/open-tggates-pathological-images/LATEST/images/bendazac/Liver/44391.svs,ftp://ftp.biosciencedbc.jp/archive/open-tggates-pathological-images/LATEST/images/bendazac/Liver/44391.svs,0
44399.svs,1,,E0551-G08-P0,E0551-G08-I4,abnormal,bendazac,Low,0,30,mg/kg,29 day,696,Repeat,Gavage,6,2,1,1,minimal,Hypertrophy; Microgranuloma,Centrilobular; -,minimal; minimal,false; true,551,8,4,Liver,1/1,https://dbarchive.biosciencedbc.jp/data/open-tggates-pathological-images/LATEST/images/bendazac/Liver/44399.svs,ftp://ftp.biosciencedbc.jp/archive/open-tggates-pathological-images/LATEST/images/bendazac/Liver/44399.svs,0
44415.svs,1,,E0551-G10-P0,E0551-G10-I1,abnormal,bendazac,Middle,0,100,mg/kg,8 day,192,Repeat,Gavage,6,2,1,1,minimal,Hypertrophy; Necrosis,Centrilobular; Subserosa,minimal; minimal,false; true,551,10,1,Liver,1/1,https://dbarchive.biosciencedbc.jp/data/open-tggates-pathological-images/LATEST/images/bendazac/Liver/44415.svs,ftp://ftp.biosciencedbc.jp/archive/open-tggates-pathological-images/LATEST/images/bendazac/Liver/44415.svs,0
44422.svs,0,,E0551-G10-P0,E0551-G10-I4,normal,bendazac,Middle,0,100,mg/kg,8 day,192,Repeat,Gavage,6,0,0,0,,,,,,551,10,4,Liver,1/1,https://dbarchive.biosciencedbc.jp/data/open-tggates-pathological-images/LATEST/images/bendazac/Liver/44422.svs,ftp://ftp.biosciencedbc.jp/archive/open-tggates-pathological-images/LATEST/images/bendazac/Liver/44422.svs,0
44427.svs,0,,E0551-G11-P0,E0551-G11-I1,normal,bendazac,Middle,0,100,mg/kg,15 day,360,Repeat,Gavage,6,0,0,0,,,,,,551,11,1,Liver,1/1,https://dbarchive.biosciencedbc.jp/data/open-tggates-pathological-images/LATEST/images/bendazac/Liver/44427.svs,ftp://ftp.biosciencedbc.jp/archive/open-tggates-pathological-images/LATEST/images/bendazac/Liver/44427.svs,0
44436.svs,1,,E0551-G11-P0,E0551-G11-I5,abnormal,bendazac,Middle,0,100,mg/kg,15 day,360,Repeat,Gavage,6,1,1,0,minimal,Hypertrophy,Centrilobular,minimal,false,551,11,5,Liver,1/1,https://dbarchive.biosciencedbc.jp/data/open-tggates-pathological-images/LATEST/images/bendazac/Liver/44436.svs,ftp://ftp.biosciencedbc.jp/archive/open-tggates-pathological-images/LATEST/images/bendazac/Liver/44436.svs,0
44997.svs,1,,E0553-G10-P0,E0553-G10-I1,abnormal,benziodarone,Middle,0,100,mg/kg,8 day,192,Repeat,Gavage,6,2,1,1,minimal,Hypertrophy; Necrosis,Centrilobular; Subserosa,minimal; minimal,false; true,553,10,1,Liver,1/1,https://dbarchive.biosciencedbc.jp/data/open-tggates-pathological-images/LATEST/images/benziodarone/Liver/44997.svs,ftp://ftp.biosciencedbc.jp/archive/open-tggates-pathological-images/LATEST/images/benziodarone/Liver/44997.svs,0
45007.svs,0,,E0553-G10-P0,E0553-G10-I5,normal,benziodarone,Middle,0,100,mg/kg,8 day,192,Repeat,Gavage,6,0,0,0,,,,,,553,10,5,Liver,1/1,https://dbarchive.biosciencedbc.jp/data/open-tggates-pathological-images/LATEST/images/benziodarone/Liver/45007.svs,ftp://ftp.biosciencedbc.jp/archive/open-tggates-pathological-images/LATEST/images/benziodarone/Liver/45007.svs,0
45009.svs,1,,E0553-G11-P0,E0553-G11-I1,abnormal,benziodarone,Middle,0,100,mg/kg,15 day,360,Repeat,Gavage,6,1,1,0,minimal,Hypertrophy,Centrilobular,minimal,false,553,11,1,Liver,1/1,https://dbarchive.biosciencedbc.jp/data/open-tggates-pathological-images/LATEST/images/benziodarone/Liver/45009.svs,ftp://ftp.biosciencedbc.jp/archive/open-tggates-pathological-images/LATEST/images/benziodarone/Liver/45009.svs,0
45014.svs,0,,E0553-G11-P0,E0553-G11-I3,normal,benziodarone,Middle,0,100,mg/kg,15 day,360,Repeat,Gavage,6,0,0,0,,,,,,553,11,3,Liver,1/1,https://dbarchive.biosciencedbc.jp/data/open-tggates-pathological-images/LATEST/images/benziodarone/Liver/45014.svs,ftp://ftp.biosciencedbc.jp/archive/open-tggates-pathological-images/LATEST/images/benziodarone/Liver/45014.svs,0
51449.svs,1,,E0568-G14-P0,E0568-G14-I1,abnormal,acetamidofluorene,High,0,1000,mg/kg,6 hr,6,Single,Gavage,6,1,1,0,minimal,Swelling,Centrilobular,minimal,false,568,14,1,Liver,1/1,https://dbarchive.biosciencedbc.jp/data/open-tggates-pathological-images/LATEST/images/acetamidofluorene/Liver/51449.svs,ftp://ftp.biosciencedbc.jp/archive/open-tggates-pathological-images/LATEST/images/acetamidofluorene/Liver/51449.svs,0
51454.svs,1,,E0568-G14-P1,E0568-G14-I2,abnormal,acetamidofluorene,High,0,1000,mg/kg,6 hr,6,Single,Gavage,6,1,1,0,minimal,Swelling,Centrilobular,minimal,false,568,14,2,Liver,1/1,https://dbarchive.biosciencedbc.jp/data/open-tggates-pathological-images/LATEST/images/acetamidofluorene/Liver/51454.svs,ftp://ftp.biosciencedbc.jp/archive/open-tggates-pathological-images/LATEST/images/acetamidofluorene/Liver/51454.svs,0
51461.svs,0,,E0568-G14-P0,E0568-G14-I4,normal,acetamidofluorene,High,0,1000,mg/kg,6 hr,6,Single,Gavage,6,0,0,0,,,,,,568,14,4,Liver,1/1,https://dbarchive.biosciencedbc.jp/data/open-tggates-pathological-images/LATEST/images/acetamidofluorene/Liver/51461.svs,ftp://ftp.biosciencedbc.jp/archive/open-tggates-pathological-images/LATEST/images/acetamidofluorene/Liver/51461.svs,0
51464.svs,0,,E0568-G14-P1,E0568-G14-I5,normal,acetamidofluorene,High,0,1000,mg/kg,6 hr,6,Single,Gavage,6,0,0,0,,,,,,568,14,5,Liver,1/1,https://dbarchive.biosciencedbc.jp/data/open-tggates-pathological-images/LATEST/images/acetamidofluorene/Liver/51464.svs,ftp://ftp.biosciencedbc.jp/archive/open-tggates-pathological-images/LATEST/images/acetamidofluorene/Liver/51464.svs,0
52309.svs,1,,E0570-G09-P0,E0570-G09-I1,abnormal,nitrosodiethylamine,Middle,0,30,mg/kg,3 hr,3,Single,Gavage,6,1,1,0,minimal,Swelling,Centrilobular,minimal,false,570,9,1,Liver,1/1,https://dbarchive.biosciencedbc.jp/data/open-tggates-pathological-images/LATEST/images/nitrosodiethylamine/Liver/52309.svs,ftp://ftp.biosciencedbc.jp/archive/open-tggates-pathological-images/LATEST/images/nitrosodiethylamine/Liver/52309.svs,0
52313.svs,0,,E0570-G09-P0,E0570-G09-I2,normal,nitrosodiethylamine,Middle,0,30,mg/kg,3 hr,3,Single,Gavage,6,0,0,0,,,,,,570,9,2,Liver,1/1,https://dbarchive.biosciencedbc.jp/data/open-tggates-pathological-images/LATEST/images/nitrosodiethylamine/Liver/52313.svs,ftp://ftp.biosciencedbc.jp/archive/open-tggates-pathological-images/LATEST/images/nitrosodiethylamine/Liver/52313.svs,0
52317.svs,0,,E0570-G09-P1,E0570-G09-I3,normal,nitrosodiethylamine,Middle,0,30,mg/kg,3 hr,3,Single,Gavage,6,0,0,0,,,,,,570,9,3,Liver,1/1,https://dbarchive.biosciencedbc.jp/data/open-tggates-pathological-images/LATEST/images/nitrosodiethylamine/Liver/52317.svs,ftp://ftp.biosciencedbc.jp/archive/open-tggates-pathological-images/LATEST/images/nitrosodiethylamine/Liver/52317.svs,0
52320.svs,1,,E0570-G09-P1,E0570-G09-I4,abnormal,nitrosodiethylamine,Middle,0,30,mg/kg,3 hr,3,Single,Gavage,6,1,1,0,minimal,Swelling,Centrilobular,minimal,false,570,9,4,Liver,1/1,https://dbarchive.biosciencedbc.jp/data/open-tggates-pathological-images/LATEST/images/nitrosodiethylamine/Liver/52320.svs,ftp://ftp.biosciencedbc.jp/archive/open-tggates-pathological-images/LATEST/images/nitrosodiethylamine/Liver/52320.svs,0
52668.svs,1,,E0571-G09-P0,E0571-G09-I1,abnormal,nitrosodiethylamine,Middle,0,10,mg/kg,4 day,96,Repeat,Gavage,6,1,1,0,minimal,"Change, acidophilic",Centrilobular,minimal,false,571,9,1,Liver,1/1,https://dbarchive.biosciencedbc.jp/data/open-tggates-pathological-images/LATEST/images/nitrosodiethylamine/Liver/52668.svs,ftp://ftp.biosciencedbc.jp/archive/open-tggates-pathological-images/LATEST/images/nitrosodiethylamine/Liver/52668.svs,0
52669.svs,1,,E0571-G09-P1,E0571-G09-I2,abnormal,nitrosodiethylamine,Middle,0,10,mg/kg,4 day,96,Repeat,Gavage,6,1,1,0,minimal,"Change, acidophilic",Centrilobular,minimal,false,571,9,2,Liver,1/1,https://dbarchive.biosciencedbc.jp/data/open-tggates-pathological-images/LATEST/images/nitrosodiethylamine/Liver/52669.svs,ftp://ftp.biosciencedbc.jp/archive/open-tggates-pathological-images/LATEST/images/nitrosodiethylamine/Liver/52669.svs,0
52670.svs,0,,E0571-G09-P0,E0571-G09-I3,normal,nitrosodiethylamine,Middle,0,10,mg/kg,4 day,96,Repeat,Gavage,6,0,0,0,,,,,,571,9,3,Liver,1/1,https://dbarchive.biosciencedbc.jp/data/open-tggates-pathological-images/LATEST/images/nitrosodiethylamine/Liver/52670.svs,ftp://ftp.biosciencedbc.jp/archive/open-tggates-pathological-images/LATEST/images/nitrosodiethylamine/Liver/52670.svs,0
52671.svs,0,,E0571-G09-P1,E0571-G09-I4,normal,nitrosodiethylamine,Middle,0,10,mg/kg,4 day,96,Repeat,Gavage,6,0,0,0,,,,,,571,9,4,Liver,1/1,https://dbarchive.biosciencedbc.jp/data/open-tggates-pathological-images/LATEST/images/nitrosodiethylamine/Liver/52671.svs,ftp://ftp.biosciencedbc.jp/archive/open-tggates-pathological-images/LATEST/images/nitrosodiethylamine/Liver/52671.svs,0
53488.svs,1,,E0573-G08-P0,E0573-G08-I1,abnormal,ticlopidine,Low,0,30,mg/kg,29 day,696,Repeat,Gavage,6,1,1,0,minimal,Hypertrophy,Centrilobular,minimal,false,573,8,1,Liver,1/1,https://dbarchive.biosciencedbc.jp/data/open-tggates-pathological-images/LATEST/images/ticlopidine/Liver/53488.svs,ftp://ftp.biosciencedbc.jp/archive/open-tggates-pathological-images/LATEST/images/ticlopidine/Liver/53488.svs,0
53493.svs,0,,E0573-G08-P0,E0573-G08-I4,normal,ticlopidine,Low,0,30,mg/kg,29 day,696,Repeat,Gavage,6,0,0,0,,,,,,573,8,4,Liver,1/1,https://dbarchive.biosciencedbc.jp/data/open-tggates-pathological-images/LATEST/images/ticlopidine/Liver/53493.svs,ftp://ftp.biosciencedbc.jp/archive/open-tggates-pathological-images/LATEST/images/ticlopidine/Liver/53493.svs,0
53375.svs,0,,E0573-G09-P0,E0573-G09-I1,normal,ticlopidine,Middle,0,100,mg/kg,4 day,96,Repeat,Gavage,6,0,0,0,,,,,,573,9,1,Liver,1/1,https://dbarchive.biosciencedbc.jp/data/open-tggates-pathological-images/LATEST/images/ticlopidine/Liver/53375.svs,ftp://ftp.biosciencedbc.jp/archive/open-tggates-pathological-images/LATEST/images/ticlopidine/Liver/53375.svs,0
53377.svs,1,,E0573-G09-P0,E0573-G09-I2,abnormal,ticlopidine,Middle,0,100,mg/kg,4 day,96,Repeat,Gavage,6,1,1,0,minimal,Hypertrophy,Centrilobular,minimal,false,573,9,2,Liver,1/1,https://dbarchive.biosciencedbc.jp/data/open-tggates-pathological-images/LATEST/images/ticlopidine/Liver/53377.svs,ftp://ftp.biosciencedbc.jp/archive/open-tggates-pathological-images/LATEST/images/ticlopidine/Liver/53377.svs,0
53412.svs,1,,E0573-G10-P0,E0573-G10-I1,abnormal,ticlopidine,Middle,0,100,mg/kg,8 day,192,Repeat,Gavage,6,1,1,0,minimal,Hypertrophy,Centrilobular,minimal,false,573,10,1,Liver,1/1,https://dbarchive.biosciencedbc.jp/data/open-tggates-pathological-images/LATEST/images/ticlopidine/Liver/53412.svs,ftp://ftp.biosciencedbc.jp/archive/open-tggates-pathological-images/LATEST/images/ticlopidine/Liver/53412.svs,0
53415.svs,0,,E0573-G10-P0,E0573-G10-I3,normal,ticlopidine,Middle,0,100,mg/kg,8 day,192,Repeat,Gavage,6,0,0,0,,,,,,573,10,3,Liver,1/1,https://dbarchive.biosciencedbc.jp/data/open-tggates-pathological-images/LATEST/images/ticlopidine/Liver/53415.svs,ftp://ftp.biosciencedbc.jp/archive/open-tggates-pathological-images/LATEST/images/ticlopidine/Liver/53415.svs,0
52799.svs,1,,E0578-G15-P0,E0578-G15-I1,abnormal,bromoethylamine,High,0,60,mg/kg,9 hr,9,Single,intravenous injection,6,1,1,0,moderate,"Deposit, glycogen",Hepatocyte,moderate,false,578,15,1,Liver,1/1,https://dbarchive.biosciencedbc.jp/data/open-tggates-pathological-images/LATEST/images/bromoethylamine/Liver/52799.svs,ftp://ftp.biosciencedbc.jp/archive/open-tggates-pathological-images/LATEST/images/bromoethylamine/Liver/52799.svs,0
52803.svs,1,,E0578-G15-P1,E0578-G15-I2,abnormal,bromoethylamine,High,0,60,mg/kg,9 hr,9,Single,intravenous injection,6,1,1,0,slight,"Deposit, glycogen",Hepatocyte,slight,false,578,15,2,Liver,1/1,https://dbarchive.biosciencedbc.jp/data/open-tggates-pathological-images/LATEST/images/bromoethylamine/Liver/52803.svs,ftp://ftp.biosciencedbc.jp/archive/open-tggates-pathological-images/LATEST/images/bromoethylamine/Liver/52803.svs,0
52807.svs,0,,E0578-G15-P0,E0578-G15-I3,normal,bromoethylamine,High,0,60,mg/kg,9 hr,9,Single,intravenous injection,6,0,0,0,,,,,,578,15,3,Liver,1/1,https://dbarchive.biosciencedbc.jp/data/open-tggates-pathological-images/LATEST/images/bromoethylamine/Liver/52807.svs,ftp://ftp.biosciencedbc.jp/archive/open-tggates-pathological-images/LATEST/images/bromoethylamine/Liver/52807.svs,0
52816.svs,0,,E0578-G15-P1,E0578-G15-I5,normal,bromoethylamine,High,0,60,mg/kg,9 hr,9,Single,intravenous injection,6,0,0,0,,,,,,578,15,5,Liver,1/1,https://dbarchive.biosciencedbc.jp/data/open-tggates-pathological-images/LATEST/images/bromoethylamine/Liver/52816.svs,ftp://ftp.biosciencedbc.jp/archive/open-tggates-pathological-images/LATEST/images/bromoethylamine/Liver/52816.svs,0
53036.svs,1,,E0579-G08-P0,E0579-G08-I1,abnormal,bromoethylamine,Low,0,2,mg/kg,29 day,696,Repeat,intravenous injection,6,1,1,0,slight,"Deposit, glycogen",Peripheral,slight,false,579,8,1,Liver,1/1,https://dbarchive.biosciencedbc.jp/data/open-tggates-pathological-images/LATEST/images/bromoethylamine/Liver/53036.svs,ftp://ftp.biosciencedbc.jp/archive/open-tggates-pathological-images/LATEST/images/bromoethylamine/Liver/53036.svs,0
53040.svs,0,,E0579-G08-P0,E0579-G08-I2,normal,bromoethylamine,Low,0,2,mg/kg,29 day,696,Repeat,intravenous injection,6,0,0,0,,,,,,579,8,2,Liver,1/1,https://dbarchive.biosciencedbc.jp/data/open-tggates-pathological-images/LATEST/images/bromoethylamine/Liver/53040.svs,ftp://ftp.biosciencedbc.jp/archive/open-tggates-pathological-images/LATEST/images/bromoethylamine/Liver/53040.svs,0
53153.svs,1,,E0579-G12-P0,E0579-G12-I1,abnormal,bromoethylamine,Middle,0,6,mg/kg,29 day,696,Repeat,intravenous injection,6,1,1,0,slight,"Vacuolization, cytoplasmic",Centrilobular,slight,false,579,12,1,Liver,1/1,https://dbarchive.biosciencedbc.jp/data/open-tggates-pathological-images/LATEST/images/bromoethylamine/Liver/53153.svs,ftp://ftp.biosciencedbc.jp/archive/open-tggates-pathological-images/LATEST/images/bromoethylamine/Liver/53153.svs,0
70756.svs,0,,E0579-G12-P0,E0579-G12-I3,normal,bromoethylamine,Middle,0,6,mg/kg,29 day,696,Repeat,intravenous injection,6,0,0,0,,,,,,579,12,3,Liver,1/1,https://dbarchive.biosciencedbc.jp/data/open-tggates-pathological-images/LATEST/images/bromoethylamine/Liver/70756.svs,ftp://ftp.biosciencedbc.jp/archive/open-tggates-pathological-images/LATEST/images/bromoethylamine/Liver/70756.svs,0
52847.svs,0,,E0579-G15-P0,E0579-G15-I1,normal,bromoethylamine,High,0,20,mg/kg,15 day,360,Repeat,intravenous injection,6,0,0,0,,,,,,579,15,1,Liver,1/1,https://dbarchive.biosciencedbc.jp/data/open-tggates-pathological-images/LATEST/images/bromoethylamine/Liver/52847.svs,ftp://ftp.biosciencedbc.jp/archive/open-tggates-pathological-images/LATEST/images/bromoethylamine/Liver/52847.svs,0
53234.svs,1,,E0579-G15-P0,E0579-G15-I2,abnormal,bromoethylamine,High,0,20,mg/kg,15 day,360,Repeat,intravenous injection,6,2,2,0,slight,"Hypertrophy; Vacuolization, cytoplasmic",Centrilobular; Centrilobular,slight; slight,false; false,579,15,2,Liver,1/1,https://dbarchive.biosciencedbc.jp/data/open-tggates-pathological-images/LATEST/images/bromoethylamine/Liver/53234.svs,ftp://ftp.biosciencedbc.jp/archive/open-tggates-pathological-images/LATEST/images/bromoethylamine/Liver/53234.svs,0
53240.svs,0,,E0579-G15-P1,E0579-G15-I3,normal,bromoethylamine,High,0,20,mg/kg,15 day,360,Repeat,intravenous injection,6,0,0,0,,,,,,579,15,3,Liver,1/1,https://dbarchive.biosciencedbc.jp/data/open-tggates-pathological-images/LATEST/images/bromoethylamine/Liver/53240.svs,ftp://ftp.biosciencedbc.jp/archive/open-tggates-pathological-images/LATEST/images/bromoethylamine/Liver/53240.svs,0
53251.svs,1,,E0579-G15-P1,E0579-G15-I5,abnormal,bromoethylamine,High,0,20,mg/kg,15 day,360,Repeat,intravenous injection,6,1,1,0,slight,"Vacuolization, cytoplasmic",Centrilobular,slight,false,579,15,5,Liver,1/1,https://dbarchive.biosciencedbc.jp/data/open-tggates-pathological-images/LATEST/images/bromoethylamine/Liver/53251.svs,ftp://ftp.biosciencedbc.jp/archive/open-tggates-pathological-images/LATEST/images/bromoethylamine/Liver/53251.svs,0
46054.svs,1,,E0584-G09-P0,E0584-G09-I1,abnormal,ethionamide,Middle,0,300,mg/kg,3 hr,3,Single,Gavage,6,3,1,2,minimal,Increased mitosis; Necrosis; Single cell necrosis,Hepatocyte; Subserosa; -,minimal; minimal; minimal,true; true; false,584,9,1,Liver,1/1,https://dbarchive.biosciencedbc.jp/data/open-tggates-pathological-images/LATEST/images/ethionamide/Liver/46054.svs,ftp://ftp.biosciencedbc.jp/archive/open-tggates-pathological-images/LATEST/images/ethionamide/Liver/46054.svs,0
46059.svs,0,,E0584-G09-P0,E0584-G09-I3,normal,ethionamide,Middle,0,300,mg/kg,3 hr,3,Single,Gavage,6,0,0,0,,,,,,584,9,3,Liver,1/1,https://dbarchive.biosciencedbc.jp/data/open-tggates-pathological-images/LATEST/images/ethionamide/Liver/46059.svs,ftp://ftp.biosciencedbc.jp/archive/open-tggates-pathological-images/LATEST/images/ethionamide/Liver/46059.svs,0
46064.svs,1,,E0584-G10-P0,E0584-G10-I1,abnormal,ethionamide,Middle,0,300,mg/kg,6 hr,6,Single,Gavage,6,3,2,1,minimal,"Microgranuloma; Single cell necrosis; Vacuolization, nuclear",-; -; Hepatocyte,minimal; minimal; minimal,true; false; false,584,10,1,Liver,1/1,https://dbarchive.biosciencedbc.jp/data/open-tggates-pathological-images/LATEST/images/ethionamide/Liver/46064.svs,ftp://ftp.biosciencedbc.jp/archive/open-tggates-pathological-images/LATEST/images/ethionamide/Liver/46064.svs,0
46069.svs,0,,E0584-G10-P0,E0584-G10-I4,normal,ethionamide,Middle,0,300,mg/kg,6 hr,6,Single,Gavage,6,0,0,0,,,,,,584,10,4,Liver,1/1,https://dbarchive.biosciencedbc.jp/data/open-tggates-pathological-images/LATEST/images/ethionamide/Liver/46069.svs,ftp://ftp.biosciencedbc.jp/archive/open-tggates-pathological-images/LATEST/images/ethionamide/Liver/46069.svs,0
46382.svs,0,,E0585-G12-P0,E0585-G12-I1,normal,ethionamide,Middle,0,100,mg/kg,29 day,696,Repeat,Gavage,6,0,0,0,,,,,,585,12,1,Liver,1/1,https://dbarchive.biosciencedbc.jp/data/open-tggates-pathological-images/LATEST/images/ethionamide/Liver/46382.svs,ftp://ftp.biosciencedbc.jp/archive/open-tggates-pathological-images/LATEST/images/ethionamide/Liver/46382.svs,0
46384.svs,0,,E0585-G12-P1,E0585-G12-I2,normal,ethionamide,Middle,0,100,mg/kg,29 day,696,Repeat,Gavage,6,0,0,0,,,,,,585,12,2,Liver,1/1,https://dbarchive.biosciencedbc.jp/data/open-tggates-pathological-images/LATEST/images/ethionamide/Liver/46384.svs,ftp://ftp.biosciencedbc.jp/archive/open-tggates-pathological-images/LATEST/images/ethionamide/Liver/46384.svs,0
46387.svs,1,,E0585-G12-P0,E0585-G12-I4,abnormal,ethionamide,Middle,0,100,mg/kg,29 day,696,Repeat,Gavage,6,3,2,1,slight,"Increased mitosis; Microgranuloma; Vacuolization, cytoplasmic",Hepatocyte; -; Centrilobular,slight; minimal; slight,false; true; false,585,12,4,Liver,1/1,https://dbarchive.biosciencedbc.jp/data/open-tggates-pathological-images/LATEST/images/ethionamide/Liver/46387.svs,ftp://ftp.biosciencedbc.jp/archive/open-tggates-pathological-images/LATEST/images/ethionamide/Liver/46387.svs,0
46389.svs,1,,E0585-G12-P1,E0585-G12-I5,abnormal,ethionamide,Middle,0,100,mg/kg,29 day,696,Repeat,Gavage,6,1,1,0,slight,"Vacuolization, cytoplasmic",Centrilobular,slight,false,585,12,5,Liver,1/1,https://dbarchive.biosciencedbc.jp/data/open-tggates-pathological-images/LATEST/images/ethionamide/Liver/46389.svs,ftp://ftp.biosciencedbc.jp/archive/open-tggates-pathological-images/LATEST/images/ethionamide/Liver/46389.svs,0
47463.svs,1,,E0587-G10-P0,E0587-G10-I1,abnormal,nimesulide,Middle,0,30,mg/kg,8 day,192,Repeat,Gavage,6,1,1,0,minimal,Hypertrophy,Centrilobular,minimal,false,587,10,1,Liver,1/1,https://dbarchive.biosciencedbc.jp/data/open-tggates-pathological-images/LATEST/images/nimesulide/Liver/47463.svs,ftp://ftp.biosciencedbc.jp/archive/open-tggates-pathological-images/LATEST/images/nimesulide/Liver/47463.svs,0
47464.svs,1,,E0587-G10-P1,E0587-G10-I2,abnormal,nimesulide,Middle,0,30,mg/kg,8 day,192,Repeat,Gavage,6,2,1,1,minimal,Hypertrophy; Microgranuloma,Centrilobular; -,minimal; minimal,false; true,587,10,2,Liver,1/1,https://dbarchive.biosciencedbc.jp/data/open-tggates-pathological-images/LATEST/images/nimesulide/Liver/47464.svs,ftp://ftp.biosciencedbc.jp/archive/open-tggates-pathological-images/LATEST/images/nimesulide/Liver/47464.svs,0
47465.svs,0,,E0587-G10-P0,E0587-G10-I3,normal,nimesulide,Middle,0,30,mg/kg,8 day,192,Repeat,Gavage,6,0,0,0,,,,,,587,10,3,Liver,1/1,https://dbarchive.biosciencedbc.jp/data/open-tggates-pathological-images/LATEST/images/nimesulide/Liver/47465.svs,ftp://ftp.biosciencedbc.jp/archive/open-tggates-pathological-images/LATEST/images/nimesulide/Liver/47465.svs,0
47467.svs,0,,E0587-G10-P1,E0587-G10-I5,normal,nimesulide,Middle,0,30,mg/kg,8 day,192,Repeat,Gavage,6,0,0,0,,,,,,587,10,5,Liver,1/1,https://dbarchive.biosciencedbc.jp/data/open-tggates-pathological-images/LATEST/images/nimesulide/Liver/47467.svs,ftp://ftp.biosciencedbc.jp/archive/open-tggates-pathological-images/LATEST/images/nimesulide/Liver/47467.svs,0
47468.svs,1,,E0587-G11-P0,E0587-G11-I1,abnormal,nimesulide,Middle,0,30,mg/kg,15 day,360,Repeat,Gavage,6,2,1,1,minimal,Hypertrophy; Microgranuloma,Centrilobular; -,minimal; minimal,false; true,587,11,1,Liver,1/1,https://dbarchive.biosciencedbc.jp/data/open-tggates-pathological-images/LATEST/images/nimesulide/Liver/47468.svs,ftp://ftp.biosciencedbc.jp/archive/open-tggates-pathological-images/LATEST/images/nimesulide/Liver/47468.svs,0
47472.svs,0,,E0587-G11-P0,E0587-G11-I5,normal,nimesulide,Middle,0,30,mg/kg,15 day,360,Repeat,Gavage,6,0,0,0,,,,,,587,11,5,Liver,1/1,https://dbarchive.biosciencedbc.jp/data/open-tggates-pathological-images/LATEST/images/nimesulide/Liver/47472.svs,ftp://ftp.biosciencedbc.jp/archive/open-tggates-pathological-images/LATEST/images/nimesulide/Liver/47472.svs,0
47846.svs,1,,E0588-G14-P0,E0588-G14-I1,abnormal,ethanol,High,0,4000,mg/kg,6 hr,6,Single,Gavage,6,1,1,0,minimal,"Deposit, lipid",-,minimal,false,588,14,1,Liver,1/1,https://dbarchive.biosciencedbc.jp/data/open-tggates-pathological-images/LATEST/images/ethanol/Liver/47846.svs,ftp://ftp.biosciencedbc.jp/archive/open-tggates-pathological-images/LATEST/images/ethanol/Liver/47846.svs,0
47849.svs,0,,E0588-G14-P0,E0588-G14-I2,normal,ethanol,High,0,4000,mg/kg,6 hr,6,Single,Gavage,6,0,0,0,,,,,,588,14,2,Liver,1/1,https://dbarchive.biosciencedbc.jp/data/open-tggates-pathological-images/LATEST/images/ethanol/Liver/47849.svs,ftp://ftp.biosciencedbc.jp/archive/open-tggates-pathological-images/LATEST/images/ethanol/Liver/47849.svs,0
47851.svs,1,,E0588-G14-P1,E0588-G14-I3,abnormal,ethanol,High,0,4000,mg/kg,6 hr,6,Single,Gavage,6,2,1,1,minimal,"Deposit, lipid; Microgranuloma",-; -,minimal; minimal,false; true,588,14,3,Liver,1/1,https://dbarchive.biosciencedbc.jp/data/open-tggates-pathological-images/LATEST/images/ethanol/Liver/47851.svs,ftp://ftp.biosciencedbc.jp/archive/open-tggates-pathological-images/LATEST/images/ethanol/Liver/47851.svs,0
47856.svs,0,,E0588-G14-P1,E0588-G14-I5,normal,ethanol,High,0,4000,mg/kg,6 hr,6,Single,Gavage,6,0,0,0,,,,,,588,14,5,Liver,1/1,https://dbarchive.biosciencedbc.jp/data/open-tggates-pathological-images/LATEST/images/ethanol/Liver/47856.svs,ftp://ftp.biosciencedbc.jp/archive/open-tggates-pathological-images/LATEST/images/ethanol/Liver/47856.svs,0
47859.svs,1,,E0588-G15-P0,E0588-G15-I1,abnormal,ethanol,High,0,4000,mg/kg,9 hr,9,Single,Gavage,6,1,1,0,minimal,"Deposit, lipid",-,minimal,false,588,15,1,Liver,1/1,https://dbarchive.biosciencedbc.jp/data/open-tggates-pathological-images/LATEST/images/ethanol/Liver/47859.svs,ftp://ftp.biosciencedbc.jp/archive/open-tggates-pathological-images/LATEST/images/ethanol/Liver/47859.svs,0
47862.svs,0,,E0588-G15-P0,E0588-G15-I2,normal,ethanol,High,0,4000,mg/kg,9 hr,9,Single,Gavage,6,0,0,0,,,,,,588,15,2,Liver,1/1,https://dbarchive.biosciencedbc.jp/data/open-tggates-pathological-images/LATEST/images/ethanol/Liver/47862.svs,ftp://ftp.biosciencedbc.jp/archive/open-tggates-pathological-images/LATEST/images/ethanol/Liver/47862.svs,0
47865.svs,1,,E0588-G15-P1,E0588-G15-I3,abnormal,ethanol,High,0,4000,mg/kg,9 hr,9,Single,Gavage,6,1,1,0,minimal,"Deposit, lipid",-,minimal,false,588,15,3,Liver,1/1,https://dbarchive.biosciencedbc.jp/data/open-tggates-pathological-images/LATEST/images/ethanol/Liver/47865.svs,ftp://ftp.biosciencedbc.jp/archive/open-tggates-pathological-images/LATEST/images/ethanol/Liver/47865.svs,0
47871.svs,0,,E0588-G15-P1,E0588-G15-I5,normal,ethanol,High,0,4000,mg/kg,9 hr,9,Single,Gavage,6,0,0,0,,,,,,588,15,5,Liver,1/1,https://dbarchive.biosciencedbc.jp/data/open-tggates-pathological-images/LATEST/images/ethanol/Liver/47871.svs,ftp://ftp.biosciencedbc.jp/archive/open-tggates-pathological-images/LATEST/images/ethanol/Liver/47871.svs,0
48074.svs,1,,E0589-G15-P0,E0589-G15-I1,abnormal,ethanol,High,0,4000,mg/kg,15 day,360,Repeat,Gavage,6,2,1,1,minimal,"Change, eosinophilic; Microgranuloma",Centrilobular; -,minimal; minimal,false; true,589,15,1,Liver,1/1,https://dbarchive.biosciencedbc.jp/data/open-tggates-pathological-images/LATEST/images/ethanol/Liver/48074.svs,ftp://ftp.biosciencedbc.jp/archive/open-tggates-pathological-images/LATEST/images/ethanol/Liver/48074.svs,0
48078.svs,0,,E0589-G15-P0,E0589-G15-I5,normal,ethanol,High,0,4000,mg/kg,15 day,360,Repeat,Gavage,6,0,0,0,,,,,,589,15,5,Liver,1/1,https://dbarchive.biosciencedbc.jp/data/open-tggates-pathological-images/LATEST/images/ethanol/Liver/48078.svs,ftp://ftp.biosciencedbc.jp/archive/open-tggates-pathological-images/LATEST/images/ethanol/Liver/48078.svs,0
49032.svs,0,,E0594-G11-P0,E0594-G11-I1,normal,phenacetin,Middle,0,300,mg/kg,15 day,360,Repeat,Gavage,6,0,0,0,,,,,,594,11,1,Liver,1/1,https://dbarchive.biosciencedbc.jp/data/open-tggates-pathological-images/LATEST/images/phenacetin/Liver/49032.svs,ftp://ftp.biosciencedbc.jp/archive/open-tggates-pathological-images/LATEST/images/phenacetin/Liver/49032.svs,0
49034.svs,1,,E0594-G11-P0,E0594-G11-I2,abnormal,phenacetin,Middle,0,300,mg/kg,15 day,360,Repeat,Gavage,6,1,1,0,minimal,Hypertrophy,Centrilobular,minimal,false,594,11,2,Liver,1/1,https://dbarchive.biosciencedbc.jp/data/open-tggates-pathological-images/LATEST/images/phenacetin/Liver/49034.svs,ftp://ftp.biosciencedbc.jp/archive/open-tggates-pathological-images/LATEST/images/phenacetin/Liver/49034.svs,0
49036.svs,1,,E0594-G11-P1,E0594-G11-I3,abnormal,phenacetin,Middle,0,300,mg/kg,15 day,360,Repeat,Gavage,6,1,1,0,minimal,Hypertrophy,Centrilobular,minimal,false,594,11,3,Liver,1/1,https://dbarchive.biosciencedbc.jp/data/open-tggates-pathological-images/LATEST/images/phenacetin/Liver/49036.svs,ftp://ftp.biosciencedbc.jp/archive/open-tggates-pathological-images/LATEST/images/phenacetin/Liver/49036.svs,0
49038.svs,0,,E0594-G11-P1,E0594-G11-I4,normal,phenacetin,Middle,0,300,mg/kg,15 day,360,Repeat,Gavage,6,0,0,0,,,,,,594,11,4,Liver,1/1,https://dbarchive.biosciencedbc.jp/data/open-tggates-pathological-images/LATEST/images/phenacetin/Liver/49038.svs,ftp://ftp.biosciencedbc.jp/archive/open-tggates-pathological-images/LATEST/images/phenacetin/Liver/49038.svs,0
49042.svs,0,,E0594-G12-P0,E0594-G12-I1,normal,phenacetin,Middle,0,300,mg/kg,29 day,696,Repeat,Gavage,6,0,0,0,,,,,,594,12,1,Liver,1/1,https://dbarchive.biosciencedbc.jp/data/open-tggates-pathological-images/LATEST/images/phenacetin/Liver/49042.svs,ftp://ftp.biosciencedbc.jp/archive/open-tggates-pathological-images/LATEST/images/phenacetin/Liver/49042.svs,0
49044.svs,0,,E0594-G12-P1,E0594-G12-I2,normal,phenacetin,Middle,0,300,mg/kg,29 day,696,Repeat,Gavage,6,0,0,0,,,,,,594,12,2,Liver,1/1,https://dbarchive.biosciencedbc.jp/data/open-tggates-pathological-images/LATEST/images/phenacetin/Liver/49044.svs,ftp://ftp.biosciencedbc.jp/archive/open-tggates-pathological-images/LATEST/images/phenacetin/Liver/49044.svs,0
49046.svs,1,,E0594-G12-P0,E0594-G12-I3,abnormal,phenacetin,Middle,0,300,mg/kg,29 day,696,Repeat,Gavage,6,1,1,0,slight,Hypertrophy,Centrilobular,slight,false,594,12,3,Liver,1/1,https://dbarchive.biosciencedbc.jp/data/open-tggates-pathological-images/LATEST/images/phenacetin/Liver/49046.svs,ftp://ftp.biosciencedbc.jp/archive/open-tggates-pathological-images/LATEST/images/phenacetin/Liver/49046.svs,0
49048.svs,1,,E0594-G12-P1,E0594-G12-I4,abnormal,phenacetin,Middle,0,300,mg/kg,29 day,696,Repeat,Gavage,6,1,1,0,minimal,Hypertrophy,Centrilobular,minimal,false,594,12,4,Liver,1/1,https://dbarchive.biosciencedbc.jp/data/open-tggates-pathological-images/LATEST/images/phenacetin/Liver/49048.svs,ftp://ftp.biosciencedbc.jp/archive/open-tggates-pathological-images/LATEST/images/phenacetin/Liver/49048.svs,0
49052.svs,0,,E0594-G13-P0,E0594-G13-I1,normal,phenacetin,High,0,1000,mg/kg,4 day,96,Repeat,Gavage,6,0,0,0,,,,,,594,13,1,Liver,1/1,https://dbarchive.biosciencedbc.jp/data/open-tggates-pathological-images/LATEST/images/phenacetin/Liver/49052.svs,ftp://ftp.biosciencedbc.jp/archive/open-tggates-pathological-images/LATEST/images/phenacetin/Liver/49052.svs,0
49054.svs,1,,E0594-G13-P0,E0594-G13-I2,abnormal,phenacetin,High,0,1000,mg/kg,4 day,96,Repeat,Gavage,6,1,1,0,minimal,Hypertrophy,Centrilobular,minimal,false,594,13,2,Liver,1/1,https://dbarchive.biosciencedbc.jp/data/open-tggates-pathological-images/LATEST/images/phenacetin/Liver/49054.svs,ftp://ftp.biosciencedbc.jp/archive/open-tggates-pathological-images/LATEST/images/phenacetin/Liver/49054.svs,0
49056.svs,0,,E0594-G13-P1,E0594-G13-I3,normal,phenacetin,High,0,1000,mg/kg,4 day,96,Repeat,Gavage,6,0,0,0,,,,,,594,13,3,Liver,1/1,https://dbarchive.biosciencedbc.jp/data/open-tggates-pathological-images/LATEST/images/phenacetin/Liver/49056.svs,ftp://ftp.biosciencedbc.jp/archive/open-tggates-pathological-images/LATEST/images/phenacetin/Liver/49056.svs,0
49060.svs,1,,E0594-G13-P1,E0594-G13-I5,abnormal,phenacetin,High,0,1000,mg/kg,4 day,96,Repeat,Gavage,6,1,1,0,minimal,Hypertrophy,Centrilobular,minimal,false,594,13,5,Liver,1/1,https://dbarchive.biosciencedbc.jp/data/open-tggates-pathological-images/LATEST/images/phenacetin/Liver/49060.svs,ftp://ftp.biosciencedbc.jp/archive/open-tggates-pathological-images/LATEST/images/phenacetin/Liver/49060.svs,0
49738.svs,0,,E0596-G13-P0,E0596-G13-I1,normal,bucetin,High,0,1000,mg/kg,4 day,96,Repeat,Gavage,6,0,0,0,,,,,,596,13,1,Liver,1/1,https://dbarchive.biosciencedbc.jp/data/open-tggates-pathological-images/LATEST/images/bucetin/Liver/49738.svs,ftp://ftp.biosciencedbc.jp/archive/open-tggates-pathological-images/LATEST/images/bucetin/Liver/49738.svs,0
49747.svs,1,,E0596-G13-P0,E0596-G13-I4,abnormal,bucetin,High,0,1000,mg/kg,4 day,96,Repeat,Gavage,6,1,1,0,minimal,"Change, eosinophilic",Centrilobular,minimal,false,596,13,4,Liver,1/1,https://dbarchive.biosciencedbc.jp/data/open-tggates-pathological-images/LATEST/images/bucetin/Liver/49747.svs,ftp://ftp.biosciencedbc.jp/archive/open-tggates-pathological-images/LATEST/images/bucetin/Liver/49747.svs,0
49754.svs,1,,E0596-G14-P0,E0596-G14-I1,abnormal,bucetin,High,0,1000,mg/kg,8 day,192,Repeat,Gavage,6,1,1,0,minimal,"Change, eosinophilic",Centrilobular,minimal,false,596,14,1,Liver,1/1,https://dbarchive.biosciencedbc.jp/data/open-tggates-pathological-images/LATEST/images/bucetin/Liver/49754.svs,ftp://ftp.biosciencedbc.jp/archive/open-tggates-pathological-images/LATEST/images/bucetin/Liver/49754.svs,0
49757.svs,1,,E0596-G14-P1,E0596-G14-I2,abnormal,bucetin,High,0,1000,mg/kg,8 day,192,Repeat,Gavage,6,1,1,0,minimal,"Change, eosinophilic",Centrilobular,minimal,false,596,14,2,Liver,1/1,https://dbarchive.biosciencedbc.jp/data/open-tggates-pathological-images/LATEST/images/bucetin/Liver/49757.svs,ftp://ftp.biosciencedbc.jp/archive/open-tggates-pathological-images/LATEST/images/bucetin/Liver/49757.svs,0
49763.svs,0,,E0596-G14-P0,E0596-G14-I4,normal,bucetin,High,0,1000,mg/kg,8 day,192,Repeat,Gavage,6,0,0,0,,,,,,596,14,4,Liver,1/1,https://dbarchive.biosciencedbc.jp/data/open-tggates-pathological-images/LATEST/images/bucetin/Liver/49763.svs,ftp://ftp.biosciencedbc.jp/archive/open-tggates-pathological-images/LATEST/images/bucetin/Liver/49763.svs,0
49768.svs,0,,E0596-G14-P1,E0596-G14-I5,normal,bucetin,High,0,1000,mg/kg,8 day,192,Repeat,Gavage,6,0,0,0,,,,,,596,14,5,Liver,1/1,https://dbarchive.biosciencedbc.jp/data/open-tggates-pathological-images/LATEST/images/bucetin/Liver/49768.svs,ftp://ftp.biosciencedbc.jp/archive/open-tggates-pathological-images/LATEST/images/bucetin/Liver/49768.svs,0
50624.svs,1,,E0598-G15-P0,E0598-G15-I1,abnormal,phenylanthranilic acid,High,0,1000,mg/kg,15 day,360,Repeat,Gavage,6,1,1,0,moderate,Atrophy,Hepatic cord,moderate,false,598,15,1,Liver,1/1,https://dbarchive.biosciencedbc.jp/data/open-tggates-pathological-images/LATEST/images/phenylanthranilic_acid/Liver/50624.svs,ftp://ftp.biosciencedbc.jp/archive/open-tggates-pathological-images/LATEST/images/phenylanthranilic_acid/Liver/50624.svs,0
50628.svs,0,,E0598-G15-P0,E0598-G15-I3,normal,phenylanthranilic acid,High,0,1000,mg/kg,15 day,360,Repeat,Gavage,6,0,0,0,,,,,,598,15,3,Liver,1/1,https://dbarchive.biosciencedbc.jp/data/open-tggates-pathological-images/LATEST/images/phenylanthranilic_acid/Liver/50628.svs,ftp://ftp.biosciencedbc.jp/archive/open-tggates-pathological-images/LATEST/images/phenylanthranilic_acid/Liver/50628.svs,0
54339.svs,0,,E0604-G15-P0,E0604-G15-I1,normal,cyclosporine A,High,0,300,mg/kg,9 hr,9,Single,Gavage,6,0,0,0,,,,,,604,15,1,Liver,1/1,https://dbarchive.biosciencedbc.jp/data/open-tggates-pathological-images/LATEST/images/cyclosporine_A/Liver/54339.svs,ftp://ftp.biosciencedbc.jp/archive/open-tggates-pathological-images/LATEST/images/cyclosporine_A/Liver/54339.svs,0
54345.svs,0,,E0604-G15-P1,E0604-G15-I2,normal,cyclosporine A,High,0,300,mg/kg,9 hr,9,Single,Gavage,6,0,0,0,,,,,,604,15,2,Liver,1/1,https://dbarchive.biosciencedbc.jp/data/open-tggates-pathological-images/LATEST/images/cyclosporine_A/Liver/54345.svs,ftp://ftp.biosciencedbc.jp/archive/open-tggates-pathological-images/LATEST/images/cyclosporine_A/Liver/54345.svs,0
54351.svs,1,,E0604-G15-P0,E0604-G15-I3,abnormal,cyclosporine A,High,0,300,mg/kg,9 hr,9,Single,Gavage,6,1,1,0,slight,"Change, acidophilic",Hepatocyte,slight,false,604,15,3,Liver,1/1,https://dbarchive.biosciencedbc.jp/data/open-tggates-pathological-images/LATEST/images/cyclosporine_A/Liver/54351.svs,ftp://ftp.biosciencedbc.jp/archive/open-tggates-pathological-images/LATEST/images/cyclosporine_A/Liver/54351.svs,0
54357.svs,1,,E0604-G15-P1,E0604-G15-I4,abnormal,cyclosporine A,High,0,300,mg/kg,9 hr,9,Single,Gavage,6,1,1,0,slight,"Change, acidophilic",Hepatocyte,slight,false,604,15,4,Liver,1/1,https://dbarchive.biosciencedbc.jp/data/open-tggates-pathological-images/LATEST/images/cyclosporine_A/Liver/54357.svs,ftp://ftp.biosciencedbc.jp/archive/open-tggates-pathological-images/LATEST/images/cyclosporine_A/Liver/54357.svs,0
54369.svs,0,,E0604-G16-P0,E0604-G16-I1,normal,cyclosporine A,High,0,300,mg/kg,24 hr,24,Single,Gavage,6,0,0,0,,,,,,604,16,1,Liver,1/1,https://dbarchive.biosciencedbc.jp/data/open-tggates-pathological-images/LATEST/images/cyclosporine_A/Liver/54369.svs,ftp://ftp.biosciencedbc.jp/archive/open-tggates-pathological-images/LATEST/images/cyclosporine_A/Liver/54369.svs,0
54375.svs,1,,E0604-G16-P0,E0604-G16-I2,abnormal,cyclosporine A,High,0,300,mg/kg,24 hr,24,Single,Gavage,6,1,1,0,slight,"Change, acidophilic",Hepatocyte,slight,false,604,16,2,Liver,1/1,https://dbarchive.biosciencedbc.jp/data/open-tggates-pathological-images/LATEST/images/cyclosporine_A/Liver/54375.svs,ftp://ftp.biosciencedbc.jp/archive/open-tggates-pathological-images/LATEST/images/cyclosporine_A/Liver/54375.svs,0
54381.svs,1,,E0604-G16-P1,E0604-G16-I3,abnormal,cyclosporine A,High,0,300,mg/kg,24 hr,24,Single,Gavage,6,1,1,0,slight,"Change, acidophilic",Hepatocyte,slight,false,604,16,3,Liver,1/1,https://dbarchive.biosciencedbc.jp/data/open-tggates-pathological-images/LATEST/images/cyclosporine_A/Liver/54381.svs,ftp://ftp.biosciencedbc.jp/archive/open-tggates-pathological-images/LATEST/images/cyclosporine_A/Liver/54381.svs,0
54387.svs,0,,E0604-G16-P1,E0604-G16-I4,normal,cyclosporine A,High,0,300,mg/kg,24 hr,24,Single,Gavage,6,0,0,0,,,,,,604,16,4,Liver,1/1,https://dbarchive.biosciencedbc.jp/data/open-tggates-pathological-images/LATEST/images/cyclosporine_A/Liver/54387.svs,ftp://ftp.biosciencedbc.jp/archive/open-tggates-pathological-images/LATEST/images/cyclosporine_A/Liver/54387.svs,0
54850.svs,0,,E0605-G16-P0,E0605-G16-I1,normal,cyclosporine A,High,0,100,mg/kg,29 day,696,Repeat,Gavage,6,0,0,0,,,,,,605,16,1,Liver,1/1,https://dbarchive.biosciencedbc.jp/data/open-tggates-pathological-images/LATEST/images/cyclosporine_A/Liver/54850.svs,ftp://ftp.biosciencedbc.jp/archive/open-tggates-pathological-images/LATEST/images/cyclosporine_A/Liver/54850.svs,0
54867.svs,1,,E0605-G16-P0,E0605-G16-I4,abnormal,cyclosporine A,High,0,100,mg/kg,29 day,696,Repeat,Gavage,6,1,1,0,slight,"Change, acidophilic",Hepatocyte,slight,false,605,16,4,Liver,1/1,https://dbarchive.biosciencedbc.jp/data/open-tggates-pathological-images/LATEST/images/cyclosporine_A/Liver/54867.svs,ftp://ftp.biosciencedbc.jp/archive/open-tggates-pathological-images/LATEST/images/cyclosporine_A/Liver/54867.svs,0
55173.svs,1,,E0606-G11-P0,E0606-G11-I1,abnormal,puromycin aminonucleoside,Middle,0,40,mg/kg,9 hr,9,Single,intravenous injection,6,1,1,0,slight,"Proliferation, Kupffer cell",Centrilobular,slight,false,606,11,1,Liver,1/1,https://dbarchive.biosciencedbc.jp/data/open-tggates-pathological-images/LATEST/images/puromycin_aminonucleoside/Liver/55173.svs,ftp://ftp.biosciencedbc.jp/archive/open-tggates-pathological-images/LATEST/images/puromycin_aminonucleoside/Liver/55173.svs,0
55179.svs,0,,E0606-G11-P0,E0606-G11-I2,normal,puromycin aminonucleoside,Middle,0,40,mg/kg,9 hr,9,Single,intravenous injection,6,0,0,0,,,,,,606,11,2,Liver,1/1,https://dbarchive.biosciencedbc.jp/data/open-tggates-pathological-images/LATEST/images/puromycin_aminonucleoside/Liver/55179.svs,ftp://ftp.biosciencedbc.jp/archive/open-tggates-pathological-images/LATEST/images/puromycin_aminonucleoside/Liver/55179.svs,0
55355.svs,1,,E0606-G14-P0,E0606-G14-I1,abnormal,puromycin aminonucleoside,High,0,120,mg/kg,6 hr,6,Single,intravenous injection,6,1,1,0,slight,"Proliferation, Kupffer cell",Centrilobular,slight,false,606,14,1,Liver,1/1,https://dbarchive.biosciencedbc.jp/data/open-tggates-pathological-images/LATEST/images/puromycin_aminonucleoside/Liver/55355.svs,ftp://ftp.biosciencedbc.jp/archive/open-tggates-pathological-images/LATEST/images/puromycin_aminonucleoside/Liver/55355.svs,0
55276.svs,0,,E0606-G14-P0,E0606-G14-I2,normal,puromycin aminonucleoside,High,0,120,mg/kg,6 hr,6,Single,intravenous injection,6,0,0,0,,,,,,606,14,2,Liver,1/1,https://dbarchive.biosciencedbc.jp/data/open-tggates-pathological-images/LATEST/images/puromycin_aminonucleoside/Liver/55276.svs,ftp://ftp.biosciencedbc.jp/archive/open-tggates-pathological-images/LATEST/images/puromycin_aminonucleoside/Liver/55276.svs,0
55282.svs,0,,E0606-G14-P1,E0606-G14-I3,normal,puromycin aminonucleoside,High,0,120,mg/kg,6 hr,6,Single,intravenous injection,6,0,0,0,,,,,,606,14,3,Liver,1/1,https://dbarchive.biosciencedbc.jp/data/open-tggates-pathological-images/LATEST/images/puromycin_aminonucleoside/Liver/55282.svs,ftp://ftp.biosciencedbc.jp/archive/open-tggates-pathological-images/LATEST/images/puromycin_aminonucleoside/Liver/55282.svs,0
55288.svs,1,,E0606-G14-P1,E0606-G14-I4,abnormal,puromycin aminonucleoside,High,0,120,mg/kg,6 hr,6,Single,intravenous injection,6,1,1,0,slight,"Proliferation, Kupffer cell",Centrilobular,slight,false,606,14,4,Liver,1/1,https://dbarchive.biosciencedbc.jp/data/open-tggates-pathological-images/LATEST/images/puromycin_aminonucleoside/Liver/55288.svs,ftp://ftp.biosciencedbc.jp/archive/open-tggates-pathological-images/LATEST/images/puromycin_aminonucleoside/Liver/55288.svs,0
55300.svs,1,,E0606-G15-P0,E0606-G15-I1,abnormal,puromycin aminonucleoside,High,0,120,mg/kg,9 hr,9,Single,intravenous injection,6,1,1,0,slight,"Proliferation, Kupffer cell",Centrilobular,slight,false,606,15,1,Liver,1/1,https://dbarchive.biosciencedbc.jp/data/open-tggates-pathological-images/LATEST/images/puromycin_aminonucleoside/Liver/55300.svs,ftp://ftp.biosciencedbc.jp/archive/open-tggates-pathological-images/LATEST/images/puromycin_aminonucleoside/Liver/55300.svs,0
55323.svs,0,,E0606-G15-P0,E0606-G15-I5,normal,puromycin aminonucleoside,High,0,120,mg/kg,9 hr,9,Single,intravenous injection,6,0,0,0,,,,,,606,15,5,Liver,1/1,https://dbarchive.biosciencedbc.jp/data/open-tggates-pathological-images/LATEST/images/puromycin_aminonucleoside/Liver/55323.svs,ftp://ftp.biosciencedbc.jp/archive/open-tggates-pathological-images/LATEST/images/puromycin_aminonucleoside/Liver/55323.svs,0
70830.svs,1,,E0606-G16-P0,E0606-G16-I1,abnormal,puromycin aminonucleoside,High,0,120,mg/kg,24 hr,24,Single,intravenous injection,6,1,1,0,slight,Hypertrophy,Centrilobular,slight,false,606,16,1,Liver,1/1,https://dbarchive.biosciencedbc.jp/data/open-tggates-pathological-images/LATEST/images/puromycin_aminonucleoside/Liver/70830.svs,ftp://ftp.biosciencedbc.jp/archive/open-tggates-pathological-images/LATEST/images/puromycin_aminonucleoside/Liver/70830.svs,0
55335.svs,1,,E0606-G16-P1,E0606-G16-I2,abnormal,puromycin aminonucleoside,High,0,120,mg/kg,24 hr,24,Single,intravenous injection,6,1,1,0,slight,"Change, basophilic",Hepatocyte,slight,false,606,16,2,Liver,1/1,https://dbarchive.biosciencedbc.jp/data/open-tggates-pathological-images/LATEST/images/puromycin_aminonucleoside/Liver/55335.svs,ftp://ftp.biosciencedbc.jp/archive/open-tggates-pathological-images/LATEST/images/puromycin_aminonucleoside/Liver/55335.svs,0
55347.svs,0,,E0606-G16-P0,E0606-G16-I4,normal,puromycin aminonucleoside,High,0,120,mg/kg,24 hr,24,Single,intravenous injection,6,0,0,0,,,,,,606,16,4,Liver,1/1,https://dbarchive.biosciencedbc.jp/data/open-tggates-pathological-images/LATEST/images/puromycin_aminonucleoside/Liver/55347.svs,ftp://ftp.biosciencedbc.jp/archive/open-tggates-pathological-images/LATEST/images/puromycin_aminonucleoside/Liver/55347.svs,0
55351.svs,0,,E0606-G16-P1,E0606-G16-I5,normal,puromycin aminonucleoside,High,0,120,mg/kg,24 hr,24,Single,intravenous injection,6,0,0,0,,,,,,606,16,5,Liver,1/1,https://dbarchive.biosciencedbc.jp/data/open-tggates-pathological-images/LATEST/images/puromycin_aminonucleoside/Liver/55351.svs,ftp://ftp.biosciencedbc.jp/archive/open-tggates-pathological-images/LATEST/images/puromycin_aminonucleoside/Liver/55351.svs,0
56641.svs,0,,E0617-G16-P0,E0617-G16-I3,normal,doxorubicin,High,0,1,mg/kg,29 day,696,Repeat,intravenous injection,6,0,0,0,,,,,,617,16,3,Liver,1/1,https://dbarchive.biosciencedbc.jp/data/open-tggates-pathological-images/LATEST/images/doxorubicin/Liver/56641.svs,ftp://ftp.biosciencedbc.jp/archive/open-tggates-pathological-images/LATEST/images/doxorubicin/Liver/56641.svs,0
56647.svs,1,,E0617-G16-P0,E0617-G16-I5,abnormal,doxorubicin,High,0,1,mg/kg,29 day,696,Repeat,intravenous injection,6,1,1,0,slight,"Change, eosinophilic",Peripheral,slight,false,617,16,5,Liver,1/1,https://dbarchive.biosciencedbc.jp/data/open-tggates-pathological-images/LATEST/images/doxorubicin/Liver/56647.svs,ftp://ftp.biosciencedbc.jp/archive/open-tggates-pathological-images/LATEST/images/doxorubicin/Liver/56647.svs,0
61234.svs,0,,E0626-G15-P0,E0626-G15-I1,normal,naphthyl isothiocyanate,High,0,100,mg/kg,9 hr,9,Single,Gavage,6,0,0,0,,,,,,626,15,1,Liver,1/1,https://dbarchive.biosciencedbc.jp/data/open-tggates-pathological-images/LATEST/images/naphthyl_isothiocyanate/Liver/61234.svs,ftp://ftp.biosciencedbc.jp/archive/open-tggates-pathological-images/LATEST/images/naphthyl_isothiocyanate/Liver/61234.svs,0
61240.svs,1,,E0626-G15-P0,E0626-G15-I4,abnormal,naphthyl isothiocyanate,High,0,100,mg/kg,9 hr,9,Single,Gavage,6,3,3,0,slight,Cellular infiltration; Edema; Necrosis,Portal triad; Portal triad; Bile duct,minimal; slight; minimal,false; false; false,626,15,4,Liver,1/1,https://dbarchive.biosciencedbc.jp/data/open-tggates-pathological-images/LATEST/images/naphthyl_isothiocyanate/Liver/61240.svs,ftp://ftp.biosciencedbc.jp/archive/open-tggates-pathological-images/LATEST/images/naphthyl_isothiocyanate/Liver/61240.svs,0
60469.svs,0,,E0629-G11-P0,E0629-G11-I1,normal,isoniazid,Middle,0,600,mg/kg,9 hr,9,Single,Gavage,6,0,0,0,,,,,,629,11,1,Liver,1/1,https://dbarchive.biosciencedbc.jp/data/open-tggates-pathological-images/LATEST/images/isoniazid/Liver/60469.svs,ftp://ftp.biosciencedbc.jp/archive/open-tggates-pathological-images/LATEST/images/isoniazid/Liver/60469.svs,0
60472.svs,1,,E0629-G11-P0,E0629-G11-I2,abnormal,isoniazid,Middle,0,600,mg/kg,9 hr,9,Single,Gavage,6,1,1,0,slight,Swelling,Centrilobular,slight,false,629,11,2,Liver,1/1,https://dbarchive.biosciencedbc.jp/data/open-tggates-pathological-images/LATEST/images/isoniazid/Liver/60472.svs,ftp://ftp.biosciencedbc.jp/archive/open-tggates-pathological-images/LATEST/images/isoniazid/Liver/60472.svs,0
60519.svs,1,,E0629-G12-P0,E0629-G12-I1,abnormal,isoniazid,Middle,0,600,mg/kg,24 hr,24,Single,Gavage,6,1,1,0,moderate,Swelling,Centrilobular,moderate,false,629,12,1,Liver,1/1,https://dbarchive.biosciencedbc.jp/data/open-tggates-pathological-images/LATEST/images/isoniazid/Liver/60519.svs,ftp://ftp.biosciencedbc.jp/archive/open-tggates-pathological-images/LATEST/images/isoniazid/Liver/60519.svs,0
60521.svs,0,,E0629-G12-P0,E0629-G12-I2,normal,isoniazid,Middle,0,600,mg/kg,24 hr,24,Single,Gavage,6,0,0,0,,,,,,629,12,2,Liver,1/1,https://dbarchive.biosciencedbc.jp/data/open-tggates-pathological-images/LATEST/images/isoniazid/Liver/60521.svs,ftp://ftp.biosciencedbc.jp/archive/open-tggates-pathological-images/LATEST/images/isoniazid/Liver/60521.svs,0
60523.svs,0,,E0629-G12-P1,E0629-G12-I3,normal,isoniazid,Middle,0,600,mg/kg,24 hr,24,Single,Gavage,6,0,0,0,,,,,,629,12,3,Liver,1/1,https://dbarchive.biosciencedbc.jp/data/open-tggates-pathological-images/LATEST/images/isoniazid/Liver/60523.svs,ftp://ftp.biosciencedbc.jp/archive/open-tggates-pathological-images/LATEST/images/isoniazid/Liver/60523.svs,0
60528.svs,1,,E0629-G12-P1,E0629-G12-I5,abnormal,isoniazid,Middle,0,600,mg/kg,24 hr,24,Single,Gavage,6,1,1,0,moderate,Swelling,Centrilobular,moderate,false,629,12,5,Liver,1/1,https://dbarchive.biosciencedbc.jp/data/open-tggates-pathological-images/LATEST/images/isoniazid/Liver/60528.svs,ftp://ftp.biosciencedbc.jp/archive/open-tggates-pathological-images/LATEST/images/isoniazid/Liver/60528.svs,0
60433.svs,1,,E0629-G14-P0,E0629-G14-I1,abnormal,isoniazid,High,0,2000,mg/kg,6 hr,6,Single,Gavage,6,1,1,0,slight,Swelling,Centrilobular,slight,false,629,14,1,Liver,1/1,https://dbarchive.biosciencedbc.jp/data/open-tggates-pathological-images/LATEST/images/isoniazid/Liver/60433.svs,ftp://ftp.biosciencedbc.jp/archive/open-tggates-pathological-images/LATEST/images/isoniazid/Liver/60433.svs,0
60435.svs,0,,E0629-G14-P0,E0629-G14-I2,normal,isoniazid,High,0,2000,mg/kg,6 hr,6,Single,Gavage,6,0,0,0,,,,,,629,14,2,Liver,1/1,https://dbarchive.biosciencedbc.jp/data/open-tggates-pathological-images/LATEST/images/isoniazid/Liver/60435.svs,ftp://ftp.biosciencedbc.jp/archive/open-tggates-pathological-images/LATEST/images/isoniazid/Liver/60435.svs,0
71271.svs,1,,E0629-G14-P1,E0629-G14-I3,abnormal,isoniazid,High,0,2000,mg/kg,6 hr,6,Single,Gavage,6,1,1,0,minimal,Swelling,Centrilobular,minimal,false,629,14,3,Liver,1/1,https://dbarchive.biosciencedbc.jp/data/open-tggates-pathological-images/LATEST/images/isoniazid/Liver/71271.svs,ftp://ftp.biosciencedbc.jp/archive/open-tggates-pathological-images/LATEST/images/isoniazid/Liver/71271.svs,0
60440.svs,0,,E0629-G14-P1,E0629-G14-I4,normal,isoniazid,High,0,2000,mg/kg,6 hr,6,Single,Gavage,6,0,0,0,,,,,,629,14,4,Liver,1/1,https://dbarchive.biosciencedbc.jp/data/open-tggates-pathological-images/LATEST/images/isoniazid/Liver/60440.svs,ftp://ftp.biosciencedbc.jp/archive/open-tggates-pathological-images/LATEST/images/isoniazid/Liver/60440.svs,0
60481.svs,0,,E0629-G15-P0,E0629-G15-I1,normal,isoniazid,High,0,2000,mg/kg,9 hr,9,Single,Gavage,6,0,0,0,,,,,,629,15,1,Liver,1/1,https://dbarchive.biosciencedbc.jp/data/open-tggates-pathological-images/LATEST/images/isoniazid/Liver/60481.svs,ftp://ftp.biosciencedbc.jp/archive/open-tggates-pathological-images/LATEST/images/isoniazid/Liver/60481.svs,0
60484.svs,1,,E0629-G15-P0,E0629-G15-I2,abnormal,isoniazid,High,0,2000,mg/kg,9 hr,9,Single,Gavage,6,1,1,0,slight,Swelling,Centrilobular,slight,false,629,15,2,Liver,1/1,https://dbarchive.biosciencedbc.jp/data/open-tggates-pathological-images/LATEST/images/isoniazid/Liver/60484.svs,ftp://ftp.biosciencedbc.jp/archive/open-tggates-pathological-images/LATEST/images/isoniazid/Liver/60484.svs,0
60486.svs,1,,E0629-G15-P1,E0629-G15-I3,abnormal,isoniazid,High,0,2000,mg/kg,9 hr,9,Single,Gavage,6,1,1,0,slight,Swelling,Centrilobular,slight,false,629,15,3,Liver,1/1,https://dbarchive.biosciencedbc.jp/data/open-tggates-pathological-images/LATEST/images/isoniazid/Liver/60486.svs,ftp://ftp.biosciencedbc.jp/archive/open-tggates-pathological-images/LATEST/images/isoniazid/Liver/60486.svs,0
60489.svs,0,,E0629-G15-P1,E0629-G15-I4,normal,isoniazid,High,0,2000,mg/kg,9 hr,9,Single,Gavage,6,0,0,0,,,,,,629,15,4,Liver,1/1,https://dbarchive.biosciencedbc.jp/data/open-tggates-pathological-images/LATEST/images/isoniazid/Liver/60489.svs,ftp://ftp.biosciencedbc.jp/archive/open-tggates-pathological-images/LATEST/images/isoniazid/Liver/60489.svs,0
60531.svs,1,,E0629-G16-P0,E0629-G16-I1,abnormal,isoniazid,High,0,2000,mg/kg,24 hr,24,Single,Gavage,6,1,1,0,moderate,Swelling,Centrilobular,moderate,false,629,16,1,Liver,1/1,https://dbarchive.biosciencedbc.jp/data/open-tggates-pathological-images/LATEST/images/isoniazid/Liver/60531.svs,ftp://ftp.biosciencedbc.jp/archive/open-tggates-pathological-images/LATEST/images/isoniazid/Liver/60531.svs,0
60533.svs,0,,E0629-G16-P0,E0629-G16-I2,normal,isoniazid,High,0,2000,mg/kg,24 hr,24,Single,Gavage,6,0,0,0,,,,,,629,16,2,Liver,1/1,https://dbarchive.biosciencedbc.jp/data/open-tggates-pathological-images/LATEST/images/isoniazid/Liver/60533.svs,ftp://ftp.biosciencedbc.jp/archive/open-tggates-pathological-images/LATEST/images/isoniazid/Liver/60533.svs,0
61453.svs,0,,E0630-G05-P0,E0630-G05-I1,normal,aspirin,Low,0,450,mg/kg,3 hr,3,Single,Gavage,6,0,0,0,,,,,,630,5,1,Liver,1/1,https://dbarchive.biosciencedbc.jp/data/open-tggates-pathological-images/LATEST/images/aspirin/Liver/61453.svs,ftp://ftp.biosciencedbc.jp/archive/open-tggates-pathological-images/LATEST/images/aspirin/Liver/61453.svs,0
61461.svs,1,,E0630-G05-P0,E0630-G05-I5,abnormal,aspirin,Low,0,450,mg/kg,3 hr,3,Single,Gavage,6,1,1,0,minimal,Swelling,Centrilobular,minimal,false,630,5,5,Liver,1/1,https://dbarchive.biosciencedbc.jp/data/open-tggates-pathological-images/LATEST/images/aspirin/Liver/61461.svs,ftp://ftp.biosciencedbc.jp/archive/open-tggates-pathological-images/LATEST/images/aspirin/Liver/61461.svs,0
61492.svs,1,,E0630-G06-P0,E0630-G06-I1,abnormal,aspirin,Low,0,450,mg/kg,6 hr,6,Single,Gavage,6,1,1,0,minimal,Swelling,Centrilobular,minimal,false,630,6,1,Liver,1/1,https://dbarchive.biosciencedbc.jp/data/open-tggates-pathological-images/LATEST/images/aspirin/Liver/61492.svs,ftp://ftp.biosciencedbc.jp/archive/open-tggates-pathological-images/LATEST/images/aspirin/Liver/61492.svs,0
61495.svs,0,,E0630-G06-P0,E0630-G06-I3,normal,aspirin,Low,0,450,mg/kg,6 hr,6,Single,Gavage,6,0,0,0,,,,,,630,6,3,Liver,1/1,https://dbarchive.biosciencedbc.jp/data/open-tggates-pathological-images/LATEST/images/aspirin/Liver/61495.svs,ftp://ftp.biosciencedbc.jp/archive/open-tggates-pathological-images/LATEST/images/aspirin/Liver/61495.svs,0
61510.svs,0,,E0630-G14-P0,E0630-G14-I1,normal,aspirin,High,0,2000,mg/kg,6 hr,6,Single,Gavage,6,0,0,0,,,,,,630,14,1,Liver,1/1,https://dbarchive.biosciencedbc.jp/data/open-tggates-pathological-images/LATEST/images/aspirin/Liver/61510.svs,ftp://ftp.biosciencedbc.jp/archive/open-tggates-pathological-images/LATEST/images/aspirin/Liver/61510.svs,0
61512.svs,1,,E0630-G14-P0,E0630-G14-I2,abnormal,aspirin,High,0,2000,mg/kg,6 hr,6,Single,Gavage,6,1,1,0,slight,Swelling,Centrilobular,slight,false,630,14,2,Liver,1/1,https://dbarchive.biosciencedbc.jp/data/open-tggates-pathological-images/LATEST/images/aspirin/Liver/61512.svs,ftp://ftp.biosciencedbc.jp/archive/open-tggates-pathological-images/LATEST/images/aspirin/Liver/61512.svs,0
61548.svs,1,,E0630-G15-P0,E0630-G15-I1,abnormal,aspirin,High,0,2000,mg/kg,9 hr,9,Single,Gavage,6,1,1,0,minimal,Swelling,Centrilobular,minimal,false,630,15,1,Liver,1/1,https://dbarchive.biosciencedbc.jp/data/open-tggates-pathological-images/LATEST/images/aspirin/Liver/61548.svs,ftp://ftp.biosciencedbc.jp/archive/open-tggates-pathological-images/LATEST/images/aspirin/Liver/61548.svs,0
61552.svs,0,,E0630-G15-P0,E0630-G15-I3,normal,aspirin,High,0,2000,mg/kg,9 hr,9,Single,Gavage,6,0,0,0,,,,,,630,15,3,Liver,1/1,https://dbarchive.biosciencedbc.jp/data/open-tggates-pathological-images/LATEST/images/aspirin/Liver/61552.svs,ftp://ftp.biosciencedbc.jp/archive/open-tggates-pathological-images/LATEST/images/aspirin/Liver/61552.svs,0
61589.svs,0,,E0630-G16-P0,E0630-G16-I1,normal,aspirin,High,0,2000,mg/kg,24 hr,24,Single,Gavage,6,0,0,0,,,,,,630,16,1,Liver,1/1,https://dbarchive.biosciencedbc.jp/data/open-tggates-pathological-images/LATEST/images/aspirin/Liver/61589.svs,ftp://ftp.biosciencedbc.jp/archive/open-tggates-pathological-images/LATEST/images/aspirin/Liver/61589.svs,0
61598.svs,1,,E0630-G16-P0,E0630-G16-I5,abnormal,aspirin,High,0,2000,mg/kg,24 hr,24,Single,Gavage,6,2,1,1,minimal,Necrosis; Swelling,-; Centrilobular,minimal; minimal,true; false,630,16,5,Liver,1/1,https://dbarchive.biosciencedbc.jp/data/open-tggates-pathological-images/LATEST/images/aspirin/Liver/61598.svs,ftp://ftp.biosciencedbc.jp/archive/open-tggates-pathological-images/LATEST/images/aspirin/Liver/61598.svs,0
62662.svs,0,,E0665-G10-P0,E0665-G10-I1,normal,rosiglitazone maleate,Middle,0,100,mg/kg,6 hr,6,Single,Gavage,6,0,0,0,,,,,,665,10,1,Liver,1/1,https://dbarchive.biosciencedbc.jp/data/open-tggates-pathological-images/LATEST/images/rosiglitazone_maleate/Liver/62662.svs,ftp://ftp.biosciencedbc.jp/archive/open-tggates-pathological-images/LATEST/images/rosiglitazone_maleate/Liver/62662.svs,0
62664.svs,1,,E0665-G10-P0,E0665-G10-I2,abnormal,rosiglitazone maleate,Middle,0,100,mg/kg,6 hr,6,Single,Gavage,6,1,1,0,minimal,"Proliferation, Kupffer cell",-,minimal,false,665,10,2,Liver,1/1,https://dbarchive.biosciencedbc.jp/data/open-tggates-pathological-images/LATEST/images/rosiglitazone_maleate/Liver/62664.svs,ftp://ftp.biosciencedbc.jp/archive/open-tggates-pathological-images/LATEST/images/rosiglitazone_maleate/Liver/62664.svs,0
62666.svs,1,,E0665-G10-P1,E0665-G10-I3,abnormal,rosiglitazone maleate,Middle,0,100,mg/kg,6 hr,6,Single,Gavage,6,1,1,0,minimal,"Proliferation, Kupffer cell",-,minimal,false,665,10,3,Liver,1/1,https://dbarchive.biosciencedbc.jp/data/open-tggates-pathological-images/LATEST/images/rosiglitazone_maleate/Liver/62666.svs,ftp://ftp.biosciencedbc.jp/archive/open-tggates-pathological-images/LATEST/images/rosiglitazone_maleate/Liver/62666.svs,0
62667.svs,0,,E0665-G10-P1,E0665-G10-I4,normal,rosiglitazone maleate,Middle,0,100,mg/kg,6 hr,6,Single,Gavage,6,0,0,0,,,,,,665,10,4,Liver,1/1,https://dbarchive.biosciencedbc.jp/data/open-tggates-pathological-images/LATEST/images/rosiglitazone_maleate/Liver/62667.svs,ftp://ftp.biosciencedbc.jp/archive/open-tggates-pathological-images/LATEST/images/rosiglitazone_maleate/Liver/62667.svs,0
62701.svs,1,,E0665-G14-P0,E0665-G14-I1,abnormal,rosiglitazone maleate,High,0,500,mg/kg,6 hr,6,Single,Gavage,6,1,1,0,minimal,"Proliferation, Kupffer cell",-,minimal,false,665,14,1,Liver,1/1,https://dbarchive.biosciencedbc.jp/data/open-tggates-pathological-images/LATEST/images/rosiglitazone_maleate/Liver/62701.svs,ftp://ftp.biosciencedbc.jp/archive/open-tggates-pathological-images/LATEST/images/rosiglitazone_maleate/Liver/62701.svs,0
62709.svs,0,,E0665-G14-P0,E0665-G14-I5,normal,rosiglitazone maleate,High,0,500,mg/kg,6 hr,6,Single,Gavage,6,0,0,0,,,,,,665,14,5,Liver,1/1,https://dbarchive.biosciencedbc.jp/data/open-tggates-pathological-images/LATEST/images/rosiglitazone_maleate/Liver/62709.svs,ftp://ftp.biosciencedbc.jp/archive/open-tggates-pathological-images/LATEST/images/rosiglitazone_maleate/Liver/62709.svs,0
62711.svs,1,,E0665-G15-P0,E0665-G15-I1,abnormal,rosiglitazone maleate,High,0,500,mg/kg,9 hr,9,Single,Gavage,6,1,1,0,minimal,"Proliferation, Kupffer cell",-,minimal,false,665,15,1,Liver,1/1,https://dbarchive.biosciencedbc.jp/data/open-tggates-pathological-images/LATEST/images/rosiglitazone_maleate/Liver/62711.svs,ftp://ftp.biosciencedbc.jp/archive/open-tggates-pathological-images/LATEST/images/rosiglitazone_maleate/Liver/62711.svs,0
62712.svs,0,,E0665-G15-P0,E0665-G15-I2,normal,rosiglitazone maleate,High,0,500,mg/kg,9 hr,9,Single,Gavage,6,0,0,0,,,,,,665,15,2,Liver,1/1,https://dbarchive.biosciencedbc.jp/data/open-tggates-pathological-images/LATEST/images/rosiglitazone_maleate/Liver/62712.svs,ftp://ftp.biosciencedbc.jp/archive/open-tggates-pathological-images/LATEST/images/rosiglitazone_maleate/Liver/62712.svs,0
62842.svs,0,,E0666-G12-P0,E0666-G12-I1,normal,rosiglitazone maleate,Middle,0,20,mg/kg,29 day,696,Repeat,Gavage,6,0,0,0,,,,,,666,12,1,Liver,1/1,https://dbarchive.biosciencedbc.jp/data/open-tggates-pathological-images/LATEST/images/rosiglitazone_maleate/Liver/62842.svs,ftp://ftp.biosciencedbc.jp/archive/open-tggates-pathological-images/LATEST/images/rosiglitazone_maleate/Liver/62842.svs,0
62848.svs,1,,E0666-G12-P0,E0666-G12-I4,abnormal,rosiglitazone maleate,Middle,0,20,mg/kg,29 day,696,Repeat,Gavage,6,1,1,0,minimal,"Change, eosinophilic",Hepatocyte,minimal,false,666,12,4,Liver,1/1,https://dbarchive.biosciencedbc.jp/data/open-tggates-pathological-images/LATEST/images/rosiglitazone_maleate/Liver/62848.svs,ftp://ftp.biosciencedbc.jp/archive/open-tggates-pathological-images/LATEST/images/rosiglitazone_maleate/Liver/62848.svs,0
62883.svs,0,,E0666-G16-P0,E0666-G16-I1,normal,rosiglitazone maleate,High,0,100,mg/kg,29 day,696,Repeat,Gavage,6,0,0,0,,,,,,666,16,1,Liver,1/1,https://dbarchive.biosciencedbc.jp/data/open-tggates-pathological-images/LATEST/images/rosiglitazone_maleate/Liver/62883.svs,ftp://ftp.biosciencedbc.jp/archive/open-tggates-pathological-images/LATEST/images/rosiglitazone_maleate/Liver/62883.svs,0
62885.svs,1,,E0666-G16-P0,E0666-G16-I2,abnormal,rosiglitazone maleate,High,0,100,mg/kg,29 day,696,Repeat,Gavage,6,1,1,0,minimal,"Change, eosinophilic",Hepatocyte,minimal,false,666,16,2,Liver,1/1,https://dbarchive.biosciencedbc.jp/data/open-tggates-pathological-images/LATEST/images/rosiglitazone_maleate/Liver/62885.svs,ftp://ftp.biosciencedbc.jp/archive/open-tggates-pathological-images/LATEST/images/rosiglitazone_maleate/Liver/62885.svs,0
62887.svs,1,,E0666-G16-P1,E0666-G16-I3,abnormal,rosiglitazone maleate,High,0,100,mg/kg,29 day,696,Repeat,Gavage,6,1,1,0,minimal,"Change, eosinophilic",Hepatocyte,minimal,false,666,16,3,Liver,1/1,https://dbarchive.biosciencedbc.jp/data/open-tggates-pathological-images/LATEST/images/rosiglitazone_maleate/Liver/62887.svs,ftp://ftp.biosciencedbc.jp/archive/open-tggates-pathological-images/LATEST/images/rosiglitazone_maleate/Liver/62887.svs,0
62889.svs,0,,E0666-G16-P1,E0666-G16-I4,normal,rosiglitazone maleate,High,0,100,mg/kg,29 day,696,Repeat,Gavage,6,0,0,0,,,,,,666,16,4,Liver,1/1,https://dbarchive.biosciencedbc.jp/data/open-tggates-pathological-images/LATEST/images/rosiglitazone_maleate/Liver/62889.svs,ftp://ftp.biosciencedbc.jp/archive/open-tggates-pathological-images/LATEST/images/rosiglitazone_maleate/Liver/62889.svs,0
63406.svs,0,,E0684-G15-P0,E0684-G15-I1,normal,fluoxetine hydrochloride,High,0,30,mg/kg,15 day,360,Repeat,Gavage,6,0,0,0,,,,,,684,15,1,Liver,1/1,https://dbarchive.biosciencedbc.jp/data/open-tggates-pathological-images/LATEST/images/fluoxetine_hydrochloride/Liver/63406.svs,ftp://ftp.biosciencedbc.jp/archive/open-tggates-pathological-images/LATEST/images/fluoxetine_hydrochloride/Liver/63406.svs,0
63411.svs,1,,E0684-G15-P0,E0684-G15-I3,abnormal,fluoxetine hydrochloride,High,0,30,mg/kg,15 day,360,Repeat,Gavage,6,1,1,0,minimal,"Vacuolization, cytoplasmic",Hepatocyte,minimal,false,684,15,3,Liver,1/1,https://dbarchive.biosciencedbc.jp/data/open-tggates-pathological-images/LATEST/images/fluoxetine_hydrochloride/Liver/63411.svs,ftp://ftp.biosciencedbc.jp/archive/open-tggates-pathological-images/LATEST/images/fluoxetine_hydrochloride/Liver/63411.svs,0
63446.svs,1,,E0685-G08-P0,E0685-G08-I1,abnormal,methylene dianiline,Low,0,30,mg/kg,24 hr,24,Single,Gavage,6,2,2,0,minimal,Dilatation; Necrosis,Lymphatic; Bile duct cell,minimal; minimal,false; false,685,8,1,Liver,1/1,https://dbarchive.biosciencedbc.jp/data/open-tggates-pathological-images/LATEST/images/methylene_dianiline/Liver/63446.svs,ftp://ftp.biosciencedbc.jp/archive/open-tggates-pathological-images/LATEST/images/methylene_dianiline/Liver/63446.svs,0
63450.svs,1,,E0685-G08-P1,E0685-G08-I2,abnormal,methylene dianiline,Low,0,30,mg/kg,24 hr,24,Single,Gavage,6,5,5,0,slight,Cellular infiltration; Dilatation; Edema; Hemorrhage; Necrosis,Glisson's sheath; Lymphatic; Glisson's sheath; Glisson's sheath; Bile duct cell,slight; slight; minimal; minimal; slight,false; false; false; false; false,685,8,2,Liver,1/1,https://dbarchive.biosciencedbc.jp/data/open-tggates-pathological-images/LATEST/images/methylene_dianiline/Liver/63450.svs,ftp://ftp.biosciencedbc.jp/archive/open-tggates-pathological-images/LATEST/images/methylene_dianiline/Liver/63450.svs,0
63454.svs,0,,E0685-G08-P0,E0685-G08-I3,normal,methylene dianiline,Low,0,30,mg/kg,24 hr,24,Single,Gavage,6,0,0,0,,,,,,685,8,3,Liver,1/1,https://dbarchive.biosciencedbc.jp/data/open-tggates-pathological-images/LATEST/images/methylene_dianiline/Liver/63454.svs,ftp://ftp.biosciencedbc.jp/archive/open-tggates-pathological-images/LATEST/images/methylene_dianiline/Liver/63454.svs,0
63458.svs,0,,E0685-G08-P1,E0685-G08-I4,normal,methylene dianiline,Low,0,30,mg/kg,24 hr,24,Single,Gavage,6,0,0,0,,,,,,685,8,4,Liver,1/1,https://dbarchive.biosciencedbc.jp/data/open-tggates-pathological-images/LATEST/images/methylene_dianiline/Liver/63458.svs,ftp://ftp.biosciencedbc.jp/archive/open-tggates-pathological-images/LATEST/images/methylene_dianiline/Liver/63458.svs,0
63740.svs,0,,E0686-G10-P0,E0686-G10-I1,normal,methylene dianiline,Middle,0,30,mg/kg,8 day,192,Repeat,Gavage,6,0,0,0,,,,,,686,10,1,Liver,1/1,https://dbarchive.biosciencedbc.jp/data/open-tggates-pathological-images/LATEST/images/methylene_dianiline/Liver/63740.svs,ftp://ftp.biosciencedbc.jp/archive/open-tggates-pathological-images/LATEST/images/methylene_dianiline/Liver/63740.svs,0
63744.svs,0,,E0686-G10-P1,E0686-G10-I2,normal,methylene dianiline,Middle,0,30,mg/kg,8 day,192,Repeat,Gavage,6,0,0,0,,,,,,686,10,2,Liver,1/1,https://dbarchive.biosciencedbc.jp/data/open-tggates-pathological-images/LATEST/images/methylene_dianiline/Liver/63744.svs,ftp://ftp.biosciencedbc.jp/archive/open-tggates-pathological-images/LATEST/images/methylene_dianiline/Liver/63744.svs,0
63748.svs,1,,E0686-G10-P0,E0686-G10-I3,abnormal,methylene dianiline,Middle,0,30,mg/kg,8 day,192,Repeat,Gavage,6,2,2,0,minimal,"Cellular infiltration; Proliferation, bile duct",Glisson's sheath; -,minimal; minimal,false; false,686,10,3,Liver,1/1,https://dbarchive.biosciencedbc.jp/data/open-tggates-pathological-images/LATEST/images/methylene_dianiline/Liver/63748.svs,ftp://ftp.biosciencedbc.jp/archive/open-tggates-pathological-images/LATEST/images/methylene_dianiline/Liver/63748.svs,0
63752.svs,1,,E0686-G10-P1,E0686-G10-I4,abnormal,methylene dianiline,Middle,0,30,mg/kg,8 day,192,Repeat,Gavage,6,1,1,0,minimal,"Proliferation, bile duct",-,minimal,false,686,10,4,Liver,1/1,https://dbarchive.biosciencedbc.jp/data/open-tggates-pathological-images/LATEST/images/methylene_dianiline/Liver/63752.svs,ftp://ftp.biosciencedbc.jp/archive/open-tggates-pathological-images/LATEST/images/methylene_dianiline/Liver/63752.svs,0
63831.svs,1,,E0686-G11-P0,E0686-G11-I1,abnormal,methylene dianiline,Middle,0,30,mg/kg,15 day,360,Repeat,Gavage,6,2,2,0,minimal,"Cellular infiltration; Proliferation, bile duct",Glisson's sheath; -,minimal; minimal,false; false,686,11,1,Liver,1/1,https://dbarchive.biosciencedbc.jp/data/open-tggates-pathological-images/LATEST/images/methylene_dianiline/Liver/63831.svs,ftp://ftp.biosciencedbc.jp/archive/open-tggates-pathological-images/LATEST/images/methylene_dianiline/Liver/63831.svs,0
63836.svs,0,,E0686-G11-P0,E0686-G11-I2,normal,methylene dianiline,Middle,0,30,mg/kg,15 day,360,Repeat,Gavage,6,0,0,0,,,,,,686,11,2,Liver,1/1,https://dbarchive.biosciencedbc.jp/data/open-tggates-pathological-images/LATEST/images/methylene_dianiline/Liver/63836.svs,ftp://ftp.biosciencedbc.jp/archive/open-tggates-pathological-images/LATEST/images/methylene_dianiline/Liver/63836.svs,0
63923.svs,0,,E0686-G12-P0,E0686-G12-I1,normal,methylene dianiline,Middle,0,30,mg/kg,29 day,696,Repeat,Gavage,6,0,0,0,,,,,,686,12,1,Liver,1/1,https://dbarchive.biosciencedbc.jp/data/open-tggates-pathological-images/LATEST/images/methylene_dianiline/Liver/63923.svs,ftp://ftp.biosciencedbc.jp/archive/open-tggates-pathological-images/LATEST/images/methylene_dianiline/Liver/63923.svs,0
63937.svs,1,,E0686-G12-P0,E0686-G12-I5,abnormal,methylene dianiline,Middle,0,30,mg/kg,29 day,696,Repeat,Gavage,6,3,3,0,minimal,"Cellular infiltration; Proliferation, bile duct; Single cell necrosis",Glisson's sheath; -; Hepatocyte,minimal; minimal; minimal,false; false; false,686,12,5,Liver,1/1,https://dbarchive.biosciencedbc.jp/data/open-tggates-pathological-images/LATEST/images/methylene_dianiline/Liver/63937.svs,ftp://ftp.biosciencedbc.jp/archive/open-tggates-pathological-images/LATEST/images/methylene_dianiline/Liver/63937.svs,0
64586.svs,0,,E0688-G16-P0,E0688-G16-I1,normal,butylated hydroxyanisole,High,0,2000,mg/kg,29 day,696,Repeat,Gavage,6,0,0,0,,,,,,688,16,1,Liver,1/1,https://dbarchive.biosciencedbc.jp/data/open-tggates-pathological-images/LATEST/images/butylated_hydroxyanisole/Liver/64586.svs,ftp://ftp.biosciencedbc.jp/archive/open-tggates-pathological-images/LATEST/images/butylated_hydroxyanisole/Liver/64586.svs,0
64601.svs,1,,E0688-G16-P0,E0688-G16-I5,abnormal,butylated hydroxyanisole,High,0,2000,mg/kg,29 day,696,Repeat,Gavage,6,1,1,0,minimal,Hypertrophy,Centrilobular,minimal,false,688,16,5,Liver,1/1,https://dbarchive.biosciencedbc.jp/data/open-tggates-pathological-images/LATEST/images/butylated_hydroxyanisole/Liver/64601.svs,ftp://ftp.biosciencedbc.jp/archive/open-tggates-pathological-images/LATEST/images/butylated_hydroxyanisole/Liver/64601.svs,0
65121.svs,1,,E0691-G16-P0,E0691-G16-I1,abnormal,amphotericin B,High,0,1,mg/kg,29 day,696,Repeat,intravenous injection,6,1,1,0,slight,Necrosis,-,slight,false,691,16,1,Liver,1/1,https://dbarchive.biosciencedbc.jp/data/open-tggates-pathological-images/LATEST/images/amphotericin_B/Liver/65121.svs,ftp://ftp.biosciencedbc.jp/archive/open-tggates-pathological-images/LATEST/images/amphotericin_B/Liver/65121.svs,0
65124.svs,0,,E0691-G16-P0,E0691-G16-I2,normal,amphotericin B,High,0,1,mg/kg,29 day,696,Repeat,intravenous injection,6,0,0,0,,,,,,691,16,2,Liver,1/1,https://dbarchive.biosciencedbc.jp/data/open-tggates-pathological-images/LATEST/images/amphotericin_B/Liver/65124.svs,ftp://ftp.biosciencedbc.jp/archive/open-tggates-pathological-images/LATEST/images/amphotericin_B/Liver/65124.svs,0
66518.svs,1,,E0708-G05-P0,E0708-G05-I1,abnormal,3-methylcholanthrene,Low,0,10,mg/kg,3 hr,3,Single,Gavage,6,1,1,0,slight,Increased mitosis,Hepatocyte,slight,false,708,5,1,Liver,1/1,https://dbarchive.biosciencedbc.jp/data/open-tggates-pathological-images/LATEST/images/3-methylcholanthrene/Liver/66518.svs,ftp://ftp.biosciencedbc.jp/archive/open-tggates-pathological-images/LATEST/images/3-methylcholanthrene/Liver/66518.svs,0
66535.svs,0,,E0708-G05-P0,E0708-G05-I5,normal,3-methylcholanthrene,Low,0,10,mg/kg,3 hr,3,Single,Gavage,6,0,0,0,,,,,,708,5,5,Liver,1/1,https://dbarchive.biosciencedbc.jp/data/open-tggates-pathological-images/LATEST/images/3-methylcholanthrene/Liver/66535.svs,ftp://ftp.biosciencedbc.jp/archive/open-tggates-pathological-images/LATEST/images/3-methylcholanthrene/Liver/66535.svs,0
66668.svs,0,,E0708-G10-P0,E0708-G10-I1,normal,3-methylcholanthrene,Middle,0,30,mg/kg,6 hr,6,Single,Gavage,6,0,0,0,,,,,,708,10,1,Liver,1/1,https://dbarchive.biosciencedbc.jp/data/open-tggates-pathological-images/LATEST/images/3-methylcholanthrene/Liver/66668.svs,ftp://ftp.biosciencedbc.jp/archive/open-tggates-pathological-images/LATEST/images/3-methylcholanthrene/Liver/66668.svs,0
66688.svs,1,,E0708-G10-P0,E0708-G10-I5,abnormal,3-methylcholanthrene,Middle,0,30,mg/kg,6 hr,6,Single,Gavage,6,1,1,0,slight,Single cell necrosis,Centrilobular,slight,false,708,10,5,Liver,1/1,https://dbarchive.biosciencedbc.jp/data/open-tggates-pathological-images/LATEST/images/3-methylcholanthrene/Liver/66688.svs,ftp://ftp.biosciencedbc.jp/archive/open-tggates-pathological-images/LATEST/images/3-methylcholanthrene/Liver/66688.svs,0
66776.svs,0,,E0708-G14-P0,E0708-G14-I1,normal,3-methylcholanthrene,High,0,100,mg/kg,6 hr,6,Single,Gavage,6,0,0,0,,,,,,708,14,1,Liver,1/1,https://dbarchive.biosciencedbc.jp/data/open-tggates-pathological-images/LATEST/images/3-methylcholanthrene/Liver/66776.svs,ftp://ftp.biosciencedbc.jp/archive/open-tggates-pathological-images/LATEST/images/3-methylcholanthrene/Liver/66776.svs,0
66786.svs,1,,E0708-G14-P0,E0708-G14-I3,abnormal,3-methylcholanthrene,High,0,100,mg/kg,6 hr,6,Single,Gavage,6,1,1,0,slight,Single cell necrosis,Centrilobular,slight,false,708,14,3,Liver,1/1,https://dbarchive.biosciencedbc.jp/data/open-tggates-pathological-images/LATEST/images/3-methylcholanthrene/Liver/66786.svs,ftp://ftp.biosciencedbc.jp/archive/open-tggates-pathological-images/LATEST/images/3-methylcholanthrene/Liver/66786.svs,0
66829.svs,1,,E0708-G16-P0,E0708-G16-I1,abnormal,3-methylcholanthrene,High,0,100,mg/kg,24 hr,24,Single,Gavage,6,1,1,0,slight,Single cell necrosis,Centrilobular,slight,false,708,16,1,Liver,1/1,https://dbarchive.biosciencedbc.jp/data/open-tggates-pathological-images/LATEST/images/3-methylcholanthrene/Liver/66829.svs,ftp://ftp.biosciencedbc.jp/archive/open-tggates-pathological-images/LATEST/images/3-methylcholanthrene/Liver/66829.svs,0
66835.svs,0,,E0708-G16-P0,E0708-G16-I2,normal,3-methylcholanthrene,High,0,100,mg/kg,24 hr,24,Single,Gavage,6,0,0,0,,,,,,708,16,2,Liver,1/1,https://dbarchive.biosciencedbc.jp/data/open-tggates-pathological-images/LATEST/images/3-methylcholanthrene/Liver/66835.svs,ftp://ftp.biosciencedbc.jp/archive/open-tggates-pathological-images/LATEST/images/3-methylcholanthrene/Liver/66835.svs,0
65607.svs,1,,E0713-G09-P0,E0713-G09-I1,abnormal,acetamide,Middle,0,1000,mg/kg,4 day,96,Repeat,Gavage,6,1,1,0,slight,Pyknosis,Hepatocyte,slight,false,713,9,1,Liver,1/1,https://dbarchive.biosciencedbc.jp/data/open-tggates-pathological-images/LATEST/images/acetamide/Liver/65607.svs,ftp://ftp.biosciencedbc.jp/archive/open-tggates-pathological-images/LATEST/images/acetamide/Liver/65607.svs,0
65611.svs,0,,E0713-G09-P0,E0713-G09-I2,normal,acetamide,Middle,0,1000,mg/kg,4 day,96,Repeat,Gavage,6,0,0,0,,,,,,713,9,2,Liver,1/1,https://dbarchive.biosciencedbc.jp/data/open-tggates-pathological-images/LATEST/images/acetamide/Liver/65611.svs,ftp://ftp.biosciencedbc.jp/archive/open-tggates-pathological-images/LATEST/images/acetamide/Liver/65611.svs,0
65615.svs,1,,E0713-G09-P1,E0713-G09-I3,abnormal,acetamide,Middle,0,1000,mg/kg,4 day,96,Repeat,Gavage,6,1,1,0,slight,Pyknosis,Hepatocyte,slight,false,713,9,3,Liver,1/1,https://dbarchive.biosciencedbc.jp/data/open-tggates-pathological-images/LATEST/images/acetamide/Liver/65615.svs,ftp://ftp.biosciencedbc.jp/archive/open-tggates-pathological-images/LATEST/images/acetamide/Liver/65615.svs,0
65619.svs,0,,E0713-G09-P1,E0713-G09-I4,normal,acetamide,Middle,0,1000,mg/kg,4 day,96,Repeat,Gavage,6,0,0,0,,,,,,713,9,4,Liver,1/1,https://dbarchive.biosciencedbc.jp/data/open-tggates-pathological-images/LATEST/images/acetamide/Liver/65619.svs,ftp://ftp.biosciencedbc.jp/archive/open-tggates-pathological-images/LATEST/images/acetamide/Liver/65619.svs,0
65626.svs,1,,E0713-G10-P0,E0713-G10-I1,abnormal,acetamide,Middle,0,1000,mg/kg,8 day,192,Repeat,Gavage,6,2,2,0,slight,"Change, acidophilic; Pyknosis",Hepatocyte; Hepatocyte,slight; slight,false; false,713,10,1,Liver,1/1,https://dbarchive.biosciencedbc.jp/data/open-tggates-pathological-images/LATEST/images/acetamide/Liver/65626.svs,ftp://ftp.biosciencedbc.jp/archive/open-tggates-pathological-images/LATEST/images/acetamide/Liver/65626.svs,0
65634.svs,0,,E0713-G10-P0,E0713-G10-I3,normal,acetamide,Middle,0,1000,mg/kg,8 day,192,Repeat,Gavage,6,0,0,0,,,,,,713,10,3,Liver,1/1,https://dbarchive.biosciencedbc.jp/data/open-tggates-pathological-images/LATEST/images/acetamide/Liver/65634.svs,ftp://ftp.biosciencedbc.jp/archive/open-tggates-pathological-images/LATEST/images/acetamide/Liver/65634.svs,0
65666.svs,1,,E0713-G12-P0,E0713-G12-I1,abnormal,acetamide,Middle,0,1000,mg/kg,29 day,696,Repeat,Gavage,6,3,3,0,slight,"Anisonucleosis; Change, acidophilic; Pyknosis",Hepatocyte; Hepatocyte; Hepatocyte,slight; slight; slight,false; false; false,713,12,1,Liver,1/1,https://dbarchive.biosciencedbc.jp/data/open-tggates-pathological-images/LATEST/images/acetamide/Liver/65666.svs,ftp://ftp.biosciencedbc.jp/archive/open-tggates-pathological-images/LATEST/images/acetamide/Liver/65666.svs,0
65670.svs,0,,E0713-G12-P0,E0713-G12-I2,normal,acetamide,Middle,0,1000,mg/kg,29 day,696,Repeat,Gavage,6,0,0,0,,,,,,713,12,2,Liver,1/1,https://dbarchive.biosciencedbc.jp/data/open-tggates-pathological-images/LATEST/images/acetamide/Liver/65670.svs,ftp://ftp.biosciencedbc.jp/archive/open-tggates-pathological-images/LATEST/images/acetamide/Liver/65670.svs,0
65686.svs,1,,E0713-G13-P0,E0713-G13-I1,abnormal,acetamide,High,0,2000,mg/kg,4 day,96,Repeat,Gavage,6,5,5,0,severe,"Anisonucleosis; Cellular infiltration, mononuclear cell; Change, acidophilic; Pyknosis; Single cell necrosis",Hepatocyte; -; Hepatocyte; Hepatocyte; Hepatocyte,moderate; slight; severe; severe; moderate,false; false; false; false; false,713,13,1,Liver,1/1,https://dbarchive.biosciencedbc.jp/data/open-tggates-pathological-images/LATEST/images/acetamide/Liver/65686.svs,ftp://ftp.biosciencedbc.jp/archive/open-tggates-pathological-images/LATEST/images/acetamide/Liver/65686.svs,0
65690.svs,0,,E0713-G13-P0,E0713-G13-I2,normal,acetamide,High,0,2000,mg/kg,4 day,96,Repeat,Gavage,6,0,0,0,,,,,,713,13,2,Liver,1/1,https://dbarchive.biosciencedbc.jp/data/open-tggates-pathological-images/LATEST/images/acetamide/Liver/65690.svs,ftp://ftp.biosciencedbc.jp/archive/open-tggates-pathological-images/LATEST/images/acetamide/Liver/65690.svs,0
65694.svs,0,,E0713-G13-P1,E0713-G13-I3,normal,acetamide,High,0,2000,mg/kg,4 day,96,Repeat,Gavage,6,0,0,0,,,,,,713,13,3,Liver,1/1,https://dbarchive.biosciencedbc.jp/data/open-tggates-pathological-images/LATEST/images/acetamide/Liver/65694.svs,ftp://ftp.biosciencedbc.jp/archive/open-tggates-pathological-images/LATEST/images/acetamide/Liver/65694.svs,0
65698.svs,1,,E0713-G13-P1,E0713-G13-I4,abnormal,acetamide,High,0,2000,mg/kg,4 day,96,Repeat,Gavage,6,4,4,0,moderate,"Anisonucleosis; Change, acidophilic; Pyknosis; Single cell necrosis",Hepatocyte; Hepatocyte; Hepatocyte; Hepatocyte,slight; moderate; moderate; slight,false; false; false; false,713,13,4,Liver,1/1,https://dbarchive.biosciencedbc.jp/data/open-tggates-pathological-images/LATEST/images/acetamide/Liver/65698.svs,ftp://ftp.biosciencedbc.jp/archive/open-tggates-pathological-images/LATEST/images/acetamide/Liver/65698.svs,0
65745.svs,1,,E0713-G16-P0,E0713-G16-I1,abnormal,acetamide,High,0,2000,mg/kg,29 day,696,Repeat,Gavage,6,3,3,0,slight,"Anisonucleosis; Change, acidophilic; Pyknosis",Hepatocyte; Hepatocyte; Hepatocyte,slight; slight; slight,false; false; false,713,16,1,Liver,1/1,https://dbarchive.biosciencedbc.jp/data/open-tggates-pathological-images/LATEST/images/acetamide/Liver/65745.svs,ftp://ftp.biosciencedbc.jp/archive/open-tggates-pathological-images/LATEST/images/acetamide/Liver/65745.svs,0
65753.svs,0,,E0713-G16-P0,E0713-G16-I3,normal,acetamide,High,0,2000,mg/kg,29 day,696,Repeat,Gavage,6,0,0,0,,,,,,713,16,3,Liver,1/1,https://dbarchive.biosciencedbc.jp/data/open-tggates-pathological-images/LATEST/images/acetamide/Liver/65753.svs,ftp://ftp.biosciencedbc.jp/archive/open-tggates-pathological-images/LATEST/images/acetamide/Liver/65753.svs,0
65341.svs,1,,E0716-G04-P0,E0716-G04-I1,abnormal,N-methyl-N-nitrosourea,High,0,100,mg/kg,24 hr,24,Single,intraperitoneal injection,6,1,1,0,slight,"Alteration, nuclear",Hepatocyte,slight,false,716,4,1,Liver,1/1,https://dbarchive.biosciencedbc.jp/data/open-tggates-pathological-images/LATEST/images/N-methyl-N-nitrosourea/Liver/65341.svs,ftp://ftp.biosciencedbc.jp/archive/open-tggates-pathological-images/LATEST/images/N-methyl-N-nitrosourea/Liver/65341.svs,0
65345.svs,0,,E0716-G04-P0,E0716-G04-I2,normal,N-methyl-N-nitrosourea,High,0,100,mg/kg,24 hr,24,Single,intraperitoneal injection,6,0,0,0,,,,,,716,4,2,Liver,1/1,https://dbarchive.biosciencedbc.jp/data/open-tggates-pathological-images/LATEST/images/N-methyl-N-nitrosourea/Liver/65345.svs,ftp://ftp.biosciencedbc.jp/archive/open-tggates-pathological-images/LATEST/images/N-methyl-N-nitrosourea/Liver/65345.svs,0
65379.svs,0,,E0717-G02-P0,E0717-G02-I1,normal,aflatoxin B1,Low,0,1,mg/kg,24 hr,24,Single,Gavage,6,0,0,0,,,,,,717,2,1,Liver,1/1,https://dbarchive.biosciencedbc.jp/data/open-tggates-pathological-images/LATEST/images/aflatoxin_B1/Liver/65379.svs,ftp://ftp.biosciencedbc.jp/archive/open-tggates-pathological-images/LATEST/images/aflatoxin_B1/Liver/65379.svs,0
65383.svs,1,,E0717-G02-P0,E0717-G02-I2,abnormal,aflatoxin B1,Low,0,1,mg/kg,24 hr,24,Single,Gavage,6,2,2,0,slight,"Change, eosinophilic; Single cell necrosis",Periportal; Periportal,slight; slight,false; false,717,2,2,Liver,1/1,https://dbarchive.biosciencedbc.jp/data/open-tggates-pathological-images/LATEST/images/aflatoxin_B1/Liver/65383.svs,ftp://ftp.biosciencedbc.jp/archive/open-tggates-pathological-images/LATEST/images/aflatoxin_B1/Liver/65383.svs,0
65387.svs,1,,E0717-G02-P1,E0717-G02-I3,abnormal,aflatoxin B1,Low,0,1,mg/kg,24 hr,24,Single,Gavage,6,2,2,0,slight,"Change, eosinophilic; Single cell necrosis",Periportal; Periportal,slight; slight,false; false,717,2,3,Liver,1/1,https://dbarchive.biosciencedbc.jp/data/open-tggates-pathological-images/LATEST/images/aflatoxin_B1/Liver/65387.svs,ftp://ftp.biosciencedbc.jp/archive/open-tggates-pathological-images/LATEST/images/aflatoxin_B1/Liver/65387.svs,0
65391.svs,0,,E0717-G02-P1,E0717-G02-I4,normal,aflatoxin B1,Low,0,1,mg/kg,24 hr,24,Single,Gavage,6,0,0,0,,,,,,717,2,4,Liver,1/1,https://dbarchive.biosciencedbc.jp/data/open-tggates-pathological-images/LATEST/images/aflatoxin_B1/Liver/65391.svs,ftp://ftp.biosciencedbc.jp/archive/open-tggates-pathological-images/LATEST/images/aflatoxin_B1/Liver/65391.svs,0
66236.svs,1,,E0740-G10-P0,E0740-G10-I1,abnormal,bortezomib,Middle,1,0,mg/kg,6 hr,6,Single,intravenous injection,6,2,2,0,slight,"Change, eosinophilic; Single cell necrosis",Peripheral; Hepatocyte,slight; slight,false; false,740,10,1,Liver,1/1,https://dbarchive.biosciencedbc.jp/data/open-tggates-pathological-images/LATEST/images/bortezomib/Liver/66236.svs,ftp://ftp.biosciencedbc.jp/archive/open-tggates-pathological-images/LATEST/images/bortezomib/Liver/66236.svs,0
66247.svs,0,,E0740-G10-P0,E0740-G10-I3,normal,bortezomib,Middle,1,0,mg/kg,6 hr,6,Single,intravenous injection,6,0,0,0,,,,,,740,10,3,Liver,1/1,https://dbarchive.biosciencedbc.jp/data/open-tggates-pathological-images/LATEST/images/bortezomib/Liver/66247.svs,ftp://ftp.biosciencedbc.jp/archive/open-tggates-pathological-images/LATEST/images/bortezomib/Liver/66247.svs,0
66473.svs,0,,E0740-G11-P0,E0740-G11-I1,normal,bortezomib,Middle,1,0,mg/kg,9 hr,9,Single,intravenous injection,6,0,0,0,,,,,,740,11,1,Liver,1/1,https://dbarchive.biosciencedbc.jp/data/open-tggates-pathological-images/LATEST/images/bortezomib/Liver/66473.svs,ftp://ftp.biosciencedbc.jp/archive/open-tggates-pathological-images/LATEST/images/bortezomib/Liver/66473.svs,0
66267.svs,0,,E0740-G11-P1,E0740-G11-I2,normal,bortezomib,Middle,1,0,mg/kg,9 hr,9,Single,intravenous injection,6,0,0,0,,,,,,740,11,2,Liver,1/1,https://dbarchive.biosciencedbc.jp/data/open-tggates-pathological-images/LATEST/images/bortezomib/Liver/66267.svs,ftp://ftp.biosciencedbc.jp/archive/open-tggates-pathological-images/LATEST/images/bortezomib/Liver/66267.svs,0
66271.svs,1,,E0740-G11-P0,E0740-G11-I3,abnormal,bortezomib,Middle,1,0,mg/kg,9 hr,9,Single,intravenous injection,6,1,1,0,slight,"Change, eosinophilic",Peripheral,slight,false,740,11,3,Liver,1/1,https://dbarchive.biosciencedbc.jp/data/open-tggates-pathological-images/LATEST/images/bortezomib/Liver/66271.svs,ftp://ftp.biosciencedbc.jp/archive/open-tggates-pathological-images/LATEST/images/bortezomib/Liver/66271.svs,0
66279.svs,1,,E0740-G11-P1,E0740-G11-I5,abnormal,bortezomib,Middle,1,0,mg/kg,9 hr,9,Single,intravenous injection,6,1,1,0,slight,"Change, eosinophilic",Peripheral,slight,false,740,11,5,Liver,1/1,https://dbarchive.biosciencedbc.jp/data/open-tggates-pathological-images/LATEST/images/bortezomib/Liver/66279.svs,ftp://ftp.biosciencedbc.jp/archive/open-tggates-pathological-images/LATEST/images/bortezomib/Liver/66279.svs,0
70974.svs,0,,E0740-G12-P0,E0740-G12-I1,normal,bortezomib,Middle,1,0,mg/kg,24 hr,24,Single,intravenous injection,6,0,0,0,,,,,,740,12,1,Liver,1/1,https://dbarchive.biosciencedbc.jp/data/open-tggates-pathological-images/LATEST/images/bortezomib/Liver/70974.svs,ftp://ftp.biosciencedbc.jp/archive/open-tggates-pathological-images/LATEST/images/bortezomib/Liver/70974.svs,0
66287.svs,1,,E0740-G12-P0,E0740-G12-I2,abnormal,bortezomib,Middle,1,0,mg/kg,24 hr,24,Single,intravenous injection,6,4,4,0,severe,"Alteration, nuclear; Change, eosinophilic; Hypertrophy; Vacuolization, cytoplasmic",Peripheral; Peripheral; Peripheral; Peripheral,severe; moderate; moderate; slight,false; false; false; false,740,12,2,Liver,1/1,https://dbarchive.biosciencedbc.jp/data/open-tggates-pathological-images/LATEST/images/bortezomib/Liver/66287.svs,ftp://ftp.biosciencedbc.jp/archive/open-tggates-pathological-images/LATEST/images/bortezomib/Liver/66287.svs,0
66292.svs,0,,E0740-G12-P1,E0740-G12-I3,normal,bortezomib,Middle,1,0,mg/kg,24 hr,24,Single,intravenous injection,6,0,0,0,,,,,,740,12,3,Liver,1/1,https://dbarchive.biosciencedbc.jp/data/open-tggates-pathological-images/LATEST/images/bortezomib/Liver/66292.svs,ftp://ftp.biosciencedbc.jp/archive/open-tggates-pathological-images/LATEST/images/bortezomib/Liver/66292.svs,0
66297.svs,1,,E0740-G12-P1,E0740-G12-I4,abnormal,bortezomib,Middle,1,0,mg/kg,24 hr,24,Single,intravenous injection,6,3,3,0,moderate,"Alteration, nuclear; Change, eosinophilic; Hypertrophy",Peripheral; Peripheral; Peripheral,moderate; moderate; moderate,false; false; false,740,12,4,Liver,1/1,https://dbarchive.biosciencedbc.jp/data/open-tggates-pathological-images/LATEST/images/bortezomib/Liver/66297.svs,ftp://ftp.biosciencedbc.jp/archive/open-tggates-pathological-images/LATEST/images/bortezomib/Liver/66297.svs,0
67244.svs,0,,E0742-G12-P0,E0742-G12-I1,normal,"imatinib, methanesulfonate salt",Middle,0,200,mg/kg,24 hr,24,Single,Gavage,6,0,0,0,,,,,,742,12,1,Liver,1/1,https://dbarchive.biosciencedbc.jp/data/open-tggates-pathological-images/LATEST/images/imatinib%2C_methanesulfonate_salt/Liver/67244.svs,ftp://ftp.biosciencedbc.jp/archive/open-tggates-pathological-images/LATEST/images/imatinib%2C_methanesulfonate_salt/Liver/67244.svs,0
67249.svs,1,,E0742-G12-P0,E0742-G12-I2,abnormal,"imatinib, methanesulfonate salt",Middle,0,200,mg/kg,24 hr,24,Single,Gavage,6,1,1,0,slight,"Lesion,NOS",Hepatocyte,slight,false,742,12,2,Liver,1/1,https://dbarchive.biosciencedbc.jp/data/open-tggates-pathological-images/LATEST/images/imatinib%2C_methanesulfonate_salt/Liver/67249.svs,ftp://ftp.biosciencedbc.jp/archive/open-tggates-pathological-images/LATEST/images/imatinib%2C_methanesulfonate_salt/Liver/67249.svs,0
67255.svs,0,,E0742-G12-P1,E0742-G12-I3,normal,"imatinib, methanesulfonate salt",Middle,0,200,mg/kg,24 hr,24,Single,Gavage,6,0,0,0,,,,,,742,12,3,Liver,1/1,https://dbarchive.biosciencedbc.jp/data/open-tggates-pathological-images/LATEST/images/imatinib%2C_methanesulfonate_salt/Liver/67255.svs,ftp://ftp.biosciencedbc.jp/archive/open-tggates-pathological-images/LATEST/images/imatinib%2C_methanesulfonate_salt/Liver/67255.svs,0
67266.svs,1,,E0742-G12-P1,E0742-G12-I5,abnormal,"imatinib, methanesulfonate salt",Middle,0,200,mg/kg,24 hr,24,Single,Gavage,6,1,1,0,slight,"Lesion,NOS",Hepatocyte,slight,false,742,12,5,Liver,1/1,https://dbarchive.biosciencedbc.jp/data/open-tggates-pathological-images/LATEST/images/imatinib%2C_methanesulfonate_salt/Liver/67266.svs,ftp://ftp.biosciencedbc.jp/archive/open-tggates-pathological-images/LATEST/images/imatinib%2C_methanesulfonate_salt/Liver/67266.svs,0
66982.svs,1,,E0745-G08-P0,E0745-G08-I1,abnormal,gefitinib,Low,0,200,mg/kg,24 hr,24,Single,Gavage,6,1,1,0,slight,"Lesion,NOS",Hepatocyte,slight,false,745,8,1,Liver,1/1,https://dbarchive.biosciencedbc.jp/data/open-tggates-pathological-images/LATEST/images/gefitinib/Liver/66982.svs,ftp://ftp.biosciencedbc.jp/archive/open-tggates-pathological-images/LATEST/images/gefitinib/Liver/66982.svs,0
67004.svs,0,,E0745-G08-P0,E0745-G08-I5,normal,gefitinib,Low,0,200,mg/kg,24 hr,24,Single,Gavage,6,0,0,0,,,,,,745,8,5,Liver,1/1,https://dbarchive.biosciencedbc.jp/data/open-tggates-pathological-images/LATEST/images/gefitinib/Liver/67004.svs,ftp://ftp.biosciencedbc.jp/archive/open-tggates-pathological-images/LATEST/images/gefitinib/Liver/67004.svs,0
67063.svs,1,,E0745-G11-P0,E0745-G11-I1,abnormal,gefitinib,Middle,0,600,mg/kg,9 hr,9,Single,Gavage,6,1,1,0,slight,Single cell necrosis,Hepatocyte,slight,false,745,11,1,Liver,1/1,https://dbarchive.biosciencedbc.jp/data/open-tggates-pathological-images/LATEST/images/gefitinib/Liver/67063.svs,ftp://ftp.biosciencedbc.jp/archive/open-tggates-pathological-images/LATEST/images/gefitinib/Liver/67063.svs,0
67068.svs,0,,E0745-G11-P0,E0745-G11-I2,normal,gefitinib,Middle,0,600,mg/kg,9 hr,9,Single,Gavage,6,0,0,0,,,,,,745,11,2,Liver,1/1,https://dbarchive.biosciencedbc.jp/data/open-tggates-pathological-images/LATEST/images/gefitinib/Liver/67068.svs,ftp://ftp.biosciencedbc.jp/archive/open-tggates-pathological-images/LATEST/images/gefitinib/Liver/67068.svs,0
67073.svs,0,,E0745-G11-P1,E0745-G11-I3,normal,gefitinib,Middle,0,600,mg/kg,9 hr,9,Single,Gavage,6,0,0,0,,,,,,745,11,3,Liver,1/1,https://dbarchive.biosciencedbc.jp/data/open-tggates-pathological-images/LATEST/images/gefitinib/Liver/67073.svs,ftp://ftp.biosciencedbc.jp/archive/open-tggates-pathological-images/LATEST/images/gefitinib/Liver/67073.svs,0
67084.svs,1,,E0745-G11-P1,E0745-G11-I5,abnormal,gefitinib,Middle,0,600,mg/kg,9 hr,9,Single,Gavage,6,1,1,0,slight,Single cell necrosis,Hepatocyte,slight,false,745,11,5,Liver,1/1,https://dbarchive.biosciencedbc.jp/data/open-tggates-pathological-images/LATEST/images/gefitinib/Liver/67084.svs,ftp://ftp.biosciencedbc.jp/archive/open-tggates-pathological-images/LATEST/images/gefitinib/Liver/67084.svs,0
67116.svs,1,,E0745-G13-P0,E0745-G13-I1,abnormal,gefitinib,High,0,2000,mg/kg,3 hr,3,Single,Gavage,6,1,1,0,slight,Single cell necrosis,Hepatocyte,slight,false,745,13,1,Liver,1/1,https://dbarchive.biosciencedbc.jp/data/open-tggates-pathological-images/LATEST/images/gefitinib/Liver/67116.svs,ftp://ftp.biosciencedbc.jp/archive/open-tggates-pathological-images/LATEST/images/gefitinib/Liver/67116.svs,0
67120.svs,0,,E0745-G13-P0,E0745-G13-I2,normal,gefitinib,High,0,2000,mg/kg,3 hr,3,Single,Gavage,6,0,0,0,,,,,,745,13,2,Liver,1/1,https://dbarchive.biosciencedbc.jp/data/open-tggates-pathological-images/LATEST/images/gefitinib/Liver/67120.svs,ftp://ftp.biosciencedbc.jp/archive/open-tggates-pathological-images/LATEST/images/gefitinib/Liver/67120.svs,0
67125.svs,0,,E0745-G13-P1,E0745-G13-I3,normal,gefitinib,High,0,2000,mg/kg,3 hr,3,Single,Gavage,6,0,0,0,,,,,,745,13,3,Liver,1/1,https://dbarchive.biosciencedbc.jp/data/open-tggates-pathological-images/LATEST/images/gefitinib/Liver/67125.svs,ftp://ftp.biosciencedbc.jp/archive/open-tggates-pathological-images/LATEST/images/gefitinib/Liver/67125.svs,0
67129.svs,1,,E0745-G13-P1,E0745-G13-I5,abnormal,gefitinib,High,0,2000,mg/kg,3 hr,3,Single,Gavage,6,1,1,0,slight,Single cell necrosis,Hepatocyte,slight,false,745,13,5,Liver,1/1,https://dbarchive.biosciencedbc.jp/data/open-tggates-pathological-images/LATEST/images/gefitinib/Liver/67129.svs,ftp://ftp.biosciencedbc.jp/archive/open-tggates-pathological-images/LATEST/images/gefitinib/Liver/67129.svs,0
67131.svs,1,,E0745-G14-P0,E0745-G14-I1,abnormal,gefitinib,High,0,2000,mg/kg,6 hr,6,Single,Gavage,6,1,1,0,slight,Single cell necrosis,Hepatocyte,slight,false,745,14,1,Liver,1/1,https://dbarchive.biosciencedbc.jp/data/open-tggates-pathological-images/LATEST/images/gefitinib/Liver/67131.svs,ftp://ftp.biosciencedbc.jp/archive/open-tggates-pathological-images/LATEST/images/gefitinib/Liver/67131.svs,0
67139.svs,0,,E0745-G14-P0,E0745-G14-I5,normal,gefitinib,High,0,2000,mg/kg,6 hr,6,Single,Gavage,6,0,0,0,,,,,,745,14,5,Liver,1/1,https://dbarchive.biosciencedbc.jp/data/open-tggates-pathological-images/LATEST/images/gefitinib/Liver/67139.svs,ftp://ftp.biosciencedbc.jp/archive/open-tggates-pathological-images/LATEST/images/gefitinib/Liver/67139.svs,0
