{
"type": "FeatureCollection",
"name": "11930",
"crs": { "type": "name", "properties": { "name": "urn:ogc:def:crs:EPSG::3857" } },
"features": [
{ "type": "Feature", "properties": { "tissue_id": 0 }, "geometry": { "type": "Polygon", "coordinates": [ [ [ 16666.0, 24412.0 ], [ 16689.0, 24435.0 ], [ 16712.0, 24458.0 ], [ 16712.0, 24481.0 ], [ 16689.0, 24504.0 ], [ 16666.0, 24504.0 ], [ 16666.0, 24527.0 ], [ 16666.0, 24550.0 ], [ 16666.0, 24573.0 ], [ 16689.0, 24596.0 ], [ 16666.0, 24619.0 ], [ 16643.0, 24619.0 ], [ 16620.0, 24642.0 ], [ 16643.0, 24665.0 ], [ 16620.0, 24688.0 ], [ 16643.0, 24711.0 ], [ 16620.0, 24735.0 ], [ 16597.0, 24735.0 ], [ 16574.0, 24758.0 ], [ 16551.0, 24781.0 ], [ 16551.0, 24804.0 ], [ 16574.0, 24827.0 ], [ 16551.0, 24850.0 ], [ 16528.0, 24873.0 ], [ 16505.0, 24896.0 ], [ 16505.0, 24919.0 ], [ 16505.0, 24942.0 ], [ 16505.0, 24965.0 ], [ 16505.0, 24988.0 ], [ 16482.0, 25011.0 ], [ 16459.0, 24988.0 ], [ 16459.0, 25011.0 ], [ 16459.0, 25034.0 ], [ 16459.0, 25057.0 ], [ 16436.0, 25080.0 ], [ 16436.0, 25103.0 ], [ 16413.0, 25126.0 ], [ 16390.0, 25126.0 ], [ 16390.0, 25149.0 ], [ 16367.0, 25172.0 ], [ 16344.0, 25196.0 ], [ 16320.0, 25219.0 ], [ 16320.0, 25242.0 ], [ 16297.0, 25265.0 ], [ 16274.0, 25288.0 ], [ 16274.0, 25311.0 ], [ 16274.0, 25334.0 ], [ 16251.0, 25357.0 ], [ 16251.0, 25380.0 ], [ 16251.0, 25403.0 ], [ 16228.0, 25426.0 ], [ 16228.0, 25449.0 ], [ 16205.0, 25472.0 ], [ 16205.0, 25495.0 ], [ 16182.0, 25518.0 ], [ 16182.0, 25541.0 ], [ 16159.0, 25564.0 ], [ 16159.0, 25587.0 ], [ 16159.0, 25610.0 ], [ 16136.0, 25634.0 ], [ 16136.0, 25657.0 ], [ 16136.0, 25680.0 ], [ 16136.0, 25703.0 ], [ 16136.0, 25726.0 ], [ 16136.0, 25749.0 ], [ 16136.0, 25772.0 ], [ 16136.0, 25795.0 ], [ 16136.0, 25818.0 ], [ 16136.0, 25841.0 ], [ 16136.0, 25864.0 ], [ 16136.0, 25887.0 ], [ 16113.0, 25910.0 ], [ 16136.0, 25933.0 ], [ 16136.0, 25956.0 ], [ 16136.0, 25979.0 ], [ 16159.0, 26002.0 ], [ 16136.0, 26025.0 ], [ 16136.0, 26048.0 ], [ 16136.0, 26072.0 ], [ 16136.0, 26095.0 ], [ 16136.0, 26118.0 ], [ 16136.0, 26141.0 ], [ 16136.0, 26164.0 ], [ 16136.0, 26187.0 ], [ 16159.0, 26187.0 ], [ 16182.0, 26210.0 ], [ 16182.0, 26233.0 ], [ 16182.0, 26256.0 ], [ 16205.0, 26256.0 ], [ 16228.0, 26279.0 ], [ 16228.0, 26302.0 ], [ 16228.0, 26325.0 ], [ 16251.0, 26348.0 ], [ 16251.0, 26371.0 ], [ 16251.0, 26394.0 ], [ 16274.0, 26417.0 ], [ 16274.0, 26440.0 ], [ 16274.0, 26463.0 ], [ 16297.0, 26486.0 ], [ 16297.0, 26510.0 ], [ 16297.0, 26533.0 ], [ 16320.0, 26556.0 ], [ 16320.0, 26579.0 ], [ 16344.0, 26602.0 ], [ 16344.0, 26625.0 ], [ 16367.0, 26648.0 ], [ 16390.0, 26671.0 ], [ 16413.0, 26694.0 ], [ 16436.0, 26717.0 ], [ 16436.0, 26740.0 ], [ 16436.0, 26763.0 ], [ 16436.0, 26786.0 ], [ 16459.0, 26809.0 ], [ 16482.0, 26809.0 ], [ 16505.0, 26832.0 ], [ 16505.0, 26855.0 ], [ 16505.0, 26878.0 ], [ 16505.0, 26901.0 ], [ 16505.0, 26924.0 ], [ 16505.0, 26948.0 ], [ 16505.0, 26971.0 ], [ 16505.0, 26994.0 ], [ 16528.0, 27017.0 ], [ 16551.0, 27040.0 ], [ 16574.0, 27063.0 ], [ 16574.0, 27086.0 ], [ 16597.0, 27109.0 ], [ 16620.0, 27132.0 ], [ 16643.0, 27155.0 ], [ 16643.0, 27178.0 ], [ 16666.0, 27201.0 ], [ 16689.0, 27224.0 ], [ 16712.0, 27247.0 ], [ 16712.0, 27270.0 ], [ 16735.0, 27293.0 ], [ 16758.0, 27316.0 ], [ 16781.0, 27339.0 ], [ 16781.0, 27362.0 ], [ 16805.0, 27386.0 ], [ 16805.0, 27409.0 ], [ 16828.0, 27432.0 ], [ 16851.0, 27455.0 ], [ 16851.0, 27478.0 ], [ 16874.0, 27501.0 ], [ 16897.0, 27524.0 ], [ 16897.0, 27547.0 ], [ 16920.0, 27570.0 ], [ 16943.0, 27593.0 ], [ 16943.0, 27616.0 ], [ 16966.0, 27639.0 ], [ 16989.0, 27662.0 ], [ 17012.0, 27685.0 ], [ 17035.0, 27708.0 ], [ 17035.0, 27731.0 ], [ 17035.0, 27754.0 ], [ 17058.0, 27777.0 ], [ 17058.0, 27800.0 ], [ 17081.0, 27824.0 ], [ 17104.0, 27847.0 ], [ 17127.0, 27847.0 ], [ 17150.0, 27847.0 ], [ 17173.0, 27847.0 ], [ 17196.0, 27847.0 ], [ 17219.0, 27847.0 ], [ 17243.0, 27847.0 ], [ 17266.0, 27847.0 ], [ 17289.0, 27847.0 ], [ 17312.0, 27847.0 ], [ 17335.0, 27847.0 ], [ 17358.0, 27847.0 ], [ 17381.0, 27847.0 ], [ 17404.0, 27847.0 ], [ 17427.0, 27847.0 ], [ 17450.0, 27847.0 ], [ 17473.0, 27847.0 ], [ 17496.0, 27847.0 ], [ 17519.0, 27847.0 ], [ 17542.0, 27870.0 ], [ 17542.0, 27893.0 ], [ 17542.0, 27916.0 ], [ 17542.0, 27939.0 ], [ 17542.0, 27962.0 ], [ 17542.0, 27985.0 ], [ 17542.0, 28008.0 ], [ 17542.0, 28031.0 ], [ 17542.0, 28054.0 ], [ 17542.0, 28077.0 ], [ 17542.0, 28100.0 ], [ 17542.0, 28123.0 ], [ 17542.0, 28146.0 ], [ 17542.0, 28169.0 ], [ 17542.0, 28192.0 ], [ 17542.0, 28215.0 ], [ 17542.0, 28238.0 ], [ 17542.0, 28261.0 ], [ 17542.0, 28285.0 ], [ 17542.0, 28308.0 ], [ 17542.0, 28331.0 ], [ 17542.0, 28354.0 ], [ 17542.0, 28377.0 ], [ 17565.0, 28400.0 ], [ 17588.0, 28423.0 ], [ 17611.0, 28446.0 ], [ 17634.0, 28446.0 ], [ 17657.0, 28469.0 ], [ 17681.0, 28492.0 ], [ 17704.0, 28515.0 ], [ 17727.0, 28538.0 ], [ 17750.0, 28561.0 ], [ 17773.0, 28584.0 ], [ 17796.0, 28584.0 ], [ 17819.0, 28607.0 ], [ 17842.0, 28630.0 ], [ 17865.0, 28630.0 ], [ 17888.0, 28653.0 ], [ 17911.0, 28676.0 ], [ 17934.0, 28676.0 ], [ 17957.0, 28699.0 ], [ 17980.0, 28723.0 ], [ 18003.0, 28723.0 ], [ 18026.0, 28746.0 ], [ 18049.0, 28769.0 ], [ 18072.0, 28769.0 ], [ 18095.0, 28792.0 ], [ 18119.0, 28815.0 ], [ 18142.0, 28815.0 ], [ 18165.0, 28838.0 ], [ 18188.0, 28861.0 ], [ 18211.0, 28884.0 ], [ 18234.0, 28884.0 ], [ 18257.0, 28884.0 ], [ 18280.0, 28884.0 ], [ 18303.0, 28884.0 ], [ 18326.0, 28884.0 ], [ 18349.0, 28884.0 ], [ 18372.0, 28884.0 ], [ 18395.0, 28884.0 ], [ 18418.0, 28884.0 ], [ 18441.0, 28884.0 ], [ 18464.0, 28884.0 ], [ 18487.0, 28884.0 ], [ 18510.0, 28884.0 ], [ 18533.0, 28884.0 ], [ 18557.0, 28884.0 ], [ 18580.0, 28907.0 ], [ 18580.0, 28930.0 ], [ 18580.0, 28953.0 ], [ 18580.0, 28976.0 ], [ 18580.0, 28999.0 ], [ 18580.0, 29022.0 ], [ 18580.0, 29045.0 ], [ 18580.0, 29068.0 ], [ 18580.0, 29091.0 ], [ 18580.0, 29114.0 ], [ 18580.0, 29137.0 ], [ 18580.0, 29161.0 ], [ 18603.0, 29184.0 ], [ 18626.0, 29207.0 ], [ 18649.0, 29207.0 ], [ 18672.0, 29230.0 ], [ 18695.0, 29253.0 ], [ 18718.0, 29253.0 ], [ 18741.0, 29276.0 ], [ 18764.0, 29299.0 ], [ 18787.0, 29299.0 ], [ 18810.0, 29322.0 ], [ 18833.0, 29322.0 ], [ 18856.0, 29345.0 ], [ 18879.0, 29368.0 ], [ 18902.0, 29368.0 ], [ 18925.0, 29391.0 ], [ 18948.0, 29414.0 ], [ 18971.0, 29414.0 ], [ 18995.0, 29437.0 ], [ 19018.0, 29437.0 ], [ 19041.0, 29460.0 ], [ 19064.0, 29460.0 ], [ 19087.0, 29483.0 ], [ 19110.0, 29483.0 ], [ 19133.0, 29506.0 ], [ 19156.0, 29529.0 ], [ 19179.0, 29529.0 ], [ 19202.0, 29552.0 ], [ 19225.0, 29552.0 ], [ 19248.0, 29575.0 ], [ 19271.0, 29575.0 ], [ 19294.0, 29599.0 ], [ 19317.0, 29599.0 ], [ 19340.0, 29622.0 ], [ 19363.0, 29622.0 ], [ 19386.0, 29645.0 ], [ 19409.0, 29645.0 ], [ 19433.0, 29668.0 ], [ 19456.0, 29668.0 ], [ 19479.0, 29691.0 ], [ 19502.0, 29691.0 ], [ 19525.0, 29714.0 ], [ 19548.0, 29714.0 ], [ 19571.0, 29737.0 ], [ 19594.0, 29737.0 ], [ 19594.0, 29714.0 ], [ 19594.0, 29691.0 ], [ 19594.0, 29668.0 ], [ 19594.0, 29645.0 ], [ 19594.0, 29622.0 ], [ 19594.0, 29599.0 ], [ 19594.0, 29575.0 ], [ 19617.0, 29552.0 ], [ 19640.0, 29552.0 ], [ 19663.0, 29552.0 ], [ 19686.0, 29552.0 ], [ 19709.0, 29552.0 ], [ 19732.0, 29529.0 ], [ 19755.0, 29552.0 ], [ 19778.0, 29575.0 ], [ 19801.0, 29599.0 ], [ 19824.0, 29599.0 ], [ 19847.0, 29599.0 ], [ 19870.0, 29599.0 ], [ 19894.0, 29622.0 ], [ 19917.0, 29599.0 ], [ 19940.0, 29599.0 ], [ 19963.0, 29599.0 ], [ 19986.0, 29622.0 ], [ 20009.0, 29645.0 ], [ 19986.0, 29668.0 ], [ 19986.0, 29691.0 ], [ 19986.0, 29714.0 ], [ 19986.0, 29737.0 ], [ 20009.0, 29760.0 ], [ 20009.0, 29783.0 ], [ 19986.0, 29806.0 ], [ 19963.0, 29829.0 ], [ 19963.0, 29852.0 ], [ 19986.0, 29852.0 ], [ 20009.0, 29875.0 ], [ 20032.0, 29875.0 ], [ 20055.0, 29875.0 ], [ 20078.0, 29898.0 ], [ 20101.0, 29898.0 ], [ 20124.0, 29898.0 ], [ 20147.0, 29898.0 ], [ 20170.0, 29898.0 ], [ 20193.0, 29898.0 ], [ 20216.0, 29898.0 ], [ 20239.0, 29898.0 ], [ 20262.0, 29898.0 ], [ 20285.0, 29898.0 ], [ 20308.0, 29898.0 ], [ 20332.0, 29898.0 ], [ 20355.0, 29898.0 ], [ 20378.0, 29898.0 ], [ 20401.0, 29898.0 ], [ 20424.0, 29898.0 ], [ 20447.0, 29898.0 ], [ 20470.0, 29898.0 ], [ 20493.0, 29898.0 ], [ 20516.0, 29898.0 ], [ 20539.0, 29898.0 ], [ 20562.0, 29898.0 ], [ 20585.0, 29898.0 ], [ 20608.0, 29898.0 ], [ 20631.0, 29921.0 ], [ 20631.0, 29944.0 ], [ 20631.0, 29967.0 ], [ 20631.0, 29990.0 ], [ 20631.0, 30013.0 ], [ 20654.0, 30013.0 ], [ 20677.0, 30013.0 ], [ 20700.0, 30013.0 ], [ 20723.0, 30013.0 ], [ 20746.0, 30013.0 ], [ 20770.0, 30013.0 ], [ 20793.0, 30037.0 ], [ 20816.0, 30037.0 ], [ 20839.0, 30037.0 ], [ 20862.0, 30037.0 ], [ 20885.0, 30037.0 ], [ 20908.0, 30037.0 ], [ 20931.0, 30037.0 ], [ 20954.0, 30037.0 ], [ 20977.0, 30037.0 ], [ 21000.0, 30060.0 ], [ 21023.0, 30060.0 ], [ 21046.0, 30060.0 ], [ 21069.0, 30060.0 ], [ 21092.0, 30060.0 ], [ 21115.0, 30060.0 ], [ 21138.0, 30060.0 ], [ 21161.0, 30060.0 ], [ 21184.0, 30060.0 ], [ 21208.0, 30060.0 ], [ 21231.0, 30083.0 ], [ 21254.0, 30083.0 ], [ 21277.0, 30083.0 ], [ 21300.0, 30083.0 ], [ 21323.0, 30083.0 ], [ 21346.0, 30083.0 ], [ 21369.0, 30083.0 ], [ 21392.0, 30083.0 ], [ 21415.0, 30083.0 ], [ 21438.0, 30083.0 ], [ 21461.0, 30083.0 ], [ 21484.0, 30083.0 ], [ 21507.0, 30106.0 ], [ 21530.0, 30106.0 ], [ 21553.0, 30106.0 ], [ 21576.0, 30106.0 ], [ 21599.0, 30106.0 ], [ 21622.0, 30106.0 ], [ 21646.0, 30106.0 ], [ 21669.0, 30106.0 ], [ 21692.0, 30106.0 ], [ 21715.0, 30106.0 ], [ 21738.0, 30106.0 ], [ 21761.0, 30129.0 ], [ 21784.0, 30152.0 ], [ 21807.0, 30152.0 ], [ 21830.0, 30175.0 ], [ 21853.0, 30175.0 ], [ 21876.0, 30175.0 ], [ 21899.0, 30175.0 ], [ 21899.0, 30152.0 ], [ 21922.0, 30129.0 ], [ 21945.0, 30129.0 ], [ 21968.0, 30129.0 ], [ 21991.0, 30129.0 ], [ 22014.0, 30129.0 ], [ 22037.0, 30129.0 ], [ 22060.0, 30129.0 ], [ 22084.0, 30129.0 ], [ 22107.0, 30129.0 ], [ 22130.0, 30129.0 ], [ 22153.0, 30129.0 ], [ 22176.0, 30152.0 ], [ 22199.0, 30152.0 ], [ 22222.0, 30152.0 ], [ 22245.0, 30152.0 ], [ 22268.0, 30152.0 ], [ 22291.0, 30152.0 ], [ 22314.0, 30152.0 ], [ 22337.0, 30152.0 ], [ 22360.0, 30152.0 ], [ 22383.0, 30152.0 ], [ 22406.0, 30152.0 ], [ 22429.0, 30175.0 ], [ 22452.0, 30175.0 ], [ 22475.0, 30175.0 ], [ 22498.0, 30175.0 ], [ 22521.0, 30175.0 ], [ 22545.0, 30175.0 ], [ 22568.0, 30175.0 ], [ 22591.0, 30175.0 ], [ 22614.0, 30175.0 ], [ 22637.0, 30175.0 ], [ 22660.0, 30198.0 ], [ 22683.0, 30198.0 ], [ 22706.0, 30198.0 ], [ 22729.0, 30198.0 ], [ 22752.0, 30198.0 ], [ 22775.0, 30198.0 ], [ 22798.0, 30198.0 ], [ 22821.0, 30198.0 ], [ 22844.0, 30198.0 ], [ 22867.0, 30198.0 ], [ 22890.0, 30198.0 ], [ 22913.0, 30198.0 ], [ 22936.0, 30198.0 ], [ 22959.0, 30198.0 ], [ 22983.0, 30198.0 ], [ 23006.0, 30198.0 ], [ 23029.0, 30198.0 ], [ 23052.0, 30198.0 ], [ 23075.0, 30198.0 ], [ 23098.0, 30198.0 ], [ 23121.0, 30198.0 ], [ 23144.0, 30198.0 ], [ 23167.0, 30198.0 ], [ 23190.0, 30198.0 ], [ 23213.0, 30198.0 ], [ 23236.0, 30198.0 ], [ 23259.0, 30198.0 ], [ 23282.0, 30198.0 ], [ 23305.0, 30198.0 ], [ 23328.0, 30198.0 ], [ 23351.0, 30198.0 ], [ 23374.0, 30198.0 ], [ 23397.0, 30198.0 ], [ 23421.0, 30198.0 ], [ 23444.0, 30221.0 ], [ 23467.0, 30198.0 ], [ 23490.0, 30221.0 ], [ 23513.0, 30221.0 ], [ 23536.0, 30221.0 ], [ 23559.0, 30221.0 ], [ 23582.0, 30221.0 ], [ 23605.0, 30221.0 ], [ 23628.0, 30221.0 ], [ 23651.0, 30221.0 ], [ 23674.0, 30198.0 ], [ 23697.0, 30221.0 ], [ 23720.0, 30221.0 ], [ 23743.0, 30221.0 ], [ 23766.0, 30221.0 ], [ 23789.0, 30221.0 ], [ 23812.0, 30221.0 ], [ 23835.0, 30221.0 ], [ 23859.0, 30221.0 ], [ 23882.0, 30221.0 ], [ 23905.0, 30221.0 ], [ 23928.0, 30221.0 ], [ 23951.0, 30221.0 ], [ 23974.0, 30221.0 ], [ 23997.0, 30221.0 ], [ 24020.0, 30221.0 ], [ 24043.0, 30198.0 ], [ 24066.0, 30198.0 ], [ 24089.0, 30198.0 ], [ 24112.0, 30198.0 ], [ 24135.0, 30198.0 ], [ 24158.0, 30198.0 ], [ 24181.0, 30198.0 ], [ 24204.0, 30198.0 ], [ 24227.0, 30198.0 ], [ 24250.0, 30198.0 ], [ 24273.0, 30198.0 ], [ 24297.0, 30175.0 ], [ 24320.0, 30175.0 ], [ 24343.0, 30175.0 ], [ 24366.0, 30175.0 ], [ 24389.0, 30175.0 ], [ 24412.0, 30175.0 ], [ 24435.0, 30175.0 ], [ 24458.0, 30175.0 ], [ 24481.0, 30175.0 ], [ 24504.0, 30175.0 ], [ 24527.0, 30175.0 ], [ 24550.0, 30175.0 ], [ 24573.0, 30175.0 ], [ 24596.0, 30175.0 ], [ 24619.0, 30175.0 ], [ 24642.0, 30175.0 ], [ 24665.0, 30175.0 ], [ 24688.0, 30175.0 ], [ 24711.0, 30175.0 ], [ 24735.0, 30175.0 ], [ 24758.0, 30175.0 ], [ 24781.0, 30175.0 ], [ 24804.0, 30175.0 ], [ 24827.0, 30175.0 ], [ 24850.0, 30175.0 ], [ 24873.0, 30175.0 ], [ 24896.0, 30175.0 ], [ 24919.0, 30175.0 ], [ 24942.0, 30175.0 ], [ 24965.0, 30175.0 ], [ 24988.0, 30175.0 ], [ 25011.0, 30175.0 ], [ 25034.0, 30175.0 ], [ 25057.0, 30175.0 ], [ 25080.0, 30175.0 ], [ 25103.0, 30175.0 ], [ 25126.0, 30175.0 ], [ 25149.0, 30175.0 ], [ 25172.0, 30175.0 ], [ 25196.0, 30175.0 ], [ 25219.0, 30175.0 ], [ 25242.0, 30152.0 ], [ 25265.0, 30152.0 ], [ 25288.0, 30152.0 ], [ 25311.0, 30152.0 ], [ 25334.0, 30152.0 ], [ 25357.0, 30152.0 ], [ 25380.0, 30152.0 ], [ 25403.0, 30152.0 ], [ 25426.0, 30152.0 ], [ 25449.0, 30152.0 ], [ 25472.0, 30152.0 ], [ 25495.0, 30152.0 ], [ 25518.0, 30152.0 ], [ 25541.0, 30152.0 ], [ 25564.0, 30152.0 ], [ 25587.0, 30129.0 ], [ 25610.0, 30129.0 ], [ 25634.0, 30129.0 ], [ 25657.0, 30129.0 ], [ 25680.0, 30129.0 ], [ 25703.0, 30129.0 ], [ 25726.0, 30129.0 ], [ 25749.0, 30129.0 ], [ 25772.0, 30106.0 ], [ 25795.0, 30106.0 ], [ 25818.0, 30106.0 ], [ 25841.0, 30106.0 ], [ 25864.0, 30106.0 ], [ 25887.0, 30106.0 ], [ 25910.0, 30106.0 ], [ 25933.0, 30106.0 ], [ 25956.0, 30106.0 ], [ 25979.0, 30106.0 ], [ 26002.0, 30106.0 ], [ 26025.0, 30106.0 ], [ 26048.0, 30106.0 ], [ 26072.0, 30106.0 ], [ 26095.0, 30106.0 ], [ 26118.0, 30083.0 ], [ 26141.0, 30083.0 ], [ 26164.0, 30083.0 ], [ 26187.0, 30083.0 ], [ 26210.0, 30083.0 ], [ 26233.0, 30083.0 ], [ 26256.0, 30083.0 ], [ 26279.0, 30060.0 ], [ 26302.0, 30060.0 ], [ 26325.0, 30060.0 ], [ 26348.0, 30060.0 ], [ 26371.0, 30060.0 ], [ 26394.0, 30060.0 ], [ 26417.0, 30037.0 ], [ 26440.0, 30037.0 ], [ 26463.0, 30037.0 ], [ 26486.0, 30037.0 ], [ 26510.0, 30013.0 ], [ 26533.0, 30013.0 ], [ 26556.0, 30013.0 ], [ 26579.0, 30013.0 ], [ 26602.0, 30013.0 ], [ 26625.0, 30013.0 ], [ 26648.0, 30013.0 ], [ 26671.0, 29990.0 ], [ 26694.0, 29990.0 ], [ 26717.0, 29990.0 ], [ 26740.0, 29990.0 ], [ 26763.0, 29990.0 ], [ 26786.0, 29990.0 ], [ 26809.0, 29990.0 ], [ 26809.0, 29967.0 ], [ 26809.0, 29944.0 ], [ 26809.0, 29921.0 ], [ 26832.0, 29898.0 ], [ 26855.0, 29898.0 ], [ 26878.0, 29898.0 ], [ 26901.0, 29898.0 ], [ 26924.0, 29898.0 ], [ 26948.0, 29898.0 ], [ 26971.0, 29898.0 ], [ 26994.0, 29898.0 ], [ 27017.0, 29898.0 ], [ 27040.0, 29898.0 ], [ 27063.0, 29898.0 ], [ 27086.0, 29898.0 ], [ 27109.0, 29898.0 ], [ 27132.0, 29898.0 ], [ 27155.0, 29898.0 ], [ 27178.0, 29898.0 ], [ 27201.0, 29898.0 ], [ 27224.0, 29898.0 ], [ 27247.0, 29898.0 ], [ 27270.0, 29898.0 ], [ 27293.0, 29898.0 ], [ 27316.0, 29898.0 ], [ 27339.0, 29898.0 ], [ 27362.0, 29898.0 ], [ 27386.0, 29898.0 ], [ 27409.0, 29898.0 ], [ 27432.0, 29898.0 ], [ 27455.0, 29898.0 ], [ 27478.0, 29898.0 ], [ 27501.0, 29898.0 ], [ 27524.0, 29898.0 ], [ 27547.0, 29898.0 ], [ 27570.0, 29898.0 ], [ 27593.0, 29898.0 ], [ 27616.0, 29898.0 ], [ 27639.0, 29898.0 ], [ 27662.0, 29898.0 ], [ 27685.0, 29898.0 ], [ 27708.0, 29898.0 ], [ 27731.0, 29898.0 ], [ 27754.0, 29898.0 ], [ 27777.0, 29898.0 ], [ 27800.0, 29898.0 ], [ 27824.0, 29898.0 ], [ 27847.0, 29898.0 ], [ 27870.0, 29898.0 ], [ 27893.0, 29898.0 ], [ 27916.0, 29875.0 ], [ 27939.0, 29875.0 ], [ 27962.0, 29898.0 ], [ 27985.0, 29898.0 ], [ 28008.0, 29898.0 ], [ 28031.0, 29898.0 ], [ 28054.0, 29898.0 ], [ 28077.0, 29898.0 ], [ 28100.0, 29898.0 ], [ 28123.0, 29898.0 ], [ 28146.0, 29898.0 ], [ 28169.0, 29898.0 ], [ 28192.0, 29898.0 ], [ 28215.0, 29898.0 ], [ 28238.0, 29898.0 ], [ 28261.0, 29898.0 ], [ 28285.0, 29898.0 ], [ 28308.0, 29898.0 ], [ 28331.0, 29898.0 ], [ 28354.0, 29898.0 ], [ 28377.0, 29898.0 ], [ 28400.0, 29898.0 ], [ 28423.0, 29898.0 ], [ 28446.0, 29898.0 ], [ 28469.0, 29898.0 ], [ 28492.0, 29898.0 ], [ 28515.0, 29898.0 ], [ 28538.0, 29898.0 ], [ 28561.0, 29898.0 ], [ 28584.0, 29898.0 ], [ 28607.0, 29898.0 ], [ 28630.0, 29898.0 ], [ 28653.0, 29898.0 ], [ 28676.0, 29898.0 ], [ 28699.0, 29898.0 ], [ 28723.0, 29898.0 ], [ 28746.0, 29898.0 ], [ 28769.0, 29898.0 ], [ 28792.0, 29898.0 ], [ 28815.0, 29898.0 ], [ 28838.0, 29898.0 ], [ 28861.0, 29898.0 ], [ 28884.0, 29898.0 ], [ 28907.0, 29898.0 ], [ 28930.0, 29898.0 ], [ 28953.0, 29898.0 ], [ 28976.0, 29898.0 ], [ 28999.0, 29898.0 ], [ 29022.0, 29898.0 ], [ 29045.0, 29898.0 ], [ 29068.0, 29898.0 ], [ 29091.0, 29898.0 ], [ 29114.0, 29898.0 ], [ 29137.0, 29898.0 ], [ 29161.0, 29898.0 ], [ 29184.0, 29898.0 ], [ 29207.0, 29898.0 ], [ 29230.0, 29898.0 ], [ 29253.0, 29898.0 ], [ 29276.0, 29898.0 ], [ 29299.0, 29898.0 ], [ 29322.0, 29898.0 ], [ 29345.0, 29898.0 ], [ 29368.0, 29898.0 ], [ 29391.0, 29898.0 ], [ 29414.0, 29898.0 ], [ 29437.0, 29898.0 ], [ 29460.0, 29898.0 ], [ 29483.0, 29898.0 ], [ 29506.0, 29898.0 ], [ 29529.0, 29898.0 ], [ 29552.0, 29898.0 ], [ 29575.0, 29898.0 ], [ 29599.0, 29898.0 ], [ 29622.0, 29898.0 ], [ 29645.0, 29898.0 ], [ 29668.0, 29898.0 ], [ 29691.0, 29898.0 ], [ 29714.0, 29898.0 ], [ 29737.0, 29898.0 ], [ 29760.0, 29898.0 ], [ 29783.0, 29898.0 ], [ 29806.0, 29898.0 ], [ 29829.0, 29898.0 ], [ 29852.0, 29898.0 ], [ 29875.0, 29898.0 ], [ 29898.0, 29898.0 ], [ 29921.0, 29898.0 ], [ 29944.0, 29898.0 ], [ 29967.0, 29898.0 ], [ 29990.0, 29898.0 ], [ 30013.0, 29898.0 ], [ 30037.0, 29898.0 ], [ 30060.0, 29898.0 ], [ 30083.0, 29898.0 ], [ 30106.0, 29898.0 ], [ 30129.0, 29898.0 ], [ 30152.0, 29898.0 ], [ 30175.0, 29898.0 ], [ 30198.0, 29898.0 ], [ 30221.0, 29898.0 ], [ 30244.0, 29898.0 ], [ 30267.0, 29898.0 ], [ 30290.0, 29898.0 ], [ 30313.0, 29898.0 ], [ 30336.0, 29898.0 ], [ 30359.0, 29898.0 ], [ 30382.0, 29898.0 ], [ 30405.0, 29898.0 ], [ 30428.0, 29898.0 ], [ 30451.0, 29898.0 ], [ 30475.0, 29898.0 ], [ 30498.0, 29898.0 ], [ 30521.0, 29898.0 ], [ 30544.0, 29898.0 ], [ 30567.0, 29898.0 ], [ 30590.0, 29898.0 ], [ 30613.0, 29898.0 ], [ 30636.0, 29898.0 ], [ 30659.0, 29898.0 ], [ 30682.0, 29898.0 ], [ 30705.0, 29898.0 ], [ 30728.0, 29898.0 ], [ 30751.0, 29898.0 ], [ 30774.0, 29898.0 ], [ 30797.0, 29898.0 ], [ 30820.0, 29898.0 ], [ 30843.0, 29898.0 ], [ 30866.0, 29898.0 ], [ 30889.0, 29898.0 ], [ 30912.0, 29898.0 ], [ 30936.0, 29898.0 ], [ 30959.0, 29921.0 ], [ 30959.0, 29944.0 ], [ 30959.0, 29967.0 ], [ 30959.0, 29990.0 ], [ 30959.0, 30013.0 ], [ 30982.0, 30013.0 ], [ 31005.0, 30013.0 ], [ 31028.0, 30013.0 ], [ 31051.0, 30013.0 ], [ 31074.0, 30013.0 ], [ 31097.0, 30013.0 ], [ 31120.0, 30013.0 ], [ 31143.0, 30037.0 ], [ 31166.0, 30037.0 ], [ 31189.0, 30037.0 ], [ 31212.0, 30037.0 ], [ 31235.0, 30037.0 ], [ 31258.0, 30037.0 ], [ 31281.0, 30037.0 ], [ 31304.0, 30037.0 ], [ 31327.0, 30037.0 ], [ 31350.0, 30037.0 ], [ 31374.0, 30037.0 ], [ 31397.0, 30037.0 ], [ 31420.0, 30037.0 ], [ 31443.0, 30037.0 ], [ 31466.0, 30037.0 ], [ 31489.0, 30037.0 ], [ 31512.0, 30037.0 ], [ 31535.0, 30037.0 ], [ 31558.0, 30013.0 ], [ 31581.0, 30013.0 ], [ 31604.0, 30013.0 ], [ 31627.0, 30013.0 ], [ 31650.0, 30013.0 ], [ 31673.0, 30013.0 ], [ 31696.0, 30013.0 ], [ 31719.0, 30013.0 ], [ 31742.0, 30013.0 ], [ 31765.0, 30013.0 ], [ 31788.0, 30013.0 ], [ 31812.0, 30013.0 ], [ 31835.0, 30013.0 ], [ 31858.0, 30013.0 ], [ 31881.0, 30013.0 ], [ 31904.0, 30013.0 ], [ 31927.0, 30013.0 ], [ 31950.0, 30037.0 ], [ 31973.0, 30037.0 ], [ 31996.0, 30037.0 ], [ 32019.0, 30037.0 ], [ 32042.0, 30037.0 ], [ 32065.0, 30037.0 ], [ 32088.0, 30037.0 ], [ 32111.0, 30037.0 ], [ 32134.0, 30037.0 ], [ 32157.0, 30037.0 ], [ 32180.0, 30037.0 ], [ 32203.0, 30037.0 ], [ 32226.0, 30037.0 ], [ 32250.0, 30037.0 ], [ 32273.0, 30037.0 ], [ 32296.0, 30037.0 ], [ 32319.0, 30037.0 ], [ 32342.0, 30037.0 ], [ 32365.0, 30037.0 ], [ 32388.0, 30060.0 ], [ 32411.0, 30060.0 ], [ 32434.0, 30060.0 ], [ 32457.0, 30060.0 ], [ 32480.0, 30060.0 ], [ 32503.0, 30060.0 ], [ 32526.0, 30060.0 ], [ 32549.0, 30060.0 ], [ 32572.0, 30060.0 ], [ 32595.0, 30060.0 ], [ 32618.0, 30060.0 ], [ 32641.0, 30060.0 ], [ 32664.0, 30060.0 ], [ 32688.0, 30060.0 ], [ 32711.0, 30060.0 ], [ 32734.0, 30060.0 ], [ 32757.0, 30060.0 ], [ 32780.0, 30060.0 ], [ 32803.0, 30060.0 ], [ 32826.0, 30060.0 ], [ 32849.0, 30060.0 ], [ 32872.0, 30060.0 ], [ 32895.0, 30060.0 ], [ 32918.0, 30060.0 ], [ 32941.0, 30060.0 ], [ 32964.0, 30060.0 ], [ 32987.0, 30083.0 ], [ 33010.0, 30083.0 ], [ 33033.0, 30083.0 ], [ 33056.0, 30083.0 ], [ 33079.0, 30083.0 ], [ 33102.0, 30083.0 ], [ 33126.0, 30083.0 ], [ 33149.0, 30083.0 ], [ 33172.0, 30083.0 ], [ 33195.0, 30083.0 ], [ 33218.0, 30083.0 ], [ 33241.0, 30083.0 ], [ 33264.0, 30083.0 ], [ 33287.0, 30106.0 ], [ 33310.0, 30106.0 ], [ 33333.0, 30106.0 ], [ 33356.0, 30106.0 ], [ 33379.0, 30083.0 ], [ 33402.0, 30106.0 ], [ 33425.0, 30106.0 ], [ 33448.0, 30106.0 ], [ 33471.0, 30106.0 ], [ 33494.0, 30106.0 ], [ 33517.0, 30106.0 ], [ 33540.0, 30106.0 ], [ 33563.0, 30106.0 ], [ 33587.0, 30106.0 ], [ 33610.0, 30106.0 ], [ 33633.0, 30106.0 ], [ 33656.0, 30106.0 ], [ 33679.0, 30106.0 ], [ 33702.0, 30106.0 ], [ 33725.0, 30106.0 ], [ 33748.0, 30106.0 ], [ 33771.0, 30106.0 ], [ 33794.0, 30106.0 ], [ 33817.0, 30106.0 ], [ 33840.0, 30106.0 ], [ 33863.0, 30106.0 ], [ 33886.0, 30106.0 ], [ 33909.0, 30106.0 ], [ 33932.0, 30106.0 ], [ 33955.0, 30106.0 ], [ 33978.0, 30106.0 ], [ 34001.0, 30106.0 ], [ 34025.0, 30106.0 ], [ 34048.0, 30106.0 ], [ 34071.0, 30106.0 ], [ 34094.0, 30106.0 ], [ 34117.0, 30106.0 ], [ 34140.0, 30106.0 ], [ 34163.0, 30106.0 ], [ 34186.0, 30106.0 ], [ 34209.0, 30106.0 ], [ 34232.0, 30106.0 ], [ 34255.0, 30106.0 ], [ 34278.0, 30106.0 ], [ 34301.0, 30106.0 ], [ 34324.0, 30106.0 ], [ 34347.0, 30106.0 ], [ 34370.0, 30106.0 ], [ 34393.0, 30106.0 ], [ 34416.0, 30083.0 ], [ 34439.0, 30106.0 ], [ 34463.0, 30106.0 ], [ 34486.0, 30106.0 ], [ 34509.0, 30106.0 ], [ 34532.0, 30106.0 ], [ 34555.0, 30106.0 ], [ 34578.0, 30106.0 ], [ 34601.0, 30106.0 ], [ 34624.0, 30106.0 ], [ 34647.0, 30106.0 ], [ 34670.0, 30106.0 ], [ 34693.0, 30106.0 ], [ 34716.0, 30106.0 ], [ 34739.0, 30106.0 ], [ 34762.0, 30106.0 ], [ 34785.0, 30106.0 ], [ 34808.0, 30106.0 ], [ 34831.0, 30106.0 ], [ 34854.0, 30106.0 ], [ 34877.0, 30106.0 ], [ 34901.0, 30106.0 ], [ 34924.0, 30106.0 ], [ 34947.0, 30106.0 ], [ 34970.0, 30106.0 ], [ 34993.0, 30106.0 ], [ 35016.0, 30106.0 ], [ 35039.0, 30129.0 ], [ 35062.0, 30129.0 ], [ 35085.0, 30129.0 ], [ 35108.0, 30129.0 ], [ 35131.0, 30129.0 ], [ 35154.0, 30129.0 ], [ 35177.0, 30129.0 ], [ 35200.0, 30129.0 ], [ 35223.0, 30129.0 ], [ 35246.0, 30129.0 ], [ 35269.0, 30129.0 ], [ 35292.0, 30129.0 ], [ 35315.0, 30129.0 ], [ 35339.0, 30129.0 ], [ 35362.0, 30129.0 ], [ 35385.0, 30152.0 ], [ 35408.0, 30152.0 ], [ 35431.0, 30152.0 ], [ 35454.0, 30152.0 ], [ 35477.0, 30152.0 ], [ 35500.0, 30152.0 ], [ 35523.0, 30152.0 ], [ 35546.0, 30152.0 ], [ 35569.0, 30152.0 ], [ 35592.0, 30152.0 ], [ 35615.0, 30175.0 ], [ 35638.0, 30175.0 ], [ 35661.0, 30175.0 ], [ 35684.0, 30175.0 ], [ 35707.0, 30175.0 ], [ 35730.0, 30175.0 ], [ 35753.0, 30175.0 ], [ 35777.0, 30175.0 ], [ 35800.0, 30175.0 ], [ 35823.0, 30198.0 ], [ 35846.0, 30198.0 ], [ 35869.0, 30198.0 ], [ 35892.0, 30198.0 ], [ 35915.0, 30198.0 ], [ 35938.0, 30198.0 ], [ 35961.0, 30198.0 ], [ 35984.0, 30198.0 ], [ 36007.0, 30198.0 ], [ 36030.0, 30198.0 ], [ 36053.0, 30221.0 ], [ 36076.0, 30221.0 ], [ 36099.0, 30221.0 ], [ 36122.0, 30221.0 ], [ 36145.0, 30221.0 ], [ 36168.0, 30221.0 ], [ 36191.0, 30221.0 ], [ 36215.0, 30221.0 ], [ 36238.0, 30221.0 ], [ 36261.0, 30221.0 ], [ 36284.0, 30221.0 ], [ 36307.0, 30221.0 ], [ 36330.0, 30244.0 ], [ 36353.0, 30244.0 ], [ 36376.0, 30244.0 ], [ 36399.0, 30244.0 ], [ 36422.0, 30244.0 ], [ 36445.0, 30244.0 ], [ 36468.0, 30244.0 ], [ 36491.0, 30244.0 ], [ 36514.0, 30244.0 ], [ 36537.0, 30244.0 ], [ 36560.0, 30267.0 ], [ 36583.0, 30267.0 ], [ 36606.0, 30267.0 ], [ 36629.0, 30267.0 ], [ 36652.0, 30267.0 ], [ 36676.0, 30267.0 ], [ 36699.0, 30267.0 ], [ 36722.0, 30267.0 ], [ 36745.0, 30267.0 ], [ 36768.0, 30290.0 ], [ 36791.0, 30290.0 ], [ 36814.0, 30290.0 ], [ 36837.0, 30290.0 ], [ 36860.0, 30290.0 ], [ 36883.0, 30290.0 ], [ 36906.0, 30290.0 ], [ 36929.0, 30290.0 ], [ 36952.0, 30290.0 ], [ 36975.0, 30313.0 ], [ 36998.0, 30313.0 ], [ 37021.0, 30313.0 ], [ 37044.0, 30313.0 ], [ 37067.0, 30313.0 ], [ 37090.0, 30313.0 ], [ 37114.0, 30313.0 ], [ 37137.0, 30313.0 ], [ 37160.0, 30313.0 ], [ 37183.0, 30313.0 ], [ 37206.0, 30313.0 ], [ 37229.0, 30336.0 ], [ 37252.0, 30336.0 ], [ 37275.0, 30336.0 ], [ 37298.0, 30336.0 ], [ 37321.0, 30336.0 ], [ 37344.0, 30336.0 ], [ 37367.0, 30336.0 ], [ 37390.0, 30336.0 ], [ 37413.0, 30336.0 ], [ 37436.0, 30359.0 ], [ 37459.0, 30359.0 ], [ 37482.0, 30359.0 ], [ 37505.0, 30359.0 ], [ 37528.0, 30359.0 ], [ 37552.0, 30359.0 ], [ 37575.0, 30359.0 ], [ 37598.0, 30359.0 ], [ 37621.0, 30359.0 ], [ 37644.0, 30359.0 ], [ 37667.0, 30359.0 ], [ 37690.0, 30359.0 ], [ 37713.0, 30382.0 ], [ 37736.0, 30382.0 ], [ 37759.0, 30382.0 ], [ 37782.0, 30382.0 ], [ 37805.0, 30382.0 ], [ 37828.0, 30382.0 ], [ 37851.0, 30382.0 ], [ 37874.0, 30382.0 ], [ 37897.0, 30382.0 ], [ 37920.0, 30382.0 ], [ 37943.0, 30382.0 ], [ 37966.0, 30382.0 ], [ 37990.0, 30382.0 ], [ 38013.0, 30405.0 ], [ 38036.0, 30405.0 ], [ 38059.0, 30405.0 ], [ 38082.0, 30405.0 ], [ 38105.0, 30405.0 ], [ 38128.0, 30405.0 ], [ 38151.0, 30405.0 ], [ 38174.0, 30405.0 ], [ 38197.0, 30405.0 ], [ 38220.0, 30405.0 ], [ 38243.0, 30405.0 ], [ 38266.0, 30405.0 ], [ 38289.0, 30428.0 ], [ 38312.0, 30428.0 ], [ 38335.0, 30428.0 ], [ 38358.0, 30428.0 ], [ 38381.0, 30428.0 ], [ 38404.0, 30428.0 ], [ 38428.0, 30428.0 ], [ 38451.0, 30428.0 ], [ 38474.0, 30428.0 ], [ 38497.0, 30428.0 ], [ 38520.0, 30428.0 ], [ 38543.0, 30428.0 ], [ 38566.0, 30428.0 ], [ 38589.0, 30451.0 ], [ 38612.0, 30451.0 ], [ 38635.0, 30451.0 ], [ 38658.0, 30451.0 ], [ 38681.0, 30451.0 ], [ 38704.0, 30451.0 ], [ 38727.0, 30451.0 ], [ 38750.0, 30451.0 ], [ 38773.0, 30451.0 ], [ 38796.0, 30451.0 ], [ 38819.0, 30451.0 ], [ 38842.0, 30451.0 ], [ 38866.0, 30451.0 ], [ 38889.0, 30451.0 ], [ 38912.0, 30451.0 ], [ 38935.0, 30451.0 ], [ 38958.0, 30451.0 ], [ 38981.0, 30475.0 ], [ 39004.0, 30475.0 ], [ 39027.0, 30475.0 ], [ 39050.0, 30475.0 ], [ 39073.0, 30475.0 ], [ 39096.0, 30475.0 ], [ 39119.0, 30475.0 ], [ 39142.0, 30475.0 ], [ 39165.0, 30475.0 ], [ 39188.0, 30475.0 ], [ 39211.0, 30475.0 ], [ 39234.0, 30475.0 ], [ 39257.0, 30475.0 ], [ 39280.0, 30475.0 ], [ 39303.0, 30475.0 ], [ 39327.0, 30475.0 ], [ 39350.0, 30498.0 ], [ 39373.0, 30498.0 ], [ 39396.0, 30498.0 ], [ 39419.0, 30498.0 ], [ 39442.0, 30498.0 ], [ 39465.0, 30498.0 ], [ 39488.0, 30498.0 ], [ 39511.0, 30498.0 ], [ 39534.0, 30498.0 ], [ 39557.0, 30498.0 ], [ 39580.0, 30498.0 ], [ 39603.0, 30498.0 ], [ 39626.0, 30498.0 ], [ 39649.0, 30498.0 ], [ 39672.0, 30498.0 ], [ 39695.0, 30498.0 ], [ 39718.0, 30521.0 ], [ 39741.0, 30521.0 ], [ 39765.0, 30521.0 ], [ 39788.0, 30521.0 ], [ 39811.0, 30521.0 ], [ 39834.0, 30521.0 ], [ 39857.0, 30521.0 ], [ 39880.0, 30521.0 ], [ 39903.0, 30521.0 ], [ 39926.0, 30521.0 ], [ 39949.0, 30521.0 ], [ 39972.0, 30521.0 ], [ 39995.0, 30521.0 ], [ 40018.0, 30521.0 ], [ 40041.0, 30521.0 ], [ 40064.0, 30521.0 ], [ 40087.0, 30521.0 ], [ 40110.0, 30521.0 ], [ 40133.0, 30521.0 ], [ 40156.0, 30521.0 ], [ 40179.0, 30544.0 ], [ 40203.0, 30544.0 ], [ 40226.0, 30544.0 ], [ 40249.0, 30544.0 ], [ 40272.0, 30544.0 ], [ 40295.0, 30544.0 ], [ 40318.0, 30544.0 ], [ 40341.0, 30544.0 ], [ 40364.0, 30544.0 ], [ 40387.0, 30544.0 ], [ 40410.0, 30544.0 ], [ 40433.0, 30544.0 ], [ 40456.0, 30544.0 ], [ 40479.0, 30544.0 ], [ 40502.0, 30567.0 ], [ 40525.0, 30567.0 ], [ 40548.0, 30567.0 ], [ 40571.0, 30567.0 ], [ 40594.0, 30567.0 ], [ 40617.0, 30567.0 ], [ 40641.0, 30567.0 ], [ 40664.0, 30567.0 ], [ 40687.0, 30567.0 ], [ 40710.0, 30567.0 ], [ 40733.0, 30567.0 ], [ 40756.0, 30567.0 ], [ 40779.0, 30567.0 ], [ 40802.0, 30567.0 ], [ 40825.0, 30567.0 ], [ 40848.0, 30567.0 ], [ 40871.0, 30567.0 ], [ 40894.0, 30590.0 ], [ 40917.0, 30590.0 ], [ 40940.0, 30590.0 ], [ 40963.0, 30590.0 ], [ 40986.0, 30590.0 ], [ 41009.0, 30590.0 ], [ 41032.0, 30590.0 ], [ 41055.0, 30590.0 ], [ 41079.0, 30590.0 ], [ 41102.0, 30590.0 ], [ 41125.0, 30590.0 ], [ 41148.0, 30590.0 ], [ 41171.0, 30590.0 ], [ 41194.0, 30590.0 ], [ 41217.0, 30590.0 ], [ 41240.0, 30590.0 ], [ 41263.0, 30590.0 ], [ 41286.0, 30590.0 ], [ 41309.0, 30590.0 ], [ 41332.0, 30590.0 ], [ 41355.0, 30590.0 ], [ 41378.0, 30590.0 ], [ 41401.0, 30590.0 ], [ 41424.0, 30590.0 ], [ 41447.0, 30590.0 ], [ 41470.0, 30590.0 ], [ 41493.0, 30590.0 ], [ 41517.0, 30590.0 ], [ 41540.0, 30590.0 ], [ 41563.0, 30590.0 ], [ 41586.0, 30590.0 ], [ 41609.0, 30590.0 ], [ 41632.0, 30590.0 ], [ 41655.0, 30590.0 ], [ 41678.0, 30590.0 ], [ 41701.0, 30590.0 ], [ 41724.0, 30590.0 ], [ 41747.0, 30590.0 ], [ 41770.0, 30613.0 ], [ 41793.0, 30590.0 ], [ 41816.0, 30613.0 ], [ 41839.0, 30613.0 ], [ 41862.0, 30613.0 ], [ 41885.0, 30613.0 ], [ 41908.0, 30613.0 ], [ 41931.0, 30613.0 ], [ 41954.0, 30613.0 ], [ 41978.0, 30613.0 ], [ 42001.0, 30613.0 ], [ 42024.0, 30613.0 ], [ 42047.0, 30613.0 ], [ 42070.0, 30613.0 ], [ 42093.0, 30613.0 ], [ 42116.0, 30613.0 ], [ 42139.0, 30613.0 ], [ 42162.0, 30613.0 ], [ 42185.0, 30613.0 ], [ 42208.0, 30613.0 ], [ 42231.0, 30613.0 ], [ 42254.0, 30613.0 ], [ 42277.0, 30613.0 ], [ 42300.0, 30613.0 ], [ 42323.0, 30613.0 ], [ 42346.0, 30613.0 ], [ 42369.0, 30613.0 ], [ 42392.0, 30613.0 ], [ 42416.0, 30613.0 ], [ 42439.0, 30613.0 ], [ 42462.0, 30613.0 ], [ 42485.0, 30613.0 ], [ 42508.0, 30613.0 ], [ 42531.0, 30613.0 ], [ 42554.0, 30613.0 ], [ 42577.0, 30613.0 ], [ 42600.0, 30636.0 ], [ 42623.0, 30636.0 ], [ 42646.0, 30636.0 ], [ 42669.0, 30636.0 ], [ 42692.0, 30636.0 ], [ 42715.0, 30636.0 ], [ 42738.0, 30636.0 ], [ 42761.0, 30636.0 ], [ 42784.0, 30636.0 ], [ 42807.0, 30636.0 ], [ 42830.0, 30636.0 ], [ 42854.0, 30636.0 ], [ 42877.0, 30636.0 ], [ 42900.0, 30636.0 ], [ 42923.0, 30636.0 ], [ 42946.0, 30636.0 ], [ 42969.0, 30636.0 ], [ 42992.0, 30636.0 ], [ 43015.0, 30636.0 ], [ 43038.0, 30636.0 ], [ 43061.0, 30636.0 ], [ 43084.0, 30636.0 ], [ 43107.0, 30636.0 ], [ 43130.0, 30659.0 ], [ 43153.0, 30659.0 ], [ 43176.0, 30659.0 ], [ 43199.0, 30659.0 ], [ 43222.0, 30659.0 ], [ 43245.0, 30659.0 ], [ 43268.0, 30659.0 ], [ 43292.0, 30659.0 ], [ 43315.0, 30659.0 ], [ 43338.0, 30659.0 ], [ 43361.0, 30659.0 ], [ 43384.0, 30659.0 ], [ 43407.0, 30659.0 ], [ 43430.0, 30659.0 ], [ 43453.0, 30659.0 ], [ 43476.0, 30659.0 ], [ 43499.0, 30659.0 ], [ 43522.0, 30659.0 ], [ 43545.0, 30659.0 ], [ 43568.0, 30659.0 ], [ 43591.0, 30659.0 ], [ 43614.0, 30682.0 ], [ 43637.0, 30682.0 ], [ 43660.0, 30682.0 ], [ 43683.0, 30682.0 ], [ 43706.0, 30682.0 ], [ 43730.0, 30682.0 ], [ 43753.0, 30682.0 ], [ 43776.0, 30682.0 ], [ 43799.0, 30682.0 ], [ 43822.0, 30682.0 ], [ 43845.0, 30682.0 ], [ 43868.0, 30682.0 ], [ 43891.0, 30682.0 ], [ 43914.0, 30682.0 ], [ 43937.0, 30682.0 ], [ 43960.0, 30682.0 ], [ 43983.0, 30682.0 ], [ 44006.0, 30682.0 ], [ 44029.0, 30682.0 ], [ 44052.0, 30682.0 ], [ 44075.0, 30682.0 ], [ 44098.0, 30682.0 ], [ 44121.0, 30682.0 ], [ 44144.0, 30682.0 ], [ 44168.0, 30682.0 ], [ 44191.0, 30682.0 ], [ 44214.0, 30682.0 ], [ 44237.0, 30682.0 ], [ 44260.0, 30682.0 ], [ 44283.0, 30682.0 ], [ 44306.0, 30705.0 ], [ 44329.0, 30705.0 ], [ 44352.0, 30705.0 ], [ 44375.0, 30705.0 ], [ 44398.0, 30705.0 ], [ 44421.0, 30705.0 ], [ 44444.0, 30705.0 ], [ 44467.0, 30705.0 ], [ 44490.0, 30705.0 ], [ 44513.0, 30705.0 ], [ 44536.0, 30705.0 ], [ 44559.0, 30705.0 ], [ 44582.0, 30705.0 ], [ 44606.0, 30705.0 ], [ 44629.0, 30705.0 ], [ 44652.0, 30705.0 ], [ 44675.0, 30705.0 ], [ 44698.0, 30705.0 ], [ 44721.0, 30705.0 ], [ 44744.0, 30705.0 ], [ 44767.0, 30705.0 ], [ 44790.0, 30705.0 ], [ 44813.0, 30705.0 ], [ 44836.0, 30705.0 ], [ 44859.0, 30705.0 ], [ 44882.0, 30705.0 ], [ 44905.0, 30705.0 ], [ 44928.0, 30705.0 ], [ 44951.0, 30705.0 ], [ 44974.0, 30705.0 ], [ 44997.0, 30705.0 ], [ 45020.0, 30705.0 ], [ 45043.0, 30705.0 ], [ 45067.0, 30705.0 ], [ 45090.0, 30682.0 ], [ 45113.0, 30682.0 ], [ 45136.0, 30682.0 ], [ 45159.0, 30682.0 ], [ 45182.0, 30682.0 ], [ 45205.0, 30682.0 ], [ 45228.0, 30682.0 ], [ 45251.0, 30682.0 ], [ 45274.0, 30682.0 ], [ 45297.0, 30682.0 ], [ 45320.0, 30682.0 ], [ 45343.0, 30682.0 ], [ 45366.0, 30682.0 ], [ 45389.0, 30682.0 ], [ 45412.0, 30682.0 ], [ 45435.0, 30682.0 ], [ 45458.0, 30705.0 ], [ 45481.0, 30705.0 ], [ 45505.0, 30682.0 ], [ 45528.0, 30705.0 ], [ 45551.0, 30705.0 ], [ 45574.0, 30705.0 ], [ 45597.0, 30705.0 ], [ 45620.0, 30705.0 ], [ 45643.0, 30705.0 ], [ 45666.0, 30705.0 ], [ 45689.0, 30705.0 ], [ 45712.0, 30705.0 ], [ 45735.0, 30705.0 ], [ 45758.0, 30705.0 ], [ 45781.0, 30705.0 ], [ 45804.0, 30728.0 ], [ 45827.0, 30728.0 ], [ 45850.0, 30728.0 ], [ 45873.0, 30728.0 ], [ 45896.0, 30728.0 ], [ 45919.0, 30728.0 ], [ 45943.0, 30728.0 ], [ 45966.0, 30728.0 ], [ 45989.0, 30728.0 ], [ 46012.0, 30728.0 ], [ 46035.0, 30728.0 ], [ 46058.0, 30728.0 ], [ 46081.0, 30728.0 ], [ 46104.0, 30728.0 ], [ 46127.0, 30728.0 ], [ 46150.0, 30728.0 ], [ 46173.0, 30728.0 ], [ 46196.0, 30728.0 ], [ 46219.0, 30728.0 ], [ 46242.0, 30728.0 ], [ 46265.0, 30728.0 ], [ 46288.0, 30728.0 ], [ 46311.0, 30728.0 ], [ 46334.0, 30728.0 ], [ 46357.0, 30728.0 ], [ 46381.0, 30728.0 ], [ 46404.0, 30728.0 ], [ 46427.0, 30728.0 ], [ 46450.0, 30728.0 ], [ 46473.0, 30728.0 ], [ 46496.0, 30728.0 ], [ 46519.0, 30728.0 ], [ 46542.0, 30728.0 ], [ 46565.0, 30728.0 ], [ 46588.0, 30728.0 ], [ 46611.0, 30728.0 ], [ 46634.0, 30728.0 ], [ 46657.0, 30728.0 ], [ 46680.0, 30728.0 ], [ 46703.0, 30728.0 ], [ 46726.0, 30728.0 ], [ 46749.0, 30728.0 ], [ 46772.0, 30728.0 ], [ 46795.0, 30751.0 ], [ 46819.0, 30751.0 ], [ 46842.0, 30751.0 ], [ 46865.0, 30751.0 ], [ 46888.0, 30751.0 ], [ 46911.0, 30751.0 ], [ 46934.0, 30751.0 ], [ 46957.0, 30751.0 ], [ 46980.0, 30751.0 ], [ 47003.0, 30751.0 ], [ 47026.0, 30751.0 ], [ 47049.0, 30751.0 ], [ 47072.0, 30751.0 ], [ 47095.0, 30751.0 ], [ 47118.0, 30751.0 ], [ 47141.0, 30751.0 ], [ 47164.0, 30751.0 ], [ 47187.0, 30751.0 ], [ 47210.0, 30751.0 ], [ 47233.0, 30751.0 ], [ 47257.0, 30751.0 ], [ 47280.0, 30751.0 ], [ 47303.0, 30751.0 ], [ 47326.0, 30751.0 ], [ 47349.0, 30774.0 ], [ 47372.0, 30774.0 ], [ 47395.0, 30774.0 ], [ 47418.0, 30774.0 ], [ 47441.0, 30774.0 ], [ 47464.0, 30774.0 ], [ 47487.0, 30774.0 ], [ 47510.0, 30774.0 ], [ 47533.0, 30774.0 ], [ 47556.0, 30774.0 ], [ 47579.0, 30774.0 ], [ 47602.0, 30774.0 ], [ 47625.0, 30774.0 ], [ 47648.0, 30774.0 ], [ 47671.0, 30774.0 ], [ 47694.0, 30774.0 ], [ 47718.0, 30774.0 ], [ 47741.0, 30774.0 ], [ 47764.0, 30797.0 ], [ 47787.0, 30797.0 ], [ 47810.0, 30797.0 ], [ 47833.0, 30797.0 ], [ 47856.0, 30797.0 ], [ 47879.0, 30797.0 ], [ 47902.0, 30797.0 ], [ 47925.0, 30797.0 ], [ 47948.0, 30797.0 ], [ 47971.0, 30797.0 ], [ 47994.0, 30797.0 ], [ 48017.0, 30797.0 ], [ 48040.0, 30797.0 ], [ 48063.0, 30797.0 ], [ 48086.0, 30797.0 ], [ 48109.0, 30797.0 ], [ 48132.0, 30797.0 ], [ 48156.0, 30820.0 ], [ 48179.0, 30820.0 ], [ 48202.0, 30820.0 ], [ 48225.0, 30820.0 ], [ 48248.0, 30820.0 ], [ 48271.0, 30820.0 ], [ 48294.0, 30820.0 ], [ 48317.0, 30820.0 ], [ 48340.0, 30820.0 ], [ 48363.0, 30820.0 ], [ 48386.0, 30820.0 ], [ 48409.0, 30820.0 ], [ 48432.0, 30820.0 ], [ 48455.0, 30820.0 ], [ 48478.0, 30820.0 ], [ 48501.0, 30820.0 ], [ 48524.0, 30820.0 ], [ 48547.0, 30820.0 ], [ 48570.0, 30820.0 ], [ 48594.0, 30843.0 ], [ 48617.0, 30843.0 ], [ 48640.0, 30843.0 ], [ 48663.0, 30843.0 ], [ 48686.0, 30843.0 ], [ 48709.0, 30843.0 ], [ 48732.0, 30843.0 ], [ 48755.0, 30843.0 ], [ 48778.0, 30843.0 ], [ 48801.0, 30843.0 ], [ 48824.0, 30843.0 ], [ 48847.0, 30843.0 ], [ 48870.0, 30843.0 ], [ 48893.0, 30843.0 ], [ 48916.0, 30843.0 ], [ 48939.0, 30843.0 ], [ 48962.0, 30843.0 ], [ 48985.0, 30843.0 ], [ 49008.0, 30843.0 ], [ 49032.0, 30843.0 ], [ 49055.0, 30866.0 ], [ 49078.0, 30866.0 ], [ 49101.0, 30866.0 ], [ 49124.0, 30866.0 ], [ 49147.0, 30866.0 ], [ 49170.0, 30866.0 ], [ 49193.0, 30866.0 ], [ 49216.0, 30866.0 ], [ 49239.0, 30866.0 ], [ 49262.0, 30866.0 ], [ 49285.0, 30866.0 ], [ 49308.0, 30866.0 ], [ 49331.0, 30866.0 ], [ 49354.0, 30866.0 ], [ 49377.0, 30866.0 ], [ 49400.0, 30889.0 ], [ 49423.0, 30889.0 ], [ 49446.0, 30889.0 ], [ 49470.0, 30889.0 ], [ 49493.0, 30889.0 ], [ 49516.0, 30889.0 ], [ 49539.0, 30889.0 ], [ 49562.0, 30889.0 ], [ 49585.0, 30889.0 ], [ 49608.0, 30889.0 ], [ 49631.0, 30889.0 ], [ 49654.0, 30889.0 ], [ 49677.0, 30889.0 ], [ 49700.0, 30889.0 ], [ 49723.0, 30889.0 ], [ 49746.0, 30912.0 ], [ 49769.0, 30912.0 ], [ 49792.0, 30912.0 ], [ 49815.0, 30912.0 ], [ 49838.0, 30912.0 ], [ 49861.0, 30912.0 ], [ 49884.0, 30912.0 ], [ 49908.0, 30912.0 ], [ 49931.0, 30912.0 ], [ 49954.0, 30912.0 ], [ 49977.0, 30912.0 ], [ 50000.0, 30912.0 ], [ 50023.0, 30912.0 ], [ 50046.0, 30912.0 ], [ 50069.0, 30912.0 ], [ 50092.0, 30912.0 ], [ 50115.0, 30912.0 ], [ 50138.0, 30936.0 ], [ 50161.0, 30936.0 ], [ 50184.0, 30936.0 ], [ 50207.0, 30936.0 ], [ 50230.0, 30936.0 ], [ 50253.0, 30936.0 ], [ 50276.0, 30936.0 ], [ 50299.0, 30936.0 ], [ 50322.0, 30936.0 ], [ 50345.0, 30936.0 ], [ 50369.0, 30936.0 ], [ 50392.0, 30936.0 ], [ 50415.0, 30936.0 ], [ 50438.0, 30936.0 ], [ 50461.0, 30936.0 ], [ 50484.0, 30936.0 ], [ 50507.0, 30936.0 ], [ 50530.0, 30936.0 ], [ 50553.0, 30936.0 ], [ 50576.0, 30936.0 ], [ 50599.0, 30936.0 ], [ 50622.0, 30936.0 ], [ 50645.0, 30936.0 ], [ 50668.0, 30936.0 ], [ 50691.0, 30936.0 ], [ 50714.0, 30936.0 ], [ 50737.0, 30936.0 ], [ 50760.0, 30936.0 ], [ 50783.0, 30936.0 ], [ 50807.0, 30936.0 ], [ 50830.0, 30936.0 ], [ 50853.0, 30936.0 ], [ 50876.0, 30936.0 ], [ 50899.0, 30936.0 ], [ 50922.0, 30936.0 ], [ 50945.0, 30936.0 ], [ 50968.0, 30936.0 ], [ 50991.0, 30936.0 ], [ 51014.0, 30936.0 ], [ 51037.0, 30936.0 ], [ 51060.0, 30936.0 ], [ 51083.0, 30936.0 ], [ 51106.0, 30936.0 ], [ 51129.0, 30936.0 ], [ 51152.0, 30936.0 ], [ 51175.0, 30936.0 ], [ 51198.0, 30936.0 ], [ 51221.0, 30936.0 ], [ 51245.0, 30936.0 ], [ 51268.0, 30936.0 ], [ 51291.0, 30936.0 ], [ 51314.0, 30936.0 ], [ 51337.0, 30936.0 ], [ 51360.0, 30936.0 ], [ 51383.0, 30936.0 ], [ 51406.0, 30936.0 ], [ 51429.0, 30936.0 ], [ 51452.0, 30936.0 ], [ 51475.0, 30936.0 ], [ 51498.0, 30936.0 ], [ 51521.0, 30936.0 ], [ 51544.0, 30936.0 ], [ 51567.0, 30936.0 ], [ 51590.0, 30936.0 ], [ 51613.0, 30936.0 ], [ 51636.0, 30936.0 ], [ 51659.0, 30936.0 ], [ 51683.0, 30936.0 ], [ 51706.0, 30936.0 ], [ 51729.0, 30936.0 ], [ 51752.0, 30936.0 ], [ 51775.0, 30936.0 ], [ 51798.0, 30936.0 ], [ 51821.0, 30936.0 ], [ 51844.0, 30936.0 ], [ 51867.0, 30936.0 ], [ 51890.0, 30936.0 ], [ 51913.0, 30936.0 ], [ 51936.0, 30936.0 ], [ 51959.0, 30936.0 ], [ 51982.0, 30936.0 ], [ 52005.0, 30936.0 ], [ 52028.0, 30936.0 ], [ 52051.0, 30936.0 ], [ 52074.0, 30936.0 ], [ 52097.0, 30936.0 ], [ 52121.0, 30936.0 ], [ 52144.0, 30936.0 ], [ 52167.0, 30936.0 ], [ 52190.0, 30936.0 ], [ 52213.0, 30936.0 ], [ 52236.0, 30936.0 ], [ 52259.0, 30936.0 ], [ 52282.0, 30936.0 ], [ 52305.0, 30936.0 ], [ 52328.0, 30936.0 ], [ 52351.0, 30936.0 ], [ 52374.0, 30936.0 ], [ 52397.0, 30936.0 ], [ 52420.0, 30936.0 ], [ 52443.0, 30936.0 ], [ 52466.0, 30936.0 ], [ 52489.0, 30936.0 ], [ 52512.0, 30936.0 ], [ 52535.0, 30936.0 ], [ 52559.0, 30936.0 ], [ 52582.0, 30936.0 ], [ 52605.0, 30936.0 ], [ 52628.0, 30959.0 ], [ 52628.0, 30982.0 ], [ 52628.0, 31005.0 ], [ 52628.0, 31028.0 ], [ 52651.0, 31028.0 ], [ 52674.0, 31028.0 ], [ 52697.0, 31028.0 ], [ 52720.0, 31028.0 ], [ 52743.0, 31028.0 ], [ 52766.0, 31028.0 ], [ 52789.0, 31028.0 ], [ 52812.0, 31028.0 ], [ 52835.0, 31028.0 ], [ 52858.0, 31028.0 ], [ 52881.0, 31028.0 ], [ 52904.0, 31028.0 ], [ 52927.0, 31028.0 ], [ 52950.0, 31028.0 ], [ 52973.0, 31028.0 ], [ 52997.0, 31028.0 ], [ 53020.0, 31028.0 ], [ 53043.0, 31028.0 ], [ 53066.0, 31051.0 ], [ 53089.0, 31051.0 ], [ 53112.0, 31051.0 ], [ 53135.0, 31051.0 ], [ 53158.0, 31051.0 ], [ 53181.0, 31051.0 ], [ 53204.0, 31051.0 ], [ 53227.0, 31051.0 ], [ 53250.0, 31051.0 ], [ 53273.0, 31051.0 ], [ 53296.0, 31051.0 ], [ 53319.0, 31051.0 ], [ 53342.0, 31051.0 ], [ 53365.0, 31051.0 ], [ 53388.0, 31051.0 ], [ 53411.0, 31051.0 ], [ 53434.0, 31051.0 ], [ 53458.0, 31051.0 ], [ 53481.0, 31051.0 ], [ 53504.0, 31051.0 ], [ 53527.0, 31051.0 ], [ 53550.0, 31051.0 ], [ 53573.0, 31051.0 ], [ 53596.0, 31074.0 ], [ 53619.0, 31074.0 ], [ 53642.0, 31074.0 ], [ 53665.0, 31074.0 ], [ 53688.0, 31074.0 ], [ 53711.0, 31074.0 ], [ 53734.0, 31074.0 ], [ 53757.0, 31074.0 ], [ 53780.0, 31074.0 ], [ 53803.0, 31074.0 ], [ 53826.0, 31074.0 ], [ 53849.0, 31074.0 ], [ 53872.0, 31097.0 ], [ 53896.0, 31097.0 ], [ 53919.0, 31097.0 ], [ 53942.0, 31097.0 ], [ 53965.0, 31097.0 ], [ 53988.0, 31097.0 ], [ 54011.0, 31097.0 ], [ 54034.0, 31097.0 ], [ 54057.0, 31097.0 ], [ 54080.0, 31097.0 ], [ 54103.0, 31120.0 ], [ 54126.0, 31120.0 ], [ 54149.0, 31120.0 ], [ 54172.0, 31120.0 ], [ 54195.0, 31120.0 ], [ 54218.0, 31120.0 ], [ 54241.0, 31120.0 ], [ 54264.0, 31120.0 ], [ 54287.0, 31120.0 ], [ 54310.0, 31120.0 ], [ 54334.0, 31143.0 ], [ 54357.0, 31143.0 ], [ 54380.0, 31143.0 ], [ 54403.0, 31143.0 ], [ 54426.0, 31143.0 ], [ 54449.0, 31143.0 ], [ 54472.0, 31143.0 ], [ 54495.0, 31143.0 ], [ 54518.0, 31143.0 ], [ 54541.0, 31166.0 ], [ 54564.0, 31166.0 ], [ 54587.0, 31166.0 ], [ 54610.0, 31166.0 ], [ 54633.0, 31166.0 ], [ 54656.0, 31166.0 ], [ 54679.0, 31166.0 ], [ 54702.0, 31166.0 ], [ 54725.0, 31166.0 ], [ 54748.0, 31166.0 ], [ 54772.0, 31189.0 ], [ 54795.0, 31189.0 ], [ 54818.0, 31189.0 ], [ 54841.0, 31189.0 ], [ 54864.0, 31189.0 ], [ 54887.0, 31189.0 ], [ 54910.0, 31189.0 ], [ 54933.0, 31189.0 ], [ 54956.0, 31189.0 ], [ 54979.0, 31189.0 ], [ 55002.0, 31189.0 ], [ 55025.0, 31189.0 ], [ 55048.0, 31189.0 ], [ 55071.0, 31189.0 ], [ 55094.0, 31189.0 ], [ 55117.0, 31189.0 ], [ 55140.0, 31189.0 ], [ 55163.0, 31212.0 ], [ 55186.0, 31212.0 ], [ 55210.0, 31212.0 ], [ 55233.0, 31212.0 ], [ 55256.0, 31212.0 ], [ 55279.0, 31212.0 ], [ 55302.0, 31212.0 ], [ 55325.0, 31212.0 ], [ 55348.0, 31212.0 ], [ 55371.0, 31212.0 ], [ 55394.0, 31212.0 ], [ 55417.0, 31212.0 ], [ 55440.0, 31212.0 ], [ 55463.0, 31212.0 ], [ 55486.0, 31212.0 ], [ 55509.0, 31212.0 ], [ 55532.0, 31212.0 ], [ 55555.0, 31212.0 ], [ 55578.0, 31212.0 ], [ 55601.0, 31212.0 ], [ 55624.0, 31212.0 ], [ 55648.0, 31212.0 ], [ 55671.0, 31212.0 ], [ 55694.0, 31212.0 ], [ 55717.0, 31235.0 ], [ 55740.0, 31212.0 ], [ 55763.0, 31235.0 ], [ 55786.0, 31235.0 ], [ 55809.0, 31235.0 ], [ 55832.0, 31235.0 ], [ 55855.0, 31235.0 ], [ 55878.0, 31235.0 ], [ 55901.0, 31235.0 ], [ 55924.0, 31235.0 ], [ 55947.0, 31235.0 ], [ 55970.0, 31235.0 ], [ 55993.0, 31235.0 ], [ 56016.0, 31235.0 ], [ 56039.0, 31235.0 ], [ 56062.0, 31235.0 ], [ 56085.0, 31258.0 ], [ 56109.0, 31258.0 ], [ 56132.0, 31258.0 ], [ 56155.0, 31258.0 ], [ 56178.0, 31258.0 ], [ 56201.0, 31258.0 ], [ 56224.0, 31258.0 ], [ 56247.0, 31258.0 ], [ 56270.0, 31258.0 ], [ 56293.0, 31258.0 ], [ 56316.0, 31281.0 ], [ 56339.0, 31281.0 ], [ 56362.0, 31281.0 ], [ 56385.0, 31281.0 ], [ 56408.0, 31281.0 ], [ 56431.0, 31281.0 ], [ 56454.0, 31281.0 ], [ 56477.0, 31281.0 ], [ 56500.0, 31304.0 ], [ 56523.0, 31304.0 ], [ 56547.0, 31304.0 ], [ 56570.0, 31304.0 ], [ 56593.0, 31304.0 ], [ 56616.0, 31304.0 ], [ 56639.0, 31304.0 ], [ 56662.0, 31304.0 ], [ 56685.0, 31327.0 ], [ 56708.0, 31327.0 ], [ 56731.0, 31327.0 ], [ 56754.0, 31327.0 ], [ 56777.0, 31327.0 ], [ 56800.0, 31327.0 ], [ 56823.0, 31327.0 ], [ 56846.0, 31327.0 ], [ 56869.0, 31350.0 ], [ 56892.0, 31350.0 ], [ 56915.0, 31350.0 ], [ 56938.0, 31350.0 ], [ 56961.0, 31350.0 ], [ 56985.0, 31350.0 ], [ 57008.0, 31350.0 ], [ 57031.0, 31350.0 ], [ 57054.0, 31374.0 ], [ 57077.0, 31374.0 ], [ 57100.0, 31374.0 ], [ 57123.0, 31374.0 ], [ 57146.0, 31374.0 ], [ 57169.0, 31374.0 ], [ 57192.0, 31374.0 ], [ 57215.0, 31397.0 ], [ 57238.0, 31397.0 ], [ 57261.0, 31397.0 ], [ 57284.0, 31397.0 ], [ 57307.0, 31397.0 ], [ 57330.0, 31397.0 ], [ 57353.0, 31397.0 ], [ 57376.0, 31397.0 ], [ 57399.0, 31420.0 ], [ 57423.0, 31420.0 ], [ 57446.0, 31420.0 ], [ 57469.0, 31420.0 ], [ 57492.0, 31420.0 ], [ 57515.0, 31420.0 ], [ 57538.0, 31420.0 ], [ 57561.0, 31420.0 ], [ 57584.0, 31443.0 ], [ 57607.0, 31443.0 ], [ 57630.0, 31443.0 ], [ 57653.0, 31443.0 ], [ 57676.0, 31443.0 ], [ 57699.0, 31443.0 ], [ 57722.0, 31443.0 ], [ 57745.0, 31466.0 ], [ 57768.0, 31466.0 ], [ 57791.0, 31466.0 ], [ 57814.0, 31466.0 ], [ 57837.0, 31466.0 ], [ 57861.0, 31466.0 ], [ 57884.0, 31466.0 ], [ 57907.0, 31489.0 ], [ 57930.0, 31489.0 ], [ 57953.0, 31489.0 ], [ 57976.0, 31489.0 ], [ 57999.0, 31489.0 ], [ 58022.0, 31489.0 ], [ 58045.0, 31512.0 ], [ 58068.0, 31512.0 ], [ 58091.0, 31512.0 ], [ 58114.0, 31512.0 ], [ 58137.0, 31512.0 ], [ 58160.0, 31512.0 ], [ 58183.0, 31512.0 ], [ 58206.0, 31512.0 ], [ 58229.0, 31535.0 ], [ 58252.0, 31535.0 ], [ 58275.0, 31535.0 ], [ 58299.0, 31535.0 ], [ 58322.0, 31535.0 ], [ 58345.0, 31535.0 ], [ 58368.0, 31535.0 ], [ 58391.0, 31558.0 ], [ 58414.0, 31558.0 ], [ 58437.0, 31558.0 ], [ 58460.0, 31581.0 ], [ 58483.0, 31558.0 ], [ 58506.0, 31581.0 ], [ 58529.0, 31581.0 ], [ 58552.0, 31581.0 ], [ 58575.0, 31581.0 ], [ 58598.0, 31581.0 ], [ 58621.0, 31581.0 ], [ 58644.0, 31604.0 ], [ 58667.0, 31604.0 ], [ 58690.0, 31604.0 ], [ 58713.0, 31604.0 ], [ 58736.0, 31604.0 ], [ 58760.0, 31604.0 ], [ 58783.0, 31604.0 ], [ 58806.0, 31627.0 ], [ 58829.0, 31627.0 ], [ 58852.0, 31627.0 ], [ 58875.0, 31627.0 ], [ 58898.0, 31627.0 ], [ 58921.0, 31627.0 ], [ 58944.0, 31650.0 ], [ 58967.0, 31650.0 ], [ 58990.0, 31650.0 ], [ 59013.0, 31650.0 ], [ 59036.0, 31650.0 ], [ 59059.0, 31650.0 ], [ 59082.0, 31673.0 ], [ 59105.0, 31673.0 ], [ 59128.0, 31673.0 ], [ 59151.0, 31673.0 ], [ 59174.0, 31673.0 ], [ 59198.0, 31673.0 ], [ 59221.0, 31696.0 ], [ 59244.0, 31696.0 ], [ 59267.0, 31696.0 ], [ 59290.0, 31696.0 ], [ 59313.0, 31696.0 ], [ 59336.0, 31696.0 ], [ 59359.0, 31719.0 ], [ 59382.0, 31719.0 ], [ 59405.0, 31719.0 ], [ 59428.0, 31719.0 ], [ 59451.0, 31719.0 ], [ 59474.0, 31719.0 ], [ 59497.0, 31742.0 ], [ 59520.0, 31742.0 ], [ 59543.0, 31742.0 ], [ 59566.0, 31742.0 ], [ 59589.0, 31742.0 ], [ 59612.0, 31765.0 ], [ 59636.0, 31765.0 ], [ 59659.0, 31765.0 ], [ 59682.0, 31765.0 ], [ 59705.0, 31788.0 ], [ 59728.0, 31788.0 ], [ 59751.0, 31788.0 ], [ 59774.0, 31788.0 ], [ 59797.0, 31788.0 ], [ 59820.0, 31812.0 ], [ 59843.0, 31812.0 ], [ 59866.0, 31812.0 ], [ 59889.0, 31812.0 ], [ 59912.0, 31835.0 ], [ 59935.0, 31835.0 ], [ 59958.0, 31835.0 ], [ 59981.0, 31835.0 ], [ 60004.0, 31835.0 ], [ 60027.0, 31858.0 ], [ 60050.0, 31858.0 ], [ 60074.0, 31858.0 ], [ 60097.0, 31858.0 ], [ 60120.0, 31881.0 ], [ 60143.0, 31881.0 ], [ 60166.0, 31881.0 ], [ 60189.0, 31881.0 ], [ 60212.0, 31881.0 ], [ 60235.0, 31904.0 ], [ 60258.0, 31904.0 ], [ 60281.0, 31904.0 ], [ 60304.0, 31904.0 ], [ 60327.0, 31927.0 ], [ 60350.0, 31927.0 ], [ 60373.0, 31927.0 ], [ 60396.0, 31927.0 ], [ 60419.0, 31950.0 ], [ 60442.0, 31950.0 ], [ 60465.0, 31950.0 ], [ 60488.0, 31950.0 ], [ 60512.0, 31950.0 ], [ 60535.0, 31973.0 ], [ 60558.0, 31973.0 ], [ 60581.0, 31973.0 ], [ 60604.0, 31973.0 ], [ 60627.0, 31973.0 ], [ 60650.0, 31973.0 ], [ 60673.0, 31973.0 ], [ 60696.0, 31973.0 ], [ 60719.0, 31973.0 ], [ 60742.0, 31973.0 ], [ 60765.0, 31973.0 ], [ 60788.0, 31973.0 ], [ 60811.0, 31973.0 ], [ 60834.0, 31973.0 ], [ 60857.0, 31973.0 ], [ 60880.0, 31973.0 ], [ 60903.0, 31996.0 ], [ 60903.0, 32019.0 ], [ 60903.0, 32042.0 ], [ 60926.0, 32042.0 ], [ 60950.0, 32065.0 ], [ 60973.0, 32065.0 ], [ 60996.0, 32065.0 ], [ 61019.0, 32065.0 ], [ 61042.0, 32065.0 ], [ 61065.0, 32088.0 ], [ 61088.0, 32088.0 ], [ 61111.0, 32088.0 ], [ 61134.0, 32088.0 ], [ 61157.0, 32088.0 ], [ 61180.0, 32111.0 ], [ 61203.0, 32111.0 ], [ 61226.0, 32111.0 ], [ 61249.0, 32111.0 ], [ 61272.0, 32134.0 ], [ 61295.0, 32134.0 ], [ 61318.0, 32134.0 ], [ 61341.0, 32134.0 ], [ 61364.0, 32134.0 ], [ 61387.0, 32157.0 ], [ 61411.0, 32157.0 ], [ 61434.0, 32157.0 ], [ 61457.0, 32157.0 ], [ 61480.0, 32157.0 ], [ 61503.0, 32180.0 ], [ 61526.0, 32180.0 ], [ 61549.0, 32180.0 ], [ 61572.0, 32203.0 ], [ 61595.0, 32203.0 ], [ 61618.0, 32203.0 ], [ 61641.0, 32203.0 ], [ 61664.0, 32203.0 ], [ 61687.0, 32226.0 ], [ 61710.0, 32226.0 ], [ 61733.0, 32226.0 ], [ 61756.0, 32250.0 ], [ 61779.0, 32250.0 ], [ 61802.0, 32250.0 ], [ 61825.0, 32250.0 ], [ 61849.0, 32273.0 ], [ 61872.0, 32273.0 ], [ 61895.0, 32273.0 ], [ 61918.0, 32296.0 ], [ 61941.0, 32296.0 ], [ 61964.0, 32296.0 ], [ 61987.0, 32296.0 ], [ 62010.0, 32319.0 ], [ 62033.0, 32319.0 ], [ 62056.0, 32319.0 ], [ 62079.0, 32319.0 ], [ 62102.0, 32342.0 ], [ 62125.0, 32342.0 ], [ 62148.0, 32342.0 ], [ 62171.0, 32365.0 ], [ 62194.0, 32365.0 ], [ 62217.0, 32365.0 ], [ 62240.0, 32365.0 ], [ 62263.0, 32388.0 ], [ 62287.0, 32388.0 ], [ 62310.0, 32388.0 ], [ 62333.0, 32388.0 ], [ 62356.0, 32411.0 ], [ 62379.0, 32411.0 ], [ 62402.0, 32411.0 ], [ 62425.0, 32411.0 ], [ 62448.0, 32434.0 ], [ 62471.0, 32434.0 ], [ 62494.0, 32434.0 ], [ 62517.0, 32457.0 ], [ 62540.0, 32457.0 ], [ 62563.0, 32457.0 ], [ 62586.0, 32457.0 ], [ 62609.0, 32480.0 ], [ 62632.0, 32480.0 ], [ 62655.0, 32480.0 ], [ 62678.0, 32503.0 ], [ 62701.0, 32503.0 ], [ 62725.0, 32503.0 ], [ 62748.0, 32526.0 ], [ 62771.0, 32526.0 ], [ 62794.0, 32526.0 ], [ 62817.0, 32549.0 ], [ 62840.0, 32549.0 ], [ 62863.0, 32549.0 ], [ 62886.0, 32572.0 ], [ 62909.0, 32572.0 ], [ 62932.0, 32572.0 ], [ 62955.0, 32572.0 ], [ 62978.0, 32595.0 ], [ 63001.0, 32595.0 ], [ 63024.0, 32595.0 ], [ 63047.0, 32618.0 ], [ 63070.0, 32618.0 ], [ 63093.0, 32618.0 ], [ 63116.0, 32641.0 ], [ 63139.0, 32641.0 ], [ 63163.0, 32641.0 ], [ 63186.0, 32641.0 ], [ 63209.0, 32664.0 ], [ 63232.0, 32664.0 ], [ 63255.0, 32664.0 ], [ 63278.0, 32688.0 ], [ 63301.0, 32688.0 ], [ 63324.0, 32688.0 ], [ 63347.0, 32711.0 ], [ 63370.0, 32711.0 ], [ 63393.0, 32711.0 ], [ 63416.0, 32734.0 ], [ 63439.0, 32734.0 ], [ 63462.0, 32734.0 ], [ 63485.0, 32734.0 ], [ 63508.0, 32757.0 ], [ 63531.0, 32757.0 ], [ 63554.0, 32757.0 ], [ 63577.0, 32780.0 ], [ 63601.0, 32780.0 ], [ 63624.0, 32780.0 ], [ 63647.0, 32803.0 ], [ 63670.0, 32803.0 ], [ 63693.0, 32803.0 ], [ 63716.0, 32826.0 ], [ 63739.0, 32826.0 ], [ 63762.0, 32826.0 ], [ 63785.0, 32849.0 ], [ 63808.0, 32849.0 ], [ 63831.0, 32849.0 ], [ 63854.0, 32872.0 ], [ 63877.0, 32872.0 ], [ 63900.0, 32872.0 ], [ 63923.0, 32895.0 ], [ 63946.0, 32895.0 ], [ 63969.0, 32895.0 ], [ 63992.0, 32918.0 ], [ 64015.0, 32918.0 ], [ 64039.0, 32918.0 ], [ 64062.0, 32941.0 ], [ 64085.0, 32941.0 ], [ 64108.0, 32964.0 ], [ 64131.0, 32964.0 ], [ 64154.0, 32964.0 ], [ 64177.0, 32987.0 ], [ 64200.0, 32987.0 ], [ 64223.0, 33010.0 ], [ 64246.0, 33010.0 ], [ 64269.0, 33010.0 ], [ 64292.0, 33010.0 ], [ 64315.0, 33010.0 ], [ 64338.0, 33010.0 ], [ 64361.0, 33010.0 ], [ 64384.0, 33010.0 ], [ 64407.0, 33010.0 ], [ 64430.0, 33010.0 ], [ 64453.0, 33010.0 ], [ 64476.0, 33010.0 ], [ 64500.0, 33010.0 ], [ 64523.0, 33010.0 ], [ 64546.0, 33010.0 ], [ 64569.0, 33010.0 ], [ 64592.0, 33010.0 ], [ 64615.0, 33010.0 ], [ 64638.0, 33010.0 ], [ 64661.0, 33010.0 ], [ 64684.0, 33010.0 ], [ 64707.0, 33010.0 ], [ 64730.0, 33010.0 ], [ 64753.0, 33010.0 ], [ 64776.0, 33010.0 ], [ 64799.0, 33010.0 ], [ 64822.0, 33010.0 ], [ 64845.0, 33010.0 ], [ 64868.0, 33010.0 ], [ 64891.0, 33010.0 ], [ 64914.0, 33010.0 ], [ 64938.0, 33010.0 ], [ 64961.0, 33010.0 ], [ 64984.0, 33010.0 ], [ 65007.0, 33010.0 ], [ 65030.0, 33033.0 ], [ 65030.0, 33056.0 ], [ 65030.0, 33079.0 ], [ 65030.0, 33102.0 ], [ 65030.0, 33126.0 ], [ 65030.0, 33149.0 ], [ 65030.0, 33172.0 ], [ 65030.0, 33195.0 ], [ 65030.0, 33218.0 ], [ 65030.0, 33241.0 ], [ 65030.0, 33264.0 ], [ 65030.0, 33287.0 ], [ 65053.0, 33287.0 ], [ 65076.0, 33310.0 ], [ 65099.0, 33310.0 ], [ 65122.0, 33310.0 ], [ 65145.0, 33310.0 ], [ 65168.0, 33333.0 ], [ 65191.0, 33333.0 ], [ 65214.0, 33333.0 ], [ 65237.0, 33333.0 ], [ 65260.0, 33356.0 ], [ 65283.0, 33356.0 ], [ 65306.0, 33356.0 ], [ 65329.0, 33379.0 ], [ 65352.0, 33379.0 ], [ 65376.0, 33379.0 ], [ 65399.0, 33402.0 ], [ 65422.0, 33402.0 ], [ 65445.0, 33402.0 ], [ 65468.0, 33425.0 ], [ 65491.0, 33425.0 ], [ 65514.0, 33448.0 ], [ 65537.0, 33471.0 ], [ 65560.0, 33471.0 ], [ 65583.0, 33494.0 ], [ 65606.0, 33517.0 ], [ 65629.0, 33517.0 ], [ 65652.0, 33540.0 ], [ 65675.0, 33540.0 ], [ 65698.0, 33563.0 ], [ 65721.0, 33587.0 ], [ 65744.0, 33587.0 ], [ 65767.0, 33610.0 ], [ 65790.0, 33610.0 ], [ 65814.0, 33633.0 ], [ 65837.0, 33656.0 ], [ 65860.0, 33656.0 ], [ 65883.0, 33679.0 ], [ 65906.0, 33679.0 ], [ 65929.0, 33702.0 ], [ 65952.0, 33702.0 ], [ 65975.0, 33725.0 ], [ 65998.0, 33725.0 ], [ 66021.0, 33748.0 ], [ 66044.0, 33771.0 ], [ 66067.0, 33771.0 ], [ 66090.0, 33794.0 ], [ 66113.0, 33794.0 ], [ 66136.0, 33817.0 ], [ 66159.0, 33840.0 ], [ 66182.0, 33840.0 ], [ 66205.0, 33863.0 ], [ 66228.0, 33886.0 ], [ 66252.0, 33886.0 ], [ 66275.0, 33909.0 ], [ 66298.0, 33909.0 ], [ 66321.0, 33932.0 ], [ 66344.0, 33955.0 ], [ 66367.0, 33955.0 ], [ 66390.0, 33978.0 ], [ 66413.0, 33978.0 ], [ 66436.0, 34001.0 ], [ 66459.0, 34025.0 ], [ 66482.0, 34025.0 ], [ 66505.0, 34025.0 ], [ 66528.0, 34025.0 ], [ 66551.0, 34025.0 ], [ 66574.0, 34025.0 ], [ 66597.0, 34025.0 ], [ 66620.0, 34025.0 ], [ 66643.0, 34025.0 ], [ 66666.0, 34025.0 ], [ 66690.0, 34025.0 ], [ 66713.0, 34025.0 ], [ 66736.0, 34025.0 ], [ 66759.0, 34025.0 ], [ 66782.0, 34025.0 ], [ 66805.0, 34025.0 ], [ 66828.0, 34025.0 ], [ 66851.0, 34025.0 ], [ 66874.0, 34025.0 ], [ 66897.0, 34025.0 ], [ 66920.0, 34025.0 ], [ 66943.0, 34025.0 ], [ 66966.0, 34025.0 ], [ 66989.0, 34025.0 ], [ 67012.0, 34025.0 ], [ 67035.0, 34025.0 ], [ 67058.0, 34025.0 ], [ 67081.0, 34048.0 ], [ 67081.0, 34071.0 ], [ 67081.0, 34094.0 ], [ 67081.0, 34117.0 ], [ 67081.0, 34140.0 ], [ 67081.0, 34163.0 ], [ 67081.0, 34186.0 ], [ 67081.0, 34209.0 ], [ 67081.0, 34232.0 ], [ 67081.0, 34255.0 ], [ 67081.0, 34278.0 ], [ 67081.0, 34301.0 ], [ 67081.0, 34324.0 ], [ 67081.0, 34347.0 ], [ 67081.0, 34370.0 ], [ 67104.0, 34370.0 ], [ 67127.0, 34393.0 ], [ 67151.0, 34393.0 ], [ 67174.0, 34416.0 ], [ 67197.0, 34416.0 ], [ 67220.0, 34439.0 ], [ 67243.0, 34439.0 ], [ 67266.0, 34463.0 ], [ 67289.0, 34486.0 ], [ 67312.0, 34486.0 ], [ 67335.0, 34509.0 ], [ 67335.0, 34532.0 ], [ 67358.0, 34532.0 ], [ 67381.0, 34509.0 ], [ 67404.0, 34532.0 ], [ 67427.0, 34555.0 ], [ 67450.0, 34555.0 ], [ 67473.0, 34578.0 ], [ 67496.0, 34578.0 ], [ 67519.0, 34601.0 ], [ 67542.0, 34601.0 ], [ 67565.0, 34624.0 ], [ 67589.0, 34624.0 ], [ 67612.0, 34624.0 ], [ 67635.0, 34647.0 ], [ 67658.0, 34647.0 ], [ 67681.0, 34670.0 ], [ 67704.0, 34670.0 ], [ 67727.0, 34670.0 ], [ 67750.0, 34693.0 ], [ 67773.0, 34693.0 ], [ 67796.0, 34716.0 ], [ 67819.0, 34716.0 ], [ 67842.0, 34716.0 ], [ 67865.0, 34739.0 ], [ 67888.0, 34739.0 ], [ 67911.0, 34739.0 ], [ 67934.0, 34762.0 ], [ 67957.0, 34762.0 ], [ 67980.0, 34785.0 ], [ 68003.0, 34785.0 ], [ 68027.0, 34785.0 ], [ 68050.0, 34785.0 ], [ 68073.0, 34785.0 ], [ 68096.0, 34785.0 ], [ 68119.0, 34785.0 ], [ 68142.0, 34785.0 ], [ 68165.0, 34785.0 ], [ 68188.0, 34785.0 ], [ 68211.0, 34785.0 ], [ 68234.0, 34785.0 ], [ 68257.0, 34762.0 ], [ 68280.0, 34762.0 ], [ 68303.0, 34762.0 ], [ 68326.0, 34785.0 ], [ 68303.0, 34808.0 ], [ 68303.0, 34831.0 ], [ 68326.0, 34831.0 ], [ 68349.0, 34831.0 ], [ 68372.0, 34808.0 ], [ 68395.0, 34785.0 ], [ 68418.0, 34785.0 ], [ 68395.0, 34762.0 ], [ 68372.0, 34739.0 ], [ 68395.0, 34716.0 ], [ 68418.0, 34716.0 ], [ 68441.0, 34693.0 ], [ 68465.0, 34693.0 ], [ 68488.0, 34670.0 ], [ 68488.0, 34647.0 ], [ 68511.0, 34624.0 ], [ 68511.0, 34601.0 ], [ 68534.0, 34578.0 ], [ 68557.0, 34555.0 ], [ 68534.0, 34532.0 ], [ 68557.0, 34509.0 ], [ 68557.0, 34486.0 ], [ 68557.0, 34463.0 ], [ 68557.0, 34439.0 ], [ 68557.0, 34416.0 ], [ 68557.0, 34393.0 ], [ 68557.0, 34370.0 ], [ 68534.0, 34347.0 ], [ 68534.0, 34324.0 ], [ 68534.0, 34301.0 ], [ 68557.0, 34278.0 ], [ 68534.0, 34255.0 ], [ 68511.0, 34232.0 ], [ 68488.0, 34209.0 ], [ 68488.0, 34186.0 ], [ 68488.0, 34163.0 ], [ 68465.0, 34140.0 ], [ 68465.0, 34117.0 ], [ 68441.0, 34094.0 ], [ 68418.0, 34071.0 ], [ 68418.0, 34048.0 ], [ 68395.0, 34048.0 ], [ 68372.0, 34048.0 ], [ 68349.0, 34048.0 ], [ 68326.0, 34048.0 ], [ 68303.0, 34048.0 ], [ 68280.0, 34048.0 ], [ 68257.0, 34048.0 ], [ 68234.0, 34048.0 ], [ 68211.0, 34048.0 ], [ 68188.0, 34048.0 ], [ 68165.0, 34048.0 ], [ 68142.0, 34048.0 ], [ 68119.0, 34048.0 ], [ 68096.0, 34025.0 ], [ 68096.0, 34001.0 ], [ 68096.0, 33978.0 ], [ 68096.0, 33955.0 ], [ 68096.0, 33932.0 ], [ 68096.0, 33909.0 ], [ 68096.0, 33886.0 ], [ 68096.0, 33863.0 ], [ 68096.0, 33840.0 ], [ 68096.0, 33817.0 ], [ 68096.0, 33794.0 ], [ 68096.0, 33771.0 ], [ 68096.0, 33748.0 ], [ 68073.0, 33725.0 ], [ 68073.0, 33702.0 ], [ 68096.0, 33679.0 ], [ 68096.0, 33656.0 ], [ 68096.0, 33633.0 ], [ 68096.0, 33610.0 ], [ 68096.0, 33587.0 ], [ 68096.0, 33563.0 ], [ 68096.0, 33540.0 ], [ 68096.0, 33517.0 ], [ 68096.0, 33494.0 ], [ 68073.0, 33471.0 ], [ 68073.0, 33448.0 ], [ 68073.0, 33425.0 ], [ 68050.0, 33402.0 ], [ 68050.0, 33379.0 ], [ 68027.0, 33356.0 ], [ 68027.0, 33333.0 ], [ 68003.0, 33310.0 ], [ 68003.0, 33287.0 ], [ 67980.0, 33264.0 ], [ 67980.0, 33241.0 ], [ 67957.0, 33218.0 ], [ 67934.0, 33195.0 ], [ 67934.0, 33172.0 ], [ 67911.0, 33149.0 ], [ 67888.0, 33126.0 ], [ 67888.0, 33102.0 ], [ 67865.0, 33079.0 ], [ 67865.0, 33056.0 ], [ 67842.0, 33033.0 ], [ 67819.0, 33010.0 ], [ 67796.0, 32987.0 ], [ 67796.0, 32964.0 ], [ 67773.0, 32941.0 ], [ 67750.0, 32918.0 ], [ 67727.0, 32895.0 ], [ 67727.0, 32872.0 ], [ 67704.0, 32849.0 ], [ 67681.0, 32826.0 ], [ 67658.0, 32803.0 ], [ 67635.0, 32780.0 ], [ 67612.0, 32757.0 ], [ 67589.0, 32734.0 ], [ 67565.0, 32711.0 ], [ 67542.0, 32688.0 ], [ 67519.0, 32664.0 ], [ 67496.0, 32641.0 ], [ 67473.0, 32618.0 ], [ 67450.0, 32595.0 ], [ 67427.0, 32572.0 ], [ 67404.0, 32549.0 ], [ 67381.0, 32526.0 ], [ 67358.0, 32503.0 ], [ 67335.0, 32480.0 ], [ 67312.0, 32457.0 ], [ 67289.0, 32434.0 ], [ 67266.0, 32411.0 ], [ 67266.0, 32388.0 ], [ 67243.0, 32365.0 ], [ 67220.0, 32342.0 ], [ 67197.0, 32319.0 ], [ 67174.0, 32296.0 ], [ 67151.0, 32273.0 ], [ 67127.0, 32250.0 ], [ 67127.0, 32226.0 ], [ 67104.0, 32203.0 ], [ 67081.0, 32203.0 ], [ 67058.0, 32180.0 ], [ 67058.0, 32157.0 ], [ 67058.0, 32134.0 ], [ 67035.0, 32111.0 ], [ 67012.0, 32088.0 ], [ 66989.0, 32065.0 ], [ 66989.0, 32042.0 ], [ 66966.0, 32019.0 ], [ 66943.0, 31996.0 ], [ 66920.0, 31973.0 ], [ 66897.0, 31950.0 ], [ 66897.0, 31927.0 ], [ 66874.0, 31904.0 ], [ 66851.0, 31881.0 ], [ 66828.0, 31858.0 ], [ 66805.0, 31835.0 ], [ 66805.0, 31812.0 ], [ 66782.0, 31788.0 ], [ 66759.0, 31765.0 ], [ 66736.0, 31742.0 ], [ 66713.0, 31719.0 ], [ 66690.0, 31696.0 ], [ 66666.0, 31673.0 ], [ 66666.0, 31650.0 ], [ 66643.0, 31627.0 ], [ 66620.0, 31604.0 ], [ 66597.0, 31581.0 ], [ 66574.0, 31558.0 ], [ 66551.0, 31535.0 ], [ 66528.0, 31512.0 ], [ 66505.0, 31489.0 ], [ 66482.0, 31466.0 ], [ 66459.0, 31443.0 ], [ 66436.0, 31420.0 ], [ 66413.0, 31397.0 ], [ 66413.0, 31374.0 ], [ 66390.0, 31350.0 ], [ 66367.0, 31327.0 ], [ 66344.0, 31304.0 ], [ 66321.0, 31281.0 ], [ 66298.0, 31258.0 ], [ 66275.0, 31235.0 ], [ 66252.0, 31212.0 ], [ 66228.0, 31189.0 ], [ 66205.0, 31166.0 ], [ 66182.0, 31143.0 ], [ 66159.0, 31120.0 ], [ 66136.0, 31097.0 ], [ 66113.0, 31074.0 ], [ 66090.0, 31051.0 ], [ 66067.0, 31051.0 ], [ 66044.0, 31028.0 ], [ 66044.0, 31005.0 ], [ 66021.0, 31005.0 ], [ 65998.0, 30982.0 ], [ 65998.0, 30959.0 ], [ 65975.0, 30959.0 ], [ 65952.0, 30936.0 ], [ 65929.0, 30912.0 ], [ 65906.0, 30889.0 ], [ 65883.0, 30866.0 ], [ 65860.0, 30843.0 ], [ 65837.0, 30820.0 ], [ 65814.0, 30797.0 ], [ 65790.0, 30774.0 ], [ 65767.0, 30751.0 ], [ 65744.0, 30728.0 ], [ 65721.0, 30705.0 ], [ 65698.0, 30682.0 ], [ 65675.0, 30659.0 ], [ 65652.0, 30636.0 ], [ 65629.0, 30613.0 ], [ 65606.0, 30590.0 ], [ 65583.0, 30567.0 ], [ 65560.0, 30544.0 ], [ 65537.0, 30521.0 ], [ 65537.0, 30498.0 ], [ 65514.0, 30498.0 ], [ 65491.0, 30475.0 ], [ 65468.0, 30451.0 ], [ 65468.0, 30428.0 ], [ 65445.0, 30428.0 ], [ 65422.0, 30405.0 ], [ 65399.0, 30382.0 ], [ 65376.0, 30359.0 ], [ 65352.0, 30336.0 ], [ 65329.0, 30313.0 ], [ 65306.0, 30290.0 ], [ 65283.0, 30267.0 ], [ 65260.0, 30244.0 ], [ 65237.0, 30221.0 ], [ 65214.0, 30198.0 ], [ 65191.0, 30175.0 ], [ 65168.0, 30152.0 ], [ 65145.0, 30129.0 ], [ 65122.0, 30106.0 ], [ 65099.0, 30083.0 ], [ 65076.0, 30060.0 ], [ 65053.0, 30037.0 ], [ 65030.0, 30037.0 ], [ 65007.0, 30013.0 ], [ 65007.0, 29990.0 ], [ 64984.0, 29967.0 ], [ 64961.0, 29967.0 ], [ 64938.0, 29944.0 ], [ 64938.0, 29921.0 ], [ 64914.0, 29898.0 ], [ 64891.0, 29875.0 ], [ 64868.0, 29852.0 ], [ 64845.0, 29829.0 ], [ 64822.0, 29806.0 ], [ 64799.0, 29783.0 ], [ 64776.0, 29760.0 ], [ 64753.0, 29737.0 ], [ 64730.0, 29714.0 ], [ 64707.0, 29691.0 ], [ 64684.0, 29668.0 ], [ 64661.0, 29668.0 ], [ 64638.0, 29645.0 ], [ 64615.0, 29622.0 ], [ 64592.0, 29599.0 ], [ 64569.0, 29575.0 ], [ 64546.0, 29552.0 ], [ 64523.0, 29529.0 ], [ 64500.0, 29506.0 ], [ 64476.0, 29483.0 ], [ 64453.0, 29460.0 ], [ 64430.0, 29437.0 ], [ 64407.0, 29437.0 ], [ 64384.0, 29414.0 ], [ 64361.0, 29391.0 ], [ 64338.0, 29368.0 ], [ 64315.0, 29345.0 ], [ 64292.0, 29322.0 ], [ 64269.0, 29299.0 ], [ 64246.0, 29276.0 ], [ 64223.0, 29276.0 ], [ 64200.0, 29253.0 ], [ 64177.0, 29230.0 ], [ 64154.0, 29207.0 ], [ 64131.0, 29184.0 ], [ 64108.0, 29161.0 ], [ 64085.0, 29137.0 ], [ 64062.0, 29114.0 ], [ 64039.0, 29114.0 ], [ 64015.0, 29091.0 ], [ 63992.0, 29068.0 ], [ 63969.0, 29045.0 ], [ 63946.0, 29022.0 ], [ 63923.0, 28999.0 ], [ 63900.0, 28976.0 ], [ 63877.0, 28953.0 ], [ 63854.0, 28930.0 ], [ 63831.0, 28930.0 ], [ 63808.0, 28907.0 ], [ 63785.0, 28884.0 ], [ 63762.0, 28861.0 ], [ 63739.0, 28838.0 ], [ 63716.0, 28815.0 ], [ 63693.0, 28792.0 ], [ 63670.0, 28769.0 ], [ 63647.0, 28746.0 ], [ 63624.0, 28746.0 ], [ 63601.0, 28723.0 ], [ 63577.0, 28699.0 ], [ 63554.0, 28676.0 ], [ 63531.0, 28653.0 ], [ 63508.0, 28630.0 ], [ 63485.0, 28607.0 ], [ 63462.0, 28584.0 ], [ 63439.0, 28561.0 ], [ 63416.0, 28561.0 ], [ 63393.0, 28538.0 ], [ 63370.0, 28515.0 ], [ 63347.0, 28492.0 ], [ 63324.0, 28469.0 ], [ 63301.0, 28446.0 ], [ 63278.0, 28423.0 ], [ 63255.0, 28423.0 ], [ 63232.0, 28400.0 ], [ 63209.0, 28377.0 ], [ 63186.0, 28354.0 ], [ 63163.0, 28331.0 ], [ 63139.0, 28308.0 ], [ 63116.0, 28285.0 ], [ 63093.0, 28261.0 ], [ 63070.0, 28238.0 ], [ 63047.0, 28238.0 ], [ 63024.0, 28215.0 ], [ 63001.0, 28192.0 ], [ 62978.0, 28169.0 ], [ 62955.0, 28146.0 ], [ 62932.0, 28123.0 ], [ 62909.0, 28100.0 ], [ 62886.0, 28077.0 ], [ 62863.0, 28054.0 ], [ 62840.0, 28031.0 ], [ 62817.0, 28008.0 ], [ 62794.0, 27985.0 ], [ 62771.0, 27962.0 ], [ 62748.0, 27962.0 ], [ 62725.0, 27939.0 ], [ 62701.0, 27916.0 ], [ 62678.0, 27893.0 ], [ 62655.0, 27870.0 ], [ 62632.0, 27847.0 ], [ 62609.0, 27824.0 ], [ 62586.0, 27800.0 ], [ 62563.0, 27777.0 ], [ 62540.0, 27754.0 ], [ 62517.0, 27754.0 ], [ 62494.0, 27731.0 ], [ 62471.0, 27708.0 ], [ 62448.0, 27685.0 ], [ 62425.0, 27662.0 ], [ 62402.0, 27639.0 ], [ 62379.0, 27616.0 ], [ 62356.0, 27616.0 ], [ 62333.0, 27593.0 ], [ 62310.0, 27570.0 ], [ 62287.0, 27547.0 ], [ 62263.0, 27524.0 ], [ 62240.0, 27524.0 ], [ 62217.0, 27501.0 ], [ 62194.0, 27478.0 ], [ 62171.0, 27455.0 ], [ 62148.0, 27455.0 ], [ 62125.0, 27432.0 ], [ 62102.0, 27409.0 ], [ 62079.0, 27409.0 ], [ 62056.0, 27386.0 ], [ 62033.0, 27362.0 ], [ 62010.0, 27339.0 ], [ 61987.0, 27339.0 ], [ 61964.0, 27316.0 ], [ 61941.0, 27293.0 ], [ 61918.0, 27293.0 ], [ 61895.0, 27270.0 ], [ 61872.0, 27247.0 ], [ 61849.0, 27224.0 ], [ 61825.0, 27201.0 ], [ 61802.0, 27178.0 ], [ 61779.0, 27178.0 ], [ 61756.0, 27155.0 ], [ 61733.0, 27132.0 ], [ 61710.0, 27109.0 ], [ 61687.0, 27086.0 ], [ 61664.0, 27086.0 ], [ 61641.0, 27063.0 ], [ 61618.0, 27040.0 ], [ 61595.0, 27017.0 ], [ 61572.0, 27017.0 ], [ 61549.0, 26994.0 ], [ 61526.0, 26971.0 ], [ 61503.0, 26948.0 ], [ 61480.0, 26948.0 ], [ 61457.0, 26924.0 ], [ 61434.0, 26901.0 ], [ 61411.0, 26901.0 ], [ 61387.0, 26878.0 ], [ 61364.0, 26855.0 ], [ 61341.0, 26832.0 ], [ 61318.0, 26832.0 ], [ 61295.0, 26832.0 ], [ 61272.0, 26832.0 ], [ 61249.0, 26832.0 ], [ 61226.0, 26832.0 ], [ 61203.0, 26832.0 ], [ 61180.0, 26832.0 ], [ 61157.0, 26832.0 ], [ 61134.0, 26832.0 ], [ 61111.0, 26832.0 ], [ 61088.0, 26832.0 ], [ 61065.0, 26832.0 ], [ 61042.0, 26832.0 ], [ 61019.0, 26832.0 ], [ 60996.0, 26832.0 ], [ 60973.0, 26832.0 ], [ 60950.0, 26832.0 ], [ 60926.0, 26832.0 ], [ 60903.0, 26832.0 ], [ 60880.0, 26809.0 ], [ 60880.0, 26786.0 ], [ 60880.0, 26763.0 ], [ 60880.0, 26740.0 ], [ 60880.0, 26717.0 ], [ 60880.0, 26694.0 ], [ 60880.0, 26671.0 ], [ 60880.0, 26648.0 ], [ 60880.0, 26625.0 ], [ 60880.0, 26602.0 ], [ 60880.0, 26579.0 ], [ 60880.0, 26556.0 ], [ 60880.0, 26533.0 ], [ 60857.0, 26533.0 ], [ 60834.0, 26510.0 ], [ 60811.0, 26486.0 ], [ 60788.0, 26486.0 ], [ 60765.0, 26463.0 ], [ 60742.0, 26463.0 ], [ 60719.0, 26440.0 ], [ 60696.0, 26417.0 ], [ 60673.0, 26417.0 ], [ 60650.0, 26394.0 ], [ 60627.0, 26371.0 ], [ 60604.0, 26371.0 ], [ 60581.0, 26348.0 ], [ 60558.0, 26348.0 ], [ 60535.0, 26325.0 ], [ 60512.0, 26302.0 ], [ 60488.0, 26302.0 ], [ 60465.0, 26279.0 ], [ 60442.0, 26256.0 ], [ 60419.0, 26256.0 ], [ 60396.0, 26233.0 ], [ 60373.0, 26210.0 ], [ 60350.0, 26210.0 ], [ 60327.0, 26187.0 ], [ 60304.0, 26164.0 ], [ 60281.0, 26164.0 ], [ 60258.0, 26141.0 ], [ 60235.0, 26141.0 ], [ 60212.0, 26118.0 ], [ 60189.0, 26095.0 ], [ 60166.0, 26095.0 ], [ 60143.0, 26072.0 ], [ 60120.0, 26072.0 ], [ 60097.0, 26048.0 ], [ 60074.0, 26025.0 ], [ 60050.0, 26025.0 ], [ 60027.0, 26002.0 ], [ 60004.0, 26002.0 ], [ 59981.0, 25979.0 ], [ 59958.0, 25956.0 ], [ 59935.0, 25956.0 ], [ 59912.0, 25933.0 ], [ 59889.0, 25910.0 ], [ 59866.0, 25910.0 ], [ 59843.0, 25887.0 ], [ 59820.0, 25887.0 ], [ 59797.0, 25864.0 ], [ 59774.0, 25864.0 ], [ 59751.0, 25841.0 ], [ 59728.0, 25818.0 ], [ 59705.0, 25818.0 ], [ 59682.0, 25795.0 ], [ 59659.0, 25772.0 ], [ 59636.0, 25772.0 ], [ 59612.0, 25749.0 ], [ 59589.0, 25726.0 ], [ 59566.0, 25726.0 ], [ 59543.0, 25703.0 ], [ 59520.0, 25680.0 ], [ 59497.0, 25680.0 ], [ 59474.0, 25657.0 ], [ 59451.0, 25634.0 ], [ 59428.0, 25634.0 ], [ 59405.0, 25610.0 ], [ 59382.0, 25610.0 ], [ 59359.0, 25587.0 ], [ 59336.0, 25564.0 ], [ 59313.0, 25564.0 ], [ 59290.0, 25541.0 ], [ 59267.0, 25541.0 ], [ 59244.0, 25518.0 ], [ 59221.0, 25495.0 ], [ 59198.0, 25495.0 ], [ 59174.0, 25472.0 ], [ 59151.0, 25472.0 ], [ 59128.0, 25449.0 ], [ 59105.0, 25426.0 ], [ 59082.0, 25426.0 ], [ 59059.0, 25403.0 ], [ 59036.0, 25403.0 ], [ 59013.0, 25380.0 ], [ 58990.0, 25380.0 ], [ 58967.0, 25357.0 ], [ 58944.0, 25357.0 ], [ 58921.0, 25334.0 ], [ 58898.0, 25334.0 ], [ 58875.0, 25311.0 ], [ 58852.0, 25288.0 ], [ 58829.0, 25288.0 ], [ 58806.0, 25265.0 ], [ 58783.0, 25265.0 ], [ 58760.0, 25242.0 ], [ 58736.0, 25242.0 ], [ 58713.0, 25219.0 ], [ 58690.0, 25219.0 ], [ 58667.0, 25196.0 ], [ 58644.0, 25172.0 ], [ 58621.0, 25172.0 ], [ 58598.0, 25149.0 ], [ 58575.0, 25149.0 ], [ 58552.0, 25126.0 ], [ 58529.0, 25126.0 ], [ 58506.0, 25103.0 ], [ 58483.0, 25103.0 ], [ 58460.0, 25080.0 ], [ 58437.0, 25080.0 ], [ 58414.0, 25057.0 ], [ 58391.0, 25057.0 ], [ 58368.0, 25034.0 ], [ 58345.0, 25034.0 ], [ 58322.0, 25011.0 ], [ 58299.0, 25011.0 ], [ 58275.0, 24988.0 ], [ 58252.0, 24965.0 ], [ 58229.0, 24965.0 ], [ 58206.0, 24965.0 ], [ 58183.0, 24942.0 ], [ 58160.0, 24919.0 ], [ 58137.0, 24919.0 ], [ 58114.0, 24896.0 ], [ 58091.0, 24896.0 ], [ 58068.0, 24873.0 ], [ 58045.0, 24873.0 ], [ 58022.0, 24850.0 ], [ 57999.0, 24850.0 ], [ 57976.0, 24827.0 ], [ 57953.0, 24827.0 ], [ 57930.0, 24804.0 ], [ 57907.0, 24804.0 ], [ 57884.0, 24781.0 ], [ 57861.0, 24758.0 ], [ 57837.0, 24758.0 ], [ 57814.0, 24758.0 ], [ 57791.0, 24758.0 ], [ 57768.0, 24735.0 ], [ 57768.0, 24711.0 ], [ 57745.0, 24711.0 ], [ 57722.0, 24688.0 ], [ 57699.0, 24688.0 ], [ 57676.0, 24665.0 ], [ 57653.0, 24665.0 ], [ 57630.0, 24642.0 ], [ 57607.0, 24642.0 ], [ 57584.0, 24619.0 ], [ 57561.0, 24619.0 ], [ 57538.0, 24596.0 ], [ 57515.0, 24596.0 ], [ 57492.0, 24573.0 ], [ 57469.0, 24573.0 ], [ 57446.0, 24550.0 ], [ 57423.0, 24550.0 ], [ 57399.0, 24527.0 ], [ 57376.0, 24527.0 ], [ 57353.0, 24504.0 ], [ 57330.0, 24504.0 ], [ 57307.0, 24481.0 ], [ 57284.0, 24481.0 ], [ 57261.0, 24458.0 ], [ 57238.0, 24458.0 ], [ 57215.0, 24435.0 ], [ 57192.0, 24435.0 ], [ 57169.0, 24435.0 ], [ 57146.0, 24412.0 ], [ 57123.0, 24412.0 ], [ 57100.0, 24389.0 ], [ 57077.0, 24389.0 ], [ 57054.0, 24389.0 ], [ 57031.0, 24366.0 ], [ 57008.0, 24343.0 ], [ 56985.0, 24343.0 ], [ 56961.0, 24343.0 ], [ 56938.0, 24320.0 ], [ 56915.0, 24320.0 ], [ 56892.0, 24297.0 ], [ 56869.0, 24273.0 ], [ 56846.0, 24273.0 ], [ 56823.0, 24250.0 ], [ 56800.0, 24250.0 ], [ 56777.0, 24227.0 ], [ 56754.0, 24227.0 ], [ 56731.0, 24204.0 ], [ 56708.0, 24204.0 ], [ 56685.0, 24181.0 ], [ 56662.0, 24181.0 ], [ 56639.0, 24158.0 ], [ 56616.0, 24158.0 ], [ 56593.0, 24135.0 ], [ 56570.0, 24135.0 ], [ 56547.0, 24112.0 ], [ 56523.0, 24112.0 ], [ 56500.0, 24089.0 ], [ 56477.0, 24066.0 ], [ 56454.0, 24066.0 ], [ 56431.0, 24043.0 ], [ 56408.0, 24043.0 ], [ 56385.0, 24020.0 ], [ 56362.0, 24020.0 ], [ 56339.0, 23997.0 ], [ 56316.0, 23997.0 ], [ 56293.0, 23974.0 ], [ 56270.0, 23974.0 ], [ 56247.0, 23951.0 ], [ 56224.0, 23951.0 ], [ 56201.0, 23928.0 ], [ 56178.0, 23905.0 ], [ 56155.0, 23905.0 ], [ 56132.0, 23882.0 ], [ 56109.0, 23882.0 ], [ 56085.0, 23859.0 ], [ 56062.0, 23859.0 ], [ 56039.0, 23835.0 ], [ 56016.0, 23835.0 ], [ 55993.0, 23812.0 ], [ 55970.0, 23812.0 ], [ 55947.0, 23812.0 ], [ 55924.0, 23789.0 ], [ 55901.0, 23766.0 ], [ 55878.0, 23766.0 ], [ 55855.0, 23766.0 ], [ 55832.0, 23743.0 ], [ 55809.0, 23743.0 ], [ 55786.0, 23743.0 ], [ 55763.0, 23743.0 ], [ 55740.0, 23743.0 ], [ 55717.0, 23720.0 ], [ 55717.0, 23697.0 ], [ 55694.0, 23674.0 ], [ 55671.0, 23674.0 ], [ 55648.0, 23651.0 ], [ 55624.0, 23651.0 ], [ 55601.0, 23628.0 ], [ 55578.0, 23628.0 ], [ 55555.0, 23605.0 ], [ 55532.0, 23605.0 ], [ 55509.0, 23582.0 ], [ 55486.0, 23582.0 ], [ 55463.0, 23559.0 ], [ 55440.0, 23559.0 ], [ 55417.0, 23536.0 ], [ 55394.0, 23536.0 ], [ 55371.0, 23513.0 ], [ 55348.0, 23513.0 ], [ 55325.0, 23490.0 ], [ 55302.0, 23490.0 ], [ 55279.0, 23490.0 ], [ 55256.0, 23467.0 ], [ 55233.0, 23467.0 ], [ 55210.0, 23444.0 ], [ 55186.0, 23444.0 ], [ 55163.0, 23421.0 ], [ 55140.0, 23421.0 ], [ 55117.0, 23397.0 ], [ 55094.0, 23397.0 ], [ 55071.0, 23374.0 ], [ 55048.0, 23374.0 ], [ 55025.0, 23351.0 ], [ 55002.0, 23351.0 ], [ 54979.0, 23328.0 ], [ 54956.0, 23328.0 ], [ 54933.0, 23305.0 ], [ 54910.0, 23305.0 ], [ 54887.0, 23282.0 ], [ 54864.0, 23282.0 ], [ 54841.0, 23282.0 ], [ 54818.0, 23259.0 ], [ 54795.0, 23259.0 ], [ 54772.0, 23236.0 ], [ 54748.0, 23236.0 ], [ 54725.0, 23213.0 ], [ 54702.0, 23213.0 ], [ 54679.0, 23213.0 ], [ 54656.0, 23190.0 ], [ 54633.0, 23190.0 ], [ 54610.0, 23190.0 ], [ 54587.0, 23167.0 ], [ 54564.0, 23167.0 ], [ 54541.0, 23144.0 ], [ 54518.0, 23144.0 ], [ 54495.0, 23121.0 ], [ 54472.0, 23121.0 ], [ 54449.0, 23121.0 ], [ 54426.0, 23098.0 ], [ 54403.0, 23098.0 ], [ 54380.0, 23075.0 ], [ 54357.0, 23075.0 ], [ 54334.0, 23075.0 ], [ 54310.0, 23052.0 ], [ 54287.0, 23052.0 ], [ 54264.0, 23029.0 ], [ 54241.0, 23029.0 ], [ 54218.0, 23029.0 ], [ 54195.0, 23006.0 ], [ 54172.0, 23006.0 ], [ 54149.0, 22983.0 ], [ 54126.0, 22983.0 ], [ 54103.0, 22983.0 ], [ 54080.0, 22959.0 ], [ 54057.0, 22959.0 ], [ 54034.0, 22936.0 ], [ 54011.0, 22936.0 ], [ 53988.0, 22936.0 ], [ 53965.0, 22913.0 ], [ 53942.0, 22913.0 ], [ 53919.0, 22890.0 ], [ 53896.0, 22890.0 ], [ 53872.0, 22890.0 ], [ 53849.0, 22867.0 ], [ 53826.0, 22867.0 ], [ 53803.0, 22844.0 ], [ 53780.0, 22844.0 ], [ 53757.0, 22821.0 ], [ 53734.0, 22821.0 ], [ 53711.0, 22821.0 ], [ 53688.0, 22798.0 ], [ 53665.0, 22798.0 ], [ 53642.0, 22775.0 ], [ 53619.0, 22775.0 ], [ 53596.0, 22752.0 ], [ 53573.0, 22752.0 ], [ 53550.0, 22729.0 ], [ 53527.0, 22729.0 ], [ 53504.0, 22706.0 ], [ 53481.0, 22706.0 ], [ 53458.0, 22683.0 ], [ 53434.0, 22683.0 ], [ 53411.0, 22660.0 ], [ 53388.0, 22660.0 ], [ 53365.0, 22637.0 ], [ 53342.0, 22637.0 ], [ 53319.0, 22614.0 ], [ 53296.0, 22614.0 ], [ 53273.0, 22591.0 ], [ 53250.0, 22591.0 ], [ 53227.0, 22568.0 ], [ 53204.0, 22545.0 ], [ 53181.0, 22545.0 ], [ 53158.0, 22545.0 ], [ 53135.0, 22521.0 ], [ 53112.0, 22498.0 ], [ 53089.0, 22498.0 ], [ 53066.0, 22498.0 ], [ 53043.0, 22475.0 ], [ 53020.0, 22475.0 ], [ 52997.0, 22452.0 ], [ 52973.0, 22452.0 ], [ 52950.0, 22429.0 ], [ 52927.0, 22429.0 ], [ 52904.0, 22429.0 ], [ 52881.0, 22406.0 ], [ 52858.0, 22383.0 ], [ 52835.0, 22383.0 ], [ 52812.0, 22360.0 ], [ 52789.0, 22360.0 ], [ 52766.0, 22360.0 ], [ 52743.0, 22337.0 ], [ 52720.0, 22337.0 ], [ 52697.0, 22314.0 ], [ 52674.0, 22314.0 ], [ 52651.0, 22291.0 ], [ 52628.0, 22291.0 ], [ 52605.0, 22291.0 ], [ 52582.0, 22268.0 ], [ 52559.0, 22268.0 ], [ 52535.0, 22268.0 ], [ 52512.0, 22245.0 ], [ 52489.0, 22245.0 ], [ 52466.0, 22222.0 ], [ 52443.0, 22222.0 ], [ 52420.0, 22199.0 ], [ 52397.0, 22199.0 ], [ 52374.0, 22199.0 ], [ 52351.0, 22176.0 ], [ 52328.0, 22176.0 ], [ 52305.0, 22153.0 ], [ 52282.0, 22153.0 ], [ 52259.0, 22130.0 ], [ 52236.0, 22130.0 ], [ 52213.0, 22107.0 ], [ 52190.0, 22107.0 ], [ 52167.0, 22107.0 ], [ 52144.0, 22084.0 ], [ 52121.0, 22084.0 ], [ 52097.0, 22060.0 ], [ 52074.0, 22060.0 ], [ 52051.0, 22037.0 ], [ 52028.0, 22037.0 ], [ 52005.0, 22014.0 ], [ 51982.0, 22014.0 ], [ 51959.0, 21991.0 ], [ 51936.0, 21991.0 ], [ 51913.0, 21968.0 ], [ 51890.0, 21968.0 ], [ 51867.0, 21945.0 ], [ 51844.0, 21945.0 ], [ 51821.0, 21945.0 ], [ 51798.0, 21922.0 ], [ 51775.0, 21922.0 ], [ 51752.0, 21899.0 ], [ 51729.0, 21899.0 ], [ 51706.0, 21876.0 ], [ 51683.0, 21876.0 ], [ 51659.0, 21853.0 ], [ 51636.0, 21853.0 ], [ 51613.0, 21830.0 ], [ 51590.0, 21830.0 ], [ 51567.0, 21807.0 ], [ 51544.0, 21807.0 ], [ 51521.0, 21784.0 ], [ 51498.0, 21784.0 ], [ 51475.0, 21761.0 ], [ 51452.0, 21761.0 ], [ 51429.0, 21761.0 ], [ 51406.0, 21738.0 ], [ 51383.0, 21738.0 ], [ 51360.0, 21715.0 ], [ 51337.0, 21715.0 ], [ 51314.0, 21692.0 ], [ 51291.0, 21692.0 ], [ 51268.0, 21669.0 ], [ 51245.0, 21669.0 ], [ 51221.0, 21669.0 ], [ 51198.0, 21669.0 ], [ 51175.0, 21669.0 ], [ 51152.0, 21669.0 ], [ 51129.0, 21669.0 ], [ 51106.0, 21669.0 ], [ 51083.0, 21669.0 ], [ 51060.0, 21669.0 ], [ 51037.0, 21669.0 ], [ 51014.0, 21669.0 ], [ 50991.0, 21669.0 ], [ 50968.0, 21669.0 ], [ 50945.0, 21669.0 ], [ 50922.0, 21669.0 ], [ 50899.0, 21669.0 ], [ 50876.0, 21669.0 ], [ 50853.0, 21669.0 ], [ 50830.0, 21669.0 ], [ 50807.0, 21669.0 ], [ 50783.0, 21669.0 ], [ 50760.0, 21669.0 ], [ 50737.0, 21669.0 ], [ 50714.0, 21669.0 ], [ 50691.0, 21669.0 ], [ 50668.0, 21669.0 ], [ 50645.0, 21669.0 ], [ 50622.0, 21669.0 ], [ 50599.0, 21669.0 ], [ 50576.0, 21669.0 ], [ 50553.0, 21646.0 ], [ 50553.0, 21622.0 ], [ 50553.0, 21599.0 ], [ 50553.0, 21576.0 ], [ 50553.0, 21553.0 ], [ 50553.0, 21530.0 ], [ 50553.0, 21507.0 ], [ 50553.0, 21484.0 ], [ 50553.0, 21461.0 ], [ 50553.0, 21438.0 ], [ 50553.0, 21415.0 ], [ 50530.0, 21415.0 ], [ 50507.0, 21415.0 ], [ 50484.0, 21392.0 ], [ 50461.0, 21392.0 ], [ 50438.0, 21392.0 ], [ 50415.0, 21392.0 ], [ 50392.0, 21369.0 ], [ 50369.0, 21369.0 ], [ 50345.0, 21369.0 ], [ 50322.0, 21369.0 ], [ 50299.0, 21346.0 ], [ 50276.0, 21346.0 ], [ 50253.0, 21346.0 ], [ 50230.0, 21346.0 ], [ 50207.0, 21323.0 ], [ 50184.0, 21323.0 ], [ 50161.0, 21323.0 ], [ 50138.0, 21300.0 ], [ 50115.0, 21300.0 ], [ 50092.0, 21300.0 ], [ 50069.0, 21300.0 ], [ 50046.0, 21277.0 ], [ 50023.0, 21277.0 ], [ 50000.0, 21277.0 ], [ 49977.0, 21254.0 ], [ 49954.0, 21254.0 ], [ 49931.0, 21254.0 ], [ 49908.0, 21254.0 ], [ 49884.0, 21231.0 ], [ 49861.0, 21231.0 ], [ 49838.0, 21208.0 ], [ 49815.0, 21208.0 ], [ 49792.0, 21208.0 ], [ 49769.0, 21184.0 ], [ 49746.0, 21184.0 ], [ 49723.0, 21184.0 ], [ 49700.0, 21184.0 ], [ 49677.0, 21161.0 ], [ 49654.0, 21161.0 ], [ 49631.0, 21161.0 ], [ 49608.0, 21138.0 ], [ 49585.0, 21138.0 ], [ 49562.0, 21138.0 ], [ 49539.0, 21115.0 ], [ 49516.0, 21115.0 ], [ 49493.0, 21115.0 ], [ 49470.0, 21092.0 ], [ 49446.0, 21092.0 ], [ 49423.0, 21092.0 ], [ 49400.0, 21069.0 ], [ 49377.0, 21069.0 ], [ 49354.0, 21069.0 ], [ 49331.0, 21046.0 ], [ 49308.0, 21046.0 ], [ 49285.0, 21046.0 ], [ 49262.0, 21023.0 ], [ 49239.0, 21023.0 ], [ 49216.0, 21023.0 ], [ 49193.0, 21023.0 ], [ 49170.0, 21000.0 ], [ 49147.0, 21000.0 ], [ 49124.0, 21000.0 ], [ 49101.0, 21000.0 ], [ 49078.0, 20977.0 ], [ 49055.0, 20977.0 ], [ 49032.0, 20977.0 ], [ 49008.0, 20954.0 ], [ 48985.0, 20954.0 ], [ 48962.0, 20954.0 ], [ 48939.0, 20954.0 ], [ 48916.0, 20931.0 ], [ 48893.0, 20931.0 ], [ 48870.0, 20931.0 ], [ 48847.0, 20908.0 ], [ 48824.0, 20908.0 ], [ 48801.0, 20908.0 ], [ 48778.0, 20908.0 ], [ 48755.0, 20885.0 ], [ 48732.0, 20885.0 ], [ 48709.0, 20885.0 ], [ 48686.0, 20885.0 ], [ 48663.0, 20862.0 ], [ 48640.0, 20862.0 ], [ 48617.0, 20862.0 ], [ 48594.0, 20862.0 ], [ 48570.0, 20839.0 ], [ 48547.0, 20839.0 ], [ 48524.0, 20839.0 ], [ 48501.0, 20839.0 ], [ 48478.0, 20816.0 ], [ 48455.0, 20816.0 ], [ 48432.0, 20816.0 ], [ 48409.0, 20793.0 ], [ 48386.0, 20793.0 ], [ 48363.0, 20793.0 ], [ 48340.0, 20793.0 ], [ 48317.0, 20770.0 ], [ 48294.0, 20770.0 ], [ 48271.0, 20770.0 ], [ 48248.0, 20770.0 ], [ 48225.0, 20746.0 ], [ 48202.0, 20746.0 ], [ 48179.0, 20746.0 ], [ 48156.0, 20746.0 ], [ 48132.0, 20723.0 ], [ 48109.0, 20723.0 ], [ 48086.0, 20723.0 ], [ 48063.0, 20723.0 ], [ 48040.0, 20723.0 ], [ 48017.0, 20700.0 ], [ 47994.0, 20700.0 ], [ 47971.0, 20700.0 ], [ 47948.0, 20700.0 ], [ 47925.0, 20700.0 ], [ 47902.0, 20677.0 ], [ 47879.0, 20677.0 ], [ 47856.0, 20677.0 ], [ 47833.0, 20677.0 ], [ 47810.0, 20677.0 ], [ 47787.0, 20654.0 ], [ 47764.0, 20654.0 ], [ 47741.0, 20654.0 ], [ 47718.0, 20654.0 ], [ 47694.0, 20631.0 ], [ 47671.0, 20631.0 ], [ 47648.0, 20631.0 ], [ 47625.0, 20631.0 ], [ 47602.0, 20631.0 ], [ 47579.0, 20631.0 ], [ 47556.0, 20631.0 ], [ 47533.0, 20631.0 ], [ 47510.0, 20631.0 ], [ 47487.0, 20631.0 ], [ 47464.0, 20631.0 ], [ 47441.0, 20631.0 ], [ 47418.0, 20631.0 ], [ 47395.0, 20631.0 ], [ 47372.0, 20631.0 ], [ 47349.0, 20631.0 ], [ 47326.0, 20631.0 ], [ 47303.0, 20631.0 ], [ 47280.0, 20631.0 ], [ 47257.0, 20631.0 ], [ 47233.0, 20631.0 ], [ 47210.0, 20631.0 ], [ 47187.0, 20631.0 ], [ 47164.0, 20631.0 ], [ 47141.0, 20631.0 ], [ 47118.0, 20631.0 ], [ 47095.0, 20631.0 ], [ 47072.0, 20631.0 ], [ 47049.0, 20631.0 ], [ 47026.0, 20631.0 ], [ 47003.0, 20631.0 ], [ 46980.0, 20631.0 ], [ 46957.0, 20631.0 ], [ 46934.0, 20631.0 ], [ 46911.0, 20631.0 ], [ 46888.0, 20631.0 ], [ 46865.0, 20631.0 ], [ 46842.0, 20631.0 ], [ 46819.0, 20631.0 ], [ 46795.0, 20631.0 ], [ 46772.0, 20631.0 ], [ 46749.0, 20631.0 ], [ 46726.0, 20631.0 ], [ 46703.0, 20631.0 ], [ 46680.0, 20631.0 ], [ 46657.0, 20631.0 ], [ 46634.0, 20631.0 ], [ 46611.0, 20631.0 ], [ 46588.0, 20631.0 ], [ 46565.0, 20631.0 ], [ 46542.0, 20631.0 ], [ 46519.0, 20631.0 ], [ 46496.0, 20631.0 ], [ 46473.0, 20631.0 ], [ 46450.0, 20631.0 ], [ 46427.0, 20608.0 ], [ 46427.0, 20585.0 ], [ 46427.0, 20562.0 ], [ 46427.0, 20539.0 ], [ 46427.0, 20516.0 ], [ 46427.0, 20493.0 ], [ 46427.0, 20470.0 ], [ 46427.0, 20447.0 ], [ 46427.0, 20424.0 ], [ 46427.0, 20401.0 ], [ 46404.0, 20401.0 ], [ 46381.0, 20401.0 ], [ 46357.0, 20401.0 ], [ 46334.0, 20401.0 ], [ 46311.0, 20378.0 ], [ 46288.0, 20378.0 ], [ 46265.0, 20378.0 ], [ 46242.0, 20378.0 ], [ 46219.0, 20378.0 ], [ 46196.0, 20378.0 ], [ 46173.0, 20355.0 ], [ 46150.0, 20355.0 ], [ 46127.0, 20355.0 ], [ 46104.0, 20355.0 ], [ 46081.0, 20355.0 ], [ 46058.0, 20355.0 ], [ 46035.0, 20355.0 ], [ 46012.0, 20355.0 ], [ 45989.0, 20355.0 ], [ 45966.0, 20355.0 ], [ 45943.0, 20355.0 ], [ 45919.0, 20332.0 ], [ 45896.0, 20332.0 ], [ 45873.0, 20332.0 ], [ 45850.0, 20332.0 ], [ 45827.0, 20332.0 ], [ 45804.0, 20332.0 ], [ 45781.0, 20332.0 ], [ 45758.0, 20332.0 ], [ 45735.0, 20308.0 ], [ 45712.0, 20308.0 ], [ 45689.0, 20308.0 ], [ 45666.0, 20308.0 ], [ 45643.0, 20308.0 ], [ 45620.0, 20308.0 ], [ 45597.0, 20308.0 ], [ 45574.0, 20285.0 ], [ 45551.0, 20285.0 ], [ 45528.0, 20285.0 ], [ 45505.0, 20285.0 ], [ 45481.0, 20285.0 ], [ 45458.0, 20285.0 ], [ 45435.0, 20285.0 ], [ 45412.0, 20262.0 ], [ 45389.0, 20262.0 ], [ 45366.0, 20262.0 ], [ 45343.0, 20262.0 ], [ 45320.0, 20262.0 ], [ 45297.0, 20262.0 ], [ 45274.0, 20239.0 ], [ 45251.0, 20239.0 ], [ 45228.0, 20239.0 ], [ 45205.0, 20239.0 ], [ 45182.0, 20239.0 ], [ 45159.0, 20239.0 ], [ 45136.0, 20239.0 ], [ 45113.0, 20216.0 ], [ 45090.0, 20216.0 ], [ 45067.0, 20216.0 ], [ 45043.0, 20216.0 ], [ 45020.0, 20216.0 ], [ 44997.0, 20193.0 ], [ 44974.0, 20193.0 ], [ 44951.0, 20193.0 ], [ 44928.0, 20193.0 ], [ 44905.0, 20193.0 ], [ 44882.0, 20193.0 ], [ 44859.0, 20193.0 ], [ 44836.0, 20170.0 ], [ 44813.0, 20170.0 ], [ 44790.0, 20170.0 ], [ 44767.0, 20170.0 ], [ 44744.0, 20170.0 ], [ 44721.0, 20170.0 ], [ 44698.0, 20170.0 ], [ 44675.0, 20170.0 ], [ 44652.0, 20170.0 ], [ 44629.0, 20170.0 ], [ 44606.0, 20147.0 ], [ 44582.0, 20147.0 ], [ 44559.0, 20147.0 ], [ 44536.0, 20147.0 ], [ 44513.0, 20147.0 ], [ 44490.0, 20147.0 ], [ 44467.0, 20147.0 ], [ 44444.0, 20147.0 ], [ 44421.0, 20147.0 ], [ 44398.0, 20124.0 ], [ 44375.0, 20124.0 ], [ 44352.0, 20124.0 ], [ 44329.0, 20124.0 ], [ 44306.0, 20124.0 ], [ 44283.0, 20124.0 ], [ 44260.0, 20124.0 ], [ 44237.0, 20124.0 ], [ 44214.0, 20101.0 ], [ 44191.0, 20101.0 ], [ 44168.0, 20101.0 ], [ 44144.0, 20101.0 ], [ 44121.0, 20101.0 ], [ 44098.0, 20101.0 ], [ 44075.0, 20101.0 ], [ 44052.0, 20078.0 ], [ 44029.0, 20078.0 ], [ 44006.0, 20078.0 ], [ 43983.0, 20078.0 ], [ 43960.0, 20078.0 ], [ 43937.0, 20078.0 ], [ 43914.0, 20078.0 ], [ 43891.0, 20078.0 ], [ 43868.0, 20078.0 ], [ 43845.0, 20055.0 ], [ 43822.0, 20055.0 ], [ 43799.0, 20055.0 ], [ 43776.0, 20055.0 ], [ 43753.0, 20055.0 ], [ 43730.0, 20055.0 ], [ 43706.0, 20032.0 ], [ 43683.0, 20032.0 ], [ 43660.0, 20032.0 ], [ 43637.0, 20032.0 ], [ 43614.0, 20032.0 ], [ 43591.0, 20032.0 ], [ 43568.0, 20032.0 ], [ 43545.0, 20032.0 ], [ 43522.0, 20009.0 ], [ 43499.0, 20009.0 ], [ 43476.0, 20009.0 ], [ 43453.0, 20009.0 ], [ 43430.0, 20009.0 ], [ 43407.0, 20009.0 ], [ 43384.0, 20009.0 ], [ 43361.0, 20009.0 ], [ 43338.0, 20009.0 ], [ 43315.0, 19986.0 ], [ 43292.0, 19986.0 ], [ 43268.0, 19986.0 ], [ 43245.0, 19986.0 ], [ 43222.0, 19986.0 ], [ 43199.0, 19986.0 ], [ 43176.0, 19986.0 ], [ 43153.0, 19986.0 ], [ 43130.0, 19986.0 ], [ 43107.0, 19986.0 ], [ 43084.0, 19986.0 ], [ 43061.0, 19986.0 ], [ 43038.0, 19986.0 ], [ 43015.0, 19986.0 ], [ 42992.0, 19963.0 ], [ 42969.0, 19963.0 ], [ 42946.0, 19963.0 ], [ 42923.0, 19963.0 ], [ 42900.0, 19963.0 ], [ 42877.0, 19963.0 ], [ 42854.0, 19963.0 ], [ 42830.0, 19963.0 ], [ 42807.0, 19963.0 ], [ 42784.0, 19963.0 ], [ 42761.0, 19963.0 ], [ 42738.0, 19940.0 ], [ 42715.0, 19940.0 ], [ 42692.0, 19940.0 ], [ 42669.0, 19940.0 ], [ 42646.0, 19940.0 ], [ 42623.0, 19940.0 ], [ 42600.0, 19940.0 ], [ 42577.0, 19940.0 ], [ 42554.0, 19940.0 ], [ 42531.0, 19940.0 ], [ 42508.0, 19940.0 ], [ 42485.0, 19940.0 ], [ 42462.0, 19917.0 ], [ 42439.0, 19917.0 ], [ 42416.0, 19917.0 ], [ 42392.0, 19917.0 ], [ 42369.0, 19917.0 ], [ 42346.0, 19917.0 ], [ 42323.0, 19917.0 ], [ 42300.0, 19917.0 ], [ 42277.0, 19917.0 ], [ 42254.0, 19917.0 ], [ 42231.0, 19894.0 ], [ 42208.0, 19894.0 ], [ 42185.0, 19894.0 ], [ 42162.0, 19894.0 ], [ 42139.0, 19894.0 ], [ 42116.0, 19894.0 ], [ 42093.0, 19894.0 ], [ 42070.0, 19894.0 ], [ 42047.0, 19894.0 ], [ 42024.0, 19894.0 ], [ 42001.0, 19894.0 ], [ 41978.0, 19894.0 ], [ 41954.0, 19894.0 ], [ 41931.0, 19894.0 ], [ 41908.0, 19894.0 ], [ 41885.0, 19894.0 ], [ 41862.0, 19894.0 ], [ 41839.0, 19894.0 ], [ 41816.0, 19894.0 ], [ 41793.0, 19870.0 ], [ 41770.0, 19870.0 ], [ 41747.0, 19870.0 ], [ 41724.0, 19870.0 ], [ 41701.0, 19870.0 ], [ 41678.0, 19870.0 ], [ 41655.0, 19870.0 ], [ 41632.0, 19870.0 ], [ 41609.0, 19870.0 ], [ 41586.0, 19870.0 ], [ 41563.0, 19870.0 ], [ 41540.0, 19870.0 ], [ 41517.0, 19870.0 ], [ 41493.0, 19870.0 ], [ 41470.0, 19847.0 ], [ 41447.0, 19847.0 ], [ 41424.0, 19847.0 ], [ 41401.0, 19847.0 ], [ 41378.0, 19847.0 ], [ 41355.0, 19824.0 ], [ 41332.0, 19847.0 ], [ 41309.0, 19847.0 ], [ 41286.0, 19847.0 ], [ 41263.0, 19847.0 ], [ 41240.0, 19847.0 ], [ 41217.0, 19824.0 ], [ 41194.0, 19824.0 ], [ 41171.0, 19824.0 ], [ 41148.0, 19824.0 ], [ 41125.0, 19824.0 ], [ 41102.0, 19824.0 ], [ 41079.0, 19824.0 ], [ 41055.0, 19824.0 ], [ 41032.0, 19801.0 ], [ 41009.0, 19801.0 ], [ 40986.0, 19801.0 ], [ 40963.0, 19801.0 ], [ 40940.0, 19801.0 ], [ 40917.0, 19801.0 ], [ 40894.0, 19801.0 ], [ 40871.0, 19801.0 ], [ 40848.0, 19778.0 ], [ 40825.0, 19778.0 ], [ 40802.0, 19778.0 ], [ 40779.0, 19778.0 ], [ 40756.0, 19778.0 ], [ 40733.0, 19778.0 ], [ 40710.0, 19778.0 ], [ 40687.0, 19778.0 ], [ 40664.0, 19778.0 ], [ 40641.0, 19778.0 ], [ 40617.0, 19755.0 ], [ 40594.0, 19755.0 ], [ 40571.0, 19755.0 ], [ 40548.0, 19755.0 ], [ 40525.0, 19755.0 ], [ 40502.0, 19755.0 ], [ 40479.0, 19755.0 ], [ 40456.0, 19755.0 ], [ 40433.0, 19755.0 ], [ 40410.0, 19755.0 ], [ 40387.0, 19755.0 ], [ 40364.0, 19755.0 ], [ 40341.0, 19755.0 ], [ 40318.0, 19732.0 ], [ 40295.0, 19732.0 ], [ 40272.0, 19732.0 ], [ 40249.0, 19732.0 ], [ 40226.0, 19732.0 ], [ 40203.0, 19732.0 ], [ 40179.0, 19732.0 ], [ 40156.0, 19732.0 ], [ 40133.0, 19732.0 ], [ 40110.0, 19732.0 ], [ 40087.0, 19732.0 ], [ 40064.0, 19732.0 ], [ 40041.0, 19732.0 ], [ 40018.0, 19732.0 ], [ 39995.0, 19709.0 ], [ 39972.0, 19709.0 ], [ 39949.0, 19709.0 ], [ 39926.0, 19709.0 ], [ 39903.0, 19709.0 ], [ 39880.0, 19709.0 ], [ 39857.0, 19709.0 ], [ 39834.0, 19709.0 ], [ 39811.0, 19686.0 ], [ 39788.0, 19686.0 ], [ 39765.0, 19686.0 ], [ 39741.0, 19686.0 ], [ 39718.0, 19686.0 ], [ 39695.0, 19686.0 ], [ 39672.0, 19686.0 ], [ 39649.0, 19686.0 ], [ 39626.0, 19686.0 ], [ 39603.0, 19686.0 ], [ 39580.0, 19663.0 ], [ 39557.0, 19663.0 ], [ 39534.0, 19663.0 ], [ 39511.0, 19663.0 ], [ 39488.0, 19663.0 ], [ 39465.0, 19663.0 ], [ 39442.0, 19663.0 ], [ 39419.0, 19663.0 ], [ 39396.0, 19663.0 ], [ 39373.0, 19663.0 ], [ 39350.0, 19663.0 ], [ 39327.0, 19663.0 ], [ 39303.0, 19663.0 ], [ 39280.0, 19663.0 ], [ 39257.0, 19663.0 ], [ 39234.0, 19663.0 ], [ 39211.0, 19663.0 ], [ 39188.0, 19640.0 ], [ 39165.0, 19640.0 ], [ 39142.0, 19663.0 ], [ 39119.0, 19663.0 ], [ 39096.0, 19640.0 ], [ 39073.0, 19640.0 ], [ 39050.0, 19640.0 ], [ 39027.0, 19640.0 ], [ 39004.0, 19640.0 ], [ 38981.0, 19640.0 ], [ 38958.0, 19640.0 ], [ 38935.0, 19640.0 ], [ 38912.0, 19640.0 ], [ 38889.0, 19640.0 ], [ 38866.0, 19640.0 ], [ 38842.0, 19640.0 ], [ 38819.0, 19640.0 ], [ 38796.0, 19640.0 ], [ 38773.0, 19640.0 ], [ 38750.0, 19640.0 ], [ 38727.0, 19640.0 ], [ 38704.0, 19640.0 ], [ 38681.0, 19640.0 ], [ 38658.0, 19640.0 ], [ 38635.0, 19617.0 ], [ 38612.0, 19617.0 ], [ 38589.0, 19617.0 ], [ 38566.0, 19617.0 ], [ 38543.0, 19617.0 ], [ 38520.0, 19617.0 ], [ 38497.0, 19617.0 ], [ 38474.0, 19617.0 ], [ 38451.0, 19617.0 ], [ 38428.0, 19617.0 ], [ 38404.0, 19617.0 ], [ 38381.0, 19617.0 ], [ 38358.0, 19617.0 ], [ 38335.0, 19617.0 ], [ 38312.0, 19617.0 ], [ 38289.0, 19617.0 ], [ 38266.0, 19617.0 ], [ 38243.0, 19617.0 ], [ 38220.0, 19617.0 ], [ 38197.0, 19617.0 ], [ 38174.0, 19617.0 ], [ 38151.0, 19617.0 ], [ 38128.0, 19617.0 ], [ 38105.0, 19617.0 ], [ 38082.0, 19617.0 ], [ 38059.0, 19617.0 ], [ 38036.0, 19617.0 ], [ 38013.0, 19617.0 ], [ 37990.0, 19617.0 ], [ 37966.0, 19617.0 ], [ 37943.0, 19617.0 ], [ 37920.0, 19617.0 ], [ 37897.0, 19617.0 ], [ 37874.0, 19617.0 ], [ 37851.0, 19617.0 ], [ 37828.0, 19617.0 ], [ 37805.0, 19617.0 ], [ 37782.0, 19617.0 ], [ 37759.0, 19617.0 ], [ 37736.0, 19617.0 ], [ 37713.0, 19617.0 ], [ 37690.0, 19617.0 ], [ 37667.0, 19617.0 ], [ 37644.0, 19617.0 ], [ 37621.0, 19617.0 ], [ 37598.0, 19617.0 ], [ 37575.0, 19617.0 ], [ 37552.0, 19617.0 ], [ 37528.0, 19617.0 ], [ 37505.0, 19617.0 ], [ 37482.0, 19617.0 ], [ 37459.0, 19617.0 ], [ 37436.0, 19617.0 ], [ 37413.0, 19617.0 ], [ 37390.0, 19617.0 ], [ 37367.0, 19617.0 ], [ 37344.0, 19617.0 ], [ 37321.0, 19617.0 ], [ 37298.0, 19617.0 ], [ 37275.0, 19617.0 ], [ 37252.0, 19617.0 ], [ 37229.0, 19617.0 ], [ 37206.0, 19617.0 ], [ 37183.0, 19617.0 ], [ 37160.0, 19617.0 ], [ 37137.0, 19617.0 ], [ 37114.0, 19617.0 ], [ 37090.0, 19617.0 ], [ 37067.0, 19617.0 ], [ 37044.0, 19617.0 ], [ 37021.0, 19617.0 ], [ 36998.0, 19617.0 ], [ 36975.0, 19617.0 ], [ 36952.0, 19617.0 ], [ 36929.0, 19617.0 ], [ 36906.0, 19617.0 ], [ 36883.0, 19617.0 ], [ 36860.0, 19617.0 ], [ 36837.0, 19617.0 ], [ 36814.0, 19617.0 ], [ 36791.0, 19617.0 ], [ 36768.0, 19617.0 ], [ 36745.0, 19617.0 ], [ 36722.0, 19617.0 ], [ 36699.0, 19617.0 ], [ 36676.0, 19617.0 ], [ 36652.0, 19617.0 ], [ 36629.0, 19617.0 ], [ 36606.0, 19617.0 ], [ 36583.0, 19617.0 ], [ 36560.0, 19617.0 ], [ 36537.0, 19617.0 ], [ 36514.0, 19617.0 ], [ 36491.0, 19617.0 ], [ 36468.0, 19617.0 ], [ 36445.0, 19617.0 ], [ 36422.0, 19617.0 ], [ 36399.0, 19617.0 ], [ 36376.0, 19617.0 ], [ 36353.0, 19617.0 ], [ 36330.0, 19617.0 ], [ 36307.0, 19617.0 ], [ 36284.0, 19617.0 ], [ 36261.0, 19617.0 ], [ 36238.0, 19617.0 ], [ 36215.0, 19617.0 ], [ 36191.0, 19617.0 ], [ 36168.0, 19617.0 ], [ 36145.0, 19617.0 ], [ 36122.0, 19617.0 ], [ 36099.0, 19617.0 ], [ 36076.0, 19617.0 ], [ 36053.0, 19617.0 ], [ 36030.0, 19617.0 ], [ 36007.0, 19617.0 ], [ 35984.0, 19617.0 ], [ 35961.0, 19617.0 ], [ 35938.0, 19617.0 ], [ 35915.0, 19617.0 ], [ 35892.0, 19617.0 ], [ 35869.0, 19617.0 ], [ 35846.0, 19617.0 ], [ 35823.0, 19617.0 ], [ 35800.0, 19617.0 ], [ 35777.0, 19617.0 ], [ 35753.0, 19617.0 ], [ 35730.0, 19617.0 ], [ 35707.0, 19617.0 ], [ 35684.0, 19617.0 ], [ 35661.0, 19617.0 ], [ 35638.0, 19617.0 ], [ 35615.0, 19617.0 ], [ 35592.0, 19617.0 ], [ 35569.0, 19617.0 ], [ 35546.0, 19617.0 ], [ 35523.0, 19617.0 ], [ 35500.0, 19617.0 ], [ 35477.0, 19617.0 ], [ 35454.0, 19617.0 ], [ 35431.0, 19617.0 ], [ 35408.0, 19617.0 ], [ 35385.0, 19617.0 ], [ 35362.0, 19617.0 ], [ 35339.0, 19617.0 ], [ 35315.0, 19617.0 ], [ 35292.0, 19617.0 ], [ 35269.0, 19617.0 ], [ 35246.0, 19617.0 ], [ 35223.0, 19617.0 ], [ 35200.0, 19617.0 ], [ 35177.0, 19617.0 ], [ 35154.0, 19617.0 ], [ 35131.0, 19617.0 ], [ 35108.0, 19617.0 ], [ 35085.0, 19617.0 ], [ 35062.0, 19617.0 ], [ 35039.0, 19617.0 ], [ 35016.0, 19617.0 ], [ 34993.0, 19617.0 ], [ 34970.0, 19617.0 ], [ 34947.0, 19617.0 ], [ 34924.0, 19617.0 ], [ 34901.0, 19617.0 ], [ 34877.0, 19617.0 ], [ 34854.0, 19617.0 ], [ 34831.0, 19617.0 ], [ 34808.0, 19617.0 ], [ 34785.0, 19617.0 ], [ 34762.0, 19617.0 ], [ 34739.0, 19617.0 ], [ 34716.0, 19617.0 ], [ 34693.0, 19617.0 ], [ 34670.0, 19617.0 ], [ 34647.0, 19617.0 ], [ 34624.0, 19617.0 ], [ 34601.0, 19617.0 ], [ 34578.0, 19617.0 ], [ 34555.0, 19617.0 ], [ 34532.0, 19617.0 ], [ 34509.0, 19617.0 ], [ 34486.0, 19617.0 ], [ 34463.0, 19617.0 ], [ 34439.0, 19617.0 ], [ 34416.0, 19617.0 ], [ 34393.0, 19617.0 ], [ 34370.0, 19617.0 ], [ 34347.0, 19617.0 ], [ 34324.0, 19617.0 ], [ 34301.0, 19617.0 ], [ 34278.0, 19617.0 ], [ 34255.0, 19617.0 ], [ 34232.0, 19617.0 ], [ 34209.0, 19617.0 ], [ 34186.0, 19617.0 ], [ 34163.0, 19617.0 ], [ 34140.0, 19617.0 ], [ 34117.0, 19617.0 ], [ 34094.0, 19617.0 ], [ 34071.0, 19617.0 ], [ 34048.0, 19617.0 ], [ 34025.0, 19617.0 ], [ 34001.0, 19617.0 ], [ 33978.0, 19617.0 ], [ 33955.0, 19617.0 ], [ 33932.0, 19617.0 ], [ 33909.0, 19617.0 ], [ 33886.0, 19617.0 ], [ 33863.0, 19617.0 ], [ 33840.0, 19617.0 ], [ 33817.0, 19617.0 ], [ 33794.0, 19617.0 ], [ 33771.0, 19617.0 ], [ 33748.0, 19617.0 ], [ 33725.0, 19617.0 ], [ 33702.0, 19617.0 ], [ 33679.0, 19617.0 ], [ 33656.0, 19617.0 ], [ 33633.0, 19617.0 ], [ 33610.0, 19617.0 ], [ 33587.0, 19617.0 ], [ 33563.0, 19617.0 ], [ 33540.0, 19617.0 ], [ 33517.0, 19617.0 ], [ 33494.0, 19617.0 ], [ 33471.0, 19617.0 ], [ 33448.0, 19617.0 ], [ 33425.0, 19617.0 ], [ 33402.0, 19617.0 ], [ 33379.0, 19617.0 ], [ 33356.0, 19617.0 ], [ 33333.0, 19617.0 ], [ 33310.0, 19617.0 ], [ 33287.0, 19617.0 ], [ 33264.0, 19617.0 ], [ 33241.0, 19617.0 ], [ 33218.0, 19617.0 ], [ 33195.0, 19617.0 ], [ 33172.0, 19617.0 ], [ 33149.0, 19617.0 ], [ 33126.0, 19617.0 ], [ 33102.0, 19617.0 ], [ 33079.0, 19617.0 ], [ 33056.0, 19617.0 ], [ 33033.0, 19617.0 ], [ 33010.0, 19617.0 ], [ 32987.0, 19617.0 ], [ 32964.0, 19617.0 ], [ 32941.0, 19617.0 ], [ 32918.0, 19617.0 ], [ 32895.0, 19617.0 ], [ 32872.0, 19617.0 ], [ 32849.0, 19617.0 ], [ 32826.0, 19617.0 ], [ 32803.0, 19617.0 ], [ 32780.0, 19617.0 ], [ 32757.0, 19617.0 ], [ 32734.0, 19617.0 ], [ 32711.0, 19617.0 ], [ 32688.0, 19617.0 ], [ 32664.0, 19617.0 ], [ 32641.0, 19617.0 ], [ 32618.0, 19617.0 ], [ 32595.0, 19617.0 ], [ 32572.0, 19617.0 ], [ 32549.0, 19640.0 ], [ 32526.0, 19640.0 ], [ 32503.0, 19640.0 ], [ 32480.0, 19640.0 ], [ 32457.0, 19640.0 ], [ 32434.0, 19640.0 ], [ 32411.0, 19640.0 ], [ 32388.0, 19640.0 ], [ 32365.0, 19640.0 ], [ 32342.0, 19640.0 ], [ 32319.0, 19640.0 ], [ 32296.0, 19640.0 ], [ 32273.0, 19640.0 ], [ 32250.0, 19640.0 ], [ 32226.0, 19640.0 ], [ 32203.0, 19640.0 ], [ 32180.0, 19640.0 ], [ 32157.0, 19640.0 ], [ 32134.0, 19663.0 ], [ 32111.0, 19663.0 ], [ 32088.0, 19663.0 ], [ 32065.0, 19663.0 ], [ 32042.0, 19663.0 ], [ 32019.0, 19663.0 ], [ 31996.0, 19663.0 ], [ 31973.0, 19663.0 ], [ 31950.0, 19663.0 ], [ 31927.0, 19663.0 ], [ 31904.0, 19663.0 ], [ 31881.0, 19663.0 ], [ 31858.0, 19663.0 ], [ 31835.0, 19686.0 ], [ 31812.0, 19686.0 ], [ 31788.0, 19686.0 ], [ 31765.0, 19686.0 ], [ 31742.0, 19686.0 ], [ 31719.0, 19686.0 ], [ 31696.0, 19686.0 ], [ 31673.0, 19686.0 ], [ 31650.0, 19686.0 ], [ 31627.0, 19686.0 ], [ 31604.0, 19686.0 ], [ 31581.0, 19686.0 ], [ 31558.0, 19709.0 ], [ 31535.0, 19709.0 ], [ 31512.0, 19709.0 ], [ 31489.0, 19709.0 ], [ 31466.0, 19709.0 ], [ 31443.0, 19709.0 ], [ 31420.0, 19709.0 ], [ 31397.0, 19709.0 ], [ 31374.0, 19709.0 ], [ 31350.0, 19709.0 ], [ 31327.0, 19732.0 ], [ 31304.0, 19732.0 ], [ 31281.0, 19732.0 ], [ 31258.0, 19732.0 ], [ 31235.0, 19732.0 ], [ 31212.0, 19732.0 ], [ 31189.0, 19732.0 ], [ 31166.0, 19732.0 ], [ 31143.0, 19732.0 ], [ 31120.0, 19755.0 ], [ 31097.0, 19755.0 ], [ 31074.0, 19755.0 ], [ 31051.0, 19755.0 ], [ 31028.0, 19755.0 ], [ 31005.0, 19755.0 ], [ 30982.0, 19755.0 ], [ 30959.0, 19755.0 ], [ 30936.0, 19755.0 ], [ 30912.0, 19755.0 ], [ 30889.0, 19778.0 ], [ 30866.0, 19778.0 ], [ 30843.0, 19778.0 ], [ 30820.0, 19778.0 ], [ 30797.0, 19778.0 ], [ 30774.0, 19778.0 ], [ 30751.0, 19778.0 ], [ 30728.0, 19801.0 ], [ 30705.0, 19801.0 ], [ 30682.0, 19801.0 ], [ 30659.0, 19801.0 ], [ 30636.0, 19801.0 ], [ 30613.0, 19801.0 ], [ 30590.0, 19824.0 ], [ 30567.0, 19824.0 ], [ 30544.0, 19824.0 ], [ 30521.0, 19824.0 ], [ 30498.0, 19824.0 ], [ 30475.0, 19824.0 ], [ 30451.0, 19824.0 ], [ 30428.0, 19824.0 ], [ 30405.0, 19824.0 ], [ 30382.0, 19824.0 ], [ 30359.0, 19847.0 ], [ 30336.0, 19847.0 ], [ 30313.0, 19847.0 ], [ 30290.0, 19847.0 ], [ 30267.0, 19847.0 ], [ 30244.0, 19847.0 ], [ 30221.0, 19847.0 ], [ 30198.0, 19847.0 ], [ 30175.0, 19870.0 ], [ 30152.0, 19870.0 ], [ 30129.0, 19870.0 ], [ 30106.0, 19870.0 ], [ 30083.0, 19870.0 ], [ 30060.0, 19870.0 ], [ 30037.0, 19894.0 ], [ 30013.0, 19894.0 ], [ 29990.0, 19894.0 ], [ 29967.0, 19894.0 ], [ 29944.0, 19894.0 ], [ 29921.0, 19894.0 ], [ 29898.0, 19917.0 ], [ 29875.0, 19917.0 ], [ 29852.0, 19917.0 ], [ 29829.0, 19917.0 ], [ 29806.0, 19917.0 ], [ 29783.0, 19940.0 ], [ 29760.0, 19940.0 ], [ 29737.0, 19940.0 ], [ 29714.0, 19940.0 ], [ 29691.0, 19940.0 ], [ 29668.0, 19940.0 ], [ 29645.0, 19963.0 ], [ 29622.0, 19963.0 ], [ 29599.0, 19963.0 ], [ 29575.0, 19963.0 ], [ 29552.0, 19963.0 ], [ 29529.0, 19986.0 ], [ 29506.0, 19986.0 ], [ 29483.0, 19986.0 ], [ 29460.0, 19986.0 ], [ 29437.0, 19986.0 ], [ 29414.0, 19986.0 ], [ 29391.0, 20009.0 ], [ 29368.0, 20009.0 ], [ 29345.0, 20009.0 ], [ 29322.0, 20009.0 ], [ 29299.0, 20009.0 ], [ 29276.0, 20009.0 ], [ 29253.0, 20009.0 ], [ 29230.0, 20032.0 ], [ 29207.0, 20032.0 ], [ 29184.0, 20032.0 ], [ 29161.0, 20032.0 ], [ 29137.0, 20032.0 ], [ 29114.0, 20032.0 ], [ 29091.0, 20055.0 ], [ 29068.0, 20055.0 ], [ 29045.0, 20055.0 ], [ 29022.0, 20055.0 ], [ 28999.0, 20055.0 ], [ 28976.0, 20078.0 ], [ 28953.0, 20078.0 ], [ 28930.0, 20078.0 ], [ 28907.0, 20078.0 ], [ 28884.0, 20055.0 ], [ 28861.0, 20055.0 ], [ 28861.0, 20078.0 ], [ 28838.0, 20101.0 ], [ 28815.0, 20101.0 ], [ 28792.0, 20101.0 ], [ 28769.0, 20101.0 ], [ 28746.0, 20101.0 ], [ 28723.0, 20101.0 ], [ 28699.0, 20124.0 ], [ 28676.0, 20124.0 ], [ 28653.0, 20124.0 ], [ 28630.0, 20124.0 ], [ 28607.0, 20124.0 ], [ 28584.0, 20124.0 ], [ 28561.0, 20124.0 ], [ 28538.0, 20124.0 ], [ 28515.0, 20124.0 ], [ 28492.0, 20124.0 ], [ 28469.0, 20124.0 ], [ 28446.0, 20124.0 ], [ 28423.0, 20147.0 ], [ 28400.0, 20147.0 ], [ 28377.0, 20147.0 ], [ 28354.0, 20147.0 ], [ 28331.0, 20147.0 ], [ 28308.0, 20147.0 ], [ 28285.0, 20147.0 ], [ 28261.0, 20147.0 ], [ 28238.0, 20170.0 ], [ 28215.0, 20170.0 ], [ 28192.0, 20170.0 ], [ 28169.0, 20170.0 ], [ 28146.0, 20170.0 ], [ 28123.0, 20170.0 ], [ 28100.0, 20170.0 ], [ 28077.0, 20170.0 ], [ 28054.0, 20193.0 ], [ 28031.0, 20193.0 ], [ 28008.0, 20193.0 ], [ 27985.0, 20193.0 ], [ 27962.0, 20193.0 ], [ 27939.0, 20193.0 ], [ 27916.0, 20193.0 ], [ 27893.0, 20216.0 ], [ 27870.0, 20216.0 ], [ 27847.0, 20216.0 ], [ 27824.0, 20216.0 ], [ 27800.0, 20216.0 ], [ 27777.0, 20239.0 ], [ 27754.0, 20239.0 ], [ 27731.0, 20239.0 ], [ 27708.0, 20239.0 ], [ 27685.0, 20239.0 ], [ 27662.0, 20262.0 ], [ 27639.0, 20262.0 ], [ 27616.0, 20262.0 ], [ 27593.0, 20262.0 ], [ 27570.0, 20285.0 ], [ 27547.0, 20285.0 ], [ 27524.0, 20285.0 ], [ 27501.0, 20285.0 ], [ 27478.0, 20285.0 ], [ 27455.0, 20308.0 ], [ 27432.0, 20308.0 ], [ 27409.0, 20308.0 ], [ 27386.0, 20308.0 ], [ 27362.0, 20308.0 ], [ 27339.0, 20332.0 ], [ 27316.0, 20332.0 ], [ 27293.0, 20332.0 ], [ 27270.0, 20332.0 ], [ 27247.0, 20332.0 ], [ 27224.0, 20332.0 ], [ 27201.0, 20332.0 ], [ 27178.0, 20355.0 ], [ 27155.0, 20355.0 ], [ 27132.0, 20355.0 ], [ 27109.0, 20355.0 ], [ 27086.0, 20355.0 ], [ 27063.0, 20355.0 ], [ 27040.0, 20378.0 ], [ 27017.0, 20378.0 ], [ 26994.0, 20378.0 ], [ 26971.0, 20378.0 ], [ 26948.0, 20378.0 ], [ 26924.0, 20401.0 ], [ 26901.0, 20401.0 ], [ 26878.0, 20401.0 ], [ 26855.0, 20401.0 ], [ 26832.0, 20424.0 ], [ 26809.0, 20424.0 ], [ 26786.0, 20424.0 ], [ 26763.0, 20424.0 ], [ 26740.0, 20424.0 ], [ 26717.0, 20447.0 ], [ 26694.0, 20447.0 ], [ 26671.0, 20447.0 ], [ 26648.0, 20447.0 ], [ 26625.0, 20470.0 ], [ 26602.0, 20470.0 ], [ 26579.0, 20470.0 ], [ 26556.0, 20470.0 ], [ 26533.0, 20470.0 ], [ 26510.0, 20493.0 ], [ 26486.0, 20493.0 ], [ 26463.0, 20493.0 ], [ 26440.0, 20493.0 ], [ 26417.0, 20516.0 ], [ 26394.0, 20516.0 ], [ 26371.0, 20516.0 ], [ 26348.0, 20516.0 ], [ 26325.0, 20516.0 ], [ 26302.0, 20539.0 ], [ 26279.0, 20539.0 ], [ 26256.0, 20539.0 ], [ 26233.0, 20539.0 ], [ 26210.0, 20539.0 ], [ 26187.0, 20562.0 ], [ 26164.0, 20562.0 ], [ 26141.0, 20562.0 ], [ 26118.0, 20562.0 ], [ 26095.0, 20562.0 ], [ 26072.0, 20585.0 ], [ 26048.0, 20585.0 ], [ 26025.0, 20585.0 ], [ 26002.0, 20585.0 ], [ 25979.0, 20608.0 ], [ 25956.0, 20608.0 ], [ 25933.0, 20608.0 ], [ 25910.0, 20608.0 ], [ 25887.0, 20608.0 ], [ 25864.0, 20631.0 ], [ 25841.0, 20631.0 ], [ 25818.0, 20631.0 ], [ 25795.0, 20631.0 ], [ 25772.0, 20654.0 ], [ 25749.0, 20654.0 ], [ 25726.0, 20654.0 ], [ 25703.0, 20677.0 ], [ 25680.0, 20677.0 ], [ 25657.0, 20677.0 ], [ 25634.0, 20700.0 ], [ 25610.0, 20700.0 ], [ 25587.0, 20700.0 ], [ 25564.0, 20723.0 ], [ 25541.0, 20723.0 ], [ 25518.0, 20746.0 ], [ 25495.0, 20746.0 ], [ 25472.0, 20746.0 ], [ 25449.0, 20770.0 ], [ 25426.0, 20770.0 ], [ 25403.0, 20770.0 ], [ 25380.0, 20793.0 ], [ 25357.0, 20793.0 ], [ 25334.0, 20816.0 ], [ 25311.0, 20816.0 ], [ 25288.0, 20816.0 ], [ 25265.0, 20839.0 ], [ 25242.0, 20839.0 ], [ 25219.0, 20862.0 ], [ 25196.0, 20862.0 ], [ 25172.0, 20862.0 ], [ 25149.0, 20885.0 ], [ 25126.0, 20885.0 ], [ 25103.0, 20885.0 ], [ 25080.0, 20908.0 ], [ 25057.0, 20908.0 ], [ 25034.0, 20931.0 ], [ 25011.0, 20931.0 ], [ 24988.0, 20954.0 ], [ 24965.0, 20954.0 ], [ 24942.0, 20954.0 ], [ 24919.0, 20977.0 ], [ 24896.0, 20977.0 ], [ 24873.0, 21000.0 ], [ 24850.0, 21000.0 ], [ 24827.0, 21000.0 ], [ 24804.0, 21023.0 ], [ 24781.0, 21023.0 ], [ 24758.0, 21023.0 ], [ 24735.0, 21046.0 ], [ 24711.0, 21046.0 ], [ 24688.0, 21069.0 ], [ 24665.0, 21069.0 ], [ 24642.0, 21092.0 ], [ 24619.0, 21092.0 ], [ 24596.0, 21115.0 ], [ 24573.0, 21115.0 ], [ 24550.0, 21138.0 ], [ 24527.0, 21138.0 ], [ 24504.0, 21138.0 ], [ 24481.0, 21161.0 ], [ 24458.0, 21161.0 ], [ 24435.0, 21184.0 ], [ 24412.0, 21184.0 ], [ 24389.0, 21184.0 ], [ 24366.0, 21208.0 ], [ 24343.0, 21208.0 ], [ 24320.0, 21231.0 ], [ 24297.0, 21231.0 ], [ 24273.0, 21254.0 ], [ 24250.0, 21254.0 ], [ 24227.0, 21277.0 ], [ 24204.0, 21277.0 ], [ 24181.0, 21277.0 ], [ 24158.0, 21300.0 ], [ 24135.0, 21300.0 ], [ 24112.0, 21323.0 ], [ 24089.0, 21346.0 ], [ 24066.0, 21346.0 ], [ 24043.0, 21346.0 ], [ 24020.0, 21369.0 ], [ 23997.0, 21392.0 ], [ 23974.0, 21392.0 ], [ 23951.0, 21415.0 ], [ 23928.0, 21415.0 ], [ 23905.0, 21438.0 ], [ 23882.0, 21438.0 ], [ 23859.0, 21461.0 ], [ 23835.0, 21461.0 ], [ 23812.0, 21484.0 ], [ 23789.0, 21484.0 ], [ 23766.0, 21507.0 ], [ 23743.0, 21507.0 ], [ 23743.0, 21530.0 ], [ 23743.0, 21553.0 ], [ 23743.0, 21576.0 ], [ 23743.0, 21599.0 ], [ 23743.0, 21622.0 ], [ 23743.0, 21646.0 ], [ 23720.0, 21669.0 ], [ 23697.0, 21669.0 ], [ 23674.0, 21669.0 ], [ 23651.0, 21669.0 ], [ 23628.0, 21669.0 ], [ 23605.0, 21669.0 ], [ 23582.0, 21669.0 ], [ 23559.0, 21669.0 ], [ 23536.0, 21669.0 ], [ 23513.0, 21669.0 ], [ 23490.0, 21669.0 ], [ 23467.0, 21669.0 ], [ 23444.0, 21669.0 ], [ 23421.0, 21692.0 ], [ 23397.0, 21715.0 ], [ 23374.0, 21715.0 ], [ 23351.0, 21738.0 ], [ 23328.0, 21738.0 ], [ 23305.0, 21761.0 ], [ 23282.0, 21784.0 ], [ 23259.0, 21784.0 ], [ 23236.0, 21807.0 ], [ 23213.0, 21830.0 ], [ 23190.0, 21830.0 ], [ 23167.0, 21853.0 ], [ 23144.0, 21876.0 ], [ 23121.0, 21876.0 ], [ 23098.0, 21899.0 ], [ 23075.0, 21899.0 ], [ 23052.0, 21922.0 ], [ 23029.0, 21945.0 ], [ 23006.0, 21945.0 ], [ 22983.0, 21968.0 ], [ 22959.0, 21991.0 ], [ 22936.0, 21991.0 ], [ 22913.0, 22014.0 ], [ 22890.0, 22037.0 ], [ 22867.0, 22060.0 ], [ 22844.0, 22060.0 ], [ 22821.0, 22084.0 ], [ 22798.0, 22107.0 ], [ 22775.0, 22107.0 ], [ 22752.0, 22130.0 ], [ 22729.0, 22153.0 ], [ 22706.0, 22153.0 ], [ 22706.0, 22176.0 ], [ 22706.0, 22199.0 ], [ 22706.0, 22222.0 ], [ 22706.0, 22245.0 ], [ 22706.0, 22268.0 ], [ 22706.0, 22291.0 ], [ 22706.0, 22314.0 ], [ 22706.0, 22337.0 ], [ 22706.0, 22360.0 ], [ 22706.0, 22383.0 ], [ 22706.0, 22406.0 ], [ 22706.0, 22429.0 ], [ 22706.0, 22452.0 ], [ 22706.0, 22475.0 ], [ 22706.0, 22498.0 ], [ 22706.0, 22521.0 ], [ 22706.0, 22545.0 ], [ 22706.0, 22568.0 ], [ 22706.0, 22591.0 ], [ 22706.0, 22614.0 ], [ 22706.0, 22637.0 ], [ 22706.0, 22660.0 ], [ 22706.0, 22683.0 ], [ 22683.0, 22706.0 ], [ 22660.0, 22706.0 ], [ 22637.0, 22706.0 ], [ 22614.0, 22706.0 ], [ 22591.0, 22706.0 ], [ 22568.0, 22706.0 ], [ 22545.0, 22706.0 ], [ 22521.0, 22706.0 ], [ 22498.0, 22706.0 ], [ 22475.0, 22706.0 ], [ 22452.0, 22706.0 ], [ 22429.0, 22706.0 ], [ 22406.0, 22706.0 ], [ 22383.0, 22706.0 ], [ 22360.0, 22706.0 ], [ 22337.0, 22706.0 ], [ 22314.0, 22706.0 ], [ 22291.0, 22706.0 ], [ 22268.0, 22706.0 ], [ 22245.0, 22706.0 ], [ 22222.0, 22706.0 ], [ 22199.0, 22706.0 ], [ 22176.0, 22706.0 ], [ 22153.0, 22706.0 ], [ 22130.0, 22706.0 ], [ 22107.0, 22706.0 ], [ 22084.0, 22706.0 ], [ 22060.0, 22729.0 ], [ 22060.0, 22752.0 ], [ 22037.0, 22775.0 ], [ 22014.0, 22798.0 ], [ 21991.0, 22821.0 ], [ 21991.0, 22844.0 ], [ 21968.0, 22867.0 ], [ 21945.0, 22890.0 ], [ 21945.0, 22913.0 ], [ 21922.0, 22936.0 ], [ 21899.0, 22959.0 ], [ 21899.0, 22983.0 ], [ 21876.0, 23006.0 ], [ 21853.0, 23029.0 ], [ 21853.0, 23052.0 ], [ 21830.0, 23075.0 ], [ 21830.0, 23098.0 ], [ 21807.0, 23121.0 ], [ 21807.0, 23144.0 ], [ 21784.0, 23167.0 ], [ 21784.0, 23190.0 ], [ 21761.0, 23213.0 ], [ 21761.0, 23236.0 ], [ 21738.0, 23259.0 ], [ 21738.0, 23282.0 ], [ 21715.0, 23305.0 ], [ 21715.0, 23328.0 ], [ 21692.0, 23351.0 ], [ 21692.0, 23374.0 ], [ 21669.0, 23397.0 ], [ 21669.0, 23421.0 ], [ 21669.0, 23444.0 ], [ 21669.0, 23467.0 ], [ 21669.0, 23490.0 ], [ 21669.0, 23513.0 ], [ 21669.0, 23536.0 ], [ 21669.0, 23559.0 ], [ 21669.0, 23582.0 ], [ 21669.0, 23605.0 ], [ 21669.0, 23628.0 ], [ 21669.0, 23651.0 ], [ 21669.0, 23674.0 ], [ 21669.0, 23697.0 ], [ 21669.0, 23720.0 ], [ 21669.0, 23743.0 ], [ 21669.0, 23766.0 ], [ 21669.0, 23789.0 ], [ 21669.0, 23812.0 ], [ 21669.0, 23835.0 ], [ 21669.0, 23859.0 ], [ 21669.0, 23882.0 ], [ 21669.0, 23905.0 ], [ 21669.0, 23928.0 ], [ 21692.0, 23951.0 ], [ 21692.0, 23974.0 ], [ 21715.0, 23997.0 ], [ 21738.0, 24020.0 ], [ 21738.0, 24043.0 ], [ 21761.0, 24066.0 ], [ 21761.0, 24089.0 ], [ 21761.0, 24112.0 ], [ 21784.0, 24135.0 ], [ 21784.0, 24158.0 ], [ 21784.0, 24181.0 ], [ 21784.0, 24204.0 ], [ 21807.0, 24227.0 ], [ 21830.0, 24250.0 ], [ 21853.0, 24273.0 ], [ 21876.0, 24297.0 ], [ 21899.0, 24320.0 ], [ 21922.0, 24297.0 ], [ 21945.0, 24320.0 ], [ 21945.0, 24343.0 ], [ 21945.0, 24366.0 ], [ 21968.0, 24389.0 ], [ 21991.0, 24389.0 ], [ 22014.0, 24389.0 ], [ 22037.0, 24412.0 ], [ 22060.0, 24435.0 ], [ 22084.0, 24458.0 ], [ 22107.0, 24458.0 ], [ 22130.0, 24481.0 ], [ 22153.0, 24481.0 ], [ 22176.0, 24504.0 ], [ 22199.0, 24527.0 ], [ 22222.0, 24527.0 ], [ 22245.0, 24527.0 ], [ 22268.0, 24527.0 ], [ 22291.0, 24527.0 ], [ 22314.0, 24527.0 ], [ 22337.0, 24527.0 ], [ 22360.0, 24504.0 ], [ 22383.0, 24481.0 ], [ 22383.0, 24458.0 ], [ 22406.0, 24435.0 ], [ 22429.0, 24412.0 ], [ 22452.0, 24412.0 ], [ 22475.0, 24389.0 ], [ 22498.0, 24389.0 ], [ 22521.0, 24389.0 ], [ 22545.0, 24366.0 ], [ 22568.0, 24343.0 ], [ 22591.0, 24343.0 ], [ 22614.0, 24320.0 ], [ 22637.0, 24320.0 ], [ 22660.0, 24297.0 ], [ 22683.0, 24297.0 ], [ 22706.0, 24273.0 ], [ 22729.0, 24250.0 ], [ 22752.0, 24250.0 ], [ 22775.0, 24250.0 ], [ 22798.0, 24227.0 ], [ 22821.0, 24227.0 ], [ 22844.0, 24227.0 ], [ 22867.0, 24204.0 ], [ 22890.0, 24204.0 ], [ 22913.0, 24204.0 ], [ 22936.0, 24181.0 ], [ 22959.0, 24181.0 ], [ 22983.0, 24158.0 ], [ 23006.0, 24158.0 ], [ 23029.0, 24158.0 ], [ 23052.0, 24158.0 ], [ 23075.0, 24135.0 ], [ 23098.0, 24135.0 ], [ 23121.0, 24135.0 ], [ 23144.0, 24135.0 ], [ 23167.0, 24135.0 ], [ 23190.0, 24135.0 ], [ 23213.0, 24135.0 ], [ 23236.0, 24135.0 ], [ 23259.0, 24112.0 ], [ 23282.0, 24112.0 ], [ 23305.0, 24112.0 ], [ 23328.0, 24112.0 ], [ 23351.0, 24112.0 ], [ 23374.0, 24112.0 ], [ 23397.0, 24112.0 ], [ 23421.0, 24089.0 ], [ 23444.0, 24112.0 ], [ 23467.0, 24089.0 ], [ 23490.0, 24112.0 ], [ 23513.0, 24089.0 ], [ 23536.0, 24089.0 ], [ 23559.0, 24112.0 ], [ 23582.0, 24112.0 ], [ 23605.0, 24089.0 ], [ 23628.0, 24089.0 ], [ 23651.0, 24089.0 ], [ 23674.0, 24089.0 ], [ 23697.0, 24089.0 ], [ 23720.0, 24112.0 ], [ 23743.0, 24089.0 ], [ 23766.0, 24112.0 ], [ 23789.0, 24112.0 ], [ 23812.0, 24112.0 ], [ 23835.0, 24112.0 ], [ 23859.0, 24112.0 ], [ 23882.0, 24112.0 ], [ 23905.0, 24112.0 ], [ 23928.0, 24112.0 ], [ 23951.0, 24135.0 ], [ 23974.0, 24135.0 ], [ 23997.0, 24135.0 ], [ 24020.0, 24135.0 ], [ 24043.0, 24135.0 ], [ 24066.0, 24158.0 ], [ 24089.0, 24158.0 ], [ 24112.0, 24158.0 ], [ 24135.0, 24158.0 ], [ 24158.0, 24181.0 ], [ 24181.0, 24181.0 ], [ 24204.0, 24181.0 ], [ 24227.0, 24204.0 ], [ 24250.0, 24204.0 ], [ 24273.0, 24204.0 ], [ 24297.0, 24204.0 ], [ 24320.0, 24227.0 ], [ 24343.0, 24227.0 ], [ 24366.0, 24227.0 ], [ 24389.0, 24227.0 ], [ 24412.0, 24250.0 ], [ 24435.0, 24250.0 ], [ 24458.0, 24250.0 ], [ 24481.0, 24250.0 ], [ 24504.0, 24250.0 ], [ 24527.0, 24273.0 ], [ 24550.0, 24273.0 ], [ 24573.0, 24273.0 ], [ 24596.0, 24273.0 ], [ 24619.0, 24297.0 ], [ 24642.0, 24297.0 ], [ 24665.0, 24297.0 ], [ 24688.0, 24320.0 ], [ 24711.0, 24320.0 ], [ 24735.0, 24320.0 ], [ 24758.0, 24343.0 ], [ 24781.0, 24343.0 ], [ 24804.0, 24343.0 ], [ 24827.0, 24366.0 ], [ 24850.0, 24366.0 ], [ 24873.0, 24366.0 ], [ 24896.0, 24366.0 ], [ 24919.0, 24389.0 ], [ 24942.0, 24389.0 ], [ 24965.0, 24389.0 ], [ 24988.0, 24412.0 ], [ 25011.0, 24412.0 ], [ 25034.0, 24412.0 ], [ 25057.0, 24435.0 ], [ 25080.0, 24435.0 ], [ 25103.0, 24435.0 ], [ 25126.0, 24458.0 ], [ 25149.0, 24458.0 ], [ 25172.0, 24458.0 ], [ 25196.0, 24481.0 ], [ 25219.0, 24481.0 ], [ 25242.0, 24481.0 ], [ 25265.0, 24481.0 ], [ 25288.0, 24504.0 ], [ 25311.0, 24527.0 ], [ 25334.0, 24527.0 ], [ 25357.0, 24527.0 ], [ 25380.0, 24550.0 ], [ 25403.0, 24550.0 ], [ 25426.0, 24573.0 ], [ 25449.0, 24573.0 ], [ 25472.0, 24573.0 ], [ 25495.0, 24596.0 ], [ 25518.0, 24596.0 ], [ 25541.0, 24596.0 ], [ 25564.0, 24619.0 ], [ 25587.0, 24619.0 ], [ 25610.0, 24642.0 ], [ 25634.0, 24642.0 ], [ 25657.0, 24642.0 ], [ 25680.0, 24665.0 ], [ 25703.0, 24665.0 ], [ 25726.0, 24688.0 ], [ 25749.0, 24688.0 ], [ 25772.0, 24711.0 ], [ 25795.0, 24711.0 ], [ 25818.0, 24735.0 ], [ 25841.0, 24735.0 ], [ 25864.0, 24735.0 ], [ 25887.0, 24758.0 ], [ 25910.0, 24758.0 ], [ 25933.0, 24781.0 ], [ 25956.0, 24781.0 ], [ 25979.0, 24781.0 ], [ 26002.0, 24804.0 ], [ 26025.0, 24804.0 ], [ 26048.0, 24827.0 ], [ 26048.0, 24850.0 ], [ 26048.0, 24873.0 ], [ 26072.0, 24896.0 ], [ 26048.0, 24919.0 ], [ 26025.0, 24919.0 ], [ 26002.0, 24919.0 ], [ 26002.0, 24942.0 ], [ 25979.0, 24965.0 ], [ 25956.0, 24965.0 ], [ 25933.0, 24965.0 ], [ 25910.0, 24988.0 ], [ 25887.0, 24988.0 ], [ 25864.0, 24988.0 ], [ 25841.0, 24988.0 ], [ 25818.0, 25011.0 ], [ 25795.0, 25011.0 ], [ 25772.0, 25011.0 ], [ 25749.0, 25034.0 ], [ 25726.0, 25034.0 ], [ 25703.0, 25034.0 ], [ 25680.0, 25034.0 ], [ 25657.0, 25034.0 ], [ 25634.0, 25034.0 ], [ 25610.0, 25034.0 ], [ 25587.0, 25034.0 ], [ 25564.0, 25057.0 ], [ 25541.0, 25057.0 ], [ 25518.0, 25057.0 ], [ 25495.0, 25057.0 ], [ 25472.0, 25080.0 ], [ 25449.0, 25080.0 ], [ 25426.0, 25080.0 ], [ 25403.0, 25103.0 ], [ 25380.0, 25103.0 ], [ 25357.0, 25103.0 ], [ 25334.0, 25126.0 ], [ 25311.0, 25126.0 ], [ 25288.0, 25126.0 ], [ 25265.0, 25149.0 ], [ 25242.0, 25149.0 ], [ 25219.0, 25172.0 ], [ 25196.0, 25172.0 ], [ 25172.0, 25196.0 ], [ 25149.0, 25196.0 ], [ 25126.0, 25219.0 ], [ 25103.0, 25219.0 ], [ 25080.0, 25242.0 ], [ 25057.0, 25242.0 ], [ 25034.0, 25242.0 ], [ 25011.0, 25265.0 ], [ 24988.0, 25288.0 ], [ 24965.0, 25311.0 ], [ 24942.0, 25311.0 ], [ 24919.0, 25334.0 ], [ 24896.0, 25334.0 ], [ 24873.0, 25357.0 ], [ 24850.0, 25357.0 ], [ 24827.0, 25380.0 ], [ 24804.0, 25403.0 ], [ 24781.0, 25403.0 ], [ 24758.0, 25426.0 ], [ 24735.0, 25426.0 ], [ 24711.0, 25449.0 ], [ 24688.0, 25472.0 ], [ 24665.0, 25472.0 ], [ 24642.0, 25495.0 ], [ 24619.0, 25495.0 ], [ 24596.0, 25518.0 ], [ 24573.0, 25518.0 ], [ 24550.0, 25541.0 ], [ 24527.0, 25541.0 ], [ 24504.0, 25518.0 ], [ 24481.0, 25495.0 ], [ 24504.0, 25472.0 ], [ 24481.0, 25472.0 ], [ 24458.0, 25472.0 ], [ 24435.0, 25472.0 ], [ 24412.0, 25495.0 ], [ 24389.0, 25495.0 ], [ 24366.0, 25495.0 ], [ 24343.0, 25495.0 ], [ 24320.0, 25495.0 ], [ 24297.0, 25495.0 ], [ 24273.0, 25518.0 ], [ 24250.0, 25541.0 ], [ 24227.0, 25541.0 ], [ 24204.0, 25564.0 ], [ 24181.0, 25564.0 ], [ 24158.0, 25587.0 ], [ 24135.0, 25610.0 ], [ 24112.0, 25610.0 ], [ 24089.0, 25634.0 ], [ 24066.0, 25657.0 ], [ 24043.0, 25680.0 ], [ 24020.0, 25680.0 ], [ 23997.0, 25703.0 ], [ 23974.0, 25703.0 ], [ 23951.0, 25703.0 ], [ 23928.0, 25726.0 ], [ 23951.0, 25749.0 ], [ 23974.0, 25772.0 ], [ 23951.0, 25795.0 ], [ 23928.0, 25795.0 ], [ 23905.0, 25795.0 ], [ 23882.0, 25818.0 ], [ 23859.0, 25795.0 ], [ 23859.0, 25818.0 ], [ 23835.0, 25841.0 ], [ 23812.0, 25864.0 ], [ 23789.0, 25864.0 ], [ 23766.0, 25887.0 ], [ 23743.0, 25887.0 ], [ 23720.0, 25910.0 ], [ 23697.0, 25910.0 ], [ 23674.0, 25933.0 ], [ 23651.0, 25933.0 ], [ 23628.0, 25956.0 ], [ 23605.0, 25956.0 ], [ 23582.0, 25979.0 ], [ 23559.0, 26002.0 ], [ 23536.0, 26002.0 ], [ 23513.0, 26025.0 ], [ 23490.0, 26025.0 ], [ 23467.0, 26048.0 ], [ 23444.0, 26048.0 ], [ 23421.0, 26072.0 ], [ 23397.0, 26072.0 ], [ 23374.0, 26095.0 ], [ 23351.0, 26095.0 ], [ 23328.0, 26095.0 ], [ 23305.0, 26118.0 ], [ 23282.0, 26118.0 ], [ 23259.0, 26118.0 ], [ 23236.0, 26118.0 ], [ 23213.0, 26118.0 ], [ 23190.0, 26141.0 ], [ 23167.0, 26141.0 ], [ 23144.0, 26141.0 ], [ 23121.0, 26164.0 ], [ 23098.0, 26164.0 ], [ 23075.0, 26164.0 ], [ 23052.0, 26164.0 ], [ 23029.0, 26164.0 ], [ 23006.0, 26187.0 ], [ 22983.0, 26187.0 ], [ 22959.0, 26187.0 ], [ 22936.0, 26187.0 ], [ 22913.0, 26187.0 ], [ 22890.0, 26164.0 ], [ 22890.0, 26187.0 ], [ 22867.0, 26210.0 ], [ 22844.0, 26210.0 ], [ 22821.0, 26210.0 ], [ 22798.0, 26210.0 ], [ 22775.0, 26210.0 ], [ 22752.0, 26210.0 ], [ 22729.0, 26210.0 ], [ 22706.0, 26210.0 ], [ 22683.0, 26210.0 ], [ 22660.0, 26233.0 ], [ 22637.0, 26210.0 ], [ 22614.0, 26210.0 ], [ 22591.0, 26210.0 ], [ 22568.0, 26210.0 ], [ 22545.0, 26210.0 ], [ 22521.0, 26233.0 ], [ 22498.0, 26233.0 ], [ 22475.0, 26233.0 ], [ 22452.0, 26233.0 ], [ 22429.0, 26233.0 ], [ 22406.0, 26233.0 ], [ 22383.0, 26233.0 ], [ 22360.0, 26233.0 ], [ 22337.0, 26233.0 ], [ 22314.0, 26233.0 ], [ 22291.0, 26256.0 ], [ 22268.0, 26256.0 ], [ 22245.0, 26256.0 ], [ 22222.0, 26256.0 ], [ 22199.0, 26256.0 ], [ 22176.0, 26256.0 ], [ 22153.0, 26256.0 ], [ 22130.0, 26256.0 ], [ 22107.0, 26256.0 ], [ 22084.0, 26256.0 ], [ 22060.0, 26233.0 ], [ 22037.0, 26233.0 ], [ 22014.0, 26233.0 ], [ 21991.0, 26233.0 ], [ 21968.0, 26233.0 ], [ 21945.0, 26233.0 ], [ 21922.0, 26233.0 ], [ 21899.0, 26233.0 ], [ 21876.0, 26233.0 ], [ 21853.0, 26210.0 ], [ 21830.0, 26210.0 ], [ 21807.0, 26210.0 ], [ 21784.0, 26210.0 ], [ 21761.0, 26187.0 ], [ 21738.0, 26187.0 ], [ 21715.0, 26187.0 ], [ 21692.0, 26187.0 ], [ 21669.0, 26187.0 ], [ 21646.0, 26187.0 ], [ 21622.0, 26187.0 ], [ 21599.0, 26187.0 ], [ 21576.0, 26187.0 ], [ 21553.0, 26187.0 ], [ 21530.0, 26187.0 ], [ 21507.0, 26187.0 ], [ 21484.0, 26164.0 ], [ 21461.0, 26164.0 ], [ 21438.0, 26164.0 ], [ 21415.0, 26164.0 ], [ 21392.0, 26164.0 ], [ 21369.0, 26164.0 ], [ 21346.0, 26164.0 ], [ 21323.0, 26164.0 ], [ 21300.0, 26141.0 ], [ 21277.0, 26141.0 ], [ 21254.0, 26141.0 ], [ 21231.0, 26141.0 ], [ 21208.0, 26141.0 ], [ 21184.0, 26118.0 ], [ 21161.0, 26118.0 ], [ 21138.0, 26118.0 ], [ 21115.0, 26118.0 ], [ 21092.0, 26118.0 ], [ 21069.0, 26118.0 ], [ 21046.0, 26095.0 ], [ 21023.0, 26095.0 ], [ 21000.0, 26095.0 ], [ 20977.0, 26095.0 ], [ 20954.0, 26095.0 ], [ 20931.0, 26072.0 ], [ 20908.0, 26072.0 ], [ 20885.0, 26072.0 ], [ 20862.0, 26072.0 ], [ 20839.0, 26072.0 ], [ 20816.0, 26072.0 ], [ 20793.0, 26048.0 ], [ 20770.0, 26048.0 ], [ 20746.0, 26048.0 ], [ 20723.0, 26025.0 ], [ 20700.0, 26025.0 ], [ 20677.0, 26025.0 ], [ 20654.0, 26002.0 ], [ 20631.0, 26002.0 ], [ 20608.0, 26002.0 ], [ 20585.0, 25979.0 ], [ 20562.0, 25979.0 ], [ 20539.0, 25979.0 ], [ 20516.0, 25956.0 ], [ 20493.0, 25956.0 ], [ 20470.0, 25956.0 ], [ 20447.0, 25933.0 ], [ 20424.0, 25933.0 ], [ 20401.0, 25933.0 ], [ 20378.0, 25910.0 ], [ 20355.0, 25887.0 ], [ 20332.0, 25887.0 ], [ 20308.0, 25864.0 ], [ 20285.0, 25864.0 ], [ 20262.0, 25864.0 ], [ 20239.0, 25841.0 ], [ 20216.0, 25841.0 ], [ 20193.0, 25818.0 ], [ 20170.0, 25818.0 ], [ 20147.0, 25818.0 ], [ 20124.0, 25795.0 ], [ 20101.0, 25795.0 ], [ 20078.0, 25795.0 ], [ 20055.0, 25795.0 ], [ 20032.0, 25795.0 ], [ 20009.0, 25795.0 ], [ 19986.0, 25795.0 ], [ 19963.0, 25795.0 ], [ 19940.0, 25795.0 ], [ 19917.0, 25795.0 ], [ 19894.0, 25795.0 ], [ 19870.0, 25795.0 ], [ 19847.0, 25795.0 ], [ 19824.0, 25795.0 ], [ 19801.0, 25795.0 ], [ 19778.0, 25795.0 ], [ 19755.0, 25795.0 ], [ 19732.0, 25795.0 ], [ 19709.0, 25795.0 ], [ 19686.0, 25795.0 ], [ 19663.0, 25795.0 ], [ 19640.0, 25795.0 ], [ 19617.0, 25795.0 ], [ 19594.0, 25772.0 ], [ 19594.0, 25749.0 ], [ 19594.0, 25726.0 ], [ 19594.0, 25703.0 ], [ 19594.0, 25680.0 ], [ 19594.0, 25657.0 ], [ 19594.0, 25634.0 ], [ 19594.0, 25610.0 ], [ 19594.0, 25587.0 ], [ 19594.0, 25564.0 ], [ 19594.0, 25541.0 ], [ 19571.0, 25541.0 ], [ 19548.0, 25541.0 ], [ 19525.0, 25518.0 ], [ 19502.0, 25518.0 ], [ 19479.0, 25495.0 ], [ 19456.0, 25495.0 ], [ 19433.0, 25495.0 ], [ 19409.0, 25495.0 ], [ 19386.0, 25472.0 ], [ 19363.0, 25472.0 ], [ 19340.0, 25472.0 ], [ 19317.0, 25472.0 ], [ 19294.0, 25449.0 ], [ 19271.0, 25449.0 ], [ 19248.0, 25449.0 ], [ 19225.0, 25449.0 ], [ 19202.0, 25449.0 ], [ 19179.0, 25449.0 ], [ 19156.0, 25449.0 ], [ 19133.0, 25449.0 ], [ 19110.0, 25449.0 ], [ 19087.0, 25449.0 ], [ 19064.0, 25449.0 ], [ 19041.0, 25449.0 ], [ 19018.0, 25426.0 ], [ 18995.0, 25449.0 ], [ 18971.0, 25449.0 ], [ 18948.0, 25449.0 ], [ 18925.0, 25449.0 ], [ 18902.0, 25449.0 ], [ 18879.0, 25449.0 ], [ 18856.0, 25449.0 ], [ 18833.0, 25449.0 ], [ 18810.0, 25426.0 ], [ 18787.0, 25426.0 ], [ 18764.0, 25426.0 ], [ 18741.0, 25426.0 ], [ 18718.0, 25426.0 ], [ 18695.0, 25426.0 ], [ 18672.0, 25403.0 ], [ 18649.0, 25403.0 ], [ 18626.0, 25403.0 ], [ 18603.0, 25403.0 ], [ 18580.0, 25380.0 ], [ 18557.0, 25380.0 ], [ 18533.0, 25380.0 ], [ 18510.0, 25380.0 ], [ 18487.0, 25380.0 ], [ 18464.0, 25357.0 ], [ 18441.0, 25357.0 ], [ 18418.0, 25334.0 ], [ 18395.0, 25334.0 ], [ 18372.0, 25334.0 ], [ 18349.0, 25334.0 ], [ 18326.0, 25334.0 ], [ 18303.0, 25334.0 ], [ 18280.0, 25311.0 ], [ 18257.0, 25311.0 ], [ 18234.0, 25288.0 ], [ 18211.0, 25288.0 ], [ 18188.0, 25265.0 ], [ 18165.0, 25265.0 ], [ 18142.0, 25265.0 ], [ 18119.0, 25242.0 ], [ 18095.0, 25242.0 ], [ 18072.0, 25242.0 ], [ 18049.0, 25242.0 ], [ 18026.0, 25242.0 ], [ 18003.0, 25242.0 ], [ 17980.0, 25219.0 ], [ 17957.0, 25219.0 ], [ 17934.0, 25196.0 ], [ 17911.0, 25196.0 ], [ 17888.0, 25196.0 ], [ 17865.0, 25196.0 ], [ 17842.0, 25172.0 ], [ 17819.0, 25172.0 ], [ 17796.0, 25149.0 ], [ 17773.0, 25126.0 ], [ 17750.0, 25103.0 ], [ 17727.0, 25080.0 ], [ 17704.0, 25057.0 ], [ 17704.0, 25034.0 ], [ 17681.0, 25011.0 ], [ 17657.0, 24988.0 ], [ 17657.0, 24965.0 ], [ 17634.0, 24942.0 ], [ 17634.0, 24919.0 ], [ 17611.0, 24896.0 ], [ 17611.0, 24873.0 ], [ 17588.0, 24850.0 ], [ 17588.0, 24827.0 ], [ 17565.0, 24804.0 ], [ 17565.0, 24781.0 ], [ 17565.0, 24758.0 ], [ 17542.0, 24735.0 ], [ 17542.0, 24711.0 ], [ 17542.0, 24688.0 ], [ 17519.0, 24665.0 ], [ 17519.0, 24642.0 ], [ 17519.0, 24619.0 ], [ 17542.0, 24596.0 ], [ 17565.0, 24573.0 ], [ 17588.0, 24573.0 ], [ 17588.0, 24550.0 ], [ 17611.0, 24527.0 ], [ 17634.0, 24504.0 ], [ 17657.0, 24481.0 ], [ 17681.0, 24458.0 ], [ 17704.0, 24435.0 ], [ 17704.0, 24412.0 ], [ 17704.0, 24389.0 ], [ 17727.0, 24366.0 ], [ 17750.0, 24343.0 ], [ 17750.0, 24320.0 ], [ 17773.0, 24297.0 ], [ 17773.0, 24273.0 ], [ 17773.0, 24250.0 ], [ 17796.0, 24227.0 ], [ 17796.0, 24204.0 ], [ 17796.0, 24181.0 ], [ 17796.0, 24158.0 ], [ 17796.0, 24135.0 ], [ 17796.0, 24112.0 ], [ 17796.0, 24089.0 ], [ 17796.0, 24066.0 ], [ 17796.0, 24043.0 ], [ 17796.0, 24020.0 ], [ 17796.0, 23997.0 ], [ 17819.0, 23974.0 ], [ 17819.0, 23951.0 ], [ 17819.0, 23928.0 ], [ 17819.0, 23905.0 ], [ 17819.0, 23882.0 ], [ 17819.0, 23859.0 ], [ 17842.0, 23835.0 ], [ 17842.0, 23812.0 ], [ 17842.0, 23789.0 ], [ 17842.0, 23766.0 ], [ 17865.0, 23743.0 ], [ 17888.0, 23720.0 ], [ 17865.0, 23697.0 ], [ 17888.0, 23674.0 ], [ 17911.0, 23651.0 ], [ 17934.0, 23628.0 ], [ 17957.0, 23605.0 ], [ 17980.0, 23582.0 ], [ 18003.0, 23582.0 ], [ 18026.0, 23582.0 ], [ 18049.0, 23559.0 ], [ 18072.0, 23536.0 ], [ 18095.0, 23536.0 ], [ 18119.0, 23513.0 ], [ 18142.0, 23513.0 ], [ 18165.0, 23490.0 ], [ 18188.0, 23467.0 ], [ 18211.0, 23467.0 ], [ 18234.0, 23467.0 ], [ 18257.0, 23467.0 ], [ 18280.0, 23444.0 ], [ 18303.0, 23444.0 ], [ 18326.0, 23421.0 ], [ 18349.0, 23421.0 ], [ 18372.0, 23421.0 ], [ 18395.0, 23397.0 ], [ 18418.0, 23397.0 ], [ 18441.0, 23397.0 ], [ 18464.0, 23397.0 ], [ 18487.0, 23374.0 ], [ 18510.0, 23374.0 ], [ 18533.0, 23351.0 ], [ 18557.0, 23351.0 ], [ 18557.0, 23328.0 ], [ 18557.0, 23305.0 ], [ 18557.0, 23282.0 ], [ 18557.0, 23259.0 ], [ 18557.0, 23236.0 ], [ 18557.0, 23213.0 ], [ 18557.0, 23190.0 ], [ 18557.0, 23167.0 ], [ 18557.0, 23144.0 ], [ 18557.0, 23121.0 ], [ 18557.0, 23098.0 ], [ 18557.0, 23075.0 ], [ 18557.0, 23052.0 ], [ 18557.0, 23029.0 ], [ 18557.0, 23006.0 ], [ 18557.0, 22983.0 ], [ 18557.0, 22959.0 ], [ 18557.0, 22936.0 ], [ 18557.0, 22913.0 ], [ 18557.0, 22890.0 ], [ 18557.0, 22867.0 ], [ 18557.0, 22844.0 ], [ 18557.0, 22821.0 ], [ 18557.0, 22798.0 ], [ 18557.0, 22775.0 ], [ 18557.0, 22752.0 ], [ 18557.0, 22729.0 ], [ 18557.0, 22706.0 ], [ 18557.0, 22683.0 ], [ 18557.0, 22660.0 ], [ 18557.0, 22637.0 ], [ 18557.0, 22614.0 ], [ 18557.0, 22591.0 ], [ 18557.0, 22568.0 ], [ 18557.0, 22545.0 ], [ 18557.0, 22521.0 ], [ 18533.0, 22521.0 ], [ 18510.0, 22545.0 ], [ 18510.0, 22568.0 ], [ 18510.0, 22591.0 ], [ 18510.0, 22614.0 ], [ 18487.0, 22637.0 ], [ 18464.0, 22614.0 ], [ 18464.0, 22591.0 ], [ 18441.0, 22568.0 ], [ 18441.0, 22545.0 ], [ 18418.0, 22521.0 ], [ 18395.0, 22498.0 ], [ 18372.0, 22475.0 ], [ 18349.0, 22475.0 ], [ 18326.0, 22452.0 ], [ 18303.0, 22429.0 ], [ 18280.0, 22429.0 ], [ 18257.0, 22406.0 ], [ 18234.0, 22406.0 ], [ 18211.0, 22383.0 ], [ 18188.0, 22383.0 ], [ 18165.0, 22360.0 ], [ 18142.0, 22360.0 ], [ 18119.0, 22360.0 ], [ 18095.0, 22337.0 ], [ 18072.0, 22337.0 ], [ 18049.0, 22337.0 ], [ 18026.0, 22314.0 ], [ 18003.0, 22314.0 ], [ 17980.0, 22314.0 ], [ 17957.0, 22314.0 ], [ 17934.0, 22291.0 ], [ 17911.0, 22291.0 ], [ 17888.0, 22291.0 ], [ 17865.0, 22291.0 ], [ 17842.0, 22291.0 ], [ 17819.0, 22291.0 ], [ 17796.0, 22291.0 ], [ 17773.0, 22291.0 ], [ 17750.0, 22268.0 ], [ 17727.0, 22268.0 ], [ 17704.0, 22291.0 ], [ 17681.0, 22291.0 ], [ 17657.0, 22291.0 ], [ 17634.0, 22291.0 ], [ 17611.0, 22314.0 ], [ 17588.0, 22314.0 ], [ 17565.0, 22314.0 ], [ 17542.0, 22314.0 ], [ 17519.0, 22314.0 ], [ 17496.0, 22314.0 ], [ 17473.0, 22337.0 ], [ 17450.0, 22337.0 ], [ 17427.0, 22337.0 ], [ 17404.0, 22337.0 ], [ 17381.0, 22337.0 ], [ 17358.0, 22360.0 ], [ 17335.0, 22360.0 ], [ 17312.0, 22360.0 ], [ 17289.0, 22360.0 ], [ 17266.0, 22383.0 ], [ 17243.0, 22383.0 ], [ 17219.0, 22406.0 ], [ 17196.0, 22406.0 ], [ 17173.0, 22406.0 ], [ 17150.0, 22429.0 ], [ 17127.0, 22429.0 ], [ 17127.0, 22452.0 ], [ 17104.0, 22475.0 ], [ 17081.0, 22475.0 ], [ 17058.0, 22452.0 ], [ 17058.0, 22429.0 ], [ 17081.0, 22406.0 ], [ 17058.0, 22406.0 ], [ 17035.0, 22429.0 ], [ 17012.0, 22429.0 ], [ 17012.0, 22452.0 ], [ 17012.0, 22475.0 ], [ 16989.0, 22498.0 ], [ 16966.0, 22498.0 ], [ 16966.0, 22521.0 ], [ 16989.0, 22545.0 ], [ 16989.0, 22568.0 ], [ 16966.0, 22591.0 ], [ 16943.0, 22591.0 ], [ 16920.0, 22614.0 ], [ 16897.0, 22637.0 ], [ 16874.0, 22637.0 ], [ 16851.0, 22637.0 ], [ 16828.0, 22660.0 ], [ 16805.0, 22637.0 ], [ 16781.0, 22637.0 ], [ 16758.0, 22660.0 ], [ 16735.0, 22683.0 ], [ 16712.0, 22706.0 ], [ 16689.0, 22729.0 ], [ 16666.0, 22752.0 ], [ 16666.0, 22775.0 ], [ 16666.0, 22798.0 ], [ 16689.0, 22821.0 ], [ 16689.0, 22844.0 ], [ 16666.0, 22867.0 ], [ 16643.0, 22867.0 ], [ 16620.0, 22890.0 ], [ 16620.0, 22913.0 ], [ 16597.0, 22936.0 ], [ 16574.0, 22936.0 ], [ 16574.0, 22959.0 ], [ 16551.0, 22983.0 ], [ 16551.0, 23006.0 ], [ 16551.0, 23029.0 ], [ 16574.0, 23052.0 ], [ 16574.0, 23075.0 ], [ 16574.0, 23098.0 ], [ 16574.0, 23121.0 ], [ 16574.0, 23144.0 ], [ 16574.0, 23167.0 ], [ 16597.0, 23190.0 ], [ 16597.0, 23213.0 ], [ 16574.0, 23236.0 ], [ 16597.0, 23259.0 ], [ 16597.0, 23282.0 ], [ 16620.0, 23305.0 ], [ 16597.0, 23328.0 ], [ 16597.0, 23351.0 ], [ 16597.0, 23374.0 ], [ 16620.0, 23397.0 ], [ 16620.0, 23421.0 ], [ 16620.0, 23444.0 ], [ 16620.0, 23467.0 ], [ 16643.0, 23490.0 ], [ 16643.0, 23513.0 ], [ 16643.0, 23536.0 ], [ 16643.0, 23559.0 ], [ 16666.0, 23582.0 ], [ 16666.0, 23605.0 ], [ 16689.0, 23605.0 ], [ 16712.0, 23628.0 ], [ 16712.0, 23651.0 ], [ 16735.0, 23674.0 ], [ 16758.0, 23697.0 ], [ 16781.0, 23697.0 ], [ 16805.0, 23720.0 ], [ 16805.0, 23743.0 ], [ 16805.0, 23766.0 ], [ 16828.0, 23789.0 ], [ 16851.0, 23789.0 ], [ 16874.0, 23789.0 ], [ 16897.0, 23812.0 ], [ 16874.0, 23835.0 ], [ 16851.0, 23835.0 ], [ 16828.0, 23859.0 ], [ 16828.0, 23882.0 ], [ 16805.0, 23905.0 ], [ 16805.0, 23928.0 ], [ 16781.0, 23951.0 ], [ 16758.0, 23974.0 ], [ 16735.0, 23997.0 ], [ 16735.0, 24020.0 ], [ 16735.0, 24043.0 ], [ 16712.0, 24066.0 ], [ 16689.0, 24089.0 ], [ 16689.0, 24112.0 ], [ 16689.0, 24135.0 ], [ 16689.0, 24158.0 ], [ 16712.0, 24158.0 ], [ 16735.0, 24181.0 ], [ 16712.0, 24204.0 ], [ 16689.0, 24204.0 ], [ 16666.0, 24227.0 ], [ 16689.0, 24227.0 ], [ 16712.0, 24250.0 ], [ 16689.0, 24273.0 ], [ 16666.0, 24297.0 ], [ 16666.0, 24320.0 ], [ 16666.0, 24343.0 ], [ 16666.0, 24366.0 ], [ 16666.0, 24389.0 ], [ 16666.0, 24412.0 ] ], [ [ 54818.0, 25818.0 ], [ 54841.0, 25795.0 ], [ 54864.0, 25818.0 ], [ 54887.0, 25841.0 ], [ 54864.0, 25864.0 ], [ 54864.0, 25887.0 ], [ 54841.0, 25910.0 ], [ 54841.0, 25933.0 ], [ 54818.0, 25956.0 ], [ 54795.0, 25979.0 ], [ 54772.0, 26002.0 ], [ 54772.0, 26025.0 ], [ 54748.0, 26048.0 ], [ 54725.0, 26072.0 ], [ 54702.0, 26095.0 ], [ 54679.0, 26118.0 ], [ 54656.0, 26118.0 ], [ 54633.0, 26141.0 ], [ 54610.0, 26164.0 ], [ 54587.0, 26164.0 ], [ 54564.0, 26187.0 ], [ 54541.0, 26210.0 ], [ 54541.0, 26233.0 ], [ 54541.0, 26256.0 ], [ 54518.0, 26279.0 ], [ 54495.0, 26302.0 ], [ 54472.0, 26302.0 ], [ 54449.0, 26325.0 ], [ 54472.0, 26348.0 ], [ 54472.0, 26371.0 ], [ 54449.0, 26394.0 ], [ 54472.0, 26417.0 ], [ 54449.0, 26440.0 ], [ 54426.0, 26463.0 ], [ 54426.0, 26486.0 ], [ 54426.0, 26510.0 ], [ 54426.0, 26533.0 ], [ 54426.0, 26556.0 ], [ 54449.0, 26556.0 ], [ 54472.0, 26556.0 ], [ 54472.0, 26533.0 ], [ 54472.0, 26510.0 ], [ 54472.0, 26486.0 ], [ 54495.0, 26463.0 ], [ 54495.0, 26440.0 ], [ 54518.0, 26417.0 ], [ 54518.0, 26394.0 ], [ 54541.0, 26371.0 ], [ 54564.0, 26348.0 ], [ 54587.0, 26371.0 ], [ 54587.0, 26394.0 ], [ 54587.0, 26417.0 ], [ 54564.0, 26440.0 ], [ 54564.0, 26463.0 ], [ 54564.0, 26486.0 ], [ 54541.0, 26510.0 ], [ 54541.0, 26533.0 ], [ 54541.0, 26556.0 ], [ 54518.0, 26579.0 ], [ 54495.0, 26602.0 ], [ 54495.0, 26625.0 ], [ 54472.0, 26648.0 ], [ 54449.0, 26671.0 ], [ 54426.0, 26694.0 ], [ 54403.0, 26694.0 ], [ 54380.0, 26717.0 ], [ 54357.0, 26717.0 ], [ 54357.0, 26740.0 ], [ 54334.0, 26763.0 ], [ 54334.0, 26786.0 ], [ 54310.0, 26809.0 ], [ 54287.0, 26832.0 ], [ 54287.0, 26855.0 ], [ 54287.0, 26878.0 ], [ 54287.0, 26901.0 ], [ 54264.0, 26924.0 ], [ 54287.0, 26948.0 ], [ 54310.0, 26948.0 ], [ 54334.0, 26971.0 ], [ 54357.0, 26971.0 ], [ 54380.0, 26971.0 ], [ 54403.0, 26994.0 ], [ 54426.0, 26994.0 ], [ 54449.0, 27017.0 ], [ 54472.0, 27017.0 ], [ 54495.0, 27017.0 ], [ 54518.0, 27040.0 ], [ 54541.0, 27040.0 ], [ 54564.0, 27040.0 ], [ 54587.0, 27040.0 ], [ 54610.0, 27040.0 ], [ 54633.0, 27063.0 ], [ 54656.0, 27063.0 ], [ 54679.0, 27086.0 ], [ 54702.0, 27086.0 ], [ 54725.0, 27086.0 ], [ 54748.0, 27086.0 ], [ 54772.0, 27063.0 ], [ 54795.0, 27063.0 ], [ 54818.0, 27086.0 ], [ 54841.0, 27109.0 ], [ 54864.0, 27109.0 ], [ 54887.0, 27109.0 ], [ 54910.0, 27132.0 ], [ 54933.0, 27132.0 ], [ 54956.0, 27132.0 ], [ 54979.0, 27132.0 ], [ 55002.0, 27155.0 ], [ 55025.0, 27155.0 ], [ 55048.0, 27155.0 ], [ 55071.0, 27155.0 ], [ 55094.0, 27155.0 ], [ 55117.0, 27155.0 ], [ 55140.0, 27178.0 ], [ 55163.0, 27178.0 ], [ 55186.0, 27178.0 ], [ 55210.0, 27178.0 ], [ 55233.0, 27201.0 ], [ 55256.0, 27201.0 ], [ 55279.0, 27201.0 ], [ 55302.0, 27201.0 ], [ 55325.0, 27201.0 ], [ 55348.0, 27201.0 ], [ 55371.0, 27224.0 ], [ 55394.0, 27224.0 ], [ 55417.0, 27224.0 ], [ 55440.0, 27224.0 ], [ 55463.0, 27224.0 ], [ 55486.0, 27224.0 ], [ 55509.0, 27224.0 ], [ 55532.0, 27224.0 ], [ 55555.0, 27247.0 ], [ 55578.0, 27247.0 ], [ 55601.0, 27247.0 ], [ 55624.0, 27247.0 ], [ 55648.0, 27247.0 ], [ 55671.0, 27247.0 ], [ 55694.0, 27247.0 ], [ 55717.0, 27247.0 ], [ 55740.0, 27247.0 ], [ 55763.0, 27247.0 ], [ 55786.0, 27247.0 ], [ 55809.0, 27224.0 ], [ 55832.0, 27224.0 ], [ 55832.0, 27201.0 ], [ 55855.0, 27178.0 ], [ 55878.0, 27155.0 ], [ 55901.0, 27155.0 ], [ 55901.0, 27132.0 ], [ 55924.0, 27109.0 ], [ 55924.0, 27086.0 ], [ 55947.0, 27063.0 ], [ 55970.0, 27086.0 ], [ 55993.0, 27086.0 ], [ 56016.0, 27109.0 ], [ 56016.0, 27132.0 ], [ 56039.0, 27155.0 ], [ 56016.0, 27178.0 ], [ 56016.0, 27201.0 ], [ 56016.0, 27224.0 ], [ 55993.0, 27247.0 ], [ 55970.0, 27247.0 ], [ 55947.0, 27247.0 ], [ 55947.0, 27270.0 ], [ 55947.0, 27293.0 ], [ 55947.0, 27316.0 ], [ 55970.0, 27316.0 ], [ 55993.0, 27339.0 ], [ 56016.0, 27362.0 ], [ 56039.0, 27362.0 ], [ 56062.0, 27386.0 ], [ 56085.0, 27386.0 ], [ 56109.0, 27409.0 ], [ 56132.0, 27409.0 ], [ 56155.0, 27432.0 ], [ 56178.0, 27455.0 ], [ 56201.0, 27455.0 ], [ 56224.0, 27478.0 ], [ 56247.0, 27478.0 ], [ 56270.0, 27501.0 ], [ 56293.0, 27524.0 ], [ 56316.0, 27524.0 ], [ 56339.0, 27547.0 ], [ 56362.0, 27570.0 ], [ 56385.0, 27593.0 ], [ 56408.0, 27593.0 ], [ 56431.0, 27616.0 ], [ 56454.0, 27639.0 ], [ 56477.0, 27662.0 ], [ 56500.0, 27685.0 ], [ 56523.0, 27708.0 ], [ 56500.0, 27731.0 ], [ 56477.0, 27754.0 ], [ 56454.0, 27777.0 ], [ 56431.0, 27777.0 ], [ 56408.0, 27777.0 ], [ 56385.0, 27777.0 ], [ 56362.0, 27777.0 ], [ 56339.0, 27777.0 ], [ 56316.0, 27777.0 ], [ 56293.0, 27777.0 ], [ 56270.0, 27777.0 ], [ 56247.0, 27777.0 ], [ 56224.0, 27777.0 ], [ 56201.0, 27754.0 ], [ 56178.0, 27754.0 ], [ 56155.0, 27754.0 ], [ 56132.0, 27754.0 ], [ 56109.0, 27754.0 ], [ 56085.0, 27754.0 ], [ 56062.0, 27754.0 ], [ 56039.0, 27731.0 ], [ 56016.0, 27731.0 ], [ 55993.0, 27731.0 ], [ 55970.0, 27708.0 ], [ 55947.0, 27708.0 ], [ 55924.0, 27708.0 ], [ 55901.0, 27708.0 ], [ 55878.0, 27708.0 ], [ 55855.0, 27685.0 ], [ 55832.0, 27662.0 ], [ 55809.0, 27685.0 ], [ 55786.0, 27662.0 ], [ 55763.0, 27662.0 ], [ 55740.0, 27639.0 ], [ 55717.0, 27639.0 ], [ 55694.0, 27616.0 ], [ 55671.0, 27639.0 ], [ 55648.0, 27639.0 ], [ 55624.0, 27639.0 ], [ 55601.0, 27616.0 ], [ 55578.0, 27616.0 ], [ 55555.0, 27616.0 ], [ 55532.0, 27616.0 ], [ 55509.0, 27616.0 ], [ 55486.0, 27616.0 ], [ 55463.0, 27616.0 ], [ 55440.0, 27616.0 ], [ 55417.0, 27593.0 ], [ 55394.0, 27593.0 ], [ 55371.0, 27593.0 ], [ 55348.0, 27593.0 ], [ 55325.0, 27593.0 ], [ 55302.0, 27570.0 ], [ 55279.0, 27570.0 ], [ 55256.0, 27570.0 ], [ 55233.0, 27570.0 ], [ 55210.0, 27570.0 ], [ 55186.0, 27570.0 ], [ 55163.0, 27570.0 ], [ 55140.0, 27547.0 ], [ 55117.0, 27570.0 ], [ 55094.0, 27547.0 ], [ 55071.0, 27547.0 ], [ 55048.0, 27547.0 ], [ 55025.0, 27547.0 ], [ 55002.0, 27547.0 ], [ 54979.0, 27524.0 ], [ 54956.0, 27524.0 ], [ 54933.0, 27524.0 ], [ 54910.0, 27524.0 ], [ 54887.0, 27524.0 ], [ 54864.0, 27524.0 ], [ 54841.0, 27501.0 ], [ 54818.0, 27501.0 ], [ 54795.0, 27501.0 ], [ 54772.0, 27501.0 ], [ 54748.0, 27501.0 ], [ 54725.0, 27501.0 ], [ 54702.0, 27501.0 ], [ 54679.0, 27501.0 ], [ 54656.0, 27478.0 ], [ 54633.0, 27478.0 ], [ 54610.0, 27478.0 ], [ 54587.0, 27478.0 ], [ 54564.0, 27478.0 ], [ 54541.0, 27478.0 ], [ 54518.0, 27478.0 ], [ 54495.0, 27455.0 ], [ 54472.0, 27478.0 ], [ 54449.0, 27478.0 ], [ 54426.0, 27455.0 ], [ 54403.0, 27478.0 ], [ 54380.0, 27455.0 ], [ 54357.0, 27455.0 ], [ 54334.0, 27455.0 ], [ 54310.0, 27455.0 ], [ 54287.0, 27455.0 ], [ 54264.0, 27455.0 ], [ 54241.0, 27455.0 ], [ 54218.0, 27455.0 ], [ 54195.0, 27455.0 ], [ 54172.0, 27455.0 ], [ 54149.0, 27455.0 ], [ 54126.0, 27455.0 ], [ 54103.0, 27455.0 ], [ 54080.0, 27455.0 ], [ 54057.0, 27455.0 ], [ 54034.0, 27432.0 ], [ 54011.0, 27455.0 ], [ 53988.0, 27478.0 ], [ 53965.0, 27455.0 ], [ 53965.0, 27432.0 ], [ 53942.0, 27432.0 ], [ 53919.0, 27432.0 ], [ 53896.0, 27432.0 ], [ 53872.0, 27432.0 ], [ 53849.0, 27432.0 ], [ 53826.0, 27432.0 ], [ 53826.0, 27455.0 ], [ 53803.0, 27478.0 ], [ 53780.0, 27478.0 ], [ 53757.0, 27478.0 ], [ 53734.0, 27478.0 ], [ 53711.0, 27478.0 ], [ 53688.0, 27478.0 ], [ 53665.0, 27478.0 ], [ 53642.0, 27478.0 ], [ 53619.0, 27478.0 ], [ 53596.0, 27478.0 ], [ 53573.0, 27478.0 ], [ 53550.0, 27455.0 ], [ 53527.0, 27478.0 ], [ 53504.0, 27455.0 ], [ 53481.0, 27455.0 ], [ 53458.0, 27455.0 ], [ 53434.0, 27455.0 ], [ 53411.0, 27455.0 ], [ 53388.0, 27455.0 ], [ 53365.0, 27455.0 ], [ 53342.0, 27455.0 ], [ 53319.0, 27455.0 ], [ 53296.0, 27455.0 ], [ 53273.0, 27455.0 ], [ 53250.0, 27455.0 ], [ 53227.0, 27455.0 ], [ 53204.0, 27432.0 ], [ 53181.0, 27455.0 ], [ 53158.0, 27455.0 ], [ 53135.0, 27455.0 ], [ 53112.0, 27455.0 ], [ 53089.0, 27432.0 ], [ 53066.0, 27432.0 ], [ 53043.0, 27432.0 ], [ 53020.0, 27432.0 ], [ 52997.0, 27432.0 ], [ 52973.0, 27432.0 ], [ 52950.0, 27432.0 ], [ 52927.0, 27409.0 ], [ 52904.0, 27409.0 ], [ 52881.0, 27409.0 ], [ 52858.0, 27409.0 ], [ 52835.0, 27409.0 ], [ 52812.0, 27409.0 ], [ 52789.0, 27409.0 ], [ 52766.0, 27386.0 ], [ 52743.0, 27386.0 ], [ 52720.0, 27386.0 ], [ 52697.0, 27386.0 ], [ 52674.0, 27386.0 ], [ 52651.0, 27386.0 ], [ 52628.0, 27386.0 ], [ 52605.0, 27386.0 ], [ 52582.0, 27386.0 ], [ 52559.0, 27386.0 ], [ 52535.0, 27362.0 ], [ 52512.0, 27362.0 ], [ 52489.0, 27362.0 ], [ 52466.0, 27386.0 ], [ 52443.0, 27386.0 ], [ 52420.0, 27386.0 ], [ 52397.0, 27362.0 ], [ 52374.0, 27362.0 ], [ 52351.0, 27362.0 ], [ 52328.0, 27339.0 ], [ 52305.0, 27316.0 ], [ 52282.0, 27316.0 ], [ 52259.0, 27316.0 ], [ 52236.0, 27339.0 ], [ 52213.0, 27362.0 ], [ 52190.0, 27339.0 ], [ 52167.0, 27316.0 ], [ 52144.0, 27316.0 ], [ 52121.0, 27339.0 ], [ 52097.0, 27316.0 ], [ 52074.0, 27316.0 ], [ 52051.0, 27316.0 ], [ 52028.0, 27316.0 ], [ 52005.0, 27316.0 ], [ 51982.0, 27316.0 ], [ 51959.0, 27316.0 ], [ 51936.0, 27293.0 ], [ 51913.0, 27293.0 ], [ 51890.0, 27293.0 ], [ 51867.0, 27293.0 ], [ 51844.0, 27293.0 ], [ 51821.0, 27293.0 ], [ 51798.0, 27293.0 ], [ 51775.0, 27293.0 ], [ 51752.0, 27293.0 ], [ 51729.0, 27293.0 ], [ 51706.0, 27293.0 ], [ 51683.0, 27270.0 ], [ 51659.0, 27270.0 ], [ 51636.0, 27293.0 ], [ 51613.0, 27270.0 ], [ 51590.0, 27293.0 ], [ 51567.0, 27293.0 ], [ 51544.0, 27316.0 ], [ 51521.0, 27293.0 ], [ 51498.0, 27293.0 ], [ 51475.0, 27293.0 ], [ 51452.0, 27270.0 ], [ 51429.0, 27270.0 ], [ 51406.0, 27270.0 ], [ 51383.0, 27270.0 ], [ 51360.0, 27270.0 ], [ 51337.0, 27247.0 ], [ 51314.0, 27270.0 ], [ 51291.0, 27270.0 ], [ 51268.0, 27247.0 ], [ 51291.0, 27224.0 ], [ 51268.0, 27224.0 ], [ 51245.0, 27224.0 ], [ 51221.0, 27201.0 ], [ 51221.0, 27178.0 ], [ 51198.0, 27178.0 ], [ 51175.0, 27155.0 ], [ 51152.0, 27155.0 ], [ 51129.0, 27155.0 ], [ 51106.0, 27132.0 ], [ 51083.0, 27109.0 ], [ 51060.0, 27109.0 ], [ 51037.0, 27109.0 ], [ 51014.0, 27109.0 ], [ 50991.0, 27109.0 ], [ 50968.0, 27086.0 ], [ 50945.0, 27086.0 ], [ 50922.0, 27086.0 ], [ 50899.0, 27109.0 ], [ 50876.0, 27086.0 ], [ 50853.0, 27086.0 ], [ 50830.0, 27063.0 ], [ 50807.0, 27063.0 ], [ 50783.0, 27063.0 ], [ 50760.0, 27040.0 ], [ 50737.0, 27017.0 ], [ 50714.0, 27017.0 ], [ 50691.0, 26994.0 ], [ 50668.0, 27017.0 ], [ 50645.0, 27017.0 ], [ 50622.0, 27017.0 ], [ 50599.0, 27017.0 ], [ 50576.0, 26994.0 ], [ 50553.0, 26994.0 ], [ 50530.0, 26994.0 ], [ 50507.0, 26994.0 ], [ 50484.0, 26994.0 ], [ 50461.0, 26971.0 ], [ 50438.0, 26971.0 ], [ 50415.0, 26971.0 ], [ 50392.0, 26971.0 ], [ 50369.0, 26971.0 ], [ 50345.0, 26971.0 ], [ 50322.0, 26971.0 ], [ 50299.0, 26971.0 ], [ 50276.0, 26971.0 ], [ 50253.0, 26948.0 ], [ 50230.0, 26948.0 ], [ 50207.0, 26948.0 ], [ 50184.0, 26948.0 ], [ 50161.0, 26948.0 ], [ 50138.0, 26948.0 ], [ 50115.0, 26948.0 ], [ 50092.0, 26948.0 ], [ 50069.0, 26948.0 ], [ 50046.0, 26948.0 ], [ 50023.0, 26948.0 ], [ 50000.0, 26948.0 ], [ 49977.0, 26948.0 ], [ 49954.0, 26948.0 ], [ 49931.0, 26948.0 ], [ 49908.0, 26948.0 ], [ 49884.0, 26948.0 ], [ 49861.0, 26948.0 ], [ 49838.0, 26948.0 ], [ 49815.0, 26948.0 ], [ 49792.0, 26948.0 ], [ 49769.0, 26948.0 ], [ 49746.0, 26948.0 ], [ 49723.0, 26924.0 ], [ 49700.0, 26924.0 ], [ 49677.0, 26924.0 ], [ 49654.0, 26924.0 ], [ 49631.0, 26924.0 ], [ 49608.0, 26924.0 ], [ 49585.0, 26924.0 ], [ 49562.0, 26924.0 ], [ 49539.0, 26924.0 ], [ 49516.0, 26924.0 ], [ 49493.0, 26924.0 ], [ 49470.0, 26901.0 ], [ 49446.0, 26901.0 ], [ 49423.0, 26901.0 ], [ 49400.0, 26901.0 ], [ 49377.0, 26878.0 ], [ 49354.0, 26878.0 ], [ 49331.0, 26878.0 ], [ 49308.0, 26878.0 ], [ 49285.0, 26855.0 ], [ 49262.0, 26855.0 ], [ 49239.0, 26855.0 ], [ 49216.0, 26855.0 ], [ 49193.0, 26855.0 ], [ 49170.0, 26855.0 ], [ 49147.0, 26855.0 ], [ 49124.0, 26832.0 ], [ 49101.0, 26809.0 ], [ 49078.0, 26809.0 ], [ 49055.0, 26809.0 ], [ 49032.0, 26809.0 ], [ 49008.0, 26809.0 ], [ 48985.0, 26786.0 ], [ 48962.0, 26786.0 ], [ 48939.0, 26786.0 ], [ 48916.0, 26763.0 ], [ 48893.0, 26763.0 ], [ 48870.0, 26740.0 ], [ 48847.0, 26740.0 ], [ 48824.0, 26717.0 ], [ 48801.0, 26694.0 ], [ 48778.0, 26671.0 ], [ 48778.0, 26648.0 ], [ 48755.0, 26625.0 ], [ 48755.0, 26602.0 ], [ 48732.0, 26579.0 ], [ 48732.0, 26556.0 ], [ 48755.0, 26533.0 ], [ 48755.0, 26510.0 ], [ 48778.0, 26486.0 ], [ 48801.0, 26463.0 ], [ 48824.0, 26440.0 ], [ 48847.0, 26440.0 ], [ 48870.0, 26417.0 ], [ 48893.0, 26417.0 ], [ 48916.0, 26417.0 ], [ 48939.0, 26417.0 ], [ 48962.0, 26394.0 ], [ 48985.0, 26394.0 ], [ 49008.0, 26394.0 ], [ 49032.0, 26371.0 ], [ 49055.0, 26371.0 ], [ 49078.0, 26394.0 ], [ 49101.0, 26371.0 ], [ 49124.0, 26371.0 ], [ 49147.0, 26371.0 ], [ 49170.0, 26394.0 ], [ 49193.0, 26371.0 ], [ 49216.0, 26371.0 ], [ 49239.0, 26371.0 ], [ 49262.0, 26371.0 ], [ 49285.0, 26371.0 ], [ 49308.0, 26371.0 ], [ 49331.0, 26371.0 ], [ 49354.0, 26371.0 ], [ 49377.0, 26371.0 ], [ 49400.0, 26371.0 ], [ 49423.0, 26371.0 ], [ 49446.0, 26371.0 ], [ 49470.0, 26348.0 ], [ 49493.0, 26348.0 ], [ 49516.0, 26348.0 ], [ 49539.0, 26348.0 ], [ 49562.0, 26348.0 ], [ 49585.0, 26348.0 ], [ 49608.0, 26348.0 ], [ 49631.0, 26348.0 ], [ 49654.0, 26348.0 ], [ 49677.0, 26348.0 ], [ 49700.0, 26348.0 ], [ 49723.0, 26348.0 ], [ 49746.0, 26348.0 ], [ 49769.0, 26348.0 ], [ 49792.0, 26348.0 ], [ 49815.0, 26348.0 ], [ 49838.0, 26348.0 ], [ 49861.0, 26348.0 ], [ 49884.0, 26348.0 ], [ 49908.0, 26348.0 ], [ 49931.0, 26348.0 ], [ 49954.0, 26348.0 ], [ 49977.0, 26348.0 ], [ 50000.0, 26348.0 ], [ 50023.0, 26348.0 ], [ 50046.0, 26371.0 ], [ 50069.0, 26371.0 ], [ 50092.0, 26371.0 ], [ 50115.0, 26371.0 ], [ 50138.0, 26394.0 ], [ 50161.0, 26394.0 ], [ 50184.0, 26394.0 ], [ 50207.0, 26394.0 ], [ 50230.0, 26394.0 ], [ 50253.0, 26417.0 ], [ 50276.0, 26417.0 ], [ 50299.0, 26417.0 ], [ 50322.0, 26417.0 ], [ 50345.0, 26440.0 ], [ 50369.0, 26440.0 ], [ 50392.0, 26440.0 ], [ 50415.0, 26440.0 ], [ 50438.0, 26463.0 ], [ 50461.0, 26463.0 ], [ 50484.0, 26463.0 ], [ 50507.0, 26486.0 ], [ 50530.0, 26486.0 ], [ 50553.0, 26486.0 ], [ 50576.0, 26510.0 ], [ 50599.0, 26533.0 ], [ 50622.0, 26533.0 ], [ 50645.0, 26533.0 ], [ 50668.0, 26533.0 ], [ 50691.0, 26556.0 ], [ 50714.0, 26556.0 ], [ 50737.0, 26579.0 ], [ 50760.0, 26579.0 ], [ 50783.0, 26579.0 ], [ 50807.0, 26602.0 ], [ 50830.0, 26602.0 ], [ 50853.0, 26602.0 ], [ 50876.0, 26625.0 ], [ 50899.0, 26648.0 ], [ 50922.0, 26648.0 ], [ 50945.0, 26648.0 ], [ 50968.0, 26648.0 ], [ 50991.0, 26671.0 ], [ 51014.0, 26671.0 ], [ 51037.0, 26694.0 ], [ 51060.0, 26694.0 ], [ 51083.0, 26694.0 ], [ 51106.0, 26694.0 ], [ 51129.0, 26717.0 ], [ 51152.0, 26717.0 ], [ 51175.0, 26740.0 ], [ 51198.0, 26740.0 ], [ 51221.0, 26740.0 ], [ 51245.0, 26740.0 ], [ 51268.0, 26763.0 ], [ 51291.0, 26763.0 ], [ 51314.0, 26763.0 ], [ 51337.0, 26763.0 ], [ 51360.0, 26786.0 ], [ 51383.0, 26786.0 ], [ 51406.0, 26786.0 ], [ 51429.0, 26809.0 ], [ 51452.0, 26809.0 ], [ 51475.0, 26809.0 ], [ 51498.0, 26809.0 ], [ 51521.0, 26809.0 ], [ 51544.0, 26809.0 ], [ 51567.0, 26832.0 ], [ 51590.0, 26832.0 ], [ 51613.0, 26832.0 ], [ 51636.0, 26832.0 ], [ 51659.0, 26832.0 ], [ 51683.0, 26855.0 ], [ 51706.0, 26855.0 ], [ 51729.0, 26855.0 ], [ 51752.0, 26855.0 ], [ 51775.0, 26878.0 ], [ 51798.0, 26878.0 ], [ 51821.0, 26878.0 ], [ 51844.0, 26878.0 ], [ 51867.0, 26878.0 ], [ 51890.0, 26878.0 ], [ 51913.0, 26878.0 ], [ 51936.0, 26878.0 ], [ 51959.0, 26878.0 ], [ 51982.0, 26878.0 ], [ 52005.0, 26878.0 ], [ 52028.0, 26901.0 ], [ 52051.0, 26901.0 ], [ 52074.0, 26901.0 ], [ 52097.0, 26901.0 ], [ 52121.0, 26901.0 ], [ 52144.0, 26901.0 ], [ 52167.0, 26901.0 ], [ 52190.0, 26901.0 ], [ 52213.0, 26924.0 ], [ 52236.0, 26924.0 ], [ 52259.0, 26924.0 ], [ 52282.0, 26924.0 ], [ 52305.0, 26924.0 ], [ 52328.0, 26924.0 ], [ 52351.0, 26948.0 ], [ 52374.0, 26948.0 ], [ 52397.0, 26948.0 ], [ 52420.0, 26948.0 ], [ 52443.0, 26948.0 ], [ 52466.0, 26948.0 ], [ 52489.0, 26948.0 ], [ 52512.0, 26948.0 ], [ 52535.0, 26948.0 ], [ 52559.0, 26948.0 ], [ 52582.0, 26948.0 ], [ 52605.0, 26948.0 ], [ 52628.0, 26971.0 ], [ 52651.0, 26971.0 ], [ 52674.0, 26971.0 ], [ 52697.0, 26971.0 ], [ 52720.0, 26971.0 ], [ 52743.0, 26971.0 ], [ 52766.0, 26971.0 ], [ 52789.0, 26971.0 ], [ 52812.0, 26971.0 ], [ 52835.0, 26971.0 ], [ 52858.0, 26971.0 ], [ 52881.0, 26994.0 ], [ 52904.0, 26994.0 ], [ 52927.0, 26994.0 ], [ 52950.0, 26994.0 ], [ 52973.0, 26994.0 ], [ 52997.0, 26994.0 ], [ 53020.0, 26994.0 ], [ 53043.0, 26994.0 ], [ 53066.0, 26994.0 ], [ 53089.0, 26994.0 ], [ 53112.0, 26994.0 ], [ 53135.0, 27017.0 ], [ 53158.0, 27017.0 ], [ 53181.0, 26994.0 ], [ 53204.0, 27017.0 ], [ 53227.0, 27017.0 ], [ 53250.0, 27017.0 ], [ 53273.0, 27017.0 ], [ 53296.0, 27017.0 ], [ 53319.0, 27017.0 ], [ 53342.0, 27017.0 ], [ 53365.0, 27017.0 ], [ 53388.0, 27017.0 ], [ 53411.0, 27017.0 ], [ 53434.0, 27017.0 ], [ 53458.0, 27017.0 ], [ 53481.0, 27017.0 ], [ 53504.0, 27017.0 ], [ 53527.0, 27017.0 ], [ 53550.0, 27017.0 ], [ 53573.0, 27017.0 ], [ 53596.0, 27017.0 ], [ 53619.0, 27017.0 ], [ 53642.0, 27017.0 ], [ 53665.0, 27017.0 ], [ 53688.0, 27017.0 ], [ 53711.0, 26994.0 ], [ 53734.0, 26994.0 ], [ 53757.0, 26994.0 ], [ 53780.0, 26994.0 ], [ 53803.0, 26994.0 ], [ 53826.0, 26971.0 ], [ 53849.0, 26971.0 ], [ 53872.0, 26971.0 ], [ 53896.0, 26971.0 ], [ 53919.0, 26971.0 ], [ 53942.0, 26948.0 ], [ 53965.0, 26948.0 ], [ 53988.0, 26948.0 ], [ 54011.0, 26948.0 ], [ 54034.0, 26924.0 ], [ 54057.0, 26901.0 ], [ 54080.0, 26878.0 ], [ 54103.0, 26878.0 ], [ 54126.0, 26878.0 ], [ 54149.0, 26855.0 ], [ 54172.0, 26832.0 ], [ 54172.0, 26809.0 ], [ 54195.0, 26786.0 ], [ 54218.0, 26786.0 ], [ 54241.0, 26763.0 ], [ 54241.0, 26740.0 ], [ 54241.0, 26717.0 ], [ 54218.0, 26694.0 ], [ 54241.0, 26671.0 ], [ 54241.0, 26648.0 ], [ 54264.0, 26625.0 ], [ 54287.0, 26602.0 ], [ 54310.0, 26625.0 ], [ 54334.0, 26648.0 ], [ 54334.0, 26625.0 ], [ 54334.0, 26602.0 ], [ 54334.0, 26579.0 ], [ 54334.0, 26556.0 ], [ 54334.0, 26533.0 ], [ 54357.0, 26510.0 ], [ 54380.0, 26486.0 ], [ 54380.0, 26463.0 ], [ 54357.0, 26440.0 ], [ 54334.0, 26417.0 ], [ 54334.0, 26394.0 ], [ 54357.0, 26371.0 ], [ 54357.0, 26348.0 ], [ 54357.0, 26325.0 ], [ 54380.0, 26302.0 ], [ 54380.0, 26279.0 ], [ 54403.0, 26256.0 ], [ 54426.0, 26233.0 ], [ 54426.0, 26210.0 ], [ 54449.0, 26187.0 ], [ 54472.0, 26164.0 ], [ 54472.0, 26141.0 ], [ 54495.0, 26118.0 ], [ 54495.0, 26095.0 ], [ 54518.0, 26072.0 ], [ 54541.0, 26048.0 ], [ 54541.0, 26025.0 ], [ 54564.0, 26002.0 ], [ 54564.0, 25979.0 ], [ 54587.0, 25956.0 ], [ 54610.0, 25933.0 ], [ 54633.0, 25933.0 ], [ 54656.0, 25910.0 ], [ 54679.0, 25887.0 ], [ 54702.0, 25887.0 ], [ 54725.0, 25864.0 ], [ 54748.0, 25841.0 ], [ 54772.0, 25818.0 ], [ 54795.0, 25818.0 ], [ 54818.0, 25818.0 ] ], [ [ 38520.0, 25518.0 ], [ 38543.0, 25495.0 ], [ 38566.0, 25495.0 ], [ 38589.0, 25495.0 ], [ 38612.0, 25495.0 ], [ 38635.0, 25495.0 ], [ 38658.0, 25495.0 ], [ 38681.0, 25495.0 ], [ 38704.0, 25518.0 ], [ 38727.0, 25495.0 ], [ 38750.0, 25518.0 ], [ 38773.0, 25518.0 ], [ 38796.0, 25518.0 ], [ 38819.0, 25495.0 ], [ 38842.0, 25495.0 ], [ 38866.0, 25495.0 ], [ 38889.0, 25495.0 ], [ 38912.0, 25518.0 ], [ 38935.0, 25518.0 ], [ 38958.0, 25518.0 ], [ 38981.0, 25495.0 ], [ 39004.0, 25495.0 ], [ 39027.0, 25495.0 ], [ 39050.0, 25495.0 ], [ 39073.0, 25495.0 ], [ 39096.0, 25518.0 ], [ 39119.0, 25518.0 ], [ 39142.0, 25518.0 ], [ 39165.0, 25518.0 ], [ 39188.0, 25518.0 ], [ 39211.0, 25518.0 ], [ 39234.0, 25518.0 ], [ 39257.0, 25518.0 ], [ 39280.0, 25518.0 ], [ 39303.0, 25518.0 ], [ 39327.0, 25518.0 ], [ 39350.0, 25518.0 ], [ 39373.0, 25518.0 ], [ 39396.0, 25518.0 ], [ 39419.0, 25518.0 ], [ 39442.0, 25518.0 ], [ 39465.0, 25518.0 ], [ 39488.0, 25518.0 ], [ 39511.0, 25518.0 ], [ 39534.0, 25518.0 ], [ 39557.0, 25518.0 ], [ 39580.0, 25518.0 ], [ 39603.0, 25518.0 ], [ 39626.0, 25541.0 ], [ 39649.0, 25541.0 ], [ 39672.0, 25541.0 ], [ 39695.0, 25541.0 ], [ 39718.0, 25541.0 ], [ 39741.0, 25541.0 ], [ 39765.0, 25541.0 ], [ 39788.0, 25541.0 ], [ 39811.0, 25541.0 ], [ 39834.0, 25541.0 ], [ 39857.0, 25541.0 ], [ 39880.0, 25541.0 ], [ 39903.0, 25541.0 ], [ 39926.0, 25541.0 ], [ 39949.0, 25541.0 ], [ 39972.0, 25541.0 ], [ 39995.0, 25541.0 ], [ 40018.0, 25541.0 ], [ 40041.0, 25541.0 ], [ 40064.0, 25541.0 ], [ 40087.0, 25541.0 ], [ 40110.0, 25541.0 ], [ 40133.0, 25541.0 ], [ 40156.0, 25541.0 ], [ 40179.0, 25541.0 ], [ 40203.0, 25541.0 ], [ 40226.0, 25541.0 ], [ 40249.0, 25541.0 ], [ 40272.0, 25541.0 ], [ 40295.0, 25541.0 ], [ 40318.0, 25541.0 ], [ 40341.0, 25541.0 ], [ 40364.0, 25541.0 ], [ 40387.0, 25541.0 ], [ 40410.0, 25541.0 ], [ 40433.0, 25541.0 ], [ 40456.0, 25541.0 ], [ 40479.0, 25541.0 ], [ 40502.0, 25541.0 ], [ 40525.0, 25541.0 ], [ 40548.0, 25541.0 ], [ 40571.0, 25541.0 ], [ 40594.0, 25541.0 ], [ 40617.0, 25541.0 ], [ 40641.0, 25541.0 ], [ 40664.0, 25541.0 ], [ 40687.0, 25541.0 ], [ 40710.0, 25564.0 ], [ 40733.0, 25564.0 ], [ 40756.0, 25564.0 ], [ 40779.0, 25564.0 ], [ 40802.0, 25564.0 ], [ 40825.0, 25564.0 ], [ 40848.0, 25564.0 ], [ 40871.0, 25564.0 ], [ 40894.0, 25564.0 ], [ 40917.0, 25564.0 ], [ 40940.0, 25564.0 ], [ 40963.0, 25564.0 ], [ 40986.0, 25564.0 ], [ 41009.0, 25564.0 ], [ 41032.0, 25564.0 ], [ 41055.0, 25587.0 ], [ 41079.0, 25587.0 ], [ 41102.0, 25587.0 ], [ 41125.0, 25587.0 ], [ 41148.0, 25587.0 ], [ 41171.0, 25587.0 ], [ 41194.0, 25587.0 ], [ 41217.0, 25587.0 ], [ 41240.0, 25587.0 ], [ 41263.0, 25587.0 ], [ 41286.0, 25587.0 ], [ 41309.0, 25587.0 ], [ 41332.0, 25610.0 ], [ 41355.0, 25610.0 ], [ 41378.0, 25610.0 ], [ 41401.0, 25610.0 ], [ 41424.0, 25610.0 ], [ 41447.0, 25610.0 ], [ 41470.0, 25610.0 ], [ 41493.0, 25610.0 ], [ 41517.0, 25634.0 ], [ 41540.0, 25634.0 ], [ 41563.0, 25634.0 ], [ 41586.0, 25634.0 ], [ 41609.0, 25634.0 ], [ 41632.0, 25657.0 ], [ 41655.0, 25657.0 ], [ 41678.0, 25657.0 ], [ 41701.0, 25657.0 ], [ 41724.0, 25680.0 ], [ 41747.0, 25680.0 ], [ 41770.0, 25680.0 ], [ 41793.0, 25680.0 ], [ 41816.0, 25703.0 ], [ 41839.0, 25703.0 ], [ 41862.0, 25703.0 ], [ 41885.0, 25726.0 ], [ 41908.0, 25726.0 ], [ 41931.0, 25726.0 ], [ 41954.0, 25749.0 ], [ 41978.0, 25749.0 ], [ 42001.0, 25772.0 ], [ 42024.0, 25772.0 ], [ 42047.0, 25772.0 ], [ 42070.0, 25795.0 ], [ 42093.0, 25795.0 ], [ 42116.0, 25818.0 ], [ 42139.0, 25818.0 ], [ 42162.0, 25841.0 ], [ 42185.0, 25841.0 ], [ 42208.0, 25864.0 ], [ 42231.0, 25864.0 ], [ 42254.0, 25864.0 ], [ 42277.0, 25887.0 ], [ 42300.0, 25887.0 ], [ 42323.0, 25910.0 ], [ 42346.0, 25910.0 ], [ 42369.0, 25933.0 ], [ 42392.0, 25933.0 ], [ 42416.0, 25956.0 ], [ 42439.0, 25956.0 ], [ 42462.0, 25956.0 ], [ 42485.0, 25979.0 ], [ 42508.0, 25979.0 ], [ 42531.0, 26002.0 ], [ 42554.0, 26002.0 ], [ 42577.0, 26002.0 ], [ 42600.0, 26002.0 ], [ 42623.0, 26025.0 ], [ 42646.0, 26025.0 ], [ 42669.0, 26048.0 ], [ 42669.0, 26072.0 ], [ 42669.0, 26095.0 ], [ 42646.0, 26118.0 ], [ 42623.0, 26118.0 ], [ 42600.0, 26141.0 ], [ 42577.0, 26141.0 ], [ 42554.0, 26141.0 ], [ 42531.0, 26164.0 ], [ 42508.0, 26164.0 ], [ 42485.0, 26164.0 ], [ 42462.0, 26164.0 ], [ 42439.0, 26164.0 ], [ 42416.0, 26164.0 ], [ 42392.0, 26164.0 ], [ 42369.0, 26164.0 ], [ 42346.0, 26187.0 ], [ 42323.0, 26187.0 ], [ 42300.0, 26187.0 ], [ 42277.0, 26187.0 ], [ 42254.0, 26210.0 ], [ 42231.0, 26233.0 ], [ 42208.0, 26233.0 ], [ 42185.0, 26233.0 ], [ 42162.0, 26233.0 ], [ 42139.0, 26256.0 ], [ 42116.0, 26256.0 ], [ 42093.0, 26256.0 ], [ 42070.0, 26256.0 ], [ 42047.0, 26279.0 ], [ 42024.0, 26279.0 ], [ 42001.0, 26279.0 ], [ 41978.0, 26279.0 ], [ 41954.0, 26302.0 ], [ 41931.0, 26302.0 ], [ 41908.0, 26302.0 ], [ 41885.0, 26302.0 ], [ 41862.0, 26325.0 ], [ 41839.0, 26325.0 ], [ 41816.0, 26325.0 ], [ 41793.0, 26325.0 ], [ 41770.0, 26325.0 ], [ 41747.0, 26325.0 ], [ 41724.0, 26325.0 ], [ 41701.0, 26348.0 ], [ 41678.0, 26325.0 ], [ 41655.0, 26325.0 ], [ 41632.0, 26325.0 ], [ 41609.0, 26348.0 ], [ 41586.0, 26325.0 ], [ 41563.0, 26325.0 ], [ 41540.0, 26325.0 ], [ 41517.0, 26325.0 ], [ 41493.0, 26325.0 ], [ 41470.0, 26325.0 ], [ 41447.0, 26348.0 ], [ 41424.0, 26325.0 ], [ 41401.0, 26325.0 ], [ 41378.0, 26325.0 ], [ 41355.0, 26325.0 ], [ 41332.0, 26325.0 ], [ 41309.0, 26325.0 ], [ 41286.0, 26325.0 ], [ 41263.0, 26325.0 ], [ 41240.0, 26325.0 ], [ 41217.0, 26325.0 ], [ 41194.0, 26302.0 ], [ 41171.0, 26302.0 ], [ 41148.0, 26325.0 ], [ 41125.0, 26325.0 ], [ 41102.0, 26325.0 ], [ 41079.0, 26302.0 ], [ 41055.0, 26302.0 ], [ 41032.0, 26302.0 ], [ 41009.0, 26302.0 ], [ 40986.0, 26302.0 ], [ 40963.0, 26302.0 ], [ 40940.0, 26279.0 ], [ 40917.0, 26279.0 ], [ 40894.0, 26279.0 ], [ 40871.0, 26279.0 ], [ 40848.0, 26279.0 ], [ 40825.0, 26279.0 ], [ 40802.0, 26279.0 ], [ 40779.0, 26256.0 ], [ 40756.0, 26256.0 ], [ 40733.0, 26256.0 ], [ 40710.0, 26256.0 ], [ 40687.0, 26256.0 ], [ 40664.0, 26256.0 ], [ 40641.0, 26233.0 ], [ 40617.0, 26233.0 ], [ 40594.0, 26233.0 ], [ 40571.0, 26233.0 ], [ 40548.0, 26233.0 ], [ 40525.0, 26233.0 ], [ 40502.0, 26233.0 ], [ 40479.0, 26233.0 ], [ 40456.0, 26233.0 ], [ 40433.0, 26210.0 ], [ 40410.0, 26210.0 ], [ 40387.0, 26210.0 ], [ 40364.0, 26210.0 ], [ 40341.0, 26210.0 ], [ 40318.0, 26210.0 ], [ 40295.0, 26210.0 ], [ 40272.0, 26187.0 ], [ 40249.0, 26187.0 ], [ 40226.0, 26187.0 ], [ 40203.0, 26187.0 ], [ 40179.0, 26187.0 ], [ 40156.0, 26187.0 ], [ 40133.0, 26187.0 ], [ 40110.0, 26164.0 ], [ 40087.0, 26187.0 ], [ 40064.0, 26187.0 ], [ 40041.0, 26187.0 ], [ 40018.0, 26187.0 ], [ 39995.0, 26164.0 ], [ 39972.0, 26164.0 ], [ 39949.0, 26164.0 ], [ 39926.0, 26164.0 ], [ 39903.0, 26164.0 ], [ 39880.0, 26164.0 ], [ 39857.0, 26164.0 ], [ 39834.0, 26164.0 ], [ 39811.0, 26164.0 ], [ 39788.0, 26164.0 ], [ 39765.0, 26141.0 ], [ 39741.0, 26141.0 ], [ 39718.0, 26141.0 ], [ 39695.0, 26141.0 ], [ 39672.0, 26141.0 ], [ 39649.0, 26141.0 ], [ 39626.0, 26141.0 ], [ 39603.0, 26141.0 ], [ 39580.0, 26118.0 ], [ 39557.0, 26118.0 ], [ 39534.0, 26118.0 ], [ 39511.0, 26118.0 ], [ 39488.0, 26118.0 ], [ 39465.0, 26118.0 ], [ 39442.0, 26118.0 ], [ 39419.0, 26095.0 ], [ 39396.0, 26095.0 ], [ 39373.0, 26095.0 ], [ 39350.0, 26095.0 ], [ 39327.0, 26095.0 ], [ 39303.0, 26095.0 ], [ 39280.0, 26072.0 ], [ 39257.0, 26072.0 ], [ 39234.0, 26072.0 ], [ 39211.0, 26072.0 ], [ 39188.0, 26072.0 ], [ 39165.0, 26072.0 ], [ 39142.0, 26072.0 ], [ 39119.0, 26072.0 ], [ 39096.0, 26048.0 ], [ 39073.0, 26048.0 ], [ 39050.0, 26048.0 ], [ 39027.0, 26048.0 ], [ 39004.0, 26048.0 ], [ 38981.0, 26048.0 ], [ 38958.0, 26048.0 ], [ 38935.0, 26025.0 ], [ 38912.0, 26025.0 ], [ 38889.0, 26025.0 ], [ 38866.0, 26025.0 ], [ 38842.0, 26025.0 ], [ 38819.0, 26025.0 ], [ 38796.0, 26025.0 ], [ 38773.0, 26002.0 ], [ 38750.0, 26002.0 ], [ 38727.0, 26002.0 ], [ 38704.0, 26002.0 ], [ 38681.0, 25979.0 ], [ 38658.0, 25979.0 ], [ 38635.0, 25979.0 ], [ 38612.0, 25979.0 ], [ 38589.0, 25979.0 ], [ 38566.0, 25956.0 ], [ 38543.0, 25979.0 ], [ 38520.0, 25956.0 ], [ 38497.0, 25956.0 ], [ 38474.0, 25956.0 ], [ 38451.0, 25956.0 ], [ 38428.0, 25956.0 ], [ 38404.0, 25933.0 ], [ 38381.0, 25933.0 ], [ 38358.0, 25933.0 ], [ 38335.0, 25933.0 ], [ 38312.0, 25933.0 ], [ 38289.0, 25910.0 ], [ 38266.0, 25910.0 ], [ 38243.0, 25910.0 ], [ 38220.0, 25910.0 ], [ 38197.0, 25910.0 ], [ 38174.0, 25887.0 ], [ 38151.0, 25887.0 ], [ 38128.0, 25864.0 ], [ 38105.0, 25864.0 ], [ 38082.0, 25864.0 ], [ 38059.0, 25864.0 ], [ 38036.0, 25887.0 ], [ 38013.0, 25887.0 ], [ 37990.0, 25887.0 ], [ 37966.0, 25887.0 ], [ 37943.0, 25887.0 ], [ 37920.0, 25910.0 ], [ 37897.0, 25887.0 ], [ 37897.0, 25864.0 ], [ 37920.0, 25841.0 ], [ 37897.0, 25818.0 ], [ 37897.0, 25795.0 ], [ 37897.0, 25772.0 ], [ 37897.0, 25749.0 ], [ 37920.0, 25726.0 ], [ 37943.0, 25703.0 ], [ 37943.0, 25680.0 ], [ 37943.0, 25657.0 ], [ 37966.0, 25634.0 ], [ 37990.0, 25634.0 ], [ 38013.0, 25634.0 ], [ 38036.0, 25610.0 ], [ 38059.0, 25610.0 ], [ 38082.0, 25587.0 ], [ 38105.0, 25587.0 ], [ 38128.0, 25564.0 ], [ 38151.0, 25564.0 ], [ 38174.0, 25564.0 ], [ 38197.0, 25541.0 ], [ 38220.0, 25541.0 ], [ 38243.0, 25541.0 ], [ 38266.0, 25541.0 ], [ 38289.0, 25518.0 ], [ 38312.0, 25518.0 ], [ 38335.0, 25518.0 ], [ 38358.0, 25518.0 ], [ 38381.0, 25518.0 ], [ 38404.0, 25518.0 ], [ 38428.0, 25518.0 ], [ 38451.0, 25518.0 ], [ 38474.0, 25518.0 ], [ 38497.0, 25518.0 ], [ 38520.0, 25518.0 ] ] ] } },
{ "type": "Feature", "properties": { "tissue_id": 1 }, "geometry": { "type": "Polygon", "coordinates": [ [ [ 36491.0, 1521.0 ], [ 36468.0, 1544.0 ], [ 36445.0, 1544.0 ], [ 36422.0, 1544.0 ], [ 36399.0, 1544.0 ], [ 36376.0, 1544.0 ], [ 36353.0, 1544.0 ], [ 36330.0, 1544.0 ], [ 36307.0, 1544.0 ], [ 36284.0, 1544.0 ], [ 36261.0, 1544.0 ], [ 36238.0, 1544.0 ], [ 36215.0, 1544.0 ], [ 36191.0, 1544.0 ], [ 36168.0, 1544.0 ], [ 36145.0, 1544.0 ], [ 36122.0, 1544.0 ], [ 36099.0, 1544.0 ], [ 36076.0, 1544.0 ], [ 36053.0, 1544.0 ], [ 36030.0, 1544.0 ], [ 36007.0, 1544.0 ], [ 35984.0, 1544.0 ], [ 35961.0, 1544.0 ], [ 35938.0, 1544.0 ], [ 35915.0, 1544.0 ], [ 35892.0, 1544.0 ], [ 35869.0, 1544.0 ], [ 35846.0, 1567.0 ], [ 35823.0, 1567.0 ], [ 35800.0, 1567.0 ], [ 35777.0, 1567.0 ], [ 35753.0, 1567.0 ], [ 35730.0, 1567.0 ], [ 35707.0, 1567.0 ], [ 35684.0, 1567.0 ], [ 35661.0, 1567.0 ], [ 35638.0, 1567.0 ], [ 35615.0, 1567.0 ], [ 35592.0, 1567.0 ], [ 35569.0, 1567.0 ], [ 35546.0, 1567.0 ], [ 35523.0, 1567.0 ], [ 35500.0, 1567.0 ], [ 35477.0, 1567.0 ], [ 35454.0, 1567.0 ], [ 35431.0, 1567.0 ], [ 35408.0, 1590.0 ], [ 35385.0, 1590.0 ], [ 35362.0, 1590.0 ], [ 35339.0, 1590.0 ], [ 35315.0, 1590.0 ], [ 35292.0, 1590.0 ], [ 35269.0, 1590.0 ], [ 35269.0, 1613.0 ], [ 35246.0, 1636.0 ], [ 35223.0, 1659.0 ], [ 35200.0, 1682.0 ], [ 35200.0, 1705.0 ], [ 35177.0, 1728.0 ], [ 35154.0, 1728.0 ], [ 35154.0, 1751.0 ], [ 35131.0, 1775.0 ], [ 35108.0, 1798.0 ], [ 35085.0, 1798.0 ], [ 35062.0, 1775.0 ], [ 35062.0, 1751.0 ], [ 35062.0, 1728.0 ], [ 35062.0, 1705.0 ], [ 35062.0, 1682.0 ], [ 35062.0, 1659.0 ], [ 35062.0, 1636.0 ], [ 35062.0, 1613.0 ], [ 35039.0, 1613.0 ], [ 35016.0, 1613.0 ], [ 34993.0, 1613.0 ], [ 34970.0, 1613.0 ], [ 34947.0, 1613.0 ], [ 34924.0, 1613.0 ], [ 34901.0, 1636.0 ], [ 34877.0, 1636.0 ], [ 34854.0, 1636.0 ], [ 34831.0, 1636.0 ], [ 34808.0, 1636.0 ], [ 34785.0, 1636.0 ], [ 34762.0, 1636.0 ], [ 34739.0, 1636.0 ], [ 34716.0, 1636.0 ], [ 34693.0, 1636.0 ], [ 34670.0, 1636.0 ], [ 34647.0, 1636.0 ], [ 34624.0, 1636.0 ], [ 34601.0, 1659.0 ], [ 34578.0, 1659.0 ], [ 34555.0, 1659.0 ], [ 34532.0, 1659.0 ], [ 34509.0, 1659.0 ], [ 34486.0, 1659.0 ], [ 34463.0, 1659.0 ], [ 34439.0, 1659.0 ], [ 34416.0, 1659.0 ], [ 34393.0, 1682.0 ], [ 34370.0, 1682.0 ], [ 34347.0, 1682.0 ], [ 34324.0, 1682.0 ], [ 34301.0, 1682.0 ], [ 34278.0, 1682.0 ], [ 34255.0, 1682.0 ], [ 34232.0, 1682.0 ], [ 34209.0, 1682.0 ], [ 34186.0, 1705.0 ], [ 34163.0, 1705.0 ], [ 34140.0, 1705.0 ], [ 34117.0, 1705.0 ], [ 34094.0, 1705.0 ], [ 34071.0, 1705.0 ], [ 34048.0, 1705.0 ], [ 34025.0, 1728.0 ], [ 34001.0, 1728.0 ], [ 33978.0, 1728.0 ], [ 33955.0, 1728.0 ], [ 33932.0, 1728.0 ], [ 33909.0, 1728.0 ], [ 33886.0, 1728.0 ], [ 33863.0, 1728.0 ], [ 33840.0, 1728.0 ], [ 33817.0, 1751.0 ], [ 33794.0, 1751.0 ], [ 33771.0, 1751.0 ], [ 33748.0, 1751.0 ], [ 33725.0, 1751.0 ], [ 33702.0, 1751.0 ], [ 33679.0, 1751.0 ], [ 33656.0, 1751.0 ], [ 33633.0, 1775.0 ], [ 33610.0, 1775.0 ], [ 33587.0, 1775.0 ], [ 33563.0, 1775.0 ], [ 33540.0, 1775.0 ], [ 33517.0, 1775.0 ], [ 33494.0, 1775.0 ], [ 33471.0, 1775.0 ], [ 33448.0, 1798.0 ], [ 33425.0, 1798.0 ], [ 33402.0, 1798.0 ], [ 33379.0, 1798.0 ], [ 33356.0, 1798.0 ], [ 33333.0, 1798.0 ], [ 33310.0, 1798.0 ], [ 33287.0, 1798.0 ], [ 33264.0, 1798.0 ], [ 33241.0, 1821.0 ], [ 33218.0, 1821.0 ], [ 33195.0, 1821.0 ], [ 33172.0, 1821.0 ], [ 33149.0, 1821.0 ], [ 33126.0, 1821.0 ], [ 33102.0, 1821.0 ], [ 33079.0, 1844.0 ], [ 33056.0, 1844.0 ], [ 33033.0, 1844.0 ], [ 33010.0, 1844.0 ], [ 32987.0, 1844.0 ], [ 32964.0, 1844.0 ], [ 32941.0, 1844.0 ], [ 32918.0, 1867.0 ], [ 32895.0, 1867.0 ], [ 32872.0, 1867.0 ], [ 32849.0, 1867.0 ], [ 32826.0, 1867.0 ], [ 32803.0, 1867.0 ], [ 32780.0, 1867.0 ], [ 32757.0, 1867.0 ], [ 32734.0, 1890.0 ], [ 32711.0, 1890.0 ], [ 32688.0, 1890.0 ], [ 32664.0, 1890.0 ], [ 32641.0, 1890.0 ], [ 32618.0, 1890.0 ], [ 32595.0, 1890.0 ], [ 32572.0, 1913.0 ], [ 32549.0, 1913.0 ], [ 32526.0, 1913.0 ], [ 32503.0, 1913.0 ], [ 32480.0, 1913.0 ], [ 32457.0, 1913.0 ], [ 32434.0, 1913.0 ], [ 32411.0, 1936.0 ], [ 32388.0, 1936.0 ], [ 32365.0, 1936.0 ], [ 32342.0, 1936.0 ], [ 32319.0, 1936.0 ], [ 32296.0, 1936.0 ], [ 32273.0, 1936.0 ], [ 32250.0, 1936.0 ], [ 32226.0, 1959.0 ], [ 32203.0, 1959.0 ], [ 32180.0, 1959.0 ], [ 32157.0, 1959.0 ], [ 32134.0, 1959.0 ], [ 32111.0, 1959.0 ], [ 32088.0, 1959.0 ], [ 32065.0, 1982.0 ], [ 32042.0, 1982.0 ], [ 32019.0, 1982.0 ], [ 31996.0, 1982.0 ], [ 31996.0, 2005.0 ], [ 31996.0, 2028.0 ], [ 31973.0, 2051.0 ], [ 31950.0, 2051.0 ], [ 31927.0, 2051.0 ], [ 31904.0, 2051.0 ], [ 31881.0, 2051.0 ], [ 31858.0, 2051.0 ], [ 31835.0, 2051.0 ], [ 31812.0, 2051.0 ], [ 31788.0, 2051.0 ], [ 31765.0, 2051.0 ], [ 31742.0, 2051.0 ], [ 31719.0, 2051.0 ], [ 31696.0, 2051.0 ], [ 31673.0, 2051.0 ], [ 31650.0, 2051.0 ], [ 31627.0, 2051.0 ], [ 31604.0, 2051.0 ], [ 31581.0, 2051.0 ], [ 31558.0, 2051.0 ], [ 31535.0, 2051.0 ], [ 31512.0, 2051.0 ], [ 31489.0, 2051.0 ], [ 31466.0, 2051.0 ], [ 31443.0, 2051.0 ], [ 31420.0, 2051.0 ], [ 31397.0, 2051.0 ], [ 31374.0, 2051.0 ], [ 31350.0, 2074.0 ], [ 31327.0, 2074.0 ], [ 31304.0, 2074.0 ], [ 31281.0, 2074.0 ], [ 31258.0, 2074.0 ], [ 31235.0, 2074.0 ], [ 31212.0, 2097.0 ], [ 31189.0, 2097.0 ], [ 31166.0, 2097.0 ], [ 31143.0, 2097.0 ], [ 31120.0, 2097.0 ], [ 31097.0, 2097.0 ], [ 31074.0, 2097.0 ], [ 31051.0, 2097.0 ], [ 31028.0, 2120.0 ], [ 31005.0, 2120.0 ], [ 30982.0, 2120.0 ], [ 30959.0, 2120.0 ], [ 30936.0, 2120.0 ], [ 30912.0, 2120.0 ], [ 30889.0, 2143.0 ], [ 30866.0, 2143.0 ], [ 30843.0, 2143.0 ], [ 30820.0, 2143.0 ], [ 30797.0, 2143.0 ], [ 30774.0, 2166.0 ], [ 30751.0, 2166.0 ], [ 30728.0, 2166.0 ], [ 30705.0, 2166.0 ], [ 30682.0, 2166.0 ], [ 30659.0, 2166.0 ], [ 30636.0, 2189.0 ], [ 30613.0, 2189.0 ], [ 30590.0, 2189.0 ], [ 30567.0, 2189.0 ], [ 30544.0, 2189.0 ], [ 30521.0, 2213.0 ], [ 30498.0, 2213.0 ], [ 30475.0, 2213.0 ], [ 30451.0, 2213.0 ], [ 30428.0, 2213.0 ], [ 30405.0, 2213.0 ], [ 30382.0, 2236.0 ], [ 30359.0, 2236.0 ], [ 30336.0, 2236.0 ], [ 30313.0, 2236.0 ], [ 30290.0, 2236.0 ], [ 30267.0, 2259.0 ], [ 30244.0, 2259.0 ], [ 30221.0, 2259.0 ], [ 30198.0, 2259.0 ], [ 30175.0, 2259.0 ], [ 30152.0, 2282.0 ], [ 30129.0, 2282.0 ], [ 30106.0, 2282.0 ], [ 30083.0, 2282.0 ], [ 30060.0, 2305.0 ], [ 30037.0, 2305.0 ], [ 30013.0, 2305.0 ], [ 29990.0, 2305.0 ], [ 29967.0, 2305.0 ], [ 29944.0, 2305.0 ], [ 29921.0, 2328.0 ], [ 29898.0, 2328.0 ], [ 29875.0, 2328.0 ], [ 29852.0, 2328.0 ], [ 29829.0, 2328.0 ], [ 29806.0, 2351.0 ], [ 29783.0, 2351.0 ], [ 29760.0, 2351.0 ], [ 29737.0, 2351.0 ], [ 29714.0, 2351.0 ], [ 29691.0, 2374.0 ], [ 29668.0, 2374.0 ], [ 29645.0, 2374.0 ], [ 29622.0, 2374.0 ], [ 29599.0, 2374.0 ], [ 29575.0, 2397.0 ], [ 29552.0, 2397.0 ], [ 29529.0, 2397.0 ], [ 29506.0, 2397.0 ], [ 29483.0, 2397.0 ], [ 29460.0, 2420.0 ], [ 29437.0, 2420.0 ], [ 29414.0, 2420.0 ], [ 29391.0, 2420.0 ], [ 29368.0, 2420.0 ], [ 29345.0, 2443.0 ], [ 29322.0, 2443.0 ], [ 29299.0, 2443.0 ], [ 29276.0, 2443.0 ], [ 29253.0, 2443.0 ], [ 29230.0, 2466.0 ], [ 29207.0, 2466.0 ], [ 29184.0, 2466.0 ], [ 29161.0, 2466.0 ], [ 29137.0, 2489.0 ], [ 29114.0, 2489.0 ], [ 29091.0, 2489.0 ], [ 29068.0, 2489.0 ], [ 29045.0, 2489.0 ], [ 29022.0, 2512.0 ], [ 28999.0, 2512.0 ], [ 28976.0, 2512.0 ], [ 28953.0, 2512.0 ], [ 28930.0, 2535.0 ], [ 28907.0, 2535.0 ], [ 28884.0, 2535.0 ], [ 28861.0, 2535.0 ], [ 28838.0, 2535.0 ], [ 28815.0, 2558.0 ], [ 28792.0, 2558.0 ], [ 28769.0, 2558.0 ], [ 28746.0, 2558.0 ], [ 28723.0, 2581.0 ], [ 28699.0, 2581.0 ], [ 28676.0, 2581.0 ], [ 28653.0, 2581.0 ], [ 28630.0, 2581.0 ], [ 28607.0, 2604.0 ], [ 28584.0, 2604.0 ], [ 28561.0, 2604.0 ], [ 28538.0, 2604.0 ], [ 28515.0, 2627.0 ], [ 28492.0, 2627.0 ], [ 28469.0, 2627.0 ], [ 28446.0, 2627.0 ], [ 28423.0, 2627.0 ], [ 28400.0, 2651.0 ], [ 28377.0, 2651.0 ], [ 28354.0, 2651.0 ], [ 28331.0, 2651.0 ], [ 28308.0, 2651.0 ], [ 28285.0, 2674.0 ], [ 28261.0, 2674.0 ], [ 28238.0, 2674.0 ], [ 28215.0, 2697.0 ], [ 28192.0, 2697.0 ], [ 28169.0, 2697.0 ], [ 28146.0, 2697.0 ], [ 28123.0, 2720.0 ], [ 28100.0, 2720.0 ], [ 28077.0, 2720.0 ], [ 28054.0, 2720.0 ], [ 28031.0, 2743.0 ], [ 28008.0, 2743.0 ], [ 27985.0, 2743.0 ], [ 27962.0, 2743.0 ], [ 27939.0, 2766.0 ], [ 27916.0, 2766.0 ], [ 27893.0, 2766.0 ], [ 27870.0, 2766.0 ], [ 27847.0, 2789.0 ], [ 27824.0, 2789.0 ], [ 27800.0, 2789.0 ], [ 27777.0, 2789.0 ], [ 27754.0, 2812.0 ], [ 27731.0, 2812.0 ], [ 27708.0, 2812.0 ], [ 27685.0, 2812.0 ], [ 27662.0, 2835.0 ], [ 27639.0, 2835.0 ], [ 27616.0, 2835.0 ], [ 27593.0, 2835.0 ], [ 27570.0, 2858.0 ], [ 27547.0, 2858.0 ], [ 27524.0, 2858.0 ], [ 27501.0, 2881.0 ], [ 27478.0, 2881.0 ], [ 27455.0, 2881.0 ], [ 27432.0, 2881.0 ], [ 27409.0, 2904.0 ], [ 27386.0, 2904.0 ], [ 27362.0, 2904.0 ], [ 27339.0, 2904.0 ], [ 27316.0, 2927.0 ], [ 27293.0, 2927.0 ], [ 27270.0, 2927.0 ], [ 27247.0, 2927.0 ], [ 27224.0, 2950.0 ], [ 27201.0, 2950.0 ], [ 27178.0, 2950.0 ], [ 27155.0, 2950.0 ], [ 27132.0, 2973.0 ], [ 27109.0, 2973.0 ], [ 27086.0, 2973.0 ], [ 27063.0, 2996.0 ], [ 27040.0, 2996.0 ], [ 27017.0, 2996.0 ], [ 26994.0, 2996.0 ], [ 26971.0, 3019.0 ], [ 26948.0, 3019.0 ], [ 26924.0, 3019.0 ], [ 26901.0, 3042.0 ], [ 26878.0, 3042.0 ], [ 26855.0, 3042.0 ], [ 26832.0, 3042.0 ], [ 26855.0, 3065.0 ], [ 26832.0, 3088.0 ], [ 26809.0, 3088.0 ], [ 26786.0, 3088.0 ], [ 26763.0, 3088.0 ], [ 26740.0, 3088.0 ], [ 26717.0, 3088.0 ], [ 26694.0, 3088.0 ], [ 26671.0, 3088.0 ], [ 26648.0, 3112.0 ], [ 26625.0, 3112.0 ], [ 26602.0, 3112.0 ], [ 26579.0, 3135.0 ], [ 26556.0, 3135.0 ], [ 26533.0, 3135.0 ], [ 26510.0, 3135.0 ], [ 26486.0, 3158.0 ], [ 26463.0, 3158.0 ], [ 26440.0, 3158.0 ], [ 26417.0, 3181.0 ], [ 26394.0, 3181.0 ], [ 26371.0, 3181.0 ], [ 26348.0, 3181.0 ], [ 26325.0, 3204.0 ], [ 26302.0, 3204.0 ], [ 26279.0, 3204.0 ], [ 26256.0, 3227.0 ], [ 26233.0, 3227.0 ], [ 26210.0, 3227.0 ], [ 26187.0, 3250.0 ], [ 26164.0, 3250.0 ], [ 26141.0, 3250.0 ], [ 26118.0, 3250.0 ], [ 26095.0, 3273.0 ], [ 26072.0, 3273.0 ], [ 26048.0, 3273.0 ], [ 26025.0, 3296.0 ], [ 26002.0, 3296.0 ], [ 25979.0, 3296.0 ], [ 25956.0, 3319.0 ], [ 25933.0, 3319.0 ], [ 25910.0, 3319.0 ], [ 25887.0, 3342.0 ], [ 25864.0, 3342.0 ], [ 25841.0, 3342.0 ], [ 25818.0, 3365.0 ], [ 25795.0, 3365.0 ], [ 25772.0, 3365.0 ], [ 25749.0, 3388.0 ], [ 25726.0, 3388.0 ], [ 25703.0, 3388.0 ], [ 25680.0, 3411.0 ], [ 25657.0, 3411.0 ], [ 25634.0, 3411.0 ], [ 25610.0, 3434.0 ], [ 25587.0, 3434.0 ], [ 25564.0, 3434.0 ], [ 25541.0, 3457.0 ], [ 25518.0, 3457.0 ], [ 25495.0, 3480.0 ], [ 25472.0, 3480.0 ], [ 25449.0, 3480.0 ], [ 25426.0, 3480.0 ], [ 25403.0, 3503.0 ], [ 25380.0, 3503.0 ], [ 25357.0, 3526.0 ], [ 25334.0, 3526.0 ], [ 25311.0, 3526.0 ], [ 25288.0, 3550.0 ], [ 25265.0, 3550.0 ], [ 25242.0, 3573.0 ], [ 25219.0, 3573.0 ], [ 25196.0, 3573.0 ], [ 25172.0, 3596.0 ], [ 25149.0, 3596.0 ], [ 25126.0, 3596.0 ], [ 25103.0, 3619.0 ], [ 25080.0, 3619.0 ], [ 25057.0, 3619.0 ], [ 25034.0, 3642.0 ], [ 25011.0, 3642.0 ], [ 24988.0, 3642.0 ], [ 24965.0, 3665.0 ], [ 24942.0, 3665.0 ], [ 24919.0, 3688.0 ], [ 24896.0, 3688.0 ], [ 24873.0, 3688.0 ], [ 24850.0, 3711.0 ], [ 24827.0, 3711.0 ], [ 24804.0, 3711.0 ], [ 24781.0, 3734.0 ], [ 24758.0, 3734.0 ], [ 24735.0, 3734.0 ], [ 24711.0, 3757.0 ], [ 24688.0, 3757.0 ], [ 24665.0, 3780.0 ], [ 24642.0, 3780.0 ], [ 24619.0, 3780.0 ], [ 24596.0, 3803.0 ], [ 24573.0, 3803.0 ], [ 24550.0, 3803.0 ], [ 24527.0, 3826.0 ], [ 24504.0, 3826.0 ], [ 24481.0, 3826.0 ], [ 24458.0, 3849.0 ], [ 24435.0, 3849.0 ], [ 24412.0, 3849.0 ], [ 24389.0, 3872.0 ], [ 24366.0, 3872.0 ], [ 24343.0, 3895.0 ], [ 24320.0, 3895.0 ], [ 24297.0, 3895.0 ], [ 24273.0, 3918.0 ], [ 24250.0, 3918.0 ], [ 24227.0, 3918.0 ], [ 24204.0, 3941.0 ], [ 24181.0, 3941.0 ], [ 24158.0, 3941.0 ], [ 24135.0, 3964.0 ], [ 24112.0, 3964.0 ], [ 24089.0, 3988.0 ], [ 24066.0, 3988.0 ], [ 24043.0, 3988.0 ], [ 24020.0, 4011.0 ], [ 23997.0, 4011.0 ], [ 23974.0, 4034.0 ], [ 23951.0, 4034.0 ], [ 23928.0, 4034.0 ], [ 23905.0, 4057.0 ], [ 23882.0, 4080.0 ], [ 23882.0, 4103.0 ], [ 23859.0, 4126.0 ], [ 23835.0, 4126.0 ], [ 23812.0, 4126.0 ], [ 23789.0, 4126.0 ], [ 23766.0, 4126.0 ], [ 23743.0, 4126.0 ], [ 23720.0, 4126.0 ], [ 23697.0, 4126.0 ], [ 23674.0, 4149.0 ], [ 23651.0, 4149.0 ], [ 23628.0, 4149.0 ], [ 23605.0, 4172.0 ], [ 23582.0, 4172.0 ], [ 23559.0, 4195.0 ], [ 23536.0, 4195.0 ], [ 23513.0, 4195.0 ], [ 23490.0, 4218.0 ], [ 23467.0, 4218.0 ], [ 23444.0, 4241.0 ], [ 23421.0, 4241.0 ], [ 23397.0, 4264.0 ], [ 23374.0, 4264.0 ], [ 23351.0, 4264.0 ], [ 23328.0, 4287.0 ], [ 23305.0, 4287.0 ], [ 23282.0, 4310.0 ], [ 23259.0, 4310.0 ], [ 23236.0, 4310.0 ], [ 23213.0, 4333.0 ], [ 23190.0, 4333.0 ], [ 23167.0, 4356.0 ], [ 23144.0, 4356.0 ], [ 23121.0, 4356.0 ], [ 23098.0, 4379.0 ], [ 23075.0, 4379.0 ], [ 23052.0, 4402.0 ], [ 23029.0, 4402.0 ], [ 23006.0, 4426.0 ], [ 22983.0, 4426.0 ], [ 22959.0, 4426.0 ], [ 22936.0, 4449.0 ], [ 22913.0, 4449.0 ], [ 22890.0, 4472.0 ], [ 22867.0, 4472.0 ], [ 22844.0, 4495.0 ], [ 22821.0, 4495.0 ], [ 22798.0, 4495.0 ], [ 22775.0, 4518.0 ], [ 22752.0, 4518.0 ], [ 22729.0, 4541.0 ], [ 22706.0, 4541.0 ], [ 22683.0, 4564.0 ], [ 22660.0, 4564.0 ], [ 22637.0, 4587.0 ], [ 22614.0, 4587.0 ], [ 22591.0, 4610.0 ], [ 22568.0, 4610.0 ], [ 22545.0, 4610.0 ], [ 22521.0, 4633.0 ], [ 22498.0, 4633.0 ], [ 22475.0, 4656.0 ], [ 22452.0, 4656.0 ], [ 22429.0, 4679.0 ], [ 22406.0, 4679.0 ], [ 22383.0, 4679.0 ], [ 22360.0, 4702.0 ], [ 22337.0, 4702.0 ], [ 22314.0, 4725.0 ], [ 22291.0, 4725.0 ], [ 22268.0, 4748.0 ], [ 22245.0, 4748.0 ], [ 22222.0, 4771.0 ], [ 22199.0, 4771.0 ], [ 22176.0, 4771.0 ], [ 22153.0, 4794.0 ], [ 22130.0, 4794.0 ], [ 22107.0, 4817.0 ], [ 22084.0, 4817.0 ], [ 22060.0, 4840.0 ], [ 22037.0, 4840.0 ], [ 22014.0, 4840.0 ], [ 21991.0, 4864.0 ], [ 21968.0, 4864.0 ], [ 21945.0, 4887.0 ], [ 21922.0, 4887.0 ], [ 21899.0, 4910.0 ], [ 21876.0, 4910.0 ], [ 21853.0, 4933.0 ], [ 21830.0, 4933.0 ], [ 21807.0, 4933.0 ], [ 21784.0, 4956.0 ], [ 21761.0, 4956.0 ], [ 21738.0, 4979.0 ], [ 21715.0, 4979.0 ], [ 21692.0, 5002.0 ], [ 21669.0, 5002.0 ], [ 21669.0, 5025.0 ], [ 21669.0, 5048.0 ], [ 21669.0, 5071.0 ], [ 21669.0, 5094.0 ], [ 21669.0, 5117.0 ], [ 21669.0, 5140.0 ], [ 21646.0, 5163.0 ], [ 21622.0, 5163.0 ], [ 21599.0, 5163.0 ], [ 21576.0, 5163.0 ], [ 21553.0, 5163.0 ], [ 21530.0, 5163.0 ], [ 21507.0, 5163.0 ], [ 21484.0, 5163.0 ], [ 21461.0, 5163.0 ], [ 21438.0, 5163.0 ], [ 21415.0, 5163.0 ], [ 21392.0, 5163.0 ], [ 21369.0, 5163.0 ], [ 21346.0, 5163.0 ], [ 21323.0, 5163.0 ], [ 21300.0, 5186.0 ], [ 21277.0, 5186.0 ], [ 21254.0, 5209.0 ], [ 21231.0, 5209.0 ], [ 21208.0, 5232.0 ], [ 21184.0, 5232.0 ], [ 21161.0, 5255.0 ], [ 21138.0, 5255.0 ], [ 21115.0, 5278.0 ], [ 21092.0, 5278.0 ], [ 21069.0, 5302.0 ], [ 21046.0, 5302.0 ], [ 21023.0, 5325.0 ], [ 21000.0, 5325.0 ], [ 20977.0, 5348.0 ], [ 20954.0, 5348.0 ], [ 20931.0, 5371.0 ], [ 20908.0, 5371.0 ], [ 20885.0, 5394.0 ], [ 20862.0, 5394.0 ], [ 20839.0, 5417.0 ], [ 20816.0, 5417.0 ], [ 20793.0, 5440.0 ], [ 20770.0, 5440.0 ], [ 20746.0, 5463.0 ], [ 20723.0, 5463.0 ], [ 20700.0, 5463.0 ], [ 20677.0, 5486.0 ], [ 20654.0, 5486.0 ], [ 20631.0, 5509.0 ], [ 20608.0, 5509.0 ], [ 20585.0, 5532.0 ], [ 20562.0, 5532.0 ], [ 20539.0, 5555.0 ], [ 20516.0, 5555.0 ], [ 20493.0, 5578.0 ], [ 20470.0, 5578.0 ], [ 20447.0, 5601.0 ], [ 20424.0, 5601.0 ], [ 20401.0, 5601.0 ], [ 20378.0, 5624.0 ], [ 20355.0, 5624.0 ], [ 20332.0, 5647.0 ], [ 20308.0, 5647.0 ], [ 20285.0, 5670.0 ], [ 20262.0, 5670.0 ], [ 20239.0, 5693.0 ], [ 20216.0, 5693.0 ], [ 20193.0, 5716.0 ], [ 20170.0, 5716.0 ], [ 20147.0, 5739.0 ], [ 20124.0, 5739.0 ], [ 20101.0, 5763.0 ], [ 20078.0, 5763.0 ], [ 20055.0, 5786.0 ], [ 20032.0, 5786.0 ], [ 20009.0, 5786.0 ], [ 19986.0, 5809.0 ], [ 19963.0, 5809.0 ], [ 19940.0, 5832.0 ], [ 19917.0, 5832.0 ], [ 19894.0, 5855.0 ], [ 19870.0, 5855.0 ], [ 19847.0, 5878.0 ], [ 19824.0, 5878.0 ], [ 19801.0, 5901.0 ], [ 19778.0, 5901.0 ], [ 19755.0, 5924.0 ], [ 19732.0, 5924.0 ], [ 19709.0, 5947.0 ], [ 19686.0, 5947.0 ], [ 19663.0, 5947.0 ], [ 19640.0, 5970.0 ], [ 19617.0, 5993.0 ], [ 19617.0, 6016.0 ], [ 19617.0, 6039.0 ], [ 19617.0, 6062.0 ], [ 19617.0, 6085.0 ], [ 19617.0, 6108.0 ], [ 19617.0, 6131.0 ], [ 19617.0, 6154.0 ], [ 19617.0, 6177.0 ], [ 19594.0, 6201.0 ], [ 19571.0, 6201.0 ], [ 19548.0, 6201.0 ], [ 19525.0, 6201.0 ], [ 19502.0, 6201.0 ], [ 19479.0, 6201.0 ], [ 19456.0, 6201.0 ], [ 19433.0, 6201.0 ], [ 19409.0, 6201.0 ], [ 19386.0, 6201.0 ], [ 19363.0, 6201.0 ], [ 19340.0, 6201.0 ], [ 19317.0, 6201.0 ], [ 19294.0, 6201.0 ], [ 19271.0, 6201.0 ], [ 19248.0, 6201.0 ], [ 19225.0, 6201.0 ], [ 19202.0, 6201.0 ], [ 19179.0, 6201.0 ], [ 19156.0, 6201.0 ], [ 19133.0, 6224.0 ], [ 19110.0, 6224.0 ], [ 19087.0, 6247.0 ], [ 19064.0, 6247.0 ], [ 19041.0, 6270.0 ], [ 19018.0, 6270.0 ], [ 18995.0, 6293.0 ], [ 18971.0, 6293.0 ], [ 18948.0, 6316.0 ], [ 18925.0, 6316.0 ], [ 18902.0, 6339.0 ], [ 18879.0, 6339.0 ], [ 18856.0, 6362.0 ], [ 18833.0, 6362.0 ], [ 18810.0, 6385.0 ], [ 18787.0, 6385.0 ], [ 18764.0, 6408.0 ], [ 18741.0, 6408.0 ], [ 18718.0, 6431.0 ], [ 18695.0, 6454.0 ], [ 18672.0, 6454.0 ], [ 18649.0, 6477.0 ], [ 18626.0, 6477.0 ], [ 18603.0, 6477.0 ], [ 18580.0, 6500.0 ], [ 18557.0, 6500.0 ], [ 18533.0, 6523.0 ], [ 18510.0, 6523.0 ], [ 18487.0, 6546.0 ], [ 18464.0, 6546.0 ], [ 18441.0, 6569.0 ], [ 18418.0, 6569.0 ], [ 18395.0, 6592.0 ], [ 18372.0, 6592.0 ], [ 18349.0, 6615.0 ], [ 18326.0, 6615.0 ], [ 18303.0, 6639.0 ], [ 18280.0, 6639.0 ], [ 18257.0, 6662.0 ], [ 18234.0, 6662.0 ], [ 18211.0, 6685.0 ], [ 18188.0, 6685.0 ], [ 18165.0, 6708.0 ], [ 18142.0, 6731.0 ], [ 18119.0, 6731.0 ], [ 18095.0, 6754.0 ], [ 18072.0, 6754.0 ], [ 18049.0, 6777.0 ], [ 18026.0, 6777.0 ], [ 18003.0, 6800.0 ], [ 17980.0, 6800.0 ], [ 17957.0, 6823.0 ], [ 17934.0, 6823.0 ], [ 17911.0, 6846.0 ], [ 17888.0, 6869.0 ], [ 17865.0, 6869.0 ], [ 17842.0, 6892.0 ], [ 17819.0, 6892.0 ], [ 17796.0, 6915.0 ], [ 17773.0, 6915.0 ], [ 17750.0, 6938.0 ], [ 17727.0, 6938.0 ], [ 17704.0, 6961.0 ], [ 17681.0, 6961.0 ], [ 17657.0, 6984.0 ], [ 17634.0, 6984.0 ], [ 17611.0, 7007.0 ], [ 17588.0, 7007.0 ], [ 17565.0, 7030.0 ], [ 17542.0, 7030.0 ], [ 17542.0, 7053.0 ], [ 17542.0, 7077.0 ], [ 17542.0, 7100.0 ], [ 17542.0, 7123.0 ], [ 17542.0, 7146.0 ], [ 17542.0, 7169.0 ], [ 17542.0, 7192.0 ], [ 17519.0, 7215.0 ], [ 17496.0, 7215.0 ], [ 17473.0, 7215.0 ], [ 17450.0, 7215.0 ], [ 17427.0, 7215.0 ], [ 17404.0, 7215.0 ], [ 17381.0, 7215.0 ], [ 17358.0, 7215.0 ], [ 17335.0, 7215.0 ], [ 17312.0, 7215.0 ], [ 17289.0, 7215.0 ], [ 17266.0, 7215.0 ], [ 17243.0, 7215.0 ], [ 17219.0, 7215.0 ], [ 17196.0, 7238.0 ], [ 17173.0, 7261.0 ], [ 17150.0, 7261.0 ], [ 17127.0, 7284.0 ], [ 17104.0, 7284.0 ], [ 17081.0, 7307.0 ], [ 17058.0, 7307.0 ], [ 17035.0, 7330.0 ], [ 17012.0, 7353.0 ], [ 16989.0, 7353.0 ], [ 16966.0, 7376.0 ], [ 16943.0, 7376.0 ], [ 16920.0, 7399.0 ], [ 16897.0, 7422.0 ], [ 16874.0, 7422.0 ], [ 16851.0, 7445.0 ], [ 16828.0, 7445.0 ], [ 16805.0, 7468.0 ], [ 16781.0, 7468.0 ], [ 16758.0, 7491.0 ], [ 16735.0, 7515.0 ], [ 16712.0, 7515.0 ], [ 16689.0, 7538.0 ], [ 16666.0, 7538.0 ], [ 16643.0, 7561.0 ], [ 16620.0, 7584.0 ], [ 16597.0, 7584.0 ], [ 16574.0, 7607.0 ], [ 16551.0, 7630.0 ], [ 16528.0, 7630.0 ], [ 16505.0, 7653.0 ], [ 16482.0, 7653.0 ], [ 16459.0, 7676.0 ], [ 16436.0, 7676.0 ], [ 16413.0, 7699.0 ], [ 16390.0, 7722.0 ], [ 16367.0, 7722.0 ], [ 16344.0, 7745.0 ], [ 16320.0, 7745.0 ], [ 16297.0, 7768.0 ], [ 16274.0, 7768.0 ], [ 16251.0, 7791.0 ], [ 16228.0, 7814.0 ], [ 16205.0, 7814.0 ], [ 16182.0, 7837.0 ], [ 16159.0, 7837.0 ], [ 16136.0, 7860.0 ], [ 16113.0, 7860.0 ], [ 16090.0, 7883.0 ], [ 16067.0, 7906.0 ], [ 16044.0, 7906.0 ], [ 16021.0, 7929.0 ], [ 15998.0, 7929.0 ], [ 15975.0, 7953.0 ], [ 15952.0, 7953.0 ], [ 15929.0, 7976.0 ], [ 15906.0, 7999.0 ], [ 15882.0, 7999.0 ], [ 15859.0, 8022.0 ], [ 15836.0, 8022.0 ], [ 15813.0, 8045.0 ], [ 15790.0, 8045.0 ], [ 15767.0, 8068.0 ], [ 15744.0, 8068.0 ], [ 15721.0, 8091.0 ], [ 15698.0, 8114.0 ], [ 15675.0, 8114.0 ], [ 15652.0, 8137.0 ], [ 15629.0, 8137.0 ], [ 15606.0, 8160.0 ], [ 15583.0, 8160.0 ], [ 15560.0, 8183.0 ], [ 15537.0, 8183.0 ], [ 15514.0, 8206.0 ], [ 15491.0, 8206.0 ], [ 15491.0, 8229.0 ], [ 15468.0, 8252.0 ], [ 15444.0, 8252.0 ], [ 15421.0, 8252.0 ], [ 15398.0, 8275.0 ], [ 15375.0, 8275.0 ], [ 15352.0, 8298.0 ], [ 15329.0, 8321.0 ], [ 15306.0, 8321.0 ], [ 15283.0, 8344.0 ], [ 15260.0, 8344.0 ], [ 15237.0, 8367.0 ], [ 15214.0, 8367.0 ], [ 15191.0, 8390.0 ], [ 15168.0, 8414.0 ], [ 15145.0, 8414.0 ], [ 15122.0, 8437.0 ], [ 15099.0, 8437.0 ], [ 15076.0, 8460.0 ], [ 15053.0, 8483.0 ], [ 15030.0, 8483.0 ], [ 15006.0, 8506.0 ], [ 14983.0, 8506.0 ], [ 14960.0, 8529.0 ], [ 14937.0, 8552.0 ], [ 14914.0, 8552.0 ], [ 14891.0, 8575.0 ], [ 14868.0, 8598.0 ], [ 14845.0, 8598.0 ], [ 14822.0, 8621.0 ], [ 14799.0, 8644.0 ], [ 14776.0, 8644.0 ], [ 14753.0, 8667.0 ], [ 14730.0, 8667.0 ], [ 14707.0, 8690.0 ], [ 14684.0, 8690.0 ], [ 14661.0, 8713.0 ], [ 14638.0, 8736.0 ], [ 14615.0, 8736.0 ], [ 14592.0, 8759.0 ], [ 14568.0, 8782.0 ], [ 14545.0, 8782.0 ], [ 14522.0, 8805.0 ], [ 14499.0, 8828.0 ], [ 14476.0, 8828.0 ], [ 14453.0, 8852.0 ], [ 14430.0, 8875.0 ], [ 14407.0, 8875.0 ], [ 14384.0, 8898.0 ], [ 14361.0, 8898.0 ], [ 14338.0, 8921.0 ], [ 14315.0, 8921.0 ], [ 14292.0, 8944.0 ], [ 14269.0, 8944.0 ], [ 14246.0, 8967.0 ], [ 14223.0, 8990.0 ], [ 14200.0, 8990.0 ], [ 14177.0, 9013.0 ], [ 14154.0, 9013.0 ], [ 14130.0, 9036.0 ], [ 14107.0, 9036.0 ], [ 14084.0, 9059.0 ], [ 14061.0, 9059.0 ], [ 14038.0, 9082.0 ], [ 14015.0, 9082.0 ], [ 13992.0, 9105.0 ], [ 13969.0, 9105.0 ], [ 13946.0, 9128.0 ], [ 13923.0, 9128.0 ], [ 13900.0, 9151.0 ], [ 13877.0, 9151.0 ], [ 13854.0, 9174.0 ], [ 13831.0, 9174.0 ], [ 13808.0, 9197.0 ], [ 13785.0, 9220.0 ], [ 13762.0, 9220.0 ], [ 13739.0, 9243.0 ], [ 13716.0, 9243.0 ], [ 13693.0, 9266.0 ], [ 13669.0, 9290.0 ], [ 13646.0, 9290.0 ], [ 13623.0, 9290.0 ], [ 13600.0, 9313.0 ], [ 13577.0, 9336.0 ], [ 13554.0, 9336.0 ], [ 13531.0, 9359.0 ], [ 13508.0, 9359.0 ], [ 13485.0, 9382.0 ], [ 13462.0, 9405.0 ], [ 13439.0, 9405.0 ], [ 13416.0, 9428.0 ], [ 13393.0, 9451.0 ], [ 13370.0, 9451.0 ], [ 13347.0, 9474.0 ], [ 13324.0, 9474.0 ], [ 13301.0, 9497.0 ], [ 13278.0, 9520.0 ], [ 13255.0, 9520.0 ], [ 13231.0, 9543.0 ], [ 13208.0, 9566.0 ], [ 13185.0, 9566.0 ], [ 13162.0, 9589.0 ], [ 13139.0, 9612.0 ], [ 13116.0, 9635.0 ], [ 13093.0, 9635.0 ], [ 13070.0, 9658.0 ], [ 13047.0, 9681.0 ], [ 13024.0, 9681.0 ], [ 13001.0, 9704.0 ], [ 12978.0, 9728.0 ], [ 12955.0, 9751.0 ], [ 12932.0, 9751.0 ], [ 12909.0, 9774.0 ], [ 12886.0, 9797.0 ], [ 12863.0, 9820.0 ], [ 12840.0, 9820.0 ], [ 12817.0, 9843.0 ], [ 12793.0, 9866.0 ], [ 12770.0, 9889.0 ], [ 12747.0, 9912.0 ], [ 12724.0, 9935.0 ], [ 12701.0, 9935.0 ], [ 12678.0, 9958.0 ], [ 12655.0, 9981.0 ], [ 12632.0, 9981.0 ], [ 12609.0, 10004.0 ], [ 12586.0, 10027.0 ], [ 12563.0, 10027.0 ], [ 12540.0, 10050.0 ], [ 12517.0, 10073.0 ], [ 12494.0, 10073.0 ], [ 12471.0, 10096.0 ], [ 12448.0, 10119.0 ], [ 12425.0, 10142.0 ], [ 12402.0, 10142.0 ], [ 12379.0, 10166.0 ], [ 12379.0, 10189.0 ], [ 12379.0, 10212.0 ], [ 12379.0, 10235.0 ], [ 12379.0, 10258.0 ], [ 12379.0, 10281.0 ], [ 12379.0, 10304.0 ], [ 12355.0, 10327.0 ], [ 12332.0, 10327.0 ], [ 12309.0, 10327.0 ], [ 12286.0, 10327.0 ], [ 12263.0, 10327.0 ], [ 12240.0, 10327.0 ], [ 12217.0, 10327.0 ], [ 12194.0, 10350.0 ], [ 12171.0, 10373.0 ], [ 12171.0, 10396.0 ], [ 12148.0, 10419.0 ], [ 12125.0, 10442.0 ], [ 12125.0, 10465.0 ], [ 12102.0, 10488.0 ], [ 12102.0, 10511.0 ], [ 12102.0, 10534.0 ], [ 12102.0, 10557.0 ], [ 12079.0, 10580.0 ], [ 12079.0, 10604.0 ], [ 12079.0, 10627.0 ], [ 12079.0, 10650.0 ], [ 12079.0, 10673.0 ], [ 12079.0, 10696.0 ], [ 12102.0, 10719.0 ], [ 12102.0, 10742.0 ], [ 12102.0, 10765.0 ], [ 12125.0, 10788.0 ], [ 12125.0, 10811.0 ], [ 12125.0, 10834.0 ], [ 12148.0, 10857.0 ], [ 12148.0, 10880.0 ], [ 12171.0, 10903.0 ], [ 12194.0, 10926.0 ], [ 12217.0, 10926.0 ], [ 12240.0, 10926.0 ], [ 12263.0, 10949.0 ], [ 12286.0, 10949.0 ], [ 12309.0, 10949.0 ], [ 12332.0, 10949.0 ], [ 12355.0, 10949.0 ], [ 12379.0, 10949.0 ], [ 12402.0, 10949.0 ], [ 12425.0, 10949.0 ], [ 12448.0, 10949.0 ], [ 12471.0, 10949.0 ], [ 12494.0, 10949.0 ], [ 12517.0, 10949.0 ], [ 12540.0, 10949.0 ], [ 12563.0, 10949.0 ], [ 12586.0, 10949.0 ], [ 12609.0, 10949.0 ], [ 12632.0, 10949.0 ], [ 12655.0, 10949.0 ], [ 12678.0, 10949.0 ], [ 12701.0, 10949.0 ], [ 12724.0, 10949.0 ], [ 12747.0, 10949.0 ], [ 12770.0, 10949.0 ], [ 12793.0, 10949.0 ], [ 12817.0, 10949.0 ], [ 12840.0, 10949.0 ], [ 12863.0, 10949.0 ], [ 12886.0, 10949.0 ], [ 12909.0, 10949.0 ], [ 12932.0, 10949.0 ], [ 12955.0, 10949.0 ], [ 12978.0, 10949.0 ], [ 13001.0, 10949.0 ], [ 13024.0, 10949.0 ], [ 13047.0, 10949.0 ], [ 13070.0, 10949.0 ], [ 13093.0, 10949.0 ], [ 13116.0, 10949.0 ], [ 13139.0, 10949.0 ], [ 13162.0, 10926.0 ], [ 13185.0, 10926.0 ], [ 13208.0, 10926.0 ], [ 13231.0, 10926.0 ], [ 13255.0, 10926.0 ], [ 13278.0, 10926.0 ], [ 13301.0, 10926.0 ], [ 13324.0, 10926.0 ], [ 13347.0, 10926.0 ], [ 13370.0, 10926.0 ], [ 13393.0, 10926.0 ], [ 13416.0, 10903.0 ], [ 13439.0, 10903.0 ], [ 13462.0, 10903.0 ], [ 13485.0, 10903.0 ], [ 13508.0, 10903.0 ], [ 13531.0, 10903.0 ], [ 13554.0, 10903.0 ], [ 13577.0, 10903.0 ], [ 13600.0, 10903.0 ], [ 13623.0, 10903.0 ], [ 13646.0, 10903.0 ], [ 13669.0, 10903.0 ], [ 13693.0, 10903.0 ], [ 13716.0, 10903.0 ], [ 13739.0, 10903.0 ], [ 13762.0, 10903.0 ], [ 13785.0, 10903.0 ], [ 13808.0, 10903.0 ], [ 13831.0, 10903.0 ], [ 13854.0, 10903.0 ], [ 13877.0, 10903.0 ], [ 13900.0, 10903.0 ], [ 13923.0, 10903.0 ], [ 13946.0, 10903.0 ], [ 13969.0, 10903.0 ], [ 13992.0, 10903.0 ], [ 14015.0, 10903.0 ], [ 14038.0, 10903.0 ], [ 14061.0, 10880.0 ], [ 14084.0, 10903.0 ], [ 14107.0, 10880.0 ], [ 14130.0, 10880.0 ], [ 14154.0, 10880.0 ], [ 14177.0, 10880.0 ], [ 14200.0, 10880.0 ], [ 14223.0, 10880.0 ], [ 14246.0, 10880.0 ], [ 14269.0, 10880.0 ], [ 14292.0, 10880.0 ], [ 14315.0, 10880.0 ], [ 14338.0, 10880.0 ], [ 14361.0, 10880.0 ], [ 14384.0, 10880.0 ], [ 14407.0, 10880.0 ], [ 14430.0, 10880.0 ], [ 14453.0, 10880.0 ], [ 14476.0, 10880.0 ], [ 14499.0, 10880.0 ], [ 14522.0, 10880.0 ], [ 14545.0, 10880.0 ], [ 14568.0, 10880.0 ], [ 14592.0, 10880.0 ], [ 14615.0, 10880.0 ], [ 14638.0, 10880.0 ], [ 14661.0, 10880.0 ], [ 14684.0, 10880.0 ], [ 14707.0, 10880.0 ], [ 14730.0, 10880.0 ], [ 14753.0, 10880.0 ], [ 14776.0, 10903.0 ], [ 14799.0, 10903.0 ], [ 14822.0, 10903.0 ], [ 14845.0, 10903.0 ], [ 14868.0, 10903.0 ], [ 14891.0, 10903.0 ], [ 14914.0, 10903.0 ], [ 14937.0, 10903.0 ], [ 14960.0, 10903.0 ], [ 14983.0, 10903.0 ], [ 15006.0, 10903.0 ], [ 15030.0, 10903.0 ], [ 15053.0, 10903.0 ], [ 15076.0, 10903.0 ], [ 15099.0, 10903.0 ], [ 15122.0, 10903.0 ], [ 15145.0, 10903.0 ], [ 15168.0, 10903.0 ], [ 15191.0, 10880.0 ], [ 15214.0, 10880.0 ], [ 15237.0, 10903.0 ], [ 15260.0, 10903.0 ], [ 15283.0, 10903.0 ], [ 15306.0, 10903.0 ], [ 15329.0, 10903.0 ], [ 15352.0, 10903.0 ], [ 15375.0, 10903.0 ], [ 15398.0, 10903.0 ], [ 15421.0, 10903.0 ], [ 15444.0, 10903.0 ], [ 15468.0, 10903.0 ], [ 15491.0, 10903.0 ], [ 15514.0, 10903.0 ], [ 15537.0, 10903.0 ], [ 15560.0, 10903.0 ], [ 15583.0, 10903.0 ], [ 15606.0, 10903.0 ], [ 15629.0, 10903.0 ], [ 15652.0, 10903.0 ], [ 15675.0, 10903.0 ], [ 15698.0, 10903.0 ], [ 15721.0, 10903.0 ], [ 15744.0, 10903.0 ], [ 15767.0, 10903.0 ], [ 15790.0, 10903.0 ], [ 15813.0, 10903.0 ], [ 15836.0, 10903.0 ], [ 15859.0, 10903.0 ], [ 15882.0, 10903.0 ], [ 15906.0, 10903.0 ], [ 15929.0, 10903.0 ], [ 15952.0, 10903.0 ], [ 15975.0, 10903.0 ], [ 15998.0, 10903.0 ], [ 16021.0, 10903.0 ], [ 16044.0, 10903.0 ], [ 16067.0, 10903.0 ], [ 16090.0, 10903.0 ], [ 16113.0, 10903.0 ], [ 16136.0, 10903.0 ], [ 16159.0, 10903.0 ], [ 16182.0, 10903.0 ], [ 16205.0, 10903.0 ], [ 16228.0, 10926.0 ], [ 16251.0, 10926.0 ], [ 16274.0, 10926.0 ], [ 16297.0, 10926.0 ], [ 16320.0, 10926.0 ], [ 16344.0, 10926.0 ], [ 16367.0, 10926.0 ], [ 16390.0, 10926.0 ], [ 16413.0, 10926.0 ], [ 16436.0, 10926.0 ], [ 16459.0, 10926.0 ], [ 16482.0, 10926.0 ], [ 16505.0, 10926.0 ], [ 16528.0, 10926.0 ], [ 16551.0, 10926.0 ], [ 16574.0, 10926.0 ], [ 16597.0, 10926.0 ], [ 16620.0, 10926.0 ], [ 16643.0, 10926.0 ], [ 16666.0, 10949.0 ], [ 16689.0, 10949.0 ], [ 16712.0, 10926.0 ], [ 16735.0, 10949.0 ], [ 16758.0, 10949.0 ], [ 16781.0, 10949.0 ], [ 16805.0, 10949.0 ], [ 16828.0, 10949.0 ], [ 16851.0, 10949.0 ], [ 16874.0, 10949.0 ], [ 16897.0, 10949.0 ], [ 16920.0, 10949.0 ], [ 16943.0, 10949.0 ], [ 16966.0, 10949.0 ], [ 16989.0, 10949.0 ], [ 17012.0, 10949.0 ], [ 17035.0, 10949.0 ], [ 17058.0, 10949.0 ], [ 17081.0, 10949.0 ], [ 17104.0, 10949.0 ], [ 17127.0, 10949.0 ], [ 17150.0, 10949.0 ], [ 17173.0, 10949.0 ], [ 17196.0, 10949.0 ], [ 17219.0, 10949.0 ], [ 17243.0, 10949.0 ], [ 17266.0, 10949.0 ], [ 17289.0, 10949.0 ], [ 17312.0, 10949.0 ], [ 17335.0, 10949.0 ], [ 17358.0, 10949.0 ], [ 17381.0, 10949.0 ], [ 17404.0, 10949.0 ], [ 17427.0, 10949.0 ], [ 17450.0, 10949.0 ], [ 17473.0, 10949.0 ], [ 17496.0, 10949.0 ], [ 17519.0, 10949.0 ], [ 17542.0, 10949.0 ], [ 17565.0, 10949.0 ], [ 17588.0, 10949.0 ], [ 17611.0, 10949.0 ], [ 17634.0, 10949.0 ], [ 17657.0, 10949.0 ], [ 17681.0, 10949.0 ], [ 17704.0, 10949.0 ], [ 17727.0, 10949.0 ], [ 17750.0, 10972.0 ], [ 17773.0, 10972.0 ], [ 17796.0, 10972.0 ], [ 17819.0, 10972.0 ], [ 17842.0, 10972.0 ], [ 17865.0, 10972.0 ], [ 17888.0, 10972.0 ], [ 17911.0, 10972.0 ], [ 17934.0, 10972.0 ], [ 17957.0, 10972.0 ], [ 17980.0, 10972.0 ], [ 18003.0, 10972.0 ], [ 18026.0, 10972.0 ], [ 18049.0, 10972.0 ], [ 18072.0, 10972.0 ], [ 18095.0, 10972.0 ], [ 18119.0, 10972.0 ], [ 18142.0, 10995.0 ], [ 18165.0, 10995.0 ], [ 18188.0, 10995.0 ], [ 18211.0, 10995.0 ], [ 18234.0, 10995.0 ], [ 18257.0, 10995.0 ], [ 18280.0, 10995.0 ], [ 18303.0, 10995.0 ], [ 18326.0, 10995.0 ], [ 18349.0, 10995.0 ], [ 18372.0, 10995.0 ], [ 18395.0, 10995.0 ], [ 18418.0, 11018.0 ], [ 18441.0, 10995.0 ], [ 18464.0, 10995.0 ], [ 18487.0, 11018.0 ], [ 18510.0, 11018.0 ], [ 18533.0, 11018.0 ], [ 18557.0, 11018.0 ], [ 18580.0, 11018.0 ], [ 18603.0, 11018.0 ], [ 18626.0, 11018.0 ], [ 18649.0, 11018.0 ], [ 18672.0, 11018.0 ], [ 18695.0, 11018.0 ], [ 18718.0, 11018.0 ], [ 18741.0, 11018.0 ], [ 18764.0, 11018.0 ], [ 18787.0, 11018.0 ], [ 18810.0, 11042.0 ], [ 18833.0, 11042.0 ], [ 18856.0, 11042.0 ], [ 18879.0, 11042.0 ], [ 18902.0, 11042.0 ], [ 18925.0, 11042.0 ], [ 18948.0, 11042.0 ], [ 18971.0, 11042.0 ], [ 18995.0, 11042.0 ], [ 19018.0, 11042.0 ], [ 19041.0, 11065.0 ], [ 19064.0, 11065.0 ], [ 19087.0, 11065.0 ], [ 19110.0, 11065.0 ], [ 19133.0, 11065.0 ], [ 19156.0, 11065.0 ], [ 19179.0, 11065.0 ], [ 19202.0, 11065.0 ], [ 19225.0, 11065.0 ], [ 19248.0, 11065.0 ], [ 19271.0, 11065.0 ], [ 19294.0, 11065.0 ], [ 19317.0, 11088.0 ], [ 19340.0, 11088.0 ], [ 19363.0, 11088.0 ], [ 19386.0, 11088.0 ], [ 19409.0, 11088.0 ], [ 19433.0, 11088.0 ], [ 19456.0, 11088.0 ], [ 19479.0, 11088.0 ], [ 19502.0, 11088.0 ], [ 19525.0, 11111.0 ], [ 19548.0, 11111.0 ], [ 19571.0, 11111.0 ], [ 19594.0, 11111.0 ], [ 19617.0, 11111.0 ], [ 19640.0, 11111.0 ], [ 19663.0, 11111.0 ], [ 19686.0, 11111.0 ], [ 19709.0, 11111.0 ], [ 19732.0, 11134.0 ], [ 19755.0, 11134.0 ], [ 19778.0, 11134.0 ], [ 19801.0, 11134.0 ], [ 19824.0, 11134.0 ], [ 19847.0, 11134.0 ], [ 19870.0, 11134.0 ], [ 19894.0, 11134.0 ], [ 19917.0, 11157.0 ], [ 19940.0, 11157.0 ], [ 19963.0, 11157.0 ], [ 19986.0, 11157.0 ], [ 20009.0, 11157.0 ], [ 20032.0, 11157.0 ], [ 20055.0, 11157.0 ], [ 20078.0, 11157.0 ], [ 20101.0, 11157.0 ], [ 20124.0, 11157.0 ], [ 20147.0, 11157.0 ], [ 20170.0, 11157.0 ], [ 20193.0, 11157.0 ], [ 20216.0, 11157.0 ], [ 20239.0, 11157.0 ], [ 20262.0, 11180.0 ], [ 20285.0, 11180.0 ], [ 20308.0, 11180.0 ], [ 20332.0, 11180.0 ], [ 20355.0, 11180.0 ], [ 20378.0, 11180.0 ], [ 20401.0, 11180.0 ], [ 20424.0, 11180.0 ], [ 20447.0, 11180.0 ], [ 20470.0, 11203.0 ], [ 20493.0, 11203.0 ], [ 20516.0, 11203.0 ], [ 20539.0, 11203.0 ], [ 20562.0, 11203.0 ], [ 20585.0, 11226.0 ], [ 20608.0, 11226.0 ], [ 20631.0, 11226.0 ], [ 20654.0, 11226.0 ], [ 20677.0, 11226.0 ], [ 20700.0, 11226.0 ], [ 20723.0, 11249.0 ], [ 20746.0, 11249.0 ], [ 20770.0, 11249.0 ], [ 20793.0, 11249.0 ], [ 20816.0, 11249.0 ], [ 20839.0, 11272.0 ], [ 20862.0, 11272.0 ], [ 20885.0, 11272.0 ], [ 20908.0, 11272.0 ], [ 20931.0, 11272.0 ], [ 20954.0, 11295.0 ], [ 20977.0, 11295.0 ], [ 21000.0, 11295.0 ], [ 21023.0, 11295.0 ], [ 21046.0, 11295.0 ], [ 21069.0, 11318.0 ], [ 21092.0, 11318.0 ], [ 21115.0, 11318.0 ], [ 21138.0, 11341.0 ], [ 21161.0, 11341.0 ], [ 21184.0, 11341.0 ], [ 21208.0, 11341.0 ], [ 21231.0, 11341.0 ], [ 21254.0, 11341.0 ], [ 21277.0, 11341.0 ], [ 21300.0, 11341.0 ], [ 21323.0, 11341.0 ], [ 21346.0, 11341.0 ], [ 21369.0, 11341.0 ], [ 21392.0, 11341.0 ], [ 21415.0, 11341.0 ], [ 21438.0, 11341.0 ], [ 21461.0, 11341.0 ], [ 21484.0, 11341.0 ], [ 21507.0, 11341.0 ], [ 21530.0, 11341.0 ], [ 21553.0, 11341.0 ], [ 21576.0, 11341.0 ], [ 21599.0, 11341.0 ], [ 21622.0, 11341.0 ], [ 21646.0, 11341.0 ], [ 21669.0, 11364.0 ], [ 21669.0, 11387.0 ], [ 21669.0, 11410.0 ], [ 21669.0, 11433.0 ], [ 21692.0, 11433.0 ], [ 21715.0, 11456.0 ], [ 21738.0, 11456.0 ], [ 21761.0, 11456.0 ], [ 21784.0, 11456.0 ], [ 21807.0, 11456.0 ], [ 21830.0, 11479.0 ], [ 21853.0, 11479.0 ], [ 21876.0, 11479.0 ], [ 21899.0, 11479.0 ], [ 21922.0, 11479.0 ], [ 21945.0, 11503.0 ], [ 21968.0, 11503.0 ], [ 21991.0, 11503.0 ], [ 22014.0, 11503.0 ], [ 22037.0, 11503.0 ], [ 22060.0, 11503.0 ], [ 22084.0, 11526.0 ], [ 22107.0, 11526.0 ], [ 22130.0, 11526.0 ], [ 22153.0, 11526.0 ], [ 22176.0, 11526.0 ], [ 22199.0, 11549.0 ], [ 22222.0, 11549.0 ], [ 22245.0, 11549.0 ], [ 22268.0, 11549.0 ], [ 22291.0, 11549.0 ], [ 22314.0, 11572.0 ], [ 22337.0, 11572.0 ], [ 22360.0, 11572.0 ], [ 22383.0, 11572.0 ], [ 22406.0, 11572.0 ], [ 22429.0, 11595.0 ], [ 22452.0, 11595.0 ], [ 22475.0, 11595.0 ], [ 22498.0, 11595.0 ], [ 22521.0, 11618.0 ], [ 22545.0, 11618.0 ], [ 22568.0, 11618.0 ], [ 22591.0, 11618.0 ], [ 22614.0, 11641.0 ], [ 22637.0, 11641.0 ], [ 22660.0, 11641.0 ], [ 22683.0, 11641.0 ], [ 22706.0, 11641.0 ], [ 22729.0, 11664.0 ], [ 22752.0, 11664.0 ], [ 22775.0, 11664.0 ], [ 22798.0, 11664.0 ], [ 22821.0, 11664.0 ], [ 22844.0, 11687.0 ], [ 22867.0, 11687.0 ], [ 22890.0, 11687.0 ], [ 22913.0, 11687.0 ], [ 22936.0, 11710.0 ], [ 22959.0, 11710.0 ], [ 22983.0, 11710.0 ], [ 23006.0, 11710.0 ], [ 23029.0, 11710.0 ], [ 23052.0, 11733.0 ], [ 23075.0, 11733.0 ], [ 23098.0, 11756.0 ], [ 23121.0, 11756.0 ], [ 23144.0, 11756.0 ], [ 23167.0, 11756.0 ], [ 23190.0, 11756.0 ], [ 23213.0, 11779.0 ], [ 23236.0, 11779.0 ], [ 23259.0, 11779.0 ], [ 23282.0, 11779.0 ], [ 23305.0, 11802.0 ], [ 23328.0, 11802.0 ], [ 23351.0, 11802.0 ], [ 23374.0, 11825.0 ], [ 23397.0, 11825.0 ], [ 23421.0, 11825.0 ], [ 23444.0, 11825.0 ], [ 23467.0, 11825.0 ], [ 23490.0, 11848.0 ], [ 23513.0, 11848.0 ], [ 23536.0, 11848.0 ], [ 23559.0, 11848.0 ], [ 23582.0, 11871.0 ], [ 23605.0, 11871.0 ], [ 23628.0, 11871.0 ], [ 23651.0, 11894.0 ], [ 23674.0, 11894.0 ], [ 23697.0, 11894.0 ], [ 23720.0, 11894.0 ], [ 23743.0, 11917.0 ], [ 23766.0, 11917.0 ], [ 23789.0, 11917.0 ], [ 23812.0, 11917.0 ], [ 23835.0, 11941.0 ], [ 23859.0, 11941.0 ], [ 23882.0, 11941.0 ], [ 23905.0, 11964.0 ], [ 23928.0, 11964.0 ], [ 23951.0, 11964.0 ], [ 23974.0, 11964.0 ], [ 23997.0, 11987.0 ], [ 24020.0, 11987.0 ], [ 24043.0, 11987.0 ], [ 24066.0, 12010.0 ], [ 24089.0, 12010.0 ], [ 24112.0, 12010.0 ], [ 24135.0, 12010.0 ], [ 24158.0, 12033.0 ], [ 24181.0, 12033.0 ], [ 24204.0, 12033.0 ], [ 24227.0, 12056.0 ], [ 24250.0, 12056.0 ], [ 24273.0, 12056.0 ], [ 24297.0, 12079.0 ], [ 24320.0, 12079.0 ], [ 24343.0, 12079.0 ], [ 24366.0, 12079.0 ], [ 24389.0, 12079.0 ], [ 24412.0, 12102.0 ], [ 24435.0, 12102.0 ], [ 24458.0, 12102.0 ], [ 24481.0, 12125.0 ], [ 24504.0, 12125.0 ], [ 24527.0, 12125.0 ], [ 24550.0, 12125.0 ], [ 24573.0, 12148.0 ], [ 24596.0, 12148.0 ], [ 24619.0, 12148.0 ], [ 24642.0, 12171.0 ], [ 24665.0, 12171.0 ], [ 24688.0, 12171.0 ], [ 24711.0, 12171.0 ], [ 24735.0, 12194.0 ], [ 24758.0, 12194.0 ], [ 24781.0, 12194.0 ], [ 24804.0, 12217.0 ], [ 24827.0, 12217.0 ], [ 24850.0, 12217.0 ], [ 24873.0, 12217.0 ], [ 24896.0, 12240.0 ], [ 24919.0, 12240.0 ], [ 24942.0, 12240.0 ], [ 24965.0, 12240.0 ], [ 24988.0, 12240.0 ], [ 25011.0, 12240.0 ], [ 25034.0, 12263.0 ], [ 25057.0, 12263.0 ], [ 25080.0, 12263.0 ], [ 25103.0, 12286.0 ], [ 25126.0, 12286.0 ], [ 25149.0, 12286.0 ], [ 25172.0, 12309.0 ], [ 25196.0, 12309.0 ], [ 25219.0, 12332.0 ], [ 25242.0, 12332.0 ], [ 25265.0, 12332.0 ], [ 25288.0, 12355.0 ], [ 25311.0, 12355.0 ], [ 25334.0, 12355.0 ], [ 25357.0, 12355.0 ], [ 25380.0, 12355.0 ], [ 25403.0, 12355.0 ], [ 25426.0, 12355.0 ], [ 25449.0, 12355.0 ], [ 25472.0, 12355.0 ], [ 25495.0, 12355.0 ], [ 25518.0, 12355.0 ], [ 25541.0, 12355.0 ], [ 25564.0, 12355.0 ], [ 25587.0, 12355.0 ], [ 25610.0, 12355.0 ], [ 25634.0, 12355.0 ], [ 25657.0, 12355.0 ], [ 25680.0, 12355.0 ], [ 25703.0, 12355.0 ], [ 25726.0, 12355.0 ], [ 25749.0, 12355.0 ], [ 25772.0, 12355.0 ], [ 25795.0, 12379.0 ], [ 25795.0, 12402.0 ], [ 25795.0, 12425.0 ], [ 25795.0, 12448.0 ], [ 25795.0, 12471.0 ], [ 25795.0, 12494.0 ], [ 25795.0, 12517.0 ], [ 25818.0, 12517.0 ], [ 25841.0, 12540.0 ], [ 25864.0, 12540.0 ], [ 25887.0, 12540.0 ], [ 25910.0, 12563.0 ], [ 25910.0, 12586.0 ], [ 25933.0, 12586.0 ], [ 25956.0, 12563.0 ], [ 25979.0, 12586.0 ], [ 26002.0, 12586.0 ], [ 26025.0, 12586.0 ], [ 26048.0, 12586.0 ], [ 26072.0, 12609.0 ], [ 26095.0, 12609.0 ], [ 26118.0, 12609.0 ], [ 26141.0, 12609.0 ], [ 26164.0, 12632.0 ], [ 26187.0, 12632.0 ], [ 26210.0, 12632.0 ], [ 26233.0, 12655.0 ], [ 26256.0, 12655.0 ], [ 26279.0, 12655.0 ], [ 26302.0, 12678.0 ], [ 26325.0, 12678.0 ], [ 26348.0, 12678.0 ], [ 26371.0, 12701.0 ], [ 26394.0, 12701.0 ], [ 26417.0, 12701.0 ], [ 26440.0, 12701.0 ], [ 26463.0, 12724.0 ], [ 26486.0, 12724.0 ], [ 26510.0, 12724.0 ], [ 26533.0, 12747.0 ], [ 26556.0, 12747.0 ], [ 26579.0, 12747.0 ], [ 26602.0, 12747.0 ], [ 26625.0, 12747.0 ], [ 26648.0, 12770.0 ], [ 26671.0, 12770.0 ], [ 26694.0, 12770.0 ], [ 26717.0, 12770.0 ], [ 26740.0, 12793.0 ], [ 26763.0, 12793.0 ], [ 26786.0, 12793.0 ], [ 26809.0, 12793.0 ], [ 26832.0, 12793.0 ], [ 26855.0, 12793.0 ], [ 26878.0, 12793.0 ], [ 26901.0, 12817.0 ], [ 26924.0, 12817.0 ], [ 26948.0, 12840.0 ], [ 26971.0, 12840.0 ], [ 26994.0, 12863.0 ], [ 27017.0, 12863.0 ], [ 27040.0, 12863.0 ], [ 27063.0, 12886.0 ], [ 27086.0, 12886.0 ], [ 27109.0, 12909.0 ], [ 27132.0, 12909.0 ], [ 27155.0, 12909.0 ], [ 27178.0, 12932.0 ], [ 27201.0, 12932.0 ], [ 27224.0, 12955.0 ], [ 27247.0, 12955.0 ], [ 27270.0, 12955.0 ], [ 27293.0, 12955.0 ], [ 27316.0, 12978.0 ], [ 27339.0, 12978.0 ], [ 27362.0, 12978.0 ], [ 27386.0, 13001.0 ], [ 27409.0, 13001.0 ], [ 27432.0, 13001.0 ], [ 27455.0, 13024.0 ], [ 27478.0, 13024.0 ], [ 27501.0, 13024.0 ], [ 27524.0, 13047.0 ], [ 27547.0, 13047.0 ], [ 27570.0, 13047.0 ], [ 27593.0, 13070.0 ], [ 27616.0, 13070.0 ], [ 27639.0, 13070.0 ], [ 27662.0, 13093.0 ], [ 27685.0, 13093.0 ], [ 27708.0, 13116.0 ], [ 27731.0, 13116.0 ], [ 27754.0, 13116.0 ], [ 27777.0, 13139.0 ], [ 27800.0, 13162.0 ], [ 27824.0, 13162.0 ], [ 27847.0, 13162.0 ], [ 27870.0, 13185.0 ], [ 27893.0, 13185.0 ], [ 27916.0, 13208.0 ], [ 27939.0, 13208.0 ], [ 27962.0, 13231.0 ], [ 27985.0, 13231.0 ], [ 28008.0, 13255.0 ], [ 28031.0, 13255.0 ], [ 28054.0, 13278.0 ], [ 28077.0, 13278.0 ], [ 28100.0, 13278.0 ], [ 28123.0, 13301.0 ], [ 28146.0, 13301.0 ], [ 28169.0, 13324.0 ], [ 28192.0, 13324.0 ], [ 28215.0, 13324.0 ], [ 28238.0, 13347.0 ], [ 28261.0, 13347.0 ], [ 28285.0, 13347.0 ], [ 28308.0, 13370.0 ], [ 28331.0, 13370.0 ], [ 28354.0, 13393.0 ], [ 28377.0, 13393.0 ], [ 28400.0, 13393.0 ], [ 28423.0, 13393.0 ], [ 28446.0, 13393.0 ], [ 28469.0, 13393.0 ], [ 28492.0, 13393.0 ], [ 28515.0, 13393.0 ], [ 28538.0, 13393.0 ], [ 28561.0, 13393.0 ], [ 28584.0, 13393.0 ], [ 28607.0, 13393.0 ], [ 28630.0, 13393.0 ], [ 28653.0, 13393.0 ], [ 28676.0, 13393.0 ], [ 28699.0, 13393.0 ], [ 28723.0, 13393.0 ], [ 28746.0, 13393.0 ], [ 28769.0, 13393.0 ], [ 28792.0, 13393.0 ], [ 28815.0, 13393.0 ], [ 28838.0, 13393.0 ], [ 28861.0, 13393.0 ], [ 28884.0, 13393.0 ], [ 28907.0, 13416.0 ], [ 28907.0, 13439.0 ], [ 28907.0, 13462.0 ], [ 28907.0, 13485.0 ], [ 28907.0, 13508.0 ], [ 28907.0, 13531.0 ], [ 28907.0, 13554.0 ], [ 28907.0, 13577.0 ], [ 28907.0, 13600.0 ], [ 28907.0, 13623.0 ], [ 28930.0, 13646.0 ], [ 28953.0, 13646.0 ], [ 28976.0, 13669.0 ], [ 28999.0, 13669.0 ], [ 29022.0, 13693.0 ], [ 29045.0, 13693.0 ], [ 29068.0, 13693.0 ], [ 29091.0, 13716.0 ], [ 29114.0, 13716.0 ], [ 29137.0, 13716.0 ], [ 29161.0, 13739.0 ], [ 29184.0, 13739.0 ], [ 29207.0, 13739.0 ], [ 29230.0, 13762.0 ], [ 29253.0, 13762.0 ], [ 29276.0, 13785.0 ], [ 29299.0, 13785.0 ], [ 29322.0, 13785.0 ], [ 29345.0, 13808.0 ], [ 29368.0, 13808.0 ], [ 29391.0, 13831.0 ], [ 29414.0, 13831.0 ], [ 29437.0, 13831.0 ], [ 29460.0, 13854.0 ], [ 29483.0, 13854.0 ], [ 29506.0, 13877.0 ], [ 29529.0, 13877.0 ], [ 29552.0, 13877.0 ], [ 29575.0, 13900.0 ], [ 29599.0, 13900.0 ], [ 29622.0, 13923.0 ], [ 29645.0, 13923.0 ], [ 29668.0, 13923.0 ], [ 29691.0, 13946.0 ], [ 29714.0, 13946.0 ], [ 29737.0, 13946.0 ], [ 29760.0, 13969.0 ], [ 29783.0, 13969.0 ], [ 29806.0, 13992.0 ], [ 29829.0, 13992.0 ], [ 29852.0, 13992.0 ], [ 29875.0, 14015.0 ], [ 29898.0, 14015.0 ], [ 29921.0, 14015.0 ], [ 29944.0, 14038.0 ], [ 29967.0, 14038.0 ], [ 29990.0, 14061.0 ], [ 30013.0, 14061.0 ], [ 30037.0, 14061.0 ], [ 30060.0, 14084.0 ], [ 30083.0, 14084.0 ], [ 30106.0, 14107.0 ], [ 30129.0, 14107.0 ], [ 30152.0, 14107.0 ], [ 30175.0, 14130.0 ], [ 30198.0, 14130.0 ], [ 30221.0, 14130.0 ], [ 30244.0, 14130.0 ], [ 30267.0, 14154.0 ], [ 30290.0, 14154.0 ], [ 30313.0, 14154.0 ], [ 30336.0, 14177.0 ], [ 30359.0, 14177.0 ], [ 30382.0, 14177.0 ], [ 30405.0, 14177.0 ], [ 30428.0, 14177.0 ], [ 30451.0, 14200.0 ], [ 30475.0, 14200.0 ], [ 30498.0, 14200.0 ], [ 30521.0, 14223.0 ], [ 30544.0, 14223.0 ], [ 30567.0, 14246.0 ], [ 30590.0, 14246.0 ], [ 30613.0, 14269.0 ], [ 30636.0, 14269.0 ], [ 30659.0, 14292.0 ], [ 30682.0, 14315.0 ], [ 30705.0, 14315.0 ], [ 30728.0, 14338.0 ], [ 30751.0, 14338.0 ], [ 30774.0, 14338.0 ], [ 30797.0, 14361.0 ], [ 30820.0, 14361.0 ], [ 30843.0, 14384.0 ], [ 30866.0, 14384.0 ], [ 30889.0, 14407.0 ], [ 30912.0, 14407.0 ], [ 30936.0, 14407.0 ], [ 30959.0, 14430.0 ], [ 30982.0, 14430.0 ], [ 31005.0, 14430.0 ], [ 31028.0, 14453.0 ], [ 31051.0, 14453.0 ], [ 31074.0, 14453.0 ], [ 31097.0, 14476.0 ], [ 31120.0, 14476.0 ], [ 31143.0, 14499.0 ], [ 31166.0, 14499.0 ], [ 31189.0, 14499.0 ], [ 31212.0, 14522.0 ], [ 31235.0, 14522.0 ], [ 31258.0, 14522.0 ], [ 31281.0, 14545.0 ], [ 31304.0, 14545.0 ], [ 31327.0, 14545.0 ], [ 31350.0, 14568.0 ], [ 31374.0, 14568.0 ], [ 31397.0, 14568.0 ], [ 31420.0, 14568.0 ], [ 31443.0, 14592.0 ], [ 31466.0, 14592.0 ], [ 31489.0, 14592.0 ], [ 31512.0, 14592.0 ], [ 31535.0, 14615.0 ], [ 31558.0, 14615.0 ], [ 31581.0, 14638.0 ], [ 31604.0, 14638.0 ], [ 31627.0, 14638.0 ], [ 31650.0, 14638.0 ], [ 31673.0, 14661.0 ], [ 31696.0, 14661.0 ], [ 31719.0, 14661.0 ], [ 31742.0, 14661.0 ], [ 31765.0, 14661.0 ], [ 31788.0, 14684.0 ], [ 31812.0, 14684.0 ], [ 31835.0, 14684.0 ], [ 31858.0, 14684.0 ], [ 31881.0, 14707.0 ], [ 31904.0, 14707.0 ], [ 31927.0, 14730.0 ], [ 31950.0, 14730.0 ], [ 31973.0, 14730.0 ], [ 31996.0, 14753.0 ], [ 32019.0, 14753.0 ], [ 32042.0, 14753.0 ], [ 32065.0, 14753.0 ], [ 32088.0, 14776.0 ], [ 32111.0, 14776.0 ], [ 32134.0, 14776.0 ], [ 32157.0, 14799.0 ], [ 32180.0, 14799.0 ], [ 32203.0, 14799.0 ], [ 32226.0, 14822.0 ], [ 32250.0, 14845.0 ], [ 32273.0, 14845.0 ], [ 32296.0, 14845.0 ], [ 32319.0, 14868.0 ], [ 32342.0, 14868.0 ], [ 32365.0, 14891.0 ], [ 32388.0, 14891.0 ], [ 32411.0, 14914.0 ], [ 32434.0, 14914.0 ], [ 32457.0, 14914.0 ], [ 32480.0, 14937.0 ], [ 32503.0, 14937.0 ], [ 32526.0, 14960.0 ], [ 32549.0, 14960.0 ], [ 32572.0, 14960.0 ], [ 32595.0, 14983.0 ], [ 32618.0, 14983.0 ], [ 32641.0, 14983.0 ], [ 32664.0, 15006.0 ], [ 32688.0, 15006.0 ], [ 32711.0, 15006.0 ], [ 32734.0, 15006.0 ], [ 32757.0, 15030.0 ], [ 32780.0, 15030.0 ], [ 32803.0, 15053.0 ], [ 32826.0, 15053.0 ], [ 32849.0, 15053.0 ], [ 32872.0, 15053.0 ], [ 32895.0, 15076.0 ], [ 32918.0, 15076.0 ], [ 32941.0, 15099.0 ], [ 32964.0, 15099.0 ], [ 32987.0, 15099.0 ], [ 33010.0, 15122.0 ], [ 33033.0, 15122.0 ], [ 33056.0, 15122.0 ], [ 33079.0, 15145.0 ], [ 33102.0, 15145.0 ], [ 33126.0, 15145.0 ], [ 33149.0, 15168.0 ], [ 33172.0, 15168.0 ], [ 33195.0, 15168.0 ], [ 33218.0, 15191.0 ], [ 33241.0, 15191.0 ], [ 33264.0, 15191.0 ], [ 33287.0, 15214.0 ], [ 33310.0, 15214.0 ], [ 33333.0, 15214.0 ], [ 33356.0, 15237.0 ], [ 33379.0, 15237.0 ], [ 33402.0, 15260.0 ], [ 33425.0, 15260.0 ], [ 33448.0, 15260.0 ], [ 33471.0, 15260.0 ], [ 33494.0, 15283.0 ], [ 33517.0, 15283.0 ], [ 33540.0, 15283.0 ], [ 33563.0, 15306.0 ], [ 33587.0, 15306.0 ], [ 33610.0, 15306.0 ], [ 33633.0, 15329.0 ], [ 33656.0, 15329.0 ], [ 33679.0, 15329.0 ], [ 33702.0, 15329.0 ], [ 33725.0, 15352.0 ], [ 33748.0, 15375.0 ], [ 33771.0, 15375.0 ], [ 33794.0, 15398.0 ], [ 33817.0, 15398.0 ], [ 33840.0, 15398.0 ], [ 33863.0, 15421.0 ], [ 33886.0, 15421.0 ], [ 33909.0, 15444.0 ], [ 33932.0, 15468.0 ], [ 33955.0, 15468.0 ], [ 33978.0, 15468.0 ], [ 34001.0, 15468.0 ], [ 34025.0, 15468.0 ], [ 34048.0, 15468.0 ], [ 34071.0, 15491.0 ], [ 34094.0, 15491.0 ], [ 34117.0, 15514.0 ], [ 34140.0, 15514.0 ], [ 34163.0, 15537.0 ], [ 34186.0, 15537.0 ], [ 34209.0, 15560.0 ], [ 34232.0, 15560.0 ], [ 34255.0, 15583.0 ], [ 34278.0, 15583.0 ], [ 34301.0, 15606.0 ], [ 34324.0, 15606.0 ], [ 34347.0, 15606.0 ], [ 34370.0, 15629.0 ], [ 34393.0, 15629.0 ], [ 34416.0, 15652.0 ], [ 34439.0, 15652.0 ], [ 34463.0, 15652.0 ], [ 34486.0, 15652.0 ], [ 34509.0, 15675.0 ], [ 34532.0, 15675.0 ], [ 34555.0, 15698.0 ], [ 34578.0, 15698.0 ], [ 34601.0, 15698.0 ], [ 34624.0, 15698.0 ], [ 34647.0, 15721.0 ], [ 34670.0, 15721.0 ], [ 34693.0, 15721.0 ], [ 34716.0, 15721.0 ], [ 34739.0, 15744.0 ], [ 34762.0, 15744.0 ], [ 34785.0, 15767.0 ], [ 34808.0, 15767.0 ], [ 34831.0, 15767.0 ], [ 34854.0, 15790.0 ], [ 34877.0, 15790.0 ], [ 34901.0, 15813.0 ], [ 34924.0, 15836.0 ], [ 34947.0, 15836.0 ], [ 34970.0, 15859.0 ], [ 34993.0, 15859.0 ], [ 35016.0, 15882.0 ], [ 35039.0, 15906.0 ], [ 35062.0, 15906.0 ], [ 35085.0, 15929.0 ], [ 35108.0, 15929.0 ], [ 35131.0, 15952.0 ], [ 35154.0, 15952.0 ], [ 35177.0, 15975.0 ], [ 35200.0, 15975.0 ], [ 35223.0, 15998.0 ], [ 35246.0, 16021.0 ], [ 35269.0, 16021.0 ], [ 35292.0, 16021.0 ], [ 35315.0, 16044.0 ], [ 35339.0, 16044.0 ], [ 35362.0, 16067.0 ], [ 35385.0, 16067.0 ], [ 35408.0, 16067.0 ], [ 35431.0, 16090.0 ], [ 35454.0, 16090.0 ], [ 35477.0, 16113.0 ], [ 35500.0, 16136.0 ], [ 35523.0, 16136.0 ], [ 35546.0, 16159.0 ], [ 35569.0, 16159.0 ], [ 35592.0, 16159.0 ], [ 35615.0, 16182.0 ], [ 35638.0, 16182.0 ], [ 35661.0, 16205.0 ], [ 35684.0, 16205.0 ], [ 35707.0, 16228.0 ], [ 35730.0, 16228.0 ], [ 35753.0, 16228.0 ], [ 35777.0, 16251.0 ], [ 35800.0, 16251.0 ], [ 35823.0, 16274.0 ], [ 35846.0, 16274.0 ], [ 35869.0, 16274.0 ], [ 35892.0, 16297.0 ], [ 35892.0, 16320.0 ], [ 35915.0, 16320.0 ], [ 35938.0, 16320.0 ], [ 35961.0, 16320.0 ], [ 35984.0, 16320.0 ], [ 36007.0, 16320.0 ], [ 36030.0, 16344.0 ], [ 36053.0, 16344.0 ], [ 36076.0, 16344.0 ], [ 36099.0, 16367.0 ], [ 36122.0, 16367.0 ], [ 36145.0, 16367.0 ], [ 36168.0, 16390.0 ], [ 36191.0, 16413.0 ], [ 36215.0, 16390.0 ], [ 36238.0, 16413.0 ], [ 36238.0, 16436.0 ], [ 36261.0, 16413.0 ], [ 36284.0, 16436.0 ], [ 36307.0, 16459.0 ], [ 36330.0, 16459.0 ], [ 36353.0, 16459.0 ], [ 36376.0, 16459.0 ], [ 36399.0, 16482.0 ], [ 36422.0, 16482.0 ], [ 36445.0, 16482.0 ], [ 36468.0, 16482.0 ], [ 36491.0, 16482.0 ], [ 36514.0, 16482.0 ], [ 36537.0, 16482.0 ], [ 36560.0, 16482.0 ], [ 36583.0, 16482.0 ], [ 36606.0, 16482.0 ], [ 36629.0, 16482.0 ], [ 36652.0, 16482.0 ], [ 36676.0, 16482.0 ], [ 36699.0, 16482.0 ], [ 36722.0, 16482.0 ], [ 36745.0, 16482.0 ], [ 36768.0, 16482.0 ], [ 36791.0, 16482.0 ], [ 36814.0, 16482.0 ], [ 36837.0, 16482.0 ], [ 36860.0, 16482.0 ], [ 36883.0, 16482.0 ], [ 36906.0, 16482.0 ], [ 36929.0, 16482.0 ], [ 36952.0, 16482.0 ], [ 36975.0, 16482.0 ], [ 36998.0, 16482.0 ], [ 37021.0, 16482.0 ], [ 37044.0, 16482.0 ], [ 37067.0, 16482.0 ], [ 37090.0, 16482.0 ], [ 37114.0, 16482.0 ], [ 37137.0, 16482.0 ], [ 37160.0, 16505.0 ], [ 37160.0, 16528.0 ], [ 37160.0, 16551.0 ], [ 37160.0, 16574.0 ], [ 37160.0, 16597.0 ], [ 37160.0, 16620.0 ], [ 37160.0, 16643.0 ], [ 37160.0, 16666.0 ], [ 37160.0, 16689.0 ], [ 37160.0, 16712.0 ], [ 37160.0, 16735.0 ], [ 37160.0, 16758.0 ], [ 37183.0, 16758.0 ], [ 37206.0, 16758.0 ], [ 37229.0, 16781.0 ], [ 37206.0, 16805.0 ], [ 37206.0, 16828.0 ], [ 37229.0, 16828.0 ], [ 37229.0, 16805.0 ], [ 37252.0, 16781.0 ], [ 37275.0, 16781.0 ], [ 37298.0, 16805.0 ], [ 37321.0, 16805.0 ], [ 37344.0, 16828.0 ], [ 37367.0, 16828.0 ], [ 37390.0, 16851.0 ], [ 37413.0, 16851.0 ], [ 37436.0, 16874.0 ], [ 37459.0, 16874.0 ], [ 37482.0, 16874.0 ], [ 37505.0, 16897.0 ], [ 37528.0, 16897.0 ], [ 37552.0, 16897.0 ], [ 37575.0, 16897.0 ], [ 37598.0, 16897.0 ], [ 37621.0, 16920.0 ], [ 37644.0, 16920.0 ], [ 37667.0, 16920.0 ], [ 37690.0, 16943.0 ], [ 37713.0, 16966.0 ], [ 37736.0, 16943.0 ], [ 37759.0, 16943.0 ], [ 37782.0, 16943.0 ], [ 37805.0, 16966.0 ], [ 37828.0, 16966.0 ], [ 37851.0, 16966.0 ], [ 37874.0, 16966.0 ], [ 37897.0, 16989.0 ], [ 37920.0, 16989.0 ], [ 37943.0, 16989.0 ], [ 37966.0, 16989.0 ], [ 37990.0, 17012.0 ], [ 38013.0, 17012.0 ], [ 38036.0, 17035.0 ], [ 38059.0, 17012.0 ], [ 38082.0, 17012.0 ], [ 38105.0, 17012.0 ], [ 38128.0, 17035.0 ], [ 38151.0, 17035.0 ], [ 38174.0, 17035.0 ], [ 38197.0, 17035.0 ], [ 38220.0, 17035.0 ], [ 38243.0, 17035.0 ], [ 38266.0, 17058.0 ], [ 38289.0, 17058.0 ], [ 38312.0, 17081.0 ], [ 38335.0, 17058.0 ], [ 38358.0, 17058.0 ], [ 38381.0, 17058.0 ], [ 38404.0, 17058.0 ], [ 38428.0, 17081.0 ], [ 38451.0, 17081.0 ], [ 38474.0, 17058.0 ], [ 38497.0, 17058.0 ], [ 38520.0, 17058.0 ], [ 38543.0, 17058.0 ], [ 38566.0, 17058.0 ], [ 38589.0, 17058.0 ], [ 38612.0, 17081.0 ], [ 38635.0, 17104.0 ], [ 38658.0, 17104.0 ], [ 38681.0, 17104.0 ], [ 38704.0, 17127.0 ], [ 38727.0, 17127.0 ], [ 38750.0, 17150.0 ], [ 38773.0, 17150.0 ], [ 38796.0, 17150.0 ], [ 38819.0, 17173.0 ], [ 38842.0, 17173.0 ], [ 38866.0, 17173.0 ], [ 38889.0, 17173.0 ], [ 38912.0, 17173.0 ], [ 38935.0, 17196.0 ], [ 38958.0, 17196.0 ], [ 38981.0, 17196.0 ], [ 39004.0, 17196.0 ], [ 39027.0, 17196.0 ], [ 39050.0, 17219.0 ], [ 39073.0, 17219.0 ], [ 39096.0, 17219.0 ], [ 39119.0, 17219.0 ], [ 39142.0, 17219.0 ], [ 39165.0, 17219.0 ], [ 39188.0, 17243.0 ], [ 39211.0, 17243.0 ], [ 39234.0, 17243.0 ], [ 39257.0, 17243.0 ], [ 39280.0, 17243.0 ], [ 39303.0, 17243.0 ], [ 39327.0, 17243.0 ], [ 39350.0, 17243.0 ], [ 39373.0, 17243.0 ], [ 39396.0, 17266.0 ], [ 39419.0, 17266.0 ], [ 39442.0, 17266.0 ], [ 39465.0, 17266.0 ], [ 39488.0, 17266.0 ], [ 39511.0, 17266.0 ], [ 39534.0, 17266.0 ], [ 39557.0, 17266.0 ], [ 39580.0, 17266.0 ], [ 39603.0, 17266.0 ], [ 39626.0, 17266.0 ], [ 39649.0, 17266.0 ], [ 39672.0, 17266.0 ], [ 39695.0, 17266.0 ], [ 39718.0, 17266.0 ], [ 39741.0, 17266.0 ], [ 39765.0, 17289.0 ], [ 39788.0, 17289.0 ], [ 39811.0, 17289.0 ], [ 39834.0, 17289.0 ], [ 39857.0, 17289.0 ], [ 39880.0, 17289.0 ], [ 39903.0, 17289.0 ], [ 39926.0, 17289.0 ], [ 39949.0, 17289.0 ], [ 39972.0, 17289.0 ], [ 39995.0, 17289.0 ], [ 40018.0, 17289.0 ], [ 40041.0, 17289.0 ], [ 40064.0, 17289.0 ], [ 40087.0, 17289.0 ], [ 40110.0, 17289.0 ], [ 40133.0, 17289.0 ], [ 40156.0, 17289.0 ], [ 40179.0, 17289.0 ], [ 40203.0, 17289.0 ], [ 40226.0, 17289.0 ], [ 40249.0, 17289.0 ], [ 40272.0, 17289.0 ], [ 40295.0, 17289.0 ], [ 40318.0, 17289.0 ], [ 40341.0, 17289.0 ], [ 40364.0, 17289.0 ], [ 40387.0, 17289.0 ], [ 40410.0, 17289.0 ], [ 40433.0, 17289.0 ], [ 40456.0, 17289.0 ], [ 40479.0, 17289.0 ], [ 40502.0, 17289.0 ], [ 40525.0, 17289.0 ], [ 40548.0, 17289.0 ], [ 40571.0, 17289.0 ], [ 40594.0, 17289.0 ], [ 40617.0, 17289.0 ], [ 40641.0, 17289.0 ], [ 40664.0, 17289.0 ], [ 40687.0, 17289.0 ], [ 40710.0, 17289.0 ], [ 40733.0, 17289.0 ], [ 40756.0, 17289.0 ], [ 40779.0, 17289.0 ], [ 40802.0, 17266.0 ], [ 40825.0, 17266.0 ], [ 40848.0, 17266.0 ], [ 40871.0, 17266.0 ], [ 40894.0, 17266.0 ], [ 40917.0, 17266.0 ], [ 40940.0, 17266.0 ], [ 40963.0, 17266.0 ], [ 40986.0, 17243.0 ], [ 41009.0, 17243.0 ], [ 41032.0, 17243.0 ], [ 41055.0, 17266.0 ], [ 41079.0, 17266.0 ], [ 41102.0, 17266.0 ], [ 41125.0, 17266.0 ], [ 41148.0, 17266.0 ], [ 41171.0, 17266.0 ], [ 41194.0, 17266.0 ], [ 41217.0, 17266.0 ], [ 41240.0, 17266.0 ], [ 41263.0, 17266.0 ], [ 41286.0, 17266.0 ], [ 41309.0, 17266.0 ], [ 41332.0, 17266.0 ], [ 41355.0, 17266.0 ], [ 41378.0, 17266.0 ], [ 41401.0, 17266.0 ], [ 41424.0, 17266.0 ], [ 41447.0, 17266.0 ], [ 41470.0, 17266.0 ], [ 41493.0, 17266.0 ], [ 41517.0, 17266.0 ], [ 41540.0, 17266.0 ], [ 41563.0, 17266.0 ], [ 41586.0, 17266.0 ], [ 41609.0, 17266.0 ], [ 41632.0, 17266.0 ], [ 41655.0, 17266.0 ], [ 41678.0, 17266.0 ], [ 41701.0, 17266.0 ], [ 41724.0, 17266.0 ], [ 41747.0, 17266.0 ], [ 41770.0, 17266.0 ], [ 41793.0, 17266.0 ], [ 41816.0, 17266.0 ], [ 41839.0, 17266.0 ], [ 41862.0, 17266.0 ], [ 41885.0, 17243.0 ], [ 41908.0, 17243.0 ], [ 41931.0, 17243.0 ], [ 41954.0, 17243.0 ], [ 41978.0, 17243.0 ], [ 42001.0, 17243.0 ], [ 42024.0, 17243.0 ], [ 42047.0, 17243.0 ], [ 42070.0, 17266.0 ], [ 42093.0, 17266.0 ], [ 42116.0, 17266.0 ], [ 42139.0, 17266.0 ], [ 42162.0, 17266.0 ], [ 42185.0, 17266.0 ], [ 42208.0, 17266.0 ], [ 42231.0, 17266.0 ], [ 42254.0, 17266.0 ], [ 42277.0, 17266.0 ], [ 42300.0, 17266.0 ], [ 42323.0, 17266.0 ], [ 42346.0, 17266.0 ], [ 42369.0, 17266.0 ], [ 42392.0, 17266.0 ], [ 42416.0, 17266.0 ], [ 42439.0, 17266.0 ], [ 42462.0, 17266.0 ], [ 42485.0, 17266.0 ], [ 42508.0, 17266.0 ], [ 42531.0, 17266.0 ], [ 42554.0, 17266.0 ], [ 42577.0, 17289.0 ], [ 42600.0, 17289.0 ], [ 42623.0, 17289.0 ], [ 42646.0, 17289.0 ], [ 42669.0, 17289.0 ], [ 42692.0, 17289.0 ], [ 42715.0, 17289.0 ], [ 42738.0, 17312.0 ], [ 42761.0, 17312.0 ], [ 42784.0, 17312.0 ], [ 42807.0, 17312.0 ], [ 42830.0, 17312.0 ], [ 42854.0, 17335.0 ], [ 42877.0, 17335.0 ], [ 42900.0, 17335.0 ], [ 42923.0, 17335.0 ], [ 42946.0, 17335.0 ], [ 42969.0, 17335.0 ], [ 42992.0, 17335.0 ], [ 43015.0, 17358.0 ], [ 43038.0, 17358.0 ], [ 43061.0, 17358.0 ], [ 43084.0, 17381.0 ], [ 43107.0, 17381.0 ], [ 43130.0, 17404.0 ], [ 43153.0, 17404.0 ], [ 43176.0, 17427.0 ], [ 43199.0, 17427.0 ], [ 43222.0, 17450.0 ], [ 43245.0, 17450.0 ], [ 43268.0, 17473.0 ], [ 43292.0, 17473.0 ], [ 43315.0, 17473.0 ], [ 43338.0, 17496.0 ], [ 43361.0, 17496.0 ], [ 43384.0, 17519.0 ], [ 43407.0, 17519.0 ], [ 43430.0, 17519.0 ], [ 43453.0, 17519.0 ], [ 43476.0, 17519.0 ], [ 43499.0, 17519.0 ], [ 43522.0, 17519.0 ], [ 43545.0, 17519.0 ], [ 43568.0, 17519.0 ], [ 43591.0, 17519.0 ], [ 43614.0, 17519.0 ], [ 43637.0, 17519.0 ], [ 43660.0, 17519.0 ], [ 43683.0, 17519.0 ], [ 43706.0, 17519.0 ], [ 43730.0, 17519.0 ], [ 43753.0, 17519.0 ], [ 43776.0, 17519.0 ], [ 43799.0, 17519.0 ], [ 43822.0, 17519.0 ], [ 43845.0, 17519.0 ], [ 43868.0, 17519.0 ], [ 43891.0, 17519.0 ], [ 43914.0, 17519.0 ], [ 43937.0, 17519.0 ], [ 43960.0, 17519.0 ], [ 43983.0, 17519.0 ], [ 44006.0, 17519.0 ], [ 44029.0, 17519.0 ], [ 44052.0, 17519.0 ], [ 44075.0, 17519.0 ], [ 44098.0, 17519.0 ], [ 44121.0, 17519.0 ], [ 44144.0, 17519.0 ], [ 44168.0, 17519.0 ], [ 44191.0, 17519.0 ], [ 44214.0, 17519.0 ], [ 44237.0, 17519.0 ], [ 44260.0, 17519.0 ], [ 44283.0, 17519.0 ], [ 44306.0, 17519.0 ], [ 44329.0, 17519.0 ], [ 44352.0, 17519.0 ], [ 44375.0, 17542.0 ], [ 44375.0, 17565.0 ], [ 44375.0, 17588.0 ], [ 44375.0, 17611.0 ], [ 44375.0, 17634.0 ], [ 44375.0, 17657.0 ], [ 44375.0, 17681.0 ], [ 44375.0, 17704.0 ], [ 44375.0, 17727.0 ], [ 44375.0, 17750.0 ], [ 44375.0, 17773.0 ], [ 44375.0, 17796.0 ], [ 44398.0, 17796.0 ], [ 44421.0, 17796.0 ], [ 44444.0, 17796.0 ], [ 44467.0, 17819.0 ], [ 44490.0, 17819.0 ], [ 44513.0, 17819.0 ], [ 44536.0, 17819.0 ], [ 44559.0, 17842.0 ], [ 44582.0, 17842.0 ], [ 44606.0, 17842.0 ], [ 44629.0, 17842.0 ], [ 44652.0, 17842.0 ], [ 44675.0, 17842.0 ], [ 44698.0, 17865.0 ], [ 44721.0, 17865.0 ], [ 44744.0, 17865.0 ], [ 44767.0, 17865.0 ], [ 44790.0, 17865.0 ], [ 44813.0, 17888.0 ], [ 44836.0, 17888.0 ], [ 44859.0, 17888.0 ], [ 44882.0, 17888.0 ], [ 44905.0, 17888.0 ], [ 44928.0, 17888.0 ], [ 44951.0, 17888.0 ], [ 44974.0, 17911.0 ], [ 44997.0, 17888.0 ], [ 45020.0, 17911.0 ], [ 45043.0, 17911.0 ], [ 45067.0, 17911.0 ], [ 45090.0, 17888.0 ], [ 45113.0, 17911.0 ], [ 45136.0, 17888.0 ], [ 45159.0, 17888.0 ], [ 45182.0, 17888.0 ], [ 45205.0, 17888.0 ], [ 45228.0, 17888.0 ], [ 45251.0, 17888.0 ], [ 45274.0, 17888.0 ], [ 45297.0, 17888.0 ], [ 45320.0, 17888.0 ], [ 45343.0, 17888.0 ], [ 45366.0, 17888.0 ], [ 45389.0, 17888.0 ], [ 45412.0, 17888.0 ], [ 45435.0, 17888.0 ], [ 45458.0, 17888.0 ], [ 45481.0, 17888.0 ], [ 45505.0, 17888.0 ], [ 45528.0, 17888.0 ], [ 45551.0, 17888.0 ], [ 45574.0, 17888.0 ], [ 45597.0, 17888.0 ], [ 45620.0, 17888.0 ], [ 45643.0, 17888.0 ], [ 45666.0, 17888.0 ], [ 45689.0, 17888.0 ], [ 45712.0, 17888.0 ], [ 45735.0, 17888.0 ], [ 45758.0, 17888.0 ], [ 45781.0, 17888.0 ], [ 45804.0, 17888.0 ], [ 45827.0, 17888.0 ], [ 45850.0, 17888.0 ], [ 45873.0, 17888.0 ], [ 45896.0, 17888.0 ], [ 45919.0, 17888.0 ], [ 45943.0, 17888.0 ], [ 45966.0, 17888.0 ], [ 45989.0, 17888.0 ], [ 46012.0, 17888.0 ], [ 46035.0, 17888.0 ], [ 46058.0, 17888.0 ], [ 46081.0, 17888.0 ], [ 46104.0, 17888.0 ], [ 46127.0, 17888.0 ], [ 46150.0, 17888.0 ], [ 46173.0, 17888.0 ], [ 46196.0, 17888.0 ], [ 46219.0, 17888.0 ], [ 46242.0, 17888.0 ], [ 46265.0, 17888.0 ], [ 46288.0, 17888.0 ], [ 46311.0, 17888.0 ], [ 46334.0, 17888.0 ], [ 46357.0, 17888.0 ], [ 46381.0, 17888.0 ], [ 46404.0, 17888.0 ], [ 46427.0, 17888.0 ], [ 46450.0, 17888.0 ], [ 46473.0, 17888.0 ], [ 46496.0, 17888.0 ], [ 46519.0, 17888.0 ], [ 46542.0, 17888.0 ], [ 46565.0, 17888.0 ], [ 46588.0, 17888.0 ], [ 46611.0, 17888.0 ], [ 46634.0, 17865.0 ], [ 46657.0, 17865.0 ], [ 46680.0, 17865.0 ], [ 46703.0, 17865.0 ], [ 46726.0, 17865.0 ], [ 46749.0, 17865.0 ], [ 46772.0, 17865.0 ], [ 46795.0, 17865.0 ], [ 46819.0, 17865.0 ], [ 46842.0, 17865.0 ], [ 46865.0, 17842.0 ], [ 46888.0, 17842.0 ], [ 46911.0, 17842.0 ], [ 46934.0, 17842.0 ], [ 46957.0, 17842.0 ], [ 46980.0, 17842.0 ], [ 47003.0, 17842.0 ], [ 47026.0, 17842.0 ], [ 47049.0, 17819.0 ], [ 47072.0, 17819.0 ], [ 47095.0, 17819.0 ], [ 47118.0, 17819.0 ], [ 47141.0, 17819.0 ], [ 47164.0, 17819.0 ], [ 47187.0, 17796.0 ], [ 47210.0, 17796.0 ], [ 47233.0, 17796.0 ], [ 47257.0, 17796.0 ], [ 47280.0, 17773.0 ], [ 47303.0, 17773.0 ], [ 47326.0, 17773.0 ], [ 47349.0, 17750.0 ], [ 47372.0, 17750.0 ], [ 47395.0, 17750.0 ], [ 47418.0, 17750.0 ], [ 47441.0, 17727.0 ], [ 47464.0, 17727.0 ], [ 47464.0, 17704.0 ], [ 47464.0, 17681.0 ], [ 47464.0, 17657.0 ], [ 47464.0, 17634.0 ], [ 47464.0, 17611.0 ], [ 47464.0, 17588.0 ], [ 47464.0, 17565.0 ], [ 47464.0, 17542.0 ], [ 47487.0, 17519.0 ], [ 47510.0, 17519.0 ], [ 47533.0, 17519.0 ], [ 47556.0, 17519.0 ], [ 47579.0, 17519.0 ], [ 47602.0, 17519.0 ], [ 47625.0, 17519.0 ], [ 47648.0, 17519.0 ], [ 47671.0, 17519.0 ], [ 47694.0, 17519.0 ], [ 47718.0, 17519.0 ], [ 47741.0, 17519.0 ], [ 47764.0, 17519.0 ], [ 47787.0, 17519.0 ], [ 47810.0, 17519.0 ], [ 47833.0, 17519.0 ], [ 47856.0, 17519.0 ], [ 47879.0, 17519.0 ], [ 47902.0, 17519.0 ], [ 47925.0, 17519.0 ], [ 47948.0, 17519.0 ], [ 47971.0, 17519.0 ], [ 47994.0, 17519.0 ], [ 48017.0, 17519.0 ], [ 48040.0, 17519.0 ], [ 48063.0, 17519.0 ], [ 48086.0, 17519.0 ], [ 48109.0, 17496.0 ], [ 48132.0, 17473.0 ], [ 48156.0, 17473.0 ], [ 48179.0, 17450.0 ], [ 48202.0, 17427.0 ], [ 48225.0, 17427.0 ], [ 48248.0, 17404.0 ], [ 48271.0, 17404.0 ], [ 48294.0, 17381.0 ], [ 48317.0, 17381.0 ], [ 48340.0, 17358.0 ], [ 48363.0, 17335.0 ], [ 48386.0, 17335.0 ], [ 48409.0, 17312.0 ], [ 48432.0, 17289.0 ], [ 48455.0, 17289.0 ], [ 48478.0, 17266.0 ], [ 48478.0, 17243.0 ], [ 48501.0, 17219.0 ], [ 48524.0, 17243.0 ], [ 48547.0, 17219.0 ], [ 48570.0, 17219.0 ], [ 48594.0, 17196.0 ], [ 48617.0, 17173.0 ], [ 48640.0, 17173.0 ], [ 48663.0, 17150.0 ], [ 48686.0, 17127.0 ], [ 48709.0, 17104.0 ], [ 48732.0, 17104.0 ], [ 48755.0, 17081.0 ], [ 48778.0, 17081.0 ], [ 48801.0, 17058.0 ], [ 48824.0, 17058.0 ], [ 48847.0, 17035.0 ], [ 48870.0, 17035.0 ], [ 48893.0, 17012.0 ], [ 48916.0, 17012.0 ], [ 48939.0, 16989.0 ], [ 48962.0, 16989.0 ], [ 48985.0, 16966.0 ], [ 49008.0, 16966.0 ], [ 49032.0, 16943.0 ], [ 49055.0, 16920.0 ], [ 49078.0, 16920.0 ], [ 49101.0, 16897.0 ], [ 49124.0, 16897.0 ], [ 49147.0, 16874.0 ], [ 49170.0, 16851.0 ], [ 49193.0, 16851.0 ], [ 49216.0, 16828.0 ], [ 49239.0, 16805.0 ], [ 49262.0, 16805.0 ], [ 49285.0, 16781.0 ], [ 49308.0, 16758.0 ], [ 49331.0, 16758.0 ], [ 49354.0, 16735.0 ], [ 49377.0, 16712.0 ], [ 49400.0, 16712.0 ], [ 49423.0, 16689.0 ], [ 49446.0, 16666.0 ], [ 49470.0, 16643.0 ], [ 49493.0, 16643.0 ], [ 49516.0, 16620.0 ], [ 49539.0, 16597.0 ], [ 49562.0, 16574.0 ], [ 49585.0, 16574.0 ], [ 49608.0, 16551.0 ], [ 49631.0, 16528.0 ], [ 49654.0, 16528.0 ], [ 49677.0, 16505.0 ], [ 49700.0, 16482.0 ], [ 49723.0, 16459.0 ], [ 49746.0, 16459.0 ], [ 49769.0, 16436.0 ], [ 49792.0, 16413.0 ], [ 49815.0, 16390.0 ], [ 49838.0, 16367.0 ], [ 49861.0, 16344.0 ], [ 49884.0, 16344.0 ], [ 49908.0, 16320.0 ], [ 49931.0, 16297.0 ], [ 49954.0, 16274.0 ], [ 49977.0, 16274.0 ], [ 50000.0, 16251.0 ], [ 50023.0, 16228.0 ], [ 50046.0, 16205.0 ], [ 50069.0, 16205.0 ], [ 50092.0, 16182.0 ], [ 50115.0, 16159.0 ], [ 50138.0, 16136.0 ], [ 50161.0, 16113.0 ], [ 50184.0, 16090.0 ], [ 50207.0, 16067.0 ], [ 50230.0, 16044.0 ], [ 50253.0, 16021.0 ], [ 50276.0, 15998.0 ], [ 50299.0, 15975.0 ], [ 50322.0, 15952.0 ], [ 50345.0, 15929.0 ], [ 50369.0, 15906.0 ], [ 50392.0, 15882.0 ], [ 50392.0, 15859.0 ], [ 50415.0, 15836.0 ], [ 50438.0, 15813.0 ], [ 50461.0, 15790.0 ], [ 50484.0, 15790.0 ], [ 50507.0, 15767.0 ], [ 50530.0, 15744.0 ], [ 50553.0, 15744.0 ], [ 50576.0, 15721.0 ], [ 50599.0, 15721.0 ], [ 50622.0, 15698.0 ], [ 50645.0, 15675.0 ], [ 50668.0, 15652.0 ], [ 50691.0, 15652.0 ], [ 50714.0, 15629.0 ], [ 50737.0, 15606.0 ], [ 50760.0, 15583.0 ], [ 50783.0, 15583.0 ], [ 50807.0, 15560.0 ], [ 50830.0, 15537.0 ], [ 50853.0, 15537.0 ], [ 50876.0, 15514.0 ], [ 50899.0, 15491.0 ], [ 50922.0, 15468.0 ], [ 50945.0, 15468.0 ], [ 50968.0, 15444.0 ], [ 50991.0, 15421.0 ], [ 51014.0, 15398.0 ], [ 51037.0, 15398.0 ], [ 51060.0, 15375.0 ], [ 51083.0, 15352.0 ], [ 51106.0, 15329.0 ], [ 51129.0, 15306.0 ], [ 51152.0, 15306.0 ], [ 51175.0, 15283.0 ], [ 51198.0, 15260.0 ], [ 51221.0, 15237.0 ], [ 51245.0, 15237.0 ], [ 51268.0, 15214.0 ], [ 51291.0, 15191.0 ], [ 51314.0, 15168.0 ], [ 51337.0, 15168.0 ], [ 51360.0, 15145.0 ], [ 51383.0, 15122.0 ], [ 51406.0, 15122.0 ], [ 51429.0, 15099.0 ], [ 51452.0, 15076.0 ], [ 51475.0, 15053.0 ], [ 51498.0, 15053.0 ], [ 51521.0, 15030.0 ], [ 51544.0, 15006.0 ], [ 51567.0, 15006.0 ], [ 51590.0, 14983.0 ], [ 51613.0, 14960.0 ], [ 51636.0, 14937.0 ], [ 51659.0, 14937.0 ], [ 51683.0, 14914.0 ], [ 51706.0, 14891.0 ], [ 51729.0, 14868.0 ], [ 51752.0, 14868.0 ], [ 51775.0, 14845.0 ], [ 51798.0, 14822.0 ], [ 51821.0, 14822.0 ], [ 51844.0, 14799.0 ], [ 51867.0, 14776.0 ], [ 51890.0, 14753.0 ], [ 51913.0, 14753.0 ], [ 51936.0, 14730.0 ], [ 51959.0, 14707.0 ], [ 51982.0, 14684.0 ], [ 52005.0, 14684.0 ], [ 52028.0, 14661.0 ], [ 52051.0, 14638.0 ], [ 52074.0, 14615.0 ], [ 52097.0, 14615.0 ], [ 52121.0, 14592.0 ], [ 52144.0, 14568.0 ], [ 52167.0, 14568.0 ], [ 52190.0, 14545.0 ], [ 52213.0, 14522.0 ], [ 52236.0, 14522.0 ], [ 52259.0, 14545.0 ], [ 52236.0, 14568.0 ], [ 52213.0, 14592.0 ], [ 52190.0, 14615.0 ], [ 52167.0, 14615.0 ], [ 52144.0, 14638.0 ], [ 52121.0, 14661.0 ], [ 52097.0, 14684.0 ], [ 52074.0, 14707.0 ], [ 52051.0, 14707.0 ], [ 52028.0, 14730.0 ], [ 52005.0, 14753.0 ], [ 51982.0, 14776.0 ], [ 51959.0, 14776.0 ], [ 51936.0, 14799.0 ], [ 51913.0, 14822.0 ], [ 51890.0, 14845.0 ], [ 51867.0, 14868.0 ], [ 51844.0, 14868.0 ], [ 51821.0, 14891.0 ], [ 51798.0, 14914.0 ], [ 51775.0, 14937.0 ], [ 51752.0, 14960.0 ], [ 51729.0, 14960.0 ], [ 51706.0, 14983.0 ], [ 51683.0, 15006.0 ], [ 51659.0, 15030.0 ], [ 51636.0, 15053.0 ], [ 51613.0, 15076.0 ], [ 51590.0, 15099.0 ], [ 51567.0, 15099.0 ], [ 51544.0, 15122.0 ], [ 51521.0, 15145.0 ], [ 51498.0, 15168.0 ], [ 51475.0, 15191.0 ], [ 51452.0, 15214.0 ], [ 51429.0, 15237.0 ], [ 51406.0, 15260.0 ], [ 51383.0, 15283.0 ], [ 51360.0, 15283.0 ], [ 51337.0, 15306.0 ], [ 51314.0, 15329.0 ], [ 51291.0, 15352.0 ], [ 51268.0, 15375.0 ], [ 51245.0, 15398.0 ], [ 51221.0, 15421.0 ], [ 51198.0, 15444.0 ], [ 51175.0, 15468.0 ], [ 51152.0, 15491.0 ], [ 51129.0, 15514.0 ], [ 51106.0, 15537.0 ], [ 51083.0, 15560.0 ], [ 51060.0, 15583.0 ], [ 51037.0, 15606.0 ], [ 51014.0, 15606.0 ], [ 50991.0, 15629.0 ], [ 50968.0, 15652.0 ], [ 50945.0, 15652.0 ], [ 50922.0, 15675.0 ], [ 50899.0, 15698.0 ], [ 50876.0, 15721.0 ], [ 50853.0, 15744.0 ], [ 50830.0, 15767.0 ], [ 50807.0, 15790.0 ], [ 50783.0, 15813.0 ], [ 50760.0, 15836.0 ], [ 50737.0, 15859.0 ], [ 50714.0, 15882.0 ], [ 50691.0, 15906.0 ], [ 50668.0, 15906.0 ], [ 50645.0, 15929.0 ], [ 50622.0, 15952.0 ], [ 50599.0, 15975.0 ], [ 50576.0, 15998.0 ], [ 50553.0, 16021.0 ], [ 50530.0, 16044.0 ], [ 50507.0, 16067.0 ], [ 50484.0, 16090.0 ], [ 50461.0, 16113.0 ], [ 50438.0, 16136.0 ], [ 50415.0, 16159.0 ], [ 50392.0, 16182.0 ], [ 50369.0, 16205.0 ], [ 50345.0, 16228.0 ], [ 50322.0, 16251.0 ], [ 50299.0, 16274.0 ], [ 50276.0, 16297.0 ], [ 50253.0, 16320.0 ], [ 50230.0, 16344.0 ], [ 50207.0, 16367.0 ], [ 50184.0, 16390.0 ], [ 50161.0, 16413.0 ], [ 50138.0, 16413.0 ], [ 50115.0, 16436.0 ], [ 50092.0, 16459.0 ], [ 50069.0, 16482.0 ], [ 50046.0, 16505.0 ], [ 50023.0, 16528.0 ], [ 50000.0, 16551.0 ], [ 49977.0, 16574.0 ], [ 49954.0, 16597.0 ], [ 49931.0, 16620.0 ], [ 49908.0, 16620.0 ], [ 49884.0, 16643.0 ], [ 49861.0, 16666.0 ], [ 49838.0, 16689.0 ], [ 49815.0, 16712.0 ], [ 49792.0, 16735.0 ], [ 49769.0, 16758.0 ], [ 49746.0, 16758.0 ], [ 49723.0, 16781.0 ], [ 49700.0, 16805.0 ], [ 49677.0, 16828.0 ], [ 49654.0, 16851.0 ], [ 49631.0, 16874.0 ], [ 49608.0, 16897.0 ], [ 49585.0, 16920.0 ], [ 49562.0, 16920.0 ], [ 49539.0, 16943.0 ], [ 49539.0, 16966.0 ], [ 49516.0, 16989.0 ], [ 49493.0, 16989.0 ], [ 49470.0, 17012.0 ], [ 49446.0, 17035.0 ], [ 49423.0, 17058.0 ], [ 49400.0, 17081.0 ], [ 49377.0, 17104.0 ], [ 49354.0, 17104.0 ], [ 49331.0, 17127.0 ], [ 49308.0, 17150.0 ], [ 49285.0, 17173.0 ], [ 49262.0, 17196.0 ], [ 49239.0, 17219.0 ], [ 49216.0, 17243.0 ], [ 49193.0, 17243.0 ], [ 49170.0, 17266.0 ], [ 49147.0, 17289.0 ], [ 49124.0, 17312.0 ], [ 49101.0, 17312.0 ], [ 49078.0, 17335.0 ], [ 49055.0, 17358.0 ], [ 49032.0, 17358.0 ], [ 49008.0, 17381.0 ], [ 48985.0, 17381.0 ], [ 48962.0, 17404.0 ], [ 48939.0, 17404.0 ], [ 48916.0, 17427.0 ], [ 48893.0, 17450.0 ], [ 48870.0, 17450.0 ], [ 48847.0, 17473.0 ], [ 48824.0, 17496.0 ], [ 48824.0, 17519.0 ], [ 48801.0, 17542.0 ], [ 48778.0, 17519.0 ], [ 48755.0, 17542.0 ], [ 48732.0, 17542.0 ], [ 48709.0, 17565.0 ], [ 48686.0, 17588.0 ], [ 48663.0, 17588.0 ], [ 48640.0, 17611.0 ], [ 48617.0, 17634.0 ], [ 48594.0, 17634.0 ], [ 48570.0, 17657.0 ], [ 48547.0, 17681.0 ], [ 48524.0, 17681.0 ], [ 48501.0, 17704.0 ], [ 48501.0, 17727.0 ], [ 48501.0, 17750.0 ], [ 48501.0, 17773.0 ], [ 48501.0, 17796.0 ], [ 48501.0, 17819.0 ], [ 48501.0, 17842.0 ], [ 48501.0, 17865.0 ], [ 48501.0, 17888.0 ], [ 48501.0, 17911.0 ], [ 48501.0, 17934.0 ], [ 48501.0, 17957.0 ], [ 48501.0, 17980.0 ], [ 48501.0, 18003.0 ], [ 48501.0, 18026.0 ], [ 48524.0, 18026.0 ], [ 48547.0, 18026.0 ], [ 48570.0, 18026.0 ], [ 48594.0, 18026.0 ], [ 48617.0, 18003.0 ], [ 48640.0, 18003.0 ], [ 48663.0, 18003.0 ], [ 48686.0, 18003.0 ], [ 48709.0, 18003.0 ], [ 48732.0, 18003.0 ], [ 48755.0, 18003.0 ], [ 48778.0, 18003.0 ], [ 48801.0, 18003.0 ], [ 48824.0, 18003.0 ], [ 48847.0, 17980.0 ], [ 48870.0, 17980.0 ], [ 48893.0, 17980.0 ], [ 48916.0, 17980.0 ], [ 48939.0, 17980.0 ], [ 48962.0, 17980.0 ], [ 48985.0, 17980.0 ], [ 49008.0, 17957.0 ], [ 49032.0, 17957.0 ], [ 49055.0, 17957.0 ], [ 49078.0, 17957.0 ], [ 49101.0, 17957.0 ], [ 49124.0, 17934.0 ], [ 49147.0, 17911.0 ], [ 49170.0, 17911.0 ], [ 49193.0, 17934.0 ], [ 49193.0, 17911.0 ], [ 49216.0, 17888.0 ], [ 49239.0, 17888.0 ], [ 49262.0, 17888.0 ], [ 49285.0, 17888.0 ], [ 49308.0, 17911.0 ], [ 49331.0, 17911.0 ], [ 49354.0, 17888.0 ], [ 49377.0, 17888.0 ], [ 49400.0, 17888.0 ], [ 49423.0, 17888.0 ], [ 49446.0, 17865.0 ], [ 49470.0, 17865.0 ], [ 49493.0, 17865.0 ], [ 49516.0, 17842.0 ], [ 49516.0, 17819.0 ], [ 49516.0, 17796.0 ], [ 49539.0, 17773.0 ], [ 49562.0, 17796.0 ], [ 49585.0, 17819.0 ], [ 49608.0, 17819.0 ], [ 49631.0, 17819.0 ], [ 49654.0, 17796.0 ], [ 49677.0, 17796.0 ], [ 49700.0, 17796.0 ], [ 49700.0, 17773.0 ], [ 49723.0, 17750.0 ], [ 49746.0, 17773.0 ], [ 49769.0, 17773.0 ], [ 49769.0, 17750.0 ], [ 49792.0, 17727.0 ], [ 49815.0, 17750.0 ], [ 49838.0, 17750.0 ], [ 49838.0, 17727.0 ], [ 49861.0, 17704.0 ], [ 49884.0, 17704.0 ], [ 49908.0, 17681.0 ], [ 49931.0, 17681.0 ], [ 49954.0, 17657.0 ], [ 49954.0, 17634.0 ], [ 49977.0, 17611.0 ], [ 50000.0, 17611.0 ], [ 50023.0, 17611.0 ], [ 50046.0, 17611.0 ], [ 50069.0, 17611.0 ], [ 50092.0, 17588.0 ], [ 50115.0, 17588.0 ], [ 50138.0, 17565.0 ], [ 50161.0, 17542.0 ], [ 50184.0, 17519.0 ], [ 50207.0, 17519.0 ], [ 50230.0, 17519.0 ], [ 50253.0, 17519.0 ], [ 50276.0, 17519.0 ], [ 50299.0, 17519.0 ], [ 50322.0, 17519.0 ], [ 50345.0, 17496.0 ], [ 50369.0, 17496.0 ], [ 50392.0, 17473.0 ], [ 50415.0, 17473.0 ], [ 50438.0, 17450.0 ], [ 50461.0, 17450.0 ], [ 50484.0, 17427.0 ], [ 50507.0, 17427.0 ], [ 50530.0, 17404.0 ], [ 50553.0, 17404.0 ], [ 50553.0, 17381.0 ], [ 50576.0, 17358.0 ], [ 50599.0, 17358.0 ], [ 50622.0, 17358.0 ], [ 50645.0, 17335.0 ], [ 50668.0, 17335.0 ], [ 50691.0, 17312.0 ], [ 50714.0, 17312.0 ], [ 50737.0, 17289.0 ], [ 50737.0, 17266.0 ], [ 50760.0, 17243.0 ], [ 50783.0, 17243.0 ], [ 50807.0, 17219.0 ], [ 50830.0, 17243.0 ], [ 50830.0, 17219.0 ], [ 50853.0, 17196.0 ], [ 50876.0, 17196.0 ], [ 50899.0, 17196.0 ], [ 50899.0, 17173.0 ], [ 50922.0, 17150.0 ], [ 50945.0, 17127.0 ], [ 50968.0, 17150.0 ], [ 50968.0, 17127.0 ], [ 50991.0, 17104.0 ], [ 51014.0, 17104.0 ], [ 51037.0, 17104.0 ], [ 51060.0, 17081.0 ], [ 51060.0, 17058.0 ], [ 51083.0, 17035.0 ], [ 51106.0, 17058.0 ], [ 51129.0, 17035.0 ], [ 51152.0, 17012.0 ], [ 51175.0, 16989.0 ], [ 51198.0, 16966.0 ], [ 51221.0, 16966.0 ], [ 51198.0, 16943.0 ], [ 51221.0, 16920.0 ], [ 51245.0, 16920.0 ], [ 51268.0, 16943.0 ], [ 51268.0, 16920.0 ], [ 51291.0, 16897.0 ], [ 51314.0, 16920.0 ], [ 51314.0, 16897.0 ], [ 51337.0, 16874.0 ], [ 51337.0, 16851.0 ], [ 51360.0, 16828.0 ], [ 51383.0, 16828.0 ], [ 51406.0, 16851.0 ], [ 51429.0, 16828.0 ], [ 51452.0, 16828.0 ], [ 51475.0, 16805.0 ], [ 51498.0, 16805.0 ], [ 51521.0, 16781.0 ], [ 51544.0, 16758.0 ], [ 51567.0, 16758.0 ], [ 51590.0, 16735.0 ], [ 51590.0, 16712.0 ], [ 51590.0, 16689.0 ], [ 51590.0, 16666.0 ], [ 51613.0, 16643.0 ], [ 51636.0, 16643.0 ], [ 51659.0, 16666.0 ], [ 51659.0, 16689.0 ], [ 51683.0, 16666.0 ], [ 51706.0, 16666.0 ], [ 51729.0, 16643.0 ], [ 51706.0, 16620.0 ], [ 51729.0, 16597.0 ], [ 51752.0, 16574.0 ], [ 51775.0, 16551.0 ], [ 51798.0, 16528.0 ], [ 51821.0, 16528.0 ], [ 51798.0, 16505.0 ], [ 51821.0, 16482.0 ], [ 51844.0, 16482.0 ], [ 51867.0, 16482.0 ], [ 51890.0, 16482.0 ], [ 51913.0, 16482.0 ], [ 51936.0, 16482.0 ], [ 51959.0, 16482.0 ], [ 51982.0, 16459.0 ], [ 52005.0, 16436.0 ], [ 52028.0, 16436.0 ], [ 52051.0, 16413.0 ], [ 52074.0, 16390.0 ], [ 52097.0, 16367.0 ], [ 52121.0, 16344.0 ], [ 52144.0, 16320.0 ], [ 52167.0, 16297.0 ], [ 52190.0, 16297.0 ], [ 52213.0, 16274.0 ], [ 52236.0, 16251.0 ], [ 52259.0, 16228.0 ], [ 52282.0, 16205.0 ], [ 52305.0, 16205.0 ], [ 52328.0, 16182.0 ], [ 52351.0, 16159.0 ], [ 52374.0, 16159.0 ], [ 52397.0, 16136.0 ], [ 52420.0, 16113.0 ], [ 52420.0, 16090.0 ], [ 52443.0, 16067.0 ], [ 52443.0, 16044.0 ], [ 52466.0, 16021.0 ], [ 52489.0, 16021.0 ], [ 52512.0, 16044.0 ], [ 52535.0, 16021.0 ], [ 52559.0, 15998.0 ], [ 52582.0, 15975.0 ], [ 52605.0, 15952.0 ], [ 52628.0, 15929.0 ], [ 52651.0, 15906.0 ], [ 52674.0, 15906.0 ], [ 52697.0, 15882.0 ], [ 52720.0, 15859.0 ], [ 52743.0, 15836.0 ], [ 52743.0, 15813.0 ], [ 52766.0, 15790.0 ], [ 52789.0, 15767.0 ], [ 52812.0, 15744.0 ], [ 52835.0, 15744.0 ], [ 52858.0, 15721.0 ], [ 52881.0, 15698.0 ], [ 52904.0, 15675.0 ], [ 52927.0, 15675.0 ], [ 52950.0, 15652.0 ], [ 52973.0, 15629.0 ], [ 52997.0, 15629.0 ], [ 53020.0, 15606.0 ], [ 53043.0, 15583.0 ], [ 53066.0, 15560.0 ], [ 53089.0, 15560.0 ], [ 53112.0, 15537.0 ], [ 53135.0, 15514.0 ], [ 53135.0, 15491.0 ], [ 53158.0, 15468.0 ], [ 53181.0, 15491.0 ], [ 53204.0, 15468.0 ], [ 53227.0, 15444.0 ], [ 53250.0, 15421.0 ], [ 53273.0, 15421.0 ], [ 53296.0, 15398.0 ], [ 53319.0, 15375.0 ], [ 53342.0, 15352.0 ], [ 53365.0, 15329.0 ], [ 53388.0, 15329.0 ], [ 53411.0, 15306.0 ], [ 53434.0, 15283.0 ], [ 53458.0, 15260.0 ], [ 53481.0, 15237.0 ], [ 53504.0, 15214.0 ], [ 53527.0, 15191.0 ], [ 53550.0, 15168.0 ], [ 53573.0, 15145.0 ], [ 53596.0, 15122.0 ], [ 53619.0, 15122.0 ], [ 53642.0, 15099.0 ], [ 53665.0, 15076.0 ], [ 53688.0, 15053.0 ], [ 53711.0, 15030.0 ], [ 53734.0, 15006.0 ], [ 53757.0, 14983.0 ], [ 53780.0, 14960.0 ], [ 53803.0, 14937.0 ], [ 53826.0, 14914.0 ], [ 53849.0, 14891.0 ], [ 53872.0, 14868.0 ], [ 53896.0, 14845.0 ], [ 53919.0, 14822.0 ], [ 53942.0, 14799.0 ], [ 53965.0, 14776.0 ], [ 53988.0, 14753.0 ], [ 54011.0, 14730.0 ], [ 54034.0, 14707.0 ], [ 54057.0, 14684.0 ], [ 54080.0, 14661.0 ], [ 54103.0, 14638.0 ], [ 54126.0, 14615.0 ], [ 54149.0, 14592.0 ], [ 54172.0, 14568.0 ], [ 54195.0, 14545.0 ], [ 54218.0, 14522.0 ], [ 54241.0, 14499.0 ], [ 54264.0, 14476.0 ], [ 54287.0, 14453.0 ], [ 54310.0, 14430.0 ], [ 54334.0, 14407.0 ], [ 54357.0, 14384.0 ], [ 54380.0, 14361.0 ], [ 54403.0, 14338.0 ], [ 54426.0, 14315.0 ], [ 54449.0, 14292.0 ], [ 54472.0, 14269.0 ], [ 54495.0, 14246.0 ], [ 54495.0, 14223.0 ], [ 54518.0, 14200.0 ], [ 54541.0, 14177.0 ], [ 54564.0, 14154.0 ], [ 54587.0, 14130.0 ], [ 54610.0, 14107.0 ], [ 54633.0, 14084.0 ], [ 54656.0, 14061.0 ], [ 54679.0, 14038.0 ], [ 54702.0, 14015.0 ], [ 54725.0, 13992.0 ], [ 54748.0, 13969.0 ], [ 54772.0, 13946.0 ], [ 54772.0, 13923.0 ], [ 54795.0, 13900.0 ], [ 54818.0, 13877.0 ], [ 54841.0, 13854.0 ], [ 54864.0, 13831.0 ], [ 54864.0, 13808.0 ], [ 54887.0, 13785.0 ], [ 54910.0, 13762.0 ], [ 54910.0, 13739.0 ], [ 54933.0, 13716.0 ], [ 54956.0, 13716.0 ], [ 54956.0, 13693.0 ], [ 54979.0, 13669.0 ], [ 54979.0, 13646.0 ], [ 55002.0, 13623.0 ], [ 55002.0, 13600.0 ], [ 55025.0, 13577.0 ], [ 55025.0, 13554.0 ], [ 55048.0, 13531.0 ], [ 55048.0, 13508.0 ], [ 55071.0, 13485.0 ], [ 55071.0, 13462.0 ], [ 55094.0, 13439.0 ], [ 55094.0, 13416.0 ], [ 55094.0, 13393.0 ], [ 55094.0, 13370.0 ], [ 55117.0, 13347.0 ], [ 55117.0, 13324.0 ], [ 55117.0, 13301.0 ], [ 55117.0, 13278.0 ], [ 55117.0, 13255.0 ], [ 55117.0, 13231.0 ], [ 55117.0, 13208.0 ], [ 55117.0, 13185.0 ], [ 55117.0, 13162.0 ], [ 55117.0, 13139.0 ], [ 55094.0, 13116.0 ], [ 55094.0, 13093.0 ], [ 55094.0, 13070.0 ], [ 55071.0, 13047.0 ], [ 55048.0, 13024.0 ], [ 55025.0, 13001.0 ], [ 55002.0, 12978.0 ], [ 54979.0, 12978.0 ], [ 54956.0, 12955.0 ], [ 54933.0, 12955.0 ], [ 54910.0, 12955.0 ], [ 54887.0, 12955.0 ], [ 54864.0, 12955.0 ], [ 54841.0, 12955.0 ], [ 54818.0, 12955.0 ], [ 54795.0, 12955.0 ], [ 54772.0, 12955.0 ], [ 54748.0, 12932.0 ], [ 54772.0, 12909.0 ], [ 54795.0, 12886.0 ], [ 54772.0, 12886.0 ], [ 54748.0, 12863.0 ], [ 54772.0, 12840.0 ], [ 54795.0, 12840.0 ], [ 54818.0, 12840.0 ], [ 54841.0, 12817.0 ], [ 54864.0, 12817.0 ], [ 54887.0, 12817.0 ], [ 54910.0, 12817.0 ], [ 54933.0, 12817.0 ], [ 54956.0, 12817.0 ], [ 54979.0, 12817.0 ], [ 55002.0, 12817.0 ], [ 55025.0, 12817.0 ], [ 55048.0, 12817.0 ], [ 55071.0, 12817.0 ], [ 55094.0, 12817.0 ], [ 55117.0, 12817.0 ], [ 55140.0, 12817.0 ], [ 55163.0, 12817.0 ], [ 55186.0, 12840.0 ], [ 55210.0, 12840.0 ], [ 55233.0, 12840.0 ], [ 55256.0, 12863.0 ], [ 55279.0, 12840.0 ], [ 55302.0, 12840.0 ], [ 55325.0, 12840.0 ], [ 55348.0, 12863.0 ], [ 55371.0, 12863.0 ], [ 55394.0, 12863.0 ], [ 55417.0, 12863.0 ], [ 55440.0, 12863.0 ], [ 55463.0, 12863.0 ], [ 55486.0, 12863.0 ], [ 55509.0, 12863.0 ], [ 55532.0, 12863.0 ], [ 55555.0, 12886.0 ], [ 55532.0, 12909.0 ], [ 55509.0, 12909.0 ], [ 55486.0, 12909.0 ], [ 55463.0, 12909.0 ], [ 55440.0, 12909.0 ], [ 55417.0, 12932.0 ], [ 55440.0, 12955.0 ], [ 55463.0, 12955.0 ], [ 55486.0, 12978.0 ], [ 55509.0, 13001.0 ], [ 55509.0, 13024.0 ], [ 55486.0, 13047.0 ], [ 55463.0, 13024.0 ], [ 55440.0, 13024.0 ], [ 55417.0, 13024.0 ], [ 55394.0, 13001.0 ], [ 55371.0, 13024.0 ], [ 55348.0, 13024.0 ], [ 55325.0, 13047.0 ], [ 55325.0, 13070.0 ], [ 55325.0, 13093.0 ], [ 55325.0, 13116.0 ], [ 55325.0, 13139.0 ], [ 55348.0, 13162.0 ], [ 55348.0, 13185.0 ], [ 55348.0, 13208.0 ], [ 55348.0, 13231.0 ], [ 55348.0, 13255.0 ], [ 55348.0, 13278.0 ], [ 55348.0, 13301.0 ], [ 55348.0, 13324.0 ], [ 55348.0, 13347.0 ], [ 55348.0, 13370.0 ], [ 55348.0, 13393.0 ], [ 55348.0, 13416.0 ], [ 55348.0, 13439.0 ], [ 55325.0, 13462.0 ], [ 55325.0, 13485.0 ], [ 55325.0, 13508.0 ], [ 55325.0, 13531.0 ], [ 55325.0, 13554.0 ], [ 55325.0, 13577.0 ], [ 55325.0, 13600.0 ], [ 55302.0, 13623.0 ], [ 55302.0, 13646.0 ], [ 55302.0, 13669.0 ], [ 55325.0, 13693.0 ], [ 55325.0, 13716.0 ], [ 55325.0, 13739.0 ], [ 55348.0, 13762.0 ], [ 55371.0, 13785.0 ], [ 55348.0, 13808.0 ], [ 55371.0, 13831.0 ], [ 55394.0, 13831.0 ], [ 55417.0, 13831.0 ], [ 55440.0, 13854.0 ], [ 55417.0, 13877.0 ], [ 55394.0, 13877.0 ], [ 55371.0, 13900.0 ], [ 55394.0, 13900.0 ], [ 55417.0, 13900.0 ], [ 55440.0, 13877.0 ], [ 55463.0, 13877.0 ], [ 55486.0, 13854.0 ], [ 55486.0, 13831.0 ], [ 55463.0, 13808.0 ], [ 55486.0, 13785.0 ], [ 55486.0, 13762.0 ], [ 55463.0, 13739.0 ], [ 55463.0, 13716.0 ], [ 55440.0, 13693.0 ], [ 55440.0, 13669.0 ], [ 55417.0, 13646.0 ], [ 55440.0, 13623.0 ], [ 55463.0, 13623.0 ], [ 55463.0, 13600.0 ], [ 55486.0, 13577.0 ], [ 55509.0, 13577.0 ], [ 55532.0, 13600.0 ], [ 55555.0, 13600.0 ], [ 55578.0, 13623.0 ], [ 55601.0, 13623.0 ], [ 55624.0, 13646.0 ], [ 55648.0, 13669.0 ], [ 55671.0, 13669.0 ], [ 55694.0, 13693.0 ], [ 55694.0, 13716.0 ], [ 55717.0, 13716.0 ], [ 55740.0, 13739.0 ], [ 55740.0, 13762.0 ], [ 55717.0, 13785.0 ], [ 55694.0, 13785.0 ], [ 55694.0, 13808.0 ], [ 55671.0, 13831.0 ], [ 55694.0, 13854.0 ], [ 55694.0, 13877.0 ], [ 55671.0, 13900.0 ], [ 55671.0, 13923.0 ], [ 55671.0, 13946.0 ], [ 55648.0, 13969.0 ], [ 55624.0, 13992.0 ], [ 55601.0, 14015.0 ], [ 55578.0, 14038.0 ], [ 55555.0, 14061.0 ], [ 55555.0, 14084.0 ], [ 55555.0, 14107.0 ], [ 55578.0, 14107.0 ], [ 55601.0, 14107.0 ], [ 55624.0, 14107.0 ], [ 55648.0, 14107.0 ], [ 55671.0, 14107.0 ], [ 55694.0, 14107.0 ], [ 55717.0, 14107.0 ], [ 55740.0, 14107.0 ], [ 55763.0, 14107.0 ], [ 55786.0, 14107.0 ], [ 55809.0, 14084.0 ], [ 55832.0, 14084.0 ], [ 55855.0, 14084.0 ], [ 55878.0, 14061.0 ], [ 55901.0, 14038.0 ], [ 55924.0, 14038.0 ], [ 55947.0, 14015.0 ], [ 55970.0, 13992.0 ], [ 55993.0, 13969.0 ], [ 56016.0, 13946.0 ], [ 56039.0, 13923.0 ], [ 56062.0, 13900.0 ], [ 56085.0, 13877.0 ], [ 56109.0, 13854.0 ], [ 56132.0, 13831.0 ], [ 56155.0, 13808.0 ], [ 56178.0, 13808.0 ], [ 56201.0, 13785.0 ], [ 56224.0, 13762.0 ], [ 56247.0, 13739.0 ], [ 56270.0, 13739.0 ], [ 56293.0, 13762.0 ], [ 56316.0, 13762.0 ], [ 56339.0, 13762.0 ], [ 56362.0, 13739.0 ], [ 56385.0, 13716.0 ], [ 56408.0, 13693.0 ], [ 56408.0, 13669.0 ], [ 56431.0, 13646.0 ], [ 56454.0, 13623.0 ], [ 56477.0, 13623.0 ], [ 56500.0, 13623.0 ], [ 56523.0, 13623.0 ], [ 56547.0, 13600.0 ], [ 56570.0, 13577.0 ], [ 56593.0, 13577.0 ], [ 56616.0, 13554.0 ], [ 56639.0, 13531.0 ], [ 56662.0, 13508.0 ], [ 56662.0, 13485.0 ], [ 56662.0, 13462.0 ], [ 56685.0, 13439.0 ], [ 56685.0, 13416.0 ], [ 56708.0, 13393.0 ], [ 56731.0, 13393.0 ], [ 56754.0, 13416.0 ], [ 56777.0, 13416.0 ], [ 56754.0, 13393.0 ], [ 56754.0, 13370.0 ], [ 56754.0, 13347.0 ], [ 56777.0, 13324.0 ], [ 56800.0, 13324.0 ], [ 56823.0, 13347.0 ], [ 56846.0, 13347.0 ], [ 56869.0, 13347.0 ], [ 56892.0, 13347.0 ], [ 56915.0, 13370.0 ], [ 56938.0, 13370.0 ], [ 56961.0, 13393.0 ], [ 56985.0, 13393.0 ], [ 56985.0, 13370.0 ], [ 57008.0, 13347.0 ], [ 57008.0, 13324.0 ], [ 57008.0, 13301.0 ], [ 57008.0, 13278.0 ], [ 57031.0, 13255.0 ], [ 57031.0, 13231.0 ], [ 57008.0, 13208.0 ], [ 57008.0, 13185.0 ], [ 57008.0, 13162.0 ], [ 57031.0, 13139.0 ], [ 57054.0, 13162.0 ], [ 57054.0, 13185.0 ], [ 57077.0, 13208.0 ], [ 57077.0, 13231.0 ], [ 57100.0, 13255.0 ], [ 57123.0, 13278.0 ], [ 57123.0, 13301.0 ], [ 57146.0, 13324.0 ], [ 57169.0, 13347.0 ], [ 57169.0, 13370.0 ], [ 57192.0, 13393.0 ], [ 57215.0, 13393.0 ], [ 57238.0, 13416.0 ], [ 57238.0, 13439.0 ], [ 57238.0, 13462.0 ], [ 57261.0, 13485.0 ], [ 57284.0, 13508.0 ], [ 57284.0, 13531.0 ], [ 57307.0, 13554.0 ], [ 57307.0, 13577.0 ], [ 57330.0, 13600.0 ], [ 57353.0, 13623.0 ], [ 57353.0, 13646.0 ], [ 57353.0, 13669.0 ], [ 57376.0, 13669.0 ], [ 57399.0, 13693.0 ], [ 57423.0, 13716.0 ], [ 57423.0, 13739.0 ], [ 57423.0, 13762.0 ], [ 57446.0, 13785.0 ], [ 57469.0, 13808.0 ], [ 57492.0, 13831.0 ], [ 57515.0, 13831.0 ], [ 57538.0, 13854.0 ], [ 57538.0, 13877.0 ], [ 57515.0, 13900.0 ], [ 57492.0, 13900.0 ], [ 57469.0, 13877.0 ], [ 57446.0, 13877.0 ], [ 57423.0, 13877.0 ], [ 57399.0, 13854.0 ], [ 57376.0, 13854.0 ], [ 57353.0, 13831.0 ], [ 57330.0, 13831.0 ], [ 57307.0, 13854.0 ], [ 57284.0, 13854.0 ], [ 57261.0, 13877.0 ], [ 57238.0, 13877.0 ], [ 57215.0, 13877.0 ], [ 57192.0, 13877.0 ], [ 57169.0, 13900.0 ], [ 57146.0, 13900.0 ], [ 57123.0, 13900.0 ], [ 57100.0, 13900.0 ], [ 57077.0, 13900.0 ], [ 57054.0, 13900.0 ], [ 57031.0, 13900.0 ], [ 57008.0, 13900.0 ], [ 56985.0, 13923.0 ], [ 56961.0, 13923.0 ], [ 56938.0, 13923.0 ], [ 56915.0, 13946.0 ], [ 56892.0, 13946.0 ], [ 56869.0, 13923.0 ], [ 56846.0, 13923.0 ], [ 56823.0, 13923.0 ], [ 56800.0, 13946.0 ], [ 56777.0, 13946.0 ], [ 56754.0, 13946.0 ], [ 56754.0, 13969.0 ], [ 56754.0, 13992.0 ], [ 56754.0, 14015.0 ], [ 56731.0, 14038.0 ], [ 56708.0, 14015.0 ], [ 56685.0, 14015.0 ], [ 56662.0, 14015.0 ], [ 56639.0, 14015.0 ], [ 56616.0, 14015.0 ], [ 56593.0, 14015.0 ], [ 56570.0, 14015.0 ], [ 56547.0, 14015.0 ], [ 56523.0, 14038.0 ], [ 56500.0, 14061.0 ], [ 56477.0, 14061.0 ], [ 56454.0, 14084.0 ], [ 56431.0, 14084.0 ], [ 56408.0, 14084.0 ], [ 56385.0, 14107.0 ], [ 56362.0, 14107.0 ], [ 56339.0, 14107.0 ], [ 56316.0, 14130.0 ], [ 56293.0, 14130.0 ], [ 56270.0, 14130.0 ], [ 56247.0, 14154.0 ], [ 56224.0, 14154.0 ], [ 56201.0, 14177.0 ], [ 56178.0, 14200.0 ], [ 56155.0, 14200.0 ], [ 56132.0, 14200.0 ], [ 56109.0, 14223.0 ], [ 56085.0, 14223.0 ], [ 56062.0, 14223.0 ], [ 56039.0, 14246.0 ], [ 56016.0, 14269.0 ], [ 55993.0, 14292.0 ], [ 55970.0, 14315.0 ], [ 55947.0, 14315.0 ], [ 55924.0, 14315.0 ], [ 55901.0, 14338.0 ], [ 55878.0, 14338.0 ], [ 55855.0, 14361.0 ], [ 55855.0, 14384.0 ], [ 55855.0, 14407.0 ], [ 55855.0, 14430.0 ], [ 55832.0, 14453.0 ], [ 55809.0, 14453.0 ], [ 55786.0, 14453.0 ], [ 55763.0, 14453.0 ], [ 55740.0, 14453.0 ], [ 55717.0, 14453.0 ], [ 55694.0, 14453.0 ], [ 55671.0, 14453.0 ], [ 55648.0, 14430.0 ], [ 55624.0, 14453.0 ], [ 55601.0, 14453.0 ], [ 55578.0, 14476.0 ], [ 55555.0, 14476.0 ], [ 55532.0, 14499.0 ], [ 55509.0, 14522.0 ], [ 55486.0, 14522.0 ], [ 55463.0, 14545.0 ], [ 55440.0, 14568.0 ], [ 55417.0, 14592.0 ], [ 55394.0, 14592.0 ], [ 55371.0, 14615.0 ], [ 55348.0, 14638.0 ], [ 55325.0, 14661.0 ], [ 55302.0, 14661.0 ], [ 55279.0, 14684.0 ], [ 55256.0, 14707.0 ], [ 55233.0, 14730.0 ], [ 55210.0, 14753.0 ], [ 55186.0, 14776.0 ], [ 55163.0, 14799.0 ], [ 55140.0, 14799.0 ], [ 55117.0, 14822.0 ], [ 55094.0, 14845.0 ], [ 55071.0, 14868.0 ], [ 55048.0, 14891.0 ], [ 55025.0, 14914.0 ], [ 55002.0, 14937.0 ], [ 54979.0, 14960.0 ], [ 54956.0, 14960.0 ], [ 54933.0, 14983.0 ], [ 54910.0, 15006.0 ], [ 54887.0, 15030.0 ], [ 54864.0, 15053.0 ], [ 54841.0, 15076.0 ], [ 54818.0, 15099.0 ], [ 54795.0, 15099.0 ], [ 54772.0, 15122.0 ], [ 54748.0, 15145.0 ], [ 54725.0, 15168.0 ], [ 54702.0, 15168.0 ], [ 54679.0, 15191.0 ], [ 54656.0, 15214.0 ], [ 54633.0, 15237.0 ], [ 54610.0, 15260.0 ], [ 54587.0, 15260.0 ], [ 54564.0, 15283.0 ], [ 54541.0, 15306.0 ], [ 54518.0, 15329.0 ], [ 54495.0, 15352.0 ], [ 54472.0, 15352.0 ], [ 54449.0, 15375.0 ], [ 54426.0, 15398.0 ], [ 54403.0, 15421.0 ], [ 54403.0, 15444.0 ], [ 54380.0, 15468.0 ], [ 54357.0, 15468.0 ], [ 54334.0, 15468.0 ], [ 54310.0, 15491.0 ], [ 54287.0, 15514.0 ], [ 54264.0, 15537.0 ], [ 54241.0, 15560.0 ], [ 54218.0, 15560.0 ], [ 54195.0, 15583.0 ], [ 54172.0, 15606.0 ], [ 54149.0, 15629.0 ], [ 54126.0, 15652.0 ], [ 54103.0, 15675.0 ], [ 54080.0, 15675.0 ], [ 54057.0, 15698.0 ], [ 54034.0, 15721.0 ], [ 54011.0, 15744.0 ], [ 53988.0, 15767.0 ], [ 53965.0, 15767.0 ], [ 53942.0, 15790.0 ], [ 53919.0, 15813.0 ], [ 53896.0, 15836.0 ], [ 53872.0, 15859.0 ], [ 53849.0, 15882.0 ], [ 53826.0, 15882.0 ], [ 53803.0, 15906.0 ], [ 53780.0, 15929.0 ], [ 53757.0, 15952.0 ], [ 53734.0, 15975.0 ], [ 53711.0, 15975.0 ], [ 53688.0, 15998.0 ], [ 53665.0, 16021.0 ], [ 53642.0, 16044.0 ], [ 53619.0, 16067.0 ], [ 53596.0, 16067.0 ], [ 53573.0, 16090.0 ], [ 53550.0, 16113.0 ], [ 53527.0, 16136.0 ], [ 53504.0, 16159.0 ], [ 53481.0, 16182.0 ], [ 53458.0, 16182.0 ], [ 53434.0, 16205.0 ], [ 53411.0, 16228.0 ], [ 53388.0, 16251.0 ], [ 53365.0, 16274.0 ], [ 53342.0, 16297.0 ], [ 53319.0, 16297.0 ], [ 53296.0, 16320.0 ], [ 53273.0, 16344.0 ], [ 53250.0, 16367.0 ], [ 53227.0, 16390.0 ], [ 53204.0, 16413.0 ], [ 53181.0, 16436.0 ], [ 53158.0, 16459.0 ], [ 53135.0, 16459.0 ], [ 53135.0, 16482.0 ], [ 53112.0, 16505.0 ], [ 53089.0, 16505.0 ], [ 53066.0, 16505.0 ], [ 53043.0, 16528.0 ], [ 53020.0, 16551.0 ], [ 52997.0, 16574.0 ], [ 52973.0, 16597.0 ], [ 52950.0, 16620.0 ], [ 52927.0, 16620.0 ], [ 52904.0, 16643.0 ], [ 52881.0, 16666.0 ], [ 52858.0, 16666.0 ], [ 52835.0, 16689.0 ], [ 52812.0, 16712.0 ], [ 52789.0, 16735.0 ], [ 52766.0, 16758.0 ], [ 52743.0, 16758.0 ], [ 52720.0, 16781.0 ], [ 52697.0, 16805.0 ], [ 52674.0, 16828.0 ], [ 52651.0, 16828.0 ], [ 52628.0, 16851.0 ], [ 52628.0, 16874.0 ], [ 52628.0, 16897.0 ], [ 52605.0, 16920.0 ], [ 52582.0, 16920.0 ], [ 52559.0, 16920.0 ], [ 52535.0, 16920.0 ], [ 52512.0, 16943.0 ], [ 52489.0, 16966.0 ], [ 52466.0, 16989.0 ], [ 52443.0, 16989.0 ], [ 52420.0, 17012.0 ], [ 52397.0, 17035.0 ], [ 52374.0, 17035.0 ], [ 52351.0, 17058.0 ], [ 52328.0, 17081.0 ], [ 52305.0, 17081.0 ], [ 52282.0, 17104.0 ], [ 52259.0, 17127.0 ], [ 52236.0, 17127.0 ], [ 52213.0, 17150.0 ], [ 52190.0, 17173.0 ], [ 52167.0, 17173.0 ], [ 52144.0, 17196.0 ], [ 52121.0, 17219.0 ], [ 52097.0, 17219.0 ], [ 52074.0, 17243.0 ], [ 52051.0, 17243.0 ], [ 52028.0, 17266.0 ], [ 52005.0, 17266.0 ], [ 51982.0, 17289.0 ], [ 51959.0, 17312.0 ], [ 51936.0, 17312.0 ], [ 51936.0, 17335.0 ], [ 51913.0, 17358.0 ], [ 51890.0, 17381.0 ], [ 51867.0, 17381.0 ], [ 51844.0, 17404.0 ], [ 51821.0, 17427.0 ], [ 51798.0, 17450.0 ], [ 51775.0, 17450.0 ], [ 51752.0, 17473.0 ], [ 51729.0, 17473.0 ], [ 51729.0, 17496.0 ], [ 51729.0, 17519.0 ], [ 51706.0, 17542.0 ], [ 51683.0, 17542.0 ], [ 51659.0, 17542.0 ], [ 51636.0, 17542.0 ], [ 51613.0, 17542.0 ], [ 51590.0, 17542.0 ], [ 51567.0, 17542.0 ], [ 51544.0, 17565.0 ], [ 51521.0, 17565.0 ], [ 51498.0, 17588.0 ], [ 51475.0, 17588.0 ], [ 51452.0, 17611.0 ], [ 51429.0, 17634.0 ], [ 51406.0, 17657.0 ], [ 51383.0, 17657.0 ], [ 51360.0, 17657.0 ], [ 51360.0, 17681.0 ], [ 51337.0, 17704.0 ], [ 51314.0, 17727.0 ], [ 51291.0, 17727.0 ], [ 51268.0, 17750.0 ], [ 51245.0, 17750.0 ], [ 51221.0, 17773.0 ], [ 51198.0, 17773.0 ], [ 51175.0, 17796.0 ], [ 51152.0, 17796.0 ], [ 51129.0, 17819.0 ], [ 51106.0, 17819.0 ], [ 51083.0, 17842.0 ], [ 51060.0, 17865.0 ], [ 51037.0, 17888.0 ], [ 51014.0, 17888.0 ], [ 50991.0, 17911.0 ], [ 50968.0, 17911.0 ], [ 50945.0, 17911.0 ], [ 50922.0, 17911.0 ], [ 50899.0, 17934.0 ], [ 50876.0, 17957.0 ], [ 50853.0, 17980.0 ], [ 50830.0, 17980.0 ], [ 50807.0, 18003.0 ], [ 50783.0, 18003.0 ], [ 50760.0, 18003.0 ], [ 50737.0, 18003.0 ], [ 50714.0, 18026.0 ], [ 50691.0, 18026.0 ], [ 50668.0, 18049.0 ], [ 50645.0, 18026.0 ], [ 50622.0, 18049.0 ], [ 50599.0, 18049.0 ], [ 50576.0, 18072.0 ], [ 50553.0, 18072.0 ], [ 50530.0, 18095.0 ], [ 50507.0, 18095.0 ], [ 50484.0, 18119.0 ], [ 50461.0, 18119.0 ], [ 50438.0, 18142.0 ], [ 50415.0, 18142.0 ], [ 50392.0, 18165.0 ], [ 50369.0, 18165.0 ], [ 50345.0, 18188.0 ], [ 50322.0, 18188.0 ], [ 50299.0, 18211.0 ], [ 50276.0, 18211.0 ], [ 50253.0, 18234.0 ], [ 50230.0, 18234.0 ], [ 50207.0, 18257.0 ], [ 50184.0, 18257.0 ], [ 50161.0, 18280.0 ], [ 50138.0, 18280.0 ], [ 50115.0, 18303.0 ], [ 50092.0, 18303.0 ], [ 50069.0, 18326.0 ], [ 50046.0, 18326.0 ], [ 50023.0, 18326.0 ], [ 50000.0, 18349.0 ], [ 49977.0, 18349.0 ], [ 49954.0, 18372.0 ], [ 49931.0, 18372.0 ], [ 49908.0, 18372.0 ], [ 49884.0, 18372.0 ], [ 49861.0, 18395.0 ], [ 49838.0, 18395.0 ], [ 49815.0, 18395.0 ], [ 49792.0, 18418.0 ], [ 49769.0, 18441.0 ], [ 49746.0, 18418.0 ], [ 49746.0, 18441.0 ], [ 49723.0, 18464.0 ], [ 49700.0, 18441.0 ], [ 49677.0, 18441.0 ], [ 49654.0, 18464.0 ], [ 49631.0, 18464.0 ], [ 49608.0, 18487.0 ], [ 49585.0, 18487.0 ], [ 49562.0, 18487.0 ], [ 49562.0, 18510.0 ], [ 49562.0, 18533.0 ], [ 49562.0, 18557.0 ], [ 49539.0, 18580.0 ], [ 49516.0, 18557.0 ], [ 49516.0, 18533.0 ], [ 49516.0, 18510.0 ], [ 49493.0, 18510.0 ], [ 49470.0, 18533.0 ], [ 49446.0, 18533.0 ], [ 49423.0, 18533.0 ], [ 49400.0, 18557.0 ], [ 49377.0, 18557.0 ], [ 49354.0, 18580.0 ], [ 49331.0, 18580.0 ], [ 49308.0, 18580.0 ], [ 49285.0, 18603.0 ], [ 49262.0, 18603.0 ], [ 49239.0, 18603.0 ], [ 49216.0, 18626.0 ], [ 49193.0, 18626.0 ], [ 49170.0, 18626.0 ], [ 49147.0, 18649.0 ], [ 49124.0, 18649.0 ], [ 49101.0, 18672.0 ], [ 49078.0, 18672.0 ], [ 49055.0, 18672.0 ], [ 49032.0, 18695.0 ], [ 49008.0, 18695.0 ], [ 48985.0, 18718.0 ], [ 48962.0, 18718.0 ], [ 48939.0, 18718.0 ], [ 48916.0, 18741.0 ], [ 48893.0, 18741.0 ], [ 48870.0, 18764.0 ], [ 48847.0, 18764.0 ], [ 48824.0, 18787.0 ], [ 48801.0, 18787.0 ], [ 48778.0, 18810.0 ], [ 48755.0, 18833.0 ], [ 48732.0, 18833.0 ], [ 48709.0, 18856.0 ], [ 48686.0, 18879.0 ], [ 48663.0, 18902.0 ], [ 48640.0, 18925.0 ], [ 48640.0, 18948.0 ], [ 48617.0, 18971.0 ], [ 48594.0, 18948.0 ], [ 48594.0, 18971.0 ], [ 48570.0, 18995.0 ], [ 48570.0, 19018.0 ], [ 48570.0, 19041.0 ], [ 48570.0, 19064.0 ], [ 48570.0, 19087.0 ], [ 48594.0, 19110.0 ], [ 48617.0, 19133.0 ], [ 48640.0, 19156.0 ], [ 48663.0, 19133.0 ], [ 48686.0, 19156.0 ], [ 48709.0, 19179.0 ], [ 48732.0, 19202.0 ], [ 48755.0, 19202.0 ], [ 48778.0, 19225.0 ], [ 48801.0, 19225.0 ], [ 48824.0, 19248.0 ], [ 48847.0, 19248.0 ], [ 48870.0, 19271.0 ], [ 48893.0, 19271.0 ], [ 48916.0, 19294.0 ], [ 48939.0, 19294.0 ], [ 48962.0, 19317.0 ], [ 48985.0, 19317.0 ], [ 49008.0, 19317.0 ], [ 49032.0, 19340.0 ], [ 49055.0, 19340.0 ], [ 49078.0, 19363.0 ], [ 49101.0, 19363.0 ], [ 49124.0, 19363.0 ], [ 49147.0, 19386.0 ], [ 49170.0, 19386.0 ], [ 49193.0, 19386.0 ], [ 49216.0, 19409.0 ], [ 49239.0, 19409.0 ], [ 49262.0, 19433.0 ], [ 49285.0, 19433.0 ], [ 49308.0, 19433.0 ], [ 49331.0, 19456.0 ], [ 49354.0, 19456.0 ], [ 49377.0, 19456.0 ], [ 49400.0, 19479.0 ], [ 49423.0, 19479.0 ], [ 49446.0, 19479.0 ], [ 49470.0, 19502.0 ], [ 49493.0, 19502.0 ], [ 49516.0, 19502.0 ], [ 49539.0, 19525.0 ], [ 49562.0, 19525.0 ], [ 49585.0, 19525.0 ], [ 49608.0, 19548.0 ], [ 49631.0, 19548.0 ], [ 49654.0, 19548.0 ], [ 49677.0, 19571.0 ], [ 49700.0, 19571.0 ], [ 49723.0, 19571.0 ], [ 49746.0, 19594.0 ], [ 49769.0, 19594.0 ], [ 49792.0, 19594.0 ], [ 49815.0, 19594.0 ], [ 49838.0, 19617.0 ], [ 49861.0, 19617.0 ], [ 49884.0, 19617.0 ], [ 49908.0, 19640.0 ], [ 49931.0, 19640.0 ], [ 49954.0, 19640.0 ], [ 49977.0, 19663.0 ], [ 50000.0, 19663.0 ], [ 50023.0, 19663.0 ], [ 50046.0, 19663.0 ], [ 50069.0, 19686.0 ], [ 50092.0, 19686.0 ], [ 50115.0, 19686.0 ], [ 50138.0, 19709.0 ], [ 50161.0, 19709.0 ], [ 50184.0, 19709.0 ], [ 50207.0, 19709.0 ], [ 50230.0, 19732.0 ], [ 50253.0, 19732.0 ], [ 50276.0, 19732.0 ], [ 50299.0, 19755.0 ], [ 50322.0, 19755.0 ], [ 50345.0, 19755.0 ], [ 50369.0, 19755.0 ], [ 50392.0, 19778.0 ], [ 50415.0, 19778.0 ], [ 50438.0, 19778.0 ], [ 50461.0, 19801.0 ], [ 50484.0, 19801.0 ], [ 50507.0, 19801.0 ], [ 50530.0, 19801.0 ], [ 50553.0, 19824.0 ], [ 50576.0, 19824.0 ], [ 50599.0, 19824.0 ], [ 50622.0, 19824.0 ], [ 50645.0, 19847.0 ], [ 50668.0, 19847.0 ], [ 50691.0, 19847.0 ], [ 50714.0, 19847.0 ], [ 50737.0, 19870.0 ], [ 50760.0, 19870.0 ], [ 50783.0, 19870.0 ], [ 50807.0, 19870.0 ], [ 50830.0, 19894.0 ], [ 50853.0, 19894.0 ], [ 50876.0, 19894.0 ], [ 50899.0, 19894.0 ], [ 50922.0, 19894.0 ], [ 50945.0, 19917.0 ], [ 50968.0, 19917.0 ], [ 50991.0, 19917.0 ], [ 51014.0, 19917.0 ], [ 51037.0, 19917.0 ], [ 51060.0, 19940.0 ], [ 51083.0, 19940.0 ], [ 51106.0, 19940.0 ], [ 51129.0, 19963.0 ], [ 51152.0, 19963.0 ], [ 51175.0, 19963.0 ], [ 51198.0, 19986.0 ], [ 51221.0, 19986.0 ], [ 51245.0, 20009.0 ], [ 51268.0, 20009.0 ], [ 51291.0, 20009.0 ], [ 51314.0, 20032.0 ], [ 51337.0, 20032.0 ], [ 51360.0, 20055.0 ], [ 51383.0, 20055.0 ], [ 51406.0, 20055.0 ], [ 51429.0, 20078.0 ], [ 51452.0, 20078.0 ], [ 51475.0, 20101.0 ], [ 51498.0, 20101.0 ], [ 51521.0, 20101.0 ], [ 51544.0, 20124.0 ], [ 51567.0, 20124.0 ], [ 51590.0, 20124.0 ], [ 51613.0, 20124.0 ], [ 51636.0, 20147.0 ], [ 51659.0, 20147.0 ], [ 51683.0, 20170.0 ], [ 51706.0, 20170.0 ], [ 51729.0, 20170.0 ], [ 51752.0, 20170.0 ], [ 51775.0, 20193.0 ], [ 51798.0, 20193.0 ], [ 51821.0, 20193.0 ], [ 51844.0, 20216.0 ], [ 51867.0, 20216.0 ], [ 51890.0, 20216.0 ], [ 51913.0, 20216.0 ], [ 51936.0, 20239.0 ], [ 51959.0, 20239.0 ], [ 51982.0, 20239.0 ], [ 52005.0, 20239.0 ], [ 52028.0, 20262.0 ], [ 52051.0, 20262.0 ], [ 52074.0, 20262.0 ], [ 52097.0, 20285.0 ], [ 52121.0, 20285.0 ], [ 52144.0, 20285.0 ], [ 52167.0, 20285.0 ], [ 52190.0, 20308.0 ], [ 52213.0, 20308.0 ], [ 52236.0, 20308.0 ], [ 52259.0, 20308.0 ], [ 52282.0, 20308.0 ], [ 52305.0, 20332.0 ], [ 52328.0, 20332.0 ], [ 52351.0, 20332.0 ], [ 52374.0, 20332.0 ], [ 52397.0, 20332.0 ], [ 52420.0, 20332.0 ], [ 52443.0, 20332.0 ], [ 52466.0, 20355.0 ], [ 52489.0, 20355.0 ], [ 52512.0, 20355.0 ], [ 52535.0, 20355.0 ], [ 52559.0, 20378.0 ], [ 52582.0, 20378.0 ], [ 52605.0, 20378.0 ], [ 52628.0, 20401.0 ], [ 52651.0, 20401.0 ], [ 52674.0, 20401.0 ], [ 52697.0, 20424.0 ], [ 52720.0, 20424.0 ], [ 52743.0, 20424.0 ], [ 52766.0, 20424.0 ], [ 52789.0, 20447.0 ], [ 52812.0, 20447.0 ], [ 52835.0, 20447.0 ], [ 52858.0, 20470.0 ], [ 52881.0, 20470.0 ], [ 52904.0, 20470.0 ], [ 52927.0, 20470.0 ], [ 52950.0, 20470.0 ], [ 52973.0, 20493.0 ], [ 52997.0, 20493.0 ], [ 53020.0, 20493.0 ], [ 53043.0, 20493.0 ], [ 53066.0, 20493.0 ], [ 53089.0, 20516.0 ], [ 53112.0, 20516.0 ], [ 53135.0, 20516.0 ], [ 53158.0, 20516.0 ], [ 53181.0, 20539.0 ], [ 53204.0, 20539.0 ], [ 53227.0, 20539.0 ], [ 53250.0, 20539.0 ], [ 53273.0, 20539.0 ], [ 53296.0, 20562.0 ], [ 53319.0, 20562.0 ], [ 53342.0, 20562.0 ], [ 53365.0, 20562.0 ], [ 53388.0, 20585.0 ], [ 53411.0, 20585.0 ], [ 53434.0, 20585.0 ], [ 53458.0, 20585.0 ], [ 53481.0, 20608.0 ], [ 53504.0, 20608.0 ], [ 53527.0, 20608.0 ], [ 53550.0, 20608.0 ], [ 53573.0, 20608.0 ], [ 53596.0, 20608.0 ], [ 53619.0, 20608.0 ], [ 53642.0, 20608.0 ], [ 53665.0, 20585.0 ], [ 53688.0, 20608.0 ], [ 53688.0, 20631.0 ], [ 53688.0, 20654.0 ], [ 53711.0, 20654.0 ], [ 53734.0, 20654.0 ], [ 53757.0, 20654.0 ], [ 53780.0, 20677.0 ], [ 53803.0, 20677.0 ], [ 53826.0, 20677.0 ], [ 53849.0, 20700.0 ], [ 53872.0, 20700.0 ], [ 53896.0, 20700.0 ], [ 53919.0, 20700.0 ], [ 53942.0, 20700.0 ], [ 53965.0, 20723.0 ], [ 53988.0, 20723.0 ], [ 54011.0, 20723.0 ], [ 54034.0, 20723.0 ], [ 54057.0, 20746.0 ], [ 54080.0, 20746.0 ], [ 54103.0, 20746.0 ], [ 54126.0, 20746.0 ], [ 54149.0, 20770.0 ], [ 54172.0, 20770.0 ], [ 54195.0, 20770.0 ], [ 54218.0, 20770.0 ], [ 54241.0, 20793.0 ], [ 54264.0, 20793.0 ], [ 54287.0, 20793.0 ], [ 54310.0, 20816.0 ], [ 54334.0, 20816.0 ], [ 54357.0, 20816.0 ], [ 54380.0, 20839.0 ], [ 54403.0, 20839.0 ], [ 54426.0, 20839.0 ], [ 54449.0, 20862.0 ], [ 54472.0, 20862.0 ], [ 54495.0, 20862.0 ], [ 54518.0, 20885.0 ], [ 54541.0, 20885.0 ], [ 54564.0, 20908.0 ], [ 54587.0, 20908.0 ], [ 54610.0, 20908.0 ], [ 54633.0, 20931.0 ], [ 54656.0, 20931.0 ], [ 54679.0, 20931.0 ], [ 54702.0, 20954.0 ], [ 54725.0, 20954.0 ], [ 54748.0, 20954.0 ], [ 54772.0, 20954.0 ], [ 54795.0, 20977.0 ], [ 54818.0, 20977.0 ], [ 54841.0, 20977.0 ], [ 54864.0, 21000.0 ], [ 54887.0, 21000.0 ], [ 54910.0, 21000.0 ], [ 54933.0, 21023.0 ], [ 54956.0, 21023.0 ], [ 54979.0, 21023.0 ], [ 55002.0, 21046.0 ], [ 55025.0, 21046.0 ], [ 55048.0, 21046.0 ], [ 55071.0, 21069.0 ], [ 55094.0, 21069.0 ], [ 55117.0, 21069.0 ], [ 55140.0, 21092.0 ], [ 55163.0, 21092.0 ], [ 55186.0, 21092.0 ], [ 55210.0, 21092.0 ], [ 55233.0, 21115.0 ], [ 55256.0, 21115.0 ], [ 55279.0, 21115.0 ], [ 55302.0, 21138.0 ], [ 55325.0, 21138.0 ], [ 55348.0, 21138.0 ], [ 55371.0, 21161.0 ], [ 55394.0, 21161.0 ], [ 55417.0, 21161.0 ], [ 55440.0, 21184.0 ], [ 55463.0, 21184.0 ], [ 55486.0, 21184.0 ], [ 55509.0, 21208.0 ], [ 55532.0, 21208.0 ], [ 55555.0, 21208.0 ], [ 55578.0, 21231.0 ], [ 55601.0, 21231.0 ], [ 55624.0, 21231.0 ], [ 55648.0, 21254.0 ], [ 55671.0, 21254.0 ], [ 55694.0, 21254.0 ], [ 55717.0, 21277.0 ], [ 55740.0, 21277.0 ], [ 55763.0, 21277.0 ], [ 55786.0, 21300.0 ], [ 55809.0, 21300.0 ], [ 55832.0, 21300.0 ], [ 55855.0, 21323.0 ], [ 55878.0, 21323.0 ], [ 55901.0, 21323.0 ], [ 55924.0, 21323.0 ], [ 55947.0, 21346.0 ], [ 55970.0, 21346.0 ], [ 55993.0, 21346.0 ], [ 56016.0, 21369.0 ], [ 56039.0, 21369.0 ], [ 56062.0, 21369.0 ], [ 56085.0, 21392.0 ], [ 56109.0, 21392.0 ], [ 56132.0, 21392.0 ], [ 56155.0, 21415.0 ], [ 56178.0, 21415.0 ], [ 56201.0, 21415.0 ], [ 56224.0, 21438.0 ], [ 56247.0, 21438.0 ], [ 56270.0, 21438.0 ], [ 56293.0, 21461.0 ], [ 56316.0, 21461.0 ], [ 56339.0, 21461.0 ], [ 56362.0, 21484.0 ], [ 56385.0, 21484.0 ], [ 56408.0, 21484.0 ], [ 56431.0, 21507.0 ], [ 56454.0, 21507.0 ], [ 56477.0, 21530.0 ], [ 56500.0, 21530.0 ], [ 56523.0, 21530.0 ], [ 56547.0, 21553.0 ], [ 56570.0, 21553.0 ], [ 56593.0, 21553.0 ], [ 56616.0, 21576.0 ], [ 56639.0, 21576.0 ], [ 56662.0, 21576.0 ], [ 56685.0, 21576.0 ], [ 56708.0, 21599.0 ], [ 56731.0, 21599.0 ], [ 56754.0, 21622.0 ], [ 56777.0, 21622.0 ], [ 56800.0, 21646.0 ], [ 56823.0, 21646.0 ], [ 56846.0, 21646.0 ], [ 56869.0, 21669.0 ], [ 56892.0, 21669.0 ], [ 56915.0, 21692.0 ], [ 56938.0, 21692.0 ], [ 56961.0, 21715.0 ], [ 56985.0, 21715.0 ], [ 57008.0, 21738.0 ], [ 57031.0, 21738.0 ], [ 57054.0, 21738.0 ], [ 57077.0, 21761.0 ], [ 57100.0, 21761.0 ], [ 57123.0, 21784.0 ], [ 57146.0, 21784.0 ], [ 57169.0, 21807.0 ], [ 57192.0, 21807.0 ], [ 57215.0, 21807.0 ], [ 57238.0, 21830.0 ], [ 57261.0, 21830.0 ], [ 57284.0, 21853.0 ], [ 57307.0, 21853.0 ], [ 57330.0, 21876.0 ], [ 57353.0, 21876.0 ], [ 57376.0, 21899.0 ], [ 57399.0, 21899.0 ], [ 57423.0, 21922.0 ], [ 57446.0, 21922.0 ], [ 57469.0, 21922.0 ], [ 57492.0, 21945.0 ], [ 57515.0, 21945.0 ], [ 57538.0, 21968.0 ], [ 57561.0, 21968.0 ], [ 57584.0, 21991.0 ], [ 57607.0, 21991.0 ], [ 57630.0, 22014.0 ], [ 57653.0, 22014.0 ], [ 57676.0, 22014.0 ], [ 57699.0, 22037.0 ], [ 57722.0, 22037.0 ], [ 57745.0, 22060.0 ], [ 57768.0, 22060.0 ], [ 57791.0, 22084.0 ], [ 57814.0, 22084.0 ], [ 57837.0, 22107.0 ], [ 57861.0, 22107.0 ], [ 57884.0, 22130.0 ], [ 57907.0, 22130.0 ], [ 57930.0, 22153.0 ], [ 57953.0, 22153.0 ], [ 57976.0, 22153.0 ], [ 57999.0, 22176.0 ], [ 58022.0, 22176.0 ], [ 58045.0, 22199.0 ], [ 58068.0, 22199.0 ], [ 58091.0, 22222.0 ], [ 58114.0, 22222.0 ], [ 58137.0, 22245.0 ], [ 58160.0, 22245.0 ], [ 58183.0, 22268.0 ], [ 58206.0, 22268.0 ], [ 58229.0, 22268.0 ], [ 58252.0, 22291.0 ], [ 58275.0, 22291.0 ], [ 58299.0, 22314.0 ], [ 58322.0, 22314.0 ], [ 58345.0, 22337.0 ], [ 58368.0, 22337.0 ], [ 58391.0, 22360.0 ], [ 58414.0, 22360.0 ], [ 58437.0, 22360.0 ], [ 58460.0, 22383.0 ], [ 58483.0, 22383.0 ], [ 58506.0, 22406.0 ], [ 58529.0, 22406.0 ], [ 58552.0, 22406.0 ], [ 58575.0, 22429.0 ], [ 58598.0, 22429.0 ], [ 58621.0, 22452.0 ], [ 58644.0, 22452.0 ], [ 58667.0, 22475.0 ], [ 58690.0, 22475.0 ], [ 58713.0, 22498.0 ], [ 58736.0, 22498.0 ], [ 58760.0, 22521.0 ], [ 58783.0, 22521.0 ], [ 58806.0, 22545.0 ], [ 58829.0, 22545.0 ], [ 58852.0, 22568.0 ], [ 58875.0, 22568.0 ], [ 58898.0, 22591.0 ], [ 58921.0, 22591.0 ], [ 58944.0, 22614.0 ], [ 58967.0, 22614.0 ], [ 58990.0, 22637.0 ], [ 59013.0, 22637.0 ], [ 59036.0, 22660.0 ], [ 59059.0, 22660.0 ], [ 59082.0, 22683.0 ], [ 59105.0, 22683.0 ], [ 59128.0, 22683.0 ], [ 59151.0, 22706.0 ], [ 59174.0, 22706.0 ], [ 59198.0, 22729.0 ], [ 59221.0, 22729.0 ], [ 59244.0, 22752.0 ], [ 59267.0, 22752.0 ], [ 59290.0, 22775.0 ], [ 59313.0, 22775.0 ], [ 59336.0, 22775.0 ], [ 59359.0, 22798.0 ], [ 59382.0, 22798.0 ], [ 59405.0, 22821.0 ], [ 59428.0, 22844.0 ], [ 59451.0, 22844.0 ], [ 59474.0, 22844.0 ], [ 59497.0, 22867.0 ], [ 59520.0, 22867.0 ], [ 59543.0, 22890.0 ], [ 59566.0, 22890.0 ], [ 59589.0, 22890.0 ], [ 59612.0, 22913.0 ], [ 59636.0, 22913.0 ], [ 59659.0, 22936.0 ], [ 59682.0, 22936.0 ], [ 59705.0, 22959.0 ], [ 59728.0, 22959.0 ], [ 59751.0, 22983.0 ], [ 59774.0, 22983.0 ], [ 59797.0, 23006.0 ], [ 59820.0, 23006.0 ], [ 59843.0, 23006.0 ], [ 59866.0, 23029.0 ], [ 59889.0, 23029.0 ], [ 59912.0, 23052.0 ], [ 59935.0, 23052.0 ], [ 59958.0, 23075.0 ], [ 59981.0, 23075.0 ], [ 60004.0, 23098.0 ], [ 60027.0, 23098.0 ], [ 60050.0, 23098.0 ], [ 60074.0, 23121.0 ], [ 60097.0, 23121.0 ], [ 60120.0, 23144.0 ], [ 60143.0, 23144.0 ], [ 60166.0, 23167.0 ], [ 60189.0, 23167.0 ], [ 60212.0, 23167.0 ], [ 60235.0, 23190.0 ], [ 60258.0, 23190.0 ], [ 60281.0, 23213.0 ], [ 60304.0, 23213.0 ], [ 60327.0, 23236.0 ], [ 60350.0, 23236.0 ], [ 60373.0, 23259.0 ], [ 60396.0, 23282.0 ], [ 60419.0, 23305.0 ], [ 60442.0, 23305.0 ], [ 60465.0, 23328.0 ], [ 60488.0, 23328.0 ], [ 60512.0, 23351.0 ], [ 60535.0, 23374.0 ], [ 60558.0, 23374.0 ], [ 60581.0, 23397.0 ], [ 60604.0, 23397.0 ], [ 60627.0, 23421.0 ], [ 60650.0, 23421.0 ], [ 60673.0, 23444.0 ], [ 60696.0, 23467.0 ], [ 60719.0, 23467.0 ], [ 60742.0, 23490.0 ], [ 60765.0, 23490.0 ], [ 60788.0, 23513.0 ], [ 60811.0, 23536.0 ], [ 60834.0, 23536.0 ], [ 60857.0, 23559.0 ], [ 60880.0, 23559.0 ], [ 60903.0, 23582.0 ], [ 60926.0, 23582.0 ], [ 60950.0, 23605.0 ], [ 60973.0, 23605.0 ], [ 60996.0, 23628.0 ], [ 61019.0, 23628.0 ], [ 61042.0, 23651.0 ], [ 61065.0, 23651.0 ], [ 61088.0, 23674.0 ], [ 61111.0, 23697.0 ], [ 61134.0, 23697.0 ], [ 61157.0, 23720.0 ], [ 61180.0, 23720.0 ], [ 61203.0, 23720.0 ], [ 61226.0, 23720.0 ], [ 61249.0, 23720.0 ], [ 61272.0, 23720.0 ], [ 61295.0, 23720.0 ], [ 61318.0, 23720.0 ], [ 61341.0, 23720.0 ], [ 61364.0, 23720.0 ], [ 61387.0, 23720.0 ], [ 61411.0, 23720.0 ], [ 61434.0, 23720.0 ], [ 61457.0, 23720.0 ], [ 61480.0, 23720.0 ], [ 61503.0, 23720.0 ], [ 61526.0, 23720.0 ], [ 61549.0, 23720.0 ], [ 61572.0, 23720.0 ], [ 61595.0, 23720.0 ], [ 61618.0, 23720.0 ], [ 61641.0, 23720.0 ], [ 61664.0, 23720.0 ], [ 61687.0, 23720.0 ], [ 61710.0, 23720.0 ], [ 61733.0, 23720.0 ], [ 61756.0, 23720.0 ], [ 61779.0, 23720.0 ], [ 61802.0, 23720.0 ], [ 61825.0, 23720.0 ], [ 61849.0, 23720.0 ], [ 61872.0, 23720.0 ], [ 61895.0, 23720.0 ], [ 61918.0, 23743.0 ], [ 61918.0, 23766.0 ], [ 61918.0, 23789.0 ], [ 61918.0, 23812.0 ], [ 61918.0, 23835.0 ], [ 61918.0, 23859.0 ], [ 61918.0, 23882.0 ], [ 61918.0, 23905.0 ], [ 61918.0, 23928.0 ], [ 61918.0, 23951.0 ], [ 61918.0, 23974.0 ], [ 61918.0, 23997.0 ], [ 61918.0, 24020.0 ], [ 61918.0, 24043.0 ], [ 61918.0, 24066.0 ], [ 61918.0, 24089.0 ], [ 61918.0, 24112.0 ], [ 61941.0, 24135.0 ], [ 61964.0, 24158.0 ], [ 61987.0, 24158.0 ], [ 62010.0, 24181.0 ], [ 62033.0, 24181.0 ], [ 62056.0, 24204.0 ], [ 62079.0, 24227.0 ], [ 62102.0, 24227.0 ], [ 62125.0, 24250.0 ], [ 62148.0, 24250.0 ], [ 62171.0, 24273.0 ], [ 62194.0, 24273.0 ], [ 62217.0, 24297.0 ], [ 62240.0, 24320.0 ], [ 62263.0, 24320.0 ], [ 62287.0, 24343.0 ], [ 62310.0, 24343.0 ], [ 62333.0, 24366.0 ], [ 62356.0, 24366.0 ], [ 62379.0, 24389.0 ], [ 62402.0, 24412.0 ], [ 62425.0, 24412.0 ], [ 62448.0, 24435.0 ], [ 62471.0, 24435.0 ], [ 62494.0, 24458.0 ], [ 62517.0, 24481.0 ], [ 62540.0, 24481.0 ], [ 62563.0, 24504.0 ], [ 62586.0, 24504.0 ], [ 62609.0, 24527.0 ], [ 62632.0, 24550.0 ], [ 62655.0, 24550.0 ], [ 62678.0, 24573.0 ], [ 62701.0, 24573.0 ], [ 62725.0, 24596.0 ], [ 62748.0, 24596.0 ], [ 62771.0, 24619.0 ], [ 62794.0, 24642.0 ], [ 62817.0, 24642.0 ], [ 62840.0, 24665.0 ], [ 62863.0, 24688.0 ], [ 62886.0, 24688.0 ], [ 62909.0, 24711.0 ], [ 62932.0, 24711.0 ], [ 62955.0, 24735.0 ], [ 62978.0, 24735.0 ], [ 63001.0, 24758.0 ], [ 63024.0, 24781.0 ], [ 63047.0, 24781.0 ], [ 63070.0, 24804.0 ], [ 63093.0, 24827.0 ], [ 63116.0, 24827.0 ], [ 63139.0, 24850.0 ], [ 63163.0, 24850.0 ], [ 63186.0, 24873.0 ], [ 63209.0, 24896.0 ], [ 63232.0, 24896.0 ], [ 63255.0, 24919.0 ], [ 63278.0, 24942.0 ], [ 63301.0, 24942.0 ], [ 63324.0, 24965.0 ], [ 63347.0, 24988.0 ], [ 63370.0, 24988.0 ], [ 63393.0, 25011.0 ], [ 63416.0, 25011.0 ], [ 63439.0, 25034.0 ], [ 63462.0, 25057.0 ], [ 63485.0, 25057.0 ], [ 63508.0, 25080.0 ], [ 63531.0, 25103.0 ], [ 63554.0, 25103.0 ], [ 63577.0, 25126.0 ], [ 63601.0, 25126.0 ], [ 63624.0, 25149.0 ], [ 63647.0, 25172.0 ], [ 63670.0, 25172.0 ], [ 63693.0, 25196.0 ], [ 63716.0, 25196.0 ], [ 63739.0, 25219.0 ], [ 63762.0, 25242.0 ], [ 63785.0, 25242.0 ], [ 63808.0, 25265.0 ], [ 63831.0, 25265.0 ], [ 63854.0, 25288.0 ], [ 63877.0, 25288.0 ], [ 63900.0, 25311.0 ], [ 63923.0, 25311.0 ], [ 63946.0, 25334.0 ], [ 63969.0, 25357.0 ], [ 63992.0, 25357.0 ], [ 64015.0, 25380.0 ], [ 64039.0, 25403.0 ], [ 64062.0, 25403.0 ], [ 64085.0, 25426.0 ], [ 64108.0, 25426.0 ], [ 64131.0, 25449.0 ], [ 64154.0, 25472.0 ], [ 64177.0, 25472.0 ], [ 64200.0, 25495.0 ], [ 64223.0, 25495.0 ], [ 64246.0, 25518.0 ], [ 64269.0, 25518.0 ], [ 64292.0, 25541.0 ], [ 64315.0, 25564.0 ], [ 64338.0, 25564.0 ], [ 64361.0, 25587.0 ], [ 64384.0, 25587.0 ], [ 64407.0, 25610.0 ], [ 64430.0, 25610.0 ], [ 64453.0, 25634.0 ], [ 64476.0, 25634.0 ], [ 64500.0, 25657.0 ], [ 64523.0, 25680.0 ], [ 64546.0, 25680.0 ], [ 64569.0, 25703.0 ], [ 64592.0, 25703.0 ], [ 64615.0, 25726.0 ], [ 64638.0, 25749.0 ], [ 64661.0, 25749.0 ], [ 64684.0, 25772.0 ], [ 64707.0, 25772.0 ], [ 64730.0, 25772.0 ], [ 64753.0, 25772.0 ], [ 64776.0, 25772.0 ], [ 64799.0, 25772.0 ], [ 64822.0, 25772.0 ], [ 64845.0, 25772.0 ], [ 64868.0, 25772.0 ], [ 64891.0, 25772.0 ], [ 64914.0, 25772.0 ], [ 64938.0, 25772.0 ], [ 64961.0, 25772.0 ], [ 64984.0, 25772.0 ], [ 65007.0, 25772.0 ], [ 65030.0, 25795.0 ], [ 65030.0, 25818.0 ], [ 65030.0, 25841.0 ], [ 65030.0, 25864.0 ], [ 65030.0, 25887.0 ], [ 65030.0, 25910.0 ], [ 65030.0, 25933.0 ], [ 65030.0, 25956.0 ], [ 65030.0, 25979.0 ], [ 65030.0, 26002.0 ], [ 65053.0, 26025.0 ], [ 65076.0, 26048.0 ], [ 65099.0, 26072.0 ], [ 65122.0, 26072.0 ], [ 65145.0, 26095.0 ], [ 65168.0, 26118.0 ], [ 65191.0, 26141.0 ], [ 65214.0, 26141.0 ], [ 65237.0, 26164.0 ], [ 65260.0, 26187.0 ], [ 65283.0, 26210.0 ], [ 65306.0, 26210.0 ], [ 65329.0, 26233.0 ], [ 65352.0, 26256.0 ], [ 65376.0, 26279.0 ], [ 65399.0, 26279.0 ], [ 65422.0, 26302.0 ], [ 65445.0, 26325.0 ], [ 65468.0, 26348.0 ], [ 65491.0, 26348.0 ], [ 65514.0, 26371.0 ], [ 65537.0, 26394.0 ], [ 65560.0, 26417.0 ], [ 65583.0, 26417.0 ], [ 65606.0, 26440.0 ], [ 65629.0, 26463.0 ], [ 65652.0, 26463.0 ], [ 65675.0, 26486.0 ], [ 65698.0, 26510.0 ], [ 65721.0, 26533.0 ], [ 65744.0, 26533.0 ], [ 65767.0, 26556.0 ], [ 65790.0, 26556.0 ], [ 65814.0, 26579.0 ], [ 65837.0, 26602.0 ], [ 65860.0, 26625.0 ], [ 65883.0, 26625.0 ], [ 65906.0, 26648.0 ], [ 65929.0, 26671.0 ], [ 65952.0, 26671.0 ], [ 65975.0, 26694.0 ], [ 65998.0, 26717.0 ], [ 66021.0, 26740.0 ], [ 66044.0, 26763.0 ], [ 66067.0, 26786.0 ], [ 66090.0, 26809.0 ], [ 66113.0, 26809.0 ], [ 66136.0, 26832.0 ], [ 66159.0, 26855.0 ], [ 66182.0, 26878.0 ], [ 66205.0, 26878.0 ], [ 66228.0, 26901.0 ], [ 66252.0, 26924.0 ], [ 66275.0, 26924.0 ], [ 66298.0, 26948.0 ], [ 66321.0, 26971.0 ], [ 66344.0, 26994.0 ], [ 66367.0, 26994.0 ], [ 66390.0, 27017.0 ], [ 66413.0, 27040.0 ], [ 66436.0, 27063.0 ], [ 66459.0, 27086.0 ], [ 66482.0, 27109.0 ], [ 66505.0, 27132.0 ], [ 66528.0, 27132.0 ], [ 66551.0, 27155.0 ], [ 66574.0, 27178.0 ], [ 66597.0, 27201.0 ], [ 66620.0, 27224.0 ], [ 66643.0, 27247.0 ], [ 66666.0, 27270.0 ], [ 66690.0, 27270.0 ], [ 66713.0, 27293.0 ], [ 66736.0, 27316.0 ], [ 66759.0, 27339.0 ], [ 66782.0, 27362.0 ], [ 66805.0, 27386.0 ], [ 66828.0, 27386.0 ], [ 66851.0, 27409.0 ], [ 66874.0, 27432.0 ], [ 66897.0, 27455.0 ], [ 66920.0, 27478.0 ], [ 66943.0, 27501.0 ], [ 66966.0, 27501.0 ], [ 66989.0, 27524.0 ], [ 67012.0, 27547.0 ], [ 67035.0, 27570.0 ], [ 67058.0, 27593.0 ], [ 67081.0, 27616.0 ], [ 67104.0, 27616.0 ], [ 67127.0, 27639.0 ], [ 67151.0, 27662.0 ], [ 67174.0, 27685.0 ], [ 67197.0, 27708.0 ], [ 67220.0, 27731.0 ], [ 67243.0, 27731.0 ], [ 67266.0, 27754.0 ], [ 67289.0, 27777.0 ], [ 67312.0, 27800.0 ], [ 67335.0, 27824.0 ], [ 67358.0, 27847.0 ], [ 67381.0, 27847.0 ], [ 67404.0, 27870.0 ], [ 67427.0, 27893.0 ], [ 67450.0, 27916.0 ], [ 67473.0, 27916.0 ], [ 67496.0, 27939.0 ], [ 67519.0, 27962.0 ], [ 67542.0, 27985.0 ], [ 67565.0, 28008.0 ], [ 67589.0, 28008.0 ], [ 67612.0, 28031.0 ], [ 67635.0, 28054.0 ], [ 67658.0, 28077.0 ], [ 67681.0, 28100.0 ], [ 67704.0, 28123.0 ], [ 67727.0, 28123.0 ], [ 67750.0, 28146.0 ], [ 67773.0, 28169.0 ], [ 67796.0, 28192.0 ], [ 67819.0, 28192.0 ], [ 67842.0, 28215.0 ], [ 67865.0, 28238.0 ], [ 67888.0, 28261.0 ], [ 67911.0, 28261.0 ], [ 67934.0, 28285.0 ], [ 67957.0, 28308.0 ], [ 67980.0, 28331.0 ], [ 68003.0, 28354.0 ], [ 68027.0, 28354.0 ], [ 68050.0, 28377.0 ], [ 68073.0, 28400.0 ], [ 68096.0, 28423.0 ], [ 68119.0, 28446.0 ], [ 68142.0, 28446.0 ], [ 68165.0, 28469.0 ], [ 68188.0, 28492.0 ], [ 68211.0, 28515.0 ], [ 68234.0, 28538.0 ], [ 68257.0, 28538.0 ], [ 68280.0, 28561.0 ], [ 68303.0, 28584.0 ], [ 68326.0, 28607.0 ], [ 68349.0, 28630.0 ], [ 68372.0, 28630.0 ], [ 68395.0, 28653.0 ], [ 68418.0, 28676.0 ], [ 68441.0, 28699.0 ], [ 68465.0, 28723.0 ], [ 68488.0, 28746.0 ], [ 68511.0, 28746.0 ], [ 68534.0, 28769.0 ], [ 68557.0, 28792.0 ], [ 68580.0, 28815.0 ], [ 68603.0, 28838.0 ], [ 68626.0, 28861.0 ], [ 68649.0, 28884.0 ], [ 68672.0, 28884.0 ], [ 68695.0, 28884.0 ], [ 68718.0, 28884.0 ], [ 68741.0, 28884.0 ], [ 68764.0, 28884.0 ], [ 68787.0, 28884.0 ], [ 68810.0, 28884.0 ], [ 68833.0, 28884.0 ], [ 68856.0, 28884.0 ], [ 68879.0, 28884.0 ], [ 68903.0, 28884.0 ], [ 68926.0, 28884.0 ], [ 68949.0, 28884.0 ], [ 68972.0, 28884.0 ], [ 68995.0, 28884.0 ], [ 69018.0, 28884.0 ], [ 69041.0, 28884.0 ], [ 69064.0, 28884.0 ], [ 69087.0, 28884.0 ], [ 69110.0, 28884.0 ], [ 69133.0, 28884.0 ], [ 69156.0, 28907.0 ], [ 69156.0, 28930.0 ], [ 69156.0, 28953.0 ], [ 69156.0, 28976.0 ], [ 69156.0, 28999.0 ], [ 69156.0, 29022.0 ], [ 69156.0, 29045.0 ], [ 69156.0, 29068.0 ], [ 69156.0, 29091.0 ], [ 69156.0, 29114.0 ], [ 69156.0, 29137.0 ], [ 69156.0, 29161.0 ], [ 69156.0, 29184.0 ], [ 69156.0, 29207.0 ], [ 69156.0, 29230.0 ], [ 69156.0, 29253.0 ], [ 69156.0, 29276.0 ], [ 69156.0, 29299.0 ], [ 69156.0, 29322.0 ], [ 69179.0, 29345.0 ], [ 69202.0, 29368.0 ], [ 69225.0, 29391.0 ], [ 69248.0, 29414.0 ], [ 69271.0, 29437.0 ], [ 69294.0, 29460.0 ], [ 69317.0, 29483.0 ], [ 69341.0, 29506.0 ], [ 69364.0, 29529.0 ], [ 69387.0, 29529.0 ], [ 69410.0, 29552.0 ], [ 69433.0, 29575.0 ], [ 69456.0, 29599.0 ], [ 69479.0, 29622.0 ], [ 69502.0, 29645.0 ], [ 69525.0, 29668.0 ], [ 69548.0, 29691.0 ], [ 69571.0, 29714.0 ], [ 69594.0, 29737.0 ], [ 69617.0, 29760.0 ], [ 69640.0, 29783.0 ], [ 69663.0, 29783.0 ], [ 69686.0, 29806.0 ], [ 69709.0, 29829.0 ], [ 69732.0, 29852.0 ], [ 69755.0, 29875.0 ], [ 69778.0, 29898.0 ], [ 69802.0, 29898.0 ], [ 69825.0, 29898.0 ], [ 69848.0, 29898.0 ], [ 69871.0, 29898.0 ], [ 69894.0, 29898.0 ], [ 69917.0, 29898.0 ], [ 69940.0, 29898.0 ], [ 69963.0, 29898.0 ], [ 69986.0, 29898.0 ], [ 70009.0, 29898.0 ], [ 70032.0, 29898.0 ], [ 70055.0, 29898.0 ], [ 70078.0, 29898.0 ], [ 70101.0, 29898.0 ], [ 70124.0, 29898.0 ], [ 70147.0, 29898.0 ], [ 70170.0, 29898.0 ], [ 70193.0, 29921.0 ], [ 70193.0, 29944.0 ], [ 70193.0, 29967.0 ], [ 70193.0, 29990.0 ], [ 70193.0, 30013.0 ], [ 70193.0, 30037.0 ], [ 70193.0, 30060.0 ], [ 70193.0, 30083.0 ], [ 70193.0, 30106.0 ], [ 70193.0, 30129.0 ], [ 70193.0, 30152.0 ], [ 70193.0, 30175.0 ], [ 70193.0, 30198.0 ], [ 70193.0, 30221.0 ], [ 70193.0, 30244.0 ], [ 70193.0, 30267.0 ], [ 70216.0, 30290.0 ], [ 70240.0, 30313.0 ], [ 70263.0, 30336.0 ], [ 70286.0, 30336.0 ], [ 70309.0, 30359.0 ], [ 70332.0, 30382.0 ], [ 70355.0, 30405.0 ], [ 70378.0, 30428.0 ], [ 70401.0, 30451.0 ], [ 70424.0, 30475.0 ], [ 70447.0, 30498.0 ], [ 70470.0, 30521.0 ], [ 70493.0, 30521.0 ], [ 70516.0, 30544.0 ], [ 70539.0, 30567.0 ], [ 70562.0, 30590.0 ], [ 70585.0, 30613.0 ], [ 70608.0, 30636.0 ], [ 70631.0, 30636.0 ], [ 70654.0, 30659.0 ], [ 70678.0, 30682.0 ], [ 70701.0, 30705.0 ], [ 70724.0, 30728.0 ], [ 70747.0, 30751.0 ], [ 70770.0, 30774.0 ], [ 70793.0, 30797.0 ], [ 70816.0, 30820.0 ], [ 70839.0, 30820.0 ], [ 70862.0, 30843.0 ], [ 70885.0, 30866.0 ], [ 70908.0, 30889.0 ], [ 70931.0, 30912.0 ], [ 70954.0, 30936.0 ], [ 70977.0, 30936.0 ], [ 71000.0, 30936.0 ], [ 71023.0, 30936.0 ], [ 71046.0, 30936.0 ], [ 71069.0, 30936.0 ], [ 71092.0, 30936.0 ], [ 71116.0, 30936.0 ], [ 71139.0, 30936.0 ], [ 71162.0, 30936.0 ], [ 71185.0, 30936.0 ], [ 71208.0, 30959.0 ], [ 71208.0, 30982.0 ], [ 71208.0, 31005.0 ], [ 71208.0, 31028.0 ], [ 71208.0, 31051.0 ], [ 71208.0, 31074.0 ], [ 71208.0, 31097.0 ], [ 71208.0, 31120.0 ], [ 71208.0, 31143.0 ], [ 71208.0, 31166.0 ], [ 71231.0, 31166.0 ], [ 71254.0, 31189.0 ], [ 71277.0, 31212.0 ], [ 71300.0, 31235.0 ], [ 71323.0, 31258.0 ], [ 71346.0, 31281.0 ], [ 71369.0, 31304.0 ], [ 71392.0, 31327.0 ], [ 71415.0, 31350.0 ], [ 71438.0, 31350.0 ], [ 71461.0, 31374.0 ], [ 71484.0, 31397.0 ], [ 71507.0, 31420.0 ], [ 71530.0, 31443.0 ], [ 71554.0, 31466.0 ], [ 71577.0, 31466.0 ], [ 71600.0, 31489.0 ], [ 71623.0, 31512.0 ], [ 71646.0, 31535.0 ], [ 71669.0, 31558.0 ], [ 71692.0, 31581.0 ], [ 71715.0, 31604.0 ], [ 71738.0, 31604.0 ], [ 71761.0, 31627.0 ], [ 71784.0, 31650.0 ], [ 71807.0, 31673.0 ], [ 71830.0, 31696.0 ], [ 71853.0, 31696.0 ], [ 71876.0, 31719.0 ], [ 71899.0, 31742.0 ], [ 71922.0, 31765.0 ], [ 71945.0, 31765.0 ], [ 71968.0, 31788.0 ], [ 71992.0, 31812.0 ], [ 72015.0, 31835.0 ], [ 72038.0, 31835.0 ], [ 72061.0, 31858.0 ], [ 72084.0, 31881.0 ], [ 72107.0, 31881.0 ], [ 72130.0, 31904.0 ], [ 72153.0, 31927.0 ], [ 72176.0, 31950.0 ], [ 72199.0, 31950.0 ], [ 72222.0, 31973.0 ], [ 72245.0, 31996.0 ], [ 72268.0, 32019.0 ], [ 72291.0, 32042.0 ], [ 72314.0, 32042.0 ], [ 72337.0, 32065.0 ], [ 72360.0, 32065.0 ], [ 72383.0, 32088.0 ], [ 72383.0, 32111.0 ], [ 72406.0, 32134.0 ], [ 72430.0, 32157.0 ], [ 72453.0, 32180.0 ], [ 72476.0, 32203.0 ], [ 72499.0, 32226.0 ], [ 72522.0, 32250.0 ], [ 72545.0, 32273.0 ], [ 72545.0, 32296.0 ], [ 72568.0, 32319.0 ], [ 72591.0, 32342.0 ], [ 72614.0, 32365.0 ], [ 72637.0, 32388.0 ], [ 72660.0, 32411.0 ], [ 72683.0, 32434.0 ], [ 72706.0, 32457.0 ], [ 72729.0, 32480.0 ], [ 72752.0, 32503.0 ], [ 72752.0, 32526.0 ], [ 72775.0, 32526.0 ], [ 72798.0, 32549.0 ], [ 72821.0, 32572.0 ], [ 72844.0, 32595.0 ], [ 72844.0, 32618.0 ], [ 72867.0, 32641.0 ], [ 72891.0, 32664.0 ], [ 72914.0, 32688.0 ], [ 72914.0, 32711.0 ], [ 72937.0, 32734.0 ], [ 72960.0, 32757.0 ], [ 72960.0, 32780.0 ], [ 72983.0, 32803.0 ], [ 73006.0, 32826.0 ], [ 73029.0, 32849.0 ], [ 73052.0, 32872.0 ], [ 73052.0, 32895.0 ], [ 73075.0, 32918.0 ], [ 73098.0, 32941.0 ], [ 73121.0, 32964.0 ], [ 73144.0, 32987.0 ], [ 73144.0, 33010.0 ], [ 73167.0, 33010.0 ], [ 73190.0, 33010.0 ], [ 73213.0, 33010.0 ], [ 73236.0, 33010.0 ], [ 73259.0, 33010.0 ], [ 73282.0, 33033.0 ], [ 73282.0, 33056.0 ], [ 73282.0, 33079.0 ], [ 73282.0, 33102.0 ], [ 73282.0, 33126.0 ], [ 73282.0, 33149.0 ], [ 73282.0, 33172.0 ], [ 73282.0, 33195.0 ], [ 73305.0, 33218.0 ], [ 73329.0, 33241.0 ], [ 73329.0, 33264.0 ], [ 73352.0, 33287.0 ], [ 73375.0, 33310.0 ], [ 73375.0, 33333.0 ], [ 73398.0, 33356.0 ], [ 73398.0, 33379.0 ], [ 73421.0, 33402.0 ], [ 73444.0, 33425.0 ], [ 73444.0, 33448.0 ], [ 73467.0, 33471.0 ], [ 73467.0, 33494.0 ], [ 73490.0, 33517.0 ], [ 73490.0, 33540.0 ], [ 73513.0, 33563.0 ], [ 73513.0, 33587.0 ], [ 73513.0, 33610.0 ], [ 73536.0, 33633.0 ], [ 73536.0, 33656.0 ], [ 73559.0, 33679.0 ], [ 73559.0, 33702.0 ], [ 73582.0, 33725.0 ], [ 73582.0, 33748.0 ], [ 73605.0, 33771.0 ], [ 73628.0, 33771.0 ], [ 73651.0, 33794.0 ], [ 73674.0, 33794.0 ], [ 73697.0, 33794.0 ], [ 73720.0, 33794.0 ], [ 73743.0, 33794.0 ], [ 73767.0, 33771.0 ], [ 73790.0, 33771.0 ], [ 73813.0, 33771.0 ], [ 73836.0, 33748.0 ], [ 73859.0, 33748.0 ], [ 73882.0, 33725.0 ], [ 73905.0, 33725.0 ], [ 73928.0, 33702.0 ], [ 73951.0, 33679.0 ], [ 73974.0, 33679.0 ], [ 73997.0, 33656.0 ], [ 74020.0, 33633.0 ], [ 74020.0, 33610.0 ], [ 74043.0, 33587.0 ], [ 74066.0, 33563.0 ], [ 74089.0, 33540.0 ], [ 74112.0, 33517.0 ], [ 74112.0, 33494.0 ], [ 74112.0, 33471.0 ], [ 74135.0, 33448.0 ], [ 74135.0, 33425.0 ], [ 74158.0, 33402.0 ], [ 74158.0, 33379.0 ], [ 74158.0, 33356.0 ], [ 74158.0, 33333.0 ], [ 74181.0, 33310.0 ], [ 74181.0, 33287.0 ], [ 74181.0, 33264.0 ], [ 74181.0, 33241.0 ], [ 74181.0, 33218.0 ], [ 74181.0, 33195.0 ], [ 74205.0, 33172.0 ], [ 74205.0, 33149.0 ], [ 74205.0, 33126.0 ], [ 74205.0, 33102.0 ], [ 74205.0, 33079.0 ], [ 74205.0, 33056.0 ], [ 74205.0, 33033.0 ], [ 74205.0, 33010.0 ], [ 74205.0, 32987.0 ], [ 74205.0, 32964.0 ], [ 74205.0, 32941.0 ], [ 74205.0, 32918.0 ], [ 74205.0, 32895.0 ], [ 74181.0, 32872.0 ], [ 74181.0, 32849.0 ], [ 74181.0, 32826.0 ], [ 74181.0, 32803.0 ], [ 74181.0, 32780.0 ], [ 74181.0, 32757.0 ], [ 74181.0, 32734.0 ], [ 74181.0, 32711.0 ], [ 74158.0, 32688.0 ], [ 74158.0, 32664.0 ], [ 74158.0, 32641.0 ], [ 74158.0, 32618.0 ], [ 74158.0, 32595.0 ], [ 74135.0, 32572.0 ], [ 74135.0, 32549.0 ], [ 74135.0, 32526.0 ], [ 74135.0, 32503.0 ], [ 74112.0, 32480.0 ], [ 74112.0, 32457.0 ], [ 74112.0, 32434.0 ], [ 74112.0, 32411.0 ], [ 74089.0, 32388.0 ], [ 74089.0, 32365.0 ], [ 74089.0, 32342.0 ], [ 74066.0, 32319.0 ], [ 74066.0, 32296.0 ], [ 74066.0, 32273.0 ], [ 74066.0, 32250.0 ], [ 74066.0, 32226.0 ], [ 74043.0, 32203.0 ], [ 74043.0, 32180.0 ], [ 74043.0, 32157.0 ], [ 74020.0, 32134.0 ], [ 74020.0, 32111.0 ], [ 74020.0, 32088.0 ], [ 74020.0, 32065.0 ], [ 73997.0, 32042.0 ], [ 73997.0, 32019.0 ], [ 73997.0, 31996.0 ], [ 73974.0, 31973.0 ], [ 73974.0, 31950.0 ], [ 73974.0, 31927.0 ], [ 73951.0, 31904.0 ], [ 73951.0, 31881.0 ], [ 73951.0, 31858.0 ], [ 73928.0, 31835.0 ], [ 73928.0, 31812.0 ], [ 73905.0, 31788.0 ], [ 73905.0, 31765.0 ], [ 73905.0, 31742.0 ], [ 73882.0, 31719.0 ], [ 73882.0, 31696.0 ], [ 73882.0, 31673.0 ], [ 73859.0, 31650.0 ], [ 73859.0, 31627.0 ], [ 73836.0, 31604.0 ], [ 73836.0, 31581.0 ], [ 73836.0, 31558.0 ], [ 73813.0, 31535.0 ], [ 73813.0, 31512.0 ], [ 73813.0, 31489.0 ], [ 73790.0, 31466.0 ], [ 73790.0, 31443.0 ], [ 73767.0, 31420.0 ], [ 73767.0, 31397.0 ], [ 73767.0, 31374.0 ], [ 73743.0, 31350.0 ], [ 73743.0, 31327.0 ], [ 73720.0, 31304.0 ], [ 73720.0, 31281.0 ], [ 73720.0, 31258.0 ], [ 73697.0, 31235.0 ], [ 73697.0, 31212.0 ], [ 73674.0, 31189.0 ], [ 73674.0, 31166.0 ], [ 73651.0, 31143.0 ], [ 73651.0, 31120.0 ], [ 73651.0, 31097.0 ], [ 73628.0, 31074.0 ], [ 73628.0, 31051.0 ], [ 73628.0, 31028.0 ], [ 73605.0, 31005.0 ], [ 73605.0, 30982.0 ], [ 73582.0, 30959.0 ], [ 73559.0, 30959.0 ], [ 73536.0, 30959.0 ], [ 73513.0, 30959.0 ], [ 73490.0, 30959.0 ], [ 73467.0, 30959.0 ], [ 73444.0, 30959.0 ], [ 73421.0, 30959.0 ], [ 73398.0, 30959.0 ], [ 73375.0, 30959.0 ], [ 73352.0, 30959.0 ], [ 73329.0, 30959.0 ], [ 73305.0, 30959.0 ], [ 73282.0, 30959.0 ], [ 73259.0, 30936.0 ], [ 73259.0, 30912.0 ], [ 73259.0, 30889.0 ], [ 73259.0, 30866.0 ], [ 73259.0, 30843.0 ], [ 73259.0, 30820.0 ], [ 73259.0, 30797.0 ], [ 73259.0, 30774.0 ], [ 73259.0, 30751.0 ], [ 73259.0, 30728.0 ], [ 73259.0, 30705.0 ], [ 73259.0, 30682.0 ], [ 73259.0, 30659.0 ], [ 73259.0, 30636.0 ], [ 73259.0, 30613.0 ], [ 73259.0, 30590.0 ], [ 73259.0, 30567.0 ], [ 73259.0, 30544.0 ], [ 73259.0, 30521.0 ], [ 73259.0, 30498.0 ], [ 73259.0, 30475.0 ], [ 73259.0, 30451.0 ], [ 73259.0, 30428.0 ], [ 73259.0, 30405.0 ], [ 73259.0, 30382.0 ], [ 73259.0, 30359.0 ], [ 73259.0, 30336.0 ], [ 73259.0, 30313.0 ], [ 73259.0, 30290.0 ], [ 73259.0, 30267.0 ], [ 73259.0, 30244.0 ], [ 73259.0, 30221.0 ], [ 73259.0, 30198.0 ], [ 73259.0, 30175.0 ], [ 73236.0, 30152.0 ], [ 73236.0, 30129.0 ], [ 73213.0, 30106.0 ], [ 73213.0, 30083.0 ], [ 73190.0, 30060.0 ], [ 73190.0, 30037.0 ], [ 73167.0, 30013.0 ], [ 73167.0, 29990.0 ], [ 73167.0, 29967.0 ], [ 73144.0, 29944.0 ], [ 73144.0, 29921.0 ], [ 73121.0, 29898.0 ], [ 73121.0, 29875.0 ], [ 73098.0, 29852.0 ], [ 73098.0, 29829.0 ], [ 73098.0, 29806.0 ], [ 73075.0, 29783.0 ], [ 73075.0, 29760.0 ], [ 73052.0, 29737.0 ], [ 73052.0, 29714.0 ], [ 73052.0, 29691.0 ], [ 73029.0, 29668.0 ], [ 73029.0, 29645.0 ], [ 73006.0, 29622.0 ], [ 73006.0, 29599.0 ], [ 72983.0, 29575.0 ], [ 72983.0, 29552.0 ], [ 72960.0, 29529.0 ], [ 72960.0, 29506.0 ], [ 72937.0, 29483.0 ], [ 72937.0, 29460.0 ], [ 72937.0, 29437.0 ], [ 72914.0, 29414.0 ], [ 72914.0, 29391.0 ], [ 72891.0, 29368.0 ], [ 72891.0, 29345.0 ], [ 72867.0, 29322.0 ], [ 72867.0, 29299.0 ], [ 72867.0, 29276.0 ], [ 72844.0, 29253.0 ], [ 72844.0, 29230.0 ], [ 72821.0, 29207.0 ], [ 72821.0, 29184.0 ], [ 72821.0, 29161.0 ], [ 72798.0, 29137.0 ], [ 72798.0, 29114.0 ], [ 72775.0, 29091.0 ], [ 72775.0, 29068.0 ], [ 72775.0, 29045.0 ], [ 72752.0, 29022.0 ], [ 72752.0, 28999.0 ], [ 72729.0, 28976.0 ], [ 72729.0, 28953.0 ], [ 72729.0, 28930.0 ], [ 72706.0, 28907.0 ], [ 72706.0, 28884.0 ], [ 72706.0, 28861.0 ], [ 72683.0, 28838.0 ], [ 72683.0, 28815.0 ], [ 72660.0, 28792.0 ], [ 72660.0, 28769.0 ], [ 72637.0, 28746.0 ], [ 72637.0, 28723.0 ], [ 72637.0, 28699.0 ], [ 72614.0, 28676.0 ], [ 72614.0, 28653.0 ], [ 72591.0, 28630.0 ], [ 72591.0, 28607.0 ], [ 72568.0, 28584.0 ], [ 72568.0, 28561.0 ], [ 72568.0, 28538.0 ], [ 72545.0, 28515.0 ], [ 72545.0, 28492.0 ], [ 72522.0, 28469.0 ], [ 72522.0, 28446.0 ], [ 72499.0, 28423.0 ], [ 72499.0, 28400.0 ], [ 72499.0, 28377.0 ], [ 72476.0, 28354.0 ], [ 72476.0, 28331.0 ], [ 72476.0, 28308.0 ], [ 72453.0, 28285.0 ], [ 72453.0, 28261.0 ], [ 72430.0, 28238.0 ], [ 72430.0, 28215.0 ], [ 72430.0, 28192.0 ], [ 72406.0, 28169.0 ], [ 72406.0, 28146.0 ], [ 72383.0, 28123.0 ], [ 72383.0, 28100.0 ], [ 72360.0, 28077.0 ], [ 72360.0, 28054.0 ], [ 72337.0, 28031.0 ], [ 72337.0, 28008.0 ], [ 72337.0, 27985.0 ], [ 72314.0, 27962.0 ], [ 72314.0, 27939.0 ], [ 72291.0, 27916.0 ], [ 72291.0, 27893.0 ], [ 72268.0, 27870.0 ], [ 72245.0, 27870.0 ], [ 72222.0, 27847.0 ], [ 72222.0, 27824.0 ], [ 72222.0, 27800.0 ], [ 72222.0, 27777.0 ], [ 72222.0, 27754.0 ], [ 72222.0, 27731.0 ], [ 72199.0, 27708.0 ], [ 72199.0, 27685.0 ], [ 72176.0, 27662.0 ], [ 72176.0, 27639.0 ], [ 72153.0, 27616.0 ], [ 72153.0, 27593.0 ], [ 72153.0, 27570.0 ], [ 72130.0, 27547.0 ], [ 72130.0, 27524.0 ], [ 72107.0, 27501.0 ], [ 72107.0, 27478.0 ], [ 72084.0, 27455.0 ], [ 72084.0, 27432.0 ], [ 72061.0, 27409.0 ], [ 72061.0, 27386.0 ], [ 72038.0, 27362.0 ], [ 72038.0, 27339.0 ], [ 72015.0, 27316.0 ], [ 72015.0, 27293.0 ], [ 72015.0, 27270.0 ], [ 71992.0, 27247.0 ], [ 71992.0, 27224.0 ], [ 71968.0, 27201.0 ], [ 71968.0, 27178.0 ], [ 71945.0, 27155.0 ], [ 71945.0, 27132.0 ], [ 71922.0, 27109.0 ], [ 71922.0, 27086.0 ], [ 71899.0, 27063.0 ], [ 71899.0, 27040.0 ], [ 71876.0, 27017.0 ], [ 71876.0, 26994.0 ], [ 71853.0, 26971.0 ], [ 71853.0, 26948.0 ], [ 71853.0, 26924.0 ], [ 71830.0, 26901.0 ], [ 71830.0, 26878.0 ], [ 71807.0, 26855.0 ], [ 71807.0, 26832.0 ], [ 71784.0, 26809.0 ], [ 71784.0, 26786.0 ], [ 71784.0, 26763.0 ], [ 71761.0, 26740.0 ], [ 71761.0, 26717.0 ], [ 71738.0, 26694.0 ], [ 71738.0, 26671.0 ], [ 71738.0, 26648.0 ], [ 71715.0, 26625.0 ], [ 71715.0, 26602.0 ], [ 71692.0, 26579.0 ], [ 71692.0, 26556.0 ], [ 71669.0, 26533.0 ], [ 71669.0, 26510.0 ], [ 71669.0, 26486.0 ], [ 71646.0, 26463.0 ], [ 71646.0, 26440.0 ], [ 71623.0, 26417.0 ], [ 71623.0, 26394.0 ], [ 71600.0, 26371.0 ], [ 71600.0, 26348.0 ], [ 71577.0, 26325.0 ], [ 71577.0, 26302.0 ], [ 71577.0, 26279.0 ], [ 71554.0, 26256.0 ], [ 71554.0, 26233.0 ], [ 71530.0, 26210.0 ], [ 71530.0, 26187.0 ], [ 71507.0, 26164.0 ], [ 71507.0, 26141.0 ], [ 71484.0, 26118.0 ], [ 71484.0, 26095.0 ], [ 71461.0, 26072.0 ], [ 71461.0, 26048.0 ], [ 71438.0, 26025.0 ], [ 71438.0, 26002.0 ], [ 71415.0, 25979.0 ], [ 71415.0, 25956.0 ], [ 71392.0, 25933.0 ], [ 71392.0, 25910.0 ], [ 71369.0, 25887.0 ], [ 71369.0, 25864.0 ], [ 71369.0, 25841.0 ], [ 71346.0, 25818.0 ], [ 71323.0, 25795.0 ], [ 71300.0, 25795.0 ], [ 71277.0, 25795.0 ], [ 71254.0, 25795.0 ], [ 71231.0, 25795.0 ], [ 71208.0, 25795.0 ], [ 71185.0, 25772.0 ], [ 71185.0, 25749.0 ], [ 71185.0, 25726.0 ], [ 71185.0, 25703.0 ], [ 71185.0, 25680.0 ], [ 71185.0, 25657.0 ], [ 71185.0, 25634.0 ], [ 71185.0, 25610.0 ], [ 71185.0, 25587.0 ], [ 71185.0, 25564.0 ], [ 71185.0, 25541.0 ], [ 71185.0, 25518.0 ], [ 71185.0, 25495.0 ], [ 71162.0, 25472.0 ], [ 71162.0, 25449.0 ], [ 71139.0, 25426.0 ], [ 71139.0, 25403.0 ], [ 71116.0, 25380.0 ], [ 71116.0, 25357.0 ], [ 71092.0, 25334.0 ], [ 71069.0, 25311.0 ], [ 71069.0, 25288.0 ], [ 71069.0, 25265.0 ], [ 71046.0, 25242.0 ], [ 71046.0, 25219.0 ], [ 71023.0, 25196.0 ], [ 71023.0, 25172.0 ], [ 71000.0, 25149.0 ], [ 71000.0, 25126.0 ], [ 70977.0, 25103.0 ], [ 70977.0, 25080.0 ], [ 70954.0, 25057.0 ], [ 70954.0, 25034.0 ], [ 70931.0, 25011.0 ], [ 70931.0, 24988.0 ], [ 70908.0, 24965.0 ], [ 70908.0, 24942.0 ], [ 70885.0, 24919.0 ], [ 70885.0, 24896.0 ], [ 70862.0, 24873.0 ], [ 70862.0, 24850.0 ], [ 70839.0, 24827.0 ], [ 70839.0, 24804.0 ], [ 70816.0, 24781.0 ], [ 70816.0, 24758.0 ], [ 70793.0, 24735.0 ], [ 70770.0, 24711.0 ], [ 70770.0, 24688.0 ], [ 70747.0, 24665.0 ], [ 70747.0, 24642.0 ], [ 70724.0, 24619.0 ], [ 70724.0, 24596.0 ], [ 70701.0, 24573.0 ], [ 70701.0, 24550.0 ], [ 70678.0, 24527.0 ], [ 70678.0, 24504.0 ], [ 70654.0, 24481.0 ], [ 70654.0, 24458.0 ], [ 70631.0, 24435.0 ], [ 70608.0, 24412.0 ], [ 70608.0, 24389.0 ], [ 70585.0, 24366.0 ], [ 70585.0, 24343.0 ], [ 70562.0, 24320.0 ], [ 70562.0, 24297.0 ], [ 70539.0, 24273.0 ], [ 70539.0, 24250.0 ], [ 70516.0, 24227.0 ], [ 70516.0, 24204.0 ], [ 70493.0, 24181.0 ], [ 70493.0, 24158.0 ], [ 70470.0, 24135.0 ], [ 70447.0, 24112.0 ], [ 70447.0, 24089.0 ], [ 70424.0, 24066.0 ], [ 70424.0, 24043.0 ], [ 70401.0, 24020.0 ], [ 70401.0, 23997.0 ], [ 70378.0, 23974.0 ], [ 70378.0, 23951.0 ], [ 70355.0, 23928.0 ], [ 70355.0, 23905.0 ], [ 70332.0, 23882.0 ], [ 70332.0, 23859.0 ], [ 70309.0, 23835.0 ], [ 70309.0, 23812.0 ], [ 70286.0, 23789.0 ], [ 70286.0, 23766.0 ], [ 70263.0, 23743.0 ], [ 70240.0, 23743.0 ], [ 70216.0, 23743.0 ], [ 70193.0, 23743.0 ], [ 70170.0, 23720.0 ], [ 70170.0, 23697.0 ], [ 70170.0, 23674.0 ], [ 70170.0, 23651.0 ], [ 70170.0, 23628.0 ], [ 70170.0, 23605.0 ], [ 70170.0, 23582.0 ], [ 70170.0, 23559.0 ], [ 70170.0, 23536.0 ], [ 70147.0, 23513.0 ], [ 70124.0, 23490.0 ], [ 70124.0, 23467.0 ], [ 70124.0, 23444.0 ], [ 70101.0, 23421.0 ], [ 70078.0, 23397.0 ], [ 70078.0, 23374.0 ], [ 70055.0, 23351.0 ], [ 70055.0, 23328.0 ], [ 70055.0, 23305.0 ], [ 70032.0, 23282.0 ], [ 70032.0, 23259.0 ], [ 70009.0, 23236.0 ], [ 70009.0, 23213.0 ], [ 69986.0, 23190.0 ], [ 69986.0, 23167.0 ], [ 69963.0, 23144.0 ], [ 69963.0, 23121.0 ], [ 69940.0, 23098.0 ], [ 69940.0, 23075.0 ], [ 69917.0, 23052.0 ], [ 69917.0, 23029.0 ], [ 69894.0, 23006.0 ], [ 69894.0, 22983.0 ], [ 69871.0, 22959.0 ], [ 69871.0, 22936.0 ], [ 69848.0, 22913.0 ], [ 69848.0, 22890.0 ], [ 69825.0, 22867.0 ], [ 69825.0, 22844.0 ], [ 69802.0, 22821.0 ], [ 69802.0, 22798.0 ], [ 69778.0, 22775.0 ], [ 69778.0, 22752.0 ], [ 69755.0, 22729.0 ], [ 69755.0, 22706.0 ], [ 69732.0, 22683.0 ], [ 69732.0, 22660.0 ], [ 69709.0, 22637.0 ], [ 69709.0, 22614.0 ], [ 69686.0, 22591.0 ], [ 69686.0, 22568.0 ], [ 69663.0, 22545.0 ], [ 69640.0, 22521.0 ], [ 69640.0, 22498.0 ], [ 69617.0, 22475.0 ], [ 69617.0, 22452.0 ], [ 69594.0, 22429.0 ], [ 69594.0, 22406.0 ], [ 69571.0, 22383.0 ], [ 69571.0, 22360.0 ], [ 69548.0, 22337.0 ], [ 69548.0, 22314.0 ], [ 69525.0, 22291.0 ], [ 69525.0, 22268.0 ], [ 69502.0, 22245.0 ], [ 69502.0, 22222.0 ], [ 69479.0, 22199.0 ], [ 69479.0, 22176.0 ], [ 69456.0, 22153.0 ], [ 69456.0, 22130.0 ], [ 69433.0, 22107.0 ], [ 69433.0, 22084.0 ], [ 69410.0, 22060.0 ], [ 69387.0, 22037.0 ], [ 69387.0, 22014.0 ], [ 69364.0, 21991.0 ], [ 69364.0, 21968.0 ], [ 69341.0, 21945.0 ], [ 69341.0, 21922.0 ], [ 69341.0, 21899.0 ], [ 69317.0, 21876.0 ], [ 69317.0, 21853.0 ], [ 69294.0, 21830.0 ], [ 69294.0, 21807.0 ], [ 69271.0, 21784.0 ], [ 69271.0, 21761.0 ], [ 69248.0, 21738.0 ], [ 69248.0, 21715.0 ], [ 69225.0, 21692.0 ], [ 69225.0, 21669.0 ], [ 69202.0, 21669.0 ], [ 69179.0, 21669.0 ], [ 69156.0, 21669.0 ], [ 69133.0, 21646.0 ], [ 69133.0, 21622.0 ], [ 69133.0, 21599.0 ], [ 69133.0, 21576.0 ], [ 69133.0, 21553.0 ], [ 69133.0, 21530.0 ], [ 69133.0, 21507.0 ], [ 69133.0, 21484.0 ], [ 69110.0, 21461.0 ], [ 69110.0, 21438.0 ], [ 69087.0, 21415.0 ], [ 69064.0, 21392.0 ], [ 69064.0, 21369.0 ], [ 69041.0, 21346.0 ], [ 69041.0, 21323.0 ], [ 69018.0, 21300.0 ], [ 69018.0, 21277.0 ], [ 68995.0, 21254.0 ], [ 68995.0, 21231.0 ], [ 68972.0, 21208.0 ], [ 68972.0, 21184.0 ], [ 68949.0, 21161.0 ], [ 68926.0, 21138.0 ], [ 68926.0, 21115.0 ], [ 68903.0, 21092.0 ], [ 68903.0, 21069.0 ], [ 68879.0, 21046.0 ], [ 68879.0, 21023.0 ], [ 68856.0, 21000.0 ], [ 68856.0, 20977.0 ], [ 68833.0, 20954.0 ], [ 68810.0, 20931.0 ], [ 68810.0, 20908.0 ], [ 68787.0, 20885.0 ], [ 68787.0, 20862.0 ], [ 68764.0, 20839.0 ], [ 68741.0, 20816.0 ], [ 68741.0, 20793.0 ], [ 68718.0, 20770.0 ], [ 68718.0, 20746.0 ], [ 68695.0, 20723.0 ], [ 68672.0, 20700.0 ], [ 68672.0, 20677.0 ], [ 68649.0, 20654.0 ], [ 68649.0, 20631.0 ], [ 68626.0, 20608.0 ], [ 68626.0, 20585.0 ], [ 68603.0, 20562.0 ], [ 68580.0, 20539.0 ], [ 68580.0, 20516.0 ], [ 68557.0, 20493.0 ], [ 68557.0, 20470.0 ], [ 68534.0, 20447.0 ], [ 68534.0, 20424.0 ], [ 68511.0, 20401.0 ], [ 68488.0, 20378.0 ], [ 68488.0, 20355.0 ], [ 68465.0, 20332.0 ], [ 68465.0, 20308.0 ], [ 68441.0, 20285.0 ], [ 68418.0, 20262.0 ], [ 68418.0, 20239.0 ], [ 68395.0, 20216.0 ], [ 68395.0, 20193.0 ], [ 68372.0, 20170.0 ], [ 68372.0, 20147.0 ], [ 68349.0, 20124.0 ], [ 68349.0, 20101.0 ], [ 68326.0, 20078.0 ], [ 68326.0, 20055.0 ], [ 68303.0, 20032.0 ], [ 68303.0, 20009.0 ], [ 68280.0, 19986.0 ], [ 68280.0, 19963.0 ], [ 68257.0, 19940.0 ], [ 68234.0, 19917.0 ], [ 68234.0, 19894.0 ], [ 68211.0, 19870.0 ], [ 68211.0, 19847.0 ], [ 68188.0, 19824.0 ], [ 68165.0, 19801.0 ], [ 68165.0, 19778.0 ], [ 68165.0, 19755.0 ], [ 68142.0, 19732.0 ], [ 68119.0, 19709.0 ], [ 68119.0, 19686.0 ], [ 68096.0, 19663.0 ], [ 68096.0, 19640.0 ], [ 68073.0, 19617.0 ], [ 68050.0, 19594.0 ], [ 68050.0, 19571.0 ], [ 68050.0, 19548.0 ], [ 68027.0, 19525.0 ], [ 68027.0, 19502.0 ], [ 68003.0, 19479.0 ], [ 68003.0, 19456.0 ], [ 67980.0, 19433.0 ], [ 67957.0, 19409.0 ], [ 67957.0, 19386.0 ], [ 67934.0, 19363.0 ], [ 67934.0, 19340.0 ], [ 67911.0, 19317.0 ], [ 67911.0, 19294.0 ], [ 67888.0, 19271.0 ], [ 67888.0, 19248.0 ], [ 67865.0, 19225.0 ], [ 67842.0, 19202.0 ], [ 67842.0, 19179.0 ], [ 67819.0, 19156.0 ], [ 67796.0, 19133.0 ], [ 67796.0, 19110.0 ], [ 67773.0, 19087.0 ], [ 67750.0, 19064.0 ], [ 67750.0, 19041.0 ], [ 67727.0, 19018.0 ], [ 67727.0, 18995.0 ], [ 67704.0, 18971.0 ], [ 67681.0, 18948.0 ], [ 67681.0, 18925.0 ], [ 67658.0, 18902.0 ], [ 67658.0, 18879.0 ], [ 67635.0, 18856.0 ], [ 67612.0, 18833.0 ], [ 67612.0, 18810.0 ], [ 67589.0, 18787.0 ], [ 67589.0, 18764.0 ], [ 67565.0, 18741.0 ], [ 67542.0, 18718.0 ], [ 67542.0, 18695.0 ], [ 67519.0, 18672.0 ], [ 67496.0, 18649.0 ], [ 67496.0, 18626.0 ], [ 67473.0, 18603.0 ], [ 67473.0, 18580.0 ], [ 67450.0, 18580.0 ], [ 67427.0, 18580.0 ], [ 67404.0, 18580.0 ], [ 67381.0, 18580.0 ], [ 67358.0, 18580.0 ], [ 67335.0, 18580.0 ], [ 67312.0, 18580.0 ], [ 67289.0, 18580.0 ], [ 67266.0, 18580.0 ], [ 67243.0, 18580.0 ], [ 67220.0, 18580.0 ], [ 67197.0, 18580.0 ], [ 67174.0, 18580.0 ], [ 67151.0, 18580.0 ], [ 67127.0, 18580.0 ], [ 67104.0, 18580.0 ], [ 67081.0, 18580.0 ], [ 67058.0, 18557.0 ], [ 67058.0, 18533.0 ], [ 67058.0, 18510.0 ], [ 67058.0, 18487.0 ], [ 67058.0, 18464.0 ], [ 67058.0, 18441.0 ], [ 67058.0, 18418.0 ], [ 67058.0, 18395.0 ], [ 67058.0, 18372.0 ], [ 67058.0, 18349.0 ], [ 67058.0, 18326.0 ], [ 67058.0, 18303.0 ], [ 67058.0, 18280.0 ], [ 67058.0, 18257.0 ], [ 67058.0, 18234.0 ], [ 67058.0, 18211.0 ], [ 67058.0, 18188.0 ], [ 67058.0, 18165.0 ], [ 67058.0, 18142.0 ], [ 67058.0, 18119.0 ], [ 67058.0, 18095.0 ], [ 67058.0, 18072.0 ], [ 67058.0, 18049.0 ], [ 67058.0, 18026.0 ], [ 67058.0, 18003.0 ], [ 67058.0, 17980.0 ], [ 67058.0, 17957.0 ], [ 67058.0, 17934.0 ], [ 67035.0, 17911.0 ], [ 67012.0, 17888.0 ], [ 67012.0, 17865.0 ], [ 66989.0, 17842.0 ], [ 66966.0, 17819.0 ], [ 66943.0, 17796.0 ], [ 66943.0, 17773.0 ], [ 66920.0, 17750.0 ], [ 66897.0, 17727.0 ], [ 66897.0, 17704.0 ], [ 66874.0, 17681.0 ], [ 66851.0, 17657.0 ], [ 66828.0, 17634.0 ], [ 66828.0, 17611.0 ], [ 66805.0, 17588.0 ], [ 66782.0, 17565.0 ], [ 66759.0, 17542.0 ], [ 66759.0, 17519.0 ], [ 66736.0, 17496.0 ], [ 66713.0, 17473.0 ], [ 66690.0, 17450.0 ], [ 66690.0, 17427.0 ], [ 66666.0, 17404.0 ], [ 66643.0, 17381.0 ], [ 66643.0, 17358.0 ], [ 66620.0, 17335.0 ], [ 66597.0, 17312.0 ], [ 66597.0, 17289.0 ], [ 66574.0, 17266.0 ], [ 66551.0, 17243.0 ], [ 66528.0, 17219.0 ], [ 66528.0, 17196.0 ], [ 66505.0, 17173.0 ], [ 66482.0, 17150.0 ], [ 66482.0, 17127.0 ], [ 66459.0, 17104.0 ], [ 66459.0, 17081.0 ], [ 66436.0, 17058.0 ], [ 66413.0, 17035.0 ], [ 66413.0, 17012.0 ], [ 66390.0, 16989.0 ], [ 66367.0, 16966.0 ], [ 66367.0, 16943.0 ], [ 66344.0, 16920.0 ], [ 66321.0, 16897.0 ], [ 66321.0, 16874.0 ], [ 66298.0, 16851.0 ], [ 66275.0, 16828.0 ], [ 66275.0, 16805.0 ], [ 66252.0, 16781.0 ], [ 66228.0, 16758.0 ], [ 66228.0, 16735.0 ], [ 66205.0, 16712.0 ], [ 66182.0, 16689.0 ], [ 66182.0, 16666.0 ], [ 66159.0, 16643.0 ], [ 66136.0, 16620.0 ], [ 66113.0, 16597.0 ], [ 66113.0, 16574.0 ], [ 66090.0, 16551.0 ], [ 66067.0, 16528.0 ], [ 66044.0, 16505.0 ], [ 66044.0, 16482.0 ], [ 66021.0, 16459.0 ], [ 65998.0, 16436.0 ], [ 65975.0, 16413.0 ], [ 65975.0, 16390.0 ], [ 65952.0, 16367.0 ], [ 65929.0, 16344.0 ], [ 65929.0, 16320.0 ], [ 65906.0, 16297.0 ], [ 65883.0, 16274.0 ], [ 65883.0, 16251.0 ], [ 65860.0, 16228.0 ], [ 65837.0, 16205.0 ], [ 65837.0, 16182.0 ], [ 65814.0, 16159.0 ], [ 65790.0, 16136.0 ], [ 65767.0, 16113.0 ], [ 65767.0, 16090.0 ], [ 65744.0, 16067.0 ], [ 65721.0, 16044.0 ], [ 65698.0, 16021.0 ], [ 65698.0, 15998.0 ], [ 65675.0, 15975.0 ], [ 65652.0, 15952.0 ], [ 65652.0, 15929.0 ], [ 65629.0, 15906.0 ], [ 65606.0, 15882.0 ], [ 65583.0, 15859.0 ], [ 65583.0, 15836.0 ], [ 65560.0, 15813.0 ], [ 65537.0, 15790.0 ], [ 65514.0, 15767.0 ], [ 65514.0, 15744.0 ], [ 65491.0, 15721.0 ], [ 65468.0, 15698.0 ], [ 65445.0, 15675.0 ], [ 65422.0, 15652.0 ], [ 65422.0, 15629.0 ], [ 65399.0, 15606.0 ], [ 65376.0, 15583.0 ], [ 65352.0, 15560.0 ], [ 65352.0, 15537.0 ], [ 65329.0, 15514.0 ], [ 65306.0, 15491.0 ], [ 65306.0, 15468.0 ], [ 65283.0, 15468.0 ], [ 65260.0, 15468.0 ], [ 65237.0, 15468.0 ], [ 65214.0, 15468.0 ], [ 65191.0, 15468.0 ], [ 65168.0, 15468.0 ], [ 65145.0, 15468.0 ], [ 65122.0, 15468.0 ], [ 65099.0, 15468.0 ], [ 65076.0, 15468.0 ], [ 65053.0, 15468.0 ], [ 65030.0, 15468.0 ], [ 65007.0, 15444.0 ], [ 65007.0, 15421.0 ], [ 65007.0, 15398.0 ], [ 65007.0, 15375.0 ], [ 65007.0, 15352.0 ], [ 65007.0, 15329.0 ], [ 65007.0, 15306.0 ], [ 65007.0, 15283.0 ], [ 65007.0, 15260.0 ], [ 65007.0, 15237.0 ], [ 65007.0, 15214.0 ], [ 65007.0, 15191.0 ], [ 65007.0, 15168.0 ], [ 65007.0, 15145.0 ], [ 65007.0, 15122.0 ], [ 65007.0, 15099.0 ], [ 65007.0, 15076.0 ], [ 64984.0, 15076.0 ], [ 64961.0, 15053.0 ], [ 64938.0, 15030.0 ], [ 64914.0, 15006.0 ], [ 64914.0, 14983.0 ], [ 64891.0, 14960.0 ], [ 64868.0, 14937.0 ], [ 64845.0, 14914.0 ], [ 64822.0, 14891.0 ], [ 64822.0, 14868.0 ], [ 64799.0, 14845.0 ], [ 64776.0, 14822.0 ], [ 64776.0, 14799.0 ], [ 64753.0, 14776.0 ], [ 64730.0, 14753.0 ], [ 64707.0, 14730.0 ], [ 64684.0, 14707.0 ], [ 64661.0, 14684.0 ], [ 64661.0, 14661.0 ], [ 64638.0, 14638.0 ], [ 64615.0, 14615.0 ], [ 64592.0, 14592.0 ], [ 64592.0, 14568.0 ], [ 64569.0, 14545.0 ], [ 64546.0, 14522.0 ], [ 64523.0, 14499.0 ], [ 64523.0, 14476.0 ], [ 64500.0, 14453.0 ], [ 64476.0, 14430.0 ], [ 64453.0, 14407.0 ], [ 64430.0, 14384.0 ], [ 64407.0, 14361.0 ], [ 64384.0, 14338.0 ], [ 64384.0, 14315.0 ], [ 64361.0, 14292.0 ], [ 64338.0, 14269.0 ], [ 64315.0, 14246.0 ], [ 64315.0, 14223.0 ], [ 64292.0, 14200.0 ], [ 64269.0, 14177.0 ], [ 64269.0, 14154.0 ], [ 64246.0, 14130.0 ], [ 64223.0, 14107.0 ], [ 64200.0, 14084.0 ], [ 64177.0, 14061.0 ], [ 64177.0, 14038.0 ], [ 64154.0, 14015.0 ], [ 64131.0, 13992.0 ], [ 64131.0, 13969.0 ], [ 64108.0, 13946.0 ], [ 64085.0, 13923.0 ], [ 64062.0, 13900.0 ], [ 64062.0, 13877.0 ], [ 64039.0, 13854.0 ], [ 64015.0, 13831.0 ], [ 63992.0, 13808.0 ], [ 63969.0, 13785.0 ], [ 63969.0, 13762.0 ], [ 63946.0, 13739.0 ], [ 63923.0, 13716.0 ], [ 63900.0, 13693.0 ], [ 63877.0, 13669.0 ], [ 63854.0, 13646.0 ], [ 63854.0, 13623.0 ], [ 63831.0, 13600.0 ], [ 63808.0, 13577.0 ], [ 63785.0, 13554.0 ], [ 63785.0, 13531.0 ], [ 63762.0, 13508.0 ], [ 63739.0, 13485.0 ], [ 63716.0, 13462.0 ], [ 63693.0, 13439.0 ], [ 63670.0, 13416.0 ], [ 63647.0, 13393.0 ], [ 63647.0, 13370.0 ], [ 63624.0, 13347.0 ], [ 63601.0, 13324.0 ], [ 63577.0, 13301.0 ], [ 63554.0, 13278.0 ], [ 63531.0, 13255.0 ], [ 63508.0, 13231.0 ], [ 63485.0, 13208.0 ], [ 63462.0, 13185.0 ], [ 63439.0, 13162.0 ], [ 63416.0, 13139.0 ], [ 63393.0, 13116.0 ], [ 63370.0, 13093.0 ], [ 63347.0, 13070.0 ], [ 63324.0, 13047.0 ], [ 63301.0, 13024.0 ], [ 63301.0, 13001.0 ], [ 63278.0, 12978.0 ], [ 63255.0, 12955.0 ], [ 63232.0, 12932.0 ], [ 63209.0, 12909.0 ], [ 63186.0, 12886.0 ], [ 63163.0, 12863.0 ], [ 63139.0, 12840.0 ], [ 63116.0, 12817.0 ], [ 63093.0, 12793.0 ], [ 63070.0, 12770.0 ], [ 63047.0, 12747.0 ], [ 63024.0, 12724.0 ], [ 63001.0, 12701.0 ], [ 62978.0, 12678.0 ], [ 62955.0, 12655.0 ], [ 62932.0, 12632.0 ], [ 62909.0, 12609.0 ], [ 62886.0, 12586.0 ], [ 62863.0, 12563.0 ], [ 62840.0, 12540.0 ], [ 62817.0, 12517.0 ], [ 62794.0, 12494.0 ], [ 62771.0, 12471.0 ], [ 62748.0, 12448.0 ], [ 62725.0, 12425.0 ], [ 62701.0, 12402.0 ], [ 62678.0, 12379.0 ], [ 62655.0, 12355.0 ], [ 62632.0, 12332.0 ], [ 62609.0, 12309.0 ], [ 62586.0, 12286.0 ], [ 62563.0, 12263.0 ], [ 62540.0, 12240.0 ], [ 62517.0, 12217.0 ], [ 62494.0, 12194.0 ], [ 62471.0, 12171.0 ], [ 62448.0, 12148.0 ], [ 62425.0, 12125.0 ], [ 62402.0, 12102.0 ], [ 62379.0, 12079.0 ], [ 62356.0, 12056.0 ], [ 62333.0, 12033.0 ], [ 62310.0, 12010.0 ], [ 62287.0, 11987.0 ], [ 62263.0, 11964.0 ], [ 62240.0, 11941.0 ], [ 62217.0, 11917.0 ], [ 62194.0, 11894.0 ], [ 62171.0, 11871.0 ], [ 62148.0, 11848.0 ], [ 62125.0, 11825.0 ], [ 62102.0, 11802.0 ], [ 62079.0, 11802.0 ], [ 62056.0, 11779.0 ], [ 62056.0, 11756.0 ], [ 62033.0, 11733.0 ], [ 62010.0, 11733.0 ], [ 61987.0, 11710.0 ], [ 61964.0, 11687.0 ], [ 61941.0, 11664.0 ], [ 61918.0, 11641.0 ], [ 61895.0, 11618.0 ], [ 61872.0, 11595.0 ], [ 61849.0, 11572.0 ], [ 61825.0, 11549.0 ], [ 61802.0, 11526.0 ], [ 61779.0, 11503.0 ], [ 61756.0, 11479.0 ], [ 61733.0, 11456.0 ], [ 61710.0, 11433.0 ], [ 61687.0, 11410.0 ], [ 61664.0, 11387.0 ], [ 61641.0, 11364.0 ], [ 61641.0, 11341.0 ], [ 61618.0, 11318.0 ], [ 61595.0, 11295.0 ], [ 61595.0, 11272.0 ], [ 61572.0, 11272.0 ], [ 61549.0, 11249.0 ], [ 61526.0, 11226.0 ], [ 61526.0, 11203.0 ], [ 61503.0, 11180.0 ], [ 61480.0, 11157.0 ], [ 61457.0, 11134.0 ], [ 61434.0, 11111.0 ], [ 61411.0, 11088.0 ], [ 61387.0, 11065.0 ], [ 61364.0, 11042.0 ], [ 61341.0, 11042.0 ], [ 61318.0, 11042.0 ], [ 61295.0, 11018.0 ], [ 61272.0, 10995.0 ], [ 61249.0, 10972.0 ], [ 61226.0, 10949.0 ], [ 61203.0, 10926.0 ], [ 61180.0, 10903.0 ], [ 61157.0, 10880.0 ], [ 61134.0, 10857.0 ], [ 61134.0, 10834.0 ], [ 61111.0, 10811.0 ], [ 61088.0, 10811.0 ], [ 61065.0, 10788.0 ], [ 61065.0, 10765.0 ], [ 61042.0, 10742.0 ], [ 61019.0, 10719.0 ], [ 60996.0, 10696.0 ], [ 60973.0, 10673.0 ], [ 60950.0, 10673.0 ], [ 60926.0, 10650.0 ], [ 60903.0, 10627.0 ], [ 60880.0, 10604.0 ], [ 60857.0, 10580.0 ], [ 60834.0, 10580.0 ], [ 60811.0, 10557.0 ], [ 60788.0, 10534.0 ], [ 60765.0, 10511.0 ], [ 60742.0, 10488.0 ], [ 60719.0, 10465.0 ], [ 60696.0, 10442.0 ], [ 60673.0, 10442.0 ], [ 60650.0, 10419.0 ], [ 60627.0, 10396.0 ], [ 60604.0, 10396.0 ], [ 60581.0, 10373.0 ], [ 60558.0, 10350.0 ], [ 60535.0, 10327.0 ], [ 60512.0, 10327.0 ], [ 60488.0, 10327.0 ], [ 60465.0, 10327.0 ], [ 60442.0, 10304.0 ], [ 60465.0, 10281.0 ], [ 60442.0, 10258.0 ], [ 60419.0, 10258.0 ], [ 60396.0, 10235.0 ], [ 60373.0, 10212.0 ], [ 60373.0, 10189.0 ], [ 60350.0, 10189.0 ], [ 60327.0, 10166.0 ], [ 60327.0, 10142.0 ], [ 60304.0, 10119.0 ], [ 60281.0, 10096.0 ], [ 60258.0, 10119.0 ], [ 60235.0, 10096.0 ], [ 60212.0, 10096.0 ], [ 60189.0, 10073.0 ], [ 60212.0, 10050.0 ], [ 60189.0, 10027.0 ], [ 60166.0, 10027.0 ], [ 60143.0, 10004.0 ], [ 60120.0, 9981.0 ], [ 60097.0, 9981.0 ], [ 60074.0, 9958.0 ], [ 60050.0, 9958.0 ], [ 60027.0, 9935.0 ], [ 60004.0, 9912.0 ], [ 59981.0, 9889.0 ], [ 59981.0, 9866.0 ], [ 59958.0, 9866.0 ], [ 59935.0, 9843.0 ], [ 59912.0, 9843.0 ], [ 59889.0, 9843.0 ], [ 59866.0, 9843.0 ], [ 59843.0, 9820.0 ], [ 59820.0, 9797.0 ], [ 59797.0, 9774.0 ], [ 59774.0, 9774.0 ], [ 59751.0, 9751.0 ], [ 59751.0, 9728.0 ], [ 59728.0, 9728.0 ], [ 59705.0, 9728.0 ], [ 59682.0, 9728.0 ], [ 59659.0, 9704.0 ], [ 59659.0, 9681.0 ], [ 59636.0, 9658.0 ], [ 59612.0, 9658.0 ], [ 59589.0, 9635.0 ], [ 59566.0, 9612.0 ], [ 59543.0, 9612.0 ], [ 59520.0, 9589.0 ], [ 59497.0, 9566.0 ], [ 59474.0, 9543.0 ], [ 59451.0, 9566.0 ], [ 59428.0, 9543.0 ], [ 59428.0, 9520.0 ], [ 59405.0, 9543.0 ], [ 59382.0, 9520.0 ], [ 59359.0, 9497.0 ], [ 59382.0, 9474.0 ], [ 59359.0, 9474.0 ], [ 59336.0, 9474.0 ], [ 59313.0, 9474.0 ], [ 59290.0, 9451.0 ], [ 59267.0, 9428.0 ], [ 59244.0, 9405.0 ], [ 59221.0, 9405.0 ], [ 59198.0, 9382.0 ], [ 59221.0, 9359.0 ], [ 59198.0, 9359.0 ], [ 59174.0, 9359.0 ], [ 59151.0, 9336.0 ], [ 59128.0, 9336.0 ], [ 59105.0, 9336.0 ], [ 59082.0, 9313.0 ], [ 59105.0, 9290.0 ], [ 59082.0, 9290.0 ], [ 59059.0, 9290.0 ], [ 59036.0, 9290.0 ], [ 59013.0, 9290.0 ], [ 58990.0, 9290.0 ], [ 58967.0, 9290.0 ], [ 58944.0, 9290.0 ], [ 58921.0, 9290.0 ], [ 58898.0, 9290.0 ], [ 58875.0, 9290.0 ], [ 58852.0, 9290.0 ], [ 58829.0, 9290.0 ], [ 58806.0, 9266.0 ], [ 58806.0, 9243.0 ], [ 58806.0, 9220.0 ], [ 58806.0, 9197.0 ], [ 58806.0, 9174.0 ], [ 58806.0, 9151.0 ], [ 58806.0, 9128.0 ], [ 58783.0, 9105.0 ], [ 58806.0, 9082.0 ], [ 58806.0, 9059.0 ], [ 58783.0, 9036.0 ], [ 58783.0, 9013.0 ], [ 58760.0, 8990.0 ], [ 58760.0, 8967.0 ], [ 58783.0, 8944.0 ], [ 58806.0, 8921.0 ], [ 58806.0, 8898.0 ], [ 58806.0, 8875.0 ], [ 58806.0, 8852.0 ], [ 58806.0, 8828.0 ], [ 58783.0, 8805.0 ], [ 58760.0, 8782.0 ], [ 58736.0, 8782.0 ], [ 58713.0, 8759.0 ], [ 58690.0, 8759.0 ], [ 58667.0, 8736.0 ], [ 58644.0, 8736.0 ], [ 58621.0, 8736.0 ], [ 58598.0, 8713.0 ], [ 58575.0, 8713.0 ], [ 58552.0, 8713.0 ], [ 58552.0, 8736.0 ], [ 58552.0, 8759.0 ], [ 58529.0, 8782.0 ], [ 58506.0, 8782.0 ], [ 58483.0, 8805.0 ], [ 58460.0, 8828.0 ], [ 58437.0, 8828.0 ], [ 58414.0, 8828.0 ], [ 58391.0, 8852.0 ], [ 58368.0, 8852.0 ], [ 58345.0, 8852.0 ], [ 58322.0, 8852.0 ], [ 58299.0, 8828.0 ], [ 58299.0, 8805.0 ], [ 58275.0, 8782.0 ], [ 58252.0, 8759.0 ], [ 58275.0, 8736.0 ], [ 58299.0, 8713.0 ], [ 58275.0, 8690.0 ], [ 58275.0, 8667.0 ], [ 58252.0, 8644.0 ], [ 58252.0, 8621.0 ], [ 58229.0, 8598.0 ], [ 58206.0, 8598.0 ], [ 58183.0, 8598.0 ], [ 58160.0, 8598.0 ], [ 58137.0, 8575.0 ], [ 58114.0, 8552.0 ], [ 58091.0, 8529.0 ], [ 58068.0, 8506.0 ], [ 58045.0, 8483.0 ], [ 58022.0, 8460.0 ], [ 57999.0, 8437.0 ], [ 57976.0, 8414.0 ], [ 57953.0, 8390.0 ], [ 57930.0, 8367.0 ], [ 57907.0, 8344.0 ], [ 57884.0, 8321.0 ], [ 57861.0, 8298.0 ], [ 57837.0, 8275.0 ], [ 57814.0, 8298.0 ], [ 57814.0, 8321.0 ], [ 57791.0, 8344.0 ], [ 57768.0, 8321.0 ], [ 57768.0, 8298.0 ], [ 57768.0, 8275.0 ], [ 57768.0, 8252.0 ], [ 57768.0, 8229.0 ], [ 57745.0, 8206.0 ], [ 57722.0, 8183.0 ], [ 57699.0, 8160.0 ], [ 57676.0, 8137.0 ], [ 57653.0, 8137.0 ], [ 57630.0, 8114.0 ], [ 57607.0, 8091.0 ], [ 57584.0, 8068.0 ], [ 57561.0, 8045.0 ], [ 57538.0, 8045.0 ], [ 57515.0, 8022.0 ], [ 57492.0, 7999.0 ], [ 57469.0, 7976.0 ], [ 57446.0, 7976.0 ], [ 57423.0, 7953.0 ], [ 57399.0, 7929.0 ], [ 57376.0, 7906.0 ], [ 57353.0, 7906.0 ], [ 57330.0, 7883.0 ], [ 57307.0, 7860.0 ], [ 57284.0, 7837.0 ], [ 57261.0, 7837.0 ], [ 57238.0, 7814.0 ], [ 57215.0, 7791.0 ], [ 57192.0, 7768.0 ], [ 57169.0, 7768.0 ], [ 57146.0, 7745.0 ], [ 57123.0, 7722.0 ], [ 57100.0, 7699.0 ], [ 57077.0, 7699.0 ], [ 57054.0, 7676.0 ], [ 57031.0, 7653.0 ], [ 57008.0, 7630.0 ], [ 56985.0, 7630.0 ], [ 56961.0, 7607.0 ], [ 56938.0, 7584.0 ], [ 56915.0, 7561.0 ], [ 56892.0, 7561.0 ], [ 56869.0, 7538.0 ], [ 56846.0, 7515.0 ], [ 56823.0, 7491.0 ], [ 56800.0, 7491.0 ], [ 56777.0, 7491.0 ], [ 56754.0, 7468.0 ], [ 56754.0, 7445.0 ], [ 56731.0, 7422.0 ], [ 56708.0, 7422.0 ], [ 56685.0, 7399.0 ], [ 56662.0, 7399.0 ], [ 56639.0, 7376.0 ], [ 56616.0, 7353.0 ], [ 56593.0, 7353.0 ], [ 56570.0, 7330.0 ], [ 56547.0, 7307.0 ], [ 56523.0, 7307.0 ], [ 56500.0, 7284.0 ], [ 56477.0, 7261.0 ], [ 56454.0, 7261.0 ], [ 56431.0, 7238.0 ], [ 56408.0, 7215.0 ], [ 56385.0, 7215.0 ], [ 56362.0, 7215.0 ], [ 56339.0, 7215.0 ], [ 56316.0, 7192.0 ], [ 56293.0, 7169.0 ], [ 56293.0, 7146.0 ], [ 56270.0, 7146.0 ], [ 56247.0, 7123.0 ], [ 56224.0, 7100.0 ], [ 56201.0, 7100.0 ], [ 56178.0, 7077.0 ], [ 56155.0, 7077.0 ], [ 56132.0, 7053.0 ], [ 56109.0, 7030.0 ], [ 56085.0, 7030.0 ], [ 56062.0, 7007.0 ], [ 56039.0, 6984.0 ], [ 56016.0, 6984.0 ], [ 55993.0, 6961.0 ], [ 55970.0, 6961.0 ], [ 55947.0, 6938.0 ], [ 55924.0, 6915.0 ], [ 55901.0, 6915.0 ], [ 55878.0, 6892.0 ], [ 55855.0, 6892.0 ], [ 55832.0, 6869.0 ], [ 55809.0, 6869.0 ], [ 55786.0, 6846.0 ], [ 55763.0, 6846.0 ], [ 55740.0, 6823.0 ], [ 55717.0, 6800.0 ], [ 55694.0, 6800.0 ], [ 55671.0, 6777.0 ], [ 55648.0, 6777.0 ], [ 55624.0, 6754.0 ], [ 55601.0, 6754.0 ], [ 55578.0, 6731.0 ], [ 55555.0, 6731.0 ], [ 55532.0, 6708.0 ], [ 55509.0, 6708.0 ], [ 55486.0, 6685.0 ], [ 55463.0, 6685.0 ], [ 55440.0, 6662.0 ], [ 55417.0, 6662.0 ], [ 55394.0, 6639.0 ], [ 55371.0, 6615.0 ], [ 55348.0, 6615.0 ], [ 55325.0, 6592.0 ], [ 55302.0, 6592.0 ], [ 55279.0, 6569.0 ], [ 55256.0, 6569.0 ], [ 55233.0, 6546.0 ], [ 55210.0, 6546.0 ], [ 55186.0, 6523.0 ], [ 55163.0, 6523.0 ], [ 55140.0, 6500.0 ], [ 55117.0, 6500.0 ], [ 55094.0, 6477.0 ], [ 55071.0, 6477.0 ], [ 55048.0, 6454.0 ], [ 55025.0, 6454.0 ], [ 55002.0, 6454.0 ], [ 54979.0, 6454.0 ], [ 54956.0, 6454.0 ], [ 54933.0, 6431.0 ], [ 54910.0, 6408.0 ], [ 54887.0, 6408.0 ], [ 54864.0, 6385.0 ], [ 54841.0, 6362.0 ], [ 54818.0, 6339.0 ], [ 54795.0, 6339.0 ], [ 54772.0, 6316.0 ], [ 54748.0, 6316.0 ], [ 54725.0, 6293.0 ], [ 54702.0, 6270.0 ], [ 54679.0, 6270.0 ], [ 54656.0, 6247.0 ], [ 54633.0, 6247.0 ], [ 54610.0, 6224.0 ], [ 54587.0, 6224.0 ], [ 54564.0, 6201.0 ], [ 54541.0, 6201.0 ], [ 54518.0, 6201.0 ], [ 54495.0, 6201.0 ], [ 54472.0, 6201.0 ], [ 54449.0, 6201.0 ], [ 54426.0, 6177.0 ], [ 54426.0, 6154.0 ], [ 54426.0, 6131.0 ], [ 54403.0, 6108.0 ], [ 54380.0, 6108.0 ], [ 54357.0, 6085.0 ], [ 54334.0, 6085.0 ], [ 54310.0, 6062.0 ], [ 54287.0, 6062.0 ], [ 54264.0, 6039.0 ], [ 54241.0, 6016.0 ], [ 54218.0, 6016.0 ], [ 54195.0, 5993.0 ], [ 54172.0, 5993.0 ], [ 54149.0, 5970.0 ], [ 54126.0, 5970.0 ], [ 54103.0, 5947.0 ], [ 54080.0, 5924.0 ], [ 54057.0, 5924.0 ], [ 54034.0, 5901.0 ], [ 54011.0, 5901.0 ], [ 53988.0, 5878.0 ], [ 53965.0, 5855.0 ], [ 53942.0, 5855.0 ], [ 53919.0, 5832.0 ], [ 53896.0, 5832.0 ], [ 53872.0, 5809.0 ], [ 53849.0, 5786.0 ], [ 53826.0, 5786.0 ], [ 53803.0, 5763.0 ], [ 53780.0, 5763.0 ], [ 53757.0, 5739.0 ], [ 53734.0, 5739.0 ], [ 53711.0, 5716.0 ], [ 53688.0, 5716.0 ], [ 53665.0, 5693.0 ], [ 53642.0, 5670.0 ], [ 53619.0, 5647.0 ], [ 53596.0, 5647.0 ], [ 53573.0, 5624.0 ], [ 53550.0, 5624.0 ], [ 53527.0, 5601.0 ], [ 53504.0, 5601.0 ], [ 53481.0, 5578.0 ], [ 53458.0, 5578.0 ], [ 53434.0, 5555.0 ], [ 53411.0, 5532.0 ], [ 53388.0, 5532.0 ], [ 53365.0, 5509.0 ], [ 53342.0, 5509.0 ], [ 53319.0, 5486.0 ], [ 53296.0, 5486.0 ], [ 53273.0, 5463.0 ], [ 53250.0, 5463.0 ], [ 53227.0, 5440.0 ], [ 53204.0, 5440.0 ], [ 53181.0, 5417.0 ], [ 53158.0, 5417.0 ], [ 53135.0, 5394.0 ], [ 53112.0, 5394.0 ], [ 53089.0, 5371.0 ], [ 53066.0, 5348.0 ], [ 53043.0, 5348.0 ], [ 53020.0, 5325.0 ], [ 52997.0, 5325.0 ], [ 52973.0, 5302.0 ], [ 52950.0, 5302.0 ], [ 52927.0, 5278.0 ], [ 52904.0, 5278.0 ], [ 52881.0, 5255.0 ], [ 52858.0, 5255.0 ], [ 52835.0, 5232.0 ], [ 52812.0, 5209.0 ], [ 52789.0, 5209.0 ], [ 52766.0, 5186.0 ], [ 52743.0, 5186.0 ], [ 52720.0, 5163.0 ], [ 52697.0, 5163.0 ], [ 52674.0, 5163.0 ], [ 52651.0, 5163.0 ], [ 52628.0, 5163.0 ], [ 52605.0, 5140.0 ], [ 52582.0, 5117.0 ], [ 52582.0, 5094.0 ], [ 52559.0, 5071.0 ], [ 52535.0, 5071.0 ], [ 52512.0, 5071.0 ], [ 52489.0, 5071.0 ], [ 52466.0, 5048.0 ], [ 52443.0, 5071.0 ], [ 52420.0, 5048.0 ], [ 52420.0, 5025.0 ], [ 52397.0, 5025.0 ], [ 52374.0, 5002.0 ], [ 52351.0, 4979.0 ], [ 52328.0, 4956.0 ], [ 52305.0, 4933.0 ], [ 52282.0, 4933.0 ], [ 52259.0, 4910.0 ], [ 52236.0, 4887.0 ], [ 52213.0, 4887.0 ], [ 52190.0, 4887.0 ], [ 52167.0, 4887.0 ], [ 52144.0, 4887.0 ], [ 52121.0, 4864.0 ], [ 52097.0, 4864.0 ], [ 52074.0, 4840.0 ], [ 52051.0, 4817.0 ], [ 52028.0, 4794.0 ], [ 52005.0, 4794.0 ], [ 51982.0, 4771.0 ], [ 51959.0, 4771.0 ], [ 51936.0, 4771.0 ], [ 51913.0, 4771.0 ], [ 51890.0, 4748.0 ], [ 51867.0, 4748.0 ], [ 51844.0, 4748.0 ], [ 51821.0, 4725.0 ], [ 51798.0, 4702.0 ], [ 51775.0, 4679.0 ], [ 51752.0, 4679.0 ], [ 51729.0, 4679.0 ], [ 51706.0, 4702.0 ], [ 51683.0, 4679.0 ], [ 51659.0, 4656.0 ], [ 51636.0, 4656.0 ], [ 51613.0, 4679.0 ], [ 51590.0, 4656.0 ], [ 51590.0, 4633.0 ], [ 51590.0, 4610.0 ], [ 51590.0, 4587.0 ], [ 51567.0, 4564.0 ], [ 51544.0, 4564.0 ], [ 51521.0, 4564.0 ], [ 51498.0, 4541.0 ], [ 51475.0, 4541.0 ], [ 51452.0, 4518.0 ], [ 51429.0, 4518.0 ], [ 51406.0, 4495.0 ], [ 51383.0, 4495.0 ], [ 51360.0, 4472.0 ], [ 51337.0, 4472.0 ], [ 51314.0, 4472.0 ], [ 51291.0, 4449.0 ], [ 51268.0, 4449.0 ], [ 51245.0, 4426.0 ], [ 51221.0, 4426.0 ], [ 51198.0, 4402.0 ], [ 51175.0, 4402.0 ], [ 51152.0, 4379.0 ], [ 51129.0, 4379.0 ], [ 51106.0, 4356.0 ], [ 51083.0, 4356.0 ], [ 51060.0, 4356.0 ], [ 51037.0, 4333.0 ], [ 51014.0, 4333.0 ], [ 50991.0, 4310.0 ], [ 50968.0, 4310.0 ], [ 50945.0, 4287.0 ], [ 50922.0, 4287.0 ], [ 50899.0, 4287.0 ], [ 50876.0, 4264.0 ], [ 50853.0, 4264.0 ], [ 50830.0, 4241.0 ], [ 50807.0, 4241.0 ], [ 50783.0, 4241.0 ], [ 50760.0, 4218.0 ], [ 50737.0, 4218.0 ], [ 50714.0, 4195.0 ], [ 50691.0, 4195.0 ], [ 50668.0, 4172.0 ], [ 50645.0, 4172.0 ], [ 50622.0, 4172.0 ], [ 50599.0, 4149.0 ], [ 50576.0, 4149.0 ], [ 50553.0, 4126.0 ], [ 50530.0, 4126.0 ], [ 50507.0, 4126.0 ], [ 50484.0, 4103.0 ], [ 50461.0, 4103.0 ], [ 50438.0, 4080.0 ], [ 50415.0, 4080.0 ], [ 50392.0, 4080.0 ], [ 50369.0, 4057.0 ], [ 50345.0, 4034.0 ], [ 50322.0, 4034.0 ], [ 50299.0, 4034.0 ], [ 50276.0, 4011.0 ], [ 50253.0, 4011.0 ], [ 50230.0, 3988.0 ], [ 50207.0, 3988.0 ], [ 50184.0, 3988.0 ], [ 50161.0, 3964.0 ], [ 50138.0, 3964.0 ], [ 50115.0, 3941.0 ], [ 50092.0, 3941.0 ], [ 50069.0, 3918.0 ], [ 50046.0, 3918.0 ], [ 50023.0, 3895.0 ], [ 50000.0, 3895.0 ], [ 49977.0, 3895.0 ], [ 49954.0, 3872.0 ], [ 49931.0, 3872.0 ], [ 49908.0, 3849.0 ], [ 49884.0, 3849.0 ], [ 49861.0, 3826.0 ], [ 49838.0, 3826.0 ], [ 49815.0, 3826.0 ], [ 49792.0, 3803.0 ], [ 49769.0, 3803.0 ], [ 49746.0, 3780.0 ], [ 49723.0, 3780.0 ], [ 49700.0, 3757.0 ], [ 49677.0, 3757.0 ], [ 49654.0, 3757.0 ], [ 49631.0, 3734.0 ], [ 49608.0, 3734.0 ], [ 49585.0, 3711.0 ], [ 49562.0, 3711.0 ], [ 49539.0, 3711.0 ], [ 49516.0, 3688.0 ], [ 49493.0, 3688.0 ], [ 49470.0, 3665.0 ], [ 49446.0, 3665.0 ], [ 49423.0, 3665.0 ], [ 49400.0, 3642.0 ], [ 49377.0, 3642.0 ], [ 49354.0, 3642.0 ], [ 49331.0, 3619.0 ], [ 49308.0, 3619.0 ], [ 49285.0, 3619.0 ], [ 49262.0, 3596.0 ], [ 49239.0, 3596.0 ], [ 49216.0, 3573.0 ], [ 49193.0, 3573.0 ], [ 49170.0, 3573.0 ], [ 49147.0, 3550.0 ], [ 49124.0, 3550.0 ], [ 49101.0, 3550.0 ], [ 49078.0, 3526.0 ], [ 49055.0, 3526.0 ], [ 49032.0, 3526.0 ], [ 49008.0, 3503.0 ], [ 48985.0, 3503.0 ], [ 48962.0, 3503.0 ], [ 48939.0, 3503.0 ], [ 48916.0, 3480.0 ], [ 48893.0, 3480.0 ], [ 48870.0, 3480.0 ], [ 48847.0, 3457.0 ], [ 48824.0, 3457.0 ], [ 48801.0, 3457.0 ], [ 48778.0, 3434.0 ], [ 48755.0, 3434.0 ], [ 48732.0, 3434.0 ], [ 48709.0, 3411.0 ], [ 48686.0, 3411.0 ], [ 48663.0, 3411.0 ], [ 48640.0, 3388.0 ], [ 48617.0, 3388.0 ], [ 48594.0, 3388.0 ], [ 48570.0, 3365.0 ], [ 48547.0, 3365.0 ], [ 48524.0, 3365.0 ], [ 48501.0, 3342.0 ], [ 48478.0, 3342.0 ], [ 48455.0, 3342.0 ], [ 48432.0, 3342.0 ], [ 48409.0, 3319.0 ], [ 48386.0, 3319.0 ], [ 48363.0, 3319.0 ], [ 48340.0, 3319.0 ], [ 48317.0, 3296.0 ], [ 48294.0, 3296.0 ], [ 48271.0, 3296.0 ], [ 48248.0, 3296.0 ], [ 48225.0, 3273.0 ], [ 48202.0, 3273.0 ], [ 48179.0, 3273.0 ], [ 48156.0, 3273.0 ], [ 48132.0, 3250.0 ], [ 48109.0, 3250.0 ], [ 48086.0, 3250.0 ], [ 48063.0, 3250.0 ], [ 48040.0, 3227.0 ], [ 48017.0, 3227.0 ], [ 47994.0, 3227.0 ], [ 47971.0, 3204.0 ], [ 47948.0, 3204.0 ], [ 47925.0, 3204.0 ], [ 47902.0, 3204.0 ], [ 47879.0, 3204.0 ], [ 47856.0, 3181.0 ], [ 47833.0, 3181.0 ], [ 47810.0, 3181.0 ], [ 47787.0, 3181.0 ], [ 47764.0, 3158.0 ], [ 47741.0, 3158.0 ], [ 47718.0, 3158.0 ], [ 47694.0, 3158.0 ], [ 47671.0, 3135.0 ], [ 47648.0, 3135.0 ], [ 47625.0, 3135.0 ], [ 47602.0, 3112.0 ], [ 47579.0, 3112.0 ], [ 47556.0, 3112.0 ], [ 47533.0, 3112.0 ], [ 47510.0, 3112.0 ], [ 47487.0, 3088.0 ], [ 47464.0, 3088.0 ], [ 47441.0, 3088.0 ], [ 47418.0, 3088.0 ], [ 47395.0, 3088.0 ], [ 47372.0, 3065.0 ], [ 47349.0, 3065.0 ], [ 47326.0, 3065.0 ], [ 47303.0, 3042.0 ], [ 47280.0, 3042.0 ], [ 47257.0, 3042.0 ], [ 47233.0, 3042.0 ], [ 47210.0, 3019.0 ], [ 47187.0, 3019.0 ], [ 47164.0, 2996.0 ], [ 47141.0, 2996.0 ], [ 47118.0, 2996.0 ], [ 47095.0, 2996.0 ], [ 47072.0, 2973.0 ], [ 47049.0, 2973.0 ], [ 47026.0, 2973.0 ], [ 47003.0, 2950.0 ], [ 46980.0, 2950.0 ], [ 46957.0, 2950.0 ], [ 46934.0, 2950.0 ], [ 46911.0, 2927.0 ], [ 46888.0, 2927.0 ], [ 46865.0, 2927.0 ], [ 46842.0, 2904.0 ], [ 46819.0, 2904.0 ], [ 46795.0, 2904.0 ], [ 46772.0, 2881.0 ], [ 46749.0, 2881.0 ], [ 46726.0, 2881.0 ], [ 46703.0, 2881.0 ], [ 46680.0, 2881.0 ], [ 46657.0, 2858.0 ], [ 46634.0, 2858.0 ], [ 46611.0, 2858.0 ], [ 46588.0, 2835.0 ], [ 46565.0, 2835.0 ], [ 46542.0, 2835.0 ], [ 46519.0, 2835.0 ], [ 46496.0, 2812.0 ], [ 46473.0, 2812.0 ], [ 46450.0, 2812.0 ], [ 46427.0, 2812.0 ], [ 46404.0, 2789.0 ], [ 46381.0, 2789.0 ], [ 46357.0, 2789.0 ], [ 46334.0, 2789.0 ], [ 46311.0, 2766.0 ], [ 46288.0, 2766.0 ], [ 46265.0, 2766.0 ], [ 46242.0, 2766.0 ], [ 46219.0, 2743.0 ], [ 46196.0, 2743.0 ], [ 46173.0, 2743.0 ], [ 46150.0, 2743.0 ], [ 46127.0, 2720.0 ], [ 46104.0, 2720.0 ], [ 46081.0, 2720.0 ], [ 46058.0, 2697.0 ], [ 46035.0, 2697.0 ], [ 46012.0, 2697.0 ], [ 45989.0, 2697.0 ], [ 45966.0, 2674.0 ], [ 45943.0, 2674.0 ], [ 45919.0, 2674.0 ], [ 45896.0, 2674.0 ], [ 45873.0, 2674.0 ], [ 45850.0, 2651.0 ], [ 45827.0, 2651.0 ], [ 45804.0, 2651.0 ], [ 45781.0, 2651.0 ], [ 45758.0, 2651.0 ], [ 45735.0, 2627.0 ], [ 45712.0, 2627.0 ], [ 45689.0, 2627.0 ], [ 45666.0, 2627.0 ], [ 45643.0, 2627.0 ], [ 45620.0, 2604.0 ], [ 45597.0, 2604.0 ], [ 45574.0, 2604.0 ], [ 45551.0, 2604.0 ], [ 45528.0, 2604.0 ], [ 45505.0, 2581.0 ], [ 45481.0, 2581.0 ], [ 45458.0, 2581.0 ], [ 45435.0, 2581.0 ], [ 45412.0, 2581.0 ], [ 45389.0, 2581.0 ], [ 45366.0, 2558.0 ], [ 45343.0, 2558.0 ], [ 45320.0, 2558.0 ], [ 45297.0, 2558.0 ], [ 45274.0, 2558.0 ], [ 45251.0, 2535.0 ], [ 45228.0, 2535.0 ], [ 45205.0, 2535.0 ], [ 45182.0, 2535.0 ], [ 45159.0, 2535.0 ], [ 45136.0, 2512.0 ], [ 45113.0, 2512.0 ], [ 45090.0, 2512.0 ], [ 45067.0, 2512.0 ], [ 45043.0, 2489.0 ], [ 45020.0, 2512.0 ], [ 44997.0, 2489.0 ], [ 44974.0, 2489.0 ], [ 44951.0, 2489.0 ], [ 44928.0, 2489.0 ], [ 44905.0, 2489.0 ], [ 44882.0, 2489.0 ], [ 44859.0, 2466.0 ], [ 44836.0, 2466.0 ], [ 44813.0, 2466.0 ], [ 44790.0, 2466.0 ], [ 44767.0, 2466.0 ], [ 44744.0, 2466.0 ], [ 44721.0, 2443.0 ], [ 44698.0, 2443.0 ], [ 44675.0, 2443.0 ], [ 44652.0, 2443.0 ], [ 44629.0, 2443.0 ], [ 44606.0, 2443.0 ], [ 44582.0, 2420.0 ], [ 44559.0, 2420.0 ], [ 44536.0, 2420.0 ], [ 44513.0, 2420.0 ], [ 44490.0, 2420.0 ], [ 44467.0, 2420.0 ], [ 44444.0, 2420.0 ], [ 44421.0, 2397.0 ], [ 44398.0, 2397.0 ], [ 44375.0, 2397.0 ], [ 44352.0, 2397.0 ], [ 44329.0, 2397.0 ], [ 44306.0, 2397.0 ], [ 44283.0, 2397.0 ], [ 44260.0, 2397.0 ], [ 44237.0, 2397.0 ], [ 44214.0, 2397.0 ], [ 44191.0, 2374.0 ], [ 44168.0, 2374.0 ], [ 44144.0, 2374.0 ], [ 44121.0, 2374.0 ], [ 44098.0, 2374.0 ], [ 44075.0, 2374.0 ], [ 44052.0, 2374.0 ], [ 44029.0, 2374.0 ], [ 44006.0, 2374.0 ], [ 43983.0, 2374.0 ], [ 43960.0, 2374.0 ], [ 43937.0, 2374.0 ], [ 43914.0, 2374.0 ], [ 43891.0, 2374.0 ], [ 43868.0, 2374.0 ], [ 43845.0, 2374.0 ], [ 43822.0, 2374.0 ], [ 43799.0, 2374.0 ], [ 43776.0, 2374.0 ], [ 43753.0, 2374.0 ], [ 43730.0, 2374.0 ], [ 43706.0, 2374.0 ], [ 43683.0, 2374.0 ], [ 43660.0, 2374.0 ], [ 43637.0, 2374.0 ], [ 43614.0, 2374.0 ], [ 43591.0, 2351.0 ], [ 43568.0, 2351.0 ], [ 43545.0, 2351.0 ], [ 43522.0, 2351.0 ], [ 43499.0, 2351.0 ], [ 43476.0, 2351.0 ], [ 43453.0, 2351.0 ], [ 43430.0, 2351.0 ], [ 43407.0, 2351.0 ], [ 43384.0, 2351.0 ], [ 43361.0, 2351.0 ], [ 43338.0, 2351.0 ], [ 43315.0, 2351.0 ], [ 43292.0, 2351.0 ], [ 43268.0, 2351.0 ], [ 43245.0, 2351.0 ], [ 43222.0, 2351.0 ], [ 43199.0, 2351.0 ], [ 43176.0, 2351.0 ], [ 43153.0, 2351.0 ], [ 43130.0, 2351.0 ], [ 43107.0, 2328.0 ], [ 43084.0, 2328.0 ], [ 43061.0, 2328.0 ], [ 43038.0, 2328.0 ], [ 43015.0, 2328.0 ], [ 42992.0, 2328.0 ], [ 42969.0, 2328.0 ], [ 42946.0, 2328.0 ], [ 42923.0, 2328.0 ], [ 42900.0, 2305.0 ], [ 42877.0, 2305.0 ], [ 42854.0, 2305.0 ], [ 42830.0, 2305.0 ], [ 42807.0, 2305.0 ], [ 42784.0, 2305.0 ], [ 42761.0, 2282.0 ], [ 42738.0, 2282.0 ], [ 42715.0, 2282.0 ], [ 42692.0, 2282.0 ], [ 42669.0, 2259.0 ], [ 42646.0, 2259.0 ], [ 42623.0, 2259.0 ], [ 42600.0, 2236.0 ], [ 42577.0, 2236.0 ], [ 42554.0, 2236.0 ], [ 42531.0, 2213.0 ], [ 42508.0, 2213.0 ], [ 42485.0, 2213.0 ], [ 42462.0, 2189.0 ], [ 42439.0, 2189.0 ], [ 42416.0, 2189.0 ], [ 42392.0, 2166.0 ], [ 42369.0, 2166.0 ], [ 42346.0, 2166.0 ], [ 42323.0, 2143.0 ], [ 42300.0, 2143.0 ], [ 42277.0, 2143.0 ], [ 42254.0, 2120.0 ], [ 42231.0, 2120.0 ], [ 42208.0, 2120.0 ], [ 42185.0, 2097.0 ], [ 42162.0, 2097.0 ], [ 42139.0, 2097.0 ], [ 42116.0, 2074.0 ], [ 42093.0, 2074.0 ], [ 42070.0, 2051.0 ], [ 42047.0, 2051.0 ], [ 42024.0, 2051.0 ], [ 42001.0, 2051.0 ], [ 41978.0, 2051.0 ], [ 41954.0, 2051.0 ], [ 41931.0, 2051.0 ], [ 41908.0, 2051.0 ], [ 41885.0, 2051.0 ], [ 41862.0, 2051.0 ], [ 41885.0, 2074.0 ], [ 41885.0, 2097.0 ], [ 41862.0, 2120.0 ], [ 41839.0, 2143.0 ], [ 41816.0, 2143.0 ], [ 41793.0, 2143.0 ], [ 41770.0, 2120.0 ], [ 41770.0, 2097.0 ], [ 41770.0, 2074.0 ], [ 41793.0, 2051.0 ], [ 41770.0, 2051.0 ], [ 41747.0, 2051.0 ], [ 41724.0, 2051.0 ], [ 41701.0, 2051.0 ], [ 41678.0, 2051.0 ], [ 41655.0, 2051.0 ], [ 41632.0, 2051.0 ], [ 41609.0, 2051.0 ], [ 41586.0, 2051.0 ], [ 41563.0, 2051.0 ], [ 41540.0, 2051.0 ], [ 41517.0, 2051.0 ], [ 41493.0, 2051.0 ], [ 41470.0, 2051.0 ], [ 41447.0, 2051.0 ], [ 41424.0, 2051.0 ], [ 41401.0, 2051.0 ], [ 41378.0, 2051.0 ], [ 41355.0, 2051.0 ], [ 41332.0, 2051.0 ], [ 41309.0, 2051.0 ], [ 41286.0, 2051.0 ], [ 41263.0, 2028.0 ], [ 41263.0, 2005.0 ], [ 41263.0, 1982.0 ], [ 41263.0, 1959.0 ], [ 41263.0, 1936.0 ], [ 41263.0, 1913.0 ], [ 41263.0, 1890.0 ], [ 41263.0, 1867.0 ], [ 41240.0, 1867.0 ], [ 41217.0, 1844.0 ], [ 41194.0, 1844.0 ], [ 41171.0, 1844.0 ], [ 41148.0, 1844.0 ], [ 41125.0, 1844.0 ], [ 41102.0, 1844.0 ], [ 41079.0, 1844.0 ], [ 41055.0, 1844.0 ], [ 41032.0, 1821.0 ], [ 41009.0, 1821.0 ], [ 40986.0, 1821.0 ], [ 40963.0, 1821.0 ], [ 40940.0, 1821.0 ], [ 40917.0, 1821.0 ], [ 40894.0, 1821.0 ], [ 40871.0, 1821.0 ], [ 40848.0, 1798.0 ], [ 40825.0, 1798.0 ], [ 40802.0, 1798.0 ], [ 40779.0, 1798.0 ], [ 40756.0, 1798.0 ], [ 40733.0, 1798.0 ], [ 40710.0, 1798.0 ], [ 40687.0, 1798.0 ], [ 40664.0, 1798.0 ], [ 40641.0, 1798.0 ], [ 40617.0, 1775.0 ], [ 40594.0, 1775.0 ], [ 40571.0, 1775.0 ], [ 40548.0, 1775.0 ], [ 40525.0, 1775.0 ], [ 40502.0, 1775.0 ], [ 40479.0, 1775.0 ], [ 40456.0, 1775.0 ], [ 40433.0, 1751.0 ], [ 40410.0, 1751.0 ], [ 40387.0, 1751.0 ], [ 40364.0, 1751.0 ], [ 40341.0, 1751.0 ], [ 40318.0, 1751.0 ], [ 40295.0, 1751.0 ], [ 40272.0, 1751.0 ], [ 40249.0, 1751.0 ], [ 40226.0, 1751.0 ], [ 40203.0, 1751.0 ], [ 40179.0, 1751.0 ], [ 40156.0, 1728.0 ], [ 40133.0, 1728.0 ], [ 40110.0, 1728.0 ], [ 40087.0, 1728.0 ], [ 40064.0, 1728.0 ], [ 40041.0, 1728.0 ], [ 40018.0, 1728.0 ], [ 39995.0, 1728.0 ], [ 39972.0, 1728.0 ], [ 39949.0, 1728.0 ], [ 39926.0, 1728.0 ], [ 39903.0, 1728.0 ], [ 39880.0, 1728.0 ], [ 39857.0, 1705.0 ], [ 39834.0, 1705.0 ], [ 39811.0, 1705.0 ], [ 39788.0, 1705.0 ], [ 39765.0, 1705.0 ], [ 39741.0, 1705.0 ], [ 39718.0, 1705.0 ], [ 39695.0, 1705.0 ], [ 39672.0, 1705.0 ], [ 39649.0, 1682.0 ], [ 39626.0, 1682.0 ], [ 39603.0, 1682.0 ], [ 39580.0, 1682.0 ], [ 39557.0, 1682.0 ], [ 39534.0, 1682.0 ], [ 39511.0, 1682.0 ], [ 39488.0, 1682.0 ], [ 39465.0, 1682.0 ], [ 39442.0, 1659.0 ], [ 39419.0, 1659.0 ], [ 39396.0, 1659.0 ], [ 39373.0, 1659.0 ], [ 39350.0, 1659.0 ], [ 39327.0, 1659.0 ], [ 39303.0, 1636.0 ], [ 39280.0, 1636.0 ], [ 39257.0, 1636.0 ], [ 39234.0, 1636.0 ], [ 39211.0, 1636.0 ], [ 39188.0, 1636.0 ], [ 39165.0, 1636.0 ], [ 39142.0, 1636.0 ], [ 39119.0, 1636.0 ], [ 39096.0, 1636.0 ], [ 39073.0, 1613.0 ], [ 39050.0, 1613.0 ], [ 39027.0, 1613.0 ], [ 39004.0, 1613.0 ], [ 38981.0, 1613.0 ], [ 38958.0, 1613.0 ], [ 38935.0, 1613.0 ], [ 38912.0, 1613.0 ], [ 38889.0, 1613.0 ], [ 38866.0, 1613.0 ], [ 38842.0, 1613.0 ], [ 38819.0, 1613.0 ], [ 38796.0, 1590.0 ], [ 38773.0, 1590.0 ], [ 38750.0, 1590.0 ], [ 38727.0, 1590.0 ], [ 38704.0, 1590.0 ], [ 38681.0, 1590.0 ], [ 38658.0, 1590.0 ], [ 38635.0, 1590.0 ], [ 38612.0, 1590.0 ], [ 38589.0, 1590.0 ], [ 38566.0, 1590.0 ], [ 38543.0, 1590.0 ], [ 38520.0, 1590.0 ], [ 38497.0, 1590.0 ], [ 38474.0, 1567.0 ], [ 38451.0, 1567.0 ], [ 38428.0, 1567.0 ], [ 38404.0, 1567.0 ], [ 38381.0, 1567.0 ], [ 38358.0, 1567.0 ], [ 38335.0, 1567.0 ], [ 38312.0, 1567.0 ], [ 38289.0, 1567.0 ], [ 38266.0, 1567.0 ], [ 38243.0, 1567.0 ], [ 38220.0, 1567.0 ], [ 38197.0, 1567.0 ], [ 38174.0, 1567.0 ], [ 38151.0, 1567.0 ], [ 38128.0, 1567.0 ], [ 38105.0, 1567.0 ], [ 38082.0, 1567.0 ], [ 38059.0, 1544.0 ], [ 38036.0, 1544.0 ], [ 38013.0, 1544.0 ], [ 37990.0, 1544.0 ], [ 37966.0, 1544.0 ], [ 37943.0, 1544.0 ], [ 37920.0, 1544.0 ], [ 37897.0, 1544.0 ], [ 37874.0, 1544.0 ], [ 37851.0, 1544.0 ], [ 37828.0, 1544.0 ], [ 37805.0, 1544.0 ], [ 37782.0, 1544.0 ], [ 37759.0, 1544.0 ], [ 37736.0, 1544.0 ], [ 37713.0, 1544.0 ], [ 37690.0, 1544.0 ], [ 37667.0, 1544.0 ], [ 37644.0, 1544.0 ], [ 37621.0, 1544.0 ], [ 37598.0, 1544.0 ], [ 37575.0, 1544.0 ], [ 37552.0, 1544.0 ], [ 37528.0, 1544.0 ], [ 37505.0, 1544.0 ], [ 37482.0, 1544.0 ], [ 37459.0, 1544.0 ], [ 37436.0, 1544.0 ], [ 37413.0, 1544.0 ], [ 37390.0, 1544.0 ], [ 37367.0, 1544.0 ], [ 37344.0, 1544.0 ], [ 37321.0, 1544.0 ], [ 37298.0, 1521.0 ], [ 37275.0, 1544.0 ], [ 37252.0, 1521.0 ], [ 37229.0, 1521.0 ], [ 37206.0, 1521.0 ], [ 37183.0, 1521.0 ], [ 37160.0, 1521.0 ], [ 37137.0, 1521.0 ], [ 37114.0, 1521.0 ], [ 37090.0, 1544.0 ], [ 37067.0, 1521.0 ], [ 37044.0, 1521.0 ], [ 37021.0, 1521.0 ], [ 36998.0, 1521.0 ], [ 36975.0, 1521.0 ], [ 36952.0, 1521.0 ], [ 36929.0, 1544.0 ], [ 36906.0, 1521.0 ], [ 36883.0, 1521.0 ], [ 36860.0, 1521.0 ], [ 36837.0, 1521.0 ], [ 36814.0, 1521.0 ], [ 36791.0, 1521.0 ], [ 36768.0, 1521.0 ], [ 36745.0, 1521.0 ], [ 36722.0, 1521.0 ], [ 36699.0, 1521.0 ], [ 36676.0, 1521.0 ], [ 36652.0, 1521.0 ], [ 36629.0, 1544.0 ], [ 36606.0, 1544.0 ], [ 36583.0, 1544.0 ], [ 36560.0, 1521.0 ], [ 36537.0, 1521.0 ], [ 36514.0, 1521.0 ], [ 36491.0, 1521.0 ] ], [ [ 42531.0, 11157.0 ], [ 42554.0, 11134.0 ], [ 42577.0, 11157.0 ], [ 42600.0, 11134.0 ], [ 42623.0, 11134.0 ], [ 42646.0, 11134.0 ], [ 42669.0, 11134.0 ], [ 42692.0, 11134.0 ], [ 42715.0, 11134.0 ], [ 42738.0, 11134.0 ], [ 42761.0, 11134.0 ], [ 42784.0, 11134.0 ], [ 42807.0, 11134.0 ], [ 42830.0, 11134.0 ], [ 42854.0, 11134.0 ], [ 42877.0, 11134.0 ], [ 42900.0, 11134.0 ], [ 42923.0, 11134.0 ], [ 42946.0, 11134.0 ], [ 42969.0, 11134.0 ], [ 42992.0, 11134.0 ], [ 43015.0, 11134.0 ], [ 43038.0, 11134.0 ], [ 43061.0, 11134.0 ], [ 43084.0, 11134.0 ], [ 43107.0, 11134.0 ], [ 43130.0, 11134.0 ], [ 43153.0, 11134.0 ], [ 43176.0, 11157.0 ], [ 43199.0, 11157.0 ], [ 43222.0, 11157.0 ], [ 43245.0, 11157.0 ], [ 43268.0, 11157.0 ], [ 43292.0, 11157.0 ], [ 43315.0, 11157.0 ], [ 43338.0, 11180.0 ], [ 43361.0, 11180.0 ], [ 43384.0, 11180.0 ], [ 43407.0, 11180.0 ], [ 43430.0, 11180.0 ], [ 43453.0, 11203.0 ], [ 43476.0, 11203.0 ], [ 43499.0, 11226.0 ], [ 43522.0, 11226.0 ], [ 43545.0, 11249.0 ], [ 43568.0, 11249.0 ], [ 43591.0, 11272.0 ], [ 43614.0, 11272.0 ], [ 43637.0, 11295.0 ], [ 43660.0, 11295.0 ], [ 43683.0, 11318.0 ], [ 43706.0, 11341.0 ], [ 43730.0, 11341.0 ], [ 43753.0, 11341.0 ], [ 43776.0, 11364.0 ], [ 43799.0, 11364.0 ], [ 43822.0, 11387.0 ], [ 43845.0, 11387.0 ], [ 43868.0, 11410.0 ], [ 43891.0, 11410.0 ], [ 43914.0, 11433.0 ], [ 43937.0, 11456.0 ], [ 43960.0, 11456.0 ], [ 43983.0, 11479.0 ], [ 44006.0, 11479.0 ], [ 44029.0, 11503.0 ], [ 44052.0, 11503.0 ], [ 44075.0, 11526.0 ], [ 44098.0, 11549.0 ], [ 44121.0, 11549.0 ], [ 44144.0, 11572.0 ], [ 44168.0, 11572.0 ], [ 44191.0, 11595.0 ], [ 44214.0, 11595.0 ], [ 44237.0, 11618.0 ], [ 44260.0, 11641.0 ], [ 44283.0, 11641.0 ], [ 44306.0, 11641.0 ], [ 44329.0, 11664.0 ], [ 44352.0, 11664.0 ], [ 44375.0, 11687.0 ], [ 44398.0, 11710.0 ], [ 44421.0, 11710.0 ], [ 44444.0, 11710.0 ], [ 44467.0, 11733.0 ], [ 44490.0, 11733.0 ], [ 44513.0, 11756.0 ], [ 44536.0, 11756.0 ], [ 44559.0, 11779.0 ], [ 44582.0, 11779.0 ], [ 44606.0, 11802.0 ], [ 44629.0, 11802.0 ], [ 44652.0, 11825.0 ], [ 44675.0, 11848.0 ], [ 44698.0, 11848.0 ], [ 44721.0, 11871.0 ], [ 44744.0, 11894.0 ], [ 44767.0, 11894.0 ], [ 44790.0, 11917.0 ], [ 44813.0, 11941.0 ], [ 44836.0, 11964.0 ], [ 44859.0, 11987.0 ], [ 44882.0, 12010.0 ], [ 44882.0, 12033.0 ], [ 44905.0, 12056.0 ], [ 44905.0, 12079.0 ], [ 44905.0, 12102.0 ], [ 44882.0, 12125.0 ], [ 44859.0, 12148.0 ], [ 44836.0, 12148.0 ], [ 44813.0, 12171.0 ], [ 44790.0, 12194.0 ], [ 44767.0, 12194.0 ], [ 44744.0, 12217.0 ], [ 44721.0, 12217.0 ], [ 44698.0, 12240.0 ], [ 44675.0, 12240.0 ], [ 44652.0, 12240.0 ], [ 44629.0, 12263.0 ], [ 44606.0, 12263.0 ], [ 44582.0, 12263.0 ], [ 44559.0, 12286.0 ], [ 44536.0, 12286.0 ], [ 44513.0, 12309.0 ], [ 44490.0, 12309.0 ], [ 44467.0, 12332.0 ], [ 44444.0, 12332.0 ], [ 44421.0, 12355.0 ], [ 44398.0, 12355.0 ], [ 44375.0, 12379.0 ], [ 44352.0, 12379.0 ], [ 44329.0, 12402.0 ], [ 44306.0, 12425.0 ], [ 44283.0, 12425.0 ], [ 44260.0, 12448.0 ], [ 44237.0, 12471.0 ], [ 44214.0, 12471.0 ], [ 44191.0, 12494.0 ], [ 44168.0, 12517.0 ], [ 44144.0, 12517.0 ], [ 44121.0, 12540.0 ], [ 44098.0, 12563.0 ], [ 44075.0, 12586.0 ], [ 44052.0, 12609.0 ], [ 44029.0, 12609.0 ], [ 44006.0, 12632.0 ], [ 43983.0, 12655.0 ], [ 43960.0, 12678.0 ], [ 43937.0, 12701.0 ], [ 43914.0, 12724.0 ], [ 43891.0, 12747.0 ], [ 43868.0, 12747.0 ], [ 43845.0, 12770.0 ], [ 43822.0, 12793.0 ], [ 43799.0, 12817.0 ], [ 43776.0, 12840.0 ], [ 43753.0, 12863.0 ], [ 43730.0, 12886.0 ], [ 43706.0, 12909.0 ], [ 43683.0, 12932.0 ], [ 43683.0, 12955.0 ], [ 43660.0, 12978.0 ], [ 43637.0, 13001.0 ], [ 43614.0, 13024.0 ], [ 43614.0, 13047.0 ], [ 43591.0, 13070.0 ], [ 43591.0, 13093.0 ], [ 43568.0, 13116.0 ], [ 43568.0, 13139.0 ], [ 43545.0, 13162.0 ], [ 43522.0, 13185.0 ], [ 43522.0, 13208.0 ], [ 43499.0, 13231.0 ], [ 43476.0, 13255.0 ], [ 43476.0, 13278.0 ], [ 43476.0, 13301.0 ], [ 43476.0, 13324.0 ], [ 43499.0, 13347.0 ], [ 43499.0, 13370.0 ], [ 43499.0, 13393.0 ], [ 43522.0, 13416.0 ], [ 43545.0, 13439.0 ], [ 43545.0, 13462.0 ], [ 43545.0, 13485.0 ], [ 43545.0, 13508.0 ], [ 43545.0, 13531.0 ], [ 43545.0, 13554.0 ], [ 43522.0, 13577.0 ], [ 43499.0, 13577.0 ], [ 43476.0, 13577.0 ], [ 43453.0, 13577.0 ], [ 43430.0, 13554.0 ], [ 43430.0, 13531.0 ], [ 43407.0, 13508.0 ], [ 43384.0, 13485.0 ], [ 43384.0, 13462.0 ], [ 43361.0, 13439.0 ], [ 43361.0, 13416.0 ], [ 43338.0, 13393.0 ], [ 43338.0, 13370.0 ], [ 43338.0, 13347.0 ], [ 43315.0, 13324.0 ], [ 43315.0, 13301.0 ], [ 43292.0, 13301.0 ], [ 43268.0, 13278.0 ], [ 43245.0, 13278.0 ], [ 43222.0, 13255.0 ], [ 43199.0, 13255.0 ], [ 43176.0, 13231.0 ], [ 43153.0, 13231.0 ], [ 43130.0, 13208.0 ], [ 43107.0, 13185.0 ], [ 43084.0, 13185.0 ], [ 43061.0, 13162.0 ], [ 43038.0, 13162.0 ], [ 43015.0, 13139.0 ], [ 42992.0, 13139.0 ], [ 42969.0, 13139.0 ], [ 42946.0, 13116.0 ], [ 42923.0, 13116.0 ], [ 42900.0, 13093.0 ], [ 42877.0, 13093.0 ], [ 42854.0, 13093.0 ], [ 42830.0, 13093.0 ], [ 42807.0, 13070.0 ], [ 42784.0, 13070.0 ], [ 42761.0, 13070.0 ], [ 42738.0, 13070.0 ], [ 42715.0, 13093.0 ], [ 42692.0, 13093.0 ], [ 42669.0, 13093.0 ], [ 42646.0, 13116.0 ], [ 42623.0, 13116.0 ], [ 42600.0, 13116.0 ], [ 42577.0, 13093.0 ], [ 42577.0, 13070.0 ], [ 42554.0, 13047.0 ], [ 42531.0, 13047.0 ], [ 42508.0, 13024.0 ], [ 42485.0, 13024.0 ], [ 42462.0, 13001.0 ], [ 42439.0, 12978.0 ], [ 42416.0, 12978.0 ], [ 42392.0, 12955.0 ], [ 42369.0, 12955.0 ], [ 42346.0, 12932.0 ], [ 42323.0, 12909.0 ], [ 42300.0, 12886.0 ], [ 42277.0, 12886.0 ], [ 42254.0, 12886.0 ], [ 42231.0, 12863.0 ], [ 42208.0, 12840.0 ], [ 42185.0, 12840.0 ], [ 42162.0, 12817.0 ], [ 42139.0, 12817.0 ], [ 42116.0, 12793.0 ], [ 42093.0, 12770.0 ], [ 42070.0, 12747.0 ], [ 42047.0, 12747.0 ], [ 42024.0, 12724.0 ], [ 42001.0, 12701.0 ], [ 41978.0, 12701.0 ], [ 41954.0, 12678.0 ], [ 41931.0, 12678.0 ], [ 41908.0, 12655.0 ], [ 41885.0, 12632.0 ], [ 41862.0, 12632.0 ], [ 41839.0, 12609.0 ], [ 41816.0, 12586.0 ], [ 41793.0, 12586.0 ], [ 41770.0, 12563.0 ], [ 41747.0, 12540.0 ], [ 41724.0, 12540.0 ], [ 41701.0, 12517.0 ], [ 41678.0, 12494.0 ], [ 41655.0, 12471.0 ], [ 41632.0, 12448.0 ], [ 41609.0, 12448.0 ], [ 41586.0, 12425.0 ], [ 41563.0, 12402.0 ], [ 41540.0, 12379.0 ], [ 41517.0, 12355.0 ], [ 41517.0, 12332.0 ], [ 41493.0, 12309.0 ], [ 41470.0, 12286.0 ], [ 41447.0, 12263.0 ], [ 41447.0, 12240.0 ], [ 41424.0, 12217.0 ], [ 41424.0, 12194.0 ], [ 41424.0, 12171.0 ], [ 41401.0, 12148.0 ], [ 41401.0, 12125.0 ], [ 41378.0, 12102.0 ], [ 41378.0, 12079.0 ], [ 41378.0, 12056.0 ], [ 41378.0, 12033.0 ], [ 41378.0, 12010.0 ], [ 41355.0, 11987.0 ], [ 41355.0, 11964.0 ], [ 41355.0, 11941.0 ], [ 41355.0, 11917.0 ], [ 41355.0, 11894.0 ], [ 41355.0, 11871.0 ], [ 41355.0, 11848.0 ], [ 41355.0, 11825.0 ], [ 41355.0, 11802.0 ], [ 41378.0, 11779.0 ], [ 41401.0, 11756.0 ], [ 41401.0, 11733.0 ], [ 41424.0, 11710.0 ], [ 41447.0, 11687.0 ], [ 41470.0, 11687.0 ], [ 41493.0, 11664.0 ], [ 41517.0, 11641.0 ], [ 41540.0, 11641.0 ], [ 41563.0, 11618.0 ], [ 41586.0, 11595.0 ], [ 41609.0, 11595.0 ], [ 41632.0, 11572.0 ], [ 41655.0, 11572.0 ], [ 41678.0, 11549.0 ], [ 41701.0, 11549.0 ], [ 41724.0, 11526.0 ], [ 41747.0, 11526.0 ], [ 41770.0, 11503.0 ], [ 41793.0, 11503.0 ], [ 41816.0, 11479.0 ], [ 41839.0, 11479.0 ], [ 41862.0, 11456.0 ], [ 41885.0, 11433.0 ], [ 41908.0, 11433.0 ], [ 41931.0, 11410.0 ], [ 41954.0, 11410.0 ], [ 41978.0, 11387.0 ], [ 42001.0, 11387.0 ], [ 42024.0, 11364.0 ], [ 42047.0, 11364.0 ], [ 42070.0, 11341.0 ], [ 42093.0, 11341.0 ], [ 42116.0, 11318.0 ], [ 42139.0, 11318.0 ], [ 42162.0, 11295.0 ], [ 42185.0, 11272.0 ], [ 42208.0, 11272.0 ], [ 42231.0, 11249.0 ], [ 42254.0, 11249.0 ], [ 42277.0, 11249.0 ], [ 42300.0, 11226.0 ], [ 42323.0, 11226.0 ], [ 42346.0, 11203.0 ], [ 42369.0, 11203.0 ], [ 42392.0, 11203.0 ], [ 42416.0, 11180.0 ], [ 42439.0, 11180.0 ], [ 42462.0, 11180.0 ], [ 42485.0, 11180.0 ], [ 42508.0, 11157.0 ], [ 42531.0, 11157.0 ] ] ] } }
]
}
