{
"type": "FeatureCollection",
"name": "37693",
"crs": { "type": "name", "properties": { "name": "urn:ogc:def:crs:EPSG::3857" } },
"features": [
{ "type": "Feature", "properties": { "tissue_id": 0 }, "geometry": { "type": "Polygon", "coordinates": [ [ [ 1408.0, 12594.0 ], [ 1391.0, 12612.0 ], [ 1374.0, 12612.0 ], [ 1357.0, 12612.0 ], [ 1340.0, 12612.0 ], [ 1323.0, 12612.0 ], [ 1305.0, 12612.0 ], [ 1288.0, 12629.0 ], [ 1271.0, 12629.0 ], [ 1254.0, 12629.0 ], [ 1237.0, 12629.0 ], [ 1219.0, 12646.0 ], [ 1202.0, 12646.0 ], [ 1185.0, 12663.0 ], [ 1168.0, 12663.0 ], [ 1151.0, 12663.0 ], [ 1134.0, 12680.0 ], [ 1116.0, 12680.0 ], [ 1099.0, 12697.0 ], [ 1082.0, 12697.0 ], [ 1065.0, 12715.0 ], [ 1048.0, 12715.0 ], [ 1030.0, 12732.0 ], [ 1013.0, 12749.0 ], [ 996.0, 12766.0 ], [ 979.0, 12766.0 ], [ 962.0, 12783.0 ], [ 945.0, 12783.0 ], [ 945.0, 12801.0 ], [ 927.0, 12818.0 ], [ 910.0, 12818.0 ], [ 893.0, 12835.0 ], [ 876.0, 12852.0 ], [ 859.0, 12869.0 ], [ 841.0, 12887.0 ], [ 824.0, 12887.0 ], [ 807.0, 12904.0 ], [ 790.0, 12921.0 ], [ 773.0, 12938.0 ], [ 773.0, 12955.0 ], [ 756.0, 12972.0 ], [ 738.0, 12972.0 ], [ 738.0, 12990.0 ], [ 721.0, 13007.0 ], [ 704.0, 13024.0 ], [ 687.0, 13041.0 ], [ 704.0, 13058.0 ], [ 687.0, 13076.0 ], [ 670.0, 13076.0 ], [ 652.0, 13076.0 ], [ 652.0, 13093.0 ], [ 635.0, 13110.0 ], [ 618.0, 13127.0 ], [ 618.0, 13144.0 ], [ 601.0, 13161.0 ], [ 584.0, 13179.0 ], [ 584.0, 13196.0 ], [ 567.0, 13213.0 ], [ 567.0, 13230.0 ], [ 549.0, 13247.0 ], [ 549.0, 13265.0 ], [ 532.0, 13282.0 ], [ 532.0, 13299.0 ], [ 515.0, 13316.0 ], [ 515.0, 13333.0 ], [ 515.0, 13350.0 ], [ 498.0, 13368.0 ], [ 498.0, 13385.0 ], [ 481.0, 13402.0 ], [ 481.0, 13419.0 ], [ 463.0, 13436.0 ], [ 463.0, 13454.0 ], [ 463.0, 13471.0 ], [ 446.0, 13488.0 ], [ 446.0, 13505.0 ], [ 446.0, 13522.0 ], [ 429.0, 13539.0 ], [ 429.0, 13557.0 ], [ 429.0, 13574.0 ], [ 412.0, 13591.0 ], [ 412.0, 13608.0 ], [ 412.0, 13625.0 ], [ 395.0, 13643.0 ], [ 395.0, 13660.0 ], [ 395.0, 13677.0 ], [ 395.0, 13694.0 ], [ 378.0, 13711.0 ], [ 378.0, 13728.0 ], [ 378.0, 13746.0 ], [ 360.0, 13763.0 ], [ 360.0, 13780.0 ], [ 360.0, 13797.0 ], [ 360.0, 13814.0 ], [ 343.0, 13832.0 ], [ 343.0, 13849.0 ], [ 343.0, 13866.0 ], [ 343.0, 13883.0 ], [ 326.0, 13900.0 ], [ 326.0, 13917.0 ], [ 326.0, 13935.0 ], [ 326.0, 13952.0 ], [ 309.0, 13969.0 ], [ 309.0, 13986.0 ], [ 309.0, 14003.0 ], [ 309.0, 14021.0 ], [ 309.0, 14038.0 ], [ 309.0, 14055.0 ], [ 309.0, 14072.0 ], [ 292.0, 14089.0 ], [ 292.0, 14106.0 ], [ 292.0, 14124.0 ], [ 292.0, 14141.0 ], [ 274.0, 14158.0 ], [ 274.0, 14175.0 ], [ 274.0, 14192.0 ], [ 274.0, 14210.0 ], [ 274.0, 14227.0 ], [ 274.0, 14244.0 ], [ 274.0, 14261.0 ], [ 257.0, 14278.0 ], [ 257.0, 14295.0 ], [ 257.0, 14313.0 ], [ 257.0, 14330.0 ], [ 257.0, 14347.0 ], [ 257.0, 14364.0 ], [ 257.0, 14381.0 ], [ 240.0, 14399.0 ], [ 240.0, 14416.0 ], [ 240.0, 14433.0 ], [ 240.0, 14450.0 ], [ 240.0, 14467.0 ], [ 223.0, 14484.0 ], [ 223.0, 14502.0 ], [ 223.0, 14519.0 ], [ 223.0, 14536.0 ], [ 223.0, 14553.0 ], [ 223.0, 14570.0 ], [ 223.0, 14588.0 ], [ 223.0, 14605.0 ], [ 223.0, 14622.0 ], [ 206.0, 14639.0 ], [ 206.0, 14656.0 ], [ 206.0, 14673.0 ], [ 206.0, 14691.0 ], [ 206.0, 14708.0 ], [ 206.0, 14725.0 ], [ 206.0, 14742.0 ], [ 206.0, 14759.0 ], [ 206.0, 14777.0 ], [ 189.0, 14794.0 ], [ 189.0, 14811.0 ], [ 189.0, 14828.0 ], [ 189.0, 14845.0 ], [ 189.0, 14863.0 ], [ 189.0, 14880.0 ], [ 189.0, 14897.0 ], [ 189.0, 14914.0 ], [ 189.0, 14931.0 ], [ 189.0, 14948.0 ], [ 189.0, 14966.0 ], [ 189.0, 14983.0 ], [ 171.0, 15000.0 ], [ 171.0, 15017.0 ], [ 171.0, 15034.0 ], [ 171.0, 15052.0 ], [ 171.0, 15069.0 ], [ 171.0, 15086.0 ], [ 171.0, 15103.0 ], [ 171.0, 15120.0 ], [ 154.0, 15137.0 ], [ 154.0, 15155.0 ], [ 154.0, 15172.0 ], [ 154.0, 15189.0 ], [ 154.0, 15206.0 ], [ 154.0, 15223.0 ], [ 154.0, 15241.0 ], [ 154.0, 15258.0 ], [ 154.0, 15275.0 ], [ 154.0, 15292.0 ], [ 137.0, 15309.0 ], [ 154.0, 15326.0 ], [ 137.0, 15344.0 ], [ 137.0, 15361.0 ], [ 137.0, 15378.0 ], [ 137.0, 15395.0 ], [ 137.0, 15412.0 ], [ 137.0, 15430.0 ], [ 137.0, 15447.0 ], [ 137.0, 15464.0 ], [ 137.0, 15481.0 ], [ 137.0, 15498.0 ], [ 137.0, 15515.0 ], [ 137.0, 15533.0 ], [ 137.0, 15550.0 ], [ 137.0, 15567.0 ], [ 120.0, 15584.0 ], [ 120.0, 15601.0 ], [ 120.0, 15619.0 ], [ 120.0, 15636.0 ], [ 120.0, 15653.0 ], [ 120.0, 15670.0 ], [ 120.0, 15687.0 ], [ 120.0, 15704.0 ], [ 120.0, 15722.0 ], [ 120.0, 15739.0 ], [ 120.0, 15756.0 ], [ 120.0, 15773.0 ], [ 120.0, 15790.0 ], [ 120.0, 15808.0 ], [ 120.0, 15825.0 ], [ 120.0, 15842.0 ], [ 120.0, 15859.0 ], [ 120.0, 15876.0 ], [ 120.0, 15893.0 ], [ 120.0, 15911.0 ], [ 120.0, 15928.0 ], [ 120.0, 15945.0 ], [ 120.0, 15962.0 ], [ 120.0, 15979.0 ], [ 120.0, 15997.0 ], [ 120.0, 16014.0 ], [ 120.0, 16031.0 ], [ 120.0, 16048.0 ], [ 120.0, 16065.0 ], [ 120.0, 16082.0 ], [ 120.0, 16100.0 ], [ 120.0, 16117.0 ], [ 120.0, 16134.0 ], [ 120.0, 16151.0 ], [ 120.0, 16168.0 ], [ 120.0, 16186.0 ], [ 120.0, 16203.0 ], [ 120.0, 16220.0 ], [ 137.0, 16237.0 ], [ 137.0, 16254.0 ], [ 137.0, 16271.0 ], [ 137.0, 16289.0 ], [ 137.0, 16306.0 ], [ 137.0, 16323.0 ], [ 137.0, 16340.0 ], [ 137.0, 16357.0 ], [ 137.0, 16375.0 ], [ 137.0, 16392.0 ], [ 137.0, 16409.0 ], [ 137.0, 16426.0 ], [ 137.0, 16443.0 ], [ 137.0, 16460.0 ], [ 137.0, 16478.0 ], [ 137.0, 16495.0 ], [ 137.0, 16512.0 ], [ 137.0, 16529.0 ], [ 137.0, 16546.0 ], [ 137.0, 16564.0 ], [ 137.0, 16581.0 ], [ 137.0, 16598.0 ], [ 137.0, 16615.0 ], [ 137.0, 16632.0 ], [ 137.0, 16650.0 ], [ 137.0, 16667.0 ], [ 137.0, 16684.0 ], [ 137.0, 16701.0 ], [ 137.0, 16718.0 ], [ 137.0, 16735.0 ], [ 137.0, 16753.0 ], [ 137.0, 16770.0 ], [ 137.0, 16787.0 ], [ 137.0, 16804.0 ], [ 137.0, 16821.0 ], [ 137.0, 16839.0 ], [ 137.0, 16856.0 ], [ 137.0, 16873.0 ], [ 137.0, 16890.0 ], [ 137.0, 16907.0 ], [ 137.0, 16924.0 ], [ 137.0, 16942.0 ], [ 137.0, 16959.0 ], [ 137.0, 16976.0 ], [ 137.0, 16993.0 ], [ 137.0, 17010.0 ], [ 137.0, 17028.0 ], [ 137.0, 17045.0 ], [ 137.0, 17062.0 ], [ 137.0, 17079.0 ], [ 137.0, 17096.0 ], [ 137.0, 17113.0 ], [ 137.0, 17131.0 ], [ 137.0, 17148.0 ], [ 137.0, 17165.0 ], [ 137.0, 17182.0 ], [ 154.0, 17199.0 ], [ 154.0, 17217.0 ], [ 137.0, 17234.0 ], [ 137.0, 17251.0 ], [ 137.0, 17268.0 ], [ 137.0, 17285.0 ], [ 137.0, 17302.0 ], [ 137.0, 17320.0 ], [ 137.0, 17337.0 ], [ 137.0, 17354.0 ], [ 137.0, 17371.0 ], [ 154.0, 17388.0 ], [ 137.0, 17406.0 ], [ 137.0, 17423.0 ], [ 137.0, 17440.0 ], [ 137.0, 17457.0 ], [ 137.0, 17474.0 ], [ 137.0, 17491.0 ], [ 137.0, 17509.0 ], [ 137.0, 17526.0 ], [ 154.0, 17543.0 ], [ 154.0, 17560.0 ], [ 137.0, 17577.0 ], [ 137.0, 17595.0 ], [ 154.0, 17612.0 ], [ 154.0, 17629.0 ], [ 154.0, 17646.0 ], [ 154.0, 17663.0 ], [ 154.0, 17680.0 ], [ 154.0, 17698.0 ], [ 154.0, 17715.0 ], [ 154.0, 17732.0 ], [ 154.0, 17749.0 ], [ 154.0, 17766.0 ], [ 154.0, 17784.0 ], [ 154.0, 17801.0 ], [ 154.0, 17818.0 ], [ 154.0, 17835.0 ], [ 154.0, 17852.0 ], [ 154.0, 17869.0 ], [ 154.0, 17887.0 ], [ 154.0, 17904.0 ], [ 154.0, 17921.0 ], [ 171.0, 17938.0 ], [ 154.0, 17955.0 ], [ 171.0, 17973.0 ], [ 171.0, 17990.0 ], [ 171.0, 18007.0 ], [ 171.0, 18024.0 ], [ 171.0, 18041.0 ], [ 171.0, 18058.0 ], [ 171.0, 18076.0 ], [ 171.0, 18093.0 ], [ 171.0, 18110.0 ], [ 171.0, 18127.0 ], [ 171.0, 18144.0 ], [ 171.0, 18162.0 ], [ 171.0, 18179.0 ], [ 171.0, 18196.0 ], [ 189.0, 18213.0 ], [ 189.0, 18230.0 ], [ 189.0, 18247.0 ], [ 189.0, 18265.0 ], [ 189.0, 18282.0 ], [ 189.0, 18299.0 ], [ 189.0, 18316.0 ], [ 206.0, 18333.0 ], [ 189.0, 18351.0 ], [ 206.0, 18368.0 ], [ 206.0, 18385.0 ], [ 206.0, 18402.0 ], [ 206.0, 18419.0 ], [ 206.0, 18437.0 ], [ 206.0, 18454.0 ], [ 206.0, 18471.0 ], [ 206.0, 18488.0 ], [ 206.0, 18505.0 ], [ 223.0, 18522.0 ], [ 223.0, 18540.0 ], [ 206.0, 18557.0 ], [ 206.0, 18574.0 ], [ 206.0, 18591.0 ], [ 223.0, 18608.0 ], [ 223.0, 18626.0 ], [ 223.0, 18643.0 ], [ 223.0, 18660.0 ], [ 223.0, 18677.0 ], [ 223.0, 18694.0 ], [ 223.0, 18711.0 ], [ 223.0, 18729.0 ], [ 223.0, 18746.0 ], [ 223.0, 18763.0 ], [ 223.0, 18780.0 ], [ 240.0, 18797.0 ], [ 240.0, 18815.0 ], [ 240.0, 18832.0 ], [ 240.0, 18849.0 ], [ 240.0, 18866.0 ], [ 240.0, 18883.0 ], [ 240.0, 18900.0 ], [ 240.0, 18918.0 ], [ 257.0, 18935.0 ], [ 257.0, 18952.0 ], [ 257.0, 18969.0 ], [ 257.0, 18986.0 ], [ 274.0, 19004.0 ], [ 274.0, 19021.0 ], [ 274.0, 19038.0 ], [ 274.0, 19055.0 ], [ 274.0, 19072.0 ], [ 274.0, 19089.0 ], [ 274.0, 19107.0 ], [ 274.0, 19124.0 ], [ 274.0, 19141.0 ], [ 274.0, 19158.0 ], [ 292.0, 19175.0 ], [ 292.0, 19193.0 ], [ 292.0, 19210.0 ], [ 292.0, 19227.0 ], [ 292.0, 19244.0 ], [ 292.0, 19261.0 ], [ 292.0, 19278.0 ], [ 292.0, 19296.0 ], [ 292.0, 19313.0 ], [ 292.0, 19330.0 ], [ 292.0, 19347.0 ], [ 309.0, 19364.0 ], [ 309.0, 19382.0 ], [ 309.0, 19399.0 ], [ 309.0, 19416.0 ], [ 309.0, 19433.0 ], [ 309.0, 19450.0 ], [ 309.0, 19467.0 ], [ 326.0, 19485.0 ], [ 326.0, 19502.0 ], [ 326.0, 19519.0 ], [ 326.0, 19536.0 ], [ 326.0, 19553.0 ], [ 326.0, 19571.0 ], [ 343.0, 19588.0 ], [ 326.0, 19605.0 ], [ 343.0, 19622.0 ], [ 343.0, 19639.0 ], [ 343.0, 19656.0 ], [ 343.0, 19674.0 ], [ 343.0, 19691.0 ], [ 343.0, 19708.0 ], [ 360.0, 19725.0 ], [ 360.0, 19742.0 ], [ 360.0, 19760.0 ], [ 360.0, 19777.0 ], [ 360.0, 19794.0 ], [ 360.0, 19811.0 ], [ 360.0, 19828.0 ], [ 378.0, 19845.0 ], [ 378.0, 19863.0 ], [ 378.0, 19880.0 ], [ 378.0, 19897.0 ], [ 378.0, 19914.0 ], [ 395.0, 19931.0 ], [ 395.0, 19949.0 ], [ 395.0, 19966.0 ], [ 395.0, 19983.0 ], [ 395.0, 20000.0 ], [ 395.0, 20017.0 ], [ 395.0, 20034.0 ], [ 412.0, 20052.0 ], [ 412.0, 20069.0 ], [ 412.0, 20086.0 ], [ 412.0, 20103.0 ], [ 412.0, 20120.0 ], [ 412.0, 20138.0 ], [ 429.0, 20155.0 ], [ 429.0, 20172.0 ], [ 429.0, 20189.0 ], [ 429.0, 20206.0 ], [ 429.0, 20224.0 ], [ 429.0, 20241.0 ], [ 429.0, 20258.0 ], [ 446.0, 20275.0 ], [ 446.0, 20292.0 ], [ 446.0, 20309.0 ], [ 446.0, 20327.0 ], [ 446.0, 20344.0 ], [ 463.0, 20361.0 ], [ 463.0, 20378.0 ], [ 463.0, 20395.0 ], [ 463.0, 20413.0 ], [ 463.0, 20430.0 ], [ 463.0, 20447.0 ], [ 481.0, 20464.0 ], [ 481.0, 20481.0 ], [ 481.0, 20498.0 ], [ 481.0, 20516.0 ], [ 481.0, 20533.0 ], [ 481.0, 20550.0 ], [ 481.0, 20567.0 ], [ 481.0, 20584.0 ], [ 498.0, 20602.0 ], [ 498.0, 20619.0 ], [ 498.0, 20636.0 ], [ 498.0, 20653.0 ], [ 498.0, 20670.0 ], [ 498.0, 20687.0 ], [ 498.0, 20705.0 ], [ 498.0, 20722.0 ], [ 498.0, 20739.0 ], [ 515.0, 20756.0 ], [ 515.0, 20773.0 ], [ 515.0, 20791.0 ], [ 515.0, 20808.0 ], [ 532.0, 20825.0 ], [ 515.0, 20842.0 ], [ 515.0, 20859.0 ], [ 532.0, 20876.0 ], [ 532.0, 20894.0 ], [ 532.0, 20911.0 ], [ 532.0, 20928.0 ], [ 532.0, 20945.0 ], [ 532.0, 20962.0 ], [ 532.0, 20980.0 ], [ 549.0, 20997.0 ], [ 549.0, 21014.0 ], [ 549.0, 21031.0 ], [ 549.0, 21048.0 ], [ 549.0, 21065.0 ], [ 567.0, 21083.0 ], [ 567.0, 21100.0 ], [ 567.0, 21117.0 ], [ 567.0, 21134.0 ], [ 567.0, 21151.0 ], [ 584.0, 21169.0 ], [ 584.0, 21186.0 ], [ 584.0, 21203.0 ], [ 584.0, 21220.0 ], [ 584.0, 21237.0 ], [ 584.0, 21254.0 ], [ 601.0, 21272.0 ], [ 601.0, 21289.0 ], [ 601.0, 21306.0 ], [ 601.0, 21323.0 ], [ 601.0, 21340.0 ], [ 618.0, 21358.0 ], [ 618.0, 21375.0 ], [ 618.0, 21392.0 ], [ 618.0, 21409.0 ], [ 618.0, 21426.0 ], [ 635.0, 21443.0 ], [ 635.0, 21461.0 ], [ 635.0, 21478.0 ], [ 635.0, 21495.0 ], [ 652.0, 21512.0 ], [ 652.0, 21529.0 ], [ 652.0, 21547.0 ], [ 652.0, 21564.0 ], [ 670.0, 21581.0 ], [ 670.0, 21598.0 ], [ 670.0, 21615.0 ], [ 670.0, 21632.0 ], [ 670.0, 21650.0 ], [ 687.0, 21667.0 ], [ 687.0, 21684.0 ], [ 687.0, 21701.0 ], [ 687.0, 21718.0 ], [ 704.0, 21736.0 ], [ 704.0, 21753.0 ], [ 704.0, 21770.0 ], [ 704.0, 21787.0 ], [ 721.0, 21804.0 ], [ 721.0, 21821.0 ], [ 721.0, 21839.0 ], [ 738.0, 21856.0 ], [ 738.0, 21873.0 ], [ 738.0, 21890.0 ], [ 738.0, 21907.0 ], [ 756.0, 21925.0 ], [ 756.0, 21942.0 ], [ 756.0, 21959.0 ], [ 756.0, 21976.0 ], [ 773.0, 21993.0 ], [ 773.0, 22010.0 ], [ 773.0, 22028.0 ], [ 790.0, 22045.0 ], [ 790.0, 22062.0 ], [ 790.0, 22079.0 ], [ 790.0, 22096.0 ], [ 807.0, 22114.0 ], [ 807.0, 22131.0 ], [ 807.0, 22148.0 ], [ 824.0, 22165.0 ], [ 824.0, 22182.0 ], [ 824.0, 22200.0 ], [ 824.0, 22217.0 ], [ 841.0, 22234.0 ], [ 841.0, 22251.0 ], [ 841.0, 22268.0 ], [ 859.0, 22285.0 ], [ 859.0, 22303.0 ], [ 859.0, 22320.0 ], [ 859.0, 22337.0 ], [ 876.0, 22354.0 ], [ 876.0, 22371.0 ], [ 876.0, 22389.0 ], [ 876.0, 22406.0 ], [ 893.0, 22423.0 ], [ 893.0, 22440.0 ], [ 893.0, 22457.0 ], [ 910.0, 22474.0 ], [ 910.0, 22492.0 ], [ 910.0, 22509.0 ], [ 910.0, 22526.0 ], [ 910.0, 22543.0 ], [ 927.0, 22560.0 ], [ 927.0, 22578.0 ], [ 927.0, 22595.0 ], [ 927.0, 22612.0 ], [ 945.0, 22629.0 ], [ 945.0, 22646.0 ], [ 945.0, 22663.0 ], [ 945.0, 22681.0 ], [ 962.0, 22698.0 ], [ 962.0, 22715.0 ], [ 962.0, 22732.0 ], [ 962.0, 22749.0 ], [ 979.0, 22767.0 ], [ 979.0, 22784.0 ], [ 979.0, 22801.0 ], [ 979.0, 22818.0 ], [ 996.0, 22835.0 ], [ 996.0, 22852.0 ], [ 996.0, 22870.0 ], [ 1013.0, 22887.0 ], [ 1030.0, 22887.0 ], [ 1048.0, 22904.0 ], [ 1048.0, 22921.0 ], [ 1048.0, 22938.0 ], [ 1048.0, 22956.0 ], [ 1048.0, 22973.0 ], [ 1048.0, 22990.0 ], [ 1048.0, 23007.0 ], [ 1048.0, 23024.0 ], [ 1048.0, 23041.0 ], [ 1048.0, 23059.0 ], [ 1048.0, 23076.0 ], [ 1065.0, 23093.0 ], [ 1065.0, 23110.0 ], [ 1065.0, 23127.0 ], [ 1065.0, 23145.0 ], [ 1082.0, 23162.0 ], [ 1082.0, 23179.0 ], [ 1082.0, 23196.0 ], [ 1099.0, 23213.0 ], [ 1099.0, 23230.0 ], [ 1099.0, 23248.0 ], [ 1099.0, 23265.0 ], [ 1116.0, 23282.0 ], [ 1116.0, 23299.0 ], [ 1134.0, 23316.0 ], [ 1134.0, 23334.0 ], [ 1134.0, 23351.0 ], [ 1151.0, 23368.0 ], [ 1151.0, 23385.0 ], [ 1151.0, 23402.0 ], [ 1168.0, 23419.0 ], [ 1168.0, 23437.0 ], [ 1168.0, 23454.0 ], [ 1185.0, 23471.0 ], [ 1185.0, 23488.0 ], [ 1185.0, 23505.0 ], [ 1202.0, 23523.0 ], [ 1202.0, 23540.0 ], [ 1202.0, 23557.0 ], [ 1219.0, 23574.0 ], [ 1219.0, 23591.0 ], [ 1219.0, 23608.0 ], [ 1237.0, 23626.0 ], [ 1237.0, 23643.0 ], [ 1237.0, 23660.0 ], [ 1254.0, 23677.0 ], [ 1254.0, 23694.0 ], [ 1254.0, 23712.0 ], [ 1271.0, 23729.0 ], [ 1271.0, 23746.0 ], [ 1271.0, 23763.0 ], [ 1271.0, 23780.0 ], [ 1288.0, 23797.0 ], [ 1288.0, 23815.0 ], [ 1288.0, 23832.0 ], [ 1288.0, 23849.0 ], [ 1305.0, 23866.0 ], [ 1305.0, 23883.0 ], [ 1305.0, 23901.0 ], [ 1305.0, 23918.0 ], [ 1323.0, 23935.0 ], [ 1323.0, 23952.0 ], [ 1340.0, 23969.0 ], [ 1340.0, 23987.0 ], [ 1340.0, 24004.0 ], [ 1340.0, 24021.0 ], [ 1357.0, 24038.0 ], [ 1357.0, 24055.0 ], [ 1357.0, 24072.0 ], [ 1374.0, 24090.0 ], [ 1374.0, 24107.0 ], [ 1374.0, 24124.0 ], [ 1374.0, 24141.0 ], [ 1374.0, 24158.0 ], [ 1391.0, 24176.0 ], [ 1391.0, 24193.0 ], [ 1391.0, 24210.0 ], [ 1408.0, 24227.0 ], [ 1408.0, 24244.0 ], [ 1408.0, 24261.0 ], [ 1408.0, 24279.0 ], [ 1426.0, 24296.0 ], [ 1426.0, 24313.0 ], [ 1426.0, 24330.0 ], [ 1426.0, 24347.0 ], [ 1443.0, 24365.0 ], [ 1443.0, 24382.0 ], [ 1443.0, 24399.0 ], [ 1460.0, 24416.0 ], [ 1460.0, 24433.0 ], [ 1460.0, 24450.0 ], [ 1477.0, 24468.0 ], [ 1477.0, 24485.0 ], [ 1477.0, 24502.0 ], [ 1477.0, 24519.0 ], [ 1494.0, 24536.0 ], [ 1494.0, 24554.0 ], [ 1512.0, 24571.0 ], [ 1512.0, 24588.0 ], [ 1512.0, 24605.0 ], [ 1512.0, 24622.0 ], [ 1529.0, 24639.0 ], [ 1529.0, 24657.0 ], [ 1529.0, 24674.0 ], [ 1546.0, 24691.0 ], [ 1546.0, 24708.0 ], [ 1563.0, 24725.0 ], [ 1563.0, 24743.0 ], [ 1563.0, 24760.0 ], [ 1580.0, 24777.0 ], [ 1580.0, 24794.0 ], [ 1580.0, 24811.0 ], [ 1597.0, 24828.0 ], [ 1597.0, 24846.0 ], [ 1597.0, 24863.0 ], [ 1597.0, 24880.0 ], [ 1597.0, 24897.0 ], [ 1615.0, 24914.0 ], [ 1632.0, 24932.0 ], [ 1632.0, 24949.0 ], [ 1632.0, 24966.0 ], [ 1649.0, 24983.0 ], [ 1649.0, 25000.0 ], [ 1649.0, 25017.0 ], [ 1666.0, 25035.0 ], [ 1666.0, 25052.0 ], [ 1666.0, 25069.0 ], [ 1683.0, 25086.0 ], [ 1683.0, 25103.0 ], [ 1683.0, 25121.0 ], [ 1701.0, 25138.0 ], [ 1701.0, 25155.0 ], [ 1701.0, 25172.0 ], [ 1718.0, 25189.0 ], [ 1718.0, 25206.0 ], [ 1718.0, 25224.0 ], [ 1735.0, 25241.0 ], [ 1735.0, 25258.0 ], [ 1735.0, 25275.0 ], [ 1752.0, 25292.0 ], [ 1752.0, 25310.0 ], [ 1752.0, 25327.0 ], [ 1769.0, 25344.0 ], [ 1769.0, 25361.0 ], [ 1769.0, 25378.0 ], [ 1769.0, 25395.0 ], [ 1786.0, 25413.0 ], [ 1786.0, 25430.0 ], [ 1786.0, 25447.0 ], [ 1786.0, 25464.0 ], [ 1804.0, 25481.0 ], [ 1786.0, 25499.0 ], [ 1804.0, 25516.0 ], [ 1804.0, 25533.0 ], [ 1821.0, 25550.0 ], [ 1821.0, 25567.0 ], [ 1838.0, 25584.0 ], [ 1838.0, 25602.0 ], [ 1821.0, 25619.0 ], [ 1838.0, 25636.0 ], [ 1838.0, 25653.0 ], [ 1855.0, 25670.0 ], [ 1855.0, 25688.0 ], [ 1855.0, 25705.0 ], [ 1872.0, 25722.0 ], [ 1872.0, 25739.0 ], [ 1872.0, 25756.0 ], [ 1890.0, 25774.0 ], [ 1890.0, 25791.0 ], [ 1890.0, 25808.0 ], [ 1907.0, 25825.0 ], [ 1907.0, 25842.0 ], [ 1907.0, 25859.0 ], [ 1907.0, 25877.0 ], [ 1907.0, 25894.0 ], [ 1924.0, 25911.0 ], [ 1924.0, 25928.0 ], [ 1924.0, 25945.0 ], [ 1941.0, 25963.0 ], [ 1941.0, 25980.0 ], [ 1941.0, 25997.0 ], [ 1941.0, 26014.0 ], [ 1958.0, 26014.0 ], [ 1976.0, 26014.0 ], [ 1993.0, 26014.0 ], [ 2010.0, 26014.0 ], [ 2027.0, 26014.0 ], [ 2044.0, 26014.0 ], [ 2061.0, 26014.0 ], [ 2079.0, 26031.0 ], [ 2079.0, 26048.0 ], [ 2079.0, 26066.0 ], [ 2079.0, 26083.0 ], [ 2079.0, 26100.0 ], [ 2079.0, 26117.0 ], [ 2079.0, 26134.0 ], [ 2079.0, 26152.0 ], [ 2079.0, 26169.0 ], [ 2079.0, 26186.0 ], [ 2079.0, 26203.0 ], [ 2079.0, 26220.0 ], [ 2079.0, 26237.0 ], [ 2079.0, 26255.0 ], [ 2079.0, 26272.0 ], [ 2079.0, 26289.0 ], [ 2079.0, 26306.0 ], [ 2079.0, 26323.0 ], [ 2079.0, 26341.0 ], [ 2079.0, 26358.0 ], [ 2079.0, 26375.0 ], [ 2079.0, 26392.0 ], [ 2079.0, 26409.0 ], [ 2079.0, 26426.0 ], [ 2096.0, 26444.0 ], [ 2096.0, 26461.0 ], [ 2096.0, 26478.0 ], [ 2113.0, 26495.0 ], [ 2113.0, 26512.0 ], [ 2130.0, 26530.0 ], [ 2130.0, 26547.0 ], [ 2130.0, 26564.0 ], [ 2130.0, 26581.0 ], [ 2147.0, 26598.0 ], [ 2147.0, 26615.0 ], [ 2165.0, 26633.0 ], [ 2165.0, 26650.0 ], [ 2165.0, 26667.0 ], [ 2165.0, 26684.0 ], [ 2182.0, 26701.0 ], [ 2182.0, 26719.0 ], [ 2182.0, 26736.0 ], [ 2199.0, 26753.0 ], [ 2199.0, 26770.0 ], [ 2199.0, 26787.0 ], [ 2216.0, 26804.0 ], [ 2216.0, 26822.0 ], [ 2216.0, 26839.0 ], [ 2233.0, 26856.0 ], [ 2233.0, 26873.0 ], [ 2233.0, 26890.0 ], [ 2250.0, 26908.0 ], [ 2250.0, 26925.0 ], [ 2250.0, 26942.0 ], [ 2250.0, 26959.0 ], [ 2268.0, 26976.0 ], [ 2268.0, 26993.0 ], [ 2268.0, 27011.0 ], [ 2268.0, 27028.0 ], [ 2285.0, 27045.0 ], [ 2285.0, 27062.0 ], [ 2285.0, 27079.0 ], [ 2302.0, 27097.0 ], [ 2302.0, 27114.0 ], [ 2302.0, 27131.0 ], [ 2302.0, 27148.0 ], [ 2319.0, 27165.0 ], [ 2319.0, 27182.0 ], [ 2319.0, 27200.0 ], [ 2336.0, 27217.0 ], [ 2336.0, 27234.0 ], [ 2336.0, 27251.0 ], [ 2354.0, 27268.0 ], [ 2354.0, 27286.0 ], [ 2354.0, 27303.0 ], [ 2354.0, 27320.0 ], [ 2371.0, 27337.0 ], [ 2371.0, 27354.0 ], [ 2371.0, 27371.0 ], [ 2371.0, 27389.0 ], [ 2388.0, 27406.0 ], [ 2388.0, 27423.0 ], [ 2388.0, 27440.0 ], [ 2405.0, 27457.0 ], [ 2405.0, 27475.0 ], [ 2405.0, 27492.0 ], [ 2405.0, 27509.0 ], [ 2422.0, 27526.0 ], [ 2422.0, 27543.0 ], [ 2422.0, 27561.0 ], [ 2439.0, 27578.0 ], [ 2439.0, 27595.0 ], [ 2439.0, 27612.0 ], [ 2457.0, 27629.0 ], [ 2457.0, 27646.0 ], [ 2457.0, 27664.0 ], [ 2474.0, 27681.0 ], [ 2474.0, 27698.0 ], [ 2474.0, 27715.0 ], [ 2491.0, 27732.0 ], [ 2491.0, 27750.0 ], [ 2491.0, 27767.0 ], [ 2491.0, 27784.0 ], [ 2508.0, 27801.0 ], [ 2508.0, 27818.0 ], [ 2508.0, 27835.0 ], [ 2525.0, 27853.0 ], [ 2525.0, 27870.0 ], [ 2525.0, 27887.0 ], [ 2525.0, 27904.0 ], [ 2543.0, 27921.0 ], [ 2543.0, 27939.0 ], [ 2543.0, 27956.0 ], [ 2560.0, 27973.0 ], [ 2560.0, 27990.0 ], [ 2560.0, 28007.0 ], [ 2577.0, 28024.0 ], [ 2577.0, 28042.0 ], [ 2594.0, 28059.0 ], [ 2594.0, 28076.0 ], [ 2594.0, 28093.0 ], [ 2611.0, 28110.0 ], [ 2611.0, 28128.0 ], [ 2611.0, 28145.0 ], [ 2628.0, 28162.0 ], [ 2628.0, 28179.0 ], [ 2628.0, 28196.0 ], [ 2646.0, 28213.0 ], [ 2646.0, 28231.0 ], [ 2646.0, 28248.0 ], [ 2646.0, 28265.0 ], [ 2663.0, 28282.0 ], [ 2663.0, 28299.0 ], [ 2680.0, 28317.0 ], [ 2680.0, 28334.0 ], [ 2680.0, 28351.0 ], [ 2680.0, 28368.0 ], [ 2697.0, 28385.0 ], [ 2697.0, 28402.0 ], [ 2714.0, 28420.0 ], [ 2714.0, 28437.0 ], [ 2714.0, 28454.0 ], [ 2732.0, 28471.0 ], [ 2732.0, 28488.0 ], [ 2749.0, 28506.0 ], [ 2749.0, 28523.0 ], [ 2749.0, 28540.0 ], [ 2749.0, 28557.0 ], [ 2749.0, 28574.0 ], [ 2766.0, 28591.0 ], [ 2766.0, 28609.0 ], [ 2783.0, 28626.0 ], [ 2783.0, 28643.0 ], [ 2783.0, 28660.0 ], [ 2800.0, 28677.0 ], [ 2800.0, 28695.0 ], [ 2800.0, 28712.0 ], [ 2817.0, 28729.0 ], [ 2817.0, 28746.0 ], [ 2817.0, 28763.0 ], [ 2835.0, 28780.0 ], [ 2835.0, 28798.0 ], [ 2835.0, 28815.0 ], [ 2852.0, 28832.0 ], [ 2852.0, 28849.0 ], [ 2852.0, 28866.0 ], [ 2869.0, 28884.0 ], [ 2869.0, 28901.0 ], [ 2869.0, 28918.0 ], [ 2886.0, 28935.0 ], [ 2886.0, 28952.0 ], [ 2886.0, 28969.0 ], [ 2903.0, 28987.0 ], [ 2903.0, 29004.0 ], [ 2903.0, 29021.0 ], [ 2921.0, 29038.0 ], [ 2921.0, 29055.0 ], [ 2921.0, 29073.0 ], [ 2938.0, 29090.0 ], [ 2938.0, 29107.0 ], [ 2938.0, 29124.0 ], [ 2955.0, 29124.0 ], [ 2972.0, 29124.0 ], [ 2989.0, 29124.0 ], [ 3006.0, 29124.0 ], [ 3024.0, 29124.0 ], [ 3041.0, 29124.0 ], [ 3058.0, 29124.0 ], [ 3075.0, 29124.0 ], [ 3092.0, 29124.0 ], [ 3110.0, 29124.0 ], [ 3127.0, 29141.0 ], [ 3127.0, 29158.0 ], [ 3127.0, 29176.0 ], [ 3127.0, 29193.0 ], [ 3127.0, 29210.0 ], [ 3127.0, 29227.0 ], [ 3127.0, 29244.0 ], [ 3127.0, 29262.0 ], [ 3127.0, 29279.0 ], [ 3127.0, 29296.0 ], [ 3127.0, 29313.0 ], [ 3127.0, 29330.0 ], [ 3127.0, 29347.0 ], [ 3127.0, 29365.0 ], [ 3127.0, 29382.0 ], [ 3127.0, 29399.0 ], [ 3127.0, 29416.0 ], [ 3127.0, 29433.0 ], [ 3127.0, 29451.0 ], [ 3127.0, 29468.0 ], [ 3127.0, 29485.0 ], [ 3127.0, 29502.0 ], [ 3127.0, 29519.0 ], [ 3127.0, 29537.0 ], [ 3127.0, 29554.0 ], [ 3127.0, 29571.0 ], [ 3127.0, 29588.0 ], [ 3127.0, 29605.0 ], [ 3127.0, 29622.0 ], [ 3127.0, 29640.0 ], [ 3127.0, 29657.0 ], [ 3127.0, 29674.0 ], [ 3127.0, 29691.0 ], [ 3127.0, 29708.0 ], [ 3144.0, 29726.0 ], [ 3144.0, 29743.0 ], [ 3144.0, 29760.0 ], [ 3161.0, 29777.0 ], [ 3161.0, 29794.0 ], [ 3161.0, 29811.0 ], [ 3178.0, 29829.0 ], [ 3178.0, 29846.0 ], [ 3195.0, 29863.0 ], [ 3195.0, 29880.0 ], [ 3195.0, 29897.0 ], [ 3213.0, 29915.0 ], [ 3213.0, 29932.0 ], [ 3213.0, 29949.0 ], [ 3230.0, 29966.0 ], [ 3230.0, 29983.0 ], [ 3247.0, 30000.0 ], [ 3247.0, 30018.0 ], [ 3247.0, 30035.0 ], [ 3264.0, 30052.0 ], [ 3264.0, 30069.0 ], [ 3264.0, 30086.0 ], [ 3281.0, 30104.0 ], [ 3281.0, 30121.0 ], [ 3299.0, 30138.0 ], [ 3299.0, 30155.0 ], [ 3299.0, 30172.0 ], [ 3316.0, 30189.0 ], [ 3316.0, 30207.0 ], [ 3316.0, 30224.0 ], [ 3333.0, 30241.0 ], [ 3333.0, 30258.0 ], [ 3333.0, 30275.0 ], [ 3333.0, 30293.0 ], [ 3350.0, 30310.0 ], [ 3350.0, 30327.0 ], [ 3367.0, 30344.0 ], [ 3367.0, 30361.0 ], [ 3367.0, 30378.0 ], [ 3384.0, 30396.0 ], [ 3384.0, 30413.0 ], [ 3402.0, 30430.0 ], [ 3402.0, 30447.0 ], [ 3402.0, 30464.0 ], [ 3419.0, 30482.0 ], [ 3419.0, 30499.0 ], [ 3419.0, 30516.0 ], [ 3436.0, 30533.0 ], [ 3436.0, 30550.0 ], [ 3453.0, 30567.0 ], [ 3453.0, 30585.0 ], [ 3453.0, 30602.0 ], [ 3470.0, 30619.0 ], [ 3470.0, 30636.0 ], [ 3470.0, 30653.0 ], [ 3488.0, 30671.0 ], [ 3488.0, 30688.0 ], [ 3505.0, 30705.0 ], [ 3505.0, 30722.0 ], [ 3505.0, 30739.0 ], [ 3522.0, 30756.0 ], [ 3522.0, 30774.0 ], [ 3522.0, 30791.0 ], [ 3539.0, 30808.0 ], [ 3539.0, 30825.0 ], [ 3539.0, 30842.0 ], [ 3556.0, 30860.0 ], [ 3556.0, 30877.0 ], [ 3556.0, 30894.0 ], [ 3573.0, 30911.0 ], [ 3573.0, 30928.0 ], [ 3591.0, 30945.0 ], [ 3591.0, 30963.0 ], [ 3591.0, 30980.0 ], [ 3608.0, 30997.0 ], [ 3608.0, 31014.0 ], [ 3625.0, 31031.0 ], [ 3625.0, 31049.0 ], [ 3625.0, 31066.0 ], [ 3642.0, 31083.0 ], [ 3642.0, 31100.0 ], [ 3659.0, 31117.0 ], [ 3659.0, 31134.0 ], [ 3659.0, 31152.0 ], [ 3659.0, 31169.0 ], [ 3677.0, 31186.0 ], [ 3677.0, 31203.0 ], [ 3694.0, 31220.0 ], [ 3711.0, 31238.0 ], [ 3711.0, 31255.0 ], [ 3711.0, 31272.0 ], [ 3728.0, 31289.0 ], [ 3728.0, 31306.0 ], [ 3728.0, 31324.0 ], [ 3745.0, 31341.0 ], [ 3745.0, 31358.0 ], [ 3763.0, 31375.0 ], [ 3763.0, 31392.0 ], [ 3763.0, 31409.0 ], [ 3780.0, 31427.0 ], [ 3780.0, 31444.0 ], [ 3797.0, 31461.0 ], [ 3797.0, 31478.0 ], [ 3814.0, 31495.0 ], [ 3814.0, 31513.0 ], [ 3814.0, 31530.0 ], [ 3831.0, 31547.0 ], [ 3831.0, 31564.0 ], [ 3848.0, 31581.0 ], [ 3848.0, 31598.0 ], [ 3866.0, 31616.0 ], [ 3866.0, 31633.0 ], [ 3883.0, 31633.0 ], [ 3900.0, 31650.0 ], [ 3883.0, 31667.0 ], [ 3883.0, 31684.0 ], [ 3900.0, 31702.0 ], [ 3900.0, 31719.0 ], [ 3917.0, 31736.0 ], [ 3917.0, 31753.0 ], [ 3934.0, 31770.0 ], [ 3934.0, 31787.0 ], [ 3952.0, 31805.0 ], [ 3952.0, 31822.0 ], [ 3952.0, 31839.0 ], [ 3969.0, 31856.0 ], [ 3969.0, 31873.0 ], [ 3986.0, 31891.0 ], [ 3986.0, 31908.0 ], [ 4003.0, 31925.0 ], [ 4003.0, 31942.0 ], [ 4020.0, 31959.0 ], [ 4020.0, 31976.0 ], [ 4020.0, 31994.0 ], [ 4037.0, 32011.0 ], [ 4037.0, 32028.0 ], [ 4055.0, 32045.0 ], [ 4055.0, 32062.0 ], [ 4072.0, 32080.0 ], [ 4072.0, 32097.0 ], [ 4089.0, 32114.0 ], [ 4089.0, 32131.0 ], [ 4106.0, 32148.0 ], [ 4106.0, 32165.0 ], [ 4106.0, 32183.0 ], [ 4123.0, 32200.0 ], [ 4123.0, 32217.0 ], [ 4141.0, 32234.0 ], [ 4141.0, 32251.0 ], [ 4158.0, 32269.0 ], [ 4158.0, 32286.0 ], [ 4158.0, 32303.0 ], [ 4175.0, 32320.0 ], [ 4175.0, 32337.0 ], [ 4192.0, 32354.0 ], [ 4192.0, 32372.0 ], [ 4209.0, 32389.0 ], [ 4209.0, 32406.0 ], [ 4226.0, 32423.0 ], [ 4226.0, 32440.0 ], [ 4226.0, 32458.0 ], [ 4244.0, 32475.0 ], [ 4261.0, 32492.0 ], [ 4261.0, 32509.0 ], [ 4261.0, 32526.0 ], [ 4278.0, 32543.0 ], [ 4278.0, 32561.0 ], [ 4295.0, 32578.0 ], [ 4295.0, 32595.0 ], [ 4312.0, 32612.0 ], [ 4312.0, 32629.0 ], [ 4330.0, 32647.0 ], [ 4330.0, 32664.0 ], [ 4330.0, 32681.0 ], [ 4347.0, 32698.0 ], [ 4364.0, 32715.0 ], [ 4364.0, 32732.0 ], [ 4364.0, 32750.0 ], [ 4381.0, 32767.0 ], [ 4381.0, 32784.0 ], [ 4398.0, 32801.0 ], [ 4398.0, 32818.0 ], [ 4415.0, 32836.0 ], [ 4415.0, 32853.0 ], [ 4433.0, 32870.0 ], [ 4433.0, 32887.0 ], [ 4450.0, 32904.0 ], [ 4450.0, 32921.0 ], [ 4467.0, 32939.0 ], [ 4467.0, 32956.0 ], [ 4484.0, 32973.0 ], [ 4484.0, 32990.0 ], [ 4484.0, 33007.0 ], [ 4501.0, 33025.0 ], [ 4501.0, 33042.0 ], [ 4519.0, 33059.0 ], [ 4519.0, 33076.0 ], [ 4536.0, 33093.0 ], [ 4536.0, 33111.0 ], [ 4553.0, 33128.0 ], [ 4553.0, 33145.0 ], [ 4570.0, 33162.0 ], [ 4587.0, 33179.0 ], [ 4587.0, 33196.0 ], [ 4587.0, 33214.0 ], [ 4604.0, 33231.0 ], [ 4604.0, 33248.0 ], [ 4622.0, 33265.0 ], [ 4622.0, 33282.0 ], [ 4639.0, 33300.0 ], [ 4656.0, 33317.0 ], [ 4656.0, 33334.0 ], [ 4673.0, 33351.0 ], [ 4673.0, 33368.0 ], [ 4673.0, 33385.0 ], [ 4690.0, 33403.0 ], [ 4708.0, 33420.0 ], [ 4708.0, 33437.0 ], [ 4725.0, 33454.0 ], [ 4725.0, 33471.0 ], [ 4725.0, 33489.0 ], [ 4742.0, 33506.0 ], [ 4759.0, 33523.0 ], [ 4759.0, 33540.0 ], [ 4776.0, 33557.0 ], [ 4776.0, 33574.0 ], [ 4793.0, 33592.0 ], [ 4793.0, 33609.0 ], [ 4793.0, 33626.0 ], [ 4811.0, 33643.0 ], [ 4828.0, 33660.0 ], [ 4828.0, 33678.0 ], [ 4845.0, 33695.0 ], [ 4845.0, 33712.0 ], [ 4845.0, 33729.0 ], [ 4862.0, 33746.0 ], [ 4879.0, 33763.0 ], [ 4879.0, 33781.0 ], [ 4897.0, 33798.0 ], [ 4897.0, 33815.0 ], [ 4914.0, 33832.0 ], [ 4914.0, 33849.0 ], [ 4931.0, 33867.0 ], [ 4931.0, 33884.0 ], [ 4948.0, 33901.0 ], [ 4948.0, 33918.0 ], [ 4965.0, 33935.0 ], [ 4965.0, 33952.0 ], [ 4982.0, 33970.0 ], [ 4982.0, 33987.0 ], [ 4982.0, 34004.0 ], [ 5000.0, 34021.0 ], [ 5000.0, 34038.0 ], [ 5017.0, 34056.0 ], [ 5017.0, 34073.0 ], [ 5034.0, 34090.0 ], [ 5051.0, 34090.0 ], [ 5068.0, 34107.0 ], [ 5086.0, 34107.0 ], [ 5103.0, 34107.0 ], [ 5120.0, 34124.0 ], [ 5137.0, 34124.0 ], [ 5154.0, 34124.0 ], [ 5171.0, 34124.0 ], [ 5189.0, 34124.0 ], [ 5206.0, 34107.0 ], [ 5223.0, 34124.0 ], [ 5240.0, 34124.0 ], [ 5257.0, 34107.0 ], [ 5275.0, 34107.0 ], [ 5292.0, 34107.0 ], [ 5309.0, 34107.0 ], [ 5326.0, 34090.0 ], [ 5343.0, 34090.0 ], [ 5360.0, 34090.0 ], [ 5378.0, 34090.0 ], [ 5395.0, 34090.0 ], [ 5412.0, 34073.0 ], [ 5429.0, 34073.0 ], [ 5446.0, 34073.0 ], [ 5464.0, 34056.0 ], [ 5481.0, 34056.0 ], [ 5498.0, 34056.0 ], [ 5515.0, 34056.0 ], [ 5532.0, 34038.0 ], [ 5550.0, 34021.0 ], [ 5567.0, 34021.0 ], [ 5584.0, 34004.0 ], [ 5601.0, 34004.0 ], [ 5618.0, 34004.0 ], [ 5635.0, 33987.0 ], [ 5653.0, 33987.0 ], [ 5670.0, 33987.0 ], [ 5687.0, 33970.0 ], [ 5704.0, 33970.0 ], [ 5721.0, 33970.0 ], [ 5739.0, 33952.0 ], [ 5756.0, 33952.0 ], [ 5773.0, 33935.0 ], [ 5790.0, 33952.0 ], [ 5807.0, 33952.0 ], [ 5824.0, 33935.0 ], [ 5842.0, 33918.0 ], [ 5859.0, 33901.0 ], [ 5876.0, 33918.0 ], [ 5893.0, 33901.0 ], [ 5910.0, 33901.0 ], [ 5928.0, 33901.0 ], [ 5945.0, 33901.0 ], [ 5962.0, 33901.0 ], [ 5979.0, 33884.0 ], [ 5996.0, 33884.0 ], [ 6013.0, 33867.0 ], [ 6031.0, 33867.0 ], [ 6048.0, 33867.0 ], [ 6065.0, 33849.0 ], [ 6082.0, 33849.0 ], [ 6099.0, 33849.0 ], [ 6117.0, 33849.0 ], [ 6134.0, 33832.0 ], [ 6151.0, 33815.0 ], [ 6168.0, 33815.0 ], [ 6185.0, 33798.0 ], [ 6202.0, 33798.0 ], [ 6220.0, 33781.0 ], [ 6237.0, 33781.0 ], [ 6254.0, 33763.0 ], [ 6271.0, 33763.0 ], [ 6288.0, 33746.0 ], [ 6306.0, 33746.0 ], [ 6323.0, 33746.0 ], [ 6340.0, 33729.0 ], [ 6357.0, 33712.0 ], [ 6374.0, 33712.0 ], [ 6391.0, 33695.0 ], [ 6409.0, 33695.0 ], [ 6426.0, 33678.0 ], [ 6443.0, 33678.0 ], [ 6460.0, 33660.0 ], [ 6477.0, 33660.0 ], [ 6495.0, 33660.0 ], [ 6512.0, 33643.0 ], [ 6529.0, 33643.0 ], [ 6546.0, 33643.0 ], [ 6563.0, 33626.0 ], [ 6580.0, 33626.0 ], [ 6598.0, 33626.0 ], [ 6615.0, 33609.0 ], [ 6632.0, 33609.0 ], [ 6649.0, 33592.0 ], [ 6666.0, 33592.0 ], [ 6684.0, 33592.0 ], [ 6701.0, 33574.0 ], [ 6718.0, 33574.0 ], [ 6735.0, 33574.0 ], [ 6752.0, 33557.0 ], [ 6769.0, 33557.0 ], [ 6787.0, 33557.0 ], [ 6804.0, 33557.0 ], [ 6821.0, 33540.0 ], [ 6838.0, 33523.0 ], [ 6855.0, 33523.0 ], [ 6873.0, 33523.0 ], [ 6890.0, 33523.0 ], [ 6907.0, 33506.0 ], [ 6924.0, 33506.0 ], [ 6941.0, 33489.0 ], [ 6958.0, 33489.0 ], [ 6976.0, 33471.0 ], [ 6993.0, 33471.0 ], [ 7010.0, 33454.0 ], [ 7027.0, 33454.0 ], [ 7044.0, 33437.0 ], [ 7062.0, 33437.0 ], [ 7079.0, 33437.0 ], [ 7096.0, 33420.0 ], [ 7113.0, 33420.0 ], [ 7130.0, 33420.0 ], [ 7147.0, 33403.0 ], [ 7165.0, 33385.0 ], [ 7182.0, 33385.0 ], [ 7199.0, 33385.0 ], [ 7199.0, 33368.0 ], [ 7216.0, 33351.0 ], [ 7233.0, 33351.0 ], [ 7251.0, 33334.0 ], [ 7268.0, 33334.0 ], [ 7268.0, 33317.0 ], [ 7285.0, 33300.0 ], [ 7302.0, 33300.0 ], [ 7319.0, 33300.0 ], [ 7336.0, 33300.0 ], [ 7354.0, 33282.0 ], [ 7371.0, 33265.0 ], [ 7388.0, 33265.0 ], [ 7405.0, 33248.0 ], [ 7422.0, 33231.0 ], [ 7440.0, 33231.0 ], [ 7457.0, 33214.0 ], [ 7474.0, 33214.0 ], [ 7491.0, 33196.0 ], [ 7508.0, 33179.0 ], [ 7526.0, 33179.0 ], [ 7543.0, 33179.0 ], [ 7560.0, 33179.0 ], [ 7560.0, 33162.0 ], [ 7577.0, 33145.0 ], [ 7594.0, 33145.0 ], [ 7611.0, 33145.0 ], [ 7629.0, 33128.0 ], [ 7646.0, 33128.0 ], [ 7663.0, 33128.0 ], [ 7680.0, 33111.0 ], [ 7697.0, 33111.0 ], [ 7715.0, 33111.0 ], [ 7732.0, 33093.0 ], [ 7749.0, 33093.0 ], [ 7766.0, 33076.0 ], [ 7783.0, 33076.0 ], [ 7800.0, 33059.0 ], [ 7818.0, 33059.0 ], [ 7835.0, 33059.0 ], [ 7852.0, 33059.0 ], [ 7869.0, 33042.0 ], [ 7886.0, 33025.0 ], [ 7904.0, 33025.0 ], [ 7921.0, 33007.0 ], [ 7938.0, 33007.0 ], [ 7955.0, 33007.0 ], [ 7972.0, 32990.0 ], [ 7989.0, 32990.0 ], [ 8007.0, 32973.0 ], [ 8024.0, 32973.0 ], [ 8041.0, 32956.0 ], [ 8058.0, 32956.0 ], [ 8075.0, 32939.0 ], [ 8093.0, 32939.0 ], [ 8110.0, 32921.0 ], [ 8127.0, 32904.0 ], [ 8144.0, 32904.0 ], [ 8161.0, 32887.0 ], [ 8178.0, 32870.0 ], [ 8196.0, 32870.0 ], [ 8213.0, 32853.0 ], [ 8230.0, 32853.0 ], [ 8247.0, 32836.0 ], [ 8264.0, 32836.0 ], [ 8282.0, 32836.0 ], [ 8299.0, 32836.0 ], [ 8316.0, 32818.0 ], [ 8333.0, 32801.0 ], [ 8350.0, 32784.0 ], [ 8367.0, 32784.0 ], [ 8385.0, 32784.0 ], [ 8402.0, 32784.0 ], [ 8419.0, 32767.0 ], [ 8436.0, 32767.0 ], [ 8453.0, 32767.0 ], [ 8471.0, 32767.0 ], [ 8488.0, 32750.0 ], [ 8505.0, 32732.0 ], [ 8522.0, 32732.0 ], [ 8539.0, 32715.0 ], [ 8556.0, 32715.0 ], [ 8574.0, 32715.0 ], [ 8591.0, 32698.0 ], [ 8608.0, 32698.0 ], [ 8625.0, 32681.0 ], [ 8642.0, 32681.0 ], [ 8660.0, 32681.0 ], [ 8677.0, 32664.0 ], [ 8694.0, 32647.0 ], [ 8711.0, 32647.0 ], [ 8728.0, 32629.0 ], [ 8745.0, 32629.0 ], [ 8763.0, 32612.0 ], [ 8780.0, 32612.0 ], [ 8797.0, 32595.0 ], [ 8814.0, 32595.0 ], [ 8831.0, 32578.0 ], [ 8849.0, 32578.0 ], [ 8849.0, 32561.0 ], [ 8866.0, 32543.0 ], [ 8883.0, 32526.0 ], [ 8900.0, 32543.0 ], [ 8917.0, 32526.0 ], [ 8934.0, 32526.0 ], [ 8952.0, 32509.0 ], [ 8969.0, 32509.0 ], [ 8986.0, 32492.0 ], [ 9003.0, 32492.0 ], [ 9020.0, 32475.0 ], [ 9038.0, 32475.0 ], [ 9055.0, 32475.0 ], [ 9072.0, 32458.0 ], [ 9089.0, 32458.0 ], [ 9106.0, 32458.0 ], [ 9123.0, 32440.0 ], [ 9141.0, 32440.0 ], [ 9158.0, 32440.0 ], [ 9175.0, 32440.0 ], [ 9192.0, 32423.0 ], [ 9209.0, 32423.0 ], [ 9227.0, 32423.0 ], [ 9244.0, 32406.0 ], [ 9261.0, 32406.0 ], [ 9278.0, 32406.0 ], [ 9295.0, 32389.0 ], [ 9313.0, 32389.0 ], [ 9330.0, 32389.0 ], [ 9347.0, 32372.0 ], [ 9347.0, 32354.0 ], [ 9347.0, 32337.0 ], [ 9347.0, 32320.0 ], [ 9347.0, 32303.0 ], [ 9347.0, 32286.0 ], [ 9347.0, 32269.0 ], [ 9364.0, 32251.0 ], [ 9381.0, 32251.0 ], [ 9398.0, 32251.0 ], [ 9416.0, 32251.0 ], [ 9433.0, 32251.0 ], [ 9450.0, 32251.0 ], [ 9467.0, 32251.0 ], [ 9484.0, 32251.0 ], [ 9502.0, 32251.0 ], [ 9519.0, 32251.0 ], [ 9536.0, 32251.0 ], [ 9553.0, 32251.0 ], [ 9570.0, 32251.0 ], [ 9587.0, 32251.0 ], [ 9605.0, 32251.0 ], [ 9622.0, 32251.0 ], [ 9639.0, 32251.0 ], [ 9656.0, 32251.0 ], [ 9673.0, 32251.0 ], [ 9691.0, 32251.0 ], [ 9708.0, 32251.0 ], [ 9725.0, 32251.0 ], [ 9725.0, 32234.0 ], [ 9742.0, 32217.0 ], [ 9759.0, 32217.0 ], [ 9776.0, 32217.0 ], [ 9794.0, 32200.0 ], [ 9811.0, 32200.0 ], [ 9828.0, 32183.0 ], [ 9845.0, 32183.0 ], [ 9862.0, 32165.0 ], [ 9880.0, 32165.0 ], [ 9897.0, 32148.0 ], [ 9914.0, 32148.0 ], [ 9931.0, 32148.0 ], [ 9948.0, 32148.0 ], [ 9965.0, 32131.0 ], [ 9983.0, 32131.0 ], [ 10000.0, 32114.0 ], [ 10017.0, 32114.0 ], [ 10034.0, 32097.0 ], [ 10051.0, 32080.0 ], [ 10069.0, 32080.0 ], [ 10086.0, 32080.0 ], [ 10103.0, 32080.0 ], [ 10120.0, 32062.0 ], [ 10137.0, 32062.0 ], [ 10154.0, 32045.0 ], [ 10172.0, 32045.0 ], [ 10189.0, 32028.0 ], [ 10206.0, 32028.0 ], [ 10223.0, 32011.0 ], [ 10240.0, 32011.0 ], [ 10258.0, 32011.0 ], [ 10275.0, 32011.0 ], [ 10292.0, 31994.0 ], [ 10309.0, 31994.0 ], [ 10326.0, 31994.0 ], [ 10343.0, 31976.0 ], [ 10361.0, 31976.0 ], [ 10378.0, 31959.0 ], [ 10395.0, 31959.0 ], [ 10412.0, 31959.0 ], [ 10429.0, 31942.0 ], [ 10447.0, 31942.0 ], [ 10464.0, 31925.0 ], [ 10481.0, 31908.0 ], [ 10498.0, 31908.0 ], [ 10515.0, 31908.0 ], [ 10532.0, 31891.0 ], [ 10550.0, 31891.0 ], [ 10567.0, 31891.0 ], [ 10584.0, 31873.0 ], [ 10601.0, 31873.0 ], [ 10618.0, 31856.0 ], [ 10636.0, 31856.0 ], [ 10653.0, 31839.0 ], [ 10670.0, 31839.0 ], [ 10687.0, 31822.0 ], [ 10704.0, 31822.0 ], [ 10721.0, 31805.0 ], [ 10739.0, 31787.0 ], [ 10756.0, 31787.0 ], [ 10773.0, 31787.0 ], [ 10790.0, 31770.0 ], [ 10807.0, 31753.0 ], [ 10825.0, 31753.0 ], [ 10842.0, 31736.0 ], [ 10859.0, 31719.0 ], [ 10876.0, 31702.0 ], [ 10893.0, 31702.0 ], [ 10910.0, 31684.0 ], [ 10928.0, 31702.0 ], [ 10945.0, 31684.0 ], [ 10962.0, 31667.0 ], [ 10979.0, 31650.0 ], [ 10996.0, 31633.0 ], [ 11014.0, 31616.0 ], [ 11031.0, 31598.0 ], [ 11048.0, 31598.0 ], [ 11065.0, 31581.0 ], [ 11082.0, 31564.0 ], [ 11100.0, 31564.0 ], [ 11117.0, 31547.0 ], [ 11134.0, 31530.0 ], [ 11151.0, 31530.0 ], [ 11168.0, 31530.0 ], [ 11185.0, 31513.0 ], [ 11203.0, 31495.0 ], [ 11220.0, 31495.0 ], [ 11237.0, 31478.0 ], [ 11254.0, 31461.0 ], [ 11271.0, 31444.0 ], [ 11289.0, 31427.0 ], [ 11306.0, 31427.0 ], [ 11323.0, 31409.0 ], [ 11340.0, 31409.0 ], [ 11357.0, 31392.0 ], [ 11374.0, 31375.0 ], [ 11392.0, 31358.0 ], [ 11409.0, 31341.0 ], [ 11426.0, 31341.0 ], [ 11443.0, 31324.0 ], [ 11443.0, 31306.0 ], [ 11443.0, 31289.0 ], [ 11443.0, 31272.0 ], [ 11443.0, 31255.0 ], [ 11443.0, 31238.0 ], [ 11460.0, 31220.0 ], [ 11478.0, 31220.0 ], [ 11495.0, 31220.0 ], [ 11512.0, 31220.0 ], [ 11529.0, 31220.0 ], [ 11546.0, 31220.0 ], [ 11563.0, 31220.0 ], [ 11581.0, 31220.0 ], [ 11598.0, 31220.0 ], [ 11598.0, 31203.0 ], [ 11615.0, 31186.0 ], [ 11632.0, 31186.0 ], [ 11649.0, 31169.0 ], [ 11667.0, 31169.0 ], [ 11684.0, 31152.0 ], [ 11701.0, 31152.0 ], [ 11718.0, 31134.0 ], [ 11735.0, 31134.0 ], [ 11752.0, 31134.0 ], [ 11770.0, 31117.0 ], [ 11787.0, 31117.0 ], [ 11804.0, 31117.0 ], [ 11821.0, 31117.0 ], [ 11838.0, 31117.0 ], [ 11856.0, 31117.0 ], [ 11873.0, 31117.0 ], [ 11890.0, 31134.0 ], [ 11907.0, 31134.0 ], [ 11924.0, 31134.0 ], [ 11941.0, 31134.0 ], [ 11959.0, 31134.0 ], [ 11976.0, 31134.0 ], [ 11993.0, 31134.0 ], [ 12010.0, 31134.0 ], [ 12027.0, 31134.0 ], [ 12045.0, 31134.0 ], [ 12062.0, 31134.0 ], [ 12079.0, 31134.0 ], [ 12096.0, 31134.0 ], [ 12113.0, 31134.0 ], [ 12130.0, 31134.0 ], [ 12148.0, 31152.0 ], [ 12165.0, 31152.0 ], [ 12182.0, 31134.0 ], [ 12199.0, 31134.0 ], [ 12216.0, 31134.0 ], [ 12234.0, 31134.0 ], [ 12251.0, 31134.0 ], [ 12268.0, 31134.0 ], [ 12285.0, 31134.0 ], [ 12302.0, 31134.0 ], [ 12319.0, 31134.0 ], [ 12337.0, 31134.0 ], [ 12354.0, 31134.0 ], [ 12371.0, 31134.0 ], [ 12388.0, 31117.0 ], [ 12405.0, 31117.0 ], [ 12423.0, 31100.0 ], [ 12440.0, 31100.0 ], [ 12457.0, 31100.0 ], [ 12474.0, 31083.0 ], [ 12474.0, 31066.0 ], [ 12474.0, 31049.0 ], [ 12491.0, 31031.0 ], [ 12508.0, 31031.0 ], [ 12526.0, 31031.0 ], [ 12543.0, 31049.0 ], [ 12560.0, 31049.0 ], [ 12577.0, 31066.0 ], [ 12594.0, 31066.0 ], [ 12612.0, 31049.0 ], [ 12629.0, 31049.0 ], [ 12646.0, 31031.0 ], [ 12663.0, 31049.0 ], [ 12680.0, 31049.0 ], [ 12697.0, 31049.0 ], [ 12715.0, 31031.0 ], [ 12732.0, 31031.0 ], [ 12749.0, 31031.0 ], [ 12766.0, 31031.0 ], [ 12783.0, 31031.0 ], [ 12801.0, 31031.0 ], [ 12818.0, 31031.0 ], [ 12835.0, 31014.0 ], [ 12852.0, 31014.0 ], [ 12869.0, 31014.0 ], [ 12887.0, 30997.0 ], [ 12904.0, 30980.0 ], [ 12921.0, 30980.0 ], [ 12938.0, 30980.0 ], [ 12955.0, 30980.0 ], [ 12972.0, 30980.0 ], [ 12990.0, 30963.0 ], [ 13007.0, 30963.0 ], [ 13024.0, 30963.0 ], [ 13041.0, 30963.0 ], [ 13058.0, 30945.0 ], [ 13076.0, 30945.0 ], [ 13093.0, 30945.0 ], [ 13110.0, 30928.0 ], [ 13127.0, 30928.0 ], [ 13144.0, 30928.0 ], [ 13161.0, 30911.0 ], [ 13179.0, 30911.0 ], [ 13196.0, 30894.0 ], [ 13213.0, 30894.0 ], [ 13230.0, 30877.0 ], [ 13247.0, 30877.0 ], [ 13265.0, 30860.0 ], [ 13282.0, 30860.0 ], [ 13299.0, 30842.0 ], [ 13316.0, 30842.0 ], [ 13333.0, 30825.0 ], [ 13350.0, 30825.0 ], [ 13368.0, 30808.0 ], [ 13385.0, 30808.0 ], [ 13402.0, 30808.0 ], [ 13419.0, 30791.0 ], [ 13436.0, 30791.0 ], [ 13454.0, 30791.0 ], [ 13471.0, 30791.0 ], [ 13488.0, 30791.0 ], [ 13505.0, 30791.0 ], [ 13522.0, 30791.0 ], [ 13539.0, 30791.0 ], [ 13557.0, 30774.0 ], [ 13574.0, 30774.0 ], [ 13591.0, 30774.0 ], [ 13608.0, 30756.0 ], [ 13625.0, 30756.0 ], [ 13643.0, 30756.0 ], [ 13660.0, 30756.0 ], [ 13677.0, 30756.0 ], [ 13694.0, 30756.0 ], [ 13711.0, 30756.0 ], [ 13728.0, 30739.0 ], [ 13746.0, 30722.0 ], [ 13763.0, 30739.0 ], [ 13780.0, 30722.0 ], [ 13797.0, 30722.0 ], [ 13814.0, 30722.0 ], [ 13832.0, 30722.0 ], [ 13849.0, 30705.0 ], [ 13866.0, 30705.0 ], [ 13883.0, 30705.0 ], [ 13900.0, 30705.0 ], [ 13917.0, 30705.0 ], [ 13935.0, 30705.0 ], [ 13952.0, 30705.0 ], [ 13969.0, 30705.0 ], [ 13986.0, 30705.0 ], [ 14003.0, 30705.0 ], [ 14021.0, 30705.0 ], [ 14038.0, 30705.0 ], [ 14055.0, 30705.0 ], [ 14072.0, 30705.0 ], [ 14089.0, 30705.0 ], [ 14106.0, 30705.0 ], [ 14124.0, 30688.0 ], [ 14141.0, 30688.0 ], [ 14158.0, 30688.0 ], [ 14175.0, 30688.0 ], [ 14192.0, 30671.0 ], [ 14210.0, 30671.0 ], [ 14227.0, 30671.0 ], [ 14244.0, 30671.0 ], [ 14261.0, 30671.0 ], [ 14278.0, 30653.0 ], [ 14295.0, 30653.0 ], [ 14313.0, 30636.0 ], [ 14330.0, 30636.0 ], [ 14347.0, 30653.0 ], [ 14364.0, 30653.0 ], [ 14381.0, 30636.0 ], [ 14399.0, 30636.0 ], [ 14416.0, 30636.0 ], [ 14433.0, 30619.0 ], [ 14450.0, 30619.0 ], [ 14467.0, 30619.0 ], [ 14484.0, 30602.0 ], [ 14502.0, 30602.0 ], [ 14519.0, 30602.0 ], [ 14536.0, 30602.0 ], [ 14553.0, 30585.0 ], [ 14570.0, 30585.0 ], [ 14588.0, 30567.0 ], [ 14605.0, 30567.0 ], [ 14622.0, 30567.0 ], [ 14639.0, 30550.0 ], [ 14656.0, 30550.0 ], [ 14673.0, 30533.0 ], [ 14691.0, 30533.0 ], [ 14708.0, 30533.0 ], [ 14725.0, 30516.0 ], [ 14742.0, 30516.0 ], [ 14759.0, 30516.0 ], [ 14777.0, 30516.0 ], [ 14794.0, 30516.0 ], [ 14811.0, 30499.0 ], [ 14828.0, 30499.0 ], [ 14845.0, 30499.0 ], [ 14863.0, 30482.0 ], [ 14880.0, 30482.0 ], [ 14897.0, 30464.0 ], [ 14914.0, 30464.0 ], [ 14931.0, 30464.0 ], [ 14948.0, 30464.0 ], [ 14966.0, 30447.0 ], [ 14983.0, 30447.0 ], [ 15000.0, 30447.0 ], [ 15017.0, 30430.0 ], [ 15034.0, 30430.0 ], [ 15052.0, 30447.0 ], [ 15069.0, 30430.0 ], [ 15086.0, 30430.0 ], [ 15103.0, 30430.0 ], [ 15120.0, 30430.0 ], [ 15137.0, 30447.0 ], [ 15155.0, 30447.0 ], [ 15172.0, 30430.0 ], [ 15189.0, 30413.0 ], [ 15206.0, 30430.0 ], [ 15223.0, 30430.0 ], [ 15241.0, 30447.0 ], [ 15258.0, 30447.0 ], [ 15275.0, 30447.0 ], [ 15292.0, 30447.0 ], [ 15309.0, 30447.0 ], [ 15326.0, 30464.0 ], [ 15344.0, 30464.0 ], [ 15361.0, 30447.0 ], [ 15378.0, 30464.0 ], [ 15395.0, 30464.0 ], [ 15412.0, 30464.0 ], [ 15430.0, 30464.0 ], [ 15447.0, 30464.0 ], [ 15464.0, 30464.0 ], [ 15481.0, 30464.0 ], [ 15498.0, 30464.0 ], [ 15515.0, 30447.0 ], [ 15533.0, 30447.0 ], [ 15550.0, 30447.0 ], [ 15567.0, 30447.0 ], [ 15584.0, 30447.0 ], [ 15601.0, 30447.0 ], [ 15619.0, 30447.0 ], [ 15636.0, 30430.0 ], [ 15653.0, 30447.0 ], [ 15670.0, 30447.0 ], [ 15687.0, 30447.0 ], [ 15704.0, 30447.0 ], [ 15722.0, 30447.0 ], [ 15739.0, 30447.0 ], [ 15756.0, 30430.0 ], [ 15773.0, 30430.0 ], [ 15790.0, 30430.0 ], [ 15808.0, 30413.0 ], [ 15825.0, 30413.0 ], [ 15842.0, 30413.0 ], [ 15859.0, 30413.0 ], [ 15876.0, 30413.0 ], [ 15893.0, 30413.0 ], [ 15911.0, 30413.0 ], [ 15928.0, 30396.0 ], [ 15945.0, 30396.0 ], [ 15962.0, 30378.0 ], [ 15979.0, 30378.0 ], [ 15997.0, 30361.0 ], [ 16014.0, 30361.0 ], [ 16014.0, 30344.0 ], [ 16031.0, 30327.0 ], [ 16048.0, 30344.0 ], [ 16065.0, 30344.0 ], [ 16082.0, 30327.0 ], [ 16082.0, 30310.0 ], [ 16100.0, 30293.0 ], [ 16117.0, 30310.0 ], [ 16134.0, 30293.0 ], [ 16151.0, 30310.0 ], [ 16151.0, 30327.0 ], [ 16168.0, 30327.0 ], [ 16186.0, 30327.0 ], [ 16203.0, 30310.0 ], [ 16220.0, 30310.0 ], [ 16237.0, 30293.0 ], [ 16254.0, 30293.0 ], [ 16271.0, 30310.0 ], [ 16289.0, 30310.0 ], [ 16306.0, 30310.0 ], [ 16323.0, 30293.0 ], [ 16340.0, 30275.0 ], [ 16357.0, 30293.0 ], [ 16375.0, 30293.0 ], [ 16392.0, 30275.0 ], [ 16409.0, 30275.0 ], [ 16426.0, 30275.0 ], [ 16443.0, 30275.0 ], [ 16460.0, 30258.0 ], [ 16478.0, 30258.0 ], [ 16495.0, 30258.0 ], [ 16512.0, 30258.0 ], [ 16529.0, 30258.0 ], [ 16546.0, 30258.0 ], [ 16564.0, 30258.0 ], [ 16581.0, 30258.0 ], [ 16598.0, 30241.0 ], [ 16615.0, 30241.0 ], [ 16632.0, 30241.0 ], [ 16650.0, 30241.0 ], [ 16650.0, 30224.0 ], [ 16650.0, 30207.0 ], [ 16650.0, 30189.0 ], [ 16667.0, 30172.0 ], [ 16684.0, 30172.0 ], [ 16701.0, 30172.0 ], [ 16718.0, 30172.0 ], [ 16735.0, 30172.0 ], [ 16753.0, 30172.0 ], [ 16770.0, 30172.0 ], [ 16787.0, 30172.0 ], [ 16804.0, 30172.0 ], [ 16821.0, 30172.0 ], [ 16839.0, 30172.0 ], [ 16856.0, 30172.0 ], [ 16873.0, 30172.0 ], [ 16890.0, 30172.0 ], [ 16907.0, 30172.0 ], [ 16924.0, 30172.0 ], [ 16942.0, 30172.0 ], [ 16959.0, 30172.0 ], [ 16976.0, 30172.0 ], [ 16993.0, 30172.0 ], [ 17010.0, 30172.0 ], [ 17028.0, 30172.0 ], [ 17045.0, 30172.0 ], [ 17062.0, 30172.0 ], [ 17079.0, 30172.0 ], [ 17096.0, 30172.0 ], [ 17113.0, 30172.0 ], [ 17131.0, 30172.0 ], [ 17148.0, 30172.0 ], [ 17165.0, 30172.0 ], [ 17182.0, 30172.0 ], [ 17199.0, 30172.0 ], [ 17217.0, 30172.0 ], [ 17234.0, 30172.0 ], [ 17251.0, 30172.0 ], [ 17268.0, 30172.0 ], [ 17285.0, 30172.0 ], [ 17302.0, 30172.0 ], [ 17320.0, 30172.0 ], [ 17337.0, 30172.0 ], [ 17354.0, 30172.0 ], [ 17371.0, 30172.0 ], [ 17388.0, 30172.0 ], [ 17406.0, 30172.0 ], [ 17423.0, 30172.0 ], [ 17440.0, 30172.0 ], [ 17457.0, 30172.0 ], [ 17474.0, 30172.0 ], [ 17491.0, 30172.0 ], [ 17509.0, 30172.0 ], [ 17526.0, 30172.0 ], [ 17543.0, 30172.0 ], [ 17560.0, 30172.0 ], [ 17577.0, 30172.0 ], [ 17595.0, 30172.0 ], [ 17612.0, 30172.0 ], [ 17629.0, 30172.0 ], [ 17646.0, 30172.0 ], [ 17663.0, 30172.0 ], [ 17680.0, 30172.0 ], [ 17698.0, 30172.0 ], [ 17715.0, 30172.0 ], [ 17732.0, 30172.0 ], [ 17749.0, 30172.0 ], [ 17766.0, 30172.0 ], [ 17784.0, 30172.0 ], [ 17801.0, 30155.0 ], [ 17818.0, 30155.0 ], [ 17835.0, 30155.0 ], [ 17852.0, 30155.0 ], [ 17869.0, 30155.0 ], [ 17887.0, 30155.0 ], [ 17904.0, 30155.0 ], [ 17921.0, 30138.0 ], [ 17938.0, 30138.0 ], [ 17955.0, 30138.0 ], [ 17973.0, 30138.0 ], [ 17990.0, 30138.0 ], [ 18007.0, 30138.0 ], [ 18024.0, 30138.0 ], [ 18041.0, 30138.0 ], [ 18058.0, 30138.0 ], [ 18076.0, 30138.0 ], [ 18093.0, 30138.0 ], [ 18110.0, 30138.0 ], [ 18127.0, 30121.0 ], [ 18144.0, 30121.0 ], [ 18162.0, 30121.0 ], [ 18179.0, 30121.0 ], [ 18196.0, 30121.0 ], [ 18213.0, 30121.0 ], [ 18230.0, 30104.0 ], [ 18247.0, 30121.0 ], [ 18265.0, 30121.0 ], [ 18282.0, 30104.0 ], [ 18299.0, 30104.0 ], [ 18316.0, 30104.0 ], [ 18333.0, 30104.0 ], [ 18351.0, 30086.0 ], [ 18368.0, 30086.0 ], [ 18385.0, 30086.0 ], [ 18402.0, 30069.0 ], [ 18419.0, 30069.0 ], [ 18437.0, 30052.0 ], [ 18454.0, 30052.0 ], [ 18471.0, 30052.0 ], [ 18488.0, 30052.0 ], [ 18505.0, 30035.0 ], [ 18522.0, 30018.0 ], [ 18540.0, 30018.0 ], [ 18557.0, 30018.0 ], [ 18574.0, 30000.0 ], [ 18591.0, 29983.0 ], [ 18608.0, 29983.0 ], [ 18626.0, 29966.0 ], [ 18643.0, 29949.0 ], [ 18660.0, 29932.0 ], [ 18660.0, 29915.0 ], [ 18677.0, 29897.0 ], [ 18677.0, 29880.0 ], [ 18677.0, 29863.0 ], [ 18677.0, 29846.0 ], [ 18660.0, 29829.0 ], [ 18660.0, 29811.0 ], [ 18660.0, 29794.0 ], [ 18660.0, 29777.0 ], [ 18660.0, 29760.0 ], [ 18643.0, 29743.0 ], [ 18643.0, 29726.0 ], [ 18643.0, 29708.0 ], [ 18643.0, 29691.0 ], [ 18643.0, 29674.0 ], [ 18626.0, 29657.0 ], [ 18626.0, 29640.0 ], [ 18626.0, 29622.0 ], [ 18626.0, 29605.0 ], [ 18626.0, 29588.0 ], [ 18626.0, 29571.0 ], [ 18608.0, 29554.0 ], [ 18608.0, 29537.0 ], [ 18608.0, 29519.0 ], [ 18608.0, 29502.0 ], [ 18608.0, 29485.0 ], [ 18608.0, 29468.0 ], [ 18608.0, 29451.0 ], [ 18591.0, 29433.0 ], [ 18591.0, 29416.0 ], [ 18591.0, 29399.0 ], [ 18591.0, 29382.0 ], [ 18591.0, 29365.0 ], [ 18591.0, 29347.0 ], [ 18574.0, 29330.0 ], [ 18574.0, 29313.0 ], [ 18574.0, 29296.0 ], [ 18574.0, 29279.0 ], [ 18574.0, 29262.0 ], [ 18574.0, 29244.0 ], [ 18574.0, 29227.0 ], [ 18557.0, 29210.0 ], [ 18557.0, 29193.0 ], [ 18557.0, 29176.0 ], [ 18557.0, 29158.0 ], [ 18557.0, 29141.0 ], [ 18540.0, 29124.0 ], [ 18540.0, 29107.0 ], [ 18540.0, 29090.0 ], [ 18557.0, 29073.0 ], [ 18540.0, 29055.0 ], [ 18522.0, 29038.0 ], [ 18522.0, 29021.0 ], [ 18522.0, 29004.0 ], [ 18505.0, 28987.0 ], [ 18505.0, 28969.0 ], [ 18505.0, 28952.0 ], [ 18505.0, 28935.0 ], [ 18488.0, 28918.0 ], [ 18488.0, 28901.0 ], [ 18488.0, 28884.0 ], [ 18488.0, 28866.0 ], [ 18488.0, 28849.0 ], [ 18471.0, 28832.0 ], [ 18471.0, 28815.0 ], [ 18471.0, 28798.0 ], [ 18454.0, 28780.0 ], [ 18454.0, 28763.0 ], [ 18454.0, 28746.0 ], [ 18454.0, 28729.0 ], [ 18437.0, 28712.0 ], [ 18437.0, 28695.0 ], [ 18437.0, 28677.0 ], [ 18419.0, 28660.0 ], [ 18419.0, 28643.0 ], [ 18419.0, 28626.0 ], [ 18419.0, 28609.0 ], [ 18402.0, 28591.0 ], [ 18402.0, 28574.0 ], [ 18385.0, 28557.0 ], [ 18385.0, 28540.0 ], [ 18385.0, 28523.0 ], [ 18385.0, 28506.0 ], [ 18368.0, 28488.0 ], [ 18368.0, 28471.0 ], [ 18351.0, 28454.0 ], [ 18351.0, 28437.0 ], [ 18351.0, 28420.0 ], [ 18333.0, 28402.0 ], [ 18333.0, 28385.0 ], [ 18316.0, 28368.0 ], [ 18316.0, 28351.0 ], [ 18316.0, 28334.0 ], [ 18299.0, 28317.0 ], [ 18299.0, 28299.0 ], [ 18282.0, 28282.0 ], [ 18282.0, 28265.0 ], [ 18265.0, 28248.0 ], [ 18265.0, 28231.0 ], [ 18247.0, 28213.0 ], [ 18247.0, 28196.0 ], [ 18230.0, 28179.0 ], [ 18230.0, 28162.0 ], [ 18213.0, 28145.0 ], [ 18196.0, 28128.0 ], [ 18196.0, 28110.0 ], [ 18179.0, 28093.0 ], [ 18179.0, 28076.0 ], [ 18162.0, 28059.0 ], [ 18162.0, 28042.0 ], [ 18144.0, 28024.0 ], [ 18127.0, 28007.0 ], [ 18110.0, 27990.0 ], [ 18110.0, 27973.0 ], [ 18093.0, 27956.0 ], [ 18093.0, 27939.0 ], [ 18076.0, 27921.0 ], [ 18076.0, 27904.0 ], [ 18058.0, 27887.0 ], [ 18041.0, 27870.0 ], [ 18041.0, 27853.0 ], [ 18024.0, 27835.0 ], [ 18024.0, 27818.0 ], [ 18007.0, 27801.0 ], [ 17990.0, 27784.0 ], [ 17990.0, 27767.0 ], [ 17973.0, 27750.0 ], [ 17973.0, 27732.0 ], [ 17955.0, 27715.0 ], [ 17938.0, 27698.0 ], [ 17921.0, 27681.0 ], [ 17921.0, 27664.0 ], [ 17904.0, 27646.0 ], [ 17887.0, 27629.0 ], [ 17869.0, 27612.0 ], [ 17852.0, 27595.0 ], [ 17835.0, 27578.0 ], [ 17818.0, 27561.0 ], [ 17801.0, 27543.0 ], [ 17784.0, 27543.0 ], [ 17766.0, 27526.0 ], [ 17749.0, 27509.0 ], [ 17732.0, 27509.0 ], [ 17715.0, 27492.0 ], [ 17698.0, 27475.0 ], [ 17680.0, 27457.0 ], [ 17663.0, 27440.0 ], [ 17646.0, 27423.0 ], [ 17629.0, 27423.0 ], [ 17612.0, 27406.0 ], [ 17595.0, 27389.0 ], [ 17577.0, 27389.0 ], [ 17560.0, 27371.0 ], [ 17543.0, 27354.0 ], [ 17526.0, 27354.0 ], [ 17509.0, 27337.0 ], [ 17491.0, 27337.0 ], [ 17474.0, 27320.0 ], [ 17457.0, 27320.0 ], [ 17440.0, 27303.0 ], [ 17423.0, 27303.0 ], [ 17406.0, 27286.0 ], [ 17388.0, 27286.0 ], [ 17371.0, 27268.0 ], [ 17354.0, 27268.0 ], [ 17337.0, 27251.0 ], [ 17320.0, 27251.0 ], [ 17302.0, 27251.0 ], [ 17285.0, 27234.0 ], [ 17268.0, 27234.0 ], [ 17251.0, 27217.0 ], [ 17234.0, 27217.0 ], [ 17217.0, 27217.0 ], [ 17199.0, 27200.0 ], [ 17182.0, 27200.0 ], [ 17165.0, 27200.0 ], [ 17148.0, 27200.0 ], [ 17131.0, 27182.0 ], [ 17113.0, 27182.0 ], [ 17096.0, 27182.0 ], [ 17079.0, 27182.0 ], [ 17062.0, 27165.0 ], [ 17045.0, 27165.0 ], [ 17028.0, 27148.0 ], [ 17010.0, 27148.0 ], [ 16993.0, 27148.0 ], [ 16976.0, 27148.0 ], [ 16959.0, 27131.0 ], [ 16942.0, 27131.0 ], [ 16924.0, 27114.0 ], [ 16907.0, 27114.0 ], [ 16890.0, 27114.0 ], [ 16873.0, 27097.0 ], [ 16856.0, 27097.0 ], [ 16839.0, 27097.0 ], [ 16821.0, 27079.0 ], [ 16804.0, 27079.0 ], [ 16787.0, 27079.0 ], [ 16770.0, 27062.0 ], [ 16753.0, 27062.0 ], [ 16735.0, 27062.0 ], [ 16718.0, 27062.0 ], [ 16701.0, 27062.0 ], [ 16684.0, 27045.0 ], [ 16667.0, 27045.0 ], [ 16650.0, 27028.0 ], [ 16632.0, 27028.0 ], [ 16615.0, 27028.0 ], [ 16598.0, 27028.0 ], [ 16581.0, 27011.0 ], [ 16564.0, 27011.0 ], [ 16546.0, 27011.0 ], [ 16529.0, 26993.0 ], [ 16512.0, 26993.0 ], [ 16495.0, 26976.0 ], [ 16478.0, 26976.0 ], [ 16460.0, 26976.0 ], [ 16443.0, 26959.0 ], [ 16426.0, 26959.0 ], [ 16409.0, 26942.0 ], [ 16392.0, 26942.0 ], [ 16375.0, 26942.0 ], [ 16357.0, 26925.0 ], [ 16340.0, 26925.0 ], [ 16323.0, 26908.0 ], [ 16306.0, 26908.0 ], [ 16289.0, 26890.0 ], [ 16271.0, 26890.0 ], [ 16254.0, 26873.0 ], [ 16237.0, 26873.0 ], [ 16220.0, 26856.0 ], [ 16203.0, 26856.0 ], [ 16186.0, 26839.0 ], [ 16168.0, 26839.0 ], [ 16151.0, 26822.0 ], [ 16134.0, 26822.0 ], [ 16117.0, 26804.0 ], [ 16100.0, 26804.0 ], [ 16082.0, 26804.0 ], [ 16065.0, 26787.0 ], [ 16048.0, 26770.0 ], [ 16031.0, 26770.0 ], [ 16014.0, 26753.0 ], [ 15997.0, 26753.0 ], [ 15979.0, 26736.0 ], [ 15962.0, 26736.0 ], [ 15945.0, 26719.0 ], [ 15928.0, 26719.0 ], [ 15911.0, 26701.0 ], [ 15893.0, 26701.0 ], [ 15876.0, 26701.0 ], [ 15859.0, 26684.0 ], [ 15842.0, 26684.0 ], [ 15825.0, 26667.0 ], [ 15808.0, 26667.0 ], [ 15790.0, 26650.0 ], [ 15773.0, 26650.0 ], [ 15756.0, 26633.0 ], [ 15739.0, 26633.0 ], [ 15722.0, 26633.0 ], [ 15704.0, 26615.0 ], [ 15687.0, 26598.0 ], [ 15670.0, 26598.0 ], [ 15653.0, 26598.0 ], [ 15636.0, 26581.0 ], [ 15619.0, 26564.0 ], [ 15619.0, 26547.0 ], [ 15601.0, 26530.0 ], [ 15601.0, 26512.0 ], [ 15601.0, 26495.0 ], [ 15601.0, 26478.0 ], [ 15584.0, 26461.0 ], [ 15584.0, 26444.0 ], [ 15584.0, 26426.0 ], [ 15601.0, 26409.0 ], [ 15619.0, 26409.0 ], [ 15636.0, 26409.0 ], [ 15653.0, 26409.0 ], [ 15670.0, 26409.0 ], [ 15687.0, 26426.0 ], [ 15704.0, 26426.0 ], [ 15722.0, 26426.0 ], [ 15739.0, 26426.0 ], [ 15756.0, 26444.0 ], [ 15773.0, 26444.0 ], [ 15790.0, 26444.0 ], [ 15808.0, 26444.0 ], [ 15825.0, 26461.0 ], [ 15842.0, 26461.0 ], [ 15859.0, 26461.0 ], [ 15876.0, 26478.0 ], [ 15893.0, 26478.0 ], [ 15911.0, 26478.0 ], [ 15928.0, 26495.0 ], [ 15945.0, 26495.0 ], [ 15962.0, 26495.0 ], [ 15979.0, 26495.0 ], [ 15997.0, 26495.0 ], [ 16014.0, 26512.0 ], [ 16031.0, 26512.0 ], [ 16048.0, 26512.0 ], [ 16065.0, 26530.0 ], [ 16082.0, 26530.0 ], [ 16100.0, 26530.0 ], [ 16117.0, 26547.0 ], [ 16134.0, 26547.0 ], [ 16151.0, 26547.0 ], [ 16168.0, 26547.0 ], [ 16186.0, 26564.0 ], [ 16203.0, 26564.0 ], [ 16220.0, 26564.0 ], [ 16237.0, 26564.0 ], [ 16254.0, 26581.0 ], [ 16271.0, 26581.0 ], [ 16289.0, 26598.0 ], [ 16306.0, 26598.0 ], [ 16323.0, 26598.0 ], [ 16340.0, 26615.0 ], [ 16357.0, 26615.0 ], [ 16375.0, 26615.0 ], [ 16392.0, 26633.0 ], [ 16409.0, 26633.0 ], [ 16426.0, 26650.0 ], [ 16443.0, 26650.0 ], [ 16460.0, 26667.0 ], [ 16478.0, 26667.0 ], [ 16495.0, 26684.0 ], [ 16512.0, 26684.0 ], [ 16529.0, 26701.0 ], [ 16546.0, 26701.0 ], [ 16564.0, 26719.0 ], [ 16581.0, 26719.0 ], [ 16598.0, 26736.0 ], [ 16615.0, 26736.0 ], [ 16632.0, 26753.0 ], [ 16650.0, 26753.0 ], [ 16667.0, 26753.0 ], [ 16684.0, 26770.0 ], [ 16701.0, 26770.0 ], [ 16718.0, 26787.0 ], [ 16735.0, 26787.0 ], [ 16753.0, 26787.0 ], [ 16770.0, 26804.0 ], [ 16787.0, 26804.0 ], [ 16804.0, 26822.0 ], [ 16821.0, 26822.0 ], [ 16839.0, 26839.0 ], [ 16856.0, 26839.0 ], [ 16873.0, 26839.0 ], [ 16890.0, 26856.0 ], [ 16907.0, 26856.0 ], [ 16924.0, 26873.0 ], [ 16942.0, 26873.0 ], [ 16959.0, 26890.0 ], [ 16976.0, 26890.0 ], [ 16993.0, 26908.0 ], [ 17010.0, 26908.0 ], [ 17028.0, 26925.0 ], [ 17045.0, 26925.0 ], [ 17062.0, 26925.0 ], [ 17079.0, 26942.0 ], [ 17096.0, 26942.0 ], [ 17113.0, 26959.0 ], [ 17131.0, 26959.0 ], [ 17148.0, 26976.0 ], [ 17165.0, 26993.0 ], [ 17182.0, 26993.0 ], [ 17199.0, 26993.0 ], [ 17217.0, 27011.0 ], [ 17234.0, 27011.0 ], [ 17251.0, 27028.0 ], [ 17268.0, 27028.0 ], [ 17285.0, 27045.0 ], [ 17302.0, 27045.0 ], [ 17320.0, 27062.0 ], [ 17337.0, 27062.0 ], [ 17354.0, 27079.0 ], [ 17371.0, 27079.0 ], [ 17388.0, 27097.0 ], [ 17406.0, 27097.0 ], [ 17423.0, 27114.0 ], [ 17440.0, 27114.0 ], [ 17457.0, 27131.0 ], [ 17474.0, 27131.0 ], [ 17491.0, 27131.0 ], [ 17509.0, 27148.0 ], [ 17526.0, 27148.0 ], [ 17543.0, 27148.0 ], [ 17560.0, 27165.0 ], [ 17577.0, 27165.0 ], [ 17595.0, 27182.0 ], [ 17612.0, 27182.0 ], [ 17629.0, 27200.0 ], [ 17646.0, 27200.0 ], [ 17663.0, 27200.0 ], [ 17680.0, 27200.0 ], [ 17698.0, 27200.0 ], [ 17715.0, 27200.0 ], [ 17732.0, 27217.0 ], [ 17749.0, 27217.0 ], [ 17766.0, 27217.0 ], [ 17784.0, 27217.0 ], [ 17801.0, 27217.0 ], [ 17818.0, 27217.0 ], [ 17835.0, 27217.0 ], [ 17852.0, 27217.0 ], [ 17869.0, 27217.0 ], [ 17887.0, 27200.0 ], [ 17904.0, 27200.0 ], [ 17921.0, 27200.0 ], [ 17938.0, 27182.0 ], [ 17955.0, 27182.0 ], [ 17973.0, 27165.0 ], [ 17990.0, 27148.0 ], [ 18007.0, 27131.0 ], [ 18024.0, 27114.0 ], [ 18024.0, 27097.0 ], [ 18024.0, 27079.0 ], [ 18024.0, 27062.0 ], [ 18041.0, 27045.0 ], [ 18041.0, 27028.0 ], [ 18058.0, 27011.0 ], [ 18058.0, 26993.0 ], [ 18058.0, 26976.0 ], [ 18058.0, 26959.0 ], [ 18058.0, 26942.0 ], [ 18058.0, 26925.0 ], [ 18058.0, 26908.0 ], [ 18058.0, 26890.0 ], [ 18058.0, 26873.0 ], [ 18058.0, 26856.0 ], [ 18058.0, 26839.0 ], [ 18058.0, 26822.0 ], [ 18058.0, 26804.0 ], [ 18058.0, 26787.0 ], [ 18058.0, 26770.0 ], [ 18058.0, 26753.0 ], [ 18058.0, 26736.0 ], [ 18058.0, 26719.0 ], [ 18058.0, 26701.0 ], [ 18041.0, 26684.0 ], [ 18041.0, 26667.0 ], [ 18041.0, 26650.0 ], [ 18041.0, 26633.0 ], [ 18041.0, 26615.0 ], [ 18024.0, 26598.0 ], [ 18024.0, 26581.0 ], [ 18024.0, 26564.0 ], [ 18024.0, 26547.0 ], [ 18024.0, 26530.0 ], [ 18024.0, 26512.0 ], [ 18007.0, 26495.0 ], [ 18007.0, 26478.0 ], [ 18007.0, 26461.0 ], [ 18007.0, 26444.0 ], [ 17990.0, 26426.0 ], [ 17990.0, 26409.0 ], [ 17990.0, 26392.0 ], [ 17990.0, 26375.0 ], [ 17973.0, 26358.0 ], [ 17973.0, 26341.0 ], [ 17973.0, 26323.0 ], [ 17955.0, 26306.0 ], [ 17955.0, 26289.0 ], [ 17955.0, 26272.0 ], [ 17955.0, 26255.0 ], [ 17955.0, 26237.0 ], [ 17938.0, 26220.0 ], [ 17938.0, 26203.0 ], [ 17938.0, 26186.0 ], [ 17938.0, 26169.0 ], [ 17921.0, 26152.0 ], [ 17921.0, 26134.0 ], [ 17921.0, 26117.0 ], [ 17921.0, 26100.0 ], [ 17921.0, 26083.0 ], [ 17904.0, 26066.0 ], [ 17904.0, 26048.0 ], [ 17904.0, 26031.0 ], [ 17887.0, 26031.0 ], [ 17869.0, 26031.0 ], [ 17852.0, 26031.0 ], [ 17835.0, 26031.0 ], [ 17818.0, 26031.0 ], [ 17801.0, 26031.0 ], [ 17784.0, 26031.0 ], [ 17766.0, 26031.0 ], [ 17749.0, 26031.0 ], [ 17732.0, 26031.0 ], [ 17715.0, 26031.0 ], [ 17698.0, 26031.0 ], [ 17680.0, 26014.0 ], [ 17680.0, 25997.0 ], [ 17680.0, 25980.0 ], [ 17680.0, 25963.0 ], [ 17680.0, 25945.0 ], [ 17680.0, 25928.0 ], [ 17680.0, 25911.0 ], [ 17680.0, 25894.0 ], [ 17680.0, 25877.0 ], [ 17680.0, 25859.0 ], [ 17680.0, 25842.0 ], [ 17680.0, 25825.0 ], [ 17680.0, 25808.0 ], [ 17680.0, 25791.0 ], [ 17680.0, 25774.0 ], [ 17680.0, 25756.0 ], [ 17680.0, 25739.0 ], [ 17680.0, 25722.0 ], [ 17680.0, 25705.0 ], [ 17680.0, 25688.0 ], [ 17680.0, 25670.0 ], [ 17680.0, 25653.0 ], [ 17680.0, 25636.0 ], [ 17680.0, 25619.0 ], [ 17680.0, 25602.0 ], [ 17680.0, 25584.0 ], [ 17680.0, 25567.0 ], [ 17680.0, 25550.0 ], [ 17680.0, 25533.0 ], [ 17680.0, 25516.0 ], [ 17680.0, 25499.0 ], [ 17680.0, 25481.0 ], [ 17680.0, 25464.0 ], [ 17680.0, 25447.0 ], [ 17680.0, 25430.0 ], [ 17680.0, 25413.0 ], [ 17680.0, 25395.0 ], [ 17680.0, 25378.0 ], [ 17680.0, 25361.0 ], [ 17663.0, 25344.0 ], [ 17663.0, 25327.0 ], [ 17646.0, 25310.0 ], [ 17646.0, 25292.0 ], [ 17646.0, 25275.0 ], [ 17629.0, 25258.0 ], [ 17629.0, 25241.0 ], [ 17629.0, 25224.0 ], [ 17612.0, 25206.0 ], [ 17612.0, 25189.0 ], [ 17612.0, 25172.0 ], [ 17595.0, 25155.0 ], [ 17595.0, 25138.0 ], [ 17577.0, 25121.0 ], [ 17577.0, 25103.0 ], [ 17577.0, 25086.0 ], [ 17577.0, 25069.0 ], [ 17560.0, 25052.0 ], [ 17560.0, 25035.0 ], [ 17543.0, 25017.0 ], [ 17543.0, 25000.0 ], [ 17526.0, 24983.0 ], [ 17526.0, 24966.0 ], [ 17526.0, 24949.0 ], [ 17509.0, 24932.0 ], [ 17509.0, 24914.0 ], [ 17509.0, 24897.0 ], [ 17491.0, 24880.0 ], [ 17491.0, 24863.0 ], [ 17491.0, 24846.0 ], [ 17474.0, 24828.0 ], [ 17474.0, 24811.0 ], [ 17457.0, 24794.0 ], [ 17457.0, 24777.0 ], [ 17457.0, 24760.0 ], [ 17440.0, 24743.0 ], [ 17440.0, 24725.0 ], [ 17423.0, 24708.0 ], [ 17423.0, 24691.0 ], [ 17423.0, 24674.0 ], [ 17423.0, 24657.0 ], [ 17406.0, 24639.0 ], [ 17406.0, 24622.0 ], [ 17406.0, 24605.0 ], [ 17388.0, 24588.0 ], [ 17388.0, 24571.0 ], [ 17371.0, 24554.0 ], [ 17371.0, 24536.0 ], [ 17354.0, 24519.0 ], [ 17354.0, 24502.0 ], [ 17354.0, 24485.0 ], [ 17337.0, 24468.0 ], [ 17337.0, 24450.0 ], [ 17337.0, 24433.0 ], [ 17320.0, 24416.0 ], [ 17302.0, 24399.0 ], [ 17302.0, 24382.0 ], [ 17302.0, 24365.0 ], [ 17285.0, 24347.0 ], [ 17285.0, 24330.0 ], [ 17268.0, 24313.0 ], [ 17268.0, 24296.0 ], [ 17251.0, 24279.0 ], [ 17251.0, 24261.0 ], [ 17251.0, 24244.0 ], [ 17234.0, 24227.0 ], [ 17234.0, 24210.0 ], [ 17217.0, 24193.0 ], [ 17217.0, 24176.0 ], [ 17217.0, 24158.0 ], [ 17199.0, 24141.0 ], [ 17199.0, 24124.0 ], [ 17199.0, 24107.0 ], [ 17182.0, 24090.0 ], [ 17182.0, 24072.0 ], [ 17165.0, 24055.0 ], [ 17165.0, 24038.0 ], [ 17165.0, 24021.0 ], [ 17148.0, 24004.0 ], [ 17148.0, 23987.0 ], [ 17148.0, 23969.0 ], [ 17131.0, 23952.0 ], [ 17131.0, 23935.0 ], [ 17113.0, 23918.0 ], [ 17113.0, 23901.0 ], [ 17096.0, 23883.0 ], [ 17096.0, 23866.0 ], [ 17079.0, 23849.0 ], [ 17079.0, 23832.0 ], [ 17062.0, 23815.0 ], [ 17062.0, 23797.0 ], [ 17062.0, 23780.0 ], [ 17062.0, 23763.0 ], [ 17045.0, 23746.0 ], [ 17028.0, 23729.0 ], [ 17028.0, 23712.0 ], [ 17010.0, 23694.0 ], [ 17010.0, 23677.0 ], [ 17010.0, 23660.0 ], [ 16993.0, 23643.0 ], [ 16993.0, 23626.0 ], [ 16976.0, 23608.0 ], [ 16976.0, 23591.0 ], [ 16959.0, 23574.0 ], [ 16959.0, 23557.0 ], [ 16959.0, 23540.0 ], [ 16942.0, 23523.0 ], [ 16942.0, 23505.0 ], [ 16924.0, 23488.0 ], [ 16924.0, 23471.0 ], [ 16907.0, 23454.0 ], [ 16907.0, 23437.0 ], [ 16890.0, 23419.0 ], [ 16890.0, 23402.0 ], [ 16890.0, 23385.0 ], [ 16890.0, 23368.0 ], [ 16890.0, 23351.0 ], [ 16890.0, 23334.0 ], [ 16873.0, 23351.0 ], [ 16856.0, 23334.0 ], [ 16856.0, 23316.0 ], [ 16839.0, 23299.0 ], [ 16839.0, 23282.0 ], [ 16821.0, 23265.0 ], [ 16821.0, 23248.0 ], [ 16804.0, 23230.0 ], [ 16804.0, 23213.0 ], [ 16804.0, 23196.0 ], [ 16787.0, 23179.0 ], [ 16787.0, 23162.0 ], [ 16770.0, 23145.0 ], [ 16770.0, 23127.0 ], [ 16753.0, 23110.0 ], [ 16753.0, 23093.0 ], [ 16753.0, 23076.0 ], [ 16735.0, 23059.0 ], [ 16735.0, 23041.0 ], [ 16718.0, 23024.0 ], [ 16718.0, 23007.0 ], [ 16701.0, 22990.0 ], [ 16701.0, 22973.0 ], [ 16684.0, 22956.0 ], [ 16684.0, 22938.0 ], [ 16684.0, 22921.0 ], [ 16667.0, 22904.0 ], [ 16650.0, 22887.0 ], [ 16650.0, 22870.0 ], [ 16650.0, 22852.0 ], [ 16650.0, 22835.0 ], [ 16650.0, 22818.0 ], [ 16632.0, 22801.0 ], [ 16632.0, 22784.0 ], [ 16615.0, 22767.0 ], [ 16615.0, 22749.0 ], [ 16598.0, 22732.0 ], [ 16598.0, 22715.0 ], [ 16581.0, 22698.0 ], [ 16581.0, 22681.0 ], [ 16564.0, 22663.0 ], [ 16564.0, 22646.0 ], [ 16546.0, 22629.0 ], [ 16546.0, 22612.0 ], [ 16529.0, 22595.0 ], [ 16529.0, 22578.0 ], [ 16512.0, 22560.0 ], [ 16512.0, 22543.0 ], [ 16495.0, 22526.0 ], [ 16495.0, 22509.0 ], [ 16478.0, 22492.0 ], [ 16478.0, 22474.0 ], [ 16460.0, 22457.0 ], [ 16460.0, 22440.0 ], [ 16460.0, 22423.0 ], [ 16443.0, 22406.0 ], [ 16443.0, 22389.0 ], [ 16426.0, 22371.0 ], [ 16426.0, 22354.0 ], [ 16409.0, 22337.0 ], [ 16409.0, 22320.0 ], [ 16392.0, 22303.0 ], [ 16392.0, 22285.0 ], [ 16392.0, 22268.0 ], [ 16375.0, 22251.0 ], [ 16375.0, 22234.0 ], [ 16357.0, 22217.0 ], [ 16357.0, 22200.0 ], [ 16357.0, 22182.0 ], [ 16340.0, 22165.0 ], [ 16340.0, 22148.0 ], [ 16323.0, 22131.0 ], [ 16323.0, 22114.0 ], [ 16306.0, 22096.0 ], [ 16306.0, 22079.0 ], [ 16306.0, 22062.0 ], [ 16289.0, 22045.0 ], [ 16289.0, 22028.0 ], [ 16271.0, 22010.0 ], [ 16254.0, 21993.0 ], [ 16254.0, 21976.0 ], [ 16254.0, 21959.0 ], [ 16237.0, 21942.0 ], [ 16237.0, 21925.0 ], [ 16220.0, 21907.0 ], [ 16220.0, 21890.0 ], [ 16203.0, 21873.0 ], [ 16203.0, 21856.0 ], [ 16186.0, 21839.0 ], [ 16186.0, 21821.0 ], [ 16168.0, 21804.0 ], [ 16168.0, 21787.0 ], [ 16151.0, 21770.0 ], [ 16151.0, 21753.0 ], [ 16134.0, 21736.0 ], [ 16117.0, 21718.0 ], [ 16117.0, 21701.0 ], [ 16100.0, 21684.0 ], [ 16100.0, 21667.0 ], [ 16082.0, 21650.0 ], [ 16082.0, 21632.0 ], [ 16065.0, 21615.0 ], [ 16065.0, 21598.0 ], [ 16048.0, 21581.0 ], [ 16048.0, 21564.0 ], [ 16031.0, 21547.0 ], [ 16031.0, 21529.0 ], [ 16014.0, 21512.0 ], [ 15997.0, 21495.0 ], [ 15997.0, 21478.0 ], [ 15979.0, 21461.0 ], [ 15979.0, 21443.0 ], [ 15962.0, 21426.0 ], [ 15962.0, 21409.0 ], [ 15945.0, 21392.0 ], [ 15945.0, 21375.0 ], [ 15928.0, 21358.0 ], [ 15911.0, 21340.0 ], [ 15911.0, 21323.0 ], [ 15911.0, 21306.0 ], [ 15893.0, 21289.0 ], [ 15876.0, 21272.0 ], [ 15876.0, 21254.0 ], [ 15859.0, 21237.0 ], [ 15842.0, 21220.0 ], [ 15842.0, 21203.0 ], [ 15825.0, 21186.0 ], [ 15825.0, 21169.0 ], [ 15808.0, 21151.0 ], [ 15808.0, 21134.0 ], [ 15790.0, 21117.0 ], [ 15790.0, 21100.0 ], [ 15773.0, 21083.0 ], [ 15773.0, 21065.0 ], [ 15756.0, 21048.0 ], [ 15756.0, 21031.0 ], [ 15739.0, 21014.0 ], [ 15722.0, 20997.0 ], [ 15722.0, 20980.0 ], [ 15722.0, 20962.0 ], [ 15704.0, 20945.0 ], [ 15704.0, 20928.0 ], [ 15687.0, 20911.0 ], [ 15687.0, 20894.0 ], [ 15670.0, 20876.0 ], [ 15670.0, 20859.0 ], [ 15653.0, 20842.0 ], [ 15653.0, 20825.0 ], [ 15636.0, 20825.0 ], [ 15619.0, 20825.0 ], [ 15601.0, 20808.0 ], [ 15601.0, 20791.0 ], [ 15601.0, 20773.0 ], [ 15601.0, 20756.0 ], [ 15601.0, 20739.0 ], [ 15601.0, 20722.0 ], [ 15601.0, 20705.0 ], [ 15584.0, 20687.0 ], [ 15567.0, 20670.0 ], [ 15567.0, 20653.0 ], [ 15550.0, 20636.0 ], [ 15550.0, 20619.0 ], [ 15533.0, 20602.0 ], [ 15533.0, 20584.0 ], [ 15515.0, 20567.0 ], [ 15498.0, 20550.0 ], [ 15498.0, 20533.0 ], [ 15481.0, 20516.0 ], [ 15481.0, 20498.0 ], [ 15464.0, 20481.0 ], [ 15447.0, 20464.0 ], [ 15447.0, 20447.0 ], [ 15430.0, 20430.0 ], [ 15430.0, 20413.0 ], [ 15412.0, 20395.0 ], [ 15412.0, 20378.0 ], [ 15395.0, 20361.0 ], [ 15378.0, 20344.0 ], [ 15378.0, 20327.0 ], [ 15361.0, 20309.0 ], [ 15361.0, 20292.0 ], [ 15344.0, 20275.0 ], [ 15344.0, 20258.0 ], [ 15326.0, 20241.0 ], [ 15309.0, 20224.0 ], [ 15309.0, 20206.0 ], [ 15292.0, 20189.0 ], [ 15292.0, 20172.0 ], [ 15275.0, 20155.0 ], [ 15258.0, 20138.0 ], [ 15258.0, 20120.0 ], [ 15241.0, 20103.0 ], [ 15241.0, 20086.0 ], [ 15223.0, 20069.0 ], [ 15206.0, 20052.0 ], [ 15206.0, 20034.0 ], [ 15206.0, 20017.0 ], [ 15189.0, 20000.0 ], [ 15189.0, 19983.0 ], [ 15172.0, 19966.0 ], [ 15155.0, 19949.0 ], [ 15137.0, 19931.0 ], [ 15120.0, 19914.0 ], [ 15120.0, 19897.0 ], [ 15103.0, 19880.0 ], [ 15103.0, 19863.0 ], [ 15086.0, 19845.0 ], [ 15069.0, 19828.0 ], [ 15069.0, 19811.0 ], [ 15052.0, 19794.0 ], [ 15052.0, 19777.0 ], [ 15034.0, 19760.0 ], [ 15017.0, 19742.0 ], [ 15017.0, 19725.0 ], [ 15000.0, 19708.0 ], [ 15000.0, 19691.0 ], [ 14983.0, 19674.0 ], [ 14966.0, 19656.0 ], [ 14966.0, 19639.0 ], [ 14948.0, 19622.0 ], [ 14948.0, 19605.0 ], [ 14931.0, 19588.0 ], [ 14914.0, 19571.0 ], [ 14914.0, 19553.0 ], [ 14897.0, 19536.0 ], [ 14880.0, 19519.0 ], [ 14880.0, 19502.0 ], [ 14863.0, 19485.0 ], [ 14845.0, 19467.0 ], [ 14828.0, 19450.0 ], [ 14828.0, 19433.0 ], [ 14811.0, 19416.0 ], [ 14794.0, 19399.0 ], [ 14777.0, 19382.0 ], [ 14777.0, 19364.0 ], [ 14759.0, 19347.0 ], [ 14759.0, 19330.0 ], [ 14742.0, 19313.0 ], [ 14725.0, 19296.0 ], [ 14708.0, 19278.0 ], [ 14691.0, 19261.0 ], [ 14691.0, 19244.0 ], [ 14673.0, 19227.0 ], [ 14656.0, 19210.0 ], [ 14639.0, 19193.0 ], [ 14622.0, 19175.0 ], [ 14622.0, 19158.0 ], [ 14605.0, 19141.0 ], [ 14588.0, 19124.0 ], [ 14570.0, 19141.0 ], [ 14553.0, 19124.0 ], [ 14553.0, 19107.0 ], [ 14553.0, 19089.0 ], [ 14553.0, 19072.0 ], [ 14536.0, 19055.0 ], [ 14519.0, 19038.0 ], [ 14502.0, 19021.0 ], [ 14484.0, 19004.0 ], [ 14467.0, 18986.0 ], [ 14450.0, 18969.0 ], [ 14433.0, 18952.0 ], [ 14416.0, 18935.0 ], [ 14399.0, 18918.0 ], [ 14381.0, 18900.0 ], [ 14381.0, 18883.0 ], [ 14364.0, 18866.0 ], [ 14347.0, 18849.0 ], [ 14330.0, 18832.0 ], [ 14313.0, 18815.0 ], [ 14295.0, 18797.0 ], [ 14278.0, 18780.0 ], [ 14278.0, 18763.0 ], [ 14261.0, 18746.0 ], [ 14244.0, 18746.0 ], [ 14227.0, 18729.0 ], [ 14227.0, 18711.0 ], [ 14210.0, 18694.0 ], [ 14192.0, 18677.0 ], [ 14175.0, 18660.0 ], [ 14158.0, 18643.0 ], [ 14141.0, 18626.0 ], [ 14124.0, 18608.0 ], [ 14106.0, 18591.0 ], [ 14089.0, 18574.0 ], [ 14072.0, 18557.0 ], [ 14055.0, 18540.0 ], [ 14038.0, 18522.0 ], [ 14021.0, 18505.0 ], [ 14003.0, 18488.0 ], [ 14003.0, 18471.0 ], [ 13986.0, 18454.0 ], [ 13969.0, 18437.0 ], [ 13952.0, 18419.0 ], [ 13935.0, 18402.0 ], [ 13917.0, 18385.0 ], [ 13900.0, 18368.0 ], [ 13883.0, 18351.0 ], [ 13866.0, 18333.0 ], [ 13849.0, 18316.0 ], [ 13832.0, 18299.0 ], [ 13814.0, 18282.0 ], [ 13797.0, 18265.0 ], [ 13780.0, 18247.0 ], [ 13763.0, 18230.0 ], [ 13746.0, 18213.0 ], [ 13728.0, 18196.0 ], [ 13711.0, 18179.0 ], [ 13694.0, 18162.0 ], [ 13677.0, 18144.0 ], [ 13660.0, 18127.0 ], [ 13643.0, 18110.0 ], [ 13625.0, 18093.0 ], [ 13608.0, 18076.0 ], [ 13591.0, 18058.0 ], [ 13574.0, 18041.0 ], [ 13557.0, 18041.0 ], [ 13539.0, 18024.0 ], [ 13522.0, 18007.0 ], [ 13505.0, 17990.0 ], [ 13488.0, 17973.0 ], [ 13471.0, 17973.0 ], [ 13454.0, 17955.0 ], [ 13436.0, 17938.0 ], [ 13419.0, 17921.0 ], [ 13402.0, 17904.0 ], [ 13385.0, 17887.0 ], [ 13368.0, 17869.0 ], [ 13350.0, 17852.0 ], [ 13333.0, 17852.0 ], [ 13316.0, 17835.0 ], [ 13299.0, 17818.0 ], [ 13282.0, 17801.0 ], [ 13265.0, 17784.0 ], [ 13247.0, 17766.0 ], [ 13230.0, 17766.0 ], [ 13213.0, 17749.0 ], [ 13196.0, 17732.0 ], [ 13179.0, 17715.0 ], [ 13161.0, 17698.0 ], [ 13144.0, 17680.0 ], [ 13127.0, 17663.0 ], [ 13110.0, 17663.0 ], [ 13093.0, 17646.0 ], [ 13076.0, 17629.0 ], [ 13058.0, 17629.0 ], [ 13041.0, 17612.0 ], [ 13024.0, 17595.0 ], [ 13007.0, 17577.0 ], [ 12990.0, 17560.0 ], [ 12972.0, 17543.0 ], [ 12955.0, 17543.0 ], [ 12938.0, 17526.0 ], [ 12921.0, 17509.0 ], [ 12904.0, 17491.0 ], [ 12887.0, 17474.0 ], [ 12869.0, 17474.0 ], [ 12852.0, 17457.0 ], [ 12835.0, 17440.0 ], [ 12818.0, 17423.0 ], [ 12801.0, 17406.0 ], [ 12783.0, 17388.0 ], [ 12766.0, 17371.0 ], [ 12749.0, 17371.0 ], [ 12732.0, 17354.0 ], [ 12715.0, 17337.0 ], [ 12715.0, 17320.0 ], [ 12697.0, 17320.0 ], [ 12680.0, 17302.0 ], [ 12663.0, 17302.0 ], [ 12646.0, 17285.0 ], [ 12629.0, 17268.0 ], [ 12612.0, 17251.0 ], [ 12594.0, 17234.0 ], [ 12577.0, 17234.0 ], [ 12560.0, 17217.0 ], [ 12543.0, 17199.0 ], [ 12526.0, 17199.0 ], [ 12508.0, 17182.0 ], [ 12491.0, 17165.0 ], [ 12474.0, 17148.0 ], [ 12457.0, 17148.0 ], [ 12440.0, 17131.0 ], [ 12423.0, 17131.0 ], [ 12405.0, 17113.0 ], [ 12388.0, 17113.0 ], [ 12371.0, 17096.0 ], [ 12354.0, 17079.0 ], [ 12337.0, 17079.0 ], [ 12319.0, 17062.0 ], [ 12302.0, 17045.0 ], [ 12285.0, 17045.0 ], [ 12268.0, 17028.0 ], [ 12251.0, 17028.0 ], [ 12234.0, 17010.0 ], [ 12216.0, 16993.0 ], [ 12199.0, 16993.0 ], [ 12182.0, 16976.0 ], [ 12165.0, 16976.0 ], [ 12148.0, 16959.0 ], [ 12130.0, 16942.0 ], [ 12113.0, 16942.0 ], [ 12096.0, 16924.0 ], [ 12079.0, 16924.0 ], [ 12062.0, 16907.0 ], [ 12045.0, 16907.0 ], [ 12027.0, 16890.0 ], [ 12010.0, 16890.0 ], [ 11993.0, 16873.0 ], [ 11976.0, 16873.0 ], [ 11959.0, 16856.0 ], [ 11941.0, 16856.0 ], [ 11924.0, 16839.0 ], [ 11907.0, 16839.0 ], [ 11890.0, 16821.0 ], [ 11873.0, 16821.0 ], [ 11856.0, 16804.0 ], [ 11838.0, 16787.0 ], [ 11821.0, 16787.0 ], [ 11804.0, 16787.0 ], [ 11787.0, 16770.0 ], [ 11770.0, 16753.0 ], [ 11752.0, 16753.0 ], [ 11735.0, 16735.0 ], [ 11718.0, 16735.0 ], [ 11701.0, 16718.0 ], [ 11684.0, 16718.0 ], [ 11667.0, 16701.0 ], [ 11649.0, 16701.0 ], [ 11632.0, 16684.0 ], [ 11615.0, 16684.0 ], [ 11598.0, 16667.0 ], [ 11581.0, 16667.0 ], [ 11563.0, 16650.0 ], [ 11546.0, 16650.0 ], [ 11529.0, 16632.0 ], [ 11512.0, 16632.0 ], [ 11495.0, 16615.0 ], [ 11478.0, 16615.0 ], [ 11460.0, 16615.0 ], [ 11443.0, 16598.0 ], [ 11443.0, 16581.0 ], [ 11426.0, 16581.0 ], [ 11409.0, 16564.0 ], [ 11392.0, 16564.0 ], [ 11374.0, 16546.0 ], [ 11357.0, 16546.0 ], [ 11340.0, 16546.0 ], [ 11323.0, 16529.0 ], [ 11306.0, 16529.0 ], [ 11289.0, 16512.0 ], [ 11271.0, 16512.0 ], [ 11254.0, 16495.0 ], [ 11237.0, 16495.0 ], [ 11220.0, 16478.0 ], [ 11203.0, 16460.0 ], [ 11185.0, 16460.0 ], [ 11168.0, 16443.0 ], [ 11151.0, 16443.0 ], [ 11134.0, 16426.0 ], [ 11117.0, 16426.0 ], [ 11100.0, 16409.0 ], [ 11082.0, 16409.0 ], [ 11065.0, 16392.0 ], [ 11048.0, 16392.0 ], [ 11031.0, 16375.0 ], [ 11014.0, 16375.0 ], [ 10996.0, 16357.0 ], [ 10979.0, 16357.0 ], [ 10962.0, 16340.0 ], [ 10945.0, 16340.0 ], [ 10928.0, 16323.0 ], [ 10910.0, 16323.0 ], [ 10893.0, 16323.0 ], [ 10876.0, 16306.0 ], [ 10859.0, 16289.0 ], [ 10842.0, 16289.0 ], [ 10825.0, 16271.0 ], [ 10807.0, 16271.0 ], [ 10790.0, 16271.0 ], [ 10773.0, 16254.0 ], [ 10756.0, 16237.0 ], [ 10739.0, 16237.0 ], [ 10721.0, 16220.0 ], [ 10704.0, 16220.0 ], [ 10687.0, 16203.0 ], [ 10670.0, 16203.0 ], [ 10653.0, 16186.0 ], [ 10636.0, 16186.0 ], [ 10618.0, 16168.0 ], [ 10601.0, 16168.0 ], [ 10584.0, 16168.0 ], [ 10567.0, 16151.0 ], [ 10550.0, 16151.0 ], [ 10532.0, 16134.0 ], [ 10515.0, 16117.0 ], [ 10498.0, 16117.0 ], [ 10481.0, 16100.0 ], [ 10464.0, 16100.0 ], [ 10447.0, 16082.0 ], [ 10429.0, 16065.0 ], [ 10412.0, 16065.0 ], [ 10395.0, 16048.0 ], [ 10378.0, 16048.0 ], [ 10361.0, 16031.0 ], [ 10343.0, 16031.0 ], [ 10326.0, 16014.0 ], [ 10309.0, 16014.0 ], [ 10292.0, 15997.0 ], [ 10275.0, 15997.0 ], [ 10258.0, 15997.0 ], [ 10240.0, 15979.0 ], [ 10223.0, 15979.0 ], [ 10206.0, 15962.0 ], [ 10189.0, 15962.0 ], [ 10172.0, 15945.0 ], [ 10154.0, 15945.0 ], [ 10137.0, 15928.0 ], [ 10120.0, 15928.0 ], [ 10103.0, 15911.0 ], [ 10086.0, 15893.0 ], [ 10069.0, 15893.0 ], [ 10051.0, 15876.0 ], [ 10034.0, 15876.0 ], [ 10017.0, 15859.0 ], [ 10000.0, 15859.0 ], [ 9983.0, 15842.0 ], [ 9965.0, 15842.0 ], [ 9948.0, 15825.0 ], [ 9931.0, 15825.0 ], [ 9914.0, 15808.0 ], [ 9897.0, 15808.0 ], [ 9880.0, 15808.0 ], [ 9862.0, 15790.0 ], [ 9845.0, 15773.0 ], [ 9828.0, 15773.0 ], [ 9811.0, 15773.0 ], [ 9794.0, 15756.0 ], [ 9776.0, 15756.0 ], [ 9759.0, 15756.0 ], [ 9742.0, 15739.0 ], [ 9725.0, 15722.0 ], [ 9708.0, 15722.0 ], [ 9691.0, 15722.0 ], [ 9673.0, 15704.0 ], [ 9656.0, 15704.0 ], [ 9639.0, 15687.0 ], [ 9622.0, 15687.0 ], [ 9605.0, 15670.0 ], [ 9587.0, 15670.0 ], [ 9570.0, 15670.0 ], [ 9553.0, 15653.0 ], [ 9536.0, 15636.0 ], [ 9519.0, 15636.0 ], [ 9502.0, 15636.0 ], [ 9484.0, 15619.0 ], [ 9467.0, 15619.0 ], [ 9450.0, 15619.0 ], [ 9433.0, 15601.0 ], [ 9416.0, 15601.0 ], [ 9398.0, 15584.0 ], [ 9381.0, 15567.0 ], [ 9364.0, 15584.0 ], [ 9347.0, 15567.0 ], [ 9347.0, 15550.0 ], [ 9330.0, 15550.0 ], [ 9313.0, 15533.0 ], [ 9295.0, 15533.0 ], [ 9278.0, 15533.0 ], [ 9261.0, 15515.0 ], [ 9244.0, 15515.0 ], [ 9227.0, 15498.0 ], [ 9209.0, 15498.0 ], [ 9192.0, 15481.0 ], [ 9175.0, 15481.0 ], [ 9158.0, 15481.0 ], [ 9141.0, 15464.0 ], [ 9123.0, 15447.0 ], [ 9106.0, 15447.0 ], [ 9089.0, 15430.0 ], [ 9072.0, 15430.0 ], [ 9055.0, 15430.0 ], [ 9038.0, 15412.0 ], [ 9020.0, 15395.0 ], [ 9003.0, 15395.0 ], [ 8986.0, 15378.0 ], [ 8969.0, 15378.0 ], [ 8952.0, 15361.0 ], [ 8934.0, 15361.0 ], [ 8917.0, 15361.0 ], [ 8900.0, 15344.0 ], [ 8883.0, 15326.0 ], [ 8866.0, 15326.0 ], [ 8849.0, 15326.0 ], [ 8831.0, 15309.0 ], [ 8814.0, 15309.0 ], [ 8797.0, 15292.0 ], [ 8780.0, 15275.0 ], [ 8763.0, 15275.0 ], [ 8745.0, 15258.0 ], [ 8728.0, 15258.0 ], [ 8711.0, 15241.0 ], [ 8694.0, 15241.0 ], [ 8677.0, 15223.0 ], [ 8660.0, 15223.0 ], [ 8642.0, 15223.0 ], [ 8625.0, 15206.0 ], [ 8608.0, 15206.0 ], [ 8591.0, 15189.0 ], [ 8574.0, 15189.0 ], [ 8556.0, 15172.0 ], [ 8539.0, 15172.0 ], [ 8522.0, 15155.0 ], [ 8505.0, 15155.0 ], [ 8488.0, 15137.0 ], [ 8471.0, 15137.0 ], [ 8453.0, 15120.0 ], [ 8436.0, 15120.0 ], [ 8419.0, 15103.0 ], [ 8402.0, 15086.0 ], [ 8385.0, 15086.0 ], [ 8367.0, 15086.0 ], [ 8350.0, 15069.0 ], [ 8333.0, 15052.0 ], [ 8316.0, 15052.0 ], [ 8299.0, 15034.0 ], [ 8282.0, 15017.0 ], [ 8264.0, 15017.0 ], [ 8247.0, 15017.0 ], [ 8230.0, 15000.0 ], [ 8213.0, 15000.0 ], [ 8196.0, 14983.0 ], [ 8178.0, 14983.0 ], [ 8161.0, 14966.0 ], [ 8144.0, 14966.0 ], [ 8127.0, 14948.0 ], [ 8110.0, 14931.0 ], [ 8093.0, 14931.0 ], [ 8075.0, 14914.0 ], [ 8058.0, 14897.0 ], [ 8041.0, 14897.0 ], [ 8024.0, 14897.0 ], [ 8007.0, 14880.0 ], [ 7989.0, 14880.0 ], [ 7972.0, 14863.0 ], [ 7955.0, 14863.0 ], [ 7938.0, 14845.0 ], [ 7921.0, 14828.0 ], [ 7904.0, 14828.0 ], [ 7886.0, 14811.0 ], [ 7869.0, 14811.0 ], [ 7852.0, 14794.0 ], [ 7835.0, 14777.0 ], [ 7818.0, 14777.0 ], [ 7800.0, 14759.0 ], [ 7783.0, 14759.0 ], [ 7766.0, 14742.0 ], [ 7749.0, 14725.0 ], [ 7732.0, 14725.0 ], [ 7715.0, 14708.0 ], [ 7697.0, 14708.0 ], [ 7680.0, 14691.0 ], [ 7663.0, 14673.0 ], [ 7646.0, 14656.0 ], [ 7629.0, 14656.0 ], [ 7611.0, 14639.0 ], [ 7594.0, 14639.0 ], [ 7577.0, 14622.0 ], [ 7560.0, 14622.0 ], [ 7543.0, 14605.0 ], [ 7526.0, 14588.0 ], [ 7508.0, 14588.0 ], [ 7491.0, 14570.0 ], [ 7474.0, 14570.0 ], [ 7457.0, 14570.0 ], [ 7440.0, 14570.0 ], [ 7422.0, 14553.0 ], [ 7405.0, 14536.0 ], [ 7388.0, 14519.0 ], [ 7371.0, 14519.0 ], [ 7354.0, 14502.0 ], [ 7336.0, 14502.0 ], [ 7319.0, 14484.0 ], [ 7302.0, 14484.0 ], [ 7285.0, 14467.0 ], [ 7268.0, 14450.0 ], [ 7251.0, 14433.0 ], [ 7233.0, 14433.0 ], [ 7216.0, 14416.0 ], [ 7199.0, 14416.0 ], [ 7182.0, 14399.0 ], [ 7165.0, 14399.0 ], [ 7147.0, 14381.0 ], [ 7130.0, 14381.0 ], [ 7113.0, 14364.0 ], [ 7096.0, 14364.0 ], [ 7079.0, 14347.0 ], [ 7062.0, 14347.0 ], [ 7044.0, 14330.0 ], [ 7027.0, 14330.0 ], [ 7010.0, 14313.0 ], [ 6993.0, 14313.0 ], [ 6976.0, 14295.0 ], [ 6958.0, 14278.0 ], [ 6941.0, 14278.0 ], [ 6924.0, 14261.0 ], [ 6907.0, 14261.0 ], [ 6890.0, 14244.0 ], [ 6873.0, 14244.0 ], [ 6855.0, 14227.0 ], [ 6838.0, 14227.0 ], [ 6821.0, 14227.0 ], [ 6804.0, 14210.0 ], [ 6787.0, 14210.0 ], [ 6769.0, 14192.0 ], [ 6752.0, 14192.0 ], [ 6735.0, 14175.0 ], [ 6718.0, 14175.0 ], [ 6701.0, 14158.0 ], [ 6684.0, 14158.0 ], [ 6666.0, 14141.0 ], [ 6649.0, 14141.0 ], [ 6632.0, 14141.0 ], [ 6615.0, 14124.0 ], [ 6598.0, 14124.0 ], [ 6580.0, 14106.0 ], [ 6563.0, 14106.0 ], [ 6546.0, 14089.0 ], [ 6529.0, 14089.0 ], [ 6512.0, 14072.0 ], [ 6495.0, 14072.0 ], [ 6477.0, 14072.0 ], [ 6460.0, 14055.0 ], [ 6443.0, 14055.0 ], [ 6426.0, 14038.0 ], [ 6409.0, 14038.0 ], [ 6391.0, 14021.0 ], [ 6374.0, 14021.0 ], [ 6357.0, 14021.0 ], [ 6340.0, 14003.0 ], [ 6323.0, 14003.0 ], [ 6306.0, 14003.0 ], [ 6288.0, 13986.0 ], [ 6271.0, 13986.0 ], [ 6254.0, 13986.0 ], [ 6237.0, 13969.0 ], [ 6220.0, 13969.0 ], [ 6202.0, 13952.0 ], [ 6185.0, 13952.0 ], [ 6168.0, 13952.0 ], [ 6151.0, 13935.0 ], [ 6134.0, 13935.0 ], [ 6117.0, 13935.0 ], [ 6099.0, 13917.0 ], [ 6082.0, 13917.0 ], [ 6065.0, 13917.0 ], [ 6048.0, 13900.0 ], [ 6031.0, 13900.0 ], [ 6013.0, 13900.0 ], [ 5996.0, 13900.0 ], [ 5979.0, 13883.0 ], [ 5962.0, 13883.0 ], [ 5945.0, 13883.0 ], [ 5928.0, 13866.0 ], [ 5910.0, 13866.0 ], [ 5893.0, 13866.0 ], [ 5876.0, 13849.0 ], [ 5859.0, 13849.0 ], [ 5842.0, 13849.0 ], [ 5824.0, 13849.0 ], [ 5807.0, 13832.0 ], [ 5790.0, 13832.0 ], [ 5773.0, 13832.0 ], [ 5756.0, 13814.0 ], [ 5739.0, 13814.0 ], [ 5721.0, 13814.0 ], [ 5704.0, 13814.0 ], [ 5687.0, 13814.0 ], [ 5670.0, 13797.0 ], [ 5653.0, 13797.0 ], [ 5635.0, 13780.0 ], [ 5618.0, 13780.0 ], [ 5601.0, 13780.0 ], [ 5584.0, 13780.0 ], [ 5567.0, 13780.0 ], [ 5550.0, 13763.0 ], [ 5532.0, 13763.0 ], [ 5515.0, 13763.0 ], [ 5498.0, 13763.0 ], [ 5481.0, 13746.0 ], [ 5464.0, 13746.0 ], [ 5446.0, 13746.0 ], [ 5429.0, 13728.0 ], [ 5412.0, 13728.0 ], [ 5395.0, 13728.0 ], [ 5378.0, 13711.0 ], [ 5360.0, 13711.0 ], [ 5343.0, 13711.0 ], [ 5326.0, 13711.0 ], [ 5309.0, 13694.0 ], [ 5292.0, 13694.0 ], [ 5275.0, 13694.0 ], [ 5257.0, 13677.0 ], [ 5240.0, 13677.0 ], [ 5223.0, 13677.0 ], [ 5206.0, 13677.0 ], [ 5189.0, 13660.0 ], [ 5171.0, 13660.0 ], [ 5154.0, 13660.0 ], [ 5137.0, 13660.0 ], [ 5120.0, 13643.0 ], [ 5103.0, 13643.0 ], [ 5086.0, 13643.0 ], [ 5068.0, 13625.0 ], [ 5051.0, 13625.0 ], [ 5034.0, 13625.0 ], [ 5017.0, 13625.0 ], [ 5000.0, 13608.0 ], [ 4982.0, 13608.0 ], [ 4965.0, 13608.0 ], [ 4948.0, 13608.0 ], [ 4931.0, 13591.0 ], [ 4914.0, 13591.0 ], [ 4897.0, 13591.0 ], [ 4879.0, 13574.0 ], [ 4862.0, 13574.0 ], [ 4845.0, 13574.0 ], [ 4828.0, 13557.0 ], [ 4811.0, 13557.0 ], [ 4793.0, 13557.0 ], [ 4776.0, 13557.0 ], [ 4759.0, 13539.0 ], [ 4742.0, 13539.0 ], [ 4725.0, 13539.0 ], [ 4708.0, 13539.0 ], [ 4690.0, 13539.0 ], [ 4673.0, 13539.0 ], [ 4656.0, 13522.0 ], [ 4639.0, 13522.0 ], [ 4622.0, 13522.0 ], [ 4604.0, 13522.0 ], [ 4587.0, 13505.0 ], [ 4570.0, 13505.0 ], [ 4553.0, 13505.0 ], [ 4536.0, 13505.0 ], [ 4519.0, 13505.0 ], [ 4501.0, 13488.0 ], [ 4484.0, 13488.0 ], [ 4467.0, 13488.0 ], [ 4450.0, 13488.0 ], [ 4433.0, 13471.0 ], [ 4415.0, 13471.0 ], [ 4398.0, 13471.0 ], [ 4381.0, 13471.0 ], [ 4364.0, 13454.0 ], [ 4347.0, 13454.0 ], [ 4330.0, 13454.0 ], [ 4312.0, 13454.0 ], [ 4295.0, 13436.0 ], [ 4278.0, 13436.0 ], [ 4261.0, 13436.0 ], [ 4244.0, 13419.0 ], [ 4226.0, 13419.0 ], [ 4209.0, 13419.0 ], [ 4192.0, 13419.0 ], [ 4175.0, 13402.0 ], [ 4158.0, 13402.0 ], [ 4141.0, 13402.0 ], [ 4123.0, 13402.0 ], [ 4106.0, 13402.0 ], [ 4089.0, 13402.0 ], [ 4072.0, 13385.0 ], [ 4055.0, 13385.0 ], [ 4037.0, 13385.0 ], [ 4020.0, 13385.0 ], [ 4003.0, 13368.0 ], [ 3986.0, 13368.0 ], [ 3969.0, 13368.0 ], [ 3952.0, 13350.0 ], [ 3934.0, 13350.0 ], [ 3917.0, 13350.0 ], [ 3900.0, 13350.0 ], [ 3883.0, 13333.0 ], [ 3866.0, 13333.0 ], [ 3848.0, 13333.0 ], [ 3831.0, 13316.0 ], [ 3814.0, 13316.0 ], [ 3797.0, 13316.0 ], [ 3780.0, 13316.0 ], [ 3763.0, 13316.0 ], [ 3745.0, 13316.0 ], [ 3728.0, 13299.0 ], [ 3711.0, 13299.0 ], [ 3694.0, 13299.0 ], [ 3677.0, 13299.0 ], [ 3659.0, 13282.0 ], [ 3642.0, 13282.0 ], [ 3625.0, 13282.0 ], [ 3608.0, 13282.0 ], [ 3591.0, 13282.0 ], [ 3573.0, 13265.0 ], [ 3556.0, 13265.0 ], [ 3539.0, 13265.0 ], [ 3522.0, 13265.0 ], [ 3505.0, 13247.0 ], [ 3488.0, 13247.0 ], [ 3470.0, 13247.0 ], [ 3453.0, 13247.0 ], [ 3436.0, 13247.0 ], [ 3419.0, 13247.0 ], [ 3402.0, 13230.0 ], [ 3384.0, 13230.0 ], [ 3367.0, 13230.0 ], [ 3350.0, 13230.0 ], [ 3333.0, 13230.0 ], [ 3316.0, 13213.0 ], [ 3299.0, 13213.0 ], [ 3281.0, 13213.0 ], [ 3264.0, 13213.0 ], [ 3247.0, 13213.0 ], [ 3230.0, 13213.0 ], [ 3213.0, 13196.0 ], [ 3195.0, 13196.0 ], [ 3178.0, 13196.0 ], [ 3161.0, 13196.0 ], [ 3144.0, 13196.0 ], [ 3127.0, 13196.0 ], [ 3110.0, 13179.0 ], [ 3092.0, 13179.0 ], [ 3075.0, 13179.0 ], [ 3058.0, 13179.0 ], [ 3041.0, 13161.0 ], [ 3024.0, 13161.0 ], [ 3006.0, 13161.0 ], [ 2989.0, 13144.0 ], [ 2972.0, 13144.0 ], [ 2955.0, 13144.0 ], [ 2938.0, 13127.0 ], [ 2921.0, 13127.0 ], [ 2903.0, 13127.0 ], [ 2886.0, 13110.0 ], [ 2869.0, 13110.0 ], [ 2852.0, 13093.0 ], [ 2835.0, 13093.0 ], [ 2817.0, 13093.0 ], [ 2800.0, 13076.0 ], [ 2783.0, 13076.0 ], [ 2766.0, 13058.0 ], [ 2749.0, 13058.0 ], [ 2732.0, 13041.0 ], [ 2714.0, 13041.0 ], [ 2697.0, 13024.0 ], [ 2680.0, 13007.0 ], [ 2663.0, 13007.0 ], [ 2646.0, 12990.0 ], [ 2628.0, 12972.0 ], [ 2611.0, 12955.0 ], [ 2594.0, 12955.0 ], [ 2577.0, 12938.0 ], [ 2560.0, 12938.0 ], [ 2543.0, 12921.0 ], [ 2525.0, 12904.0 ], [ 2508.0, 12904.0 ], [ 2491.0, 12887.0 ], [ 2474.0, 12887.0 ], [ 2457.0, 12869.0 ], [ 2439.0, 12869.0 ], [ 2422.0, 12852.0 ], [ 2405.0, 12852.0 ], [ 2388.0, 12835.0 ], [ 2371.0, 12835.0 ], [ 2354.0, 12818.0 ], [ 2336.0, 12801.0 ], [ 2319.0, 12801.0 ], [ 2302.0, 12783.0 ], [ 2285.0, 12783.0 ], [ 2268.0, 12783.0 ], [ 2250.0, 12766.0 ], [ 2233.0, 12766.0 ], [ 2216.0, 12749.0 ], [ 2199.0, 12749.0 ], [ 2182.0, 12749.0 ], [ 2165.0, 12732.0 ], [ 2147.0, 12732.0 ], [ 2130.0, 12715.0 ], [ 2113.0, 12715.0 ], [ 2096.0, 12715.0 ], [ 2079.0, 12697.0 ], [ 2061.0, 12697.0 ], [ 2044.0, 12697.0 ], [ 2027.0, 12680.0 ], [ 2010.0, 12680.0 ], [ 1993.0, 12680.0 ], [ 1976.0, 12663.0 ], [ 1958.0, 12663.0 ], [ 1941.0, 12663.0 ], [ 1924.0, 12663.0 ], [ 1907.0, 12646.0 ], [ 1890.0, 12646.0 ], [ 1872.0, 12646.0 ], [ 1855.0, 12629.0 ], [ 1838.0, 12629.0 ], [ 1821.0, 12629.0 ], [ 1804.0, 12629.0 ], [ 1786.0, 12629.0 ], [ 1769.0, 12629.0 ], [ 1752.0, 12612.0 ], [ 1735.0, 12612.0 ], [ 1718.0, 12612.0 ], [ 1701.0, 12612.0 ], [ 1683.0, 12612.0 ], [ 1666.0, 12612.0 ], [ 1649.0, 12612.0 ], [ 1632.0, 12594.0 ], [ 1615.0, 12594.0 ], [ 1597.0, 12594.0 ], [ 1580.0, 12594.0 ], [ 1563.0, 12594.0 ], [ 1546.0, 12594.0 ], [ 1529.0, 12594.0 ], [ 1512.0, 12594.0 ], [ 1494.0, 12594.0 ], [ 1477.0, 12594.0 ], [ 1460.0, 12594.0 ], [ 1443.0, 12594.0 ], [ 1426.0, 12594.0 ], [ 1408.0, 12594.0 ] ], [ [ 10910.0, 22732.0 ], [ 10928.0, 22715.0 ], [ 10945.0, 22715.0 ], [ 10962.0, 22715.0 ], [ 10979.0, 22715.0 ], [ 10996.0, 22732.0 ], [ 11014.0, 22732.0 ], [ 11031.0, 22749.0 ], [ 11048.0, 22749.0 ], [ 11065.0, 22767.0 ], [ 11082.0, 22767.0 ], [ 11100.0, 22784.0 ], [ 11117.0, 22784.0 ], [ 11134.0, 22801.0 ], [ 11151.0, 22801.0 ], [ 11168.0, 22818.0 ], [ 11185.0, 22835.0 ], [ 11203.0, 22835.0 ], [ 11220.0, 22852.0 ], [ 11237.0, 22870.0 ], [ 11254.0, 22870.0 ], [ 11271.0, 22870.0 ], [ 11289.0, 22887.0 ], [ 11306.0, 22887.0 ], [ 11323.0, 22904.0 ], [ 11340.0, 22904.0 ], [ 11357.0, 22921.0 ], [ 11374.0, 22938.0 ], [ 11392.0, 22938.0 ], [ 11409.0, 22956.0 ], [ 11426.0, 22956.0 ], [ 11443.0, 22973.0 ], [ 11443.0, 22990.0 ], [ 11460.0, 22990.0 ], [ 11478.0, 22990.0 ], [ 11495.0, 23007.0 ], [ 11512.0, 23024.0 ], [ 11529.0, 23024.0 ], [ 11546.0, 23041.0 ], [ 11563.0, 23059.0 ], [ 11581.0, 23076.0 ], [ 11598.0, 23093.0 ], [ 11615.0, 23110.0 ], [ 11632.0, 23110.0 ], [ 11649.0, 23127.0 ], [ 11667.0, 23145.0 ], [ 11684.0, 23162.0 ], [ 11701.0, 23179.0 ], [ 11718.0, 23196.0 ], [ 11735.0, 23196.0 ], [ 11752.0, 23213.0 ], [ 11752.0, 23230.0 ], [ 11770.0, 23248.0 ], [ 11787.0, 23248.0 ], [ 11804.0, 23265.0 ], [ 11821.0, 23282.0 ], [ 11838.0, 23299.0 ], [ 11838.0, 23316.0 ], [ 11856.0, 23334.0 ], [ 11873.0, 23351.0 ], [ 11890.0, 23368.0 ], [ 11890.0, 23385.0 ], [ 11907.0, 23402.0 ], [ 11907.0, 23419.0 ], [ 11924.0, 23437.0 ], [ 11924.0, 23454.0 ], [ 11941.0, 23471.0 ], [ 11941.0, 23488.0 ], [ 11959.0, 23505.0 ], [ 11959.0, 23523.0 ], [ 11959.0, 23540.0 ], [ 11976.0, 23557.0 ], [ 11976.0, 23574.0 ], [ 11993.0, 23591.0 ], [ 11993.0, 23608.0 ], [ 11993.0, 23626.0 ], [ 11993.0, 23643.0 ], [ 11993.0, 23660.0 ], [ 12010.0, 23677.0 ], [ 12010.0, 23694.0 ], [ 12010.0, 23712.0 ], [ 12027.0, 23729.0 ], [ 12027.0, 23746.0 ], [ 12027.0, 23763.0 ], [ 12027.0, 23780.0 ], [ 12045.0, 23797.0 ], [ 12045.0, 23815.0 ], [ 12045.0, 23832.0 ], [ 12045.0, 23849.0 ], [ 12045.0, 23866.0 ], [ 12045.0, 23883.0 ], [ 12062.0, 23901.0 ], [ 12062.0, 23918.0 ], [ 12045.0, 23935.0 ], [ 12062.0, 23952.0 ], [ 12062.0, 23969.0 ], [ 12062.0, 23987.0 ], [ 12062.0, 24004.0 ], [ 12062.0, 24021.0 ], [ 12062.0, 24038.0 ], [ 12062.0, 24055.0 ], [ 12062.0, 24072.0 ], [ 12062.0, 24090.0 ], [ 12062.0, 24107.0 ], [ 12045.0, 24124.0 ], [ 12045.0, 24141.0 ], [ 12062.0, 24158.0 ], [ 12062.0, 24176.0 ], [ 12062.0, 24193.0 ], [ 12062.0, 24210.0 ], [ 12062.0, 24227.0 ], [ 12062.0, 24244.0 ], [ 12062.0, 24261.0 ], [ 12062.0, 24279.0 ], [ 12062.0, 24296.0 ], [ 12062.0, 24313.0 ], [ 12062.0, 24330.0 ], [ 12062.0, 24347.0 ], [ 12062.0, 24365.0 ], [ 12062.0, 24382.0 ], [ 12079.0, 24399.0 ], [ 12079.0, 24416.0 ], [ 12079.0, 24433.0 ], [ 12079.0, 24450.0 ], [ 12079.0, 24468.0 ], [ 12079.0, 24485.0 ], [ 12079.0, 24502.0 ], [ 12079.0, 24519.0 ], [ 12079.0, 24536.0 ], [ 12079.0, 24554.0 ], [ 12079.0, 24571.0 ], [ 12096.0, 24588.0 ], [ 12096.0, 24605.0 ], [ 12096.0, 24622.0 ], [ 12096.0, 24639.0 ], [ 12079.0, 24657.0 ], [ 12096.0, 24674.0 ], [ 12096.0, 24691.0 ], [ 12096.0, 24708.0 ], [ 12096.0, 24725.0 ], [ 12079.0, 24743.0 ], [ 12079.0, 24760.0 ], [ 12079.0, 24777.0 ], [ 12079.0, 24794.0 ], [ 12062.0, 24811.0 ], [ 12062.0, 24828.0 ], [ 12079.0, 24846.0 ], [ 12079.0, 24863.0 ], [ 12062.0, 24880.0 ], [ 12062.0, 24897.0 ], [ 12062.0, 24914.0 ], [ 12045.0, 24932.0 ], [ 12045.0, 24949.0 ], [ 12027.0, 24966.0 ], [ 12010.0, 24983.0 ], [ 12010.0, 25000.0 ], [ 11993.0, 25017.0 ], [ 11976.0, 25035.0 ], [ 11959.0, 25052.0 ], [ 11941.0, 25069.0 ], [ 11924.0, 25069.0 ], [ 11924.0, 25086.0 ], [ 11907.0, 25103.0 ], [ 11890.0, 25121.0 ], [ 11873.0, 25121.0 ], [ 11856.0, 25121.0 ], [ 11838.0, 25103.0 ], [ 11856.0, 25086.0 ], [ 11838.0, 25069.0 ], [ 11821.0, 25069.0 ], [ 11838.0, 25086.0 ], [ 11821.0, 25103.0 ], [ 11804.0, 25121.0 ], [ 11787.0, 25121.0 ], [ 11770.0, 25103.0 ], [ 11752.0, 25103.0 ], [ 11735.0, 25103.0 ], [ 11718.0, 25086.0 ], [ 11701.0, 25086.0 ], [ 11684.0, 25086.0 ], [ 11667.0, 25103.0 ], [ 11649.0, 25086.0 ], [ 11632.0, 25086.0 ], [ 11615.0, 25086.0 ], [ 11598.0, 25086.0 ], [ 11581.0, 25086.0 ], [ 11563.0, 25086.0 ], [ 11546.0, 25069.0 ], [ 11529.0, 25069.0 ], [ 11512.0, 25052.0 ], [ 11495.0, 25052.0 ], [ 11478.0, 25035.0 ], [ 11460.0, 25035.0 ], [ 11443.0, 25017.0 ], [ 11443.0, 25000.0 ], [ 11426.0, 25000.0 ], [ 11409.0, 24983.0 ], [ 11392.0, 24966.0 ], [ 11374.0, 24966.0 ], [ 11357.0, 24949.0 ], [ 11340.0, 24932.0 ], [ 11323.0, 24914.0 ], [ 11306.0, 24897.0 ], [ 11289.0, 24897.0 ], [ 11271.0, 24880.0 ], [ 11254.0, 24863.0 ], [ 11237.0, 24846.0 ], [ 11220.0, 24828.0 ], [ 11203.0, 24828.0 ], [ 11185.0, 24811.0 ], [ 11168.0, 24794.0 ], [ 11151.0, 24777.0 ], [ 11134.0, 24760.0 ], [ 11117.0, 24743.0 ], [ 11100.0, 24725.0 ], [ 11082.0, 24725.0 ], [ 11065.0, 24708.0 ], [ 11048.0, 24691.0 ], [ 11031.0, 24674.0 ], [ 11014.0, 24657.0 ], [ 10996.0, 24639.0 ], [ 10979.0, 24622.0 ], [ 10962.0, 24605.0 ], [ 10945.0, 24588.0 ], [ 10928.0, 24588.0 ], [ 10910.0, 24571.0 ], [ 10910.0, 24554.0 ], [ 10893.0, 24536.0 ], [ 10876.0, 24519.0 ], [ 10859.0, 24502.0 ], [ 10842.0, 24485.0 ], [ 10842.0, 24468.0 ], [ 10825.0, 24450.0 ], [ 10825.0, 24433.0 ], [ 10807.0, 24416.0 ], [ 10790.0, 24399.0 ], [ 10790.0, 24382.0 ], [ 10790.0, 24365.0 ], [ 10790.0, 24347.0 ], [ 10773.0, 24330.0 ], [ 10773.0, 24313.0 ], [ 10756.0, 24296.0 ], [ 10756.0, 24279.0 ], [ 10756.0, 24261.0 ], [ 10739.0, 24244.0 ], [ 10739.0, 24227.0 ], [ 10721.0, 24210.0 ], [ 10721.0, 24193.0 ], [ 10721.0, 24176.0 ], [ 10704.0, 24158.0 ], [ 10704.0, 24141.0 ], [ 10704.0, 24124.0 ], [ 10687.0, 24107.0 ], [ 10687.0, 24090.0 ], [ 10687.0, 24072.0 ], [ 10670.0, 24055.0 ], [ 10670.0, 24038.0 ], [ 10670.0, 24021.0 ], [ 10653.0, 24004.0 ], [ 10653.0, 23987.0 ], [ 10653.0, 23969.0 ], [ 10653.0, 23952.0 ], [ 10653.0, 23935.0 ], [ 10636.0, 23918.0 ], [ 10636.0, 23901.0 ], [ 10636.0, 23883.0 ], [ 10636.0, 23866.0 ], [ 10636.0, 23849.0 ], [ 10636.0, 23832.0 ], [ 10636.0, 23815.0 ], [ 10618.0, 23797.0 ], [ 10618.0, 23780.0 ], [ 10618.0, 23763.0 ], [ 10618.0, 23746.0 ], [ 10618.0, 23729.0 ], [ 10618.0, 23712.0 ], [ 10618.0, 23694.0 ], [ 10618.0, 23677.0 ], [ 10618.0, 23660.0 ], [ 10618.0, 23643.0 ], [ 10618.0, 23626.0 ], [ 10618.0, 23608.0 ], [ 10618.0, 23591.0 ], [ 10618.0, 23574.0 ], [ 10636.0, 23557.0 ], [ 10618.0, 23540.0 ], [ 10618.0, 23523.0 ], [ 10636.0, 23505.0 ], [ 10636.0, 23488.0 ], [ 10636.0, 23471.0 ], [ 10636.0, 23454.0 ], [ 10636.0, 23437.0 ], [ 10636.0, 23419.0 ], [ 10636.0, 23402.0 ], [ 10636.0, 23385.0 ], [ 10653.0, 23368.0 ], [ 10636.0, 23351.0 ], [ 10653.0, 23334.0 ], [ 10653.0, 23316.0 ], [ 10653.0, 23299.0 ], [ 10653.0, 23282.0 ], [ 10670.0, 23265.0 ], [ 10670.0, 23248.0 ], [ 10670.0, 23230.0 ], [ 10670.0, 23213.0 ], [ 10670.0, 23196.0 ], [ 10670.0, 23179.0 ], [ 10687.0, 23162.0 ], [ 10687.0, 23145.0 ], [ 10704.0, 23127.0 ], [ 10704.0, 23110.0 ], [ 10704.0, 23093.0 ], [ 10704.0, 23076.0 ], [ 10704.0, 23059.0 ], [ 10721.0, 23041.0 ], [ 10721.0, 23024.0 ], [ 10739.0, 23007.0 ], [ 10739.0, 22990.0 ], [ 10739.0, 22973.0 ], [ 10739.0, 22956.0 ], [ 10756.0, 22938.0 ], [ 10756.0, 22921.0 ], [ 10756.0, 22904.0 ], [ 10773.0, 22887.0 ], [ 10790.0, 22870.0 ], [ 10790.0, 22852.0 ], [ 10807.0, 22835.0 ], [ 10825.0, 22818.0 ], [ 10825.0, 22801.0 ], [ 10842.0, 22784.0 ], [ 10859.0, 22767.0 ], [ 10876.0, 22749.0 ], [ 10893.0, 22749.0 ], [ 10910.0, 22732.0 ] ] ] } },
{ "type": "Feature", "properties": { "tissue_id": 1 }, "geometry": { "type": "Polygon", "coordinates": [ [ [ 28901.0, 2181.9 ], [ 28900.990198285966471, 2181.900481527332886 ], [ 28900.980490967798687, 2181.901921471959668 ], [ 28900.970971532275144, 2181.904305966426818 ], [ 28900.961731656763732, 2181.907612046748909 ], [ 28900.952860326317023, 2181.911807873565067 ], [ 28900.944442976699065, 2181.916853038769659 ], [ 28900.93656067158372, 2181.922698954663701 ], [ 28900.929289321880788, 2181.929289321881242 ], [ 28883.95857864376012, 2198.9 ], [ 28849.0, 2198.9 ], [ 28848.990198285966471, 2198.900481527332886 ], [ 28848.980490967798687, 2198.901921471959668 ], [ 28848.970971532275144, 2198.904305966426818 ], [ 28848.961731656763732, 2198.907612046748909 ], [ 28848.952860326317023, 2198.911807873565067 ], [ 28848.944442976699065, 2198.916853038769659 ], [ 28848.93656067158372, 2198.922698954663701 ], [ 28848.929289321880788, 2198.929289321881242 ], [ 28832.0, 2215.85857864376203 ], [ 28815.070710678119212, 2198.929289321881242 ], [ 28815.06343932841628, 2198.922698954663701 ], [ 28815.055557023300935, 2198.916853038769659 ], [ 28815.047139673682977, 2198.911807873565067 ], [ 28815.038268343236268, 2198.907612046748909 ], [ 28815.029028467724856, 2198.904305966426818 ], [ 28815.019509032201313, 2198.901921471959668 ], [ 28815.009801714033529, 2198.900481527332886 ], [ 28815.0, 2198.9 ], [ 28763.0, 2198.9 ], [ 28762.990198285966471, 2198.900481527332886 ], [ 28762.980490967798687, 2198.901921471959668 ], [ 28762.970971532275144, 2198.904305966426818 ], [ 28762.961731656763732, 2198.907612046748909 ], [ 28762.952860326317023, 2198.911807873565067 ], [ 28762.944442976699065, 2198.916853038769659 ], [ 28762.93656067158372, 2198.922698954663701 ], [ 28762.929289321880788, 2198.929289321881242 ], [ 28745.95857864376012, 2215.9 ], [ 28660.0, 2215.9 ], [ 28659.990198285966471, 2215.900481527332886 ], [ 28659.980490967798687, 2215.901921471959668 ], [ 28659.970971532275144, 2215.904305966426818 ], [ 28659.961731656763732, 2215.907612046748909 ], [ 28659.952860326317023, 2215.911807873565067 ], [ 28659.944442976699065, 2215.916853038769659 ], [ 28659.93656067158372, 2215.922698954663701 ], [ 28659.929289321880788, 2215.929289321881242 ], [ 28642.95857864376012, 2232.9 ], [ 28574.04142135623988, 2232.9 ], [ 28557.070710678119212, 2215.929289321881242 ], [ 28557.06343932841628, 2215.922698954663701 ], [ 28557.055557023300935, 2215.916853038769659 ], [ 28557.047139673682977, 2215.911807873565067 ], [ 28557.038268343236268, 2215.907612046748909 ], [ 28557.029028467724856, 2215.904305966426818 ], [ 28557.019509032201313, 2215.901921471959668 ], [ 28557.009801714033529, 2215.900481527332886 ], [ 28557.0, 2215.9 ], [ 28540.0, 2215.9 ], [ 28539.990198285966471, 2215.900481527332886 ], [ 28539.980490967798687, 2215.901921471959668 ], [ 28539.970971532275144, 2215.904305966426818 ], [ 28539.961731656763732, 2215.907612046748909 ], [ 28539.952860326317023, 2215.911807873565067 ], [ 28539.944442976699065, 2215.916853038769659 ], [ 28539.93656067158372, 2215.922698954663701 ], [ 28539.929289321880788, 2215.929289321881242 ], [ 28522.95857864376012, 2232.9 ], [ 28420.0, 2232.9 ], [ 28419.990553674138937, 2232.900447165144669 ], [ 28419.981191829632735, 2232.901784661445163 ], [ 28419.971998192289902, 2232.904000527267726 ], [ 28419.963054983592883, 2232.907074945452223 ], [ 28419.95444218537159, 2232.910980420545911 ], [ 28419.946236824482185, 2232.915682024701709 ], [ 28419.938512283959426, 2232.921137710050516 ], [ 28419.931337646703469, 2232.927298684744983 ], [ 28401.931337646703469, 2249.927298684744983 ], [ 28401.927298684746347, 2249.931337646703469 ], [ 28384.956895351078856, 2267.9 ], [ 28299.0, 2267.9 ], [ 28298.990198285966471, 2267.900481527332886 ], [ 28298.980490967798687, 2267.901921471959668 ], [ 28298.970971532275144, 2267.904305966426818 ], [ 28298.961731656763732, 2267.907612046748909 ], [ 28298.952860326317023, 2267.911807873565067 ], [ 28298.944442976699065, 2267.916853038769659 ], [ 28298.93656067158372, 2267.922698954663701 ], [ 28298.929289321880788, 2267.929289321881242 ], [ 28281.95857864376012, 2284.9 ], [ 28213.0, 2284.9 ], [ 28212.990198285966471, 2284.900481527332886 ], [ 28212.980490967798687, 2284.901921471959668 ], [ 28212.970971532275144, 2284.904305966426818 ], [ 28212.961731656763732, 2284.907612046748909 ], [ 28212.952860326317023, 2284.911807873565067 ], [ 28212.944442976699065, 2284.916853038769659 ], [ 28212.93656067158372, 2284.922698954663701 ], [ 28212.929289321880788, 2284.929289321881242 ], [ 28195.95857864376012, 2301.9 ], [ 28162.04142135623988, 2301.9 ], [ 28145.070710678119212, 2284.929289321881242 ], [ 28145.06343932841628, 2284.922698954663701 ], [ 28145.055557023300935, 2284.916853038769659 ], [ 28145.047139673682977, 2284.911807873565067 ], [ 28145.038268343236268, 2284.907612046748909 ], [ 28145.029028467724856, 2284.904305966426818 ], [ 28145.019509032201313, 2284.901921471959668 ], [ 28145.009801714033529, 2284.900481527332886 ], [ 28145.0, 2284.9 ], [ 28059.0, 2284.9 ], [ 28058.990198285966471, 2284.900481527332886 ], [ 28058.980490967798687, 2284.901921471959668 ], [ 28058.970971532275144, 2284.904305966426818 ], [ 28058.961731656763732, 2284.907612046748909 ], [ 28058.952860326317023, 2284.911807873565067 ], [ 28058.944442976699065, 2284.916853038769659 ], [ 28058.93656067158372, 2284.922698954663701 ], [ 28058.929289321880788, 2284.929289321881242 ], [ 28041.95857864376012, 2301.9 ], [ 28024.04142135623988, 2301.9 ], [ 28007.070710678119212, 2284.929289321881242 ], [ 28007.06343932841628, 2284.922698954663701 ], [ 28007.055557023300935, 2284.916853038769659 ], [ 28007.047139673682977, 2284.911807873565067 ], [ 28007.038268343236268, 2284.907612046748909 ], [ 28007.029028467724856, 2284.904305966426818 ], [ 28007.019509032201313, 2284.901921471959668 ], [ 28007.009801714033529, 2284.900481527332886 ], [ 28007.0, 2284.9 ], [ 27990.0, 2284.9 ], [ 27989.990198285966471, 2284.900481527332886 ], [ 27989.980490967798687, 2284.901921471959668 ], [ 27989.970971532275144, 2284.904305966426818 ], [ 27989.961731656763732, 2284.907612046748909 ], [ 27989.952860326317023, 2284.911807873565067 ], [ 27989.944442976699065, 2284.916853038769659 ], [ 27989.93656067158372, 2284.922698954663701 ], [ 27989.929289321880788, 2284.929289321881242 ], [ 27973.0, 2301.85857864376203 ], [ 27956.070710678119212, 2284.929289321881242 ], [ 27956.06343932841628, 2284.922698954663701 ], [ 27956.055557023300935, 2284.916853038769659 ], [ 27956.047139673682977, 2284.911807873565067 ], [ 27956.038268343236268, 2284.907612046748909 ], [ 27956.029028467724856, 2284.904305966426818 ], [ 27956.019509032201313, 2284.901921471959668 ], [ 27956.009801714033529, 2284.900481527332886 ], [ 27956.0, 2284.9 ], [ 27939.0, 2284.9 ], [ 27938.990553674138937, 2284.900447165144669 ], [ 27938.981191829632735, 2284.901784661445163 ], [ 27938.971998192289902, 2284.904000527267726 ], [ 27938.963054983592883, 2284.907074945452223 ], [ 27938.95444218537159, 2284.910980420545911 ], [ 27938.946236824482185, 2284.915682024701709 ], [ 27938.938512283959426, 2284.921137710050516 ], [ 27938.931337646703469, 2284.927298684744983 ], [ 27921.001991449476918, 2301.860570093237584 ], [ 27904.070710678119212, 2284.929289321881242 ], [ 27904.06343932841628, 2284.922698954663701 ], [ 27904.055557023300935, 2284.916853038769659 ], [ 27904.047139673682977, 2284.911807873565067 ], [ 27904.038268343236268, 2284.907612046748909 ], [ 27904.029028467724856, 2284.904305966426818 ], [ 27904.019509032201313, 2284.901921471959668 ], [ 27904.009801714033529, 2284.900481527332886 ], [ 27904.0, 2284.9 ], [ 27903.990198285966471, 2284.900481527332886 ], [ 27903.980490967798687, 2284.901921471959668 ], [ 27903.970971532275144, 2284.904305966426818 ], [ 27903.961731656763732, 2284.907612046748909 ], [ 27903.952860326317023, 2284.911807873565067 ], [ 27903.944442976699065, 2284.916853038769659 ], [ 27903.93656067158372, 2284.922698954663701 ], [ 27903.929289321880788, 2284.929289321881242 ], [ 27887.0, 2301.85857864376203 ], [ 27870.070710678119212, 2284.929289321881242 ], [ 27870.06343932841628, 2284.922698954663701 ], [ 27870.055557023300935, 2284.916853038769659 ], [ 27870.047139673682977, 2284.911807873565067 ], [ 27870.038268343236268, 2284.907612046748909 ], [ 27870.029028467724856, 2284.904305966426818 ], [ 27870.019509032201313, 2284.901921471959668 ], [ 27870.009801714033529, 2284.900481527332886 ], [ 27870.0, 2284.9 ], [ 27853.0, 2284.9 ], [ 27852.990553674138937, 2284.900447165144669 ], [ 27852.981191829632735, 2284.901784661445163 ], [ 27852.971998192289902, 2284.904000527267726 ], [ 27852.963054983592883, 2284.907074945452223 ], [ 27852.95444218537159, 2284.910980420545911 ], [ 27852.946236824482185, 2284.915682024701709 ], [ 27852.938512283959426, 2284.921137710050516 ], [ 27852.931337646703469, 2284.927298684744983 ], [ 27834.960242136432498, 2301.9 ], [ 27801.04142135623988, 2301.9 ], [ 27784.070710678119212, 2284.929289321881242 ], [ 27784.06343932841628, 2284.922698954663701 ], [ 27784.055557023300935, 2284.916853038769659 ], [ 27784.047139673682977, 2284.911807873565067 ], [ 27784.038268343236268, 2284.907612046748909 ], [ 27784.029028467724856, 2284.904305966426818 ], [ 27784.019509032201313, 2284.901921471959668 ], [ 27784.009801714033529, 2284.900481527332886 ], [ 27784.0, 2284.9 ], [ 27783.990198285966471, 2284.900481527332886 ], [ 27783.980490967798687, 2284.901921471959668 ], [ 27783.970971532275144, 2284.904305966426818 ], [ 27783.961731656763732, 2284.907612046748909 ], [ 27783.952860326317023, 2284.911807873565067 ], [ 27783.944442976699065, 2284.916853038769659 ], [ 27783.93656067158372, 2284.922698954663701 ], [ 27783.929289321880788, 2284.929289321881242 ], [ 27766.95857864376012, 2301.9 ], [ 27629.0, 2301.9 ], [ 27628.990198285966471, 2301.900481527332886 ], [ 27628.980490967798687, 2301.901921471959668 ], [ 27628.970971532275144, 2301.904305966426818 ], [ 27628.961731656763732, 2301.907612046748909 ], [ 27628.952860326317023, 2301.911807873565067 ], [ 27628.944442976699065, 2301.916853038769659 ], [ 27628.93656067158372, 2301.922698954663701 ], [ 27628.929289321880788, 2301.929289321881242 ], [ 27611.95857864376012, 2318.9 ], [ 27475.0, 2318.9 ], [ 27474.990553674138937, 2318.900447165144669 ], [ 27474.981191829632735, 2318.901784661445163 ], [ 27474.971998192289902, 2318.904000527267726 ], [ 27474.963054983592883, 2318.907074945452223 ], [ 27474.95444218537159, 2318.910980420545911 ], [ 27474.946236824482185, 2318.915682024701709 ], [ 27474.938512283959426, 2318.921137710050516 ], [ 27474.931337646703469, 2318.927298684744983 ], [ 27456.960242136432498, 2335.9 ], [ 27406.0, 2335.9 ], [ 27405.989843022747664, 2335.900517158197545 ], [ 27405.97979110077722, 2335.902063283737789 ], [ 27405.969948202764499, 2335.904622384790855 ], [ 27405.9604161354182, 2335.908167992155086 ], [ 27405.9512934904742, 2335.912663433031867 ], [ 27405.942674624940992, 2335.91806221033994 ], [ 27405.934648685160937, 2335.924308483639834 ], [ 27405.927298684746347, 2335.931337646703469 ], [ 27388.956895351078856, 2353.9 ], [ 27371.0, 2353.9 ], [ 27370.990198285966471, 2353.900481527332886 ], [ 27370.980490967798687, 2353.901921471959668 ], [ 27370.970971532275144, 2353.904305966426818 ], [ 27370.961731656763732, 2353.907612046748909 ], [ 27370.952860326317023, 2353.911807873565067 ], [ 27370.944442976699065, 2353.916853038769659 ], [ 27370.93656067158372, 2353.922698954663701 ], [ 27370.929289321880788, 2353.929289321881242 ], [ 27353.95857864376012, 2370.9 ], [ 27286.0, 2370.9 ], [ 27285.990553674138937, 2370.900447165144669 ], [ 27285.981191829632735, 2370.901784661445163 ], [ 27285.971998192289902, 2370.904000527267726 ], [ 27285.963054983592883, 2370.907074945452223 ], [ 27285.95444218537159, 2370.910980420545911 ], [ 27285.946236824482185, 2370.915682024701709 ], [ 27285.938512283959426, 2370.921137710050516 ], [ 27285.931337646703469, 2370.927298684744983 ], [ 27267.960242136432498, 2387.9 ], [ 27182.0, 2387.9 ], [ 27181.990198285966471, 2387.900481527332886 ], [ 27181.980490967798687, 2387.901921471959668 ], [ 27181.970971532275144, 2387.904305966426818 ], [ 27181.961731656763732, 2387.907612046748909 ], [ 27181.952860326317023, 2387.911807873565067 ], [ 27181.944442976699065, 2387.916853038769659 ], [ 27181.93656067158372, 2387.922698954663701 ], [ 27181.929289321880788, 2387.929289321881242 ], [ 27164.95857864376012, 2404.9 ], [ 27028.0, 2404.9 ], [ 27027.990198285966471, 2404.900481527332886 ], [ 27027.980490967798687, 2404.901921471959668 ], [ 27027.970971532275144, 2404.904305966426818 ], [ 27027.961731656763732, 2404.907612046748909 ], [ 27027.952860326317023, 2404.911807873565067 ], [ 27027.944442976699065, 2404.916853038769659 ], [ 27027.93656067158372, 2404.922698954663701 ], [ 27027.929289321880788, 2404.929289321881242 ], [ 27010.998008550523082, 2421.860570093237584 ], [ 26993.068662353296531, 2404.927298684744983 ], [ 26993.061346830916591, 2404.921028066147301 ], [ 26993.053461779742065, 2404.915490603440048 ], [ 26993.045080402633175, 2404.910737705056818 ], [ 26993.03628051022315, 2404.906813495730148 ], [ 26993.027143798532052, 2404.903754406847838 ], [ 26993.017755090535502, 2404.901588838234147 ], [ 26993.008201548669604, 2404.900336894492284 ], [ 26992.998571865657141, 2404.900010198358359 ], [ 26992.988955441091093, 2404.900611782798478 ], [ 26992.979441551477066, 2404.902136062850786 ], [ 26992.970118521410768, 2404.904568887477126 ], [ 26992.961072903595777, 2404.907887670935906 ], [ 26992.95238867531225, 2404.912061602462018 ], [ 26992.944146458783507, 2404.917051932308823 ], [ 26992.936422772709193, 2404.922812331488785 ], [ 26992.929289321880788, 2404.929289321881242 ], [ 26975.95857864376012, 2421.9 ], [ 26925.0, 2421.9 ], [ 26924.990198285966471, 2421.900481527332886 ], [ 26924.980490967798687, 2421.901921471959668 ], [ 26924.970971532275144, 2421.904305966426818 ], [ 26924.961731656763732, 2421.907612046748909 ], [ 26924.952860326317023, 2421.911807873565067 ], [ 26924.944442976699065, 2421.916853038769659 ], [ 26924.93656067158372, 2421.922698954663701 ], [ 26924.929289321880788, 2421.929289321881242 ], [ 26907.95857864376012, 2438.9 ], [ 26856.0, 2438.9 ], [ 26855.989843022747664, 2438.900517158197545 ], [ 26855.97979110077722, 2438.902063283737789 ], [ 26855.969948202764499, 2438.904622384790855 ], [ 26855.9604161354182, 2438.908167992155086 ], [ 26855.9512934904742, 2438.912663433031867 ], [ 26855.942674624940992, 2438.91806221033994 ], [ 26855.934648685160937, 2438.924308483639834 ], [ 26855.927298684746347, 2438.931337646703469 ], [ 26838.956895351078856, 2456.9 ], [ 26804.0, 2456.9 ], [ 26803.990198285966471, 2456.900481527332886 ], [ 26803.980490967798687, 2456.901921471959668 ], [ 26803.970971532275144, 2456.904305966426818 ], [ 26803.961731656763732, 2456.907612046748909 ], [ 26803.952860326317023, 2456.911807873565067 ], [ 26803.944442976699065, 2456.916853038769659 ], [ 26803.93656067158372, 2456.922698954663701 ], [ 26803.929289321880788, 2456.929289321881242 ], [ 26786.95857864376012, 2473.9 ], [ 26770.0, 2473.9 ], [ 26769.990198285966471, 2473.900481527332886 ], [ 26769.980490967798687, 2473.901921471959668 ], [ 26769.970971532275144, 2473.904305966426818 ], [ 26769.961731656763732, 2473.907612046748909 ], [ 26769.952860326317023, 2473.911807873565067 ], [ 26769.944442976699065, 2473.916853038769659 ], [ 26769.93656067158372, 2473.922698954663701 ], [ 26769.929289321880788, 2473.929289321881242 ], [ 26752.95857864376012, 2490.9 ], [ 26736.0, 2490.9 ], [ 26735.990198285966471, 2490.900481527332886 ], [ 26735.980490967798687, 2490.901921471959668 ], [ 26735.970971532275144, 2490.904305966426818 ], [ 26735.961731656763732, 2490.907612046748909 ], [ 26735.952860326317023, 2490.911807873565067 ], [ 26735.944442976699065, 2490.916853038769659 ], [ 26735.93656067158372, 2490.922698954663701 ], [ 26735.929289321880788, 2490.929289321881242 ], [ 26718.95857864376012, 2507.9 ], [ 26701.0, 2507.9 ], [ 26700.990198285966471, 2507.900481527332886 ], [ 26700.980490967798687, 2507.901921471959668 ], [ 26700.970971532275144, 2507.904305966426818 ], [ 26700.961731656763732, 2507.907612046748909 ], [ 26700.952860326317023, 2507.911807873565067 ], [ 26700.944442976699065, 2507.916853038769659 ], [ 26700.93656067158372, 2507.922698954663701 ], [ 26700.929289321880788, 2507.929289321881242 ], [ 26683.95857864376012, 2524.9 ], [ 26667.0, 2524.9 ], [ 26666.989843022747664, 2524.900517158197545 ], [ 26666.97979110077722, 2524.902063283737789 ], [ 26666.969948202764499, 2524.904622384790855 ], [ 26666.9604161354182, 2524.908167992155086 ], [ 26666.9512934904742, 2524.912663433031867 ], [ 26666.942674624940992, 2524.91806221033994 ], [ 26666.934648685160937, 2524.924308483639834 ], [ 26666.927298684746347, 2524.931337646703469 ], [ 26649.928279375439161, 2542.930299268323324 ], [ 26632.930299268347881, 2559.928279375414149 ], [ 26614.960242136432498, 2576.9 ], [ 26598.0, 2576.9 ], [ 26597.990198285966471, 2576.900481527332886 ], [ 26597.980490967798687, 2576.901921471959668 ], [ 26597.970971532275144, 2576.904305966426818 ], [ 26597.961731656763732, 2576.907612046748909 ], [ 26597.952860326317023, 2576.911807873565067 ], [ 26597.944442976699065, 2576.916853038769659 ], [ 26597.93656067158372, 2576.922698954663701 ], [ 26597.929289321880788, 2576.929289321881242 ], [ 26580.95857864376012, 2593.9 ], [ 26564.0, 2593.9 ], [ 26563.990198285966471, 2593.900481527332886 ], [ 26563.980490967798687, 2593.901921471959668 ], [ 26563.970971532275144, 2593.904305966426818 ], [ 26563.961731656763732, 2593.907612046748909 ], [ 26563.952860326317023, 2593.911807873565067 ], [ 26563.944442976699065, 2593.916853038769659 ], [ 26563.93656067158372, 2593.922698954663701 ], [ 26563.929289321880788, 2593.929289321881242 ], [ 26546.95857864376012, 2610.9 ], [ 26530.0, 2610.9 ], [ 26529.990553674138937, 2610.900447165144669 ], [ 26529.981191829632735, 2610.901784661445163 ], [ 26529.971998192289902, 2610.904000527267726 ], [ 26529.963054983592883, 2610.907074945452223 ], [ 26529.95444218537159, 2610.910980420545911 ], [ 26529.946236824482185, 2610.915682024701709 ], [ 26529.938512283959426, 2610.921137710050516 ], [ 26529.931337646703469, 2610.927298684744983 ], [ 26511.960242136432498, 2627.9 ], [ 26495.0, 2627.9 ], [ 26494.989843022747664, 2627.900517158197545 ], [ 26494.97979110077722, 2627.902063283737789 ], [ 26494.969948202764499, 2627.904622384790855 ], [ 26494.9604161354182, 2627.908167992155086 ], [ 26494.9512934904742, 2627.912663433031867 ], [ 26494.942674624940992, 2627.91806221033994 ], [ 26494.934648685160937, 2627.924308483639834 ], [ 26494.927298684746347, 2627.931337646703469 ], [ 26477.956895351078856, 2645.9 ], [ 26461.0, 2645.9 ], [ 26460.990198285966471, 2645.900481527332886 ], [ 26460.980490967798687, 2645.901921471959668 ], [ 26460.970971532275144, 2645.904305966426818 ], [ 26460.961731656763732, 2645.907612046748909 ], [ 26460.952860326317023, 2645.911807873565067 ], [ 26460.944442976699065, 2645.916853038769659 ], [ 26460.93656067158372, 2645.922698954663701 ], [ 26460.929289321880788, 2645.929289321881242 ], [ 26443.95857864376012, 2662.9 ], [ 26409.0, 2662.9 ], [ 26408.990198285966471, 2662.900481527332886 ], [ 26408.980490967798687, 2662.901921471959668 ], [ 26408.970971532275144, 2662.904305966426818 ], [ 26408.961731656763732, 2662.907612046748909 ], [ 26408.952860326317023, 2662.911807873565067 ], [ 26408.944442976699065, 2662.916853038769659 ], [ 26408.93656067158372, 2662.922698954663701 ], [ 26408.929289321880788, 2662.929289321881242 ], [ 26357.929289321880788, 2713.929289321881242 ], [ 26357.922698954662337, 2713.93656067158372 ], [ 26357.91685303876875, 2713.944442976698156 ], [ 26357.911807873566431, 2713.952860326317477 ], [ 26357.90761204674709, 2713.961731656763732 ], [ 26357.904305966425454, 2713.970971532274689 ], [ 26357.901921471959213, 2713.980490967798687 ], [ 26357.900481527332886, 2713.990198285966926 ], [ 26357.900000000001455, 2714.0 ], [ 26357.900000000001455, 2731.958578643760575 ], [ 26340.929289321880788, 2748.929289321881242 ], [ 26340.922698954662337, 2748.93656067158372 ], [ 26340.91685303876875, 2748.944442976698156 ], [ 26340.911807873566431, 2748.952860326317477 ], [ 26340.90761204674709, 2748.961731656763732 ], [ 26340.904305966425454, 2748.970971532274689 ], [ 26340.901921471959213, 2748.980490967798687 ], [ 26340.900481527332886, 2748.990198285966926 ], [ 26340.900000000001455, 2749.0 ], [ 26340.900481527332886, 2749.009801714033074 ], [ 26340.901921471959213, 2749.019509032201313 ], [ 26340.904305966425454, 2749.029028467725311 ], [ 26340.90761204674709, 2749.038268343236268 ], [ 26340.911807873566431, 2749.047139673682523 ], [ 26340.91685303876875, 2749.055557023301844 ], [ 26340.922698954662337, 2749.06343932841628 ], [ 26340.929289321880788, 2749.070710678118758 ], [ 26357.858578643761575, 2766.0 ], [ 26340.930299268347881, 2782.928279375414149 ], [ 26322.931337646703469, 2799.927298684744983 ], [ 26322.929289321880788, 2799.929289321881242 ], [ 26305.95857864376012, 2816.9 ], [ 26220.0, 2816.9 ], [ 26219.989843022747664, 2816.900517158197545 ], [ 26219.97979110077722, 2816.902063283737789 ], [ 26219.969948202764499, 2816.904622384790855 ], [ 26219.9604161354182, 2816.908167992155086 ], [ 26219.9512934904742, 2816.912663433031867 ], [ 26219.942674624940992, 2816.91806221033994 ], [ 26219.934648685160937, 2816.924308483639834 ], [ 26219.927298684746347, 2816.931337646703469 ], [ 26202.956895351078856, 2834.9 ], [ 26186.0, 2834.9 ], [ 26185.990198285966471, 2834.900481527332886 ], [ 26185.980490967798687, 2834.901921471959668 ], [ 26185.970971532275144, 2834.904305966426818 ], [ 26185.961731656763732, 2834.907612046748909 ], [ 26185.952860326317023, 2834.911807873565067 ], [ 26185.944442976699065, 2834.916853038769659 ], [ 26185.93656067158372, 2834.922698954663701 ], [ 26185.929289321880788, 2834.929289321881242 ], [ 26151.95857864376012, 2868.9 ], [ 26134.0, 2868.9 ], [ 26133.990198285966471, 2868.900481527332886 ], [ 26133.980490967798687, 2868.901921471959668 ], [ 26133.970971532275144, 2868.904305966426818 ], [ 26133.961731656763732, 2868.907612046748909 ], [ 26133.952860326317023, 2868.911807873565067 ], [ 26133.944442976699065, 2868.916853038769659 ], [ 26133.93656067158372, 2868.922698954663701 ], [ 26133.929289321880788, 2868.929289321881242 ], [ 26133.922698954662337, 2868.93656067158372 ], [ 26133.91685303876875, 2868.944442976698156 ], [ 26133.911807873566431, 2868.952860326317477 ], [ 26133.90761204674709, 2868.961731656763277 ], [ 26133.904305966425454, 2868.970971532274689 ], [ 26133.901921471959213, 2868.980490967798232 ], [ 26133.900481527332886, 2868.990198285966926 ], [ 26133.900000000001455, 2869.0 ], [ 26133.900000000001455, 2937.958578643760575 ], [ 26099.929289321880788, 2971.929289321881242 ], [ 26099.922698954662337, 2971.93656067158372 ], [ 26099.91685303876875, 2971.944442976698156 ], [ 26099.911807873566431, 2971.952860326317477 ], [ 26099.90761204674709, 2971.961731656763732 ], [ 26099.904305966425454, 2971.970971532274689 ], [ 26099.901921471959213, 2971.980490967798687 ], [ 26099.900481527332886, 2971.990198285966926 ], [ 26099.900000000001455, 2972.0 ], [ 26099.900000000001455, 2988.958578643760575 ], [ 26083.0, 3005.85857864376203 ], [ 26066.070710678119212, 2988.929289321881242 ], [ 26066.06343932841628, 2988.922698954663701 ], [ 26066.055557023300935, 2988.916853038769659 ], [ 26066.047139673682977, 2988.911807873565067 ], [ 26066.038268343236268, 2988.907612046748909 ], [ 26066.029028467724856, 2988.904305966426818 ], [ 26066.019509032201313, 2988.901921471959668 ], [ 26066.009801714033529, 2988.900481527332886 ], [ 26066.0, 2988.9 ], [ 26048.04142135623988, 2988.9 ], [ 26031.099999999998545, 2971.958578643760575 ], [ 26031.099999999998545, 2955.0 ], [ 26031.099518472667114, 2954.990198285966926 ], [ 26031.098078528040787, 2954.980490967798232 ], [ 26031.095694033574546, 2954.970971532274689 ], [ 26031.09238795325291, 2954.961731656763277 ], [ 26031.088192126433569, 2954.952860326317477 ], [ 26031.08314696123125, 2954.944442976698156 ], [ 26031.077301045337663, 2954.93656067158372 ], [ 26031.070710678119212, 2954.929289321881242 ], [ 26031.06343932841628, 2954.922698954663701 ], [ 26031.055557023300935, 2954.916853038769659 ], [ 26031.047139673682977, 2954.911807873565067 ], [ 26031.038268343236268, 2954.907612046748909 ], [ 26031.029028467724856, 2954.904305966426818 ], [ 26031.019509032201313, 2954.901921471959668 ], [ 26031.009801714033529, 2954.900481527332886 ], [ 26031.0, 2954.9 ], [ 26030.990198285966471, 2954.900481527332886 ], [ 26030.980490967798687, 2954.901921471959668 ], [ 26030.970971532275144, 2954.904305966426818 ], [ 26030.961731656763732, 2954.907612046748909 ], [ 26030.952860326317023, 2954.911807873565067 ], [ 26030.944442976699065, 2954.916853038769659 ], [ 26030.93656067158372, 2954.922698954663701 ], [ 26030.929289321880788, 2954.929289321881242 ], [ 26030.922698954662337, 2954.93656067158372 ], [ 26030.91685303876875, 2954.944442976698156 ], [ 26030.911807873566431, 2954.952860326317477 ], [ 26030.90761204674709, 2954.961731656763277 ], [ 26030.904305966425454, 2954.970971532274689 ], [ 26030.901921471959213, 2954.980490967798232 ], [ 26030.900481527332886, 2954.990198285966926 ], [ 26030.900000000001455, 2955.0 ], [ 26030.900000000001455, 3109.958578643760575 ], [ 26013.95857864376012, 3126.9 ], [ 25567.0, 3126.9 ], [ 25566.990198285966471, 3126.900481527332886 ], [ 25566.980490967798687, 3126.901921471959668 ], [ 25566.970971532275144, 3126.904305966426818 ], [ 25566.961731656763732, 3126.907612046748909 ], [ 25566.952860326317023, 3126.911807873565067 ], [ 25566.944442976699065, 3126.916853038769659 ], [ 25566.93656067158372, 3126.922698954663701 ], [ 25566.929289321880788, 3126.929289321881242 ], [ 25549.95857864376012, 3143.9 ], [ 25533.0, 3143.9 ], [ 25532.990198285966471, 3143.900481527332886 ], [ 25532.980490967798687, 3143.901921471959668 ], [ 25532.970971532275144, 3143.904305966426818 ], [ 25532.961731656763732, 3143.907612046748909 ], [ 25532.952860326317023, 3143.911807873565067 ], [ 25532.944442976699065, 3143.916853038769659 ], [ 25532.93656067158372, 3143.922698954663701 ], [ 25532.929289321880788, 3143.929289321881242 ], [ 25532.922698954662337, 3143.93656067158372 ], [ 25532.91685303876875, 3143.944442976698156 ], [ 25532.911807873566431, 3143.952860326317477 ], [ 25532.90761204674709, 3143.961731656763277 ], [ 25532.904305966425454, 3143.970971532274689 ], [ 25532.901921471959213, 3143.980490967798232 ], [ 25532.900481527332886, 3143.990198285966926 ], [ 25532.900000000001455, 3144.0 ], [ 25532.900000000001455, 3160.958578643760575 ], [ 25515.95857864376012, 3177.9 ], [ 25499.0, 3177.9 ], [ 25498.990553674138937, 3177.900447165144669 ], [ 25498.981191829632735, 3177.901784661445163 ], [ 25498.971998192289902, 3177.904000527267726 ], [ 25498.963054983592883, 3177.907074945452223 ], [ 25498.95444218537159, 3177.910980420545911 ], [ 25498.946236824482185, 3177.915682024701709 ], [ 25498.938512283959426, 3177.921137710050516 ], [ 25498.931337646703469, 3177.927298684744983 ], [ 25480.931337646703469, 3194.927298684744983 ], [ 25480.924308483641653, 3194.934648685160937 ], [ 25480.918062210341304, 3194.942674624940992 ], [ 25480.912663433031412, 3194.95129349047329 ], [ 25480.908167992154631, 3194.960416135418654 ], [ 25480.904622384790855, 3194.969948202765863 ], [ 25480.902063283738244, 3194.979791100778129 ], [ 25480.900517158195726, 3194.989843022748573 ], [ 25480.900000000001455, 3195.0 ], [ 25480.900000000001455, 3212.958578643760575 ], [ 25463.95857864376012, 3229.9 ], [ 25430.0, 3229.9 ], [ 25429.990198285966471, 3229.900481527332886 ], [ 25429.980490967798687, 3229.901921471959668 ], [ 25429.970971532275144, 3229.904305966426818 ], [ 25429.961731656763732, 3229.907612046748909 ], [ 25429.952860326317023, 3229.911807873565067 ], [ 25429.944442976699065, 3229.916853038769659 ], [ 25429.93656067158372, 3229.922698954663701 ], [ 25429.929289321880788, 3229.929289321881242 ], [ 25412.998008550523082, 3246.860570093237584 ], [ 25395.068662353296531, 3229.927298684744983 ], [ 25395.061487716040574, 3229.921137710050516 ], [ 25395.053763175517815, 3229.915682024701709 ], [ 25395.04555781462841, 3229.910980420545911 ], [ 25395.036945016407117, 3229.907074945452223 ], [ 25395.028001807710098, 3229.904000527267726 ], [ 25395.018808170367265, 3229.901784661445163 ], [ 25395.009446325861063, 3229.900447165144669 ], [ 25395.0, 3229.9 ], [ 25378.04142135623988, 3229.9 ], [ 25361.070710678119212, 3212.929289321881242 ], [ 25361.06343932841628, 3212.922698954663701 ], [ 25361.055557023300935, 3212.916853038769659 ], [ 25361.047139673682977, 3212.911807873565067 ], [ 25361.038268343236268, 3212.907612046748909 ], [ 25361.029028467724856, 3212.904305966426818 ], [ 25361.019509032201313, 3212.901921471959668 ], [ 25361.009801714033529, 3212.900481527332886 ], [ 25361.0, 3212.9 ], [ 25344.043104648921144, 3212.9 ], [ 25327.072701315253653, 3194.931337646703469 ], [ 25327.070710678119212, 3194.929289321881242 ], [ 25310.070710678119212, 3177.929289321881242 ], [ 25310.068662353296531, 3177.927298684744983 ], [ 25292.068662353296531, 3160.927298684744983 ], [ 25292.061487716040574, 3160.921137710050516 ], [ 25292.053763175517815, 3160.915682024701709 ], [ 25292.04555781462841, 3160.910980420545911 ], [ 25292.036945016407117, 3160.907074945452223 ], [ 25292.028001807710098, 3160.904000527267726 ], [ 25292.018808170367265, 3160.901784661445163 ], [ 25292.009446325861063, 3160.900447165144669 ], [ 25292.0, 3160.9 ], [ 25275.04142135623988, 3160.9 ], [ 25258.070710678119212, 3143.929289321881242 ], [ 25258.06343932841628, 3143.922698954663701 ], [ 25258.055557023300935, 3143.916853038769659 ], [ 25258.047139673682977, 3143.911807873565067 ], [ 25258.038268343236268, 3143.907612046748909 ], [ 25258.029028467724856, 3143.904305966426818 ], [ 25258.019509032201313, 3143.901921471959668 ], [ 25258.009801714033529, 3143.900481527332886 ], [ 25258.0, 3143.9 ], [ 25224.039757863567502, 3143.9 ], [ 25206.068662353296531, 3126.927298684744983 ], [ 25206.061487716040574, 3126.921137710050516 ], [ 25206.053763175517815, 3126.915682024701709 ], [ 25206.04555781462841, 3126.910980420545911 ], [ 25206.036945016407117, 3126.907074945452223 ], [ 25206.028001807710098, 3126.904000527267726 ], [ 25206.018808170367265, 3126.901784661445163 ], [ 25206.009446325861063, 3126.900447165144669 ], [ 25206.0, 3126.9 ], [ 25189.0, 3126.9 ], [ 25188.990198285966471, 3126.900481527332886 ], [ 25188.980490967798687, 3126.901921471959668 ], [ 25188.970971532275144, 3126.904305966426818 ], [ 25188.961731656763732, 3126.907612046748909 ], [ 25188.952860326317023, 3126.911807873565067 ], [ 25188.944442976699065, 3126.916853038769659 ], [ 25188.93656067158372, 3126.922698954663701 ], [ 25188.929289321880788, 3126.929289321881242 ], [ 25172.0, 3143.85857864376203 ], [ 25155.070710678119212, 3126.929289321881242 ], [ 25155.06343932841628, 3126.922698954663701 ], [ 25155.055557023300935, 3126.916853038770114 ], [ 25155.047139673682977, 3126.911807873565522 ], [ 25155.038268343236268, 3126.907612046748909 ], [ 25155.029028467724856, 3126.904305966426818 ], [ 25155.019509032201313, 3126.901921471959668 ], [ 25155.009801714033529, 3126.900481527332886 ], [ 25155.0, 3126.9 ], [ 25154.990198285966471, 3126.900481527332886 ], [ 25154.980490967798687, 3126.901921471959668 ], [ 25154.970971532275144, 3126.904305966426818 ], [ 25154.961731656763732, 3126.907612046748909 ], [ 25154.952860326317023, 3126.911807873565067 ], [ 25154.944442976699065, 3126.916853038769659 ], [ 25154.93656067158372, 3126.922698954663701 ], [ 25154.929289321880788, 3126.929289321881242 ], [ 25154.922698954662337, 3126.93656067158372 ], [ 25154.91685303876875, 3126.944442976698156 ], [ 25154.911807873566431, 3126.952860326317477 ], [ 25154.90761204674709, 3126.961731656763277 ], [ 25154.904305966425454, 3126.970971532274689 ], [ 25154.901921471959213, 3126.980490967798232 ], [ 25154.900481527332886, 3126.990198285966926 ], [ 25154.900000000001455, 3127.0 ], [ 25154.900000000001455, 3177.958578643760575 ], [ 25137.929289321880788, 3194.929289321881242 ], [ 25137.927298684746347, 3194.931337646703469 ], [ 25120.956895351078856, 3212.9 ], [ 25103.0, 3212.9 ], [ 25102.990198285966471, 3212.900481527332886 ], [ 25102.980490967798687, 3212.901921471959668 ], [ 25102.970971532275144, 3212.904305966426818 ], [ 25102.961731656763732, 3212.907612046748909 ], [ 25102.952860326317023, 3212.911807873565067 ], [ 25102.944442976699065, 3212.916853038769659 ], [ 25102.93656067158372, 3212.922698954663701 ], [ 25102.929289321880788, 3212.929289321881242 ], [ 25051.95857864376012, 3263.9 ], [ 25035.039757863567502, 3263.9 ], [ 25017.068662353296531, 3246.927298684744983 ], [ 25017.061487716040574, 3246.921137710050516 ], [ 25017.053763175517815, 3246.915682024701709 ], [ 25017.04555781462841, 3246.910980420545911 ], [ 25017.036945016407117, 3246.907074945452223 ], [ 25017.028001807710098, 3246.904000527267726 ], [ 25017.018808170367265, 3246.901784661445163 ], [ 25017.009446325861063, 3246.900447165144669 ], [ 25017.0, 3246.9 ], [ 24966.0, 3246.9 ], [ 24965.990198285966471, 3246.900481527332886 ], [ 24965.980490967798687, 3246.901921471959668 ], [ 24965.970971532275144, 3246.904305966426818 ], [ 24965.961731656763732, 3246.907612046748909 ], [ 24965.952860326317023, 3246.911807873565067 ], [ 24965.944442976699065, 3246.916853038769659 ], [ 24965.93656067158372, 3246.922698954663701 ], [ 24965.929289321880788, 3246.929289321881242 ], [ 24948.929289321880788, 3263.929289321881242 ], [ 24948.922698954662337, 3263.93656067158372 ], [ 24948.91685303876875, 3263.944442976698156 ], [ 24948.911807873566431, 3263.952860326317477 ], [ 24948.90761204674709, 3263.961731656763732 ], [ 24948.904305966425454, 3263.970971532274689 ], [ 24948.901921471959213, 3263.980490967798687 ], [ 24948.900481527332886, 3263.990198285967381 ], [ 24948.900000000001455, 3264.0 ], [ 24948.900481527332886, 3264.009801714033074 ], [ 24948.901921471959213, 3264.019509032201768 ], [ 24948.904305966425454, 3264.029028467725766 ], [ 24948.907612046750728, 3264.038268343236723 ], [ 24948.911807873566431, 3264.047139673682523 ], [ 24948.91685303876875, 3264.055557023301844 ], [ 24948.922698954662337, 3264.06343932841628 ], [ 24948.929289321880788, 3264.070710678118758 ], [ 24948.93656067158372, 3264.077301045336299 ], [ 24948.944442976699065, 3264.083146961230341 ], [ 24948.952860326317023, 3264.088192126434933 ], [ 24948.961731656763732, 3264.092387953251091 ], [ 24948.970971532275144, 3264.095694033573182 ], [ 24948.980490967798687, 3264.098078528040332 ], [ 24948.990198285966471, 3264.099518472667114 ], [ 24949.0, 3264.1 ], [ 24966.0, 3264.1 ], [ 24966.009801714033529, 3264.099518472667114 ], [ 24966.019509032201313, 3264.098078528040332 ], [ 24966.029028467724856, 3264.095694033573182 ], [ 24966.038268343236268, 3264.092387953251091 ], [ 24966.047139673682977, 3264.088192126434933 ], [ 24966.055557023300935, 3264.083146961230341 ], [ 24966.06343932841628, 3264.077301045336299 ], [ 24966.070710678119212, 3264.070710678118758 ], [ 24983.0, 3247.14142135623797 ], [ 24999.929289321880788, 3264.070710678118758 ], [ 24999.93656067158372, 3264.077301045336299 ], [ 24999.944442976699065, 3264.083146961230341 ], [ 24999.952860326317023, 3264.088192126434933 ], [ 24999.961731656763732, 3264.092387953251091 ], [ 24999.970971532275144, 3264.095694033573182 ], [ 24999.980490967798687, 3264.098078528040332 ], [ 24999.990198285966471, 3264.099518472667114 ], [ 25000.0, 3264.1 ], [ 25016.960242136432498, 3264.1 ], [ 25034.856529483058694, 3281.002049160702427 ], [ 25016.95857864376012, 3298.9 ], [ 24983.0, 3298.9 ], [ 24982.990198285966471, 3298.900481527332886 ], [ 24982.980490967798687, 3298.901921471959668 ], [ 24982.970971532275144, 3298.904305966426818 ], [ 24982.961731656763732, 3298.907612046748909 ], [ 24982.952860326317023, 3298.911807873565067 ], [ 24982.944442976699065, 3298.916853038769659 ], [ 24982.93656067158372, 3298.922698954663701 ], [ 24982.929289321880788, 3298.929289321881242 ], [ 24965.929289321880788, 3315.929289321881242 ], [ 24965.922698954662337, 3315.93656067158372 ], [ 24965.91685303876875, 3315.944442976698156 ], [ 24965.911807873566431, 3315.952860326317477 ], [ 24965.90761204674709, 3315.961731656763732 ], [ 24965.904305966425454, 3315.970971532274689 ], [ 24965.901921471959213, 3315.980490967798687 ], [ 24965.900481527332886, 3315.990198285966926 ], [ 24965.900000000001455, 3316.0 ], [ 24965.900000000001455, 3332.958578643760575 ], [ 24948.95857864376012, 3349.9 ], [ 24932.0, 3349.9 ], [ 24931.990198285966471, 3349.900481527332886 ], [ 24931.980490967798687, 3349.901921471959668 ], [ 24931.970971532275144, 3349.904305966426818 ], [ 24931.961731656763732, 3349.907612046748909 ], [ 24931.952860326317023, 3349.911807873565067 ], [ 24931.944442976699065, 3349.916853038769659 ], [ 24931.93656067158372, 3349.922698954663701 ], [ 24931.929289321880788, 3349.929289321881242 ], [ 24931.922698954662337, 3349.93656067158372 ], [ 24931.91685303876875, 3349.944442976698156 ], [ 24931.911807873566431, 3349.952860326317477 ], [ 24931.90761204674709, 3349.961731656763277 ], [ 24931.904305966425454, 3349.970971532274689 ], [ 24931.901921471959213, 3349.980490967798232 ], [ 24931.900481527332886, 3349.990198285966926 ], [ 24931.900000000001455, 3350.0 ], [ 24931.900000000001455, 3383.958578643760575 ], [ 24913.95857864376012, 3401.9 ], [ 24897.0, 3401.9 ], [ 24896.990198285966471, 3401.900481527332886 ], [ 24896.980490967798687, 3401.901921471959668 ], [ 24896.970971532275144, 3401.904305966426818 ], [ 24896.961731656763732, 3401.907612046748909 ], [ 24896.952860326317023, 3401.911807873565067 ], [ 24896.944442976699065, 3401.916853038769659 ], [ 24896.93656067158372, 3401.922698954663701 ], [ 24896.929289321880788, 3401.929289321881242 ], [ 24896.922698954662337, 3401.93656067158372 ], [ 24896.91685303876875, 3401.944442976698156 ], [ 24896.911807873566431, 3401.952860326317477 ], [ 24896.90761204674709, 3401.961731656763277 ], [ 24896.904305966425454, 3401.970971532274689 ], [ 24896.901921471959213, 3401.980490967798232 ], [ 24896.900481527332886, 3401.990198285966926 ], [ 24896.900000000001455, 3402.0 ], [ 24896.900000000001455, 3418.958578643760575 ], [ 24827.929289321880788, 3487.929289321881242 ], [ 24827.922698954662337, 3487.93656067158372 ], [ 24827.91685303876875, 3487.944442976698156 ], [ 24827.911807873566431, 3487.952860326317477 ], [ 24827.90761204674709, 3487.961731656763732 ], [ 24827.904305966425454, 3487.970971532274689 ], [ 24827.901921471959213, 3487.980490967798687 ], [ 24827.900481527332886, 3487.990198285966926 ], [ 24827.900000000001455, 3488.0 ], [ 24827.900000000001455, 3521.958578643760575 ], [ 24810.95857864376012, 3538.9 ], [ 24794.0, 3538.9 ], [ 24793.990198285966471, 3538.900481527332886 ], [ 24793.980490967798687, 3538.901921471959668 ], [ 24793.970971532275144, 3538.904305966426818 ], [ 24793.961731656763732, 3538.907612046748909 ], [ 24793.952860326317023, 3538.911807873565067 ], [ 24793.944442976699065, 3538.916853038769659 ], [ 24793.93656067158372, 3538.922698954663701 ], [ 24793.929289321880788, 3538.929289321881242 ], [ 24776.95857864376012, 3555.9 ], [ 24760.0, 3555.9 ], [ 24759.990198285966471, 3555.900481527332886 ], [ 24759.980490967798687, 3555.901921471959668 ], [ 24759.970971532275144, 3555.904305966426818 ], [ 24759.961731656763732, 3555.907612046748909 ], [ 24759.952860326317023, 3555.911807873565067 ], [ 24759.944442976699065, 3555.916853038769659 ], [ 24759.93656067158372, 3555.922698954663701 ], [ 24759.929289321880788, 3555.929289321881242 ], [ 24759.922698954662337, 3555.93656067158372 ], [ 24759.91685303876875, 3555.944442976698156 ], [ 24759.911807873566431, 3555.952860326317477 ], [ 24759.907612046750728, 3555.961731656763277 ], [ 24759.904305966425454, 3555.970971532274234 ], [ 24759.901921471959213, 3555.980490967798232 ], [ 24759.900481527332886, 3555.990198285966926 ], [ 24759.900000000001455, 3556.0 ], [ 24759.900481527332886, 3556.009801714032619 ], [ 24759.901921471959213, 3556.019509032201313 ], [ 24759.904305966425454, 3556.029028467725311 ], [ 24759.90761204674709, 3556.038268343236268 ], [ 24759.911807873566431, 3556.047139673682523 ], [ 24759.91685303876875, 3556.055557023301844 ], [ 24759.922698954662337, 3556.06343932841628 ], [ 24759.929289321880788, 3556.070710678118758 ], [ 24776.860570093238493, 3573.001991449476463 ], [ 24759.928279375439161, 3590.930299268323324 ], [ 24742.95857864376012, 3607.9 ], [ 24725.0, 3607.9 ], [ 24724.990198285966471, 3607.900481527332886 ], [ 24724.980490967798687, 3607.901921471959668 ], [ 24724.970971532275144, 3607.904305966426818 ], [ 24724.961731656763732, 3607.907612046748909 ], [ 24724.952860326317023, 3607.911807873565067 ], [ 24724.944442976699065, 3607.916853038769659 ], [ 24724.93656067158372, 3607.922698954663701 ], [ 24724.929289321880788, 3607.929289321881242 ], [ 24707.95857864376012, 3624.9 ], [ 24691.0, 3624.9 ], [ 24690.990198285966471, 3624.900481527332886 ], [ 24690.980490967798687, 3624.901921471959668 ], [ 24690.970971532275144, 3624.904305966426818 ], [ 24690.961731656763732, 3624.907612046748909 ], [ 24690.952860326317023, 3624.911807873565067 ], [ 24690.944442976699065, 3624.916853038769659 ], [ 24690.93656067158372, 3624.922698954663701 ], [ 24690.929289321880788, 3624.929289321881242 ], [ 24656.998008550523082, 3658.860570093237584 ], [ 24639.069700731652119, 3641.928279375414149 ], [ 24622.141421356238425, 3625.0 ], [ 24639.069700731652119, 3608.071720624585851 ], [ 24657.068662353296531, 3591.072701315255017 ], [ 24657.072701315253653, 3591.068662353296531 ], [ 24674.072701315253653, 3573.068662353296531 ], [ 24674.079008425906068, 3573.061299825739752 ], [ 24674.084572964358813, 3573.053361162840247 ], [ 24674.089342631483305, 3573.044920977278252 ], [ 24674.093272598871408, 3573.03605859536674 ], [ 24674.09632593014976, 3573.026857311493586 ], [ 24674.098473928141175, 3573.017403605266281 ], [ 24674.099696404573479, 3573.007786328718794 ], [ 24674.099981869825569, 3572.998095871227179 ], [ 24674.099327640906267, 3572.988423309966947 ], [ 24674.097739866683696, 3572.97885955391439 ], [ 24674.095233470085077, 3572.969494489424051 ], [ 24674.091832007845369, 3572.960416135419109 ], [ 24674.087567449099879, 3572.951709816132279 ], [ 24674.082479874930868, 3572.943457359173408 ], [ 24674.076617101636657, 3572.93573632646121 ], [ 24674.070034231353929, 3572.928619285246896 ], [ 24674.062793134144158, 3572.922173126079088 ], [ 24674.05496186651726, 3572.916458434123797 ], [ 24674.046614031780337, 3572.911528919745706 ], [ 24674.037828088272363, 3572.907430913704047 ], [ 24674.028686611967714, 3572.90420293170564 ], [ 24674.019275520360679, 3572.901875312409175 ], [ 24674.009683264968771, 3572.900469932284068 ], [ 24674.0, 3572.9 ], [ 24657.0, 3572.9 ], [ 24656.990198285966471, 3572.900481527332886 ], [ 24656.980490967798687, 3572.901921471959668 ], [ 24656.970971532275144, 3572.904305966426818 ], [ 24656.961731656763732, 3572.907612046748909 ], [ 24656.952860326317023, 3572.911807873565067 ], [ 24656.944442976699065, 3572.916853038769659 ], [ 24656.93656067158372, 3572.922698954663701 ], [ 24656.929289321880788, 3572.929289321881242 ], [ 24638.95857864376012, 3590.9 ], [ 24571.0, 3590.9 ], [ 24570.990198285966471, 3590.900481527332886 ], [ 24570.980490967798687, 3590.901921471959668 ], [ 24570.970971532275144, 3590.904305966426818 ], [ 24570.961731656763732, 3590.907612046748909 ], [ 24570.952860326317023, 3590.911807873565067 ], [ 24570.944442976699065, 3590.916853038769659 ], [ 24570.93656067158372, 3590.922698954663701 ], [ 24570.929289321880788, 3590.929289321881242 ], [ 24570.922698954662337, 3590.93656067158372 ], [ 24570.91685303876875, 3590.944442976698156 ], [ 24570.911807873566431, 3590.952860326317477 ], [ 24570.90761204674709, 3590.961731656763277 ], [ 24570.904305966425454, 3590.970971532274689 ], [ 24570.901921471959213, 3590.980490967798232 ], [ 24570.900481527332886, 3590.990198285966926 ], [ 24570.900000000001455, 3591.0 ], [ 24570.900000000001455, 3607.958578643760575 ], [ 24553.998008550523082, 3624.860570093237584 ], [ 24536.068662353296531, 3607.927298684744983 ], [ 24536.061487716040574, 3607.921137710050516 ], [ 24536.053763175517815, 3607.915682024701709 ], [ 24536.04555781462841, 3607.910980420545911 ], [ 24536.036945016407117, 3607.907074945452223 ], [ 24536.028001807710098, 3607.904000527267726 ], [ 24536.018808170367265, 3607.901784661445163 ], [ 24536.009446325861063, 3607.900447165144669 ], [ 24536.0, 3607.9 ], [ 24519.0, 3607.9 ], [ 24518.990198285966471, 3607.900481527332886 ], [ 24518.980490967798687, 3607.901921471959668 ], [ 24518.970971532275144, 3607.904305966426818 ], [ 24518.961731656763732, 3607.907612046748909 ], [ 24518.952860326317023, 3607.911807873565067 ], [ 24518.944442976699065, 3607.916853038769659 ], [ 24518.93656067158372, 3607.922698954663701 ], [ 24518.929289321880788, 3607.929289321881242 ], [ 24518.922698954662337, 3607.93656067158372 ], [ 24518.91685303876875, 3607.944442976698156 ], [ 24518.911807873566431, 3607.952860326317477 ], [ 24518.90761204674709, 3607.961731656763277 ], [ 24518.904305966425454, 3607.970971532274689 ], [ 24518.901921471959213, 3607.980490967798232 ], [ 24518.900481527332886, 3607.990198285966926 ], [ 24518.900000000001455, 3608.0 ], [ 24518.900000000001455, 3625.0 ], [ 24518.900481527332886, 3625.009801714033074 ], [ 24518.901921471959213, 3625.019509032201313 ], [ 24518.904305966425454, 3625.029028467725311 ], [ 24518.90761204674709, 3625.038268343236268 ], [ 24518.911807873566431, 3625.047139673682523 ], [ 24518.91685303876875, 3625.055557023301844 ], [ 24518.922698954662337, 3625.06343932841628 ], [ 24518.929289321880788, 3625.070710678118758 ], [ 24535.900000000001455, 3642.041421356239425 ], [ 24535.900000000001455, 3658.960242136433408 ], [ 24519.0, 3676.854359783493692 ], [ 24502.072701315253653, 3658.931337646703469 ], [ 24502.065351314839063, 3658.924308483639834 ], [ 24502.057325375059008, 3658.91806221033994 ], [ 24502.0487065095258, 3658.912663433031867 ], [ 24502.0395838645818, 3658.908167992155086 ], [ 24502.030051797235501, 3658.904622384790855 ], [ 24502.02020889922278, 3658.902063283737789 ], [ 24502.010156977252336, 3658.900517158197545 ], [ 24502.0, 3658.9 ], [ 24485.04142135623988, 3658.9 ], [ 24468.070710678119212, 3641.929289321881242 ], [ 24468.06343932841628, 3641.922698954664156 ], [ 24468.055557023300935, 3641.916853038770114 ], [ 24468.047139673682977, 3641.911807873565522 ], [ 24468.038268343236268, 3641.907612046748909 ], [ 24468.029028467724856, 3641.904305966426818 ], [ 24468.019509032201313, 3641.901921471959668 ], [ 24468.009801714033529, 3641.900481527332886 ], [ 24468.0, 3641.9 ], [ 24467.990198285966471, 3641.900481527332886 ], [ 24467.980490967798687, 3641.901921471959668 ], [ 24467.970971532275144, 3641.904305966426818 ], [ 24467.961731656763732, 3641.907612046748909 ], [ 24467.952860326317023, 3641.911807873565067 ], [ 24467.944442976699065, 3641.916853038769659 ], [ 24467.93656067158372, 3641.922698954663701 ], [ 24467.929289321880788, 3641.929289321881242 ], [ 24467.922698954662337, 3641.936560671583266 ], [ 24467.91685303876875, 3641.944442976697701 ], [ 24467.911807873566431, 3641.952860326317023 ], [ 24467.907612046750728, 3641.961731656763277 ], [ 24467.904305966425454, 3641.970971532274234 ], [ 24467.901921471959213, 3641.980490967798232 ], [ 24467.900481527332886, 3641.990198285966926 ], [ 24467.900000000001455, 3641.999999999999545 ], [ 24467.900481527332886, 3642.009801714032619 ], [ 24467.901921471959213, 3642.019509032201313 ], [ 24467.904305966425454, 3642.029028467725311 ], [ 24467.90761204674709, 3642.038268343236268 ], [ 24467.911807873566431, 3642.047139673682523 ], [ 24467.91685303876875, 3642.055557023301844 ], [ 24467.922698954662337, 3642.06343932841628 ], [ 24467.929289321880788, 3642.070710678118758 ], [ 24484.860570093238493, 3659.001991449476463 ], [ 24467.927298684746347, 3676.931337646703469 ], [ 24467.920991574093932, 3676.938700174260248 ], [ 24467.915427035641187, 3676.946638837159753 ], [ 24467.910657368516695, 3676.955079022721748 ], [ 24467.906727401128592, 3676.96394140463326 ], [ 24467.90367406985024, 3676.973142688506414 ], [ 24467.901526071858825, 3676.982596394733719 ], [ 24467.900303595426521, 3676.992213671281206 ], [ 24467.900018130174431, 3677.001904128772821 ], [ 24467.900672359093733, 3677.011576690033053 ], [ 24467.902260133316304, 3677.02114044608561 ], [ 24467.904766529914923, 3677.030505510575949 ], [ 24467.908167992154631, 3677.039583864580891 ], [ 24467.912432550900121, 3677.048290183867721 ], [ 24467.917520125069132, 3677.056542640826592 ], [ 24467.923382898363343, 3677.06426367353879 ], [ 24467.929965768646071, 3677.071380714753104 ], [ 24467.937206865855842, 3677.077826873920912 ], [ 24467.94503813348274, 3677.083541565876203 ], [ 24467.953385968219663, 3677.088471080254294 ], [ 24467.962171911727637, 3677.092569086295953 ], [ 24467.971313388032286, 3677.09579706829436 ], [ 24467.980724479639321, 3677.098124687590825 ], [ 24467.990316735031229, 3677.099530067715932 ], [ 24468.0, 3677.1 ], [ 24518.95857864376012, 3677.1 ], [ 24535.900000000001455, 3694.041421356239425 ], [ 24535.900000000001455, 3710.958578643760575 ], [ 24518.95857864376012, 3727.9 ], [ 24502.0, 3727.9 ], [ 24501.990198285966471, 3727.900481527332886 ], [ 24501.980490967798687, 3727.901921471959668 ], [ 24501.970971532275144, 3727.904305966426818 ], [ 24501.961731656763732, 3727.907612046748909 ], [ 24501.952860326317023, 3727.911807873565067 ], [ 24501.944442976699065, 3727.916853038769659 ], [ 24501.93656067158372, 3727.922698954663701 ], [ 24501.929289321880788, 3727.929289321881242 ], [ 24501.922698954662337, 3727.93656067158372 ], [ 24501.91685303876875, 3727.944442976698156 ], [ 24501.911807873566431, 3727.952860326317477 ], [ 24501.90761204674709, 3727.961731656763277 ], [ 24501.904305966425454, 3727.970971532274689 ], [ 24501.901921471959213, 3727.980490967798232 ], [ 24501.900481527332886, 3727.990198285966926 ], [ 24501.900000000001455, 3728.0 ], [ 24501.900000000001455, 3779.958578643760575 ], [ 24467.95857864376012, 3813.9 ], [ 24450.0, 3813.9 ], [ 24449.990198285966471, 3813.900481527332886 ], [ 24449.980490967798687, 3813.901921471959668 ], [ 24449.970971532275144, 3813.904305966426818 ], [ 24449.961731656763732, 3813.907612046748909 ], [ 24449.952860326317023, 3813.911807873565067 ], [ 24449.944442976699065, 3813.916853038769659 ], [ 24449.93656067158372, 3813.922698954663701 ], [ 24449.929289321880788, 3813.929289321881242 ], [ 24432.95857864376012, 3830.9 ], [ 24399.0, 3830.9 ], [ 24398.990198285966471, 3830.900481527332886 ], [ 24398.980490967798687, 3830.901921471959668 ], [ 24398.970971532275144, 3830.904305966426818 ], [ 24398.961731656763732, 3830.907612046748909 ], [ 24398.952860326317023, 3830.911807873565067 ], [ 24398.944442976699065, 3830.916853038769659 ], [ 24398.93656067158372, 3830.922698954663701 ], [ 24398.929289321880788, 3830.929289321881242 ], [ 24382.0, 3847.85857864376203 ], [ 24365.070710678119212, 3830.929289321881242 ], [ 24365.068662353296531, 3830.927298684744983 ], [ 24347.099999999998545, 3813.956895351074763 ], [ 24347.099999999998545, 3763.0 ], [ 24347.099518472667114, 3762.990198285966926 ], [ 24347.098078528040787, 3762.980490967798232 ], [ 24347.095694033574546, 3762.970971532274689 ], [ 24347.09238795325291, 3762.961731656763277 ], [ 24347.088192126433569, 3762.952860326317477 ], [ 24347.08314696123125, 3762.944442976698156 ], [ 24347.077301045337663, 3762.93656067158372 ], [ 24347.070710678119212, 3762.929289321881242 ], [ 24347.06343932841628, 3762.922698954663701 ], [ 24347.055557023300935, 3762.916853038769659 ], [ 24347.047139673682977, 3762.911807873565067 ], [ 24347.038268343236268, 3762.907612046748909 ], [ 24347.029028467724856, 3762.904305966426818 ], [ 24347.019509032201313, 3762.901921471959668 ], [ 24347.009801714033529, 3762.900481527332886 ], [ 24347.0, 3762.9 ], [ 24330.043104648921144, 3762.9 ], [ 24313.099999999998545, 3744.960242136433408 ], [ 24313.099999999998545, 3728.041421356239425 ], [ 24347.04142135623988, 3694.1 ], [ 24365.0, 3694.1 ], [ 24365.009920149212121, 3694.099506736654348 ], [ 24365.019742433505598, 3694.09803181279176 ], [ 24365.029369953423156, 3694.095589778929934 ], [ 24365.038707730909664, 3694.092204726384807 ], [ 24365.047663646302681, 3694.087910049603124 ], [ 24365.056149347099563, 3694.082748116717539 ], [ 24365.064081119598995, 3694.076769851574227 ], [ 24365.071380714754923, 3694.070034231353929 ], [ 24365.077976120101084, 3694.062607704748189 ], [ 24365.083802270211891, 3694.054563536424212 ], [ 24365.088801688561944, 3694.045981084249888 ], [ 24365.092925054548687, 3694.036945016406207 ], [ 24365.096131690068432, 3694.027544476114599 ], [ 24365.098389960810891, 3694.017872202214221 ], [ 24365.099677588324994, 3694.008023614268495 ], [ 24365.099981869825569, 3693.998095871226269 ], [ 24365.099299803492613, 3693.988186912923084 ], [ 24365.097638118095347, 3693.978394493876749 ], [ 24365.095013206602744, 3693.968815218915097 ], [ 24365.091450964464457, 3693.959543590142403 ], [ 24365.086986534151947, 3693.950671074651382 ], [ 24365.081663958466379, 3693.942285202175754 ], [ 24365.075535746029345, 3693.934468701585502 ], [ 24365.068662353296531, 3693.927298684744983 ], [ 24347.070739533719461, 3676.929260466255528 ], [ 24330.139429906761507, 3659.001991449476463 ], [ 24347.070710678119212, 3642.070710678118758 ], [ 24347.077301045337663, 3642.06343932841628 ], [ 24347.08314696123125, 3642.055557023301844 ], [ 24347.088192126433569, 3642.047139673682523 ], [ 24347.09238795325291, 3642.038268343236268 ], [ 24347.095694033574546, 3642.029028467725311 ], [ 24347.098078528040787, 3642.019509032201313 ], [ 24347.099518472667114, 3642.009801714033074 ], [ 24347.099999999998545, 3642.0 ], [ 24347.099999999998545, 3625.043104648925237 ], [ 24364.998008550523082, 3608.139429906762416 ], [ 24398.858578643761575, 3642.0 ], [ 24381.929289321880788, 3658.929289321881242 ], [ 24381.922698954662337, 3658.93656067158372 ], [ 24381.91685303876875, 3658.944442976698156 ], [ 24381.911807873566431, 3658.952860326317477 ], [ 24381.90761204674709, 3658.961731656763732 ], [ 24381.904305966425454, 3658.970971532274689 ], [ 24381.901921471959213, 3658.980490967798687 ], [ 24381.900481527332886, 3658.990198285967381 ], [ 24381.900000000001455, 3659.000000000000455 ], [ 24381.900481527332886, 3659.009801714033074 ], [ 24381.901921471959213, 3659.019509032201768 ], [ 24381.904305966425454, 3659.029028467725766 ], [ 24381.907612046750728, 3659.038268343236723 ], [ 24381.911807873566431, 3659.047139673682977 ], [ 24381.91685303876875, 3659.055557023302299 ], [ 24381.922698954662337, 3659.063439328416734 ], [ 24381.929289321880788, 3659.070710678118758 ], [ 24381.93656067158372, 3659.077301045336299 ], [ 24381.944442976699065, 3659.083146961230341 ], [ 24381.952860326317023, 3659.088192126434933 ], [ 24381.961731656763732, 3659.092387953251091 ], [ 24381.970971532275144, 3659.095694033573182 ], [ 24381.980490967798687, 3659.098078528040332 ], [ 24381.990198285966471, 3659.099518472667114 ], [ 24382.0, 3659.1 ], [ 24382.009801714033529, 3659.099518472667114 ], [ 24382.019509032201313, 3659.098078528040332 ], [ 24382.029028467724856, 3659.095694033573182 ], [ 24382.038268343236268, 3659.092387953251091 ], [ 24382.047139673682977, 3659.088192126434478 ], [ 24382.055557023300935, 3659.083146961229886 ], [ 24382.06343932841628, 3659.077301045335844 ], [ 24382.070710678119212, 3659.070710678118758 ], [ 24399.070710678119212, 3642.070710678118758 ], [ 24399.077301045337663, 3642.06343932841628 ], [ 24399.08314696123125, 3642.055557023301844 ], [ 24399.088192126433569, 3642.047139673682523 ], [ 24399.09238795325291, 3642.038268343236268 ], [ 24399.095694033574546, 3642.029028467725311 ], [ 24399.098078528040787, 3642.019509032201313 ], [ 24399.099518472667114, 3642.009801714033074 ], [ 24399.099999999998545, 3642.0 ], [ 24399.099518472667114, 3641.990198285966926 ], [ 24399.098078528040787, 3641.980490967798687 ], [ 24399.095694033574546, 3641.970971532274689 ], [ 24399.09238795325291, 3641.961731656763732 ], [ 24399.088192126433569, 3641.952860326317477 ], [ 24399.08314696123125, 3641.944442976698156 ], [ 24399.077301045337663, 3641.93656067158372 ], [ 24399.070710678119212, 3641.929289321881242 ], [ 24382.141421356238425, 3625.0 ], [ 24416.070710678119212, 3591.070710678118758 ], [ 24416.077301045337663, 3591.06343932841628 ], [ 24416.08314696123125, 3591.055557023301844 ], [ 24416.088192126433569, 3591.047139673682523 ], [ 24416.09238795325291, 3591.038268343236268 ], [ 24416.095694033574546, 3591.029028467725311 ], [ 24416.098078528040787, 3591.019509032201313 ], [ 24416.099518472667114, 3591.009801714033074 ], [ 24416.099999999998545, 3591.0 ], [ 24416.099999999998545, 3573.041421356239425 ], [ 24433.04142135623988, 3556.1 ], [ 24450.0, 3556.1 ], [ 24450.009801714033529, 3556.099518472667114 ], [ 24450.019509032201313, 3556.098078528040332 ], [ 24450.029028467724856, 3556.095694033573182 ], [ 24450.038268343236268, 3556.092387953251091 ], [ 24450.047139673682977, 3556.088192126434933 ], [ 24450.055557023300935, 3556.083146961230341 ], [ 24450.06343932841628, 3556.077301045336299 ], [ 24450.070710678119212, 3556.070710678118758 ], [ 24450.077301045337663, 3556.06343932841628 ], [ 24450.08314696123125, 3556.055557023301844 ], [ 24450.088192126433569, 3556.047139673682523 ], [ 24450.09238795325291, 3556.038268343236723 ], [ 24450.095694033574546, 3556.029028467725311 ], [ 24450.098078528040787, 3556.019509032201768 ], [ 24450.099518472667114, 3556.009801714033074 ], [ 24450.099999999998545, 3556.0 ], [ 24450.099999999998545, 3522.043104648925237 ], [ 24467.998008550523082, 3505.139429906762416 ], [ 24484.900000000001455, 3522.041421356239425 ], [ 24484.900000000001455, 3539.0 ], [ 24484.900481527332886, 3539.009801714033074 ], [ 24484.901921471959213, 3539.019509032201768 ], [ 24484.904305966425454, 3539.029028467725311 ], [ 24484.90761204674709, 3539.038268343236723 ], [ 24484.911807873566431, 3539.047139673682523 ], [ 24484.91685303876875, 3539.055557023301844 ], [ 24484.922698954662337, 3539.06343932841628 ], [ 24484.929289321880788, 3539.070710678118758 ], [ 24484.93656067158372, 3539.077301045336299 ], [ 24484.944442976699065, 3539.083146961230341 ], [ 24484.952860326317023, 3539.088192126434933 ], [ 24484.961731656763732, 3539.092387953251091 ], [ 24484.970971532275144, 3539.095694033573182 ], [ 24484.980490967798687, 3539.098078528040332 ], [ 24484.990198285966471, 3539.099518472667114 ], [ 24485.0, 3539.1 ], [ 24485.009801714033529, 3539.099518472667114 ], [ 24485.019509032201313, 3539.098078528040332 ], [ 24485.029028467724856, 3539.095694033573182 ], [ 24485.038268343236268, 3539.092387953251091 ], [ 24485.047139673682977, 3539.088192126434933 ], [ 24485.055557023300935, 3539.083146961230341 ], [ 24485.06343932841628, 3539.077301045336299 ], [ 24485.070710678119212, 3539.070710678118758 ], [ 24485.077301045337663, 3539.06343932841628 ], [ 24485.08314696123125, 3539.055557023301844 ], [ 24485.088192126433569, 3539.047139673682523 ], [ 24485.09238795325291, 3539.038268343236723 ], [ 24485.095694033574546, 3539.029028467725311 ], [ 24485.098078528040787, 3539.019509032201768 ], [ 24485.099518472667114, 3539.009801714033074 ], [ 24485.099999999998545, 3539.0 ], [ 24485.099999999998545, 3522.041421356239425 ], [ 24502.070710678119212, 3505.070710678118758 ], [ 24502.077301045337663, 3505.06343932841628 ], [ 24502.08314696123125, 3505.055557023301844 ], [ 24502.088192126433569, 3505.047139673682523 ], [ 24502.09238795325291, 3505.038268343236268 ], [ 24502.095694033574546, 3505.029028467725311 ], [ 24502.098078528040787, 3505.019509032201313 ], [ 24502.099518472667114, 3505.009801714032619 ], [ 24502.099999999998545, 3505.0 ], [ 24502.099518472667114, 3504.990198285966926 ], [ 24502.098078528040787, 3504.980490967798232 ], [ 24502.095694033574546, 3504.970971532274234 ], [ 24502.092387953249272, 3504.961731656763277 ], [ 24502.088192126433569, 3504.952860326317477 ], [ 24502.08314696123125, 3504.944442976698156 ], [ 24502.077301045337663, 3504.93656067158372 ], [ 24502.070710678119212, 3504.929289321881242 ], [ 24502.06343932841628, 3504.922698954663701 ], [ 24502.055557023300935, 3504.916853038769659 ], [ 24502.047139673682977, 3504.911807873565067 ], [ 24502.038268343236268, 3504.907612046748909 ], [ 24502.029028467724856, 3504.904305966426818 ], [ 24502.019509032201313, 3504.901921471959668 ], [ 24502.009801714033529, 3504.900481527332886 ], [ 24502.0, 3504.9 ], [ 24468.039757863567502, 3504.9 ], [ 24450.143470516941306, 3487.997950839297573 ], [ 24468.04142135623988, 3470.1 ], [ 24519.0, 3470.1 ], [ 24519.009801714033529, 3470.099518472667114 ], [ 24519.019509032201313, 3470.098078528040332 ], [ 24519.029028467724856, 3470.095694033573182 ], [ 24519.038268343236268, 3470.092387953251091 ], [ 24519.047139673682977, 3470.088192126434933 ], [ 24519.055557023300935, 3470.083146961230341 ], [ 24519.06343932841628, 3470.077301045336299 ], [ 24519.070710678119212, 3470.070710678118758 ], [ 24536.069700731652119, 3453.071720624585851 ], [ 24553.998008550523082, 3436.139429906762416 ], [ 24570.900000000001455, 3453.041421356239425 ], [ 24570.900000000001455, 3505.0 ], [ 24570.900481527332886, 3505.009801714033074 ], [ 24570.901921471959213, 3505.019509032201313 ], [ 24570.904305966425454, 3505.029028467725311 ], [ 24570.90761204674709, 3505.038268343236268 ], [ 24570.911807873566431, 3505.047139673682523 ], [ 24570.91685303876875, 3505.055557023301844 ], [ 24570.922698954662337, 3505.06343932841628 ], [ 24570.929289321880788, 3505.070710678118758 ], [ 24587.900000000001455, 3522.041421356239425 ], [ 24587.900000000001455, 3539.0 ], [ 24587.900481527332886, 3539.009801714033074 ], [ 24587.901921471959213, 3539.019509032201313 ], [ 24587.904305966425454, 3539.029028467725311 ], [ 24587.90761204674709, 3539.038268343236268 ], [ 24587.911807873566431, 3539.047139673682523 ], [ 24587.91685303876875, 3539.055557023301844 ], [ 24587.922698954662337, 3539.06343932841628 ], [ 24587.929289321880788, 3539.070710678118758 ], [ 24604.929289321880788, 3556.070710678118758 ], [ 24604.93656067158372, 3556.077301045336299 ], [ 24604.944442976699065, 3556.083146961230341 ], [ 24604.952860326317023, 3556.088192126434933 ], [ 24604.961731656763732, 3556.092387953251091 ], [ 24604.970971532275144, 3556.095694033573182 ], [ 24604.980490967798687, 3556.098078528040332 ], [ 24604.990198285966471, 3556.099518472667114 ], [ 24605.0, 3556.1 ], [ 24622.0, 3556.1 ], [ 24622.009801714033529, 3556.099518472667114 ], [ 24622.019509032201313, 3556.098078528040332 ], [ 24622.029028467724856, 3556.095694033573182 ], [ 24622.038268343236268, 3556.092387953251091 ], [ 24622.047139673682977, 3556.088192126434933 ], [ 24622.055557023300935, 3556.083146961230341 ], [ 24622.06343932841628, 3556.077301045336299 ], [ 24622.070710678119212, 3556.070710678118758 ], [ 24622.077301045337663, 3556.06343932841628 ], [ 24622.08314696123125, 3556.055557023301844 ], [ 24622.088192126433569, 3556.047139673682523 ], [ 24622.09238795325291, 3556.038268343236723 ], [ 24622.095694033574546, 3556.029028467725311 ], [ 24622.098078528040787, 3556.019509032201768 ], [ 24622.099518472667114, 3556.009801714033074 ], [ 24622.099999999998545, 3556.0 ], [ 24622.099999999998545, 3522.041421356239425 ], [ 24639.001991449476918, 3505.139429906762416 ], [ 24656.931337646703469, 3522.072701315255017 ], [ 24656.938653169083409, 3522.078971933852699 ], [ 24656.946538220257935, 3522.084509396559952 ], [ 24656.954919597366825, 3522.089262294943182 ], [ 24656.96371948977685, 3522.093186504269852 ], [ 24656.972856201467948, 3522.096245593152162 ], [ 24656.982244909464498, 3522.098411161765853 ], [ 24656.991798451330396, 3522.099663105507716 ], [ 24657.001428134342859, 3522.099989801641641 ], [ 24657.011044558908907, 3522.099388217201522 ], [ 24657.020558448522934, 3522.097863937149214 ], [ 24657.029881478589232, 3522.095431112522874 ], [ 24657.038927096404223, 3522.092112329064094 ], [ 24657.04761132468775, 3522.087938397537982 ], [ 24657.055853541216493, 3522.082948067691177 ], [ 24657.063577227290807, 3522.077187668511215 ], [ 24657.070710678119212, 3522.070710678118758 ], [ 24691.070710678119212, 3488.070710678118758 ], [ 24691.072701315253653, 3488.068662353296531 ], [ 24708.072701315253653, 3470.068662353296531 ], [ 24708.078862289949029, 3470.061487716041484 ], [ 24708.0843179752992, 3470.053763175517361 ], [ 24708.089019579452724, 3470.045557814629774 ], [ 24708.092925054548687, 3470.036945016406662 ], [ 24708.095999472730909, 3470.028001807711462 ], [ 24708.098215338555747, 3470.018808170368629 ], [ 24708.099552834853966, 3470.009446325861063 ], [ 24708.099999999998545, 3470.0 ], [ 24708.099999999998545, 3436.041421356239425 ], [ 24725.070710678119212, 3419.070710678118758 ], [ 24725.077301045337663, 3419.06343932841628 ], [ 24725.08314696123125, 3419.055557023301844 ], [ 24725.088192126433569, 3419.047139673682523 ], [ 24725.09238795325291, 3419.038268343236268 ], [ 24725.095694033574546, 3419.029028467725311 ], [ 24725.098078528040787, 3419.019509032201313 ], [ 24725.099518472667114, 3419.009801714033074 ], [ 24725.099999999998545, 3419.0 ], [ 24725.099999999998545, 3367.043104648925237 ], [ 24743.068662353296531, 3350.072701315255017 ], [ 24743.075457700317202, 3350.065621151032246 ], [ 24743.081526348436455, 3350.057909019253202 ], [ 24743.086809853251907, 3350.049639191961887 ], [ 24743.091257331725501, 3350.040891312116855 ], [ 24743.094825952204701, 3350.031749626582496 ], [ 24743.097481346932909, 3350.022302174788365 ], [ 24743.099197943000036, 3350.012639940859117 ], [ 24743.099959208644577, 3350.002855977389572 ], [ 24743.099757812469761, 3349.993044509296851 ], [ 24743.098595694031246, 3349.98330002638204 ], [ 24743.096484045156103, 3349.973716373341631 ], [ 24743.093443202185881, 3349.964385845994457 ], [ 24743.089502450093278, 3349.955398302418871 ], [ 24743.084699740484211, 3349.94684029757309 ], [ 24743.079081326068263, 3349.938794249721468 ], [ 24743.072701315253653, 3349.931337646703469 ], [ 24743.065621151032246, 3349.924542299682344 ], [ 24743.057909019251383, 3349.918473651564909 ], [ 24743.049639191962342, 3349.913190146749457 ], [ 24743.04089131211731, 3349.908742668276318 ], [ 24743.031749626581586, 3349.90517404779348 ], [ 24743.02230217478791, 3349.902518653068 ], [ 24743.012639940858207, 3349.900802057001783 ], [ 24743.002855977389117, 3349.900040791354058 ], [ 24742.993044509297761, 3349.90024218752842 ], [ 24742.983300026382494, 3349.901404305970573 ], [ 24742.973716373340721, 3349.903515954843897 ], [ 24742.964385845993093, 3349.906556797815483 ], [ 24742.955398302419781, 3349.910497549905813 ], [ 24742.946840297572635, 3349.915300259517153 ], [ 24742.938794249723287, 3349.920918673930828 ], [ 24742.931337646703469, 3349.927298684744983 ], [ 24724.960242136432498, 3366.9 ], [ 24708.0, 3366.9 ], [ 24707.990198285966471, 3366.900481527332886 ], [ 24707.980490967798687, 3366.901921471959668 ], [ 24707.970971532275144, 3366.904305966426818 ], [ 24707.961731656763732, 3366.907612046748909 ], [ 24707.952860326317023, 3366.911807873565067 ], [ 24707.944442976699065, 3366.916853038769659 ], [ 24707.93656067158372, 3366.922698954663701 ], [ 24707.929289321880788, 3366.929289321881242 ], [ 24707.922698954662337, 3366.93656067158372 ], [ 24707.91685303876875, 3366.944442976698156 ], [ 24707.911807873566431, 3366.952860326317477 ], [ 24707.90761204674709, 3366.961731656763277 ], [ 24707.904305966425454, 3366.970971532274689 ], [ 24707.901921471959213, 3366.980490967798232 ], [ 24707.900481527332886, 3366.990198285966926 ], [ 24707.900000000001455, 3367.0 ], [ 24707.900000000001455, 3469.960242136433408 ], [ 24690.928279375439161, 3487.930299268323324 ], [ 24656.998008550523082, 3521.860570093237584 ], [ 24639.099999999998545, 3504.956895351074763 ], [ 24639.099999999998545, 3453.043104648925237 ], [ 24657.068662353296531, 3436.072701315255017 ], [ 24657.070710678119212, 3436.070710678118758 ], [ 24674.070710678119212, 3419.070710678118758 ], [ 24674.077301045337663, 3419.06343932841628 ], [ 24674.08314696123125, 3419.055557023301844 ], [ 24674.088192126433569, 3419.047139673682523 ], [ 24674.09238795325291, 3419.038268343236268 ], [ 24674.095694033574546, 3419.029028467725311 ], [ 24674.098078528040787, 3419.019509032201313 ], [ 24674.099518472667114, 3419.009801714033074 ], [ 24674.099999999998545, 3419.0 ], [ 24674.099999999998545, 3350.041421356239425 ], [ 24725.070710678119212, 3299.070710678118758 ], [ 24725.077301045337663, 3299.06343932841628 ], [ 24725.08314696123125, 3299.055557023301844 ], [ 24725.088192126433569, 3299.047139673682523 ], [ 24725.09238795325291, 3299.038268343236268 ], [ 24725.095694033574546, 3299.029028467725311 ], [ 24725.098078528040787, 3299.019509032201313 ], [ 24725.099518472667114, 3299.009801714033074 ], [ 24725.099999999998545, 3299.0 ], [ 24725.099999999998545, 3281.043104648925237 ], [ 24742.998008550523082, 3264.139429906762416 ], [ 24759.929289321880788, 3281.070710678118758 ], [ 24759.93656067158372, 3281.077301045336299 ], [ 24759.944442976699065, 3281.083146961230341 ], [ 24759.952860326317023, 3281.088192126434933 ], [ 24759.961731656763732, 3281.092387953251091 ], [ 24759.970971532275144, 3281.095694033573182 ], [ 24759.980490967798687, 3281.098078528040332 ], [ 24759.990198285966471, 3281.099518472667114 ], [ 24760.0, 3281.1 ], [ 24777.0, 3281.1 ], [ 24777.009801714033529, 3281.099518472667114 ], [ 24777.019509032201313, 3281.098078528040332 ], [ 24777.029028467724856, 3281.095694033573182 ], [ 24777.038268343236268, 3281.092387953251091 ], [ 24777.047139673682977, 3281.088192126434933 ], [ 24777.055557023300935, 3281.083146961230341 ], [ 24777.06343932841628, 3281.077301045336299 ], [ 24777.070710678119212, 3281.070710678118758 ], [ 24777.077301045337663, 3281.06343932841628 ], [ 24777.08314696123125, 3281.055557023301844 ], [ 24777.088192126433569, 3281.047139673682523 ], [ 24777.09238795325291, 3281.038268343236723 ], [ 24777.095694033574546, 3281.029028467725311 ], [ 24777.098078528040787, 3281.019509032201768 ], [ 24777.099518472667114, 3281.009801714033074 ], [ 24777.099999999998545, 3281.0 ], [ 24777.099999999998545, 3247.041421356239425 ], [ 24794.070710678119212, 3230.070710678118758 ], [ 24794.077301045337663, 3230.06343932841628 ], [ 24794.08314696123125, 3230.055557023301844 ], [ 24794.088192126433569, 3230.047139673682523 ], [ 24794.09238795325291, 3230.038268343236268 ], [ 24794.095694033574546, 3230.029028467725311 ], [ 24794.098078528040787, 3230.019509032201313 ], [ 24794.099518472667114, 3230.009801714033074 ], [ 24794.099999999998545, 3230.0 ], [ 24794.099518472667114, 3229.990198285966926 ], [ 24794.098078528040787, 3229.980490967798687 ], [ 24794.095694033574546, 3229.970971532274689 ], [ 24794.09238795325291, 3229.961731656763732 ], [ 24794.088192126433569, 3229.952860326317477 ], [ 24794.08314696123125, 3229.944442976698156 ], [ 24794.077301045337663, 3229.93656067158372 ], [ 24794.070710678119212, 3229.929289321881242 ], [ 24777.099999999998545, 3212.958578643760575 ], [ 24777.099999999998545, 3127.0 ], [ 24777.099518472667114, 3126.990198285966926 ], [ 24777.098078528040787, 3126.980490967798687 ], [ 24777.095694033574546, 3126.970971532274689 ], [ 24777.09238795325291, 3126.961731656763732 ], [ 24777.088192126433569, 3126.952860326317477 ], [ 24777.08314696123125, 3126.944442976698156 ], [ 24777.077301045337663, 3126.93656067158372 ], [ 24777.070710678119212, 3126.929289321881242 ], [ 24760.070710678119212, 3109.929289321881242 ], [ 24760.06343932841628, 3109.922698954663701 ], [ 24760.055557023300935, 3109.916853038769659 ], [ 24760.047139673682977, 3109.911807873565067 ], [ 24760.038268343236268, 3109.907612046748909 ], [ 24760.029028467724856, 3109.904305966426818 ], [ 24760.019509032201313, 3109.901921471959668 ], [ 24760.009801714033529, 3109.900481527332886 ], [ 24760.0, 3109.9 ], [ 24743.04142135623988, 3109.9 ], [ 24725.099999999998545, 3091.958578643760575 ], [ 24725.099999999998545, 3075.0 ], [ 24725.099518472667114, 3074.990198285966926 ], [ 24725.098078528040787, 3074.980490967798232 ], [ 24725.095694033574546, 3074.970971532274689 ], [ 24725.09238795325291, 3074.961731656763277 ], [ 24725.088192126433569, 3074.952860326317477 ], [ 24725.08314696123125, 3074.944442976698156 ], [ 24725.077301045337663, 3074.93656067158372 ], [ 24725.070710678119212, 3074.929289321881242 ], [ 24725.06343932841628, 3074.922698954663701 ], [ 24725.055557023300935, 3074.916853038769659 ], [ 24725.047139673682977, 3074.911807873565067 ], [ 24725.038268343236268, 3074.907612046748909 ], [ 24725.029028467724856, 3074.904305966426818 ], [ 24725.019509032201313, 3074.901921471959668 ], [ 24725.009801714033529, 3074.900481527332886 ], [ 24725.0, 3074.9 ], [ 24691.04142135623988, 3074.9 ], [ 24674.070710678119212, 3057.929289321881242 ], [ 24674.06343932841628, 3057.922698954663701 ], [ 24674.055557023300935, 3057.916853038769659 ], [ 24674.047139673682977, 3057.911807873565067 ], [ 24674.038268343236268, 3057.907612046748909 ], [ 24674.029028467724856, 3057.904305966426818 ], [ 24674.019509032201313, 3057.901921471959668 ], [ 24674.009801714033529, 3057.900481527332886 ], [ 24674.0, 3057.9 ], [ 24657.039757863567502, 3057.9 ], [ 24639.068662353296531, 3040.927298684744983 ], [ 24639.061487716040574, 3040.921137710050516 ], [ 24639.053763175517815, 3040.915682024701709 ], [ 24639.04555781462841, 3040.910980420545911 ], [ 24639.036945016407117, 3040.907074945452223 ], [ 24639.028001807710098, 3040.904000527267726 ], [ 24639.018808170367265, 3040.901784661445163 ], [ 24639.009446325861063, 3040.900447165144669 ], [ 24639.0, 3040.9 ], [ 24605.04142135623988, 3040.9 ], [ 24588.070710678119212, 3023.929289321881242 ], [ 24588.06343932841628, 3023.922698954663701 ], [ 24588.055557023300935, 3023.916853038769659 ], [ 24588.047139673682977, 3023.911807873565067 ], [ 24588.038268343236268, 3023.907612046748909 ], [ 24588.029028467724856, 3023.904305966426818 ], [ 24588.019509032201313, 3023.901921471959668 ], [ 24588.009801714033529, 3023.900481527332886 ], [ 24588.0, 3023.9 ], [ 24554.04142135623988, 3023.9 ], [ 24536.070710678119212, 3005.929289321881242 ], [ 24536.06343932841628, 3005.922698954663701 ], [ 24536.055557023300935, 3005.916853038769659 ], [ 24536.047139673682977, 3005.911807873565067 ], [ 24536.038268343236268, 3005.907612046748909 ], [ 24536.029028467724856, 3005.904305966426818 ], [ 24536.019509032201313, 3005.901921471959668 ], [ 24536.009801714033529, 3005.900481527332886 ], [ 24536.0, 3005.9 ], [ 24519.04142135623988, 3005.9 ], [ 24502.070710678119212, 2988.929289321881242 ], [ 24502.06343932841628, 2988.922698954663701 ], [ 24502.055557023300935, 2988.916853038769659 ], [ 24502.047139673682977, 2988.911807873565067 ], [ 24502.038268343236268, 2988.907612046748909 ], [ 24502.029028467724856, 2988.904305966426818 ], [ 24502.019509032201313, 2988.901921471959668 ], [ 24502.009801714033529, 2988.900481527332886 ], [ 24502.0, 2988.9 ], [ 24485.04142135623988, 2988.9 ], [ 24468.070710678119212, 2971.929289321881242 ], [ 24468.06343932841628, 2971.922698954663701 ], [ 24468.055557023300935, 2971.916853038769659 ], [ 24468.047139673682977, 2971.911807873565067 ], [ 24468.038268343236268, 2971.907612046748909 ], [ 24468.029028467724856, 2971.904305966426818 ], [ 24468.019509032201313, 2971.901921471959668 ], [ 24468.009801714033529, 2971.900481527332886 ], [ 24468.0, 2971.9 ], [ 24382.04142135623988, 2971.9 ], [ 24365.070710678119212, 2954.929289321881242 ], [ 24365.068662353296531, 2954.927298684744983 ], [ 24347.069700731652119, 2937.928279375414149 ], [ 24330.070710678119212, 2920.929289321881242 ], [ 24330.06343932841628, 2920.922698954663701 ], [ 24330.055557023300935, 2920.916853038769659 ], [ 24330.047139673682977, 2920.911807873565067 ], [ 24330.038268343236268, 2920.907612046748909 ], [ 24330.029028467724856, 2920.904305966426818 ], [ 24330.019509032201313, 2920.901921471959668 ], [ 24330.009801714033529, 2920.900481527332886 ], [ 24330.0, 2920.9 ], [ 24296.043104648921144, 2920.9 ], [ 24279.072701315253653, 2902.931337646703469 ], [ 24279.068662353296531, 2902.927298684744983 ], [ 24261.068662353296531, 2885.927298684744983 ], [ 24261.061487716040574, 2885.921137710050516 ], [ 24261.053763175517815, 2885.915682024701709 ], [ 24261.04555781462841, 2885.910980420545911 ], [ 24261.036945016407117, 2885.907074945452223 ], [ 24261.028001807710098, 2885.904000527267726 ], [ 24261.018808170367265, 2885.901784661445163 ], [ 24261.009446325861063, 2885.900447165144669 ], [ 24261.0, 2885.9 ], [ 24227.04142135623988, 2885.9 ], [ 24210.070710678119212, 2868.929289321881242 ], [ 24210.06343932841628, 2868.922698954663701 ], [ 24210.055557023300935, 2868.916853038769659 ], [ 24210.047139673682977, 2868.911807873565067 ], [ 24210.038268343236268, 2868.907612046748909 ], [ 24210.029028467724856, 2868.904305966426818 ], [ 24210.019509032201313, 2868.901921471959668 ], [ 24210.009801714033529, 2868.900481527332886 ], [ 24210.0, 2868.9 ], [ 24193.04142135623988, 2868.9 ], [ 24176.070710678119212, 2851.929289321881242 ], [ 24176.06343932841628, 2851.922698954663701 ], [ 24176.055557023300935, 2851.916853038769659 ], [ 24176.047139673682977, 2851.911807873565067 ], [ 24176.038268343236268, 2851.907612046748909 ], [ 24176.029028467724856, 2851.904305966426818 ], [ 24176.019509032201313, 2851.901921471959668 ], [ 24176.009801714033529, 2851.900481527332886 ], [ 24176.0, 2851.9 ], [ 24141.04142135623988, 2851.9 ], [ 24124.070710678119212, 2834.929289321881242 ], [ 24124.06343932841628, 2834.922698954663701 ], [ 24124.055557023300935, 2834.916853038769659 ], [ 24124.047139673682977, 2834.911807873565067 ], [ 24124.038268343236268, 2834.907612046748909 ], [ 24124.029028467724856, 2834.904305966426818 ], [ 24124.019509032201313, 2834.901921471959668 ], [ 24124.009801714033529, 2834.900481527332886 ], [ 24124.0, 2834.9 ], [ 24090.04142135623988, 2834.9 ], [ 24072.070710678119212, 2816.929289321881242 ], [ 24072.06343932841628, 2816.922698954663701 ], [ 24072.055557023300935, 2816.916853038769659 ], [ 24072.047139673682977, 2816.911807873565067 ], [ 24072.038268343236268, 2816.907612046748909 ], [ 24072.029028467724856, 2816.904305966426818 ], [ 24072.019509032201313, 2816.901921471959668 ], [ 24072.009801714033529, 2816.900481527332886 ], [ 24072.0, 2816.9 ], [ 23987.039757863567502, 2816.9 ], [ 23969.068662353296531, 2799.927298684744983 ], [ 23969.061487716040574, 2799.921137710050516 ], [ 23969.053763175517815, 2799.915682024701709 ], [ 23969.04555781462841, 2799.910980420545911 ], [ 23969.036945016407117, 2799.907074945452223 ], [ 23969.028001807710098, 2799.904000527267726 ], [ 23969.018808170367265, 2799.901784661445163 ], [ 23969.009446325861063, 2799.900447165144669 ], [ 23969.0, 2799.9 ], [ 23935.04142135623988, 2799.9 ], [ 23918.070710678119212, 2782.929289321881242 ], [ 23918.06343932841628, 2782.922698954663701 ], [ 23918.055557023300935, 2782.916853038769659 ], [ 23918.047139673682977, 2782.911807873565067 ], [ 23918.038268343236268, 2782.907612046748909 ], [ 23918.029028467724856, 2782.904305966426818 ], [ 23918.019509032201313, 2782.901921471959668 ], [ 23918.009801714033529, 2782.900481527332886 ], [ 23918.0, 2782.9 ], [ 23883.04142135623988, 2782.9 ], [ 23866.070710678119212, 2765.929289321881242 ], [ 23866.06343932841628, 2765.922698954663701 ], [ 23866.055557023300935, 2765.916853038769659 ], [ 23866.047139673682977, 2765.911807873565067 ], [ 23866.038268343236268, 2765.907612046748909 ], [ 23866.029028467724856, 2765.904305966426818 ], [ 23866.019509032201313, 2765.901921471959668 ], [ 23866.009801714033529, 2765.900481527332886 ], [ 23866.0, 2765.9 ], [ 23797.04142135623988, 2765.9 ], [ 23780.070710678119212, 2748.929289321881242 ], [ 23780.06343932841628, 2748.922698954663701 ], [ 23780.055557023300935, 2748.916853038769659 ], [ 23780.047139673682977, 2748.911807873565067 ], [ 23780.038268343236268, 2748.907612046748909 ], [ 23780.029028467724856, 2748.904305966426818 ], [ 23780.019509032201313, 2748.901921471959668 ], [ 23780.009801714033529, 2748.900481527332886 ], [ 23780.0, 2748.9 ], [ 23729.0, 2748.9 ], [ 23728.990198285966471, 2748.900481527332886 ], [ 23728.980490967798687, 2748.901921471959668 ], [ 23728.970971532275144, 2748.904305966426818 ], [ 23728.961731656763732, 2748.907612046748909 ], [ 23728.952860326317023, 2748.911807873565067 ], [ 23728.944442976699065, 2748.916853038769659 ], [ 23728.93656067158372, 2748.922698954663701 ], [ 23728.929289321880788, 2748.929289321881242 ], [ 23711.95857864376012, 2765.9 ], [ 23660.04142135623988, 2765.9 ], [ 23643.070710678119212, 2748.929289321881242 ], [ 23643.06343932841628, 2748.922698954663701 ], [ 23643.055557023300935, 2748.916853038769659 ], [ 23643.047139673682977, 2748.911807873565067 ], [ 23643.038268343236268, 2748.907612046748909 ], [ 23643.029028467724856, 2748.904305966426818 ], [ 23643.019509032201313, 2748.901921471959668 ], [ 23643.009801714033529, 2748.900481527332886 ], [ 23643.0, 2748.9 ], [ 23608.04142135623988, 2748.9 ], [ 23591.070710678119212, 2731.929289321881242 ], [ 23591.06343932841628, 2731.922698954663701 ], [ 23591.055557023300935, 2731.916853038769659 ], [ 23591.047139673682977, 2731.911807873565067 ], [ 23591.038268343236268, 2731.907612046748909 ], [ 23591.029028467724856, 2731.904305966426818 ], [ 23591.019509032201313, 2731.901921471959668 ], [ 23591.009801714033529, 2731.900481527332886 ], [ 23591.0, 2731.9 ], [ 23488.043104648921144, 2731.9 ], [ 23471.072701315253653, 2713.931337646703469 ], [ 23471.065351314839063, 2713.924308483639834 ], [ 23471.057325375059008, 2713.91806221033994 ], [ 23471.0487065095258, 2713.912663433031867 ], [ 23471.0395838645818, 2713.908167992155086 ], [ 23471.030051797235501, 2713.904622384790855 ], [ 23471.02020889922278, 2713.902063283737789 ], [ 23471.010156977252336, 2713.900517158197545 ], [ 23471.0, 2713.9 ], [ 23213.04142135623988, 2713.9 ], [ 23196.070710678119212, 2696.929289321881242 ], [ 23196.06343932841628, 2696.922698954663701 ], [ 23196.055557023300935, 2696.916853038769659 ], [ 23196.047139673682977, 2696.911807873565067 ], [ 23196.038268343236268, 2696.907612046748909 ], [ 23196.029028467724856, 2696.904305966426818 ], [ 23196.019509032201313, 2696.901921471959668 ], [ 23196.009801714033529, 2696.900481527332886 ], [ 23196.0, 2696.9 ], [ 23195.990198285966471, 2696.900481527332886 ], [ 23195.980490967798687, 2696.901921471959668 ], [ 23195.970971532275144, 2696.904305966426818 ], [ 23195.961731656763732, 2696.907612046748909 ], [ 23195.952860326317023, 2696.911807873565067 ], [ 23195.944442976699065, 2696.916853038769659 ], [ 23195.93656067158372, 2696.922698954663701 ], [ 23195.929289321880788, 2696.929289321881242 ], [ 23178.95857864376012, 2713.9 ], [ 22852.0, 2713.9 ], [ 22851.989843022747664, 2713.900517158197545 ], [ 22851.97979110077722, 2713.902063283737789 ], [ 22851.969948202764499, 2713.904622384790855 ], [ 22851.9604161354182, 2713.908167992155086 ], [ 22851.9512934904742, 2713.912663433031867 ], [ 22851.942674624940992, 2713.91806221033994 ], [ 22851.934648685160937, 2713.924308483639834 ], [ 22851.927298684746347, 2713.931337646703469 ], [ 22834.956895351078856, 2731.9 ], [ 22681.0, 2731.9 ], [ 22680.990553674138937, 2731.900447165144669 ], [ 22680.981191829632735, 2731.901784661445163 ], [ 22680.971998192289902, 2731.904000527267726 ], [ 22680.963054983592883, 2731.907074945452223 ], [ 22680.95444218537159, 2731.910980420545911 ], [ 22680.946236824482185, 2731.915682024701709 ], [ 22680.938512283959426, 2731.921137710050516 ], [ 22680.931337646703469, 2731.927298684744983 ], [ 22663.001991449476918, 2748.860570093237584 ], [ 22646.070710678119212, 2731.929289321881242 ], [ 22646.06343932841628, 2731.922698954663701 ], [ 22646.055557023300935, 2731.916853038769659 ], [ 22646.047139673682977, 2731.911807873565067 ], [ 22646.038268343236268, 2731.907612046748909 ], [ 22646.029028467724856, 2731.904305966426818 ], [ 22646.019509032201313, 2731.901921471959668 ], [ 22646.009801714033529, 2731.900481527332886 ], [ 22646.0, 2731.9 ], [ 22578.0, 2731.9 ], [ 22577.990553674138937, 2731.900447165144669 ], [ 22577.981191829632735, 2731.901784661445163 ], [ 22577.971998192289902, 2731.904000527267726 ], [ 22577.963054983592883, 2731.907074945452223 ], [ 22577.95444218537159, 2731.910980420545911 ], [ 22577.946236824482185, 2731.915682024701709 ], [ 22577.938512283959426, 2731.921137710050516 ], [ 22577.931337646703469, 2731.927298684744983 ], [ 22560.001991449476918, 2748.860570093237584 ], [ 22543.070710678119212, 2731.929289321881242 ], [ 22543.06343932841628, 2731.922698954663701 ], [ 22543.055557023300935, 2731.916853038769659 ], [ 22543.047139673682977, 2731.911807873565067 ], [ 22543.038268343236268, 2731.907612046748909 ], [ 22543.029028467724856, 2731.904305966426818 ], [ 22543.019509032201313, 2731.901921471959668 ], [ 22543.009801714033529, 2731.900481527332886 ], [ 22543.0, 2731.9 ], [ 22542.990198285966471, 2731.900481527332886 ], [ 22542.980490967798687, 2731.901921471959668 ], [ 22542.970971532275144, 2731.904305966426818 ], [ 22542.961731656763732, 2731.907612046748909 ], [ 22542.952860326317023, 2731.911807873565067 ], [ 22542.944442976699065, 2731.916853038769659 ], [ 22542.93656067158372, 2731.922698954663701 ], [ 22542.929289321880788, 2731.929289321881242 ], [ 22525.95857864376012, 2748.9 ], [ 22354.0, 2748.9 ], [ 22353.990198285966471, 2748.900481527332886 ], [ 22353.980490967798687, 2748.901921471959668 ], [ 22353.970971532275144, 2748.904305966426818 ], [ 22353.961731656763732, 2748.907612046748909 ], [ 22353.952860326317023, 2748.911807873565067 ], [ 22353.944442976699065, 2748.916853038769659 ], [ 22353.93656067158372, 2748.922698954663701 ], [ 22353.929289321880788, 2748.929289321881242 ], [ 22336.95857864376012, 2765.9 ], [ 22182.04142135623988, 2765.9 ], [ 22165.070710678119212, 2748.929289321881242 ], [ 22165.06343932841628, 2748.922698954663701 ], [ 22165.055557023300935, 2748.916853038769659 ], [ 22165.047139673682977, 2748.911807873565067 ], [ 22165.038268343236268, 2748.907612046748909 ], [ 22165.029028467724856, 2748.904305966426818 ], [ 22165.019509032201313, 2748.901921471959668 ], [ 22165.009801714033529, 2748.900481527332886 ], [ 22165.0, 2748.9 ], [ 22131.0, 2748.9 ], [ 22130.990198285966471, 2748.900481527332886 ], [ 22130.980490967798687, 2748.901921471959668 ], [ 22130.970971532275144, 2748.904305966426818 ], [ 22130.961731656763732, 2748.907612046748909 ], [ 22130.952860326317023, 2748.911807873565067 ], [ 22130.944442976699065, 2748.916853038769659 ], [ 22130.93656067158372, 2748.922698954663701 ], [ 22130.929289321880788, 2748.929289321881242 ], [ 22113.95857864376012, 2765.9 ], [ 22062.04142135623988, 2765.9 ], [ 22045.070710678119212, 2748.929289321881242 ], [ 22045.06343932841628, 2748.922698954663701 ], [ 22045.055557023300935, 2748.916853038769659 ], [ 22045.047139673682977, 2748.911807873565067 ], [ 22045.038268343236268, 2748.907612046748909 ], [ 22045.029028467724856, 2748.904305966426818 ], [ 22045.019509032201313, 2748.901921471959668 ], [ 22045.009801714033529, 2748.900481527332886 ], [ 22045.0, 2748.9 ], [ 21942.04142135623988, 2748.9 ], [ 21925.070710678119212, 2731.929289321881242 ], [ 21925.06343932841628, 2731.922698954663701 ], [ 21925.055557023300935, 2731.916853038769659 ], [ 21925.047139673682977, 2731.911807873565067 ], [ 21925.038268343236268, 2731.907612046748909 ], [ 21925.029028467724856, 2731.904305966426818 ], [ 21925.019509032201313, 2731.901921471959668 ], [ 21925.009801714033529, 2731.900481527332886 ], [ 21925.0, 2731.9 ], [ 21753.043104648921144, 2731.9 ], [ 21736.072701315253653, 2713.931337646703469 ], [ 21736.065351314839063, 2713.924308483639834 ], [ 21736.057325375059008, 2713.91806221033994 ], [ 21736.0487065095258, 2713.912663433031867 ], [ 21736.0395838645818, 2713.908167992155086 ], [ 21736.030051797235501, 2713.904622384790855 ], [ 21736.02020889922278, 2713.902063283737789 ], [ 21736.010156977252336, 2713.900517158197545 ], [ 21736.0, 2713.9 ], [ 21615.0, 2713.9 ], [ 21614.989843022747664, 2713.900517158197545 ], [ 21614.97979110077722, 2713.902063283737789 ], [ 21614.969948202764499, 2713.904622384790855 ], [ 21614.9604161354182, 2713.908167992155086 ], [ 21614.9512934904742, 2713.912663433031867 ], [ 21614.942674624940992, 2713.91806221033994 ], [ 21614.934648685160937, 2713.924308483639834 ], [ 21614.927298684746347, 2713.931337646703469 ], [ 21597.956895351078856, 2731.9 ], [ 21512.0, 2731.9 ], [ 21511.990198285966471, 2731.900481527332886 ], [ 21511.980490967798687, 2731.901921471959668 ], [ 21511.970971532275144, 2731.904305966426818 ], [ 21511.961731656763732, 2731.907612046748909 ], [ 21511.952860326317023, 2731.911807873565067 ], [ 21511.944442976699065, 2731.916853038769659 ], [ 21511.93656067158372, 2731.922698954663701 ], [ 21511.929289321880788, 2731.929289321881242 ], [ 21494.95857864376012, 2748.9 ], [ 21443.04142135623988, 2748.9 ], [ 21426.070710678119212, 2731.929289321881242 ], [ 21426.06343932841628, 2731.922698954663701 ], [ 21426.055557023300935, 2731.916853038769659 ], [ 21426.047139673682977, 2731.911807873565067 ], [ 21426.038268343236268, 2731.907612046748909 ], [ 21426.029028467724856, 2731.904305966426818 ], [ 21426.019509032201313, 2731.901921471959668 ], [ 21426.009801714033529, 2731.900481527332886 ], [ 21426.0, 2731.9 ], [ 21425.990198285966471, 2731.900481527332886 ], [ 21425.980490967798687, 2731.901921471959668 ], [ 21425.970971532275144, 2731.904305966426818 ], [ 21425.961731656763732, 2731.907612046748909 ], [ 21425.952860326317023, 2731.911807873565067 ], [ 21425.944442976699065, 2731.916853038769659 ], [ 21425.93656067158372, 2731.922698954663701 ], [ 21425.929289321880788, 2731.929289321881242 ], [ 21408.95857864376012, 2748.9 ], [ 21340.0, 2748.9 ], [ 21339.990198285966471, 2748.900481527332886 ], [ 21339.980490967798687, 2748.901921471959668 ], [ 21339.970971532275144, 2748.904305966426818 ], [ 21339.961731656763732, 2748.907612046748909 ], [ 21339.952860326317023, 2748.911807873565067 ], [ 21339.944442976699065, 2748.916853038769659 ], [ 21339.93656067158372, 2748.922698954663701 ], [ 21339.929289321880788, 2748.929289321881242 ], [ 21322.95857864376012, 2765.9 ], [ 21220.04142135623988, 2765.9 ], [ 21203.070710678119212, 2748.929289321881242 ], [ 21203.06343932841628, 2748.922698954663701 ], [ 21203.055557023300935, 2748.916853038769659 ], [ 21203.047139673682977, 2748.911807873565067 ], [ 21203.038268343236268, 2748.907612046748909 ], [ 21203.029028467724856, 2748.904305966426818 ], [ 21203.019509032201313, 2748.901921471959668 ], [ 21203.009801714033529, 2748.900481527332886 ], [ 21203.0, 2748.9 ], [ 21202.990198285966471, 2748.900481527332886 ], [ 21202.980490967798687, 2748.901921471959668 ], [ 21202.970971532275144, 2748.904305966426818 ], [ 21202.961731656763732, 2748.907612046748909 ], [ 21202.952860326317023, 2748.911807873565067 ], [ 21202.944442976699065, 2748.916853038769659 ], [ 21202.93656067158372, 2748.922698954663701 ], [ 21202.929289321880788, 2748.929289321881242 ], [ 21185.95857864376012, 2765.9 ], [ 21169.039757863567502, 2765.9 ], [ 21151.068662353296531, 2748.927298684744983 ], [ 21151.061487716040574, 2748.921137710050516 ], [ 21151.053763175517815, 2748.915682024701709 ], [ 21151.04555781462841, 2748.910980420545911 ], [ 21151.036945016407117, 2748.907074945452223 ], [ 21151.028001807710098, 2748.904000527267726 ], [ 21151.018808170367265, 2748.901784661445163 ], [ 21151.009446325861063, 2748.900447165144669 ], [ 21151.0, 2748.9 ], [ 20945.04142135623988, 2748.9 ], [ 20928.070710678119212, 2731.929289321881242 ], [ 20928.06343932841628, 2731.922698954663701 ], [ 20928.055557023300935, 2731.916853038769659 ], [ 20928.047139673682977, 2731.911807873565067 ], [ 20928.038268343236268, 2731.907612046748909 ], [ 20928.029028467724856, 2731.904305966426818 ], [ 20928.019509032201313, 2731.901921471959668 ], [ 20928.009801714033529, 2731.900481527332886 ], [ 20928.0, 2731.9 ], [ 20825.043104648921144, 2731.9 ], [ 20808.072701315253653, 2713.931337646703469 ], [ 20808.065351314839063, 2713.924308483639834 ], [ 20808.057325375059008, 2713.91806221033994 ], [ 20808.0487065095258, 2713.912663433031867 ], [ 20808.0395838645818, 2713.908167992155086 ], [ 20808.030051797235501, 2713.904622384790855 ], [ 20808.02020889922278, 2713.902063283737789 ], [ 20808.010156977252336, 2713.900517158197545 ], [ 20808.0, 2713.9 ], [ 20791.0, 2713.9 ], [ 20790.990198285966471, 2713.900481527332886 ], [ 20790.980490967798687, 2713.901921471959668 ], [ 20790.970971532275144, 2713.904305966426818 ], [ 20790.961731656763732, 2713.907612046748909 ], [ 20790.952860326317023, 2713.911807873565067 ], [ 20790.944442976699065, 2713.916853038769659 ], [ 20790.93656067158372, 2713.922698954663701 ], [ 20790.929289321880788, 2713.929289321881242 ], [ 20772.95857864376012, 2731.9 ], [ 20705.04142135623988, 2731.9 ], [ 20687.070710678119212, 2713.929289321881242 ], [ 20687.06343932841628, 2713.922698954663701 ], [ 20687.055557023300935, 2713.916853038769659 ], [ 20687.047139673682977, 2713.911807873565067 ], [ 20687.038268343236268, 2713.907612046748909 ], [ 20687.029028467724856, 2713.904305966426818 ], [ 20687.019509032201313, 2713.901921471959668 ], [ 20687.009801714033529, 2713.900481527332886 ], [ 20687.0, 2713.9 ], [ 20498.04142135623988, 2713.9 ], [ 20481.070710678119212, 2696.929289321881242 ], [ 20481.06343932841628, 2696.922698954663701 ], [ 20481.055557023300935, 2696.916853038769659 ], [ 20481.047139673682977, 2696.911807873565067 ], [ 20481.038268343236268, 2696.907612046748909 ], [ 20481.029028467724856, 2696.904305966426818 ], [ 20481.019509032201313, 2696.901921471959668 ], [ 20481.009801714033529, 2696.900481527332886 ], [ 20481.0, 2696.9 ], [ 20480.990198285966471, 2696.900481527332886 ], [ 20480.980490967798687, 2696.901921471959668 ], [ 20480.970971532275144, 2696.904305966426818 ], [ 20480.961731656763732, 2696.907612046748909 ], [ 20480.952860326317023, 2696.911807873565067 ], [ 20480.944442976699065, 2696.916853038769659 ], [ 20480.93656067158372, 2696.922698954663701 ], [ 20480.929289321880788, 2696.929289321881242 ], [ 20463.95857864376012, 2713.9 ], [ 20447.04142135623988, 2713.9 ], [ 20430.070710678119212, 2696.929289321881242 ], [ 20430.06343932841628, 2696.922698954663701 ], [ 20430.055557023300935, 2696.916853038769659 ], [ 20430.047139673682977, 2696.911807873565067 ], [ 20430.038268343236268, 2696.907612046748909 ], [ 20430.029028467724856, 2696.904305966426818 ], [ 20430.019509032201313, 2696.901921471959668 ], [ 20430.009801714033529, 2696.900481527332886 ], [ 20430.0, 2696.9 ], [ 20413.0, 2696.9 ], [ 20412.990553674138937, 2696.900447165144669 ], [ 20412.981191829632735, 2696.901784661445163 ], [ 20412.971998192289902, 2696.904000527267726 ], [ 20412.963054983592883, 2696.907074945452223 ], [ 20412.95444218537159, 2696.910980420545911 ], [ 20412.946236824482185, 2696.915682024701709 ], [ 20412.938512283959426, 2696.921137710050516 ], [ 20412.931337646703469, 2696.927298684744983 ], [ 20395.001991449476918, 2713.860570093237584 ], [ 20378.070710678119212, 2696.929289321881242 ], [ 20378.06343932841628, 2696.922698954663701 ], [ 20378.055557023300935, 2696.916853038769659 ], [ 20378.047139673682977, 2696.911807873565067 ], [ 20378.038268343236268, 2696.907612046748909 ], [ 20378.029028467724856, 2696.904305966426818 ], [ 20378.019509032201313, 2696.901921471959668 ], [ 20378.009801714033529, 2696.900481527332886 ], [ 20378.0, 2696.9 ], [ 20377.990198285966471, 2696.900481527332886 ], [ 20377.980490967798687, 2696.901921471959668 ], [ 20377.970971532275144, 2696.904305966426818 ], [ 20377.961731656763732, 2696.907612046748909 ], [ 20377.952860326317023, 2696.911807873565067 ], [ 20377.944442976699065, 2696.916853038769659 ], [ 20377.93656067158372, 2696.922698954663701 ], [ 20377.929289321880788, 2696.929289321881242 ], [ 20360.95857864376012, 2713.9 ], [ 20206.04142135623988, 2713.9 ], [ 20189.070710678119212, 2696.929289321881242 ], [ 20189.06343932841628, 2696.922698954663701 ], [ 20189.055557023300935, 2696.916853038769659 ], [ 20189.047139673682977, 2696.911807873565067 ], [ 20189.038268343236268, 2696.907612046748909 ], [ 20189.029028467724856, 2696.904305966426818 ], [ 20189.019509032201313, 2696.901921471959668 ], [ 20189.009801714033529, 2696.900481527332886 ], [ 20189.0, 2696.9 ], [ 20155.0, 2696.9 ], [ 20154.990198285966471, 2696.900481527332886 ], [ 20154.980490967798687, 2696.901921471959668 ], [ 20154.970971532275144, 2696.904305966426818 ], [ 20154.961731656763732, 2696.907612046748909 ], [ 20154.952860326317023, 2696.911807873565067 ], [ 20154.944442976699065, 2696.916853038769659 ], [ 20154.93656067158372, 2696.922698954663701 ], [ 20154.929289321880788, 2696.929289321881242 ], [ 20137.998008550523082, 2713.860570093237584 ], [ 20120.068662353296531, 2696.927298684744983 ], [ 20120.061487716040574, 2696.921137710050516 ], [ 20120.053763175517815, 2696.915682024701709 ], [ 20120.04555781462841, 2696.910980420545911 ], [ 20120.036945016407117, 2696.907074945452223 ], [ 20120.028001807710098, 2696.904000527267726 ], [ 20120.018808170367265, 2696.901784661445163 ], [ 20120.009446325861063, 2696.900447165144669 ], [ 20120.0, 2696.9 ], [ 20103.0, 2696.9 ], [ 20102.990198285966471, 2696.900481527332886 ], [ 20102.980490967798687, 2696.901921471959668 ], [ 20102.970971532275144, 2696.904305966426818 ], [ 20102.961731656763732, 2696.907612046748909 ], [ 20102.952860326317023, 2696.911807873565067 ], [ 20102.944442976699065, 2696.916853038769659 ], [ 20102.93656067158372, 2696.922698954663701 ], [ 20102.929289321880788, 2696.929289321881242 ], [ 20085.95857864376012, 2713.9 ], [ 20017.04142135623988, 2713.9 ], [ 20000.070710678119212, 2696.929289321881242 ], [ 20000.06343932841628, 2696.922698954663701 ], [ 20000.055557023300935, 2696.916853038769659 ], [ 20000.047139673682977, 2696.911807873565067 ], [ 20000.038268343236268, 2696.907612046748909 ], [ 20000.029028467724856, 2696.904305966426818 ], [ 20000.019509032201313, 2696.901921471959668 ], [ 20000.009801714033529, 2696.900481527332886 ], [ 20000.0, 2696.9 ], [ 19949.0, 2696.9 ], [ 19948.990553674138937, 2696.900447165144669 ], [ 19948.981191829632735, 2696.901784661445163 ], [ 19948.971998192289902, 2696.904000527267726 ], [ 19948.963054983592883, 2696.907074945452223 ], [ 19948.95444218537159, 2696.910980420545911 ], [ 19948.946236824482185, 2696.915682024701709 ], [ 19948.938512283959426, 2696.921137710050516 ], [ 19948.931337646703469, 2696.927298684744983 ], [ 19931.001991449476918, 2713.860570093237584 ], [ 19914.070710678119212, 2696.929289321881242 ], [ 19914.06343932841628, 2696.922698954663701 ], [ 19914.055557023300935, 2696.916853038769659 ], [ 19914.047139673682977, 2696.911807873565067 ], [ 19914.038268343236268, 2696.907612046748909 ], [ 19914.029028467724856, 2696.904305966426818 ], [ 19914.019509032201313, 2696.901921471959668 ], [ 19914.009801714033529, 2696.900481527332886 ], [ 19914.0, 2696.9 ], [ 19880.0, 2696.9 ], [ 19879.990198285966471, 2696.900481527332886 ], [ 19879.980490967798687, 2696.901921471959668 ], [ 19879.970971532275144, 2696.904305966426818 ], [ 19879.961731656763732, 2696.907612046748909 ], [ 19879.952860326317023, 2696.911807873565067 ], [ 19879.944442976699065, 2696.916853038769659 ], [ 19879.93656067158372, 2696.922698954663701 ], [ 19879.929289321880788, 2696.929289321881242 ], [ 19862.95857864376012, 2713.9 ], [ 19811.04142135623988, 2713.9 ], [ 19794.070710678119212, 2696.929289321881242 ], [ 19794.06343932841628, 2696.922698954663701 ], [ 19794.055557023300935, 2696.916853038769659 ], [ 19794.047139673682977, 2696.911807873565067 ], [ 19794.038268343236268, 2696.907612046748909 ], [ 19794.029028467724856, 2696.904305966426818 ], [ 19794.019509032201313, 2696.901921471959668 ], [ 19794.009801714033529, 2696.900481527332886 ], [ 19794.0, 2696.9 ], [ 19793.990198285966471, 2696.900481527332886 ], [ 19793.980490967798687, 2696.901921471959668 ], [ 19793.970971532275144, 2696.904305966426818 ], [ 19793.961731656763732, 2696.907612046748909 ], [ 19793.952860326317023, 2696.911807873565067 ], [ 19793.944442976699065, 2696.916853038769659 ], [ 19793.93656067158372, 2696.922698954663701 ], [ 19793.929289321880788, 2696.929289321881242 ], [ 19776.95857864376012, 2713.9 ], [ 19605.0, 2713.9 ], [ 19604.989843022747664, 2713.900517158197545 ], [ 19604.97979110077722, 2713.902063283737789 ], [ 19604.969948202764499, 2713.904622384790855 ], [ 19604.9604161354182, 2713.908167992155086 ], [ 19604.9512934904742, 2713.912663433031867 ], [ 19604.942674624940992, 2713.91806221033994 ], [ 19604.934648685160937, 2713.924308483639834 ], [ 19604.927298684746347, 2713.931337646703469 ], [ 19588.0, 2731.854359783493692 ], [ 19571.072701315253653, 2713.931337646703469 ], [ 19571.065351314839063, 2713.924308483639834 ], [ 19571.057325375059008, 2713.91806221033994 ], [ 19571.0487065095258, 2713.912663433031867 ], [ 19571.0395838645818, 2713.908167992155086 ], [ 19571.030051797235501, 2713.904622384790855 ], [ 19571.02020889922278, 2713.902063283737789 ], [ 19571.010156977252336, 2713.900517158197545 ], [ 19571.0, 2713.9 ], [ 19450.0, 2713.9 ], [ 19449.989843022747664, 2713.900517158197545 ], [ 19449.97979110077722, 2713.902063283737789 ], [ 19449.969948202764499, 2713.904622384790855 ], [ 19449.9604161354182, 2713.908167992155086 ], [ 19449.9512934904742, 2713.912663433031867 ], [ 19449.942674624940992, 2713.91806221033994 ], [ 19449.934648685160937, 2713.924308483639834 ], [ 19449.927298684746347, 2713.931337646703469 ], [ 19432.956895351078856, 2731.9 ], [ 19296.0, 2731.9 ], [ 19295.990553674138937, 2731.900447165144669 ], [ 19295.981191829632735, 2731.901784661445163 ], [ 19295.971998192289902, 2731.904000527267726 ], [ 19295.963054983592883, 2731.907074945452223 ], [ 19295.95444218537159, 2731.910980420545911 ], [ 19295.946236824482185, 2731.915682024701709 ], [ 19295.938512283959426, 2731.921137710050516 ], [ 19295.931337646703469, 2731.927298684744983 ], [ 19277.960242136432498, 2748.9 ], [ 19158.0, 2748.9 ], [ 19157.990198285966471, 2748.900481527332886 ], [ 19157.980490967798687, 2748.901921471959668 ], [ 19157.970971532275144, 2748.904305966426818 ], [ 19157.961731656763732, 2748.907612046748909 ], [ 19157.952860326317023, 2748.911807873565067 ], [ 19157.944442976699065, 2748.916853038769659 ], [ 19157.93656067158372, 2748.922698954663701 ], [ 19157.929289321880788, 2748.929289321881242 ], [ 19140.95857864376012, 2765.9 ], [ 19072.0, 2765.9 ], [ 19071.990198285966471, 2765.900481527332886 ], [ 19071.980490967798687, 2765.901921471959668 ], [ 19071.970971532275144, 2765.904305966426818 ], [ 19071.961731656763732, 2765.907612046748909 ], [ 19071.952860326317023, 2765.911807873565067 ], [ 19071.944442976699065, 2765.916853038769659 ], [ 19071.93656067158372, 2765.922698954663701 ], [ 19071.929289321880788, 2765.929289321881242 ], [ 19054.95857864376012, 2782.9 ], [ 19004.0, 2782.9 ], [ 19003.990553674138937, 2782.900447165144669 ], [ 19003.981191829632735, 2782.901784661445163 ], [ 19003.971998192289902, 2782.904000527267726 ], [ 19003.963054983592883, 2782.907074945452223 ], [ 19003.95444218537159, 2782.910980420545911 ], [ 19003.946236824482185, 2782.915682024701709 ], [ 19003.938512283959426, 2782.921137710050516 ], [ 19003.931337646703469, 2782.927298684744983 ], [ 18985.960242136432498, 2799.9 ], [ 18935.0, 2799.9 ], [ 18934.990198285966471, 2799.900481527332886 ], [ 18934.980490967798687, 2799.901921471959668 ], [ 18934.970971532275144, 2799.904305966426818 ], [ 18934.961731656763732, 2799.907612046748909 ], [ 18934.952860326317023, 2799.911807873565067 ], [ 18934.944442976699065, 2799.916853038769659 ], [ 18934.93656067158372, 2799.922698954663701 ], [ 18934.929289321880788, 2799.929289321881242 ], [ 18917.95857864376012, 2816.9 ], [ 18883.0, 2816.9 ], [ 18882.989843022747664, 2816.900517158197545 ], [ 18882.97979110077722, 2816.902063283737789 ], [ 18882.969948202764499, 2816.904622384790855 ], [ 18882.9604161354182, 2816.908167992155086 ], [ 18882.9512934904742, 2816.912663433031867 ], [ 18882.942674624940992, 2816.91806221033994 ], [ 18882.934648685160937, 2816.924308483639834 ], [ 18882.927298684746347, 2816.931337646703469 ], [ 18865.956895351078856, 2834.9 ], [ 18832.0, 2834.9 ], [ 18831.990198285966471, 2834.900481527332886 ], [ 18831.980490967798687, 2834.901921471959668 ], [ 18831.970971532275144, 2834.904305966426818 ], [ 18831.961731656763732, 2834.907612046748909 ], [ 18831.952860326317023, 2834.911807873565067 ], [ 18831.944442976699065, 2834.916853038769659 ], [ 18831.93656067158372, 2834.922698954663701 ], [ 18831.929289321880788, 2834.929289321881242 ], [ 18814.95857864376012, 2851.9 ], [ 18780.0, 2851.9 ], [ 18779.990198285966471, 2851.900481527332886 ], [ 18779.980490967798687, 2851.901921471959668 ], [ 18779.970971532275144, 2851.904305966426818 ], [ 18779.961731656763732, 2851.907612046748909 ], [ 18779.952860326317023, 2851.911807873565067 ], [ 18779.944442976699065, 2851.916853038769659 ], [ 18779.93656067158372, 2851.922698954663701 ], [ 18779.929289321880788, 2851.929289321881242 ], [ 18762.95857864376012, 2868.9 ], [ 18746.0, 2868.9 ], [ 18745.990198285966471, 2868.900481527332886 ], [ 18745.980490967798687, 2868.901921471959668 ], [ 18745.970971532275144, 2868.904305966426818 ], [ 18745.961731656763732, 2868.907612046748909 ], [ 18745.952860326317023, 2868.911807873565067 ], [ 18745.944442976699065, 2868.916853038769659 ], [ 18745.93656067158372, 2868.922698954663701 ], [ 18745.929289321880788, 2868.929289321881242 ], [ 18745.922698954662337, 2868.93656067158372 ], [ 18745.91685303876875, 2868.944442976698156 ], [ 18745.911807873566431, 2868.952860326317477 ], [ 18745.90761204674709, 2868.961731656763277 ], [ 18745.904305966425454, 2868.970971532274689 ], [ 18745.901921471959213, 2868.980490967798232 ], [ 18745.900481527332886, 2868.990198285966926 ], [ 18745.900000000001455, 2869.0 ], [ 18745.900000000001455, 3109.958578643760575 ], [ 18728.95857864376012, 3126.9 ], [ 18419.0, 3126.9 ], [ 18418.990198285966471, 3126.900481527332886 ], [ 18418.980490967798687, 3126.901921471959668 ], [ 18418.970971532275144, 3126.904305966426818 ], [ 18418.961731656763732, 3126.907612046748909 ], [ 18418.952860326317023, 3126.911807873565067 ], [ 18418.944442976699065, 3126.916853038769659 ], [ 18418.93656067158372, 3126.922698954663701 ], [ 18418.929289321880788, 3126.929289321881242 ], [ 18418.922698954662337, 3126.93656067158372 ], [ 18418.91685303876875, 3126.944442976698156 ], [ 18418.911807873566431, 3126.952860326317477 ], [ 18418.90761204674709, 3126.961731656763277 ], [ 18418.904305966425454, 3126.970971532274689 ], [ 18418.901921471959213, 3126.980490967798232 ], [ 18418.900481527332886, 3126.990198285966926 ], [ 18418.900000000001455, 3127.0 ], [ 18418.900000000001455, 3178.0 ], [ 18418.900517158195726, 3178.010156977251427 ], [ 18418.902063283738244, 3178.020208899221871 ], [ 18418.904622384790855, 3178.030051797234137 ], [ 18418.908167992154631, 3178.039583864581346 ], [ 18418.912663433031412, 3178.04870650952671 ], [ 18418.918062210341304, 3178.057325375059008 ], [ 18418.924308483641653, 3178.065351314839063 ], [ 18418.931337646703469, 3178.072701315255017 ], [ 18436.900000000001455, 3195.043104648925237 ], [ 18436.900000000001455, 3213.0 ], [ 18436.900481527332886, 3213.009801714033074 ], [ 18436.901921471959213, 3213.019509032201313 ], [ 18436.904305966425454, 3213.029028467725311 ], [ 18436.90761204674709, 3213.038268343236268 ], [ 18436.911807873566431, 3213.047139673682523 ], [ 18436.91685303876875, 3213.055557023301844 ], [ 18436.922698954662337, 3213.06343932841628 ], [ 18436.929289321880788, 3213.070710678118758 ], [ 18453.900000000001455, 3230.041421356239425 ], [ 18453.900000000001455, 3264.0 ], [ 18453.900481527332886, 3264.009801714033074 ], [ 18453.901921471959213, 3264.019509032201313 ], [ 18453.904305966425454, 3264.029028467725311 ], [ 18453.90761204674709, 3264.038268343236268 ], [ 18453.911807873566431, 3264.047139673682523 ], [ 18453.91685303876875, 3264.055557023301844 ], [ 18453.922698954662337, 3264.06343932841628 ], [ 18453.929289321880788, 3264.070710678118758 ], [ 18470.900000000001455, 3281.041421356239425 ], [ 18470.900000000001455, 3316.0 ], [ 18470.900481527332886, 3316.009801714033074 ], [ 18470.901921471959213, 3316.019509032201313 ], [ 18470.904305966425454, 3316.029028467725311 ], [ 18470.90761204674709, 3316.038268343236268 ], [ 18470.911807873566431, 3316.047139673682523 ], [ 18470.91685303876875, 3316.055557023301844 ], [ 18470.922698954662337, 3316.06343932841628 ], [ 18470.929289321880788, 3316.070710678118758 ], [ 18487.900000000001455, 3333.041421356239425 ], [ 18487.900000000001455, 3367.0 ], [ 18487.900481527332886, 3367.009801714033074 ], [ 18487.901921471959213, 3367.019509032201313 ], [ 18487.904305966425454, 3367.029028467725311 ], [ 18487.90761204674709, 3367.038268343236268 ], [ 18487.911807873566431, 3367.047139673682523 ], [ 18487.91685303876875, 3367.055557023301844 ], [ 18487.922698954662337, 3367.06343932841628 ], [ 18487.929289321880788, 3367.070710678118758 ], [ 18504.900000000001455, 3384.041421356239425 ], [ 18504.900000000001455, 3453.0 ], [ 18504.900481527332886, 3453.009801714033074 ], [ 18504.901921471959213, 3453.019509032201313 ], [ 18504.904305966425454, 3453.029028467725311 ], [ 18504.90761204674709, 3453.038268343236268 ], [ 18504.911807873566431, 3453.047139673682523 ], [ 18504.91685303876875, 3453.055557023301844 ], [ 18504.922698954662337, 3453.06343932841628 ], [ 18504.929289321880788, 3453.070710678118758 ], [ 18521.900000000001455, 3470.041421356239425 ], [ 18521.900000000001455, 3505.0 ], [ 18521.900517158195726, 3505.010156977251427 ], [ 18521.902063283738244, 3505.020208899221871 ], [ 18521.904622384790855, 3505.030051797234137 ], [ 18521.908167992154631, 3505.039583864581346 ], [ 18521.912663433031412, 3505.04870650952671 ], [ 18521.918062210341304, 3505.057325375059008 ], [ 18521.924308483641653, 3505.065351314839063 ], [ 18521.931337646703469, 3505.072701315255017 ], [ 18539.900000000001455, 3522.043104648925237 ], [ 18539.900000000001455, 3539.0 ], [ 18539.900481527332886, 3539.009801714033074 ], [ 18539.901921471959213, 3539.019509032201313 ], [ 18539.904305966425454, 3539.029028467725311 ], [ 18539.90761204674709, 3539.038268343236268 ], [ 18539.911807873566431, 3539.047139673682523 ], [ 18539.91685303876875, 3539.055557023301844 ], [ 18539.922698954662337, 3539.06343932841628 ], [ 18539.929289321880788, 3539.070710678118758 ], [ 18556.900000000001455, 3556.041421356239425 ], [ 18556.900000000001455, 3608.0 ], [ 18556.900481527332886, 3608.009801714033074 ], [ 18556.901921471959213, 3608.019509032201313 ], [ 18556.904305966425454, 3608.029028467725311 ], [ 18556.90761204674709, 3608.038268343236268 ], [ 18556.911807873566431, 3608.047139673682523 ], [ 18556.91685303876875, 3608.055557023301844 ], [ 18556.922698954662337, 3608.06343932841628 ], [ 18556.929289321880788, 3608.070710678118758 ], [ 18573.900000000001455, 3625.041421356239425 ], [ 18573.900000000001455, 3711.0 ], [ 18573.900481527332886, 3711.009801714033074 ], [ 18573.901921471959213, 3711.019509032201313 ], [ 18573.904305966425454, 3711.029028467725311 ], [ 18573.90761204674709, 3711.038268343236268 ], [ 18573.911807873566431, 3711.047139673682523 ], [ 18573.91685303876875, 3711.055557023301844 ], [ 18573.922698954662337, 3711.06343932841628 ], [ 18573.929289321880788, 3711.070710678118758 ], [ 18590.900000000001455, 3728.041421356239425 ], [ 18590.900000000001455, 3780.0 ], [ 18590.900481527332886, 3780.009801714033074 ], [ 18590.901921471959213, 3780.019509032201313 ], [ 18590.904305966425454, 3780.029028467725311 ], [ 18590.90761204674709, 3780.038268343236268 ], [ 18590.911807873566431, 3780.047139673682523 ], [ 18590.91685303876875, 3780.055557023301844 ], [ 18590.922698954662337, 3780.06343932841628 ], [ 18590.929289321880788, 3780.070710678118758 ], [ 18607.900000000001455, 3797.041421356239425 ], [ 18607.900000000001455, 3831.0 ], [ 18607.900517158195726, 3831.010156977251427 ], [ 18607.902063283738244, 3831.020208899221871 ], [ 18607.904622384790855, 3831.030051797234137 ], [ 18607.908167992154631, 3831.039583864581346 ], [ 18607.912663433031412, 3831.04870650952671 ], [ 18607.918062210341304, 3831.057325375059008 ], [ 18607.924308483641653, 3831.065351314839063 ], [ 18607.931337646703469, 3831.072701315255017 ], [ 18625.900000000001455, 3848.043104648925237 ], [ 18625.900000000001455, 3883.0 ], [ 18625.900481527332886, 3883.009801714033074 ], [ 18625.901921471959213, 3883.019509032201313 ], [ 18625.904305966425454, 3883.029028467725311 ], [ 18625.90761204674709, 3883.038268343236268 ], [ 18625.911807873566431, 3883.047139673682523 ], [ 18625.91685303876875, 3883.055557023301844 ], [ 18625.922698954662337, 3883.06343932841628 ], [ 18625.929289321880788, 3883.070710678118758 ], [ 18642.900000000001455, 3900.041421356239425 ], [ 18642.900000000001455, 3917.0 ], [ 18642.900481527332886, 3917.009801714033074 ], [ 18642.901921471959213, 3917.019509032201313 ], [ 18642.904305966425454, 3917.029028467725311 ], [ 18642.90761204674709, 3917.038268343236268 ], [ 18642.911807873566431, 3917.047139673682523 ], [ 18642.91685303876875, 3917.055557023301844 ], [ 18642.922698954662337, 3917.06343932841628 ], [ 18642.929289321880788, 3917.070710678118758 ], [ 18659.900000000001455, 3934.041421356239425 ], [ 18659.900000000001455, 3986.0 ], [ 18659.900481527332886, 3986.009801714033074 ], [ 18659.901921471959213, 3986.019509032201313 ], [ 18659.904305966425454, 3986.029028467725311 ], [ 18659.90761204674709, 3986.038268343236268 ], [ 18659.911807873566431, 3986.047139673682523 ], [ 18659.91685303876875, 3986.055557023301844 ], [ 18659.922698954662337, 3986.06343932841628 ], [ 18659.929289321880788, 3986.070710678118758 ], [ 18676.900000000001455, 4003.041421356239425 ], [ 18676.900000000001455, 4141.0 ], [ 18676.900481527332886, 4141.009801714032619 ], [ 18676.901921471959213, 4141.019509032201313 ], [ 18676.904305966425454, 4141.029028467725766 ], [ 18676.90761204674709, 4141.038268343236268 ], [ 18676.911807873566431, 4141.047139673682977 ], [ 18676.91685303876875, 4141.055557023301844 ], [ 18676.922698954662337, 4141.06343932841628 ], [ 18676.929289321880788, 4141.070710678118303 ], [ 18676.93656067158372, 4141.077301045335844 ], [ 18676.944442976699065, 4141.083146961230341 ], [ 18676.952860326317023, 4141.088192126434478 ], [ 18676.961731656763732, 4141.092387953251091 ], [ 18676.970971532275144, 4141.095694033573636 ], [ 18676.980490967798687, 4141.098078528039878 ], [ 18676.990198285966471, 4141.099518472667114 ], [ 18677.0, 4141.100000000000364 ], [ 18728.958578643763758, 4141.100000000000364 ], [ 18745.900000000001455, 4158.04142135623897 ], [ 18745.900000000001455, 5188.95857864376103 ], [ 18728.958578643763758, 5205.899999999999636 ], [ 18557.0, 5205.899999999999636 ], [ 18556.990198285966471, 5205.900481527332886 ], [ 18556.980490967798687, 5205.901921471960122 ], [ 18556.970971532275144, 5205.904305966426364 ], [ 18556.961731656763732, 5205.907612046748909 ], [ 18556.952860326317023, 5205.911807873565522 ], [ 18556.944442976699065, 5205.916853038769659 ], [ 18556.93656067158372, 5205.922698954664156 ], [ 18556.929289321880788, 5205.929289321881697 ], [ 18556.922698954662337, 5205.93656067158372 ], [ 18556.91685303876875, 5205.944442976698156 ], [ 18556.911807873566431, 5205.952860326317023 ], [ 18556.90761204674709, 5205.961731656763732 ], [ 18556.904305966425454, 5205.970971532274234 ], [ 18556.901921471959213, 5205.980490967798687 ], [ 18556.900481527332886, 5205.990198285967381 ], [ 18556.900000000001455, 5206.0 ], [ 18556.900000000001455, 5463.95857864376103 ], [ 18539.929289321880788, 5480.929289321881697 ], [ 18539.922698954662337, 5480.93656067158372 ], [ 18539.91685303876875, 5480.944442976698156 ], [ 18539.911807873566431, 5480.952860326317932 ], [ 18539.90761204674709, 5480.961731656763732 ], [ 18539.904305966425454, 5480.970971532275144 ], [ 18539.901921471959213, 5480.980490967798687 ], [ 18539.900481527332886, 5480.990198285967381 ], [ 18539.900000000001455, 5481.0 ], [ 18539.900481527332886, 5481.009801714032619 ], [ 18539.901921471959213, 5481.019509032201313 ], [ 18539.904305966425454, 5481.029028467724856 ], [ 18539.90761204674709, 5481.038268343236268 ], [ 18539.911807873566431, 5481.047139673682068 ], [ 18539.91685303876875, 5481.055557023301844 ], [ 18539.922698954662337, 5481.06343932841628 ], [ 18539.929289321880788, 5481.070710678118303 ], [ 18556.900000000001455, 5498.04142135623897 ], [ 18556.900000000001455, 5514.95857864376103 ], [ 18539.929289321880788, 5531.929289321881697 ], [ 18539.922698954662337, 5531.93656067158372 ], [ 18539.91685303876875, 5531.944442976698156 ], [ 18539.911807873566431, 5531.952860326317932 ], [ 18539.90761204674709, 5531.961731656763732 ], [ 18539.904305966425454, 5531.970971532275144 ], [ 18539.901921471959213, 5531.980490967798687 ], [ 18539.900481527332886, 5531.990198285967381 ], [ 18539.900000000001455, 5532.0 ], [ 18539.900000000001455, 5550.0 ], [ 18539.900481527332886, 5550.009801714032619 ], [ 18539.901921471959213, 5550.019509032201313 ], [ 18539.904305966425454, 5550.029028467724856 ], [ 18539.90761204674709, 5550.038268343236268 ], [ 18539.911807873566431, 5550.047139673682068 ], [ 18539.91685303876875, 5550.055557023301844 ], [ 18539.922698954662337, 5550.06343932841628 ], [ 18539.929289321880788, 5550.070710678118303 ], [ 18556.858578643761575, 5567.0 ], [ 18539.929289321880788, 5583.929289321881697 ], [ 18539.922698954662337, 5583.93656067158372 ], [ 18539.91685303876875, 5583.944442976698156 ], [ 18539.911807873566431, 5583.952860326317932 ], [ 18539.90761204674709, 5583.961731656763732 ], [ 18539.904305966425454, 5583.970971532275144 ], [ 18539.901921471959213, 5583.980490967798687 ], [ 18539.900481527332886, 5583.990198285967381 ], [ 18539.900000000001455, 5584.0 ], [ 18539.900000000001455, 5928.0 ], [ 18539.900481527332886, 5928.009801714032619 ], [ 18539.901921471959213, 5928.019509032201313 ], [ 18539.904305966425454, 5928.029028467724856 ], [ 18539.90761204674709, 5928.038268343236268 ], [ 18539.911807873566431, 5928.047139673682068 ], [ 18539.91685303876875, 5928.055557023301844 ], [ 18539.922698954662337, 5928.06343932841628 ], [ 18539.929289321880788, 5928.070710678118303 ], [ 18556.900000000001455, 5945.04142135623897 ], [ 18556.900000000001455, 5961.95857864376103 ], [ 18539.929289321880788, 5978.929289321881697 ], [ 18539.922698954662337, 5978.93656067158372 ], [ 18539.91685303876875, 5978.944442976698156 ], [ 18539.911807873566431, 5978.952860326317932 ], [ 18539.90761204674709, 5978.961731656763732 ], [ 18539.904305966425454, 5978.970971532275144 ], [ 18539.901921471959213, 5978.980490967798687 ], [ 18539.900481527332886, 5978.990198285967381 ], [ 18539.900000000001455, 5979.0 ], [ 18539.900000000001455, 6048.0 ], [ 18539.900481527332886, 6048.009801714032619 ], [ 18539.901921471959213, 6048.019509032201313 ], [ 18539.904305966425454, 6048.029028467724856 ], [ 18539.90761204674709, 6048.038268343236268 ], [ 18539.911807873566431, 6048.047139673682068 ], [ 18539.91685303876875, 6048.055557023301844 ], [ 18539.922698954662337, 6048.06343932841628 ], [ 18539.929289321880788, 6048.070710678118303 ], [ 18556.900000000001455, 6065.04142135623897 ], [ 18556.900000000001455, 6081.95857864376103 ], [ 18539.929289321880788, 6098.929289321881697 ], [ 18539.922698954662337, 6098.93656067158372 ], [ 18539.91685303876875, 6098.944442976698156 ], [ 18539.911807873566431, 6098.952860326317932 ], [ 18539.90761204674709, 6098.961731656763732 ], [ 18539.904305966425454, 6098.970971532275144 ], [ 18539.901921471959213, 6098.980490967798687 ], [ 18539.900481527332886, 6098.990198285967381 ], [ 18539.900000000001455, 6099.0 ], [ 18539.900000000001455, 6184.956895351075218 ], [ 18521.931337646703469, 6201.927298684745438 ], [ 18521.924308483641653, 6201.934648685160937 ], [ 18521.918062210341304, 6201.942674624940992 ], [ 18521.912663433031412, 6201.95129349047329 ], [ 18521.908167992154631, 6201.960416135419109 ], [ 18521.904622384790855, 6201.969948202765408 ], [ 18521.902063283738244, 6201.979791100778129 ], [ 18521.900517158195726, 6201.989843022748573 ], [ 18521.900000000001455, 6202.0 ], [ 18521.900000000001455, 6237.0 ], [ 18521.900517158195726, 6237.010156977251427 ], [ 18521.902063283738244, 6237.020208899221871 ], [ 18521.904622384790855, 6237.030051797234592 ], [ 18521.908167992154631, 6237.039583864580891 ], [ 18521.912663433031412, 6237.04870650952671 ], [ 18521.918062210341304, 6237.057325375059008 ], [ 18521.924308483641653, 6237.065351314839063 ], [ 18521.931337646703469, 6237.072701315254562 ], [ 18539.854359783494147, 6254.0 ], [ 18521.931337646703469, 6270.927298684745438 ], [ 18521.924308483641653, 6270.934648685160937 ], [ 18521.918062210341304, 6270.942674624940992 ], [ 18521.912663433031412, 6270.95129349047329 ], [ 18521.908167992154631, 6270.960416135419109 ], [ 18521.904622384790855, 6270.969948202765408 ], [ 18521.902063283738244, 6270.979791100778129 ], [ 18521.900517158195726, 6270.989843022748573 ], [ 18521.900000000001455, 6271.0 ], [ 18521.900000000001455, 6340.0 ], [ 18521.900517158195726, 6340.010156977251427 ], [ 18521.902063283738244, 6340.020208899221871 ], [ 18521.904622384790855, 6340.030051797234592 ], [ 18521.908167992154631, 6340.039583864580891 ], [ 18521.912663433031412, 6340.04870650952671 ], [ 18521.918062210341304, 6340.057325375059008 ], [ 18521.924308483641653, 6340.065351314839063 ], [ 18521.931337646703469, 6340.072701315254562 ], [ 18539.854359783494147, 6357.0 ], [ 18521.931337646703469, 6373.927298684745438 ], [ 18521.924308483641653, 6373.934648685160937 ], [ 18521.918062210341304, 6373.942674624940992 ], [ 18521.912663433031412, 6373.95129349047329 ], [ 18521.908167992154631, 6373.960416135419109 ], [ 18521.904622384790855, 6373.969948202765408 ], [ 18521.902063283738244, 6373.979791100778129 ], [ 18521.900517158195726, 6373.989843022748573 ], [ 18521.900000000001455, 6374.0 ], [ 18521.900000000001455, 6684.0 ], [ 18521.900517158195726, 6684.010156977251427 ], [ 18521.902063283738244, 6684.020208899221871 ], [ 18521.904622384790855, 6684.030051797234592 ], [ 18521.908167992154631, 6684.039583864580891 ], [ 18521.912663433031412, 6684.04870650952671 ], [ 18521.918062210341304, 6684.057325375059008 ], [ 18521.924308483641653, 6684.065351314839063 ], [ 18521.931337646703469, 6684.072701315254562 ], [ 18539.854359783494147, 6701.0 ], [ 18521.931337646703469, 6717.927298684745438 ], [ 18521.924308483641653, 6717.934648685160937 ], [ 18521.918062210341304, 6717.942674624940992 ], [ 18521.912663433031412, 6717.95129349047329 ], [ 18521.908167992154631, 6717.960416135419109 ], [ 18521.904622384790855, 6717.969948202765408 ], [ 18521.902063283738244, 6717.979791100778129 ], [ 18521.900517158195726, 6717.989843022748573 ], [ 18521.900000000001455, 6718.0 ], [ 18521.900000000001455, 7474.0 ], [ 18521.900517158195726, 7474.010156977251427 ], [ 18521.902063283738244, 7474.020208899221871 ], [ 18521.904622384790855, 7474.030051797234592 ], [ 18521.908167992154631, 7474.039583864580891 ], [ 18521.912663433031412, 7474.04870650952671 ], [ 18521.918062210341304, 7474.057325375059008 ], [ 18521.924308483641653, 7474.065351314839063 ], [ 18521.931337646703469, 7474.072701315254562 ], [ 18539.900000000001455, 7491.043104648924782 ], [ 18539.900000000001455, 7507.95857864376103 ], [ 18521.929289321880788, 7525.929289321881697 ], [ 18521.922698954662337, 7525.93656067158372 ], [ 18521.91685303876875, 7525.944442976698156 ], [ 18521.911807873566431, 7525.952860326317932 ], [ 18521.90761204674709, 7525.961731656763732 ], [ 18521.904305966425454, 7525.970971532275144 ], [ 18521.901921471959213, 7525.980490967798687 ], [ 18521.900481527332886, 7525.990198285967381 ], [ 18521.900000000001455, 7526.0 ], [ 18521.900000000001455, 7543.0 ], [ 18521.900517158195726, 7543.010156977251427 ], [ 18521.902063283738244, 7543.020208899221871 ], [ 18521.904622384790855, 7543.030051797234592 ], [ 18521.908167992154631, 7543.039583864580891 ], [ 18521.912663433031412, 7543.04870650952671 ], [ 18521.918062210341304, 7543.057325375059008 ], [ 18521.924308483641653, 7543.065351314839063 ], [ 18521.931337646703469, 7543.072701315254562 ], [ 18539.900000000001455, 7560.043104648924782 ], [ 18539.900000000001455, 7783.0 ], [ 18539.900481527332886, 7783.009801714032619 ], [ 18539.901921471959213, 7783.019509032201313 ], [ 18539.904305966425454, 7783.029028467724856 ], [ 18539.90761204674709, 7783.038268343236268 ], [ 18539.911807873566431, 7783.047139673682068 ], [ 18539.91685303876875, 7783.055557023301844 ], [ 18539.922698954662337, 7783.06343932841628 ], [ 18539.929289321880788, 7783.070710678118303 ], [ 18556.900000000001455, 7800.04142135623897 ], [ 18556.900000000001455, 7921.0 ], [ 18556.900481527332886, 7921.009801714032619 ], [ 18556.901921471959213, 7921.019509032201313 ], [ 18556.904305966425454, 7921.029028467724856 ], [ 18556.90761204674709, 7921.038268343236268 ], [ 18556.911807873566431, 7921.047139673682068 ], [ 18556.91685303876875, 7921.055557023301844 ], [ 18556.922698954662337, 7921.06343932841628 ], [ 18556.929289321880788, 7921.070710678118303 ], [ 18573.900000000001455, 7938.04142135623897 ], [ 18573.900000000001455, 8230.0 ], [ 18573.900481527332886, 8230.009801714033529 ], [ 18573.901921471959213, 8230.019509032201313 ], [ 18573.904305966425454, 8230.029028467724856 ], [ 18573.90761204674709, 8230.038268343236268 ], [ 18573.911807873566431, 8230.047139673682977 ], [ 18573.91685303876875, 8230.055557023302754 ], [ 18573.922698954662337, 8230.06343932841628 ], [ 18573.929289321880788, 8230.070710678119212 ], [ 18590.900000000001455, 8247.04142135623988 ], [ 18590.900000000001455, 8316.0 ], [ 18590.900481527332886, 8316.009801714033529 ], [ 18590.901921471959213, 8316.019509032201313 ], [ 18590.904305966425454, 8316.029028467724856 ], [ 18590.90761204674709, 8316.038268343236268 ], [ 18590.911807873566431, 8316.047139673682977 ], [ 18590.91685303876875, 8316.055557023302754 ], [ 18590.922698954662337, 8316.06343932841628 ], [ 18590.929289321880788, 8316.070710678119212 ], [ 18590.93656067158372, 8316.077301045335844 ], [ 18590.944442976699065, 8316.083146961229431 ], [ 18590.952860326317023, 8316.088192126435388 ], [ 18590.961731656763732, 8316.092387953251091 ], [ 18590.970971532275144, 8316.095694033572727 ], [ 18590.980490967798687, 8316.098078528040787 ], [ 18590.990198285966471, 8316.099518472667114 ], [ 18591.0, 8316.100000000000364 ], [ 18728.95857864376012, 8316.100000000000364 ], [ 18745.900000000001455, 8333.04142135623988 ], [ 18745.900000000001455, 11271.0 ], [ 18745.900447165146034, 11271.009446325861063 ], [ 18745.901784661444253, 11271.018808170369084 ], [ 18745.904000527269091, 11271.028001807711917 ], [ 18745.907074945451313, 11271.036945016407117 ], [ 18745.910980420547276, 11271.045557814630229 ], [ 18745.9156820247008, 11271.053763175517815 ], [ 18745.921137710050971, 11271.061487716042393 ], [ 18745.927298684746347, 11271.068662353296531 ], [ 18762.900000000001455, 11289.039757863567502 ], [ 18762.900000000001455, 11426.0 ], [ 18762.900481527332886, 11426.009801714033529 ], [ 18762.901921471959213, 11426.019509032201313 ], [ 18762.904305966425454, 11426.029028467724856 ], [ 18762.90761204674709, 11426.038268343236268 ], [ 18762.911807873566431, 11426.047139673682977 ], [ 18762.91685303876875, 11426.055557023302754 ], [ 18762.922698954662337, 11426.06343932841628 ], [ 18762.929289321880788, 11426.070710678119212 ], [ 18779.900000000001455, 11443.04142135623988 ], [ 18779.900000000001455, 11563.0 ], [ 18779.900447165146034, 11563.009446325861063 ], [ 18779.901784661444253, 11563.018808170369084 ], [ 18779.904000527269091, 11563.028001807711917 ], [ 18779.907074945451313, 11563.036945016407117 ], [ 18779.910980420547276, 11563.045557814630229 ], [ 18779.9156820247008, 11563.053763175517815 ], [ 18779.921137710050971, 11563.061487716042393 ], [ 18779.927298684746347, 11563.068662353296531 ], [ 18796.900000000001455, 11581.039757863567502 ], [ 18796.900000000001455, 11667.0 ], [ 18796.900517158195726, 11667.010156977250517 ], [ 18796.902063283738244, 11667.020208899220961 ], [ 18796.904622384790855, 11667.030051797233682 ], [ 18796.908167992154631, 11667.0395838645818 ], [ 18796.912663433031412, 11667.048706509527619 ], [ 18796.918062210341304, 11667.057325375059008 ], [ 18796.924308483641653, 11667.065351314839063 ], [ 18796.931337646703469, 11667.072701315255472 ], [ 18814.900000000001455, 11684.043104648926601 ], [ 18814.900000000001455, 11787.0 ], [ 18814.900481527332886, 11787.009801714033529 ], [ 18814.901921471959213, 11787.019509032201313 ], [ 18814.904305966425454, 11787.029028467724856 ], [ 18814.90761204674709, 11787.038268343236268 ], [ 18814.911807873566431, 11787.047139673682977 ], [ 18814.91685303876875, 11787.055557023302754 ], [ 18814.922698954662337, 11787.06343932841628 ], [ 18814.929289321880788, 11787.070710678119212 ], [ 18831.900000000001455, 11804.04142135623988 ], [ 18831.900000000001455, 11959.0 ], [ 18831.900481527332886, 11959.009801714033529 ], [ 18831.901921471959213, 11959.019509032201313 ], [ 18831.904305966425454, 11959.029028467724856 ], [ 18831.90761204674709, 11959.038268343236268 ], [ 18831.911807873566431, 11959.047139673682977 ], [ 18831.91685303876875, 11959.055557023302754 ], [ 18831.922698954662337, 11959.06343932841628 ], [ 18831.929289321880788, 11959.070710678119212 ], [ 18848.900000000001455, 11976.04142135623988 ], [ 18848.900000000001455, 12148.0 ], [ 18848.900481527332886, 12148.009801714033529 ], [ 18848.901921471959213, 12148.019509032201313 ], [ 18848.904305966425454, 12148.029028467724856 ], [ 18848.90761204674709, 12148.038268343236268 ], [ 18848.911807873566431, 12148.047139673682977 ], [ 18848.91685303876875, 12148.055557023302754 ], [ 18848.922698954662337, 12148.06343932841628 ], [ 18848.929289321880788, 12148.070710678119212 ], [ 18865.858578643761575, 12165.0 ], [ 18848.929289321880788, 12181.929289321880788 ], [ 18848.922698954662337, 12181.93656067158372 ], [ 18848.91685303876875, 12181.944442976697246 ], [ 18848.911807873566431, 12181.952860326317023 ], [ 18848.90761204674709, 12181.961731656763732 ], [ 18848.904305966425454, 12181.970971532275144 ], [ 18848.901921471959213, 12181.980490967798687 ], [ 18848.900481527332886, 12181.990198285966471 ], [ 18848.900000000001455, 12182.0 ], [ 18848.900000000001455, 12199.0 ], [ 18848.900481527332886, 12199.009801714033529 ], [ 18848.901921471959213, 12199.019509032201313 ], [ 18848.904305966425454, 12199.029028467724856 ], [ 18848.90761204674709, 12199.038268343236268 ], [ 18848.911807873566431, 12199.047139673682977 ], [ 18848.91685303876875, 12199.055557023302754 ], [ 18848.922698954662337, 12199.06343932841628 ], [ 18848.929289321880788, 12199.070710678119212 ], [ 18865.900000000001455, 12216.04142135623988 ], [ 18865.900000000001455, 12474.0 ], [ 18865.900481527332886, 12474.009801714033529 ], [ 18865.901921471959213, 12474.019509032201313 ], [ 18865.904305966425454, 12474.029028467724856 ], [ 18865.90761204674709, 12474.038268343236268 ], [ 18865.911807873566431, 12474.047139673682977 ], [ 18865.91685303876875, 12474.055557023302754 ], [ 18865.922698954662337, 12474.06343932841628 ], [ 18865.929289321880788, 12474.070710678119212 ], [ 18882.858578643761575, 12491.0 ], [ 18865.929289321880788, 12507.929289321880788 ], [ 18865.922698954662337, 12507.93656067158372 ], [ 18865.91685303876875, 12507.944442976697246 ], [ 18865.911807873566431, 12507.952860326317023 ], [ 18865.90761204674709, 12507.961731656763732 ], [ 18865.904305966425454, 12507.970971532275144 ], [ 18865.901921471959213, 12507.980490967798687 ], [ 18865.900481527332886, 12507.990198285966471 ], [ 18865.900000000001455, 12508.0 ], [ 18865.900000000001455, 12526.0 ], [ 18865.900481527332886, 12526.009801714033529 ], [ 18865.901921471959213, 12526.019509032201313 ], [ 18865.904305966425454, 12526.029028467724856 ], [ 18865.90761204674709, 12526.038268343236268 ], [ 18865.911807873566431, 12526.047139673682977 ], [ 18865.91685303876875, 12526.055557023302754 ], [ 18865.922698954662337, 12526.06343932841628 ], [ 18865.929289321880788, 12526.070710678119212 ], [ 18882.900000000001455, 12543.04142135623988 ], [ 18882.900000000001455, 12680.0 ], [ 18882.900481527332886, 12680.009801714033529 ], [ 18882.901921471959213, 12680.019509032201313 ], [ 18882.904305966425454, 12680.029028467724856 ], [ 18882.90761204674709, 12680.038268343236268 ], [ 18882.911807873566431, 12680.047139673682977 ], [ 18882.91685303876875, 12680.055557023302754 ], [ 18882.922698954662337, 12680.06343932841628 ], [ 18882.929289321880788, 12680.070710678119212 ], [ 18899.860570093238493, 12697.001991449476918 ], [ 18882.927298684746347, 12714.931337646703469 ], [ 18882.921137710050971, 12714.938512283957607 ], [ 18882.9156820247008, 12714.946236824482185 ], [ 18882.910980420547276, 12714.954442185369771 ], [ 18882.907074945451313, 12714.963054983592883 ], [ 18882.904000527269091, 12714.971998192288083 ], [ 18882.901784661444253, 12714.981191829630916 ], [ 18882.900447165146034, 12714.990553674138937 ], [ 18882.900000000001455, 12715.0 ], [ 18882.900000000001455, 12732.0 ], [ 18882.900481527332886, 12732.009801714033529 ], [ 18882.901921471959213, 12732.019509032201313 ], [ 18882.904305966425454, 12732.029028467724856 ], [ 18882.90761204674709, 12732.038268343236268 ], [ 18882.911807873566431, 12732.047139673682977 ], [ 18882.91685303876875, 12732.055557023302754 ], [ 18882.922698954662337, 12732.06343932841628 ], [ 18882.929289321880788, 12732.070710678119212 ], [ 18899.900000000001455, 12749.04142135623988 ], [ 18899.900000000001455, 12766.0 ], [ 18899.900517158195726, 12766.010156977250517 ], [ 18899.902063283738244, 12766.020208899220961 ], [ 18899.904622384790855, 12766.030051797233682 ], [ 18899.908167992154631, 12766.0395838645818 ], [ 18899.912663433031412, 12766.048706509527619 ], [ 18899.918062210341304, 12766.057325375059008 ], [ 18899.924308483641653, 12766.065351314839063 ], [ 18899.931337646703469, 12766.072701315255472 ], [ 18917.900000000001455, 12783.043104648926601 ], [ 18917.900000000001455, 13127.0 ], [ 18917.900481527332886, 13127.009801714033529 ], [ 18917.901921471959213, 13127.019509032201313 ], [ 18917.904305966425454, 13127.029028467724856 ], [ 18917.90761204674709, 13127.038268343236268 ], [ 18917.911807873566431, 13127.047139673682977 ], [ 18917.91685303876875, 13127.055557023302754 ], [ 18917.922698954662337, 13127.06343932841628 ], [ 18917.929289321880788, 13127.070710678119212 ], [ 18934.900000000001455, 13144.04142135623988 ], [ 18934.900000000001455, 13368.0 ], [ 18934.900481527332886, 13368.009801714033529 ], [ 18934.901921471959213, 13368.019509032201313 ], [ 18934.904305966425454, 13368.029028467724856 ], [ 18934.90761204674709, 13368.038268343236268 ], [ 18934.911807873566431, 13368.047139673682977 ], [ 18934.91685303876875, 13368.055557023302754 ], [ 18934.922698954662337, 13368.06343932841628 ], [ 18934.929289321880788, 13368.070710678119212 ], [ 18951.900000000001455, 13385.04142135623988 ], [ 18951.900000000001455, 13557.0 ], [ 18951.900481527332886, 13557.009801714033529 ], [ 18951.901921471959213, 13557.019509032201313 ], [ 18951.904305966425454, 13557.029028467724856 ], [ 18951.90761204674709, 13557.038268343236268 ], [ 18951.911807873566431, 13557.047139673682977 ], [ 18951.91685303876875, 13557.055557023302754 ], [ 18951.922698954662337, 13557.06343932841628 ], [ 18951.929289321880788, 13557.070710678119212 ], [ 18968.900000000001455, 13574.04142135623988 ], [ 18968.900000000001455, 13728.0 ], [ 18968.900447165146034, 13728.009446325861063 ], [ 18968.901784661444253, 13728.018808170369084 ], [ 18968.904000527269091, 13728.028001807711917 ], [ 18968.907074945451313, 13728.036945016407117 ], [ 18968.910980420547276, 13728.045557814630229 ], [ 18968.9156820247008, 13728.053763175517815 ], [ 18968.921137710050971, 13728.061487716042393 ], [ 18968.927298684746347, 13728.068662353296531 ], [ 18985.900000000001455, 13746.039757863567502 ], [ 18985.900000000001455, 13849.0 ], [ 18985.900517158195726, 13849.010156977250517 ], [ 18985.902063283738244, 13849.020208899220961 ], [ 18985.904622384790855, 13849.030051797233682 ], [ 18985.908167992154631, 13849.0395838645818 ], [ 18985.912663433031412, 13849.048706509527619 ], [ 18985.918062210341304, 13849.057325375059008 ], [ 18985.924308483641653, 13849.065351314839063 ], [ 18985.931337646703469, 13849.072701315255472 ], [ 19003.900000000001455, 13866.043104648926601 ], [ 19003.900000000001455, 13969.0 ], [ 19003.900481527332886, 13969.009801714033529 ], [ 19003.901921471959213, 13969.019509032201313 ], [ 19003.904305966425454, 13969.029028467724856 ], [ 19003.90761204674709, 13969.038268343236268 ], [ 19003.911807873566431, 13969.047139673682977 ], [ 19003.91685303876875, 13969.055557023302754 ], [ 19003.922698954662337, 13969.06343932841628 ], [ 19003.929289321880788, 13969.070710678119212 ], [ 19020.900000000001455, 13986.04142135623988 ], [ 19020.900000000001455, 14106.0 ], [ 19020.900447165146034, 14106.009446325861063 ], [ 19020.901784661444253, 14106.018808170369084 ], [ 19020.904000527269091, 14106.028001807711917 ], [ 19020.907074945451313, 14106.036945016407117 ], [ 19020.910980420547276, 14106.045557814630229 ], [ 19020.9156820247008, 14106.053763175517815 ], [ 19020.921137710050971, 14106.061487716042393 ], [ 19020.927298684746347, 14106.068662353296531 ], [ 19037.900000000001455, 14124.039757863567502 ], [ 19037.900000000001455, 14227.0 ], [ 19037.900481527332886, 14227.009801714033529 ], [ 19037.901921471959213, 14227.019509032201313 ], [ 19037.904305966425454, 14227.029028467724856 ], [ 19037.90761204674709, 14227.038268343236268 ], [ 19037.911807873566431, 14227.047139673682977 ], [ 19037.91685303876875, 14227.055557023302754 ], [ 19037.922698954662337, 14227.06343932841628 ], [ 19037.929289321880788, 14227.070710678119212 ], [ 19054.900000000001455, 14244.04142135623988 ], [ 19054.900000000001455, 14347.0 ], [ 19054.900481527332886, 14347.009801714033529 ], [ 19054.901921471959213, 14347.019509032201313 ], [ 19054.904305966425454, 14347.029028467724856 ], [ 19054.90761204674709, 14347.038268343236268 ], [ 19054.911807873566431, 14347.047139673682977 ], [ 19054.91685303876875, 14347.055557023302754 ], [ 19054.922698954662337, 14347.06343932841628 ], [ 19054.929289321880788, 14347.070710678119212 ], [ 19071.900000000001455, 14364.04142135623988 ], [ 19071.900000000001455, 14519.0 ], [ 19071.900481527332886, 14519.009801714033529 ], [ 19071.901921471959213, 14519.019509032201313 ], [ 19071.904305966425454, 14519.029028467724856 ], [ 19071.90761204674709, 14519.038268343236268 ], [ 19071.911807873566431, 14519.047139673682977 ], [ 19071.91685303876875, 14519.055557023302754 ], [ 19071.922698954662337, 14519.06343932841628 ], [ 19071.929289321880788, 14519.070710678119212 ], [ 19088.900000000001455, 14536.04142135623988 ], [ 19088.900000000001455, 14691.0 ], [ 19088.900517158195726, 14691.010156977250517 ], [ 19088.902063283738244, 14691.020208899220961 ], [ 19088.904622384790855, 14691.030051797233682 ], [ 19088.908167992154631, 14691.0395838645818 ], [ 19088.912663433031412, 14691.048706509527619 ], [ 19088.918062210341304, 14691.057325375059008 ], [ 19088.924308483641653, 14691.065351314839063 ], [ 19088.931337646703469, 14691.072701315255472 ], [ 19106.900000000001455, 14708.043104648926601 ], [ 19106.900000000001455, 14863.0 ], [ 19106.900481527332886, 14863.009801714033529 ], [ 19106.901921471959213, 14863.019509032201313 ], [ 19106.904305966425454, 14863.029028467724856 ], [ 19106.90761204674709, 14863.038268343236268 ], [ 19106.911807873566431, 14863.047139673682977 ], [ 19106.91685303876875, 14863.055557023302754 ], [ 19106.922698954662337, 14863.06343932841628 ], [ 19106.929289321880788, 14863.070710678119212 ], [ 19123.900000000001455, 14880.04142135623988 ], [ 19123.900000000001455, 14983.0 ], [ 19123.900481527332886, 14983.009801714033529 ], [ 19123.901921471959213, 14983.019509032201313 ], [ 19123.904305966425454, 14983.029028467724856 ], [ 19123.90761204674709, 14983.038268343236268 ], [ 19123.911807873566431, 14983.047139673682977 ], [ 19123.91685303876875, 14983.055557023302754 ], [ 19123.922698954662337, 14983.06343932841628 ], [ 19123.929289321880788, 14983.070710678119212 ], [ 19140.900000000001455, 15000.04142135623988 ], [ 19140.900000000001455, 15103.0 ], [ 19140.900481527332886, 15103.009801714033529 ], [ 19140.901921471959213, 15103.019509032201313 ], [ 19140.904305966425454, 15103.029028467724856 ], [ 19140.90761204674709, 15103.038268343236268 ], [ 19140.911807873566431, 15103.047139673682977 ], [ 19140.91685303876875, 15103.055557023302754 ], [ 19140.922698954662337, 15103.06343932841628 ], [ 19140.929289321880788, 15103.070710678119212 ], [ 19157.900000000001455, 15120.04142135623988 ], [ 19157.900000000001455, 15241.0 ], [ 19157.900481527332886, 15241.009801714033529 ], [ 19157.901921471959213, 15241.019509032201313 ], [ 19157.904305966425454, 15241.029028467724856 ], [ 19157.90761204674709, 15241.038268343236268 ], [ 19157.911807873566431, 15241.047139673682977 ], [ 19157.91685303876875, 15241.055557023302754 ], [ 19157.922698954662337, 15241.06343932841628 ], [ 19157.929289321880788, 15241.070710678119212 ], [ 19174.900000000001455, 15258.04142135623988 ], [ 19174.900000000001455, 15344.0 ], [ 19174.900517158195726, 15344.010156977250517 ], [ 19174.902063283738244, 15344.020208899220961 ], [ 19174.904622384790855, 15344.030051797233682 ], [ 19174.908167992154631, 15344.0395838645818 ], [ 19174.912663433031412, 15344.048706509527619 ], [ 19174.918062210341304, 15344.057325375059008 ], [ 19174.924308483641653, 15344.065351314839063 ], [ 19174.931337646703469, 15344.072701315255472 ], [ 19192.900000000001455, 15361.043104648926601 ], [ 19192.900000000001455, 15377.956895351073399 ], [ 19174.931337646703469, 15394.927298684744528 ], [ 19174.924700965446391, 15394.93419684357832 ], [ 19174.918754250244092, 15394.941697957610813 ], [ 19174.913551990932319, 15394.949733294035468 ], [ 19174.909141855881899, 15394.958229224957904 ], [ 19174.90556425521936, 15394.967107902049975 ], [ 19174.902851970542542, 15394.976287969871919 ], [ 19174.901029854558146, 15394.985685311345151 ], [ 19174.900114603336988, 15394.995213818499906 ], [ 19174.900114603336988, 15395.004786181500094 ], [ 19174.901029854558146, 15395.014314688654849 ], [ 19174.902851970542542, 15395.023712030128081 ], [ 19174.90556425521936, 15395.032892097950025 ], [ 19174.909141855881899, 15395.041770775042096 ], [ 19174.913551990932319, 15395.050266705964532 ], [ 19174.918754250244092, 15395.058302042389187 ], [ 19174.924700965446391, 15395.06580315642168 ], [ 19174.931337646703469, 15395.072701315255472 ], [ 19192.900000000001455, 15412.043104648926601 ], [ 19192.900000000001455, 15464.0 ], [ 19192.900481527332886, 15464.009801714033529 ], [ 19192.901921471959213, 15464.019509032201313 ], [ 19192.904305966425454, 15464.029028467724856 ], [ 19192.90761204674709, 15464.038268343236268 ], [ 19192.911807873566431, 15464.047139673682977 ], [ 19192.91685303876875, 15464.055557023302754 ], [ 19192.922698954662337, 15464.06343932841628 ], [ 19192.929289321880788, 15464.070710678119212 ], [ 19209.900000000001455, 15481.04142135623988 ], [ 19209.900000000001455, 15550.0 ], [ 19209.900481527332886, 15550.009801714033529 ], [ 19209.901921471959213, 15550.019509032201313 ], [ 19209.904305966425454, 15550.029028467724856 ], [ 19209.90761204674709, 15550.038268343236268 ], [ 19209.911807873566431, 15550.047139673682977 ], [ 19209.91685303876875, 15550.055557023302754 ], [ 19209.922698954662337, 15550.06343932841628 ], [ 19209.929289321880788, 15550.070710678119212 ], [ 19226.900000000001455, 15567.04142135623988 ], [ 19226.900000000001455, 15739.0 ], [ 19226.900481527332886, 15739.009801714033529 ], [ 19226.901921471959213, 15739.019509032201313 ], [ 19226.904305966425454, 15739.029028467724856 ], [ 19226.90761204674709, 15739.038268343236268 ], [ 19226.911807873566431, 15739.047139673682977 ], [ 19226.91685303876875, 15739.055557023302754 ], [ 19226.922698954662337, 15739.06343932841628 ], [ 19226.929289321880788, 15739.070710678119212 ], [ 19243.900000000001455, 15756.04142135623988 ], [ 19243.900000000001455, 15790.0 ], [ 19243.900447165146034, 15790.009446325861063 ], [ 19243.901784661444253, 15790.018808170369084 ], [ 19243.904000527269091, 15790.028001807711917 ], [ 19243.907074945451313, 15790.036945016407117 ], [ 19243.910980420547276, 15790.045557814630229 ], [ 19243.9156820247008, 15790.053763175517815 ], [ 19243.921137710050971, 15790.061487716042393 ], [ 19243.927298684746347, 15790.068662353296531 ], [ 19260.900000000001455, 15808.039757863567502 ], [ 19260.900000000001455, 15824.95857864376012 ], [ 19243.929289321880788, 15841.929289321880788 ], [ 19243.922698954662337, 15841.93656067158372 ], [ 19243.91685303876875, 15841.944442976697246 ], [ 19243.911807873566431, 15841.952860326317023 ], [ 19243.90761204674709, 15841.961731656763732 ], [ 19243.904305966425454, 15841.970971532275144 ], [ 19243.901921471959213, 15841.980490967798687 ], [ 19243.900481527332886, 15841.990198285966471 ], [ 19243.900000000001455, 15842.0 ], [ 19243.900481527332886, 15842.009801714033529 ], [ 19243.901921471959213, 15842.019509032201313 ], [ 19243.904305966425454, 15842.029028467724856 ], [ 19243.90761204674709, 15842.038268343236268 ], [ 19243.911807873566431, 15842.047139673682977 ], [ 19243.91685303876875, 15842.055557023302754 ], [ 19243.922698954662337, 15842.06343932841628 ], [ 19243.929289321880788, 15842.070710678119212 ], [ 19260.900000000001455, 15859.04142135623988 ], [ 19260.900000000001455, 15928.0 ], [ 19260.900481527332886, 15928.009801714033529 ], [ 19260.901921471959213, 15928.019509032201313 ], [ 19260.904305966425454, 15928.029028467724856 ], [ 19260.90761204674709, 15928.038268343236268 ], [ 19260.911807873566431, 15928.047139673682977 ], [ 19260.91685303876875, 15928.055557023302754 ], [ 19260.922698954662337, 15928.06343932841628 ], [ 19260.929289321880788, 15928.070710678119212 ], [ 19277.900000000001455, 15945.04142135623988 ], [ 19277.900000000001455, 15997.0 ], [ 19277.900517158195726, 15997.010156977250517 ], [ 19277.902063283738244, 15997.020208899220961 ], [ 19277.904622384790855, 15997.030051797233682 ], [ 19277.908167992154631, 15997.0395838645818 ], [ 19277.912663433031412, 15997.048706509527619 ], [ 19277.918062210341304, 15997.057325375059008 ], [ 19277.924308483641653, 15997.065351314839063 ], [ 19277.931337646703469, 15997.072701315255472 ], [ 19295.854359783490509, 16014.0 ], [ 19277.931337646703469, 16030.927298684744528 ], [ 19277.924700965446391, 16030.93419684357832 ], [ 19277.918754250244092, 16030.941697957610813 ], [ 19277.913551990932319, 16030.949733294035468 ], [ 19277.909141855881899, 16030.958229224957904 ], [ 19277.90556425521936, 16030.967107902049975 ], [ 19277.902851970542542, 16030.976287969871919 ], [ 19277.901029854558146, 16030.985685311345151 ], [ 19277.900114603336988, 16030.995213818499906 ], [ 19277.900114603336988, 16031.004786181500094 ], [ 19277.901029854558146, 16031.014314688654849 ], [ 19277.902851970542542, 16031.023712030128081 ], [ 19277.90556425521936, 16031.032892097950025 ], [ 19277.909141855881899, 16031.041770775042096 ], [ 19277.913551990932319, 16031.050266705964532 ], [ 19277.918754250244092, 16031.058302042389187 ], [ 19277.924700965446391, 16031.06580315642168 ], [ 19277.931337646703469, 16031.072701315255472 ], [ 19295.854359783490509, 16048.0 ], [ 19277.931337646703469, 16064.927298684744528 ], [ 19277.924700965446391, 16064.93419684357832 ], [ 19277.918754250244092, 16064.941697957610813 ], [ 19277.913551990932319, 16064.949733294035468 ], [ 19277.909141855881899, 16064.958229224957904 ], [ 19277.90556425521936, 16064.967107902049975 ], [ 19277.902851970542542, 16064.976287969871919 ], [ 19277.901029854558146, 16064.985685311345151 ], [ 19277.900114603336988, 16064.995213818499906 ], [ 19277.900114603336988, 16065.004786181500094 ], [ 19277.901029854558146, 16065.014314688654849 ], [ 19277.902851970542542, 16065.023712030128081 ], [ 19277.90556425521936, 16065.032892097950025 ], [ 19277.909141855881899, 16065.041770775042096 ], [ 19277.913551990932319, 16065.050266705964532 ], [ 19277.918754250244092, 16065.058302042389187 ], [ 19277.924700965446391, 16065.06580315642168 ], [ 19277.931337646703469, 16065.072701315255472 ], [ 19295.929260466284177, 16082.070739533748565 ], [ 19312.900000000001455, 16100.039757863567502 ], [ 19312.900000000001455, 16117.0 ], [ 19312.900481527332886, 16117.009801714033529 ], [ 19312.901921471959213, 16117.019509032201313 ], [ 19312.904305966425454, 16117.029028467724856 ], [ 19312.90761204674709, 16117.038268343236268 ], [ 19312.911807873566431, 16117.047139673682977 ], [ 19312.91685303876875, 16117.055557023302754 ], [ 19312.922698954662337, 16117.06343932841628 ], [ 19312.929289321880788, 16117.070710678119212 ], [ 19346.858578643761575, 16151.0 ], [ 19329.929289321880788, 16167.929289321880788 ], [ 19329.922698954662337, 16167.93656067158372 ], [ 19329.91685303876875, 16167.944442976697246 ], [ 19329.911807873566431, 16167.952860326317023 ], [ 19329.90761204674709, 16167.961731656763732 ], [ 19329.904305966425454, 16167.970971532275144 ], [ 19329.901921471959213, 16167.980490967798687 ], [ 19329.900481527332886, 16167.990198285966471 ], [ 19329.900000000001455, 16168.0 ], [ 19329.900000000001455, 16202.95857864376012 ], [ 19312.929289321880788, 16219.929289321880788 ], [ 19312.922698954662337, 16219.93656067158372 ], [ 19312.91685303876875, 16219.944442976697246 ], [ 19312.911807873566431, 16219.952860326317023 ], [ 19312.90761204674709, 16219.961731656763732 ], [ 19312.904305966425454, 16219.970971532275144 ], [ 19312.901921471959213, 16219.980490967798687 ], [ 19312.900481527332886, 16219.990198285966471 ], [ 19312.900000000001455, 16220.0 ], [ 19312.900000000001455, 16271.0 ], [ 19312.900447165146034, 16271.009446325861063 ], [ 19312.901784661444253, 16271.018808170369084 ], [ 19312.904000527269091, 16271.028001807711917 ], [ 19312.907074945451313, 16271.036945016407117 ], [ 19312.910980420547276, 16271.045557814630229 ], [ 19312.9156820247008, 16271.053763175517815 ], [ 19312.921137710050971, 16271.061487716042393 ], [ 19312.927298684746347, 16271.068662353296531 ], [ 19329.900000000001455, 16289.039757863567502 ], [ 19329.900000000001455, 16340.0 ], [ 19329.900481527332886, 16340.009801714033529 ], [ 19329.901921471959213, 16340.019509032201313 ], [ 19329.904305966425454, 16340.029028467724856 ], [ 19329.90761204674709, 16340.038268343236268 ], [ 19329.911807873566431, 16340.047139673682977 ], [ 19329.91685303876875, 16340.055557023302754 ], [ 19329.922698954662337, 16340.06343932841628 ], [ 19329.929289321880788, 16340.070710678119212 ], [ 19346.900000000001455, 16357.04142135623988 ], [ 19346.900000000001455, 16495.0 ], [ 19346.900481527332886, 16495.009801714033529 ], [ 19346.901921471959213, 16495.019509032201313 ], [ 19346.904305966425454, 16495.029028467724856 ], [ 19346.90761204674709, 16495.038268343236268 ], [ 19346.911807873566431, 16495.047139673682977 ], [ 19346.91685303876875, 16495.055557023300935 ], [ 19346.922698954662337, 16495.06343932841628 ], [ 19346.929289321880788, 16495.070710678119212 ], [ 19363.900000000001455, 16512.04142135623988 ], [ 19363.900000000001455, 16632.0 ], [ 19363.900481527332886, 16632.009801714033529 ], [ 19363.901921471959213, 16632.019509032201313 ], [ 19363.904305966425454, 16632.029028467724856 ], [ 19363.90761204674709, 16632.038268343236268 ], [ 19363.911807873566431, 16632.047139673682977 ], [ 19363.91685303876875, 16632.055557023300935 ], [ 19363.922698954662337, 16632.06343932841628 ], [ 19363.929289321880788, 16632.070710678119212 ], [ 19363.93656067158372, 16632.077301045337663 ], [ 19363.944442976699065, 16632.08314696123125 ], [ 19363.952860326317023, 16632.088192126433569 ], [ 19363.961731656763732, 16632.09238795325291 ], [ 19363.970971532275144, 16632.095694033574546 ], [ 19363.980490967798687, 16632.098078528040787 ], [ 19363.990198285966471, 16632.099518472667114 ], [ 19364.0, 16632.099999999998545 ], [ 19381.956895351075218, 16632.099999999998545 ], [ 19398.900000000001455, 16650.039757863567502 ], [ 19398.900000000001455, 16839.0 ], [ 19398.900481527332886, 16839.009801714033529 ], [ 19398.901921471959213, 16839.019509032201313 ], [ 19398.904305966425454, 16839.029028467724856 ], [ 19398.90761204674709, 16839.038268343236268 ], [ 19398.911807873566431, 16839.047139673682977 ], [ 19398.91685303876875, 16839.055557023300935 ], [ 19398.922698954662337, 16839.06343932841628 ], [ 19398.929289321880788, 16839.070710678119212 ], [ 19415.900000000001455, 16856.04142135623988 ], [ 19415.900000000001455, 16924.0 ], [ 19415.900447165146034, 16924.009446325861063 ], [ 19415.901784661444253, 16924.018808170367265 ], [ 19415.904000527269091, 16924.028001807710098 ], [ 19415.907074945451313, 16924.036945016407117 ], [ 19415.910980420547276, 16924.04555781462841 ], [ 19415.9156820247008, 16924.053763175517815 ], [ 19415.921137710050971, 16924.061487716040574 ], [ 19415.927298684746347, 16924.068662353296531 ], [ 19432.900000000001455, 16942.039757863567502 ], [ 19432.900000000001455, 17028.0 ], [ 19432.900481527332886, 17028.009801714033529 ], [ 19432.901921471959213, 17028.019509032201313 ], [ 19432.904305966425454, 17028.029028467724856 ], [ 19432.90761204674709, 17028.038268343236268 ], [ 19432.911807873566431, 17028.047139673682977 ], [ 19432.91685303876875, 17028.055557023300935 ], [ 19432.922698954662337, 17028.06343932841628 ], [ 19432.929289321880788, 17028.070710678119212 ], [ 19449.900000000001455, 17045.04142135623988 ], [ 19449.900000000001455, 17148.0 ], [ 19449.900481527332886, 17148.009801714033529 ], [ 19449.901921471959213, 17148.019509032201313 ], [ 19449.904305966425454, 17148.029028467724856 ], [ 19449.90761204674709, 17148.038268343236268 ], [ 19449.911807873566431, 17148.047139673682977 ], [ 19449.91685303876875, 17148.055557023300935 ], [ 19449.922698954662337, 17148.06343932841628 ], [ 19449.929289321880788, 17148.070710678119212 ], [ 19466.858578643761575, 17165.0 ], [ 19449.929289321880788, 17181.929289321880788 ], [ 19449.922698954662337, 17181.93656067158372 ], [ 19449.91685303876875, 17181.944442976699065 ], [ 19449.911807873566431, 17181.952860326317023 ], [ 19449.90761204674709, 17181.961731656763732 ], [ 19449.904305966425454, 17181.970971532275144 ], [ 19449.901921471959213, 17181.980490967798687 ], [ 19449.900481527332886, 17181.990198285966471 ], [ 19449.900000000001455, 17182.0 ], [ 19449.900481527332886, 17182.009801714033529 ], [ 19449.901921471959213, 17182.019509032201313 ], [ 19449.904305966425454, 17182.029028467724856 ], [ 19449.90761204674709, 17182.038268343236268 ], [ 19449.911807873566431, 17182.047139673682977 ], [ 19449.91685303876875, 17182.055557023300935 ], [ 19449.922698954662337, 17182.06343932841628 ], [ 19449.929289321880788, 17182.070710678119212 ], [ 19466.900000000001455, 17199.04142135623988 ], [ 19466.900000000001455, 17268.0 ], [ 19466.900517158195726, 17268.010156977252336 ], [ 19466.902063283738244, 17268.02020889922278 ], [ 19466.904622384790855, 17268.030051797235501 ], [ 19466.908167992154631, 17268.0395838645818 ], [ 19466.912663433031412, 17268.0487065095258 ], [ 19466.918062210341304, 17268.057325375059008 ], [ 19466.924308483638015, 17268.065351314839063 ], [ 19466.931337646703469, 17268.072701315253653 ], [ 19484.900000000001455, 17285.043104648924782 ], [ 19484.900000000001455, 17301.95857864376012 ], [ 19466.929289321880788, 17319.929289321880788 ], [ 19466.922698954662337, 17319.93656067158372 ], [ 19466.91685303876875, 17319.944442976699065 ], [ 19466.911807873566431, 17319.952860326317023 ], [ 19466.90761204674709, 17319.961731656763732 ], [ 19466.904305966425454, 17319.970971532275144 ], [ 19466.901921471959213, 17319.980490967798687 ], [ 19466.900481527332886, 17319.990198285966471 ], [ 19466.900000000001455, 17320.0 ], [ 19466.900000000001455, 17337.0 ], [ 19466.900517158195726, 17337.010156977252336 ], [ 19466.902063283738244, 17337.02020889922278 ], [ 19466.904622384790855, 17337.030051797235501 ], [ 19466.908167992154631, 17337.0395838645818 ], [ 19466.912663433031412, 17337.0487065095258 ], [ 19466.918062210341304, 17337.057325375059008 ], [ 19466.924308483638015, 17337.065351314839063 ], [ 19466.931337646703469, 17337.072701315253653 ], [ 19484.900000000001455, 17354.043104648924782 ], [ 19484.900000000001455, 17491.0 ], [ 19484.900447165146034, 17491.009446325861063 ], [ 19484.901784661444253, 17491.018808170367265 ], [ 19484.904000527269091, 17491.028001807710098 ], [ 19484.907074945451313, 17491.036945016407117 ], [ 19484.910980420547276, 17491.04555781462841 ], [ 19484.9156820247008, 17491.053763175517815 ], [ 19484.921137710050971, 17491.061487716040574 ], [ 19484.927298684746347, 17491.068662353296531 ], [ 19501.900000000001455, 17509.039757863567502 ], [ 19501.900000000001455, 17646.0 ], [ 19501.900481527332886, 17646.009801714033529 ], [ 19501.901921471959213, 17646.019509032201313 ], [ 19501.904305966425454, 17646.029028467724856 ], [ 19501.90761204674709, 17646.038268343236268 ], [ 19501.911807873566431, 17646.047139673682977 ], [ 19501.91685303876875, 17646.055557023300935 ], [ 19501.922698954662337, 17646.06343932841628 ], [ 19501.929289321880788, 17646.070710678119212 ], [ 19518.900000000001455, 17663.04142135623988 ], [ 19518.900000000001455, 17680.0 ], [ 19518.900447165146034, 17680.009446325861063 ], [ 19518.901784661444253, 17680.018808170367265 ], [ 19518.904000527269091, 17680.028001807710098 ], [ 19518.907074945451313, 17680.036945016407117 ], [ 19518.910980420547276, 17680.04555781462841 ], [ 19518.9156820247008, 17680.053763175517815 ], [ 19518.921137710050971, 17680.061487716040574 ], [ 19518.927298684746347, 17680.068662353296531 ], [ 19535.860570093238493, 17697.998008550523082 ], [ 19518.929289321880788, 17714.929289321880788 ], [ 19518.922698954662337, 17714.93656067158372 ], [ 19518.91685303876875, 17714.944442976699065 ], [ 19518.911807873566431, 17714.952860326317023 ], [ 19518.90761204674709, 17714.961731656763732 ], [ 19518.904305966425454, 17714.970971532275144 ], [ 19518.901921471959213, 17714.980490967798687 ], [ 19518.900481527332886, 17714.990198285966471 ], [ 19518.900000000001455, 17715.0 ], [ 19518.900000000001455, 17766.0 ], [ 19518.900447165146034, 17766.009446325861063 ], [ 19518.901784661444253, 17766.018808170367265 ], [ 19518.904000527269091, 17766.028001807710098 ], [ 19518.907074945451313, 17766.036945016407117 ], [ 19518.910980420547276, 17766.04555781462841 ], [ 19518.9156820247008, 17766.053763175517815 ], [ 19518.921137710050971, 17766.061487716040574 ], [ 19518.927298684746347, 17766.068662353296531 ], [ 19535.900000000001455, 17784.039757863567502 ], [ 19535.900000000001455, 17921.0 ], [ 19535.900481527332886, 17921.009801714033529 ], [ 19535.901921471959213, 17921.019509032201313 ], [ 19535.904305966425454, 17921.029028467724856 ], [ 19535.90761204674709, 17921.038268343236268 ], [ 19535.911807873566431, 17921.047139673682977 ], [ 19535.91685303876875, 17921.055557023300935 ], [ 19535.922698954662337, 17921.06343932841628 ], [ 19535.929289321880788, 17921.070710678119212 ], [ 19552.900000000001455, 17938.04142135623988 ], [ 19552.900000000001455, 18041.0 ], [ 19552.900517158195726, 18041.010156977252336 ], [ 19552.902063283738244, 18041.02020889922278 ], [ 19552.904622384790855, 18041.030051797235501 ], [ 19552.908167992154631, 18041.0395838645818 ], [ 19552.912663433031412, 18041.0487065095258 ], [ 19552.918062210341304, 18041.057325375059008 ], [ 19552.924308483638015, 18041.065351314839063 ], [ 19552.931337646703469, 18041.072701315253653 ], [ 19570.900000000001455, 18058.043104648924782 ], [ 19570.900000000001455, 18196.0 ], [ 19570.900481527332886, 18196.009801714033529 ], [ 19570.901921471959213, 18196.019509032201313 ], [ 19570.904305966425454, 18196.029028467724856 ], [ 19570.90761204674709, 18196.038268343236268 ], [ 19570.911807873566431, 18196.047139673682977 ], [ 19570.91685303876875, 18196.055557023300935 ], [ 19570.922698954662337, 18196.06343932841628 ], [ 19570.929289321880788, 18196.070710678119212 ], [ 19587.900000000001455, 18213.04142135623988 ], [ 19587.900000000001455, 18282.0 ], [ 19587.900481527332886, 18282.009801714033529 ], [ 19587.901921471959213, 18282.019509032201313 ], [ 19587.904305966425454, 18282.029028467724856 ], [ 19587.90761204674709, 18282.038268343236268 ], [ 19587.911807873566431, 18282.047139673682977 ], [ 19587.91685303876875, 18282.055557023300935 ], [ 19587.922698954662337, 18282.06343932841628 ], [ 19587.929289321880788, 18282.070710678119212 ], [ 19604.900000000001455, 18299.04142135623988 ], [ 19604.900000000001455, 18333.0 ], [ 19604.900447165146034, 18333.009446325861063 ], [ 19604.901784661444253, 18333.018808170367265 ], [ 19604.904000527269091, 18333.028001807710098 ], [ 19604.907074945451313, 18333.036945016407117 ], [ 19604.910980420547276, 18333.04555781462841 ], [ 19604.9156820247008, 18333.053763175517815 ], [ 19604.921137710050971, 18333.061487716040574 ], [ 19604.927298684746347, 18333.068662353296531 ], [ 19621.900000000001455, 18351.039757863567502 ], [ 19621.900000000001455, 18384.95857864376012 ], [ 19604.929289321880788, 18401.929289321880788 ], [ 19604.922698954662337, 18401.93656067158372 ], [ 19604.91685303876875, 18401.944442976699065 ], [ 19604.911807873566431, 18401.952860326317023 ], [ 19604.90761204674709, 18401.961731656763732 ], [ 19604.904305966425454, 18401.970971532275144 ], [ 19604.901921471959213, 18401.980490967798687 ], [ 19604.900481527332886, 18401.990198285966471 ], [ 19604.900000000001455, 18402.0 ], [ 19604.900000000001455, 18471.0 ], [ 19604.900481527332886, 18471.009801714033529 ], [ 19604.901921471959213, 18471.019509032201313 ], [ 19604.904305966425454, 18471.029028467724856 ], [ 19604.90761204674709, 18471.038268343236268 ], [ 19604.911807873566431, 18471.047139673682977 ], [ 19604.91685303876875, 18471.055557023300935 ], [ 19604.922698954662337, 18471.06343932841628 ], [ 19604.929289321880788, 18471.070710678119212 ], [ 19621.900000000001455, 18488.04142135623988 ], [ 19621.900000000001455, 18660.0 ], [ 19621.900481527332886, 18660.009801714033529 ], [ 19621.901921471959213, 18660.019509032201313 ], [ 19621.904305966425454, 18660.029028467724856 ], [ 19621.90761204674709, 18660.038268343236268 ], [ 19621.911807873566431, 18660.047139673682977 ], [ 19621.91685303876875, 18660.055557023300935 ], [ 19621.922698954662337, 18660.06343932841628 ], [ 19621.929289321880788, 18660.070710678119212 ], [ 19638.900000000001455, 18677.04142135623988 ], [ 19638.900000000001455, 18729.0 ], [ 19638.900481527332886, 18729.009801714033529 ], [ 19638.901921471959213, 18729.019509032201313 ], [ 19638.904305966425454, 18729.029028467724856 ], [ 19638.90761204674709, 18729.038268343236268 ], [ 19638.911807873566431, 18729.047139673682977 ], [ 19638.91685303876875, 18729.055557023300935 ], [ 19638.922698954662337, 18729.06343932841628 ], [ 19638.929289321880788, 18729.070710678119212 ], [ 19638.93656067158372, 18729.077301045337663 ], [ 19638.944442976699065, 18729.08314696123125 ], [ 19638.952860326317023, 18729.088192126433569 ], [ 19638.961731656763732, 18729.09238795325291 ], [ 19638.970971532275144, 18729.095694033574546 ], [ 19638.980490967798687, 18729.098078528040787 ], [ 19638.990198285966471, 18729.099518472667114 ], [ 19639.0, 18729.099999999998545 ], [ 19759.95857864376012, 18729.099999999998545 ], [ 19776.900000000001455, 18746.04142135623988 ], [ 19776.900000000001455, 20138.0 ], [ 19776.900481527332886, 20138.009801714033529 ], [ 19776.901921471959213, 20138.019509032201313 ], [ 19776.904305966425454, 20138.029028467724856 ], [ 19776.90761204674709, 20138.038268343236268 ], [ 19776.911807873566431, 20138.047139673682977 ], [ 19776.91685303876875, 20138.055557023300935 ], [ 19776.922698954662337, 20138.06343932841628 ], [ 19776.929289321880788, 20138.070710678119212 ], [ 19793.900000000001455, 20155.04142135623988 ], [ 19793.900000000001455, 20275.0 ], [ 19793.900481527332886, 20275.009801714033529 ], [ 19793.901921471959213, 20275.019509032201313 ], [ 19793.904305966425454, 20275.029028467724856 ], [ 19793.90761204674709, 20275.038268343236268 ], [ 19793.911807873566431, 20275.047139673682977 ], [ 19793.91685303876875, 20275.055557023300935 ], [ 19793.922698954662337, 20275.06343932841628 ], [ 19793.929289321880788, 20275.070710678119212 ], [ 19810.900000000001455, 20292.04142135623988 ], [ 19810.900000000001455, 20481.0 ], [ 19810.900481527332886, 20481.009801714033529 ], [ 19810.901921471959213, 20481.019509032201313 ], [ 19810.904305966425454, 20481.029028467724856 ], [ 19810.90761204674709, 20481.038268343236268 ], [ 19810.911807873566431, 20481.047139673682977 ], [ 19810.91685303876875, 20481.055557023300935 ], [ 19810.922698954662337, 20481.06343932841628 ], [ 19810.929289321880788, 20481.070710678119212 ], [ 19827.900000000001455, 20498.04142135623988 ], [ 19827.900000000001455, 20670.0 ], [ 19827.900481527332886, 20670.009801714033529 ], [ 19827.901921471959213, 20670.019509032201313 ], [ 19827.904305966425454, 20670.029028467724856 ], [ 19827.90761204674709, 20670.038268343236268 ], [ 19827.911807873566431, 20670.047139673682977 ], [ 19827.91685303876875, 20670.055557023300935 ], [ 19827.922698954662337, 20670.06343932841628 ], [ 19827.929289321880788, 20670.070710678119212 ], [ 19844.900000000001455, 20687.04142135623988 ], [ 19844.900000000001455, 20773.0 ], [ 19844.900481527332886, 20773.009801714033529 ], [ 19844.901921471959213, 20773.019509032201313 ], [ 19844.904305966425454, 20773.029028467724856 ], [ 19844.90761204674709, 20773.038268343236268 ], [ 19844.911807873566431, 20773.047139673682977 ], [ 19844.91685303876875, 20773.055557023300935 ], [ 19844.922698954662337, 20773.06343932841628 ], [ 19844.929289321880788, 20773.070710678119212 ], [ 19844.93656067158372, 20773.077301045337663 ], [ 19844.944442976699065, 20773.08314696123125 ], [ 19844.952860326317023, 20773.088192126433569 ], [ 19844.961731656763732, 20773.09238795325291 ], [ 19844.970971532275144, 20773.095694033574546 ], [ 19844.980490967798687, 20773.098078528040787 ], [ 19844.990198285966471, 20773.099518472667114 ], [ 19845.0, 20773.099999999998545 ], [ 19862.956895351075218, 20773.099999999998545 ], [ 19879.927298684746347, 20791.068662353296531 ], [ 19879.929289321880788, 20791.070710678119212 ], [ 19896.858578643761575, 20808.0 ], [ 19862.929289321880788, 20841.929289321880788 ], [ 19862.922698954662337, 20841.93656067158372 ], [ 19862.91685303876875, 20841.944442976699065 ], [ 19862.911807873566431, 20841.952860326317023 ], [ 19862.90761204674709, 20841.961731656763732 ], [ 19862.904305966425454, 20841.970971532275144 ], [ 19862.901921471959213, 20841.980490967798687 ], [ 19862.900481527332886, 20841.990198285966471 ], [ 19862.900000000001455, 20842.0 ], [ 19862.900000000001455, 20980.0 ], [ 19862.900481527332886, 20980.009801714033529 ], [ 19862.901921471959213, 20980.019509032201313 ], [ 19862.904305966425454, 20980.029028467724856 ], [ 19862.90761204674709, 20980.038268343236268 ], [ 19862.911807873566431, 20980.047139673682977 ], [ 19862.91685303876875, 20980.055557023300935 ], [ 19862.922698954662337, 20980.06343932841628 ], [ 19862.929289321880788, 20980.070710678119212 ], [ 19879.900000000001455, 20997.04142135623988 ], [ 19879.900000000001455, 21065.0 ], [ 19879.900447165146034, 21065.009446325861063 ], [ 19879.901784661444253, 21065.018808170367265 ], [ 19879.904000527269091, 21065.028001807710098 ], [ 19879.907074945451313, 21065.036945016407117 ], [ 19879.910980420547276, 21065.04555781462841 ], [ 19879.9156820247008, 21065.053763175517815 ], [ 19879.921137710050971, 21065.061487716040574 ], [ 19879.927298684746347, 21065.068662353296531 ], [ 19896.900000000001455, 21083.039757863567502 ], [ 19896.900000000001455, 21133.95857864376012 ], [ 19879.929289321880788, 21150.929289321880788 ], [ 19879.922698954662337, 21150.93656067158372 ], [ 19879.91685303876875, 21150.944442976699065 ], [ 19879.911807873566431, 21150.952860326317023 ], [ 19879.90761204674709, 21150.961731656763732 ], [ 19879.904305966425454, 21150.970971532275144 ], [ 19879.901921471959213, 21150.980490967798687 ], [ 19879.900481527332886, 21150.990198285966471 ], [ 19879.900000000001455, 21151.0 ], [ 19879.900000000001455, 21186.0 ], [ 19879.900481527332886, 21186.009801714033529 ], [ 19879.901921471959213, 21186.019509032201313 ], [ 19879.904305966425454, 21186.029028467724856 ], [ 19879.90761204674709, 21186.038268343236268 ], [ 19879.911807873566431, 21186.047139673682977 ], [ 19879.91685303876875, 21186.055557023300935 ], [ 19879.922698954662337, 21186.06343932841628 ], [ 19879.929289321880788, 21186.070710678119212 ], [ 19896.900000000001455, 21203.04142135623988 ], [ 19896.900000000001455, 21289.0 ], [ 19896.900481527332886, 21289.009801714033529 ], [ 19896.901921471959213, 21289.019509032201313 ], [ 19896.904305966425454, 21289.029028467724856 ], [ 19896.90761204674709, 21289.038268343236268 ], [ 19896.911807873566431, 21289.047139673682977 ], [ 19896.91685303876875, 21289.055557023300935 ], [ 19896.922698954662337, 21289.06343932841628 ], [ 19896.929289321880788, 21289.070710678119212 ], [ 19913.900000000001455, 21306.04142135623988 ], [ 19913.900000000001455, 21392.0 ], [ 19913.900481527332886, 21392.009801714033529 ], [ 19913.901921471959213, 21392.019509032201313 ], [ 19913.904305966425454, 21392.029028467724856 ], [ 19913.90761204674709, 21392.038268343236268 ], [ 19913.911807873566431, 21392.047139673682977 ], [ 19913.91685303876875, 21392.055557023300935 ], [ 19913.922698954662337, 21392.06343932841628 ], [ 19913.929289321880788, 21392.070710678119212 ], [ 19930.900000000001455, 21409.04142135623988 ], [ 19930.900000000001455, 21495.0 ], [ 19930.900517158195726, 21495.010156977252336 ], [ 19930.902063283738244, 21495.02020889922278 ], [ 19930.904622384790855, 21495.030051797235501 ], [ 19930.908167992154631, 21495.0395838645818 ], [ 19930.912663433031412, 21495.0487065095258 ], [ 19930.918062210341304, 21495.057325375059008 ], [ 19930.924308483638015, 21495.065351314839063 ], [ 19930.931337646703469, 21495.072701315253653 ], [ 19948.854359783494147, 21512.0 ], [ 19930.931337646703469, 21528.927298684746347 ], [ 19930.924308483638015, 21528.934648685160937 ], [ 19930.918062210341304, 21528.942674624940992 ], [ 19930.912663433031412, 21528.9512934904742 ], [ 19930.908167992154631, 21528.9604161354182 ], [ 19930.904622384790855, 21528.969948202764499 ], [ 19930.902063283738244, 21528.97979110077722 ], [ 19930.900517158195726, 21528.989843022747664 ], [ 19930.900000000001455, 21529.0 ], [ 19930.900000000001455, 21650.0 ], [ 19930.900517158195726, 21650.010156977252336 ], [ 19930.902063283738244, 21650.02020889922278 ], [ 19930.904622384790855, 21650.030051797235501 ], [ 19930.908167992154631, 21650.0395838645818 ], [ 19930.912663433031412, 21650.0487065095258 ], [ 19930.918062210341304, 21650.057325375059008 ], [ 19930.924308483638015, 21650.065351314839063 ], [ 19930.931337646703469, 21650.072701315253653 ], [ 19948.900000000001455, 21667.043104648924782 ], [ 19948.900000000001455, 21701.0 ], [ 19948.900481527332886, 21701.009801714033529 ], [ 19948.901921471959213, 21701.019509032201313 ], [ 19948.904305966425454, 21701.029028467724856 ], [ 19948.90761204674709, 21701.038268343236268 ], [ 19948.911807873566431, 21701.047139673682977 ], [ 19948.91685303876875, 21701.055557023300935 ], [ 19948.922698954662337, 21701.06343932841628 ], [ 19948.929289321880788, 21701.070710678119212 ], [ 19965.900000000001455, 21718.04142135623988 ], [ 19965.900000000001455, 21821.0 ], [ 19965.900447165146034, 21821.009446325861063 ], [ 19965.901784661444253, 21821.018808170367265 ], [ 19965.904000527269091, 21821.028001807710098 ], [ 19965.907074945451313, 21821.036945016407117 ], [ 19965.910980420547276, 21821.04555781462841 ], [ 19965.9156820247008, 21821.053763175517815 ], [ 19965.921137710050971, 21821.061487716040574 ], [ 19965.927298684746347, 21821.068662353296531 ], [ 19982.900000000001455, 21839.039757863567502 ], [ 19982.900000000001455, 21907.0 ], [ 19982.900447165146034, 21907.009446325861063 ], [ 19982.901784661444253, 21907.018808170367265 ], [ 19982.904000527269091, 21907.028001807710098 ], [ 19982.907074945451313, 21907.036945016407117 ], [ 19982.910980420547276, 21907.04555781462841 ], [ 19982.9156820247008, 21907.053763175517815 ], [ 19982.921137710050971, 21907.061487716040574 ], [ 19982.927298684746347, 21907.068662353296531 ], [ 19999.900000000001455, 21925.039757863567502 ], [ 19999.900000000001455, 22062.0 ], [ 19999.900481527332886, 22062.009801714033529 ], [ 19999.901921471959213, 22062.019509032201313 ], [ 19999.904305966425454, 22062.029028467724856 ], [ 19999.90761204674709, 22062.038268343236268 ], [ 19999.911807873566431, 22062.047139673682977 ], [ 19999.91685303876875, 22062.055557023300935 ], [ 19999.922698954662337, 22062.06343932841628 ], [ 19999.929289321880788, 22062.070710678119212 ], [ 20016.900000000001455, 22079.04142135623988 ], [ 20016.900000000001455, 22217.0 ], [ 20016.900481527332886, 22217.009801714033529 ], [ 20016.901921471959213, 22217.019509032201313 ], [ 20016.904305966425454, 22217.029028467724856 ], [ 20016.90761204674709, 22217.038268343236268 ], [ 20016.911807873566431, 22217.047139673682977 ], [ 20016.91685303876875, 22217.055557023300935 ], [ 20016.922698954662337, 22217.06343932841628 ], [ 20016.929289321880788, 22217.070710678119212 ], [ 20033.900000000001455, 22234.04142135623988 ], [ 20033.900000000001455, 22406.0 ], [ 20033.900517158195726, 22406.010156977252336 ], [ 20033.902063283738244, 22406.02020889922278 ], [ 20033.904622384790855, 22406.030051797235501 ], [ 20033.908167992154631, 22406.0395838645818 ], [ 20033.912663433031412, 22406.0487065095258 ], [ 20033.918062210341304, 22406.057325375059008 ], [ 20033.924308483638015, 22406.065351314839063 ], [ 20033.931337646703469, 22406.072701315253653 ], [ 20051.900000000001455, 22423.043104648924782 ], [ 20051.900000000001455, 22629.0 ], [ 20051.900481527332886, 22629.009801714033529 ], [ 20051.901921471959213, 22629.019509032201313 ], [ 20051.904305966425454, 22629.029028467724856 ], [ 20051.90761204674709, 22629.038268343236268 ], [ 20051.911807873566431, 22629.047139673682977 ], [ 20051.91685303876875, 22629.055557023300935 ], [ 20051.922698954662337, 22629.06343932841628 ], [ 20051.929289321880788, 22629.070710678119212 ], [ 20068.900000000001455, 22646.04142135623988 ], [ 20068.900000000001455, 22835.0 ], [ 20068.900481527332886, 22835.009801714033529 ], [ 20068.901921471959213, 22835.019509032201313 ], [ 20068.904305966425454, 22835.029028467724856 ], [ 20068.90761204674709, 22835.038268343236268 ], [ 20068.911807873566431, 22835.047139673682977 ], [ 20068.91685303876875, 22835.055557023300935 ], [ 20068.922698954662337, 22835.06343932841628 ], [ 20068.929289321880788, 22835.070710678119212 ], [ 20085.900000000001455, 22852.04142135623988 ], [ 20085.900000000001455, 22973.0 ], [ 20085.900481527332886, 22973.009801714033529 ], [ 20085.901921471959213, 22973.019509032201313 ], [ 20085.904305966425454, 22973.029028467724856 ], [ 20085.90761204674709, 22973.038268343236268 ], [ 20085.911807873566431, 22973.047139673682977 ], [ 20085.91685303876875, 22973.055557023300935 ], [ 20085.922698954662337, 22973.06343932841628 ], [ 20085.929289321880788, 22973.070710678119212 ], [ 20102.900000000001455, 22990.04142135623988 ], [ 20102.900000000001455, 23127.0 ], [ 20102.900447165146034, 23127.009446325861063 ], [ 20102.901784661444253, 23127.018808170367265 ], [ 20102.904000527269091, 23127.028001807710098 ], [ 20102.907074945451313, 23127.036945016407117 ], [ 20102.910980420547276, 23127.04555781462841 ], [ 20102.9156820247008, 23127.053763175517815 ], [ 20102.921137710050971, 23127.061487716040574 ], [ 20102.927298684746347, 23127.068662353296531 ], [ 20119.900000000001455, 23145.039757863567502 ], [ 20119.900000000001455, 23265.0 ], [ 20119.900517158195726, 23265.010156977252336 ], [ 20119.902063283738244, 23265.02020889922278 ], [ 20119.904622384790855, 23265.030051797235501 ], [ 20119.908167992154631, 23265.0395838645818 ], [ 20119.912663433031412, 23265.0487065095258 ], [ 20119.918062210341304, 23265.057325375059008 ], [ 20119.924308483638015, 23265.065351314839063 ], [ 20119.931337646703469, 23265.072701315253653 ], [ 20137.900000000001455, 23282.043104648924782 ], [ 20137.900000000001455, 23385.0 ], [ 20137.900481527332886, 23385.009801714033529 ], [ 20137.901921471959213, 23385.019509032201313 ], [ 20137.904305966425454, 23385.029028467724856 ], [ 20137.90761204674709, 23385.038268343236268 ], [ 20137.911807873566431, 23385.047139673682977 ], [ 20137.91685303876875, 23385.055557023300935 ], [ 20137.922698954662337, 23385.06343932841628 ], [ 20137.929289321880788, 23385.070710678119212 ], [ 20154.900000000001455, 23402.04142135623988 ], [ 20154.900000000001455, 23488.0 ], [ 20154.900481527332886, 23488.009801714033529 ], [ 20154.901921471959213, 23488.019509032201313 ], [ 20154.904305966425454, 23488.029028467724856 ], [ 20154.90761204674709, 23488.038268343236268 ], [ 20154.911807873566431, 23488.047139673682977 ], [ 20154.91685303876875, 23488.055557023300935 ], [ 20154.922698954662337, 23488.06343932841628 ], [ 20154.929289321880788, 23488.070710678119212 ], [ 20171.900000000001455, 23505.04142135623988 ], [ 20171.900000000001455, 23626.0 ], [ 20171.900481527332886, 23626.009801714033529 ], [ 20171.901921471959213, 23626.019509032201313 ], [ 20171.904305966425454, 23626.029028467724856 ], [ 20171.90761204674709, 23626.038268343236268 ], [ 20171.911807873566431, 23626.047139673682977 ], [ 20171.91685303876875, 23626.055557023300935 ], [ 20171.922698954662337, 23626.06343932841628 ], [ 20171.929289321880788, 23626.070710678119212 ], [ 20188.900000000001455, 23643.04142135623988 ], [ 20188.900000000001455, 23780.0 ], [ 20188.900481527332886, 23780.009801714033529 ], [ 20188.901921471959213, 23780.019509032201313 ], [ 20188.904305966425454, 23780.029028467724856 ], [ 20188.90761204674709, 23780.038268343236268 ], [ 20188.911807873566431, 23780.047139673682977 ], [ 20188.91685303876875, 23780.055557023300935 ], [ 20188.922698954662337, 23780.06343932841628 ], [ 20188.929289321880788, 23780.070710678119212 ], [ 20205.900000000001455, 23797.04142135623988 ], [ 20205.900000000001455, 23901.0 ], [ 20205.900517158195726, 23901.010156977252336 ], [ 20205.902063283738244, 23901.02020889922278 ], [ 20205.904622384790855, 23901.030051797235501 ], [ 20205.908167992154631, 23901.0395838645818 ], [ 20205.912663433031412, 23901.0487065095258 ], [ 20205.918062210341304, 23901.057325375059008 ], [ 20205.924308483638015, 23901.065351314839063 ], [ 20205.931337646703469, 23901.072701315253653 ], [ 20223.900000000001455, 23918.043104648924782 ], [ 20223.900000000001455, 23969.0 ], [ 20223.900447165146034, 23969.009446325861063 ], [ 20223.901784661444253, 23969.018808170367265 ], [ 20223.904000527269091, 23969.028001807710098 ], [ 20223.907074945451313, 23969.036945016407117 ], [ 20223.910980420547276, 23969.04555781462841 ], [ 20223.9156820247008, 23969.053763175517815 ], [ 20223.921137710050971, 23969.061487716040574 ], [ 20223.927298684746347, 23969.068662353296531 ], [ 20240.900000000001455, 23987.039757863567502 ], [ 20240.900000000001455, 24072.0 ], [ 20240.900447165146034, 24072.009446325861063 ], [ 20240.901784661444253, 24072.018808170367265 ], [ 20240.904000527269091, 24072.028001807710098 ], [ 20240.907074945451313, 24072.036945016407117 ], [ 20240.910980420547276, 24072.04555781462841 ], [ 20240.9156820247008, 24072.053763175517815 ], [ 20240.921137710050971, 24072.061487716040574 ], [ 20240.927298684746347, 24072.068662353296531 ], [ 20257.900000000001455, 24090.039757863567502 ], [ 20257.900000000001455, 24141.0 ], [ 20257.900481527332886, 24141.009801714033529 ], [ 20257.901921471959213, 24141.019509032201313 ], [ 20257.904305966425454, 24141.029028467724856 ], [ 20257.90761204674709, 24141.038268343236268 ], [ 20257.911807873566431, 24141.047139673682977 ], [ 20257.91685303876875, 24141.055557023300935 ], [ 20257.922698954662337, 24141.06343932841628 ], [ 20257.929289321880788, 24141.070710678119212 ], [ 20274.900000000001455, 24158.04142135623988 ], [ 20274.900000000001455, 24296.0 ], [ 20274.900481527332886, 24296.009801714033529 ], [ 20274.901921471959213, 24296.019509032201313 ], [ 20274.904305966425454, 24296.029028467724856 ], [ 20274.90761204674709, 24296.038268343236268 ], [ 20274.911807873566431, 24296.047139673682977 ], [ 20274.91685303876875, 24296.055557023300935 ], [ 20274.922698954662337, 24296.06343932841628 ], [ 20274.929289321880788, 24296.070710678119212 ], [ 20291.900000000001455, 24313.04142135623988 ], [ 20291.900000000001455, 24416.0 ], [ 20291.900481527332886, 24416.009801714033529 ], [ 20291.901921471959213, 24416.019509032201313 ], [ 20291.904305966425454, 24416.029028467724856 ], [ 20291.90761204674709, 24416.038268343236268 ], [ 20291.911807873566431, 24416.047139673682977 ], [ 20291.91685303876875, 24416.055557023300935 ], [ 20291.922698954662337, 24416.06343932841628 ], [ 20291.929289321880788, 24416.070710678119212 ], [ 20308.900000000001455, 24433.04142135623988 ], [ 20308.900000000001455, 24519.0 ], [ 20308.900517158195726, 24519.010156977252336 ], [ 20308.902063283738244, 24519.02020889922278 ], [ 20308.904622384790855, 24519.030051797235501 ], [ 20308.908167992154631, 24519.0395838645818 ], [ 20308.912663433031412, 24519.0487065095258 ], [ 20308.918062210341304, 24519.057325375059008 ], [ 20308.924308483638015, 24519.065351314839063 ], [ 20308.931337646703469, 24519.072701315253653 ], [ 20326.900000000001455, 24536.043104648924782 ], [ 20326.900000000001455, 24691.0 ], [ 20326.900481527332886, 24691.009801714033529 ], [ 20326.901921471959213, 24691.019509032201313 ], [ 20326.904305966425454, 24691.029028467724856 ], [ 20326.90761204674709, 24691.038268343236268 ], [ 20326.911807873566431, 24691.047139673682977 ], [ 20326.91685303876875, 24691.055557023300935 ], [ 20326.922698954662337, 24691.06343932841628 ], [ 20326.929289321880788, 24691.070710678119212 ], [ 20343.900000000001455, 24708.04142135623988 ], [ 20343.900000000001455, 24811.0 ], [ 20343.900481527332886, 24811.009801714033529 ], [ 20343.901921471959213, 24811.019509032201313 ], [ 20343.904305966425454, 24811.029028467724856 ], [ 20343.90761204674709, 24811.038268343236268 ], [ 20343.911807873566431, 24811.047139673682977 ], [ 20343.91685303876875, 24811.055557023300935 ], [ 20343.922698954662337, 24811.06343932841628 ], [ 20343.929289321880788, 24811.070710678119212 ], [ 20360.900000000001455, 24828.04142135623988 ], [ 20360.900000000001455, 24949.0 ], [ 20360.900481527332886, 24949.009801714033529 ], [ 20360.901921471959213, 24949.019509032201313 ], [ 20360.904305966425454, 24949.029028467724856 ], [ 20360.90761204674709, 24949.038268343236268 ], [ 20360.911807873566431, 24949.047139673682977 ], [ 20360.91685303876875, 24949.055557023300935 ], [ 20360.922698954662337, 24949.06343932841628 ], [ 20360.929289321880788, 24949.070710678119212 ], [ 20377.900000000001455, 24966.04142135623988 ], [ 20377.900000000001455, 25052.0 ], [ 20377.900481527332886, 25052.009801714033529 ], [ 20377.901921471959213, 25052.019509032201313 ], [ 20377.904305966425454, 25052.029028467724856 ], [ 20377.90761204674709, 25052.038268343236268 ], [ 20377.911807873566431, 25052.047139673682977 ], [ 20377.91685303876875, 25052.055557023300935 ], [ 20377.922698954662337, 25052.06343932841628 ], [ 20377.929289321880788, 25052.070710678119212 ], [ 20394.900000000001455, 25069.04142135623988 ], [ 20394.900000000001455, 25241.0 ], [ 20394.900517158195726, 25241.010156977252336 ], [ 20394.902063283738244, 25241.02020889922278 ], [ 20394.904622384790855, 25241.030051797235501 ], [ 20394.908167992154631, 25241.0395838645818 ], [ 20394.912663433031412, 25241.0487065095258 ], [ 20394.918062210341304, 25241.057325375059008 ], [ 20394.924308483638015, 25241.065351314839063 ], [ 20394.931337646703469, 25241.072701315253653 ], [ 20412.900000000001455, 25258.043104648924782 ], [ 20412.900000000001455, 25361.0 ], [ 20412.900481527332886, 25361.009801714033529 ], [ 20412.901921471959213, 25361.019509032201313 ], [ 20412.904305966425454, 25361.029028467724856 ], [ 20412.90761204674709, 25361.038268343236268 ], [ 20412.911807873566431, 25361.047139673682977 ], [ 20412.91685303876875, 25361.055557023300935 ], [ 20412.922698954662337, 25361.06343932841628 ], [ 20412.929289321880788, 25361.070710678119212 ], [ 20429.900000000001455, 25378.04142135623988 ], [ 20429.900000000001455, 25499.0 ], [ 20429.900481527332886, 25499.009801714033529 ], [ 20429.901921471959213, 25499.019509032201313 ], [ 20429.904305966425454, 25499.029028467724856 ], [ 20429.90761204674709, 25499.038268343236268 ], [ 20429.911807873566431, 25499.047139673682977 ], [ 20429.91685303876875, 25499.055557023300935 ], [ 20429.922698954662337, 25499.06343932841628 ], [ 20429.929289321880788, 25499.070710678119212 ], [ 20446.900000000001455, 25516.04142135623988 ], [ 20446.900000000001455, 25619.0 ], [ 20446.900481527332886, 25619.009801714033529 ], [ 20446.901921471959213, 25619.019509032201313 ], [ 20446.904305966425454, 25619.029028467724856 ], [ 20446.90761204674709, 25619.038268343236268 ], [ 20446.911807873566431, 25619.047139673682977 ], [ 20446.91685303876875, 25619.055557023300935 ], [ 20446.922698954662337, 25619.06343932841628 ], [ 20446.929289321880788, 25619.070710678119212 ], [ 20463.900000000001455, 25636.04142135623988 ], [ 20463.900000000001455, 25791.0 ], [ 20463.900481527332886, 25791.009801714033529 ], [ 20463.901921471959213, 25791.019509032201313 ], [ 20463.904305966425454, 25791.029028467724856 ], [ 20463.90761204674709, 25791.038268343236268 ], [ 20463.911807873566431, 25791.047139673682977 ], [ 20463.91685303876875, 25791.055557023300935 ], [ 20463.922698954662337, 25791.06343932841628 ], [ 20463.929289321880788, 25791.070710678119212 ], [ 20480.900000000001455, 25808.04142135623988 ], [ 20480.900000000001455, 26014.0 ], [ 20480.900481527332886, 26014.009801714033529 ], [ 20480.901921471959213, 26014.019509032201313 ], [ 20480.904305966425454, 26014.029028467724856 ], [ 20480.90761204674709, 26014.038268343236268 ], [ 20480.911807873566431, 26014.047139673682977 ], [ 20480.91685303876875, 26014.055557023300935 ], [ 20480.922698954662337, 26014.06343932841628 ], [ 20480.929289321880788, 26014.070710678119212 ], [ 20497.858578643761575, 26031.0 ], [ 20480.929289321880788, 26047.929289321880788 ], [ 20480.922812331489695, 26047.936422772709193 ], [ 20480.917051932308823, 26047.944146458783507 ], [ 20480.912061602462927, 26047.95238867531225 ], [ 20480.907887670935452, 26047.961072903595777 ], [ 20480.904568887475762, 26047.970118521410768 ], [ 20480.902136062850332, 26047.979441551477066 ], [ 20480.900611782799388, 26047.988955441091093 ], [ 20480.900010198358359, 26047.998571865660779 ], [ 20480.900336894494103, 26048.008201548673242 ], [ 20480.901588838234602, 26048.017755090535502 ], [ 20480.903754406848748, 26048.027143798532052 ], [ 20480.906813495730603, 26048.03628051022315 ], [ 20480.910737705056818, 26048.045080402633175 ], [ 20480.915490603441867, 26048.053461779742065 ], [ 20480.921028066146391, 26048.061346830916591 ], [ 20480.927298684746347, 26048.068662353296531 ], [ 20497.860570093238493, 26065.998008550523082 ], [ 20480.929289321880788, 26082.929289321880788 ], [ 20480.922698954662337, 26082.93656067158372 ], [ 20480.91685303876875, 26082.944442976699065 ], [ 20480.911807873566431, 26082.952860326317023 ], [ 20480.90761204674709, 26082.961731656763732 ], [ 20480.904305966425454, 26082.970971532275144 ], [ 20480.901921471959213, 26082.980490967798687 ], [ 20480.900481527332886, 26082.990198285966471 ], [ 20480.900000000001455, 26083.0 ], [ 20480.900481527332886, 26083.009801714033529 ], [ 20480.901921471959213, 26083.019509032201313 ], [ 20480.904305966425454, 26083.029028467724856 ], [ 20480.90761204674709, 26083.038268343236268 ], [ 20480.911807873566431, 26083.047139673682977 ], [ 20480.91685303876875, 26083.055557023300935 ], [ 20480.922698954662337, 26083.06343932841628 ], [ 20480.929289321880788, 26083.070710678119212 ], [ 20497.900000000001455, 26100.04142135623988 ], [ 20497.900000000001455, 26495.0 ], [ 20497.900517158195726, 26495.010156977252336 ], [ 20497.902063283738244, 26495.02020889922278 ], [ 20497.904622384790855, 26495.030051797235501 ], [ 20497.908167992154631, 26495.0395838645818 ], [ 20497.912663433031412, 26495.0487065095258 ], [ 20497.918062210341304, 26495.057325375059008 ], [ 20497.924308483638015, 26495.065351314839063 ], [ 20497.931337646703469, 26495.072701315253653 ], [ 20515.900000000001455, 26512.043104648924782 ], [ 20515.900000000001455, 26839.0 ], [ 20515.900481527332886, 26839.009801714033529 ], [ 20515.901921471959213, 26839.019509032201313 ], [ 20515.904305966425454, 26839.029028467724856 ], [ 20515.90761204674709, 26839.038268343236268 ], [ 20515.911807873566431, 26839.047139673682977 ], [ 20515.91685303876875, 26839.055557023300935 ], [ 20515.922698954662337, 26839.06343932841628 ], [ 20515.929289321880788, 26839.070710678119212 ], [ 20532.900000000001455, 26856.04142135623988 ], [ 20532.900000000001455, 26924.95857864376012 ], [ 20515.929289321880788, 26941.929289321880788 ], [ 20515.922698954662337, 26941.93656067158372 ], [ 20515.91685303876875, 26941.944442976699065 ], [ 20515.911807873566431, 26941.952860326317023 ], [ 20515.90761204674709, 26941.961731656763732 ], [ 20515.904305966425454, 26941.970971532275144 ], [ 20515.901921471959213, 26941.980490967798687 ], [ 20515.900481527332886, 26941.990198285966471 ], [ 20515.900000000001455, 26942.0 ], [ 20515.900481527332886, 26942.009801714033529 ], [ 20515.901921471959213, 26942.019509032201313 ], [ 20515.904305966425454, 26942.029028467724856 ], [ 20515.90761204674709, 26942.038268343236268 ], [ 20515.911807873566431, 26942.047139673682977 ], [ 20515.91685303876875, 26942.055557023300935 ], [ 20515.922698954662337, 26942.06343932841628 ], [ 20515.929289321880788, 26942.070710678119212 ], [ 20532.900000000001455, 26959.04142135623988 ], [ 20532.900000000001455, 27251.0 ], [ 20532.900481527332886, 27251.009801714033529 ], [ 20532.901921471959213, 27251.019509032201313 ], [ 20532.904305966425454, 27251.029028467724856 ], [ 20532.90761204674709, 27251.038268343236268 ], [ 20532.911807873566431, 27251.047139673682977 ], [ 20532.91685303876875, 27251.055557023300935 ], [ 20532.922698954662337, 27251.06343932841628 ], [ 20532.929289321880788, 27251.070710678119212 ], [ 20549.900000000001455, 27268.04142135623988 ], [ 20549.900000000001455, 27664.0 ], [ 20549.900481527332886, 27664.009801714033529 ], [ 20549.901921471959213, 27664.019509032201313 ], [ 20549.904305966425454, 27664.029028467724856 ], [ 20549.90761204674709, 27664.038268343236268 ], [ 20549.911807873566431, 27664.047139673682977 ], [ 20549.91685303876875, 27664.055557023300935 ], [ 20549.922698954662337, 27664.06343932841628 ], [ 20549.929289321880788, 27664.070710678119212 ], [ 20566.900000000001455, 27681.04142135623988 ], [ 20566.900000000001455, 28076.0 ], [ 20566.900481527332886, 28076.009801714033529 ], [ 20566.901921471959213, 28076.019509032201313 ], [ 20566.904305966425454, 28076.029028467724856 ], [ 20566.90761204674709, 28076.038268343236268 ], [ 20566.911807873566431, 28076.047139673682977 ], [ 20566.91685303876875, 28076.055557023300935 ], [ 20566.922698954662337, 28076.06343932841628 ], [ 20566.929289321880788, 28076.070710678119212 ], [ 20583.900000000001455, 28093.04142135623988 ], [ 20583.900000000001455, 28109.960242136432498 ], [ 20566.927298684746347, 28127.931337646703469 ], [ 20566.921137710050971, 28127.938512283959426 ], [ 20566.9156820247008, 28127.946236824482185 ], [ 20566.910980420547276, 28127.95444218537159 ], [ 20566.907074945451313, 28127.963054983592883 ], [ 20566.904000527269091, 28127.971998192289902 ], [ 20566.901784661444253, 28127.981191829632735 ], [ 20566.900447165146034, 28127.990553674138937 ], [ 20566.900000000001455, 28128.0 ], [ 20566.900000000001455, 28265.0 ], [ 20566.900481527332886, 28265.009801714033529 ], [ 20566.901921471959213, 28265.019509032201313 ], [ 20566.904305966425454, 28265.029028467724856 ], [ 20566.90761204674709, 28265.038268343236268 ], [ 20566.911807873566431, 28265.047139673682977 ], [ 20566.91685303876875, 28265.055557023300935 ], [ 20566.922698954662337, 28265.06343932841628 ], [ 20566.929289321880788, 28265.070710678119212 ], [ 20583.900000000001455, 28282.04142135623988 ], [ 20583.900000000001455, 28298.960242136432498 ], [ 20566.927298684746347, 28316.931337646703469 ], [ 20566.921137710050971, 28316.938512283959426 ], [ 20566.9156820247008, 28316.946236824482185 ], [ 20566.910980420547276, 28316.95444218537159 ], [ 20566.907074945451313, 28316.963054983592883 ], [ 20566.904000527269091, 28316.971998192289902 ], [ 20566.901784661444253, 28316.981191829632735 ], [ 20566.900447165146034, 28316.990553674138937 ], [ 20566.900000000001455, 28317.0 ], [ 20566.900000000001455, 28351.0 ], [ 20566.900481527332886, 28351.009801714033529 ], [ 20566.901921471959213, 28351.019509032201313 ], [ 20566.904305966425454, 28351.029028467724856 ], [ 20566.90761204674709, 28351.038268343236268 ], [ 20566.911807873566431, 28351.047139673682977 ], [ 20566.91685303876875, 28351.055557023300935 ], [ 20566.922698954662337, 28351.06343932841628 ], [ 20566.929289321880788, 28351.070710678119212 ], [ 20583.858578643761575, 28368.0 ], [ 20566.929289321880788, 28384.929289321880788 ], [ 20566.922698954662337, 28384.93656067158372 ], [ 20566.91685303876875, 28384.944442976699065 ], [ 20566.911807873566431, 28384.952860326317023 ], [ 20566.90761204674709, 28384.961731656763732 ], [ 20566.904305966425454, 28384.970971532275144 ], [ 20566.901921471959213, 28384.980490967798687 ], [ 20566.900481527332886, 28384.990198285966471 ], [ 20566.900000000001455, 28385.0 ], [ 20566.900481527332886, 28385.009801714033529 ], [ 20566.901921471959213, 28385.019509032201313 ], [ 20566.904305966425454, 28385.029028467724856 ], [ 20566.90761204674709, 28385.038268343236268 ], [ 20566.911807873566431, 28385.047139673682977 ], [ 20566.91685303876875, 28385.055557023300935 ], [ 20566.922698954662337, 28385.06343932841628 ], [ 20566.929289321880788, 28385.070710678119212 ], [ 20583.860570093238493, 28402.001991449476918 ], [ 20566.927298684746347, 28419.931337646703469 ], [ 20566.921137710050971, 28419.938512283959426 ], [ 20566.9156820247008, 28419.946236824482185 ], [ 20566.910980420547276, 28419.95444218537159 ], [ 20566.907074945451313, 28419.963054983592883 ], [ 20566.904000527269091, 28419.971998192289902 ], [ 20566.901784661444253, 28419.981191829632735 ], [ 20566.900447165146034, 28419.990553674138937 ], [ 20566.900000000001455, 28420.0 ], [ 20566.900000000001455, 28590.960242136432498 ], [ 20549.927298684746347, 28608.931337646703469 ], [ 20549.921137710050971, 28608.938512283959426 ], [ 20549.9156820247008, 28608.946236824482185 ], [ 20549.910980420547276, 28608.95444218537159 ], [ 20549.907074945451313, 28608.963054983592883 ], [ 20549.904000527269091, 28608.971998192289902 ], [ 20549.901784661444253, 28608.981191829632735 ], [ 20549.900447165146034, 28608.990553674138937 ], [ 20549.900000000001455, 28609.0 ], [ 20549.900000000001455, 28728.95857864376012 ], [ 20532.929289321880788, 28745.929289321880788 ], [ 20532.922698954662337, 28745.93656067158372 ], [ 20532.91685303876875, 28745.944442976699065 ], [ 20532.911807873566431, 28745.952860326317023 ], [ 20532.90761204674709, 28745.961731656763732 ], [ 20532.904305966425454, 28745.970971532275144 ], [ 20532.901921471959213, 28745.980490967798687 ], [ 20532.900481527332886, 28745.990198285966471 ], [ 20532.900000000001455, 28746.0 ], [ 20532.900000000001455, 28865.960242136432498 ], [ 20515.927298684746347, 28883.931337646703469 ], [ 20515.921137710050971, 28883.938512283959426 ], [ 20515.9156820247008, 28883.946236824482185 ], [ 20515.910980420547276, 28883.95444218537159 ], [ 20515.907074945451313, 28883.963054983592883 ], [ 20515.904000527269091, 28883.971998192289902 ], [ 20515.901784661444253, 28883.981191829632735 ], [ 20515.900447165146034, 28883.990553674138937 ], [ 20515.900000000001455, 28884.0 ], [ 20515.900000000001455, 28986.956895351075218 ], [ 20497.931337646703469, 29003.927298684746347 ], [ 20497.924308483638015, 29003.934648685160937 ], [ 20497.918062210341304, 29003.942674624940992 ], [ 20497.912663433031412, 29003.9512934904742 ], [ 20497.908167992154631, 29003.9604161354182 ], [ 20497.904622384790855, 29003.969948202764499 ], [ 20497.902063283738244, 29003.97979110077722 ], [ 20497.900517158195726, 29003.989843022747664 ], [ 20497.900000000001455, 29004.0 ], [ 20497.900000000001455, 29140.95857864376012 ], [ 20480.929289321880788, 29157.929289321880788 ], [ 20480.922698954662337, 29157.93656067158372 ], [ 20480.91685303876875, 29157.944442976699065 ], [ 20480.911807873566431, 29157.952860326317023 ], [ 20480.90761204674709, 29157.961731656763732 ], [ 20480.904305966425454, 29157.970971532275144 ], [ 20480.901921471959213, 29157.980490967798687 ], [ 20480.900481527332886, 29157.990198285966471 ], [ 20480.900000000001455, 29158.0 ], [ 20480.900000000001455, 29226.95857864376012 ], [ 20463.929289321880788, 29243.929289321880788 ], [ 20463.922812331489695, 29243.936422772709193 ], [ 20463.917051932308823, 29243.944146458783507 ], [ 20463.912061602462927, 29243.95238867531225 ], [ 20463.907887670935452, 29243.961072903595777 ], [ 20463.904568887475762, 29243.970118521410768 ], [ 20463.902136062850332, 29243.979441551477066 ], [ 20463.900611782799388, 29243.988955441091093 ], [ 20463.900010198358359, 29243.998571865660779 ], [ 20463.900336894494103, 29244.008201548673242 ], [ 20463.901588838234602, 29244.017755090535502 ], [ 20463.903754406848748, 29244.027143798532052 ], [ 20463.906813495730603, 29244.03628051022315 ], [ 20463.910737705056818, 29244.045080402633175 ], [ 20463.915490603441867, 29244.053461779742065 ], [ 20463.921028066146391, 29244.061346830916591 ], [ 20463.927298684746347, 29244.068662353296531 ], [ 20480.900000000001455, 29262.039757863567502 ], [ 20480.900000000001455, 29312.95857864376012 ], [ 20463.929289321880788, 29329.929289321880788 ], [ 20463.922698954662337, 29329.93656067158372 ], [ 20463.91685303876875, 29329.944442976699065 ], [ 20463.911807873566431, 29329.952860326317023 ], [ 20463.90761204674709, 29329.961731656763732 ], [ 20463.904305966425454, 29329.970971532275144 ], [ 20463.901921471959213, 29329.980490967798687 ], [ 20463.900481527332886, 29329.990198285966471 ], [ 20463.900000000001455, 29330.0 ], [ 20463.900000000001455, 29536.95857864376012 ], [ 20446.929289321880788, 29553.929289321880788 ], [ 20446.922698954662337, 29553.93656067158372 ], [ 20446.91685303876875, 29553.944442976699065 ], [ 20446.911807873566431, 29553.952860326317023 ], [ 20446.90761204674709, 29553.961731656763732 ], [ 20446.904305966425454, 29553.970971532275144 ], [ 20446.901921471959213, 29553.980490967798687 ], [ 20446.900481527332886, 29553.990198285966471 ], [ 20446.900000000001455, 29554.0 ], [ 20446.900000000001455, 29879.95857864376012 ], [ 20429.929289321880788, 29896.929289321880788 ], [ 20429.922698954662337, 29896.93656067158372 ], [ 20429.91685303876875, 29896.944442976699065 ], [ 20429.911807873566431, 29896.952860326317023 ], [ 20429.90761204674709, 29896.961731656763732 ], [ 20429.904305966425454, 29896.970971532275144 ], [ 20429.901921471959213, 29896.980490967798687 ], [ 20429.900481527332886, 29896.990198285966471 ], [ 20429.900000000001455, 29897.0 ], [ 20429.900000000001455, 30137.95857864376012 ], [ 20412.929289321880788, 30154.929289321880788 ], [ 20412.922698954662337, 30154.93656067158372 ], [ 20412.91685303876875, 30154.944442976699065 ], [ 20412.911807873566431, 30154.952860326317023 ], [ 20412.90761204674709, 30154.961731656763732 ], [ 20412.904305966425454, 30154.970971532275144 ], [ 20412.901921471959213, 30154.980490967798687 ], [ 20412.900481527332886, 30154.990198285966471 ], [ 20412.900000000001455, 30155.0 ], [ 20412.900000000001455, 30360.956895351075218 ], [ 20394.931337646703469, 30377.927298684746347 ], [ 20394.924308483638015, 30377.934648685160937 ], [ 20394.918062210341304, 30377.942674624940992 ], [ 20394.912663433031412, 30377.9512934904742 ], [ 20394.908167992154631, 30377.9604161354182 ], [ 20394.904622384790855, 30377.969948202764499 ], [ 20394.902063283738244, 30377.97979110077722 ], [ 20394.900517158195726, 30377.989843022747664 ], [ 20394.900000000001455, 30378.0 ], [ 20394.900000000001455, 30635.95857864376012 ], [ 20377.929289321880788, 30652.929289321880788 ], [ 20377.922698954662337, 30652.93656067158372 ], [ 20377.91685303876875, 30652.944442976699065 ], [ 20377.911807873566431, 30652.952860326317023 ], [ 20377.90761204674709, 30652.961731656763732 ], [ 20377.904305966425454, 30652.970971532275144 ], [ 20377.901921471959213, 30652.980490967798687 ], [ 20377.900481527332886, 30652.990198285966471 ], [ 20377.900000000001455, 30653.0 ], [ 20377.900000000001455, 30893.95857864376012 ], [ 20360.929289321880788, 30910.929289321880788 ], [ 20360.922698954662337, 30910.93656067158372 ], [ 20360.91685303876875, 30910.944442976699065 ], [ 20360.911807873566431, 30910.952860326317023 ], [ 20360.90761204674709, 30910.961731656763732 ], [ 20360.904305966425454, 30910.970971532275144 ], [ 20360.901921471959213, 30910.980490967798687 ], [ 20360.900481527332886, 30910.990198285966471 ], [ 20360.900000000001455, 30911.0 ], [ 20360.900000000001455, 30928.0 ], [ 20360.900481527332886, 30928.009801714033529 ], [ 20360.901921471959213, 30928.019509032201313 ], [ 20360.904305966425454, 30928.029028467724856 ], [ 20360.90761204674709, 30928.038268343236268 ], [ 20360.911807873566431, 30928.047139673682977 ], [ 20360.91685303876875, 30928.055557023300935 ], [ 20360.922698954662337, 30928.06343932841628 ], [ 20360.929289321880788, 30928.070710678119212 ], [ 20377.860570093238493, 30945.001991449476918 ], [ 20360.927298684746347, 30962.931337646703469 ], [ 20360.921137710050971, 30962.938512283959426 ], [ 20360.9156820247008, 30962.946236824482185 ], [ 20360.910980420547276, 30962.95444218537159 ], [ 20360.907074945451313, 30962.963054983592883 ], [ 20360.904000527269091, 30962.971998192289902 ], [ 20360.901784661444253, 30962.981191829632735 ], [ 20360.900447165146034, 30962.990553674138937 ], [ 20360.900000000001455, 30963.0 ], [ 20360.900000000001455, 31151.95857864376012 ], [ 20343.929289321880788, 31168.929289321880788 ], [ 20343.922698954662337, 31168.93656067158372 ], [ 20343.91685303876875, 31168.944442976699065 ], [ 20343.911807873566431, 31168.952860326317023 ], [ 20343.90761204674709, 31168.961731656763732 ], [ 20343.904305966425454, 31168.970971532275144 ], [ 20343.901921471959213, 31168.980490967798687 ], [ 20343.900481527332886, 31168.990198285966471 ], [ 20343.900000000001455, 31169.0 ], [ 20343.900000000001455, 31202.95857864376012 ], [ 20326.929289321880788, 31219.929289321880788 ], [ 20326.922812331489695, 31219.936422772709193 ], [ 20326.917051932308823, 31219.944146458783507 ], [ 20326.912061602462927, 31219.95238867531225 ], [ 20326.907887670935452, 31219.961072903595777 ], [ 20326.904568887475762, 31219.970118521410768 ], [ 20326.902136062850332, 31219.979441551477066 ], [ 20326.900611782799388, 31219.988955441091093 ], [ 20326.900010198358359, 31219.998571865660779 ], [ 20326.900336894494103, 31220.008201548673242 ], [ 20326.901588838234602, 31220.017755090535502 ], [ 20326.903754406848748, 31220.027143798532052 ], [ 20326.906813495730603, 31220.03628051022315 ], [ 20326.910737705056818, 31220.045080402633175 ], [ 20326.915490603441867, 31220.053461779742065 ], [ 20326.921028066146391, 31220.061346830916591 ], [ 20326.927298684746347, 31220.068662353296531 ], [ 20343.900000000001455, 31238.039757863567502 ], [ 20343.900000000001455, 31254.95857864376012 ], [ 20326.929289321880788, 31271.929289321880788 ], [ 20326.922698954662337, 31271.93656067158372 ], [ 20326.91685303876875, 31271.944442976699065 ], [ 20326.911807873566431, 31271.952860326317023 ], [ 20326.90761204674709, 31271.961731656763732 ], [ 20326.904305966425454, 31271.970971532275144 ], [ 20326.901921471959213, 31271.980490967798687 ], [ 20326.900481527332886, 31271.990198285966471 ], [ 20326.900000000001455, 31272.0 ], [ 20326.900000000001455, 31305.95857864376012 ], [ 20308.929289321880788, 31323.929289321880788 ], [ 20308.922698954662337, 31323.93656067158372 ], [ 20308.91685303876875, 31323.944442976699065 ], [ 20308.911807873566431, 31323.952860326317023 ], [ 20308.90761204674709, 31323.961731656763732 ], [ 20308.904305966425454, 31323.970971532275144 ], [ 20308.901921471959213, 31323.980490967798687 ], [ 20308.900481527332886, 31323.990198285966471 ], [ 20308.900000000001455, 31324.0 ], [ 20308.900000000001455, 31341.0 ], [ 20308.900517158195726, 31341.010156977252336 ], [ 20308.902063283738244, 31341.02020889922278 ], [ 20308.904622384790855, 31341.030051797235501 ], [ 20308.908167992154631, 31341.0395838645818 ], [ 20308.912663433031412, 31341.0487065095258 ], [ 20308.918062210341304, 31341.057325375059008 ], [ 20308.924308483638015, 31341.065351314839063 ], [ 20308.931337646703469, 31341.072701315253653 ], [ 20326.900000000001455, 31358.043104648924782 ], [ 20326.900000000001455, 31529.956895351075218 ], [ 20308.931337646703469, 31546.927298684746347 ], [ 20308.924308483638015, 31546.934648685160937 ], [ 20308.918062210341304, 31546.942674624940992 ], [ 20308.912663433031412, 31546.9512934904742 ], [ 20308.908167992154631, 31546.9604161354182 ], [ 20308.904622384790855, 31546.969948202764499 ], [ 20308.902063283738244, 31546.97979110077722 ], [ 20308.900517158195726, 31546.989843022747664 ], [ 20308.900000000001455, 31547.0 ], [ 20308.900000000001455, 31615.95857864376012 ], [ 20274.929289321880788, 31649.929289321880788 ], [ 20274.922698954662337, 31649.93656067158372 ], [ 20274.91685303876875, 31649.944442976699065 ], [ 20274.911807873566431, 31649.952860326317023 ], [ 20274.90761204674709, 31649.961731656763732 ], [ 20274.904305966425454, 31649.970971532275144 ], [ 20274.901921471959213, 31649.980490967798687 ], [ 20274.900481527332886, 31649.990198285966471 ], [ 20274.900000000001455, 31650.0 ], [ 20274.900000000001455, 31702.0 ], [ 20274.900481527332886, 31702.009801714033529 ], [ 20274.901921471959213, 31702.019509032201313 ], [ 20274.904305966425454, 31702.029028467724856 ], [ 20274.90761204674709, 31702.038268343236268 ], [ 20274.911807873566431, 31702.047139673682977 ], [ 20274.91685303876875, 31702.055557023300935 ], [ 20274.922698954662337, 31702.06343932841628 ], [ 20274.929289321880788, 31702.070710678119212 ], [ 20291.900000000001455, 31719.04142135623988 ], [ 20291.900000000001455, 31786.960242136432498 ], [ 20274.927298684746347, 31804.931337646703469 ], [ 20274.921137710050971, 31804.938512283959426 ], [ 20274.9156820247008, 31804.946236824482185 ], [ 20274.910980420547276, 31804.95444218537159 ], [ 20274.907074945451313, 31804.963054983592883 ], [ 20274.904000527269091, 31804.971998192289902 ], [ 20274.901784661444253, 31804.981191829632735 ], [ 20274.900447165146034, 31804.990553674138937 ], [ 20274.900000000001455, 31805.0 ], [ 20274.900000000001455, 31838.95857864376012 ], [ 20257.929289321880788, 31855.929289321880788 ], [ 20257.922698954662337, 31855.93656067158372 ], [ 20257.91685303876875, 31855.944442976699065 ], [ 20257.911807873566431, 31855.952860326317023 ], [ 20257.90761204674709, 31855.961731656763732 ], [ 20257.904305966425454, 31855.970971532275144 ], [ 20257.901921471959213, 31855.980490967798687 ], [ 20257.900481527332886, 31855.990198285966471 ], [ 20257.900000000001455, 31856.0 ], [ 20257.900000000001455, 31924.95857864376012 ], [ 20240.929289321880788, 31941.929289321880788 ], [ 20240.922698954662337, 31941.93656067158372 ], [ 20240.91685303876875, 31941.944442976699065 ], [ 20240.911807873566431, 31941.952860326317023 ], [ 20240.90761204674709, 31941.961731656763732 ], [ 20240.904305966425454, 31941.970971532275144 ], [ 20240.901921471959213, 31941.980490967798687 ], [ 20240.900481527332886, 31941.990198285966471 ], [ 20240.900000000001455, 31942.0 ], [ 20240.900000000001455, 32062.0 ], [ 20240.900447165146034, 32062.009446325861063 ], [ 20240.901784661444253, 32062.018808170367265 ], [ 20240.904000527269091, 32062.028001807710098 ], [ 20240.907074945451313, 32062.036945016407117 ], [ 20240.910980420547276, 32062.04555781462841 ], [ 20240.9156820247008, 32062.053763175517815 ], [ 20240.921137710050971, 32062.061487716040574 ], [ 20240.927298684746347, 32062.068662353296531 ], [ 20257.927298684746347, 32080.068662353296531 ], [ 20257.934648685160937, 32080.075691516361985 ], [ 20257.942674624940992, 32080.081937789658696 ], [ 20257.9512934904742, 32080.087336566968588 ], [ 20257.9604161354182, 32080.091832007845369 ], [ 20257.969948202764499, 32080.095377615209145 ], [ 20257.97979110077722, 32080.097936716261756 ], [ 20257.989843022747664, 32080.099482841804274 ], [ 20258.0, 32080.099999999998545 ], [ 20274.95857864376012, 32080.099999999998545 ], [ 20308.929289321880788, 32114.070710678119212 ], [ 20308.931337646703469, 32114.072701315253653 ], [ 20326.931337646703469, 32131.072701315253653 ], [ 20326.938653169083409, 32131.078971933853609 ], [ 20326.946538220257935, 32131.084509396558133 ], [ 20326.954919597366825, 32131.089262294943182 ], [ 20326.96371948977685, 32131.093186504269397 ], [ 20326.972856201467948, 32131.096245593151252 ], [ 20326.982244909464498, 32131.098411161765398 ], [ 20326.991798451326758, 32131.099663105505897 ], [ 20327.001428134339221, 32131.099989801641641 ], [ 20327.011044558908907, 32131.099388217200612 ], [ 20327.020558448522934, 32131.097863937149668 ], [ 20327.029881478589232, 32131.095431112524238 ], [ 20327.038927096404223, 32131.092112329064548 ], [ 20327.04761132468775, 32131.087938397537073 ], [ 20327.055853541216493, 32131.082948067691177 ], [ 20327.063577227290807, 32131.077187668510305 ], [ 20327.070710678119212, 32131.070710678119212 ], [ 20344.0, 32114.141421356238425 ], [ 20360.929289321880788, 32131.070710678119212 ], [ 20360.93656067158372, 32131.077301045337663 ], [ 20360.944442976699065, 32131.08314696123125 ], [ 20360.952860326317023, 32131.088192126433569 ], [ 20360.961731656763732, 32131.09238795325291 ], [ 20360.970971532275144, 32131.095694033574546 ], [ 20360.980490967798687, 32131.098078528040787 ], [ 20360.990198285966471, 32131.099518472667114 ], [ 20361.0, 32131.099999999998545 ], [ 20394.960242136432498, 32131.099999999998545 ], [ 20412.931337646703469, 32148.072701315253653 ], [ 20412.938512283959426, 32148.078862289949029 ], [ 20412.946236824482185, 32148.0843179752992 ], [ 20412.95444218537159, 32148.089019579452724 ], [ 20412.963054983592883, 32148.092925054548687 ], [ 20412.971998192289902, 32148.095999472730909 ], [ 20412.981191829632735, 32148.098215338555747 ], [ 20412.990553674138937, 32148.099552834853966 ], [ 20413.0, 32148.099999999998545 ], [ 20429.95857864376012, 32148.099999999998545 ], [ 20446.929289321880788, 32165.070710678119212 ], [ 20446.93656067158372, 32165.077301045337663 ], [ 20446.944442976699065, 32165.08314696123125 ], [ 20446.952860326317023, 32165.088192126433569 ], [ 20446.961731656763732, 32165.09238795325291 ], [ 20446.970971532275144, 32165.095694033574546 ], [ 20446.980490967798687, 32165.098078528040787 ], [ 20446.990198285966471, 32165.099518472667114 ], [ 20447.0, 32165.099999999998545 ], [ 20497.95857864376012, 32165.099999999998545 ], [ 20515.929289321880788, 32183.070710678119212 ], [ 20515.93656067158372, 32183.077301045337663 ], [ 20515.944442976699065, 32183.08314696123125 ], [ 20515.952860326317023, 32183.088192126433569 ], [ 20515.961731656763732, 32183.09238795325291 ], [ 20515.970971532275144, 32183.095694033574546 ], [ 20515.980490967798687, 32183.098078528040787 ], [ 20515.990198285966471, 32183.099518472667114 ], [ 20516.0, 32183.099999999998545 ], [ 20532.95857864376012, 32183.099999999998545 ], [ 20549.929289321880788, 32200.070710678119212 ], [ 20549.93656067158372, 32200.077301045337663 ], [ 20549.944442976699065, 32200.08314696123125 ], [ 20549.952860326317023, 32200.088192126433569 ], [ 20549.961731656763732, 32200.09238795325291 ], [ 20549.970971532275144, 32200.095694033574546 ], [ 20549.980490967798687, 32200.098078528040787 ], [ 20549.990198285966471, 32200.099518472667114 ], [ 20550.0, 32200.099999999998545 ], [ 20566.95857864376012, 32200.099999999998545 ], [ 20583.929289321880788, 32217.070710678119212 ], [ 20583.93656067158372, 32217.077301045337663 ], [ 20583.944442976699065, 32217.08314696123125 ], [ 20583.952860326317023, 32217.088192126433569 ], [ 20583.961731656763732, 32217.09238795325291 ], [ 20583.970971532275144, 32217.095694033574546 ], [ 20583.980490967798687, 32217.098078528040787 ], [ 20583.990198285966471, 32217.099518472667114 ], [ 20584.0, 32217.099999999998545 ], [ 20635.95857864376012, 32217.099999999998545 ], [ 20652.929289321880788, 32234.070710678119212 ], [ 20652.93656067158372, 32234.077301045337663 ], [ 20652.944442976699065, 32234.08314696123125 ], [ 20652.952860326317023, 32234.088192126433569 ], [ 20652.961731656763732, 32234.09238795325291 ], [ 20652.970971532275144, 32234.095694033574546 ], [ 20652.980490967798687, 32234.098078528040787 ], [ 20652.990198285966471, 32234.099518472667114 ], [ 20653.0, 32234.099999999998545 ], [ 20686.960242136432498, 32234.099999999998545 ], [ 20704.931337646703469, 32251.072701315253653 ], [ 20704.938512283959426, 32251.078862289949029 ], [ 20704.946236824482185, 32251.0843179752992 ], [ 20704.95444218537159, 32251.089019579452724 ], [ 20704.963054983592883, 32251.092925054548687 ], [ 20704.971998192289902, 32251.095999472730909 ], [ 20704.981191829632735, 32251.098215338555747 ], [ 20704.990553674138937, 32251.099552834853966 ], [ 20705.0, 32251.099999999998545 ], [ 25224.0, 32251.099999999998545 ], [ 25224.009801714033529, 32251.099518472667114 ], [ 25224.019509032201313, 32251.098078528040787 ], [ 25224.029028467724856, 32251.095694033574546 ], [ 25224.038268343236268, 32251.09238795325291 ], [ 25224.047139673682977, 32251.088192126433569 ], [ 25224.055557023300935, 32251.08314696123125 ], [ 25224.06343932841628, 32251.077301045337663 ], [ 25224.070710678119212, 32251.070710678119212 ], [ 25241.04142135623988, 32234.099999999998545 ], [ 25326.95857864376012, 32234.099999999998545 ], [ 25343.929289321880788, 32251.070710678119212 ], [ 25343.93656067158372, 32251.077301045337663 ], [ 25343.944442976699065, 32251.08314696123125 ], [ 25343.952860326317023, 32251.088192126433569 ], [ 25343.961731656763732, 32251.09238795325291 ], [ 25343.970971532275144, 32251.095694033574546 ], [ 25343.980490967798687, 32251.098078528040787 ], [ 25343.990198285966471, 32251.099518472667114 ], [ 25344.0, 32251.099999999998545 ], [ 25344.009801714033529, 32251.099518472667114 ], [ 25344.019509032201313, 32251.098078528040787 ], [ 25344.029028467724856, 32251.095694033574546 ], [ 25344.038268343236268, 32251.09238795325291 ], [ 25344.047139673682977, 32251.088192126433569 ], [ 25344.055557023300935, 32251.08314696123125 ], [ 25344.06343932841628, 32251.077301045337663 ], [ 25344.070710678119212, 32251.070710678119212 ], [ 25361.04142135623988, 32234.099999999998545 ], [ 25395.0, 32234.099999999998545 ], [ 25395.009446325861063, 32234.099552834853966 ], [ 25395.018808170367265, 32234.098215338555747 ], [ 25395.028001807710098, 32234.095999472730909 ], [ 25395.036945016407117, 32234.092925054548687 ], [ 25395.04555781462841, 32234.089019579452724 ], [ 25395.053763175517815, 32234.0843179752992 ], [ 25395.061487716040574, 32234.078862289949029 ], [ 25395.068662353296531, 32234.072701315253653 ], [ 25412.998008550523082, 32217.139429906761507 ], [ 25429.929289321880788, 32234.070710678119212 ], [ 25429.93656067158372, 32234.077301045337663 ], [ 25429.944442976699065, 32234.08314696123125 ], [ 25429.952860326317023, 32234.088192126433569 ], [ 25429.961731656763732, 32234.09238795325291 ], [ 25429.970971532275144, 32234.095694033574546 ], [ 25429.980490967798687, 32234.098078528040787 ], [ 25429.990198285966471, 32234.099518472667114 ], [ 25430.0, 32234.099999999998545 ], [ 25430.009801714033529, 32234.099518472667114 ], [ 25430.019509032201313, 32234.098078528040787 ], [ 25430.029028467724856, 32234.095694033574546 ], [ 25430.038268343236268, 32234.09238795325291 ], [ 25430.047139673682977, 32234.088192126433569 ], [ 25430.055557023300935, 32234.08314696123125 ], [ 25430.06343932841628, 32234.077301045337663 ], [ 25430.070710678119212, 32234.070710678119212 ], [ 25447.04142135623988, 32217.099999999998545 ], [ 25499.0, 32217.099999999998545 ], [ 25499.009801714033529, 32217.099518472667114 ], [ 25499.019509032201313, 32217.098078528040787 ], [ 25499.029028467724856, 32217.095694033574546 ], [ 25499.038268343236268, 32217.09238795325291 ], [ 25499.047139673682977, 32217.088192126433569 ], [ 25499.055557023300935, 32217.08314696123125 ], [ 25499.06343932841628, 32217.077301045337663 ], [ 25499.070710678119212, 32217.070710678119212 ], [ 25516.04142135623988, 32200.099999999998545 ], [ 25619.0, 32200.099999999998545 ], [ 25619.009801714033529, 32200.099518472667114 ], [ 25619.019509032201313, 32200.098078528040787 ], [ 25619.029028467724856, 32200.095694033574546 ], [ 25619.038268343236268, 32200.09238795325291 ], [ 25619.047139673682977, 32200.088192126433569 ], [ 25619.055557023300935, 32200.08314696123125 ], [ 25619.06343932841628, 32200.077301045337663 ], [ 25619.070710678119212, 32200.070710678119212 ], [ 25636.04142135623988, 32183.099999999998545 ], [ 25705.0, 32183.099999999998545 ], [ 25705.010156977252336, 32183.099482841804274 ], [ 25705.02020889922278, 32183.097936716261756 ], [ 25705.030051797235501, 32183.095377615209145 ], [ 25705.0395838645818, 32183.091832007845369 ], [ 25705.0487065095258, 32183.087336566968588 ], [ 25705.057325375059008, 32183.081937789658696 ], [ 25705.065351314839063, 32183.075691516361985 ], [ 25705.072701315253653, 32183.068662353296531 ], [ 25722.043104648924782, 32165.099999999998545 ], [ 25825.0, 32165.099999999998545 ], [ 25825.009801714033529, 32165.099518472667114 ], [ 25825.019509032201313, 32165.098078528040787 ], [ 25825.029028467724856, 32165.095694033574546 ], [ 25825.038268343236268, 32165.09238795325291 ], [ 25825.047139673682977, 32165.088192126433569 ], [ 25825.055557023300935, 32165.08314696123125 ], [ 25825.06343932841628, 32165.077301045337663 ], [ 25825.070710678119212, 32165.070710678119212 ], [ 25842.04142135623988, 32148.099999999998545 ], [ 25927.95857864376012, 32148.099999999998545 ], [ 25944.929289321880788, 32165.070710678119212 ], [ 25944.93656067158372, 32165.077301045337663 ], [ 25944.944442976699065, 32165.08314696123125 ], [ 25944.952860326317023, 32165.088192126433569 ], [ 25944.961731656763732, 32165.09238795325291 ], [ 25944.970971532275144, 32165.095694033574546 ], [ 25944.980490967798687, 32165.098078528040787 ], [ 25944.990198285966471, 32165.099518472667114 ], [ 25945.0, 32165.099999999998545 ], [ 25963.0, 32165.099999999998545 ], [ 25963.009801714033529, 32165.099518472667114 ], [ 25963.019509032201313, 32165.098078528040787 ], [ 25963.029028467724856, 32165.095694033574546 ], [ 25963.038268343236268, 32165.09238795325291 ], [ 25963.047139673682977, 32165.088192126433569 ], [ 25963.055557023300935, 32165.08314696123125 ], [ 25963.06343932841628, 32165.077301045337663 ], [ 25963.070710678119212, 32165.070710678119212 ], [ 25980.04142135623988, 32148.099999999998545 ], [ 25996.95857864376012, 32148.099999999998545 ], [ 26013.929289321880788, 32165.070710678119212 ], [ 26013.93656067158372, 32165.077301045337663 ], [ 26013.944442976699065, 32165.08314696123125 ], [ 26013.952860326317023, 32165.088192126433569 ], [ 26013.961731656763732, 32165.09238795325291 ], [ 26013.970971532275144, 32165.095694033574546 ], [ 26013.980490967798687, 32165.098078528040787 ], [ 26013.990198285966471, 32165.099518472667114 ], [ 26014.0, 32165.099999999998545 ], [ 26047.95857864376012, 32165.099999999998545 ], [ 26065.929289321880788, 32183.070710678119212 ], [ 26065.93669877263892, 32183.077414175801096 ], [ 26065.944740202859975, 32183.083344794798904 ], [ 26065.953333329442103, 32183.088443325690605 ], [ 26065.962392361325328, 32183.092658866349666 ], [ 26065.971826855995459, 32183.095949330152507 ], [ 26065.981542622437701, 32183.098281866146863 ], [ 26065.991442661506881, 32183.099633187030122 ], [ 26066.001428134339221, 32183.099989801641641 ], [ 26066.011399349132262, 32183.099348149651632 ], [ 26066.021256756423099, 32183.097714637115132 ], [ 26066.030901942973287, 32183.09510557250178 ], [ 26066.040238614281407, 32183.091547003888991 ], [ 26066.049173555973539, 32183.087074458901043 ], [ 26066.057617564412794, 32183.081732590017054 ], [ 26066.065486337287439, 32183.075574728769425 ], [ 26066.072701315253653, 32183.068662353296531 ], [ 26083.043104648924782, 32165.099999999998545 ], [ 26099.956895351075218, 32165.099999999998545 ], [ 26116.927298684746347, 32183.068662353296531 ], [ 26116.934648685160937, 32183.075691516361985 ], [ 26116.942674624940992, 32183.081937789658696 ], [ 26116.9512934904742, 32183.087336566968588 ], [ 26116.9604161354182, 32183.091832007845369 ], [ 26116.969948202764499, 32183.095377615209145 ], [ 26116.97979110077722, 32183.097936716261756 ], [ 26116.989843022747664, 32183.099482841804274 ], [ 26117.0, 32183.099999999998545 ], [ 26168.95857864376012, 32183.099999999998545 ], [ 26185.929289321880788, 32200.070710678119212 ], [ 26185.93656067158372, 32200.077301045337663 ], [ 26185.944442976699065, 32200.08314696123125 ], [ 26185.952860326317023, 32200.088192126433569 ], [ 26185.961731656763732, 32200.09238795325291 ], [ 26185.970971532275144, 32200.095694033574546 ], [ 26185.980490967798687, 32200.098078528040787 ], [ 26185.990198285966471, 32200.099518472667114 ], [ 26186.0, 32200.099999999998545 ], [ 26408.95857864376012, 32200.099999999998545 ], [ 26425.929289321880788, 32217.070710678119212 ], [ 26425.936422772709193, 32217.077187668510305 ], [ 26425.944146458783507, 32217.082948067691177 ], [ 26425.95238867531225, 32217.087938397537073 ], [ 26425.961072903595777, 32217.092112329064548 ], [ 26425.970118521410768, 32217.095431112524238 ], [ 26425.979441551477066, 32217.097863937149668 ], [ 26425.988955441091093, 32217.099388217200612 ], [ 26425.998571865660779, 32217.099989801641641 ], [ 26426.008201548673242, 32217.099663105505897 ], [ 26426.017755090535502, 32217.098411161765398 ], [ 26426.027143798532052, 32217.096245593151252 ], [ 26426.03628051022315, 32217.093186504269397 ], [ 26426.045080402633175, 32217.089262294943182 ], [ 26426.053461779742065, 32217.084509396558133 ], [ 26426.061346830916591, 32217.078971933853609 ], [ 26426.068662353296531, 32217.072701315253653 ], [ 26444.039757863567502, 32200.099999999998545 ], [ 26460.95857864376012, 32200.099999999998545 ], [ 26477.929289321880788, 32217.070710678119212 ], [ 26477.93656067158372, 32217.077301045337663 ], [ 26477.944442976699065, 32217.08314696123125 ], [ 26477.952860326317023, 32217.088192126433569 ], [ 26477.961731656763732, 32217.09238795325291 ], [ 26477.970971532275144, 32217.095694033574546 ], [ 26477.980490967798687, 32217.098078528040787 ], [ 26477.990198285966471, 32217.099518472667114 ], [ 26478.0, 32217.099999999998545 ], [ 26512.0, 32217.099999999998545 ], [ 26512.009446325861063, 32217.099552834853966 ], [ 26512.018808170367265, 32217.098215338555747 ], [ 26512.028001807710098, 32217.095999472730909 ], [ 26512.036945016407117, 32217.092925054548687 ], [ 26512.04555781462841, 32217.089019579452724 ], [ 26512.053763175517815, 32217.0843179752992 ], [ 26512.061487716040574, 32217.078862289949029 ], [ 26512.068662353296531, 32217.072701315253653 ], [ 26530.039757863567502, 32200.099999999998545 ], [ 26597.95857864376012, 32200.099999999998545 ], [ 26614.929289321880788, 32217.070710678119212 ], [ 26614.93656067158372, 32217.077301045337663 ], [ 26614.944442976699065, 32217.08314696123125 ], [ 26614.952860326317023, 32217.088192126433569 ], [ 26614.961731656763732, 32217.09238795325291 ], [ 26614.970971532275144, 32217.095694033574546 ], [ 26614.980490967798687, 32217.098078528040787 ], [ 26614.990198285966471, 32217.099518472667114 ], [ 26615.0, 32217.099999999998545 ], [ 26633.0, 32217.099999999998545 ], [ 26633.009801714033529, 32217.099518472667114 ], [ 26633.019509032201313, 32217.098078528040787 ], [ 26633.029028467724856, 32217.095694033574546 ], [ 26633.038268343236268, 32217.09238795325291 ], [ 26633.047139673682977, 32217.088192126433569 ], [ 26633.055557023300935, 32217.08314696123125 ], [ 26633.06343932841628, 32217.077301045337663 ], [ 26633.070710678119212, 32217.070710678119212 ], [ 26650.04142135623988, 32200.099999999998545 ], [ 26683.95857864376012, 32200.099999999998545 ], [ 26700.929289321880788, 32217.070710678119212 ], [ 26700.936422772709193, 32217.077187668510305 ], [ 26700.944146458783507, 32217.082948067691177 ], [ 26700.95238867531225, 32217.087938397537073 ], [ 26700.961072903595777, 32217.092112329064548 ], [ 26700.970118521410768, 32217.095431112524238 ], [ 26700.979441551477066, 32217.097863937149668 ], [ 26700.988955441091093, 32217.099388217200612 ], [ 26700.998571865660779, 32217.099989801641641 ], [ 26701.008201548673242, 32217.099663105505897 ], [ 26701.017755090535502, 32217.098411161765398 ], [ 26701.027143798532052, 32217.096245593151252 ], [ 26701.03628051022315, 32217.093186504269397 ], [ 26701.045080402633175, 32217.089262294943182 ], [ 26701.053461779742065, 32217.084509396558133 ], [ 26701.061346830916591, 32217.078971933853609 ], [ 26701.068662353296531, 32217.072701315253653 ], [ 26719.068662353296531, 32200.072701315253653 ], [ 26719.070710678119212, 32200.070710678119212 ], [ 26736.04142135623988, 32183.099999999998545 ], [ 26752.95857864376012, 32183.099999999998545 ], [ 26769.929289321880788, 32200.070710678119212 ], [ 26769.93656067158372, 32200.077301045337663 ], [ 26769.944442976699065, 32200.08314696123125 ], [ 26769.952860326317023, 32200.088192126433569 ], [ 26769.961731656763732, 32200.09238795325291 ], [ 26769.970971532275144, 32200.095694033574546 ], [ 26769.980490967798687, 32200.098078528040787 ], [ 26769.990198285966471, 32200.099518472667114 ], [ 26770.0, 32200.099999999998545 ], [ 26787.0, 32200.099999999998545 ], [ 26787.009801714033529, 32200.099518472667114 ], [ 26787.019509032201313, 32200.098078528040787 ], [ 26787.029028467724856, 32200.095694033574546 ], [ 26787.038268343236268, 32200.09238795325291 ], [ 26787.047139673682977, 32200.088192126433569 ], [ 26787.055557023300935, 32200.08314696123125 ], [ 26787.06343932841628, 32200.077301045337663 ], [ 26787.070710678119212, 32200.070710678119212 ], [ 26804.04142135623988, 32183.099999999998545 ], [ 26975.95857864376012, 32183.099999999998545 ], [ 26992.929289321880788, 32200.070710678119212 ], [ 26992.93656067158372, 32200.077301045337663 ], [ 26992.944442976699065, 32200.08314696123125 ], [ 26992.952860326317023, 32200.088192126433569 ], [ 26992.961731656763732, 32200.09238795325291 ], [ 26992.970971532275144, 32200.095694033574546 ], [ 26992.980490967798687, 32200.098078528040787 ], [ 26992.990198285966471, 32200.099518472667114 ], [ 26993.0, 32200.099999999998545 ], [ 27011.0, 32200.099999999998545 ], [ 27011.009801714033529, 32200.099518472667114 ], [ 27011.019509032201313, 32200.098078528040787 ], [ 27011.029028467724856, 32200.095694033574546 ], [ 27011.038268343236268, 32200.09238795325291 ], [ 27011.047139673682977, 32200.088192126433569 ], [ 27011.055557023300935, 32200.08314696123125 ], [ 27011.06343932841628, 32200.077301045337663 ], [ 27011.070710678119212, 32200.070710678119212 ], [ 27028.04142135623988, 32183.099999999998545 ], [ 27217.0, 32183.099999999998545 ], [ 27217.010156977252336, 32183.099482841804274 ], [ 27217.02020889922278, 32183.097936716261756 ], [ 27217.030051797235501, 32183.095377615209145 ], [ 27217.0395838645818, 32183.091832007845369 ], [ 27217.0487065095258, 32183.087336566968588 ], [ 27217.057325375059008, 32183.081937789658696 ], [ 27217.065351314839063, 32183.075691516361985 ], [ 27217.072701315253653, 32183.068662353296531 ], [ 27234.0, 32165.145640216505853 ], [ 27250.927298684746347, 32183.068662353296531 ], [ 27250.934196843580139, 32183.075299034553609 ], [ 27250.941697957612632, 32183.081245749755908 ], [ 27250.949733294037287, 32183.086448009067681 ], [ 27250.958229224957904, 32183.090858144118101 ], [ 27250.967107902048156, 32183.09443574478064 ], [ 27250.976287969871919, 32183.097148029457458 ], [ 27250.985685311345151, 32183.098970145441854 ], [ 27250.995213818499906, 32183.099885396663012 ], [ 27251.004786181500094, 32183.099885396663012 ], [ 27251.014314688654849, 32183.098970145441854 ], [ 27251.023712030128081, 32183.097148029457458 ], [ 27251.032892097951844, 32183.09443574478064 ], [ 27251.041770775042096, 32183.090858144118101 ], [ 27251.050266705962713, 32183.086448009067681 ], [ 27251.058302042387368, 32183.081245749755908 ], [ 27251.065803156419861, 32183.075299034553609 ], [ 27251.072701315253653, 32183.068662353296531 ], [ 27268.043104648924782, 32165.099999999998545 ], [ 27303.0, 32165.099999999998545 ], [ 27303.009801714033529, 32165.099518472667114 ], [ 27303.019509032201313, 32165.098078528040787 ], [ 27303.029028467724856, 32165.095694033574546 ], [ 27303.038268343236268, 32165.09238795325291 ], [ 27303.047139673682977, 32165.088192126433569 ], [ 27303.055557023300935, 32165.08314696123125 ], [ 27303.06343932841628, 32165.077301045337663 ], [ 27303.070710678119212, 32165.070710678119212 ], [ 27320.04142135623988, 32148.099999999998545 ], [ 27336.95857864376012, 32148.099999999998545 ], [ 27353.929289321880788, 32165.070710678119212 ], [ 27353.93656067158372, 32165.077301045337663 ], [ 27353.944442976699065, 32165.08314696123125 ], [ 27353.952860326317023, 32165.088192126433569 ], [ 27353.961731656763732, 32165.09238795325291 ], [ 27353.970971532275144, 32165.095694033574546 ], [ 27353.980490967798687, 32165.098078528040787 ], [ 27353.990198285966471, 32165.099518472667114 ], [ 27354.0, 32165.099999999998545 ], [ 27354.009801714033529, 32165.099518472667114 ], [ 27354.019509032201313, 32165.098078528040787 ], [ 27354.029028467724856, 32165.095694033574546 ], [ 27354.038268343236268, 32165.09238795325291 ], [ 27354.047139673682977, 32165.088192126433569 ], [ 27354.055557023300935, 32165.08314696123125 ], [ 27354.06343932841628, 32165.077301045337663 ], [ 27354.070710678119212, 32165.070710678119212 ], [ 27371.04142135623988, 32148.099999999998545 ], [ 27389.0, 32148.099999999998545 ], [ 27389.009801714033529, 32148.099518472667114 ], [ 27389.019509032201313, 32148.098078528040787 ], [ 27389.029028467724856, 32148.095694033574546 ], [ 27389.038268343236268, 32148.09238795325291 ], [ 27389.047139673682977, 32148.088192126433569 ], [ 27389.055557023300935, 32148.08314696123125 ], [ 27389.06343932841628, 32148.077301045337663 ], [ 27389.070710678119212, 32148.070710678119212 ], [ 27406.04142135623988, 32131.099999999998545 ], [ 27423.0, 32131.099999999998545 ], [ 27423.009801714033529, 32131.099518472667114 ], [ 27423.019509032201313, 32131.098078528040787 ], [ 27423.029028467724856, 32131.095694033574546 ], [ 27423.038268343236268, 32131.09238795325291 ], [ 27423.047139673682977, 32131.088192126433569 ], [ 27423.055557023300935, 32131.08314696123125 ], [ 27423.06343932841628, 32131.077301045337663 ], [ 27423.070710678119212, 32131.070710678119212 ], [ 27457.070710678119212, 32097.070710678119212 ], [ 27457.077301045337663, 32097.06343932841628 ], [ 27457.08314696123125, 32097.055557023300935 ], [ 27457.088192126433569, 32097.047139673682977 ], [ 27457.09238795325291, 32097.038268343236268 ], [ 27457.095694033574546, 32097.029028467724856 ], [ 27457.098078528040787, 32097.019509032201313 ], [ 27457.099518472667114, 32097.009801714033529 ], [ 27457.099999999998545, 32097.0 ], [ 27457.099999999998545, 32080.04142135623988 ], [ 27475.04142135623988, 32062.099999999998545 ], [ 27526.0, 32062.099999999998545 ], [ 27526.009801714033529, 32062.099518472667114 ], [ 27526.019509032201313, 32062.098078528040787 ], [ 27526.029028467724856, 32062.095694033574546 ], [ 27526.038268343236268, 32062.09238795325291 ], [ 27526.047139673682977, 32062.088192126433569 ], [ 27526.055557023300935, 32062.08314696123125 ], [ 27526.06343932841628, 32062.077301045337663 ], [ 27526.070710678119212, 32062.070710678119212 ], [ 27543.069700731684861, 32045.071720624553564 ], [ 27561.039757863567502, 32028.099999999998545 ], [ 27595.0, 32028.099999999998545 ], [ 27595.009801714033529, 32028.099518472667114 ], [ 27595.019509032201313, 32028.098078528040787 ], [ 27595.029028467724856, 32028.095694033574546 ], [ 27595.038268343236268, 32028.09238795325291 ], [ 27595.047139673682977, 32028.088192126433569 ], [ 27595.055557023300935, 32028.08314696123125 ], [ 27595.06343932841628, 32028.077301045337663 ], [ 27595.070710678119212, 32028.070710678119212 ], [ 27595.077301045337663, 32028.06343932841628 ], [ 27595.08314696123125, 32028.055557023300935 ], [ 27595.088192126433569, 32028.047139673682977 ], [ 27595.09238795325291, 32028.038268343236268 ], [ 27595.095694033574546, 32028.029028467724856 ], [ 27595.098078528040787, 32028.019509032201313 ], [ 27595.099518472667114, 32028.009801714033529 ], [ 27595.099999999998545, 32028.0 ], [ 27595.099999999998545, 31908.04142135623988 ], [ 27612.070710678119212, 31891.070710678119212 ], [ 27612.077301045337663, 31891.06343932841628 ], [ 27612.08314696123125, 31891.055557023300935 ], [ 27612.088192126433569, 31891.047139673682977 ], [ 27612.09238795325291, 31891.038268343236268 ], [ 27612.095694033574546, 31891.029028467724856 ], [ 27612.098078528040787, 31891.019509032201313 ], [ 27612.099518472667114, 31891.009801714033529 ], [ 27612.099999999998545, 31891.0 ], [ 27612.099999999998545, 31873.04142135623988 ], [ 27629.04142135623988, 31856.099999999998545 ], [ 27663.95857864376012, 31856.099999999998545 ], [ 27680.928279375446436, 31873.069700731684861 ], [ 27697.900000000001455, 31891.039757863567502 ], [ 27697.900000000001455, 31908.0 ], [ 27697.900481527332886, 31908.009801714033529 ], [ 27697.901921471959213, 31908.019509032201313 ], [ 27697.904305966425454, 31908.029028467724856 ], [ 27697.90761204674709, 31908.038268343236268 ], [ 27697.911807873566431, 31908.047139673682977 ], [ 27697.91685303876875, 31908.055557023300935 ], [ 27697.922698954662337, 31908.06343932841628 ], [ 27697.929289321880788, 31908.070710678119212 ], [ 27697.93656067158372, 31908.077301045337663 ], [ 27697.944442976699065, 31908.08314696123125 ], [ 27697.952860326317023, 31908.088192126433569 ], [ 27697.961731656763732, 31908.09238795325291 ], [ 27697.970971532275144, 31908.095694033574546 ], [ 27697.980490967798687, 31908.098078528040787 ], [ 27697.990198285966471, 31908.099518472667114 ], [ 27698.0, 31908.099999999998545 ], [ 27698.009801714033529, 31908.099518472667114 ], [ 27698.019509032201313, 31908.098078528040787 ], [ 27698.029028467724856, 31908.095694033574546 ], [ 27698.038268343236268, 31908.09238795325291 ], [ 27698.047139673682977, 31908.088192126433569 ], [ 27698.055557023300935, 31908.08314696123125 ], [ 27698.06343932841628, 31908.077301045337663 ], [ 27698.070710678119212, 31908.070710678119212 ], [ 27715.0, 31891.141421356238425 ], [ 27731.929289321880788, 31908.070710678119212 ], [ 27731.931337646703469, 31908.072701315253653 ], [ 27749.931337646703469, 31925.072701315253653 ], [ 27749.938653169083409, 31925.078971933853609 ], [ 27749.946538220257935, 31925.084509396558133 ], [ 27749.954919597366825, 31925.089262294943182 ], [ 27749.96371948977685, 31925.093186504269397 ], [ 27749.972856201467948, 31925.096245593151252 ], [ 27749.982244909464498, 31925.098411161765398 ], [ 27749.991798451326758, 31925.099663105505897 ], [ 27750.001428134339221, 31925.099989801641641 ], [ 27750.011044558908907, 31925.099388217200612 ], [ 27750.020558448522934, 31925.097863937149668 ], [ 27750.029881478589232, 31925.095431112524238 ], [ 27750.038927096404223, 31925.092112329064548 ], [ 27750.04761132468775, 31925.087938397537073 ], [ 27750.055853541216493, 31925.082948067691177 ], [ 27750.063577227290807, 31925.077187668510305 ], [ 27750.070710678119212, 31925.070710678119212 ], [ 27767.04142135623988, 31908.099999999998545 ], [ 27784.0, 31908.099999999998545 ], [ 27784.009801714033529, 31908.099518472667114 ], [ 27784.019509032201313, 31908.098078528040787 ], [ 27784.029028467724856, 31908.095694033574546 ], [ 27784.038268343236268, 31908.09238795325291 ], [ 27784.047139673682977, 31908.088192126433569 ], [ 27784.055557023300935, 31908.08314696123125 ], [ 27784.06343932841628, 31908.077301045337663 ], [ 27784.070710678119212, 31908.070710678119212 ], [ 27801.04142135623988, 31891.099999999998545 ], [ 27818.0, 31891.099999999998545 ], [ 27818.010156977252336, 31891.099482841804274 ], [ 27818.02020889922278, 31891.097936716261756 ], [ 27818.030051797235501, 31891.095377615209145 ], [ 27818.0395838645818, 31891.091832007845369 ], [ 27818.0487065095258, 31891.087336566968588 ], [ 27818.057325375059008, 31891.081937789658696 ], [ 27818.065351314839063, 31891.075691516361985 ], [ 27818.072701315253653, 31891.068662353296531 ], [ 27835.070739533730375, 31873.070739533730375 ], [ 27853.039757863567502, 31856.099999999998545 ], [ 27870.0, 31856.099999999998545 ], [ 27870.009801714033529, 31856.099518472667114 ], [ 27870.019509032201313, 31856.098078528040787 ], [ 27870.029028467724856, 31856.095694033574546 ], [ 27870.038268343236268, 31856.09238795325291 ], [ 27870.047139673682977, 31856.088192126433569 ], [ 27870.055557023300935, 31856.08314696123125 ], [ 27870.06343932841628, 31856.077301045337663 ], [ 27870.070710678119212, 31856.070710678119212 ], [ 27904.070710678119212, 31822.070710678119212 ], [ 27904.077301045337663, 31822.06343932841628 ], [ 27904.08314696123125, 31822.055557023300935 ], [ 27904.088192126433569, 31822.047139673682977 ], [ 27904.09238795325291, 31822.038268343236268 ], [ 27904.095694033574546, 31822.029028467724856 ], [ 27904.098078528040787, 31822.019509032201313 ], [ 27904.099518472667114, 31822.009801714033529 ], [ 27904.099999999998545, 31822.0 ], [ 27904.099999999998545, 31805.039757863567502 ], [ 27921.070739533730375, 31787.070739533730375 ], [ 27939.039757863567502, 31770.099999999998545 ], [ 27956.0, 31770.099999999998545 ], [ 27956.009801714033529, 31770.099518472667114 ], [ 27956.019509032201313, 31770.098078528040787 ], [ 27956.029028467724856, 31770.095694033574546 ], [ 27956.038268343236268, 31770.09238795325291 ], [ 27956.047139673682977, 31770.088192126433569 ], [ 27956.055557023300935, 31770.08314696123125 ], [ 27956.06343932841628, 31770.077301045337663 ], [ 27956.070710678119212, 31770.070710678119212 ], [ 27956.077301045337663, 31770.06343932841628 ], [ 27956.08314696123125, 31770.055557023300935 ], [ 27956.088192126433569, 31770.047139673682977 ], [ 27956.09238795325291, 31770.038268343236268 ], [ 27956.095694033574546, 31770.029028467724856 ], [ 27956.098078528040787, 31770.019509032201313 ], [ 27956.099518472667114, 31770.009801714033529 ], [ 27956.099999999998545, 31770.0 ], [ 27956.099999999998545, 31753.04142135623988 ], [ 27973.070710678119212, 31736.070710678119212 ], [ 27973.077301045337663, 31736.06343932841628 ], [ 27973.08314696123125, 31736.055557023300935 ], [ 27973.088192126433569, 31736.047139673682977 ], [ 27973.09238795325291, 31736.038268343236268 ], [ 27973.095694033574546, 31736.029028467724856 ], [ 27973.098078528040787, 31736.019509032201313 ], [ 27973.099518472667114, 31736.009801714033529 ], [ 27973.099999999998545, 31736.0 ], [ 27973.099999999998545, 31719.04142135623988 ], [ 27990.070710678119212, 31702.070710678119212 ], [ 27990.077301045337663, 31702.06343932841628 ], [ 27990.08314696123125, 31702.055557023300935 ], [ 27990.088192126433569, 31702.047139673682977 ], [ 27990.09238795325291, 31702.038268343236268 ], [ 27990.095694033574546, 31702.029028467724856 ], [ 27990.098078528040787, 31702.019509032201313 ], [ 27990.099518472667114, 31702.009801714033529 ], [ 27990.099999999998545, 31702.0 ], [ 27990.099999999998545, 31684.04142135623988 ], [ 28007.070710678119212, 31667.070710678119212 ], [ 28007.077301045337663, 31667.06343932841628 ], [ 28007.08314696123125, 31667.055557023300935 ], [ 28007.088192126433569, 31667.047139673682977 ], [ 28007.09238795325291, 31667.038268343236268 ], [ 28007.095694033574546, 31667.029028467724856 ], [ 28007.098078528040787, 31667.019509032201313 ], [ 28007.099518472667114, 31667.009801714033529 ], [ 28007.099999999998545, 31667.0 ], [ 28007.099999999998545, 31633.04142135623988 ], [ 28042.070710678119212, 31598.070710678119212 ], [ 28042.077301045337663, 31598.06343932841628 ], [ 28042.08314696123125, 31598.055557023300935 ], [ 28042.088192126433569, 31598.047139673682977 ], [ 28042.09238795325291, 31598.038268343236268 ], [ 28042.095694033574546, 31598.029028467724856 ], [ 28042.098078528040787, 31598.019509032201313 ], [ 28042.099518472667114, 31598.009801714033529 ], [ 28042.099999999998545, 31598.0 ], [ 28042.099999999998545, 31581.04142135623988 ], [ 28059.070710678119212, 31564.070710678119212 ], [ 28059.077301045337663, 31564.06343932841628 ], [ 28059.08314696123125, 31564.055557023300935 ], [ 28059.088192126433569, 31564.047139673682977 ], [ 28059.09238795325291, 31564.038268343236268 ], [ 28059.095694033574546, 31564.029028467724856 ], [ 28059.098078528040787, 31564.019509032201313 ], [ 28059.099518472667114, 31564.009801714033529 ], [ 28059.099999999998545, 31564.0 ], [ 28059.099999999998545, 31547.04142135623988 ], [ 28093.070710678119212, 31513.070710678119212 ], [ 28093.072701315253653, 31513.068662353296531 ], [ 28110.070739533730375, 31495.070739533730375 ], [ 28128.068662353296531, 31478.072701315253653 ], [ 28128.070710678119212, 31478.070710678119212 ], [ 28145.0, 31461.141421356238425 ], [ 28161.900000000001455, 31478.04142135623988 ], [ 28161.900000000001455, 31513.0 ], [ 28161.900481527332886, 31513.009801714033529 ], [ 28161.901921471959213, 31513.019509032201313 ], [ 28161.904305966425454, 31513.029028467724856 ], [ 28161.90761204674709, 31513.038268343236268 ], [ 28161.911807873566431, 31513.047139673682977 ], [ 28161.91685303876875, 31513.055557023300935 ], [ 28161.922698954662337, 31513.06343932841628 ], [ 28161.929289321880788, 31513.070710678119212 ], [ 28195.900000000001455, 31547.04142135623988 ], [ 28195.900000000001455, 31564.0 ], [ 28195.900481527332886, 31564.009801714033529 ], [ 28195.901921471959213, 31564.019509032201313 ], [ 28195.904305966425454, 31564.029028467724856 ], [ 28195.90761204674709, 31564.038268343236268 ], [ 28195.911807873566431, 31564.047139673682977 ], [ 28195.91685303876875, 31564.055557023300935 ], [ 28195.922698954662337, 31564.06343932841628 ], [ 28195.929289321880788, 31564.070710678119212 ], [ 28212.858578643761575, 31581.0 ], [ 28195.929289321880788, 31597.929289321880788 ], [ 28195.922812331489695, 31597.936422772709193 ], [ 28195.917051932308823, 31597.944146458783507 ], [ 28195.912061602462927, 31597.95238867531225 ], [ 28195.907887670935452, 31597.961072903595777 ], [ 28195.904568887475762, 31597.970118521410768 ], [ 28195.902136062850332, 31597.979441551477066 ], [ 28195.900611782799388, 31597.988955441091093 ], [ 28195.900010198358359, 31597.998571865660779 ], [ 28195.900336894494103, 31598.008201548673242 ], [ 28195.901588838234602, 31598.017755090535502 ], [ 28195.903754406848748, 31598.027143798532052 ], [ 28195.906813495730603, 31598.03628051022315 ], [ 28195.910737705056818, 31598.045080402633175 ], [ 28195.915490603441867, 31598.053461779742065 ], [ 28195.921028066146391, 31598.061346830916591 ], [ 28195.927298684746347, 31598.068662353296531 ], [ 28212.927298684746347, 31616.068662353296531 ], [ 28212.931337646703469, 31616.072701315253653 ], [ 28230.930299268315139, 31633.071720624553564 ], [ 28264.900000000001455, 31667.04142135623988 ], [ 28264.900000000001455, 31684.0 ], [ 28264.900481527332886, 31684.009801714033529 ], [ 28264.901921471959213, 31684.019509032201313 ], [ 28264.904305966425454, 31684.029028467724856 ], [ 28264.90761204674709, 31684.038268343236268 ], [ 28264.911807873566431, 31684.047139673682977 ], [ 28264.91685303876875, 31684.055557023300935 ], [ 28264.922698954662337, 31684.06343932841628 ], [ 28264.929289321880788, 31684.070710678119212 ], [ 28264.93656067158372, 31684.077301045337663 ], [ 28264.944442976699065, 31684.08314696123125 ], [ 28264.952860326317023, 31684.088192126433569 ], [ 28264.961731656763732, 31684.09238795325291 ], [ 28264.970971532275144, 31684.095694033574546 ], [ 28264.980490967798687, 31684.098078528040787 ], [ 28264.990198285966471, 31684.099518472667114 ], [ 28265.0, 31684.099999999998545 ], [ 28351.0, 31684.099999999998545 ], [ 28351.009801714033529, 31684.099518472667114 ], [ 28351.019509032201313, 31684.098078528040787 ], [ 28351.029028467724856, 31684.095694033574546 ], [ 28351.038268343236268, 31684.09238795325291 ], [ 28351.047139673682977, 31684.088192126433569 ], [ 28351.055557023300935, 31684.08314696123125 ], [ 28351.06343932841628, 31684.077301045337663 ], [ 28351.070710678119212, 31684.070710678119212 ], [ 28368.04142135623988, 31667.099999999998545 ], [ 28402.0, 31667.099999999998545 ], [ 28402.009446325861063, 31667.099552834853966 ], [ 28402.018808170367265, 31667.098215338555747 ], [ 28402.028001807710098, 31667.095999472730909 ], [ 28402.036945016407117, 31667.092925054548687 ], [ 28402.04555781462841, 31667.089019579452724 ], [ 28402.053763175517815, 31667.0843179752992 ], [ 28402.061487716040574, 31667.078862289949029 ], [ 28402.068662353296531, 31667.072701315253653 ], [ 28419.998008550523082, 31650.139429906761507 ], [ 28436.929289321880788, 31667.070710678119212 ], [ 28436.93656067158372, 31667.077301045337663 ], [ 28436.944442976699065, 31667.08314696123125 ], [ 28436.952860326317023, 31667.088192126433569 ], [ 28436.961731656763732, 31667.09238795325291 ], [ 28436.970971532275144, 31667.095694033574546 ], [ 28436.980490967798687, 31667.098078528040787 ], [ 28436.990198285966471, 31667.099518472667114 ], [ 28437.0, 31667.099999999998545 ], [ 28454.0, 31667.099999999998545 ], [ 28454.009801714033529, 31667.099518472667114 ], [ 28454.019509032201313, 31667.098078528040787 ], [ 28454.029028467724856, 31667.095694033574546 ], [ 28454.038268343236268, 31667.09238795325291 ], [ 28454.047139673682977, 31667.088192126433569 ], [ 28454.055557023300935, 31667.08314696123125 ], [ 28454.06343932841628, 31667.077301045337663 ], [ 28454.070710678119212, 31667.070710678119212 ], [ 28454.077301045337663, 31667.06343932841628 ], [ 28454.08314696123125, 31667.055557023300935 ], [ 28454.088192126433569, 31667.047139673682977 ], [ 28454.09238795325291, 31667.038268343236268 ], [ 28454.095694033574546, 31667.029028467724856 ], [ 28454.098078528040787, 31667.019509032201313 ], [ 28454.099518472667114, 31667.009801714033529 ], [ 28454.099999999998545, 31667.0 ], [ 28454.099999999998545, 31633.0 ], [ 28454.099518472667114, 31632.990198285966471 ], [ 28454.098078528040787, 31632.980490967798687 ], [ 28454.095694033574546, 31632.970971532275144 ], [ 28454.09238795325291, 31632.961731656763732 ], [ 28454.088192126433569, 31632.952860326317023 ], [ 28454.08314696123125, 31632.944442976699065 ], [ 28454.077301045337663, 31632.93656067158372 ], [ 28454.070710678119212, 31632.929289321880788 ], [ 28437.099999999998545, 31615.95857864376012 ], [ 28437.099999999998545, 31598.04142135623988 ], [ 28454.04142135623988, 31581.099999999998545 ], [ 28505.95857864376012, 31581.099999999998545 ], [ 28522.900000000001455, 31598.04142135623988 ], [ 28522.900000000001455, 31632.95857864376012 ], [ 28505.930299268315139, 31649.928279375446436 ], [ 28487.931337646703469, 31666.927298684746347 ], [ 28487.924308483638015, 31666.934648685160937 ], [ 28487.918062210341304, 31666.942674624940992 ], [ 28487.912663433031412, 31666.9512934904742 ], [ 28487.908167992154631, 31666.9604161354182 ], [ 28487.904622384790855, 31666.969948202764499 ], [ 28487.902063283738244, 31666.97979110077722 ], [ 28487.900517158195726, 31666.989843022747664 ], [ 28487.900000000001455, 31667.0 ], [ 28487.900000000001455, 31719.0 ], [ 28487.900481527332886, 31719.009801714033529 ], [ 28487.901921471959213, 31719.019509032201313 ], [ 28487.904305966425454, 31719.029028467724856 ], [ 28487.90761204674709, 31719.038268343236268 ], [ 28487.911807873566431, 31719.047139673682977 ], [ 28487.91685303876875, 31719.055557023300935 ], [ 28487.922698954662337, 31719.06343932841628 ], [ 28487.929289321880788, 31719.070710678119212 ], [ 28487.93656067158372, 31719.077301045337663 ], [ 28487.944442976699065, 31719.08314696123125 ], [ 28487.952860326317023, 31719.088192126433569 ], [ 28487.961731656763732, 31719.09238795325291 ], [ 28487.970971532275144, 31719.095694033574546 ], [ 28487.980490967798687, 31719.098078528040787 ], [ 28487.990198285966471, 31719.099518472667114 ], [ 28488.0, 31719.099999999998545 ], [ 28505.95857864376012, 31719.099999999998545 ], [ 28522.900000000001455, 31736.04142135623988 ], [ 28522.900000000001455, 31753.0 ], [ 28522.900481527332886, 31753.009801714033529 ], [ 28522.901921471959213, 31753.019509032201313 ], [ 28522.904305966425454, 31753.029028467724856 ], [ 28522.90761204674709, 31753.038268343236268 ], [ 28522.911807873566431, 31753.047139673682977 ], [ 28522.91685303876875, 31753.055557023300935 ], [ 28522.922698954662337, 31753.06343932841628 ], [ 28522.929289321880788, 31753.070710678119212 ], [ 28556.928279375446436, 31787.069700731684861 ], [ 28573.927298684746347, 31805.068662353296531 ], [ 28573.934648685160937, 31805.075691516361985 ], [ 28573.942674624940992, 31805.081937789658696 ], [ 28573.9512934904742, 31805.087336566968588 ], [ 28573.9604161354182, 31805.091832007845369 ], [ 28573.969948202764499, 31805.095377615209145 ], [ 28573.97979110077722, 31805.097936716261756 ], [ 28573.989843022747664, 31805.099482841804274 ], [ 28574.0, 31805.099999999998545 ], [ 28608.95857864376012, 31805.099999999998545 ], [ 28642.929289321880788, 31839.070710678119212 ], [ 28642.93656067158372, 31839.077301045337663 ], [ 28642.944442976699065, 31839.08314696123125 ], [ 28642.952860326317023, 31839.088192126433569 ], [ 28642.961731656763732, 31839.09238795325291 ], [ 28642.970971532275144, 31839.095694033574546 ], [ 28642.980490967798687, 31839.098078528040787 ], [ 28642.990198285966471, 31839.099518472667114 ], [ 28643.0, 31839.099999999998545 ], [ 28711.95857864376012, 31839.099999999998545 ], [ 28728.929289321880788, 31856.070710678119212 ], [ 28728.93656067158372, 31856.077301045337663 ], [ 28728.944442976699065, 31856.08314696123125 ], [ 28728.952860326317023, 31856.088192126433569 ], [ 28728.961731656763732, 31856.09238795325291 ], [ 28728.970971532275144, 31856.095694033574546 ], [ 28728.980490967798687, 31856.098078528040787 ], [ 28728.990198285966471, 31856.099518472667114 ], [ 28729.0, 31856.099999999998545 ], [ 28745.95857864376012, 31856.099999999998545 ], [ 28762.929289321880788, 31873.070710678119212 ], [ 28762.93656067158372, 31873.077301045337663 ], [ 28762.944442976699065, 31873.08314696123125 ], [ 28762.952860326317023, 31873.088192126433569 ], [ 28762.961731656763732, 31873.09238795325291 ], [ 28762.970971532275144, 31873.095694033574546 ], [ 28762.980490967798687, 31873.098078528040787 ], [ 28762.990198285966471, 31873.099518472667114 ], [ 28763.0, 31873.099999999998545 ], [ 28763.009801714033529, 31873.099518472667114 ], [ 28763.019509032201313, 31873.098078528040787 ], [ 28763.029028467724856, 31873.095694033574546 ], [ 28763.038268343236268, 31873.09238795325291 ], [ 28763.047139673682977, 31873.088192126433569 ], [ 28763.055557023300935, 31873.08314696123125 ], [ 28763.06343932841628, 31873.077301045337663 ], [ 28763.070710678119212, 31873.070710678119212 ], [ 28780.001991449476918, 31856.139429906761507 ], [ 28797.931337646703469, 31873.072701315253653 ], [ 28797.938512283959426, 31873.078862289949029 ], [ 28797.946236824482185, 31873.0843179752992 ], [ 28797.95444218537159, 31873.089019579452724 ], [ 28797.963054983592883, 31873.092925054548687 ], [ 28797.971998192289902, 31873.095999472730909 ], [ 28797.981191829632735, 31873.098215338555747 ], [ 28797.990553674138937, 31873.099552834853966 ], [ 28798.0, 31873.099999999998545 ], [ 28831.956895351075218, 31873.099999999998545 ], [ 28848.927298684746347, 31891.068662353296531 ], [ 28848.934648685160937, 31891.075691516361985 ], [ 28848.942674624940992, 31891.081937789658696 ], [ 28848.9512934904742, 31891.087336566968588 ], [ 28848.9604161354182, 31891.091832007845369 ], [ 28848.969948202764499, 31891.095377615209145 ], [ 28848.97979110077722, 31891.097936716261756 ], [ 28848.989843022747664, 31891.099482841804274 ], [ 28849.0, 31891.099999999998545 ], [ 28865.960242136432498, 31891.099999999998545 ], [ 28883.931337646703469, 31908.072701315253653 ], [ 28883.938512283959426, 31908.078862289949029 ], [ 28883.946236824482185, 31908.0843179752992 ], [ 28883.95444218537159, 31908.089019579452724 ], [ 28883.963054983592883, 31908.092925054548687 ], [ 28883.971998192289902, 31908.095999472730909 ], [ 28883.981191829632735, 31908.098215338555747 ], [ 28883.990553674138937, 31908.099552834853966 ], [ 28884.0, 31908.099999999998545 ], [ 28934.95857864376012, 31908.099999999998545 ], [ 28951.929289321880788, 31925.070710678119212 ], [ 28951.93656067158372, 31925.077301045337663 ], [ 28951.944442976699065, 31925.08314696123125 ], [ 28951.952860326317023, 31925.088192126433569 ], [ 28951.961731656763732, 31925.09238795325291 ], [ 28951.970971532275144, 31925.095694033574546 ], [ 28951.980490967798687, 31925.098078528040787 ], [ 28951.990198285966471, 31925.099518472667114 ], [ 28952.0, 31925.099999999998545 ], [ 29004.0, 31925.099999999998545 ], [ 29004.009801714033529, 31925.099518472667114 ], [ 29004.019509032201313, 31925.098078528040787 ], [ 29004.029028467724856, 31925.095694033574546 ], [ 29004.038268343236268, 31925.09238795325291 ], [ 29004.047139673682977, 31925.088192126433569 ], [ 29004.055557023300935, 31925.08314696123125 ], [ 29004.06343932841628, 31925.077301045337663 ], [ 29004.070710678119212, 31925.070710678119212 ], [ 29021.0, 31908.141421356238425 ], [ 29037.900000000001455, 31925.04142135623988 ], [ 29037.900000000001455, 31942.0 ], [ 29037.900481527332886, 31942.009801714033529 ], [ 29037.901921471959213, 31942.019509032201313 ], [ 29037.904305966425454, 31942.029028467724856 ], [ 29037.90761204674709, 31942.038268343236268 ], [ 29037.911807873566431, 31942.047139673682977 ], [ 29037.91685303876875, 31942.055557023300935 ], [ 29037.922698954662337, 31942.06343932841628 ], [ 29037.929289321880788, 31942.070710678119212 ], [ 29037.93656067158372, 31942.077301045337663 ], [ 29037.944442976699065, 31942.08314696123125 ], [ 29037.952860326317023, 31942.088192126433569 ], [ 29037.961731656763732, 31942.09238795325291 ], [ 29037.970971532275144, 31942.095694033574546 ], [ 29037.980490967798687, 31942.098078528040787 ], [ 29037.990198285966471, 31942.099518472667114 ], [ 29038.0, 31942.099999999998545 ], [ 29175.95857864376012, 31942.099999999998545 ], [ 29192.929289321880788, 31959.070710678119212 ], [ 29192.93656067158372, 31959.077301045337663 ], [ 29192.944442976699065, 31959.08314696123125 ], [ 29192.952860326317023, 31959.088192126433569 ], [ 29192.961731656763732, 31959.09238795325291 ], [ 29192.970971532275144, 31959.095694033574546 ], [ 29192.980490967798687, 31959.098078528040787 ], [ 29192.990198285966471, 31959.099518472667114 ], [ 29193.0, 31959.099999999998545 ], [ 29193.009801714033529, 31959.099518472667114 ], [ 29193.019509032201313, 31959.098078528040787 ], [ 29193.029028467724856, 31959.095694033574546 ], [ 29193.038268343236268, 31959.09238795325291 ], [ 29193.047139673682977, 31959.088192126433569 ], [ 29193.055557023300935, 31959.08314696123125 ], [ 29193.06343932841628, 31959.077301045337663 ], [ 29193.070710678119212, 31959.070710678119212 ], [ 29210.0, 31942.141421356238425 ], [ 29226.929289321880788, 31959.070710678119212 ], [ 29226.93656067158372, 31959.077301045337663 ], [ 29226.944442976699065, 31959.08314696123125 ], [ 29226.952860326317023, 31959.088192126433569 ], [ 29226.961731656763732, 31959.09238795325291 ], [ 29226.970971532275144, 31959.095694033574546 ], [ 29226.980490967798687, 31959.098078528040787 ], [ 29226.990198285966471, 31959.099518472667114 ], [ 29227.0, 31959.099999999998545 ], [ 29227.009801714033529, 31959.099518472667114 ], [ 29227.019509032201313, 31959.098078528040787 ], [ 29227.029028467724856, 31959.095694033574546 ], [ 29227.038268343236268, 31959.09238795325291 ], [ 29227.047139673682977, 31959.088192126433569 ], [ 29227.055557023300935, 31959.08314696123125 ], [ 29227.06343932841628, 31959.077301045337663 ], [ 29227.070710678119212, 31959.070710678119212 ], [ 29244.04142135623988, 31942.099999999998545 ], [ 29312.95857864376012, 31942.099999999998545 ], [ 29329.929289321880788, 31959.070710678119212 ], [ 29329.93656067158372, 31959.077301045337663 ], [ 29329.944442976699065, 31959.08314696123125 ], [ 29329.952860326317023, 31959.088192126433569 ], [ 29329.961731656763732, 31959.09238795325291 ], [ 29329.970971532275144, 31959.095694033574546 ], [ 29329.980490967798687, 31959.098078528040787 ], [ 29329.990198285966471, 31959.099518472667114 ], [ 29330.0, 31959.099999999998545 ], [ 29416.0, 31959.099999999998545 ], [ 29416.009801714033529, 31959.099518472667114 ], [ 29416.019509032201313, 31959.098078528040787 ], [ 29416.029028467724856, 31959.095694033574546 ], [ 29416.038268343236268, 31959.09238795325291 ], [ 29416.047139673682977, 31959.088192126433569 ], [ 29416.055557023300935, 31959.08314696123125 ], [ 29416.06343932841628, 31959.077301045337663 ], [ 29416.070710678119212, 31959.070710678119212 ], [ 29433.001991449476918, 31942.139429906761507 ], [ 29450.931337646703469, 31959.072701315253653 ], [ 29450.938512283959426, 31959.078862289949029 ], [ 29450.946236824482185, 31959.0843179752992 ], [ 29450.95444218537159, 31959.089019579452724 ], [ 29450.963054983592883, 31959.092925054548687 ], [ 29450.971998192289902, 31959.095999472730909 ], [ 29450.981191829632735, 31959.098215338555747 ], [ 29450.990553674138937, 31959.099552834853966 ], [ 29451.0, 31959.099999999998545 ], [ 29501.95857864376012, 31959.099999999998545 ], [ 29518.929289321880788, 31976.070710678119212 ], [ 29518.93656067158372, 31976.077301045337663 ], [ 29518.944442976699065, 31976.08314696123125 ], [ 29518.952860326317023, 31976.088192126433569 ], [ 29518.961731656763732, 31976.09238795325291 ], [ 29518.970971532275144, 31976.095694033574546 ], [ 29518.980490967798687, 31976.098078528040787 ], [ 29518.990198285966471, 31976.099518472667114 ], [ 29519.0, 31976.099999999998545 ], [ 29553.956895351075218, 31976.099999999998545 ], [ 29570.927298684746347, 31994.068662353296531 ], [ 29570.934196843580139, 31994.075299034553609 ], [ 29570.941697957612632, 31994.081245749755908 ], [ 29570.949733294037287, 31994.086448009067681 ], [ 29570.958229224957904, 31994.090858144118101 ], [ 29570.967107902048156, 31994.09443574478064 ], [ 29570.976287969871919, 31994.097148029457458 ], [ 29570.985685311345151, 31994.098970145441854 ], [ 29570.995213818499906, 31994.099885396663012 ], [ 29571.004786181500094, 31994.099885396663012 ], [ 29571.014314688654849, 31994.098970145441854 ], [ 29571.023712030128081, 31994.097148029457458 ], [ 29571.032892097951844, 31994.09443574478064 ], [ 29571.041770775042096, 31994.090858144118101 ], [ 29571.050266705962713, 31994.086448009067681 ], [ 29571.058302042387368, 31994.081245749755908 ], [ 29571.065803156419861, 31994.075299034553609 ], [ 29571.072701315253653, 31994.068662353296531 ], [ 29588.043104648924782, 31976.099999999998545 ], [ 29621.95857864376012, 31976.099999999998545 ], [ 29639.929289321880788, 31994.070710678119212 ], [ 29639.93669877263892, 31994.077414175801096 ], [ 29639.944740202859975, 31994.083344794798904 ], [ 29639.953333329442103, 31994.088443325690605 ], [ 29639.962392361325328, 31994.092658866349666 ], [ 29639.971826855995459, 31994.095949330152507 ], [ 29639.981542622437701, 31994.098281866146863 ], [ 29639.991442661506881, 31994.099633187030122 ], [ 29640.001428134339221, 31994.099989801641641 ], [ 29640.011399349132262, 31994.099348149651632 ], [ 29640.021256756423099, 31994.097714637115132 ], [ 29640.030901942973287, 31994.09510557250178 ], [ 29640.040238614281407, 31994.091547003888991 ], [ 29640.049173555973539, 31994.087074458901043 ], [ 29640.057617564412794, 31994.081732590017054 ], [ 29640.065486337287439, 31994.075574728769425 ], [ 29640.072701315253653, 31994.068662353296531 ], [ 29657.043104648924782, 31976.099999999998545 ], [ 29862.956895351075218, 31976.099999999998545 ], [ 29879.927298684746347, 31994.068662353296531 ], [ 29879.934196843580139, 31994.075299034553609 ], [ 29879.941697957612632, 31994.081245749755908 ], [ 29879.949733294037287, 31994.086448009067681 ], [ 29879.958229224957904, 31994.090858144118101 ], [ 29879.967107902048156, 31994.09443574478064 ], [ 29879.976287969871919, 31994.097148029457458 ], [ 29879.985685311345151, 31994.098970145441854 ], [ 29879.995213818499906, 31994.099885396663012 ], [ 29880.004786181500094, 31994.099885396663012 ], [ 29880.014314688654849, 31994.098970145441854 ], [ 29880.023712030128081, 31994.097148029457458 ], [ 29880.032892097951844, 31994.09443574478064 ], [ 29880.041770775042096, 31994.090858144118101 ], [ 29880.050266705962713, 31994.086448009067681 ], [ 29880.058302042387368, 31994.081245749755908 ], [ 29880.065803156419861, 31994.075299034553609 ], [ 29880.072701315253653, 31994.068662353296531 ], [ 29897.043104648924782, 31976.099999999998545 ], [ 29932.0, 31976.099999999998545 ], [ 29932.009801714033529, 31976.099518472667114 ], [ 29932.019509032201313, 31976.098078528040787 ], [ 29932.029028467724856, 31976.095694033574546 ], [ 29932.038268343236268, 31976.09238795325291 ], [ 29932.047139673682977, 31976.088192126433569 ], [ 29932.055557023300935, 31976.08314696123125 ], [ 29932.06343932841628, 31976.077301045337663 ], [ 29932.070710678119212, 31976.070710678119212 ], [ 29949.0, 31959.141421356238425 ], [ 29965.929289321880788, 31976.070710678119212 ], [ 29965.93656067158372, 31976.077301045337663 ], [ 29965.944442976699065, 31976.08314696123125 ], [ 29965.952860326317023, 31976.088192126433569 ], [ 29965.961731656763732, 31976.09238795325291 ], [ 29965.970971532275144, 31976.095694033574546 ], [ 29965.980490967798687, 31976.098078528040787 ], [ 29965.990198285966471, 31976.099518472667114 ], [ 29966.0, 31976.099999999998545 ], [ 29966.009801714033529, 31976.099518472667114 ], [ 29966.019509032201313, 31976.098078528040787 ], [ 29966.029028467724856, 31976.095694033574546 ], [ 29966.038268343236268, 31976.09238795325291 ], [ 29966.047139673682977, 31976.088192126433569 ], [ 29966.055557023300935, 31976.08314696123125 ], [ 29966.06343932841628, 31976.077301045337663 ], [ 29966.070710678119212, 31976.070710678119212 ], [ 29983.0, 31959.141421356238425 ], [ 29999.929289321880788, 31976.070710678119212 ], [ 29999.93656067158372, 31976.077301045337663 ], [ 29999.944442976699065, 31976.08314696123125 ], [ 29999.952860326317023, 31976.088192126433569 ], [ 29999.961731656763732, 31976.09238795325291 ], [ 29999.970971532275144, 31976.095694033574546 ], [ 29999.980490967798687, 31976.098078528040787 ], [ 29999.990198285966471, 31976.099518472667114 ], [ 30000.0, 31976.099999999998545 ], [ 30052.0, 31976.099999999998545 ], [ 30052.009801714033529, 31976.099518472667114 ], [ 30052.019509032201313, 31976.098078528040787 ], [ 30052.029028467724856, 31976.095694033574546 ], [ 30052.038268343236268, 31976.09238795325291 ], [ 30052.047139673682977, 31976.088192126433569 ], [ 30052.055557023300935, 31976.08314696123125 ], [ 30052.06343932841628, 31976.077301045337663 ], [ 30052.070710678119212, 31976.070710678119212 ], [ 30069.0, 31959.141421356238425 ], [ 30085.929289321880788, 31976.070710678119212 ], [ 30085.93656067158372, 31976.077301045337663 ], [ 30085.944442976699065, 31976.08314696123125 ], [ 30085.952860326317023, 31976.088192126433569 ], [ 30085.961731656763732, 31976.09238795325291 ], [ 30085.970971532275144, 31976.095694033574546 ], [ 30085.980490967798687, 31976.098078528040787 ], [ 30085.990198285966471, 31976.099518472667114 ], [ 30086.0, 31976.099999999998545 ], [ 30121.0, 31976.099999999998545 ], [ 30121.009801714033529, 31976.099518472667114 ], [ 30121.019509032201313, 31976.098078528040787 ], [ 30121.029028467724856, 31976.095694033574546 ], [ 30121.038268343236268, 31976.09238795325291 ], [ 30121.047139673682977, 31976.088192126433569 ], [ 30121.055557023300935, 31976.08314696123125 ], [ 30121.06343932841628, 31976.077301045337663 ], [ 30121.070710678119212, 31976.070710678119212 ], [ 30138.0, 31959.141421356238425 ], [ 30154.929289321880788, 31976.070710678119212 ], [ 30154.93656067158372, 31976.077301045337663 ], [ 30154.944442976699065, 31976.08314696123125 ], [ 30154.952860326317023, 31976.088192126433569 ], [ 30154.961731656763732, 31976.09238795325291 ], [ 30154.970971532275144, 31976.095694033574546 ], [ 30154.980490967798687, 31976.098078528040787 ], [ 30154.990198285966471, 31976.099518472667114 ], [ 30155.0, 31976.099999999998545 ], [ 30172.0, 31976.099999999998545 ], [ 30172.009801714033529, 31976.099518472667114 ], [ 30172.019509032201313, 31976.098078528040787 ], [ 30172.029028467724856, 31976.095694033574546 ], [ 30172.038268343236268, 31976.09238795325291 ], [ 30172.047139673682977, 31976.088192126433569 ], [ 30172.055557023300935, 31976.08314696123125 ], [ 30172.06343932841628, 31976.077301045337663 ], [ 30172.070710678119212, 31976.070710678119212 ], [ 30189.001991449476918, 31959.139429906761507 ], [ 30206.931337646703469, 31976.072701315253653 ], [ 30206.938653169083409, 31976.078971933853609 ], [ 30206.946538220257935, 31976.084509396558133 ], [ 30206.954919597366825, 31976.089262294943182 ], [ 30206.96371948977685, 31976.093186504269397 ], [ 30206.972856201467948, 31976.096245593151252 ], [ 30206.982244909464498, 31976.098411161765398 ], [ 30206.991798451326758, 31976.099663105505897 ], [ 30207.001428134339221, 31976.099989801641641 ], [ 30207.011044558908907, 31976.099388217200612 ], [ 30207.020558448522934, 31976.097863937149668 ], [ 30207.029881478589232, 31976.095431112524238 ], [ 30207.038927096404223, 31976.092112329064548 ], [ 30207.04761132468775, 31976.087938397537073 ], [ 30207.055853541216493, 31976.082948067691177 ], [ 30207.063577227290807, 31976.077187668510305 ], [ 30207.070710678119212, 31976.070710678119212 ], [ 30224.04142135623988, 31959.099999999998545 ], [ 30378.0, 31959.099999999998545 ], [ 30378.009446325861063, 31959.099552834853966 ], [ 30378.018808170367265, 31959.098215338555747 ], [ 30378.028001807710098, 31959.095999472730909 ], [ 30378.036945016407117, 31959.092925054548687 ], [ 30378.04555781462841, 31959.089019579452724 ], [ 30378.053763175517815, 31959.0843179752992 ], [ 30378.061487716040574, 31959.078862289949029 ], [ 30378.068662353296531, 31959.072701315253653 ], [ 30396.039757863567502, 31942.099999999998545 ], [ 30516.0, 31942.099999999998545 ], [ 30516.009801714033529, 31942.099518472667114 ], [ 30516.019509032201313, 31942.098078528040787 ], [ 30516.029028467724856, 31942.095694033574546 ], [ 30516.038268343236268, 31942.09238795325291 ], [ 30516.047139673682977, 31942.088192126433569 ], [ 30516.055557023300935, 31942.08314696123125 ], [ 30516.06343932841628, 31942.077301045337663 ], [ 30516.070710678119212, 31942.070710678119212 ], [ 30533.04142135623988, 31925.099999999998545 ], [ 30705.0, 31925.099999999998545 ], [ 30705.009801714033529, 31925.099518472667114 ], [ 30705.019509032201313, 31925.098078528040787 ], [ 30705.029028467724856, 31925.095694033574546 ], [ 30705.038268343236268, 31925.09238795325291 ], [ 30705.047139673682977, 31925.088192126433569 ], [ 30705.055557023300935, 31925.08314696123125 ], [ 30705.06343932841628, 31925.077301045337663 ], [ 30705.070710678119212, 31925.070710678119212 ], [ 30722.04142135623988, 31908.099999999998545 ], [ 30877.0, 31908.099999999998545 ], [ 30877.009801714033529, 31908.099518472667114 ], [ 30877.019509032201313, 31908.098078528040787 ], [ 30877.029028467724856, 31908.095694033574546 ], [ 30877.038268343236268, 31908.09238795325291 ], [ 30877.047139673682977, 31908.088192126433569 ], [ 30877.055557023300935, 31908.08314696123125 ], [ 30877.06343932841628, 31908.077301045337663 ], [ 30877.070710678119212, 31908.070710678119212 ], [ 30894.04142135623988, 31891.099999999998545 ], [ 30928.0, 31891.099999999998545 ], [ 30928.010156977252336, 31891.099482841804274 ], [ 30928.02020889922278, 31891.097936716261756 ], [ 30928.030051797235501, 31891.095377615209145 ], [ 30928.0395838645818, 31891.091832007845369 ], [ 30928.0487065095258, 31891.087336566968588 ], [ 30928.057325375059008, 31891.081937789658696 ], [ 30928.065351314839063, 31891.075691516361985 ], [ 30928.072701315253653, 31891.068662353296531 ], [ 30945.043104648924782, 31873.099999999998545 ], [ 31066.0, 31873.099999999998545 ], [ 31066.009801714033529, 31873.099518472667114 ], [ 31066.019509032201313, 31873.098078528040787 ], [ 31066.029028467724856, 31873.095694033574546 ], [ 31066.038268343236268, 31873.09238795325291 ], [ 31066.047139673682977, 31873.088192126433569 ], [ 31066.055557023300935, 31873.08314696123125 ], [ 31066.06343932841628, 31873.077301045337663 ], [ 31066.070710678119212, 31873.070710678119212 ], [ 31083.0, 31856.141421356238425 ], [ 31099.929289321880788, 31873.070710678119212 ], [ 31099.93656067158372, 31873.077301045337663 ], [ 31099.944442976699065, 31873.08314696123125 ], [ 31099.952860326317023, 31873.088192126433569 ], [ 31099.961731656763732, 31873.09238795325291 ], [ 31099.970971532275144, 31873.095694033574546 ], [ 31099.980490967798687, 31873.098078528040787 ], [ 31099.990198285966471, 31873.099518472667114 ], [ 31100.0, 31873.099999999998545 ], [ 31100.009801714033529, 31873.099518472667114 ], [ 31100.019509032201313, 31873.098078528040787 ], [ 31100.029028467724856, 31873.095694033574546 ], [ 31100.038268343236268, 31873.09238795325291 ], [ 31100.047139673682977, 31873.088192126433569 ], [ 31100.055557023300935, 31873.08314696123125 ], [ 31100.06343932841628, 31873.077301045337663 ], [ 31100.070710678119212, 31873.070710678119212 ], [ 31117.04142135623988, 31856.099999999998545 ], [ 31134.0, 31856.099999999998545 ], [ 31134.009446325861063, 31856.099552834853966 ], [ 31134.018808170367265, 31856.098215338555747 ], [ 31134.028001807710098, 31856.095999472730909 ], [ 31134.036945016407117, 31856.092925054548687 ], [ 31134.04555781462841, 31856.089019579452724 ], [ 31134.053763175517815, 31856.0843179752992 ], [ 31134.061487716040574, 31856.078862289949029 ], [ 31134.068662353296531, 31856.072701315253653 ], [ 31152.068662353296531, 31839.072701315253653 ], [ 31152.070710678119212, 31839.070710678119212 ], [ 31186.04142135623988, 31805.099999999998545 ], [ 31238.0, 31805.099999999998545 ], [ 31238.010156977252336, 31805.099482841804274 ], [ 31238.02020889922278, 31805.097936716261756 ], [ 31238.030051797235501, 31805.095377615209145 ], [ 31238.0395838645818, 31805.091832007845369 ], [ 31238.0487065095258, 31805.087336566968588 ], [ 31238.057325375059008, 31805.081937789658696 ], [ 31238.065351314839063, 31805.075691516361985 ], [ 31238.072701315253653, 31805.068662353296531 ], [ 31255.043104648924782, 31787.099999999998545 ], [ 31358.0, 31787.099999999998545 ], [ 31358.009801714033529, 31787.099518472667114 ], [ 31358.019509032201313, 31787.098078528040787 ], [ 31358.029028467724856, 31787.095694033574546 ], [ 31358.038268343236268, 31787.09238795325291 ], [ 31358.047139673682977, 31787.088192126433569 ], [ 31358.055557023300935, 31787.08314696123125 ], [ 31358.06343932841628, 31787.077301045337663 ], [ 31358.070710678119212, 31787.070710678119212 ], [ 31375.04142135623988, 31770.099999999998545 ], [ 31392.0, 31770.099999999998545 ], [ 31392.009801714033529, 31770.099518472667114 ], [ 31392.019509032201313, 31770.098078528040787 ], [ 31392.029028467724856, 31770.095694033574546 ], [ 31392.038268343236268, 31770.09238795325291 ], [ 31392.047139673682977, 31770.088192126433569 ], [ 31392.055557023300935, 31770.08314696123125 ], [ 31392.06343932841628, 31770.077301045337663 ], [ 31392.070710678119212, 31770.070710678119212 ], [ 31409.04142135623988, 31753.099999999998545 ], [ 31444.0, 31753.099999999998545 ], [ 31444.009801714033529, 31753.099518472667114 ], [ 31444.019509032201313, 31753.098078528040787 ], [ 31444.029028467724856, 31753.095694033574546 ], [ 31444.038268343236268, 31753.09238795325291 ], [ 31444.047139673682977, 31753.088192126433569 ], [ 31444.055557023300935, 31753.08314696123125 ], [ 31444.06343932841628, 31753.077301045337663 ], [ 31444.070710678119212, 31753.070710678119212 ], [ 31461.04142135623988, 31736.099999999998545 ], [ 31547.0, 31736.099999999998545 ], [ 31547.009801714033529, 31736.099518472667114 ], [ 31547.019509032201313, 31736.098078528040787 ], [ 31547.029028467724856, 31736.095694033574546 ], [ 31547.038268343236268, 31736.09238795325291 ], [ 31547.047139673682977, 31736.088192126433569 ], [ 31547.055557023300935, 31736.08314696123125 ], [ 31547.06343932841628, 31736.077301045337663 ], [ 31547.070710678119212, 31736.070710678119212 ], [ 31564.04142135623988, 31719.099999999998545 ], [ 31650.0, 31719.099999999998545 ], [ 31650.009801714033529, 31719.099518472667114 ], [ 31650.019509032201313, 31719.098078528040787 ], [ 31650.029028467724856, 31719.095694033574546 ], [ 31650.038268343236268, 31719.09238795325291 ], [ 31650.047139673682977, 31719.088192126433569 ], [ 31650.055557023300935, 31719.08314696123125 ], [ 31650.06343932841628, 31719.077301045337663 ], [ 31650.070710678119212, 31719.070710678119212 ], [ 31667.04142135623988, 31702.099999999998545 ], [ 31719.0, 31702.099999999998545 ], [ 31719.010156977252336, 31702.099482841804274 ], [ 31719.02020889922278, 31702.097936716261756 ], [ 31719.030051797235501, 31702.095377615209145 ], [ 31719.0395838645818, 31702.091832007845369 ], [ 31719.0487065095258, 31702.087336566968588 ], [ 31719.057325375059008, 31702.081937789658696 ], [ 31719.065351314839063, 31702.075691516361985 ], [ 31719.072701315253653, 31702.068662353296531 ], [ 31736.043104648924782, 31684.099999999998545 ], [ 31770.0, 31684.099999999998545 ], [ 31770.009801714033529, 31684.099518472667114 ], [ 31770.019509032201313, 31684.098078528040787 ], [ 31770.029028467724856, 31684.095694033574546 ], [ 31770.038268343236268, 31684.09238795325291 ], [ 31770.047139673682977, 31684.088192126433569 ], [ 31770.055557023300935, 31684.08314696123125 ], [ 31770.06343932841628, 31684.077301045337663 ], [ 31770.070710678119212, 31684.070710678119212 ], [ 31787.04142135623988, 31667.099999999998545 ], [ 31839.0, 31667.099999999998545 ], [ 31839.009801714033529, 31667.099518472667114 ], [ 31839.019509032201313, 31667.098078528040787 ], [ 31839.029028467724856, 31667.095694033574546 ], [ 31839.038268343236268, 31667.09238795325291 ], [ 31839.047139673682977, 31667.088192126433569 ], [ 31839.055557023300935, 31667.08314696123125 ], [ 31839.06343932841628, 31667.077301045337663 ], [ 31839.070710678119212, 31667.070710678119212 ], [ 31856.04142135623988, 31650.099999999998545 ], [ 31873.0, 31650.099999999998545 ], [ 31873.009446325861063, 31650.099552834853966 ], [ 31873.018808170367265, 31650.098215338555747 ], [ 31873.028001807710098, 31650.095999472730909 ], [ 31873.036945016407117, 31650.092925054548687 ], [ 31873.04555781462841, 31650.089019579452724 ], [ 31873.053763175517815, 31650.0843179752992 ], [ 31873.061487716040574, 31650.078862289949029 ], [ 31873.068662353296531, 31650.072701315253653 ], [ 31891.039757863567502, 31633.099999999998545 ], [ 31959.0, 31633.099999999998545 ], [ 31959.009801714033529, 31633.099518472667114 ], [ 31959.019509032201313, 31633.098078528040787 ], [ 31959.029028467724856, 31633.095694033574546 ], [ 31959.038268343236268, 31633.09238795325291 ], [ 31959.047139673682977, 31633.088192126433569 ], [ 31959.055557023300935, 31633.08314696123125 ], [ 31959.06343932841628, 31633.077301045337663 ], [ 31959.070710678119212, 31633.070710678119212 ], [ 31976.04142135623988, 31616.099999999998545 ], [ 32028.0, 31616.099999999998545 ], [ 32028.010156977252336, 31616.099482841804274 ], [ 32028.02020889922278, 31616.097936716261756 ], [ 32028.030051797235501, 31616.095377615209145 ], [ 32028.0395838645818, 31616.091832007845369 ], [ 32028.0487065095258, 31616.087336566968588 ], [ 32028.057325375059008, 31616.081937789658696 ], [ 32028.065351314839063, 31616.075691516361985 ], [ 32028.072701315253653, 31616.068662353296531 ], [ 32045.043104648924782, 31598.099999999998545 ], [ 32062.0, 31598.099999999998545 ], [ 32062.009446325861063, 31598.099552834853966 ], [ 32062.018808170367265, 31598.098215338555747 ], [ 32062.028001807710098, 31598.095999472730909 ], [ 32062.036945016407117, 31598.092925054548687 ], [ 32062.04555781462841, 31598.089019579452724 ], [ 32062.053763175517815, 31598.0843179752992 ], [ 32062.061487716040574, 31598.078862289949029 ], [ 32062.068662353296531, 31598.072701315253653 ], [ 32080.039757863567502, 31581.099999999998545 ], [ 32114.0, 31581.099999999998545 ], [ 32114.009801714033529, 31581.099518472667114 ], [ 32114.019509032201313, 31581.098078528040787 ], [ 32114.029028467724856, 31581.095694033574546 ], [ 32114.038268343236268, 31581.09238795325291 ], [ 32114.047139673682977, 31581.088192126433569 ], [ 32114.055557023300935, 31581.08314696123125 ], [ 32114.06343932841628, 31581.077301045337663 ], [ 32114.070710678119212, 31581.070710678119212 ], [ 32131.04142135623988, 31564.099999999998545 ], [ 32165.0, 31564.099999999998545 ], [ 32165.009446325861063, 31564.099552834853966 ], [ 32165.018808170367265, 31564.098215338555747 ], [ 32165.028001807710098, 31564.095999472730909 ], [ 32165.036945016407117, 31564.092925054548687 ], [ 32165.04555781462841, 31564.089019579452724 ], [ 32165.053763175517815, 31564.0843179752992 ], [ 32165.061487716040574, 31564.078862289949029 ], [ 32165.068662353296531, 31564.072701315253653 ], [ 32183.039757863567502, 31547.099999999998545 ], [ 32217.0, 31547.099999999998545 ], [ 32217.009801714033529, 31547.099518472667114 ], [ 32217.019509032201313, 31547.098078528040787 ], [ 32217.029028467724856, 31547.095694033574546 ], [ 32217.038268343236268, 31547.09238795325291 ], [ 32217.047139673682977, 31547.088192126433569 ], [ 32217.055557023300935, 31547.08314696123125 ], [ 32217.06343932841628, 31547.077301045337663 ], [ 32217.070710678119212, 31547.070710678119212 ], [ 32234.04142135623988, 31530.099999999998545 ], [ 32251.0, 31530.099999999998545 ], [ 32251.009801714033529, 31530.099518472667114 ], [ 32251.019509032201313, 31530.098078528040787 ], [ 32251.029028467724856, 31530.095694033574546 ], [ 32251.038268343236268, 31530.09238795325291 ], [ 32251.047139673682977, 31530.088192126433569 ], [ 32251.055557023300935, 31530.08314696123125 ], [ 32251.06343932841628, 31530.077301045337663 ], [ 32251.070710678119212, 31530.070710678119212 ], [ 32251.077301045337663, 31530.06343932841628 ], [ 32251.08314696123125, 31530.055557023300935 ], [ 32251.088192126433569, 31530.047139673682977 ], [ 32251.09238795325291, 31530.038268343236268 ], [ 32251.095694033574546, 31530.029028467724856 ], [ 32251.098078528040787, 31530.019509032201313 ], [ 32251.099518472667114, 31530.009801714033529 ], [ 32251.099999999998545, 31530.0 ], [ 32251.099999999998545, 31238.04142135623988 ], [ 32269.04142135623988, 31220.099999999998545 ], [ 32629.0, 31220.099999999998545 ], [ 32629.009446325861063, 31220.099552834853966 ], [ 32629.018808170367265, 31220.098215338555747 ], [ 32629.028001807710098, 31220.095999472730909 ], [ 32629.036945016407117, 31220.092925054548687 ], [ 32629.04555781462841, 31220.089019579452724 ], [ 32629.053763175517815, 31220.0843179752992 ], [ 32629.061487716040574, 31220.078862289949029 ], [ 32629.068662353296531, 31220.072701315253653 ], [ 32647.068662353296531, 31203.072701315253653 ], [ 32647.075691516361985, 31203.065351314839063 ], [ 32647.081937789658696, 31203.057325375059008 ], [ 32647.087336566968588, 31203.0487065095258 ], [ 32647.091832007845369, 31203.0395838645818 ], [ 32647.095377615209145, 31203.030051797235501 ], [ 32647.097936716261756, 31203.02020889922278 ], [ 32647.099482841804274, 31203.010156977252336 ], [ 32647.099999999998545, 31203.0 ], [ 32647.099999999998545, 31152.0 ], [ 32647.099518472667114, 31151.990198285966471 ], [ 32647.098078528040787, 31151.980490967798687 ], [ 32647.095694033574546, 31151.970971532275144 ], [ 32647.09238795325291, 31151.961731656763732 ], [ 32647.088192126433569, 31151.952860326317023 ], [ 32647.08314696123125, 31151.944442976699065 ], [ 32647.077301045337663, 31151.93656067158372 ], [ 32647.070710678119212, 31151.929289321880788 ], [ 32629.099999999998545, 31133.95857864376012 ], [ 32629.099999999998545, 31083.0 ], [ 32629.099518472667114, 31082.990198285966471 ], [ 32629.098078528040787, 31082.980490967798687 ], [ 32629.095694033574546, 31082.970971532275144 ], [ 32629.09238795325291, 31082.961731656763732 ], [ 32629.088192126433569, 31082.952860326317023 ], [ 32629.08314696123125, 31082.944442976699065 ], [ 32629.077301045337663, 31082.93656067158372 ], [ 32629.070710678119212, 31082.929289321880788 ], [ 32612.099999999998545, 31065.95857864376012 ], [ 32612.099999999998545, 31049.0 ], [ 32612.099552834853966, 31048.990553674138937 ], [ 32612.098215338555747, 31048.981191829632735 ], [ 32612.095999472730909, 31048.971998192289902 ], [ 32612.092925054548687, 31048.963054983592883 ], [ 32612.089019579452724, 31048.95444218537159 ], [ 32612.0843179752992, 31048.946236824482185 ], [ 32612.078862289949029, 31048.938512283959426 ], [ 32612.072701315253653, 31048.931337646703469 ], [ 32595.099999999998545, 31030.960242136432498 ], [ 32595.099999999998545, 31014.0 ], [ 32595.099518472667114, 31013.990198285966471 ], [ 32595.098078528040787, 31013.980490967798687 ], [ 32595.095694033574546, 31013.970971532275144 ], [ 32595.09238795325291, 31013.961731656763732 ], [ 32595.088192126433569, 31013.952860326317023 ], [ 32595.08314696123125, 31013.944442976699065 ], [ 32595.077301045337663, 31013.93656067158372 ], [ 32595.070710678119212, 31013.929289321880788 ], [ 32578.099999999998545, 30996.95857864376012 ], [ 32578.099999999998545, 30963.0 ], [ 32578.099552834853966, 30962.990553674138937 ], [ 32578.098215338555747, 30962.981191829632735 ], [ 32578.095999472730909, 30962.971998192289902 ], [ 32578.092925054548687, 30962.963054983592883 ], [ 32578.089019579452724, 30962.95444218537159 ], [ 32578.0843179752992, 30962.946236824482185 ], [ 32578.078862289949029, 30962.938512283959426 ], [ 32578.072701315253653, 30962.931337646703469 ], [ 32561.099999999998545, 30944.960242136432498 ], [ 32561.099999999998545, 30877.0 ], [ 32561.099482841804274, 30876.989843022747664 ], [ 32561.097936716261756, 30876.97979110077722 ], [ 32561.095377615209145, 30876.969948202764499 ], [ 32561.091832007845369, 30876.9604161354182 ], [ 32561.087336566968588, 30876.9512934904742 ], [ 32561.081937789658696, 30876.942674624940992 ], [ 32561.075691516361985, 30876.934648685160937 ], [ 32561.068662353296531, 30876.927298684746347 ], [ 32543.099999999998545, 30859.956895351075218 ], [ 32543.099999999998545, 30808.0 ], [ 32543.099518472667114, 30807.990198285966471 ], [ 32543.098078528040787, 30807.980490967798687 ], [ 32543.095694033574546, 30807.970971532275144 ], [ 32543.09238795325291, 30807.961731656763732 ], [ 32543.088192126433569, 30807.952860326317023 ], [ 32543.08314696123125, 30807.944442976699065 ], [ 32543.077301045337663, 30807.93656067158372 ], [ 32543.070710678119212, 30807.929289321880788 ], [ 32526.099999999998545, 30790.95857864376012 ], [ 32526.099999999998545, 30671.0 ], [ 32526.099552834853966, 30670.990553674138937 ], [ 32526.098215338555747, 30670.981191829632735 ], [ 32526.095999472730909, 30670.971998192289902 ], [ 32526.092925054548687, 30670.963054983592883 ], [ 32526.089019579452724, 30670.95444218537159 ], [ 32526.0843179752992, 30670.946236824482185 ], [ 32526.078862289949029, 30670.938512283959426 ], [ 32526.072701315253653, 30670.931337646703469 ], [ 32509.099999999998545, 30652.960242136432498 ], [ 32509.099999999998545, 30619.0 ], [ 32509.099518472667114, 30618.990198285966471 ], [ 32509.098078528040787, 30618.980490967798687 ], [ 32509.095694033574546, 30618.970971532275144 ], [ 32509.09238795325291, 30618.961731656763732 ], [ 32509.088192126433569, 30618.952860326317023 ], [ 32509.08314696123125, 30618.944442976699065 ], [ 32509.077301045337663, 30618.93656067158372 ], [ 32509.070710678119212, 30618.929289321880788 ], [ 32492.099999999998545, 30601.95857864376012 ], [ 32492.099999999998545, 30533.0 ], [ 32492.099518472667114, 30532.990198285966471 ], [ 32492.098078528040787, 30532.980490967798687 ], [ 32492.095694033574546, 30532.970971532275144 ], [ 32492.09238795325291, 30532.961731656763732 ], [ 32492.088192126433569, 30532.952860326317023 ], [ 32492.08314696123125, 30532.944442976699065 ], [ 32492.077301045337663, 30532.93656067158372 ], [ 32492.070710678119212, 30532.929289321880788 ], [ 32475.099999999998545, 30515.95857864376012 ], [ 32475.099999999998545, 30430.0 ], [ 32475.099518472667114, 30429.990198285966471 ], [ 32475.098078528040787, 30429.980490967798687 ], [ 32475.095694033574546, 30429.970971532275144 ], [ 32475.09238795325291, 30429.961731656763732 ], [ 32475.088192126433569, 30429.952860326317023 ], [ 32475.08314696123125, 30429.944442976699065 ], [ 32475.077301045337663, 30429.93656067158372 ], [ 32475.070710678119212, 30429.929289321880788 ], [ 32458.099999999998545, 30412.95857864376012 ], [ 32458.099999999998545, 30327.0 ], [ 32458.099482841804274, 30326.989843022747664 ], [ 32458.097936716261756, 30326.97979110077722 ], [ 32458.095377615209145, 30326.969948202764499 ], [ 32458.091832007845369, 30326.9604161354182 ], [ 32458.087336566968588, 30326.9512934904742 ], [ 32458.081937789658696, 30326.942674624940992 ], [ 32458.075691516361985, 30326.934648685160937 ], [ 32458.068662353296531, 30326.927298684746347 ], [ 32440.099999999998545, 30309.956895351075218 ], [ 32440.099999999998545, 30207.0 ], [ 32440.099552834853966, 30206.990553674138937 ], [ 32440.098215338555747, 30206.981191829632735 ], [ 32440.095999472730909, 30206.971998192289902 ], [ 32440.092925054548687, 30206.963054983592883 ], [ 32440.089019579452724, 30206.95444218537159 ], [ 32440.0843179752992, 30206.946236824482185 ], [ 32440.078862289949029, 30206.938512283959426 ], [ 32440.072701315253653, 30206.931337646703469 ], [ 32423.099999999998545, 30188.960242136432498 ], [ 32423.099999999998545, 30121.0 ], [ 32423.099518472667114, 30120.990198285966471 ], [ 32423.098078528040787, 30120.980490967798687 ], [ 32423.095694033574546, 30120.970971532275144 ], [ 32423.09238795325291, 30120.961731656763732 ], [ 32423.088192126433569, 30120.952860326317023 ], [ 32423.08314696123125, 30120.944442976699065 ], [ 32423.077301045337663, 30120.93656067158372 ], [ 32423.070710678119212, 30120.929289321880788 ], [ 32406.099999999998545, 30103.95857864376012 ], [ 32406.099999999998545, 30000.0 ], [ 32406.099518472667114, 29999.990198285966471 ], [ 32406.098078528040787, 29999.980490967798687 ], [ 32406.095694033574546, 29999.970971532275144 ], [ 32406.09238795325291, 29999.961731656763732 ], [ 32406.088192126433569, 29999.952860326317023 ], [ 32406.08314696123125, 29999.944442976699065 ], [ 32406.077301045337663, 29999.93656067158372 ], [ 32406.070710678119212, 29999.929289321880788 ], [ 32389.099999999998545, 29982.95857864376012 ], [ 32389.099999999998545, 29829.0 ], [ 32389.099552834853966, 29828.990553674138937 ], [ 32389.098215338555747, 29828.981191829632735 ], [ 32389.095999472730909, 29828.971998192289902 ], [ 32389.092925054548687, 29828.963054983592883 ], [ 32389.089019579452724, 29828.95444218537159 ], [ 32389.0843179752992, 29828.946236824482185 ], [ 32389.078862289949029, 29828.938512283959426 ], [ 32389.072701315253653, 29828.931337646703469 ], [ 32372.099999999998545, 29810.960242136432498 ], [ 32372.099999999998545, 29708.0 ], [ 32372.099482841804274, 29707.989843022747664 ], [ 32372.097936716261756, 29707.97979110077722 ], [ 32372.095377615209145, 29707.969948202764499 ], [ 32372.091832007845369, 29707.9604161354182 ], [ 32372.087336566968588, 29707.9512934904742 ], [ 32372.081937789658696, 29707.942674624940992 ], [ 32372.075691516361985, 29707.934648685160937 ], [ 32372.068662353296531, 29707.927298684746347 ], [ 32354.099999999998545, 29690.956895351075218 ], [ 32354.099999999998545, 29605.0 ], [ 32354.099518472667114, 29604.990198285966471 ], [ 32354.098078528040787, 29604.980490967798687 ], [ 32354.095694033574546, 29604.970971532275144 ], [ 32354.09238795325291, 29604.961731656763732 ], [ 32354.088192126433569, 29604.952860326317023 ], [ 32354.08314696123125, 29604.944442976699065 ], [ 32354.077301045337663, 29604.93656067158372 ], [ 32354.070710678119212, 29604.929289321880788 ], [ 32337.099999999998545, 29587.95857864376012 ], [ 32337.099999999998545, 29519.0 ], [ 32337.099518472667114, 29518.990198285966471 ], [ 32337.098078528040787, 29518.980490967798687 ], [ 32337.095694033574546, 29518.970971532275144 ], [ 32337.09238795325291, 29518.961731656763732 ], [ 32337.088192126433569, 29518.952860326317023 ], [ 32337.08314696123125, 29518.944442976699065 ], [ 32337.077301045337663, 29518.93656067158372 ], [ 32337.070710678119212, 29518.929289321880788 ], [ 32320.099999999998545, 29501.95857864376012 ], [ 32320.099999999998545, 29382.0 ], [ 32320.099518472667114, 29381.990198285966471 ], [ 32320.098078528040787, 29381.980490967798687 ], [ 32320.095694033574546, 29381.970971532275144 ], [ 32320.09238795325291, 29381.961731656763732 ], [ 32320.088192126433569, 29381.952860326317023 ], [ 32320.08314696123125, 29381.944442976699065 ], [ 32320.077301045337663, 29381.93656067158372 ], [ 32320.070710678119212, 29381.929289321880788 ], [ 32303.139429906761507, 29364.998008550523082 ], [ 32320.072701315253653, 29347.068662353296531 ], [ 32320.078862289949029, 29347.061487716040574 ], [ 32320.0843179752992, 29347.053763175517815 ], [ 32320.089019579452724, 29347.04555781462841 ], [ 32320.092925054548687, 29347.036945016407117 ], [ 32320.095999472730909, 29347.028001807710098 ], [ 32320.098215338555747, 29347.018808170367265 ], [ 32320.099552834853966, 29347.009446325861063 ], [ 32320.099999999998545, 29347.0 ], [ 32320.099999999998545, 29313.0 ], [ 32320.099518472667114, 29312.990198285966471 ], [ 32320.098078528040787, 29312.980490967798687 ], [ 32320.095694033574546, 29312.970971532275144 ], [ 32320.09238795325291, 29312.961731656763732 ], [ 32320.088192126433569, 29312.952860326317023 ], [ 32320.08314696123125, 29312.944442976699065 ], [ 32320.077301045337663, 29312.93656067158372 ], [ 32320.070710678119212, 29312.929289321880788 ], [ 32303.099999999998545, 29295.95857864376012 ], [ 32303.099999999998545, 29210.0 ], [ 32303.099518472667114, 29209.990198285966471 ], [ 32303.098078528040787, 29209.980490967798687 ], [ 32303.095694033574546, 29209.970971532275144 ], [ 32303.09238795325291, 29209.961731656763732 ], [ 32303.088192126433569, 29209.952860326317023 ], [ 32303.08314696123125, 29209.944442976699065 ], [ 32303.077301045337663, 29209.93656067158372 ], [ 32303.070710678119212, 29209.929289321880788 ], [ 32286.099999999998545, 29192.95857864376012 ], [ 32286.099999999998545, 29176.0 ], [ 32286.099518472667114, 29175.990198285966471 ], [ 32286.098078528040787, 29175.980490967798687 ], [ 32286.095694033574546, 29175.970971532275144 ], [ 32286.09238795325291, 29175.961731656763732 ], [ 32286.088192126433569, 29175.952860326317023 ], [ 32286.08314696123125, 29175.944442976699065 ], [ 32286.077301045337663, 29175.93656067158372 ], [ 32286.070710678119212, 29175.929289321880788 ], [ 32286.06343932841628, 29175.922698954662337 ], [ 32286.055557023300935, 29175.91685303876875 ], [ 32286.047139673682977, 29175.911807873566431 ], [ 32286.038268343236268, 29175.90761204674709 ], [ 32286.029028467724856, 29175.904305966425454 ], [ 32286.019509032201313, 29175.901921471959213 ], [ 32286.009801714033529, 29175.900481527332886 ], [ 32286.0, 29175.900000000001455 ], [ 32269.04142135623988, 29175.900000000001455 ], [ 32251.099999999998545, 29157.95857864376012 ], [ 32251.099999999998545, 28695.0 ], [ 32251.099552834853966, 28694.990553674138937 ], [ 32251.098215338555747, 28694.981191829632735 ], [ 32251.095999472730909, 28694.971998192289902 ], [ 32251.092925054548687, 28694.963054983592883 ], [ 32251.089019579452724, 28694.95444218537159 ], [ 32251.0843179752992, 28694.946236824482185 ], [ 32251.078862289949029, 28694.938512283959426 ], [ 32251.072701315253653, 28694.931337646703469 ], [ 32234.099999999998545, 28676.960242136432498 ], [ 32234.099999999998545, 28574.0 ], [ 32234.099518472667114, 28573.990198285966471 ], [ 32234.098078528040787, 28573.980490967798687 ], [ 32234.095694033574546, 28573.970971532275144 ], [ 32234.09238795325291, 28573.961731656763732 ], [ 32234.088192126433569, 28573.952860326317023 ], [ 32234.08314696123125, 28573.944442976699065 ], [ 32234.077301045337663, 28573.93656067158372 ], [ 32234.070710678119212, 28573.929289321880788 ], [ 32217.099999999998545, 28556.95857864376012 ], [ 32217.099999999998545, 28282.0 ], [ 32217.099518472667114, 28281.990198285966471 ], [ 32217.098078528040787, 28281.980490967798687 ], [ 32217.095694033574546, 28281.970971532275144 ], [ 32217.09238795325291, 28281.961731656763732 ], [ 32217.088192126433569, 28281.952860326317023 ], [ 32217.08314696123125, 28281.944442976699065 ], [ 32217.077301045337663, 28281.93656067158372 ], [ 32217.070710678119212, 28281.929289321880788 ], [ 32200.099999999998545, 28264.95857864376012 ], [ 32200.099999999998545, 28196.04142135623988 ], [ 32217.070710678119212, 28179.070710678119212 ], [ 32217.077301045337663, 28179.06343932841628 ], [ 32217.08314696123125, 28179.055557023300935 ], [ 32217.088192126433569, 28179.047139673682977 ], [ 32217.09238795325291, 28179.038268343236268 ], [ 32217.095694033574546, 28179.029028467724856 ], [ 32217.098078528040787, 28179.019509032201313 ], [ 32217.099518472667114, 28179.009801714033529 ], [ 32217.099999999998545, 28179.0 ], [ 32217.099999999998545, 28128.0 ], [ 32217.099552834853966, 28127.990553674138937 ], [ 32217.098215338555747, 28127.981191829632735 ], [ 32217.095999472730909, 28127.971998192289902 ], [ 32217.092925054548687, 28127.963054983592883 ], [ 32217.089019579452724, 28127.95444218537159 ], [ 32217.0843179752992, 28127.946236824482185 ], [ 32217.078862289949029, 28127.938512283959426 ], [ 32217.072701315253653, 28127.931337646703469 ], [ 32200.139429906761507, 28110.001991449476918 ], [ 32217.070710678119212, 28093.070710678119212 ], [ 32217.077301045337663, 28093.06343932841628 ], [ 32217.08314696123125, 28093.055557023300935 ], [ 32217.088192126433569, 28093.047139673682977 ], [ 32217.09238795325291, 28093.038268343236268 ], [ 32217.095694033574546, 28093.029028467724856 ], [ 32217.098078528040787, 28093.019509032201313 ], [ 32217.099518472667114, 28093.009801714033529 ], [ 32217.099999999998545, 28093.0 ], [ 32217.099999999998545, 27750.039757863567502 ], [ 32234.072701315253653, 27732.068662353296531 ], [ 32234.078862289949029, 27732.061487716040574 ], [ 32234.0843179752992, 27732.053763175517815 ], [ 32234.089019579452724, 27732.04555781462841 ], [ 32234.092925054548687, 27732.036945016407117 ], [ 32234.095999472730909, 27732.028001807710098 ], [ 32234.098215338555747, 27732.018808170367265 ], [ 32234.099552834853966, 27732.009446325861063 ], [ 32234.099999999998545, 27732.0 ], [ 32234.099999999998545, 27698.0 ], [ 32234.099518472667114, 27697.990198285966471 ], [ 32234.098078528040787, 27697.980490967798687 ], [ 32234.095694033574546, 27697.970971532275144 ], [ 32234.09238795325291, 27697.961731656763732 ], [ 32234.088192126433569, 27697.952860326317023 ], [ 32234.08314696123125, 27697.944442976699065 ], [ 32234.077301045337663, 27697.93656067158372 ], [ 32234.070710678119212, 27697.929289321880788 ], [ 32217.141421356238425, 27681.0 ], [ 32234.070710678119212, 27664.070710678119212 ], [ 32234.077187668510305, 27664.063577227290807 ], [ 32234.082948067691177, 27664.055853541216493 ], [ 32234.087938397537073, 27664.04761132468775 ], [ 32234.092112329064548, 27664.038927096404223 ], [ 32234.095431112524238, 27664.029881478589232 ], [ 32234.097863937149668, 27664.020558448522934 ], [ 32234.099388217200612, 27664.011044558908907 ], [ 32234.099989801641641, 27664.001428134339221 ], [ 32234.099663105505897, 27663.991798451326758 ], [ 32234.098411161765398, 27663.982244909464498 ], [ 32234.096245593151252, 27663.972856201467948 ], [ 32234.093186504269397, 27663.96371948977685 ], [ 32234.089262294943182, 27663.954919597366825 ], [ 32234.084509396558133, 27663.946538220257935 ], [ 32234.078971933853609, 27663.938653169083409 ], [ 32234.072701315253653, 27663.931337646703469 ], [ 32217.139429906761507, 27646.001991449476918 ], [ 32234.070710678119212, 27629.070710678119212 ], [ 32234.077301045337663, 27629.06343932841628 ], [ 32234.08314696123125, 27629.055557023300935 ], [ 32234.088192126433569, 27629.047139673682977 ], [ 32234.09238795325291, 27629.038268343236268 ], [ 32234.095694033574546, 27629.029028467724856 ], [ 32234.098078528040787, 27629.019509032201313 ], [ 32234.099518472667114, 27629.009801714033529 ], [ 32234.099999999998545, 27629.0 ], [ 32234.099999999998545, 27045.04142135623988 ], [ 32251.070710678119212, 27028.070710678119212 ], [ 32251.077301045337663, 27028.06343932841628 ], [ 32251.08314696123125, 27028.055557023300935 ], [ 32251.088192126433569, 27028.047139673682977 ], [ 32251.09238795325291, 27028.038268343236268 ], [ 32251.095694033574546, 27028.029028467724856 ], [ 32251.098078528040787, 27028.019509032201313 ], [ 32251.099518472667114, 27028.009801714033529 ], [ 32251.099999999998545, 27028.0 ], [ 32251.099518472667114, 27027.990198285966471 ], [ 32251.098078528040787, 27027.980490967798687 ], [ 32251.095694033574546, 27027.970971532275144 ], [ 32251.09238795325291, 27027.961731656763732 ], [ 32251.088192126433569, 27027.952860326317023 ], [ 32251.08314696123125, 27027.944442976699065 ], [ 32251.077301045337663, 27027.93656067158372 ], [ 32251.070710678119212, 27027.929289321880788 ], [ 32234.099999999998545, 27010.95857864376012 ], [ 32234.099999999998545, 26925.0 ], [ 32234.099518472667114, 26924.990198285966471 ], [ 32234.098078528040787, 26924.980490967798687 ], [ 32234.095694033574546, 26924.970971532275144 ], [ 32234.09238795325291, 26924.961731656763732 ], [ 32234.088192126433569, 26924.952860326317023 ], [ 32234.08314696123125, 26924.944442976699065 ], [ 32234.077301045337663, 26924.93656067158372 ], [ 32234.070710678119212, 26924.929289321880788 ], [ 32217.099999999998545, 26907.95857864376012 ], [ 32217.099999999998545, 26873.04142135623988 ], [ 32234.070710678119212, 26856.070710678119212 ], [ 32234.077301045337663, 26856.06343932841628 ], [ 32234.08314696123125, 26856.055557023300935 ], [ 32234.088192126433569, 26856.047139673682977 ], [ 32234.09238795325291, 26856.038268343236268 ], [ 32234.095694033574546, 26856.029028467724856 ], [ 32234.098078528040787, 26856.019509032201313 ], [ 32234.099518472667114, 26856.009801714033529 ], [ 32234.099999999998545, 26856.0 ], [ 32234.099999999998545, 26839.04142135623988 ], [ 32251.070710678119212, 26822.070710678119212 ], [ 32251.077301045337663, 26822.06343932841628 ], [ 32251.08314696123125, 26822.055557023300935 ], [ 32251.088192126433569, 26822.047139673682977 ], [ 32251.09238795325291, 26822.038268343236268 ], [ 32251.095694033574546, 26822.029028467724856 ], [ 32251.098078528040787, 26822.019509032201313 ], [ 32251.099518472667114, 26822.009801714033529 ], [ 32251.099999999998545, 26822.0 ], [ 32251.099999999998545, 26787.0 ], [ 32251.099518472667114, 26786.990198285966471 ], [ 32251.098078528040787, 26786.980490967798687 ], [ 32251.095694033574546, 26786.970971532275144 ], [ 32251.09238795325291, 26786.961731656763732 ], [ 32251.088192126433569, 26786.952860326317023 ], [ 32251.08314696123125, 26786.944442976699065 ], [ 32251.077301045337663, 26786.93656067158372 ], [ 32251.070710678119212, 26786.929289321880788 ], [ 32234.141421356238425, 26770.0 ], [ 32251.070710678119212, 26753.070710678119212 ], [ 32251.077301045337663, 26753.06343932841628 ], [ 32251.08314696123125, 26753.055557023300935 ], [ 32251.088192126433569, 26753.047139673682977 ], [ 32251.09238795325291, 26753.038268343236268 ], [ 32251.095694033574546, 26753.029028467724856 ], [ 32251.098078528040787, 26753.019509032201313 ], [ 32251.099518472667114, 26753.009801714033529 ], [ 32251.099999999998545, 26753.0 ], [ 32251.099999999998545, 26667.0 ], [ 32251.099518472667114, 26666.990198285966471 ], [ 32251.098078528040787, 26666.980490967798687 ], [ 32251.095694033574546, 26666.970971532275144 ], [ 32251.09238795325291, 26666.961731656763732 ], [ 32251.088192126433569, 26666.952860326317023 ], [ 32251.08314696123125, 26666.944442976699065 ], [ 32251.077301045337663, 26666.93656067158372 ], [ 32251.070710678119212, 26666.929289321880788 ], [ 32251.06343932841628, 26666.922698954662337 ], [ 32251.055557023300935, 26666.91685303876875 ], [ 32251.047139673682977, 26666.911807873566431 ], [ 32251.038268343236268, 26666.90761204674709 ], [ 32251.029028467724856, 26666.904305966425454 ], [ 32251.019509032201313, 26666.901921471959213 ], [ 32251.009801714033529, 26666.900481527332886 ], [ 32251.0, 26666.900000000001455 ], [ 32250.990198285966471, 26666.900481527332886 ], [ 32250.980490967798687, 26666.901921471959213 ], [ 32250.970971532275144, 26666.904305966425454 ], [ 32250.961731656763732, 26666.90761204674709 ], [ 32250.952860326317023, 26666.911807873566431 ], [ 32250.944442976699065, 26666.91685303876875 ], [ 32250.93656067158372, 26666.922698954662337 ], [ 32250.929289321880788, 26666.929289321880788 ], [ 32250.922698954662337, 26666.93656067158372 ], [ 32250.91685303876875, 26666.944442976699065 ], [ 32250.911807873566431, 26666.952860326317023 ], [ 32250.90761204674709, 26666.961731656763732 ], [ 32250.904305966425454, 26666.970971532275144 ], [ 32250.901921471959213, 26666.980490967798687 ], [ 32250.900481527332886, 26666.990198285966471 ], [ 32250.900000000001455, 26667.0 ], [ 32250.900000000001455, 26683.95857864376012 ], [ 32233.929289321880788, 26700.929289321880788 ], [ 32233.922698954662337, 26700.93656067158372 ], [ 32233.91685303876875, 26700.944442976699065 ], [ 32233.911807873566431, 26700.952860326317023 ], [ 32233.90761204674709, 26700.961731656763732 ], [ 32233.904305966425454, 26700.970971532275144 ], [ 32233.901921471959213, 26700.980490967798687 ], [ 32233.900481527332886, 26700.990198285966471 ], [ 32233.900000000001455, 26701.0 ], [ 32233.900000000001455, 26718.95857864376012 ], [ 32216.95857864376012, 26735.900000000001455 ], [ 32200.04142135623988, 26735.900000000001455 ], [ 32183.099999999998545, 26718.95857864376012 ], [ 32183.099999999998545, 26598.0 ], [ 32183.099482841804274, 26597.989843022747664 ], [ 32183.097936716261756, 26597.97979110077722 ], [ 32183.095377615209145, 26597.969948202764499 ], [ 32183.091832007845369, 26597.9604161354182 ], [ 32183.087336566968588, 26597.9512934904742 ], [ 32183.081937789658696, 26597.942674624940992 ], [ 32183.075691516361985, 26597.934648685160937 ], [ 32183.068662353296531, 26597.927298684746347 ], [ 32165.069700731684861, 26580.928279375446436 ], [ 32148.099999999998545, 26563.95857864376012 ], [ 32148.099999999998545, 26495.0 ], [ 32148.099518472667114, 26494.990198285966471 ], [ 32148.098078528040787, 26494.980490967798687 ], [ 32148.095694033574546, 26494.970971532275144 ], [ 32148.09238795325291, 26494.961731656763732 ], [ 32148.088192126433569, 26494.952860326317023 ], [ 32148.08314696123125, 26494.944442976699065 ], [ 32148.077301045337663, 26494.93656067158372 ], [ 32148.070710678119212, 26494.929289321880788 ], [ 32131.099999999998545, 26477.95857864376012 ], [ 32131.099999999998545, 26409.0 ], [ 32131.099518472667114, 26408.990198285966471 ], [ 32131.098078528040787, 26408.980490967798687 ], [ 32131.095694033574546, 26408.970971532275144 ], [ 32131.09238795325291, 26408.961731656763732 ], [ 32131.088192126433569, 26408.952860326317023 ], [ 32131.08314696123125, 26408.944442976699065 ], [ 32131.077301045337663, 26408.93656067158372 ], [ 32131.070710678119212, 26408.929289321880788 ], [ 32114.099999999998545, 26391.95857864376012 ], [ 32114.099999999998545, 26341.0 ], [ 32114.099552834853966, 26340.990553674138937 ], [ 32114.098215338555747, 26340.981191829632735 ], [ 32114.095999472730909, 26340.971998192289902 ], [ 32114.092925054548687, 26340.963054983592883 ], [ 32114.089019579452724, 26340.95444218537159 ], [ 32114.0843179752992, 26340.946236824482185 ], [ 32114.078862289949029, 26340.938512283959426 ], [ 32114.072701315253653, 26340.931337646703469 ], [ 32097.099999999998545, 26322.960242136432498 ], [ 32097.099999999998545, 26289.0 ], [ 32097.099518472667114, 26288.990198285966471 ], [ 32097.098078528040787, 26288.980490967798687 ], [ 32097.095694033574546, 26288.970971532275144 ], [ 32097.09238795325291, 26288.961731656763732 ], [ 32097.088192126433569, 26288.952860326317023 ], [ 32097.08314696123125, 26288.944442976699065 ], [ 32097.077301045337663, 26288.93656067158372 ], [ 32097.070710678119212, 26288.929289321880788 ], [ 32080.099999999998545, 26271.95857864376012 ], [ 32080.099999999998545, 26255.0 ], [ 32080.099518472667114, 26254.990198285966471 ], [ 32080.098078528040787, 26254.980490967798687 ], [ 32080.095694033574546, 26254.970971532275144 ], [ 32080.09238795325291, 26254.961731656763732 ], [ 32080.088192126433569, 26254.952860326317023 ], [ 32080.08314696123125, 26254.944442976699065 ], [ 32080.077301045337663, 26254.93656067158372 ], [ 32080.070710678119212, 26254.929289321880788 ], [ 32062.099999999998545, 26236.95857864376012 ], [ 32062.099999999998545, 26220.0 ], [ 32062.099518472667114, 26219.990198285966471 ], [ 32062.098078528040787, 26219.980490967798687 ], [ 32062.095694033574546, 26219.970971532275144 ], [ 32062.09238795325291, 26219.961731656763732 ], [ 32062.088192126433569, 26219.952860326317023 ], [ 32062.08314696123125, 26219.944442976699065 ], [ 32062.077301045337663, 26219.93656067158372 ], [ 32062.070710678119212, 26219.929289321880788 ], [ 32045.099999999998545, 26202.95857864376012 ], [ 32045.099999999998545, 26186.0 ], [ 32045.099518472667114, 26185.990198285966471 ], [ 32045.098078528040787, 26185.980490967798687 ], [ 32045.095694033574546, 26185.970971532275144 ], [ 32045.09238795325291, 26185.961731656763732 ], [ 32045.088192126433569, 26185.952860326317023 ], [ 32045.08314696123125, 26185.944442976699065 ], [ 32045.077301045337663, 26185.93656067158372 ], [ 32045.070710678119212, 26185.929289321880788 ], [ 32028.099999999998545, 26168.95857864376012 ], [ 32028.099999999998545, 26152.0 ], [ 32028.099552834853966, 26151.990553674138937 ], [ 32028.098215338555747, 26151.981191829632735 ], [ 32028.095999472730909, 26151.971998192289902 ], [ 32028.092925054548687, 26151.963054983592883 ], [ 32028.089019579452724, 26151.95444218537159 ], [ 32028.0843179752992, 26151.946236824482185 ], [ 32028.078862289949029, 26151.938512283959426 ], [ 32028.072701315253653, 26151.931337646703469 ], [ 32011.099999999998545, 26133.960242136432498 ], [ 32011.099999999998545, 26117.04142135623988 ], [ 32028.070710678119212, 26100.070710678119212 ], [ 32028.077301045337663, 26100.06343932841628 ], [ 32028.08314696123125, 26100.055557023300935 ], [ 32028.088192126433569, 26100.047139673682977 ], [ 32028.09238795325291, 26100.038268343236268 ], [ 32028.095694033574546, 26100.029028467724856 ], [ 32028.098078528040787, 26100.019509032201313 ], [ 32028.099518472667114, 26100.009801714033529 ], [ 32028.099999999998545, 26100.0 ], [ 32028.099999999998545, 25997.04142135623988 ], [ 32045.070710678119212, 25980.070710678119212 ], [ 32045.077301045337663, 25980.06343932841628 ], [ 32045.08314696123125, 25980.055557023300935 ], [ 32045.088192126433569, 25980.047139673682977 ], [ 32045.09238795325291, 25980.038268343236268 ], [ 32045.095694033574546, 25980.029028467724856 ], [ 32045.098078528040787, 25980.019509032201313 ], [ 32045.099518472667114, 25980.009801714033529 ], [ 32045.099999999998545, 25980.0 ], [ 32045.099999999998545, 25911.04142135623988 ], [ 32062.070710678119212, 25894.070710678119212 ], [ 32062.077301045337663, 25894.06343932841628 ], [ 32062.08314696123125, 25894.055557023300935 ], [ 32062.088192126433569, 25894.047139673682977 ], [ 32062.09238795325291, 25894.038268343236268 ], [ 32062.095694033574546, 25894.029028467724856 ], [ 32062.098078528040787, 25894.019509032201313 ], [ 32062.099518472667114, 25894.009801714033529 ], [ 32062.099999999998545, 25894.0 ], [ 32062.099999999998545, 25791.043104648924782 ], [ 32080.068662353296531, 25774.072701315253653 ], [ 32080.075691516361985, 25774.065351314839063 ], [ 32080.081937789658696, 25774.057325375059008 ], [ 32080.087336566968588, 25774.0487065095258 ], [ 32080.091832007845369, 25774.0395838645818 ], [ 32080.095377615209145, 25774.030051797235501 ], [ 32080.097936716261756, 25774.02020889922278 ], [ 32080.099482841804274, 25774.010156977252336 ], [ 32080.099999999998545, 25774.0 ], [ 32080.099999999998545, 25636.04142135623988 ], [ 32097.070710678119212, 25619.070710678119212 ], [ 32097.077301045337663, 25619.06343932841628 ], [ 32097.08314696123125, 25619.055557023300935 ], [ 32097.088192126433569, 25619.047139673682977 ], [ 32097.09238795325291, 25619.038268343236268 ], [ 32097.095694033574546, 25619.029028467724856 ], [ 32097.098078528040787, 25619.019509032201313 ], [ 32097.099518472667114, 25619.009801714033529 ], [ 32097.099999999998545, 25619.0 ], [ 32097.099518472667114, 25618.990198285966471 ], [ 32097.098078528040787, 25618.980490967798687 ], [ 32097.095694033574546, 25618.970971532275144 ], [ 32097.09238795325291, 25618.961731656763732 ], [ 32097.088192126433569, 25618.952860326317023 ], [ 32097.08314696123125, 25618.944442976699065 ], [ 32097.077301045337663, 25618.93656067158372 ], [ 32097.070710678119212, 25618.929289321880788 ], [ 32080.099999999998545, 25601.95857864376012 ], [ 32080.099999999998545, 25584.04142135623988 ], [ 32097.070710678119212, 25567.070710678119212 ], [ 32097.077301045337663, 25567.06343932841628 ], [ 32097.08314696123125, 25567.055557023300935 ], [ 32097.088192126433569, 25567.047139673682977 ], [ 32097.09238795325291, 25567.038268343236268 ], [ 32097.095694033574546, 25567.029028467724856 ], [ 32097.098078528040787, 25567.019509032201313 ], [ 32097.099518472667114, 25567.009801714033529 ], [ 32097.099999999998545, 25567.0 ], [ 32097.099999999998545, 25481.0 ], [ 32097.099518472667114, 25480.990198285966471 ], [ 32097.098078528040787, 25480.980490967798687 ], [ 32097.095694033574546, 25480.970971532275144 ], [ 32097.09238795325291, 25480.961731656763732 ], [ 32097.088192126433569, 25480.952860326317023 ], [ 32097.08314696123125, 25480.944442976699065 ], [ 32097.077301045337663, 25480.93656067158372 ], [ 32097.070710678119212, 25480.929289321880788 ], [ 32080.099999999998545, 25463.95857864376012 ], [ 32080.099999999998545, 25447.04142135623988 ], [ 32097.070710678119212, 25430.070710678119212 ], [ 32097.077301045337663, 25430.06343932841628 ], [ 32097.08314696123125, 25430.055557023300935 ], [ 32097.088192126433569, 25430.047139673682977 ], [ 32097.09238795325291, 25430.038268343236268 ], [ 32097.095694033574546, 25430.029028467724856 ], [ 32097.098078528040787, 25430.019509032201313 ], [ 32097.099518472667114, 25430.009801714033529 ], [ 32097.099999999998545, 25430.0 ], [ 32097.099999999998545, 25413.0 ], [ 32097.099552834853966, 25412.990553674138937 ], [ 32097.098215338555747, 25412.981191829632735 ], [ 32097.095999472730909, 25412.971998192289902 ], [ 32097.092925054548687, 25412.963054983592883 ], [ 32097.089019579452724, 25412.95444218537159 ], [ 32097.0843179752992, 25412.946236824482185 ], [ 32097.078862289949029, 25412.938512283959426 ], [ 32097.072701315253653, 25412.931337646703469 ], [ 32080.099999999998545, 25394.960242136432498 ], [ 32080.099999999998545, 25378.04142135623988 ], [ 32097.070710678119212, 25361.070710678119212 ], [ 32097.077301045337663, 25361.06343932841628 ], [ 32097.08314696123125, 25361.055557023300935 ], [ 32097.088192126433569, 25361.047139673682977 ], [ 32097.09238795325291, 25361.038268343236268 ], [ 32097.095694033574546, 25361.029028467724856 ], [ 32097.098078528040787, 25361.019509032201313 ], [ 32097.099518472667114, 25361.009801714033529 ], [ 32097.099999999998545, 25361.0 ], [ 32097.099999999998545, 25344.0 ], [ 32097.099518472667114, 25343.990198285966471 ], [ 32097.098078528040787, 25343.980490967798687 ], [ 32097.095694033574546, 25343.970971532275144 ], [ 32097.09238795325291, 25343.961731656763732 ], [ 32097.088192126433569, 25343.952860326317023 ], [ 32097.08314696123125, 25343.944442976699065 ], [ 32097.077301045337663, 25343.93656067158372 ], [ 32097.070710678119212, 25343.929289321880788 ], [ 32080.099999999998545, 25326.95857864376012 ], [ 32080.099999999998545, 25241.04142135623988 ], [ 32097.070710678119212, 25224.070710678119212 ], [ 32097.077301045337663, 25224.06343932841628 ], [ 32097.08314696123125, 25224.055557023300935 ], [ 32097.088192126433569, 25224.047139673682977 ], [ 32097.09238795325291, 25224.038268343236268 ], [ 32097.095694033574546, 25224.029028467724856 ], [ 32097.098078528040787, 25224.019509032201313 ], [ 32097.099518472667114, 25224.009801714033529 ], [ 32097.099999999998545, 25224.0 ], [ 32097.099999999998545, 25086.0 ], [ 32097.099518472667114, 25085.990198285966471 ], [ 32097.098078528040787, 25085.980490967798687 ], [ 32097.095694033574546, 25085.970971532275144 ], [ 32097.09238795325291, 25085.961731656763732 ], [ 32097.088192126433569, 25085.952860326317023 ], [ 32097.08314696123125, 25085.944442976699065 ], [ 32097.077301045337663, 25085.93656067158372 ], [ 32097.070710678119212, 25085.929289321880788 ], [ 32080.099999999998545, 25068.95857864376012 ], [ 32080.099999999998545, 25035.039757863567502 ], [ 32097.072701315253653, 25017.068662353296531 ], [ 32097.078971933853609, 25017.061346830916591 ], [ 32097.084509396558133, 25017.053461779742065 ], [ 32097.089262294943182, 25017.045080402633175 ], [ 32097.093186504269397, 25017.03628051022315 ], [ 32097.096245593151252, 25017.027143798532052 ], [ 32097.098411161765398, 25017.017755090535502 ], [ 32097.099663105505897, 25017.008201548673242 ], [ 32097.099989801641641, 25016.998571865660779 ], [ 32097.099388217200612, 25016.988955441091093 ], [ 32097.097863937149668, 25016.979441551477066 ], [ 32097.095431112524238, 25016.970118521410768 ], [ 32097.092112329064548, 25016.961072903595777 ], [ 32097.087938397537073, 25016.95238867531225 ], [ 32097.082948067691177, 25016.944146458783507 ], [ 32097.077187668510305, 25016.936422772709193 ], [ 32097.070710678119212, 25016.929289321880788 ], [ 32080.099999999998545, 24999.95857864376012 ], [ 32080.099999999998545, 24983.04142135623988 ], [ 32097.070710678119212, 24966.070710678119212 ], [ 32097.077301045337663, 24966.06343932841628 ], [ 32097.08314696123125, 24966.055557023300935 ], [ 32097.088192126433569, 24966.047139673682977 ], [ 32097.09238795325291, 24966.038268343236268 ], [ 32097.095694033574546, 24966.029028467724856 ], [ 32097.098078528040787, 24966.019509032201313 ], [ 32097.099518472667114, 24966.009801714033529 ], [ 32097.099999999998545, 24966.0 ], [ 32097.099999999998545, 24949.0 ], [ 32097.099518472667114, 24948.990198285966471 ], [ 32097.098078528040787, 24948.980490967798687 ], [ 32097.095694033574546, 24948.970971532275144 ], [ 32097.09238795325291, 24948.961731656763732 ], [ 32097.088192126433569, 24948.952860326317023 ], [ 32097.08314696123125, 24948.944442976699065 ], [ 32097.077301045337663, 24948.93656067158372 ], [ 32097.070710678119212, 24948.929289321880788 ], [ 32080.099999999998545, 24931.95857864376012 ], [ 32080.099999999998545, 24605.0 ], [ 32080.099482841804274, 24604.989843022747664 ], [ 32080.097936716261756, 24604.97979110077722 ], [ 32080.095377615209145, 24604.969948202764499 ], [ 32080.091832007845369, 24604.9604161354182 ], [ 32080.087336566968588, 24604.9512934904742 ], [ 32080.081937789658696, 24604.942674624940992 ], [ 32080.075691516361985, 24604.934648685160937 ], [ 32080.068662353296531, 24604.927298684746347 ], [ 32062.099999999998545, 24587.956895351075218 ], [ 32062.099999999998545, 24571.043104648924782 ], [ 32080.068662353296531, 24554.072701315253653 ], [ 32080.075691516361985, 24554.065351314839063 ], [ 32080.081937789658696, 24554.057325375059008 ], [ 32080.087336566968588, 24554.0487065095258 ], [ 32080.091832007845369, 24554.0395838645818 ], [ 32080.095377615209145, 24554.030051797235501 ], [ 32080.097936716261756, 24554.02020889922278 ], [ 32080.099482841804274, 24554.010156977252336 ], [ 32080.099999999998545, 24554.0 ], [ 32080.099999999998545, 24519.0 ], [ 32080.099482841804274, 24518.989843022747664 ], [ 32080.097936716261756, 24518.97979110077722 ], [ 32080.095377615209145, 24518.969948202764499 ], [ 32080.091832007845369, 24518.9604161354182 ], [ 32080.087336566968588, 24518.9512934904742 ], [ 32080.081937789658696, 24518.942674624940992 ], [ 32080.075691516361985, 24518.934648685160937 ], [ 32080.068662353296531, 24518.927298684746347 ], [ 32062.145640216505853, 24502.0 ], [ 32080.068662353296531, 24485.072701315253653 ], [ 32080.075691516361985, 24485.065351314839063 ], [ 32080.081937789658696, 24485.057325375059008 ], [ 32080.087336566968588, 24485.0487065095258 ], [ 32080.091832007845369, 24485.0395838645818 ], [ 32080.095377615209145, 24485.030051797235501 ], [ 32080.097936716261756, 24485.02020889922278 ], [ 32080.099482841804274, 24485.010156977252336 ], [ 32080.099999999998545, 24485.0 ], [ 32080.099999999998545, 23712.0 ], [ 32080.099518472667114, 23711.990198285966471 ], [ 32080.098078528040787, 23711.980490967798687 ], [ 32080.095694033574546, 23711.970971532275144 ], [ 32080.09238795325291, 23711.961731656763732 ], [ 32080.088192126433569, 23711.952860326317023 ], [ 32080.08314696123125, 23711.944442976699065 ], [ 32080.077301045337663, 23711.93656067158372 ], [ 32080.070710678119212, 23711.929289321880788 ], [ 32062.099999999998545, 23693.95857864376012 ], [ 32062.099999999998545, 23488.0 ], [ 32062.099518472667114, 23487.990198285966471 ], [ 32062.098078528040787, 23487.980490967798687 ], [ 32062.095694033574546, 23487.970971532275144 ], [ 32062.09238795325291, 23487.961731656763732 ], [ 32062.088192126433569, 23487.952860326317023 ], [ 32062.08314696123125, 23487.944442976699065 ], [ 32062.077301045337663, 23487.93656067158372 ], [ 32062.070710678119212, 23487.929289321880788 ], [ 32045.099999999998545, 23470.95857864376012 ], [ 32045.099999999998545, 23368.0 ], [ 32045.099518472667114, 23367.990198285966471 ], [ 32045.098078528040787, 23367.980490967798687 ], [ 32045.095694033574546, 23367.970971532275144 ], [ 32045.09238795325291, 23367.961731656763732 ], [ 32045.088192126433569, 23367.952860326317023 ], [ 32045.08314696123125, 23367.944442976699065 ], [ 32045.077301045337663, 23367.93656067158372 ], [ 32045.070710678119212, 23367.929289321880788 ], [ 32028.099999999998545, 23350.95857864376012 ], [ 32028.099999999998545, 23334.039757863567502 ], [ 32045.072701315253653, 23316.068662353296531 ], [ 32045.078971933853609, 23316.061346830916591 ], [ 32045.084509396558133, 23316.053461779742065 ], [ 32045.089262294943182, 23316.045080402633175 ], [ 32045.093186504269397, 23316.03628051022315 ], [ 32045.096245593151252, 23316.027143798532052 ], [ 32045.098411161765398, 23316.017755090535502 ], [ 32045.099663105505897, 23316.008201548673242 ], [ 32045.099989801641641, 23315.998571865660779 ], [ 32045.099388217200612, 23315.988955441091093 ], [ 32045.097863937149668, 23315.979441551477066 ], [ 32045.095431112524238, 23315.970118521410768 ], [ 32045.092112329064548, 23315.961072903595777 ], [ 32045.087938397537073, 23315.95238867531225 ], [ 32045.082948067691177, 23315.944146458783507 ], [ 32045.077187668510305, 23315.936422772709193 ], [ 32045.070710678119212, 23315.929289321880788 ], [ 32028.099999999998545, 23298.95857864376012 ], [ 32028.099999999998545, 23230.0 ], [ 32028.099518472667114, 23229.990198285966471 ], [ 32028.098078528040787, 23229.980490967798687 ], [ 32028.095694033574546, 23229.970971532275144 ], [ 32028.09238795325291, 23229.961731656763732 ], [ 32028.088192126433569, 23229.952860326317023 ], [ 32028.08314696123125, 23229.944442976699065 ], [ 32028.077301045337663, 23229.93656067158372 ], [ 32028.070710678119212, 23229.929289321880788 ], [ 32011.099999999998545, 23212.95857864376012 ], [ 32011.099999999998545, 23007.0 ], [ 32011.099518472667114, 23006.990198285966471 ], [ 32011.098078528040787, 23006.980490967798687 ], [ 32011.095694033574546, 23006.970971532275144 ], [ 32011.09238795325291, 23006.961731656763732 ], [ 32011.088192126433569, 23006.952860326317023 ], [ 32011.08314696123125, 23006.944442976699065 ], [ 32011.077301045337663, 23006.93656067158372 ], [ 32011.070710678119212, 23006.929289321880788 ], [ 31994.099999999998545, 22989.95857864376012 ], [ 31994.099999999998545, 22835.0 ], [ 31994.099482841804274, 22834.989843022747664 ], [ 31994.097936716261756, 22834.97979110077722 ], [ 31994.095377615209145, 22834.969948202764499 ], [ 31994.091832007845369, 22834.9604161354182 ], [ 31994.087336566968588, 22834.9512934904742 ], [ 31994.081937789658696, 22834.942674624940992 ], [ 31994.075691516361985, 22834.934648685160937 ], [ 31994.068662353296531, 22834.927298684746347 ], [ 31976.099999999998545, 22817.956895351075218 ], [ 31976.099999999998545, 22698.0 ], [ 31976.099518472667114, 22697.990198285966471 ], [ 31976.098078528040787, 22697.980490967798687 ], [ 31976.095694033574546, 22697.970971532275144 ], [ 31976.09238795325291, 22697.961731656763732 ], [ 31976.088192126433569, 22697.952860326317023 ], [ 31976.08314696123125, 22697.944442976699065 ], [ 31976.077301045337663, 22697.93656067158372 ], [ 31976.070710678119212, 22697.929289321880788 ], [ 31959.099999999998545, 22680.95857864376012 ], [ 31959.099999999998545, 22578.0 ], [ 31959.099552834853966, 22577.990553674138937 ], [ 31959.098215338555747, 22577.981191829632735 ], [ 31959.095999472730909, 22577.971998192289902 ], [ 31959.092925054548687, 22577.963054983592883 ], [ 31959.089019579452724, 22577.95444218537159 ], [ 31959.0843179752992, 22577.946236824482185 ], [ 31959.078862289949029, 22577.938512283959426 ], [ 31959.072701315253653, 22577.931337646703469 ], [ 31942.099999999998545, 22559.960242136432498 ], [ 31942.099999999998545, 22423.0 ], [ 31942.099518472667114, 22422.990198285966471 ], [ 31942.098078528040787, 22422.980490967798687 ], [ 31942.095694033574546, 22422.970971532275144 ], [ 31942.09238795325291, 22422.961731656763732 ], [ 31942.088192126433569, 22422.952860326317023 ], [ 31942.08314696123125, 22422.944442976699065 ], [ 31942.077301045337663, 22422.93656067158372 ], [ 31942.070710678119212, 22422.929289321880788 ], [ 31925.099999999998545, 22405.95857864376012 ], [ 31925.099999999998545, 22303.0 ], [ 31925.099552834853966, 22302.990553674138937 ], [ 31925.098215338555747, 22302.981191829632735 ], [ 31925.095999472730909, 22302.971998192289902 ], [ 31925.092925054548687, 22302.963054983592883 ], [ 31925.089019579452724, 22302.95444218537159 ], [ 31925.0843179752992, 22302.946236824482185 ], [ 31925.078862289949029, 22302.938512283959426 ], [ 31925.072701315253653, 22302.931337646703469 ], [ 31908.099999999998545, 22284.960242136432498 ], [ 31908.099999999998545, 22217.0 ], [ 31908.099518472667114, 22216.990198285966471 ], [ 31908.098078528040787, 22216.980490967798687 ], [ 31908.095694033574546, 22216.970971532275144 ], [ 31908.09238795325291, 22216.961731656763732 ], [ 31908.088192126433569, 22216.952860326317023 ], [ 31908.08314696123125, 22216.944442976699065 ], [ 31908.077301045337663, 22216.93656067158372 ], [ 31908.070710678119212, 22216.929289321880788 ], [ 31891.099999999998545, 22199.95857864376012 ], [ 31891.099999999998545, 22028.0 ], [ 31891.099518472667114, 22027.990198285966471 ], [ 31891.098078528040787, 22027.980490967798687 ], [ 31891.095694033574546, 22027.970971532275144 ], [ 31891.09238795325291, 22027.961731656763732 ], [ 31891.088192126433569, 22027.952860326317023 ], [ 31891.08314696123125, 22027.944442976699065 ], [ 31891.077301045337663, 22027.93656067158372 ], [ 31891.070710678119212, 22027.929289321880788 ], [ 31873.099999999998545, 22009.95857864376012 ], [ 31873.099999999998545, 21821.0 ], [ 31873.099518472667114, 21820.990198285966471 ], [ 31873.098078528040787, 21820.980490967798687 ], [ 31873.095694033574546, 21820.970971532275144 ], [ 31873.09238795325291, 21820.961731656763732 ], [ 31873.088192126433569, 21820.952860326317023 ], [ 31873.08314696123125, 21820.944442976699065 ], [ 31873.077301045337663, 21820.93656067158372 ], [ 31873.070710678119212, 21820.929289321880788 ], [ 31856.099999999998545, 21803.95857864376012 ], [ 31856.099999999998545, 21701.0 ], [ 31856.099518472667114, 21700.990198285966471 ], [ 31856.098078528040787, 21700.980490967798687 ], [ 31856.095694033574546, 21700.970971532275144 ], [ 31856.09238795325291, 21700.961731656763732 ], [ 31856.088192126433569, 21700.952860326317023 ], [ 31856.08314696123125, 21700.944442976699065 ], [ 31856.077301045337663, 21700.93656067158372 ], [ 31856.070710678119212, 21700.929289321880788 ], [ 31839.099999999998545, 21683.95857864376012 ], [ 31839.099999999998545, 21632.0 ], [ 31839.099518472667114, 21631.990198285966471 ], [ 31839.098078528040787, 21631.980490967798687 ], [ 31839.095694033574546, 21631.970971532275144 ], [ 31839.09238795325291, 21631.961731656763732 ], [ 31839.088192126433569, 21631.952860326317023 ], [ 31839.08314696123125, 21631.944442976699065 ], [ 31839.077301045337663, 21631.93656067158372 ], [ 31839.070710678119212, 21631.929289321880788 ], [ 31822.099999999998545, 21614.95857864376012 ], [ 31822.099999999998545, 21512.0 ], [ 31822.099518472667114, 21511.990198285966471 ], [ 31822.098078528040787, 21511.980490967798687 ], [ 31822.095694033574546, 21511.970971532275144 ], [ 31822.09238795325291, 21511.961731656763732 ], [ 31822.088192126433569, 21511.952860326317023 ], [ 31822.08314696123125, 21511.944442976699065 ], [ 31822.077301045337663, 21511.93656067158372 ], [ 31822.070710678119212, 21511.929289321880788 ], [ 31805.141421356238425, 21495.0 ], [ 31822.070710678119212, 21478.070710678119212 ], [ 31822.077301045337663, 21478.06343932841628 ], [ 31822.08314696123125, 21478.055557023300935 ], [ 31822.088192126433569, 21478.047139673682977 ], [ 31822.09238795325291, 21478.038268343236268 ], [ 31822.095694033574546, 21478.029028467724856 ], [ 31822.098078528040787, 21478.019509032201313 ], [ 31822.099518472667114, 21478.009801714033529 ], [ 31822.099999999998545, 21478.0 ], [ 31822.099518472667114, 21477.990198285966471 ], [ 31822.098078528040787, 21477.980490967798687 ], [ 31822.095694033574546, 21477.970971532275144 ], [ 31822.09238795325291, 21477.961731656763732 ], [ 31822.088192126433569, 21477.952860326317023 ], [ 31822.08314696123125, 21477.944442976699065 ], [ 31822.077301045337663, 21477.93656067158372 ], [ 31822.070710678119212, 21477.929289321880788 ], [ 31805.099999999998545, 21460.95857864376012 ], [ 31805.099999999998545, 21392.0 ], [ 31805.099482841804274, 21391.989843022747664 ], [ 31805.097936716261756, 21391.97979110077722 ], [ 31805.095377615209145, 21391.969948202764499 ], [ 31805.091832007845369, 21391.9604161354182 ], [ 31805.087336566968588, 21391.9512934904742 ], [ 31805.081937789658696, 21391.942674624940992 ], [ 31805.075691516361985, 21391.934648685160937 ], [ 31805.068662353296531, 21391.927298684746347 ], [ 31787.099999999998545, 21374.956895351075218 ], [ 31787.099999999998545, 21237.0 ], [ 31787.099518472667114, 21236.990198285966471 ], [ 31787.098078528040787, 21236.980490967798687 ], [ 31787.095694033574546, 21236.970971532275144 ], [ 31787.09238795325291, 21236.961731656763732 ], [ 31787.088192126433569, 21236.952860326317023 ], [ 31787.08314696123125, 21236.944442976699065 ], [ 31787.077301045337663, 21236.93656067158372 ], [ 31787.070710678119212, 21236.929289321880788 ], [ 31770.099999999998545, 21219.95857864376012 ], [ 31770.099999999998545, 21134.0 ], [ 31770.099518472667114, 21133.990198285966471 ], [ 31770.098078528040787, 21133.980490967798687 ], [ 31770.095694033574546, 21133.970971532275144 ], [ 31770.09238795325291, 21133.961731656763732 ], [ 31770.088192126433569, 21133.952860326317023 ], [ 31770.08314696123125, 21133.944442976699065 ], [ 31770.077301045337663, 21133.93656067158372 ], [ 31770.070710678119212, 21133.929289321880788 ], [ 31753.099999999998545, 21116.95857864376012 ], [ 31753.099999999998545, 21031.0 ], [ 31753.099518472667114, 21030.990198285966471 ], [ 31753.098078528040787, 21030.980490967798687 ], [ 31753.095694033574546, 21030.970971532275144 ], [ 31753.09238795325291, 21030.961731656763732 ], [ 31753.088192126433569, 21030.952860326317023 ], [ 31753.08314696123125, 21030.944442976699065 ], [ 31753.077301045337663, 21030.93656067158372 ], [ 31753.070710678119212, 21030.929289321880788 ], [ 31736.099999999998545, 21013.95857864376012 ], [ 31736.099999999998545, 20808.0 ], [ 31736.099518472667114, 20807.990198285966471 ], [ 31736.098078528040787, 20807.980490967798687 ], [ 31736.095694033574546, 20807.970971532275144 ], [ 31736.09238795325291, 20807.961731656763732 ], [ 31736.088192126433569, 20807.952860326317023 ], [ 31736.08314696123125, 20807.944442976699065 ], [ 31736.077301045337663, 20807.93656067158372 ], [ 31736.070710678119212, 20807.929289321880788 ], [ 31719.099999999998545, 20790.95857864376012 ], [ 31719.099999999998545, 20687.0 ], [ 31719.099518472667114, 20686.990198285966471 ], [ 31719.098078528040787, 20686.980490967798687 ], [ 31719.095694033574546, 20686.970971532275144 ], [ 31719.09238795325291, 20686.961731656763732 ], [ 31719.088192126433569, 20686.952860326317023 ], [ 31719.08314696123125, 20686.944442976699065 ], [ 31719.077301045337663, 20686.93656067158372 ], [ 31719.070710678119212, 20686.929289321880788 ], [ 31702.099999999998545, 20669.95857864376012 ], [ 31702.099999999998545, 20550.0 ], [ 31702.099482841804274, 20549.989843022747664 ], [ 31702.097936716261756, 20549.97979110077722 ], [ 31702.095377615209145, 20549.969948202764499 ], [ 31702.091832007845369, 20549.9604161354182 ], [ 31702.087336566968588, 20549.9512934904742 ], [ 31702.081937789658696, 20549.942674624940992 ], [ 31702.075691516361985, 20549.934648685160937 ], [ 31702.068662353296531, 20549.927298684746347 ], [ 31684.099999999998545, 20532.956895351075218 ], [ 31684.099999999998545, 20413.0 ], [ 31684.099552834853966, 20412.990553674138937 ], [ 31684.098215338555747, 20412.981191829632735 ], [ 31684.095999472730909, 20412.971998192289902 ], [ 31684.092925054548687, 20412.963054983592883 ], [ 31684.089019579452724, 20412.95444218537159 ], [ 31684.0843179752992, 20412.946236824482185 ], [ 31684.078862289949029, 20412.938512283959426 ], [ 31684.072701315253653, 20412.931337646703469 ], [ 31667.139429906761507, 20395.001991449476918 ], [ 31684.070710678119212, 20378.070710678119212 ], [ 31684.077301045337663, 20378.06343932841628 ], [ 31684.08314696123125, 20378.055557023300935 ], [ 31684.088192126433569, 20378.047139673682977 ], [ 31684.09238795325291, 20378.038268343236268 ], [ 31684.095694033574546, 20378.029028467724856 ], [ 31684.098078528040787, 20378.019509032201313 ], [ 31684.099518472667114, 20378.009801714033529 ], [ 31684.099999999998545, 20378.0 ], [ 31684.099518472667114, 20377.990198285966471 ], [ 31684.098078528040787, 20377.980490967798687 ], [ 31684.095694033574546, 20377.970971532275144 ], [ 31684.09238795325291, 20377.961731656763732 ], [ 31684.088192126433569, 20377.952860326317023 ], [ 31684.08314696123125, 20377.944442976699065 ], [ 31684.077301045337663, 20377.93656067158372 ], [ 31684.070710678119212, 20377.929289321880788 ], [ 31667.099999999998545, 20360.95857864376012 ], [ 31667.099999999998545, 20258.0 ], [ 31667.099518472667114, 20257.990198285966471 ], [ 31667.098078528040787, 20257.980490967798687 ], [ 31667.095694033574546, 20257.970971532275144 ], [ 31667.09238795325291, 20257.961731656763732 ], [ 31667.088192126433569, 20257.952860326317023 ], [ 31667.08314696123125, 20257.944442976699065 ], [ 31667.077301045337663, 20257.93656067158372 ], [ 31667.070710678119212, 20257.929289321880788 ], [ 31650.099999999998545, 20240.95857864376012 ], [ 31650.099999999998545, 20103.0 ], [ 31650.099518472667114, 20102.990198285966471 ], [ 31650.098078528040787, 20102.980490967798687 ], [ 31650.095694033574546, 20102.970971532275144 ], [ 31650.09238795325291, 20102.961731656763732 ], [ 31650.088192126433569, 20102.952860326317023 ], [ 31650.08314696123125, 20102.944442976699065 ], [ 31650.077301045337663, 20102.93656067158372 ], [ 31650.070710678119212, 20102.929289321880788 ], [ 31633.099999999998545, 20085.95857864376012 ], [ 31633.099999999998545, 19983.0 ], [ 31633.099518472667114, 19982.990198285966471 ], [ 31633.098078528040787, 19982.980490967798687 ], [ 31633.095694033574546, 19982.970971532275144 ], [ 31633.09238795325291, 19982.961731656763732 ], [ 31633.088192126433569, 19982.952860326317023 ], [ 31633.08314696123125, 19982.944442976699065 ], [ 31633.077301045337663, 19982.93656067158372 ], [ 31633.070710678119212, 19982.929289321880788 ], [ 31616.099999999998545, 19965.95857864376012 ], [ 31616.099999999998545, 19845.0 ], [ 31616.099482841804274, 19844.989843022747664 ], [ 31616.097936716261756, 19844.97979110077722 ], [ 31616.095377615209145, 19844.969948202764499 ], [ 31616.091832007845369, 19844.9604161354182 ], [ 31616.087336566968588, 19844.9512934904742 ], [ 31616.081937789658696, 19844.942674624940992 ], [ 31616.075691516361985, 19844.934648685160937 ], [ 31616.068662353296531, 19844.927298684746347 ], [ 31598.099999999998545, 19827.956895351075218 ], [ 31598.099999999998545, 19708.0 ], [ 31598.099518472667114, 19707.990198285966471 ], [ 31598.098078528040787, 19707.980490967798687 ], [ 31598.095694033574546, 19707.970971532275144 ], [ 31598.09238795325291, 19707.961731656763732 ], [ 31598.088192126433569, 19707.952860326317023 ], [ 31598.08314696123125, 19707.944442976699065 ], [ 31598.077301045337663, 19707.93656067158372 ], [ 31598.070710678119212, 19707.929289321880788 ], [ 31581.099999999998545, 19690.95857864376012 ], [ 31581.099999999998545, 19622.0 ], [ 31581.099518472667114, 19621.990198285966471 ], [ 31581.098078528040787, 19621.980490967798687 ], [ 31581.095694033574546, 19621.970971532275144 ], [ 31581.09238795325291, 19621.961731656763732 ], [ 31581.088192126433569, 19621.952860326317023 ], [ 31581.08314696123125, 19621.944442976699065 ], [ 31581.077301045337663, 19621.93656067158372 ], [ 31581.070710678119212, 19621.929289321880788 ], [ 31564.099999999998545, 19604.95857864376012 ], [ 31564.099999999998545, 19485.0 ], [ 31564.099552834853966, 19484.990553674138937 ], [ 31564.098215338555747, 19484.981191829632735 ], [ 31564.095999472730909, 19484.971998192289902 ], [ 31564.092925054548687, 19484.963054983592883 ], [ 31564.089019579452724, 19484.95444218537159 ], [ 31564.0843179752992, 19484.946236824482185 ], [ 31564.078862289949029, 19484.938512283959426 ], [ 31564.072701315253653, 19484.931337646703469 ], [ 31547.099999999998545, 19466.960242136432498 ], [ 31547.099999999998545, 19364.0 ], [ 31547.099518472667114, 19363.990198285966471 ], [ 31547.098078528040787, 19363.980490967798687 ], [ 31547.095694033574546, 19363.970971532275144 ], [ 31547.09238795325291, 19363.961731656763732 ], [ 31547.088192126433569, 19363.952860326317023 ], [ 31547.08314696123125, 19363.944442976699065 ], [ 31547.077301045337663, 19363.93656067158372 ], [ 31547.070710678119212, 19363.929289321880788 ], [ 31530.099999999998545, 19346.95857864376012 ], [ 31530.099999999998545, 19227.0 ], [ 31530.099518472667114, 19226.990198285966471 ], [ 31530.098078528040787, 19226.980490967798687 ], [ 31530.095694033574546, 19226.970971532275144 ], [ 31530.09238795325291, 19226.961731656763732 ], [ 31530.088192126433569, 19226.952860326317023 ], [ 31530.08314696123125, 19226.944442976699065 ], [ 31530.077301045337663, 19226.93656067158372 ], [ 31530.070710678119212, 19226.929289321880788 ], [ 31513.099999999998545, 19209.95857864376012 ], [ 31513.099999999998545, 19141.0 ], [ 31513.099482841804274, 19140.989843022747664 ], [ 31513.097936716261756, 19140.97979110077722 ], [ 31513.095377615209145, 19140.969948202764499 ], [ 31513.091832007845369, 19140.9604161354182 ], [ 31513.087336566968588, 19140.9512934904742 ], [ 31513.081937789658696, 19140.942674624940992 ], [ 31513.075691516361985, 19140.934648685160937 ], [ 31513.068662353296531, 19140.927298684746347 ], [ 31495.099999999998545, 19123.956895351075218 ], [ 31495.099999999998545, 19021.0 ], [ 31495.099518472667114, 19020.990198285966471 ], [ 31495.098078528040787, 19020.980490967798687 ], [ 31495.095694033574546, 19020.970971532275144 ], [ 31495.09238795325291, 19020.961731656763732 ], [ 31495.088192126433569, 19020.952860326317023 ], [ 31495.08314696123125, 19020.944442976699065 ], [ 31495.077301045337663, 19020.93656067158372 ], [ 31495.070710678119212, 19020.929289321880788 ], [ 31478.099999999998545, 19003.95857864376012 ], [ 31478.099999999998545, 18883.0 ], [ 31478.099518472667114, 18882.990198285966471 ], [ 31478.098078528040787, 18882.980490967798687 ], [ 31478.095694033574546, 18882.970971532275144 ], [ 31478.09238795325291, 18882.961731656763732 ], [ 31478.088192126433569, 18882.952860326317023 ], [ 31478.08314696123125, 18882.944442976699065 ], [ 31478.077301045337663, 18882.93656067158372 ], [ 31478.070710678119212, 18882.929289321880788 ], [ 31461.099999999998545, 18865.95857864376012 ], [ 31461.099999999998545, 18780.0 ], [ 31461.099518472667114, 18779.990198285966471 ], [ 31461.098078528040787, 18779.980490967798687 ], [ 31461.095694033574546, 18779.970971532275144 ], [ 31461.09238795325291, 18779.961731656763732 ], [ 31461.088192126433569, 18779.952860326317023 ], [ 31461.08314696123125, 18779.944442976699065 ], [ 31461.077301045337663, 18779.93656067158372 ], [ 31461.070710678119212, 18779.929289321880788 ], [ 31444.099999999998545, 18762.95857864376012 ], [ 31444.099999999998545, 18660.0 ], [ 31444.099518472667114, 18659.990198285966471 ], [ 31444.098078528040787, 18659.980490967798687 ], [ 31444.095694033574546, 18659.970971532275144 ], [ 31444.09238795325291, 18659.961731656763732 ], [ 31444.088192126433569, 18659.952860326317023 ], [ 31444.08314696123125, 18659.944442976699065 ], [ 31444.077301045337663, 18659.93656067158372 ], [ 31444.070710678119212, 18659.929289321880788 ], [ 31427.099999999998545, 18642.95857864376012 ], [ 31427.099999999998545, 18591.0 ], [ 31427.099482841804274, 18590.989843022747664 ], [ 31427.097936716261756, 18590.97979110077722 ], [ 31427.095377615209145, 18590.969948202764499 ], [ 31427.091832007845369, 18590.9604161354182 ], [ 31427.087336566968588, 18590.9512934904742 ], [ 31427.081937789658696, 18590.942674624940992 ], [ 31427.075691516361985, 18590.934648685160937 ], [ 31427.068662353296531, 18590.927298684746347 ], [ 31409.099999999998545, 18573.956895351075218 ], [ 31409.099999999998545, 18437.0 ], [ 31409.099552834853966, 18436.990553674138937 ], [ 31409.098215338555747, 18436.981191829632735 ], [ 31409.095999472730909, 18436.971998192289902 ], [ 31409.092925054548687, 18436.963054983592883 ], [ 31409.089019579452724, 18436.95444218537159 ], [ 31409.0843179752992, 18436.946236824482185 ], [ 31409.078862289949029, 18436.938512283959426 ], [ 31409.072701315253653, 18436.931337646703469 ], [ 31392.099999999998545, 18418.960242136432498 ], [ 31392.099999999998545, 18368.0 ], [ 31392.099518472667114, 18367.990198285966471 ], [ 31392.098078528040787, 18367.980490967798687 ], [ 31392.095694033574546, 18367.970971532275144 ], [ 31392.09238795325291, 18367.961731656763732 ], [ 31392.088192126433569, 18367.952860326317023 ], [ 31392.08314696123125, 18367.944442976699065 ], [ 31392.077301045337663, 18367.93656067158372 ], [ 31392.070710678119212, 18367.929289321880788 ], [ 31375.099999999998545, 18350.95857864376012 ], [ 31375.099999999998545, 18282.0 ], [ 31375.099518472667114, 18281.990198285966471 ], [ 31375.098078528040787, 18281.980490967798687 ], [ 31375.095694033574546, 18281.970971532275144 ], [ 31375.09238795325291, 18281.961731656763732 ], [ 31375.088192126433569, 18281.952860326317023 ], [ 31375.08314696123125, 18281.944442976699065 ], [ 31375.077301045337663, 18281.93656067158372 ], [ 31375.070710678119212, 18281.929289321880788 ], [ 31358.099999999998545, 18264.95857864376012 ], [ 31358.099999999998545, 18247.0 ], [ 31358.099518472667114, 18246.990198285966471 ], [ 31358.098078528040787, 18246.980490967798687 ], [ 31358.095694033574546, 18246.970971532275144 ], [ 31358.09238795325291, 18246.961731656763732 ], [ 31358.088192126433569, 18246.952860326317023 ], [ 31358.08314696123125, 18246.944442976699065 ], [ 31358.077301045337663, 18246.93656067158372 ], [ 31358.070710678119212, 18246.929289321880788 ], [ 31341.141421356238425, 18230.0 ], [ 31358.070710678119212, 18213.070710678119212 ], [ 31358.077301045337663, 18213.06343932841628 ], [ 31358.08314696123125, 18213.055557023300935 ], [ 31358.088192126433569, 18213.047139673682977 ], [ 31358.09238795325291, 18213.038268343236268 ], [ 31358.095694033574546, 18213.029028467724856 ], [ 31358.098078528040787, 18213.019509032201313 ], [ 31358.099518472667114, 18213.009801714033529 ], [ 31358.099999999998545, 18213.0 ], [ 31358.099518472667114, 18212.990198285966471 ], [ 31358.098078528040787, 18212.980490967798687 ], [ 31358.095694033574546, 18212.970971532275144 ], [ 31358.09238795325291, 18212.961731656763732 ], [ 31358.088192126433569, 18212.952860326317023 ], [ 31358.08314696123125, 18212.944442976699065 ], [ 31358.077301045337663, 18212.93656067158372 ], [ 31358.070710678119212, 18212.929289321880788 ], [ 31341.099999999998545, 18195.95857864376012 ], [ 31341.099999999998545, 18127.0 ], [ 31341.099518472667114, 18126.990198285966471 ], [ 31341.098078528040787, 18126.980490967798687 ], [ 31341.095694033574546, 18126.970971532275144 ], [ 31341.09238795325291, 18126.961731656763732 ], [ 31341.088192126433569, 18126.952860326317023 ], [ 31341.08314696123125, 18126.944442976699065 ], [ 31341.077301045337663, 18126.93656067158372 ], [ 31341.070710678119212, 18126.929289321880788 ], [ 31324.099999999998545, 18109.95857864376012 ], [ 31324.099999999998545, 18024.0 ], [ 31324.099482841804274, 18023.989843022747664 ], [ 31324.097936716261756, 18023.97979110077722 ], [ 31324.095377615209145, 18023.969948202764499 ], [ 31324.091832007845369, 18023.9604161354182 ], [ 31324.087336566968588, 18023.9512934904742 ], [ 31324.081937789658696, 18023.942674624940992 ], [ 31324.075691516361985, 18023.934648685160937 ], [ 31324.068662353296531, 18023.927298684746347 ], [ 31306.099999999998545, 18006.956895351075218 ], [ 31306.099999999998545, 17955.0 ], [ 31306.099518472667114, 17954.990198285966471 ], [ 31306.098078528040787, 17954.980490967798687 ], [ 31306.095694033574546, 17954.970971532275144 ], [ 31306.09238795325291, 17954.961731656763732 ], [ 31306.088192126433569, 17954.952860326317023 ], [ 31306.08314696123125, 17954.944442976699065 ], [ 31306.077301045337663, 17954.93656067158372 ], [ 31306.070710678119212, 17954.929289321880788 ], [ 31289.099999999998545, 17937.95857864376012 ], [ 31289.099999999998545, 17904.0 ], [ 31289.099518472667114, 17903.990198285966471 ], [ 31289.098078528040787, 17903.980490967798687 ], [ 31289.095694033574546, 17903.970971532275144 ], [ 31289.09238795325291, 17903.961731656763732 ], [ 31289.088192126433569, 17903.952860326317023 ], [ 31289.08314696123125, 17903.944442976699065 ], [ 31289.077301045337663, 17903.93656067158372 ], [ 31289.070710678119212, 17903.929289321880788 ], [ 31272.099999999998545, 17886.95857864376012 ], [ 31272.099999999998545, 17698.0 ], [ 31272.099518472667114, 17697.990198285966471 ], [ 31272.098078528040787, 17697.980490967798687 ], [ 31272.095694033574546, 17697.970971532275144 ], [ 31272.09238795325291, 17697.961731656763732 ], [ 31272.088192126433569, 17697.952860326317023 ], [ 31272.08314696123125, 17697.944442976699065 ], [ 31272.077301045337663, 17697.93656067158372 ], [ 31272.070710678119212, 17697.929289321880788 ], [ 31272.06343932841628, 17697.922698954662337 ], [ 31272.055557023300935, 17697.91685303876875 ], [ 31272.047139673682977, 17697.911807873566431 ], [ 31272.038268343236268, 17697.90761204674709 ], [ 31272.029028467724856, 17697.904305966425454 ], [ 31272.019509032201313, 17697.901921471959213 ], [ 31272.009801714033529, 17697.900481527332886 ], [ 31272.0, 17697.900000000001455 ], [ 31238.04142135623988, 17697.900000000001455 ], [ 31220.099999999998545, 17679.95857864376012 ], [ 31220.099999999998545, 17165.0 ], [ 31220.099518472667114, 17164.990198285966471 ], [ 31220.098078528040787, 17164.980490967798687 ], [ 31220.095694033574546, 17164.970971532275144 ], [ 31220.09238795325291, 17164.961731656763732 ], [ 31220.088192126433569, 17164.952860326317023 ], [ 31220.08314696123125, 17164.944442976699065 ], [ 31220.077301045337663, 17164.93656067158372 ], [ 31220.070710678119212, 17164.929289321880788 ], [ 31203.099999999998545, 17147.95857864376012 ], [ 31203.099999999998545, 17062.0 ], [ 31203.099518472667114, 17061.990198285966471 ], [ 31203.098078528040787, 17061.980490967798687 ], [ 31203.095694033574546, 17061.970971532275144 ], [ 31203.09238795325291, 17061.961731656763732 ], [ 31203.088192126433569, 17061.952860326317023 ], [ 31203.08314696123125, 17061.944442976699065 ], [ 31203.077301045337663, 17061.93656067158372 ], [ 31203.070710678119212, 17061.929289321880788 ], [ 31186.099999999998545, 17044.95857864376012 ], [ 31186.099999999998545, 16959.0 ], [ 31186.099518472667114, 16958.990198285966471 ], [ 31186.098078528040787, 16958.980490967798687 ], [ 31186.095694033574546, 16958.970971532275144 ], [ 31186.09238795325291, 16958.961731656763732 ], [ 31186.088192126433569, 16958.952860326317023 ], [ 31186.08314696123125, 16958.944442976699065 ], [ 31186.077301045337663, 16958.93656067158372 ], [ 31186.070710678119212, 16958.929289321880788 ], [ 31169.099999999998545, 16941.95857864376012 ], [ 31169.099999999998545, 16856.0 ], [ 31169.099518472667114, 16855.990198285966471 ], [ 31169.098078528040787, 16855.980490967798687 ], [ 31169.095694033574546, 16855.970971532275144 ], [ 31169.09238795325291, 16855.961731656763732 ], [ 31169.088192126433569, 16855.952860326317023 ], [ 31169.08314696123125, 16855.944442976699065 ], [ 31169.077301045337663, 16855.93656067158372 ], [ 31169.070710678119212, 16855.929289321880788 ], [ 31152.099999999998545, 16838.95857864376012 ], [ 31152.099999999998545, 16753.0 ], [ 31152.099518472667114, 16752.990198285966471 ], [ 31152.098078528040787, 16752.980490967798687 ], [ 31152.095694033574546, 16752.970971532275144 ], [ 31152.09238795325291, 16752.961731656763732 ], [ 31152.088192126433569, 16752.952860326317023 ], [ 31152.08314696123125, 16752.944442976699065 ], [ 31152.077301045337663, 16752.93656067158372 ], [ 31152.070710678119212, 16752.929289321880788 ], [ 31134.099999999998545, 16734.95857864376012 ], [ 31134.099999999998545, 16650.0 ], [ 31134.099552834853966, 16649.990553674138937 ], [ 31134.098215338555747, 16649.981191829632735 ], [ 31134.095999472730909, 16649.971998192289902 ], [ 31134.092925054548687, 16649.963054983592883 ], [ 31134.089019579452724, 16649.95444218537159 ], [ 31134.0843179752992, 16649.946236824482185 ], [ 31134.078862289949029, 16649.938512283959426 ], [ 31134.072701315253653, 16649.931337646703469 ], [ 31117.099999999998545, 16631.960242136432498 ], [ 31117.099999999998545, 16564.0 ], [ 31117.099552834853966, 16563.990553674138937 ], [ 31117.098215338555747, 16563.981191829632735 ], [ 31117.095999472730909, 16563.971998192289902 ], [ 31117.092925054548687, 16563.963054983592883 ], [ 31117.089019579452724, 16563.95444218537159 ], [ 31117.0843179752992, 16563.946236824482185 ], [ 31117.078862289949029, 16563.938512283959426 ], [ 31117.072701315253653, 16563.931337646703469 ], [ 31100.099999999998545, 16545.960242136432498 ], [ 31100.099999999998545, 16478.0 ], [ 31100.099552834853966, 16477.990553674138937 ], [ 31100.098215338555747, 16477.981191829632735 ], [ 31100.095999472730909, 16477.971998192289902 ], [ 31100.092925054548687, 16477.963054983592883 ], [ 31100.089019579452724, 16477.95444218537159 ], [ 31100.0843179752992, 16477.946236824482185 ], [ 31100.078862289949029, 16477.938512283959426 ], [ 31100.072701315253653, 16477.931337646703469 ], [ 31083.099999999998545, 16459.960242136432498 ], [ 31083.099999999998545, 16357.0 ], [ 31083.099518472667114, 16356.990198285966471 ], [ 31083.098078528040787, 16356.980490967798687 ], [ 31083.095694033574546, 16356.970971532275144 ], [ 31083.09238795325291, 16356.961731656763732 ], [ 31083.088192126433569, 16356.952860326317023 ], [ 31083.08314696123125, 16356.944442976697246 ], [ 31083.077301045337663, 16356.93656067158372 ], [ 31083.070710678119212, 16356.929289321880788 ], [ 31066.099999999998545, 16339.95857864376012 ], [ 31066.099999999998545, 16186.0 ], [ 31066.099552834853966, 16185.990553674138937 ], [ 31066.098215338555747, 16185.981191829630916 ], [ 31066.095999472730909, 16185.971998192288083 ], [ 31066.092925054548687, 16185.963054983592883 ], [ 31066.089019579452724, 16185.954442185369771 ], [ 31066.0843179752992, 16185.946236824482185 ], [ 31066.078862289949029, 16185.938512283957607 ], [ 31066.072701315253653, 16185.931337646703469 ], [ 31049.099999999998545, 16167.960242136432498 ], [ 31049.099999999998545, 16065.0 ], [ 31049.099482841804274, 16064.989843022749483 ], [ 31049.097936716261756, 16064.979791100779039 ], [ 31049.095377615209145, 16064.969948202766318 ], [ 31049.091832007845369, 16064.9604161354182 ], [ 31049.087336566968588, 16064.951293490472381 ], [ 31049.081937789658696, 16064.942674624940992 ], [ 31049.075691516358347, 16064.934648685160937 ], [ 31049.068662353296531, 16064.927298684744528 ], [ 31031.099999999998545, 16047.956895351073399 ], [ 31031.099999999998545, 15876.0 ], [ 31031.099518472667114, 15875.990198285966471 ], [ 31031.098078528040787, 15875.980490967798687 ], [ 31031.095694033574546, 15875.970971532275144 ], [ 31031.09238795325291, 15875.961731656763732 ], [ 31031.088192126433569, 15875.952860326317023 ], [ 31031.08314696123125, 15875.944442976697246 ], [ 31031.077301045337663, 15875.93656067158372 ], [ 31031.070710678119212, 15875.929289321880788 ], [ 31014.099999999998545, 15858.95857864376012 ], [ 31014.099999999998545, 15704.0 ], [ 31014.099518472667114, 15703.990198285966471 ], [ 31014.098078528040787, 15703.980490967798687 ], [ 31014.095694033574546, 15703.970971532275144 ], [ 31014.09238795325291, 15703.961731656763732 ], [ 31014.088192126433569, 15703.952860326317023 ], [ 31014.08314696123125, 15703.944442976697246 ], [ 31014.077301045337663, 15703.93656067158372 ], [ 31014.070710678119212, 15703.929289321880788 ], [ 30997.099999999998545, 15686.95857864376012 ], [ 30997.099999999998545, 15584.0 ], [ 30997.099518472667114, 15583.990198285966471 ], [ 30997.098078528040787, 15583.980490967798687 ], [ 30997.095694033574546, 15583.970971532275144 ], [ 30997.09238795325291, 15583.961731656763732 ], [ 30997.088192126433569, 15583.952860326317023 ], [ 30997.08314696123125, 15583.944442976697246 ], [ 30997.077301045337663, 15583.93656067158372 ], [ 30997.070710678119212, 15583.929289321880788 ], [ 30980.099999999998545, 15566.95857864376012 ], [ 30980.099999999998545, 15430.0 ], [ 30980.099552834853966, 15429.990553674138937 ], [ 30980.098215338555747, 15429.981191829630916 ], [ 30980.095999472730909, 15429.971998192288083 ], [ 30980.092925054548687, 15429.963054983592883 ], [ 30980.089019579452724, 15429.954442185369771 ], [ 30980.0843179752992, 15429.946236824482185 ], [ 30980.078862289949029, 15429.938512283957607 ], [ 30980.072701315253653, 15429.931337646703469 ], [ 30963.099999999998545, 15411.960242136432498 ], [ 30963.099999999998545, 15326.0 ], [ 30963.099482841804274, 15325.989843022749483 ], [ 30963.097936716261756, 15325.979791100779039 ], [ 30963.095377615209145, 15325.969948202766318 ], [ 30963.091832007845369, 15325.9604161354182 ], [ 30963.087336566968588, 15325.951293490472381 ], [ 30963.081937789658696, 15325.942674624940992 ], [ 30963.075691516358347, 15325.934648685160937 ], [ 30963.068662353296531, 15325.927298684744528 ], [ 30945.099999999998545, 15308.956895351073399 ], [ 30945.099999999998545, 15223.0 ], [ 30945.099518472667114, 15222.990198285966471 ], [ 30945.098078528040787, 15222.980490967798687 ], [ 30945.095694033574546, 15222.970971532275144 ], [ 30945.09238795325291, 15222.961731656763732 ], [ 30945.088192126433569, 15222.952860326317023 ], [ 30945.08314696123125, 15222.944442976697246 ], [ 30945.077301045337663, 15222.93656067158372 ], [ 30945.070710678119212, 15222.929289321880788 ], [ 30928.099999999998545, 15205.95857864376012 ], [ 30928.099999999998545, 15069.0 ], [ 30928.099518472667114, 15068.990198285966471 ], [ 30928.098078528040787, 15068.980490967798687 ], [ 30928.095694033574546, 15068.970971532275144 ], [ 30928.09238795325291, 15068.961731656763732 ], [ 30928.088192126433569, 15068.952860326317023 ], [ 30928.08314696123125, 15068.944442976697246 ], [ 30928.077301045337663, 15068.93656067158372 ], [ 30928.070710678119212, 15068.929289321880788 ], [ 30911.099999999998545, 15051.95857864376012 ], [ 30911.099999999998545, 15000.0 ], [ 30911.099518472667114, 14999.990198285966471 ], [ 30911.098078528040787, 14999.980490967798687 ], [ 30911.095694033574546, 14999.970971532275144 ], [ 30911.09238795325291, 14999.961731656763732 ], [ 30911.088192126433569, 14999.952860326317023 ], [ 30911.08314696123125, 14999.944442976697246 ], [ 30911.077301045337663, 14999.93656067158372 ], [ 30911.070710678119212, 14999.929289321880788 ], [ 30894.099999999998545, 14982.95857864376012 ], [ 30894.099999999998545, 14828.0 ], [ 30894.099518472667114, 14827.990198285966471 ], [ 30894.098078528040787, 14827.980490967798687 ], [ 30894.095694033574546, 14827.970971532275144 ], [ 30894.09238795325291, 14827.961731656763732 ], [ 30894.088192126433569, 14827.952860326317023 ], [ 30894.08314696123125, 14827.944442976697246 ], [ 30894.077301045337663, 14827.93656067158372 ], [ 30894.070710678119212, 14827.929289321880788 ], [ 30877.099999999998545, 14810.95857864376012 ], [ 30877.099999999998545, 14673.0 ], [ 30877.099518472667114, 14672.990198285966471 ], [ 30877.098078528040787, 14672.980490967798687 ], [ 30877.095694033574546, 14672.970971532275144 ], [ 30877.09238795325291, 14672.961731656763732 ], [ 30877.088192126433569, 14672.952860326317023 ], [ 30877.08314696123125, 14672.944442976697246 ], [ 30877.077301045337663, 14672.93656067158372 ], [ 30877.070710678119212, 14672.929289321880788 ], [ 30860.099999999998545, 14655.95857864376012 ], [ 30860.099999999998545, 14502.0 ], [ 30860.099518472667114, 14501.990198285966471 ], [ 30860.098078528040787, 14501.980490967798687 ], [ 30860.095694033574546, 14501.970971532275144 ], [ 30860.09238795325291, 14501.961731656763732 ], [ 30860.088192126433569, 14501.952860326317023 ], [ 30860.08314696123125, 14501.944442976697246 ], [ 30860.077301045337663, 14501.93656067158372 ], [ 30860.070710678119212, 14501.929289321880788 ], [ 30842.099999999998545, 14483.95857864376012 ], [ 30842.099999999998545, 14364.0 ], [ 30842.099518472667114, 14363.990198285966471 ], [ 30842.098078528040787, 14363.980490967798687 ], [ 30842.095694033574546, 14363.970971532275144 ], [ 30842.09238795325291, 14363.961731656763732 ], [ 30842.088192126433569, 14363.952860326317023 ], [ 30842.08314696123125, 14363.944442976697246 ], [ 30842.077301045337663, 14363.93656067158372 ], [ 30842.070710678119212, 14363.929289321880788 ], [ 30825.099999999998545, 14346.95857864376012 ], [ 30825.099999999998545, 14227.0 ], [ 30825.099518472667114, 14226.990198285966471 ], [ 30825.098078528040787, 14226.980490967798687 ], [ 30825.095694033574546, 14226.970971532275144 ], [ 30825.09238795325291, 14226.961731656763732 ], [ 30825.088192126433569, 14226.952860326317023 ], [ 30825.08314696123125, 14226.944442976697246 ], [ 30825.077301045337663, 14226.93656067158372 ], [ 30825.070710678119212, 14226.929289321880788 ], [ 30808.099999999998545, 14209.95857864376012 ], [ 30808.099999999998545, 14106.0 ], [ 30808.099518472667114, 14105.990198285966471 ], [ 30808.098078528040787, 14105.980490967798687 ], [ 30808.095694033574546, 14105.970971532275144 ], [ 30808.09238795325291, 14105.961731656763732 ], [ 30808.088192126433569, 14105.952860326317023 ], [ 30808.08314696123125, 14105.944442976697246 ], [ 30808.077301045337663, 14105.93656067158372 ], [ 30808.070710678119212, 14105.929289321880788 ], [ 30791.099999999998545, 14088.95857864376012 ], [ 30791.099999999998545, 13969.0 ], [ 30791.099518472667114, 13968.990198285966471 ], [ 30791.098078528040787, 13968.980490967798687 ], [ 30791.095694033574546, 13968.970971532275144 ], [ 30791.09238795325291, 13968.961731656763732 ], [ 30791.088192126433569, 13968.952860326317023 ], [ 30791.08314696123125, 13968.944442976697246 ], [ 30791.077301045337663, 13968.93656067158372 ], [ 30791.070710678119212, 13968.929289321880788 ], [ 30774.099999999998545, 13951.95857864376012 ], [ 30774.099999999998545, 13866.0 ], [ 30774.099482841804274, 13865.989843022749483 ], [ 30774.097936716261756, 13865.979791100779039 ], [ 30774.095377615209145, 13865.969948202766318 ], [ 30774.091832007845369, 13865.9604161354182 ], [ 30774.087336566968588, 13865.951293490472381 ], [ 30774.081937789658696, 13865.942674624940992 ], [ 30774.075691516358347, 13865.934648685160937 ], [ 30774.068662353296531, 13865.927298684744528 ], [ 30756.099999999998545, 13848.956895351073399 ], [ 30756.099999999998545, 13746.0 ], [ 30756.099552834853966, 13745.990553674138937 ], [ 30756.098215338555747, 13745.981191829630916 ], [ 30756.095999472730909, 13745.971998192288083 ], [ 30756.092925054548687, 13745.963054983592883 ], [ 30756.089019579452724, 13745.954442185369771 ], [ 30756.0843179752992, 13745.946236824482185 ], [ 30756.078862289949029, 13745.938512283957607 ], [ 30756.072701315253653, 13745.931337646703469 ], [ 30739.099999999998545, 13727.960242136432498 ], [ 30739.099999999998545, 13625.0 ], [ 30739.099518472667114, 13624.990198285966471 ], [ 30739.098078528040787, 13624.980490967798687 ], [ 30739.095694033574546, 13624.970971532275144 ], [ 30739.09238795325291, 13624.961731656763732 ], [ 30739.088192126433569, 13624.952860326317023 ], [ 30739.08314696123125, 13624.944442976697246 ], [ 30739.077301045337663, 13624.93656067158372 ], [ 30739.070710678119212, 13624.929289321880788 ], [ 30722.099999999998545, 13607.95857864376012 ], [ 30722.099999999998545, 13539.0 ], [ 30722.099518472667114, 13538.990198285966471 ], [ 30722.098078528040787, 13538.980490967798687 ], [ 30722.095694033574546, 13538.970971532275144 ], [ 30722.09238795325291, 13538.961731656763732 ], [ 30722.088192126433569, 13538.952860326317023 ], [ 30722.08314696123125, 13538.944442976697246 ], [ 30722.077301045337663, 13538.93656067158372 ], [ 30722.070710678119212, 13538.929289321880788 ], [ 30705.099999999998545, 13521.95857864376012 ], [ 30705.099999999998545, 13419.0 ], [ 30705.099518472667114, 13418.990198285966471 ], [ 30705.098078528040787, 13418.980490967798687 ], [ 30705.095694033574546, 13418.970971532275144 ], [ 30705.09238795325291, 13418.961731656763732 ], [ 30705.088192126433569, 13418.952860326317023 ], [ 30705.08314696123125, 13418.944442976697246 ], [ 30705.077301045337663, 13418.93656067158372 ], [ 30705.070710678119212, 13418.929289321880788 ], [ 30688.099999999998545, 13401.95857864376012 ], [ 30688.099999999998545, 13265.0 ], [ 30688.099552834853966, 13264.990553674138937 ], [ 30688.098215338555747, 13264.981191829630916 ], [ 30688.095999472730909, 13264.971998192288083 ], [ 30688.092925054548687, 13264.963054983592883 ], [ 30688.089019579452724, 13264.954442185369771 ], [ 30688.0843179752992, 13264.946236824482185 ], [ 30688.078862289949029, 13264.938512283957607 ], [ 30688.072701315253653, 13264.931337646703469 ], [ 30671.099999999998545, 13246.960242136432498 ], [ 30671.099999999998545, 13144.0 ], [ 30671.099482841804274, 13143.989843022749483 ], [ 30671.097936716261756, 13143.979791100779039 ], [ 30671.095377615209145, 13143.969948202766318 ], [ 30671.091832007845369, 13143.9604161354182 ], [ 30671.087336566968588, 13143.951293490472381 ], [ 30671.081937789658696, 13143.942674624940992 ], [ 30671.075691516358347, 13143.934648685160937 ], [ 30671.068662353296531, 13143.927298684744528 ], [ 30653.099999999998545, 13126.956895351073399 ], [ 30653.099999999998545, 12972.0 ], [ 30653.099518472667114, 12971.990198285966471 ], [ 30653.098078528040787, 12971.980490967798687 ], [ 30653.095694033574546, 12971.970971532275144 ], [ 30653.09238795325291, 12971.961731656763732 ], [ 30653.088192126433569, 12971.952860326317023 ], [ 30653.08314696123125, 12971.944442976697246 ], [ 30653.077301045337663, 12971.93656067158372 ], [ 30653.070710678119212, 12971.929289321880788 ], [ 30636.099999999998545, 12954.95857864376012 ], [ 30636.099999999998545, 12869.0 ], [ 30636.099518472667114, 12868.990198285966471 ], [ 30636.098078528040787, 12868.980490967798687 ], [ 30636.095694033574546, 12868.970971532275144 ], [ 30636.09238795325291, 12868.961731656763732 ], [ 30636.088192126433569, 12868.952860326317023 ], [ 30636.08314696123125, 12868.944442976697246 ], [ 30636.077301045337663, 12868.93656067158372 ], [ 30636.070710678119212, 12868.929289321880788 ], [ 30619.099999999998545, 12851.95857864376012 ], [ 30619.099999999998545, 12680.0 ], [ 30619.099518472667114, 12679.990198285966471 ], [ 30619.098078528040787, 12679.980490967798687 ], [ 30619.095694033574546, 12679.970971532275144 ], [ 30619.09238795325291, 12679.961731656763732 ], [ 30619.088192126433569, 12679.952860326317023 ], [ 30619.08314696123125, 12679.944442976697246 ], [ 30619.077301045337663, 12679.93656067158372 ], [ 30619.070710678119212, 12679.929289321880788 ], [ 30602.099999999998545, 12662.95857864376012 ], [ 30602.099999999998545, 12508.0 ], [ 30602.099518472667114, 12507.990198285966471 ], [ 30602.098078528040787, 12507.980490967798687 ], [ 30602.095694033574546, 12507.970971532275144 ], [ 30602.09238795325291, 12507.961731656763732 ], [ 30602.088192126433569, 12507.952860326317023 ], [ 30602.08314696123125, 12507.944442976697246 ], [ 30602.077301045337663, 12507.93656067158372 ], [ 30602.070710678119212, 12507.929289321880788 ], [ 30585.099999999998545, 12490.95857864376012 ], [ 30585.099999999998545, 12371.0 ], [ 30585.099482841804274, 12370.989843022749483 ], [ 30585.097936716261756, 12370.979791100779039 ], [ 30585.095377615209145, 12370.969948202766318 ], [ 30585.091832007845369, 12370.9604161354182 ], [ 30585.087336566968588, 12370.951293490472381 ], [ 30585.081937789658696, 12370.942674624940992 ], [ 30585.075691516358347, 12370.934648685160937 ], [ 30585.068662353296531, 12370.927298684744528 ], [ 30567.099999999998545, 12353.956895351073399 ], [ 30567.099999999998545, 12234.0 ], [ 30567.099552834853966, 12233.990553674138937 ], [ 30567.098215338555747, 12233.981191829630916 ], [ 30567.095999472730909, 12233.971998192288083 ], [ 30567.092925054548687, 12233.963054983592883 ], [ 30567.089019579452724, 12233.954442185369771 ], [ 30567.0843179752992, 12233.946236824482185 ], [ 30567.078862289949029, 12233.938512283957607 ], [ 30567.072701315253653, 12233.931337646703469 ], [ 30550.099999999998545, 12215.960242136432498 ], [ 30550.099999999998545, 11993.0 ], [ 30550.099518472667114, 11992.990198285966471 ], [ 30550.098078528040787, 11992.980490967798687 ], [ 30550.095694033574546, 11992.970971532275144 ], [ 30550.09238795325291, 11992.961731656763732 ], [ 30550.088192126433569, 11992.952860326317023 ], [ 30550.08314696123125, 11992.944442976697246 ], [ 30550.077301045337663, 11992.93656067158372 ], [ 30550.070710678119212, 11992.929289321880788 ], [ 30533.099999999998545, 11975.95857864376012 ], [ 30533.099999999998545, 11941.0 ], [ 30533.099518472667114, 11940.990198285966471 ], [ 30533.098078528040787, 11940.980490967798687 ], [ 30533.095694033574546, 11940.970971532275144 ], [ 30533.09238795325291, 11940.961731656763732 ], [ 30533.088192126433569, 11940.952860326317023 ], [ 30533.08314696123125, 11940.944442976697246 ], [ 30533.077301045337663, 11940.93656067158372 ], [ 30533.070710678119212, 11940.929289321880788 ], [ 30516.099999999998545, 11923.95857864376012 ], [ 30516.099999999998545, 11890.04142135623988 ], [ 30533.070710678119212, 11873.070710678119212 ], [ 30533.077301045337663, 11873.06343932841628 ], [ 30533.08314696123125, 11873.055557023302754 ], [ 30533.088192126433569, 11873.047139673682977 ], [ 30533.09238795325291, 11873.038268343236268 ], [ 30533.095694033574546, 11873.029028467724856 ], [ 30533.098078528040787, 11873.019509032201313 ], [ 30533.099518472667114, 11873.009801714033529 ], [ 30533.099999999998545, 11873.0 ], [ 30533.099999999998545, 11838.0 ], [ 30533.099518472667114, 11837.990198285966471 ], [ 30533.098078528040787, 11837.980490967798687 ], [ 30533.095694033574546, 11837.970971532275144 ], [ 30533.09238795325291, 11837.961731656763732 ], [ 30533.088192126433569, 11837.952860326317023 ], [ 30533.08314696123125, 11837.944442976697246 ], [ 30533.077301045337663, 11837.93656067158372 ], [ 30533.070710678119212, 11837.929289321880788 ], [ 30516.099999999998545, 11820.95857864376012 ], [ 30516.099999999998545, 11735.0 ], [ 30516.099518472667114, 11734.990198285966471 ], [ 30516.098078528040787, 11734.980490967798687 ], [ 30516.095694033574546, 11734.970971532275144 ], [ 30516.09238795325291, 11734.961731656763732 ], [ 30516.088192126433569, 11734.952860326317023 ], [ 30516.08314696123125, 11734.944442976697246 ], [ 30516.077301045337663, 11734.93656067158372 ], [ 30516.070710678119212, 11734.929289321880788 ], [ 30499.099999999998545, 11717.95857864376012 ], [ 30499.099999999998545, 11615.0 ], [ 30499.099518472667114, 11614.990198285966471 ], [ 30499.098078528040787, 11614.980490967798687 ], [ 30499.095694033574546, 11614.970971532275144 ], [ 30499.09238795325291, 11614.961731656763732 ], [ 30499.088192126433569, 11614.952860326317023 ], [ 30499.08314696123125, 11614.944442976697246 ], [ 30499.077301045337663, 11614.93656067158372 ], [ 30499.070710678119212, 11614.929289321880788 ], [ 30482.141421356238425, 11598.0 ], [ 30499.070710678119212, 11581.070710678119212 ], [ 30499.077187668510305, 11581.063577227288988 ], [ 30499.082948067691177, 11581.055853541214674 ], [ 30499.087938397537073, 11581.04761132468775 ], [ 30499.092112329064548, 11581.038927096402404 ], [ 30499.095431112524238, 11581.029881478589232 ], [ 30499.097863937149668, 11581.020558448522934 ], [ 30499.099388217200612, 11581.011044558907088 ], [ 30499.099989801641641, 11581.00142813434104 ], [ 30499.099663105505897, 11580.991798451328577 ], [ 30499.098411161765398, 11580.982244909464498 ], [ 30499.096245593151252, 11580.972856201466129 ], [ 30499.093186504269397, 11580.96371948977685 ], [ 30499.089262294943182, 11580.954919597366825 ], [ 30499.084509396558133, 11580.946538220257935 ], [ 30499.078971933853609, 11580.93865316908159 ], [ 30499.072701315253653, 11580.931337646703469 ], [ 30482.099999999998545, 11562.960242136432498 ], [ 30482.099999999998545, 11460.0 ], [ 30482.099482841804274, 11459.989843022749483 ], [ 30482.097936716261756, 11459.979791100779039 ], [ 30482.095377615209145, 11459.969948202766318 ], [ 30482.091832007845369, 11459.9604161354182 ], [ 30482.087336566968588, 11459.951293490472381 ], [ 30482.081937789658696, 11459.942674624940992 ], [ 30482.075691516358347, 11459.934648685160937 ], [ 30482.068662353296531, 11459.927298684744528 ], [ 30464.145640216509491, 11443.0 ], [ 30482.068662353296531, 11426.072701315255472 ], [ 30482.075299034553609, 11426.06580315642168 ], [ 30482.081245749755908, 11426.058302042389187 ], [ 30482.086448009067681, 11426.050266705964532 ], [ 30482.090858144118101, 11426.041770775042096 ], [ 30482.09443574478064, 11426.032892097950025 ], [ 30482.097148029457458, 11426.023712030128081 ], [ 30482.098970145441854, 11426.014314688654849 ], [ 30482.099885396663012, 11426.004786181500094 ], [ 30482.099885396663012, 11425.995213818499906 ], [ 30482.098970145441854, 11425.985685311345151 ], [ 30482.097148029457458, 11425.976287969871919 ], [ 30482.09443574478064, 11425.967107902049975 ], [ 30482.090858144118101, 11425.958229224957904 ], [ 30482.086448009067681, 11425.949733294035468 ], [ 30482.081245749755908, 11425.941697957610813 ], [ 30482.075299034553609, 11425.93419684357832 ], [ 30482.068662353296531, 11425.927298684744528 ], [ 30464.099999999998545, 11408.956895351073399 ], [ 30464.099999999998545, 11374.0 ], [ 30464.099518472667114, 11373.990198285966471 ], [ 30464.098078528040787, 11373.980490967798687 ], [ 30464.095694033574546, 11373.970971532275144 ], [ 30464.09238795325291, 11373.961731656763732 ], [ 30464.088192126433569, 11373.952860326317023 ], [ 30464.08314696123125, 11373.944442976697246 ], [ 30464.077301045337663, 11373.93656067158372 ], [ 30464.070710678119212, 11373.929289321880788 ], [ 30464.06343932841628, 11373.922698954664156 ], [ 30464.055557023300935, 11373.916853038770569 ], [ 30464.047139673682977, 11373.911807873564612 ], [ 30464.038268343236268, 11373.907612046748909 ], [ 30464.029028467724856, 11373.904305966427273 ], [ 30464.019509032201313, 11373.901921471959213 ], [ 30464.009801714033529, 11373.900481527332886 ], [ 30464.0, 11373.9 ], [ 30447.04142135623988, 11373.9 ], [ 30430.070710678119212, 11356.929289321880788 ], [ 30430.06343932841628, 11356.922698954664156 ], [ 30430.055557023300935, 11356.916853038770569 ], [ 30430.047139673682977, 11356.911807873564612 ], [ 30430.038268343236268, 11356.907612046748909 ], [ 30430.029028467724856, 11356.904305966427273 ], [ 30430.019509032201313, 11356.901921471959213 ], [ 30430.009801714033529, 11356.900481527332886 ], [ 30430.0, 11356.9 ], [ 30413.04142135623988, 11356.9 ], [ 30396.141421356238425, 11340.0 ], [ 30413.04142135623988, 11323.1 ], [ 30430.0, 11323.1 ], [ 30430.009801714033529, 11323.099518472667114 ], [ 30430.019509032201313, 11323.098078528040787 ], [ 30430.029028467724856, 11323.095694033572727 ], [ 30430.038268343236268, 11323.092387953251091 ], [ 30430.047139673682977, 11323.088192126435388 ], [ 30430.055557023300935, 11323.083146961229431 ], [ 30430.06343932841628, 11323.077301045335844 ], [ 30430.070710678119212, 11323.070710678119212 ], [ 30430.077301045337663, 11323.06343932841628 ], [ 30430.08314696123125, 11323.055557023302754 ], [ 30430.088192126433569, 11323.047139673682977 ], [ 30430.09238795325291, 11323.038268343236268 ], [ 30430.095694033574546, 11323.029028467724856 ], [ 30430.098078528040787, 11323.019509032201313 ], [ 30430.099518472667114, 11323.009801714033529 ], [ 30430.099999999998545, 11323.0 ], [ 30430.099999999998545, 11306.04142135623988 ], [ 30447.070710678119212, 11289.070710678119212 ], [ 30447.077301045337663, 11289.06343932841628 ], [ 30447.08314696123125, 11289.055557023302754 ], [ 30447.088192126433569, 11289.047139673682977 ], [ 30447.09238795325291, 11289.038268343236268 ], [ 30447.095694033574546, 11289.029028467724856 ], [ 30447.098078528040787, 11289.019509032201313 ], [ 30447.099518472667114, 11289.009801714033529 ], [ 30447.099999999998545, 11289.0 ], [ 30447.099999999998545, 11220.0 ], [ 30447.099518472667114, 11219.990198285966471 ], [ 30447.098078528040787, 11219.980490967798687 ], [ 30447.095694033574546, 11219.970971532275144 ], [ 30447.09238795325291, 11219.961731656763732 ], [ 30447.088192126433569, 11219.952860326317023 ], [ 30447.08314696123125, 11219.944442976697246 ], [ 30447.077301045337663, 11219.93656067158372 ], [ 30447.070710678119212, 11219.929289321880788 ], [ 30430.139429906761507, 11202.998008550523082 ], [ 30447.072701315253653, 11185.068662353296531 ], [ 30447.078862289949029, 11185.061487716042393 ], [ 30447.0843179752992, 11185.053763175517815 ], [ 30447.089019579452724, 11185.045557814630229 ], [ 30447.092925054548687, 11185.036945016407117 ], [ 30447.095999472730909, 11185.028001807711917 ], [ 30447.098215338555747, 11185.018808170369084 ], [ 30447.099552834853966, 11185.009446325861063 ], [ 30447.099999999998545, 11185.0 ], [ 30447.099999999998545, 11117.0 ], [ 30447.099518472667114, 11116.990198285966471 ], [ 30447.098078528040787, 11116.980490967798687 ], [ 30447.095694033574546, 11116.970971532275144 ], [ 30447.09238795325291, 11116.961731656763732 ], [ 30447.088192126433569, 11116.952860326317023 ], [ 30447.08314696123125, 11116.944442976697246 ], [ 30447.077301045337663, 11116.93656067158372 ], [ 30447.070710678119212, 11116.929289321880788 ], [ 30430.099999999998545, 11099.95857864376012 ], [ 30430.099999999998545, 11048.0 ], [ 30430.099518472667114, 11047.990198285966471 ], [ 30430.098078528040787, 11047.980490967798687 ], [ 30430.095694033574546, 11047.970971532275144 ], [ 30430.09238795325291, 11047.961731656763732 ], [ 30430.088192126433569, 11047.952860326317023 ], [ 30430.08314696123125, 11047.944442976697246 ], [ 30430.077301045337663, 11047.93656067158372 ], [ 30430.070710678119212, 11047.929289321880788 ], [ 30413.099999999998545, 11030.95857864376012 ], [ 30413.099999999998545, 11014.039757863567502 ], [ 30430.072701315253653, 10996.068662353296531 ], [ 30430.078862289949029, 10996.061487716042393 ], [ 30430.0843179752992, 10996.053763175517815 ], [ 30430.089019579452724, 10996.045557814630229 ], [ 30430.092925054548687, 10996.036945016407117 ], [ 30430.095999472730909, 10996.028001807711917 ], [ 30430.098215338555747, 10996.018808170369084 ], [ 30430.099552834853966, 10996.009446325861063 ], [ 30430.099999999998545, 10996.0 ], [ 30430.099999999998545, 10876.0 ], [ 30430.099518472667114, 10875.990198285966471 ], [ 30430.098078528040787, 10875.980490967798687 ], [ 30430.095694033574546, 10875.970971532275144 ], [ 30430.09238795325291, 10875.961731656763732 ], [ 30430.088192126433569, 10875.952860326317023 ], [ 30430.08314696123125, 10875.944442976697246 ], [ 30430.077301045337663, 10875.93656067158372 ], [ 30430.070710678119212, 10875.929289321880788 ], [ 30413.099999999998545, 10858.95857864376012 ], [ 30413.099999999998545, 10807.0 ], [ 30413.099518472667114, 10806.990198285966471 ], [ 30413.098078528040787, 10806.980490967798687 ], [ 30413.095694033574546, 10806.970971532275144 ], [ 30413.09238795325291, 10806.961731656763732 ], [ 30413.088192126433569, 10806.952860326317023 ], [ 30413.08314696123125, 10806.944442976697246 ], [ 30413.077301045337663, 10806.93656067158372 ], [ 30413.070710678119212, 10806.929289321880788 ], [ 30396.141421356238425, 10790.0 ], [ 30413.070710678119212, 10773.070710678119212 ], [ 30413.077301045337663, 10773.06343932841628 ], [ 30413.08314696123125, 10773.055557023302754 ], [ 30413.088192126433569, 10773.047139673682977 ], [ 30413.09238795325291, 10773.038268343236268 ], [ 30413.095694033574546, 10773.029028467724856 ], [ 30413.098078528040787, 10773.019509032201313 ], [ 30413.099518472667114, 10773.009801714033529 ], [ 30413.099999999998545, 10773.0 ], [ 30413.099518472667114, 10772.990198285966471 ], [ 30413.098078528040787, 10772.980490967798687 ], [ 30413.095694033574546, 10772.970971532275144 ], [ 30413.09238795325291, 10772.961731656763732 ], [ 30413.088192126433569, 10772.952860326317023 ], [ 30413.08314696123125, 10772.944442976697246 ], [ 30413.077301045337663, 10772.93656067158372 ], [ 30413.070710678119212, 10772.929289321880788 ], [ 30396.099999999998545, 10755.95857864376012 ], [ 30396.099999999998545, 10636.0 ], [ 30396.099518472667114, 10635.990198285966471 ], [ 30396.098078528040787, 10635.980490967798687 ], [ 30396.095694033574546, 10635.970971532275144 ], [ 30396.09238795325291, 10635.961731656763732 ], [ 30396.088192126433569, 10635.952860326317023 ], [ 30396.08314696123125, 10635.944442976697246 ], [ 30396.077301045337663, 10635.93656067158372 ], [ 30396.070710678119212, 10635.929289321880788 ], [ 30378.099999999998545, 10617.95857864376012 ], [ 30378.099999999998545, 10481.0 ], [ 30378.099518472667114, 10480.990198285966471 ], [ 30378.098078528040787, 10480.980490967798687 ], [ 30378.095694033574546, 10480.970971532275144 ], [ 30378.09238795325291, 10480.961731656763732 ], [ 30378.088192126433569, 10480.952860326317023 ], [ 30378.08314696123125, 10480.944442976697246 ], [ 30378.077301045337663, 10480.93656067158372 ], [ 30378.070710678119212, 10480.929289321880788 ], [ 30361.099999999998545, 10463.95857864376012 ], [ 30361.099999999998545, 10412.04142135623988 ], [ 30378.070710678119212, 10395.070710678119212 ], [ 30378.077301045337663, 10395.06343932841628 ], [ 30378.08314696123125, 10395.055557023302754 ], [ 30378.088192126433569, 10395.047139673682977 ], [ 30378.09238795325291, 10395.038268343236268 ], [ 30378.095694033574546, 10395.029028467724856 ], [ 30378.098078528040787, 10395.019509032201313 ], [ 30378.099518472667114, 10395.009801714033529 ], [ 30378.099999999998545, 10395.0 ], [ 30378.099518472667114, 10394.990198285966471 ], [ 30378.098078528040787, 10394.980490967798687 ], [ 30378.095694033574546, 10394.970971532275144 ], [ 30378.09238795325291, 10394.961731656763732 ], [ 30378.088192126433569, 10394.952860326317023 ], [ 30378.08314696123125, 10394.944442976697246 ], [ 30378.077301045337663, 10394.93656067158372 ], [ 30378.070710678119212, 10394.929289321880788 ], [ 30361.099999999998545, 10377.95857864376012 ], [ 30361.099999999998545, 10326.0 ], [ 30361.099518472667114, 10325.990198285966471 ], [ 30361.098078528040787, 10325.980490967798687 ], [ 30361.095694033574546, 10325.970971532275144 ], [ 30361.09238795325291, 10325.961731656763732 ], [ 30361.088192126433569, 10325.952860326317023 ], [ 30361.08314696123125, 10325.944442976697246 ], [ 30361.077301045337663, 10325.93656067158372 ], [ 30361.070710678119212, 10325.929289321880788 ], [ 30344.099999999998545, 10308.95857864376012 ], [ 30344.099999999998545, 10189.0 ], [ 30344.099518472667114, 10188.990198285966471 ], [ 30344.098078528040787, 10188.980490967798687 ], [ 30344.095694033574546, 10188.970971532275144 ], [ 30344.09238795325291, 10188.961731656763732 ], [ 30344.088192126433569, 10188.952860326317023 ], [ 30344.08314696123125, 10188.944442976697246 ], [ 30344.077301045337663, 10188.93656067158372 ], [ 30344.070710678119212, 10188.929289321880788 ], [ 30327.099999999998545, 10171.95857864376012 ], [ 30327.099999999998545, 10000.0 ], [ 30327.099518472667114, 9999.990198285966471 ], [ 30327.098078528040787, 9999.980490967798687 ], [ 30327.095694033574546, 9999.970971532275144 ], [ 30327.09238795325291, 9999.961731656763732 ], [ 30327.088192126433569, 9999.952860326317023 ], [ 30327.08314696123125, 9999.944442976697246 ], [ 30327.077301045337663, 9999.93656067158372 ], [ 30327.070710678119212, 9999.929289321880788 ], [ 30310.099999999998545, 9982.95857864376012 ], [ 30310.099999999998545, 9965.04142135623988 ], [ 30327.070710678119212, 9948.070710678119212 ], [ 30327.077301045337663, 9948.06343932841628 ], [ 30327.08314696123125, 9948.055557023302754 ], [ 30327.088192126433569, 9948.047139673682977 ], [ 30327.09238795325291, 9948.038268343236268 ], [ 30327.095694033574546, 9948.029028467724856 ], [ 30327.098078528040787, 9948.019509032201313 ], [ 30327.099518472667114, 9948.009801714033529 ], [ 30327.099999999998545, 9948.0 ], [ 30327.099518472667114, 9947.990198285966471 ], [ 30327.098078528040787, 9947.980490967798687 ], [ 30327.095694033574546, 9947.970971532275144 ], [ 30327.09238795325291, 9947.961731656763732 ], [ 30327.088192126433569, 9947.952860326317023 ], [ 30327.08314696123125, 9947.944442976697246 ], [ 30327.077301045337663, 9947.93656067158372 ], [ 30327.070710678119212, 9947.929289321880788 ], [ 30310.099999999998545, 9930.95857864376012 ], [ 30310.099999999998545, 9794.0 ], [ 30310.099552834853966, 9793.990553674138937 ], [ 30310.098215338555747, 9793.981191829630916 ], [ 30310.095999472730909, 9793.971998192288083 ], [ 30310.092925054548687, 9793.963054983592883 ], [ 30310.089019579452724, 9793.954442185369771 ], [ 30310.0843179752992, 9793.946236824482185 ], [ 30310.078862289949029, 9793.938512283957607 ], [ 30310.072701315253653, 9793.931337646703469 ], [ 30293.139429906761507, 9776.001991449476918 ], [ 30310.070710678119212, 9759.070710678119212 ], [ 30310.077301045337663, 9759.06343932841628 ], [ 30310.08314696123125, 9759.055557023302754 ], [ 30310.088192126433569, 9759.047139673682977 ], [ 30310.09238795325291, 9759.038268343236268 ], [ 30310.095694033574546, 9759.029028467724856 ], [ 30310.098078528040787, 9759.019509032201313 ], [ 30310.099518472667114, 9759.009801714033529 ], [ 30310.099999999998545, 9759.0 ], [ 30310.099518472667114, 9758.990198285966471 ], [ 30310.098078528040787, 9758.980490967798687 ], [ 30310.095694033574546, 9758.970971532275144 ], [ 30310.09238795325291, 9758.961731656763732 ], [ 30310.088192126433569, 9758.952860326317023 ], [ 30310.08314696123125, 9758.944442976697246 ], [ 30310.077301045337663, 9758.93656067158372 ], [ 30310.070710678119212, 9758.929289321880788 ], [ 30293.099999999998545, 9741.95857864376012 ], [ 30293.099999999998545, 9708.0 ], [ 30293.099482841804274, 9707.989843022749483 ], [ 30293.097936716261756, 9707.979791100779039 ], [ 30293.095377615209145, 9707.969948202766318 ], [ 30293.091832007845369, 9707.9604161354182 ], [ 30293.087336566968588, 9707.951293490472381 ], [ 30293.081937789658696, 9707.942674624940992 ], [ 30293.075691516358347, 9707.934648685160937 ], [ 30293.068662353296531, 9707.927298684744528 ], [ 30275.099999999998545, 9690.956895351073399 ], [ 30275.099999999998545, 9656.0 ], [ 30275.099518472667114, 9655.990198285966471 ], [ 30275.098078528040787, 9655.980490967798687 ], [ 30275.095694033574546, 9655.970971532275144 ], [ 30275.09238795325291, 9655.961731656763732 ], [ 30275.088192126433569, 9655.952860326317023 ], [ 30275.08314696123125, 9655.944442976697246 ], [ 30275.077301045337663, 9655.93656067158372 ], [ 30275.070710678119212, 9655.929289321880788 ], [ 30258.141421356238425, 9639.0 ], [ 30275.070710678119212, 9622.070710678119212 ], [ 30275.077301045337663, 9622.06343932841628 ], [ 30275.08314696123125, 9622.055557023302754 ], [ 30275.088192126433569, 9622.047139673682977 ], [ 30275.09238795325291, 9622.038268343236268 ], [ 30275.095694033574546, 9622.029028467724856 ], [ 30275.098078528040787, 9622.019509032201313 ], [ 30275.099518472667114, 9622.009801714033529 ], [ 30275.099999999998545, 9622.0 ], [ 30275.099999999998545, 9605.0 ], [ 30275.099552834853966, 9604.990553674138937 ], [ 30275.098215338555747, 9604.981191829630916 ], [ 30275.095999472730909, 9604.971998192288083 ], [ 30275.092925054548687, 9604.963054983592883 ], [ 30275.089019579452724, 9604.954442185369771 ], [ 30275.0843179752992, 9604.946236824482185 ], [ 30275.078862289949029, 9604.938512283957607 ], [ 30275.072701315253653, 9604.931337646703469 ], [ 30258.099999999998545, 9586.960242136432498 ], [ 30258.099999999998545, 9570.04142135623988 ], [ 30275.070710678119212, 9553.070710678119212 ], [ 30275.077301045337663, 9553.06343932841628 ], [ 30275.08314696123125, 9553.055557023302754 ], [ 30275.088192126433569, 9553.047139673682977 ], [ 30275.09238795325291, 9553.038268343236268 ], [ 30275.095694033574546, 9553.029028467724856 ], [ 30275.098078528040787, 9553.019509032201313 ], [ 30275.099518472667114, 9553.009801714033529 ], [ 30275.099999999998545, 9553.0 ], [ 30275.099518472667114, 9552.990198285966471 ], [ 30275.098078528040787, 9552.980490967798687 ], [ 30275.095694033574546, 9552.970971532275144 ], [ 30275.09238795325291, 9552.961731656763732 ], [ 30275.088192126433569, 9552.952860326317023 ], [ 30275.08314696123125, 9552.944442976697246 ], [ 30275.077301045337663, 9552.93656067158372 ], [ 30275.070710678119212, 9552.929289321880788 ], [ 30258.099999999998545, 9535.95857864376012 ], [ 30258.099999999998545, 9484.0 ], [ 30258.099518472667114, 9483.990198285966471 ], [ 30258.098078528040787, 9483.980490967798687 ], [ 30258.095694033574546, 9483.970971532275144 ], [ 30258.09238795325291, 9483.961731656763732 ], [ 30258.088192126433569, 9483.952860326317023 ], [ 30258.08314696123125, 9483.944442976697246 ], [ 30258.077301045337663, 9483.93656067158372 ], [ 30258.070710678119212, 9483.929289321880788 ], [ 30241.141421356238425, 9467.0 ], [ 30258.070710678119212, 9450.070710678119212 ], [ 30258.077301045337663, 9450.06343932841628 ], [ 30258.08314696123125, 9450.055557023302754 ], [ 30258.088192126433569, 9450.047139673682977 ], [ 30258.09238795325291, 9450.038268343236268 ], [ 30258.095694033574546, 9450.029028467724856 ], [ 30258.098078528040787, 9450.019509032201313 ], [ 30258.099518472667114, 9450.009801714033529 ], [ 30258.099999999998545, 9450.0 ], [ 30258.099518472667114, 9449.990198285966471 ], [ 30258.098078528040787, 9449.980490967798687 ], [ 30258.095694033574546, 9449.970971532275144 ], [ 30258.09238795325291, 9449.961731656763732 ], [ 30258.088192126433569, 9449.952860326317023 ], [ 30258.08314696123125, 9449.944442976697246 ], [ 30258.077301045337663, 9449.93656067158372 ], [ 30258.070710678119212, 9449.929289321880788 ], [ 30241.099999999998545, 9432.95857864376012 ], [ 30241.099999999998545, 9398.0 ], [ 30241.099518472667114, 9397.990198285966471 ], [ 30241.098078528040787, 9397.980490967798687 ], [ 30241.095694033574546, 9397.970971532275144 ], [ 30241.09238795325291, 9397.961731656763732 ], [ 30241.088192126433569, 9397.952860326317023 ], [ 30241.08314696123125, 9397.944442976697246 ], [ 30241.077301045337663, 9397.93656067158372 ], [ 30241.070710678119212, 9397.929289321880788 ], [ 30224.141421356238425, 9381.0 ], [ 30241.070710678119212, 9364.070710678119212 ], [ 30241.077301045337663, 9364.06343932841628 ], [ 30241.08314696123125, 9364.055557023302754 ], [ 30241.088192126433569, 9364.047139673682977 ], [ 30241.09238795325291, 9364.038268343236268 ], [ 30241.095694033574546, 9364.029028467724856 ], [ 30241.098078528040787, 9364.019509032201313 ], [ 30241.099518472667114, 9364.009801714033529 ], [ 30241.099999999998545, 9364.0 ], [ 30241.099518472667114, 9363.990198285966471 ], [ 30241.098078528040787, 9363.980490967798687 ], [ 30241.095694033574546, 9363.970971532275144 ], [ 30241.09238795325291, 9363.961731656763732 ], [ 30241.088192126433569, 9363.952860326317023 ], [ 30241.08314696123125, 9363.944442976697246 ], [ 30241.077301045337663, 9363.93656067158372 ], [ 30241.070710678119212, 9363.929289321880788 ], [ 30241.06343932841628, 9363.922698954664156 ], [ 30241.055557023300935, 9363.916853038770569 ], [ 30241.047139673682977, 9363.911807873564612 ], [ 30241.038268343236268, 9363.907612046748909 ], [ 30241.029028467724856, 9363.904305966427273 ], [ 30241.019509032201313, 9363.901921471959213 ], [ 30241.009801714033529, 9363.900481527332886 ], [ 30241.0, 9363.899999999999636 ], [ 30189.04142135623988, 9363.899999999999636 ], [ 30172.099999999998545, 9346.95857864376012 ], [ 30172.099999999998545, 8574.0 ], [ 30172.099552834853966, 8573.990553674138937 ], [ 30172.098215338555747, 8573.981191829630916 ], [ 30172.095999472730909, 8573.971998192288083 ], [ 30172.092925054548687, 8573.963054983592883 ], [ 30172.089019579452724, 8573.954442185369771 ], [ 30172.0843179752992, 8573.946236824482185 ], [ 30172.078862289949029, 8573.938512283957607 ], [ 30172.072701315253653, 8573.931337646703469 ], [ 30155.099999999998545, 8555.960242136432498 ], [ 30155.099999999998545, 8436.0 ], [ 30155.099518472667114, 8435.990198285966471 ], [ 30155.098078528040787, 8435.980490967798687 ], [ 30155.095694033574546, 8435.970971532275144 ], [ 30155.09238795325291, 8435.961731656763732 ], [ 30155.088192126433569, 8435.952860326317023 ], [ 30155.08314696123125, 8435.944442976697246 ], [ 30155.077301045337663, 8435.93656067158372 ], [ 30155.070710678119212, 8435.929289321880788 ], [ 30138.099999999998545, 8418.95857864376012 ], [ 30138.099999999998545, 8264.0 ], [ 30138.099518472667114, 8263.990198285966471 ], [ 30138.098078528040787, 8263.980490967798687 ], [ 30138.095694033574546, 8263.970971532275144 ], [ 30138.09238795325291, 8263.961731656763732 ], [ 30138.088192126433569, 8263.952860326317023 ], [ 30138.08314696123125, 8263.944442976697246 ], [ 30138.077301045337663, 8263.93656067158372 ], [ 30138.070710678119212, 8263.929289321880788 ], [ 30121.099999999998545, 8246.95857864376012 ], [ 30121.099999999998545, 8144.0 ], [ 30121.099518472667114, 8143.990198285967381 ], [ 30121.098078528040787, 8143.980490967798687 ], [ 30121.095694033574546, 8143.970971532275144 ], [ 30121.09238795325291, 8143.961731656763732 ], [ 30121.088192126433569, 8143.952860326317932 ], [ 30121.08314696123125, 8143.944442976698156 ], [ 30121.077301045337663, 8143.93656067158372 ], [ 30121.070710678119212, 8143.929289321881697 ], [ 30104.099999999998545, 8126.95857864376103 ], [ 30104.099999999998545, 7989.0 ], [ 30104.099482841804274, 7988.989843022748573 ], [ 30104.097936716261756, 7988.979791100778129 ], [ 30104.095377615209145, 7988.969948202765408 ], [ 30104.091832007845369, 7988.960416135419109 ], [ 30104.087336566968588, 7988.95129349047329 ], [ 30104.081937789658696, 7988.942674624940992 ], [ 30104.075691516358347, 7988.934648685160937 ], [ 30104.068662353296531, 7988.927298684745438 ], [ 30086.099999999998545, 7971.956895351075218 ], [ 30086.099999999998545, 7869.0 ], [ 30086.099518472667114, 7868.990198285967381 ], [ 30086.098078528040787, 7868.980490967798687 ], [ 30086.095694033574546, 7868.970971532275144 ], [ 30086.09238795325291, 7868.961731656763732 ], [ 30086.088192126433569, 7868.952860326317932 ], [ 30086.08314696123125, 7868.944442976698156 ], [ 30086.077301045337663, 7868.93656067158372 ], [ 30086.070710678119212, 7868.929289321881697 ], [ 30069.099999999998545, 7851.95857864376103 ], [ 30069.099999999998545, 7749.0 ], [ 30069.099518472667114, 7748.990198285967381 ], [ 30069.098078528040787, 7748.980490967798687 ], [ 30069.095694033574546, 7748.970971532275144 ], [ 30069.09238795325291, 7748.961731656763732 ], [ 30069.088192126433569, 7748.952860326317932 ], [ 30069.08314696123125, 7748.944442976698156 ], [ 30069.077301045337663, 7748.93656067158372 ], [ 30069.070710678119212, 7748.929289321881697 ], [ 30052.099999999998545, 7731.95857864376103 ], [ 30052.099999999998545, 7594.0 ], [ 30052.099518472667114, 7593.990198285967381 ], [ 30052.098078528040787, 7593.980490967798687 ], [ 30052.095694033574546, 7593.970971532275144 ], [ 30052.09238795325291, 7593.961731656763732 ], [ 30052.088192126433569, 7593.952860326317932 ], [ 30052.08314696123125, 7593.944442976698156 ], [ 30052.077301045337663, 7593.93656067158372 ], [ 30052.070710678119212, 7593.929289321881697 ], [ 30035.099999999998545, 7576.95857864376103 ], [ 30035.099999999998545, 7371.0 ], [ 30035.099518472667114, 7370.990198285967381 ], [ 30035.098078528040787, 7370.980490967798687 ], [ 30035.095694033574546, 7370.970971532275144 ], [ 30035.09238795325291, 7370.961731656763732 ], [ 30035.088192126433569, 7370.952860326317932 ], [ 30035.08314696123125, 7370.944442976698156 ], [ 30035.077301045337663, 7370.93656067158372 ], [ 30035.070710678119212, 7370.929289321881697 ], [ 30018.099999999998545, 7353.95857864376103 ], [ 30018.099999999998545, 7319.04142135623897 ], [ 30035.070710678119212, 7302.070710678118303 ], [ 30035.077301045337663, 7302.06343932841628 ], [ 30035.08314696123125, 7302.055557023301844 ], [ 30035.088192126433569, 7302.047139673682068 ], [ 30035.09238795325291, 7302.038268343236268 ], [ 30035.095694033574546, 7302.029028467724856 ], [ 30035.098078528040787, 7302.019509032201313 ], [ 30035.099518472667114, 7302.009801714032619 ], [ 30035.099999999998545, 7302.0 ], [ 30035.099999999998545, 7182.0 ], [ 30035.099518472667114, 7181.990198285967381 ], [ 30035.098078528040787, 7181.980490967798687 ], [ 30035.095694033574546, 7181.970971532275144 ], [ 30035.09238795325291, 7181.961731656763732 ], [ 30035.088192126433569, 7181.952860326317932 ], [ 30035.08314696123125, 7181.944442976698156 ], [ 30035.077301045337663, 7181.93656067158372 ], [ 30035.070710678119212, 7181.929289321881697 ], [ 30018.099999999998545, 7164.95857864376103 ], [ 30018.099999999998545, 7079.0 ], [ 30018.099482841804274, 7078.989843022748573 ], [ 30018.097936716261756, 7078.979791100778129 ], [ 30018.095377615209145, 7078.969948202765408 ], [ 30018.091832007845369, 7078.960416135419109 ], [ 30018.087336566968588, 7078.95129349047329 ], [ 30018.081937789658696, 7078.942674624940992 ], [ 30018.075691516358347, 7078.934648685160937 ], [ 30018.068662353296531, 7078.927298684745438 ], [ 30000.143470516941306, 7061.997950839297118 ], [ 30018.070710678119212, 7044.070710678118303 ], [ 30018.077414175801096, 7044.063301227359261 ], [ 30018.083344794798904, 7044.055259797139115 ], [ 30018.088443325690605, 7044.046666670556078 ], [ 30018.092658866349666, 7044.037607638673762 ], [ 30018.095949330152507, 7044.028173144004541 ], [ 30018.098281866146863, 7044.018457377562299 ], [ 30018.099633187030122, 7044.008557338493119 ], [ 30018.099989801641641, 7043.99857186565896 ], [ 30018.099348149651632, 7043.988600650866829 ], [ 30018.097714637115132, 7043.978743243575991 ], [ 30018.095105572498142, 7043.969098057027622 ], [ 30018.091547003885353, 7043.959761385718593 ], [ 30018.087074458901043, 7043.950826444025552 ], [ 30018.081732590017054, 7043.942382435585387 ], [ 30018.075574728769425, 7043.934513662710742 ], [ 30018.068662353296531, 7043.927298684745438 ], [ 30000.099999999998545, 7026.956895351075218 ], [ 30000.099999999998545, 7010.043104648924782 ], [ 30018.068662353296531, 6993.072701315254562 ], [ 30018.075691516358347, 6993.065351314839063 ], [ 30018.081937789658696, 6993.057325375059008 ], [ 30018.087336566968588, 6993.04870650952671 ], [ 30018.091832007845369, 6993.039583864580891 ], [ 30018.095377615209145, 6993.030051797234592 ], [ 30018.097936716261756, 6993.020208899221871 ], [ 30018.099482841804274, 6993.010156977251427 ], [ 30018.099999999998545, 6993.0 ], [ 30018.099999999998545, 6976.0 ], [ 30018.099518472667114, 6975.990198285967381 ], [ 30018.098078528040787, 6975.980490967798687 ], [ 30018.095694033574546, 6975.970971532275144 ], [ 30018.09238795325291, 6975.961731656763732 ], [ 30018.088192126433569, 6975.952860326317932 ], [ 30018.08314696123125, 6975.944442976698156 ], [ 30018.077301045337663, 6975.93656067158372 ], [ 30018.070710678119212, 6975.929289321881697 ], [ 30000.099999999998545, 6957.95857864376103 ], [ 30000.099999999998545, 6855.0 ], [ 30000.099518472667114, 6854.990198285967381 ], [ 30000.098078528040787, 6854.980490967798687 ], [ 30000.095694033574546, 6854.970971532275144 ], [ 30000.09238795325291, 6854.961731656763732 ], [ 30000.088192126433569, 6854.952860326317932 ], [ 30000.08314696123125, 6854.944442976698156 ], [ 30000.077301045337663, 6854.93656067158372 ], [ 30000.070710678119212, 6854.929289321881697 ], [ 29983.099999999998545, 6837.95857864376103 ], [ 29983.099999999998545, 6426.0 ], [ 29983.099518472667114, 6425.990198285967381 ], [ 29983.098078528040787, 6425.980490967798687 ], [ 29983.095694033574546, 6425.970971532275144 ], [ 29983.09238795325291, 6425.961731656763732 ], [ 29983.088192126433569, 6425.952860326317932 ], [ 29983.08314696123125, 6425.944442976698156 ], [ 29983.077301045337663, 6425.93656067158372 ], [ 29983.070710678119212, 6425.929289321881697 ], [ 29966.099999999998545, 6408.95857864376103 ], [ 29966.099999999998545, 6031.0 ], [ 29966.099552834853966, 6030.990553674138937 ], [ 29966.098215338555747, 6030.981191829631825 ], [ 29966.095999472730909, 6030.971998192288083 ], [ 29966.092925054548687, 6030.963054983593793 ], [ 29966.089019579452724, 6030.954442185370681 ], [ 29966.0843179752992, 6030.946236824483094 ], [ 29966.078862289949029, 6030.938512283958516 ], [ 29966.072701315253653, 6030.931337646703469 ], [ 29949.099999999998545, 6012.960242136433408 ], [ 29949.099999999998545, 5687.0 ], [ 29949.099518472667114, 5686.990198285967381 ], [ 29949.098078528040787, 5686.980490967798687 ], [ 29949.095694033574546, 5686.970971532275144 ], [ 29949.09238795325291, 5686.961731656763732 ], [ 29949.088192126433569, 5686.952860326317932 ], [ 29949.08314696123125, 5686.944442976698156 ], [ 29949.077301045337663, 5686.93656067158372 ], [ 29949.070710678119212, 5686.929289321881697 ], [ 29932.099999999998545, 5669.95857864376103 ], [ 29932.099999999998545, 5429.0 ], [ 29932.099518472667114, 5428.990198285967381 ], [ 29932.098078528040787, 5428.980490967798687 ], [ 29932.095694033574546, 5428.970971532275144 ], [ 29932.09238795325291, 5428.961731656763732 ], [ 29932.088192126433569, 5428.952860326317932 ], [ 29932.08314696123125, 5428.944442976698156 ], [ 29932.077301045337663, 5428.93656067158372 ], [ 29932.070710678119212, 5428.929289321881697 ], [ 29915.099999999998545, 5411.95857864376103 ], [ 29915.099999999998545, 5275.039757863566592 ], [ 29932.072701315253653, 5257.068662353296531 ], [ 29932.078971933853609, 5257.0613468309175 ], [ 29932.084509396558133, 5257.053461779742065 ], [ 29932.089262294943182, 5257.045080402633175 ], [ 29932.093186504269397, 5257.036280510222241 ], [ 29932.096245593151252, 5257.027143798532961 ], [ 29932.098411161765398, 5257.017755090536411 ], [ 29932.099663105505897, 5257.008201548672332 ], [ 29932.099989801641641, 5256.998571865659869 ], [ 29932.099388217200612, 5256.988955441092912 ], [ 29932.097863937149668, 5256.979441551477976 ], [ 29932.095431112524238, 5256.970118521411678 ], [ 29932.092112329064548, 5256.961072903597596 ], [ 29932.087938397537073, 5256.952388675314069 ], [ 29932.082948067691177, 5256.944146458785326 ], [ 29932.077187668510305, 5256.936422772711012 ], [ 29932.070710678119212, 5256.929289321881697 ], [ 29915.099999999998545, 5239.95857864376103 ], [ 29915.099999999998545, 5000.0 ], [ 29915.099518472667114, 4999.990198285967381 ], [ 29915.098078528040787, 4999.980490967798687 ], [ 29915.095694033574546, 4999.970971532275144 ], [ 29915.09238795325291, 4999.961731656763732 ], [ 29915.088192126433569, 4999.952860326317932 ], [ 29915.08314696123125, 4999.944442976698156 ], [ 29915.077301045337663, 4999.93656067158372 ], [ 29915.070710678119212, 4999.929289321881697 ], [ 29897.099999999998545, 4981.95857864376103 ], [ 29897.099999999998545, 4965.043104648924782 ], [ 29915.068662353296531, 4948.072701315254562 ], [ 29915.075299034553609, 4948.06580315642168 ], [ 29915.081245749755908, 4948.058302042389187 ], [ 29915.086448009067681, 4948.050266705964532 ], [ 29915.090858144118101, 4948.041770775042096 ], [ 29915.09443574478064, 4948.032892097950935 ], [ 29915.097148029457458, 4948.023712030127172 ], [ 29915.098970145441854, 4948.014314688654849 ], [ 29915.099885396663012, 4948.004786181500094 ], [ 29915.099885396663012, 4947.995213818499906 ], [ 29915.098970145441854, 4947.985685311345151 ], [ 29915.097148029457458, 4947.976287969872828 ], [ 29915.09443574478064, 4947.967107902049065 ], [ 29915.090858144118101, 4947.958229224957904 ], [ 29915.086448009067681, 4947.949733294035468 ], [ 29915.081245749755908, 4947.941697957610813 ], [ 29915.075299034553609, 4947.93419684357832 ], [ 29915.068662353296531, 4947.927298684745438 ], [ 29897.099999999998545, 4930.956895351075218 ], [ 29897.099999999998545, 4897.04142135623897 ], [ 29915.070710678119212, 4879.070710678118303 ], [ 29915.077301045337663, 4879.06343932841628 ], [ 29915.08314696123125, 4879.055557023301844 ], [ 29915.088192126433569, 4879.047139673682068 ], [ 29915.09238795325291, 4879.038268343236268 ], [ 29915.095694033574546, 4879.029028467724856 ], [ 29915.098078528040787, 4879.019509032201313 ], [ 29915.099518472667114, 4879.009801714032619 ], [ 29915.099999999998545, 4879.0 ], [ 29915.099999999998545, 4862.0 ], [ 29915.099482841804274, 4861.989843022748573 ], [ 29915.097936716261756, 4861.979791100778129 ], [ 29915.095377615209145, 4861.969948202765408 ], [ 29915.091832007845369, 4861.960416135419109 ], [ 29915.087336566968588, 4861.95129349047329 ], [ 29915.081937789658696, 4861.942674624940992 ], [ 29915.075691516358347, 4861.934648685160937 ], [ 29915.068662353296531, 4861.927298684745438 ], [ 29897.099999999998545, 4844.956895351075218 ], [ 29897.099999999998545, 4828.043104648924782 ], [ 29915.068662353296531, 4811.072701315254562 ], [ 29915.075574728769425, 4811.065486337289258 ], [ 29915.081732590017054, 4811.057617564414613 ], [ 29915.087074458901043, 4811.049173555974448 ], [ 29915.091547003885353, 4811.040238614281407 ], [ 29915.095105572498142, 4811.030901942972378 ], [ 29915.097714637115132, 4811.021256756424009 ], [ 29915.099348149651632, 4811.011399349133171 ], [ 29915.099989801641641, 4811.00142813434104 ], [ 29915.099633187030122, 4810.991442661506881 ], [ 29915.098281866146863, 4810.981542622437701 ], [ 29915.095949330152507, 4810.971826855995459 ], [ 29915.092658866349666, 4810.962392361326238 ], [ 29915.088443325690605, 4810.953333329443922 ], [ 29915.083344794798904, 4810.944740202860885 ], [ 29915.077414175801096, 4810.936698772640739 ], [ 29915.070710678119212, 4810.929289321881697 ], [ 29897.099999999998545, 4792.95857864376103 ], [ 29897.099999999998545, 4725.043104648924782 ], [ 29915.068662353296531, 4708.072701315254562 ], [ 29915.075574728769425, 4708.065486337289258 ], [ 29915.081732590017054, 4708.057617564414613 ], [ 29915.087074458901043, 4708.049173555974448 ], [ 29915.091547003885353, 4708.040238614281407 ], [ 29915.095105572498142, 4708.030901942972378 ], [ 29915.097714637115132, 4708.021256756424009 ], [ 29915.099348149651632, 4708.011399349133171 ], [ 29915.099989801641641, 4708.00142813434104 ], [ 29915.099633187030122, 4707.991442661506881 ], [ 29915.098281866146863, 4707.981542622437701 ], [ 29915.095949330152507, 4707.971826855995459 ], [ 29915.092658866349666, 4707.962392361326238 ], [ 29915.088443325690605, 4707.953333329443922 ], [ 29915.083344794798904, 4707.944740202860885 ], [ 29915.077414175801096, 4707.936698772640739 ], [ 29915.070710678119212, 4707.929289321881697 ], [ 29897.099999999998545, 4689.95857864376103 ], [ 29897.099999999998545, 4673.043104648924782 ], [ 29915.068662353296531, 4656.072701315254562 ], [ 29915.075691516358347, 4656.065351314839063 ], [ 29915.081937789658696, 4656.057325375059008 ], [ 29915.087336566968588, 4656.04870650952671 ], [ 29915.091832007845369, 4656.039583864580891 ], [ 29915.095377615209145, 4656.030051797234592 ], [ 29915.097936716261756, 4656.020208899221871 ], [ 29915.099482841804274, 4656.010156977251427 ], [ 29915.099999999998545, 4656.0 ], [ 29915.099999999998545, 4330.039757863566592 ], [ 29932.072701315253653, 4312.068662353296531 ], [ 29932.078862289949029, 4312.061487716041484 ], [ 29932.0843179752992, 4312.053763175516906 ], [ 29932.089019579452724, 4312.045557814629319 ], [ 29932.092925054548687, 4312.036945016406207 ], [ 29932.095999472730909, 4312.028001807711917 ], [ 29932.098215338555747, 4312.018808170368175 ], [ 29932.099552834853966, 4312.009446325861063 ], [ 29932.099999999998545, 4312.0 ], [ 29932.099999999998545, 3677.039757863566592 ], [ 29949.072701315253653, 3659.068662353296531 ], [ 29949.078862289949029, 3659.061487716041484 ], [ 29949.0843179752992, 3659.053763175517361 ], [ 29949.089019579452724, 3659.045557814629774 ], [ 29949.092925054548687, 3659.036945016406662 ], [ 29949.095999472730909, 3659.028001807711462 ], [ 29949.098215338555747, 3659.018808170368629 ], [ 29949.099552834853966, 3659.009446325861063 ], [ 29949.099999999998545, 3659.0 ], [ 29949.099999999998545, 3539.041421356239425 ], [ 29966.070710678119212, 3522.070710678118758 ], [ 29966.077301045337663, 3522.06343932841628 ], [ 29966.08314696123125, 3522.055557023301844 ], [ 29966.088192126433569, 3522.047139673682523 ], [ 29966.09238795325291, 3522.038268343236268 ], [ 29966.095694033574546, 3522.029028467725311 ], [ 29966.098078528040787, 3522.019509032201313 ], [ 29966.099518472667114, 3522.009801714033074 ], [ 29966.099999999998545, 3522.0 ], [ 29966.099999999998545, 3281.041421356239425 ], [ 29983.070710678119212, 3264.070710678118758 ], [ 29983.077301045337663, 3264.06343932841628 ], [ 29983.08314696123125, 3264.055557023301844 ], [ 29983.088192126433569, 3264.047139673682523 ], [ 29983.09238795325291, 3264.038268343236268 ], [ 29983.095694033574546, 3264.029028467725311 ], [ 29983.098078528040787, 3264.019509032201313 ], [ 29983.099518472667114, 3264.009801714033074 ], [ 29983.099999999998545, 3264.0 ], [ 29983.099999999998545, 3144.041421356239425 ], [ 30000.070710678119212, 3127.070710678118758 ], [ 30000.077301045337663, 3127.06343932841628 ], [ 30000.08314696123125, 3127.055557023301844 ], [ 30000.088192126433569, 3127.047139673682523 ], [ 30000.09238795325291, 3127.038268343236268 ], [ 30000.095694033574546, 3127.029028467725311 ], [ 30000.098078528040787, 3127.019509032201313 ], [ 30000.099518472667114, 3127.009801714033074 ], [ 30000.099999999998545, 3127.0 ], [ 30000.099999999998545, 3006.043104648925237 ], [ 30018.068662353296531, 2989.072701315255017 ], [ 30018.075691516358347, 2989.065351314839063 ], [ 30018.081937789658696, 2989.057325375059008 ], [ 30018.087336566968588, 2989.04870650952671 ], [ 30018.091832007845369, 2989.039583864581346 ], [ 30018.095377615209145, 2989.030051797234137 ], [ 30018.097936716261756, 2989.020208899221871 ], [ 30018.099482841804274, 2989.010156977251427 ], [ 30018.099999999998545, 2989.0 ], [ 30018.099999999998545, 2852.041421356239425 ], [ 30035.070710678119212, 2835.070710678118758 ], [ 30035.077301045337663, 2835.06343932841628 ], [ 30035.08314696123125, 2835.055557023301844 ], [ 30035.088192126433569, 2835.047139673682523 ], [ 30035.09238795325291, 2835.038268343236268 ], [ 30035.095694033574546, 2835.029028467725311 ], [ 30035.098078528040787, 2835.019509032201313 ], [ 30035.099518472667114, 2835.009801714033074 ], [ 30035.099999999998545, 2835.0 ], [ 30035.099999999998545, 2766.041421356239425 ], [ 30052.070710678119212, 2749.070710678118758 ], [ 30052.077301045337663, 2749.06343932841628 ], [ 30052.08314696123125, 2749.055557023301844 ], [ 30052.088192126433569, 2749.047139673682523 ], [ 30052.09238795325291, 2749.038268343236268 ], [ 30052.095694033574546, 2749.029028467725311 ], [ 30052.098078528040787, 2749.019509032201313 ], [ 30052.099518472667114, 2749.009801714033074 ], [ 30052.099999999998545, 2749.0 ], [ 30052.099999999998545, 2732.039757863566592 ], [ 30069.072701315253653, 2714.068662353296531 ], [ 30069.078862289949029, 2714.061487716041484 ], [ 30069.0843179752992, 2714.053763175517361 ], [ 30069.089019579452724, 2714.045557814629774 ], [ 30069.092925054548687, 2714.036945016406662 ], [ 30069.095999472730909, 2714.028001807711462 ], [ 30069.098215338555747, 2714.018808170368629 ], [ 30069.099552834853966, 2714.009446325861063 ], [ 30069.099999999998545, 2714.0 ], [ 30069.099999999998545, 2680.041421356239425 ], [ 30086.070710678119212, 2663.070710678118758 ], [ 30086.077301045337663, 2663.06343932841628 ], [ 30086.08314696123125, 2663.055557023301844 ], [ 30086.088192126433569, 2663.047139673682523 ], [ 30086.09238795325291, 2663.038268343236268 ], [ 30086.095694033574546, 2663.029028467725311 ], [ 30086.098078528040787, 2663.019509032201313 ], [ 30086.099518472667114, 2663.009801714033074 ], [ 30086.099999999998545, 2663.0 ], [ 30086.099999999998545, 2628.043104648925237 ], [ 30104.068662353296531, 2611.072701315255017 ], [ 30104.075691516358347, 2611.065351314839063 ], [ 30104.081937789658696, 2611.057325375059008 ], [ 30104.087336566968588, 2611.04870650952671 ], [ 30104.091832007845369, 2611.039583864581346 ], [ 30104.095377615209145, 2611.030051797234137 ], [ 30104.097936716261756, 2611.020208899221871 ], [ 30104.099482841804274, 2611.010156977251427 ], [ 30104.099999999998545, 2611.0 ], [ 30104.099999999998545, 2543.039757863566592 ], [ 30121.072701315253653, 2525.068662353296531 ], [ 30121.078862289949029, 2525.061487716041484 ], [ 30121.0843179752992, 2525.053763175517361 ], [ 30121.089019579452724, 2525.045557814629774 ], [ 30121.092925054548687, 2525.036945016406662 ], [ 30121.095999472730909, 2525.028001807711462 ], [ 30121.098215338555747, 2525.018808170368629 ], [ 30121.099552834853966, 2525.009446325861063 ], [ 30121.099999999998545, 2525.0 ], [ 30121.099999999998545, 2474.0 ], [ 30121.099518472667114, 2473.990198285966926 ], [ 30121.098078528040787, 2473.980490967798687 ], [ 30121.095694033574546, 2473.970971532274689 ], [ 30121.09238795325291, 2473.961731656763732 ], [ 30121.088192126433569, 2473.952860326317477 ], [ 30121.08314696123125, 2473.944442976698156 ], [ 30121.077301045337663, 2473.93656067158372 ], [ 30121.070710678119212, 2473.929289321881242 ], [ 30052.070710678119212, 2404.929289321881242 ], [ 30052.06343932841628, 2404.922698954663701 ], [ 30052.055557023300935, 2404.916853038769659 ], [ 30052.047139673682977, 2404.911807873565067 ], [ 30052.038268343236268, 2404.907612046748909 ], [ 30052.029028467724856, 2404.904305966426818 ], [ 30052.019509032201313, 2404.901921471959668 ], [ 30052.009801714033529, 2404.900481527332886 ], [ 30052.0, 2404.9 ], [ 30035.04142135623988, 2404.9 ], [ 30018.070710678119212, 2387.929289321881242 ], [ 30018.06343932841628, 2387.922698954663701 ], [ 30018.055557023300935, 2387.916853038769659 ], [ 30018.047139673682977, 2387.911807873565067 ], [ 30018.038268343236268, 2387.907612046748909 ], [ 30018.029028467724856, 2387.904305966426818 ], [ 30018.019509032201313, 2387.901921471959668 ], [ 30018.009801714033529, 2387.900481527332886 ], [ 30018.0, 2387.9 ], [ 30000.04142135623988, 2387.9 ], [ 29983.070710678119212, 2370.929289321881242 ], [ 29983.06343932841628, 2370.922698954663701 ], [ 29983.055557023300935, 2370.916853038769659 ], [ 29983.047139673682977, 2370.911807873565067 ], [ 29983.038268343236268, 2370.907612046748909 ], [ 29983.029028467724856, 2370.904305966426818 ], [ 29983.019509032201313, 2370.901921471959668 ], [ 29983.009801714033529, 2370.900481527332886 ], [ 29983.0, 2370.9 ], [ 29966.04142135623988, 2370.9 ], [ 29949.070710678119212, 2353.929289321881242 ], [ 29949.06343932841628, 2353.922698954663701 ], [ 29949.055557023300935, 2353.916853038769659 ], [ 29949.047139673682977, 2353.911807873565067 ], [ 29949.038268343236268, 2353.907612046748909 ], [ 29949.029028467724856, 2353.904305966426818 ], [ 29949.019509032201313, 2353.901921471959668 ], [ 29949.009801714033529, 2353.900481527332886 ], [ 29949.0, 2353.9 ], [ 29915.04142135623988, 2353.9 ], [ 29897.070710678119212, 2335.929289321881242 ], [ 29897.06343932841628, 2335.922698954663701 ], [ 29897.055557023300935, 2335.916853038769659 ], [ 29897.047139673682977, 2335.911807873565067 ], [ 29897.038268343236268, 2335.907612046748909 ], [ 29897.029028467724856, 2335.904305966426818 ], [ 29897.019509032201313, 2335.901921471959668 ], [ 29897.009801714033529, 2335.900481527332886 ], [ 29897.0, 2335.9 ], [ 29829.039757863567502, 2335.9 ], [ 29811.068662353296531, 2318.927298684744983 ], [ 29811.061487716040574, 2318.921137710050516 ], [ 29811.053763175517815, 2318.915682024701709 ], [ 29811.04555781462841, 2318.910980420545911 ], [ 29811.036945016407117, 2318.907074945452223 ], [ 29811.028001807710098, 2318.904000527267726 ], [ 29811.018808170367265, 2318.901784661445163 ], [ 29811.009446325861063, 2318.900447165144669 ], [ 29811.0, 2318.9 ], [ 29794.04142135623988, 2318.9 ], [ 29777.070710678119212, 2301.929289321881242 ], [ 29777.06343932841628, 2301.922698954663701 ], [ 29777.055557023300935, 2301.916853038769659 ], [ 29777.047139673682977, 2301.911807873565067 ], [ 29777.038268343236268, 2301.907612046748909 ], [ 29777.029028467724856, 2301.904305966426818 ], [ 29777.019509032201313, 2301.901921471959668 ], [ 29777.009801714033529, 2301.900481527332886 ], [ 29777.0, 2301.9 ], [ 29708.04142135623988, 2301.9 ], [ 29691.070710678119212, 2284.929289321881242 ], [ 29691.06343932841628, 2284.922698954663701 ], [ 29691.055557023300935, 2284.916853038769659 ], [ 29691.047139673682977, 2284.911807873565067 ], [ 29691.038268343236268, 2284.907612046748909 ], [ 29691.029028467724856, 2284.904305966426818 ], [ 29691.019509032201313, 2284.901921471959668 ], [ 29691.009801714033529, 2284.900481527332886 ], [ 29691.0, 2284.9 ], [ 29674.0, 2284.9 ], [ 29673.990198285966471, 2284.900481527332886 ], [ 29673.980490967798687, 2284.901921471959668 ], [ 29673.970971532275144, 2284.904305966426818 ], [ 29673.961731656763732, 2284.907612046748909 ], [ 29673.952860326317023, 2284.911807873565067 ], [ 29673.944442976699065, 2284.916853038769659 ], [ 29673.93656067158372, 2284.922698954663701 ], [ 29673.929289321880788, 2284.929289321881242 ], [ 29673.922698954662337, 2284.93656067158372 ], [ 29673.91685303876875, 2284.944442976698156 ], [ 29673.911807873566431, 2284.952860326317477 ], [ 29673.90761204674709, 2284.961731656763277 ], [ 29673.904305966425454, 2284.970971532274689 ], [ 29673.901921471959213, 2284.980490967798232 ], [ 29673.900481527332886, 2284.990198285966926 ], [ 29673.900000000001455, 2285.0 ], [ 29673.900000000001455, 2301.958578643760575 ], [ 29657.0, 2318.85857864376203 ], [ 29640.070710678119212, 2301.929289321881242 ], [ 29640.068662353296531, 2301.927298684744983 ], [ 29622.068662353296531, 2284.927298684744983 ], [ 29622.061487716040574, 2284.921137710050516 ], [ 29622.053763175517815, 2284.915682024701709 ], [ 29622.04555781462841, 2284.910980420545911 ], [ 29622.036945016407117, 2284.907074945452223 ], [ 29622.028001807710098, 2284.904000527267726 ], [ 29622.018808170367265, 2284.901784661445163 ], [ 29622.009446325861063, 2284.900447165144669 ], [ 29622.0, 2284.9 ], [ 29588.04142135623988, 2284.9 ], [ 29571.070710678119212, 2267.929289321881242 ], [ 29571.06343932841628, 2267.922698954663701 ], [ 29571.055557023300935, 2267.916853038769659 ], [ 29571.047139673682977, 2267.911807873565067 ], [ 29571.038268343236268, 2267.907612046748909 ], [ 29571.029028467724856, 2267.904305966426818 ], [ 29571.019509032201313, 2267.901921471959668 ], [ 29571.009801714033529, 2267.900481527332886 ], [ 29571.0, 2267.9 ], [ 29537.04142135623988, 2267.9 ], [ 29519.070710678119212, 2249.929289321881242 ], [ 29519.06343932841628, 2249.922698954663701 ], [ 29519.055557023300935, 2249.916853038769659 ], [ 29519.047139673682977, 2249.911807873565067 ], [ 29519.038268343236268, 2249.907612046748909 ], [ 29519.029028467724856, 2249.904305966426818 ], [ 29519.019509032201313, 2249.901921471959668 ], [ 29519.009801714033529, 2249.900481527332886 ], [ 29519.0, 2249.9 ], [ 29382.04142135623988, 2249.9 ], [ 29365.070710678119212, 2232.929289321881242 ], [ 29365.06343932841628, 2232.922698954663701 ], [ 29365.055557023300935, 2232.916853038769659 ], [ 29365.047139673682977, 2232.911807873565067 ], [ 29365.038268343236268, 2232.907612046748909 ], [ 29365.029028467724856, 2232.904305966426818 ], [ 29365.019509032201313, 2232.901921471959668 ], [ 29365.009801714033529, 2232.900481527332886 ], [ 29365.0, 2232.9 ], [ 29279.04142135623988, 2232.9 ], [ 29262.070710678119212, 2215.929289321881242 ], [ 29262.06343932841628, 2215.922698954663701 ], [ 29262.055557023300935, 2215.916853038769659 ], [ 29262.047139673682977, 2215.911807873565067 ], [ 29262.038268343236268, 2215.907612046748909 ], [ 29262.029028467724856, 2215.904305966426818 ], [ 29262.019509032201313, 2215.901921471959668 ], [ 29262.009801714033529, 2215.900481527332886 ], [ 29262.0, 2215.9 ], [ 29176.039757863567502, 2215.9 ], [ 29158.068662353296531, 2198.927298684744983 ], [ 29158.061487716040574, 2198.921137710050516 ], [ 29158.053763175517815, 2198.915682024701709 ], [ 29158.04555781462841, 2198.910980420545911 ], [ 29158.036945016407117, 2198.907074945452223 ], [ 29158.028001807710098, 2198.904000527267726 ], [ 29158.018808170367265, 2198.901784661445163 ], [ 29158.009446325861063, 2198.900447165144669 ], [ 29158.0, 2198.9 ], [ 29141.0, 2198.9 ], [ 29140.990198285966471, 2198.900481527332886 ], [ 29140.980490967798687, 2198.901921471959668 ], [ 29140.970971532275144, 2198.904305966426818 ], [ 29140.961731656763732, 2198.907612046748909 ], [ 29140.952860326317023, 2198.911807873565067 ], [ 29140.944442976699065, 2198.916853038769659 ], [ 29140.93656067158372, 2198.922698954663701 ], [ 29140.929289321880788, 2198.929289321881242 ], [ 29124.0, 2215.85857864376203 ], [ 29107.070710678119212, 2198.929289321881242 ], [ 29107.06343932841628, 2198.922698954663701 ], [ 29107.055557023300935, 2198.916853038769659 ], [ 29107.047139673682977, 2198.911807873565067 ], [ 29107.038268343236268, 2198.907612046748909 ], [ 29107.029028467724856, 2198.904305966426818 ], [ 29107.019509032201313, 2198.901921471959668 ], [ 29107.009801714033529, 2198.900481527332886 ], [ 29107.0, 2198.9 ], [ 29004.04142135623988, 2198.9 ], [ 28987.070710678119212, 2181.929289321881242 ], [ 28987.06343932841628, 2181.922698954663701 ], [ 28987.055557023300935, 2181.916853038769659 ], [ 28987.047139673682977, 2181.911807873565067 ], [ 28987.038268343236268, 2181.907612046748909 ], [ 28987.029028467724856, 2181.904305966426818 ], [ 28987.019509032201313, 2181.901921471959668 ], [ 28987.009801714033529, 2181.900481527332886 ], [ 28987.0, 2181.9 ], [ 28901.0, 2181.9 ] ], [ [ 25430.04142135623988, 11924.1 ], [ 25498.95857864376012, 11924.1 ], [ 25515.929289321880788, 11941.070710678119212 ], [ 25515.93656067158372, 11941.077301045335844 ], [ 25515.944442976699065, 11941.083146961229431 ], [ 25515.952860326317023, 11941.088192126435388 ], [ 25515.961731656763732, 11941.092387953251091 ], [ 25515.970971532275144, 11941.095694033572727 ], [ 25515.980490967798687, 11941.098078528040787 ], [ 25515.990198285966471, 11941.099518472667114 ], [ 25516.0, 11941.1 ], [ 25583.95857864376012, 11941.1 ], [ 25601.900000000001455, 11959.04142135623988 ], [ 25601.900000000001455, 11976.0 ], [ 25601.900481527332886, 11976.009801714033529 ], [ 25601.901921471959213, 11976.019509032201313 ], [ 25601.904305966425454, 11976.029028467724856 ], [ 25601.90761204674709, 11976.038268343236268 ], [ 25601.911807873566431, 11976.047139673682977 ], [ 25601.91685303876875, 11976.055557023302754 ], [ 25601.922698954662337, 11976.06343932841628 ], [ 25601.929289321880788, 11976.070710678119212 ], [ 25618.900000000001455, 11993.04142135623988 ], [ 25618.900000000001455, 12010.0 ], [ 25618.900481527332886, 12010.009801714033529 ], [ 25618.901921471959213, 12010.019509032201313 ], [ 25618.904305966425454, 12010.029028467724856 ], [ 25618.90761204674709, 12010.038268343236268 ], [ 25618.911807873566431, 12010.047139673682977 ], [ 25618.91685303876875, 12010.055557023302754 ], [ 25618.922698954662337, 12010.06343932841628 ], [ 25618.929289321880788, 12010.070710678119212 ], [ 25635.928279375446436, 12027.069700731684861 ], [ 25652.900000000001455, 12045.039757863567502 ], [ 25652.900000000001455, 12079.0 ], [ 25652.900481527332886, 12079.009801714033529 ], [ 25652.901921471959213, 12079.019509032201313 ], [ 25652.904305966425454, 12079.029028467724856 ], [ 25652.90761204674709, 12079.038268343236268 ], [ 25652.911807873566431, 12079.047139673682977 ], [ 25652.91685303876875, 12079.055557023302754 ], [ 25652.922698954662337, 12079.06343932841628 ], [ 25652.929289321880788, 12079.070710678119212 ], [ 25669.929289321880788, 12096.070710678119212 ], [ 25669.931337646703469, 12096.072701315255472 ], [ 25687.930299268347881, 12113.071720624586305 ], [ 25704.900000000001455, 12130.04142135623988 ], [ 25704.900000000001455, 12182.0 ], [ 25704.900481527332886, 12182.009801714033529 ], [ 25704.901921471959213, 12182.019509032201313 ], [ 25704.904305966425454, 12182.029028467724856 ], [ 25704.90761204674709, 12182.038268343236268 ], [ 25704.911807873566431, 12182.047139673682977 ], [ 25704.91685303876875, 12182.055557023302754 ], [ 25704.922698954662337, 12182.06343932841628 ], [ 25704.929289321880788, 12182.070710678119212 ], [ 25738.900000000001455, 12216.04142135623988 ], [ 25738.900000000001455, 12234.0 ], [ 25738.900481527332886, 12234.009801714033529 ], [ 25738.901921471959213, 12234.019509032201313 ], [ 25738.904305966425454, 12234.029028467724856 ], [ 25738.90761204674709, 12234.038268343236268 ], [ 25738.911807873566431, 12234.047139673682977 ], [ 25738.91685303876875, 12234.055557023302754 ], [ 25738.922698954662337, 12234.06343932841628 ], [ 25738.929289321880788, 12234.070710678119212 ], [ 25755.900000000001455, 12251.04142135623988 ], [ 25755.900000000001455, 12285.0 ], [ 25755.900517158195726, 12285.010156977250517 ], [ 25755.902063283738244, 12285.020208899220961 ], [ 25755.904622384790855, 12285.030051797233682 ], [ 25755.908167992154631, 12285.0395838645818 ], [ 25755.912663433031412, 12285.048706509527619 ], [ 25755.918062210341304, 12285.057325375059008 ], [ 25755.924308483641653, 12285.065351314839063 ], [ 25755.931337646703469, 12285.072701315255472 ], [ 25773.930299268347881, 12302.071720624586305 ], [ 25790.928279375446436, 12319.069700731684861 ], [ 25807.927298684746347, 12337.068662353296531 ], [ 25807.929289321880788, 12337.070710678119212 ], [ 25824.900000000001455, 12354.04142135623988 ], [ 25824.900000000001455, 12405.0 ], [ 25824.900447165146034, 12405.009446325861063 ], [ 25824.901784661444253, 12405.018808170369084 ], [ 25824.904000527269091, 12405.028001807711917 ], [ 25824.907074945451313, 12405.036945016407117 ], [ 25824.910980420547276, 12405.045557814630229 ], [ 25824.9156820247008, 12405.053763175517815 ], [ 25824.921137710050971, 12405.061487716042393 ], [ 25824.927298684746347, 12405.068662353296531 ], [ 25841.900000000001455, 12423.039757863567502 ], [ 25841.900000000001455, 12440.0 ], [ 25841.900481527332886, 12440.009801714033529 ], [ 25841.901921471959213, 12440.019509032201313 ], [ 25841.904305966425454, 12440.029028467724856 ], [ 25841.90761204674709, 12440.038268343236268 ], [ 25841.911807873566431, 12440.047139673682977 ], [ 25841.91685303876875, 12440.055557023302754 ], [ 25841.922698954662337, 12440.06343932841628 ], [ 25841.929289321880788, 12440.070710678119212 ], [ 25858.929289321880788, 12457.070710678119212 ], [ 25858.931337646703469, 12457.072701315255472 ], [ 25876.930299268347881, 12474.071720624586305 ], [ 25893.900000000001455, 12491.04142135623988 ], [ 25893.900000000001455, 12508.0 ], [ 25893.900447165146034, 12508.009446325861063 ], [ 25893.901784661444253, 12508.018808170369084 ], [ 25893.904000527269091, 12508.028001807711917 ], [ 25893.907074945451313, 12508.036945016407117 ], [ 25893.910980420547276, 12508.045557814630229 ], [ 25893.9156820247008, 12508.053763175517815 ], [ 25893.921137710050971, 12508.061487716042393 ], [ 25893.927298684746347, 12508.068662353296531 ], [ 25910.900000000001455, 12526.039757863567502 ], [ 25910.900000000001455, 12543.0 ], [ 25910.900481527332886, 12543.009801714033529 ], [ 25910.901921471959213, 12543.019509032201313 ], [ 25910.904305966425454, 12543.029028467724856 ], [ 25910.90761204674709, 12543.038268343236268 ], [ 25910.911807873566431, 12543.047139673682977 ], [ 25910.91685303876875, 12543.055557023302754 ], [ 25910.922698954662337, 12543.06343932841628 ], [ 25910.929289321880788, 12543.070710678119212 ], [ 25944.900000000001455, 12577.04142135623988 ], [ 25944.900000000001455, 12594.0 ], [ 25944.900481527332886, 12594.009801714033529 ], [ 25944.901921471959213, 12594.019509032201313 ], [ 25944.904305966425454, 12594.029028467724856 ], [ 25944.90761204674709, 12594.038268343236268 ], [ 25944.911807873566431, 12594.047139673682977 ], [ 25944.91685303876875, 12594.055557023302754 ], [ 25944.922698954662337, 12594.06343932841628 ], [ 25944.929289321880788, 12594.070710678119212 ], [ 25979.900000000001455, 12629.04142135623988 ], [ 25979.900000000001455, 12646.0 ], [ 25979.900481527332886, 12646.009801714033529 ], [ 25979.901921471959213, 12646.019509032201313 ], [ 25979.904305966425454, 12646.029028467724856 ], [ 25979.90761204674709, 12646.038268343236268 ], [ 25979.911807873566431, 12646.047139673682977 ], [ 25979.91685303876875, 12646.055557023302754 ], [ 25979.922698954662337, 12646.06343932841628 ], [ 25979.929289321880788, 12646.070710678119212 ], [ 26013.900000000001455, 12680.04142135623988 ], [ 26013.900000000001455, 12697.0 ], [ 26013.900447165146034, 12697.009446325861063 ], [ 26013.901784661444253, 12697.018808170369084 ], [ 26013.904000527269091, 12697.028001807711917 ], [ 26013.907074945451313, 12697.036945016407117 ], [ 26013.910980420547276, 12697.045557814630229 ], [ 26013.9156820247008, 12697.053763175517815 ], [ 26013.921137710050971, 12697.061487716042393 ], [ 26013.927298684746347, 12697.068662353296531 ], [ 26030.900000000001455, 12715.039757863567502 ], [ 26030.900000000001455, 12732.0 ], [ 26030.900481527332886, 12732.009801714033529 ], [ 26030.901921471959213, 12732.019509032201313 ], [ 26030.904305966425454, 12732.029028467724856 ], [ 26030.90761204674709, 12732.038268343236268 ], [ 26030.911807873566431, 12732.047139673682977 ], [ 26030.91685303876875, 12732.055557023302754 ], [ 26030.922698954662337, 12732.06343932841628 ], [ 26030.929289321880788, 12732.070710678119212 ], [ 26047.900000000001455, 12749.04142135623988 ], [ 26047.900000000001455, 12766.0 ], [ 26047.900517158195726, 12766.010156977250517 ], [ 26047.902063283738244, 12766.020208899220961 ], [ 26047.904622384790855, 12766.030051797233682 ], [ 26047.908167992154631, 12766.0395838645818 ], [ 26047.912663433031412, 12766.048706509527619 ], [ 26047.918062210341304, 12766.057325375059008 ], [ 26047.924308483641653, 12766.065351314839063 ], [ 26047.931337646703469, 12766.072701315255472 ], [ 26065.900000000001455, 12783.043104648926601 ], [ 26065.900000000001455, 12801.0 ], [ 26065.900481527332886, 12801.009801714033529 ], [ 26065.901921471959213, 12801.019509032201313 ], [ 26065.904305966425454, 12801.029028467724856 ], [ 26065.90761204674709, 12801.038268343236268 ], [ 26065.911807873566431, 12801.047139673682977 ], [ 26065.91685303876875, 12801.055557023302754 ], [ 26065.922698954662337, 12801.06343932841628 ], [ 26065.929289321880788, 12801.070710678119212 ], [ 26082.900000000001455, 12818.04142135623988 ], [ 26082.900000000001455, 12835.0 ], [ 26082.900481527332886, 12835.009801714033529 ], [ 26082.901921471959213, 12835.019509032201313 ], [ 26082.904305966425454, 12835.029028467724856 ], [ 26082.90761204674709, 12835.038268343236268 ], [ 26082.911807873566431, 12835.047139673682977 ], [ 26082.91685303876875, 12835.055557023302754 ], [ 26082.922698954662337, 12835.06343932841628 ], [ 26082.929289321880788, 12835.070710678119212 ], [ 26099.900000000001455, 12852.04142135623988 ], [ 26099.900000000001455, 12869.0 ], [ 26099.900481527332886, 12869.009801714033529 ], [ 26099.901921471959213, 12869.019509032201313 ], [ 26099.904305966425454, 12869.029028467724856 ], [ 26099.90761204674709, 12869.038268343236268 ], [ 26099.911807873566431, 12869.047139673682977 ], [ 26099.91685303876875, 12869.055557023302754 ], [ 26099.922698954662337, 12869.06343932841628 ], [ 26099.929289321880788, 12869.070710678119212 ], [ 26099.93656067158372, 12869.077301045335844 ], [ 26099.944442976699065, 12869.083146961229431 ], [ 26099.952860326317023, 12869.088192126435388 ], [ 26099.961731656763732, 12869.092387953251091 ], [ 26099.970971532275144, 12869.095694033572727 ], [ 26099.980490967798687, 12869.098078528040787 ], [ 26099.990198285966471, 12869.099518472667114 ], [ 26100.0, 12869.1 ], [ 26116.956895351078856, 12869.1 ], [ 26133.900000000001455, 12887.039757863567502 ], [ 26133.900000000001455, 12955.0 ], [ 26133.900517158195726, 12955.010156977250517 ], [ 26133.902063283738244, 12955.020208899220961 ], [ 26133.904622384790855, 12955.030051797233682 ], [ 26133.908167992154631, 12955.0395838645818 ], [ 26133.912663433031412, 12955.048706509527619 ], [ 26133.918062210341304, 12955.057325375059008 ], [ 26133.924308483641653, 12955.065351314839063 ], [ 26133.931337646703469, 12955.072701315255472 ], [ 26151.931337646703469, 12972.072701315255472 ], [ 26151.938512283959426, 12972.078862289949029 ], [ 26151.946236824482185, 12972.084317975297381 ], [ 26151.95444218537159, 12972.089019579454543 ], [ 26151.963054983592883, 12972.092925054548687 ], [ 26151.971998192289902, 12972.095999472732728 ], [ 26151.981191829632735, 12972.098215338553928 ], [ 26151.990553674138937, 12972.099552834855785 ], [ 26152.0, 12972.1 ], [ 26168.956895351078856, 12972.1 ], [ 26185.900000000001455, 12990.039757863567502 ], [ 26185.900000000001455, 13007.0 ], [ 26185.900481527332886, 13007.009801714033529 ], [ 26185.901921471959213, 13007.019509032201313 ], [ 26185.904305966425454, 13007.029028467724856 ], [ 26185.90761204674709, 13007.038268343236268 ], [ 26185.911807873566431, 13007.047139673682977 ], [ 26185.91685303876875, 13007.055557023302754 ], [ 26185.922698954662337, 13007.06343932841628 ], [ 26185.929289321880788, 13007.070710678119212 ], [ 26202.858578643761575, 13024.0 ], [ 26185.929289321880788, 13040.929289321880788 ], [ 26185.922698954662337, 13040.93656067158372 ], [ 26185.91685303876875, 13040.944442976697246 ], [ 26185.911807873566431, 13040.952860326317023 ], [ 26185.90761204674709, 13040.961731656763732 ], [ 26185.904305966425454, 13040.970971532275144 ], [ 26185.901921471959213, 13040.980490967798687 ], [ 26185.900481527332886, 13040.990198285966471 ], [ 26185.900000000001455, 13041.0 ], [ 26185.900000000001455, 13110.0 ], [ 26185.900481527332886, 13110.009801714033529 ], [ 26185.901921471959213, 13110.019509032201313 ], [ 26185.904305966425454, 13110.029028467724856 ], [ 26185.90761204674709, 13110.038268343236268 ], [ 26185.911807873566431, 13110.047139673682977 ], [ 26185.91685303876875, 13110.055557023302754 ], [ 26185.922698954662337, 13110.06343932841628 ], [ 26185.929289321880788, 13110.070710678119212 ], [ 26202.900000000001455, 13127.04142135623988 ], [ 26202.900000000001455, 13144.0 ], [ 26202.900481527332886, 13144.009801714033529 ], [ 26202.901921471959213, 13144.019509032201313 ], [ 26202.904305966425454, 13144.029028467724856 ], [ 26202.90761204674709, 13144.038268343236268 ], [ 26202.911807873566431, 13144.047139673682977 ], [ 26202.91685303876875, 13144.055557023302754 ], [ 26202.922698954662337, 13144.06343932841628 ], [ 26202.929289321880788, 13144.070710678119212 ], [ 26219.929289321880788, 13161.070710678119212 ], [ 26219.93656067158372, 13161.077301045335844 ], [ 26219.944442976699065, 13161.083146961229431 ], [ 26219.952860326317023, 13161.088192126435388 ], [ 26219.961731656763732, 13161.092387953251091 ], [ 26219.970971532275144, 13161.095694033572727 ], [ 26219.980490967798687, 13161.098078528040787 ], [ 26219.990198285966471, 13161.099518472667114 ], [ 26220.0, 13161.1 ], [ 26236.95857864376012, 13161.1 ], [ 26288.900000000001455, 13213.04142135623988 ], [ 26288.900000000001455, 13229.95857864376012 ], [ 26271.929289321880788, 13246.929289321880788 ], [ 26271.922698954662337, 13246.93656067158372 ], [ 26271.91685303876875, 13246.944442976697246 ], [ 26271.911807873566431, 13246.952860326317023 ], [ 26271.90761204674709, 13246.961731656763732 ], [ 26271.904305966425454, 13246.970971532275144 ], [ 26271.901921471959213, 13246.980490967798687 ], [ 26271.900481527332886, 13246.990198285966471 ], [ 26271.900000000001455, 13247.0 ], [ 26271.900000000001455, 13282.0 ], [ 26271.900481527332886, 13282.009801714033529 ], [ 26271.901921471959213, 13282.019509032201313 ], [ 26271.904305966425454, 13282.029028467724856 ], [ 26271.90761204674709, 13282.038268343236268 ], [ 26271.911807873566431, 13282.047139673682977 ], [ 26271.91685303876875, 13282.055557023302754 ], [ 26271.922698954662337, 13282.06343932841628 ], [ 26271.929289321880788, 13282.070710678119212 ], [ 26288.858578643761575, 13299.0 ], [ 26271.929289321880788, 13315.929289321880788 ], [ 26271.922698954662337, 13315.93656067158372 ], [ 26271.91685303876875, 13315.944442976697246 ], [ 26271.911807873566431, 13315.952860326317023 ], [ 26271.90761204674709, 13315.961731656763732 ], [ 26271.904305966425454, 13315.970971532275144 ], [ 26271.901921471959213, 13315.980490967798687 ], [ 26271.900481527332886, 13315.990198285966471 ], [ 26271.900000000001455, 13316.0 ], [ 26271.900481527332886, 13316.009801714033529 ], [ 26271.901921471959213, 13316.019509032201313 ], [ 26271.904305966425454, 13316.029028467724856 ], [ 26271.90761204674709, 13316.038268343236268 ], [ 26271.911807873566431, 13316.047139673682977 ], [ 26271.91685303876875, 13316.055557023302754 ], [ 26271.922698954662337, 13316.06343932841628 ], [ 26271.929289321880788, 13316.070710678119212 ], [ 26288.900000000001455, 13333.04142135623988 ], [ 26288.900000000001455, 13522.0 ], [ 26288.900481527332886, 13522.009801714033529 ], [ 26288.901921471959213, 13522.019509032201313 ], [ 26288.904305966425454, 13522.029028467724856 ], [ 26288.90761204674709, 13522.038268343236268 ], [ 26288.911807873566431, 13522.047139673682977 ], [ 26288.91685303876875, 13522.055557023302754 ], [ 26288.922698954662337, 13522.06343932841628 ], [ 26288.929289321880788, 13522.070710678119212 ], [ 26305.900000000001455, 13539.04142135623988 ], [ 26305.900000000001455, 13660.0 ], [ 26305.900481527332886, 13660.009801714033529 ], [ 26305.901921471959213, 13660.019509032201313 ], [ 26305.904305966425454, 13660.029028467724856 ], [ 26305.90761204674709, 13660.038268343236268 ], [ 26305.911807873566431, 13660.047139673682977 ], [ 26305.91685303876875, 13660.055557023302754 ], [ 26305.922698954662337, 13660.06343932841628 ], [ 26305.929289321880788, 13660.070710678119212 ], [ 26322.900000000001455, 13677.04142135623988 ], [ 26322.900000000001455, 13693.95857864376012 ], [ 26305.929289321880788, 13710.929289321880788 ], [ 26305.922698954662337, 13710.93656067158372 ], [ 26305.91685303876875, 13710.944442976697246 ], [ 26305.911807873566431, 13710.952860326317023 ], [ 26305.90761204674709, 13710.961731656763732 ], [ 26305.904305966425454, 13710.970971532275144 ], [ 26305.901921471959213, 13710.980490967798687 ], [ 26305.900481527332886, 13710.990198285966471 ], [ 26305.900000000001455, 13711.0 ], [ 26305.900000000001455, 13728.0 ], [ 26305.900447165146034, 13728.009446325861063 ], [ 26305.901784661444253, 13728.018808170369084 ], [ 26305.904000527269091, 13728.028001807711917 ], [ 26305.907074945451313, 13728.036945016407117 ], [ 26305.910980420547276, 13728.045557814630229 ], [ 26305.9156820247008, 13728.053763175517815 ], [ 26305.921137710050971, 13728.061487716042393 ], [ 26305.927298684746347, 13728.068662353296531 ], [ 26322.900000000001455, 13746.039757863567502 ], [ 26322.900000000001455, 13763.0 ], [ 26322.900517158195726, 13763.010156977250517 ], [ 26322.902063283738244, 13763.020208899220961 ], [ 26322.904622384790855, 13763.030051797233682 ], [ 26322.908167992154631, 13763.0395838645818 ], [ 26322.912663433031412, 13763.048706509527619 ], [ 26322.918062210341304, 13763.057325375059008 ], [ 26322.924308483641653, 13763.065351314839063 ], [ 26322.931337646703469, 13763.072701315255472 ], [ 26340.900000000001455, 13780.043104648926601 ], [ 26340.900000000001455, 13832.0 ], [ 26340.900481527332886, 13832.009801714033529 ], [ 26340.901921471959213, 13832.019509032201313 ], [ 26340.904305966425454, 13832.029028467724856 ], [ 26340.90761204674709, 13832.038268343236268 ], [ 26340.911807873566431, 13832.047139673682977 ], [ 26340.91685303876875, 13832.055557023302754 ], [ 26340.922698954662337, 13832.06343932841628 ], [ 26340.929289321880788, 13832.070710678119212 ], [ 26357.900000000001455, 13849.04142135623988 ], [ 26357.900000000001455, 13866.0 ], [ 26357.900481527332886, 13866.009801714033529 ], [ 26357.901921471959213, 13866.019509032201313 ], [ 26357.904305966425454, 13866.029028467724856 ], [ 26357.90761204674709, 13866.038268343236268 ], [ 26357.911807873566431, 13866.047139673682977 ], [ 26357.91685303876875, 13866.055557023302754 ], [ 26357.922698954662337, 13866.06343932841628 ], [ 26357.929289321880788, 13866.070710678119212 ], [ 26391.900000000001455, 13900.04142135623988 ], [ 26391.900000000001455, 13917.0 ], [ 26391.900447165146034, 13917.009446325861063 ], [ 26391.901784661444253, 13917.018808170369084 ], [ 26391.904000527269091, 13917.028001807711917 ], [ 26391.907074945451313, 13917.036945016407117 ], [ 26391.910980420547276, 13917.045557814630229 ], [ 26391.9156820247008, 13917.053763175517815 ], [ 26391.921137710050971, 13917.061487716042393 ], [ 26391.927298684746347, 13917.068662353296531 ], [ 26408.927298684746347, 13935.068662353296531 ], [ 26408.929289321880788, 13935.070710678119212 ], [ 26425.929289321880788, 13952.070710678119212 ], [ 26425.93656067158372, 13952.077301045335844 ], [ 26425.944442976699065, 13952.083146961229431 ], [ 26425.952860326317023, 13952.088192126435388 ], [ 26425.961731656763732, 13952.092387953251091 ], [ 26425.970971532275144, 13952.095694033572727 ], [ 26425.980490967798687, 13952.098078528040787 ], [ 26425.990198285966471, 13952.099518472667114 ], [ 26426.0, 13952.1 ], [ 26443.95857864376012, 13952.1 ], [ 26460.900000000001455, 13969.04142135623988 ], [ 26460.900000000001455, 13986.0 ], [ 26460.900481527332886, 13986.009801714033529 ], [ 26460.901921471959213, 13986.019509032201313 ], [ 26460.904305966425454, 13986.029028467724856 ], [ 26460.90761204674709, 13986.038268343236268 ], [ 26460.911807873566431, 13986.047139673682977 ], [ 26460.91685303876875, 13986.055557023302754 ], [ 26460.922698954662337, 13986.06343932841628 ], [ 26460.929289321880788, 13986.070710678119212 ], [ 26460.93656067158372, 13986.077301045335844 ], [ 26460.944442976699065, 13986.083146961229431 ], [ 26460.952860326317023, 13986.088192126435388 ], [ 26460.961731656763732, 13986.092387953251091 ], [ 26460.970971532275144, 13986.095694033572727 ], [ 26460.980490967798687, 13986.098078528040787 ], [ 26460.990198285966471, 13986.099518472667114 ], [ 26461.0, 13986.1 ], [ 26477.95857864376012, 13986.1 ], [ 26494.928279375446436, 14003.069700731684861 ], [ 26511.927298684746347, 14021.068662353296531 ], [ 26511.931337646703469, 14021.072701315255472 ], [ 26529.900000000001455, 14038.043104648926601 ], [ 26529.900000000001455, 14055.0 ], [ 26529.900481527332886, 14055.009801714033529 ], [ 26529.901921471959213, 14055.019509032201313 ], [ 26529.904305966425454, 14055.029028467724856 ], [ 26529.90761204674709, 14055.038268343236268 ], [ 26529.911807873566431, 14055.047139673682977 ], [ 26529.91685303876875, 14055.055557023302754 ], [ 26529.922698954662337, 14055.06343932841628 ], [ 26529.929289321880788, 14055.070710678119212 ], [ 26546.900000000001455, 14072.04142135623988 ], [ 26546.900000000001455, 14089.0 ], [ 26546.900481527332886, 14089.009801714033529 ], [ 26546.901921471959213, 14089.019509032201313 ], [ 26546.904305966425454, 14089.029028467724856 ], [ 26546.90761204674709, 14089.038268343236268 ], [ 26546.911807873566431, 14089.047139673682977 ], [ 26546.91685303876875, 14089.055557023302754 ], [ 26546.922698954662337, 14089.06343932841628 ], [ 26546.929289321880788, 14089.070710678119212 ], [ 26546.93656067158372, 14089.077301045335844 ], [ 26546.944442976699065, 14089.083146961229431 ], [ 26546.952860326317023, 14089.088192126435388 ], [ 26546.961731656763732, 14089.092387953251091 ], [ 26546.970971532275144, 14089.095694033572727 ], [ 26546.980490967798687, 14089.098078528040787 ], [ 26546.990198285966471, 14089.099518472667114 ], [ 26547.0, 14089.1 ], [ 26580.95857864376012, 14089.1 ], [ 26597.928279375446436, 14106.069700731684861 ], [ 26614.900000000001455, 14124.039757863567502 ], [ 26614.900000000001455, 14141.0 ], [ 26614.900517158195726, 14141.010156977250517 ], [ 26614.902063283738244, 14141.020208899220961 ], [ 26614.904622384790855, 14141.030051797233682 ], [ 26614.908167992154631, 14141.0395838645818 ], [ 26614.912663433031412, 14141.048706509527619 ], [ 26614.918062210341304, 14141.057325375059008 ], [ 26614.924308483641653, 14141.065351314839063 ], [ 26614.931337646703469, 14141.072701315255472 ], [ 26632.930299268347881, 14158.071720624586305 ], [ 26649.858578643761575, 14175.0 ], [ 26615.002049160702882, 14209.856529483060513 ], [ 26598.072701315253653, 14191.931337646703469 ], [ 26598.065351314839063, 14191.924308483639834 ], [ 26598.057325375059008, 14191.918062210339485 ], [ 26598.0487065095258, 14191.912663433031412 ], [ 26598.0395838645818, 14191.908167992154631 ], [ 26598.030051797235501, 14191.904622384790855 ], [ 26598.02020889922278, 14191.902063283738244 ], [ 26598.010156977252336, 14191.900517158197545 ], [ 26598.0, 14191.9 ], [ 26581.04142135623988, 14191.9 ], [ 26530.070710678119212, 14140.929289321880788 ], [ 26530.068662353296531, 14140.927298684744528 ], [ 26512.070739533715823, 14123.929260466251435 ], [ 26495.072701315253653, 14105.931337646703469 ], [ 26495.070710678119212, 14105.929289321880788 ], [ 26478.070710678119212, 14088.929289321880788 ], [ 26478.06343932841628, 14088.922698954664156 ], [ 26478.055557023300935, 14088.916853038770569 ], [ 26478.047139673682977, 14088.911807873564612 ], [ 26478.038268343236268, 14088.907612046748909 ], [ 26478.029028467724856, 14088.904305966427273 ], [ 26478.019509032201313, 14088.901921471959213 ], [ 26478.009801714033529, 14088.900481527332886 ], [ 26478.0, 14088.9 ], [ 26477.990198285966471, 14088.900481527332886 ], [ 26477.980490967798687, 14088.901921471959213 ], [ 26477.970971532275144, 14088.904305966427273 ], [ 26477.961731656763732, 14088.907612046748909 ], [ 26477.952860326317023, 14088.911807873564612 ], [ 26477.944442976699065, 14088.916853038770569 ], [ 26477.93656067158372, 14088.922698954664156 ], [ 26477.929289321880788, 14088.929289321880788 ], [ 26461.0, 14105.858578643761575 ], [ 26444.070710678119212, 14088.929289321880788 ], [ 26444.068662353296531, 14088.927298684744528 ], [ 26426.069700731652119, 14071.928279375413695 ], [ 26409.070710678119212, 14054.929289321880788 ], [ 26409.06343932841628, 14054.922698954664156 ], [ 26409.055557023300935, 14054.916853038770569 ], [ 26409.047139673682977, 14054.911807873564612 ], [ 26409.038268343236268, 14054.907612046748909 ], [ 26409.029028467724856, 14054.904305966427273 ], [ 26409.019509032201313, 14054.901921471959213 ], [ 26409.009801714033529, 14054.900481527332886 ], [ 26409.0, 14054.9 ], [ 26392.04142135623988, 14054.9 ], [ 26375.070710678119212, 14037.929289321880788 ], [ 26375.06343932841628, 14037.922698954664156 ], [ 26375.055557023300935, 14037.916853038770569 ], [ 26375.047139673682977, 14037.911807873564612 ], [ 26375.038268343236268, 14037.907612046748909 ], [ 26375.029028467724856, 14037.904305966427273 ], [ 26375.019509032201313, 14037.901921471959213 ], [ 26375.009801714033529, 14037.900481527332886 ], [ 26375.0, 14037.9 ], [ 26341.039757863567502, 14037.9 ], [ 26323.068662353296531, 14020.927298684744528 ], [ 26323.061487716040574, 14020.921137710050971 ], [ 26323.053763175517815, 14020.915682024702619 ], [ 26323.04555781462841, 14020.910980420545457 ], [ 26323.036945016407117, 14020.907074945451313 ], [ 26323.028001807710098, 14020.904000527267272 ], [ 26323.018808170367265, 14020.901784661446072 ], [ 26323.009446325861063, 14020.900447165144215 ], [ 26323.0, 14020.9 ], [ 26237.0, 14020.9 ], [ 26236.990198285966471, 14020.900481527332886 ], [ 26236.980490967798687, 14020.901921471959213 ], [ 26236.970971532275144, 14020.904305966427273 ], [ 26236.961731656763732, 14020.907612046748909 ], [ 26236.952860326317023, 14020.911807873564612 ], [ 26236.944442976699065, 14020.916853038770569 ], [ 26236.93656067158372, 14020.922698954664156 ], [ 26236.929289321880788, 14020.929289321880788 ], [ 26219.95857864376012, 14037.9 ], [ 26186.0, 14037.9 ], [ 26185.990198285966471, 14037.900481527332886 ], [ 26185.980490967798687, 14037.901921471959213 ], [ 26185.970971532275144, 14037.904305966427273 ], [ 26185.961731656763732, 14037.907612046748909 ], [ 26185.952860326317023, 14037.911807873564612 ], [ 26185.944442976699065, 14037.916853038770569 ], [ 26185.93656067158372, 14037.922698954664156 ], [ 26185.929289321880788, 14037.929289321880788 ], [ 26151.95857864376012, 14071.9 ], [ 26134.0, 14071.9 ], [ 26133.990198285966471, 14071.900481527332886 ], [ 26133.980490967798687, 14071.901921471959213 ], [ 26133.970971532275144, 14071.904305966427273 ], [ 26133.961731656763732, 14071.907612046748909 ], [ 26133.952860326317023, 14071.911807873564612 ], [ 26133.944442976699065, 14071.916853038770569 ], [ 26133.93656067158372, 14071.922698954664156 ], [ 26133.929289321880788, 14071.929289321880788 ], [ 26116.95857864376012, 14088.9 ], [ 26100.0, 14088.9 ], [ 26099.990198285966471, 14088.900481527332886 ], [ 26099.980490967798687, 14088.901921471959213 ], [ 26099.970971532275144, 14088.904305966427273 ], [ 26099.961731656763732, 14088.907612046748909 ], [ 26099.952860326317023, 14088.911807873564612 ], [ 26099.944442976699065, 14088.916853038770569 ], [ 26099.93656067158372, 14088.922698954664156 ], [ 26099.929289321880788, 14088.929289321880788 ], [ 26082.95857864376012, 14105.9 ], [ 26066.0, 14105.9 ], [ 26065.990198285966471, 14105.900481527332886 ], [ 26065.980490967798687, 14105.901921471959213 ], [ 26065.970971532275144, 14105.904305966427273 ], [ 26065.961731656763732, 14105.907612046748909 ], [ 26065.952860326317023, 14105.911807873564612 ], [ 26065.944442976699065, 14105.916853038770569 ], [ 26065.93656067158372, 14105.922698954664156 ], [ 26065.929289321880788, 14105.929289321880788 ], [ 26047.95857864376012, 14123.9 ], [ 26031.0, 14123.9 ], [ 26030.990198285966471, 14123.900481527332886 ], [ 26030.980490967798687, 14123.901921471959213 ], [ 26030.970971532275144, 14123.904305966427273 ], [ 26030.961731656763732, 14123.907612046748909 ], [ 26030.952860326317023, 14123.911807873564612 ], [ 26030.944442976699065, 14123.916853038770569 ], [ 26030.93656067158372, 14123.922698954664156 ], [ 26030.929289321880788, 14123.929289321880788 ], [ 26030.922698954662337, 14123.93656067158372 ], [ 26030.91685303876875, 14123.944442976697246 ], [ 26030.911807873566431, 14123.952860326317023 ], [ 26030.90761204674709, 14123.961731656763732 ], [ 26030.904305966425454, 14123.970971532275144 ], [ 26030.901921471959213, 14123.980490967798687 ], [ 26030.900481527332886, 14123.990198285966471 ], [ 26030.900000000001455, 14124.0 ], [ 26030.900000000001455, 14140.95857864376012 ], [ 26013.95857864376012, 14157.9 ], [ 25997.0, 14157.9 ], [ 25996.990198285966471, 14157.900481527332886 ], [ 25996.980490967798687, 14157.901921471959213 ], [ 25996.970971532275144, 14157.904305966427273 ], [ 25996.961731656763732, 14157.907612046748909 ], [ 25996.952860326317023, 14157.911807873564612 ], [ 25996.944442976699065, 14157.916853038770569 ], [ 25996.93656067158372, 14157.922698954664156 ], [ 25996.929289321880788, 14157.929289321880788 ], [ 25979.95857864376012, 14174.9 ], [ 25963.0, 14174.9 ], [ 25962.990553674138937, 14174.900447165144215 ], [ 25962.981191829632735, 14174.901784661446072 ], [ 25962.971998192289902, 14174.904000527267272 ], [ 25962.963054983592883, 14174.907074945451313 ], [ 25962.95444218537159, 14174.910980420545457 ], [ 25962.946236824482185, 14174.915682024702619 ], [ 25962.938512283959426, 14174.921137710050971 ], [ 25962.931337646703469, 14174.927298684744528 ], [ 25944.960242136432498, 14191.9 ], [ 25928.0, 14191.9 ], [ 25927.989843022747664, 14191.900517158197545 ], [ 25927.97979110077722, 14191.902063283738244 ], [ 25927.969948202764499, 14191.904622384790855 ], [ 25927.9604161354182, 14191.908167992154631 ], [ 25927.9512934904742, 14191.912663433031412 ], [ 25927.942674624940992, 14191.918062210339485 ], [ 25927.934648685160937, 14191.924308483639834 ], [ 25927.927298684746347, 14191.931337646703469 ], [ 25910.956895351078856, 14209.9 ], [ 25894.0, 14209.9 ], [ 25893.990198285966471, 14209.900481527332886 ], [ 25893.980490967798687, 14209.901921471959213 ], [ 25893.970971532275144, 14209.904305966427273 ], [ 25893.961731656763732, 14209.907612046748909 ], [ 25893.952860326317023, 14209.911807873564612 ], [ 25893.944442976699065, 14209.916853038770569 ], [ 25893.93656067158372, 14209.922698954664156 ], [ 25893.929289321880788, 14209.929289321880788 ], [ 25876.930299268347881, 14226.928279375413695 ], [ 25858.960242136432498, 14243.9 ], [ 25825.0, 14243.9 ], [ 25824.990198285966471, 14243.900481527332886 ], [ 25824.980490967798687, 14243.901921471959213 ], [ 25824.970971532275144, 14243.904305966427273 ], [ 25824.961731656763732, 14243.907612046748909 ], [ 25824.952860326317023, 14243.911807873564612 ], [ 25824.944442976699065, 14243.916853038770569 ], [ 25824.93656067158372, 14243.922698954664156 ], [ 25824.929289321880788, 14243.929289321880788 ], [ 25807.95857864376012, 14260.9 ], [ 25791.0, 14260.9 ], [ 25790.990198285966471, 14260.900481527332886 ], [ 25790.980490967798687, 14260.901921471959213 ], [ 25790.970971532275144, 14260.904305966427273 ], [ 25790.961731656763732, 14260.907612046748909 ], [ 25790.952860326317023, 14260.911807873564612 ], [ 25790.944442976699065, 14260.916853038770569 ], [ 25790.93656067158372, 14260.922698954664156 ], [ 25790.929289321880788, 14260.929289321880788 ], [ 25773.95857864376012, 14277.9 ], [ 25739.0, 14277.9 ], [ 25738.990198285966471, 14277.900481527332886 ], [ 25738.980490967798687, 14277.901921471959213 ], [ 25738.970971532275144, 14277.904305966427273 ], [ 25738.961731656763732, 14277.907612046748909 ], [ 25738.952860326317023, 14277.911807873564612 ], [ 25738.944442976699065, 14277.916853038770569 ], [ 25738.93656067158372, 14277.922698954664156 ], [ 25738.929289321880788, 14277.929289321880788 ], [ 25721.95857864376012, 14294.9 ], [ 25705.0, 14294.9 ], [ 25704.989843022747664, 14294.900517158197545 ], [ 25704.97979110077722, 14294.902063283738244 ], [ 25704.969948202764499, 14294.904622384790855 ], [ 25704.9604161354182, 14294.908167992154631 ], [ 25704.9512934904742, 14294.912663433031412 ], [ 25704.942674624940992, 14294.918062210339485 ], [ 25704.934648685160937, 14294.924308483639834 ], [ 25704.927298684746347, 14294.931337646703469 ], [ 25687.956895351078856, 14312.9 ], [ 25516.043104648921144, 14312.9 ], [ 25499.072701315253653, 14294.931337646703469 ], [ 25499.068662353296531, 14294.927298684744528 ], [ 25481.068662353296531, 14277.927298684744528 ], [ 25481.061487716040574, 14277.921137710050971 ], [ 25481.053763175517815, 14277.915682024702619 ], [ 25481.04555781462841, 14277.910980420545457 ], [ 25481.036945016407117, 14277.907074945451313 ], [ 25481.028001807710098, 14277.904000527267272 ], [ 25481.018808170367265, 14277.901784661446072 ], [ 25481.009446325861063, 14277.900447165144215 ], [ 25481.0, 14277.9 ], [ 25447.04142135623988, 14277.9 ], [ 25413.070710678119212, 14243.929289321880788 ], [ 25413.068662353296531, 14243.927298684744528 ], [ 25395.069700731652119, 14226.928279375413695 ], [ 25378.071720624553564, 14209.930299268315139 ], [ 25361.072701315253653, 14191.931337646703469 ], [ 25361.070710678119212, 14191.929289321880788 ], [ 25327.099999999998545, 14157.95857864376012 ], [ 25327.099999999998545, 14141.0 ], [ 25327.099518472667114, 14140.990198285966471 ], [ 25327.098078528040787, 14140.980490967798687 ], [ 25327.095694033574546, 14140.970971532275144 ], [ 25327.09238795325291, 14140.961731656763732 ], [ 25327.088192126433569, 14140.952860326317023 ], [ 25327.08314696123125, 14140.944442976697246 ], [ 25327.077301045337663, 14140.93656067158372 ], [ 25327.070710678119212, 14140.929289321880788 ], [ 25310.099999999998545, 14123.95857864376012 ], [ 25310.099999999998545, 14106.0 ], [ 25310.099482841804274, 14105.989843022749483 ], [ 25310.097936716261756, 14105.979791100779039 ], [ 25310.095377615209145, 14105.969948202766318 ], [ 25310.091832007845369, 14105.9604161354182 ], [ 25310.087336566968588, 14105.951293490472381 ], [ 25310.081937789658696, 14105.942674624940992 ], [ 25310.075691516358347, 14105.934648685160937 ], [ 25310.068662353296531, 14105.927298684744528 ], [ 25292.099999999998545, 14088.956895351073399 ], [ 25292.099999999998545, 14072.0 ], [ 25292.099518472667114, 14071.990198285966471 ], [ 25292.098078528040787, 14071.980490967798687 ], [ 25292.095694033574546, 14071.970971532275144 ], [ 25292.09238795325291, 14071.961731656763732 ], [ 25292.088192126433569, 14071.952860326317023 ], [ 25292.08314696123125, 14071.944442976697246 ], [ 25292.077301045337663, 14071.93656067158372 ], [ 25292.070710678119212, 14071.929289321880788 ], [ 25275.099999999998545, 14054.95857864376012 ], [ 25275.099999999998545, 14003.0 ], [ 25275.099518472667114, 14002.990198285966471 ], [ 25275.098078528040787, 14002.980490967798687 ], [ 25275.095694033574546, 14002.970971532275144 ], [ 25275.09238795325291, 14002.961731656763732 ], [ 25275.088192126433569, 14002.952860326317023 ], [ 25275.08314696123125, 14002.944442976697246 ], [ 25275.077301045337663, 14002.93656067158372 ], [ 25275.070710678119212, 14002.929289321880788 ], [ 25258.099999999998545, 13985.95857864376012 ], [ 25258.099999999998545, 13969.0 ], [ 25258.099518472667114, 13968.990198285966471 ], [ 25258.098078528040787, 13968.980490967798687 ], [ 25258.095694033574546, 13968.970971532275144 ], [ 25258.09238795325291, 13968.961731656763732 ], [ 25258.088192126433569, 13968.952860326317023 ], [ 25258.08314696123125, 13968.944442976697246 ], [ 25258.077301045337663, 13968.93656067158372 ], [ 25258.070710678119212, 13968.929289321880788 ], [ 25241.099999999998545, 13951.95857864376012 ], [ 25241.099999999998545, 13917.0 ], [ 25241.099518472667114, 13916.990198285966471 ], [ 25241.098078528040787, 13916.980490967798687 ], [ 25241.095694033574546, 13916.970971532275144 ], [ 25241.09238795325291, 13916.961731656763732 ], [ 25241.088192126433569, 13916.952860326317023 ], [ 25241.08314696123125, 13916.944442976697246 ], [ 25241.077301045337663, 13916.93656067158372 ], [ 25241.070710678119212, 13916.929289321880788 ], [ 25224.099999999998545, 13899.95857864376012 ], [ 25224.099999999998545, 13849.0 ], [ 25224.099482841804274, 13848.989843022749483 ], [ 25224.097936716261756, 13848.979791100779039 ], [ 25224.095377615209145, 13848.969948202766318 ], [ 25224.091832007845369, 13848.9604161354182 ], [ 25224.087336566968588, 13848.951293490472381 ], [ 25224.081937789658696, 13848.942674624940992 ], [ 25224.075691516358347, 13848.934648685160937 ], [ 25224.068662353296531, 13848.927298684744528 ], [ 25206.099999999998545, 13831.956895351073399 ], [ 25206.099999999998545, 13728.0 ], [ 25206.099518472667114, 13727.990198285966471 ], [ 25206.098078528040787, 13727.980490967798687 ], [ 25206.095694033574546, 13727.970971532275144 ], [ 25206.09238795325291, 13727.961731656763732 ], [ 25206.088192126433569, 13727.952860326317023 ], [ 25206.08314696123125, 13727.944442976697246 ], [ 25206.077301045337663, 13727.93656067158372 ], [ 25206.070710678119212, 13727.929289321880788 ], [ 25189.099999999998545, 13710.95857864376012 ], [ 25189.099999999998545, 13625.0 ], [ 25189.099518472667114, 13624.990198285966471 ], [ 25189.098078528040787, 13624.980490967798687 ], [ 25189.095694033574546, 13624.970971532275144 ], [ 25189.09238795325291, 13624.961731656763732 ], [ 25189.088192126433569, 13624.952860326317023 ], [ 25189.08314696123125, 13624.944442976697246 ], [ 25189.077301045337663, 13624.93656067158372 ], [ 25189.070710678119212, 13624.929289321880788 ], [ 25172.099999999998545, 13607.95857864376012 ], [ 25172.099999999998545, 13539.0 ], [ 25172.099518472667114, 13538.990198285966471 ], [ 25172.098078528040787, 13538.980490967798687 ], [ 25172.095694033574546, 13538.970971532275144 ], [ 25172.09238795325291, 13538.961731656763732 ], [ 25172.088192126433569, 13538.952860326317023 ], [ 25172.08314696123125, 13538.944442976697246 ], [ 25172.077301045337663, 13538.93656067158372 ], [ 25172.070710678119212, 13538.929289321880788 ], [ 25155.099999999998545, 13521.95857864376012 ], [ 25155.099999999998545, 13419.0 ], [ 25155.099518472667114, 13418.990198285966471 ], [ 25155.098078528040787, 13418.980490967798687 ], [ 25155.095694033574546, 13418.970971532275144 ], [ 25155.09238795325291, 13418.961731656763732 ], [ 25155.088192126433569, 13418.952860326317023 ], [ 25155.08314696123125, 13418.944442976697246 ], [ 25155.077301045337663, 13418.93656067158372 ], [ 25155.070710678119212, 13418.929289321880788 ], [ 25138.099999999998545, 13401.95857864376012 ], [ 25138.099999999998545, 13350.0 ], [ 25138.099518472667114, 13349.990198285966471 ], [ 25138.098078528040787, 13349.980490967798687 ], [ 25138.095694033574546, 13349.970971532275144 ], [ 25138.09238795325291, 13349.961731656763732 ], [ 25138.088192126433569, 13349.952860326317023 ], [ 25138.08314696123125, 13349.944442976697246 ], [ 25138.077301045337663, 13349.93656067158372 ], [ 25138.070710678119212, 13349.929289321880788 ], [ 25121.099999999998545, 13332.95857864376012 ], [ 25121.099999999998545, 13247.0 ], [ 25121.099482841804274, 13246.989843022749483 ], [ 25121.097936716261756, 13246.979791100779039 ], [ 25121.095377615209145, 13246.969948202766318 ], [ 25121.091832007845369, 13246.9604161354182 ], [ 25121.087336566968588, 13246.951293490472381 ], [ 25121.081937789658696, 13246.942674624940992 ], [ 25121.075691516358347, 13246.934648685160937 ], [ 25121.068662353296531, 13246.927298684744528 ], [ 25103.099999999998545, 13229.956895351073399 ], [ 25103.099999999998545, 13144.0 ], [ 25103.099518472667114, 13143.990198285966471 ], [ 25103.098078528040787, 13143.980490967798687 ], [ 25103.095694033574546, 13143.970971532275144 ], [ 25103.09238795325291, 13143.961731656763732 ], [ 25103.088192126433569, 13143.952860326317023 ], [ 25103.08314696123125, 13143.944442976697246 ], [ 25103.077301045337663, 13143.93656067158372 ], [ 25103.070710678119212, 13143.929289321880788 ], [ 25086.099999999998545, 13126.95857864376012 ], [ 25086.099999999998545, 13024.0 ], [ 25086.099518472667114, 13023.990198285966471 ], [ 25086.098078528040787, 13023.980490967798687 ], [ 25086.095694033574546, 13023.970971532275144 ], [ 25086.09238795325291, 13023.961731656763732 ], [ 25086.088192126433569, 13023.952860326317023 ], [ 25086.08314696123125, 13023.944442976697246 ], [ 25086.077301045337663, 13023.93656067158372 ], [ 25086.070710678119212, 13023.929289321880788 ], [ 25069.099999999998545, 13006.95857864376012 ], [ 25069.099999999998545, 12938.0 ], [ 25069.099518472667114, 12937.990198285966471 ], [ 25069.098078528040787, 12937.980490967798687 ], [ 25069.095694033574546, 12937.970971532275144 ], [ 25069.09238795325291, 12937.961731656763732 ], [ 25069.088192126433569, 12937.952860326317023 ], [ 25069.08314696123125, 12937.944442976697246 ], [ 25069.077301045337663, 12937.93656067158372 ], [ 25069.070710678119212, 12937.929289321880788 ], [ 25052.099999999998545, 12920.95857864376012 ], [ 25052.099999999998545, 12543.04142135623988 ], [ 25069.070710678119212, 12526.070710678119212 ], [ 25069.077301045337663, 12526.06343932841628 ], [ 25069.08314696123125, 12526.055557023302754 ], [ 25069.088192126433569, 12526.047139673682977 ], [ 25069.09238795325291, 12526.038268343236268 ], [ 25069.095694033574546, 12526.029028467724856 ], [ 25069.098078528040787, 12526.019509032201313 ], [ 25069.099518472667114, 12526.009801714033529 ], [ 25069.099999999998545, 12526.0 ], [ 25069.099999999998545, 12491.04142135623988 ], [ 25086.070710678119212, 12474.070710678119212 ], [ 25086.077301045337663, 12474.06343932841628 ], [ 25086.08314696123125, 12474.055557023302754 ], [ 25086.088192126433569, 12474.047139673682977 ], [ 25086.09238795325291, 12474.038268343236268 ], [ 25086.095694033574546, 12474.029028467724856 ], [ 25086.098078528040787, 12474.019509032201313 ], [ 25086.099518472667114, 12474.009801714033529 ], [ 25086.099999999998545, 12474.0 ], [ 25086.099999999998545, 12423.039757863567502 ], [ 25103.072701315253653, 12405.068662353296531 ], [ 25103.078862289949029, 12405.061487716042393 ], [ 25103.0843179752992, 12405.053763175517815 ], [ 25103.089019579452724, 12405.045557814630229 ], [ 25103.092925054548687, 12405.036945016407117 ], [ 25103.095999472730909, 12405.028001807711917 ], [ 25103.098215338555747, 12405.018808170369084 ], [ 25103.099552834853966, 12405.009446325861063 ], [ 25103.099999999998545, 12405.0 ], [ 25103.099999999998545, 12388.043104648926601 ], [ 25121.068662353296531, 12371.072701315255472 ], [ 25121.075691516358347, 12371.065351314839063 ], [ 25121.081937789658696, 12371.057325375059008 ], [ 25121.087336566968588, 12371.048706509527619 ], [ 25121.091832007845369, 12371.0395838645818 ], [ 25121.095377615209145, 12371.030051797233682 ], [ 25121.097936716261756, 12371.020208899220961 ], [ 25121.099482841804274, 12371.010156977250517 ], [ 25121.099999999998545, 12371.0 ], [ 25121.099999999998545, 12337.039757863567502 ], [ 25138.072701315253653, 12319.068662353296531 ], [ 25138.078862289949029, 12319.061487716042393 ], [ 25138.0843179752992, 12319.053763175517815 ], [ 25138.089019579452724, 12319.045557814630229 ], [ 25138.092925054548687, 12319.036945016407117 ], [ 25138.095999472730909, 12319.028001807711917 ], [ 25138.098215338555747, 12319.018808170369084 ], [ 25138.099552834853966, 12319.009446325861063 ], [ 25138.099999999998545, 12319.0 ], [ 25138.099999999998545, 12302.04142135623988 ], [ 25155.070710678119212, 12285.070710678119212 ], [ 25155.077301045337663, 12285.06343932841628 ], [ 25155.08314696123125, 12285.055557023302754 ], [ 25155.088192126433569, 12285.047139673682977 ], [ 25155.09238795325291, 12285.038268343236268 ], [ 25155.095694033574546, 12285.029028467724856 ], [ 25155.098078528040787, 12285.019509032201313 ], [ 25155.099518472667114, 12285.009801714033529 ], [ 25155.099999999998545, 12285.0 ], [ 25155.099999999998545, 12268.04142135623988 ], [ 25172.070710678119212, 12251.070710678119212 ], [ 25172.077301045337663, 12251.06343932841628 ], [ 25172.08314696123125, 12251.055557023302754 ], [ 25172.088192126433569, 12251.047139673682977 ], [ 25172.09238795325291, 12251.038268343236268 ], [ 25172.095694033574546, 12251.029028467724856 ], [ 25172.098078528040787, 12251.019509032201313 ], [ 25172.099518472667114, 12251.009801714033529 ], [ 25172.099999999998545, 12251.0 ], [ 25172.099999999998545, 12234.039757863567502 ], [ 25189.071720624553564, 12216.069700731684861 ], [ 25206.069700731652119, 12199.071720624586305 ], [ 25224.068662353296531, 12182.072701315255472 ], [ 25224.075691516358347, 12182.065351314839063 ], [ 25224.081937789658696, 12182.057325375059008 ], [ 25224.087336566968588, 12182.048706509527619 ], [ 25224.091832007845369, 12182.0395838645818 ], [ 25224.095377615209145, 12182.030051797233682 ], [ 25224.097936716261756, 12182.020208899220961 ], [ 25224.099482841804274, 12182.010156977250517 ], [ 25224.099999999998545, 12182.0 ], [ 25224.099999999998545, 12165.04142135623988 ], [ 25241.070710678119212, 12148.070710678119212 ], [ 25241.072701315253653, 12148.068662353296531 ], [ 25258.072701315253653, 12130.068662353296531 ], [ 25258.078862289949029, 12130.061487716042393 ], [ 25258.0843179752992, 12130.053763175517815 ], [ 25258.089019579452724, 12130.045557814630229 ], [ 25258.092925054548687, 12130.036945016407117 ], [ 25258.095999472730909, 12130.028001807711917 ], [ 25258.098215338555747, 12130.018808170369084 ], [ 25258.099552834853966, 12130.009446325861063 ], [ 25258.099999999998545, 12130.0 ], [ 25258.099999999998545, 12079.04142135623988 ], [ 25378.04142135623988, 11959.1 ], [ 25395.0, 11959.1 ], [ 25395.009801714033529, 11959.099518472667114 ], [ 25395.019509032201313, 11959.098078528040787 ], [ 25395.029028467724856, 11959.095694033572727 ], [ 25395.038268343236268, 11959.092387953251091 ], [ 25395.047139673682977, 11959.088192126435388 ], [ 25395.055557023300935, 11959.083146961229431 ], [ 25395.06343932841628, 11959.077301045335844 ], [ 25395.070710678119212, 11959.070710678119212 ], [ 25430.04142135623988, 11924.1 ] ] ] } },
{ "type": "Feature", "properties": { "tissue_id": 2 }, "geometry": { "type": "Polygon", "coordinates": [ [ [ 7062.0, 256.9 ], [ 7061.990553674138937, 256.900447165144669 ], [ 7061.981191829631825, 256.90178466144539 ], [ 7061.971998192288993, 256.904000527267556 ], [ 7061.963054983593793, 256.907074945451996 ], [ 7061.954442185370681, 256.910980420545684 ], [ 7061.946236824483094, 256.91568202470188 ], [ 7061.938512283959426, 256.921137710050573 ], [ 7061.931337646703469, 256.92729868474504 ], [ 7043.960242136433408, 273.9 ], [ 6993.0, 273.9 ], [ 6992.989843022748573, 273.900517158197431 ], [ 6992.979791100778129, 273.902063283737675 ], [ 6992.969948202765408, 273.904622384790798 ], [ 6992.960416135419109, 273.908167992155086 ], [ 6992.95129349047329, 273.912663433032208 ], [ 6992.942674624940992, 273.918062210340167 ], [ 6992.934648685160937, 273.924308483640175 ], [ 6992.927298684745438, 273.931337646703639 ], [ 6975.956895351077037, 291.9 ], [ 6907.0, 291.9 ], [ 6906.990198285967381, 291.900481527332772 ], [ 6906.980490967798687, 291.901921471959668 ], [ 6906.970971532274234, 291.904305966426762 ], [ 6906.961731656763732, 291.907612046748852 ], [ 6906.952860326317932, 291.911807873565067 ], [ 6906.944442976698156, 291.916853038769659 ], [ 6906.93656067158372, 291.922698954663588 ], [ 6906.929289321881697, 291.929289321881356 ], [ 6889.958578643762849, 308.9 ], [ 6838.0, 308.9 ], [ 6837.990198285967381, 308.900481527332772 ], [ 6837.980490967798687, 308.901921471959668 ], [ 6837.970971532274234, 308.904305966426762 ], [ 6837.961731656763732, 308.907612046748852 ], [ 6837.952860326317932, 308.911807873565067 ], [ 6837.944442976698156, 308.916853038769659 ], [ 6837.93656067158372, 308.922698954663588 ], [ 6837.929289321881697, 308.929289321881356 ], [ 6820.958578643762849, 325.9 ], [ 6735.0, 325.9 ], [ 6734.990198285967381, 325.900481527332772 ], [ 6734.980490967798687, 325.901921471959668 ], [ 6734.970971532274234, 325.904305966426762 ], [ 6734.961731656763732, 325.907612046748852 ], [ 6734.952860326317932, 325.911807873565067 ], [ 6734.944442976698156, 325.916853038769659 ], [ 6734.93656067158372, 325.922698954663588 ], [ 6734.929289321881697, 325.929289321881356 ], [ 6718.0, 342.858578643763053 ], [ 6701.070710678118303, 325.929289321881356 ], [ 6701.06343932841628, 325.922698954663588 ], [ 6701.055557023301844, 325.916853038769659 ], [ 6701.047139673682068, 325.911807873565067 ], [ 6701.038268343236268, 325.907612046748852 ], [ 6701.029028467725766, 325.904305966426762 ], [ 6701.019509032201313, 325.901921471959668 ], [ 6701.009801714032619, 325.900481527332772 ], [ 6701.0, 325.9 ], [ 6580.0, 325.9 ], [ 6579.990198285967381, 325.900481527332772 ], [ 6579.980490967798687, 325.901921471959668 ], [ 6579.970971532274234, 325.904305966426762 ], [ 6579.961731656763732, 325.907612046748852 ], [ 6579.952860326317932, 325.911807873565067 ], [ 6579.944442976698156, 325.916853038769659 ], [ 6579.93656067158372, 325.922698954663588 ], [ 6579.929289321881697, 325.929289321881356 ], [ 6563.0, 342.858578643763053 ], [ 6546.070710678118303, 325.929289321881356 ], [ 6546.06343932841628, 325.922698954663588 ], [ 6546.055557023301844, 325.916853038769659 ], [ 6546.047139673682068, 325.911807873565067 ], [ 6546.038268343236268, 325.907612046748852 ], [ 6546.029028467725766, 325.904305966426762 ], [ 6546.019509032201313, 325.901921471959668 ], [ 6546.009801714032619, 325.900481527332772 ], [ 6546.0, 325.9 ], [ 6545.990198285967381, 325.900481527332772 ], [ 6545.980490967798687, 325.901921471959668 ], [ 6545.970971532274234, 325.904305966426762 ], [ 6545.961731656763732, 325.907612046748852 ], [ 6545.952860326317932, 325.911807873565067 ], [ 6545.944442976698156, 325.916853038769659 ], [ 6545.93656067158372, 325.922698954663588 ], [ 6545.929289321881697, 325.929289321881356 ], [ 6528.958578643762849, 342.9 ], [ 6495.0, 342.9 ], [ 6494.990553674138937, 342.900447165144669 ], [ 6494.981191829631825, 342.90178466144539 ], [ 6494.971998192288993, 342.904000527267556 ], [ 6494.963054983593793, 342.907074945451996 ], [ 6494.954442185370681, 342.910980420545684 ], [ 6494.946236824483094, 342.91568202470188 ], [ 6494.938512283959426, 342.921137710050573 ], [ 6494.931337646703469, 342.92729868474504 ], [ 6476.960242136433408, 359.9 ], [ 6443.0, 359.9 ], [ 6442.989843022748573, 359.900517158197431 ], [ 6442.979791100778129, 359.902063283737675 ], [ 6442.969948202765408, 359.904622384790798 ], [ 6442.960416135419109, 359.908167992155086 ], [ 6442.95129349047329, 359.912663433032208 ], [ 6442.942674624940992, 359.918062210340167 ], [ 6442.934648685160937, 359.924308483640175 ], [ 6442.927298684745438, 359.931337646703639 ], [ 6425.956895351077037, 377.9 ], [ 6409.0, 377.9 ], [ 6408.990553674138937, 377.900447165144669 ], [ 6408.981191829631825, 377.90178466144539 ], [ 6408.971998192288993, 377.904000527267556 ], [ 6408.963054983593793, 377.907074945451996 ], [ 6408.954442185370681, 377.910980420545684 ], [ 6408.946236824483094, 377.91568202470188 ], [ 6408.938512283959426, 377.921137710050573 ], [ 6408.931337646703469, 377.92729868474504 ], [ 6390.960242136433408, 394.9 ], [ 6357.0, 394.9 ], [ 6356.990198285967381, 394.900481527332772 ], [ 6356.980490967798687, 394.901921471959668 ], [ 6356.970971532274234, 394.904305966426762 ], [ 6356.961731656763732, 394.907612046748852 ], [ 6356.952860326317932, 394.911807873565067 ], [ 6356.944442976698156, 394.916853038769659 ], [ 6356.93656067158372, 394.922698954663588 ], [ 6356.929289321881697, 394.929289321881356 ], [ 6339.958578643762849, 411.9 ], [ 6288.0, 411.9 ], [ 6287.990198285967381, 411.900481527332772 ], [ 6287.980490967798687, 411.901921471959668 ], [ 6287.970971532274234, 411.904305966426762 ], [ 6287.961731656763732, 411.907612046748852 ], [ 6287.952860326317932, 411.911807873565067 ], [ 6287.944442976698156, 411.916853038769659 ], [ 6287.93656067158372, 411.922698954663588 ], [ 6287.929289321881697, 411.929289321881356 ], [ 6270.958578643762849, 428.9 ], [ 6254.0, 428.9 ], [ 6253.990198285967381, 428.900481527332772 ], [ 6253.980490967798687, 428.901921471959668 ], [ 6253.970971532274234, 428.904305966426762 ], [ 6253.961731656763732, 428.907612046748852 ], [ 6253.952860326317023, 428.911807873565181 ], [ 6253.944442976698156, 428.916853038769773 ], [ 6253.93656067158372, 428.922698954663701 ], [ 6253.929289321881697, 428.929289321881356 ], [ 6253.922698954664156, 428.936560671583663 ], [ 6253.916853038769659, 428.944442976698042 ], [ 6253.911807873565522, 428.95286032631742 ], [ 6253.907612046748909, 428.961731656763504 ], [ 6253.904305966426364, 428.970971532274575 ], [ 6253.901921471960122, 428.980490967798403 ], [ 6253.900481527332886, 428.99019828596704 ], [ 6253.899999999999636, 429.0 ], [ 6253.899999999999636, 1029.960242136434545 ], [ 6236.956895351077037, 1047.9 ], [ 5979.0, 1047.9 ], [ 5978.990198285967381, 1047.900481527332886 ], [ 5978.980490967798687, 1047.901921471959668 ], [ 5978.970971532274234, 1047.904305966426818 ], [ 5978.961731656763732, 1047.907612046748909 ], [ 5978.952860326317932, 1047.911807873565067 ], [ 5978.944442976698156, 1047.916853038769659 ], [ 5978.93656067158372, 1047.922698954663474 ], [ 5978.929289321881697, 1047.929289321881242 ], [ 5961.929289321881697, 1064.929289321881242 ], [ 5961.922698954664156, 1064.936560671583493 ], [ 5961.916853038769659, 1064.944442976697928 ], [ 5961.911807873565522, 1064.95286032631725 ], [ 5961.907612046748909, 1064.961731656763277 ], [ 5961.904305966426364, 1064.970971532274461 ], [ 5961.901921471960122, 1064.980490967798232 ], [ 5961.900481527332886, 1064.990198285966926 ], [ 5961.899999999999636, 1065.0 ], [ 5961.899999999999636, 1081.958578643763303 ], [ 5944.929289321881697, 1098.929289321881242 ], [ 5944.922698954664156, 1098.936560671583493 ], [ 5944.916853038769659, 1098.944442976697928 ], [ 5944.911807873565522, 1098.95286032631725 ], [ 5944.907612046748909, 1098.961731656763277 ], [ 5944.904305966426364, 1098.970971532274461 ], [ 5944.901921471960122, 1098.980490967798232 ], [ 5944.900481527332886, 1098.990198285966926 ], [ 5944.899999999999636, 1099.0 ], [ 5944.899999999999636, 1133.958578643763303 ], [ 5927.929289321881697, 1150.929289321881242 ], [ 5927.922698954664156, 1150.936560671583493 ], [ 5927.916853038769659, 1150.944442976697928 ], [ 5927.911807873565522, 1150.95286032631725 ], [ 5927.907612046748909, 1150.961731656763277 ], [ 5927.904305966426364, 1150.970971532274461 ], [ 5927.901921471960122, 1150.980490967798232 ], [ 5927.900481527332886, 1150.990198285966926 ], [ 5927.899999999999636, 1151.0 ], [ 5927.899999999999636, 1167.956895351076355 ], [ 5909.931337646703469, 1184.927298684744983 ], [ 5909.924308483640743, 1184.934648685161164 ], [ 5909.918062210340395, 1184.942674624940764 ], [ 5909.912663433032321, 1184.951293490473063 ], [ 5909.908167992155541, 1184.960416135418882 ], [ 5909.904622384790855, 1184.969948202765636 ], [ 5909.902063283737334, 1184.979791100778129 ], [ 5909.900517158197545, 1184.989843022748573 ], [ 5909.899999999999636, 1185.0 ], [ 5909.899999999999636, 1201.958578643763303 ], [ 5892.929289321881697, 1218.929289321881242 ], [ 5892.922698954664156, 1218.936560671583493 ], [ 5892.916853038769659, 1218.944442976697928 ], [ 5892.911807873565522, 1218.95286032631725 ], [ 5892.907612046748909, 1218.961731656763277 ], [ 5892.904305966426364, 1218.970971532274461 ], [ 5892.901921471960122, 1218.980490967798232 ], [ 5892.900481527332886, 1218.990198285966926 ], [ 5892.899999999999636, 1219.0 ], [ 5892.899999999999636, 1236.958578643763303 ], [ 5875.929289321881697, 1253.929289321881242 ], [ 5875.922698954664156, 1253.936560671583493 ], [ 5875.916853038769659, 1253.944442976697928 ], [ 5875.911807873565522, 1253.95286032631725 ], [ 5875.907612046748909, 1253.961731656763277 ], [ 5875.904305966426364, 1253.970971532274461 ], [ 5875.901921471960122, 1253.980490967798232 ], [ 5875.900481527332886, 1253.990198285966926 ], [ 5875.899999999999636, 1254.0 ], [ 5875.899999999999636, 1287.958578643763303 ], [ 5858.929289321881697, 1304.929289321881242 ], [ 5858.922698954664156, 1304.936560671583493 ], [ 5858.916853038769659, 1304.944442976697928 ], [ 5858.911807873565522, 1304.95286032631725 ], [ 5858.907612046748909, 1304.961731656763277 ], [ 5858.904305966426364, 1304.970971532274461 ], [ 5858.901921471960122, 1304.980490967798232 ], [ 5858.900481527332886, 1304.990198285966926 ], [ 5858.899999999999636, 1305.0 ], [ 5858.899999999999636, 1322.958578643763303 ], [ 5841.929289321881697, 1339.929289321881242 ], [ 5841.922698954664156, 1339.936560671583493 ], [ 5841.916853038769659, 1339.944442976697928 ], [ 5841.911807873565522, 1339.95286032631725 ], [ 5841.907612046748909, 1339.961731656763277 ], [ 5841.904305966426364, 1339.970971532274461 ], [ 5841.901921471960122, 1339.980490967798232 ], [ 5841.900481527332886, 1339.990198285966926 ], [ 5841.899999999999636, 1340.0 ], [ 5841.899999999999636, 1373.956895351076355 ], [ 5823.931337646703469, 1390.927298684744983 ], [ 5823.924308483640743, 1390.934648685161164 ], [ 5823.918062210340395, 1390.942674624940764 ], [ 5823.912663433032321, 1390.951293490473063 ], [ 5823.908167992155541, 1390.960416135418882 ], [ 5823.904622384790855, 1390.969948202765636 ], [ 5823.902063283737334, 1390.979791100778129 ], [ 5823.900517158197545, 1390.989843022748573 ], [ 5823.899999999999636, 1391.0 ], [ 5823.899999999999636, 1407.960242136434545 ], [ 5806.927298684745438, 1425.931337646703696 ], [ 5806.921137710050971, 1425.938512283958971 ], [ 5806.915682024701709, 1425.946236824483321 ], [ 5806.910980420545457, 1425.954442185370908 ], [ 5806.907074945452223, 1425.963054983593793 ], [ 5806.904000527267272, 1425.971998192288765 ], [ 5806.901784661445163, 1425.981191829631825 ], [ 5806.900447165145124, 1425.990553674139164 ], [ 5806.899999999999636, 1426.0 ], [ 5806.899999999999636, 1442.958578643763303 ], [ 5789.929289321881697, 1459.929289321881242 ], [ 5789.922698954664156, 1459.936560671583493 ], [ 5789.916853038769659, 1459.944442976697928 ], [ 5789.911807873565522, 1459.95286032631725 ], [ 5789.907612046748909, 1459.961731656763277 ], [ 5789.904305966426364, 1459.970971532274461 ], [ 5789.901921471960122, 1459.980490967798232 ], [ 5789.900481527332886, 1459.990198285966926 ], [ 5789.899999999999636, 1460.0 ], [ 5789.899999999999636, 1476.958578643763303 ], [ 5772.929289321881697, 1493.929289321881242 ], [ 5772.922698954664156, 1493.936560671583493 ], [ 5772.916853038769659, 1493.944442976697928 ], [ 5772.911807873565522, 1493.95286032631725 ], [ 5772.907612046748909, 1493.961731656763277 ], [ 5772.904305966426364, 1493.970971532274461 ], [ 5772.901921471960122, 1493.980490967798232 ], [ 5772.900481527332886, 1493.990198285966926 ], [ 5772.899999999999636, 1494.0 ], [ 5772.899999999999636, 1528.958578643763303 ], [ 5755.929289321881697, 1545.929289321881242 ], [ 5755.922698954664156, 1545.936560671583493 ], [ 5755.916853038769659, 1545.944442976697928 ], [ 5755.911807873565522, 1545.95286032631725 ], [ 5755.907612046748909, 1545.961731656763277 ], [ 5755.904305966426364, 1545.970971532274461 ], [ 5755.901921471960122, 1545.980490967798232 ], [ 5755.900481527332886, 1545.990198285966926 ], [ 5755.899999999999636, 1546.0 ], [ 5755.899999999999636, 1579.958578643763303 ], [ 5738.929289321881697, 1596.929289321881242 ], [ 5738.922698954664156, 1596.936560671583493 ], [ 5738.916853038769659, 1596.944442976697928 ], [ 5738.911807873565522, 1596.95286032631725 ], [ 5738.907612046748909, 1596.961731656763277 ], [ 5738.904305966426364, 1596.970971532274461 ], [ 5738.901921471960122, 1596.980490967798232 ], [ 5738.900481527332886, 1596.990198285966926 ], [ 5738.899999999999636, 1597.0 ], [ 5738.899999999999636, 1614.956895351076355 ], [ 5720.931337646703469, 1631.927298684744983 ], [ 5720.924308483640743, 1631.934648685161164 ], [ 5720.918062210340395, 1631.942674624940764 ], [ 5720.912663433032321, 1631.951293490473063 ], [ 5720.908167992155541, 1631.960416135418882 ], [ 5720.904622384790855, 1631.969948202765636 ], [ 5720.902063283737334, 1631.979791100778129 ], [ 5720.900517158197545, 1631.989843022748573 ], [ 5720.899999999999636, 1632.0 ], [ 5720.899999999999636, 1665.958578643763303 ], [ 5703.929289321881697, 1682.929289321881242 ], [ 5703.922698954664156, 1682.936560671583493 ], [ 5703.916853038769659, 1682.944442976697928 ], [ 5703.911807873565522, 1682.95286032631725 ], [ 5703.907612046748909, 1682.961731656763277 ], [ 5703.904305966426364, 1682.970971532274461 ], [ 5703.901921471960122, 1682.980490967798232 ], [ 5703.900481527332886, 1682.990198285966926 ], [ 5703.899999999999636, 1683.0 ], [ 5703.899999999999636, 1700.958578643763303 ], [ 5686.929289321881697, 1717.929289321881242 ], [ 5686.922698954664156, 1717.936560671583493 ], [ 5686.916853038769659, 1717.944442976697928 ], [ 5686.911807873565522, 1717.95286032631725 ], [ 5686.907612046748909, 1717.961731656763277 ], [ 5686.904305966426364, 1717.970971532274461 ], [ 5686.901921471960122, 1717.980490967798232 ], [ 5686.900481527332886, 1717.990198285966926 ], [ 5686.899999999999636, 1718.0 ], [ 5686.899999999999636, 1734.958578643763303 ], [ 5669.929289321881697, 1751.929289321881242 ], [ 5669.922698954664156, 1751.936560671583493 ], [ 5669.916853038769659, 1751.944442976697928 ], [ 5669.911807873565522, 1751.95286032631725 ], [ 5669.907612046748909, 1751.961731656763277 ], [ 5669.904305966426364, 1751.970971532274461 ], [ 5669.901921471960122, 1751.980490967798232 ], [ 5669.900481527332886, 1751.990198285966926 ], [ 5669.899999999999636, 1752.0 ], [ 5669.899999999999636, 1785.960242136434545 ], [ 5652.929260466274172, 1803.929260466261894 ], [ 5634.931337646703469, 1820.927298684744983 ], [ 5634.924308483640743, 1820.934648685161164 ], [ 5634.918062210340395, 1820.942674624940764 ], [ 5634.912663433032321, 1820.951293490473063 ], [ 5634.908167992155541, 1820.960416135418882 ], [ 5634.904622384790855, 1820.969948202765636 ], [ 5634.902063283737334, 1820.979791100778129 ], [ 5634.900517158197545, 1820.989843022748573 ], [ 5634.899999999999636, 1821.0 ], [ 5634.899999999999636, 1854.958578643763303 ], [ 5617.929289321881697, 1871.929289321881242 ], [ 5617.922698954664156, 1871.936560671583493 ], [ 5617.916853038769659, 1871.944442976697928 ], [ 5617.911807873565522, 1871.95286032631725 ], [ 5617.907612046748909, 1871.961731656763277 ], [ 5617.904305966426364, 1871.970971532274461 ], [ 5617.901921471960122, 1871.980490967798232 ], [ 5617.900481527332886, 1871.990198285966926 ], [ 5617.899999999999636, 1872.0 ], [ 5617.899999999999636, 1906.958578643763303 ], [ 5600.929289321881697, 1923.929289321881242 ], [ 5600.922698954664156, 1923.936560671583493 ], [ 5600.916853038769659, 1923.944442976697928 ], [ 5600.911807873565522, 1923.95286032631725 ], [ 5600.907612046748909, 1923.961731656763277 ], [ 5600.904305966426364, 1923.970971532274461 ], [ 5600.901921471960122, 1923.980490967798232 ], [ 5600.900481527332886, 1923.990198285966926 ], [ 5600.899999999999636, 1924.0 ], [ 5600.899999999999636, 1975.958578643763303 ], [ 5583.929289321881697, 1992.929289321881242 ], [ 5583.922698954664156, 1992.936560671583493 ], [ 5583.916853038769659, 1992.944442976697928 ], [ 5583.911807873565522, 1992.95286032631725 ], [ 5583.907612046748909, 1992.961731656763277 ], [ 5583.904305966426364, 1992.970971532274461 ], [ 5583.901921471960122, 1992.980490967798232 ], [ 5583.900481527332886, 1992.990198285966926 ], [ 5583.899999999999636, 1993.0 ], [ 5583.899999999999636, 2026.958578643763303 ], [ 5566.929289321881697, 2043.929289321881242 ], [ 5566.922698954664156, 2043.936560671583493 ], [ 5566.916853038769659, 2043.944442976697928 ], [ 5566.911807873565522, 2043.95286032631725 ], [ 5566.907612046748909, 2043.961731656763277 ], [ 5566.904305966426364, 2043.970971532274461 ], [ 5566.901921471960122, 2043.980490967798232 ], [ 5566.900481527332886, 2043.990198285966926 ], [ 5566.899999999999636, 2044.0 ], [ 5566.899999999999636, 2078.958578643763303 ], [ 5549.929289321881697, 2095.929289321881242 ], [ 5549.922698954664156, 2095.936560671583266 ], [ 5549.916853038769659, 2095.944442976697701 ], [ 5549.911807873565522, 2095.952860326317023 ], [ 5549.907612046748909, 2095.961731656763277 ], [ 5549.904305966426364, 2095.970971532274234 ], [ 5549.901921471960122, 2095.980490967798232 ], [ 5549.900481527332886, 2095.990198285966926 ], [ 5549.899999999999636, 2096.0 ], [ 5549.899999999999636, 2129.956895351076582 ], [ 5531.931337646703469, 2146.927298684744983 ], [ 5531.924308483640743, 2146.934648685160937 ], [ 5531.918062210340395, 2146.942674624940992 ], [ 5531.912663433032321, 2146.95129349047329 ], [ 5531.908167992155541, 2146.960416135418654 ], [ 5531.904622384790855, 2146.969948202765863 ], [ 5531.902063283737334, 2146.979791100778129 ], [ 5531.900517158197545, 2146.989843022748573 ], [ 5531.899999999999636, 2147.0 ], [ 5531.899999999999636, 2181.958578643763303 ], [ 5514.929289321881697, 2198.929289321881242 ], [ 5514.922698954664156, 2198.936560671583266 ], [ 5514.916853038769659, 2198.944442976697701 ], [ 5514.911807873565522, 2198.952860326317023 ], [ 5514.907612046748909, 2198.961731656763277 ], [ 5514.904305966426364, 2198.970971532274234 ], [ 5514.901921471960122, 2198.980490967798232 ], [ 5514.900481527332886, 2198.990198285966926 ], [ 5514.899999999999636, 2199.0 ], [ 5514.899999999999636, 2232.958578643763303 ], [ 5497.929289321881697, 2249.929289321881242 ], [ 5497.922698954664156, 2249.936560671583266 ], [ 5497.916853038769659, 2249.944442976697701 ], [ 5497.911807873565522, 2249.952860326317023 ], [ 5497.907612046748909, 2249.961731656763277 ], [ 5497.904305966426364, 2249.970971532274234 ], [ 5497.901921471960122, 2249.980490967798232 ], [ 5497.900481527332886, 2249.990198285966926 ], [ 5497.899999999999636, 2250.0 ], [ 5497.899999999999636, 2284.958578643763303 ], [ 5480.929289321881697, 2301.929289321881242 ], [ 5480.922698954664156, 2301.936560671583266 ], [ 5480.916853038769659, 2301.944442976697701 ], [ 5480.911807873565522, 2301.952860326317023 ], [ 5480.907612046748909, 2301.961731656763277 ], [ 5480.904305966426364, 2301.970971532274234 ], [ 5480.901921471960122, 2301.980490967798232 ], [ 5480.900481527332886, 2301.990198285966926 ], [ 5480.899999999999636, 2302.0 ], [ 5480.899999999999636, 2335.960242136434317 ], [ 5463.927298684745438, 2353.931337646703469 ], [ 5463.921137710050971, 2353.938512283958971 ], [ 5463.915682024701709, 2353.946236824483094 ], [ 5463.910980420545457, 2353.954442185370681 ], [ 5463.907074945452223, 2353.963054983593793 ], [ 5463.904000527267272, 2353.971998192288538 ], [ 5463.901784661445163, 2353.981191829631825 ], [ 5463.900447165145124, 2353.990553674138937 ], [ 5463.899999999999636, 2354.0 ], [ 5463.899999999999636, 2387.956895351076582 ], [ 5445.931337646703469, 2404.927298684744983 ], [ 5445.924308483640743, 2404.934648685160937 ], [ 5445.918062210340395, 2404.942674624940992 ], [ 5445.912663433032321, 2404.95129349047329 ], [ 5445.908167992155541, 2404.960416135418654 ], [ 5445.904622384790855, 2404.969948202765863 ], [ 5445.902063283737334, 2404.979791100778129 ], [ 5445.900517158197545, 2404.989843022748573 ], [ 5445.899999999999636, 2405.0 ], [ 5445.899999999999636, 2456.958578643763303 ], [ 5428.929289321881697, 2473.929289321881242 ], [ 5428.922698954664156, 2473.936560671583266 ], [ 5428.916853038769659, 2473.944442976697701 ], [ 5428.911807873565522, 2473.952860326317023 ], [ 5428.907612046748909, 2473.961731656763277 ], [ 5428.904305966426364, 2473.970971532274234 ], [ 5428.901921471960122, 2473.980490967798232 ], [ 5428.900481527332886, 2473.990198285966926 ], [ 5428.899999999999636, 2474.0 ], [ 5428.899999999999636, 2490.958578643763303 ], [ 5411.929289321881697, 2507.929289321881242 ], [ 5411.922698954664156, 2507.936560671583266 ], [ 5411.916853038769659, 2507.944442976697701 ], [ 5411.911807873565522, 2507.952860326317023 ], [ 5411.907612046748909, 2507.961731656763277 ], [ 5411.904305966426364, 2507.970971532274234 ], [ 5411.901921471960122, 2507.980490967798232 ], [ 5411.900481527332886, 2507.990198285966926 ], [ 5411.899999999999636, 2508.0 ], [ 5411.899999999999636, 2559.958578643763303 ], [ 5394.929289321881697, 2576.929289321881242 ], [ 5394.922698954664156, 2576.936560671583266 ], [ 5394.916853038769659, 2576.944442976697701 ], [ 5394.911807873565522, 2576.952860326317023 ], [ 5394.907612046748909, 2576.961731656763277 ], [ 5394.904305966426364, 2576.970971532274234 ], [ 5394.901921471960122, 2576.980490967798232 ], [ 5394.900481527332886, 2576.990198285966926 ], [ 5394.899999999999636, 2577.0 ], [ 5394.899999999999636, 2610.958578643763303 ], [ 5377.929289321881697, 2627.929289321881242 ], [ 5377.922698954664156, 2627.936560671583266 ], [ 5377.916853038769659, 2627.944442976697701 ], [ 5377.911807873565522, 2627.952860326317023 ], [ 5377.907612046748909, 2627.961731656763277 ], [ 5377.904305966426364, 2627.970971532274234 ], [ 5377.901921471960122, 2627.980490967798232 ], [ 5377.900481527332886, 2627.990198285966926 ], [ 5377.899999999999636, 2628.0 ], [ 5377.899999999999636, 2645.956895351076582 ], [ 5359.931337646703469, 2662.927298684744983 ], [ 5359.924308483640743, 2662.934648685160937 ], [ 5359.918062210340395, 2662.942674624940992 ], [ 5359.912663433032321, 2662.95129349047329 ], [ 5359.908167992155541, 2662.960416135418654 ], [ 5359.904622384790855, 2662.969948202765863 ], [ 5359.902063283737334, 2662.979791100778129 ], [ 5359.900517158197545, 2662.989843022748573 ], [ 5359.899999999999636, 2663.0 ], [ 5359.899999999999636, 2696.958578643763303 ], [ 5342.929289321881697, 2713.929289321881242 ], [ 5342.922698954664156, 2713.936560671583266 ], [ 5342.916853038769659, 2713.944442976697701 ], [ 5342.911807873565522, 2713.952860326317023 ], [ 5342.907612046748909, 2713.961731656763277 ], [ 5342.904305966426364, 2713.970971532274234 ], [ 5342.901921471960122, 2713.980490967798232 ], [ 5342.900481527332886, 2713.990198285966926 ], [ 5342.899999999999636, 2714.0 ], [ 5342.899999999999636, 2765.958578643763303 ], [ 5325.929289321881697, 2782.929289321881242 ], [ 5325.922698954664156, 2782.936560671583266 ], [ 5325.916853038769659, 2782.944442976697701 ], [ 5325.911807873565522, 2782.952860326317023 ], [ 5325.907612046748909, 2782.961731656763277 ], [ 5325.904305966426364, 2782.970971532274234 ], [ 5325.901921471960122, 2782.980490967798232 ], [ 5325.900481527332886, 2782.990198285966926 ], [ 5325.899999999999636, 2783.0 ], [ 5325.899999999999636, 2799.958578643763303 ], [ 5308.929289321881697, 2816.929289321881242 ], [ 5308.922698954664156, 2816.936560671583266 ], [ 5308.916853038769659, 2816.944442976697701 ], [ 5308.911807873565522, 2816.952860326317023 ], [ 5308.907612046748909, 2816.961731656763277 ], [ 5308.904305966426364, 2816.970971532274234 ], [ 5308.901921471960122, 2816.980490967798232 ], [ 5308.900481527332886, 2816.990198285966926 ], [ 5308.899999999999636, 2817.0 ], [ 5308.899999999999636, 2851.958578643763303 ], [ 5291.929289321881697, 2868.929289321881242 ], [ 5291.922698954664156, 2868.936560671583266 ], [ 5291.916853038769659, 2868.944442976697701 ], [ 5291.911807873565522, 2868.952860326317023 ], [ 5291.907612046748909, 2868.961731656763277 ], [ 5291.904305966426364, 2868.970971532274234 ], [ 5291.901921471960122, 2868.980490967798232 ], [ 5291.900481527332886, 2868.990198285966926 ], [ 5291.899999999999636, 2869.0 ], [ 5291.899999999999636, 2920.958578643763303 ], [ 5274.929289321881697, 2937.929289321881242 ], [ 5274.922698954664156, 2937.936560671583266 ], [ 5274.916853038769659, 2937.944442976697701 ], [ 5274.911807873565522, 2937.952860326317023 ], [ 5274.907612046748909, 2937.961731656763277 ], [ 5274.904305966426364, 2937.970971532274234 ], [ 5274.901921471960122, 2937.980490967798232 ], [ 5274.900481527332886, 2937.990198285966926 ], [ 5274.899999999999636, 2938.0 ], [ 5274.899999999999636, 2971.956895351076582 ], [ 5256.931337646703469, 2988.927298684744983 ], [ 5256.924308483640743, 2988.934648685160937 ], [ 5256.918062210340395, 2988.942674624940992 ], [ 5256.912663433032321, 2988.95129349047329 ], [ 5256.908167992155541, 2988.960416135418654 ], [ 5256.904622384790855, 2988.969948202765863 ], [ 5256.902063283737334, 2988.979791100778129 ], [ 5256.900517158197545, 2988.989843022748573 ], [ 5256.899999999999636, 2989.0 ], [ 5256.899999999999636, 3023.958578643763303 ], [ 5239.929289321881697, 3040.929289321881242 ], [ 5239.922698954664156, 3040.936560671583266 ], [ 5239.916853038769659, 3040.944442976697701 ], [ 5239.911807873565522, 3040.952860326317023 ], [ 5239.907612046748909, 3040.961731656763277 ], [ 5239.904305966426364, 3040.970971532274234 ], [ 5239.901921471960122, 3040.980490967798232 ], [ 5239.900481527332886, 3040.990198285966926 ], [ 5239.899999999999636, 3041.0 ], [ 5239.899999999999636, 3074.958578643763303 ], [ 5222.929289321881697, 3091.929289321881242 ], [ 5222.922698954664156, 3091.936560671583266 ], [ 5222.916853038769659, 3091.944442976697701 ], [ 5222.911807873565522, 3091.952860326317023 ], [ 5222.907612046748909, 3091.961731656763277 ], [ 5222.904305966426364, 3091.970971532274234 ], [ 5222.901921471960122, 3091.980490967798232 ], [ 5222.900481527332886, 3091.990198285966926 ], [ 5222.899999999999636, 3092.0 ], [ 5222.899999999999636, 3109.958578643763303 ], [ 5205.929289321881697, 3126.929289321881242 ], [ 5205.922698954664156, 3126.936560671583266 ], [ 5205.916853038769659, 3126.944442976697701 ], [ 5205.911807873565522, 3126.952860326317023 ], [ 5205.907612046748909, 3126.961731656763277 ], [ 5205.904305966426364, 3126.970971532274234 ], [ 5205.901921471960122, 3126.980490967798232 ], [ 5205.900481527332886, 3126.990198285966926 ], [ 5205.899999999999636, 3127.0 ], [ 5205.899999999999636, 3194.960242136434317 ], [ 5188.927298684745438, 3212.931337646703469 ], [ 5188.921028066147301, 3212.9386531690825 ], [ 5188.915490603440048, 3212.946538220258844 ], [ 5188.910737705056818, 3212.954919597367279 ], [ 5188.906813495729693, 3212.963719489778214 ], [ 5188.903754406847838, 3212.972856201467494 ], [ 5188.901588838234602, 3212.982244909464953 ], [ 5188.900336894492284, 3212.991798451329032 ], [ 5188.900010198358359, 3213.00142813434104 ], [ 5188.900611782798478, 3213.011044558907543 ], [ 5188.902136062850332, 3213.020558448522479 ], [ 5188.904568887477581, 3213.029881478588777 ], [ 5188.907887670935452, 3213.038927096402858 ], [ 5188.912061602462018, 3213.047611324687296 ], [ 5188.917051932308823, 3213.055853541215583 ], [ 5188.922812331488785, 3213.063577227289443 ], [ 5188.929289321881697, 3213.070710678118758 ], [ 5205.899999999999636, 3230.041421356236697 ], [ 5205.899999999999636, 3246.958578643763303 ], [ 5188.930299268364251, 3263.928279375398688 ], [ 5170.931337646703469, 3280.927298684744983 ], [ 5170.924308483640743, 3280.934648685160937 ], [ 5170.918062210340395, 3280.942674624940992 ], [ 5170.912663433032321, 3280.95129349047329 ], [ 5170.908167992155541, 3280.960416135418654 ], [ 5170.904622384790855, 3280.969948202765863 ], [ 5170.902063283737334, 3280.979791100778129 ], [ 5170.900517158197545, 3280.989843022748573 ], [ 5170.899999999999636, 3281.0 ], [ 5170.899999999999636, 3298.958578643763303 ], [ 5153.929289321881697, 3315.929289321881242 ], [ 5153.922698954664156, 3315.936560671583266 ], [ 5153.916853038769659, 3315.944442976697701 ], [ 5153.911807873565522, 3315.952860326317023 ], [ 5153.907612046748909, 3315.961731656763277 ], [ 5153.904305966426364, 3315.970971532274234 ], [ 5153.901921471960122, 3315.980490967798232 ], [ 5153.900481527332886, 3315.990198285966926 ], [ 5153.899999999999636, 3316.0 ], [ 5153.899999999999636, 3349.958578643763303 ], [ 5136.929289321881697, 3366.929289321881242 ], [ 5136.922698954664156, 3366.936560671583266 ], [ 5136.916853038769659, 3366.944442976697701 ], [ 5136.911807873565522, 3366.952860326317023 ], [ 5136.907612046748909, 3366.961731656763277 ], [ 5136.904305966426364, 3366.970971532274234 ], [ 5136.901921471960122, 3366.980490967798232 ], [ 5136.900481527332886, 3366.990198285966926 ], [ 5136.899999999999636, 3367.0 ], [ 5136.899999999999636, 3418.958578643763303 ], [ 5119.929289321881697, 3435.929289321881242 ], [ 5119.922698954664156, 3435.936560671583266 ], [ 5119.916853038769659, 3435.944442976697701 ], [ 5119.911807873565522, 3435.952860326317023 ], [ 5119.907612046748909, 3435.961731656763277 ], [ 5119.904305966426364, 3435.970971532274234 ], [ 5119.901921471960122, 3435.980490967798232 ], [ 5119.900481527332886, 3435.990198285966926 ], [ 5119.899999999999636, 3436.0 ], [ 5119.899999999999636, 3452.958578643763303 ], [ 5102.929289321881697, 3469.929289321881242 ], [ 5102.922698954664156, 3469.936560671583266 ], [ 5102.916853038769659, 3469.944442976697701 ], [ 5102.911807873565522, 3469.952860326317023 ], [ 5102.907612046748909, 3469.961731656763277 ], [ 5102.904305966426364, 3469.970971532274234 ], [ 5102.901921471960122, 3469.980490967798232 ], [ 5102.900481527332886, 3469.990198285966926 ], [ 5102.899999999999636, 3470.0 ], [ 5102.899999999999636, 3487.958578643763303 ], [ 5085.929289321881697, 3504.929289321881242 ], [ 5085.922698954664156, 3504.936560671583266 ], [ 5085.916853038769659, 3504.944442976697701 ], [ 5085.911807873565522, 3504.952860326317023 ], [ 5085.907612046748909, 3504.961731656763277 ], [ 5085.904305966426364, 3504.970971532274234 ], [ 5085.901921471960122, 3504.980490967798232 ], [ 5085.900481527332886, 3504.990198285966926 ], [ 5085.899999999999636, 3505.0 ], [ 5085.899999999999636, 3555.956895351076582 ], [ 5067.931337646703469, 3572.927298684744983 ], [ 5067.924308483640743, 3572.934648685160937 ], [ 5067.918062210340395, 3572.942674624940992 ], [ 5067.912663433032321, 3572.95129349047329 ], [ 5067.908167992155541, 3572.960416135418654 ], [ 5067.904622384790855, 3572.969948202765863 ], [ 5067.902063283737334, 3572.979791100778129 ], [ 5067.900517158197545, 3572.989843022748573 ], [ 5067.899999999999636, 3573.0 ], [ 5067.899999999999636, 3658.960242136434317 ], [ 5050.928279375406419, 3676.930299268356066 ], [ 5033.929289321881697, 3693.929289321881242 ], [ 5033.922698954664156, 3693.936560671583266 ], [ 5033.916853038769659, 3693.944442976697701 ], [ 5033.911807873565522, 3693.952860326317023 ], [ 5033.907612046748909, 3693.961731656763277 ], [ 5033.904305966426364, 3693.970971532274234 ], [ 5033.901921471960122, 3693.980490967798232 ], [ 5033.900481527332886, 3693.990198285966926 ], [ 5033.899999999999636, 3694.0 ], [ 5033.899999999999636, 3727.958578643763303 ], [ 5016.929289321881697, 3744.929289321881242 ], [ 5016.922698954664156, 3744.936560671583266 ], [ 5016.916853038769659, 3744.944442976697701 ], [ 5016.911807873565522, 3744.952860326317023 ], [ 5016.907612046748909, 3744.961731656763277 ], [ 5016.904305966426364, 3744.970971532274234 ], [ 5016.901921471960122, 3744.980490967798232 ], [ 5016.900481527332886, 3744.990198285966926 ], [ 5016.899999999999636, 3745.0 ], [ 5016.899999999999636, 3780.0 ], [ 5016.900481527332886, 3780.009801714033074 ], [ 5016.901921471960122, 3780.019509032201768 ], [ 5016.904305966426364, 3780.029028467725766 ], [ 5016.907612046748909, 3780.038268343236723 ], [ 5016.911807873565522, 3780.047139673682977 ], [ 5016.916853038769659, 3780.055557023302299 ], [ 5016.922698954664156, 3780.063439328416734 ], [ 5016.929289321881697, 3780.070710678118758 ], [ 5033.858578643763394, 3797.0 ], [ 5016.958578643762849, 3813.9 ], [ 5000.0, 3813.9 ], [ 4999.990198285967381, 3813.900481527332886 ], [ 4999.980490967798687, 3813.901921471959668 ], [ 4999.970971532274234, 3813.904305966426818 ], [ 4999.961731656763732, 3813.907612046748909 ], [ 4999.952860326317023, 3813.911807873565067 ], [ 4999.944442976698156, 3813.916853038769659 ], [ 4999.93656067158372, 3813.922698954663701 ], [ 4999.929289321881697, 3813.929289321881242 ], [ 4999.922698954664156, 3813.93656067158372 ], [ 4999.916853038769659, 3813.944442976698156 ], [ 4999.911807873565522, 3813.952860326317477 ], [ 4999.907612046748909, 3813.961731656763277 ], [ 4999.904305966426364, 3813.970971532274689 ], [ 4999.901921471960122, 3813.980490967798232 ], [ 4999.900481527332886, 3813.990198285966926 ], [ 4999.899999999999636, 3814.0 ], [ 4999.899999999999636, 3830.956895351076582 ], [ 4981.931337646703469, 3847.927298684744983 ], [ 4981.924308483640743, 3847.934648685160937 ], [ 4981.918062210340395, 3847.942674624940992 ], [ 4981.912663433032321, 3847.95129349047329 ], [ 4981.908167992155541, 3847.960416135418654 ], [ 4981.904622384790855, 3847.969948202765863 ], [ 4981.902063283737334, 3847.979791100778129 ], [ 4981.900517158197545, 3847.989843022748573 ], [ 4981.899999999999636, 3848.0 ], [ 4981.899999999999636, 3916.958578643763303 ], [ 4964.929289321881697, 3933.929289321881242 ], [ 4964.927298684745438, 3933.931337646703469 ], [ 4947.927298684745438, 3951.931337646703469 ], [ 4947.921137710050971, 3951.938512283958971 ], [ 4947.915682024701709, 3951.946236824483094 ], [ 4947.910980420545457, 3951.954442185370681 ], [ 4947.907074945452223, 3951.963054983593793 ], [ 4947.904000527267272, 3951.971998192288538 ], [ 4947.901784661445163, 3951.981191829631825 ], [ 4947.900447165145124, 3951.990553674138937 ], [ 4947.899999999999636, 3952.0 ], [ 4947.899999999999636, 3985.958578643763303 ], [ 4930.929289321881697, 4002.929289321881242 ], [ 4930.922698954664156, 4002.936560671583266 ], [ 4930.916853038769659, 4002.944442976697701 ], [ 4930.911807873565522, 4002.952860326317023 ], [ 4930.907612046748909, 4002.961731656763277 ], [ 4930.904305966426364, 4002.970971532274234 ], [ 4930.901921471960122, 4002.980490967798232 ], [ 4930.900481527332886, 4002.990198285966926 ], [ 4930.899999999999636, 4003.0 ], [ 4930.899999999999636, 4036.960242136434317 ], [ 4913.927298684745438, 4054.931337646703469 ], [ 4913.921137710050971, 4054.938512283958971 ], [ 4913.915682024701709, 4054.946236824483094 ], [ 4913.910980420545457, 4054.954442185370681 ], [ 4913.907074945452223, 4054.963054983593793 ], [ 4913.904000527267272, 4054.971998192288538 ], [ 4913.901784661445163, 4054.981191829631825 ], [ 4913.900447165145124, 4054.990553674138937 ], [ 4913.899999999999636, 4055.0 ], [ 4913.899999999999636, 4071.958578643763303 ], [ 4896.929289321881697, 4088.929289321881242 ], [ 4896.922698954664156, 4088.936560671583266 ], [ 4896.916853038769659, 4088.944442976697701 ], [ 4896.911807873565522, 4088.952860326317023 ], [ 4896.907612046748909, 4088.961731656763277 ], [ 4896.904305966426364, 4088.970971532274234 ], [ 4896.901921471960122, 4088.980490967798232 ], [ 4896.900481527332886, 4088.990198285966926 ], [ 4896.899999999999636, 4089.0 ], [ 4896.899999999999636, 4140.956895351077037 ], [ 4878.931337646703469, 4157.927298684745438 ], [ 4878.924308483639834, 4157.934648685160937 ], [ 4878.918062210340395, 4157.942674624940992 ], [ 4878.912663433032321, 4157.95129349047329 ], [ 4878.908167992154631, 4157.960416135419109 ], [ 4878.904622384790855, 4157.969948202765408 ], [ 4878.902063283737334, 4157.979791100778129 ], [ 4878.900517158197545, 4157.989843022748573 ], [ 4878.899999999999636, 4158.0 ], [ 4878.899999999999636, 4191.958578643763758 ], [ 4861.929289321881697, 4208.929289321881697 ], [ 4861.922698954664156, 4208.93656067158372 ], [ 4861.916853038769659, 4208.944442976698156 ], [ 4861.911807873565522, 4208.952860326317023 ], [ 4861.907612046748909, 4208.961731656763732 ], [ 4861.904305966426364, 4208.970971532274234 ], [ 4861.901921471960122, 4208.980490967798687 ], [ 4861.900481527332886, 4208.990198285967381 ], [ 4861.899999999999636, 4209.0 ], [ 4861.899999999999636, 4243.958578643763758 ], [ 4844.929289321881697, 4260.929289321881697 ], [ 4844.922698954664156, 4260.93656067158372 ], [ 4844.916853038769659, 4260.944442976698156 ], [ 4844.911807873565522, 4260.952860326317023 ], [ 4844.907612046748909, 4260.961731656763732 ], [ 4844.904305966426364, 4260.970971532274234 ], [ 4844.901921471960122, 4260.980490967798687 ], [ 4844.900481527332886, 4260.990198285967381 ], [ 4844.899999999999636, 4261.0 ], [ 4844.899999999999636, 4294.958578643763758 ], [ 4827.929289321881697, 4311.929289321881697 ], [ 4827.922698954664156, 4311.93656067158372 ], [ 4827.916853038769659, 4311.944442976698156 ], [ 4827.911807873565522, 4311.952860326317023 ], [ 4827.907612046748909, 4311.961731656763732 ], [ 4827.904305966426364, 4311.970971532274234 ], [ 4827.901921471960122, 4311.980490967798687 ], [ 4827.900481527332886, 4311.990198285967381 ], [ 4827.899999999999636, 4312.0 ], [ 4827.899999999999636, 4363.958578643763758 ], [ 4810.929289321881697, 4380.929289321881697 ], [ 4810.922698954664156, 4380.93656067158372 ], [ 4810.916853038769659, 4380.944442976698156 ], [ 4810.911807873565522, 4380.952860326317023 ], [ 4810.907612046748909, 4380.961731656763732 ], [ 4810.904305966426364, 4380.970971532274234 ], [ 4810.901921471960122, 4380.980490967798687 ], [ 4810.900481527332886, 4380.990198285967381 ], [ 4810.899999999999636, 4381.0 ], [ 4810.899999999999636, 4432.956895351077037 ], [ 4792.931337646703469, 4449.927298684745438 ], [ 4792.924308483639834, 4449.934648685160937 ], [ 4792.918062210340395, 4449.942674624940992 ], [ 4792.912663433032321, 4449.95129349047329 ], [ 4792.908167992154631, 4449.960416135419109 ], [ 4792.904622384790855, 4449.969948202765408 ], [ 4792.902063283737334, 4449.979791100778129 ], [ 4792.900517158197545, 4449.989843022748573 ], [ 4792.899999999999636, 4450.0 ], [ 4792.899999999999636, 4483.958578643763758 ], [ 4775.929289321881697, 4500.929289321881697 ], [ 4775.922698954664156, 4500.93656067158372 ], [ 4775.916853038769659, 4500.944442976698156 ], [ 4775.911807873565522, 4500.952860326317023 ], [ 4775.907612046748909, 4500.961731656763732 ], [ 4775.904305966426364, 4500.970971532274234 ], [ 4775.901921471960122, 4500.980490967798687 ], [ 4775.900481527332886, 4500.990198285967381 ], [ 4775.899999999999636, 4501.0 ], [ 4775.899999999999636, 4535.958578643763758 ], [ 4758.929289321881697, 4552.929289321881697 ], [ 4758.922698954664156, 4552.93656067158372 ], [ 4758.916853038769659, 4552.944442976698156 ], [ 4758.911807873565522, 4552.952860326317023 ], [ 4758.907612046748909, 4552.961731656763732 ], [ 4758.904305966426364, 4552.970971532274234 ], [ 4758.901921471960122, 4552.980490967798687 ], [ 4758.900481527332886, 4552.990198285967381 ], [ 4758.899999999999636, 4553.0 ], [ 4758.899999999999636, 4586.958578643763758 ], [ 4741.929289321881697, 4603.929289321881697 ], [ 4741.922698954664156, 4603.93656067158372 ], [ 4741.916853038769659, 4603.944442976698156 ], [ 4741.911807873565522, 4603.952860326317023 ], [ 4741.907612046748909, 4603.961731656763732 ], [ 4741.904305966426364, 4603.970971532274234 ], [ 4741.901921471960122, 4603.980490967798687 ], [ 4741.900481527332886, 4603.990198285967381 ], [ 4741.899999999999636, 4604.0 ], [ 4741.899999999999636, 4655.958578643763758 ], [ 4724.929289321881697, 4672.929289321881697 ], [ 4724.922698954664156, 4672.93656067158372 ], [ 4724.916853038769659, 4672.944442976698156 ], [ 4724.911807873565522, 4672.952860326317023 ], [ 4724.907612046748909, 4672.961731656763732 ], [ 4724.904305966426364, 4672.970971532274234 ], [ 4724.901921471960122, 4672.980490967798687 ], [ 4724.900481527332886, 4672.990198285967381 ], [ 4724.899999999999636, 4673.0 ], [ 4724.899999999999636, 4724.958578643763758 ], [ 4707.929289321881697, 4741.929289321881697 ], [ 4707.922698954664156, 4741.93656067158372 ], [ 4707.916853038769659, 4741.944442976698156 ], [ 4707.911807873565522, 4741.952860326317023 ], [ 4707.907612046748909, 4741.961731656763732 ], [ 4707.904305966426364, 4741.970971532274234 ], [ 4707.901921471960122, 4741.980490967798687 ], [ 4707.900481527332886, 4741.990198285967381 ], [ 4707.899999999999636, 4742.0 ], [ 4707.899999999999636, 4792.958578643763758 ], [ 4689.929289321881697, 4810.929289321881697 ], [ 4689.922698954664156, 4810.93656067158372 ], [ 4689.916853038769659, 4810.944442976698156 ], [ 4689.911807873565522, 4810.952860326317023 ], [ 4689.907612046748909, 4810.961731656763732 ], [ 4689.904305966426364, 4810.970971532274234 ], [ 4689.901921471960122, 4810.980490967798687 ], [ 4689.900481527332886, 4810.990198285967381 ], [ 4689.899999999999636, 4811.0 ], [ 4689.899999999999636, 4844.958578643763758 ], [ 4672.929289321881697, 4861.929289321881697 ], [ 4672.922698954664156, 4861.93656067158372 ], [ 4672.916853038769659, 4861.944442976698156 ], [ 4672.911807873565522, 4861.952860326317023 ], [ 4672.907612046748909, 4861.961731656763732 ], [ 4672.904305966426364, 4861.970971532274234 ], [ 4672.901921471960122, 4861.980490967798687 ], [ 4672.900481527332886, 4861.990198285967381 ], [ 4672.899999999999636, 4862.0 ], [ 4672.899999999999636, 4913.958578643763758 ], [ 4655.929289321881697, 4930.929289321881697 ], [ 4655.922698954664156, 4930.93656067158372 ], [ 4655.916853038769659, 4930.944442976698156 ], [ 4655.911807873565522, 4930.952860326317023 ], [ 4655.907612046748909, 4930.961731656763732 ], [ 4655.904305966426364, 4930.970971532274234 ], [ 4655.901921471960122, 4930.980490967798687 ], [ 4655.900481527332886, 4930.990198285967381 ], [ 4655.899999999999636, 4931.0 ], [ 4655.899999999999636, 4964.958578643763758 ], [ 4638.929289321881697, 4981.929289321881697 ], [ 4638.922698954664156, 4981.93656067158372 ], [ 4638.916853038769659, 4981.944442976698156 ], [ 4638.911807873565522, 4981.952860326317023 ], [ 4638.907612046748909, 4981.961731656763732 ], [ 4638.904305966426364, 4981.970971532274234 ], [ 4638.901921471960122, 4981.980490967798687 ], [ 4638.900481527332886, 4981.990198285967381 ], [ 4638.899999999999636, 4982.0 ], [ 4638.899999999999636, 5016.958578643763758 ], [ 4621.929289321881697, 5033.929289321881697 ], [ 4621.922698954664156, 5033.93656067158372 ], [ 4621.916853038769659, 5033.944442976698156 ], [ 4621.911807873565522, 5033.952860326317023 ], [ 4621.907612046748909, 5033.961731656763732 ], [ 4621.904305966426364, 5033.970971532274234 ], [ 4621.901921471960122, 5033.980490967798687 ], [ 4621.900481527332886, 5033.990198285967381 ], [ 4621.899999999999636, 5034.0 ], [ 4621.899999999999636, 5067.958578643763758 ], [ 4603.929289321881697, 5085.929289321881697 ], [ 4603.922698954664156, 5085.93656067158372 ], [ 4603.916853038769659, 5085.944442976698156 ], [ 4603.911807873565522, 5085.952860326317023 ], [ 4603.907612046748909, 5085.961731656763732 ], [ 4603.904305966426364, 5085.970971532274234 ], [ 4603.901921471960122, 5085.980490967798687 ], [ 4603.900481527332886, 5085.990198285967381 ], [ 4603.899999999999636, 5086.0 ], [ 4603.899999999999636, 5102.958578643763758 ], [ 4586.929289321881697, 5119.929289321881697 ], [ 4586.922698954664156, 5119.93656067158372 ], [ 4586.916853038769659, 5119.944442976698156 ], [ 4586.911807873565522, 5119.952860326317023 ], [ 4586.907612046748909, 5119.961731656763732 ], [ 4586.904305966426364, 5119.970971532274234 ], [ 4586.901921471960122, 5119.980490967798687 ], [ 4586.900481527332886, 5119.990198285967381 ], [ 4586.899999999999636, 5120.0 ], [ 4586.899999999999636, 5153.958578643763758 ], [ 4569.929289321881697, 5170.929289321881697 ], [ 4569.922698954664156, 5170.93656067158372 ], [ 4569.916853038769659, 5170.944442976698156 ], [ 4569.911807873565522, 5170.952860326317023 ], [ 4569.907612046748909, 5170.961731656763732 ], [ 4569.904305966426364, 5170.970971532274234 ], [ 4569.901921471960122, 5170.980490967798687 ], [ 4569.900481527332886, 5170.990198285967381 ], [ 4569.899999999999636, 5171.0 ], [ 4569.899999999999636, 5188.958578643763758 ], [ 4552.929289321881697, 5205.929289321881697 ], [ 4552.922698954664156, 5205.93656067158372 ], [ 4552.916853038769659, 5205.944442976698156 ], [ 4552.911807873565522, 5205.952860326317023 ], [ 4552.907612046748909, 5205.961731656763732 ], [ 4552.904305966426364, 5205.970971532274234 ], [ 4552.901921471960122, 5205.980490967798687 ], [ 4552.900481527332886, 5205.990198285967381 ], [ 4552.899999999999636, 5206.0 ], [ 4552.899999999999636, 5222.958578643763758 ], [ 4535.929289321881697, 5239.929289321881697 ], [ 4535.922698954664156, 5239.93656067158372 ], [ 4535.916853038769659, 5239.944442976698156 ], [ 4535.911807873565522, 5239.952860326317023 ], [ 4535.907612046748909, 5239.961731656763732 ], [ 4535.904305966426364, 5239.970971532274234 ], [ 4535.901921471960122, 5239.980490967798687 ], [ 4535.900481527332886, 5239.990198285967381 ], [ 4535.899999999999636, 5240.0 ], [ 4535.899999999999636, 5256.960242136434317 ], [ 4518.927298684745438, 5274.931337646703469 ], [ 4518.921137710050971, 5274.938512283958516 ], [ 4518.915682024701709, 5274.946236824483094 ], [ 4518.910980420545457, 5274.954442185370681 ], [ 4518.907074945452223, 5274.963054983593793 ], [ 4518.904000527267272, 5274.971998192288993 ], [ 4518.901784661445163, 5274.981191829631825 ], [ 4518.900447165145124, 5274.990553674138937 ], [ 4518.899999999999636, 5275.0 ], [ 4518.899999999999636, 5291.956895351077037 ], [ 4500.931337646703469, 5308.927298684745438 ], [ 4500.924308483639834, 5308.934648685160937 ], [ 4500.918062210340395, 5308.942674624940992 ], [ 4500.912663433032321, 5308.95129349047329 ], [ 4500.908167992154631, 5308.960416135419109 ], [ 4500.904622384790855, 5308.969948202765408 ], [ 4500.902063283737334, 5308.979791100778129 ], [ 4500.900517158197545, 5308.989843022748573 ], [ 4500.899999999999636, 5309.0 ], [ 4500.899999999999636, 5325.958578643763758 ], [ 4483.929289321881697, 5342.929289321881697 ], [ 4483.922698954664156, 5342.93656067158372 ], [ 4483.916853038769659, 5342.944442976698156 ], [ 4483.911807873565522, 5342.952860326317023 ], [ 4483.907612046748909, 5342.961731656763732 ], [ 4483.904305966426364, 5342.970971532274234 ], [ 4483.901921471960122, 5342.980490967798687 ], [ 4483.900481527332886, 5342.990198285967381 ], [ 4483.899999999999636, 5343.0 ], [ 4483.899999999999636, 5377.958578643763758 ], [ 4466.929289321881697, 5394.929289321881697 ], [ 4466.922698954664156, 5394.93656067158372 ], [ 4466.916853038769659, 5394.944442976698156 ], [ 4466.911807873565522, 5394.952860326317023 ], [ 4466.907612046748909, 5394.961731656763732 ], [ 4466.904305966426364, 5394.970971532274234 ], [ 4466.901921471960122, 5394.980490967798687 ], [ 4466.900481527332886, 5394.990198285967381 ], [ 4466.899999999999636, 5395.0 ], [ 4466.899999999999636, 5411.958578643763758 ], [ 4449.929289321881697, 5428.929289321881697 ], [ 4449.922698954664156, 5428.93656067158372 ], [ 4449.916853038769659, 5428.944442976698156 ], [ 4449.911807873565522, 5428.952860326317023 ], [ 4449.907612046748909, 5428.961731656763732 ], [ 4449.904305966426364, 5428.970971532274234 ], [ 4449.901921471960122, 5428.980490967798687 ], [ 4449.900481527332886, 5428.990198285967381 ], [ 4449.899999999999636, 5429.0 ], [ 4449.899999999999636, 5463.958578643763758 ], [ 4432.929289321881697, 5480.929289321881697 ], [ 4432.922698954664156, 5480.93656067158372 ], [ 4432.916853038769659, 5480.944442976698156 ], [ 4432.911807873565522, 5480.952860326317023 ], [ 4432.907612046748909, 5480.961731656763732 ], [ 4432.904305966426364, 5480.970971532274234 ], [ 4432.901921471960122, 5480.980490967798687 ], [ 4432.900481527332886, 5480.990198285967381 ], [ 4432.899999999999636, 5481.0 ], [ 4432.899999999999636, 5497.956895351077037 ], [ 4414.931337646703469, 5514.927298684745438 ], [ 4414.924308483639834, 5514.934648685160937 ], [ 4414.918062210340395, 5514.942674624940992 ], [ 4414.912663433032321, 5514.95129349047329 ], [ 4414.908167992154631, 5514.960416135419109 ], [ 4414.904622384790855, 5514.969948202765408 ], [ 4414.902063283737334, 5514.979791100778129 ], [ 4414.900517158197545, 5514.989843022748573 ], [ 4414.899999999999636, 5515.0 ], [ 4414.899999999999636, 5549.958578643763758 ], [ 4397.929289321881697, 5566.929289321881697 ], [ 4397.922698954664156, 5566.93656067158372 ], [ 4397.916853038769659, 5566.944442976698156 ], [ 4397.911807873565522, 5566.952860326317023 ], [ 4397.907612046748909, 5566.961731656763732 ], [ 4397.904305966426364, 5566.970971532274234 ], [ 4397.901921471960122, 5566.980490967798687 ], [ 4397.900481527332886, 5566.990198285967381 ], [ 4397.899999999999636, 5567.0 ], [ 4397.899999999999636, 5583.958578643763758 ], [ 4380.929289321881697, 5600.929289321881697 ], [ 4380.922698954664156, 5600.93656067158372 ], [ 4380.916853038769659, 5600.944442976698156 ], [ 4380.911807873565522, 5600.952860326317023 ], [ 4380.907612046748909, 5600.961731656763732 ], [ 4380.904305966426364, 5600.970971532274234 ], [ 4380.901921471960122, 5600.980490967798687 ], [ 4380.900481527332886, 5600.990198285967381 ], [ 4380.899999999999636, 5601.0 ], [ 4380.899999999999636, 5634.960242136434317 ], [ 4363.927298684745438, 5652.931337646703469 ], [ 4363.921137710050971, 5652.938512283958516 ], [ 4363.915682024701709, 5652.946236824483094 ], [ 4363.910980420545457, 5652.954442185370681 ], [ 4363.907074945452223, 5652.963054983593793 ], [ 4363.904000527267272, 5652.971998192288993 ], [ 4363.901784661445163, 5652.981191829631825 ], [ 4363.900447165145124, 5652.990553674138937 ], [ 4363.899999999999636, 5653.0 ], [ 4363.899999999999636, 5669.958578643763758 ], [ 4346.929289321881697, 5686.929289321881697 ], [ 4346.922698954664156, 5686.93656067158372 ], [ 4346.916853038769659, 5686.944442976698156 ], [ 4346.911807873565522, 5686.952860326317023 ], [ 4346.907612046748909, 5686.961731656763732 ], [ 4346.904305966426364, 5686.970971532274234 ], [ 4346.901921471960122, 5686.980490967798687 ], [ 4346.900481527332886, 5686.990198285967381 ], [ 4346.899999999999636, 5687.0 ], [ 4346.899999999999636, 5720.960242136434317 ], [ 4329.927298684745438, 5738.931337646703469 ], [ 4329.921137710050971, 5738.938512283958516 ], [ 4329.915682024701709, 5738.946236824483094 ], [ 4329.910980420545457, 5738.954442185370681 ], [ 4329.907074945452223, 5738.963054983593793 ], [ 4329.904000527267272, 5738.971998192288993 ], [ 4329.901784661445163, 5738.981191829631825 ], [ 4329.900447165145124, 5738.990553674138937 ], [ 4329.899999999999636, 5739.0 ], [ 4329.899999999999636, 5772.956895351077037 ], [ 4311.931337646703469, 5789.927298684745438 ], [ 4311.924308483639834, 5789.934648685160937 ], [ 4311.918062210340395, 5789.942674624940992 ], [ 4311.912663433032321, 5789.95129349047329 ], [ 4311.908167992154631, 5789.960416135419109 ], [ 4311.904622384790855, 5789.969948202765408 ], [ 4311.902063283737334, 5789.979791100778129 ], [ 4311.900517158197545, 5789.989843022748573 ], [ 4311.899999999999636, 5790.0 ], [ 4311.899999999999636, 5823.960242136434317 ], [ 4294.927298684745438, 5841.931337646703469 ], [ 4294.921137710050971, 5841.938512283958516 ], [ 4294.915682024701709, 5841.946236824483094 ], [ 4294.910980420545457, 5841.954442185370681 ], [ 4294.907074945452223, 5841.963054983593793 ], [ 4294.904000527267272, 5841.971998192288993 ], [ 4294.901784661445163, 5841.981191829631825 ], [ 4294.900447165145124, 5841.990553674138937 ], [ 4294.899999999999636, 5842.0 ], [ 4294.899999999999636, 5875.958578643763758 ], [ 4277.929289321881697, 5892.929289321881697 ], [ 4277.922698954664156, 5892.93656067158372 ], [ 4277.916853038769659, 5892.944442976698156 ], [ 4277.911807873565522, 5892.952860326317023 ], [ 4277.907612046748909, 5892.961731656763732 ], [ 4277.904305966426364, 5892.970971532274234 ], [ 4277.901921471960122, 5892.980490967798687 ], [ 4277.900481527332886, 5892.990198285967381 ], [ 4277.899999999999636, 5893.0 ], [ 4277.899999999999636, 5944.958578643763758 ], [ 4260.929289321881697, 5961.929289321881697 ], [ 4260.922698954664156, 5961.93656067158372 ], [ 4260.916853038769659, 5961.944442976698156 ], [ 4260.911807873565522, 5961.952860326317023 ], [ 4260.907612046748909, 5961.961731656763732 ], [ 4260.904305966426364, 5961.970971532274234 ], [ 4260.901921471960122, 5961.980490967798687 ], [ 4260.900481527332886, 5961.990198285967381 ], [ 4260.899999999999636, 5962.0 ], [ 4260.899999999999636, 6012.960242136434317 ], [ 4243.927298684745438, 6030.931337646703469 ], [ 4243.921137710050971, 6030.938512283958516 ], [ 4243.915682024701709, 6030.946236824483094 ], [ 4243.910980420545457, 6030.954442185370681 ], [ 4243.907074945452223, 6030.963054983593793 ], [ 4243.904000527267272, 6030.971998192288993 ], [ 4243.901784661445163, 6030.981191829631825 ], [ 4243.900447165145124, 6030.990553674138937 ], [ 4243.899999999999636, 6031.0 ], [ 4243.899999999999636, 6064.956895351077037 ], [ 4225.931337646703469, 6081.927298684745438 ], [ 4225.924308483639834, 6081.934648685160937 ], [ 4225.918062210340395, 6081.942674624940992 ], [ 4225.912663433032321, 6081.95129349047329 ], [ 4225.908167992154631, 6081.960416135419109 ], [ 4225.904622384790855, 6081.969948202765408 ], [ 4225.902063283737334, 6081.979791100778129 ], [ 4225.900517158197545, 6081.989843022748573 ], [ 4225.899999999999636, 6082.0 ], [ 4225.899999999999636, 6133.958578643763758 ], [ 4208.929289321881697, 6150.929289321881697 ], [ 4208.922698954664156, 6150.93656067158372 ], [ 4208.916853038769659, 6150.944442976698156 ], [ 4208.911807873565522, 6150.952860326317023 ], [ 4208.907612046748909, 6150.961731656763732 ], [ 4208.904305966426364, 6150.970971532274234 ], [ 4208.901921471960122, 6150.980490967798687 ], [ 4208.900481527332886, 6150.990198285967381 ], [ 4208.899999999999636, 6151.0 ], [ 4208.899999999999636, 6184.958578643763758 ], [ 4191.929289321881697, 6201.929289321881697 ], [ 4191.922698954664156, 6201.93656067158372 ], [ 4191.916853038769659, 6201.944442976698156 ], [ 4191.911807873565522, 6201.952860326317023 ], [ 4191.907612046748909, 6201.961731656763732 ], [ 4191.904305966426364, 6201.970971532274234 ], [ 4191.901921471960122, 6201.980490967798687 ], [ 4191.900481527332886, 6201.990198285967381 ], [ 4191.899999999999636, 6202.0 ], [ 4191.899999999999636, 6253.958578643763758 ], [ 4174.929289321881697, 6270.929289321881697 ], [ 4174.922698954664156, 6270.93656067158372 ], [ 4174.916853038769659, 6270.944442976698156 ], [ 4174.911807873565522, 6270.952860326317023 ], [ 4174.907612046748909, 6270.961731656763732 ], [ 4174.904305966426364, 6270.970971532274234 ], [ 4174.901921471960122, 6270.980490967798687 ], [ 4174.900481527332886, 6270.990198285967381 ], [ 4174.899999999999636, 6271.0 ], [ 4174.899999999999636, 6305.958578643763758 ], [ 4157.929289321881697, 6322.929289321881697 ], [ 4157.922698954664156, 6322.93656067158372 ], [ 4157.916853038769659, 6322.944442976698156 ], [ 4157.911807873565522, 6322.952860326317023 ], [ 4157.907612046748909, 6322.961731656763732 ], [ 4157.904305966426364, 6322.970971532274234 ], [ 4157.901921471960122, 6322.980490967798687 ], [ 4157.900481527332886, 6322.990198285967381 ], [ 4157.899999999999636, 6323.0 ], [ 4157.899999999999636, 6373.958578643763758 ], [ 4140.929289321881697, 6390.929289321881697 ], [ 4140.922812331488785, 6390.936422772711012 ], [ 4140.917051932308823, 6390.944146458784417 ], [ 4140.912061602462018, 6390.952388675313159 ], [ 4140.907887670935452, 6390.961072903597596 ], [ 4140.904568887476671, 6390.970118521411678 ], [ 4140.902136062850332, 6390.979441551477976 ], [ 4140.900611782798478, 6390.988955441092912 ], [ 4140.900010198358359, 6390.99857186565896 ], [ 4140.900336894492284, 6391.008201548671423 ], [ 4140.901588838234602, 6391.017755090535502 ], [ 4140.903754406847838, 6391.027143798532961 ], [ 4140.906813495730603, 6391.036280510222241 ], [ 4140.910737705056818, 6391.045080402632266 ], [ 4140.915490603440048, 6391.053461779741156 ], [ 4140.921028066147301, 6391.0613468309175 ], [ 4140.927298684745438, 6391.068662353296531 ], [ 4157.860570093238493, 6408.998008550524901 ], [ 4140.929289321881697, 6425.929289321881697 ], [ 4140.922698954664156, 6425.93656067158372 ], [ 4140.916853038769659, 6425.944442976698156 ], [ 4140.911807873565522, 6425.952860326317023 ], [ 4140.907612046748909, 6425.961731656763732 ], [ 4140.904305966426364, 6425.970971532274234 ], [ 4140.901921471960122, 6425.980490967798687 ], [ 4140.900481527332886, 6425.990198285967381 ], [ 4140.899999999999636, 6426.0 ], [ 4140.899999999999636, 6442.956895351077037 ], [ 4122.931337646703469, 6459.927298684745438 ], [ 4122.924308483639834, 6459.934648685160937 ], [ 4122.918062210340395, 6459.942674624940992 ], [ 4122.912663433032321, 6459.95129349047329 ], [ 4122.908167992154631, 6459.960416135419109 ], [ 4122.904622384790855, 6459.969948202765408 ], [ 4122.902063283737334, 6459.979791100778129 ], [ 4122.900517158197545, 6459.989843022748573 ], [ 4122.899999999999636, 6460.0 ], [ 4122.899999999999636, 6476.960242136434317 ], [ 4105.927298684745438, 6494.931337646703469 ], [ 4105.921137710050971, 6494.938512283958516 ], [ 4105.915682024701709, 6494.946236824483094 ], [ 4105.910980420545457, 6494.954442185370681 ], [ 4105.907074945452223, 6494.963054983593793 ], [ 4105.904000527267272, 6494.971998192288993 ], [ 4105.901784661445163, 6494.981191829631825 ], [ 4105.900447165145124, 6494.990553674138937 ], [ 4105.899999999999636, 6495.0 ], [ 4105.899999999999636, 6545.958578643763758 ], [ 4088.929289321881242, 6562.929289321881697 ], [ 4088.922698954663701, 6562.93656067158372 ], [ 4088.916853038769659, 6562.944442976698156 ], [ 4088.911807873565067, 6562.952860326317932 ], [ 4088.907612046748909, 6562.961731656763732 ], [ 4088.904305966426818, 6562.970971532274234 ], [ 4088.901921471959668, 6562.980490967798687 ], [ 4088.900481527332886, 6562.990198285967381 ], [ 4088.9, 6563.0 ], [ 4088.9, 6597.958578643762849 ], [ 4071.929289321881242, 6614.929289321881697 ], [ 4071.922698954663701, 6614.93656067158372 ], [ 4071.916853038769659, 6614.944442976698156 ], [ 4071.911807873565067, 6614.952860326317932 ], [ 4071.907612046748909, 6614.961731656763732 ], [ 4071.904305966426818, 6614.970971532274234 ], [ 4071.901921471959668, 6614.980490967798687 ], [ 4071.900481527332886, 6614.990198285967381 ], [ 4071.9, 6615.0 ], [ 4071.9, 6648.958578643762849 ], [ 4054.929289321881242, 6665.929289321881697 ], [ 4054.922698954663701, 6665.93656067158372 ], [ 4054.916853038769659, 6665.944442976698156 ], [ 4054.911807873565067, 6665.952860326317932 ], [ 4054.907612046748909, 6665.961731656763732 ], [ 4054.904305966426818, 6665.970971532274234 ], [ 4054.901921471959668, 6665.980490967798687 ], [ 4054.900481527332886, 6665.990198285967381 ], [ 4054.9, 6666.0 ], [ 4054.9, 6700.956895351076128 ], [ 4036.931337646703469, 6717.927298684745438 ], [ 4036.924308483640289, 6717.934648685160937 ], [ 4036.91806221033994, 6717.942674624940992 ], [ 4036.912663433032321, 6717.95129349047329 ], [ 4036.908167992155086, 6717.960416135419109 ], [ 4036.904622384790855, 6717.969948202765408 ], [ 4036.902063283737789, 6717.979791100778129 ], [ 4036.900517158197545, 6717.989843022748573 ], [ 4036.9, 6718.0 ], [ 4036.9, 6751.958578643762849 ], [ 4019.929289321881242, 6768.929289321881697 ], [ 4019.922698954663701, 6768.93656067158372 ], [ 4019.916853038769659, 6768.944442976698156 ], [ 4019.911807873565067, 6768.952860326317932 ], [ 4019.907612046748909, 6768.961731656763732 ], [ 4019.904305966426818, 6768.970971532274234 ], [ 4019.901921471959668, 6768.980490967798687 ], [ 4019.900481527332886, 6768.990198285967381 ], [ 4019.9, 6769.0 ], [ 4019.9, 6803.958578643762849 ], [ 4002.929289321881242, 6820.929289321881697 ], [ 4002.922698954663701, 6820.93656067158372 ], [ 4002.916853038769659, 6820.944442976698156 ], [ 4002.911807873565067, 6820.952860326317932 ], [ 4002.907612046748909, 6820.961731656763732 ], [ 4002.904305966426818, 6820.970971532274234 ], [ 4002.901921471959668, 6820.980490967798687 ], [ 4002.900481527332886, 6820.990198285967381 ], [ 4002.9, 6821.0 ], [ 4002.9, 6872.958578643762849 ], [ 3985.929289321881242, 6889.929289321881697 ], [ 3985.922698954663701, 6889.93656067158372 ], [ 3985.916853038769659, 6889.944442976698156 ], [ 3985.911807873565067, 6889.952860326317932 ], [ 3985.907612046748909, 6889.961731656763732 ], [ 3985.904305966426818, 6889.970971532274234 ], [ 3985.901921471959668, 6889.980490967798687 ], [ 3985.900481527332886, 6889.990198285967381 ], [ 3985.9, 6890.0 ], [ 3985.9, 6940.958578643762849 ], [ 3968.929289321881242, 6957.929289321881697 ], [ 3968.922698954663701, 6957.93656067158372 ], [ 3968.916853038769659, 6957.944442976698156 ], [ 3968.911807873565067, 6957.952860326317932 ], [ 3968.907612046748909, 6957.961731656763732 ], [ 3968.904305966426818, 6957.970971532274234 ], [ 3968.901921471959668, 6957.980490967798687 ], [ 3968.900481527332886, 6957.990198285967381 ], [ 3968.9, 6958.0 ], [ 3968.9, 6992.958578643762849 ], [ 3951.929289321881242, 7009.929289321881697 ], [ 3951.922698954663701, 7009.93656067158372 ], [ 3951.916853038769659, 7009.944442976698156 ], [ 3951.911807873565067, 7009.952860326317932 ], [ 3951.907612046748909, 7009.961731656763732 ], [ 3951.904305966426818, 7009.970971532274234 ], [ 3951.901921471959668, 7009.980490967798687 ], [ 3951.900481527332886, 7009.990198285967381 ], [ 3951.9, 7010.0 ], [ 3951.9, 7078.956895351076128 ], [ 3933.931337646703469, 7095.927298684745438 ], [ 3933.924308483640289, 7095.934648685160937 ], [ 3933.91806221033994, 7095.942674624940992 ], [ 3933.912663433032321, 7095.95129349047329 ], [ 3933.908167992155086, 7095.960416135419109 ], [ 3933.904622384790855, 7095.969948202765408 ], [ 3933.902063283737789, 7095.979791100778129 ], [ 3933.900517158197545, 7095.989843022748573 ], [ 3933.9, 7096.0 ], [ 3933.9, 7129.958578643762849 ], [ 3916.929289321881242, 7146.929289321881697 ], [ 3916.922698954663701, 7146.93656067158372 ], [ 3916.916853038769659, 7146.944442976698156 ], [ 3916.911807873565067, 7146.952860326317932 ], [ 3916.907612046748909, 7146.961731656763732 ], [ 3916.904305966426818, 7146.970971532274234 ], [ 3916.901921471959668, 7146.980490967798687 ], [ 3916.900481527332886, 7146.990198285967381 ], [ 3916.9, 7147.0 ], [ 3916.9, 7198.958578643762849 ], [ 3899.929289321881242, 7215.929289321881697 ], [ 3899.922698954663701, 7215.93656067158372 ], [ 3899.916853038769659, 7215.944442976698156 ], [ 3899.911807873565067, 7215.952860326317932 ], [ 3899.907612046748909, 7215.961731656763732 ], [ 3899.904305966426818, 7215.970971532274234 ], [ 3899.901921471959668, 7215.980490967798687 ], [ 3899.900481527332886, 7215.990198285967381 ], [ 3899.9, 7216.0 ], [ 3899.9, 7267.958578643762849 ], [ 3882.929289321881242, 7284.929289321881697 ], [ 3882.922698954663701, 7284.93656067158372 ], [ 3882.916853038769659, 7284.944442976698156 ], [ 3882.911807873565067, 7284.952860326317932 ], [ 3882.907612046748909, 7284.961731656763732 ], [ 3882.904305966426818, 7284.970971532274234 ], [ 3882.901921471959668, 7284.980490967798687 ], [ 3882.900481527332886, 7284.990198285967381 ], [ 3882.9, 7285.0 ], [ 3882.9, 7335.960242136433408 ], [ 3865.927298684744983, 7353.931337646703469 ], [ 3865.921137710050516, 7353.938512283959426 ], [ 3865.915682024701709, 7353.946236824483094 ], [ 3865.910980420545911, 7353.954442185370681 ], [ 3865.907074945452223, 7353.963054983593793 ], [ 3865.904000527267726, 7353.971998192288993 ], [ 3865.901784661445163, 7353.981191829631825 ], [ 3865.900447165144669, 7353.990553674138937 ], [ 3865.9, 7354.0 ], [ 3865.9, 7387.956895351076128 ], [ 3847.931337646703469, 7404.927298684745438 ], [ 3847.924308483640289, 7404.934648685160937 ], [ 3847.91806221033994, 7404.942674624940992 ], [ 3847.912663433032321, 7404.95129349047329 ], [ 3847.908167992155086, 7404.960416135419109 ], [ 3847.904622384790855, 7404.969948202765408 ], [ 3847.902063283737789, 7404.979791100778129 ], [ 3847.900517158197545, 7404.989843022748573 ], [ 3847.9, 7405.0 ], [ 3847.9, 7439.958578643762849 ], [ 3830.929289321881242, 7456.929289321881697 ], [ 3830.922698954663701, 7456.93656067158372 ], [ 3830.916853038769659, 7456.944442976698156 ], [ 3830.911807873565067, 7456.952860326317932 ], [ 3830.907612046748909, 7456.961731656763732 ], [ 3830.904305966426818, 7456.970971532274234 ], [ 3830.901921471959668, 7456.980490967798687 ], [ 3830.900481527332886, 7456.990198285967381 ], [ 3830.9, 7457.0 ], [ 3830.9, 7490.958578643762849 ], [ 3813.929289321881242, 7507.929289321881697 ], [ 3813.922698954663701, 7507.93656067158372 ], [ 3813.916853038769659, 7507.944442976698156 ], [ 3813.911807873565067, 7507.952860326317932 ], [ 3813.907612046748909, 7507.961731656763732 ], [ 3813.904305966426818, 7507.970971532274234 ], [ 3813.901921471959668, 7507.980490967798687 ], [ 3813.900481527332886, 7507.990198285967381 ], [ 3813.9, 7508.0 ], [ 3813.9, 7542.958578643762849 ], [ 3796.929289321881242, 7559.929289321881697 ], [ 3796.922698954663701, 7559.93656067158372 ], [ 3796.916853038769659, 7559.944442976698156 ], [ 3796.911807873565067, 7559.952860326317932 ], [ 3796.907612046748909, 7559.961731656763732 ], [ 3796.904305966426818, 7559.970971532274234 ], [ 3796.901921471959668, 7559.980490967798687 ], [ 3796.900481527332886, 7559.990198285967381 ], [ 3796.9, 7560.0 ], [ 3796.9, 7593.958578643762849 ], [ 3779.929289321881242, 7610.929289321881697 ], [ 3779.922698954663701, 7610.93656067158372 ], [ 3779.916853038769659, 7610.944442976698156 ], [ 3779.911807873565067, 7610.952860326317932 ], [ 3779.907612046748909, 7610.961731656763732 ], [ 3779.904305966426818, 7610.970971532274234 ], [ 3779.901921471959668, 7610.980490967798687 ], [ 3779.900481527332886, 7610.990198285967381 ], [ 3779.9, 7611.0 ], [ 3779.9, 7628.958578643762849 ], [ 3762.929289321881242, 7645.929289321881697 ], [ 3762.922698954663701, 7645.93656067158372 ], [ 3762.916853038769659, 7645.944442976698156 ], [ 3762.911807873565067, 7645.952860326317932 ], [ 3762.907612046748909, 7645.961731656763732 ], [ 3762.904305966426818, 7645.970971532274234 ], [ 3762.901921471959668, 7645.980490967798687 ], [ 3762.900481527332886, 7645.990198285967381 ], [ 3762.9, 7646.0 ], [ 3762.9, 7679.956895351076128 ], [ 3744.931337646703469, 7696.927298684745438 ], [ 3744.924308483640289, 7696.934648685160937 ], [ 3744.91806221033994, 7696.942674624940992 ], [ 3744.912663433032321, 7696.95129349047329 ], [ 3744.908167992155086, 7696.960416135419109 ], [ 3744.904622384790855, 7696.969948202765408 ], [ 3744.902063283737789, 7696.979791100778129 ], [ 3744.900517158197545, 7696.989843022748573 ], [ 3744.9, 7697.0 ], [ 3744.9, 7714.958578643762849 ], [ 3727.929289321881242, 7731.929289321881697 ], [ 3727.922698954663701, 7731.93656067158372 ], [ 3727.916853038769659, 7731.944442976698156 ], [ 3727.911807873565067, 7731.952860326317932 ], [ 3727.907612046748909, 7731.961731656763732 ], [ 3727.904305966426818, 7731.970971532274234 ], [ 3727.901921471959668, 7731.980490967798687 ], [ 3727.900481527332886, 7731.990198285967381 ], [ 3727.9, 7732.0 ], [ 3727.9, 7765.958578643762849 ], [ 3710.929289321881242, 7782.929289321881697 ], [ 3710.922698954663701, 7782.93656067158372 ], [ 3710.916853038769659, 7782.944442976698156 ], [ 3710.911807873565067, 7782.952860326317932 ], [ 3710.907612046748909, 7782.961731656763732 ], [ 3710.904305966426818, 7782.970971532274234 ], [ 3710.901921471959668, 7782.980490967798687 ], [ 3710.900481527332886, 7782.990198285967381 ], [ 3710.9, 7783.0 ], [ 3710.9, 7799.960242136433408 ], [ 3693.927298684744983, 7817.931337646703469 ], [ 3693.921137710050516, 7817.938512283959426 ], [ 3693.915682024701709, 7817.946236824483094 ], [ 3693.910980420545911, 7817.954442185370681 ], [ 3693.907074945452223, 7817.963054983593793 ], [ 3693.904000527267726, 7817.971998192288993 ], [ 3693.901784661445163, 7817.981191829631825 ], [ 3693.900447165144669, 7817.990553674138937 ], [ 3693.9, 7818.0 ], [ 3693.9, 7834.958578643762849 ], [ 3676.929289321881242, 7851.929289321881697 ], [ 3676.922698954663701, 7851.93656067158372 ], [ 3676.916853038769659, 7851.944442976698156 ], [ 3676.911807873565067, 7851.952860326317932 ], [ 3676.907612046748909, 7851.961731656763732 ], [ 3676.904305966426818, 7851.970971532274234 ], [ 3676.901921471959668, 7851.980490967798687 ], [ 3676.900481527332886, 7851.990198285967381 ], [ 3676.9, 7852.0 ], [ 3676.9, 7885.958578643762849 ], [ 3658.929289321881242, 7903.929289321881697 ], [ 3658.922698954663701, 7903.93656067158372 ], [ 3658.916853038769659, 7903.944442976698156 ], [ 3658.911807873565067, 7903.952860326317932 ], [ 3658.907612046748909, 7903.961731656763732 ], [ 3658.904305966426818, 7903.970971532274234 ], [ 3658.901921471959668, 7903.980490967798687 ], [ 3658.900481527332886, 7903.990198285967381 ], [ 3658.9, 7904.0 ], [ 3658.9, 7920.958578643762849 ], [ 3641.929289321881242, 7937.929289321881697 ], [ 3641.922698954663701, 7937.93656067158372 ], [ 3641.916853038769659, 7937.944442976698156 ], [ 3641.911807873565067, 7937.952860326317932 ], [ 3641.907612046748909, 7937.961731656763732 ], [ 3641.904305966426818, 7937.970971532274234 ], [ 3641.901921471959668, 7937.980490967798687 ], [ 3641.900481527332886, 7937.990198285967381 ], [ 3641.9, 7938.0 ], [ 3641.9, 7971.958578643762849 ], [ 3624.929289321881242, 7988.929289321881697 ], [ 3624.922698954663701, 7988.93656067158372 ], [ 3624.916853038769659, 7988.944442976698156 ], [ 3624.911807873565067, 7988.952860326317932 ], [ 3624.907612046748909, 7988.961731656763732 ], [ 3624.904305966426818, 7988.970971532274234 ], [ 3624.901921471959668, 7988.980490967798687 ], [ 3624.900481527332886, 7988.990198285967381 ], [ 3624.9, 7989.0 ], [ 3624.9, 8023.958578643762849 ], [ 3607.929289321881242, 8040.929289321881697 ], [ 3607.922698954663701, 8040.93656067158372 ], [ 3607.916853038769659, 8040.944442976698156 ], [ 3607.911807873565067, 8040.952860326317932 ], [ 3607.907612046748909, 8040.961731656763732 ], [ 3607.904305966426818, 8040.970971532274234 ], [ 3607.901921471959668, 8040.980490967798687 ], [ 3607.900481527332886, 8040.990198285967381 ], [ 3607.9, 8041.0 ], [ 3607.9, 8074.960242136433408 ], [ 3590.927298684744983, 8092.931337646703469 ], [ 3590.921137710050516, 8092.938512283959426 ], [ 3590.915682024701709, 8092.946236824483094 ], [ 3590.910980420545911, 8092.954442185370681 ], [ 3590.907074945452223, 8092.963054983593793 ], [ 3590.904000527267726, 8092.971998192288993 ], [ 3590.901784661445163, 8092.981191829631825 ], [ 3590.900447165144669, 8092.990553674138937 ], [ 3590.9, 8093.0 ], [ 3590.9, 8109.956895351076128 ], [ 3572.931337646703469, 8126.927298684745438 ], [ 3572.924308483640289, 8126.934648685160937 ], [ 3572.91806221033994, 8126.942674624940992 ], [ 3572.912663433032321, 8126.95129349047329 ], [ 3572.908167992155086, 8126.960416135419109 ], [ 3572.904622384790855, 8126.969948202765408 ], [ 3572.902063283737789, 8126.979791100778129 ], [ 3572.900517158197545, 8126.989843022748573 ], [ 3572.9, 8127.0 ], [ 3572.9, 8177.960242136433408 ], [ 3555.927298684744983, 8195.931337646703469 ], [ 3555.921137710050516, 8195.938512283959426 ], [ 3555.915682024701709, 8195.946236824484004 ], [ 3555.910980420545911, 8195.95444218537159 ], [ 3555.907074945452223, 8195.963054983594702 ], [ 3555.904000527267726, 8195.971998192288083 ], [ 3555.901784661445163, 8195.981191829630916 ], [ 3555.900447165144669, 8195.990553674138937 ], [ 3555.9, 8196.0 ], [ 3555.9, 8229.958578643761939 ], [ 3538.929289321881242, 8246.929289321880788 ], [ 3538.922698954663701, 8246.93656067158372 ], [ 3538.916853038769659, 8246.944442976697246 ], [ 3538.911807873565067, 8246.952860326317023 ], [ 3538.907612046748909, 8246.961731656763732 ], [ 3538.904305966426818, 8246.970971532275144 ], [ 3538.901921471959668, 8246.980490967798687 ], [ 3538.900481527332886, 8246.990198285966471 ], [ 3538.9, 8247.0 ], [ 3538.9, 8281.958578643761939 ], [ 3521.929289321881242, 8298.929289321880788 ], [ 3521.922698954663701, 8298.93656067158372 ], [ 3521.916853038769659, 8298.944442976697246 ], [ 3521.911807873565067, 8298.952860326317023 ], [ 3521.907612046748909, 8298.961731656763732 ], [ 3521.904305966426818, 8298.970971532275144 ], [ 3521.901921471959668, 8298.980490967798687 ], [ 3521.900481527332886, 8298.990198285966471 ], [ 3521.9, 8299.0 ], [ 3521.9, 8349.958578643761939 ], [ 3504.929289321881242, 8366.929289321880788 ], [ 3504.922698954663701, 8366.93656067158372 ], [ 3504.916853038769659, 8366.944442976697246 ], [ 3504.911807873565067, 8366.952860326317023 ], [ 3504.907612046748909, 8366.961731656763732 ], [ 3504.904305966426818, 8366.970971532275144 ], [ 3504.901921471959668, 8366.980490967798687 ], [ 3504.900481527332886, 8366.990198285966471 ], [ 3504.9, 8367.0 ], [ 3504.9, 8401.958578643761939 ], [ 3487.929289321881242, 8418.929289321880788 ], [ 3487.922698954663701, 8418.93656067158372 ], [ 3487.916853038769659, 8418.944442976697246 ], [ 3487.911807873565067, 8418.952860326317023 ], [ 3487.907612046748909, 8418.961731656763732 ], [ 3487.904305966426818, 8418.970971532275144 ], [ 3487.901921471959668, 8418.980490967798687 ], [ 3487.900481527332886, 8418.990198285966471 ], [ 3487.9, 8419.0 ], [ 3487.9, 8452.958578643761939 ], [ 3469.929289321881242, 8470.929289321880788 ], [ 3469.922698954663701, 8470.93656067158372 ], [ 3469.916853038769659, 8470.944442976697246 ], [ 3469.911807873565067, 8470.952860326317023 ], [ 3469.907612046748909, 8470.961731656763732 ], [ 3469.904305966426818, 8470.970971532275144 ], [ 3469.901921471959668, 8470.980490967798687 ], [ 3469.900481527332886, 8470.990198285966471 ], [ 3469.9, 8471.0 ], [ 3469.9, 8504.958578643761939 ], [ 3452.929289321881242, 8521.929289321880788 ], [ 3452.922698954663701, 8521.93656067158372 ], [ 3452.916853038769659, 8521.944442976697246 ], [ 3452.911807873565067, 8521.952860326317023 ], [ 3452.907612046748909, 8521.961731656763732 ], [ 3452.904305966426818, 8521.970971532275144 ], [ 3452.901921471959668, 8521.980490967798687 ], [ 3452.900481527332886, 8521.990198285966471 ], [ 3452.9, 8522.0 ], [ 3452.9, 8555.960242136432498 ], [ 3435.927298684744983, 8573.931337646703469 ], [ 3435.921137710050516, 8573.938512283959426 ], [ 3435.915682024701709, 8573.946236824484004 ], [ 3435.910980420545911, 8573.95444218537159 ], [ 3435.907074945452223, 8573.963054983594702 ], [ 3435.904000527267726, 8573.971998192288083 ], [ 3435.901784661445163, 8573.981191829630916 ], [ 3435.900447165144669, 8573.990553674138937 ], [ 3435.9, 8574.0 ], [ 3435.9, 8607.958578643761939 ], [ 3418.929289321881242, 8624.929289321880788 ], [ 3418.922698954663701, 8624.93656067158372 ], [ 3418.916853038769659, 8624.944442976697246 ], [ 3418.911807873565067, 8624.952860326317023 ], [ 3418.907612046748909, 8624.961731656763732 ], [ 3418.904305966426818, 8624.970971532275144 ], [ 3418.901921471959668, 8624.980490967798687 ], [ 3418.900481527332886, 8624.990198285966471 ], [ 3418.9, 8625.0 ], [ 3418.9, 8659.958578643761939 ], [ 3401.929289321881242, 8676.929289321880788 ], [ 3401.922698954663701, 8676.93656067158372 ], [ 3401.916853038769659, 8676.944442976697246 ], [ 3401.911807873565067, 8676.952860326317023 ], [ 3401.907612046748909, 8676.961731656763732 ], [ 3401.904305966426818, 8676.970971532275144 ], [ 3401.901921471959668, 8676.980490967798687 ], [ 3401.900481527332886, 8676.990198285966471 ], [ 3401.9, 8677.0 ], [ 3401.9, 8727.956895351075218 ], [ 3383.960242136433408, 8744.899999999999636 ], [ 3367.0, 8744.899999999999636 ], [ 3366.990198285966926, 8744.900481527332886 ], [ 3366.980490967798232, 8744.901921471959213 ], [ 3366.970971532274689, 8744.904305966427273 ], [ 3366.961731656763277, 8744.907612046748909 ], [ 3366.952860326317477, 8744.911807873564612 ], [ 3366.944442976698156, 8744.916853038770569 ], [ 3366.93656067158372, 8744.922698954664156 ], [ 3366.929289321881242, 8744.929289321880788 ], [ 3366.922698954663701, 8744.93656067158372 ], [ 3366.916853038769659, 8744.944442976697246 ], [ 3366.911807873565067, 8744.952860326317023 ], [ 3366.907612046748909, 8744.961731656763732 ], [ 3366.904305966426818, 8744.970971532275144 ], [ 3366.901921471959668, 8744.980490967798687 ], [ 3366.900481527332886, 8744.990198285966471 ], [ 3366.9, 8745.0 ], [ 3366.9, 8762.958578643761939 ], [ 3349.929289321881242, 8779.929289321880788 ], [ 3349.922698954663701, 8779.93656067158372 ], [ 3349.916853038769659, 8779.944442976697246 ], [ 3349.911807873565067, 8779.952860326317023 ], [ 3349.907612046748909, 8779.961731656763732 ], [ 3349.904305966426818, 8779.970971532275144 ], [ 3349.901921471959668, 8779.980490967798687 ], [ 3349.900481527332886, 8779.990198285966471 ], [ 3349.9, 8780.0 ], [ 3349.9, 8865.958578643761939 ], [ 3332.929289321881242, 8882.929289321880788 ], [ 3332.922698954663701, 8882.93656067158372 ], [ 3332.916853038769659, 8882.944442976697246 ], [ 3332.911807873565067, 8882.952860326317023 ], [ 3332.907612046748909, 8882.961731656763732 ], [ 3332.904305966426818, 8882.970971532275144 ], [ 3332.901921471959668, 8882.980490967798687 ], [ 3332.900481527332886, 8882.990198285966471 ], [ 3332.9, 8883.0 ], [ 3332.9, 8933.960242136432498 ], [ 3315.927298684744983, 8951.931337646703469 ], [ 3315.921137710050516, 8951.938512283959426 ], [ 3315.915682024701709, 8951.946236824484004 ], [ 3315.910980420545911, 8951.95444218537159 ], [ 3315.907074945452223, 8951.963054983594702 ], [ 3315.904000527267726, 8951.971998192288083 ], [ 3315.901784661445163, 8951.981191829630916 ], [ 3315.900447165144669, 8951.990553674138937 ], [ 3315.9, 8952.0 ], [ 3315.9, 8985.958578643761939 ], [ 3298.929289321881242, 9002.929289321880788 ], [ 3298.922698954663701, 9002.93656067158372 ], [ 3298.916853038769659, 9002.944442976697246 ], [ 3298.911807873565067, 9002.952860326317023 ], [ 3298.907612046748909, 9002.961731656763732 ], [ 3298.904305966426818, 9002.970971532275144 ], [ 3298.901921471959668, 9002.980490967798687 ], [ 3298.900481527332886, 9002.990198285966471 ], [ 3298.9, 9003.0 ], [ 3298.9, 9054.956895351075218 ], [ 3280.931337646703469, 9071.927298684744528 ], [ 3280.924308483640289, 9071.934648685160937 ], [ 3280.918062210340395, 9071.942674624940992 ], [ 3280.912663433032321, 9071.951293490472381 ], [ 3280.908167992155086, 9071.9604161354182 ], [ 3280.904622384790855, 9071.969948202766318 ], [ 3280.902063283737789, 9071.979791100779039 ], [ 3280.900517158197545, 9071.989843022749483 ], [ 3280.9, 9072.0 ], [ 3280.9, 9105.958578643761939 ], [ 3263.929289321881242, 9122.929289321880788 ], [ 3263.922698954663701, 9122.93656067158372 ], [ 3263.916853038769659, 9122.944442976697246 ], [ 3263.911807873565067, 9122.952860326317023 ], [ 3263.907612046748909, 9122.961731656763732 ], [ 3263.904305966426818, 9122.970971532275144 ], [ 3263.901921471959668, 9122.980490967798687 ], [ 3263.900481527332886, 9122.990198285966471 ], [ 3263.9, 9123.0 ], [ 3263.9, 9174.958578643761939 ], [ 3246.929289321881242, 9191.929289321880788 ], [ 3246.922698954663701, 9191.93656067158372 ], [ 3246.916853038769659, 9191.944442976697246 ], [ 3246.911807873565067, 9191.952860326317023 ], [ 3246.907612046748909, 9191.961731656763732 ], [ 3246.904305966426818, 9191.970971532275144 ], [ 3246.901921471959668, 9191.980490967798687 ], [ 3246.900481527332886, 9191.990198285966471 ], [ 3246.9, 9192.0 ], [ 3246.9, 9243.958578643761939 ], [ 3229.929289321881242, 9260.929289321880788 ], [ 3229.922698954663701, 9260.93656067158372 ], [ 3229.916853038769659, 9260.944442976697246 ], [ 3229.911807873565067, 9260.952860326317023 ], [ 3229.907612046748909, 9260.961731656763732 ], [ 3229.904305966426818, 9260.970971532275144 ], [ 3229.901921471959668, 9260.980490967798687 ], [ 3229.900481527332886, 9260.990198285966471 ], [ 3229.9, 9261.0 ], [ 3229.9, 9277.958578643761939 ], [ 3212.929289321881242, 9294.929289321880788 ], [ 3212.922698954663701, 9294.93656067158372 ], [ 3212.916853038769659, 9294.944442976697246 ], [ 3212.911807873565067, 9294.952860326317023 ], [ 3212.907612046748909, 9294.961731656763732 ], [ 3212.904305966426818, 9294.970971532275144 ], [ 3212.901921471959668, 9294.980490967798687 ], [ 3212.900481527332886, 9294.990198285966471 ], [ 3212.9, 9295.0 ], [ 3212.9, 9346.956895351075218 ], [ 3194.931337646703469, 9363.927298684744528 ], [ 3194.924308483640289, 9363.934648685160937 ], [ 3194.918062210340395, 9363.942674624940992 ], [ 3194.912663433032321, 9363.951293490472381 ], [ 3194.908167992155086, 9363.9604161354182 ], [ 3194.904622384790855, 9363.969948202766318 ], [ 3194.902063283737789, 9363.979791100779039 ], [ 3194.900517158197545, 9363.989843022749483 ], [ 3194.9, 9364.0 ], [ 3194.9, 9397.960242136432498 ], [ 3177.927298684744983, 9415.931337646703469 ], [ 3177.921137710050516, 9415.938512283959426 ], [ 3177.915682024701709, 9415.946236824484004 ], [ 3177.910980420545911, 9415.95444218537159 ], [ 3177.907074945452223, 9415.963054983594702 ], [ 3177.904000527267726, 9415.971998192288083 ], [ 3177.901784661445163, 9415.981191829630916 ], [ 3177.900447165144669, 9415.990553674138937 ], [ 3177.9, 9416.0 ], [ 3177.9, 9449.958578643761939 ], [ 3160.929289321881242, 9466.929289321880788 ], [ 3160.922698954663701, 9466.93656067158372 ], [ 3160.916853038769659, 9466.944442976697246 ], [ 3160.911807873565067, 9466.952860326317023 ], [ 3160.907612046748909, 9466.961731656763732 ], [ 3160.904305966426818, 9466.970971532275144 ], [ 3160.901921471959668, 9466.980490967798687 ], [ 3160.900481527332886, 9466.990198285966471 ], [ 3160.9, 9467.0 ], [ 3160.9, 9501.958578643761939 ], [ 3143.929289321881242, 9518.929289321880788 ], [ 3143.922698954663701, 9518.93656067158372 ], [ 3143.916853038769659, 9518.944442976697246 ], [ 3143.911807873565067, 9518.952860326317023 ], [ 3143.907612046748909, 9518.961731656763732 ], [ 3143.904305966426818, 9518.970971532275144 ], [ 3143.901921471959668, 9518.980490967798687 ], [ 3143.900481527332886, 9518.990198285966471 ], [ 3143.9, 9519.0 ], [ 3143.9, 9552.958578643761939 ], [ 3126.929289321881242, 9569.929289321880788 ], [ 3126.922698954663701, 9569.93656067158372 ], [ 3126.916853038769659, 9569.944442976697246 ], [ 3126.911807873565067, 9569.952860326317023 ], [ 3126.907612046748909, 9569.961731656763732 ], [ 3126.904305966426818, 9569.970971532275144 ], [ 3126.901921471959668, 9569.980490967798687 ], [ 3126.900481527332886, 9569.990198285966471 ], [ 3126.9, 9570.0 ], [ 3126.9, 10394.958578643761939 ], [ 3109.958578643762394, 10411.9 ], [ 2869.0, 10411.9 ], [ 2868.990198285966926, 10411.900481527332886 ], [ 2868.980490967798232, 10411.901921471959213 ], [ 2868.970971532274689, 10411.904305966427273 ], [ 2868.961731656763277, 10411.907612046748909 ], [ 2868.952860326317477, 10411.911807873564612 ], [ 2868.944442976698156, 10411.916853038770569 ], [ 2868.93656067158372, 10411.922698954664156 ], [ 2868.929289321881242, 10411.929289321880788 ], [ 2868.922698954663701, 10411.93656067158372 ], [ 2868.916853038769659, 10411.944442976697246 ], [ 2868.911807873565067, 10411.952860326317023 ], [ 2868.907612046748909, 10411.961731656763732 ], [ 2868.904305966426818, 10411.970971532275144 ], [ 2868.901921471959668, 10411.980490967798687 ], [ 2868.900481527332886, 10411.990198285966471 ], [ 2868.9, 10412.0 ], [ 2868.9, 10446.958578643761939 ], [ 2851.929289321881242, 10463.929289321880788 ], [ 2851.922698954663701, 10463.93656067158372 ], [ 2851.916853038769659, 10463.944442976697246 ], [ 2851.911807873565067, 10463.952860326317023 ], [ 2851.907612046748909, 10463.961731656763732 ], [ 2851.904305966426818, 10463.970971532275144 ], [ 2851.901921471959668, 10463.980490967798687 ], [ 2851.900481527332886, 10463.990198285966471 ], [ 2851.9, 10464.0 ], [ 2851.9, 10514.958578643761939 ], [ 2834.929289321881242, 10531.929289321880788 ], [ 2834.922698954663701, 10531.93656067158372 ], [ 2834.916853038769659, 10531.944442976697246 ], [ 2834.911807873565067, 10531.952860326317023 ], [ 2834.907612046748909, 10531.961731656763732 ], [ 2834.904305966426818, 10531.970971532275144 ], [ 2834.901921471959668, 10531.980490967798687 ], [ 2834.900481527332886, 10531.990198285966471 ], [ 2834.9, 10532.0 ], [ 2834.9, 10583.956895351075218 ], [ 2816.931337646703469, 10600.927298684744528 ], [ 2816.924308483640289, 10600.934648685160937 ], [ 2816.918062210340395, 10600.942674624940992 ], [ 2816.912663433032321, 10600.951293490472381 ], [ 2816.908167992155086, 10600.9604161354182 ], [ 2816.904622384790855, 10600.969948202766318 ], [ 2816.902063283737789, 10600.979791100779039 ], [ 2816.900517158197545, 10600.989843022749483 ], [ 2816.9, 10601.0 ], [ 2816.9, 10669.958578643761939 ], [ 2799.929289321881242, 10686.929289321880788 ], [ 2799.922698954663701, 10686.93656067158372 ], [ 2799.916853038769659, 10686.944442976697246 ], [ 2799.911807873565067, 10686.952860326317023 ], [ 2799.907612046748909, 10686.961731656763732 ], [ 2799.904305966426818, 10686.970971532275144 ], [ 2799.901921471959668, 10686.980490967798687 ], [ 2799.900481527332886, 10686.990198285966471 ], [ 2799.9, 10687.0 ], [ 2799.9, 10738.958578643761939 ], [ 2782.929289321881242, 10755.929289321880788 ], [ 2782.922698954663701, 10755.93656067158372 ], [ 2782.916853038769659, 10755.944442976697246 ], [ 2782.911807873565067, 10755.952860326317023 ], [ 2782.907612046748909, 10755.961731656763732 ], [ 2782.904305966426818, 10755.970971532275144 ], [ 2782.901921471959668, 10755.980490967798687 ], [ 2782.900481527332886, 10755.990198285966471 ], [ 2782.9, 10756.0 ], [ 2782.9, 10824.958578643761939 ], [ 2765.929289321881242, 10841.929289321880788 ], [ 2765.922698954663701, 10841.93656067158372 ], [ 2765.916853038769659, 10841.944442976697246 ], [ 2765.911807873565067, 10841.952860326317023 ], [ 2765.907612046748909, 10841.961731656763732 ], [ 2765.904305966426818, 10841.970971532275144 ], [ 2765.901921471959668, 10841.980490967798687 ], [ 2765.900481527332886, 10841.990198285966471 ], [ 2765.9, 10842.0 ], [ 2765.9, 10927.958578643761939 ], [ 2748.929289321881242, 10944.929289321880788 ], [ 2748.922698954663701, 10944.93656067158372 ], [ 2748.916853038769659, 10944.944442976697246 ], [ 2748.911807873565067, 10944.952860326317023 ], [ 2748.907612046748909, 10944.961731656763732 ], [ 2748.904305966426818, 10944.970971532275144 ], [ 2748.901921471959668, 10944.980490967798687 ], [ 2748.900481527332886, 10944.990198285966471 ], [ 2748.9, 10945.0 ], [ 2748.9, 11013.958578643761939 ], [ 2731.929289321881242, 11030.929289321880788 ], [ 2731.922698954663701, 11030.93656067158372 ], [ 2731.916853038769659, 11030.944442976697246 ], [ 2731.911807873565067, 11030.952860326317023 ], [ 2731.907612046748909, 11030.961731656763732 ], [ 2731.904305966426818, 11030.970971532275144 ], [ 2731.901921471959668, 11030.980490967798687 ], [ 2731.900481527332886, 11030.990198285966471 ], [ 2731.9, 11031.0 ], [ 2731.9, 11099.956895351075218 ], [ 2713.931337646703469, 11116.927298684744528 ], [ 2713.924308483640289, 11116.934648685160937 ], [ 2713.918062210340395, 11116.942674624940992 ], [ 2713.912663433032321, 11116.951293490472381 ], [ 2713.908167992155086, 11116.9604161354182 ], [ 2713.904622384790855, 11116.969948202766318 ], [ 2713.902063283737789, 11116.979791100779039 ], [ 2713.900517158197545, 11116.989843022749483 ], [ 2713.9, 11117.0 ], [ 2713.9, 11167.958578643761939 ], [ 2696.929289321881242, 11184.929289321880788 ], [ 2696.922698954663701, 11184.93656067158372 ], [ 2696.916853038769659, 11184.944442976697246 ], [ 2696.911807873565067, 11184.952860326317023 ], [ 2696.907612046748909, 11184.961731656763732 ], [ 2696.904305966426818, 11184.970971532275144 ], [ 2696.901921471959668, 11184.980490967798687 ], [ 2696.900481527332886, 11184.990198285966471 ], [ 2696.9, 11185.0 ], [ 2696.9, 11253.958578643761939 ], [ 2679.929289321881242, 11270.929289321880788 ], [ 2679.922698954663701, 11270.93656067158372 ], [ 2679.916853038769659, 11270.944442976697246 ], [ 2679.911807873565067, 11270.952860326317023 ], [ 2679.907612046748909, 11270.961731656763732 ], [ 2679.904305966426818, 11270.970971532275144 ], [ 2679.901921471959668, 11270.980490967798687 ], [ 2679.900481527332886, 11270.990198285966471 ], [ 2679.9, 11271.0 ], [ 2679.9, 11305.958578643761939 ], [ 2662.929289321881242, 11322.929289321880788 ], [ 2662.922698954663701, 11322.93656067158372 ], [ 2662.916853038769659, 11322.944442976697246 ], [ 2662.911807873565067, 11322.952860326317023 ], [ 2662.907612046748909, 11322.961731656763732 ], [ 2662.904305966426818, 11322.970971532275144 ], [ 2662.901921471959668, 11322.980490967798687 ], [ 2662.900481527332886, 11322.990198285966471 ], [ 2662.9, 11323.0 ], [ 2662.9, 11373.960242136432498 ], [ 2645.927298684744983, 11391.931337646703469 ], [ 2645.921137710050516, 11391.938512283959426 ], [ 2645.915682024701709, 11391.946236824484004 ], [ 2645.910980420545911, 11391.95444218537159 ], [ 2645.907074945452223, 11391.963054983594702 ], [ 2645.904000527267726, 11391.971998192288083 ], [ 2645.901784661445163, 11391.981191829630916 ], [ 2645.900447165144669, 11391.990553674138937 ], [ 2645.9, 11392.0 ], [ 2645.9, 11459.958578643761939 ], [ 2627.929289321881242, 11477.929289321880788 ], [ 2627.922698954663701, 11477.93656067158372 ], [ 2627.916853038769659, 11477.944442976697246 ], [ 2627.911807873565067, 11477.952860326317023 ], [ 2627.907612046748909, 11477.961731656763732 ], [ 2627.904305966426818, 11477.970971532275144 ], [ 2627.901921471959668, 11477.980490967798687 ], [ 2627.900481527332886, 11477.990198285966471 ], [ 2627.9, 11478.0 ], [ 2627.9, 11528.958578643761939 ], [ 2610.929289321881242, 11545.929289321880788 ], [ 2610.922698954663701, 11545.93656067158372 ], [ 2610.916853038769659, 11545.944442976697246 ], [ 2610.911807873565067, 11545.952860326317023 ], [ 2610.907612046748909, 11545.961731656763732 ], [ 2610.904305966426818, 11545.970971532275144 ], [ 2610.901921471959668, 11545.980490967798687 ], [ 2610.900481527332886, 11545.990198285966471 ], [ 2610.9, 11546.0 ], [ 2610.9, 11614.958578643761939 ], [ 2593.929289321881242, 11631.929289321880788 ], [ 2593.922698954663701, 11631.93656067158372 ], [ 2593.916853038769659, 11631.944442976697246 ], [ 2593.911807873565067, 11631.952860326317023 ], [ 2593.907612046748909, 11631.961731656763732 ], [ 2593.904305966426818, 11631.970971532275144 ], [ 2593.901921471959668, 11631.980490967798687 ], [ 2593.900481527332886, 11631.990198285966471 ], [ 2593.9, 11632.0 ], [ 2593.9, 11734.958578643761939 ], [ 2576.929289321881242, 11751.929289321880788 ], [ 2576.922698954663701, 11751.93656067158372 ], [ 2576.916853038769659, 11751.944442976697246 ], [ 2576.911807873565067, 11751.952860326317023 ], [ 2576.907612046748909, 11751.961731656763732 ], [ 2576.904305966426818, 11751.970971532275144 ], [ 2576.901921471959668, 11751.980490967798687 ], [ 2576.900481527332886, 11751.990198285966471 ], [ 2576.9, 11752.0 ], [ 2576.9, 11820.958578643761939 ], [ 2559.929289321881242, 11837.929289321880788 ], [ 2559.922698954663701, 11837.93656067158372 ], [ 2559.916853038769659, 11837.944442976697246 ], [ 2559.911807873565067, 11837.952860326317023 ], [ 2559.907612046748909, 11837.961731656763732 ], [ 2559.904305966426818, 11837.970971532275144 ], [ 2559.901921471959668, 11837.980490967798687 ], [ 2559.900481527332886, 11837.990198285966471 ], [ 2559.9, 11838.0 ], [ 2559.9, 11940.960242136432498 ], [ 2542.927298684744983, 11958.931337646703469 ], [ 2542.921137710050516, 11958.938512283959426 ], [ 2542.915682024701709, 11958.946236824484004 ], [ 2542.910980420545911, 11958.95444218537159 ], [ 2542.907074945452223, 11958.963054983594702 ], [ 2542.904000527267726, 11958.971998192288083 ], [ 2542.901784661445163, 11958.981191829630916 ], [ 2542.900447165144669, 11958.990553674138937 ], [ 2542.9, 11959.0 ], [ 2542.9, 12491.0 ], [ 2542.900481527332886, 12491.009801714033529 ], [ 2542.901921471959668, 12491.019509032201313 ], [ 2542.904305966426818, 12491.029028467724856 ], [ 2542.907612046748909, 12491.038268343236268 ], [ 2542.911807873565067, 12491.047139673682977 ], [ 2542.916853038769659, 12491.055557023302754 ], [ 2542.922698954663701, 12491.06343932841628 ], [ 2542.929289321881242, 12491.070710678119212 ], [ 2559.9, 12508.041421356238061 ], [ 2559.9, 12577.0 ], [ 2559.900481527332886, 12577.009801714033529 ], [ 2559.901921471959668, 12577.019509032201313 ], [ 2559.904305966426818, 12577.029028467724856 ], [ 2559.907612046748909, 12577.038268343236268 ], [ 2559.911807873565067, 12577.047139673682977 ], [ 2559.916853038769659, 12577.055557023302754 ], [ 2559.922698954663701, 12577.06343932841628 ], [ 2559.929289321881242, 12577.070710678119212 ], [ 2576.9, 12594.041421356238061 ], [ 2576.9, 12646.0 ], [ 2576.900481527332886, 12646.009801714033529 ], [ 2576.901921471959668, 12646.019509032201313 ], [ 2576.904305966426818, 12646.029028467724856 ], [ 2576.907612046748909, 12646.038268343236268 ], [ 2576.911807873565067, 12646.047139673682977 ], [ 2576.916853038769659, 12646.055557023302754 ], [ 2576.922698954663701, 12646.06343932841628 ], [ 2576.929289321881242, 12646.070710678119212 ], [ 2593.9, 12663.041421356238061 ], [ 2593.9, 12697.0 ], [ 2593.900447165144669, 12697.009446325861063 ], [ 2593.901784661445163, 12697.018808170369084 ], [ 2593.904000527267726, 12697.028001807711917 ], [ 2593.907074945452223, 12697.036945016405298 ], [ 2593.910980420545911, 12697.04555781462841 ], [ 2593.915682024701709, 12697.053763175515996 ], [ 2593.921137710050516, 12697.061487716040574 ], [ 2593.927298684744983, 12697.068662353296531 ], [ 2610.9, 12715.039757863567502 ], [ 2610.9, 12732.0 ], [ 2610.900481527332886, 12732.009801714033529 ], [ 2610.901921471959668, 12732.019509032201313 ], [ 2610.904305966426818, 12732.029028467724856 ], [ 2610.907612046748909, 12732.038268343236268 ], [ 2610.911807873565067, 12732.047139673682977 ], [ 2610.916853038769659, 12732.055557023302754 ], [ 2610.922698954663701, 12732.06343932841628 ], [ 2610.929289321881242, 12732.070710678119212 ], [ 2627.9, 12749.041421356238061 ], [ 2627.9, 12766.0 ], [ 2627.900517158197545, 12766.010156977250517 ], [ 2627.902063283737789, 12766.020208899220961 ], [ 2627.904622384790855, 12766.030051797233682 ], [ 2627.908167992155086, 12766.0395838645818 ], [ 2627.912663433032321, 12766.048706509527619 ], [ 2627.918062210340395, 12766.057325375059008 ], [ 2627.924308483640289, 12766.065351314839063 ], [ 2627.931337646703469, 12766.072701315255472 ], [ 2645.9, 12783.043104648924782 ], [ 2645.9, 12801.0 ], [ 2645.900481527332886, 12801.009801714033529 ], [ 2645.901921471959668, 12801.019509032201313 ], [ 2645.904305966426818, 12801.029028467724856 ], [ 2645.907612046748909, 12801.038268343236268 ], [ 2645.911807873565067, 12801.047139673682977 ], [ 2645.916853038769659, 12801.055557023302754 ], [ 2645.922698954663701, 12801.06343932841628 ], [ 2645.929289321881242, 12801.070710678119212 ], [ 2679.9, 12835.041421356238061 ], [ 2679.9, 12852.0 ], [ 2679.900481527332886, 12852.009801714033529 ], [ 2679.901921471959668, 12852.019509032201313 ], [ 2679.904305966426818, 12852.029028467724856 ], [ 2679.907612046748909, 12852.038268343236268 ], [ 2679.911807873565067, 12852.047139673682977 ], [ 2679.916853038769659, 12852.055557023302754 ], [ 2679.922698954663701, 12852.06343932841628 ], [ 2679.929289321881242, 12852.070710678119212 ], [ 2696.928279375414149, 12869.069700731652119 ], [ 2713.927298684744983, 12887.068662353296531 ], [ 2713.931337646703469, 12887.072701315255472 ], [ 2731.930299268356066, 12904.071720624593581 ], [ 2748.9, 12921.041421356238061 ], [ 2748.9, 12938.0 ], [ 2748.900481527332886, 12938.009801714033529 ], [ 2748.901921471959668, 12938.019509032201313 ], [ 2748.904305966426818, 12938.029028467724856 ], [ 2748.907612046748909, 12938.038268343236268 ], [ 2748.911807873565067, 12938.047139673682977 ], [ 2748.916853038769659, 12938.055557023302754 ], [ 2748.922698954663701, 12938.06343932841628 ], [ 2748.929289321881242, 12938.070710678119212 ], [ 2748.93656067158372, 12938.077301045335844 ], [ 2748.944442976698156, 12938.083146961229431 ], [ 2748.952860326317477, 12938.088192126435388 ], [ 2748.961731656763277, 12938.092387953251091 ], [ 2748.970971532274689, 12938.095694033572727 ], [ 2748.980490967798232, 12938.098078528040787 ], [ 2748.990198285966926, 12938.099518472667114 ], [ 2749.0, 12938.1 ], [ 2765.958578643762394, 12938.1 ], [ 2799.928279375414149, 12972.069700731652119 ], [ 2816.927298684744983, 12990.068662353296531 ], [ 2816.934648685160937, 12990.075691516360166 ], [ 2816.942674624940992, 12990.081937789660515 ], [ 2816.95129349047329, 12990.087336566968588 ], [ 2816.960416135418654, 12990.091832007845369 ], [ 2816.969948202765863, 12990.095377615209145 ], [ 2816.979791100778129, 12990.097936716261756 ], [ 2816.989843022748573, 12990.099482841802455 ], [ 2817.0, 12990.1 ], [ 2834.958578643762394, 12990.1 ], [ 2885.929289321881242, 13041.070710678119212 ], [ 2885.93656067158372, 13041.077301045335844 ], [ 2885.944442976698156, 13041.08314696123125 ], [ 2885.952860326317477, 13041.088192126435388 ], [ 2885.961731656763732, 13041.092387953251091 ], [ 2885.970971532274689, 13041.095694033572727 ], [ 2885.980490967798687, 13041.098078528040787 ], [ 2885.990198285966926, 13041.099518472667114 ], [ 2886.0, 13041.1 ], [ 2902.960242136433408, 13041.1 ], [ 2920.931337646703469, 13058.072701315255472 ], [ 2920.938512283959426, 13058.078862289949029 ], [ 2920.946236824483549, 13058.084317975297381 ], [ 2920.954442185371136, 13058.089019579454543 ], [ 2920.963054983593793, 13058.092925054548687 ], [ 2920.971998192288993, 13058.095999472732728 ], [ 2920.981191829631825, 13058.098215338553928 ], [ 2920.990553674139392, 13058.099552834855785 ], [ 2921.0, 13058.1 ], [ 2937.956895351076582, 13058.1 ], [ 2954.927298684744983, 13076.068662353296531 ], [ 2954.934648685160937, 13076.075691516360166 ], [ 2954.942674624940992, 13076.081937789660515 ], [ 2954.95129349047329, 13076.087336566968588 ], [ 2954.960416135418654, 13076.091832007845369 ], [ 2954.969948202765863, 13076.095377615209145 ], [ 2954.979791100778129, 13076.097936716261756 ], [ 2954.989843022748573, 13076.099482841802455 ], [ 2955.0, 13076.1 ], [ 2988.958578643762394, 13076.1 ], [ 3005.929289321881242, 13093.070710678119212 ], [ 3005.93656067158372, 13093.077301045335844 ], [ 3005.944442976698156, 13093.08314696123125 ], [ 3005.952860326317477, 13093.088192126435388 ], [ 3005.961731656763732, 13093.092387953251091 ], [ 3005.970971532274689, 13093.095694033572727 ], [ 3005.980490967798687, 13093.098078528040787 ], [ 3005.990198285966926, 13093.099518472667114 ], [ 3006.0, 13093.1 ], [ 3040.958578643762394, 13093.1 ], [ 3057.929289321881242, 13110.070710678119212 ], [ 3057.93656067158372, 13110.077301045335844 ], [ 3057.944442976698156, 13110.08314696123125 ], [ 3057.952860326317477, 13110.088192126435388 ], [ 3057.961731656763732, 13110.092387953251091 ], [ 3057.970971532274689, 13110.095694033572727 ], [ 3057.980490967798687, 13110.098078528040787 ], [ 3057.990198285966926, 13110.099518472667114 ], [ 3058.0, 13110.1 ], [ 3091.960242136433408, 13110.1 ], [ 3109.931337646703469, 13127.072701315255472 ], [ 3109.938512283959426, 13127.078862289949029 ], [ 3109.946236824483549, 13127.084317975297381 ], [ 3109.954442185371136, 13127.089019579454543 ], [ 3109.963054983593793, 13127.092925054548687 ], [ 3109.971998192288993, 13127.095999472732728 ], [ 3109.981191829631825, 13127.098215338553928 ], [ 3109.990553674139392, 13127.099552834855785 ], [ 3110.0, 13127.1 ], [ 3177.958578643762394, 13127.1 ], [ 3194.929289321881242, 13144.070710678119212 ], [ 3194.93656067158372, 13144.077301045335844 ], [ 3194.944442976698156, 13144.08314696123125 ], [ 3194.952860326317477, 13144.088192126435388 ], [ 3194.961731656763732, 13144.092387953251091 ], [ 3194.970971532274689, 13144.095694033572727 ], [ 3194.980490967798687, 13144.098078528040787 ], [ 3194.990198285966926, 13144.099518472667114 ], [ 3195.0, 13144.1 ], [ 3280.960242136433408, 13144.1 ], [ 3298.931337646703469, 13161.072701315255472 ], [ 3298.938512283959426, 13161.078862289949029 ], [ 3298.946236824483549, 13161.084317975297381 ], [ 3298.954442185371136, 13161.089019579454543 ], [ 3298.963054983593793, 13161.092925054548687 ], [ 3298.971998192288993, 13161.095999472732728 ], [ 3298.981191829631825, 13161.098215338553928 ], [ 3298.990553674139392, 13161.099552834855785 ], [ 3299.0, 13161.1 ], [ 3418.956895351076582, 13161.1 ], [ 3435.927298684744983, 13179.068662353296531 ], [ 3435.934648685160937, 13179.075691516360166 ], [ 3435.942674624940992, 13179.081937789660515 ], [ 3435.95129349047329, 13179.087336566968588 ], [ 3435.960416135418654, 13179.091832007845369 ], [ 3435.969948202765863, 13179.095377615209145 ], [ 3435.979791100778129, 13179.097936716261756 ], [ 3435.989843022748573, 13179.099482841802455 ], [ 3436.0, 13179.1 ], [ 3538.958578643762394, 13179.1 ], [ 3555.929289321881242, 13196.070710678119212 ], [ 3555.93656067158372, 13196.077301045335844 ], [ 3555.944442976698156, 13196.08314696123125 ], [ 3555.952860326317477, 13196.088192126435388 ], [ 3555.961731656763732, 13196.092387953251091 ], [ 3555.970971532274689, 13196.095694033572727 ], [ 3555.980490967798687, 13196.098078528040787 ], [ 3555.990198285966926, 13196.099518472667114 ], [ 3556.0, 13196.1 ], [ 3624.958578643762394, 13196.1 ], [ 3641.929289321881242, 13213.070710678119212 ], [ 3641.93656067158372, 13213.077301045335844 ], [ 3641.944442976698156, 13213.08314696123125 ], [ 3641.952860326317477, 13213.088192126435388 ], [ 3641.961731656763732, 13213.092387953251091 ], [ 3641.970971532274689, 13213.095694033572727 ], [ 3641.980490967798687, 13213.098078528040787 ], [ 3641.990198285966926, 13213.099518472667114 ], [ 3642.0, 13213.1 ], [ 3659.0, 13213.1 ], [ 3659.009446325860608, 13213.099552834855785 ], [ 3659.018808170368175, 13213.098215338553928 ], [ 3659.028001807711007, 13213.095999472732728 ], [ 3659.036945016406207, 13213.092925054548687 ], [ 3659.045557814628864, 13213.089019579454543 ], [ 3659.053763175516451, 13213.084317975297381 ], [ 3659.061487716040574, 13213.078862289949029 ], [ 3659.068662353296531, 13213.072701315255472 ], [ 3676.998008550524446, 13196.139429906763326 ], [ 3693.929289321881242, 13213.070710678119212 ], [ 3693.93656067158372, 13213.077301045335844 ], [ 3693.944442976698156, 13213.08314696123125 ], [ 3693.952860326317477, 13213.088192126435388 ], [ 3693.961731656763732, 13213.092387953251091 ], [ 3693.970971532274689, 13213.095694033572727 ], [ 3693.980490967798687, 13213.098078528040787 ], [ 3693.990198285966926, 13213.099518472667114 ], [ 3694.0, 13213.1 ], [ 3847.960242136433408, 13213.1 ], [ 3865.931337646703469, 13230.072701315255472 ], [ 3865.938512283959426, 13230.078862289949029 ], [ 3865.946236824483549, 13230.084317975297381 ], [ 3865.954442185371136, 13230.089019579454543 ], [ 3865.963054983593793, 13230.092925054548687 ], [ 3865.971998192288993, 13230.095999472732728 ], [ 3865.981191829631825, 13230.098215338553928 ], [ 3865.990553674139392, 13230.099552834855785 ], [ 3866.0, 13230.1 ], [ 4311.960242136433408, 13230.1 ], [ 4329.931337646703469, 13247.072701315255472 ], [ 4329.938512283959426, 13247.078862289949029 ], [ 4329.946236824484004, 13247.084317975297381 ], [ 4329.954442185370681, 13247.089019579454543 ], [ 4329.963054983593793, 13247.092925054548687 ], [ 4329.971998192288993, 13247.095999472732728 ], [ 4329.981191829631825, 13247.098215338553928 ], [ 4329.990553674138937, 13247.099552834855785 ], [ 4330.0, 13247.1 ], [ 4828.0, 13247.1 ], [ 4828.009801714032619, 13247.099518472667114 ], [ 4828.019509032201313, 13247.098078528040787 ], [ 4828.029028467724856, 13247.095694033572727 ], [ 4828.038268343236268, 13247.092387953251091 ], [ 4828.047139673682068, 13247.088192126435388 ], [ 4828.055557023301844, 13247.08314696123125 ], [ 4828.06343932841628, 13247.077301045335844 ], [ 4828.070710678118303, 13247.070710678119212 ], [ 4845.041421356237151, 13230.1 ], [ 5068.0, 13230.1 ], [ 5068.009446325861063, 13230.099552834855785 ], [ 5068.018808170368175, 13230.098215338553928 ], [ 5068.028001807711007, 13230.095999472732728 ], [ 5068.036945016406207, 13230.092925054548687 ], [ 5068.045557814629319, 13230.089019579454543 ], [ 5068.053763175515996, 13230.084317975297381 ], [ 5068.061487716040574, 13230.078862289949029 ], [ 5068.068662353296531, 13230.072701315255472 ], [ 5086.039757863566592, 13213.1 ], [ 5189.0, 13213.1 ], [ 5189.009801714032619, 13213.099518472667114 ], [ 5189.019509032201313, 13213.098078528040787 ], [ 5189.029028467724856, 13213.095694033572727 ], [ 5189.038268343236268, 13213.092387953251091 ], [ 5189.047139673682068, 13213.088192126435388 ], [ 5189.055557023301844, 13213.08314696123125 ], [ 5189.06343932841628, 13213.077301045335844 ], [ 5189.070710678118303, 13213.070710678119212 ], [ 5206.041421356237151, 13196.1 ], [ 5240.0, 13196.1 ], [ 5240.009801714032619, 13196.099518472667114 ], [ 5240.019509032201313, 13196.098078528040787 ], [ 5240.029028467724856, 13196.095694033572727 ], [ 5240.038268343236268, 13196.092387953251091 ], [ 5240.047139673682068, 13196.088192126435388 ], [ 5240.055557023301844, 13196.08314696123125 ], [ 5240.06343932841628, 13196.077301045335844 ], [ 5240.070710678118303, 13196.070710678119212 ], [ 5257.041421356237151, 13179.1 ], [ 5309.0, 13179.1 ], [ 5309.010156977251427, 13179.099482841802455 ], [ 5309.020208899221871, 13179.097936716261756 ], [ 5309.030051797234592, 13179.095377615209145 ], [ 5309.039583864580891, 13179.091832007845369 ], [ 5309.04870650952671, 13179.087336566968588 ], [ 5309.057325375059008, 13179.081937789660515 ], [ 5309.065351314839063, 13179.075691516360166 ], [ 5309.072701315254562, 13179.068662353296531 ], [ 5326.043104648922963, 13161.1 ], [ 5360.0, 13161.1 ], [ 5360.009446325861063, 13161.099552834855785 ], [ 5360.018808170368175, 13161.098215338553928 ], [ 5360.028001807711007, 13161.095999472732728 ], [ 5360.036945016406207, 13161.092925054548687 ], [ 5360.045557814629319, 13161.089019579454543 ], [ 5360.053763175515996, 13161.084317975297381 ], [ 5360.061487716040574, 13161.078862289949029 ], [ 5360.068662353296531, 13161.072701315255472 ], [ 5378.039757863566592, 13144.1 ], [ 5395.0, 13144.1 ], [ 5395.009801714032619, 13144.099518472667114 ], [ 5395.019509032201313, 13144.098078528040787 ], [ 5395.029028467724856, 13144.095694033572727 ], [ 5395.038268343236268, 13144.092387953251091 ], [ 5395.047139673682068, 13144.088192126435388 ], [ 5395.055557023301844, 13144.08314696123125 ], [ 5395.06343932841628, 13144.077301045335844 ], [ 5395.070710678118303, 13144.070710678119212 ], [ 5412.041421356237151, 13127.1 ], [ 5429.0, 13127.1 ], [ 5429.009801714032619, 13127.099518472667114 ], [ 5429.019509032201313, 13127.098078528040787 ], [ 5429.029028467724856, 13127.095694033572727 ], [ 5429.038268343236268, 13127.092387953251091 ], [ 5429.047139673682068, 13127.088192126435388 ], [ 5429.055557023301844, 13127.08314696123125 ], [ 5429.06343932841628, 13127.077301045335844 ], [ 5429.070710678118303, 13127.070710678119212 ], [ 5446.041421356237151, 13110.1 ], [ 5515.0, 13110.1 ], [ 5515.009801714032619, 13110.099518472667114 ], [ 5515.019509032201313, 13110.098078528040787 ], [ 5515.029028467724856, 13110.095694033572727 ], [ 5515.038268343236268, 13110.092387953251091 ], [ 5515.047139673682068, 13110.088192126435388 ], [ 5515.055557023301844, 13110.08314696123125 ], [ 5515.06343932841628, 13110.077301045335844 ], [ 5515.070710678118303, 13110.070710678119212 ], [ 5532.041421356237151, 13093.1 ], [ 5550.0, 13093.1 ], [ 5550.009801714032619, 13093.099518472667114 ], [ 5550.019509032201313, 13093.098078528040787 ], [ 5550.029028467724856, 13093.095694033572727 ], [ 5550.038268343236268, 13093.092387953251091 ], [ 5550.047139673682068, 13093.088192126435388 ], [ 5550.055557023301844, 13093.08314696123125 ], [ 5550.06343932841628, 13093.077301045335844 ], [ 5550.070710678118303, 13093.070710678119212 ], [ 5567.041421356237151, 13076.1 ], [ 5584.0, 13076.1 ], [ 5584.010156977251427, 13076.099482841802455 ], [ 5584.020208899221871, 13076.097936716261756 ], [ 5584.030051797234592, 13076.095377615209145 ], [ 5584.039583864580891, 13076.091832007845369 ], [ 5584.04870650952671, 13076.087336566968588 ], [ 5584.057325375059008, 13076.081937789660515 ], [ 5584.065351314839063, 13076.075691516360166 ], [ 5584.072701315254562, 13076.068662353296531 ], [ 5601.043104648922963, 13058.1 ], [ 5618.0, 13058.1 ], [ 5618.009801714032619, 13058.099518472667114 ], [ 5618.019509032201313, 13058.098078528040787 ], [ 5618.029028467724856, 13058.095694033572727 ], [ 5618.038268343236268, 13058.092387953251091 ], [ 5618.047139673682068, 13058.088192126435388 ], [ 5618.055557023301844, 13058.08314696123125 ], [ 5618.06343932841628, 13058.077301045335844 ], [ 5618.070710678118303, 13058.070710678119212 ], [ 5635.041421356237151, 13041.1 ], [ 5653.0, 13041.1 ], [ 5653.009801714032619, 13041.099518472667114 ], [ 5653.019509032201313, 13041.098078528040787 ], [ 5653.029028467724856, 13041.095694033572727 ], [ 5653.038268343236268, 13041.092387953251091 ], [ 5653.047139673682068, 13041.088192126435388 ], [ 5653.055557023301844, 13041.08314696123125 ], [ 5653.06343932841628, 13041.077301045335844 ], [ 5653.070710678118303, 13041.070710678119212 ], [ 5670.041421356237151, 13024.1 ], [ 5687.0, 13024.1 ], [ 5687.009801714032619, 13024.099518472667114 ], [ 5687.019509032201313, 13024.098078528040787 ], [ 5687.029028467724856, 13024.095694033572727 ], [ 5687.038268343236268, 13024.092387953251091 ], [ 5687.047139673682068, 13024.088192126435388 ], [ 5687.055557023301844, 13024.08314696123125 ], [ 5687.06343932841628, 13024.077301045335844 ], [ 5687.070710678118303, 13024.070710678119212 ], [ 5721.041421356237151, 12990.1 ], [ 5739.0, 12990.1 ], [ 5739.010156977251427, 12990.099482841802455 ], [ 5739.020208899221871, 12990.097936716261756 ], [ 5739.030051797234592, 12990.095377615209145 ], [ 5739.039583864580891, 12990.091832007845369 ], [ 5739.04870650952671, 12990.087336566968588 ], [ 5739.057325375059008, 12990.081937789660515 ], [ 5739.065351314839063, 12990.075691516360166 ], [ 5739.072701315254562, 12990.068662353296531 ], [ 5756.071720624585396, 12972.069700731652119 ], [ 5824.069700731635749, 12904.071720624600857 ], [ 5842.068662353296531, 12887.072701315255472 ], [ 5842.072701315254562, 12887.068662353296531 ], [ 5859.071720624585396, 12869.069700731652119 ], [ 5910.070710678118303, 12818.070710678119212 ], [ 5910.077301045335844, 12818.06343932841628 ], [ 5910.083146961230341, 12818.055557023302754 ], [ 5910.088192126434478, 12818.047139673682977 ], [ 5910.092387953251091, 12818.038268343236268 ], [ 5910.095694033572727, 12818.029028467724856 ], [ 5910.098078528039878, 12818.019509032201313 ], [ 5910.099518472667114, 12818.009801714033529 ], [ 5910.100000000000364, 12818.0 ], [ 5910.100000000000364, 12801.041421356236242 ], [ 5945.070710678118303, 12766.070710678119212 ], [ 5945.077301045335844, 12766.06343932841628 ], [ 5945.083146961230341, 12766.055557023302754 ], [ 5945.088192126434478, 12766.047139673682977 ], [ 5945.092387953251091, 12766.038268343236268 ], [ 5945.095694033572727, 12766.029028467724856 ], [ 5945.098078528039878, 12766.019509032201313 ], [ 5945.099518472667114, 12766.009801714033529 ], [ 5945.100000000000364, 12766.0 ], [ 5945.100000000000364, 12749.041421356236242 ], [ 5979.070710678118303, 12715.070710678119212 ], [ 5979.077301045335844, 12715.06343932841628 ], [ 5979.083146961230341, 12715.055557023302754 ], [ 5979.088192126434478, 12715.047139673682977 ], [ 5979.092387953251091, 12715.038268343236268 ], [ 5979.095694033572727, 12715.029028467724856 ], [ 5979.098078528039878, 12715.019509032201313 ], [ 5979.099518472667114, 12715.009801714033529 ], [ 5979.100000000000364, 12715.0 ], [ 5979.100000000000364, 12680.041421356236242 ], [ 5996.070710678118303, 12663.070710678119212 ], [ 5996.077301045335844, 12663.06343932841628 ], [ 5996.083146961230341, 12663.055557023302754 ], [ 5996.088192126434478, 12663.047139673682977 ], [ 5996.092387953251091, 12663.038268343236268 ], [ 5996.095694033572727, 12663.029028467724856 ], [ 5996.098078528039878, 12663.019509032201313 ], [ 5996.099518472667114, 12663.009801714033529 ], [ 5996.100000000000364, 12663.0 ], [ 5996.100000000000364, 12646.041421356236242 ], [ 6013.070710678118303, 12629.070710678119212 ], [ 6013.077301045335844, 12629.06343932841628 ], [ 6013.083146961230341, 12629.055557023302754 ], [ 6013.088192126434478, 12629.047139673682977 ], [ 6013.092387953251091, 12629.038268343236268 ], [ 6013.095694033572727, 12629.029028467724856 ], [ 6013.098078528039878, 12629.019509032201313 ], [ 6013.099518472667114, 12629.009801714033529 ], [ 6013.100000000000364, 12629.0 ], [ 6013.100000000000364, 12577.043104648924782 ], [ 6031.068662353296531, 12560.072701315255472 ], [ 6031.075299034554519, 12560.06580315642168 ], [ 6031.081245749754999, 12560.058302042389187 ], [ 6031.086448009065862, 12560.050266705964532 ], [ 6031.090858144117192, 12560.041770775042096 ], [ 6031.094435744781549, 12560.032892097950025 ], [ 6031.097148029456548, 12560.023712030128081 ], [ 6031.098970145441854, 12560.014314688654849 ], [ 6031.099885396663922, 12560.004786181500094 ], [ 6031.099885396663922, 12559.995213818499906 ], [ 6031.098970145441854, 12559.985685311345151 ], [ 6031.097148029456548, 12559.976287969871919 ], [ 6031.094435744781549, 12559.967107902049975 ], [ 6031.090858144117192, 12559.958229224957904 ], [ 6031.086448009065862, 12559.949733294035468 ], [ 6031.081245749754999, 12559.941697957610813 ], [ 6031.075299034554519, 12559.93419684357832 ], [ 6031.068662353296531, 12559.927298684744528 ], [ 6013.145640216508582, 12543.0 ], [ 6031.068662353296531, 12526.072701315255472 ], [ 6031.075691516359257, 12526.065351314839063 ], [ 6031.081937789659605, 12526.057325375059008 ], [ 6031.087336566967679, 12526.048706509527619 ], [ 6031.091832007844459, 12526.0395838645818 ], [ 6031.095377615209145, 12526.030051797233682 ], [ 6031.097936716262666, 12526.020208899220961 ], [ 6031.099482841802455, 12526.010156977250517 ], [ 6031.100000000000364, 12526.0 ], [ 6031.100000000000364, 12491.041421356236242 ], [ 6048.070710678118303, 12474.070710678119212 ], [ 6048.077301045335844, 12474.06343932841628 ], [ 6048.083146961230341, 12474.055557023302754 ], [ 6048.088192126434478, 12474.047139673682977 ], [ 6048.092387953251091, 12474.038268343236268 ], [ 6048.095694033572727, 12474.029028467724856 ], [ 6048.098078528039878, 12474.019509032201313 ], [ 6048.099518472667114, 12474.009801714033529 ], [ 6048.100000000000364, 12474.0 ], [ 6048.100000000000364, 12457.041421356236242 ], [ 6065.070710678118303, 12440.070710678119212 ], [ 6065.077301045335844, 12440.06343932841628 ], [ 6065.083146961230341, 12440.055557023302754 ], [ 6065.088192126434478, 12440.047139673682977 ], [ 6065.092387953251091, 12440.038268343236268 ], [ 6065.095694033572727, 12440.029028467724856 ], [ 6065.098078528039878, 12440.019509032201313 ], [ 6065.099518472667114, 12440.009801714033529 ], [ 6065.100000000000364, 12440.0 ], [ 6065.100000000000364, 12319.041421356236242 ], [ 6082.070710678118303, 12302.070710678119212 ], [ 6082.077301045335844, 12302.06343932841628 ], [ 6082.083146961230341, 12302.055557023302754 ], [ 6082.088192126434478, 12302.047139673682977 ], [ 6082.092387953251091, 12302.038268343236268 ], [ 6082.095694033572727, 12302.029028467724856 ], [ 6082.098078528039878, 12302.019509032201313 ], [ 6082.099518472667114, 12302.009801714033529 ], [ 6082.100000000000364, 12302.0 ], [ 6082.100000000000364, 12285.0 ], [ 6082.099518472667114, 12284.990198285966471 ], [ 6082.098078528039878, 12284.980490967798687 ], [ 6082.095694033572727, 12284.970971532275144 ], [ 6082.092387953251091, 12284.961731656763732 ], [ 6082.088192126434478, 12284.952860326317023 ], [ 6082.083146961230341, 12284.944442976697246 ], [ 6082.077301045335844, 12284.93656067158372 ], [ 6082.070710678118303, 12284.929289321880788 ], [ 6065.100000000000364, 12267.958578643763758 ], [ 6065.100000000000364, 12216.041421356236242 ], [ 6082.070710678118303, 12199.070710678119212 ], [ 6082.077301045335844, 12199.06343932841628 ], [ 6082.083146961230341, 12199.055557023302754 ], [ 6082.088192126434478, 12199.047139673682977 ], [ 6082.092387953251091, 12199.038268343236268 ], [ 6082.095694033572727, 12199.029028467724856 ], [ 6082.098078528039878, 12199.019509032201313 ], [ 6082.099518472667114, 12199.009801714033529 ], [ 6082.100000000000364, 12199.0 ], [ 6082.100000000000364, 12182.0 ], [ 6082.099518472667114, 12181.990198285966471 ], [ 6082.098078528039878, 12181.980490967798687 ], [ 6082.095694033572727, 12181.970971532275144 ], [ 6082.092387953251091, 12181.961731656763732 ], [ 6082.088192126434478, 12181.952860326317023 ], [ 6082.083146961230341, 12181.944442976697246 ], [ 6082.077301045335844, 12181.93656067158372 ], [ 6082.070710678118303, 12181.929289321880788 ], [ 6065.100000000000364, 12164.958578643763758 ], [ 6065.100000000000364, 12130.041421356236242 ], [ 6082.070710678118303, 12113.070710678119212 ], [ 6082.077301045335844, 12113.06343932841628 ], [ 6082.083146961230341, 12113.055557023302754 ], [ 6082.088192126434478, 12113.047139673682977 ], [ 6082.092387953251091, 12113.038268343236268 ], [ 6082.095694033572727, 12113.029028467724856 ], [ 6082.098078528039878, 12113.019509032201313 ], [ 6082.099518472667114, 12113.009801714033529 ], [ 6082.100000000000364, 12113.0 ], [ 6082.100000000000364, 12096.0 ], [ 6082.099518472667114, 12095.990198285966471 ], [ 6082.098078528039878, 12095.980490967798687 ], [ 6082.095694033572727, 12095.970971532275144 ], [ 6082.092387953251091, 12095.961731656763732 ], [ 6082.088192126434478, 12095.952860326317023 ], [ 6082.083146961230341, 12095.944442976697246 ], [ 6082.077301045335844, 12095.93656067158372 ], [ 6082.070710678118303, 12095.929289321880788 ], [ 6065.100000000000364, 12078.958578643763758 ], [ 6065.100000000000364, 11959.0 ], [ 6065.099552834854876, 11958.990553674138937 ], [ 6065.098215338554837, 11958.981191829630916 ], [ 6065.095999472732728, 11958.971998192288083 ], [ 6065.092925054547777, 11958.963054983592883 ], [ 6065.089019579454543, 11958.95444218537159 ], [ 6065.084317975298291, 11958.946236824484004 ], [ 6065.078862289949029, 11958.938512283959426 ], [ 6065.072701315254562, 11958.931337646703469 ], [ 6048.100000000000364, 11940.960242136434317 ], [ 6048.100000000000364, 11856.0 ], [ 6048.099552834854876, 11855.990553674138937 ], [ 6048.098215338554837, 11855.981191829630916 ], [ 6048.095999472732728, 11855.971998192288083 ], [ 6048.092925054547777, 11855.963054983592883 ], [ 6048.089019579454543, 11855.95444218537159 ], [ 6048.084317975298291, 11855.946236824484004 ], [ 6048.078862289949029, 11855.938512283959426 ], [ 6048.072701315254562, 11855.931337646703469 ], [ 6031.100000000000364, 11837.960242136434317 ], [ 6031.100000000000364, 11752.0 ], [ 6031.099482841802455, 11751.989843022749483 ], [ 6031.097936716262666, 11751.979791100779039 ], [ 6031.095377615209145, 11751.969948202766318 ], [ 6031.091832007844459, 11751.9604161354182 ], [ 6031.087336566967679, 11751.951293490472381 ], [ 6031.081937789659605, 11751.942674624940992 ], [ 6031.075691516359257, 11751.934648685160937 ], [ 6031.068662353296531, 11751.927298684744528 ], [ 6013.100000000000364, 11734.956895351075218 ], [ 6013.100000000000364, 11684.0 ], [ 6013.099518472667114, 11683.990198285966471 ], [ 6013.098078528039878, 11683.980490967798687 ], [ 6013.095694033572727, 11683.970971532275144 ], [ 6013.092387953251091, 11683.961731656763732 ], [ 6013.088192126434478, 11683.952860326317023 ], [ 6013.083146961230341, 11683.944442976697246 ], [ 6013.077301045335844, 11683.93656067158372 ], [ 6013.070710678118303, 11683.929289321880788 ], [ 5996.100000000000364, 11666.958578643763758 ], [ 5996.100000000000364, 11512.041421356236242 ], [ 6013.001991449475099, 11495.139429906761507 ], [ 6030.930299268364251, 11512.071720624600857 ], [ 6047.899999999999636, 11529.041421356236242 ], [ 6047.899999999999636, 11563.0 ], [ 6047.900447165145124, 11563.009446325861063 ], [ 6047.901784661445163, 11563.018808170369084 ], [ 6047.904000527267272, 11563.028001807711917 ], [ 6047.907074945452223, 11563.036945016407117 ], [ 6047.910980420545457, 11563.04555781462841 ], [ 6047.915682024701709, 11563.053763175515996 ], [ 6047.921137710050971, 11563.061487716040574 ], [ 6047.927298684745438, 11563.068662353296531 ], [ 6064.927298684745438, 11581.068662353296531 ], [ 6064.929289321881697, 11581.070710678119212 ], [ 6081.899999999999636, 11598.041421356236242 ], [ 6081.899999999999636, 11615.0 ], [ 6081.900481527332886, 11615.009801714033529 ], [ 6081.901921471960122, 11615.019509032201313 ], [ 6081.904305966427273, 11615.029028467724856 ], [ 6081.907612046748909, 11615.038268343236268 ], [ 6081.911807873565522, 11615.047139673682977 ], [ 6081.916853038769659, 11615.055557023302754 ], [ 6081.922698954664156, 11615.06343932841628 ], [ 6081.929289321881697, 11615.070710678119212 ], [ 6098.899999999999636, 11632.041421356236242 ], [ 6098.899999999999636, 11649.0 ], [ 6098.900481527332886, 11649.009801714033529 ], [ 6098.901921471960122, 11649.019509032201313 ], [ 6098.904305966427273, 11649.029028467724856 ], [ 6098.907612046748909, 11649.038268343236268 ], [ 6098.911807873565522, 11649.047139673682977 ], [ 6098.916853038769659, 11649.055557023302754 ], [ 6098.922698954664156, 11649.06343932841628 ], [ 6098.929289321881697, 11649.070710678119212 ], [ 6116.899999999999636, 11667.041421356236242 ], [ 6116.899999999999636, 11684.0 ], [ 6116.900481527332886, 11684.009801714033529 ], [ 6116.901921471960122, 11684.019509032201313 ], [ 6116.904305966427273, 11684.029028467724856 ], [ 6116.907612046748909, 11684.038268343236268 ], [ 6116.911807873565522, 11684.047139673682977 ], [ 6116.916853038769659, 11684.055557023302754 ], [ 6116.922698954664156, 11684.06343932841628 ], [ 6116.929289321881697, 11684.070710678119212 ], [ 6133.899999999999636, 11701.041421356236242 ], [ 6133.899999999999636, 11718.0 ], [ 6133.900481527332886, 11718.009801714033529 ], [ 6133.901921471960122, 11718.019509032201313 ], [ 6133.904305966427273, 11718.029028467724856 ], [ 6133.907612046748909, 11718.038268343236268 ], [ 6133.911807873565522, 11718.047139673682977 ], [ 6133.916853038769659, 11718.055557023302754 ], [ 6133.922698954664156, 11718.06343932841628 ], [ 6133.929289321881697, 11718.070710678119212 ], [ 6150.899999999999636, 11735.041421356236242 ], [ 6150.899999999999636, 11752.0 ], [ 6150.900447165145124, 11752.009446325861063 ], [ 6150.901784661445163, 11752.018808170369084 ], [ 6150.904000527267272, 11752.028001807711917 ], [ 6150.907074945452223, 11752.036945016407117 ], [ 6150.910980420545457, 11752.04555781462841 ], [ 6150.915682024701709, 11752.053763175515996 ], [ 6150.921137710050971, 11752.061487716040574 ], [ 6150.927298684745438, 11752.068662353296531 ], [ 6167.899999999999636, 11770.039757863565683 ], [ 6167.899999999999636, 11787.0 ], [ 6167.900481527332886, 11787.009801714033529 ], [ 6167.901921471960122, 11787.019509032201313 ], [ 6167.904305966427273, 11787.029028467724856 ], [ 6167.907612046748909, 11787.038268343236268 ], [ 6167.911807873565522, 11787.047139673682977 ], [ 6167.916853038769659, 11787.055557023302754 ], [ 6167.922698954664156, 11787.06343932841628 ], [ 6167.929289321881697, 11787.070710678119212 ], [ 6184.899999999999636, 11804.041421356236242 ], [ 6184.899999999999636, 11821.0 ], [ 6184.900481527332886, 11821.009801714033529 ], [ 6184.901921471960122, 11821.019509032201313 ], [ 6184.904305966427273, 11821.029028467724856 ], [ 6184.907612046748909, 11821.038268343236268 ], [ 6184.911807873565522, 11821.047139673682977 ], [ 6184.916853038769659, 11821.055557023302754 ], [ 6184.922698954664156, 11821.06343932841628 ], [ 6184.929289321881697, 11821.070710678119212 ], [ 6201.899999999999636, 11838.041421356236242 ], [ 6201.899999999999636, 11856.0 ], [ 6201.900517158197545, 11856.010156977250517 ], [ 6201.902063283737334, 11856.020208899220961 ], [ 6201.904622384790855, 11856.030051797233682 ], [ 6201.908167992155541, 11856.0395838645818 ], [ 6201.912663433032321, 11856.048706509527619 ], [ 6201.918062210340395, 11856.057325375059008 ], [ 6201.924308483640743, 11856.065351314839063 ], [ 6201.931337646703469, 11856.072701315255472 ], [ 6219.899999999999636, 11873.043104648924782 ], [ 6219.899999999999636, 11907.0 ], [ 6219.900481527332886, 11907.009801714033529 ], [ 6219.901921471960122, 11907.019509032201313 ], [ 6219.904305966427273, 11907.029028467724856 ], [ 6219.907612046748909, 11907.038268343236268 ], [ 6219.911807873565522, 11907.047139673682977 ], [ 6219.916853038769659, 11907.055557023302754 ], [ 6219.922698954664156, 11907.06343932841628 ], [ 6219.929289321881697, 11907.070710678119212 ], [ 6236.899999999999636, 11924.041421356236242 ], [ 6236.899999999999636, 11941.0 ], [ 6236.900447165145124, 11941.009446325861063 ], [ 6236.901784661445163, 11941.018808170369084 ], [ 6236.904000527267272, 11941.028001807711917 ], [ 6236.907074945452223, 11941.036945016407117 ], [ 6236.910980420545457, 11941.04555781462841 ], [ 6236.915682024701709, 11941.053763175515996 ], [ 6236.921137710050971, 11941.061487716040574 ], [ 6236.927298684745438, 11941.068662353296531 ], [ 6253.899999999999636, 11959.039757863565683 ], [ 6253.899999999999636, 11993.0 ], [ 6253.900481527332886, 11993.009801714033529 ], [ 6253.901921471960122, 11993.019509032201313 ], [ 6253.904305966427273, 11993.029028467724856 ], [ 6253.907612046748909, 11993.038268343236268 ], [ 6253.911807873565522, 11993.047139673682977 ], [ 6253.916853038769659, 11993.055557023302754 ], [ 6253.922698954664156, 11993.06343932841628 ], [ 6253.929289321881697, 11993.070710678119212 ], [ 6270.899999999999636, 12010.041421356236242 ], [ 6270.899999999999636, 12027.0 ], [ 6270.900447165145124, 12027.009446325861063 ], [ 6270.901784661445163, 12027.018808170369084 ], [ 6270.904000527267272, 12027.028001807711917 ], [ 6270.907074945452223, 12027.036945016407117 ], [ 6270.910980420545457, 12027.04555781462841 ], [ 6270.915682024701709, 12027.053763175515996 ], [ 6270.921137710050971, 12027.061487716040574 ], [ 6270.927298684745438, 12027.068662353296531 ], [ 6287.899999999999636, 12045.039757863565683 ], [ 6287.899999999999636, 12079.0 ], [ 6287.900517158197545, 12079.010156977250517 ], [ 6287.902063283737334, 12079.020208899220961 ], [ 6287.904622384790855, 12079.030051797233682 ], [ 6287.908167992155541, 12079.0395838645818 ], [ 6287.912663433032321, 12079.048706509527619 ], [ 6287.918062210340395, 12079.057325375059008 ], [ 6287.924308483640743, 12079.065351314839063 ], [ 6287.931337646703469, 12079.072701315255472 ], [ 6305.899999999999636, 12096.043104648924782 ], [ 6305.899999999999636, 12113.0 ], [ 6305.900481527332886, 12113.009801714033529 ], [ 6305.901921471960122, 12113.019509032201313 ], [ 6305.904305966427273, 12113.029028467724856 ], [ 6305.907612046748909, 12113.038268343236268 ], [ 6305.911807873565522, 12113.047139673682977 ], [ 6305.916853038769659, 12113.055557023302754 ], [ 6305.922698954664156, 12113.06343932841628 ], [ 6305.929289321881697, 12113.070710678119212 ], [ 6322.899999999999636, 12130.041421356236242 ], [ 6322.899999999999636, 12148.0 ], [ 6322.900481527332886, 12148.009801714033529 ], [ 6322.901921471960122, 12148.019509032201313 ], [ 6322.904305966427273, 12148.029028467724856 ], [ 6322.907612046748909, 12148.038268343236268 ], [ 6322.911807873565522, 12148.047139673682977 ], [ 6322.916853038769659, 12148.055557023302754 ], [ 6322.922698954664156, 12148.06343932841628 ], [ 6322.929289321881697, 12148.070710678119212 ], [ 6339.899999999999636, 12165.041421356236242 ], [ 6339.899999999999636, 12182.0 ], [ 6339.900481527332886, 12182.009801714033529 ], [ 6339.901921471960122, 12182.019509032201313 ], [ 6339.904305966427273, 12182.029028467724856 ], [ 6339.907612046748909, 12182.038268343236268 ], [ 6339.911807873565522, 12182.047139673682977 ], [ 6339.916853038769659, 12182.055557023302754 ], [ 6339.922698954664156, 12182.06343932841628 ], [ 6339.929289321881697, 12182.070710678119212 ], [ 6356.899999999999636, 12199.041421356236242 ], [ 6356.899999999999636, 12216.0 ], [ 6356.900447165145124, 12216.009446325861063 ], [ 6356.901784661445163, 12216.018808170369084 ], [ 6356.904000527267272, 12216.028001807711917 ], [ 6356.907074945452223, 12216.036945016407117 ], [ 6356.910980420545457, 12216.04555781462841 ], [ 6356.915682024701709, 12216.053763175515996 ], [ 6356.921137710050971, 12216.061487716040574 ], [ 6356.927298684745438, 12216.068662353296531 ], [ 6373.899999999999636, 12234.039757863565683 ], [ 6373.899999999999636, 12251.0 ], [ 6373.900481527332886, 12251.009801714033529 ], [ 6373.901921471960122, 12251.019509032201313 ], [ 6373.904305966427273, 12251.029028467724856 ], [ 6373.907612046748909, 12251.038268343236268 ], [ 6373.911807873565522, 12251.047139673682977 ], [ 6373.916853038769659, 12251.055557023302754 ], [ 6373.922698954664156, 12251.06343932841628 ], [ 6373.929289321881697, 12251.070710678119212 ], [ 6390.899999999999636, 12268.041421356236242 ], [ 6390.899999999999636, 12285.0 ], [ 6390.900517158197545, 12285.010156977250517 ], [ 6390.902063283737334, 12285.020208899220961 ], [ 6390.904622384790855, 12285.030051797233682 ], [ 6390.908167992155541, 12285.0395838645818 ], [ 6390.912663433032321, 12285.048706509527619 ], [ 6390.918062210340395, 12285.057325375059008 ], [ 6390.924308483640743, 12285.065351314839063 ], [ 6390.931337646703469, 12285.072701315255472 ], [ 6408.899999999999636, 12302.043104648924782 ], [ 6408.899999999999636, 12319.0 ], [ 6408.900447165145124, 12319.009446325861063 ], [ 6408.901784661445163, 12319.018808170369084 ], [ 6408.904000527267272, 12319.028001807711917 ], [ 6408.907074945452223, 12319.036945016407117 ], [ 6408.910980420545457, 12319.04555781462841 ], [ 6408.915682024701709, 12319.053763175515996 ], [ 6408.921137710050971, 12319.061487716040574 ], [ 6408.927298684745438, 12319.068662353296531 ], [ 6425.899999999999636, 12337.039757863565683 ], [ 6425.899999999999636, 12354.0 ], [ 6425.900481527332886, 12354.009801714033529 ], [ 6425.901921471960122, 12354.019509032201313 ], [ 6425.904305966427273, 12354.029028467724856 ], [ 6425.907612046748909, 12354.038268343236268 ], [ 6425.911807873565522, 12354.047139673682977 ], [ 6425.916853038769659, 12354.055557023302754 ], [ 6425.922698954664156, 12354.06343932841628 ], [ 6425.929289321881697, 12354.070710678119212 ], [ 6442.899999999999636, 12371.041421356236242 ], [ 6442.899999999999636, 12388.0 ], [ 6442.900481527332886, 12388.009801714033529 ], [ 6442.901921471960122, 12388.019509032201313 ], [ 6442.904305966427273, 12388.029028467724856 ], [ 6442.907612046748909, 12388.038268343236268 ], [ 6442.911807873565522, 12388.047139673682977 ], [ 6442.916853038769659, 12388.055557023302754 ], [ 6442.922698954664156, 12388.06343932841628 ], [ 6442.929289321881697, 12388.070710678119212 ], [ 6459.899999999999636, 12405.041421356236242 ], [ 6459.899999999999636, 12440.0 ], [ 6459.900481527332886, 12440.009801714033529 ], [ 6459.901921471960122, 12440.019509032201313 ], [ 6459.904305966427273, 12440.029028467724856 ], [ 6459.907612046748909, 12440.038268343236268 ], [ 6459.911807873565522, 12440.047139673682977 ], [ 6459.916853038769659, 12440.055557023302754 ], [ 6459.922698954664156, 12440.06343932841628 ], [ 6459.929289321881697, 12440.070710678119212 ], [ 6476.899999999999636, 12457.041421356236242 ], [ 6476.899999999999636, 12474.0 ], [ 6476.900481527332886, 12474.009801714033529 ], [ 6476.901921471960122, 12474.019509032201313 ], [ 6476.904305966426364, 12474.029028467724856 ], [ 6476.907612046748909, 12474.038268343236268 ], [ 6476.911807873565522, 12474.047139673682977 ], [ 6476.916853038769659, 12474.055557023302754 ], [ 6476.922698954664156, 12474.06343932841628 ], [ 6476.929289321881697, 12474.070710678119212 ], [ 6476.93656067158372, 12474.077301045335844 ], [ 6476.944442976698156, 12474.083146961229431 ], [ 6476.952860326317023, 12474.088192126435388 ], [ 6476.961731656763732, 12474.092387953251091 ], [ 6476.970971532274234, 12474.095694033572727 ], [ 6476.980490967798687, 12474.098078528040787 ], [ 6476.990198285967381, 12474.099518472667114 ], [ 6477.0, 12474.1 ], [ 6511.958578643762849, 12474.1 ], [ 6528.858578643762485, 12491.0 ], [ 6511.929289321881697, 12507.929289321880788 ], [ 6511.922812331488785, 12507.936422772711012 ], [ 6511.917051932308823, 12507.944146458783507 ], [ 6511.912061602462018, 12507.95238867531225 ], [ 6511.907887670935452, 12507.961072903597596 ], [ 6511.904568887477581, 12507.970118521410768 ], [ 6511.902136062851241, 12507.979441551477066 ], [ 6511.900611782798478, 12507.988955441092912 ], [ 6511.900010198358359, 12507.99857186565896 ], [ 6511.900336894492284, 12508.008201548671423 ], [ 6511.901588838234602, 12508.017755090535502 ], [ 6511.903754406847838, 12508.027143798532052 ], [ 6511.906813495729693, 12508.036280510221331 ], [ 6511.910737705056818, 12508.045080402633175 ], [ 6511.915490603440048, 12508.053461779742065 ], [ 6511.921028066147301, 12508.061346830916591 ], [ 6511.927298684745438, 12508.068662353296531 ], [ 6528.899999999999636, 12526.039757863565683 ], [ 6528.899999999999636, 12577.0 ], [ 6528.900481527332886, 12577.009801714033529 ], [ 6528.901921471960122, 12577.019509032201313 ], [ 6528.904305966427273, 12577.029028467724856 ], [ 6528.907612046748909, 12577.038268343236268 ], [ 6528.911807873565522, 12577.047139673682977 ], [ 6528.916853038769659, 12577.055557023302754 ], [ 6528.922698954664156, 12577.06343932841628 ], [ 6528.929289321881697, 12577.070710678119212 ], [ 6545.899999999999636, 12594.041421356236242 ], [ 6545.899999999999636, 12612.0 ], [ 6545.900481527332886, 12612.009801714033529 ], [ 6545.901921471960122, 12612.019509032201313 ], [ 6545.904305966427273, 12612.029028467724856 ], [ 6545.907612046748909, 12612.038268343236268 ], [ 6545.911807873565522, 12612.047139673682977 ], [ 6545.916853038769659, 12612.055557023302754 ], [ 6545.922698954664156, 12612.06343932841628 ], [ 6545.929289321881697, 12612.070710678119212 ], [ 6562.899999999999636, 12629.041421356236242 ], [ 6562.899999999999636, 12646.0 ], [ 6562.900481527332886, 12646.009801714033529 ], [ 6562.901921471960122, 12646.019509032201313 ], [ 6562.904305966427273, 12646.029028467724856 ], [ 6562.907612046748909, 12646.038268343236268 ], [ 6562.911807873565522, 12646.047139673682977 ], [ 6562.916853038769659, 12646.055557023302754 ], [ 6562.922698954664156, 12646.06343932841628 ], [ 6562.929289321881697, 12646.070710678119212 ], [ 6579.899999999999636, 12663.041421356236242 ], [ 6579.899999999999636, 12680.0 ], [ 6579.900517158197545, 12680.010156977250517 ], [ 6579.902063283737334, 12680.020208899220961 ], [ 6579.904622384790855, 12680.030051797233682 ], [ 6579.908167992155541, 12680.0395838645818 ], [ 6579.912663433032321, 12680.048706509527619 ], [ 6579.918062210340395, 12680.057325375059008 ], [ 6579.924308483640743, 12680.065351314839063 ], [ 6579.931337646703469, 12680.072701315255472 ], [ 6597.899999999999636, 12697.043104648924782 ], [ 6597.899999999999636, 12715.0 ], [ 6597.900481527332886, 12715.009801714033529 ], [ 6597.901921471960122, 12715.019509032201313 ], [ 6597.904305966427273, 12715.029028467724856 ], [ 6597.907612046748909, 12715.038268343236268 ], [ 6597.911807873565522, 12715.047139673682977 ], [ 6597.916853038769659, 12715.055557023302754 ], [ 6597.922698954664156, 12715.06343932841628 ], [ 6597.929289321881697, 12715.070710678119212 ], [ 6614.899999999999636, 12732.041421356236242 ], [ 6614.899999999999636, 12749.0 ], [ 6614.900481527332886, 12749.009801714033529 ], [ 6614.901921471960122, 12749.019509032201313 ], [ 6614.904305966427273, 12749.029028467724856 ], [ 6614.907612046748909, 12749.038268343236268 ], [ 6614.911807873565522, 12749.047139673682977 ], [ 6614.916853038769659, 12749.055557023302754 ], [ 6614.922698954664156, 12749.06343932841628 ], [ 6614.929289321881697, 12749.070710678119212 ], [ 6648.899999999999636, 12783.041421356236242 ], [ 6648.899999999999636, 12801.0 ], [ 6648.900481527332886, 12801.009801714033529 ], [ 6648.901921471960122, 12801.019509032201313 ], [ 6648.904305966427273, 12801.029028467724856 ], [ 6648.907612046748909, 12801.038268343236268 ], [ 6648.911807873565522, 12801.047139673682977 ], [ 6648.916853038769659, 12801.055557023302754 ], [ 6648.922698954664156, 12801.06343932841628 ], [ 6648.929289321881697, 12801.070710678119212 ], [ 6665.929289321881697, 12818.070710678119212 ], [ 6665.931337646703469, 12818.072701315255472 ], [ 6683.899999999999636, 12835.043104648924782 ], [ 6683.899999999999636, 12852.0 ], [ 6683.900481527332886, 12852.009801714033529 ], [ 6683.901921471960122, 12852.019509032201313 ], [ 6683.904305966427273, 12852.029028467724856 ], [ 6683.907612046748909, 12852.038268343236268 ], [ 6683.911807873565522, 12852.047139673682977 ], [ 6683.916853038769659, 12852.055557023302754 ], [ 6683.922698954664156, 12852.06343932841628 ], [ 6683.929289321881697, 12852.070710678119212 ], [ 6700.899999999999636, 12869.041421356236242 ], [ 6700.899999999999636, 12887.0 ], [ 6700.900481527332886, 12887.009801714033529 ], [ 6700.901921471960122, 12887.019509032201313 ], [ 6700.904305966427273, 12887.029028467724856 ], [ 6700.907612046748909, 12887.038268343236268 ], [ 6700.911807873565522, 12887.047139673682977 ], [ 6700.916853038769659, 12887.055557023302754 ], [ 6700.922698954664156, 12887.06343932841628 ], [ 6700.929289321881697, 12887.070710678119212 ], [ 6717.899999999999636, 12904.041421356236242 ], [ 6717.899999999999636, 12921.0 ], [ 6717.900481527332886, 12921.009801714033529 ], [ 6717.901921471960122, 12921.019509032201313 ], [ 6717.904305966427273, 12921.029028467724856 ], [ 6717.907612046748909, 12921.038268343236268 ], [ 6717.911807873565522, 12921.047139673682977 ], [ 6717.916853038769659, 12921.055557023302754 ], [ 6717.922698954664156, 12921.06343932841628 ], [ 6717.929289321881697, 12921.070710678119212 ], [ 6803.899999999999636, 13007.041421356236242 ], [ 6803.899999999999636, 13024.0 ], [ 6803.900481527332886, 13024.009801714033529 ], [ 6803.901921471960122, 13024.019509032201313 ], [ 6803.904305966427273, 13024.029028467724856 ], [ 6803.907612046748909, 13024.038268343236268 ], [ 6803.911807873565522, 13024.047139673682977 ], [ 6803.916853038769659, 13024.055557023302754 ], [ 6803.922698954664156, 13024.06343932841628 ], [ 6803.929289321881697, 13024.070710678119212 ], [ 6837.928279375414604, 13058.069700731652119 ], [ 6854.927298684745438, 13076.068662353296531 ], [ 6854.931337646703469, 13076.072701315255472 ], [ 6872.930299268364251, 13093.071720624600857 ], [ 6923.899999999999636, 13144.041421356236242 ], [ 6923.899999999999636, 13161.0 ], [ 6923.900481527332886, 13161.009801714033529 ], [ 6923.901921471960122, 13161.019509032201313 ], [ 6923.904305966426364, 13161.029028467724856 ], [ 6923.907612046748909, 13161.038268343236268 ], [ 6923.911807873565522, 13161.047139673682977 ], [ 6923.916853038769659, 13161.055557023302754 ], [ 6923.922698954664156, 13161.06343932841628 ], [ 6923.929289321881697, 13161.070710678119212 ], [ 6923.93656067158372, 13161.077301045335844 ], [ 6923.944442976698156, 13161.083146961229431 ], [ 6923.952860326317023, 13161.088192126435388 ], [ 6923.961731656763732, 13161.092387953251091 ], [ 6923.970971532274234, 13161.095694033572727 ], [ 6923.980490967798687, 13161.098078528040787 ], [ 6923.990198285967381, 13161.099518472667114 ], [ 6924.0, 13161.1 ], [ 6940.956895351077037, 13161.1 ], [ 6957.899999999999636, 13179.039757863565683 ], [ 6957.899999999999636, 13196.0 ], [ 6957.900517158197545, 13196.010156977250517 ], [ 6957.902063283737334, 13196.020208899220961 ], [ 6957.904622384790855, 13196.030051797233682 ], [ 6957.908167992155541, 13196.0395838645818 ], [ 6957.912663433032321, 13196.048706509527619 ], [ 6957.918062210340395, 13196.057325375059008 ], [ 6957.924308483640743, 13196.065351314839063 ], [ 6957.931337646703469, 13196.072701315255472 ], [ 6975.930299268364251, 13213.071720624600857 ], [ 7009.928279375414604, 13247.069700731652119 ], [ 7026.927298684745438, 13265.068662353296531 ], [ 7026.929289321881697, 13265.070710678119212 ], [ 7043.929289321881697, 13282.070710678119212 ], [ 7043.931337646703469, 13282.072701315255472 ], [ 7061.930299268364251, 13299.071720624600857 ], [ 7112.928279375414604, 13350.069700731652119 ], [ 7129.927298684745438, 13368.068662353296531 ], [ 7129.929289321881697, 13368.070710678119212 ], [ 7146.929289321881697, 13385.070710678119212 ], [ 7146.931337646703469, 13385.072701315255472 ], [ 7164.930299268364251, 13402.071720624600857 ], [ 7198.899999999999636, 13436.041421356236242 ], [ 7198.899999999999636, 13454.0 ], [ 7198.900481527332886, 13454.009801714033529 ], [ 7198.901921471960122, 13454.019509032201313 ], [ 7198.904305966427273, 13454.029028467724856 ], [ 7198.907612046748909, 13454.038268343236268 ], [ 7198.911807873565522, 13454.047139673682977 ], [ 7198.916853038769659, 13454.055557023302754 ], [ 7198.922698954664156, 13454.06343932841628 ], [ 7198.929289321881697, 13454.070710678119212 ], [ 7215.929289321881697, 13471.070710678119212 ], [ 7215.93656067158372, 13471.077301045335844 ], [ 7215.944442976698156, 13471.08314696123125 ], [ 7215.952860326317932, 13471.088192126435388 ], [ 7215.961731656763732, 13471.092387953251091 ], [ 7215.970971532275144, 13471.095694033572727 ], [ 7215.980490967798687, 13471.098078528040787 ], [ 7215.990198285967381, 13471.099518472667114 ], [ 7216.0, 13471.1 ], [ 7232.960242136433408, 13471.1 ], [ 7250.930299268364251, 13488.071720624600857 ], [ 7267.899999999999636, 13505.041421356236242 ], [ 7267.899999999999636, 13522.0 ], [ 7267.900481527332886, 13522.009801714033529 ], [ 7267.901921471960122, 13522.019509032201313 ], [ 7267.904305966426364, 13522.029028467724856 ], [ 7267.907612046748909, 13522.038268343236268 ], [ 7267.911807873565522, 13522.047139673682977 ], [ 7267.916853038769659, 13522.055557023302754 ], [ 7267.922698954664156, 13522.06343932841628 ], [ 7267.929289321881697, 13522.070710678119212 ], [ 7267.93656067158372, 13522.077301045335844 ], [ 7267.944442976698156, 13522.083146961229431 ], [ 7267.952860326317023, 13522.088192126435388 ], [ 7267.961731656763732, 13522.092387953251091 ], [ 7267.970971532274234, 13522.095694033572727 ], [ 7267.980490967798687, 13522.098078528040787 ], [ 7267.990198285967381, 13522.099518472667114 ], [ 7268.0, 13522.1 ], [ 7284.958578643762849, 13522.1 ], [ 7301.928279375414604, 13539.069700731652119 ], [ 7318.927298684745438, 13557.068662353296531 ], [ 7318.929289321881697, 13557.070710678119212 ], [ 7335.929289321881697, 13574.070710678119212 ], [ 7335.93656067158372, 13574.077301045335844 ], [ 7335.944442976698156, 13574.08314696123125 ], [ 7335.952860326317932, 13574.088192126435388 ], [ 7335.961731656763732, 13574.092387953251091 ], [ 7335.970971532275144, 13574.095694033572727 ], [ 7335.980490967798687, 13574.098078528040787 ], [ 7335.990198285967381, 13574.099518472667114 ], [ 7336.0, 13574.1 ], [ 7353.958578643762849, 13574.1 ], [ 7404.928279375414604, 13625.069700731652119 ], [ 7421.927298684745438, 13643.068662353296531 ], [ 7421.934648685160937, 13643.075691516360166 ], [ 7421.942674624940992, 13643.081937789660515 ], [ 7421.95129349047329, 13643.087336566968588 ], [ 7421.960416135419109, 13643.091832007845369 ], [ 7421.969948202765408, 13643.095377615209145 ], [ 7421.979791100778129, 13643.097936716261756 ], [ 7421.989843022748573, 13643.099482841802455 ], [ 7422.0, 13643.1 ], [ 7439.958578643762849, 13643.1 ], [ 7507.929289321881697, 13711.070710678119212 ], [ 7507.931337646703469, 13711.072701315255472 ], [ 7525.931337646703469, 13728.072701315255472 ], [ 7525.938512283959426, 13728.078862289949029 ], [ 7525.946236824484004, 13728.084317975297381 ], [ 7525.954442185370681, 13728.089019579454543 ], [ 7525.963054983593793, 13728.092925054548687 ], [ 7525.971998192288993, 13728.095999472732728 ], [ 7525.981191829631825, 13728.098215338553928 ], [ 7525.990553674138937, 13728.099552834855785 ], [ 7526.0, 13728.1 ], [ 7542.956895351077037, 13728.1 ], [ 7559.927298684745438, 13746.068662353296531 ], [ 7559.929289321881697, 13746.070710678119212 ], [ 7576.929289321881697, 13763.070710678119212 ], [ 7576.93656067158372, 13763.077301045335844 ], [ 7576.944442976698156, 13763.08314696123125 ], [ 7576.952860326317932, 13763.088192126435388 ], [ 7576.961731656763732, 13763.092387953251091 ], [ 7576.970971532275144, 13763.095694033572727 ], [ 7576.980490967798687, 13763.098078528040787 ], [ 7576.990198285967381, 13763.099518472667114 ], [ 7577.0, 13763.1 ], [ 7593.958578643762849, 13763.1 ], [ 7610.929289321881697, 13780.070710678119212 ], [ 7610.931337646703469, 13780.072701315255472 ], [ 7628.930299268364251, 13797.071720624600857 ], [ 7645.929289321881697, 13814.070710678119212 ], [ 7645.93656067158372, 13814.077301045335844 ], [ 7645.944442976698156, 13814.08314696123125 ], [ 7645.952860326317932, 13814.088192126435388 ], [ 7645.961731656763732, 13814.092387953251091 ], [ 7645.970971532275144, 13814.095694033572727 ], [ 7645.980490967798687, 13814.098078528040787 ], [ 7645.990198285967381, 13814.099518472667114 ], [ 7646.0, 13814.1 ], [ 7662.956895351077037, 13814.1 ], [ 7679.927298684745438, 13832.068662353296531 ], [ 7679.929289321881697, 13832.070710678119212 ], [ 7696.929289321881697, 13849.070710678119212 ], [ 7696.93656067158372, 13849.077301045335844 ], [ 7696.944442976698156, 13849.08314696123125 ], [ 7696.952860326317932, 13849.088192126435388 ], [ 7696.961731656763732, 13849.092387953251091 ], [ 7696.970971532275144, 13849.095694033572727 ], [ 7696.980490967798687, 13849.098078528040787 ], [ 7696.990198285967381, 13849.099518472667114 ], [ 7697.0, 13849.1 ], [ 7714.958578643762849, 13849.1 ], [ 7782.929289321881697, 13917.070710678119212 ], [ 7782.93656067158372, 13917.077301045335844 ], [ 7782.944442976698156, 13917.08314696123125 ], [ 7782.952860326317932, 13917.088192126435388 ], [ 7782.961731656763732, 13917.092387953251091 ], [ 7782.970971532275144, 13917.095694033572727 ], [ 7782.980490967798687, 13917.098078528040787 ], [ 7782.990198285967381, 13917.099518472667114 ], [ 7783.0, 13917.1 ], [ 7799.958578643762849, 13917.1 ], [ 7817.929289321881697, 13935.070710678119212 ], [ 7817.93656067158372, 13935.077301045335844 ], [ 7817.944442976698156, 13935.08314696123125 ], [ 7817.952860326317932, 13935.088192126435388 ], [ 7817.961731656763732, 13935.092387953251091 ], [ 7817.970971532275144, 13935.095694033572727 ], [ 7817.980490967798687, 13935.098078528040787 ], [ 7817.990198285967381, 13935.099518472667114 ], [ 7818.0, 13935.1 ], [ 7834.958578643762849, 13935.1 ], [ 7868.899999999999636, 13969.041421356236242 ], [ 7868.899999999999636, 13986.0 ], [ 7868.900481527332886, 13986.009801714033529 ], [ 7868.901921471960122, 13986.019509032201313 ], [ 7868.904305966426364, 13986.029028467724856 ], [ 7868.907612046748909, 13986.038268343236268 ], [ 7868.911807873565522, 13986.047139673682977 ], [ 7868.916853038769659, 13986.055557023302754 ], [ 7868.922698954664156, 13986.06343932841628 ], [ 7868.929289321881697, 13986.070710678119212 ], [ 7868.93656067158372, 13986.077301045335844 ], [ 7868.944442976698156, 13986.083146961229431 ], [ 7868.952860326317023, 13986.088192126435388 ], [ 7868.961731656763732, 13986.092387953251091 ], [ 7868.970971532274234, 13986.095694033572727 ], [ 7868.980490967798687, 13986.098078528040787 ], [ 7868.990198285967381, 13986.099518472667114 ], [ 7869.0, 13986.1 ], [ 7885.960242136433408, 13986.1 ], [ 7903.929260466275991, 14003.070739533741289 ], [ 7920.927298684745438, 14021.068662353296531 ], [ 7920.929289321881697, 14021.070710678119212 ], [ 7937.929289321881697, 14038.070710678119212 ], [ 7937.93656067158372, 14038.077301045335844 ], [ 7937.944442976698156, 14038.08314696123125 ], [ 7937.952860326317932, 14038.088192126435388 ], [ 7937.961731656763732, 14038.092387953251091 ], [ 7937.970971532275144, 14038.095694033572727 ], [ 7937.980490967798687, 14038.098078528040787 ], [ 7937.990198285967381, 14038.099518472667114 ], [ 7938.0, 14038.1 ], [ 7954.958578643762849, 14038.1 ], [ 7988.929289321881697, 14072.070710678119212 ], [ 7988.93656067158372, 14072.077301045335844 ], [ 7988.944442976698156, 14072.08314696123125 ], [ 7988.952860326317932, 14072.088192126435388 ], [ 7988.961731656763732, 14072.092387953251091 ], [ 7988.970971532275144, 14072.095694033572727 ], [ 7988.980490967798687, 14072.098078528040787 ], [ 7988.990198285967381, 14072.099518472667114 ], [ 7989.0, 14072.1 ], [ 8006.958578643762849, 14072.1 ], [ 8040.929289321881697, 14106.070710678119212 ], [ 8040.93656067158372, 14106.077301045335844 ], [ 8040.944442976698156, 14106.08314696123125 ], [ 8040.952860326317932, 14106.088192126435388 ], [ 8040.961731656763732, 14106.092387953251091 ], [ 8040.970971532275144, 14106.095694033572727 ], [ 8040.980490967798687, 14106.098078528040787 ], [ 8040.990198285967381, 14106.099518472667114 ], [ 8041.0, 14106.1 ], [ 8057.956895351077037, 14106.1 ], [ 8074.927298684745438, 14124.068662353296531 ], [ 8074.931337646703469, 14124.072701315255472 ], [ 8092.931337646703469, 14141.072701315255472 ], [ 8092.938512283959426, 14141.078862289949029 ], [ 8092.946236824484004, 14141.084317975297381 ], [ 8092.954442185370681, 14141.089019579454543 ], [ 8092.963054983593793, 14141.092925054548687 ], [ 8092.971998192288993, 14141.095999472732728 ], [ 8092.981191829631825, 14141.098215338553928 ], [ 8092.990553674138937, 14141.099552834855785 ], [ 8093.0, 14141.1 ], [ 8109.958578643762849, 14141.1 ], [ 8143.929289321881697, 14175.070710678119212 ], [ 8143.93656067158372, 14175.077301045335844 ], [ 8143.944442976698156, 14175.08314696123125 ], [ 8143.952860326317932, 14175.088192126435388 ], [ 8143.961731656763732, 14175.092387953251091 ], [ 8143.970971532275144, 14175.095694033572727 ], [ 8143.980490967798687, 14175.098078528040787 ], [ 8143.990198285967381, 14175.099518472667114 ], [ 8144.0, 14175.1 ], [ 8160.958578643762849, 14175.1 ], [ 8229.929289321880788, 14244.070710678119212 ], [ 8229.93656067158372, 14244.077301045335844 ], [ 8229.944442976697246, 14244.083146961229431 ], [ 8229.952860326317023, 14244.088192126435388 ], [ 8229.961731656763732, 14244.092387953251091 ], [ 8229.970971532275144, 14244.095694033572727 ], [ 8229.980490967798687, 14244.098078528040787 ], [ 8229.990198285966471, 14244.099518472667114 ], [ 8230.0, 14244.1 ], [ 8246.958578643761939, 14244.1 ], [ 8263.929289321880788, 14261.070710678119212 ], [ 8263.93656067158372, 14261.077301045335844 ], [ 8263.944442976697246, 14261.083146961229431 ], [ 8263.952860326317023, 14261.088192126435388 ], [ 8263.961731656763732, 14261.092387953251091 ], [ 8263.970971532275144, 14261.095694033572727 ], [ 8263.980490967798687, 14261.098078528040787 ], [ 8263.990198285966471, 14261.099518472667114 ], [ 8264.0, 14261.1 ], [ 8281.958578643761939, 14261.1 ], [ 8298.929289321880788, 14278.070710678119212 ], [ 8298.93656067158372, 14278.077301045335844 ], [ 8298.944442976697246, 14278.083146961229431 ], [ 8298.952860326317023, 14278.088192126435388 ], [ 8298.961731656763732, 14278.092387953251091 ], [ 8298.970971532275144, 14278.095694033572727 ], [ 8298.980490967798687, 14278.098078528040787 ], [ 8298.990198285966471, 14278.099518472667114 ], [ 8299.0, 14278.1 ], [ 8315.958578643761939, 14278.1 ], [ 8332.928279375413695, 14295.069700731652119 ], [ 8349.927298684744528, 14313.068662353296531 ], [ 8349.934648685160937, 14313.075691516360166 ], [ 8349.942674624940992, 14313.081937789658696 ], [ 8349.951293490472381, 14313.087336566966769 ], [ 8349.9604161354182, 14313.091832007845369 ], [ 8349.969948202766318, 14313.095377615209145 ], [ 8349.979791100779039, 14313.097936716261756 ], [ 8349.989843022749483, 14313.099482841802455 ], [ 8350.0, 14313.1 ], [ 8366.960242136432498, 14313.1 ], [ 8384.931337646703469, 14330.072701315255472 ], [ 8384.938512283959426, 14330.078862289949029 ], [ 8384.946236824484004, 14330.084317975297381 ], [ 8384.95444218537159, 14330.089019579454543 ], [ 8384.963054983594702, 14330.092925054548687 ], [ 8384.971998192288083, 14330.095999472732728 ], [ 8384.981191829632735, 14330.098215338553928 ], [ 8384.990553674138937, 14330.099552834855785 ], [ 8385.0, 14330.1 ], [ 8401.958578643761939, 14330.1 ], [ 8418.929289321880788, 14347.070710678119212 ], [ 8418.93656067158372, 14347.077301045335844 ], [ 8418.944442976697246, 14347.083146961229431 ], [ 8418.952860326317023, 14347.088192126435388 ], [ 8418.961731656763732, 14347.092387953251091 ], [ 8418.970971532275144, 14347.095694033572727 ], [ 8418.980490967798687, 14347.098078528040787 ], [ 8418.990198285966471, 14347.099518472667114 ], [ 8419.0, 14347.1 ], [ 8435.958578643761939, 14347.1 ], [ 8452.929289321880788, 14364.070710678119212 ], [ 8452.93656067158372, 14364.077301045335844 ], [ 8452.944442976697246, 14364.083146961229431 ], [ 8452.952860326317023, 14364.088192126435388 ], [ 8452.961731656763732, 14364.092387953251091 ], [ 8452.970971532275144, 14364.095694033572727 ], [ 8452.980490967798687, 14364.098078528040787 ], [ 8452.990198285966471, 14364.099518472667114 ], [ 8453.0, 14364.1 ], [ 8470.958578643761939, 14364.1 ], [ 8487.929289321880788, 14381.070710678119212 ], [ 8487.93656067158372, 14381.077301045335844 ], [ 8487.944442976697246, 14381.083146961229431 ], [ 8487.952860326317023, 14381.088192126435388 ], [ 8487.961731656763732, 14381.092387953251091 ], [ 8487.970971532275144, 14381.095694033572727 ], [ 8487.980490967798687, 14381.098078528040787 ], [ 8487.990198285966471, 14381.099518472667114 ], [ 8488.0, 14381.1 ], [ 8521.956895351075218, 14381.1 ], [ 8538.927298684744528, 14399.068662353296531 ], [ 8538.934648685160937, 14399.075691516360166 ], [ 8538.942674624940992, 14399.081937789658696 ], [ 8538.951293490472381, 14399.087336566966769 ], [ 8538.9604161354182, 14399.091832007845369 ], [ 8538.969948202766318, 14399.095377615209145 ], [ 8538.979791100779039, 14399.097936716261756 ], [ 8538.989843022749483, 14399.099482841802455 ], [ 8539.0, 14399.1 ], [ 8555.960242136432498, 14399.1 ], [ 8573.931337646703469, 14416.072701315255472 ], [ 8573.938512283959426, 14416.078862289949029 ], [ 8573.946236824484004, 14416.084317975297381 ], [ 8573.95444218537159, 14416.089019579454543 ], [ 8573.963054983594702, 14416.092925054548687 ], [ 8573.971998192288083, 14416.095999472732728 ], [ 8573.981191829632735, 14416.098215338553928 ], [ 8573.990553674138937, 14416.099552834855785 ], [ 8574.0, 14416.1 ], [ 8590.958578643761939, 14416.1 ], [ 8607.929289321880788, 14433.070710678119212 ], [ 8607.93656067158372, 14433.077301045335844 ], [ 8607.944442976697246, 14433.083146961229431 ], [ 8607.952860326317023, 14433.088192126435388 ], [ 8607.961731656763732, 14433.092387953251091 ], [ 8607.970971532275144, 14433.095694033572727 ], [ 8607.980490967798687, 14433.098078528040787 ], [ 8607.990198285966471, 14433.099518472667114 ], [ 8608.0, 14433.1 ], [ 8641.960242136432498, 14433.1 ], [ 8659.931337646703469, 14450.072701315255472 ], [ 8659.938512283959426, 14450.078862289949029 ], [ 8659.946236824484004, 14450.084317975297381 ], [ 8659.95444218537159, 14450.089019579454543 ], [ 8659.963054983594702, 14450.092925054548687 ], [ 8659.971998192288083, 14450.095999472732728 ], [ 8659.981191829632735, 14450.098215338553928 ], [ 8659.990553674138937, 14450.099552834855785 ], [ 8660.0, 14450.1 ], [ 8676.958578643761939, 14450.1 ], [ 8693.929289321880788, 14467.070710678119212 ], [ 8693.93656067158372, 14467.077301045335844 ], [ 8693.944442976697246, 14467.083146961229431 ], [ 8693.952860326317023, 14467.088192126435388 ], [ 8693.961731656763732, 14467.092387953251091 ], [ 8693.970971532275144, 14467.095694033572727 ], [ 8693.980490967798687, 14467.098078528040787 ], [ 8693.990198285966471, 14467.099518472667114 ], [ 8694.0, 14467.1 ], [ 8744.960242136432498, 14467.1 ], [ 8762.931337646703469, 14484.072701315255472 ], [ 8762.938512283959426, 14484.078862289949029 ], [ 8762.946236824484004, 14484.084317975297381 ], [ 8762.95444218537159, 14484.089019579454543 ], [ 8762.963054983594702, 14484.092925054548687 ], [ 8762.971998192288083, 14484.095999472732728 ], [ 8762.981191829632735, 14484.098215338553928 ], [ 8762.990553674138937, 14484.099552834855785 ], [ 8763.0, 14484.1 ], [ 8797.0, 14484.1 ], [ 8797.009801714033529, 14484.099518472667114 ], [ 8797.019509032201313, 14484.098078528040787 ], [ 8797.029028467724856, 14484.095694033572727 ], [ 8797.038268343236268, 14484.092387953251091 ], [ 8797.047139673682977, 14484.088192126435388 ], [ 8797.055557023302754, 14484.083146961229431 ], [ 8797.06343932841628, 14484.077301045335844 ], [ 8797.070710678119212, 14484.070710678119212 ], [ 8814.041421356238061, 14467.1 ], [ 8848.958578643761939, 14467.1 ], [ 8865.899999999999636, 14484.041421356238061 ], [ 8865.899999999999636, 14536.0 ], [ 8865.900481527332886, 14536.009801714033529 ], [ 8865.901921471959213, 14536.019509032201313 ], [ 8865.904305966427273, 14536.029028467724856 ], [ 8865.907612046748909, 14536.038268343236268 ], [ 8865.911807873564612, 14536.047139673682977 ], [ 8865.916853038770569, 14536.055557023302754 ], [ 8865.922698954664156, 14536.06343932841628 ], [ 8865.929289321880788, 14536.070710678119212 ], [ 8882.929289321880788, 14553.070710678119212 ], [ 8882.93656067158372, 14553.077301045335844 ], [ 8882.944442976697246, 14553.083146961229431 ], [ 8882.952860326317023, 14553.088192126435388 ], [ 8882.961731656763732, 14553.092387953251091 ], [ 8882.970971532275144, 14553.095694033572727 ], [ 8882.980490967798687, 14553.098078528040787 ], [ 8882.990198285966471, 14553.099518472667114 ], [ 8883.0, 14553.1 ], [ 8899.958578643761939, 14553.1 ], [ 8916.860570093236674, 14570.001991449475099 ], [ 8899.927298684744528, 14587.931337646703469 ], [ 8899.921028066146391, 14587.938653169083409 ], [ 8899.915490603440048, 14587.946538220259754 ], [ 8899.910737705056818, 14587.954919597368644 ], [ 8899.906813495730603, 14587.963719489778669 ], [ 8899.903754406846929, 14587.972856201467948 ], [ 8899.901588838234602, 14587.982244909464498 ], [ 8899.900336894492284, 14587.991798451328577 ], [ 8899.900010198358359, 14588.00142813434104 ], [ 8899.900611782797569, 14588.011044558907088 ], [ 8899.902136062850332, 14588.020558448522934 ], [ 8899.904568887477581, 14588.029881478589232 ], [ 8899.907887670935452, 14588.038927096402404 ], [ 8899.912061602462927, 14588.04761132468775 ], [ 8899.917051932308823, 14588.055853541214674 ], [ 8899.922812331487876, 14588.063577227288988 ], [ 8899.929289321880788, 14588.070710678119212 ], [ 8916.899999999999636, 14605.041421356238061 ], [ 8916.899999999999636, 14622.0 ], [ 8916.900481527332886, 14622.009801714033529 ], [ 8916.901921471959213, 14622.019509032201313 ], [ 8916.904305966427273, 14622.029028467724856 ], [ 8916.907612046748909, 14622.038268343236268 ], [ 8916.911807873564612, 14622.047139673682977 ], [ 8916.916853038770569, 14622.055557023302754 ], [ 8916.922698954664156, 14622.06343932841628 ], [ 8916.929289321880788, 14622.070710678119212 ], [ 8933.929289321880788, 14639.070710678119212 ], [ 8933.931337646703469, 14639.072701315255472 ], [ 8951.930299268347881, 14656.071720624586305 ], [ 8968.928279375413695, 14673.069700731652119 ], [ 8985.927298684744528, 14691.068662353296531 ], [ 8985.929289321880788, 14691.070710678119212 ], [ 9002.899999999999636, 14708.041421356238061 ], [ 9002.899999999999636, 14725.0 ], [ 9002.900481527332886, 14725.009801714033529 ], [ 9002.901921471959213, 14725.019509032201313 ], [ 9002.904305966427273, 14725.029028467724856 ], [ 9002.907612046748909, 14725.038268343236268 ], [ 9002.911807873564612, 14725.047139673682977 ], [ 9002.916853038770569, 14725.055557023302754 ], [ 9002.922698954664156, 14725.06343932841628 ], [ 9002.929289321880788, 14725.070710678119212 ], [ 9019.929289321880788, 14742.070710678119212 ], [ 9019.931337646703469, 14742.072701315255472 ], [ 9037.931337646703469, 14759.072701315255472 ], [ 9037.938512283959426, 14759.078862289949029 ], [ 9037.946236824484004, 14759.084317975297381 ], [ 9037.95444218537159, 14759.089019579454543 ], [ 9037.963054983594702, 14759.092925054548687 ], [ 9037.971998192288083, 14759.095999472732728 ], [ 9037.981191829632735, 14759.098215338553928 ], [ 9037.990553674138937, 14759.099552834855785 ], [ 9038.0, 14759.1 ], [ 9054.956895351075218, 14759.1 ], [ 9071.927298684744528, 14777.068662353296531 ], [ 9071.929289321880788, 14777.070710678119212 ], [ 9122.929289321880788, 14828.070710678119212 ], [ 9122.931337646703469, 14828.072701315255472 ], [ 9140.931337646703469, 14845.072701315255472 ], [ 9140.938512283959426, 14845.078862289949029 ], [ 9140.946236824484004, 14845.084317975297381 ], [ 9140.95444218537159, 14845.089019579454543 ], [ 9140.963054983594702, 14845.092925054548687 ], [ 9140.971998192288083, 14845.095999472732728 ], [ 9140.981191829632735, 14845.098215338553928 ], [ 9140.990553674138937, 14845.099552834855785 ], [ 9141.0, 14845.1 ], [ 9157.956895351075218, 14845.1 ], [ 9174.927298684744528, 14863.068662353296531 ], [ 9174.929289321880788, 14863.070710678119212 ], [ 9208.929289321880788, 14897.070710678119212 ], [ 9208.931337646703469, 14897.072701315255472 ], [ 9226.931337646703469, 14914.072701315255472 ], [ 9226.938512283959426, 14914.078862289949029 ], [ 9226.946236824484004, 14914.084317975297381 ], [ 9226.95444218537159, 14914.089019579454543 ], [ 9226.963054983594702, 14914.092925054548687 ], [ 9226.971998192288083, 14914.095999472732728 ], [ 9226.981191829632735, 14914.098215338553928 ], [ 9226.990553674138937, 14914.099552834855785 ], [ 9227.0, 14914.1 ], [ 9243.958578643761939, 14914.1 ], [ 9277.929289321880788, 14948.070710678119212 ], [ 9277.93656067158372, 14948.077301045335844 ], [ 9277.944442976697246, 14948.083146961229431 ], [ 9277.952860326317023, 14948.088192126435388 ], [ 9277.961731656763732, 14948.092387953251091 ], [ 9277.970971532275144, 14948.095694033572727 ], [ 9277.980490967798687, 14948.098078528040787 ], [ 9277.990198285966471, 14948.099518472667114 ], [ 9278.0, 14948.1 ], [ 9294.958578643761939, 14948.1 ], [ 9363.929289321880788, 15017.070710678119212 ], [ 9363.93656067158372, 15017.077301045335844 ], [ 9363.944442976697246, 15017.083146961229431 ], [ 9363.952860326317023, 15017.088192126435388 ], [ 9363.961731656763732, 15017.092387953251091 ], [ 9363.970971532275144, 15017.095694033572727 ], [ 9363.980490967798687, 15017.098078528040787 ], [ 9363.990198285966471, 15017.099518472667114 ], [ 9364.0, 15017.1 ], [ 9380.958578643761939, 15017.1 ], [ 9432.929289321880788, 15069.070710678119212 ], [ 9432.93656067158372, 15069.077301045335844 ], [ 9432.944442976697246, 15069.083146961229431 ], [ 9432.952860326317023, 15069.088192126435388 ], [ 9432.961731656763732, 15069.092387953251091 ], [ 9432.970971532275144, 15069.095694033572727 ], [ 9432.980490967798687, 15069.098078528040787 ], [ 9432.990198285966471, 15069.099518472667114 ], [ 9433.0, 15069.1 ], [ 9449.958578643761939, 15069.1 ], [ 9483.929289321880788, 15103.070710678119212 ], [ 9483.93656067158372, 15103.077301045335844 ], [ 9483.944442976697246, 15103.083146961229431 ], [ 9483.952860326317023, 15103.088192126435388 ], [ 9483.961731656763732, 15103.092387953251091 ], [ 9483.970971532275144, 15103.095694033572727 ], [ 9483.980490967798687, 15103.098078528040787 ], [ 9483.990198285966471, 15103.099518472667114 ], [ 9484.0, 15103.1 ], [ 9501.958578643761939, 15103.1 ], [ 9535.929289321880788, 15137.070710678119212 ], [ 9535.93656067158372, 15137.077301045335844 ], [ 9535.944442976697246, 15137.083146961229431 ], [ 9535.952860326317023, 15137.088192126435388 ], [ 9535.961731656763732, 15137.092387953251091 ], [ 9535.970971532275144, 15137.095694033572727 ], [ 9535.980490967798687, 15137.098078528040787 ], [ 9535.990198285966471, 15137.099518472667114 ], [ 9536.0, 15137.1 ], [ 9552.956895351075218, 15137.1 ], [ 9569.927298684744528, 15155.068662353296531 ], [ 9569.929289321880788, 15155.070710678119212 ], [ 9586.929289321880788, 15172.070710678119212 ], [ 9586.931337646703469, 15172.072701315255472 ], [ 9604.931337646703469, 15189.072701315255472 ], [ 9604.938512283959426, 15189.078862289949029 ], [ 9604.946236824484004, 15189.084317975297381 ], [ 9604.95444218537159, 15189.089019579454543 ], [ 9604.963054983594702, 15189.092925054548687 ], [ 9604.971998192288083, 15189.095999472732728 ], [ 9604.981191829632735, 15189.098215338553928 ], [ 9604.990553674138937, 15189.099552834855785 ], [ 9605.0, 15189.1 ], [ 9621.958578643761939, 15189.1 ], [ 9655.929289321880788, 15223.070710678119212 ], [ 9655.93656067158372, 15223.077301045335844 ], [ 9655.944442976697246, 15223.083146961229431 ], [ 9655.952860326317023, 15223.088192126435388 ], [ 9655.961731656763732, 15223.092387953251091 ], [ 9655.970971532275144, 15223.095694033572727 ], [ 9655.980490967798687, 15223.098078528040787 ], [ 9655.990198285966471, 15223.099518472667114 ], [ 9656.0, 15223.1 ], [ 9672.958578643761939, 15223.1 ], [ 9707.929289321880788, 15258.070710678119212 ], [ 9707.93656067158372, 15258.077301045335844 ], [ 9707.944442976697246, 15258.083146961229431 ], [ 9707.952860326317023, 15258.088192126435388 ], [ 9707.961731656763732, 15258.092387953251091 ], [ 9707.970971532275144, 15258.095694033572727 ], [ 9707.980490967798687, 15258.098078528040787 ], [ 9707.990198285966471, 15258.099518472667114 ], [ 9708.0, 15258.1 ], [ 9724.958578643761939, 15258.1 ], [ 9758.929289321880788, 15292.070710678119212 ], [ 9758.93656067158372, 15292.077301045335844 ], [ 9758.944442976697246, 15292.083146961229431 ], [ 9758.952860326317023, 15292.088192126435388 ], [ 9758.961731656763732, 15292.092387953251091 ], [ 9758.970971532275144, 15292.095694033572727 ], [ 9758.980490967798687, 15292.098078528040787 ], [ 9758.990198285966471, 15292.099518472667114 ], [ 9759.0, 15292.1 ], [ 9775.960242136432498, 15292.1 ], [ 9793.930299268347881, 15309.071720624586305 ], [ 9810.929289321880788, 15326.070710678119212 ], [ 9810.93656067158372, 15326.077301045335844 ], [ 9810.944442976697246, 15326.083146961229431 ], [ 9810.952860326317023, 15326.088192126435388 ], [ 9810.961731656763732, 15326.092387953251091 ], [ 9810.970971532275144, 15326.095694033572727 ], [ 9810.980490967798687, 15326.098078528040787 ], [ 9810.990198285966471, 15326.099518472667114 ], [ 9811.0, 15326.1 ], [ 9827.956895351075218, 15326.1 ], [ 9844.927298684744528, 15344.068662353296531 ], [ 9844.929289321880788, 15344.070710678119212 ], [ 9861.929289321880788, 15361.070710678119212 ], [ 9861.93656067158372, 15361.077301045335844 ], [ 9861.944442976697246, 15361.083146961229431 ], [ 9861.952860326317023, 15361.088192126435388 ], [ 9861.961731656763732, 15361.092387953251091 ], [ 9861.970971532275144, 15361.095694033572727 ], [ 9861.980490967798687, 15361.098078528040787 ], [ 9861.990198285966471, 15361.099518472667114 ], [ 9862.0, 15361.1 ], [ 9879.958578643761939, 15361.1 ], [ 9913.929289321880788, 15395.070710678119212 ], [ 9913.93656067158372, 15395.077301045335844 ], [ 9913.944442976697246, 15395.083146961229431 ], [ 9913.952860326317023, 15395.088192126435388 ], [ 9913.961731656763732, 15395.092387953251091 ], [ 9913.970971532275144, 15395.095694033572727 ], [ 9913.980490967798687, 15395.098078528040787 ], [ 9913.990198285966471, 15395.099518472667114 ], [ 9914.0, 15395.1 ], [ 9930.958578643761939, 15395.1 ], [ 9947.929289321880788, 15412.070710678119212 ], [ 9947.93656067158372, 15412.077301045335844 ], [ 9947.944442976697246, 15412.083146961229431 ], [ 9947.952860326317023, 15412.088192126435388 ], [ 9947.961731656763732, 15412.092387953251091 ], [ 9947.970971532275144, 15412.095694033572727 ], [ 9947.980490967798687, 15412.098078528040787 ], [ 9947.990198285966471, 15412.099518472667114 ], [ 9948.0, 15412.1 ], [ 9964.958578643761939, 15412.1 ], [ 9982.929289321880788, 15430.070710678119212 ], [ 9982.93656067158372, 15430.077301045335844 ], [ 9982.944442976697246, 15430.083146961229431 ], [ 9982.952860326317023, 15430.088192126435388 ], [ 9982.961731656763732, 15430.092387953251091 ], [ 9982.970971532275144, 15430.095694033572727 ], [ 9982.980490967798687, 15430.098078528040787 ], [ 9982.990198285966471, 15430.099518472667114 ], [ 9983.0, 15430.1 ], [ 9999.958578643761939, 15430.1 ], [ 10033.929289321880788, 15464.070710678119212 ], [ 10033.93656067158372, 15464.077301045335844 ], [ 10033.944442976697246, 15464.083146961229431 ], [ 10033.952860326317023, 15464.088192126435388 ], [ 10033.961731656763732, 15464.092387953251091 ], [ 10033.970971532275144, 15464.095694033572727 ], [ 10033.980490967798687, 15464.098078528040787 ], [ 10033.990198285966471, 15464.099518472667114 ], [ 10034.0, 15464.1 ], [ 10050.960242136432498, 15464.1 ], [ 10068.930299268347881, 15481.071720624586305 ], [ 10085.929289321880788, 15498.070710678119212 ], [ 10085.93656067158372, 15498.077301045335844 ], [ 10085.944442976697246, 15498.083146961229431 ], [ 10085.952860326317023, 15498.088192126435388 ], [ 10085.961731656763732, 15498.092387953251091 ], [ 10085.970971532275144, 15498.095694033572727 ], [ 10085.980490967798687, 15498.098078528040787 ], [ 10085.990198285966471, 15498.099518472667114 ], [ 10086.0, 15498.1 ], [ 10102.958578643761939, 15498.1 ], [ 10119.928279375413695, 15515.069700731652119 ], [ 10136.927298684744528, 15533.068662353296531 ], [ 10136.934648685160937, 15533.075691516360166 ], [ 10136.942674624940992, 15533.081937789658696 ], [ 10136.951293490472381, 15533.087336566966769 ], [ 10136.9604161354182, 15533.091832007845369 ], [ 10136.969948202766318, 15533.095377615209145 ], [ 10136.979791100779039, 15533.097936716261756 ], [ 10136.989843022749483, 15533.099482841802455 ], [ 10137.0, 15533.1 ], [ 10153.960242136432498, 15533.1 ], [ 10171.931337646703469, 15550.072701315255472 ], [ 10171.938512283959426, 15550.078862289949029 ], [ 10171.946236824484004, 15550.084317975297381 ], [ 10171.95444218537159, 15550.089019579454543 ], [ 10171.963054983594702, 15550.092925054548687 ], [ 10171.971998192288083, 15550.095999472732728 ], [ 10171.981191829632735, 15550.098215338553928 ], [ 10171.990553674138937, 15550.099552834855785 ], [ 10172.0, 15550.1 ], [ 10188.958578643761939, 15550.1 ], [ 10222.929289321880788, 15584.070710678119212 ], [ 10222.93656067158372, 15584.077301045335844 ], [ 10222.944442976697246, 15584.083146961229431 ], [ 10222.952860326317023, 15584.088192126435388 ], [ 10222.961731656763732, 15584.092387953251091 ], [ 10222.970971532275144, 15584.095694033572727 ], [ 10222.980490967798687, 15584.098078528040787 ], [ 10222.990198285966471, 15584.099518472667114 ], [ 10223.0, 15584.1 ], [ 10239.960242136432498, 15584.1 ], [ 10257.931337646703469, 15601.072701315255472 ], [ 10257.938512283959426, 15601.078862289949029 ], [ 10257.946236824484004, 15601.084317975297381 ], [ 10257.95444218537159, 15601.089019579454543 ], [ 10257.963054983594702, 15601.092925054548687 ], [ 10257.971998192288083, 15601.095999472732728 ], [ 10257.981191829632735, 15601.098215338553928 ], [ 10257.990553674138937, 15601.099552834855785 ], [ 10258.0, 15601.1 ], [ 10291.956895351075218, 15601.1 ], [ 10308.927298684744528, 15619.068662353296531 ], [ 10308.929289321880788, 15619.070710678119212 ], [ 10342.929289321880788, 15653.070710678119212 ], [ 10342.93656067158372, 15653.077301045335844 ], [ 10342.944442976697246, 15653.083146961229431 ], [ 10342.952860326317023, 15653.088192126435388 ], [ 10342.961731656763732, 15653.092387953251091 ], [ 10342.970971532275144, 15653.095694033572727 ], [ 10342.980490967798687, 15653.098078528040787 ], [ 10342.990198285966471, 15653.099518472667114 ], [ 10343.0, 15653.1 ], [ 10360.958578643761939, 15653.1 ], [ 10377.929289321880788, 15670.070710678119212 ], [ 10377.93656067158372, 15670.077301045335844 ], [ 10377.944442976697246, 15670.083146961229431 ], [ 10377.952860326317023, 15670.088192126435388 ], [ 10377.961731656763732, 15670.092387953251091 ], [ 10377.970971532275144, 15670.095694033572727 ], [ 10377.980490967798687, 15670.098078528040787 ], [ 10377.990198285966471, 15670.099518472667114 ], [ 10378.0, 15670.1 ], [ 10394.958578643761939, 15670.1 ], [ 10411.929289321880788, 15687.070710678119212 ], [ 10411.93656067158372, 15687.077301045335844 ], [ 10411.944442976697246, 15687.083146961229431 ], [ 10411.952860326317023, 15687.088192126435388 ], [ 10411.961731656763732, 15687.092387953251091 ], [ 10411.970971532275144, 15687.095694033572727 ], [ 10411.980490967798687, 15687.098078528040787 ], [ 10411.990198285966471, 15687.099518472667114 ], [ 10412.0, 15687.1 ], [ 10428.960242136432498, 15687.1 ], [ 10446.929260466267806, 15704.070739533732194 ], [ 10463.927298684744528, 15722.068662353296531 ], [ 10463.934648685160937, 15722.075691516360166 ], [ 10463.942674624940992, 15722.081937789658696 ], [ 10463.951293490472381, 15722.087336566966769 ], [ 10463.9604161354182, 15722.091832007845369 ], [ 10463.969948202766318, 15722.095377615209145 ], [ 10463.979791100779039, 15722.097936716261756 ], [ 10463.989843022749483, 15722.099482841802455 ], [ 10464.0, 15722.1 ], [ 10480.958578643761939, 15722.1 ], [ 10497.929289321880788, 15739.070710678119212 ], [ 10497.93656067158372, 15739.077301045335844 ], [ 10497.944442976697246, 15739.083146961229431 ], [ 10497.952860326317023, 15739.088192126435388 ], [ 10497.961731656763732, 15739.092387953251091 ], [ 10497.970971532275144, 15739.095694033572727 ], [ 10497.980490967798687, 15739.098078528040787 ], [ 10497.990198285966471, 15739.099518472667114 ], [ 10498.0, 15739.1 ], [ 10514.958578643761939, 15739.1 ], [ 10531.929289321880788, 15756.070710678119212 ], [ 10531.931337646703469, 15756.072701315255472 ], [ 10549.931337646703469, 15773.072701315255472 ], [ 10549.938512283959426, 15773.078862289949029 ], [ 10549.946236824484004, 15773.084317975297381 ], [ 10549.95444218537159, 15773.089019579454543 ], [ 10549.963054983594702, 15773.092925054548687 ], [ 10549.971998192288083, 15773.095999472732728 ], [ 10549.981191829632735, 15773.098215338553928 ], [ 10549.990553674138937, 15773.099552834855785 ], [ 10550.0, 15773.1 ], [ 10566.958578643761939, 15773.1 ], [ 10583.929289321880788, 15790.070710678119212 ], [ 10583.93656067158372, 15790.077301045335844 ], [ 10583.944442976697246, 15790.083146961229431 ], [ 10583.952860326317023, 15790.088192126435388 ], [ 10583.961731656763732, 15790.092387953251091 ], [ 10583.970971532275144, 15790.095694033572727 ], [ 10583.980490967798687, 15790.098078528040787 ], [ 10583.990198285966471, 15790.099518472667114 ], [ 10584.0, 15790.1 ], [ 10600.956895351075218, 15790.1 ], [ 10617.927298684744528, 15808.068662353296531 ], [ 10617.934648685160937, 15808.075691516360166 ], [ 10617.942674624940992, 15808.081937789658696 ], [ 10617.951293490472381, 15808.087336566966769 ], [ 10617.9604161354182, 15808.091832007845369 ], [ 10617.969948202766318, 15808.095377615209145 ], [ 10617.979791100779039, 15808.097936716261756 ], [ 10617.989843022749483, 15808.099482841802455 ], [ 10618.0, 15808.1 ], [ 10635.958578643761939, 15808.1 ], [ 10652.929289321880788, 15825.070710678119212 ], [ 10652.93656067158372, 15825.077301045335844 ], [ 10652.944442976697246, 15825.083146961229431 ], [ 10652.952860326317023, 15825.088192126435388 ], [ 10652.961731656763732, 15825.092387953251091 ], [ 10652.970971532275144, 15825.095694033572727 ], [ 10652.980490967798687, 15825.098078528040787 ], [ 10652.990198285966471, 15825.099518472667114 ], [ 10653.0, 15825.1 ], [ 10669.958578643761939, 15825.1 ], [ 10686.929289321880788, 15842.070710678119212 ], [ 10686.93656067158372, 15842.077301045335844 ], [ 10686.944442976697246, 15842.083146961229431 ], [ 10686.952860326317023, 15842.088192126435388 ], [ 10686.961731656763732, 15842.092387953251091 ], [ 10686.970971532275144, 15842.095694033572727 ], [ 10686.980490967798687, 15842.098078528040787 ], [ 10686.990198285966471, 15842.099518472667114 ], [ 10687.0, 15842.1 ], [ 10703.958578643761939, 15842.1 ], [ 10720.929289321880788, 15859.070710678119212 ], [ 10720.931337646703469, 15859.072701315255472 ], [ 10738.931337646703469, 15876.072701315255472 ], [ 10738.938512283959426, 15876.078862289949029 ], [ 10738.946236824484004, 15876.084317975297381 ], [ 10738.95444218537159, 15876.089019579454543 ], [ 10738.963054983594702, 15876.092925054548687 ], [ 10738.971998192288083, 15876.095999472732728 ], [ 10738.981191829632735, 15876.098215338553928 ], [ 10738.990553674138937, 15876.099552834855785 ], [ 10739.0, 15876.1 ], [ 10755.958578643761939, 15876.1 ], [ 10772.929289321880788, 15893.070710678119212 ], [ 10772.93656067158372, 15893.077301045335844 ], [ 10772.944442976697246, 15893.083146961229431 ], [ 10772.952860326317023, 15893.088192126435388 ], [ 10772.961731656763732, 15893.092387953251091 ], [ 10772.970971532275144, 15893.095694033572727 ], [ 10772.980490967798687, 15893.098078528040787 ], [ 10772.990198285966471, 15893.099518472667114 ], [ 10773.0, 15893.1 ], [ 10789.956895351075218, 15893.1 ], [ 10806.927298684744528, 15911.068662353296531 ], [ 10806.934648685160937, 15911.075691516360166 ], [ 10806.942674624940992, 15911.081937789658696 ], [ 10806.951293490472381, 15911.087336566966769 ], [ 10806.9604161354182, 15911.091832007845369 ], [ 10806.969948202766318, 15911.095377615209145 ], [ 10806.979791100779039, 15911.097936716261756 ], [ 10806.989843022749483, 15911.099482841802455 ], [ 10807.0, 15911.1 ], [ 10824.958578643761939, 15911.1 ], [ 10841.929289321880788, 15928.070710678119212 ], [ 10841.93656067158372, 15928.077301045335844 ], [ 10841.944442976697246, 15928.083146961229431 ], [ 10841.952860326317023, 15928.088192126435388 ], [ 10841.961731656763732, 15928.092387953251091 ], [ 10841.970971532275144, 15928.095694033572727 ], [ 10841.980490967798687, 15928.098078528040787 ], [ 10841.990198285966471, 15928.099518472667114 ], [ 10842.0, 15928.1 ], [ 10858.958578643761939, 15928.1 ], [ 10875.929289321880788, 15945.070710678119212 ], [ 10875.93656067158372, 15945.077301045335844 ], [ 10875.944442976697246, 15945.083146961229431 ], [ 10875.952860326317023, 15945.088192126435388 ], [ 10875.961731656763732, 15945.092387953251091 ], [ 10875.970971532275144, 15945.095694033572727 ], [ 10875.980490967798687, 15945.098078528040787 ], [ 10875.990198285966471, 15945.099518472667114 ], [ 10876.0, 15945.1 ], [ 10892.958578643761939, 15945.1 ], [ 10909.929289321880788, 15962.070710678119212 ], [ 10909.93656067158372, 15962.077301045335844 ], [ 10909.944442976697246, 15962.083146961229431 ], [ 10909.952860326317023, 15962.088192126435388 ], [ 10909.961731656763732, 15962.092387953251091 ], [ 10909.970971532275144, 15962.095694033572727 ], [ 10909.980490967798687, 15962.098078528040787 ], [ 10909.990198285966471, 15962.099518472667114 ], [ 10910.0, 15962.1 ], [ 10927.958578643761939, 15962.1 ], [ 10944.929289321880788, 15979.070710678119212 ], [ 10944.93656067158372, 15979.077301045335844 ], [ 10944.944442976697246, 15979.083146961229431 ], [ 10944.952860326317023, 15979.088192126435388 ], [ 10944.961731656763732, 15979.092387953251091 ], [ 10944.970971532275144, 15979.095694033572727 ], [ 10944.980490967798687, 15979.098078528040787 ], [ 10944.990198285966471, 15979.099518472667114 ], [ 10945.0, 15979.1 ], [ 10961.956895351075218, 15979.1 ], [ 10978.927298684744528, 15997.068662353296531 ], [ 10978.934648685160937, 15997.075691516360166 ], [ 10978.942674624940992, 15997.081937789658696 ], [ 10978.951293490472381, 15997.087336566966769 ], [ 10978.9604161354182, 15997.091832007845369 ], [ 10978.969948202766318, 15997.095377615209145 ], [ 10978.979791100779039, 15997.097936716261756 ], [ 10978.989843022749483, 15997.099482841802455 ], [ 10979.0, 15997.1 ], [ 10995.960242136432498, 15997.1 ], [ 11013.931337646703469, 16014.072701315255472 ], [ 11013.938512283959426, 16014.078862289949029 ], [ 11013.946236824484004, 16014.084317975297381 ], [ 11013.95444218537159, 16014.089019579454543 ], [ 11013.963054983594702, 16014.092925054548687 ], [ 11013.971998192288083, 16014.095999472732728 ], [ 11013.981191829632735, 16014.098215338553928 ], [ 11013.990553674138937, 16014.099552834855785 ], [ 11014.0, 16014.1 ], [ 11030.958578643761939, 16014.1 ], [ 11047.929289321880788, 16031.070710678119212 ], [ 11047.93656067158372, 16031.077301045335844 ], [ 11047.944442976697246, 16031.083146961229431 ], [ 11047.952860326317023, 16031.088192126435388 ], [ 11047.961731656763732, 16031.092387953251091 ], [ 11047.970971532275144, 16031.095694033572727 ], [ 11047.980490967798687, 16031.098078528040787 ], [ 11047.990198285966471, 16031.099518472667114 ], [ 11048.0, 16031.1 ], [ 11064.958578643761939, 16031.1 ], [ 11081.929289321880788, 16048.070710678119212 ], [ 11081.93656067158372, 16048.077301045335844 ], [ 11081.944442976697246, 16048.083146961229431 ], [ 11081.952860326317023, 16048.088192126435388 ], [ 11081.961731656763732, 16048.092387953251091 ], [ 11081.970971532275144, 16048.095694033572727 ], [ 11081.980490967798687, 16048.098078528040787 ], [ 11081.990198285966471, 16048.099518472667114 ], [ 11082.0, 16048.1 ], [ 11116.958578643761939, 16048.1 ], [ 11133.929289321880788, 16065.070710678119212 ], [ 11133.93656067158372, 16065.077301045335844 ], [ 11133.944442976697246, 16065.083146961229431 ], [ 11133.952860326317023, 16065.088192126435388 ], [ 11133.961731656763732, 16065.092387953251091 ], [ 11133.970971532275144, 16065.095694033572727 ], [ 11133.980490967798687, 16065.098078528040787 ], [ 11133.990198285966471, 16065.099518472667114 ], [ 11134.0, 16065.1 ], [ 11150.958578643761939, 16065.1 ], [ 11167.929289321880788, 16082.070710678119212 ], [ 11167.93656067158372, 16082.077301045335844 ], [ 11167.944442976697246, 16082.083146961229431 ], [ 11167.952860326317023, 16082.088192126435388 ], [ 11167.961731656763732, 16082.092387953251091 ], [ 11167.970971532275144, 16082.095694033572727 ], [ 11167.980490967798687, 16082.098078528040787 ], [ 11167.990198285966471, 16082.099518472667114 ], [ 11168.0, 16082.1 ], [ 11184.958578643761939, 16082.1 ], [ 11202.929289321880788, 16100.070710678119212 ], [ 11202.93656067158372, 16100.077301045335844 ], [ 11202.944442976697246, 16100.083146961229431 ], [ 11202.952860326317023, 16100.088192126435388 ], [ 11202.961731656763732, 16100.092387953251091 ], [ 11202.970971532275144, 16100.095694033572727 ], [ 11202.980490967798687, 16100.098078528040787 ], [ 11202.990198285966471, 16100.099518472667114 ], [ 11203.0, 16100.1 ], [ 11236.958578643761939, 16100.1 ], [ 11253.929289321880788, 16117.070710678119212 ], [ 11253.93656067158372, 16117.077301045335844 ], [ 11253.944442976697246, 16117.083146961229431 ], [ 11253.952860326317023, 16117.088192126435388 ], [ 11253.961731656763732, 16117.092387953251091 ], [ 11253.970971532275144, 16117.095694033572727 ], [ 11253.980490967798687, 16117.098078528040787 ], [ 11253.990198285966471, 16117.099518472667114 ], [ 11254.0, 16117.1 ], [ 11270.960242136432498, 16117.1 ], [ 11288.930299268347881, 16134.071720624586305 ], [ 11305.929289321880788, 16151.070710678119212 ], [ 11305.93656067158372, 16151.077301045335844 ], [ 11305.944442976697246, 16151.083146961229431 ], [ 11305.952860326317023, 16151.088192126435388 ], [ 11305.961731656763732, 16151.092387953251091 ], [ 11305.970971532275144, 16151.095694033572727 ], [ 11305.980490967798687, 16151.098078528040787 ], [ 11305.990198285966471, 16151.099518472667114 ], [ 11306.0, 16151.1 ], [ 11339.958578643761939, 16151.1 ], [ 11356.929289321880788, 16168.070710678119212 ], [ 11356.93656067158372, 16168.077301045335844 ], [ 11356.944442976697246, 16168.083146961229431 ], [ 11356.952860326317023, 16168.088192126435388 ], [ 11356.961731656763732, 16168.092387953251091 ], [ 11356.970971532275144, 16168.095694033572727 ], [ 11356.980490967798687, 16168.098078528040787 ], [ 11356.990198285966471, 16168.099518472667114 ], [ 11357.0, 16168.1 ], [ 11373.958578643761939, 16168.1 ], [ 11391.929289321880788, 16186.070710678119212 ], [ 11391.93656067158372, 16186.077301045335844 ], [ 11391.944442976697246, 16186.083146961229431 ], [ 11391.952860326317023, 16186.088192126435388 ], [ 11391.961731656763732, 16186.092387953251091 ], [ 11391.970971532275144, 16186.095694033572727 ], [ 11391.980490967798687, 16186.098078528040787 ], [ 11391.990198285966471, 16186.099518472667114 ], [ 11392.0, 16186.1 ], [ 11425.958578643761939, 16186.1 ], [ 11459.929289321880788, 16220.070710678119212 ], [ 11459.93656067158372, 16220.077301045335844 ], [ 11459.944442976697246, 16220.083146961229431 ], [ 11459.952860326317023, 16220.088192126435388 ], [ 11459.961731656763732, 16220.092387953251091 ], [ 11459.970971532275144, 16220.095694033572727 ], [ 11459.980490967798687, 16220.098078528040787 ], [ 11459.990198285966471, 16220.099518472667114 ], [ 11460.0, 16220.1 ], [ 11477.958578643761939, 16220.1 ], [ 11494.929289321880788, 16237.070710678119212 ], [ 11494.93656067158372, 16237.077301045335844 ], [ 11494.944442976697246, 16237.083146961229431 ], [ 11494.952860326317023, 16237.088192126435388 ], [ 11494.961731656763732, 16237.092387953251091 ], [ 11494.970971532275144, 16237.095694033572727 ], [ 11494.980490967798687, 16237.098078528040787 ], [ 11494.990198285966471, 16237.099518472667114 ], [ 11495.0, 16237.1 ], [ 11511.958578643761939, 16237.1 ], [ 11528.929289321880788, 16254.070710678119212 ], [ 11528.93656067158372, 16254.077301045335844 ], [ 11528.944442976697246, 16254.083146961229431 ], [ 11528.952860326317023, 16254.088192126435388 ], [ 11528.961731656763732, 16254.092387953251091 ], [ 11528.970971532275144, 16254.095694033572727 ], [ 11528.980490967798687, 16254.098078528040787 ], [ 11528.990198285966471, 16254.099518472667114 ], [ 11529.0, 16254.1 ], [ 11545.958578643761939, 16254.1 ], [ 11562.929289321880788, 16271.070710678119212 ], [ 11562.93656067158372, 16271.077301045335844 ], [ 11562.944442976697246, 16271.083146961229431 ], [ 11562.952860326317023, 16271.088192126435388 ], [ 11562.961731656763732, 16271.092387953251091 ], [ 11562.970971532275144, 16271.095694033572727 ], [ 11562.980490967798687, 16271.098078528040787 ], [ 11562.990198285966471, 16271.099518472667114 ], [ 11563.0, 16271.1 ], [ 11580.956895351075218, 16271.1 ], [ 11597.927298684744528, 16289.068662353296531 ], [ 11597.934648685160937, 16289.075691516360166 ], [ 11597.942674624940992, 16289.081937789658696 ], [ 11597.951293490472381, 16289.087336566966769 ], [ 11597.9604161354182, 16289.091832007845369 ], [ 11597.969948202766318, 16289.095377615209145 ], [ 11597.979791100779039, 16289.097936716261756 ], [ 11597.989843022749483, 16289.099482841802455 ], [ 11598.0, 16289.1 ], [ 11614.958578643761939, 16289.1 ], [ 11631.929289321880788, 16306.070710678119212 ], [ 11631.93656067158372, 16306.077301045335844 ], [ 11631.944442976697246, 16306.083146961229431 ], [ 11631.952860326317023, 16306.088192126435388 ], [ 11631.961731656763732, 16306.092387953251091 ], [ 11631.970971532275144, 16306.095694033572727 ], [ 11631.980490967798687, 16306.098078528040787 ], [ 11631.990198285966471, 16306.099518472667114 ], [ 11632.0, 16306.1 ], [ 11666.958578643761939, 16306.1 ], [ 11683.929289321880788, 16323.070710678119212 ], [ 11683.93656067158372, 16323.077301045335844 ], [ 11683.944442976697246, 16323.083146961229431 ], [ 11683.952860326317023, 16323.088192126435388 ], [ 11683.961731656763732, 16323.092387953251091 ], [ 11683.970971532275144, 16323.095694033572727 ], [ 11683.980490967798687, 16323.098078528040787 ], [ 11683.990198285966471, 16323.099518472667114 ], [ 11684.0, 16323.1 ], [ 11700.958578643761939, 16323.1 ], [ 11734.929289321880788, 16357.070710678119212 ], [ 11734.93656067158372, 16357.077301045335844 ], [ 11734.944442976697246, 16357.083146961229431 ], [ 11734.952860326317023, 16357.088192126435388 ], [ 11734.961731656763732, 16357.092387953251091 ], [ 11734.970971532275144, 16357.095694033572727 ], [ 11734.980490967798687, 16357.098078528040787 ], [ 11734.990198285966471, 16357.099518472667114 ], [ 11735.0, 16357.1 ], [ 11751.958578643761939, 16357.1 ], [ 11769.929289321880788, 16375.070710678119212 ], [ 11769.93656067158372, 16375.077301045335844 ], [ 11769.944442976697246, 16375.083146961229431 ], [ 11769.952860326317023, 16375.088192126435388 ], [ 11769.961731656763732, 16375.092387953251091 ], [ 11769.970971532275144, 16375.095694033572727 ], [ 11769.980490967798687, 16375.098078528040787 ], [ 11769.990198285966471, 16375.099518472667114 ], [ 11770.0, 16375.1 ], [ 11803.958578643761939, 16375.1 ], [ 11820.929289321880788, 16392.070710678119212 ], [ 11820.93656067158372, 16392.077301045337663 ], [ 11820.944442976697246, 16392.08314696123125 ], [ 11820.952860326317023, 16392.088192126433569 ], [ 11820.961731656763732, 16392.09238795325291 ], [ 11820.970971532275144, 16392.095694033574546 ], [ 11820.980490967798687, 16392.098078528040787 ], [ 11820.990198285966471, 16392.099518472667114 ], [ 11821.0, 16392.099999999998545 ], [ 11837.960242136432498, 16392.099999999998545 ], [ 11855.931337646703469, 16409.072701315253653 ], [ 11855.938512283957607, 16409.078862289949029 ], [ 11855.946236824482185, 16409.0843179752992 ], [ 11855.954442185369771, 16409.089019579452724 ], [ 11855.963054983592883, 16409.092925054548687 ], [ 11855.971998192288083, 16409.095999472730909 ], [ 11855.981191829630916, 16409.098215338555747 ], [ 11855.990553674138937, 16409.099552834853966 ], [ 11856.0, 16409.099999999998545 ], [ 11889.95857864376012, 16409.099999999998545 ], [ 11906.929289321880788, 16426.070710678119212 ], [ 11906.93656067158372, 16426.077301045337663 ], [ 11906.944442976697246, 16426.08314696123125 ], [ 11906.952860326317023, 16426.088192126433569 ], [ 11906.961731656763732, 16426.09238795325291 ], [ 11906.970971532275144, 16426.095694033574546 ], [ 11906.980490967798687, 16426.098078528040787 ], [ 11906.990198285966471, 16426.099518472667114 ], [ 11907.0, 16426.099999999998545 ], [ 11923.95857864376012, 16426.099999999998545 ], [ 11940.929289321880788, 16443.070710678119212 ], [ 11940.93656067158372, 16443.077301045337663 ], [ 11940.944442976697246, 16443.08314696123125 ], [ 11940.952860326317023, 16443.088192126433569 ], [ 11940.961731656763732, 16443.09238795325291 ], [ 11940.970971532275144, 16443.095694033574546 ], [ 11940.980490967798687, 16443.098078528040787 ], [ 11940.990198285966471, 16443.099518472667114 ], [ 11941.0, 16443.099999999998545 ], [ 11975.95857864376012, 16443.099999999998545 ], [ 11992.928279375413695, 16460.069700731652119 ], [ 12009.927298684744528, 16478.068662353296531 ], [ 12009.934648685160937, 16478.075691516358347 ], [ 12009.942674624940992, 16478.081937789658696 ], [ 12009.951293490472381, 16478.087336566968588 ], [ 12009.9604161354182, 16478.091832007845369 ], [ 12009.969948202766318, 16478.095377615209145 ], [ 12009.979791100779039, 16478.097936716261756 ], [ 12009.989843022749483, 16478.099482841804274 ], [ 12010.0, 16478.099999999998545 ], [ 12026.960242136432498, 16478.099999999998545 ], [ 12044.931337646703469, 16495.072701315253653 ], [ 12044.938512283957607, 16495.078862289949029 ], [ 12044.946236824482185, 16495.0843179752992 ], [ 12044.954442185369771, 16495.089019579452724 ], [ 12044.963054983592883, 16495.092925054548687 ], [ 12044.971998192288083, 16495.095999472730909 ], [ 12044.981191829630916, 16495.098215338555747 ], [ 12044.990553674138937, 16495.099552834853966 ], [ 12045.0, 16495.099999999998545 ], [ 12061.95857864376012, 16495.099999999998545 ], [ 12095.929289321880788, 16529.070710678119212 ], [ 12095.93656067158372, 16529.077301045337663 ], [ 12095.944442976697246, 16529.08314696123125 ], [ 12095.952860326317023, 16529.088192126433569 ], [ 12095.961731656763732, 16529.09238795325291 ], [ 12095.970971532275144, 16529.095694033574546 ], [ 12095.980490967798687, 16529.098078528040787 ], [ 12095.990198285966471, 16529.099518472667114 ], [ 12096.0, 16529.099999999998545 ], [ 12112.95857864376012, 16529.099999999998545 ], [ 12147.929289321880788, 16564.070710678119212 ], [ 12147.93656067158372, 16564.077301045337663 ], [ 12147.944442976697246, 16564.08314696123125 ], [ 12147.952860326317023, 16564.088192126433569 ], [ 12147.961731656763732, 16564.09238795325291 ], [ 12147.970971532275144, 16564.095694033574546 ], [ 12147.980490967798687, 16564.098078528040787 ], [ 12147.990198285966471, 16564.099518472667114 ], [ 12148.0, 16564.099999999998545 ], [ 12164.95857864376012, 16564.099999999998545 ], [ 12198.929289321880788, 16598.070710678119212 ], [ 12198.93656067158372, 16598.077301045337663 ], [ 12198.944442976697246, 16598.08314696123125 ], [ 12198.952860326317023, 16598.088192126433569 ], [ 12198.961731656763732, 16598.09238795325291 ], [ 12198.970971532275144, 16598.095694033574546 ], [ 12198.980490967798687, 16598.098078528040787 ], [ 12198.990198285966471, 16598.099518472667114 ], [ 12199.0, 16598.099999999998545 ], [ 12215.960242136432498, 16598.099999999998545 ], [ 12233.931337646703469, 16615.072701315253653 ], [ 12233.938512283957607, 16615.078862289949029 ], [ 12233.946236824482185, 16615.0843179752992 ], [ 12233.954442185369771, 16615.089019579452724 ], [ 12233.963054983592883, 16615.092925054548687 ], [ 12233.971998192288083, 16615.095999472730909 ], [ 12233.981191829630916, 16615.098215338555747 ], [ 12233.990553674138937, 16615.099552834853966 ], [ 12234.0, 16615.099999999998545 ], [ 12250.95857864376012, 16615.099999999998545 ], [ 12267.929289321880788, 16632.070710678119212 ], [ 12267.93656067158372, 16632.077301045337663 ], [ 12267.944442976697246, 16632.08314696123125 ], [ 12267.952860326317023, 16632.088192126433569 ], [ 12267.961731656763732, 16632.09238795325291 ], [ 12267.970971532275144, 16632.095694033574546 ], [ 12267.980490967798687, 16632.098078528040787 ], [ 12267.990198285966471, 16632.099518472667114 ], [ 12268.0, 16632.099999999998545 ], [ 12284.956895351073399, 16632.099999999998545 ], [ 12301.927298684744528, 16650.068662353296531 ], [ 12301.929289321880788, 16650.070710678119212 ], [ 12318.929289321880788, 16667.070710678119212 ], [ 12318.93656067158372, 16667.077301045337663 ], [ 12318.944442976697246, 16667.08314696123125 ], [ 12318.952860326317023, 16667.088192126433569 ], [ 12318.961731656763732, 16667.09238795325291 ], [ 12318.970971532275144, 16667.095694033574546 ], [ 12318.980490967798687, 16667.098078528040787 ], [ 12318.990198285966471, 16667.099518472667114 ], [ 12319.0, 16667.099999999998545 ], [ 12336.95857864376012, 16667.099999999998545 ], [ 12353.929289321880788, 16684.070710678119212 ], [ 12353.93656067158372, 16684.077301045337663 ], [ 12353.944442976697246, 16684.08314696123125 ], [ 12353.952860326317023, 16684.088192126433569 ], [ 12353.961731656763732, 16684.09238795325291 ], [ 12353.970971532275144, 16684.095694033574546 ], [ 12353.980490967798687, 16684.098078528040787 ], [ 12353.990198285966471, 16684.099518472667114 ], [ 12354.0, 16684.099999999998545 ], [ 12370.95857864376012, 16684.099999999998545 ], [ 12404.9, 16718.04142135623988 ], [ 12404.9, 16735.0 ], [ 12404.900481527332886, 16735.009801714033529 ], [ 12404.901921471959213, 16735.019509032201313 ], [ 12404.904305966427273, 16735.029028467724856 ], [ 12404.907612046748909, 16735.038268343236268 ], [ 12404.911807873564612, 16735.047139673682977 ], [ 12404.916853038770569, 16735.055557023300935 ], [ 12404.922698954664156, 16735.06343932841628 ], [ 12404.929289321880788, 16735.070710678119212 ], [ 12439.9, 16770.04142135623988 ], [ 12439.9, 16787.0 ], [ 12439.900481527332886, 16787.009801714033529 ], [ 12439.901921471959213, 16787.019509032201313 ], [ 12439.904305966427273, 16787.029028467724856 ], [ 12439.907612046748909, 16787.038268343236268 ], [ 12439.911807873564612, 16787.047139673682977 ], [ 12439.916853038770569, 16787.055557023300935 ], [ 12439.922698954664156, 16787.06343932841628 ], [ 12439.929289321880788, 16787.070710678119212 ], [ 12473.928279375413695, 16821.069700731652119 ], [ 12490.927298684744528, 16839.068662353296531 ], [ 12490.929289321880788, 16839.070710678119212 ], [ 12507.929289321880788, 16856.070710678119212 ], [ 12507.931337646703469, 16856.072701315253653 ], [ 12525.930299268315139, 16873.071720624553564 ], [ 12542.929289321880788, 16890.070710678119212 ], [ 12542.93656067158372, 16890.077301045337663 ], [ 12542.944442976697246, 16890.08314696123125 ], [ 12542.952860326317023, 16890.088192126433569 ], [ 12542.961731656763732, 16890.09238795325291 ], [ 12542.970971532275144, 16890.095694033574546 ], [ 12542.980490967798687, 16890.098078528040787 ], [ 12542.990198285966471, 16890.099518472667114 ], [ 12543.0, 16890.099999999998545 ], [ 12559.95857864376012, 16890.099999999998545 ], [ 12662.929289321880788, 16993.070710678119212 ], [ 12662.93656067158372, 16993.077301045337663 ], [ 12662.944442976697246, 16993.08314696123125 ], [ 12662.952860326317023, 16993.088192126433569 ], [ 12662.961731656763732, 16993.09238795325291 ], [ 12662.970971532275144, 16993.095694033574546 ], [ 12662.980490967798687, 16993.098078528040787 ], [ 12662.990198285966471, 16993.099518472667114 ], [ 12663.0, 16993.099999999998545 ], [ 12679.95857864376012, 16993.099999999998545 ], [ 12782.929289321880788, 17096.070710678119212 ], [ 12782.931337646703469, 17096.072701315253653 ], [ 12800.929260466251435, 17113.070739533715823 ], [ 12817.927298684744528, 17131.068662353296531 ], [ 12817.929289321880788, 17131.070710678119212 ], [ 12868.929289321880788, 17182.070710678119212 ], [ 12868.931337646703469, 17182.072701315253653 ], [ 12886.929260466251435, 17199.070739533715823 ], [ 12903.927298684744528, 17217.068662353296531 ], [ 12903.929289321880788, 17217.070710678119212 ], [ 12954.929289321880788, 17268.070710678119212 ], [ 12954.93656067158372, 17268.077301045337663 ], [ 12954.944442976697246, 17268.08314696123125 ], [ 12954.952860326317023, 17268.088192126433569 ], [ 12954.961731656763732, 17268.09238795325291 ], [ 12954.970971532275144, 17268.095694033574546 ], [ 12954.980490967798687, 17268.098078528040787 ], [ 12954.990198285966471, 17268.099518472667114 ], [ 12955.0, 17268.099999999998545 ], [ 12971.960242136432498, 17268.099999999998545 ], [ 12989.930299268315139, 17285.071720624553564 ], [ 13006.928279375413695, 17302.069700731652119 ], [ 13023.927298684744528, 17320.068662353296531 ], [ 13023.929289321880788, 17320.070710678119212 ], [ 13057.929289321880788, 17354.070710678119212 ], [ 13057.931337646703469, 17354.072701315253653 ], [ 13075.930299268315139, 17371.071720624553564 ], [ 13092.9, 17388.04142135623988 ], [ 13092.9, 17406.0 ], [ 13092.900481527332886, 17406.009801714033529 ], [ 13092.901921471959213, 17406.019509032201313 ], [ 13092.904305966427273, 17406.029028467724856 ], [ 13092.907612046748909, 17406.038268343236268 ], [ 13092.911807873564612, 17406.047139673682977 ], [ 13092.916853038770569, 17406.055557023300935 ], [ 13092.922698954664156, 17406.06343932841628 ], [ 13092.929289321880788, 17406.070710678119212 ], [ 13160.9, 17474.04142135623988 ], [ 13160.9, 17491.0 ], [ 13160.900481527332886, 17491.009801714033529 ], [ 13160.901921471959213, 17491.019509032201313 ], [ 13160.904305966427273, 17491.029028467724856 ], [ 13160.907612046748909, 17491.038268343236268 ], [ 13160.911807873564612, 17491.047139673682977 ], [ 13160.916853038770569, 17491.055557023300935 ], [ 13160.922698954664156, 17491.06343932841628 ], [ 13160.929289321880788, 17491.070710678119212 ], [ 13264.9, 17595.04142135623988 ], [ 13264.9, 17612.0 ], [ 13264.900481527332886, 17612.009801714033529 ], [ 13264.901921471959213, 17612.019509032201313 ], [ 13264.904305966427273, 17612.029028467724856 ], [ 13264.907612046748909, 17612.038268343236268 ], [ 13264.911807873564612, 17612.047139673682977 ], [ 13264.916853038770569, 17612.055557023300935 ], [ 13264.922698954664156, 17612.06343932841628 ], [ 13264.929289321880788, 17612.070710678119212 ], [ 13264.93656067158372, 17612.077301045337663 ], [ 13264.944442976697246, 17612.08314696123125 ], [ 13264.952860326317023, 17612.088192126433569 ], [ 13264.961731656763732, 17612.09238795325291 ], [ 13264.970971532275144, 17612.095694033574546 ], [ 13264.980490967798687, 17612.098078528040787 ], [ 13264.990198285966471, 17612.099518472667114 ], [ 13265.0, 17612.099999999998545 ], [ 13281.95857864376012, 17612.099999999998545 ], [ 13418.929289321880788, 17749.070710678119212 ], [ 13418.93656067158372, 17749.077301045337663 ], [ 13418.944442976697246, 17749.08314696123125 ], [ 13418.952860326317023, 17749.088192126433569 ], [ 13418.961731656763732, 17749.09238795325291 ], [ 13418.970971532275144, 17749.095694033574546 ], [ 13418.980490967798687, 17749.098078528040787 ], [ 13418.990198285966471, 17749.099518472667114 ], [ 13419.0, 17749.099999999998545 ], [ 13435.960242136432498, 17749.099999999998545 ], [ 13453.929260466251435, 17766.070739533715823 ], [ 13470.927298684744528, 17784.068662353296531 ], [ 13470.934648685160937, 17784.075691516358347 ], [ 13470.942674624940992, 17784.081937789658696 ], [ 13470.951293490472381, 17784.087336566968588 ], [ 13470.9604161354182, 17784.091832007845369 ], [ 13470.969948202766318, 17784.095377615209145 ], [ 13470.979791100779039, 17784.097936716261756 ], [ 13470.989843022749483, 17784.099482841804274 ], [ 13471.0, 17784.099999999998545 ], [ 13487.95857864376012, 17784.099999999998545 ], [ 13504.929289321880788, 17801.070710678119212 ], [ 13504.93656067158372, 17801.077301045337663 ], [ 13504.944442976697246, 17801.08314696123125 ], [ 13504.952860326317023, 17801.088192126433569 ], [ 13504.961731656763732, 17801.09238795325291 ], [ 13504.970971532275144, 17801.095694033574546 ], [ 13504.980490967798687, 17801.098078528040787 ], [ 13504.990198285966471, 17801.099518472667114 ], [ 13505.0, 17801.099999999998545 ], [ 13521.95857864376012, 17801.099999999998545 ], [ 13538.929289321880788, 17818.070710678119212 ], [ 13538.93656067158372, 17818.077301045337663 ], [ 13538.944442976697246, 17818.08314696123125 ], [ 13538.952860326317023, 17818.088192126433569 ], [ 13538.961731656763732, 17818.09238795325291 ], [ 13538.970971532275144, 17818.095694033574546 ], [ 13538.980490967798687, 17818.098078528040787 ], [ 13538.990198285966471, 17818.099518472667114 ], [ 13539.0, 17818.099999999998545 ], [ 13556.95857864376012, 17818.099999999998545 ], [ 13573.929289321880788, 17835.070710678119212 ], [ 13573.93656067158372, 17835.077301045337663 ], [ 13573.944442976697246, 17835.08314696123125 ], [ 13573.952860326317023, 17835.088192126433569 ], [ 13573.961731656763732, 17835.09238795325291 ], [ 13573.970971532275144, 17835.095694033574546 ], [ 13573.980490967798687, 17835.098078528040787 ], [ 13573.990198285966471, 17835.099518472667114 ], [ 13574.0, 17835.099999999998545 ], [ 13711.0, 17835.099999999998545 ], [ 13711.009801714033529, 17835.099518472667114 ], [ 13711.019509032201313, 17835.098078528040787 ], [ 13711.029028467724856, 17835.095694033574546 ], [ 13711.038268343236268, 17835.09238795325291 ], [ 13711.047139673682977, 17835.088192126433569 ], [ 13711.055557023302754, 17835.08314696123125 ], [ 13711.06343932841628, 17835.077301045337663 ], [ 13711.070710678119212, 17835.070710678119212 ], [ 13728.04142135623988, 17818.099999999998545 ], [ 13763.0, 17818.099999999998545 ], [ 13763.009801714033529, 17818.099518472667114 ], [ 13763.019509032201313, 17818.098078528040787 ], [ 13763.029028467724856, 17818.095694033574546 ], [ 13763.038268343236268, 17818.09238795325291 ], [ 13763.047139673682977, 17818.088192126433569 ], [ 13763.055557023302754, 17818.08314696123125 ], [ 13763.06343932841628, 17818.077301045337663 ], [ 13763.070710678119212, 17818.070710678119212 ], [ 13797.070710678119212, 17784.070710678119212 ], [ 13797.072701315255472, 17784.068662353296531 ], [ 13814.070739533748565, 17766.070739533715823 ], [ 13832.068662353296531, 17749.072701315253653 ], [ 13832.075691516360166, 17749.065351314839063 ], [ 13832.081937789660515, 17749.057325375059008 ], [ 13832.087336566968588, 17749.0487065095258 ], [ 13832.091832007845369, 17749.0395838645818 ], [ 13832.095377615209145, 17749.030051797235501 ], [ 13832.097936716261756, 17749.02020889922278 ], [ 13832.099482841802455, 17749.010156977252336 ], [ 13832.1, 17749.0 ], [ 13832.1, 17732.04142135623988 ], [ 13866.070710678119212, 17698.070710678119212 ], [ 13866.077301045335844, 17698.06343932841628 ], [ 13866.083146961229431, 17698.055557023300935 ], [ 13866.088192126435388, 17698.047139673682977 ], [ 13866.092387953251091, 17698.038268343236268 ], [ 13866.095694033572727, 17698.029028467724856 ], [ 13866.098078528040787, 17698.019509032201313 ], [ 13866.099518472667114, 17698.009801714033529 ], [ 13866.1, 17698.0 ], [ 13866.1, 17680.04142135623988 ], [ 13883.070710678119212, 17663.070710678119212 ], [ 13883.077301045335844, 17663.06343932841628 ], [ 13883.083146961229431, 17663.055557023300935 ], [ 13883.088192126435388, 17663.047139673682977 ], [ 13883.092387953251091, 17663.038268343236268 ], [ 13883.095694033572727, 17663.029028467724856 ], [ 13883.098078528040787, 17663.019509032201313 ], [ 13883.099518472667114, 17663.009801714033529 ], [ 13883.1, 17663.0 ], [ 13883.1, 17646.04142135623988 ], [ 13900.070710678119212, 17629.070710678119212 ], [ 13900.077301045335844, 17629.06343932841628 ], [ 13900.083146961229431, 17629.055557023300935 ], [ 13900.088192126435388, 17629.047139673682977 ], [ 13900.092387953251091, 17629.038268343236268 ], [ 13900.095694033572727, 17629.029028467724856 ], [ 13900.098078528040787, 17629.019509032201313 ], [ 13900.099518472667114, 17629.009801714033529 ], [ 13900.1, 17629.0 ], [ 13900.1, 17577.04142135623988 ], [ 13917.070710678119212, 17560.070710678119212 ], [ 13917.077301045335844, 17560.06343932841628 ], [ 13917.083146961229431, 17560.055557023300935 ], [ 13917.088192126435388, 17560.047139673682977 ], [ 13917.092387953251091, 17560.038268343236268 ], [ 13917.095694033572727, 17560.029028467724856 ], [ 13917.098078528040787, 17560.019509032201313 ], [ 13917.099518472667114, 17560.009801714033529 ], [ 13917.1, 17560.0 ], [ 13917.1, 17491.043104648921144 ], [ 13935.068662353296531, 17474.072701315253653 ], [ 13935.075691516360166, 17474.065351314839063 ], [ 13935.081937789660515, 17474.057325375059008 ], [ 13935.087336566968588, 17474.0487065095258 ], [ 13935.091832007845369, 17474.0395838645818 ], [ 13935.095377615209145, 17474.030051797235501 ], [ 13935.097936716261756, 17474.02020889922278 ], [ 13935.099482841802455, 17474.010156977252336 ], [ 13935.1, 17474.0 ], [ 13935.1, 17406.039757863567502 ], [ 13952.072701315255472, 17388.068662353296531 ], [ 13952.078862289949029, 17388.061487716040574 ], [ 13952.084317975297381, 17388.053763175517815 ], [ 13952.089019579454543, 17388.04555781462841 ], [ 13952.092925054548687, 17388.036945016407117 ], [ 13952.095999472732728, 17388.028001807710098 ], [ 13952.098215338553928, 17388.018808170367265 ], [ 13952.099552834855785, 17388.009446325861063 ], [ 13952.1, 17388.0 ], [ 13952.1, 17337.04142135623988 ], [ 13969.070710678119212, 17320.070710678119212 ], [ 13969.077301045335844, 17320.06343932841628 ], [ 13969.083146961229431, 17320.055557023300935 ], [ 13969.088192126435388, 17320.047139673682977 ], [ 13969.092387953251091, 17320.038268343236268 ], [ 13969.095694033572727, 17320.029028467724856 ], [ 13969.098078528040787, 17320.019509032201313 ], [ 13969.099518472667114, 17320.009801714033529 ], [ 13969.1, 17320.0 ], [ 13969.1, 17285.04142135623988 ], [ 13986.070710678119212, 17268.070710678119212 ], [ 13986.077301045335844, 17268.06343932841628 ], [ 13986.083146961229431, 17268.055557023300935 ], [ 13986.088192126435388, 17268.047139673682977 ], [ 13986.092387953251091, 17268.038268343236268 ], [ 13986.095694033572727, 17268.029028467724856 ], [ 13986.098078528040787, 17268.019509032201313 ], [ 13986.099518472667114, 17268.009801714033529 ], [ 13986.1, 17268.0 ], [ 13986.1, 17251.0 ], [ 13986.099518472667114, 17250.990198285966471 ], [ 13986.098078528040787, 17250.980490967798687 ], [ 13986.095694033572727, 17250.970971532275144 ], [ 13986.092387953251091, 17250.961731656763732 ], [ 13986.088192126435388, 17250.952860326317023 ], [ 13986.083146961229431, 17250.944442976699065 ], [ 13986.077301045335844, 17250.93656067158372 ], [ 13986.070710678119212, 17250.929289321880788 ], [ 13969.141421356238425, 17234.0 ], [ 13986.070710678119212, 17217.070710678119212 ], [ 13986.077301045335844, 17217.06343932841628 ], [ 13986.083146961229431, 17217.055557023300935 ], [ 13986.088192126435388, 17217.047139673682977 ], [ 13986.092387953251091, 17217.038268343236268 ], [ 13986.095694033572727, 17217.029028467724856 ], [ 13986.098078528040787, 17217.019509032201313 ], [ 13986.099518472667114, 17217.009801714033529 ], [ 13986.1, 17217.0 ], [ 13986.1, 17182.04142135623988 ], [ 14003.070710678119212, 17165.070710678119212 ], [ 14003.077301045335844, 17165.06343932841628 ], [ 14003.083146961229431, 17165.055557023300935 ], [ 14003.088192126435388, 17165.047139673682977 ], [ 14003.092387953251091, 17165.038268343236268 ], [ 14003.095694033572727, 17165.029028467724856 ], [ 14003.098078528040787, 17165.019509032201313 ], [ 14003.099518472667114, 17165.009801714033529 ], [ 14003.1, 17165.0 ], [ 14003.1, 17131.04142135623988 ], [ 14021.070710678119212, 17113.070710678119212 ], [ 14021.077301045335844, 17113.06343932841628 ], [ 14021.083146961229431, 17113.055557023300935 ], [ 14021.088192126435388, 17113.047139673682977 ], [ 14021.092387953251091, 17113.038268343236268 ], [ 14021.095694033572727, 17113.029028467724856 ], [ 14021.098078528040787, 17113.019509032201313 ], [ 14021.099518472667114, 17113.009801714033529 ], [ 14021.1, 17113.0 ], [ 14021.1, 17062.04142135623988 ], [ 14038.070710678119212, 17045.070710678119212 ], [ 14038.077301045335844, 17045.06343932841628 ], [ 14038.083146961229431, 17045.055557023300935 ], [ 14038.088192126435388, 17045.047139673682977 ], [ 14038.092387953251091, 17045.038268343236268 ], [ 14038.095694033572727, 17045.029028467724856 ], [ 14038.098078528040787, 17045.019509032201313 ], [ 14038.099518472667114, 17045.009801714033529 ], [ 14038.1, 17045.0 ], [ 14038.1, 17010.04142135623988 ], [ 14055.070710678119212, 16993.070710678119212 ], [ 14055.077301045335844, 16993.06343932841628 ], [ 14055.083146961229431, 16993.055557023300935 ], [ 14055.088192126435388, 16993.047139673682977 ], [ 14055.092387953251091, 16993.038268343236268 ], [ 14055.095694033572727, 16993.029028467724856 ], [ 14055.098078528040787, 16993.019509032201313 ], [ 14055.099518472667114, 16993.009801714033529 ], [ 14055.1, 16993.0 ], [ 14055.1, 16924.04142135623988 ], [ 14072.070710678119212, 16907.070710678119212 ], [ 14072.077301045335844, 16907.06343932841628 ], [ 14072.083146961229431, 16907.055557023300935 ], [ 14072.088192126435388, 16907.047139673682977 ], [ 14072.092387953251091, 16907.038268343236268 ], [ 14072.095694033572727, 16907.029028467724856 ], [ 14072.098078528040787, 16907.019509032201313 ], [ 14072.099518472667114, 16907.009801714033529 ], [ 14072.1, 16907.0 ], [ 14072.1, 16873.04142135623988 ], [ 14089.070710678119212, 16856.070710678119212 ], [ 14089.077301045335844, 16856.06343932841628 ], [ 14089.083146961229431, 16856.055557023300935 ], [ 14089.088192126435388, 16856.047139673682977 ], [ 14089.092387953251091, 16856.038268343236268 ], [ 14089.095694033572727, 16856.029028467724856 ], [ 14089.098078528040787, 16856.019509032201313 ], [ 14089.099518472667114, 16856.009801714033529 ], [ 14089.1, 16856.0 ], [ 14089.1, 16787.04142135623988 ], [ 14106.070710678119212, 16770.070710678119212 ], [ 14106.077301045335844, 16770.06343932841628 ], [ 14106.083146961229431, 16770.055557023300935 ], [ 14106.088192126435388, 16770.047139673682977 ], [ 14106.092387953251091, 16770.038268343236268 ], [ 14106.095694033572727, 16770.029028467724856 ], [ 14106.098078528040787, 16770.019509032201313 ], [ 14106.099518472667114, 16770.009801714033529 ], [ 14106.1, 16770.0 ], [ 14106.1, 16701.043104648921144 ], [ 14124.068662353296531, 16684.072701315253653 ], [ 14124.075691516360166, 16684.065351314839063 ], [ 14124.081937789660515, 16684.057325375059008 ], [ 14124.087336566968588, 16684.0487065095258 ], [ 14124.091832007845369, 16684.0395838645818 ], [ 14124.095377615209145, 16684.030051797235501 ], [ 14124.097936716261756, 16684.02020889922278 ], [ 14124.099482841802455, 16684.010156977252336 ], [ 14124.1, 16684.0 ], [ 14124.1, 16650.039757863567502 ], [ 14141.072701315255472, 16632.068662353296531 ], [ 14141.078862289949029, 16632.061487716040574 ], [ 14141.084317975297381, 16632.053763175517815 ], [ 14141.089019579454543, 16632.04555781462841 ], [ 14141.092925054548687, 16632.036945016407117 ], [ 14141.095999472732728, 16632.028001807710098 ], [ 14141.098215338553928, 16632.018808170367265 ], [ 14141.099552834855785, 16632.009446325861063 ], [ 14141.1, 16632.0 ], [ 14141.1, 16564.039757863567502 ], [ 14158.072701315255472, 16546.068662353296531 ], [ 14158.078862289949029, 16546.061487716040574 ], [ 14158.084317975297381, 16546.053763175517815 ], [ 14158.089019579454543, 16546.04555781462841 ], [ 14158.092925054548687, 16546.036945016407117 ], [ 14158.095999472732728, 16546.028001807710098 ], [ 14158.098215338553928, 16546.018808170367265 ], [ 14158.099552834855785, 16546.009446325861063 ], [ 14158.1, 16546.0 ], [ 14158.1, 16460.04142135623988 ], [ 14175.070710678119212, 16443.070710678119212 ], [ 14175.077301045335844, 16443.06343932841628 ], [ 14175.083146961229431, 16443.055557023300935 ], [ 14175.088192126435388, 16443.047139673682977 ], [ 14175.092387953251091, 16443.038268343236268 ], [ 14175.095694033572727, 16443.029028467724856 ], [ 14175.098078528040787, 16443.019509032201313 ], [ 14175.099518472667114, 16443.009801714033529 ], [ 14175.1, 16443.0 ], [ 14175.1, 16340.041421356238061 ], [ 14192.070710678119212, 16323.070710678119212 ], [ 14192.077301045335844, 16323.06343932841628 ], [ 14192.083146961229431, 16323.055557023302754 ], [ 14192.088192126435388, 16323.047139673682977 ], [ 14192.092387953251091, 16323.038268343236268 ], [ 14192.095694033572727, 16323.029028467724856 ], [ 14192.098078528040787, 16323.019509032201313 ], [ 14192.099518472667114, 16323.009801714033529 ], [ 14192.1, 16323.0 ], [ 14192.1, 16254.043104648924782 ], [ 14210.068662353296531, 16237.072701315255472 ], [ 14210.075691516360166, 16237.065351314839063 ], [ 14210.081937789658696, 16237.057325375059008 ], [ 14210.087336566966769, 16237.048706509527619 ], [ 14210.091832007845369, 16237.0395838645818 ], [ 14210.095377615209145, 16237.030051797233682 ], [ 14210.097936716261756, 16237.020208899220961 ], [ 14210.099482841802455, 16237.010156977250517 ], [ 14210.1, 16237.0 ], [ 14210.1, 16203.041421356238061 ], [ 14227.070710678119212, 16186.070710678119212 ], [ 14227.077301045335844, 16186.06343932841628 ], [ 14227.083146961229431, 16186.055557023302754 ], [ 14227.088192126435388, 16186.047139673682977 ], [ 14227.092387953251091, 16186.038268343236268 ], [ 14227.095694033572727, 16186.029028467724856 ], [ 14227.098078528040787, 16186.019509032201313 ], [ 14227.099518472667114, 16186.009801714033529 ], [ 14227.1, 16186.0 ], [ 14227.1, 16117.041421356238061 ], [ 14244.070710678119212, 16100.070710678119212 ], [ 14244.077187668512124, 16100.063577227288988 ], [ 14244.082948067691177, 16100.055853541214674 ], [ 14244.087938397537073, 16100.04761132468775 ], [ 14244.092112329064548, 16100.038927096402404 ], [ 14244.095431112522419, 16100.029881478589232 ], [ 14244.097863937149668, 16100.020558448522934 ], [ 14244.099388217202431, 16100.011044558907088 ], [ 14244.099989801641641, 16100.00142813434104 ], [ 14244.099663105507716, 16099.991798451328577 ], [ 14244.098411161765398, 16099.982244909464498 ], [ 14244.096245593153071, 16099.972856201467948 ], [ 14244.093186504269397, 16099.963719489778669 ], [ 14244.089262294943182, 16099.954919597368644 ], [ 14244.084509396559952, 16099.946538220259754 ], [ 14244.078971933853609, 16099.938653169083409 ], [ 14244.072701315255472, 16099.931337646703469 ], [ 14227.139429906763326, 16082.001991449475099 ], [ 14244.070710678119212, 16065.070710678119212 ], [ 14244.077301045335844, 16065.06343932841628 ], [ 14244.083146961229431, 16065.055557023302754 ], [ 14244.088192126435388, 16065.047139673682977 ], [ 14244.092387953251091, 16065.038268343236268 ], [ 14244.095694033572727, 16065.029028467724856 ], [ 14244.098078528040787, 16065.019509032201313 ], [ 14244.099518472667114, 16065.009801714033529 ], [ 14244.1, 16065.0 ], [ 14244.1, 16031.041421356238061 ], [ 14261.070710678119212, 16014.070710678119212 ], [ 14261.077301045335844, 16014.06343932841628 ], [ 14261.083146961229431, 16014.055557023302754 ], [ 14261.088192126435388, 16014.047139673682977 ], [ 14261.092387953251091, 16014.038268343236268 ], [ 14261.095694033572727, 16014.029028467724856 ], [ 14261.098078528040787, 16014.019509032201313 ], [ 14261.099518472667114, 16014.009801714033529 ], [ 14261.1, 16014.0 ], [ 14261.1, 15876.041421356238061 ], [ 14278.070710678119212, 15859.070710678119212 ], [ 14278.077301045335844, 15859.06343932841628 ], [ 14278.083146961229431, 15859.055557023302754 ], [ 14278.088192126435388, 15859.047139673682977 ], [ 14278.092387953251091, 15859.038268343236268 ], [ 14278.095694033572727, 15859.029028467724856 ], [ 14278.098078528040787, 15859.019509032201313 ], [ 14278.099518472667114, 15859.009801714033529 ], [ 14278.1, 15859.0 ], [ 14278.1, 15808.039757863567502 ], [ 14295.072701315255472, 15790.068662353296531 ], [ 14295.078862289949029, 15790.061487716040574 ], [ 14295.084317975297381, 15790.053763175515996 ], [ 14295.089019579454543, 15790.04555781462841 ], [ 14295.092925054548687, 15790.036945016405298 ], [ 14295.095999472732728, 15790.028001807711917 ], [ 14295.098215338553928, 15790.018808170367265 ], [ 14295.099552834855785, 15790.009446325861063 ], [ 14295.1, 15790.0 ], [ 14295.1, 15619.041421356238061 ], [ 14313.070710678119212, 15601.070710678119212 ], [ 14313.077301045335844, 15601.06343932841628 ], [ 14313.083146961229431, 15601.055557023302754 ], [ 14313.088192126435388, 15601.047139673682977 ], [ 14313.092387953251091, 15601.038268343236268 ], [ 14313.095694033572727, 15601.029028467724856 ], [ 14313.098078528040787, 15601.019509032201313 ], [ 14313.099518472667114, 15601.009801714033529 ], [ 14313.1, 15601.0 ], [ 14313.1, 15533.039757863567502 ], [ 14330.072701315255472, 15515.068662353296531 ], [ 14330.078862289949029, 15515.061487716040574 ], [ 14330.084317975297381, 15515.053763175515996 ], [ 14330.089019579454543, 15515.04555781462841 ], [ 14330.092925054548687, 15515.036945016405298 ], [ 14330.095999472732728, 15515.028001807711917 ], [ 14330.098215338553928, 15515.018808170367265 ], [ 14330.099552834855785, 15515.009446325861063 ], [ 14330.1, 15515.0 ], [ 14330.1, 15481.0 ], [ 14330.099518472667114, 15480.990198285966471 ], [ 14330.098078528040787, 15480.980490967798687 ], [ 14330.095694033572727, 15480.970971532275144 ], [ 14330.092387953251091, 15480.961731656763732 ], [ 14330.088192126435388, 15480.952860326317023 ], [ 14330.083146961229431, 15480.944442976697246 ], [ 14330.077301045335844, 15480.93656067158372 ], [ 14330.070710678119212, 15480.929289321880788 ], [ 14313.141421356238425, 15464.0 ], [ 14330.070710678119212, 15447.070710678119212 ], [ 14330.077301045335844, 15447.06343932841628 ], [ 14330.083146961229431, 15447.055557023302754 ], [ 14330.088192126435388, 15447.047139673682977 ], [ 14330.092387953251091, 15447.038268343236268 ], [ 14330.095694033572727, 15447.029028467724856 ], [ 14330.098078528040787, 15447.019509032201313 ], [ 14330.099518472667114, 15447.009801714033529 ], [ 14330.1, 15447.0 ], [ 14330.1, 15172.041421356238061 ], [ 14347.070710678119212, 15155.070710678119212 ], [ 14347.077301045335844, 15155.06343932841628 ], [ 14347.083146961229431, 15155.055557023302754 ], [ 14347.088192126435388, 15155.047139673682977 ], [ 14347.092387953251091, 15155.038268343236268 ], [ 14347.095694033572727, 15155.029028467724856 ], [ 14347.098078528040787, 15155.019509032201313 ], [ 14347.099518472667114, 15155.009801714033529 ], [ 14347.1, 15155.0 ], [ 14347.1, 15069.041421356238061 ], [ 14364.070710678119212, 15052.070710678119212 ], [ 14364.077301045335844, 15052.06343932841628 ], [ 14364.083146961229431, 15052.055557023302754 ], [ 14364.088192126435388, 15052.047139673682977 ], [ 14364.092387953251091, 15052.038268343236268 ], [ 14364.095694033572727, 15052.029028467724856 ], [ 14364.098078528040787, 15052.019509032201313 ], [ 14364.099518472667114, 15052.009801714033529 ], [ 14364.1, 15052.0 ], [ 14364.1, 15017.0 ], [ 14364.099518472667114, 15016.990198285966471 ], [ 14364.098078528040787, 15016.980490967798687 ], [ 14364.095694033572727, 15016.970971532275144 ], [ 14364.092387953251091, 15016.961731656763732 ], [ 14364.088192126435388, 15016.952860326317023 ], [ 14364.083146961229431, 15016.944442976697246 ], [ 14364.077301045335844, 15016.93656067158372 ], [ 14364.070710678119212, 15016.929289321880788 ], [ 14347.141421356238425, 15000.0 ], [ 14364.070710678119212, 14983.070710678119212 ], [ 14364.077301045335844, 14983.06343932841628 ], [ 14364.083146961229431, 14983.055557023302754 ], [ 14364.088192126435388, 14983.047139673682977 ], [ 14364.092387953251091, 14983.038268343236268 ], [ 14364.095694033572727, 14983.029028467724856 ], [ 14364.098078528040787, 14983.019509032201313 ], [ 14364.099518472667114, 14983.009801714033529 ], [ 14364.1, 14983.0 ], [ 14364.1, 14725.041421356238061 ], [ 14381.070710678119212, 14708.070710678119212 ], [ 14381.077301045335844, 14708.06343932841628 ], [ 14381.083146961229431, 14708.055557023302754 ], [ 14381.088192126435388, 14708.047139673682977 ], [ 14381.092387953251091, 14708.038268343236268 ], [ 14381.095694033572727, 14708.029028467724856 ], [ 14381.098078528040787, 14708.019509032201313 ], [ 14381.099518472667114, 14708.009801714033529 ], [ 14381.1, 14708.0 ], [ 14381.1, 14570.043104648924782 ], [ 14399.068662353296531, 14553.072701315255472 ], [ 14399.075691516360166, 14553.065351314839063 ], [ 14399.081937789658696, 14553.057325375059008 ], [ 14399.087336566966769, 14553.048706509527619 ], [ 14399.091832007845369, 14553.0395838645818 ], [ 14399.095377615209145, 14553.030051797233682 ], [ 14399.097936716261756, 14553.020208899220961 ], [ 14399.099482841802455, 14553.010156977250517 ], [ 14399.1, 14553.0 ], [ 14399.1, 14038.0 ], [ 14399.099482841802455, 14037.989843022749483 ], [ 14399.097936716261756, 14037.979791100779039 ], [ 14399.095377615209145, 14037.969948202766318 ], [ 14399.091832007845369, 14037.9604161354182 ], [ 14399.087336566966769, 14037.951293490472381 ], [ 14399.081937789658696, 14037.942674624940992 ], [ 14399.075691516360166, 14037.934648685160937 ], [ 14399.068662353296531, 14037.927298684744528 ], [ 14381.1, 14020.956895351075218 ], [ 14381.1, 13986.043104648924782 ], [ 14399.068662353296531, 13969.072701315255472 ], [ 14399.075691516360166, 13969.065351314839063 ], [ 14399.081937789658696, 13969.057325375059008 ], [ 14399.087336566966769, 13969.048706509527619 ], [ 14399.091832007845369, 13969.0395838645818 ], [ 14399.095377615209145, 13969.030051797233682 ], [ 14399.097936716261756, 13969.020208899220961 ], [ 14399.099482841802455, 13969.010156977250517 ], [ 14399.1, 13969.0 ], [ 14399.1, 13574.041421356238061 ], [ 14416.070710678119212, 13557.070710678119212 ], [ 14416.077301045335844, 13557.06343932841628 ], [ 14416.083146961229431, 13557.055557023302754 ], [ 14416.088192126435388, 13557.047139673682977 ], [ 14416.092387953251091, 13557.038268343236268 ], [ 14416.095694033572727, 13557.029028467724856 ], [ 14416.098078528040787, 13557.019509032201313 ], [ 14416.099518472667114, 13557.009801714033529 ], [ 14416.1, 13557.0 ], [ 14416.1, 13471.0 ], [ 14416.099518472667114, 13470.990198285966471 ], [ 14416.098078528040787, 13470.980490967798687 ], [ 14416.095694033572727, 13470.970971532275144 ], [ 14416.092387953251091, 13470.961731656763732 ], [ 14416.088192126435388, 13470.952860326317023 ], [ 14416.083146961229431, 13470.944442976697246 ], [ 14416.077301045335844, 13470.93656067158372 ], [ 14416.070710678119212, 13470.929289321880788 ], [ 14399.139429906763326, 13453.998008550524901 ], [ 14416.072701315255472, 13436.068662353296531 ], [ 14416.078862289949029, 13436.061487716040574 ], [ 14416.084317975297381, 13436.053763175515996 ], [ 14416.089019579454543, 13436.04555781462841 ], [ 14416.092925054548687, 13436.036945016405298 ], [ 14416.095999472732728, 13436.028001807711917 ], [ 14416.098215338553928, 13436.018808170367265 ], [ 14416.099552834855785, 13436.009446325861063 ], [ 14416.1, 13436.0 ], [ 14416.1, 13402.0 ], [ 14416.099518472667114, 13401.990198285966471 ], [ 14416.098078528040787, 13401.980490967798687 ], [ 14416.095694033572727, 13401.970971532275144 ], [ 14416.092387953251091, 13401.961731656763732 ], [ 14416.088192126435388, 13401.952860326317023 ], [ 14416.083146961229431, 13401.944442976697246 ], [ 14416.077301045335844, 13401.93656067158372 ], [ 14416.070710678119212, 13401.929289321880788 ], [ 14399.141421356238425, 13385.0 ], [ 14416.070710678119212, 13368.070710678119212 ], [ 14416.077187668512124, 13368.063577227288988 ], [ 14416.082948067691177, 13368.055853541214674 ], [ 14416.087938397537073, 13368.04761132468775 ], [ 14416.092112329064548, 13368.038927096402404 ], [ 14416.095431112522419, 13368.029881478589232 ], [ 14416.097863937149668, 13368.020558448522934 ], [ 14416.099388217202431, 13368.011044558907088 ], [ 14416.099989801641641, 13368.00142813434104 ], [ 14416.099663105507716, 13367.991798451328577 ], [ 14416.098411161765398, 13367.982244909464498 ], [ 14416.096245593153071, 13367.972856201467948 ], [ 14416.093186504269397, 13367.963719489778669 ], [ 14416.089262294943182, 13367.954919597368644 ], [ 14416.084509396559952, 13367.946538220259754 ], [ 14416.078971933853609, 13367.938653169083409 ], [ 14416.072701315255472, 13367.931337646703469 ], [ 14399.1, 13349.960242136432498 ], [ 14399.1, 12835.0 ], [ 14399.099482841802455, 12834.989843022749483 ], [ 14399.097936716261756, 12834.979791100779039 ], [ 14399.095377615209145, 12834.969948202766318 ], [ 14399.091832007845369, 12834.9604161354182 ], [ 14399.087336566966769, 12834.951293490472381 ], [ 14399.081937789658696, 12834.942674624940992 ], [ 14399.075691516360166, 12834.934648685160937 ], [ 14399.068662353296531, 12834.927298684744528 ], [ 14381.145640216507672, 12818.0 ], [ 14399.068662353296531, 12801.072701315255472 ], [ 14399.075691516360166, 12801.065351314839063 ], [ 14399.081937789658696, 12801.057325375059008 ], [ 14399.087336566966769, 12801.048706509527619 ], [ 14399.091832007845369, 12801.0395838645818 ], [ 14399.095377615209145, 12801.030051797233682 ], [ 14399.097936716261756, 12801.020208899220961 ], [ 14399.099482841802455, 12801.010156977250517 ], [ 14399.1, 12801.0 ], [ 14399.1, 12354.0 ], [ 14399.099482841802455, 12353.989843022749483 ], [ 14399.097936716261756, 12353.979791100779039 ], [ 14399.095377615209145, 12353.969948202766318 ], [ 14399.091832007845369, 12353.9604161354182 ], [ 14399.087336566966769, 12353.951293490472381 ], [ 14399.081937789658696, 12353.942674624940992 ], [ 14399.075691516360166, 12353.934648685160937 ], [ 14399.068662353296531, 12353.927298684744528 ], [ 14381.143470516941306, 12336.997950839297118 ], [ 14399.070710678119212, 12319.070710678119212 ], [ 14399.077414175799277, 12319.063301227359261 ], [ 14399.083344794798904, 12319.055259797140025 ], [ 14399.088443325690605, 12319.046666670556078 ], [ 14399.092658866349666, 12319.037607638674672 ], [ 14399.095949330154326, 12319.028173144004541 ], [ 14399.098281866148682, 12319.018457377562299 ], [ 14399.099633187030122, 12319.008557338493119 ], [ 14399.099989801641641, 12318.99857186565896 ], [ 14399.099348149651632, 12318.988600650865919 ], [ 14399.097714637113313, 12318.978743243575082 ], [ 14399.095105572499961, 12318.969098057026713 ], [ 14399.091547003887172, 12318.959761385718593 ], [ 14399.087074458901043, 12318.950826444024642 ], [ 14399.081732590017054, 12318.942382435585387 ], [ 14399.075574728767606, 12318.934513662710742 ], [ 14399.068662353296531, 12318.927298684744528 ], [ 14381.1, 12301.956895351075218 ], [ 14381.1, 12199.0 ], [ 14381.099518472667114, 12198.990198285966471 ], [ 14381.098078528040787, 12198.980490967798687 ], [ 14381.095694033572727, 12198.970971532275144 ], [ 14381.092387953251091, 12198.961731656763732 ], [ 14381.088192126435388, 12198.952860326317023 ], [ 14381.083146961229431, 12198.944442976697246 ], [ 14381.077301045335844, 12198.93656067158372 ], [ 14381.070710678119212, 12198.929289321880788 ], [ 14364.1, 12181.958578643761939 ], [ 14364.1, 12130.041421356238061 ], [ 14381.070710678119212, 12113.070710678119212 ], [ 14381.077301045335844, 12113.06343932841628 ], [ 14381.083146961229431, 12113.055557023302754 ], [ 14381.088192126435388, 12113.047139673682977 ], [ 14381.092387953251091, 12113.038268343236268 ], [ 14381.095694033572727, 12113.029028467724856 ], [ 14381.098078528040787, 12113.019509032201313 ], [ 14381.099518472667114, 12113.009801714033529 ], [ 14381.1, 12113.0 ], [ 14381.1, 12079.0 ], [ 14381.099518472667114, 12078.990198285966471 ], [ 14381.098078528040787, 12078.980490967798687 ], [ 14381.095694033572727, 12078.970971532275144 ], [ 14381.092387953251091, 12078.961731656763732 ], [ 14381.088192126435388, 12078.952860326317023 ], [ 14381.083146961229431, 12078.944442976697246 ], [ 14381.077301045335844, 12078.93656067158372 ], [ 14381.070710678119212, 12078.929289321880788 ], [ 14364.1, 12061.958578643761939 ], [ 14364.1, 12027.041421356238061 ], [ 14381.070710678119212, 12010.070710678119212 ], [ 14381.077301045335844, 12010.06343932841628 ], [ 14381.083146961229431, 12010.055557023302754 ], [ 14381.088192126435388, 12010.047139673682977 ], [ 14381.092387953251091, 12010.038268343236268 ], [ 14381.095694033572727, 12010.029028467724856 ], [ 14381.098078528040787, 12010.019509032201313 ], [ 14381.099518472667114, 12010.009801714033529 ], [ 14381.1, 12010.0 ], [ 14381.099518472667114, 12009.990198285966471 ], [ 14381.098078528040787, 12009.980490967798687 ], [ 14381.095694033572727, 12009.970971532275144 ], [ 14381.092387953251091, 12009.961731656763732 ], [ 14381.088192126435388, 12009.952860326317023 ], [ 14381.083146961229431, 12009.944442976697246 ], [ 14381.077301045335844, 12009.93656067158372 ], [ 14381.070710678119212, 12009.929289321880788 ], [ 14364.1, 11992.958578643761939 ], [ 14364.1, 11924.041421356238061 ], [ 14381.070710678119212, 11907.070710678119212 ], [ 14381.077301045335844, 11907.06343932841628 ], [ 14381.083146961229431, 11907.055557023302754 ], [ 14381.088192126435388, 11907.047139673682977 ], [ 14381.092387953251091, 11907.038268343236268 ], [ 14381.095694033572727, 11907.029028467724856 ], [ 14381.098078528040787, 11907.019509032201313 ], [ 14381.099518472667114, 11907.009801714033529 ], [ 14381.1, 11907.0 ], [ 14381.1, 11890.0 ], [ 14381.099518472667114, 11889.990198285966471 ], [ 14381.098078528040787, 11889.980490967798687 ], [ 14381.095694033572727, 11889.970971532275144 ], [ 14381.092387953251091, 11889.961731656763732 ], [ 14381.088192126435388, 11889.952860326317023 ], [ 14381.083146961229431, 11889.944442976697246 ], [ 14381.077301045335844, 11889.93656067158372 ], [ 14381.070710678119212, 11889.929289321880788 ], [ 14364.1, 11872.958578643761939 ], [ 14364.1, 11804.041421356238061 ], [ 14381.070710678119212, 11787.070710678119212 ], [ 14381.077301045335844, 11787.06343932841628 ], [ 14381.083146961229431, 11787.055557023302754 ], [ 14381.088192126435388, 11787.047139673682977 ], [ 14381.092387953251091, 11787.038268343236268 ], [ 14381.095694033572727, 11787.029028467724856 ], [ 14381.098078528040787, 11787.019509032201313 ], [ 14381.099518472667114, 11787.009801714033529 ], [ 14381.1, 11787.0 ], [ 14381.1, 11374.043104648924782 ], [ 14399.068662353296531, 11357.072701315255472 ], [ 14399.075691516360166, 11357.065351314839063 ], [ 14399.081937789658696, 11357.057325375059008 ], [ 14399.087336566966769, 11357.048706509527619 ], [ 14399.091832007845369, 11357.0395838645818 ], [ 14399.095377615209145, 11357.030051797233682 ], [ 14399.097936716261756, 11357.020208899220961 ], [ 14399.099482841802455, 11357.010156977250517 ], [ 14399.1, 11357.0 ], [ 14399.1, 11323.0 ], [ 14399.099482841802455, 11322.989843022749483 ], [ 14399.097936716261756, 11322.979791100779039 ], [ 14399.095377615209145, 11322.969948202766318 ], [ 14399.091832007845369, 11322.9604161354182 ], [ 14399.087336566966769, 11322.951293490472381 ], [ 14399.081937789658696, 11322.942674624940992 ], [ 14399.075691516360166, 11322.934648685160937 ], [ 14399.068662353296531, 11322.927298684744528 ], [ 14381.1, 11305.956895351075218 ], [ 14381.1, 10979.0 ], [ 14381.099518472667114, 10978.990198285966471 ], [ 14381.098078528040787, 10978.980490967798687 ], [ 14381.095694033572727, 10978.970971532275144 ], [ 14381.092387953251091, 10978.961731656763732 ], [ 14381.088192126435388, 10978.952860326317023 ], [ 14381.083146961229431, 10978.944442976697246 ], [ 14381.077301045335844, 10978.93656067158372 ], [ 14381.070710678119212, 10978.929289321880788 ], [ 14364.1, 10961.958578643761939 ], [ 14364.1, 10928.0 ], [ 14364.099552834855785, 10927.990553674138937 ], [ 14364.098215338553928, 10927.981191829632735 ], [ 14364.095999472732728, 10927.971998192288083 ], [ 14364.092925054548687, 10927.963054983594702 ], [ 14364.089019579454543, 10927.95444218537159 ], [ 14364.084317975297381, 10927.946236824484004 ], [ 14364.078862289949029, 10927.938512283959426 ], [ 14364.072701315255472, 10927.931337646703469 ], [ 14347.1, 10909.960242136432498 ], [ 14347.1, 10893.041421356238061 ], [ 14364.070710678119212, 10876.070710678119212 ], [ 14364.077301045335844, 10876.06343932841628 ], [ 14364.083146961229431, 10876.055557023302754 ], [ 14364.088192126435388, 10876.047139673682977 ], [ 14364.092387953251091, 10876.038268343236268 ], [ 14364.095694033572727, 10876.029028467724856 ], [ 14364.098078528040787, 10876.019509032201313 ], [ 14364.099518472667114, 10876.009801714033529 ], [ 14364.1, 10876.0 ], [ 14364.1, 10807.0 ], [ 14364.099518472667114, 10806.990198285966471 ], [ 14364.098078528040787, 10806.980490967798687 ], [ 14364.095694033572727, 10806.970971532275144 ], [ 14364.092387953251091, 10806.961731656763732 ], [ 14364.088192126435388, 10806.952860326317023 ], [ 14364.083146961229431, 10806.944442976697246 ], [ 14364.077301045335844, 10806.93656067158372 ], [ 14364.070710678119212, 10806.929289321880788 ], [ 14347.141421356238425, 10790.0 ], [ 14364.070710678119212, 10773.070710678119212 ], [ 14364.077301045335844, 10773.06343932841628 ], [ 14364.083146961229431, 10773.055557023302754 ], [ 14364.088192126435388, 10773.047139673682977 ], [ 14364.092387953251091, 10773.038268343236268 ], [ 14364.095694033572727, 10773.029028467724856 ], [ 14364.098078528040787, 10773.019509032201313 ], [ 14364.099518472667114, 10773.009801714033529 ], [ 14364.1, 10773.0 ], [ 14364.1, 10343.041421356238061 ], [ 14381.070710678119212, 10326.070710678119212 ], [ 14381.077301045335844, 10326.06343932841628 ], [ 14381.083146961229431, 10326.055557023302754 ], [ 14381.088192126435388, 10326.047139673682977 ], [ 14381.092387953251091, 10326.038268343236268 ], [ 14381.095694033572727, 10326.029028467724856 ], [ 14381.098078528040787, 10326.019509032201313 ], [ 14381.099518472667114, 10326.009801714033529 ], [ 14381.1, 10326.0 ], [ 14381.099518472667114, 10325.990198285966471 ], [ 14381.098078528040787, 10325.980490967798687 ], [ 14381.095694033572727, 10325.970971532275144 ], [ 14381.092387953251091, 10325.961731656763732 ], [ 14381.088192126435388, 10325.952860326317023 ], [ 14381.083146961229431, 10325.944442976697246 ], [ 14381.077301045335844, 10325.93656067158372 ], [ 14381.070710678119212, 10325.929289321880788 ], [ 14364.1, 10308.958578643761939 ], [ 14364.1, 10240.041421356238061 ], [ 14381.070710678119212, 10223.070710678119212 ], [ 14381.077301045335844, 10223.06343932841628 ], [ 14381.083146961229431, 10223.055557023302754 ], [ 14381.088192126435388, 10223.047139673682977 ], [ 14381.092387953251091, 10223.038268343236268 ], [ 14381.095694033572727, 10223.029028467724856 ], [ 14381.098078528040787, 10223.019509032201313 ], [ 14381.099518472667114, 10223.009801714033529 ], [ 14381.1, 10223.0 ], [ 14381.1, 10206.0 ], [ 14381.099518472667114, 10205.990198285966471 ], [ 14381.098078528040787, 10205.980490967798687 ], [ 14381.095694033572727, 10205.970971532275144 ], [ 14381.092387953251091, 10205.961731656763732 ], [ 14381.088192126435388, 10205.952860326317023 ], [ 14381.083146961229431, 10205.944442976697246 ], [ 14381.077301045335844, 10205.93656067158372 ], [ 14381.070710678119212, 10205.929289321880788 ], [ 14364.1, 10188.958578643761939 ], [ 14364.1, 10034.0 ], [ 14364.099518472667114, 10033.990198285966471 ], [ 14364.098078528040787, 10033.980490967798687 ], [ 14364.095694033572727, 10033.970971532275144 ], [ 14364.092387953251091, 10033.961731656763732 ], [ 14364.088192126435388, 10033.952860326317023 ], [ 14364.083146961229431, 10033.944442976697246 ], [ 14364.077301045335844, 10033.93656067158372 ], [ 14364.070710678119212, 10033.929289321880788 ], [ 14347.1, 10016.958578643761939 ], [ 14347.1, 9742.0 ], [ 14347.099518472667114, 9741.990198285966471 ], [ 14347.098078528040787, 9741.980490967798687 ], [ 14347.095694033572727, 9741.970971532275144 ], [ 14347.092387953251091, 9741.961731656763732 ], [ 14347.088192126435388, 9741.952860326317023 ], [ 14347.083146961229431, 9741.944442976697246 ], [ 14347.077301045335844, 9741.93656067158372 ], [ 14347.070710678119212, 9741.929289321880788 ], [ 14330.1, 9724.958578643761939 ], [ 14330.1, 9450.0 ], [ 14330.099518472667114, 9449.990198285966471 ], [ 14330.098078528040787, 9449.980490967798687 ], [ 14330.095694033572727, 9449.970971532275144 ], [ 14330.092387953251091, 9449.961731656763732 ], [ 14330.088192126435388, 9449.952860326317023 ], [ 14330.083146961229431, 9449.944442976697246 ], [ 14330.077301045335844, 9449.93656067158372 ], [ 14330.070710678119212, 9449.929289321880788 ], [ 14313.1, 9432.958578643761939 ], [ 14313.1, 9364.041421356238061 ], [ 14330.070710678119212, 9347.070710678119212 ], [ 14330.077301045335844, 9347.06343932841628 ], [ 14330.083146961229431, 9347.055557023302754 ], [ 14330.088192126435388, 9347.047139673682977 ], [ 14330.092387953251091, 9347.038268343236268 ], [ 14330.095694033572727, 9347.029028467724856 ], [ 14330.098078528040787, 9347.019509032201313 ], [ 14330.099518472667114, 9347.009801714033529 ], [ 14330.1, 9347.0 ], [ 14330.1, 9330.0 ], [ 14330.099518472667114, 9329.990198285966471 ], [ 14330.098078528040787, 9329.980490967798687 ], [ 14330.095694033572727, 9329.970971532275144 ], [ 14330.092387953251091, 9329.961731656763732 ], [ 14330.088192126435388, 9329.952860326317023 ], [ 14330.083146961229431, 9329.944442976697246 ], [ 14330.077301045335844, 9329.93656067158372 ], [ 14330.070710678119212, 9329.929289321880788 ], [ 14313.1, 9312.958578643761939 ], [ 14313.1, 9072.0 ], [ 14313.099482841802455, 9071.989843022749483 ], [ 14313.097936716261756, 9071.979791100779039 ], [ 14313.095377615209145, 9071.969948202766318 ], [ 14313.091832007845369, 9071.9604161354182 ], [ 14313.087336566966769, 9071.951293490472381 ], [ 14313.081937789658696, 9071.942674624940992 ], [ 14313.075691516360166, 9071.934648685160937 ], [ 14313.068662353296531, 9071.927298684744528 ], [ 14295.145640216507672, 9055.0 ], [ 14313.068662353296531, 9038.072701315255472 ], [ 14313.075691516360166, 9038.065351314839063 ], [ 14313.081937789658696, 9038.057325375059008 ], [ 14313.087336566966769, 9038.048706509527619 ], [ 14313.091832007845369, 9038.0395838645818 ], [ 14313.095377615209145, 9038.030051797233682 ], [ 14313.097936716261756, 9038.020208899220961 ], [ 14313.099482841802455, 9038.010156977250517 ], [ 14313.1, 9038.0 ], [ 14313.1, 9003.0 ], [ 14313.099482841802455, 9002.989843022749483 ], [ 14313.097936716261756, 9002.979791100779039 ], [ 14313.095377615209145, 9002.969948202766318 ], [ 14313.091832007845369, 9002.9604161354182 ], [ 14313.087336566966769, 9002.951293490472381 ], [ 14313.081937789658696, 9002.942674624940992 ], [ 14313.075691516360166, 9002.934648685160937 ], [ 14313.068662353296531, 9002.927298684744528 ], [ 14295.1, 8985.956895351075218 ], [ 14295.1, 8883.043104648924782 ], [ 14313.068662353296531, 8866.072701315255472 ], [ 14313.075299034555428, 8866.06580315642168 ], [ 14313.081245749754089, 8866.058302042389187 ], [ 14313.086448009065862, 8866.050266705964532 ], [ 14313.090858144116282, 8866.041770775042096 ], [ 14313.09443574478064, 8866.032892097950025 ], [ 14313.097148029455639, 8866.023712030128081 ], [ 14313.098970145441854, 8866.014314688654849 ], [ 14313.099885396663012, 8866.004786181500094 ], [ 14313.099885396663012, 8865.995213818499906 ], [ 14313.098970145441854, 8865.985685311345151 ], [ 14313.097148029455639, 8865.976287969871919 ], [ 14313.09443574478064, 8865.967107902049975 ], [ 14313.090858144116282, 8865.958229224957904 ], [ 14313.086448009065862, 8865.949733294035468 ], [ 14313.081245749754089, 8865.941697957610813 ], [ 14313.075299034555428, 8865.93419684357832 ], [ 14313.068662353296531, 8865.927298684744528 ], [ 14295.1, 8848.956895351075218 ], [ 14295.1, 8831.043104648924782 ], [ 14313.068662353296531, 8814.072701315255472 ], [ 14313.075691516360166, 8814.065351314839063 ], [ 14313.081937789658696, 8814.057325375059008 ], [ 14313.087336566966769, 8814.048706509527619 ], [ 14313.091832007845369, 8814.0395838645818 ], [ 14313.095377615209145, 8814.030051797233682 ], [ 14313.097936716261756, 8814.020208899220961 ], [ 14313.099482841802455, 8814.010156977250517 ], [ 14313.1, 8814.0 ], [ 14313.1, 8728.0 ], [ 14313.099482841802455, 8727.989843022749483 ], [ 14313.097936716261756, 8727.979791100779039 ], [ 14313.095377615209145, 8727.969948202766318 ], [ 14313.091832007845369, 8727.9604161354182 ], [ 14313.087336566966769, 8727.951293490472381 ], [ 14313.081937789658696, 8727.942674624940992 ], [ 14313.075691516360166, 8727.934648685160937 ], [ 14313.068662353296531, 8727.927298684744528 ], [ 14295.1, 8710.956895351075218 ], [ 14295.1, 8247.0 ], [ 14295.099518472667114, 8246.990198285966471 ], [ 14295.098078528040787, 8246.980490967798687 ], [ 14295.095694033572727, 8246.970971532275144 ], [ 14295.092387953251091, 8246.961731656763732 ], [ 14295.088192126435388, 8246.952860326317023 ], [ 14295.083146961229431, 8246.944442976697246 ], [ 14295.077301045335844, 8246.93656067158372 ], [ 14295.070710678119212, 8246.929289321880788 ], [ 14278.1, 8229.958578643761939 ], [ 14278.1, 7440.039757863566592 ], [ 14295.072701315255472, 7422.068662353296531 ], [ 14295.078862289949029, 7422.061487716040574 ], [ 14295.084317975297381, 7422.053763175515996 ], [ 14295.089019579454543, 7422.045557814629319 ], [ 14295.092925054548687, 7422.036945016406207 ], [ 14295.095999472732728, 7422.028001807711007 ], [ 14295.098215338553928, 7422.018808170368175 ], [ 14295.099552834855785, 7422.009446325861063 ], [ 14295.1, 7422.0 ], [ 14295.1, 7027.0 ], [ 14295.099518472667114, 7026.990198285967381 ], [ 14295.098078528040787, 7026.980490967798687 ], [ 14295.095694033572727, 7026.970971532275144 ], [ 14295.092387953251091, 7026.961731656763732 ], [ 14295.088192126435388, 7026.952860326317932 ], [ 14295.08314696123125, 7026.944442976698156 ], [ 14295.077301045335844, 7026.93656067158372 ], [ 14295.070710678119212, 7026.929289321881697 ], [ 14278.1, 7009.958578643762849 ], [ 14278.1, 6855.0 ], [ 14278.099518472667114, 6854.990198285967381 ], [ 14278.098078528040787, 6854.980490967798687 ], [ 14278.095694033572727, 6854.970971532275144 ], [ 14278.092387953251091, 6854.961731656763732 ], [ 14278.088192126435388, 6854.952860326317932 ], [ 14278.08314696123125, 6854.944442976698156 ], [ 14278.077301045335844, 6854.93656067158372 ], [ 14278.070710678119212, 6854.929289321881697 ], [ 14261.1, 6837.958578643762849 ], [ 14261.1, 6718.0 ], [ 14261.099518472667114, 6717.990198285967381 ], [ 14261.098078528040787, 6717.980490967798687 ], [ 14261.095694033572727, 6717.970971532275144 ], [ 14261.092387953251091, 6717.961731656763732 ], [ 14261.088192126435388, 6717.952860326317932 ], [ 14261.08314696123125, 6717.944442976698156 ], [ 14261.077301045335844, 6717.93656067158372 ], [ 14261.070710678119212, 6717.929289321881697 ], [ 14244.141421356238425, 6701.0 ], [ 14261.070710678119212, 6684.070710678118303 ], [ 14261.077187668512124, 6684.063577227288988 ], [ 14261.082948067691177, 6684.055853541214674 ], [ 14261.087938397538892, 6684.047611324686841 ], [ 14261.092112329064548, 6684.038927096402404 ], [ 14261.095431112522419, 6684.029881478588322 ], [ 14261.097863937149668, 6684.020558448522024 ], [ 14261.099388217202431, 6684.011044558907088 ], [ 14261.099989801641641, 6684.00142813434104 ], [ 14261.099663105507716, 6683.991798451328577 ], [ 14261.098411161765398, 6683.982244909464498 ], [ 14261.096245593153071, 6683.972856201467039 ], [ 14261.093186504269397, 6683.963719489778669 ], [ 14261.089262294943182, 6683.954919597367734 ], [ 14261.084509396559952, 6683.946538220258844 ], [ 14261.078971933853609, 6683.938653169083409 ], [ 14261.072701315255472, 6683.931337646703469 ], [ 14244.1, 6665.960242136433408 ], [ 14244.1, 6615.0 ], [ 14244.099518472667114, 6614.990198285967381 ], [ 14244.098078528040787, 6614.980490967798687 ], [ 14244.095694033572727, 6614.970971532275144 ], [ 14244.092387953251091, 6614.961731656763732 ], [ 14244.088192126435388, 6614.952860326317932 ], [ 14244.08314696123125, 6614.944442976698156 ], [ 14244.077301045335844, 6614.93656067158372 ], [ 14244.070710678119212, 6614.929289321881697 ], [ 14227.1, 6597.958578643762849 ], [ 14227.1, 6529.0 ], [ 14227.099518472667114, 6528.990198285967381 ], [ 14227.098078528040787, 6528.980490967798687 ], [ 14227.095694033572727, 6528.970971532275144 ], [ 14227.092387953251091, 6528.961731656763732 ], [ 14227.088192126435388, 6528.952860326317932 ], [ 14227.08314696123125, 6528.944442976698156 ], [ 14227.077301045335844, 6528.93656067158372 ], [ 14227.070710678119212, 6528.929289321881697 ], [ 14210.1, 6511.958578643762849 ], [ 14210.1, 6460.0 ], [ 14210.099482841802455, 6459.989843022748573 ], [ 14210.097936716261756, 6459.979791100778129 ], [ 14210.095377615209145, 6459.969948202765408 ], [ 14210.091832007845369, 6459.960416135419109 ], [ 14210.087336566968588, 6459.95129349047329 ], [ 14210.081937789660515, 6459.942674624940992 ], [ 14210.075691516360166, 6459.934648685160937 ], [ 14210.068662353296531, 6459.927298684745438 ], [ 14192.1, 6442.956895351077037 ], [ 14192.1, 6391.0 ], [ 14192.099518472667114, 6390.990198285967381 ], [ 14192.098078528040787, 6390.980490967798687 ], [ 14192.095694033572727, 6390.970971532275144 ], [ 14192.092387953251091, 6390.961731656763732 ], [ 14192.088192126435388, 6390.952860326317932 ], [ 14192.08314696123125, 6390.944442976698156 ], [ 14192.077301045335844, 6390.93656067158372 ], [ 14192.070710678119212, 6390.929289321881697 ], [ 14175.1, 6373.958578643762849 ], [ 14175.1, 6288.0 ], [ 14175.099518472667114, 6287.990198285967381 ], [ 14175.098078528040787, 6287.980490967798687 ], [ 14175.095694033572727, 6287.970971532275144 ], [ 14175.092387953251091, 6287.961731656763732 ], [ 14175.088192126435388, 6287.952860326317932 ], [ 14175.08314696123125, 6287.944442976698156 ], [ 14175.077301045335844, 6287.93656067158372 ], [ 14175.070710678119212, 6287.929289321881697 ], [ 14158.1, 6270.958578643762849 ], [ 14158.1, 6220.0 ], [ 14158.099552834855785, 6219.990553674138937 ], [ 14158.098215338553928, 6219.981191829631825 ], [ 14158.095999472732728, 6219.971998192288993 ], [ 14158.092925054548687, 6219.963054983593793 ], [ 14158.089019579454543, 6219.954442185370681 ], [ 14158.084317975297381, 6219.946236824484004 ], [ 14158.078862289949029, 6219.938512283959426 ], [ 14158.072701315255472, 6219.931337646703469 ], [ 14141.1, 6201.960242136433408 ], [ 14141.1, 6134.0 ], [ 14141.099518472667114, 6133.990198285967381 ], [ 14141.098078528040787, 6133.980490967798687 ], [ 14141.095694033572727, 6133.970971532275144 ], [ 14141.092387953251091, 6133.961731656763732 ], [ 14141.088192126435388, 6133.952860326317932 ], [ 14141.08314696123125, 6133.944442976698156 ], [ 14141.077301045335844, 6133.93656067158372 ], [ 14141.070710678119212, 6133.929289321881697 ], [ 14124.1, 6116.958578643762849 ], [ 14124.1, 6048.041421356237151 ], [ 14141.070710678119212, 6031.070710678118303 ], [ 14141.077301045335844, 6031.06343932841628 ], [ 14141.08314696123125, 6031.055557023301844 ], [ 14141.088192126435388, 6031.047139673682068 ], [ 14141.092387953251091, 6031.038268343236268 ], [ 14141.095694033572727, 6031.029028467724856 ], [ 14141.098078528040787, 6031.019509032201313 ], [ 14141.099518472667114, 6031.009801714032619 ], [ 14141.1, 6031.0 ], [ 14141.1, 5979.041421356237151 ], [ 14158.070710678119212, 5962.070710678118303 ], [ 14158.077301045335844, 5962.06343932841628 ], [ 14158.08314696123125, 5962.055557023301844 ], [ 14158.088192126435388, 5962.047139673682068 ], [ 14158.092387953251091, 5962.038268343236268 ], [ 14158.095694033572727, 5962.029028467724856 ], [ 14158.098078528040787, 5962.019509032201313 ], [ 14158.099518472667114, 5962.009801714032619 ], [ 14158.1, 5962.0 ], [ 14158.1, 5928.039757863566592 ], [ 14175.072701315255472, 5910.068662353296531 ], [ 14175.078862289949029, 5910.061487716040574 ], [ 14175.084317975297381, 5910.053763175515996 ], [ 14175.089019579454543, 5910.045557814629319 ], [ 14175.092925054548687, 5910.036945016406207 ], [ 14175.095999472732728, 5910.028001807711007 ], [ 14175.098215338553928, 5910.018808170368175 ], [ 14175.099552834855785, 5910.009446325861063 ], [ 14175.1, 5910.0 ], [ 14175.1, 5859.041421356237151 ], [ 14192.070710678119212, 5842.070710678118303 ], [ 14192.077301045335844, 5842.06343932841628 ], [ 14192.08314696123125, 5842.055557023301844 ], [ 14192.088192126435388, 5842.047139673682068 ], [ 14192.092387953251091, 5842.038268343236268 ], [ 14192.095694033572727, 5842.029028467724856 ], [ 14192.098078528040787, 5842.019509032201313 ], [ 14192.099518472667114, 5842.009801714032619 ], [ 14192.1, 5842.0 ], [ 14192.1, 5824.043104648922963 ], [ 14210.068662353296531, 5807.072701315254562 ], [ 14210.075691516360166, 5807.065351314839063 ], [ 14210.081937789660515, 5807.057325375059008 ], [ 14210.087336566968588, 5807.04870650952671 ], [ 14210.091832007845369, 5807.039583864580891 ], [ 14210.095377615209145, 5807.030051797234592 ], [ 14210.097936716261756, 5807.020208899221871 ], [ 14210.099482841802455, 5807.010156977251427 ], [ 14210.1, 5807.0 ], [ 14210.1, 5739.039757863566592 ], [ 14227.072701315255472, 5721.068662353296531 ], [ 14227.078862289949029, 5721.061487716040574 ], [ 14227.084317975297381, 5721.053763175515996 ], [ 14227.089019579454543, 5721.045557814629319 ], [ 14227.092925054548687, 5721.036945016406207 ], [ 14227.095999472732728, 5721.028001807711007 ], [ 14227.098215338553928, 5721.018808170368175 ], [ 14227.099552834855785, 5721.009446325861063 ], [ 14227.1, 5721.0 ], [ 14227.1, 5635.041421356237151 ], [ 14244.070710678119212, 5618.070710678118303 ], [ 14244.077301045335844, 5618.06343932841628 ], [ 14244.08314696123125, 5618.055557023301844 ], [ 14244.088192126435388, 5618.047139673682068 ], [ 14244.092387953251091, 5618.038268343236268 ], [ 14244.095694033572727, 5618.029028467724856 ], [ 14244.098078528040787, 5618.019509032201313 ], [ 14244.099518472667114, 5618.009801714032619 ], [ 14244.1, 5618.0 ], [ 14244.1, 5550.039757863566592 ], [ 14261.072701315255472, 5532.068662353296531 ], [ 14261.078971933853609, 5532.061346830916591 ], [ 14261.084509396559952, 5532.053461779741156 ], [ 14261.089262294943182, 5532.045080402632266 ], [ 14261.093186504269397, 5532.036280510221331 ], [ 14261.096245593153071, 5532.027143798532961 ], [ 14261.098411161765398, 5532.017755090535502 ], [ 14261.099663105507716, 5532.008201548671423 ], [ 14261.099989801641641, 5531.99857186565896 ], [ 14261.099388217202431, 5531.988955441092912 ], [ 14261.097863937149668, 5531.979441551477976 ], [ 14261.095431112522419, 5531.970118521411678 ], [ 14261.092112329064548, 5531.961072903597596 ], [ 14261.087938397538892, 5531.952388675313159 ], [ 14261.082948067691177, 5531.944146458785326 ], [ 14261.077187668512124, 5531.936422772711012 ], [ 14261.070710678119212, 5531.929289321881697 ], [ 14244.1, 5514.958578643762849 ], [ 14244.1, 5481.041421356237151 ], [ 14261.070710678119212, 5464.070710678118303 ], [ 14261.077301045335844, 5464.06343932841628 ], [ 14261.08314696123125, 5464.055557023301844 ], [ 14261.088192126435388, 5464.047139673682068 ], [ 14261.092387953251091, 5464.038268343236268 ], [ 14261.095694033572727, 5464.029028467724856 ], [ 14261.098078528040787, 5464.019509032201313 ], [ 14261.099518472667114, 5464.009801714032619 ], [ 14261.1, 5464.0 ], [ 14261.1, 5206.041421356237151 ], [ 14278.070710678119212, 5189.070710678118303 ], [ 14278.077301045335844, 5189.06343932841628 ], [ 14278.08314696123125, 5189.055557023301844 ], [ 14278.088192126435388, 5189.047139673682068 ], [ 14278.092387953251091, 5189.038268343236268 ], [ 14278.095694033572727, 5189.029028467724856 ], [ 14278.098078528040787, 5189.019509032201313 ], [ 14278.099518472667114, 5189.009801714032619 ], [ 14278.1, 5189.0 ], [ 14278.1, 4845.041421356237151 ], [ 14295.070710678119212, 4828.070710678118303 ], [ 14295.077301045335844, 4828.06343932841628 ], [ 14295.08314696123125, 4828.055557023301844 ], [ 14295.088192126435388, 4828.047139673682068 ], [ 14295.092387953251091, 4828.038268343236268 ], [ 14295.095694033572727, 4828.029028467724856 ], [ 14295.098078528040787, 4828.019509032201313 ], [ 14295.099518472667114, 4828.009801714032619 ], [ 14295.1, 4828.0 ], [ 14295.1, 4776.043104648922963 ], [ 14313.068662353296531, 4759.072701315254562 ], [ 14313.075691516360166, 4759.065351314839063 ], [ 14313.081937789660515, 4759.057325375059008 ], [ 14313.087336566968588, 4759.04870650952671 ], [ 14313.091832007845369, 4759.039583864580891 ], [ 14313.095377615209145, 4759.030051797234592 ], [ 14313.097936716261756, 4759.020208899221871 ], [ 14313.099482841802455, 4759.010156977251427 ], [ 14313.1, 4759.0 ], [ 14313.1, 4742.0 ], [ 14313.099482841802455, 4741.989843022748573 ], [ 14313.097936716261756, 4741.979791100778129 ], [ 14313.095377615209145, 4741.969948202765408 ], [ 14313.091832007845369, 4741.960416135419109 ], [ 14313.087336566968588, 4741.95129349047329 ], [ 14313.081937789660515, 4741.942674624940992 ], [ 14313.075691516360166, 4741.934648685160937 ], [ 14313.068662353296531, 4741.927298684745438 ], [ 14295.1, 4724.956895351077037 ], [ 14295.1, 4690.0 ], [ 14295.099518472667114, 4689.990198285967381 ], [ 14295.098078528040787, 4689.980490967798687 ], [ 14295.095694033572727, 4689.970971532275144 ], [ 14295.092387953251091, 4689.961731656763732 ], [ 14295.088192126435388, 4689.952860326317932 ], [ 14295.08314696123125, 4689.944442976698156 ], [ 14295.077301045335844, 4689.93656067158372 ], [ 14295.070710678119212, 4689.929289321881697 ], [ 14278.1, 4672.958578643762849 ], [ 14278.1, 3866.039757863566592 ], [ 14295.072701315255472, 3848.068662353296531 ], [ 14295.078971933853609, 3848.061346830917046 ], [ 14295.084509396559952, 3848.053461779741156 ], [ 14295.089262294943182, 3848.045080402632266 ], [ 14295.093186504269397, 3848.036280510221786 ], [ 14295.096245593153071, 3848.027143798532506 ], [ 14295.098411161765398, 3848.017755090535047 ], [ 14295.099663105507716, 3848.008201548670968 ], [ 14295.099989801641641, 3847.99857186565896 ], [ 14295.099388217202431, 3847.988955441092457 ], [ 14295.097863937149668, 3847.979441551477521 ], [ 14295.095431112522419, 3847.970118521411223 ], [ 14295.092112329064548, 3847.961072903597596 ], [ 14295.087938397538892, 3847.952388675313159 ], [ 14295.082948067691177, 3847.944146458784871 ], [ 14295.077187668512124, 3847.936422772711012 ], [ 14295.070710678119212, 3847.929289321881242 ], [ 14278.1, 3830.958578643762394 ], [ 14278.1, 3814.041421356237606 ], [ 14295.070710678119212, 3797.070710678118758 ], [ 14295.077301045335844, 3797.06343932841628 ], [ 14295.08314696123125, 3797.055557023301844 ], [ 14295.088192126435388, 3797.047139673682523 ], [ 14295.092387953251091, 3797.038268343236268 ], [ 14295.095694033572727, 3797.029028467725311 ], [ 14295.098078528040787, 3797.019509032201313 ], [ 14295.099518472667114, 3797.009801714033074 ], [ 14295.1, 3797.0 ], [ 14295.1, 3436.0 ], [ 14295.099518472667114, 3435.990198285966926 ], [ 14295.098078528040787, 3435.980490967798687 ], [ 14295.095694033572727, 3435.970971532274689 ], [ 14295.092387953251091, 3435.961731656763732 ], [ 14295.088192126435388, 3435.952860326317477 ], [ 14295.08314696123125, 3435.944442976698156 ], [ 14295.077301045335844, 3435.93656067158372 ], [ 14295.070710678119212, 3435.929289321881242 ], [ 14278.1, 3418.958578643762394 ], [ 14278.1, 3402.039757863566592 ], [ 14295.072701315255472, 3384.068662353296531 ], [ 14295.078862289949029, 3384.061487716040574 ], [ 14295.084317975297381, 3384.053763175516451 ], [ 14295.089019579454543, 3384.045557814628864 ], [ 14295.092925054548687, 3384.036945016406207 ], [ 14295.095999472732728, 3384.028001807711007 ], [ 14295.098215338553928, 3384.018808170368175 ], [ 14295.099552834855785, 3384.009446325860608 ], [ 14295.1, 3384.0 ], [ 14295.1, 2852.0 ], [ 14295.099518472667114, 2851.990198285966926 ], [ 14295.098078528040787, 2851.980490967798687 ], [ 14295.095694033572727, 2851.970971532274689 ], [ 14295.092387953251091, 2851.961731656763732 ], [ 14295.088192126435388, 2851.952860326317477 ], [ 14295.08314696123125, 2851.944442976698156 ], [ 14295.077301045335844, 2851.93656067158372 ], [ 14295.070710678119212, 2851.929289321881242 ], [ 14278.1, 2834.958578643762394 ], [ 14278.1, 2646.0 ], [ 14278.099552834855785, 2645.990553674139392 ], [ 14278.098215338553928, 2645.981191829631825 ], [ 14278.095999472732728, 2645.971998192288993 ], [ 14278.092925054548687, 2645.963054983593793 ], [ 14278.089019579454543, 2645.954442185371136 ], [ 14278.084317975297381, 2645.946236824483549 ], [ 14278.078862289949029, 2645.938512283959426 ], [ 14278.072701315255472, 2645.931337646703469 ], [ 14261.1, 2627.960242136433408 ], [ 14261.1, 2594.041421356237606 ], [ 14278.070710678119212, 2577.070710678118758 ], [ 14278.077301045335844, 2577.06343932841628 ], [ 14278.08314696123125, 2577.055557023301844 ], [ 14278.088192126435388, 2577.047139673682523 ], [ 14278.092387953251091, 2577.038268343236268 ], [ 14278.095694033572727, 2577.029028467725311 ], [ 14278.098078528040787, 2577.019509032201313 ], [ 14278.099518472667114, 2577.009801714033074 ], [ 14278.1, 2577.0 ], [ 14278.1, 2560.0 ], [ 14278.099518472667114, 2559.990198285966926 ], [ 14278.098078528040787, 2559.980490967798687 ], [ 14278.095694033572727, 2559.970971532274689 ], [ 14278.092387953251091, 2559.961731656763732 ], [ 14278.088192126435388, 2559.952860326317477 ], [ 14278.08314696123125, 2559.944442976698156 ], [ 14278.077301045335844, 2559.93656067158372 ], [ 14278.070710678119212, 2559.929289321881242 ], [ 14261.1, 2542.958578643762394 ], [ 14261.1, 2319.0 ], [ 14261.099518472667114, 2318.990198285966926 ], [ 14261.098078528040787, 2318.980490967798687 ], [ 14261.095694033572727, 2318.970971532274689 ], [ 14261.092387953251091, 2318.961731656763732 ], [ 14261.088192126435388, 2318.952860326317477 ], [ 14261.08314696123125, 2318.944442976698156 ], [ 14261.077301045335844, 2318.93656067158372 ], [ 14261.070710678119212, 2318.929289321881242 ], [ 14244.1, 2301.958578643762394 ], [ 14244.1, 2285.041421356237606 ], [ 14261.070710678119212, 2268.070710678118758 ], [ 14261.077301045335844, 2268.06343932841628 ], [ 14261.08314696123125, 2268.055557023301844 ], [ 14261.088192126435388, 2268.047139673682523 ], [ 14261.092387953251091, 2268.038268343236268 ], [ 14261.095694033572727, 2268.029028467725311 ], [ 14261.098078528040787, 2268.019509032201313 ], [ 14261.099518472667114, 2268.009801714033074 ], [ 14261.1, 2268.0 ], [ 14261.1, 2216.0 ], [ 14261.099518472667114, 2215.990198285966926 ], [ 14261.098078528040787, 2215.980490967798687 ], [ 14261.095694033572727, 2215.970971532274689 ], [ 14261.092387953251091, 2215.961731656763732 ], [ 14261.088192126435388, 2215.952860326317477 ], [ 14261.08314696123125, 2215.944442976698156 ], [ 14261.077301045335844, 2215.93656067158372 ], [ 14261.070710678119212, 2215.929289321881242 ], [ 14244.1, 2198.958578643762394 ], [ 14244.1, 2010.0 ], [ 14244.099518472667114, 2009.990198285967153 ], [ 14244.098078528040787, 2009.98049096779846 ], [ 14244.095694033572727, 2009.970971532274689 ], [ 14244.092387953251091, 2009.961731656763732 ], [ 14244.088192126435388, 2009.952860326317477 ], [ 14244.08314696123125, 2009.944442976698156 ], [ 14244.077301045335844, 2009.936560671583948 ], [ 14244.070710678119212, 2009.929289321881242 ], [ 14227.1, 1992.958578643762394 ], [ 14227.1, 1855.0 ], [ 14227.099518472667114, 1854.990198285967153 ], [ 14227.098078528040787, 1854.98049096779846 ], [ 14227.095694033572727, 1854.970971532274689 ], [ 14227.092387953251091, 1854.961731656763732 ], [ 14227.088192126435388, 1854.952860326317477 ], [ 14227.08314696123125, 1854.944442976698156 ], [ 14227.077301045335844, 1854.936560671583948 ], [ 14227.070710678119212, 1854.929289321881242 ], [ 14210.1, 1837.958578643762394 ], [ 14210.1, 1804.0 ], [ 14210.099518472667114, 1803.990198285967153 ], [ 14210.098078528040787, 1803.98049096779846 ], [ 14210.095694033572727, 1803.970971532274689 ], [ 14210.092387953251091, 1803.961731656763732 ], [ 14210.088192126435388, 1803.952860326317477 ], [ 14210.08314696123125, 1803.944442976698156 ], [ 14210.077301045335844, 1803.936560671583948 ], [ 14210.070710678119212, 1803.929289321881242 ], [ 14192.1, 1785.958578643762394 ], [ 14192.1, 1666.0 ], [ 14192.099518472667114, 1665.990198285967153 ], [ 14192.098078528040787, 1665.98049096779846 ], [ 14192.095694033572727, 1665.970971532274689 ], [ 14192.092387953251091, 1665.961731656763732 ], [ 14192.088192126435388, 1665.952860326317477 ], [ 14192.08314696123125, 1665.944442976698156 ], [ 14192.077301045335844, 1665.936560671583948 ], [ 14192.070710678119212, 1665.929289321881242 ], [ 14175.1, 1648.958578643762394 ], [ 14175.1, 1615.0 ], [ 14175.099552834855785, 1614.990553674139164 ], [ 14175.098215338553928, 1614.981191829631825 ], [ 14175.095999472732728, 1614.971998192288993 ], [ 14175.092925054548687, 1614.96305498359402 ], [ 14175.089019579454543, 1614.954442185371136 ], [ 14175.0843179752992, 1614.946236824483776 ], [ 14175.078862289949029, 1614.938512283959426 ], [ 14175.072701315255472, 1614.931337646703696 ], [ 14158.139429906761507, 1597.001991449475554 ], [ 14175.070710678119212, 1580.070710678118758 ], [ 14175.077301045335844, 1580.063439328416052 ], [ 14175.08314696123125, 1580.055557023301844 ], [ 14175.088192126435388, 1580.047139673682523 ], [ 14175.092387953251091, 1580.038268343236268 ], [ 14175.095694033572727, 1580.029028467725311 ], [ 14175.098078528040787, 1580.01950903220154 ], [ 14175.099518472667114, 1580.009801714032847 ], [ 14175.1, 1580.0 ], [ 14175.1, 1546.0 ], [ 14175.099518472667114, 1545.990198285967153 ], [ 14175.098078528040787, 1545.98049096779846 ], [ 14175.095694033572727, 1545.970971532274689 ], [ 14175.092387953251091, 1545.961731656763732 ], [ 14175.088192126435388, 1545.952860326317477 ], [ 14175.08314696123125, 1545.944442976698156 ], [ 14175.077301045335844, 1545.936560671583948 ], [ 14175.070710678119212, 1545.929289321881242 ], [ 14158.1, 1528.958578643762394 ], [ 14158.1, 1443.0 ], [ 14158.099518472667114, 1442.990198285967153 ], [ 14158.098078528040787, 1442.98049096779846 ], [ 14158.095694033572727, 1442.970971532274689 ], [ 14158.092387953251091, 1442.961731656763732 ], [ 14158.088192126435388, 1442.952860326317477 ], [ 14158.08314696123125, 1442.944442976698156 ], [ 14158.077301045335844, 1442.936560671583948 ], [ 14158.070710678119212, 1442.929289321881242 ], [ 14141.1, 1425.958578643762394 ], [ 14141.1, 1374.0 ], [ 14141.099518472667114, 1373.990198285967153 ], [ 14141.098078528040787, 1373.98049096779846 ], [ 14141.095694033572727, 1373.970971532274689 ], [ 14141.092387953251091, 1373.961731656763732 ], [ 14141.088192126435388, 1373.952860326317477 ], [ 14141.08314696123125, 1373.944442976698156 ], [ 14141.077301045335844, 1373.936560671583948 ], [ 14141.070710678119212, 1373.929289321881242 ], [ 14124.1, 1356.958578643762394 ], [ 14124.1, 1271.0 ], [ 14124.099482841802455, 1270.989843022748573 ], [ 14124.097936716261756, 1270.979791100778129 ], [ 14124.095377615209145, 1270.969948202765636 ], [ 14124.091832007845369, 1270.960416135418882 ], [ 14124.087336566968588, 1270.951293490473063 ], [ 14124.081937789660515, 1270.942674624940764 ], [ 14124.075691516360166, 1270.934648685161164 ], [ 14124.068662353296531, 1270.927298684744983 ], [ 14106.1, 1253.956895351076355 ], [ 14106.1, 1185.0 ], [ 14106.099518472667114, 1184.990198285967153 ], [ 14106.098078528040787, 1184.98049096779846 ], [ 14106.095694033572727, 1184.970971532274689 ], [ 14106.092387953251091, 1184.961731656763732 ], [ 14106.088192126435388, 1184.952860326317477 ], [ 14106.08314696123125, 1184.944442976698156 ], [ 14106.077301045335844, 1184.936560671583948 ], [ 14106.070710678119212, 1184.929289321881242 ], [ 14089.1, 1167.958578643762394 ], [ 14089.1, 1134.0 ], [ 14089.099552834855785, 1133.990553674139164 ], [ 14089.098215338553928, 1133.981191829631825 ], [ 14089.095999472732728, 1133.971998192288993 ], [ 14089.092925054548687, 1133.96305498359402 ], [ 14089.089019579454543, 1133.954442185371136 ], [ 14089.0843179752992, 1133.946236824483776 ], [ 14089.078862289949029, 1133.938512283959426 ], [ 14089.072701315255472, 1133.931337646703696 ], [ 14072.1, 1115.960242136433635 ], [ 14072.1, 1099.0 ], [ 14072.099518472667114, 1098.990198285967153 ], [ 14072.098078528040787, 1098.98049096779846 ], [ 14072.095694033572727, 1098.970971532274689 ], [ 14072.092387953251091, 1098.961731656763732 ], [ 14072.088192126435388, 1098.952860326317477 ], [ 14072.08314696123125, 1098.944442976698156 ], [ 14072.077301045335844, 1098.936560671583948 ], [ 14072.070710678119212, 1098.929289321881242 ], [ 14038.1, 1064.958578643762394 ], [ 14038.1, 1048.0 ], [ 14038.099518472667114, 1047.990198285967153 ], [ 14038.098078528040787, 1047.98049096779846 ], [ 14038.095694033572727, 1047.970971532274461 ], [ 14038.092387953251091, 1047.961731656763504 ], [ 14038.088192126435388, 1047.952860326317477 ], [ 14038.083146961229431, 1047.944442976697928 ], [ 14038.077301045335844, 1047.93656067158372 ], [ 14038.070710678119212, 1047.929289321881242 ], [ 14038.06343932841628, 1047.922698954663701 ], [ 14038.055557023302754, 1047.916853038769659 ], [ 14038.047139673682977, 1047.911807873565067 ], [ 14038.038268343236268, 1047.907612046748909 ], [ 14038.029028467724856, 1047.904305966426818 ], [ 14038.019509032201313, 1047.901921471959668 ], [ 14038.009801714033529, 1047.900481527332886 ], [ 14038.0, 1047.9 ], [ 13539.043104648924782, 1047.9 ], [ 13522.1, 1029.960242136433635 ], [ 13522.1, 807.0 ], [ 13522.099518472667114, 806.99019828596704 ], [ 13522.098078528040787, 806.980490967798346 ], [ 13522.095694033572727, 806.970971532274575 ], [ 13522.092387953251091, 806.961731656763504 ], [ 13522.088192126435388, 806.952860326317364 ], [ 13522.083146961229431, 806.944442976698042 ], [ 13522.077301045335844, 806.936560671583607 ], [ 13522.070710678119212, 806.929289321881356 ], [ 13522.06343932841628, 806.922698954663701 ], [ 13522.055557023302754, 806.916853038769773 ], [ 13522.047139673682977, 806.911807873565181 ], [ 13522.038268343236268, 806.907612046748909 ], [ 13522.029028467724856, 806.904305966426818 ], [ 13522.019509032201313, 806.901921471959668 ], [ 13522.009801714033529, 806.900481527332772 ], [ 13522.0, 806.9 ], [ 13488.041421356238061, 806.9 ], [ 13471.070710678119212, 789.929289321881356 ], [ 13471.06343932841628, 789.922698954663929 ], [ 13471.055557023302754, 789.916853038769887 ], [ 13471.047139673682977, 789.911807873565294 ], [ 13471.038268343236268, 789.907612046748909 ], [ 13471.029028467724856, 789.904305966426818 ], [ 13471.019509032201313, 789.901921471959668 ], [ 13471.009801714033529, 789.900481527332772 ], [ 13471.0, 789.9 ], [ 13385.0, 789.9 ], [ 13384.990198285966471, 789.900481527332772 ], [ 13384.980490967798687, 789.901921471959668 ], [ 13384.970971532275144, 789.904305966426818 ], [ 13384.961731656763732, 789.907612046748909 ], [ 13384.952860326317023, 789.911807873565294 ], [ 13384.944442976697246, 789.916853038769887 ], [ 13384.93656067158372, 789.922698954663929 ], [ 13384.929289321880788, 789.929289321881356 ], [ 13367.958578643761939, 806.9 ], [ 13350.041421356238061, 806.9 ], [ 13333.070710678119212, 789.929289321881356 ], [ 13333.06343932841628, 789.922698954663929 ], [ 13333.055557023302754, 789.916853038769887 ], [ 13333.047139673682977, 789.911807873565294 ], [ 13333.038268343236268, 789.907612046748909 ], [ 13333.029028467724856, 789.904305966426818 ], [ 13333.019509032201313, 789.901921471959668 ], [ 13333.009801714033529, 789.900481527332772 ], [ 13333.0, 789.9 ], [ 13316.0, 789.9 ], [ 13315.990198285966471, 789.900481527332772 ], [ 13315.980490967798687, 789.901921471959668 ], [ 13315.970971532275144, 789.904305966426818 ], [ 13315.961731656763732, 789.907612046748909 ], [ 13315.952860326317023, 789.911807873565294 ], [ 13315.944442976697246, 789.916853038769887 ], [ 13315.93656067158372, 789.922698954663929 ], [ 13315.929289321880788, 789.929289321881356 ], [ 13298.958578643761939, 806.9 ], [ 13282.041421356238061, 806.9 ], [ 13265.070710678119212, 789.929289321881356 ], [ 13265.06343932841628, 789.922698954663929 ], [ 13265.055557023302754, 789.916853038769887 ], [ 13265.047139673682977, 789.911807873565294 ], [ 13265.038268343236268, 789.907612046748909 ], [ 13265.029028467724856, 789.904305966426818 ], [ 13265.019509032201313, 789.901921471959668 ], [ 13265.009801714033529, 789.900481527332772 ], [ 13265.0, 789.9 ], [ 13230.0, 789.9 ], [ 13229.990198285966471, 789.900481527332772 ], [ 13229.980490967798687, 789.901921471959668 ], [ 13229.970971532275144, 789.904305966426818 ], [ 13229.961731656763732, 789.907612046748909 ], [ 13229.952860326317023, 789.911807873565294 ], [ 13229.944442976697246, 789.916853038769887 ], [ 13229.93656067158372, 789.922698954663929 ], [ 13229.929289321880788, 789.929289321881356 ], [ 13212.958578643761939, 806.9 ], [ 13196.0, 806.9 ], [ 13195.990198285966471, 806.900481527332772 ], [ 13195.980490967798687, 806.901921471959668 ], [ 13195.970971532275144, 806.904305966426818 ], [ 13195.961731656763732, 806.907612046748909 ], [ 13195.952860326317023, 806.911807873565294 ], [ 13195.944442976697246, 806.916853038769887 ], [ 13195.93656067158372, 806.922698954663929 ], [ 13195.929289321880788, 806.929289321881356 ], [ 13178.958578643761939, 823.9 ], [ 13144.0, 823.9 ], [ 13143.990198285966471, 823.900481527332772 ], [ 13143.980490967798687, 823.901921471959668 ], [ 13143.970971532275144, 823.904305966426818 ], [ 13143.961731656763732, 823.907612046748909 ], [ 13143.952860326317023, 823.911807873565294 ], [ 13143.944442976697246, 823.916853038769887 ], [ 13143.93656067158372, 823.922698954663929 ], [ 13143.929289321880788, 823.929289321881356 ], [ 13126.958578643761939, 840.9 ], [ 12921.0, 840.9 ], [ 12920.989843022749483, 840.900517158197431 ], [ 12920.97979110077722, 840.902063283737675 ], [ 12920.969948202766318, 840.904622384790855 ], [ 12920.9604161354182, 840.908167992155199 ], [ 12920.951293490472381, 840.912663433032435 ], [ 12920.942674624940992, 840.918062210340395 ], [ 12920.934648685160937, 840.924308483640516 ], [ 12920.927298684744528, 840.931337646703582 ], [ 12903.956895351075218, 858.9 ], [ 12766.0, 858.9 ], [ 12765.990198285966471, 858.900481527332772 ], [ 12765.980490967798687, 858.901921471959668 ], [ 12765.970971532275144, 858.904305966426818 ], [ 12765.961731656763732, 858.907612046748909 ], [ 12765.952860326317023, 858.911807873565294 ], [ 12765.944442976697246, 858.916853038769887 ], [ 12765.93656067158372, 858.922698954663929 ], [ 12765.929289321880788, 858.929289321881356 ], [ 12748.958578643761939, 875.9 ], [ 12715.039757863565683, 875.9 ], [ 12697.068662353296531, 858.927298684744983 ], [ 12697.061487716040574, 858.921137710050516 ], [ 12697.053763175515996, 858.915682024701937 ], [ 12697.04555781462841, 858.910980420545684 ], [ 12697.036945016405298, 858.907074945451996 ], [ 12697.028001807711917, 858.904000527267613 ], [ 12697.018808170369084, 858.90178466144539 ], [ 12697.009446325861063, 858.900447165144669 ], [ 12697.0, 858.9 ], [ 12680.0, 858.9 ], [ 12679.990198285966471, 858.900481527332772 ], [ 12679.980490967798687, 858.901921471959668 ], [ 12679.970971532275144, 858.904305966426818 ], [ 12679.961731656763732, 858.907612046748909 ], [ 12679.952860326317023, 858.911807873565294 ], [ 12679.944442976697246, 858.916853038769887 ], [ 12679.93656067158372, 858.922698954663929 ], [ 12679.929289321880788, 858.929289321881356 ], [ 12662.958578643761939, 875.9 ], [ 12612.0, 875.9 ], [ 12611.990553674138937, 875.900447165144669 ], [ 12611.981191829630916, 875.90178466144539 ], [ 12611.971998192288083, 875.904000527267613 ], [ 12611.963054983594702, 875.907074945451996 ], [ 12611.95444218537159, 875.910980420545684 ], [ 12611.946236824484004, 875.915682024701937 ], [ 12611.938512283959426, 875.921137710050516 ], [ 12611.931337646703469, 875.927298684744983 ], [ 12593.960242136434317, 892.9 ], [ 12491.0, 892.9 ], [ 12490.990198285966471, 892.900481527332772 ], [ 12490.980490967798687, 892.901921471959668 ], [ 12490.970971532275144, 892.904305966426818 ], [ 12490.961731656763732, 892.907612046748909 ], [ 12490.952860326317023, 892.911807873565181 ], [ 12490.944442976697246, 892.916853038769773 ], [ 12490.93656067158372, 892.922698954663701 ], [ 12490.929289321880788, 892.929289321881356 ], [ 12490.922698954664156, 892.936560671583607 ], [ 12490.916853038770569, 892.944442976698042 ], [ 12490.911807873564612, 892.952860326317364 ], [ 12490.907612046748909, 892.961731656763504 ], [ 12490.904305966427273, 892.970971532274575 ], [ 12490.901921471959213, 892.980490967798346 ], [ 12490.900481527332886, 892.99019828596704 ], [ 12490.9, 893.0 ], [ 12490.9, 1029.960242136433635 ], [ 12473.956895351075218, 1047.9 ], [ 10807.0, 1047.9 ], [ 10806.990198285966471, 1047.900481527332886 ], [ 10806.980490967798687, 1047.901921471959668 ], [ 10806.970971532275144, 1047.904305966426818 ], [ 10806.961731656763732, 1047.907612046748909 ], [ 10806.952860326317023, 1047.911807873565067 ], [ 10806.944442976697246, 1047.916853038769659 ], [ 10806.93656067158372, 1047.922698954663701 ], [ 10806.929289321880788, 1047.929289321881242 ], [ 10806.922698954664156, 1047.93656067158372 ], [ 10806.916853038770569, 1047.944442976697928 ], [ 10806.911807873564612, 1047.952860326317477 ], [ 10806.907612046748909, 1047.961731656763504 ], [ 10806.904305966427273, 1047.970971532274461 ], [ 10806.901921471959213, 1047.98049096779846 ], [ 10806.900481527332886, 1047.990198285967153 ], [ 10806.9, 1048.0 ], [ 10806.9, 1064.958578643762394 ], [ 10772.929289321880788, 1098.929289321881242 ], [ 10772.922698954664156, 1098.936560671583948 ], [ 10772.91685303876875, 1098.944442976698156 ], [ 10772.911807873564612, 1098.952860326317477 ], [ 10772.907612046748909, 1098.961731656763732 ], [ 10772.904305966427273, 1098.970971532274689 ], [ 10772.901921471959213, 1098.98049096779846 ], [ 10772.900481527332886, 1098.990198285967153 ], [ 10772.9, 1099.0 ], [ 10772.9, 1150.958578643762394 ], [ 10755.929289321880788, 1167.929289321881242 ], [ 10755.922698954664156, 1167.936560671583948 ], [ 10755.91685303876875, 1167.944442976698156 ], [ 10755.911807873564612, 1167.952860326317477 ], [ 10755.907612046748909, 1167.961731656763732 ], [ 10755.904305966427273, 1167.970971532274689 ], [ 10755.901921471959213, 1167.98049096779846 ], [ 10755.900481527332886, 1167.990198285967153 ], [ 10755.9, 1168.0 ], [ 10755.9, 1184.958578643762394 ], [ 10738.998008550524901, 1201.860570093237811 ], [ 10721.068662353296531, 1184.927298684744983 ], [ 10721.061299825738388, 1184.920991574092795 ], [ 10721.053361162839792, 1184.915427035641414 ], [ 10721.044920977277798, 1184.91065736851624 ], [ 10721.03605859536583, 1184.906727401128592 ], [ 10721.026857311493586, 1184.903674069849558 ], [ 10721.017403605264917, 1184.901526071857688 ], [ 10721.007786328718794, 1184.900303595425385 ], [ 10720.998095871225814, 1184.90001813017534 ], [ 10720.988423309965583, 1184.900672359094415 ], [ 10720.978859553913935, 1184.902260133316759 ], [ 10720.969494489423596, 1184.904766529914696 ], [ 10720.9604161354182, 1184.908167992155086 ], [ 10720.951709816132279, 1184.912432550899439 ], [ 10720.943457359173408, 1184.917520125070951 ], [ 10720.935736326460756, 1184.923382898362888 ], [ 10720.928619285246896, 1184.929965768646071 ], [ 10720.922173126078633, 1184.937206865855387 ], [ 10720.916458434123342, 1184.945038133483877 ], [ 10720.911528919745251, 1184.953385968221482 ], [ 10720.907430913704957, 1184.962171911727637 ], [ 10720.904202931706095, 1184.971313388032286 ], [ 10720.901875312409175, 1184.980724479638639 ], [ 10720.900469932283158, 1184.990316735031001 ], [ 10720.9, 1185.0 ], [ 10720.9, 1202.0 ], [ 10720.900481527332886, 1202.009801714032847 ], [ 10720.901921471959213, 1202.01950903220154 ], [ 10720.904305966427273, 1202.029028467725539 ], [ 10720.907612046748909, 1202.038268343236496 ], [ 10720.911807873564612, 1202.047139673682523 ], [ 10720.916853038770569, 1202.055557023302072 ], [ 10720.922698954664156, 1202.06343932841628 ], [ 10720.929289321880788, 1202.070710678118758 ], [ 10720.93656067158372, 1202.077301045336299 ], [ 10720.944442976697246, 1202.083146961230341 ], [ 10720.952860326317023, 1202.088192126434933 ], [ 10720.961731656763732, 1202.092387953251091 ], [ 10720.970971532275144, 1202.095694033573182 ], [ 10720.980490967798687, 1202.098078528040332 ], [ 10720.990198285966471, 1202.099518472667114 ], [ 10721.0, 1202.1 ], [ 10738.958578643761939, 1202.1 ], [ 10755.9, 1219.041421356237606 ], [ 10755.9, 1254.0 ], [ 10755.900481527332886, 1254.009801714032847 ], [ 10755.901921471959213, 1254.01950903220154 ], [ 10755.904305966427273, 1254.029028467725311 ], [ 10755.907612046748909, 1254.038268343236268 ], [ 10755.911807873564612, 1254.047139673682523 ], [ 10755.91685303876875, 1254.055557023301844 ], [ 10755.922698954664156, 1254.063439328416052 ], [ 10755.929289321880788, 1254.070710678118758 ], [ 10772.9, 1271.041421356237606 ], [ 10772.9, 1356.958578643762394 ], [ 10755.958578643761939, 1373.9 ], [ 10739.039757863567502, 1373.9 ], [ 10721.069700731652119, 1356.928279375414149 ], [ 10687.071720624589943, 1322.930299268352201 ], [ 10670.1, 1304.960242136433635 ], [ 10670.1, 1219.041421356237606 ], [ 10687.070710678119212, 1202.070710678118758 ], [ 10687.077301045335844, 1202.063439328416052 ], [ 10687.08314696123125, 1202.055557023301844 ], [ 10687.088192126435388, 1202.047139673682523 ], [ 10687.092387953251091, 1202.038268343236268 ], [ 10687.095694033572727, 1202.029028467725311 ], [ 10687.098078528040787, 1202.01950903220154 ], [ 10687.099518472667114, 1202.009801714032847 ], [ 10687.1, 1202.0 ], [ 10687.1, 1185.0 ], [ 10687.099518472667114, 1184.990198285967153 ], [ 10687.098078528040787, 1184.98049096779846 ], [ 10687.095694033572727, 1184.970971532274689 ], [ 10687.092387953251091, 1184.961731656763732 ], [ 10687.088192126435388, 1184.952860326317477 ], [ 10687.08314696123125, 1184.944442976698156 ], [ 10687.077301045335844, 1184.936560671583948 ], [ 10687.070710678119212, 1184.929289321881242 ], [ 10670.1, 1167.958578643762394 ], [ 10670.1, 1134.0 ], [ 10670.099552834855785, 1133.990553674139164 ], [ 10670.098215338553928, 1133.981191829631825 ], [ 10670.095999472732728, 1133.971998192288993 ], [ 10670.092925054548687, 1133.96305498359402 ], [ 10670.089019579454543, 1133.954442185371136 ], [ 10670.0843179752992, 1133.946236824483776 ], [ 10670.078862289949029, 1133.938512283959426 ], [ 10670.072701315255472, 1133.931337646703696 ], [ 10653.1, 1115.960242136433635 ], [ 10653.1, 1099.0 ], [ 10653.099518472667114, 1098.990198285967153 ], [ 10653.098078528040787, 1098.98049096779846 ], [ 10653.095694033572727, 1098.970971532274689 ], [ 10653.092387953251091, 1098.961731656763732 ], [ 10653.088192126435388, 1098.952860326317477 ], [ 10653.08314696123125, 1098.944442976698156 ], [ 10653.077301045335844, 1098.936560671583948 ], [ 10653.070710678119212, 1098.929289321881242 ], [ 10636.070710678119212, 1081.929289321881242 ], [ 10636.068662353296531, 1081.927298684744983 ], [ 10618.069700731652119, 1064.928279375414149 ], [ 10601.070710678119212, 1047.929289321881242 ], [ 10601.06343932841628, 1047.922698954663929 ], [ 10601.055557023302754, 1047.916853038769887 ], [ 10601.047139673682977, 1047.911807873565294 ], [ 10601.038268343236268, 1047.907612046748909 ], [ 10601.029028467724856, 1047.904305966426818 ], [ 10601.019509032201313, 1047.901921471959668 ], [ 10601.009801714033529, 1047.900481527332886 ], [ 10601.0, 1047.9 ], [ 10412.043104648924782, 1047.9 ], [ 10395.1, 1029.960242136433635 ], [ 10395.1, 927.0 ], [ 10395.099518472667114, 926.99019828596704 ], [ 10395.098078528040787, 926.980490967798346 ], [ 10395.095694033572727, 926.970971532274575 ], [ 10395.092387953251091, 926.961731656763504 ], [ 10395.088192126435388, 926.952860326317364 ], [ 10395.083146961229431, 926.944442976698042 ], [ 10395.077301045335844, 926.936560671583607 ], [ 10395.070710678119212, 926.929289321881356 ], [ 10395.06343932841628, 926.922698954663701 ], [ 10395.055557023302754, 926.916853038769773 ], [ 10395.047139673682977, 926.911807873565181 ], [ 10395.038268343236268, 926.907612046748909 ], [ 10395.029028467724856, 926.904305966426818 ], [ 10395.019509032201313, 926.901921471959668 ], [ 10395.009801714033529, 926.900481527332772 ], [ 10395.0, 926.9 ], [ 10378.041421356238061, 926.9 ], [ 10361.070710678119212, 909.929289321881356 ], [ 10361.06343932841628, 909.922698954663929 ], [ 10361.055557023302754, 909.916853038769887 ], [ 10361.047139673682977, 909.911807873565294 ], [ 10361.038268343236268, 909.907612046748909 ], [ 10361.029028467724856, 909.904305966426818 ], [ 10361.019509032201313, 909.901921471959668 ], [ 10361.009801714033529, 909.900481527332772 ], [ 10361.0, 909.9 ], [ 10343.041421356238061, 909.9 ], [ 10326.070710678119212, 892.929289321881356 ], [ 10326.06343932841628, 892.922698954663929 ], [ 10326.055557023302754, 892.916853038769887 ], [ 10326.047139673682977, 892.911807873565294 ], [ 10326.038268343236268, 892.907612046748909 ], [ 10326.029028467724856, 892.904305966426818 ], [ 10326.019509032201313, 892.901921471959668 ], [ 10326.009801714033529, 892.900481527332772 ], [ 10326.0, 892.9 ], [ 10325.990198285966471, 892.900481527332772 ], [ 10325.980490967798687, 892.901921471959668 ], [ 10325.970971532275144, 892.904305966426818 ], [ 10325.961731656763732, 892.907612046748909 ], [ 10325.952860326317023, 892.911807873565294 ], [ 10325.944442976697246, 892.916853038769887 ], [ 10325.93656067158372, 892.922698954663929 ], [ 10325.929289321880788, 892.929289321881356 ], [ 10309.0, 909.858578643762144 ], [ 10292.070710678119212, 892.929289321881356 ], [ 10292.06343932841628, 892.922698954663929 ], [ 10292.055557023302754, 892.916853038769887 ], [ 10292.047139673682977, 892.911807873565294 ], [ 10292.038268343236268, 892.907612046748909 ], [ 10292.029028467724856, 892.904305966426818 ], [ 10292.019509032201313, 892.901921471959668 ], [ 10292.009801714033529, 892.900481527332772 ], [ 10292.0, 892.9 ], [ 10275.041421356238061, 892.9 ], [ 10258.070710678119212, 875.929289321881356 ], [ 10258.06343932841628, 875.922698954663929 ], [ 10258.055557023302754, 875.916853038769887 ], [ 10258.047139673682977, 875.911807873565294 ], [ 10258.038268343236268, 875.907612046748909 ], [ 10258.029028467724856, 875.904305966426818 ], [ 10258.019509032201313, 875.901921471959668 ], [ 10258.009801714033529, 875.900481527332772 ], [ 10258.0, 875.9 ], [ 10206.041421356238061, 875.9 ], [ 10189.070710678119212, 858.929289321881356 ], [ 10189.06343932841628, 858.922698954663929 ], [ 10189.055557023302754, 858.916853038769887 ], [ 10189.047139673682977, 858.911807873565294 ], [ 10189.038268343236268, 858.907612046748909 ], [ 10189.029028467724856, 858.904305966426818 ], [ 10189.019509032201313, 858.901921471959668 ], [ 10189.009801714033529, 858.900481527332772 ], [ 10189.0, 858.9 ], [ 10154.043104648924782, 858.9 ], [ 10137.072701315255472, 840.931337646703582 ], [ 10137.065351314839063, 840.924308483640516 ], [ 10137.057325375059008, 840.918062210340395 ], [ 10137.048706509527619, 840.912663433032435 ], [ 10137.0395838645818, 840.908167992155199 ], [ 10137.030051797233682, 840.904622384790855 ], [ 10137.02020889922278, 840.902063283737675 ], [ 10137.010156977250517, 840.900517158197431 ], [ 10137.0, 840.9 ], [ 10103.0, 840.9 ], [ 10102.989843022749483, 840.900517158197431 ], [ 10102.97979110077722, 840.902063283737675 ], [ 10102.969948202766318, 840.904622384790855 ], [ 10102.9604161354182, 840.908167992155199 ], [ 10102.951293490472381, 840.912663433032435 ], [ 10102.942674624940992, 840.918062210340395 ], [ 10102.934648685160937, 840.924308483640516 ], [ 10102.927298684744528, 840.931337646703582 ], [ 10086.0, 858.854359783491873 ], [ 10069.072701315255472, 840.931337646703582 ], [ 10069.068662353296531, 840.927298684744983 ], [ 10051.068662353296531, 823.927298684744983 ], [ 10051.061487716040574, 823.921137710050516 ], [ 10051.053763175515996, 823.915682024701937 ], [ 10051.04555781462841, 823.910980420545684 ], [ 10051.036945016405298, 823.907074945451996 ], [ 10051.028001807711917, 823.904000527267613 ], [ 10051.018808170369084, 823.90178466144539 ], [ 10051.009446325861063, 823.900447165144669 ], [ 10051.0, 823.9 ], [ 9965.041421356238061, 823.9 ], [ 9948.070710678119212, 806.929289321881356 ], [ 9948.06343932841628, 806.922698954663929 ], [ 9948.055557023302754, 806.916853038769887 ], [ 9948.047139673682977, 806.911807873565294 ], [ 9948.038268343236268, 806.907612046748909 ], [ 9948.029028467724856, 806.904305966426818 ], [ 9948.019509032201313, 806.901921471959668 ], [ 9948.009801714033529, 806.900481527332772 ], [ 9948.0, 806.9 ], [ 9897.041421356238061, 806.9 ], [ 9880.070710678119212, 789.929289321881356 ], [ 9880.06343932841628, 789.922698954663929 ], [ 9880.055557023302754, 789.916853038769887 ], [ 9880.047139673682977, 789.911807873565294 ], [ 9880.038268343236268, 789.907612046748909 ], [ 9880.029028467724856, 789.904305966426818 ], [ 9880.019509032201313, 789.901921471959668 ], [ 9880.009801714033529, 789.900481527332772 ], [ 9880.0, 789.9 ], [ 9708.041421356238061, 789.9 ], [ 9691.070710678119212, 772.929289321881356 ], [ 9691.06343932841628, 772.922698954663929 ], [ 9691.055557023302754, 772.916853038769887 ], [ 9691.047139673682977, 772.911807873565294 ], [ 9691.038268343236268, 772.907612046748909 ], [ 9691.029028467724856, 772.904305966426818 ], [ 9691.019509032201313, 772.901921471959668 ], [ 9691.009801714033529, 772.900481527332772 ], [ 9691.0, 772.9 ], [ 9502.0, 772.9 ], [ 9501.990553674138937, 772.900447165144669 ], [ 9501.981191829630916, 772.90178466144539 ], [ 9501.971998192288083, 772.904000527267613 ], [ 9501.963054983594702, 772.907074945451996 ], [ 9501.95444218537159, 772.910980420545684 ], [ 9501.946236824484004, 772.915682024701937 ], [ 9501.938512283959426, 772.921137710050516 ], [ 9501.931337646703469, 772.927298684744983 ], [ 9483.960242136434317, 789.9 ], [ 9467.0, 789.9 ], [ 9466.990198285966471, 789.900481527332772 ], [ 9466.980490967798687, 789.901921471959668 ], [ 9466.970971532275144, 789.904305966426818 ], [ 9466.961731656763732, 789.907612046748909 ], [ 9466.952860326317023, 789.911807873565294 ], [ 9466.944442976697246, 789.916853038769887 ], [ 9466.93656067158372, 789.922698954663929 ], [ 9466.929289321880788, 789.929289321881356 ], [ 9449.958578643761939, 806.9 ], [ 9398.041421356238061, 806.9 ], [ 9381.070710678119212, 789.929289321881356 ], [ 9381.06343932841628, 789.922698954663929 ], [ 9381.055557023302754, 789.916853038769887 ], [ 9381.047139673682977, 789.911807873565294 ], [ 9381.038268343236268, 789.907612046748909 ], [ 9381.029028467724856, 789.904305966426818 ], [ 9381.019509032201313, 789.901921471959668 ], [ 9381.009801714033529, 789.900481527332772 ], [ 9381.0, 789.9 ], [ 9364.041421356238061, 789.9 ], [ 9330.070710678119212, 755.929289321881356 ], [ 9330.06343932841628, 755.922698954663929 ], [ 9330.055557023302754, 755.916853038769887 ], [ 9330.047139673682977, 755.911807873565294 ], [ 9330.038268343236268, 755.907612046748909 ], [ 9330.029028467724856, 755.904305966426818 ], [ 9330.019509032201313, 755.901921471959668 ], [ 9330.009801714033529, 755.900481527332772 ], [ 9330.0, 755.9 ], [ 9329.990198285966471, 755.900481527332772 ], [ 9329.980490967798687, 755.901921471959668 ], [ 9329.970971532275144, 755.904305966426818 ], [ 9329.961731656763732, 755.907612046748909 ], [ 9329.952860326317023, 755.911807873565294 ], [ 9329.944442976697246, 755.916853038769887 ], [ 9329.93656067158372, 755.922698954663929 ], [ 9329.929289321880788, 755.929289321881356 ], [ 9312.9302992683497, 772.928279375412217 ], [ 9294.960242136434317, 789.9 ], [ 9278.0, 789.9 ], [ 9277.990198285966471, 789.900481527332772 ], [ 9277.980490967798687, 789.901921471959668 ], [ 9277.970971532275144, 789.904305966426818 ], [ 9277.961731656763732, 789.907612046748909 ], [ 9277.952860326317023, 789.911807873565294 ], [ 9277.944442976697246, 789.916853038769887 ], [ 9277.93656067158372, 789.922698954663929 ], [ 9277.929289321880788, 789.929289321881356 ], [ 9261.0, 806.858578643762144 ], [ 9227.100000000000364, 772.958578643762507 ], [ 9227.100000000000364, 756.0 ], [ 9227.099518472667114, 755.99019828596704 ], [ 9227.098078528040787, 755.980490967798346 ], [ 9227.095694033572727, 755.970971532274575 ], [ 9227.092387953251091, 755.961731656763504 ], [ 9227.088192126435388, 755.952860326317364 ], [ 9227.083146961229431, 755.944442976698042 ], [ 9227.077301045335844, 755.936560671583607 ], [ 9227.070710678119212, 755.929289321881356 ], [ 9227.06343932841628, 755.922698954663701 ], [ 9227.055557023302754, 755.916853038769773 ], [ 9227.047139673682977, 755.911807873565181 ], [ 9227.038268343236268, 755.907612046748909 ], [ 9227.029028467724856, 755.904305966426818 ], [ 9227.019509032201313, 755.901921471959668 ], [ 9227.009801714033529, 755.900481527332772 ], [ 9227.0, 755.9 ], [ 9192.0, 755.9 ], [ 9191.990198285966471, 755.900481527332772 ], [ 9191.980490967798687, 755.901921471959668 ], [ 9191.970971532275144, 755.904305966426818 ], [ 9191.961731656763732, 755.907612046748909 ], [ 9191.952860326317023, 755.911807873565294 ], [ 9191.944442976697246, 755.916853038769887 ], [ 9191.93656067158372, 755.922698954663929 ], [ 9191.929289321880788, 755.929289321881356 ], [ 9175.0, 772.858578643762144 ], [ 9158.070710678119212, 755.929289321881356 ], [ 9158.06343932841628, 755.922698954663929 ], [ 9158.055557023302754, 755.916853038769887 ], [ 9158.047139673682977, 755.911807873565294 ], [ 9158.038268343236268, 755.907612046748909 ], [ 9158.029028467724856, 755.904305966426818 ], [ 9158.019509032201313, 755.901921471959668 ], [ 9158.009801714033529, 755.900481527332772 ], [ 9158.0, 755.9 ], [ 9123.043104648924782, 755.9 ], [ 9106.072701315255472, 737.931337646703582 ], [ 9106.070710678119212, 737.929289321881356 ], [ 9089.100000000000364, 720.958578643762507 ], [ 9089.100000000000364, 704.0 ], [ 9089.099518472667114, 703.99019828596704 ], [ 9089.098078528040787, 703.980490967798346 ], [ 9089.095694033572727, 703.970971532274575 ], [ 9089.092387953251091, 703.961731656763504 ], [ 9089.088192126435388, 703.952860326317364 ], [ 9089.083146961229431, 703.944442976698042 ], [ 9089.077301045335844, 703.936560671583607 ], [ 9089.070710678119212, 703.929289321881356 ], [ 9089.06343932841628, 703.922698954663701 ], [ 9089.055557023302754, 703.916853038769773 ], [ 9089.047139673682977, 703.911807873565181 ], [ 9089.038268343236268, 703.907612046748909 ], [ 9089.029028467724856, 703.904305966426818 ], [ 9089.019509032201313, 703.901921471959668 ], [ 9089.009801714033529, 703.900481527332772 ], [ 9089.0, 703.9 ], [ 9072.041421356238061, 703.9 ], [ 9038.070710678119212, 669.929289321881356 ], [ 9038.06343932841628, 669.922698954663929 ], [ 9038.055557023302754, 669.916853038769887 ], [ 9038.047139673682977, 669.911807873565294 ], [ 9038.038268343236268, 669.907612046748909 ], [ 9038.029028467724856, 669.904305966426818 ], [ 9038.019509032201313, 669.901921471959668 ], [ 9038.009801714033529, 669.900481527332772 ], [ 9038.0, 669.9 ], [ 8986.043104648924782, 669.9 ], [ 8969.072701315255472, 651.931337646703582 ], [ 8969.065351314839063, 651.924308483640516 ], [ 8969.057325375059008, 651.918062210340395 ], [ 8969.048706509527619, 651.912663433032435 ], [ 8969.0395838645818, 651.908167992155199 ], [ 8969.030051797233682, 651.904622384790855 ], [ 8969.02020889922278, 651.902063283737675 ], [ 8969.010156977250517, 651.900517158197431 ], [ 8969.0, 651.9 ], [ 8952.039757863565683, 651.9 ], [ 8934.068662353296531, 634.927298684744983 ], [ 8934.061487716040574, 634.921137710050516 ], [ 8934.053763175515996, 634.915682024701937 ], [ 8934.04555781462841, 634.910980420545684 ], [ 8934.036945016405298, 634.907074945451996 ], [ 8934.028001807711917, 634.904000527267613 ], [ 8934.018808170369084, 634.90178466144539 ], [ 8934.009446325861063, 634.900447165144669 ], [ 8934.0, 634.9 ], [ 8917.041421356238061, 634.9 ], [ 8900.070710678119212, 617.929289321881356 ], [ 8900.06343932841628, 617.922698954663929 ], [ 8900.055557023302754, 617.916853038769887 ], [ 8900.047139673682977, 617.911807873565294 ], [ 8900.038268343236268, 617.907612046748909 ], [ 8900.029028467724856, 617.904305966426818 ], [ 8900.019509032201313, 617.901921471959668 ], [ 8900.009801714033529, 617.900481527332772 ], [ 8900.0, 617.9 ], [ 8883.041421356238061, 617.9 ], [ 8866.070710678119212, 600.929289321881356 ], [ 8866.06343932841628, 600.922698954663929 ], [ 8866.055557023302754, 600.916853038769887 ], [ 8866.047139673682977, 600.911807873565294 ], [ 8866.038268343236268, 600.907612046748909 ], [ 8866.029028467724856, 600.904305966426818 ], [ 8866.019509032201313, 600.901921471959668 ], [ 8866.009801714033529, 600.900481527332772 ], [ 8866.0, 600.9 ], [ 8865.990198285966471, 600.900481527332772 ], [ 8865.980490967798687, 600.901921471959668 ], [ 8865.970971532275144, 600.904305966426818 ], [ 8865.961731656763732, 600.907612046748909 ], [ 8865.952860326317023, 600.911807873565294 ], [ 8865.944442976697246, 600.916853038769887 ], [ 8865.93656067158372, 600.922698954663929 ], [ 8865.929289321880788, 600.929289321881356 ], [ 8848.998008550524901, 617.860570093237811 ], [ 8831.0697007316503, 600.928279375412217 ], [ 8814.070710678119212, 583.929289321881356 ], [ 8814.06343932841628, 583.922698954663929 ], [ 8814.055557023302754, 583.916853038769887 ], [ 8814.047139673682977, 583.911807873565294 ], [ 8814.038268343236268, 583.907612046748909 ], [ 8814.029028467724856, 583.904305966426818 ], [ 8814.019509032201313, 583.901921471959668 ], [ 8814.009801714033529, 583.900481527332772 ], [ 8814.0, 583.9 ], [ 8780.041421356238061, 583.9 ], [ 8763.070710678119212, 566.929289321881356 ], [ 8763.06343932841628, 566.922698954663929 ], [ 8763.055557023302754, 566.916853038769887 ], [ 8763.047139673682977, 566.911807873565294 ], [ 8763.038268343236268, 566.907612046748909 ], [ 8763.029028467724856, 566.904305966426818 ], [ 8763.019509032201313, 566.901921471959668 ], [ 8763.009801714033529, 566.900481527332772 ], [ 8763.0, 566.9 ], [ 8711.043104648924782, 566.9 ], [ 8694.072701315255472, 548.931337646703582 ], [ 8694.065351314839063, 548.924308483640516 ], [ 8694.057325375059008, 548.918062210340395 ], [ 8694.048706509527619, 548.912663433032435 ], [ 8694.0395838645818, 548.908167992155199 ], [ 8694.030051797233682, 548.904622384790855 ], [ 8694.02020889922278, 548.902063283737675 ], [ 8694.010156977250517, 548.900517158197431 ], [ 8694.0, 548.9 ], [ 8660.039757863565683, 548.9 ], [ 8642.068662353296531, 531.927298684744983 ], [ 8642.061487716040574, 531.921137710050516 ], [ 8642.053763175515996, 531.915682024701937 ], [ 8642.04555781462841, 531.910980420545684 ], [ 8642.036945016405298, 531.907074945451996 ], [ 8642.028001807711917, 531.904000527267613 ], [ 8642.018808170369084, 531.90178466144539 ], [ 8642.009446325861063, 531.900447165144669 ], [ 8642.0, 531.9 ], [ 8591.041421356238061, 531.9 ], [ 8574.070710678119212, 514.929289321881356 ], [ 8574.06343932841628, 514.922698954663929 ], [ 8574.055557023302754, 514.916853038769887 ], [ 8574.047139673682977, 514.911807873565294 ], [ 8574.038268343236268, 514.907612046748909 ], [ 8574.029028467724856, 514.904305966426818 ], [ 8574.019509032201313, 514.901921471959668 ], [ 8574.009801714033529, 514.900481527332772 ], [ 8574.0, 514.9 ], [ 8556.041421356238061, 514.9 ], [ 8539.070710678119212, 497.929289321881356 ], [ 8539.06343932841628, 497.922698954663929 ], [ 8539.055557023302754, 497.916853038769887 ], [ 8539.047139673682977, 497.911807873565294 ], [ 8539.038268343236268, 497.907612046748966 ], [ 8539.029028467724856, 497.904305966426818 ], [ 8539.019509032201313, 497.901921471959724 ], [ 8539.009801714033529, 497.900481527332772 ], [ 8539.0, 497.9 ], [ 8505.041421356238061, 497.9 ], [ 8488.070710678119212, 480.929289321881356 ], [ 8488.06343932841628, 480.922698954663929 ], [ 8488.055557023302754, 480.916853038769887 ], [ 8488.047139673682977, 480.911807873565294 ], [ 8488.038268343236268, 480.907612046748966 ], [ 8488.029028467724856, 480.904305966426818 ], [ 8488.019509032201313, 480.901921471959724 ], [ 8488.009801714033529, 480.900481527332772 ], [ 8488.0, 480.9 ], [ 8385.041421356238061, 480.9 ], [ 8367.070710678119212, 462.929289321881356 ], [ 8367.06343932841628, 462.922698954663929 ], [ 8367.055557023302754, 462.916853038769887 ], [ 8367.047139673682977, 462.911807873565294 ], [ 8367.038268343236268, 462.907612046748966 ], [ 8367.029028467724856, 462.904305966426818 ], [ 8367.019509032201313, 462.901921471959724 ], [ 8367.009801714033529, 462.900481527332772 ], [ 8367.0, 462.9 ], [ 8333.041421356238061, 462.9 ], [ 8316.070710678119212, 445.929289321881356 ], [ 8316.06343932841628, 445.922698954663929 ], [ 8316.055557023302754, 445.916853038769887 ], [ 8316.047139673682977, 445.911807873565294 ], [ 8316.038268343236268, 445.907612046748966 ], [ 8316.029028467724856, 445.904305966426818 ], [ 8316.019509032201313, 445.901921471959724 ], [ 8316.009801714033529, 445.900481527332772 ], [ 8316.0, 445.9 ], [ 8230.041421356238061, 445.9 ], [ 8213.070710678119212, 428.929289321881356 ], [ 8213.06343932841628, 428.922698954663929 ], [ 8213.055557023302754, 428.916853038769887 ], [ 8213.047139673682977, 428.911807873565294 ], [ 8213.038268343236268, 428.907612046748966 ], [ 8213.029028467724856, 428.904305966426818 ], [ 8213.019509032201313, 428.901921471959724 ], [ 8213.009801714033529, 428.900481527332772 ], [ 8213.0, 428.9 ], [ 8127.041421356237151, 428.9 ], [ 8110.070710678118303, 411.929289321881356 ], [ 8110.06343932841628, 411.922698954663588 ], [ 8110.055557023301844, 411.916853038769659 ], [ 8110.047139673682068, 411.911807873565067 ], [ 8110.038268343236268, 411.907612046748852 ], [ 8110.029028467725766, 411.904305966426762 ], [ 8110.019509032201313, 411.901921471959668 ], [ 8110.009801714032619, 411.900481527332772 ], [ 8110.0, 411.9 ], [ 8058.041421356237151, 411.9 ], [ 8041.070710678118303, 394.929289321881356 ], [ 8041.06343932841628, 394.922698954663588 ], [ 8041.055557023301844, 394.916853038769659 ], [ 8041.047139673682068, 394.911807873565067 ], [ 8041.038268343236268, 394.907612046748852 ], [ 8041.029028467725766, 394.904305966426762 ], [ 8041.019509032201313, 394.901921471959668 ], [ 8041.009801714032619, 394.900481527332772 ], [ 8041.0, 394.9 ], [ 7955.041421356237151, 394.9 ], [ 7938.070710678118303, 377.929289321881356 ], [ 7938.06343932841628, 377.922698954663588 ], [ 7938.055557023301844, 377.916853038769659 ], [ 7938.047139673682068, 377.911807873565067 ], [ 7938.038268343236268, 377.907612046748852 ], [ 7938.029028467725766, 377.904305966426762 ], [ 7938.019509032201313, 377.901921471959668 ], [ 7938.009801714032619, 377.900481527332772 ], [ 7938.0, 377.9 ], [ 7852.043104648922963, 377.9 ], [ 7835.072701315254562, 359.931337646703639 ], [ 7835.065351314839063, 359.924308483640175 ], [ 7835.057325375059008, 359.918062210340167 ], [ 7835.04870650952671, 359.912663433032208 ], [ 7835.039583864580891, 359.908167992155086 ], [ 7835.030051797234592, 359.904622384790798 ], [ 7835.020208899221871, 359.902063283737675 ], [ 7835.010156977251427, 359.900517158197431 ], [ 7835.0, 359.9 ], [ 7783.041421356237151, 359.9 ], [ 7766.070710678118303, 342.929289321881356 ], [ 7766.06343932841628, 342.922698954663588 ], [ 7766.055557023301844, 342.916853038769659 ], [ 7766.047139673682068, 342.911807873565067 ], [ 7766.038268343236268, 342.907612046748852 ], [ 7766.029028467725766, 342.904305966426762 ], [ 7766.019509032201313, 342.901921471959668 ], [ 7766.009801714032619, 342.900481527332772 ], [ 7766.0, 342.9 ], [ 7732.041421356237151, 342.9 ], [ 7715.070710678118303, 325.929289321881356 ], [ 7715.06343932841628, 325.922698954663588 ], [ 7715.055557023301844, 325.916853038769659 ], [ 7715.047139673682068, 325.911807873565067 ], [ 7715.038268343236268, 325.907612046748852 ], [ 7715.029028467725766, 325.904305966426762 ], [ 7715.019509032201313, 325.901921471959668 ], [ 7715.009801714032619, 325.900481527332772 ], [ 7715.0, 325.9 ], [ 7663.041421356237151, 325.9 ], [ 7646.070710678118303, 308.929289321881356 ], [ 7646.06343932841628, 308.922698954663588 ], [ 7646.055557023301844, 308.916853038769659 ], [ 7646.047139673682068, 308.911807873565067 ], [ 7646.038268343236268, 308.907612046748852 ], [ 7646.029028467725766, 308.904305966426762 ], [ 7646.019509032201313, 308.901921471959668 ], [ 7646.009801714032619, 308.900481527332772 ], [ 7646.0, 308.9 ], [ 7491.041421356237151, 308.9 ], [ 7474.070710678118303, 291.929289321881356 ], [ 7474.06343932841628, 291.922698954663588 ], [ 7474.055557023301844, 291.916853038769659 ], [ 7474.047139673682068, 291.911807873565067 ], [ 7474.038268343236268, 291.907612046748852 ], [ 7474.029028467725766, 291.904305966426762 ], [ 7474.019509032201313, 291.901921471959668 ], [ 7474.009801714032619, 291.900481527332772 ], [ 7474.0, 291.9 ], [ 7405.043104648922963, 291.9 ], [ 7388.072701315254562, 273.931337646703639 ], [ 7388.065351314839063, 273.924308483640175 ], [ 7388.057325375059008, 273.918062210340167 ], [ 7388.04870650952671, 273.912663433032208 ], [ 7388.039583864580891, 273.908167992155086 ], [ 7388.030051797234592, 273.904622384790798 ], [ 7388.020208899221871, 273.902063283737675 ], [ 7388.010156977251427, 273.900517158197431 ], [ 7388.0, 273.9 ], [ 7182.041421356237151, 273.9 ], [ 7165.070710678118303, 256.929289321881356 ], [ 7165.06343932841628, 256.922698954663588 ], [ 7165.055557023301844, 256.916853038769659 ], [ 7165.047139673682068, 256.911807873565067 ], [ 7165.038268343236268, 256.907612046748852 ], [ 7165.029028467725766, 256.904305966426762 ], [ 7165.019509032201313, 256.901921471959668 ], [ 7165.009801714032619, 256.900481527332772 ], [ 7165.0, 256.9 ], [ 7147.0, 256.9 ], [ 7146.990198285967381, 256.900481527332772 ], [ 7146.980490967798687, 256.901921471959668 ], [ 7146.970971532274234, 256.904305966426762 ], [ 7146.961731656763732, 256.907612046748852 ], [ 7146.952860326317932, 256.911807873565067 ], [ 7146.944442976698156, 256.916853038769659 ], [ 7146.93656067158372, 256.922698954663588 ], [ 7146.929289321881697, 256.929289321881356 ], [ 7129.958578643762849, 273.9 ], [ 7113.041421356237151, 273.9 ], [ 7096.070710678118303, 256.929289321881356 ], [ 7096.06343932841628, 256.922698954663588 ], [ 7096.055557023301844, 256.916853038769659 ], [ 7096.047139673682068, 256.911807873565067 ], [ 7096.038268343236268, 256.907612046748852 ], [ 7096.029028467725766, 256.904305966426762 ], [ 7096.019509032201313, 256.901921471959668 ], [ 7096.009801714032619, 256.900481527332772 ], [ 7096.0, 256.9 ], [ 7062.0, 256.9 ] ] ] } }
]
}
