{
"type": "FeatureCollection",
"name": "38563",
"crs": { "type": "name", "properties": { "name": "urn:ogc:def:crs:EPSG::3857" } },
"features": [
{ "type": "Feature", "properties": { "tissue_id": 0 }, "geometry": { "type": "Polygon", "coordinates": [ [ [ 17946.0, 2675.9 ], [ 17945.99047471812446, 2675.900454688683112 ], [ 17945.981036057008168, 2675.901814619895958 ], [ 17945.971769849697012, 2675.904067426732126 ], [ 17945.96276036098061, 2675.907192622676121 ], [ 17945.954089521113929, 2675.911161787903893 ], [ 17945.94583618075194, 2675.915938827724403 ], [ 17945.938075393900363, 2675.921480300818985 ], [ 17945.930877735401737, 2675.92773581428537 ], [ 17922.959874268519343, 2697.9 ], [ 17856.0, 2697.9 ], [ 17855.990198285966471, 2697.900481527332886 ], [ 17855.980490967798687, 2697.901921471959668 ], [ 17855.970971532275144, 2697.904305966426818 ], [ 17855.961731656763732, 2697.907612046748909 ], [ 17855.952860326317023, 2697.911807873565067 ], [ 17855.944442976699065, 2697.916853038769659 ], [ 17855.93656067158372, 2697.922698954663701 ], [ 17855.929289321880788, 2697.929289321881242 ], [ 17832.95857864376012, 2720.9 ], [ 17811.0, 2720.9 ], [ 17810.99047471812446, 2720.900454688683112 ], [ 17810.981036057008168, 2720.901814619895958 ], [ 17810.971769849697012, 2720.904067426732126 ], [ 17810.96276036098061, 2720.907192622676121 ], [ 17810.954089521113929, 2720.911161787903893 ], [ 17810.94583618075194, 2720.915938827724403 ], [ 17810.938075393900363, 2720.921480300818985 ], [ 17810.930877735401737, 2720.92773581428537 ], [ 17787.930877735401737, 2742.92773581428537 ], [ 17787.927735814286279, 2742.930877735403101 ], [ 17765.95727103945319, 2765.9 ], [ 17743.0, 2765.9 ], [ 17742.990198285966471, 2765.900481527332886 ], [ 17742.980490967798687, 2765.901921471959668 ], [ 17742.970971532275144, 2765.904305966426818 ], [ 17742.961731656763732, 2765.907612046748909 ], [ 17742.952860326317023, 2765.911807873565067 ], [ 17742.944442976699065, 2765.916853038769659 ], [ 17742.93656067158372, 2765.922698954663701 ], [ 17742.929289321880788, 2765.929289321881242 ], [ 17742.922698954662337, 2765.93656067158372 ], [ 17742.91685303876875, 2765.944442976698156 ], [ 17742.911807873566431, 2765.952860326317477 ], [ 17742.90761204674709, 2765.961731656763277 ], [ 17742.904305966425454, 2765.970971532274689 ], [ 17742.901921471959213, 2765.980490967798232 ], [ 17742.900481527332886, 2765.990198285966926 ], [ 17742.900000000001455, 2766.0 ], [ 17742.900000000001455, 2787.959874268518888 ], [ 17720.929271864635666, 2810.929271864583825 ], [ 17697.930877735401737, 2832.92773581428537 ], [ 17697.923946824445011, 2832.935069926166307 ], [ 17697.917790338058694, 2832.943065199715875 ], [ 17697.912470965726243, 2832.951640221683647 ], [ 17697.908042872870283, 2832.960707675430058 ], [ 17697.904551149313193, 2832.970175230044333 ], [ 17697.902031350135076, 2832.979946480520084 ], [ 17697.900509133618471, 2832.989921929414322 ], [ 17697.900000000001455, 2833.0 ], [ 17697.900000000001455, 3102.958578643760575 ], [ 17675.95857864376012, 3124.9 ], [ 17496.0, 3124.9 ], [ 17495.990198285966471, 3124.900481527332886 ], [ 17495.980490967798687, 3124.901921471959668 ], [ 17495.970971532275144, 3124.904305966426818 ], [ 17495.961731656763732, 3124.907612046748909 ], [ 17495.952860326317023, 3124.911807873565067 ], [ 17495.944442976699065, 3124.916853038769659 ], [ 17495.93656067158372, 3124.922698954663701 ], [ 17495.929289321880788, 3124.929289321881242 ], [ 17427.929289321880788, 3192.929289321881242 ], [ 17427.922698954662337, 3192.93656067158372 ], [ 17427.91685303876875, 3192.944442976698156 ], [ 17427.911807873566431, 3192.952860326317477 ], [ 17427.90761204674709, 3192.961731656763732 ], [ 17427.904305966425454, 3192.970971532274689 ], [ 17427.901921471959213, 3192.980490967798687 ], [ 17427.900481527332886, 3192.990198285966926 ], [ 17427.900000000001455, 3193.0 ], [ 17427.900000000001455, 3214.959874268518888 ], [ 17405.929271864635666, 3237.929271864583825 ], [ 17382.930877735401737, 3259.92773581428537 ], [ 17382.927735814286279, 3259.930877735403101 ], [ 17360.927735814286279, 3282.930877735403101 ], [ 17360.921480300818075, 3282.938075393900817 ], [ 17360.915938827725768, 3282.94583618075103 ], [ 17360.911161787902529, 3282.954089521113929 ], [ 17360.907192622675211, 3282.96276036098061 ], [ 17360.904067426730762, 3282.971769849695647 ], [ 17360.901814619894139, 3282.981036057007714 ], [ 17360.900454688682657, 3282.99047471812537 ], [ 17360.900000000001455, 3283.0 ], [ 17360.900000000001455, 3304.958578643760575 ], [ 17315.929289321880788, 3349.929289321881242 ], [ 17315.922698954662337, 3349.93656067158372 ], [ 17315.91685303876875, 3349.944442976698156 ], [ 17315.911807873566431, 3349.952860326317477 ], [ 17315.90761204674709, 3349.961731656763732 ], [ 17315.904305966425454, 3349.970971532274689 ], [ 17315.901921471959213, 3349.980490967798687 ], [ 17315.900481527332886, 3349.990198285966926 ], [ 17315.900000000001455, 3350.0 ], [ 17315.900000000001455, 3372.957271039450916 ], [ 17292.930877735401737, 3394.92773581428537 ], [ 17292.927735814286279, 3394.930877735403101 ], [ 17270.929271864635666, 3417.929271864583825 ], [ 17247.930877735401737, 3439.92773581428537 ], [ 17247.923946824445011, 3439.935069926166307 ], [ 17247.917790338058694, 3439.943065199715875 ], [ 17247.912470965726243, 3439.951640221683647 ], [ 17247.908042872870283, 3439.960707675430058 ], [ 17247.904551149313193, 3439.970175230044333 ], [ 17247.902031350135076, 3439.979946480520084 ], [ 17247.900509133618471, 3439.989921929414322 ], [ 17247.900000000001455, 3440.0 ], [ 17247.900000000001455, 3462.958578643760575 ], [ 17090.929289321880788, 3619.929289321881242 ], [ 17090.927735814286279, 3619.930877735403101 ], [ 17068.927735814286279, 3642.930877735403101 ], [ 17068.921480300818075, 3642.938075393900817 ], [ 17068.915938827725768, 3642.94583618075103 ], [ 17068.911161787902529, 3642.954089521113929 ], [ 17068.907192622675211, 3642.96276036098061 ], [ 17068.904067426730762, 3642.971769849695647 ], [ 17068.901814619894139, 3642.981036057007714 ], [ 17068.900454688682657, 3642.99047471812537 ], [ 17068.900000000001455, 3643.0 ], [ 17068.900000000001455, 3664.958578643760575 ], [ 16910.929289321880788, 3822.929289321881242 ], [ 16910.922698954662337, 3822.93656067158372 ], [ 16910.91685303876875, 3822.944442976698156 ], [ 16910.911807873566431, 3822.952860326317477 ], [ 16910.90761204674709, 3822.961731656763732 ], [ 16910.904305966425454, 3822.970971532274689 ], [ 16910.901921471959213, 3822.980490967798687 ], [ 16910.900481527332886, 3822.990198285966926 ], [ 16910.900000000001455, 3823.0 ], [ 16910.900000000001455, 3844.959874268518888 ], [ 16888.929271864635666, 3867.929271864583825 ], [ 16865.930877735401737, 3889.92773581428537 ], [ 16865.927735814286279, 3889.930877735403101 ], [ 16843.927735814286279, 3912.930877735403101 ], [ 16843.921480300818075, 3912.938075393900817 ], [ 16843.915938827725768, 3912.94583618075103 ], [ 16843.911161787902529, 3912.954089521113929 ], [ 16843.907192622675211, 3912.96276036098061 ], [ 16843.904067426730762, 3912.971769849695647 ], [ 16843.901814619894139, 3912.981036057007714 ], [ 16843.900454688682657, 3912.99047471812537 ], [ 16843.900000000001455, 3913.0 ], [ 16843.900000000001455, 3934.958578643760575 ], [ 16775.929289321880788, 4002.929289321881242 ], [ 16775.922698954662337, 4002.93656067158372 ], [ 16775.91685303876875, 4002.944442976698156 ], [ 16775.911807873566431, 4002.952860326317477 ], [ 16775.90761204674709, 4002.961731656763732 ], [ 16775.904305966425454, 4002.970971532274689 ], [ 16775.901921471959213, 4002.980490967798687 ], [ 16775.900481527332886, 4002.990198285966926 ], [ 16775.900000000001455, 4003.0 ], [ 16775.900000000001455, 4024.958578643760575 ], [ 16685.929289321880788, 4114.929289321881697 ], [ 16685.922698954662337, 4114.93656067158372 ], [ 16685.91685303876875, 4114.944442976698156 ], [ 16685.911807873566431, 4114.952860326317932 ], [ 16685.90761204674709, 4114.961731656763732 ], [ 16685.904305966425454, 4114.970971532275144 ], [ 16685.901921471959213, 4114.980490967798687 ], [ 16685.900481527332886, 4114.990198285967381 ], [ 16685.900000000001455, 4115.0 ], [ 16685.900000000001455, 4136.959874268519343 ], [ 16663.927735814286279, 4159.930877735403556 ], [ 16663.921480300818075, 4159.938075393901272 ], [ 16663.915938827725768, 4159.94583618075103 ], [ 16663.911161787902529, 4159.954089521113929 ], [ 16663.907192622675211, 4159.96276036098061 ], [ 16663.904067426730762, 4159.971769849696102 ], [ 16663.901814619894139, 4159.981036057008168 ], [ 16663.900454688682657, 4159.99047471812537 ], [ 16663.900000000001455, 4160.0 ], [ 16663.900000000001455, 4181.95857864376103 ], [ 16640.929289321880788, 4204.929289321881697 ], [ 16640.922698954662337, 4204.93656067158372 ], [ 16640.91685303876875, 4204.944442976698156 ], [ 16640.911807873566431, 4204.952860326317932 ], [ 16640.90761204674709, 4204.961731656763732 ], [ 16640.904305966425454, 4204.970971532275144 ], [ 16640.901921471959213, 4204.980490967798687 ], [ 16640.900481527332886, 4204.990198285967381 ], [ 16640.900000000001455, 4205.0 ], [ 16640.900000000001455, 4226.959874268519343 ], [ 16618.929271864639304, 4249.929271864579277 ], [ 16595.930877735401737, 4271.92773581428537 ], [ 16595.923946824445011, 4271.935069926166761 ], [ 16595.917790338058694, 4271.94306519971542 ], [ 16595.912470965726243, 4271.951640221683192 ], [ 16595.908042872870283, 4271.960707675430058 ], [ 16595.904551149313193, 4271.970175230044333 ], [ 16595.902031350135076, 4271.979946480520084 ], [ 16595.900509133618471, 4271.989921929414777 ], [ 16595.900000000001455, 4272.0 ], [ 16595.900000000001455, 4294.95857864376103 ], [ 16573.958578643763758, 4316.899999999999636 ], [ 16551.0, 4316.899999999999636 ], [ 16550.989921929412958, 4316.900509133618471 ], [ 16550.979946480518265, 4316.902031350134166 ], [ 16550.970175230042514, 4316.904551149315012 ], [ 16550.960707675429148, 4316.908042872871192 ], [ 16550.951640221683192, 4316.912470965724424 ], [ 16550.943065199713601, 4316.917790338058694 ], [ 16550.935069926166761, 4316.92394682444592 ], [ 16550.927735814286279, 4316.930877735403556 ], [ 16528.927735814286279, 4339.930877735403556 ], [ 16528.921480300818075, 4339.938075393901272 ], [ 16528.915938827725768, 4339.94583618075103 ], [ 16528.911161787902529, 4339.954089521113929 ], [ 16528.907192622675211, 4339.96276036098061 ], [ 16528.904067426730762, 4339.971769849696102 ], [ 16528.901814619894139, 4339.981036057008168 ], [ 16528.900454688682657, 4339.99047471812537 ], [ 16528.900000000001455, 4340.0 ], [ 16528.900000000001455, 4361.95857864376103 ], [ 16483.929289321880788, 4406.929289321881697 ], [ 16483.922698954662337, 4406.93656067158372 ], [ 16483.91685303876875, 4406.944442976698156 ], [ 16483.911807873566431, 4406.952860326317932 ], [ 16483.90761204674709, 4406.961731656763732 ], [ 16483.904305966425454, 4406.970971532275144 ], [ 16483.901921471959213, 4406.980490967798687 ], [ 16483.900481527332886, 4406.990198285967381 ], [ 16483.900000000001455, 4407.0 ], [ 16483.900000000001455, 4429.957271039450461 ], [ 16460.930877735401737, 4451.92773581428537 ], [ 16460.927735814286279, 4451.930877735403556 ], [ 16438.929271864639304, 4474.929271864579277 ], [ 16415.930877735401737, 4496.92773581428537 ], [ 16415.923946824445011, 4496.935069926166761 ], [ 16415.917790338058694, 4496.94306519971542 ], [ 16415.912470965726243, 4496.951640221683192 ], [ 16415.908042872870283, 4496.960707675430058 ], [ 16415.904551149313193, 4496.970175230044333 ], [ 16415.902031350135076, 4496.979946480520084 ], [ 16415.900509133618471, 4496.989921929414777 ], [ 16415.900000000001455, 4497.0 ], [ 16415.900000000001455, 4519.95857864376103 ], [ 16393.929289321880788, 4541.929289321881697 ], [ 16393.922698954662337, 4541.93656067158372 ], [ 16393.91685303876875, 4541.944442976698156 ], [ 16393.911807873566431, 4541.952860326317932 ], [ 16393.90761204674709, 4541.961731656763732 ], [ 16393.904305966425454, 4541.970971532275144 ], [ 16393.901921471959213, 4541.980490967798687 ], [ 16393.900481527332886, 4541.990198285967381 ], [ 16393.900000000001455, 4542.0 ], [ 16393.900000000001455, 4564.957271039450461 ], [ 16370.930877735403556, 4586.92773581428537 ], [ 16370.927735814284461, 4586.930877735403556 ], [ 16348.929271864599286, 4609.929271864620205 ], [ 16325.930877735403556, 4631.92773581428537 ], [ 16325.92394682444683, 4631.935069926165852 ], [ 16325.917790338058694, 4631.94306519971542 ], [ 16325.912470965724424, 4631.951640221683192 ], [ 16325.908042872870283, 4631.960707675429148 ], [ 16325.904551149315012, 4631.970175230044333 ], [ 16325.902031350135076, 4631.979946480520084 ], [ 16325.900509133618471, 4631.989921929414777 ], [ 16325.9, 4632.0 ], [ 16325.9, 4654.958578643762849 ], [ 16303.929289321880788, 4676.929289321881697 ], [ 16303.922698954664156, 4676.93656067158372 ], [ 16303.91685303876875, 4676.944442976698156 ], [ 16303.911807873564612, 4676.952860326317932 ], [ 16303.907612046748909, 4676.961731656763732 ], [ 16303.904305966427273, 4676.970971532275144 ], [ 16303.901921471959213, 4676.980490967798687 ], [ 16303.900481527332886, 4676.990198285967381 ], [ 16303.9, 4677.0 ], [ 16303.9, 4699.957271039454099 ], [ 16280.930877735403556, 4721.92773581428537 ], [ 16280.927735814284461, 4721.930877735403556 ], [ 16258.927735814284461, 4744.930877735403556 ], [ 16258.921480300818075, 4744.938075393902182 ], [ 16258.915938827723949, 4744.94583618075194 ], [ 16258.911161787902529, 4744.954089521114838 ], [ 16258.907192622675211, 4744.96276036098152 ], [ 16258.904067426732581, 4744.971769849696102 ], [ 16258.901814619895958, 4744.981036057008168 ], [ 16258.900454688682657, 4744.99047471812537 ], [ 16258.9, 4745.0 ], [ 16258.9, 4766.958578643762849 ], [ 16235.929289321880788, 4789.929289321881697 ], [ 16235.922698954664156, 4789.93656067158372 ], [ 16235.91685303876875, 4789.944442976698156 ], [ 16235.911807873564612, 4789.952860326317932 ], [ 16235.907612046748909, 4789.961731656763732 ], [ 16235.904305966427273, 4789.970971532275144 ], [ 16235.901921471959213, 4789.980490967798687 ], [ 16235.900481527332886, 4789.990198285967381 ], [ 16235.9, 4790.0 ], [ 16235.9, 4811.959874268519343 ], [ 16213.929271864599286, 4834.929271864620205 ], [ 16190.930877735403556, 4856.92773581428537 ], [ 16190.927735814284461, 4856.930877735403556 ], [ 16168.927735814284461, 4879.930877735403556 ], [ 16168.921480300818075, 4879.938075393902182 ], [ 16168.915938827723949, 4879.94583618075194 ], [ 16168.911161787902529, 4879.954089521114838 ], [ 16168.907192622675211, 4879.96276036098152 ], [ 16168.904067426732581, 4879.971769849696102 ], [ 16168.901814619895958, 4879.981036057008168 ], [ 16168.900454688682657, 4879.99047471812537 ], [ 16168.9, 4880.0 ], [ 16168.9, 4901.958578643762849 ], [ 16100.929289321880788, 4969.929289321881697 ], [ 16100.922698954664156, 4969.93656067158372 ], [ 16100.91685303876875, 4969.944442976698156 ], [ 16100.911807873564612, 4969.952860326317932 ], [ 16100.907612046748909, 4969.961731656763732 ], [ 16100.904305966427273, 4969.970971532275144 ], [ 16100.901921471959213, 4969.980490967798687 ], [ 16100.900481527332886, 4969.990198285967381 ], [ 16100.9, 4970.0 ], [ 16100.9, 4991.959874268519343 ], [ 16078.92850374464615, 5014.930074899116335 ], [ 16056.929289321880788, 5036.929289321881697 ], [ 16056.922698954664156, 5036.93656067158372 ], [ 16056.91685303876875, 5036.944442976698156 ], [ 16056.911807873564612, 5036.952860326317932 ], [ 16056.907612046748909, 5036.961731656763732 ], [ 16056.904305966427273, 5036.970971532275144 ], [ 16056.901921471959213, 5036.980490967798687 ], [ 16056.900481527332886, 5036.990198285967381 ], [ 16056.9, 5037.0 ], [ 16056.9, 5058.958578643762849 ], [ 16011.929289321880788, 5103.929289321881697 ], [ 16011.922698954664156, 5103.93656067158372 ], [ 16011.91685303876875, 5103.944442976698156 ], [ 16011.911807873564612, 5103.952860326317932 ], [ 16011.907612046748909, 5103.961731656763732 ], [ 16011.904305966427273, 5103.970971532275144 ], [ 16011.901921471959213, 5103.980490967798687 ], [ 16011.900481527332886, 5103.990198285967381 ], [ 16011.9, 5104.0 ], [ 16011.9, 5126.957271039454099 ], [ 15988.930877735403556, 5148.92773581428537 ], [ 15988.927735814284461, 5148.930877735403556 ], [ 15966.929271864599286, 5171.929271864620205 ], [ 15943.930877735403556, 5193.92773581428537 ], [ 15943.92394682444683, 5193.935069926165852 ], [ 15943.917790338058694, 5193.94306519971542 ], [ 15943.912470965724424, 5193.951640221683192 ], [ 15943.908042872870283, 5193.960707675429148 ], [ 15943.904551149315012, 5193.970175230044333 ], [ 15943.902031350135076, 5193.979946480520084 ], [ 15943.900509133618471, 5193.989921929414777 ], [ 15943.9, 5194.0 ], [ 15943.9, 5216.958578643762849 ], [ 15921.929289321880788, 5238.929289321881697 ], [ 15921.922698954664156, 5238.93656067158372 ], [ 15921.91685303876875, 5238.944442976698156 ], [ 15921.911807873564612, 5238.952860326317932 ], [ 15921.907612046748909, 5238.961731656763732 ], [ 15921.904305966427273, 5238.970971532275144 ], [ 15921.901921471959213, 5238.980490967798687 ], [ 15921.900481527332886, 5238.990198285967381 ], [ 15921.9, 5239.0 ], [ 15921.9, 5261.957271039454099 ], [ 15898.930877735403556, 5283.92773581428537 ], [ 15898.927735814284461, 5283.930877735403556 ], [ 15876.929271864599286, 5306.929271864620205 ], [ 15853.930877735403556, 5328.92773581428537 ], [ 15853.92394682444683, 5328.935069926165852 ], [ 15853.917790338058694, 5328.94306519971542 ], [ 15853.912470965724424, 5328.951640221683192 ], [ 15853.908042872870283, 5328.960707675429148 ], [ 15853.904551149315012, 5328.970175230044333 ], [ 15853.902031350135076, 5328.979946480520084 ], [ 15853.900509133618471, 5328.989921929414777 ], [ 15853.9, 5329.0 ], [ 15853.9, 5351.958578643762849 ], [ 15808.929289321880788, 5396.929289321881697 ], [ 15808.922698954664156, 5396.93656067158372 ], [ 15808.91685303876875, 5396.944442976698156 ], [ 15808.911807873564612, 5396.952860326317932 ], [ 15808.907612046748909, 5396.961731656763732 ], [ 15808.904305966427273, 5396.970971532275144 ], [ 15808.901921471959213, 5396.980490967798687 ], [ 15808.900481527332886, 5396.990198285967381 ], [ 15808.9, 5397.0 ], [ 15808.9, 5418.959874268519343 ], [ 15786.927735814284461, 5441.930877735403556 ], [ 15786.921480300818075, 5441.938075393902182 ], [ 15786.915938827723949, 5441.94583618075194 ], [ 15786.911161787902529, 5441.954089521114838 ], [ 15786.907192622675211, 5441.96276036098152 ], [ 15786.904067426732581, 5441.971769849696102 ], [ 15786.901814619895958, 5441.981036057008168 ], [ 15786.900454688682657, 5441.99047471812537 ], [ 15786.9, 5442.0 ], [ 15786.9, 5463.958578643762849 ], [ 15763.958578643763758, 5486.899999999999636 ], [ 15742.0, 5486.899999999999636 ], [ 15741.99047471812446, 5486.900454688682657 ], [ 15741.981036057008168, 5486.901814619895958 ], [ 15741.971769849695193, 5486.904067426731672 ], [ 15741.96276036098061, 5486.907192622676121 ], [ 15741.954089521113929, 5486.911161787903438 ], [ 15741.94583618075194, 5486.915938827723949 ], [ 15741.938075393902182, 5486.921480300818075 ], [ 15741.930877735403556, 5486.92773581428537 ], [ 15718.930877735403556, 5508.92773581428537 ], [ 15718.927735814284461, 5508.930877735403556 ], [ 15696.927735814284461, 5531.930877735403556 ], [ 15696.921480300818075, 5531.938075393902182 ], [ 15696.915938827723949, 5531.94583618075194 ], [ 15696.911161787902529, 5531.954089521114838 ], [ 15696.907192622675211, 5531.96276036098152 ], [ 15696.904067426732581, 5531.971769849696102 ], [ 15696.901814619895958, 5531.981036057008168 ], [ 15696.900454688682657, 5531.99047471812537 ], [ 15696.9, 5532.0 ], [ 15696.9, 5553.958578643762849 ], [ 15673.929289321880788, 5576.929289321881697 ], [ 15673.922698954664156, 5576.93656067158372 ], [ 15673.91685303876875, 5576.944442976698156 ], [ 15673.911807873564612, 5576.952860326317932 ], [ 15673.907612046748909, 5576.961731656763732 ], [ 15673.904305966427273, 5576.970971532275144 ], [ 15673.901921471959213, 5576.980490967798687 ], [ 15673.900481527332886, 5576.990198285967381 ], [ 15673.9, 5577.0 ], [ 15673.9, 5598.959874268519343 ], [ 15651.927735814284461, 5621.930877735403556 ], [ 15651.921480300818075, 5621.938075393902182 ], [ 15651.915938827723949, 5621.94583618075194 ], [ 15651.911161787902529, 5621.954089521114838 ], [ 15651.907192622675211, 5621.96276036098152 ], [ 15651.904067426732581, 5621.971769849696102 ], [ 15651.901814619895958, 5621.981036057008168 ], [ 15651.900454688682657, 5621.99047471812537 ], [ 15651.9, 5622.0 ], [ 15651.9, 5643.958578643762849 ], [ 15628.929289321880788, 5666.929289321881697 ], [ 15628.922698954664156, 5666.93656067158372 ], [ 15628.91685303876875, 5666.944442976698156 ], [ 15628.911807873564612, 5666.952860326317932 ], [ 15628.907612046748909, 5666.961731656763732 ], [ 15628.904305966427273, 5666.970971532275144 ], [ 15628.901921471959213, 5666.980490967798687 ], [ 15628.900481527332886, 5666.990198285967381 ], [ 15628.9, 5667.0 ], [ 15628.9, 5711.958578643762849 ], [ 15606.929289321880788, 5733.929289321881697 ], [ 15606.922698954664156, 5733.93656067158372 ], [ 15606.91685303876875, 5733.944442976698156 ], [ 15606.911807873564612, 5733.952860326317932 ], [ 15606.907612046748909, 5733.961731656763732 ], [ 15606.904305966427273, 5733.970971532275144 ], [ 15606.901921471959213, 5733.980490967798687 ], [ 15606.900481527332886, 5733.990198285967381 ], [ 15606.9, 5734.0 ], [ 15606.9, 6228.957271039454099 ], [ 15583.959874268521162, 6250.899999999999636 ], [ 15292.0, 6250.899999999999636 ], [ 15291.990290421725149, 6250.900472495813119 ], [ 15291.980672598150704, 6250.901885518205745 ], [ 15291.971237416904842, 6250.904225714235508 ], [ 15291.962074039662184, 6250.907470969244969 ], [ 15291.953269059567901, 6250.911590615846762 ], [ 15291.944905682947137, 6250.916545723724994 ], [ 15291.93706294301046, 6250.922289467525843 ], [ 15291.929814952989545, 6250.928767569350384 ], [ 15291.92323020578624, 6250.935918811680494 ], [ 15291.917370926710646, 6250.943675615872962 ], [ 15291.912292485456419, 6250.951964680778474 ], [ 15291.908042872870283, 6250.960707675429148 ], [ 15291.904662247436136, 6250.969821979256267 ], [ 15291.902182555779291, 6250.979221462851456 ], [ 15291.9006272307779, 6250.9888173018835 ], [ 15291.90001097012464, 6250.998518816475553 ], [ 15291.900339597430502, 6251.00823432812922 ], [ 15291.901610007194904, 6251.017872026070108 ], [ 15291.903810194151447, 6251.027340834862116 ], [ 15291.906919366720103, 6251.03655127505408 ], [ 15291.910908143476263, 6251.045416308757922 ], [ 15291.915738830815826, 6251.053852162146541 ], [ 15291.92136577914971, 6251.061779117112565 ], [ 15291.927735814284461, 6251.069122264596444 ], [ 15313.860132534893637, 6273.998446108868848 ], [ 15268.929289321880788, 6318.929289321881697 ], [ 15268.922698954664156, 6318.93656067158372 ], [ 15268.91685303876875, 6318.944442976698156 ], [ 15268.911807873564612, 6318.952860326317932 ], [ 15268.907612046748909, 6318.961731656763732 ], [ 15268.904305966427273, 6318.970971532275144 ], [ 15268.901921471959213, 6318.980490967798687 ], [ 15268.900481527332886, 6318.990198285967381 ], [ 15268.9, 6319.0 ], [ 15268.9, 6340.959874268519343 ], [ 15246.927735814284461, 6363.930877735403556 ], [ 15246.921480300818075, 6363.938075393902182 ], [ 15246.915938827723949, 6363.94583618075194 ], [ 15246.911161787902529, 6363.954089521114838 ], [ 15246.907192622675211, 6363.96276036098152 ], [ 15246.904067426732581, 6363.971769849696102 ], [ 15246.901814619895958, 6363.981036057008168 ], [ 15246.900454688682657, 6363.99047471812537 ], [ 15246.9, 6364.0 ], [ 15246.9, 6385.958578643762849 ], [ 15201.929289321880788, 6430.929289321881697 ], [ 15201.922698954664156, 6430.93656067158372 ], [ 15201.91685303876875, 6430.944442976698156 ], [ 15201.911807873564612, 6430.952860326317932 ], [ 15201.907612046748909, 6430.961731656763732 ], [ 15201.904305966427273, 6430.970971532275144 ], [ 15201.901921471959213, 6430.980490967798687 ], [ 15201.900481527332886, 6430.990198285967381 ], [ 15201.9, 6431.0 ], [ 15201.9, 6453.957271039454099 ], [ 15178.930877735403556, 6475.92773581428537 ], [ 15178.92394682444683, 6475.935069926165852 ], [ 15178.917790338058694, 6475.94306519971542 ], [ 15178.912470965724424, 6475.951640221683192 ], [ 15178.908042872870283, 6475.960707675429148 ], [ 15178.904551149315012, 6475.970175230044333 ], [ 15178.902031350135076, 6475.979946480520084 ], [ 15178.900509133618471, 6475.989921929414777 ], [ 15178.9, 6476.0 ], [ 15178.9, 6498.958578643762849 ], [ 15156.929289321880788, 6520.929289321881697 ], [ 15156.922698954664156, 6520.93656067158372 ], [ 15156.91685303876875, 6520.944442976698156 ], [ 15156.911807873564612, 6520.952860326317932 ], [ 15156.907612046748909, 6520.961731656763732 ], [ 15156.904305966427273, 6520.970971532275144 ], [ 15156.901921471959213, 6520.980490967798687 ], [ 15156.900481527332886, 6520.990198285967381 ], [ 15156.9, 6521.0 ], [ 15156.9, 6543.957271039454099 ], [ 15133.930877735403556, 6565.92773581428537 ], [ 15133.927735814284461, 6565.930877735403556 ], [ 15111.927735814284461, 6588.930877735403556 ], [ 15111.921480300818075, 6588.938075393902182 ], [ 15111.915938827723949, 6588.94583618075194 ], [ 15111.911161787902529, 6588.954089521114838 ], [ 15111.907192622675211, 6588.96276036098152 ], [ 15111.904067426732581, 6588.971769849696102 ], [ 15111.901814619895958, 6588.981036057008168 ], [ 15111.900454688682657, 6588.99047471812537 ], [ 15111.9, 6589.0 ], [ 15111.9, 6610.958578643762849 ], [ 15088.929289321880788, 6633.929289321881697 ], [ 15088.922698954664156, 6633.93656067158372 ], [ 15088.91685303876875, 6633.944442976698156 ], [ 15088.911807873564612, 6633.952860326317932 ], [ 15088.907612046748909, 6633.961731656763732 ], [ 15088.904305966427273, 6633.970971532275144 ], [ 15088.901921471959213, 6633.980490967798687 ], [ 15088.900481527332886, 6633.990198285967381 ], [ 15088.9, 6634.0 ], [ 15088.9, 6655.959874268519343 ], [ 15066.927735814284461, 6678.930877735403556 ], [ 15066.921480300818075, 6678.938075393902182 ], [ 15066.915938827723949, 6678.94583618075194 ], [ 15066.911161787902529, 6678.954089521114838 ], [ 15066.907192622675211, 6678.96276036098152 ], [ 15066.904067426732581, 6678.971769849696102 ], [ 15066.901814619895958, 6678.981036057008168 ], [ 15066.900454688682657, 6678.99047471812537 ], [ 15066.9, 6679.0 ], [ 15066.9, 6700.959874268519343 ], [ 15044.927735814284461, 6723.930877735403556 ], [ 15044.921480300818075, 6723.938075393902182 ], [ 15044.915938827723949, 6723.94583618075194 ], [ 15044.911161787902529, 6723.954089521114838 ], [ 15044.907192622675211, 6723.96276036098152 ], [ 15044.904067426732581, 6723.971769849696102 ], [ 15044.901814619895958, 6723.981036057008168 ], [ 15044.900454688682657, 6723.99047471812537 ], [ 15044.9, 6724.0 ], [ 15044.9, 6745.958578643762849 ], [ 15021.929289321880788, 6768.929289321881697 ], [ 15021.922698954664156, 6768.93656067158372 ], [ 15021.91685303876875, 6768.944442976698156 ], [ 15021.911807873564612, 6768.952860326317932 ], [ 15021.907612046748909, 6768.961731656763732 ], [ 15021.904305966427273, 6768.970971532275144 ], [ 15021.901921471959213, 6768.980490967798687 ], [ 15021.900481527332886, 6768.990198285967381 ], [ 15021.9, 6769.0 ], [ 15021.9, 6790.959874268519343 ], [ 14999.927735814284461, 6813.930877735403556 ], [ 14999.921480300818075, 6813.938075393902182 ], [ 14999.915938827723949, 6813.94583618075194 ], [ 14999.911161787902529, 6813.954089521114838 ], [ 14999.907192622675211, 6813.96276036098152 ], [ 14999.904067426732581, 6813.971769849696102 ], [ 14999.901814619895958, 6813.981036057008168 ], [ 14999.900454688682657, 6813.99047471812537 ], [ 14999.9, 6814.0 ], [ 14999.9, 6835.958578643762849 ], [ 14976.929289321880788, 6858.929289321881697 ], [ 14976.922698954664156, 6858.93656067158372 ], [ 14976.91685303876875, 6858.944442976698156 ], [ 14976.911807873564612, 6858.952860326317932 ], [ 14976.907612046748909, 6858.961731656763732 ], [ 14976.904305966427273, 6858.970971532275144 ], [ 14976.901921471959213, 6858.980490967798687 ], [ 14976.900481527332886, 6858.990198285967381 ], [ 14976.9, 6859.0 ], [ 14976.9, 6880.959874268519343 ], [ 14954.927735814284461, 6903.930877735403556 ], [ 14954.921480300818075, 6903.938075393902182 ], [ 14954.915938827723949, 6903.94583618075194 ], [ 14954.911161787902529, 6903.954089521114838 ], [ 14954.907192622675211, 6903.96276036098152 ], [ 14954.904067426732581, 6903.971769849696102 ], [ 14954.901814619895958, 6903.981036057008168 ], [ 14954.900454688682657, 6903.99047471812537 ], [ 14954.9, 6904.0 ], [ 14954.9, 6925.958578643762849 ], [ 14931.929289321880788, 6948.929289321881697 ], [ 14931.922698954664156, 6948.93656067158372 ], [ 14931.91685303876875, 6948.944442976698156 ], [ 14931.911807873564612, 6948.952860326317932 ], [ 14931.907612046748909, 6948.961731656763732 ], [ 14931.904305966427273, 6948.970971532275144 ], [ 14931.901921471959213, 6948.980490967798687 ], [ 14931.900481527332886, 6948.990198285967381 ], [ 14931.9, 6949.0 ], [ 14931.9, 6970.959874268519343 ], [ 14909.929271864599286, 6993.929271864620205 ], [ 14886.930877735403556, 7015.92773581428537 ], [ 14886.92394682444683, 7015.935069926165852 ], [ 14886.917790338058694, 7015.94306519971542 ], [ 14886.912470965724424, 7015.951640221683192 ], [ 14886.908042872870283, 7015.960707675429148 ], [ 14886.904551149315012, 7015.970175230044333 ], [ 14886.902031350135076, 7015.979946480520084 ], [ 14886.900509133618471, 7015.989921929414777 ], [ 14886.9, 7016.0 ], [ 14886.9, 7060.958578643762849 ], [ 14841.929289321880788, 7105.929289321881697 ], [ 14841.922698954664156, 7105.93656067158372 ], [ 14841.91685303876875, 7105.944442976698156 ], [ 14841.911807873564612, 7105.952860326317932 ], [ 14841.907612046748909, 7105.961731656763732 ], [ 14841.904305966427273, 7105.970971532275144 ], [ 14841.901921471959213, 7105.980490967798687 ], [ 14841.900481527332886, 7105.990198285967381 ], [ 14841.9, 7106.0 ], [ 14841.9, 7127.959874268519343 ], [ 14819.927735814284461, 7150.930877735403556 ], [ 14819.921480300818075, 7150.938075393902182 ], [ 14819.915938827723949, 7150.94583618075194 ], [ 14819.911161787902529, 7150.954089521114838 ], [ 14819.907192622675211, 7150.96276036098152 ], [ 14819.904067426732581, 7150.971769849696102 ], [ 14819.901814619895958, 7150.981036057008168 ], [ 14819.900454688682657, 7150.99047471812537 ], [ 14819.9, 7151.0 ], [ 14819.9, 7172.958578643762849 ], [ 14796.929289321880788, 7195.929289321881697 ], [ 14796.922698954664156, 7195.93656067158372 ], [ 14796.91685303876875, 7195.944442976698156 ], [ 14796.911807873564612, 7195.952860326317932 ], [ 14796.907612046748909, 7195.961731656763732 ], [ 14796.904305966427273, 7195.970971532275144 ], [ 14796.901921471959213, 7195.980490967798687 ], [ 14796.900481527332886, 7195.990198285967381 ], [ 14796.9, 7196.0 ], [ 14796.9, 7217.959874268519343 ], [ 14774.927735814284461, 7240.930877735403556 ], [ 14774.921480300818075, 7240.938075393902182 ], [ 14774.915938827723949, 7240.94583618075194 ], [ 14774.911161787902529, 7240.954089521114838 ], [ 14774.907192622675211, 7240.96276036098152 ], [ 14774.904067426732581, 7240.971769849696102 ], [ 14774.901814619895958, 7240.981036057008168 ], [ 14774.900454688682657, 7240.99047471812537 ], [ 14774.9, 7241.0 ], [ 14774.9, 7262.958578643762849 ], [ 14751.929289321880788, 7285.929289321881697 ], [ 14751.922698954664156, 7285.93656067158372 ], [ 14751.91685303876875, 7285.944442976698156 ], [ 14751.911807873564612, 7285.952860326317932 ], [ 14751.907612046748909, 7285.961731656763732 ], [ 14751.904305966427273, 7285.970971532275144 ], [ 14751.901921471959213, 7285.980490967798687 ], [ 14751.900481527332886, 7285.990198285967381 ], [ 14751.9, 7286.0 ], [ 14751.9, 7307.959874268519343 ], [ 14729.927735814284461, 7330.930877735403556 ], [ 14729.921480300818075, 7330.938075393902182 ], [ 14729.915938827723949, 7330.94583618075194 ], [ 14729.911161787902529, 7330.954089521114838 ], [ 14729.907192622675211, 7330.96276036098152 ], [ 14729.904067426732581, 7330.971769849696102 ], [ 14729.901814619895958, 7330.981036057008168 ], [ 14729.900454688682657, 7330.99047471812537 ], [ 14729.9, 7331.0 ], [ 14729.9, 7352.958578643762849 ], [ 14706.929289321880788, 7375.929289321881697 ], [ 14706.922698954664156, 7375.93656067158372 ], [ 14706.91685303876875, 7375.944442976698156 ], [ 14706.911807873564612, 7375.952860326317932 ], [ 14706.907612046748909, 7375.961731656763732 ], [ 14706.904305966427273, 7375.970971532275144 ], [ 14706.901921471959213, 7375.980490967798687 ], [ 14706.900481527332886, 7375.990198285967381 ], [ 14706.9, 7376.0 ], [ 14706.9, 7397.959874268519343 ], [ 14684.927735814284461, 7420.930877735403556 ], [ 14684.921480300818075, 7420.938075393902182 ], [ 14684.915938827723949, 7420.94583618075194 ], [ 14684.911161787902529, 7420.954089521114838 ], [ 14684.907192622675211, 7420.96276036098152 ], [ 14684.904067426732581, 7420.971769849696102 ], [ 14684.901814619895958, 7420.981036057008168 ], [ 14684.900454688682657, 7420.99047471812537 ], [ 14684.9, 7421.0 ], [ 14684.9, 7465.957271039454099 ], [ 14661.930877735403556, 7487.92773581428537 ], [ 14661.92394682444683, 7487.935069926165852 ], [ 14661.917790338058694, 7487.94306519971542 ], [ 14661.912470965724424, 7487.951640221683192 ], [ 14661.908042872870283, 7487.960707675429148 ], [ 14661.904551149315012, 7487.970175230044333 ], [ 14661.902031350135076, 7487.979946480520084 ], [ 14661.900509133618471, 7487.989921929414777 ], [ 14661.9, 7488.0 ], [ 14661.9, 7510.958578643762849 ], [ 14639.929289321880788, 7532.929289321881697 ], [ 14639.922698954664156, 7532.93656067158372 ], [ 14639.91685303876875, 7532.944442976698156 ], [ 14639.911807873564612, 7532.952860326317932 ], [ 14639.907612046748909, 7532.961731656763732 ], [ 14639.904305966427273, 7532.970971532275144 ], [ 14639.901921471959213, 7532.980490967798687 ], [ 14639.900481527332886, 7532.990198285967381 ], [ 14639.9, 7533.0 ], [ 14639.9, 7555.957271039454099 ], [ 14616.930877735403556, 7577.92773581428537 ], [ 14616.92394682444683, 7577.935069926165852 ], [ 14616.917790338058694, 7577.94306519971542 ], [ 14616.912470965724424, 7577.951640221683192 ], [ 14616.908042872870283, 7577.960707675429148 ], [ 14616.904551149315012, 7577.970175230044333 ], [ 14616.902031350135076, 7577.979946480520084 ], [ 14616.900509133618471, 7577.989921929414777 ], [ 14616.9, 7578.0 ], [ 14616.9, 7600.958578643762849 ], [ 14594.929289321880788, 7622.929289321881697 ], [ 14594.922698954664156, 7622.93656067158372 ], [ 14594.91685303876875, 7622.944442976698156 ], [ 14594.911807873564612, 7622.952860326317932 ], [ 14594.907612046748909, 7622.961731656763732 ], [ 14594.904305966427273, 7622.970971532275144 ], [ 14594.901921471959213, 7622.980490967798687 ], [ 14594.900481527332886, 7622.990198285967381 ], [ 14594.9, 7623.0 ], [ 14594.9, 7645.957271039454099 ], [ 14571.930877735403556, 7667.92773581428537 ], [ 14571.92394682444683, 7667.935069926165852 ], [ 14571.917790338058694, 7667.94306519971542 ], [ 14571.912470965724424, 7667.951640221683192 ], [ 14571.908042872870283, 7667.960707675429148 ], [ 14571.904551149315012, 7667.970175230044333 ], [ 14571.902031350135076, 7667.979946480520084 ], [ 14571.900509133618471, 7667.989921929414777 ], [ 14571.9, 7668.0 ], [ 14571.9, 8297.958578643761939 ], [ 14549.958578643761939, 8319.899999999999636 ], [ 14302.0, 8319.899999999999636 ], [ 14301.990198285966471, 8319.900481527332886 ], [ 14301.980490967798687, 8319.901921471959213 ], [ 14301.970971532275144, 8319.904305966427273 ], [ 14301.961731656763732, 8319.907612046748909 ], [ 14301.952860326317023, 8319.911807873564612 ], [ 14301.944442976697246, 8319.916853038770569 ], [ 14301.93656067158372, 8319.922698954664156 ], [ 14301.929289321880788, 8319.929289321880788 ], [ 14301.922698954664156, 8319.93656067158372 ], [ 14301.916853038770569, 8319.944442976697246 ], [ 14301.911807873564612, 8319.952860326317023 ], [ 14301.907612046748909, 8319.961731656763732 ], [ 14301.904305966427273, 8319.970971532275144 ], [ 14301.901921471959213, 8319.980490967798687 ], [ 14301.900481527332886, 8319.990198285966471 ], [ 14301.9, 8320.0 ], [ 14301.9, 8342.958578643761939 ], [ 14279.929289321880788, 8364.929289321880788 ], [ 14279.922698954664156, 8364.93656067158372 ], [ 14279.916853038770569, 8364.944442976697246 ], [ 14279.911807873564612, 8364.952860326317023 ], [ 14279.907612046748909, 8364.961731656763732 ], [ 14279.904305966427273, 8364.970971532275144 ], [ 14279.901921471959213, 8364.980490967798687 ], [ 14279.900481527332886, 8364.990198285966471 ], [ 14279.9, 8365.0 ], [ 14279.9, 8387.95727103945319 ], [ 14256.930877735403556, 8409.927735814284461 ], [ 14256.92394682444683, 8409.935069926164942 ], [ 14256.917790338058694, 8409.94306519971542 ], [ 14256.912470965724424, 8409.951640221683192 ], [ 14256.908042872870283, 8409.960707675429148 ], [ 14256.904551149315012, 8409.970175230044333 ], [ 14256.902031350135076, 8409.979946480520084 ], [ 14256.900509133618471, 8409.989921929414777 ], [ 14256.9, 8410.0 ], [ 14256.9, 8454.959874268519343 ], [ 14234.927735814284461, 8477.930877735403556 ], [ 14234.921480300818075, 8477.938075393902182 ], [ 14234.915938827723949, 8477.94583618075194 ], [ 14234.911161787902529, 8477.954089521115748 ], [ 14234.907192622675211, 8477.96276036098061 ], [ 14234.904067426732581, 8477.971769849697012 ], [ 14234.901814619895958, 8477.981036057008168 ], [ 14234.900454688682657, 8477.99047471812446 ], [ 14234.9, 8478.0 ], [ 14234.9, 8499.958578643761939 ], [ 14211.929289321880788, 8522.929289321880788 ], [ 14211.922698954664156, 8522.93656067158372 ], [ 14211.916853038770569, 8522.944442976697246 ], [ 14211.911807873564612, 8522.952860326317023 ], [ 14211.907612046748909, 8522.961731656763732 ], [ 14211.904305966427273, 8522.970971532275144 ], [ 14211.901921471959213, 8522.980490967798687 ], [ 14211.900481527332886, 8522.990198285966471 ], [ 14211.9, 8523.0 ], [ 14211.9, 8544.959874268519343 ], [ 14189.927735814284461, 8567.930877735403556 ], [ 14189.921480300818075, 8567.938075393902182 ], [ 14189.915938827723949, 8567.94583618075194 ], [ 14189.911161787902529, 8567.954089521115748 ], [ 14189.907192622675211, 8567.96276036098061 ], [ 14189.904067426732581, 8567.971769849697012 ], [ 14189.901814619895958, 8567.981036057008168 ], [ 14189.900454688682657, 8567.99047471812446 ], [ 14189.9, 8568.0 ], [ 14189.9, 8589.958578643761939 ], [ 14166.929289321880788, 8612.929289321880788 ], [ 14166.922698954664156, 8612.93656067158372 ], [ 14166.916853038770569, 8612.944442976697246 ], [ 14166.911807873564612, 8612.952860326317023 ], [ 14166.907612046748909, 8612.961731656763732 ], [ 14166.904305966427273, 8612.970971532275144 ], [ 14166.901921471959213, 8612.980490967798687 ], [ 14166.900481527332886, 8612.990198285966471 ], [ 14166.9, 8613.0 ], [ 14166.9, 8657.958578643761939 ], [ 14144.929289321880788, 8679.929289321880788 ], [ 14144.922698954664156, 8679.93656067158372 ], [ 14144.916853038770569, 8679.944442976697246 ], [ 14144.911807873564612, 8679.952860326317023 ], [ 14144.907612046748909, 8679.961731656763732 ], [ 14144.904305966427273, 8679.970971532275144 ], [ 14144.901921471959213, 8679.980490967798687 ], [ 14144.900481527332886, 8679.990198285966471 ], [ 14144.9, 8680.0 ], [ 14144.9, 8702.95727103945319 ], [ 14121.930877735403556, 8724.927735814284461 ], [ 14121.92394682444683, 8724.935069926164942 ], [ 14121.917790338058694, 8724.94306519971542 ], [ 14121.912470965724424, 8724.951640221683192 ], [ 14121.908042872870283, 8724.960707675429148 ], [ 14121.904551149315012, 8724.970175230044333 ], [ 14121.902031350135076, 8724.979946480520084 ], [ 14121.900509133618471, 8724.989921929414777 ], [ 14121.9, 8725.0 ], [ 14121.9, 8747.958578643761939 ], [ 14099.929289321880788, 8769.929289321880788 ], [ 14099.922698954664156, 8769.93656067158372 ], [ 14099.916853038770569, 8769.944442976697246 ], [ 14099.911807873564612, 8769.952860326317023 ], [ 14099.907612046748909, 8769.961731656763732 ], [ 14099.904305966427273, 8769.970971532275144 ], [ 14099.901921471959213, 8769.980490967798687 ], [ 14099.900481527332886, 8769.990198285966471 ], [ 14099.9, 8770.0 ], [ 14099.9, 8814.958578643761939 ], [ 14076.929289321880788, 8837.929289321880788 ], [ 14076.922698954664156, 8837.93656067158372 ], [ 14076.916853038770569, 8837.944442976697246 ], [ 14076.911807873564612, 8837.952860326317023 ], [ 14076.907612046748909, 8837.961731656763732 ], [ 14076.904305966427273, 8837.970971532275144 ], [ 14076.901921471959213, 8837.980490967798687 ], [ 14076.900481527332886, 8837.990198285966471 ], [ 14076.9, 8838.0 ], [ 14076.9, 8859.959874268519343 ], [ 14054.927735814284461, 8882.930877735403556 ], [ 14054.921480300818075, 8882.938075393902182 ], [ 14054.915938827723949, 8882.94583618075194 ], [ 14054.911161787902529, 8882.954089521115748 ], [ 14054.907192622675211, 8882.96276036098061 ], [ 14054.904067426732581, 8882.971769849697012 ], [ 14054.901814619895958, 8882.981036057008168 ], [ 14054.900454688682657, 8882.99047471812446 ], [ 14054.9, 8883.0 ], [ 14054.9, 8904.959874268519343 ], [ 14032.927735814284461, 8927.930877735403556 ], [ 14032.921480300818075, 8927.938075393902182 ], [ 14032.915938827723949, 8927.94583618075194 ], [ 14032.911161787902529, 8927.954089521115748 ], [ 14032.907192622675211, 8927.96276036098061 ], [ 14032.904067426732581, 8927.971769849697012 ], [ 14032.901814619895958, 8927.981036057008168 ], [ 14032.900454688682657, 8927.99047471812446 ], [ 14032.9, 8928.0 ], [ 14032.9, 8972.95727103945319 ], [ 14009.930877735403556, 8994.927735814284461 ], [ 14009.92394682444683, 8994.935069926164942 ], [ 14009.917790338058694, 8994.94306519971542 ], [ 14009.912470965724424, 8994.951640221683192 ], [ 14009.908042872870283, 8994.960707675429148 ], [ 14009.904551149315012, 8994.970175230044333 ], [ 14009.902031350135076, 8994.979946480520084 ], [ 14009.900509133618471, 8994.989921929414777 ], [ 14009.9, 8995.0 ], [ 14009.9, 9017.958578643761939 ], [ 13987.929289321880788, 9039.929289321880788 ], [ 13987.922698954664156, 9039.93656067158372 ], [ 13987.916853038770569, 9039.944442976697246 ], [ 13987.911807873564612, 9039.952860326317023 ], [ 13987.907612046748909, 9039.961731656763732 ], [ 13987.904305966427273, 9039.970971532275144 ], [ 13987.901921471959213, 9039.980490967798687 ], [ 13987.900481527332886, 9039.990198285966471 ], [ 13987.9, 9040.0 ], [ 13987.9, 9084.95727103945319 ], [ 13964.930877735403556, 9106.927735814284461 ], [ 13964.92394682444683, 9106.935069926164942 ], [ 13964.917790338058694, 9106.94306519971542 ], [ 13964.912470965724424, 9106.951640221683192 ], [ 13964.908042872870283, 9106.960707675429148 ], [ 13964.904551149315012, 9106.970175230044333 ], [ 13964.902031350135076, 9106.979946480520084 ], [ 13964.900509133618471, 9106.989921929414777 ], [ 13964.9, 9107.0 ], [ 13964.9, 9129.958578643761939 ], [ 13942.929289321880788, 9151.929289321880788 ], [ 13942.922698954664156, 9151.93656067158372 ], [ 13942.916853038770569, 9151.944442976697246 ], [ 13942.911807873564612, 9151.952860326317023 ], [ 13942.907612046748909, 9151.961731656763732 ], [ 13942.904305966427273, 9151.970971532275144 ], [ 13942.901921471959213, 9151.980490967798687 ], [ 13942.900481527332886, 9151.990198285966471 ], [ 13942.9, 9152.0 ], [ 13942.9, 9174.95727103945319 ], [ 13919.930877735403556, 9196.927735814284461 ], [ 13919.92394682444683, 9196.935069926164942 ], [ 13919.917790338058694, 9196.94306519971542 ], [ 13919.912470965724424, 9196.951640221683192 ], [ 13919.908042872870283, 9196.960707675429148 ], [ 13919.904551149315012, 9196.970175230044333 ], [ 13919.902031350135076, 9196.979946480520084 ], [ 13919.900509133618471, 9196.989921929414777 ], [ 13919.9, 9197.0 ], [ 13919.9, 9241.959874268519343 ], [ 13897.9292718646102, 9264.9292718646102 ], [ 13874.930877735403556, 9286.927735814284461 ], [ 13874.92394682444683, 9286.935069926164942 ], [ 13874.917790338058694, 9286.94306519971542 ], [ 13874.912470965724424, 9286.951640221683192 ], [ 13874.908042872870283, 9286.960707675429148 ], [ 13874.904551149315012, 9286.970175230044333 ], [ 13874.902031350135076, 9286.979946480520084 ], [ 13874.900509133618471, 9286.989921929414777 ], [ 13874.9, 9287.0 ], [ 13874.9, 9331.959874268519343 ], [ 13852.927735814284461, 9354.930877735403556 ], [ 13852.921480300818075, 9354.938075393902182 ], [ 13852.915938827723949, 9354.94583618075194 ], [ 13852.911161787902529, 9354.954089521115748 ], [ 13852.907192622675211, 9354.96276036098061 ], [ 13852.904067426732581, 9354.971769849697012 ], [ 13852.901814619895958, 9354.981036057008168 ], [ 13852.900454688682657, 9354.99047471812446 ], [ 13852.9, 9355.0 ], [ 13852.9, 9376.958578643761939 ], [ 13829.929289321880788, 9399.929289321880788 ], [ 13829.922698954664156, 9399.93656067158372 ], [ 13829.916853038770569, 9399.944442976697246 ], [ 13829.911807873564612, 9399.952860326317023 ], [ 13829.907612046748909, 9399.961731656763732 ], [ 13829.904305966427273, 9399.970971532275144 ], [ 13829.901921471959213, 9399.980490967798687 ], [ 13829.900481527332886, 9399.990198285966471 ], [ 13829.9, 9400.0 ], [ 13829.9, 9421.959874268519343 ], [ 13807.927735814284461, 9444.930877735403556 ], [ 13807.921480300818075, 9444.938075393902182 ], [ 13807.915938827723949, 9444.94583618075194 ], [ 13807.911161787902529, 9444.954089521115748 ], [ 13807.907192622675211, 9444.96276036098061 ], [ 13807.904067426732581, 9444.971769849697012 ], [ 13807.901814619895958, 9444.981036057008168 ], [ 13807.900454688682657, 9444.99047471812446 ], [ 13807.9, 9445.0 ], [ 13807.9, 9489.95727103945319 ], [ 13784.930877735403556, 9511.927735814284461 ], [ 13784.92394682444683, 9511.935069926164942 ], [ 13784.917790338058694, 9511.94306519971542 ], [ 13784.912470965724424, 9511.951640221683192 ], [ 13784.908042872870283, 9511.960707675429148 ], [ 13784.904551149315012, 9511.970175230044333 ], [ 13784.902031350135076, 9511.979946480520084 ], [ 13784.900509133618471, 9511.989921929414777 ], [ 13784.9, 9512.0 ], [ 13784.9, 9534.958578643761939 ], [ 13762.929289321880788, 9556.929289321880788 ], [ 13762.922698954664156, 9556.93656067158372 ], [ 13762.916853038770569, 9556.944442976697246 ], [ 13762.911807873564612, 9556.952860326317023 ], [ 13762.907612046748909, 9556.961731656763732 ], [ 13762.904305966427273, 9556.970971532275144 ], [ 13762.901921471959213, 9556.980490967798687 ], [ 13762.900481527332886, 9556.990198285966471 ], [ 13762.9, 9557.0 ], [ 13762.9, 9579.95727103945319 ], [ 13739.930877735403556, 9601.927735814284461 ], [ 13739.92394682444683, 9601.935069926164942 ], [ 13739.917790338058694, 9601.94306519971542 ], [ 13739.912470965724424, 9601.951640221683192 ], [ 13739.908042872870283, 9601.960707675429148 ], [ 13739.904551149315012, 9601.970175230044333 ], [ 13739.902031350135076, 9601.979946480520084 ], [ 13739.900509133618471, 9601.989921929414777 ], [ 13739.9, 9602.0 ], [ 13739.9, 9624.958578643761939 ], [ 13717.929289321880788, 9646.929289321880788 ], [ 13717.922698954664156, 9646.93656067158372 ], [ 13717.916853038770569, 9646.944442976697246 ], [ 13717.911807873564612, 9646.952860326317023 ], [ 13717.907612046748909, 9646.961731656763732 ], [ 13717.904305966427273, 9646.970971532275144 ], [ 13717.901921471959213, 9646.980490967798687 ], [ 13717.900481527332886, 9646.990198285966471 ], [ 13717.9, 9647.0 ], [ 13717.9, 9691.958578643761939 ], [ 13672.929289321880788, 9736.929289321880788 ], [ 13672.922698954664156, 9736.93656067158372 ], [ 13672.916853038770569, 9736.944442976697246 ], [ 13672.911807873564612, 9736.952860326317023 ], [ 13672.907612046748909, 9736.961731656763732 ], [ 13672.904305966427273, 9736.970971532275144 ], [ 13672.901921471959213, 9736.980490967798687 ], [ 13672.900481527332886, 9736.990198285966471 ], [ 13672.9, 9737.0 ], [ 13672.9, 9781.958578643761939 ], [ 13649.929289321880788, 9804.929289321880788 ], [ 13649.922698954664156, 9804.93656067158372 ], [ 13649.916853038770569, 9804.944442976697246 ], [ 13649.911807873564612, 9804.952860326317023 ], [ 13649.907612046748909, 9804.961731656763732 ], [ 13649.904305966427273, 9804.970971532275144 ], [ 13649.901921471959213, 9804.980490967798687 ], [ 13649.900481527332886, 9804.990198285966471 ], [ 13649.9, 9805.0 ], [ 13649.9, 9849.958578643761939 ], [ 13627.929289321880788, 9871.929289321880788 ], [ 13627.922698954664156, 9871.93656067158372 ], [ 13627.916853038770569, 9871.944442976697246 ], [ 13627.911807873564612, 9871.952860326317023 ], [ 13627.907612046748909, 9871.961731656763732 ], [ 13627.904305966427273, 9871.970971532275144 ], [ 13627.901921471959213, 9871.980490967798687 ], [ 13627.900481527332886, 9871.990198285966471 ], [ 13627.9, 9872.0 ], [ 13627.9, 9894.95727103945319 ], [ 13604.930877735403556, 9916.927735814284461 ], [ 13604.92394682444683, 9916.935069926164942 ], [ 13604.917790338058694, 9916.94306519971542 ], [ 13604.912470965724424, 9916.951640221683192 ], [ 13604.908042872870283, 9916.960707675429148 ], [ 13604.904551149315012, 9916.970175230044333 ], [ 13604.902031350135076, 9916.979946480520084 ], [ 13604.900509133618471, 9916.989921929414777 ], [ 13604.9, 9917.0 ], [ 13604.9, 9939.958578643761939 ], [ 13582.929289321880788, 9961.929289321880788 ], [ 13582.922698954664156, 9961.93656067158372 ], [ 13582.916853038770569, 9961.944442976697246 ], [ 13582.911807873564612, 9961.952860326317023 ], [ 13582.907612046748909, 9961.961731656763732 ], [ 13582.904305966427273, 9961.970971532275144 ], [ 13582.901921471959213, 9961.980490967798687 ], [ 13582.900481527332886, 9961.990198285966471 ], [ 13582.9, 9962.0 ], [ 13582.9, 10006.958578643761939 ], [ 13559.929289321880788, 10029.929289321880788 ], [ 13559.922698954664156, 10029.93656067158372 ], [ 13559.916853038770569, 10029.944442976697246 ], [ 13559.911807873564612, 10029.952860326317023 ], [ 13559.907612046748909, 10029.961731656763732 ], [ 13559.904305966427273, 10029.970971532275144 ], [ 13559.901921471959213, 10029.980490967798687 ], [ 13559.900481527332886, 10029.990198285966471 ], [ 13559.9, 10030.0 ], [ 13559.9, 10051.958578643761939 ], [ 13537.929289321880788, 10073.929289321880788 ], [ 13537.922698954664156, 10073.93656067158372 ], [ 13537.916853038770569, 10073.944442976697246 ], [ 13537.911807873564612, 10073.952860326317023 ], [ 13537.907612046748909, 10073.961731656763732 ], [ 13537.904305966427273, 10073.970971532275144 ], [ 13537.901921471959213, 10073.980490967798687 ], [ 13537.900481527332886, 10073.990198285966471 ], [ 13537.9, 10074.0 ], [ 13537.9, 10388.958578643761939 ], [ 13514.958578643761939, 10411.9 ], [ 13403.0, 10411.9 ], [ 13402.990198285966471, 10411.900481527332886 ], [ 13402.980490967798687, 10411.901921471959213 ], [ 13402.970971532275144, 10411.904305966427273 ], [ 13402.961731656763732, 10411.907612046748909 ], [ 13402.952860326317023, 10411.911807873564612 ], [ 13402.944442976697246, 10411.916853038770569 ], [ 13402.93656067158372, 10411.922698954664156 ], [ 13402.929289321880788, 10411.929289321880788 ], [ 13402.922698954664156, 10411.93656067158372 ], [ 13402.916853038770569, 10411.944442976697246 ], [ 13402.911807873564612, 10411.952860326317023 ], [ 13402.907612046748909, 10411.961731656763732 ], [ 13402.904305966427273, 10411.970971532275144 ], [ 13402.901921471959213, 10411.980490967798687 ], [ 13402.900481527332886, 10411.990198285966471 ], [ 13402.9, 10412.0 ], [ 13402.9, 10433.958578643761939 ], [ 13357.929289321880788, 10478.929289321880788 ], [ 13357.922787124847673, 10478.936453387890651 ], [ 13357.91700765891801, 10478.944212265490933 ], [ 13357.91200502128595, 10478.9524933297198 ], [ 13357.907826037844643, 10478.961219067823549 ], [ 13357.904509824884371, 10478.970307804791446 ], [ 13357.902087422957266, 10478.979674467855148 ], [ 13357.900581506330127, 10478.989231382794969 ], [ 13357.900006170744746, 10478.998889094584229 ], [ 13357.900366801479322, 10479.008557204715544 ], [ 13357.90166002294427, 10479.018145217351048 ], [ 13357.903873730276246, 10479.027563386382099 ], [ 13357.906987202639357, 10479.036723555480421 ], [ 13357.910971297184005, 10479.045539983255367 ], [ 13357.915788721826175, 10479.053930145821141 ], [ 13357.921394384309679, 10479.061815509234293 ], [ 13357.927735814284461, 10479.069122264596444 ], [ 13379.860132534893637, 10501.998446108867938 ], [ 13357.958578643761939, 10523.9 ], [ 13335.0, 10523.9 ], [ 13334.990198285966471, 10523.900481527332886 ], [ 13334.980490967798687, 10523.901921471959213 ], [ 13334.970971532275144, 10523.904305966427273 ], [ 13334.961731656763732, 10523.907612046748909 ], [ 13334.952860326317023, 10523.911807873564612 ], [ 13334.944442976697246, 10523.916853038770569 ], [ 13334.93656067158372, 10523.922698954664156 ], [ 13334.929289321880788, 10523.929289321880788 ], [ 13334.922698954664156, 10523.93656067158372 ], [ 13334.916853038770569, 10523.944442976697246 ], [ 13334.911807873564612, 10523.952860326317023 ], [ 13334.907612046748909, 10523.961731656763732 ], [ 13334.904305966427273, 10523.970971532275144 ], [ 13334.901921471959213, 10523.980490967798687 ], [ 13334.900481527332886, 10523.990198285966471 ], [ 13334.9, 10524.0 ], [ 13334.900481527332886, 10524.009801714033529 ], [ 13334.901921471959213, 10524.019509032201313 ], [ 13334.904305966427273, 10524.029028467724856 ], [ 13334.907612046748909, 10524.038268343236268 ], [ 13334.911807873564612, 10524.047139673682977 ], [ 13334.916853038770569, 10524.055557023302754 ], [ 13334.922698954664156, 10524.06343932841628 ], [ 13334.929289321880788, 10524.070710678119212 ], [ 13357.9, 10547.041421356238061 ], [ 13357.9, 10568.958578643761939 ], [ 13334.929289321880788, 10591.929289321880788 ], [ 13334.922698954664156, 10591.93656067158372 ], [ 13334.916853038770569, 10591.944442976697246 ], [ 13334.911807873564612, 10591.952860326317023 ], [ 13334.907612046748909, 10591.961731656763732 ], [ 13334.904305966427273, 10591.970971532275144 ], [ 13334.901921471959213, 10591.980490967798687 ], [ 13334.900481527332886, 10591.990198285966471 ], [ 13334.9, 10592.0 ], [ 13334.9, 10613.959874268519343 ], [ 13312.927735814284461, 10636.930877735403556 ], [ 13312.921480300818075, 10636.938075393902182 ], [ 13312.915938827723949, 10636.94583618075194 ], [ 13312.911161787902529, 10636.954089521115748 ], [ 13312.907192622675211, 10636.96276036098061 ], [ 13312.904067426732581, 10636.971769849697012 ], [ 13312.901814619895958, 10636.981036057008168 ], [ 13312.900454688682657, 10636.99047471812446 ], [ 13312.9, 10637.0 ], [ 13312.9, 10658.958578643761939 ], [ 13289.929289321880788, 10681.929289321880788 ], [ 13289.922698954664156, 10681.93656067158372 ], [ 13289.916853038770569, 10681.944442976697246 ], [ 13289.911807873564612, 10681.952860326317023 ], [ 13289.907612046748909, 10681.961731656763732 ], [ 13289.904305966427273, 10681.970971532275144 ], [ 13289.901921471959213, 10681.980490967798687 ], [ 13289.900481527332886, 10681.990198285966471 ], [ 13289.9, 10682.0 ], [ 13289.9, 10726.958578643761939 ], [ 13244.929289321880788, 10771.929289321880788 ], [ 13244.922698954664156, 10771.93656067158372 ], [ 13244.916853038770569, 10771.944442976697246 ], [ 13244.911807873564612, 10771.952860326317023 ], [ 13244.907612046748909, 10771.961731656763732 ], [ 13244.904305966427273, 10771.970971532275144 ], [ 13244.901921471959213, 10771.980490967798687 ], [ 13244.900481527332886, 10771.990198285966471 ], [ 13244.9, 10772.0 ], [ 13244.9, 10838.959874268519343 ], [ 13222.927735814284461, 10861.930877735403556 ], [ 13222.921480300818075, 10861.938075393902182 ], [ 13222.915938827723949, 10861.94583618075194 ], [ 13222.911161787902529, 10861.954089521115748 ], [ 13222.907192622675211, 10861.96276036098061 ], [ 13222.904067426732581, 10861.971769849697012 ], [ 13222.901814619895958, 10861.981036057008168 ], [ 13222.900454688682657, 10861.99047471812446 ], [ 13222.9, 10862.0 ], [ 13222.9, 10883.958578643761939 ], [ 13199.929289321880788, 10906.929289321880788 ], [ 13199.922698954664156, 10906.93656067158372 ], [ 13199.916853038770569, 10906.944442976697246 ], [ 13199.911807873564612, 10906.952860326317023 ], [ 13199.907612046748909, 10906.961731656763732 ], [ 13199.904305966427273, 10906.970971532275144 ], [ 13199.901921471959213, 10906.980490967798687 ], [ 13199.900481527332886, 10906.990198285966471 ], [ 13199.9, 10907.0 ], [ 13199.9, 10928.959874268519343 ], [ 13177.927735814284461, 10951.930877735403556 ], [ 13177.921480300818075, 10951.938075393902182 ], [ 13177.915938827723949, 10951.94583618075194 ], [ 13177.911161787902529, 10951.954089521115748 ], [ 13177.907192622675211, 10951.96276036098061 ], [ 13177.904067426732581, 10951.971769849697012 ], [ 13177.901814619895958, 10951.981036057008168 ], [ 13177.900454688682657, 10951.99047471812446 ], [ 13177.9, 10952.0 ], [ 13177.9, 10973.958578643761939 ], [ 13154.929289321880788, 10996.929289321880788 ], [ 13154.922698954664156, 10996.93656067158372 ], [ 13154.916853038770569, 10996.944442976697246 ], [ 13154.911807873564612, 10996.952860326317023 ], [ 13154.907612046748909, 10996.961731656763732 ], [ 13154.904305966427273, 10996.970971532275144 ], [ 13154.901921471959213, 10996.980490967798687 ], [ 13154.900481527332886, 10996.990198285966471 ], [ 13154.9, 10997.0 ], [ 13154.9, 11018.959874268519343 ], [ 13132.927735814284461, 11041.930877735403556 ], [ 13132.921480300818075, 11041.938075393902182 ], [ 13132.915938827723949, 11041.94583618075194 ], [ 13132.911161787902529, 11041.954089521115748 ], [ 13132.907192622675211, 11041.96276036098061 ], [ 13132.904067426732581, 11041.971769849697012 ], [ 13132.901814619895958, 11041.981036057008168 ], [ 13132.900454688682657, 11041.99047471812446 ], [ 13132.9, 11042.0 ], [ 13132.9, 11085.958578643761939 ], [ 13109.929289321880788, 11108.929289321880788 ], [ 13109.922698954664156, 11108.93656067158372 ], [ 13109.916853038770569, 11108.944442976697246 ], [ 13109.911807873564612, 11108.952860326317023 ], [ 13109.907612046748909, 11108.961731656763732 ], [ 13109.904305966427273, 11108.970971532275144 ], [ 13109.901921471959213, 11108.980490967798687 ], [ 13109.900481527332886, 11108.990198285966471 ], [ 13109.9, 11109.0 ], [ 13109.9, 11130.959874268519343 ], [ 13087.927735814284461, 11153.930877735403556 ], [ 13087.921480300818075, 11153.938075393902182 ], [ 13087.915938827723949, 11153.94583618075194 ], [ 13087.911161787902529, 11153.954089521115748 ], [ 13087.907192622675211, 11153.96276036098061 ], [ 13087.904067426732581, 11153.971769849697012 ], [ 13087.901814619895958, 11153.981036057008168 ], [ 13087.900454688682657, 11153.99047471812446 ], [ 13087.9, 11154.0 ], [ 13087.9, 11175.958578643761939 ], [ 13064.929289321880788, 11198.929289321880788 ], [ 13064.922698954664156, 11198.93656067158372 ], [ 13064.916853038770569, 11198.944442976697246 ], [ 13064.911807873564612, 11198.952860326317023 ], [ 13064.907612046748909, 11198.961731656763732 ], [ 13064.904305966427273, 11198.970971532275144 ], [ 13064.901921471959213, 11198.980490967798687 ], [ 13064.900481527332886, 11198.990198285966471 ], [ 13064.9, 11199.0 ], [ 13064.9, 11243.958578643761939 ], [ 13042.929289321880788, 11265.929289321880788 ], [ 13042.922698954664156, 11265.93656067158372 ], [ 13042.916853038770569, 11265.944442976697246 ], [ 13042.911807873564612, 11265.952860326317023 ], [ 13042.907612046748909, 11265.961731656763732 ], [ 13042.904305966427273, 11265.970971532275144 ], [ 13042.901921471959213, 11265.980490967798687 ], [ 13042.900481527332886, 11265.990198285966471 ], [ 13042.9, 11266.0 ], [ 13042.9, 11288.958578643761939 ], [ 13020.929289321880788, 11310.929289321880788 ], [ 13020.922698954664156, 11310.93656067158372 ], [ 13020.916853038770569, 11310.944442976697246 ], [ 13020.911807873564612, 11310.952860326317023 ], [ 13020.907612046748909, 11310.961731656763732 ], [ 13020.904305966427273, 11310.970971532275144 ], [ 13020.901921471959213, 11310.980490967798687 ], [ 13020.900481527332886, 11310.990198285966471 ], [ 13020.9, 11311.0 ], [ 13020.9, 11333.95727103945319 ], [ 12997.930877735403556, 11355.927735814284461 ], [ 12997.92394682444683, 11355.935069926164942 ], [ 12997.917790338058694, 11355.94306519971542 ], [ 12997.912470965724424, 11355.951640221683192 ], [ 12997.908042872870283, 11355.960707675429148 ], [ 12997.904551149315012, 11355.970175230044333 ], [ 12997.902031350135076, 11355.979946480520084 ], [ 12997.900509133618471, 11355.989921929414777 ], [ 12997.9, 11356.0 ], [ 12997.9, 11378.958578643761939 ], [ 12975.929289321880788, 11400.929289321880788 ], [ 12975.922698954664156, 11400.93656067158372 ], [ 12975.916853038770569, 11400.944442976697246 ], [ 12975.911807873564612, 11400.952860326317023 ], [ 12975.907612046748909, 11400.961731656763732 ], [ 12975.904305966427273, 11400.970971532275144 ], [ 12975.901921471959213, 11400.980490967798687 ], [ 12975.900481527332886, 11400.990198285966471 ], [ 12975.9, 11401.0 ], [ 12975.9, 11423.95727103945319 ], [ 12952.959874268519343, 11445.9 ], [ 12931.0, 11445.9 ], [ 12930.990290421725149, 11445.90047249581221 ], [ 12930.980672598150704, 11445.901885518205745 ], [ 12930.971237416904842, 11445.904225714235508 ], [ 12930.962074039662184, 11445.907470969244969 ], [ 12930.953269059567901, 11445.911590615845853 ], [ 12930.944905682947137, 11445.916545723724994 ], [ 12930.93706294301046, 11445.922289467525843 ], [ 12930.929814952989545, 11445.928767569350384 ], [ 12930.92323020578624, 11445.935918811679585 ], [ 12930.917370926710646, 11445.943675615872053 ], [ 12930.912292485456419, 11445.951964680778474 ], [ 12930.908042872870283, 11445.960707675429148 ], [ 12930.904662247436136, 11445.969821979255357 ], [ 12930.902182555779291, 11445.979221462852365 ], [ 12930.9006272307779, 11445.988817301882591 ], [ 12930.90001097012464, 11445.998518816475553 ], [ 12930.900339597430502, 11446.00823432812831 ], [ 12930.901610007194904, 11446.017872026070108 ], [ 12930.903810194151447, 11446.027340834862116 ], [ 12930.906919366720103, 11446.03655127505408 ], [ 12930.910908143476263, 11446.045416308757922 ], [ 12930.915738830815826, 11446.05385216214745 ], [ 12930.92136577914971, 11446.061779117113474 ], [ 12930.927735814284461, 11446.069122264596444 ], [ 12952.860132534893637, 11468.998446108867938 ], [ 12930.929289321880788, 11490.929289321880788 ], [ 12930.922698954664156, 11490.93656067158372 ], [ 12930.916853038770569, 11490.944442976697246 ], [ 12930.911807873564612, 11490.952860326317023 ], [ 12930.907612046748909, 11490.961731656763732 ], [ 12930.904305966427273, 11490.970971532275144 ], [ 12930.901921471959213, 11490.980490967798687 ], [ 12930.900481527332886, 11490.990198285966471 ], [ 12930.9, 11491.0 ], [ 12930.9, 11535.958578643761939 ], [ 12907.929289321880788, 11558.929289321880788 ], [ 12907.922698954664156, 11558.93656067158372 ], [ 12907.916853038770569, 11558.944442976697246 ], [ 12907.911807873564612, 11558.952860326317023 ], [ 12907.907612046748909, 11558.961731656763732 ], [ 12907.904305966427273, 11558.970971532275144 ], [ 12907.901921471959213, 11558.980490967798687 ], [ 12907.900481527332886, 11558.990198285966471 ], [ 12907.9, 11559.0 ], [ 12907.9, 11580.959874268519343 ], [ 12885.927735814284461, 11603.930877735403556 ], [ 12885.921480300818075, 11603.938075393902182 ], [ 12885.915938827723949, 11603.94583618075194 ], [ 12885.911161787902529, 11603.954089521115748 ], [ 12885.907192622675211, 11603.96276036098061 ], [ 12885.904067426732581, 11603.971769849697012 ], [ 12885.901814619895958, 11603.981036057008168 ], [ 12885.900454688682657, 11603.99047471812446 ], [ 12885.9, 11604.0 ], [ 12885.9, 11648.95727103945319 ], [ 12862.930877735403556, 11670.927735814284461 ], [ 12862.92394682444683, 11670.935069926164942 ], [ 12862.917790338058694, 11670.94306519971542 ], [ 12862.912470965724424, 11670.951640221683192 ], [ 12862.908042872870283, 11670.960707675429148 ], [ 12862.904551149315012, 11670.970175230044333 ], [ 12862.902031350135076, 11670.979946480520084 ], [ 12862.900509133618471, 11670.989921929414777 ], [ 12862.9, 11671.0 ], [ 12862.9, 11693.958578643761939 ], [ 12840.929289321880788, 11715.929289321880788 ], [ 12840.922698954664156, 11715.93656067158372 ], [ 12840.916853038770569, 11715.944442976697246 ], [ 12840.911807873564612, 11715.952860326317023 ], [ 12840.907612046748909, 11715.961731656763732 ], [ 12840.904305966427273, 11715.970971532275144 ], [ 12840.901921471959213, 11715.980490967798687 ], [ 12840.900481527332886, 11715.990198285966471 ], [ 12840.9, 11716.0 ], [ 12840.9, 11760.958578643761939 ], [ 12817.929289321880788, 11783.929289321880788 ], [ 12817.922698954664156, 11783.93656067158372 ], [ 12817.916853038770569, 11783.944442976697246 ], [ 12817.911807873564612, 11783.952860326317023 ], [ 12817.907612046748909, 11783.961731656763732 ], [ 12817.904305966427273, 11783.970971532275144 ], [ 12817.901921471959213, 11783.980490967798687 ], [ 12817.900481527332886, 11783.990198285966471 ], [ 12817.9, 11784.0 ], [ 12817.9, 11828.958578643761939 ], [ 12795.929289321880788, 11850.929289321880788 ], [ 12795.922698954664156, 11850.93656067158372 ], [ 12795.916853038770569, 11850.944442976697246 ], [ 12795.911807873564612, 11850.952860326317023 ], [ 12795.907612046748909, 11850.961731656763732 ], [ 12795.904305966427273, 11850.970971532275144 ], [ 12795.901921471959213, 11850.980490967798687 ], [ 12795.900481527332886, 11850.990198285966471 ], [ 12795.9, 11851.0 ], [ 12795.9, 11895.958578643761939 ], [ 12772.929289321880788, 11918.929289321880788 ], [ 12772.922698954664156, 11918.93656067158372 ], [ 12772.916853038770569, 11918.944442976697246 ], [ 12772.911807873564612, 11918.952860326317023 ], [ 12772.907612046748909, 11918.961731656763732 ], [ 12772.904305966427273, 11918.970971532275144 ], [ 12772.901921471959213, 11918.980490967798687 ], [ 12772.900481527332886, 11918.990198285966471 ], [ 12772.9, 11919.0 ], [ 12772.9, 11963.958578643761939 ], [ 12750.929289321880788, 11985.929289321880788 ], [ 12750.922698954664156, 11985.93656067158372 ], [ 12750.916853038770569, 11985.944442976697246 ], [ 12750.911807873564612, 11985.952860326317023 ], [ 12750.907612046748909, 11985.961731656763732 ], [ 12750.904305966427273, 11985.970971532275144 ], [ 12750.901921471959213, 11985.980490967798687 ], [ 12750.900481527332886, 11985.990198285966471 ], [ 12750.9, 11986.0 ], [ 12750.9, 12030.958578643761939 ], [ 12727.929289321880788, 12053.929289321880788 ], [ 12727.922698954664156, 12053.93656067158372 ], [ 12727.916853038770569, 12053.944442976697246 ], [ 12727.911807873564612, 12053.952860326317023 ], [ 12727.907612046748909, 12053.961731656763732 ], [ 12727.904305966427273, 12053.970971532275144 ], [ 12727.901921471959213, 12053.980490967798687 ], [ 12727.900481527332886, 12053.990198285966471 ], [ 12727.9, 12054.0 ], [ 12727.9, 12097.959874268519343 ], [ 12705.927735814284461, 12120.930877735403556 ], [ 12705.921480300818075, 12120.938075393902182 ], [ 12705.915938827723949, 12120.94583618075194 ], [ 12705.911161787902529, 12120.954089521115748 ], [ 12705.907192622675211, 12120.96276036098061 ], [ 12705.904067426732581, 12120.971769849697012 ], [ 12705.901814619895958, 12120.981036057008168 ], [ 12705.900454688682657, 12120.99047471812446 ], [ 12705.9, 12121.0 ], [ 12705.9, 12142.958578643761939 ], [ 12682.929289321880788, 12165.929289321880788 ], [ 12682.922698954664156, 12165.93656067158372 ], [ 12682.916853038770569, 12165.944442976697246 ], [ 12682.911807873564612, 12165.952860326317023 ], [ 12682.907612046748909, 12165.961731656763732 ], [ 12682.904305966427273, 12165.970971532275144 ], [ 12682.901921471959213, 12165.980490967798687 ], [ 12682.900481527332886, 12165.990198285966471 ], [ 12682.9, 12166.0 ], [ 12682.9, 12210.958578643761939 ], [ 12660.929289321880788, 12232.929289321880788 ], [ 12660.922698954664156, 12232.93656067158372 ], [ 12660.916853038770569, 12232.944442976697246 ], [ 12660.911807873564612, 12232.952860326317023 ], [ 12660.907612046748909, 12232.961731656763732 ], [ 12660.904305966427273, 12232.970971532275144 ], [ 12660.901921471959213, 12232.980490967798687 ], [ 12660.900481527332886, 12232.990198285966471 ], [ 12660.9, 12233.0 ], [ 12660.9, 12277.958578643761939 ], [ 12637.929289321880788, 12300.929289321880788 ], [ 12637.922698954664156, 12300.93656067158372 ], [ 12637.916853038770569, 12300.944442976697246 ], [ 12637.911807873564612, 12300.952860326317023 ], [ 12637.907612046748909, 12300.961731656763732 ], [ 12637.904305966427273, 12300.970971532275144 ], [ 12637.901921471959213, 12300.980490967798687 ], [ 12637.900481527332886, 12300.990198285966471 ], [ 12637.9, 12301.0 ], [ 12637.9, 12345.958578643761939 ], [ 12615.929289321880788, 12367.929289321880788 ], [ 12615.922698954664156, 12367.93656067158372 ], [ 12615.916853038770569, 12367.944442976697246 ], [ 12615.911807873564612, 12367.952860326317023 ], [ 12615.907612046748909, 12367.961731656763732 ], [ 12615.904305966427273, 12367.970971532275144 ], [ 12615.901921471959213, 12367.980490967798687 ], [ 12615.900481527332886, 12367.990198285966471 ], [ 12615.9, 12368.0 ], [ 12615.9, 12412.958578643761939 ], [ 12592.929289321880788, 12435.929289321880788 ], [ 12592.922698954664156, 12435.93656067158372 ], [ 12592.916853038770569, 12435.944442976697246 ], [ 12592.911807873564612, 12435.952860326317023 ], [ 12592.907612046748909, 12435.961731656763732 ], [ 12592.904305966427273, 12435.970971532275144 ], [ 12592.901921471959213, 12435.980490967798687 ], [ 12592.900481527332886, 12435.990198285966471 ], [ 12592.9, 12436.0 ], [ 12592.9, 12457.959874268519343 ], [ 12570.927735814284461, 12480.930877735403556 ], [ 12570.921480300818075, 12480.938075393902182 ], [ 12570.915938827723949, 12480.94583618075194 ], [ 12570.911161787902529, 12480.954089521115748 ], [ 12570.907192622675211, 12480.96276036098061 ], [ 12570.904067426732581, 12480.971769849697012 ], [ 12570.901814619895958, 12480.981036057008168 ], [ 12570.900454688682657, 12480.99047471812446 ], [ 12570.9, 12481.0 ], [ 12570.9, 12502.958578643761939 ], [ 12547.929289321880788, 12525.929289321880788 ], [ 12547.922698954664156, 12525.93656067158372 ], [ 12547.916853038770569, 12525.944442976697246 ], [ 12547.911807873564612, 12525.952860326317023 ], [ 12547.907612046748909, 12525.961731656763732 ], [ 12547.904305966427273, 12525.970971532275144 ], [ 12547.901921471959213, 12525.980490967798687 ], [ 12547.900481527332886, 12525.990198285966471 ], [ 12547.9, 12526.0 ], [ 12547.9, 12570.958578643761939 ], [ 12525.929289321880788, 12592.929289321880788 ], [ 12525.922698954664156, 12592.93656067158372 ], [ 12525.916853038770569, 12592.944442976697246 ], [ 12525.911807873564612, 12592.952860326317023 ], [ 12525.907612046748909, 12592.961731656763732 ], [ 12525.904305966427273, 12592.970971532275144 ], [ 12525.901921471959213, 12592.980490967798687 ], [ 12525.900481527332886, 12592.990198285966471 ], [ 12525.9, 12593.0 ], [ 12525.9, 12637.958578643761939 ], [ 12502.929289321880788, 12660.929289321880788 ], [ 12502.922698954664156, 12660.93656067158372 ], [ 12502.916853038770569, 12660.944442976697246 ], [ 12502.911807873564612, 12660.952860326317023 ], [ 12502.907612046748909, 12660.961731656763732 ], [ 12502.904305966427273, 12660.970971532275144 ], [ 12502.901921471959213, 12660.980490967798687 ], [ 12502.900481527332886, 12660.990198285966471 ], [ 12502.9, 12661.0 ], [ 12502.9, 12682.959874268519343 ], [ 12480.927735814284461, 12705.930877735403556 ], [ 12480.921480300818075, 12705.938075393902182 ], [ 12480.915938827723949, 12705.94583618075194 ], [ 12480.911161787902529, 12705.954089521115748 ], [ 12480.907192622675211, 12705.96276036098061 ], [ 12480.904067426732581, 12705.971769849697012 ], [ 12480.901814619895958, 12705.981036057008168 ], [ 12480.900454688682657, 12705.99047471812446 ], [ 12480.9, 12706.0 ], [ 12480.9, 13514.958578643761939 ], [ 12457.958578643761939, 13537.9 ], [ 12256.0, 13537.9 ], [ 12255.99047471812446, 13537.900454688682657 ], [ 12255.981036057008168, 13537.901814619895958 ], [ 12255.971769849697012, 13537.904067426732581 ], [ 12255.96276036098061, 13537.907192622675211 ], [ 12255.954089521115748, 13537.911161787902529 ], [ 12255.94583618075194, 13537.915938827723949 ], [ 12255.938075393902182, 13537.921480300818075 ], [ 12255.930877735403556, 13537.927735814284461 ], [ 12232.930877735403556, 13559.927735814284461 ], [ 12232.92394682444683, 13559.935069926164942 ], [ 12232.917790338058694, 13559.94306519971542 ], [ 12232.912470965724424, 13559.951640221683192 ], [ 12232.908042872870283, 13559.960707675429148 ], [ 12232.904551149315012, 13559.970175230044333 ], [ 12232.902031350135076, 13559.979946480520084 ], [ 12232.900509133618471, 13559.989921929414777 ], [ 12232.9, 13560.0 ], [ 12232.9, 13627.958578643761939 ], [ 12210.929289321880788, 13649.929289321880788 ], [ 12210.922698954664156, 13649.93656067158372 ], [ 12210.916853038770569, 13649.944442976697246 ], [ 12210.911807873564612, 13649.952860326317023 ], [ 12210.907612046748909, 13649.961731656763732 ], [ 12210.904305966427273, 13649.970971532275144 ], [ 12210.901921471959213, 13649.980490967798687 ], [ 12210.900481527332886, 13649.990198285966471 ], [ 12210.9, 13650.0 ], [ 12210.9, 13694.958578643761939 ], [ 12187.929289321880788, 13717.929289321880788 ], [ 12187.922698954664156, 13717.93656067158372 ], [ 12187.916853038770569, 13717.944442976697246 ], [ 12187.911807873564612, 13717.952860326317023 ], [ 12187.907612046748909, 13717.961731656763732 ], [ 12187.904305966427273, 13717.970971532275144 ], [ 12187.901921471959213, 13717.980490967798687 ], [ 12187.900481527332886, 13717.990198285966471 ], [ 12187.9, 13718.0 ], [ 12187.9, 13784.959874268519343 ], [ 12165.927735814284461, 13807.930877735403556 ], [ 12165.921480300818075, 13807.938075393902182 ], [ 12165.915938827723949, 13807.94583618075194 ], [ 12165.911161787902529, 13807.954089521115748 ], [ 12165.907192622675211, 13807.96276036098061 ], [ 12165.904067426732581, 13807.971769849697012 ], [ 12165.901814619895958, 13807.981036057008168 ], [ 12165.900454688682657, 13807.99047471812446 ], [ 12165.9, 13808.0 ], [ 12165.9, 13874.958578643761939 ], [ 12142.929289321880788, 13897.929289321880788 ], [ 12142.922698954664156, 13897.93656067158372 ], [ 12142.916853038770569, 13897.944442976697246 ], [ 12142.911807873564612, 13897.952860326317023 ], [ 12142.907612046748909, 13897.961731656763732 ], [ 12142.904305966427273, 13897.970971532275144 ], [ 12142.901921471959213, 13897.980490967798687 ], [ 12142.900481527332886, 13897.990198285966471 ], [ 12142.9, 13898.0 ], [ 12142.9, 13964.959874268519343 ], [ 12120.927735814284461, 13987.930877735403556 ], [ 12120.921480300818075, 13987.938075393902182 ], [ 12120.915938827723949, 13987.94583618075194 ], [ 12120.911161787902529, 13987.954089521115748 ], [ 12120.907192622675211, 13987.96276036098061 ], [ 12120.904067426732581, 13987.971769849697012 ], [ 12120.901814619895958, 13987.981036057008168 ], [ 12120.900454688682657, 13987.99047471812446 ], [ 12120.9, 13988.0 ], [ 12120.9, 14076.958578643761939 ], [ 12097.929289321880788, 14099.929289321880788 ], [ 12097.922698954664156, 14099.93656067158372 ], [ 12097.916853038770569, 14099.944442976697246 ], [ 12097.911807873564612, 14099.952860326317023 ], [ 12097.907612046748909, 14099.961731656763732 ], [ 12097.904305966427273, 14099.970971532275144 ], [ 12097.901921471959213, 14099.980490967798687 ], [ 12097.900481527332886, 14099.990198285966471 ], [ 12097.9, 14100.0 ], [ 12097.9, 14166.959874268519343 ], [ 12075.927735814284461, 14189.930877735403556 ], [ 12075.921480300818075, 14189.938075393902182 ], [ 12075.915938827723949, 14189.94583618075194 ], [ 12075.911161787902529, 14189.954089521115748 ], [ 12075.907192622675211, 14189.96276036098061 ], [ 12075.904067426732581, 14189.971769849697012 ], [ 12075.901814619895958, 14189.981036057008168 ], [ 12075.900454688682657, 14189.99047471812446 ], [ 12075.9, 14190.0 ], [ 12075.9, 14256.959874268519343 ], [ 12053.927735814284461, 14279.930877735403556 ], [ 12053.921480300818075, 14279.938075393902182 ], [ 12053.915938827723949, 14279.94583618075194 ], [ 12053.911161787902529, 14279.954089521115748 ], [ 12053.907192622675211, 14279.96276036098061 ], [ 12053.904067426732581, 14279.971769849697012 ], [ 12053.901814619895958, 14279.981036057008168 ], [ 12053.900454688682657, 14279.99047471812446 ], [ 12053.9, 14280.0 ], [ 12053.9, 14369.95727103945319 ], [ 12030.930877735403556, 14391.927735814284461 ], [ 12030.92394682444683, 14391.935069926164942 ], [ 12030.917790338058694, 14391.94306519971542 ], [ 12030.912470965724424, 14391.951640221683192 ], [ 12030.908042872870283, 14391.960707675429148 ], [ 12030.904551149315012, 14391.970175230044333 ], [ 12030.902031350135076, 14391.979946480520084 ], [ 12030.900509133618471, 14391.989921929414777 ], [ 12030.9, 14392.0 ], [ 12030.9, 14459.958578643761939 ], [ 12008.929289321880788, 14481.929289321880788 ], [ 12008.922698954664156, 14481.93656067158372 ], [ 12008.916853038770569, 14481.944442976697246 ], [ 12008.911807873564612, 14481.952860326317023 ], [ 12008.907612046748909, 14481.961731656763732 ], [ 12008.904305966427273, 14481.970971532275144 ], [ 12008.901921471959213, 14481.980490967798687 ], [ 12008.900481527332886, 14481.990198285966471 ], [ 12008.9, 14482.0 ], [ 12008.9, 14594.95727103945319 ], [ 11985.930877735403556, 14616.927735814284461 ], [ 11985.92394682444683, 14616.935069926164942 ], [ 11985.917790338058694, 14616.94306519971542 ], [ 11985.912470965724424, 14616.951640221683192 ], [ 11985.908042872870283, 14616.960707675429148 ], [ 11985.904551149315012, 14616.970175230044333 ], [ 11985.902031350135076, 14616.979946480520084 ], [ 11985.900509133618471, 14616.989921929414777 ], [ 11985.9, 14617.0 ], [ 11985.9, 14661.959874268519343 ], [ 11963.927735814284461, 14684.930877735403556 ], [ 11963.921480300818075, 14684.938075393902182 ], [ 11963.915938827723949, 14684.94583618075194 ], [ 11963.911161787902529, 14684.954089521115748 ], [ 11963.907192622675211, 14684.96276036098061 ], [ 11963.904067426732581, 14684.971769849697012 ], [ 11963.901814619895958, 14684.981036057008168 ], [ 11963.900454688682657, 14684.99047471812446 ], [ 11963.9, 14685.0 ], [ 11963.9, 14706.958578643761939 ], [ 11850.929289321880788, 14819.929289321880788 ], [ 11850.922698954664156, 14819.93656067158372 ], [ 11850.916853038770569, 14819.944442976697246 ], [ 11850.911807873564612, 14819.952860326317023 ], [ 11850.907612046748909, 14819.961731656763732 ], [ 11850.904305966427273, 14819.970971532275144 ], [ 11850.901921471959213, 14819.980490967798687 ], [ 11850.900481527332886, 14819.990198285966471 ], [ 11850.9, 14820.0 ], [ 11850.9, 14864.958578643761939 ], [ 11805.929289321880788, 14909.929289321880788 ], [ 11805.922698954664156, 14909.93656067158372 ], [ 11805.916853038770569, 14909.944442976697246 ], [ 11805.911807873564612, 14909.952860326317023 ], [ 11805.907612046748909, 14909.961731656763732 ], [ 11805.904305966427273, 14909.970971532275144 ], [ 11805.901921471959213, 14909.980490967798687 ], [ 11805.900481527332886, 14909.990198285966471 ], [ 11805.9, 14910.0 ], [ 11805.9, 14954.958578643761939 ], [ 11783.929289321880788, 14976.929289321880788 ], [ 11783.922698954664156, 14976.93656067158372 ], [ 11783.916853038770569, 14976.944442976697246 ], [ 11783.911807873564612, 14976.952860326317023 ], [ 11783.907612046748909, 14976.961731656763732 ], [ 11783.904305966427273, 14976.970971532275144 ], [ 11783.901921471959213, 14976.980490967798687 ], [ 11783.900481527332886, 14976.990198285966471 ], [ 11783.9, 14977.0 ], [ 11783.9, 15044.95727103945319 ], [ 11760.930877735403556, 15066.927735814284461 ], [ 11760.92394682444683, 15066.935069926164942 ], [ 11760.917790338058694, 15066.94306519971542 ], [ 11760.912470965724424, 15066.951640221683192 ], [ 11760.908042872870283, 15066.960707675429148 ], [ 11760.904551149315012, 15066.970175230044333 ], [ 11760.902031350135076, 15066.979946480520084 ], [ 11760.900509133618471, 15066.989921929414777 ], [ 11760.9, 15067.0 ], [ 11760.9, 15088.959874268519343 ], [ 11738.927735814284461, 15111.930877735403556 ], [ 11738.921394384309679, 15111.938184490765707 ], [ 11738.915788721826175, 15111.946069854178859 ], [ 11738.910971297184005, 15111.954460016744633 ], [ 11738.906987202639357, 15111.963276444519579 ], [ 11738.903873730276246, 15111.972436613617901 ], [ 11738.90166002294427, 15111.981854782648952 ], [ 11738.900366801479322, 15111.991442795284456 ], [ 11738.900006170744746, 15112.001110905415771 ], [ 11738.900581506330127, 15112.010768617205031 ], [ 11738.902087422957266, 15112.020325532144852 ], [ 11738.904509824884371, 15112.029692195208554 ], [ 11738.907826037844643, 15112.038780932176451 ], [ 11738.91200502128595, 15112.0475066702802 ], [ 11738.91700765891801, 15112.055787734509067 ], [ 11738.922787124847673, 15112.063546612109349 ], [ 11738.929289321880788, 15112.070710678119212 ], [ 11760.860132534893637, 15134.001553891132062 ], [ 11738.9292718646102, 15156.9292718646102 ], [ 11715.930877735403556, 15178.927735814284461 ], [ 11715.92394682444683, 15178.935069926164942 ], [ 11715.917790338058694, 15178.94306519971542 ], [ 11715.912470965724424, 15178.951640221683192 ], [ 11715.908042872870283, 15178.960707675429148 ], [ 11715.904551149315012, 15178.970175230044333 ], [ 11715.902031350135076, 15178.979946480520084 ], [ 11715.900509133618471, 15178.989921929414777 ], [ 11715.9, 15179.0 ], [ 11715.9, 15313.959874268519343 ], [ 11693.927735814284461, 15336.930877735403556 ], [ 11693.92136577914971, 15336.938220882886526 ], [ 11693.915738830815826, 15336.94614783785255 ], [ 11693.910908143476263, 15336.954583691242078 ], [ 11693.906919366720103, 15336.96344872494592 ], [ 11693.903810194151447, 15336.972659165137884 ], [ 11693.901610007194904, 15336.982127973929892 ], [ 11693.900339597430502, 15336.99176567187169 ], [ 11693.90001097012464, 15337.001481183524447 ], [ 11693.9006272307779, 15337.011182698117409 ], [ 11693.902182555779291, 15337.020778537147635 ], [ 11693.904662247436136, 15337.030178020744643 ], [ 11693.908042872870283, 15337.039292324570852 ], [ 11693.912292485456419, 15337.048035319221526 ], [ 11693.917370926710646, 15337.056324384127947 ], [ 11693.92323020578624, 15337.064081188320415 ], [ 11693.929814952989545, 15337.071232430649616 ], [ 11693.93706294301046, 15337.077710532474157 ], [ 11693.944905682947137, 15337.083454276275006 ], [ 11693.953269059567901, 15337.088409384154147 ], [ 11693.962074039662184, 15337.092529030755031 ], [ 11693.971237416904842, 15337.095774285764492 ], [ 11693.980672598150704, 15337.098114481794255 ], [ 11693.990290421725149, 15337.09952750418779 ], [ 11694.0, 15337.1 ], [ 11716.0, 15337.1 ], [ 11716.009801714033529, 15337.099518472667114 ], [ 11716.019509032201313, 15337.098078528040787 ], [ 11716.029028467724856, 15337.095694033572727 ], [ 11716.038268343236268, 15337.092387953251091 ], [ 11716.047139673682977, 15337.088192126435388 ], [ 11716.055557023302754, 15337.083146961229431 ], [ 11716.06343932841628, 15337.077301045335844 ], [ 11716.070710678119212, 15337.070710678119212 ], [ 11761.070710678119212, 15292.070710678119212 ], [ 11761.077301045335844, 15292.06343932841628 ], [ 11761.083146961229431, 15292.055557023302754 ], [ 11761.088192126435388, 15292.047139673682977 ], [ 11761.092387953251091, 15292.038268343236268 ], [ 11761.095694033572727, 15292.029028467724856 ], [ 11761.098078528040787, 15292.019509032201313 ], [ 11761.099518472667114, 15292.009801714033529 ], [ 11761.1, 15292.0 ], [ 11761.1, 15269.0 ], [ 11761.099518472667114, 15268.990198285966471 ], [ 11761.098078528040787, 15268.980490967798687 ], [ 11761.095694033572727, 15268.970971532275144 ], [ 11761.092387953251091, 15268.961731656763732 ], [ 11761.088192126435388, 15268.952860326317023 ], [ 11761.083146961229431, 15268.944442976697246 ], [ 11761.077301045335844, 15268.93656067158372 ], [ 11761.070710678119212, 15268.929289321880788 ], [ 11739.1, 15246.958578643761939 ], [ 11739.1, 15179.041421356238061 ], [ 11761.070710678119212, 15157.070710678119212 ], [ 11761.077301045335844, 15157.06343932841628 ], [ 11761.083146961229431, 15157.055557023302754 ], [ 11761.088192126435388, 15157.047139673682977 ], [ 11761.092387953251091, 15157.038268343236268 ], [ 11761.095694033572727, 15157.029028467724856 ], [ 11761.098078528040787, 15157.019509032201313 ], [ 11761.099518472667114, 15157.009801714033529 ], [ 11761.1, 15157.0 ], [ 11761.1, 15134.04272896054681 ], [ 11784.069122264596444, 15112.072264185715539 ], [ 11784.072264185715539, 15112.069122264596444 ], [ 11806.072264185715539, 15089.069122264596444 ], [ 11806.078519699181925, 15089.061924606097818 ], [ 11806.084061172276051, 15089.05416381924806 ], [ 11806.088838212097471, 15089.045910478884252 ], [ 11806.092807377324789, 15089.03723963901939 ], [ 11806.095932573267419, 15089.028230150302988 ], [ 11806.098185380104042, 15089.018963942991832 ], [ 11806.099545311317343, 15089.00952528187554 ], [ 11806.1, 15089.0 ], [ 11806.1, 15000.041421356238061 ], [ 11829.070710678119212, 14977.070710678119212 ], [ 11829.077301045335844, 14977.06343932841628 ], [ 11829.083146961229431, 14977.055557023302754 ], [ 11829.088192126435388, 14977.047139673682977 ], [ 11829.092387953251091, 14977.038268343236268 ], [ 11829.095694033572727, 14977.029028467724856 ], [ 11829.098078528040787, 14977.019509032201313 ], [ 11829.099518472667114, 14977.009801714033529 ], [ 11829.1, 14977.0 ], [ 11829.1, 14932.041421356238061 ], [ 11851.070710678119212, 14910.070710678119212 ], [ 11851.077301045335844, 14910.06343932841628 ], [ 11851.083146961229431, 14910.055557023302754 ], [ 11851.088192126435388, 14910.047139673682977 ], [ 11851.092387953251091, 14910.038268343236268 ], [ 11851.095694033572727, 14910.029028467724856 ], [ 11851.098078528040787, 14910.019509032201313 ], [ 11851.099518472667114, 14910.009801714033529 ], [ 11851.1, 14910.0 ], [ 11851.1, 14887.04272896054681 ], [ 11874.069122264596444, 14865.072264185715539 ], [ 11874.072264185715539, 14865.069122264596444 ], [ 11896.001588805673236, 14842.143010161911661 ], [ 11918.9, 14865.041421356238061 ], [ 11918.9, 14931.958578643761939 ], [ 11895.929289321880788, 14954.929289321880788 ], [ 11895.922698954664156, 14954.93656067158372 ], [ 11895.916853038770569, 14954.944442976697246 ], [ 11895.911807873564612, 14954.952860326317023 ], [ 11895.907612046748909, 14954.961731656763732 ], [ 11895.904305966427273, 14954.970971532275144 ], [ 11895.901921471959213, 14954.980490967798687 ], [ 11895.900481527332886, 14954.990198285966471 ], [ 11895.9, 14955.0 ], [ 11895.9, 15044.958578643761939 ], [ 11873.929289321880788, 15066.929289321880788 ], [ 11873.922698954664156, 15066.93656067158372 ], [ 11873.916853038770569, 15066.944442976697246 ], [ 11873.911807873564612, 15066.952860326317023 ], [ 11873.907612046748909, 15066.961731656763732 ], [ 11873.904305966427273, 15066.970971532275144 ], [ 11873.901921471959213, 15066.980490967798687 ], [ 11873.900481527332886, 15066.990198285966471 ], [ 11873.9, 15067.0 ], [ 11873.9, 15133.958578643761939 ], [ 11850.929289321880788, 15156.929289321880788 ], [ 11850.922698954664156, 15156.93656067158372 ], [ 11850.916853038770569, 15156.944442976697246 ], [ 11850.911807873564612, 15156.952860326317023 ], [ 11850.907612046748909, 15156.961731656763732 ], [ 11850.904305966427273, 15156.970971532275144 ], [ 11850.901921471959213, 15156.980490967798687 ], [ 11850.900481527332886, 15156.990198285966471 ], [ 11850.9, 15157.0 ], [ 11850.9, 15223.959874268519343 ], [ 11828.927735814284461, 15246.930877735403556 ], [ 11828.921480300818075, 15246.938075393902182 ], [ 11828.915938827723949, 15246.94583618075194 ], [ 11828.911161787902529, 15246.954089521115748 ], [ 11828.907192622675211, 15246.96276036098061 ], [ 11828.904067426732581, 15246.971769849697012 ], [ 11828.901814619895958, 15246.981036057008168 ], [ 11828.900454688682657, 15246.99047471812446 ], [ 11828.9, 15247.0 ], [ 11828.9, 15313.958578643761939 ], [ 11805.929289321880788, 15336.929289321880788 ], [ 11805.922698954664156, 15336.93656067158372 ], [ 11805.916853038770569, 15336.944442976697246 ], [ 11805.911807873564612, 15336.952860326317023 ], [ 11805.907612046748909, 15336.961731656763732 ], [ 11805.904305966427273, 15336.970971532275144 ], [ 11805.901921471959213, 15336.980490967798687 ], [ 11805.900481527332886, 15336.990198285966471 ], [ 11805.9, 15337.0 ], [ 11805.9, 15381.958578643761939 ], [ 11783.929289321880788, 15403.929289321880788 ], [ 11783.922698954664156, 15403.93656067158372 ], [ 11783.916853038770569, 15403.944442976697246 ], [ 11783.911807873564612, 15403.952860326317023 ], [ 11783.907612046748909, 15403.961731656763732 ], [ 11783.904305966427273, 15403.970971532275144 ], [ 11783.901921471959213, 15403.980490967798687 ], [ 11783.900481527332886, 15403.990198285966471 ], [ 11783.9, 15404.0 ], [ 11783.9, 15493.958578643761939 ], [ 11760.929289321880788, 15516.929289321880788 ], [ 11760.922698954664156, 15516.93656067158372 ], [ 11760.916853038770569, 15516.944442976697246 ], [ 11760.911807873564612, 15516.952860326317023 ], [ 11760.907612046748909, 15516.961731656763732 ], [ 11760.904305966427273, 15516.970971532275144 ], [ 11760.901921471959213, 15516.980490967798687 ], [ 11760.900481527332886, 15516.990198285966471 ], [ 11760.9, 15517.0 ], [ 11760.9, 15628.959874268519343 ], [ 11738.927735814284461, 15651.930877735403556 ], [ 11738.921480300818075, 15651.938075393902182 ], [ 11738.915938827723949, 15651.94583618075194 ], [ 11738.911161787902529, 15651.954089521115748 ], [ 11738.907192622675211, 15651.96276036098061 ], [ 11738.904067426732581, 15651.971769849697012 ], [ 11738.901814619895958, 15651.981036057008168 ], [ 11738.900454688682657, 15651.99047471812446 ], [ 11738.9, 15652.0 ], [ 11738.9, 15741.95727103945319 ], [ 11715.930877735403556, 15763.927735814284461 ], [ 11715.92394682444683, 15763.935069926164942 ], [ 11715.917790338058694, 15763.94306519971542 ], [ 11715.912470965724424, 15763.951640221683192 ], [ 11715.908042872870283, 15763.960707675429148 ], [ 11715.904551149315012, 15763.970175230044333 ], [ 11715.902031350135076, 15763.979946480520084 ], [ 11715.900509133618471, 15763.989921929414777 ], [ 11715.9, 15764.0 ], [ 11715.9, 15808.959874268519343 ], [ 11693.927735814284461, 15831.930877735403556 ], [ 11693.921480300818075, 15831.938075393902182 ], [ 11693.915938827723949, 15831.94583618075194 ], [ 11693.911161787902529, 15831.954089521115748 ], [ 11693.907192622675211, 15831.96276036098061 ], [ 11693.904067426732581, 15831.971769849697012 ], [ 11693.901814619895958, 15831.981036057008168 ], [ 11693.900454688682657, 15831.99047471812446 ], [ 11693.9, 15832.0 ], [ 11693.9, 15876.95727103945319 ], [ 11670.930877735403556, 15898.927735814284461 ], [ 11670.92394682444683, 15898.935069926164942 ], [ 11670.917790338058694, 15898.94306519971542 ], [ 11670.912470965724424, 15898.951640221683192 ], [ 11670.908042872870283, 15898.960707675429148 ], [ 11670.904551149315012, 15898.970175230044333 ], [ 11670.902031350135076, 15898.979946480520084 ], [ 11670.900509133618471, 15898.989921929414777 ], [ 11670.9, 15899.0 ], [ 11670.9, 15966.958578643761939 ], [ 11648.929289321880788, 15988.929289321880788 ], [ 11648.922698954664156, 15988.93656067158372 ], [ 11648.916853038770569, 15988.944442976697246 ], [ 11648.911807873564612, 15988.952860326317023 ], [ 11648.907612046748909, 15988.961731656763732 ], [ 11648.904305966427273, 15988.970971532275144 ], [ 11648.901921471959213, 15988.980490967798687 ], [ 11648.900481527332886, 15988.990198285966471 ], [ 11648.9, 15989.0 ], [ 11648.9, 16033.958578643761939 ], [ 11625.929289321880788, 16056.929289321880788 ], [ 11625.922698954664156, 16056.93656067158372 ], [ 11625.916853038770569, 16056.944442976697246 ], [ 11625.911807873564612, 16056.952860326317023 ], [ 11625.907612046748909, 16056.961731656763732 ], [ 11625.904305966427273, 16056.970971532275144 ], [ 11625.901921471959213, 16056.980490967798687 ], [ 11625.900481527332886, 16056.990198285966471 ], [ 11625.9, 16057.0 ], [ 11625.9, 16123.958578643761939 ], [ 11603.929289321880788, 16145.929289321880788 ], [ 11603.922698954664156, 16145.93656067158372 ], [ 11603.916853038770569, 16145.944442976697246 ], [ 11603.911807873564612, 16145.952860326317023 ], [ 11603.907612046748909, 16145.961731656763732 ], [ 11603.904305966427273, 16145.970971532275144 ], [ 11603.901921471959213, 16145.980490967798687 ], [ 11603.900481527332886, 16145.990198285966471 ], [ 11603.9, 16146.0 ], [ 11603.9, 16235.958578643761939 ], [ 11580.929289321880788, 16258.929289321880788 ], [ 11580.922698954664156, 16258.93656067158372 ], [ 11580.916853038770569, 16258.944442976697246 ], [ 11580.911807873564612, 16258.952860326317023 ], [ 11580.907612046748909, 16258.961731656763732 ], [ 11580.904305966427273, 16258.970971532275144 ], [ 11580.901921471959213, 16258.980490967798687 ], [ 11580.900481527332886, 16258.990198285966471 ], [ 11580.9, 16259.0 ], [ 11580.9, 16303.958578643761939 ], [ 11558.929289321880788, 16325.929289321880788 ], [ 11558.922698954664156, 16325.93656067158372 ], [ 11558.916853038770569, 16325.944442976697246 ], [ 11558.911807873564612, 16325.952860326317023 ], [ 11558.907612046748909, 16325.961731656763732 ], [ 11558.904305966427273, 16325.970971532275144 ], [ 11558.901921471959213, 16325.980490967798687 ], [ 11558.900481527332886, 16325.990198285966471 ], [ 11558.9, 16326.0 ], [ 11558.9, 16415.95857864376012 ], [ 11535.929289321880788, 16438.929289321880788 ], [ 11535.922698954664156, 16438.93656067158372 ], [ 11535.916853038770569, 16438.944442976699065 ], [ 11535.911807873564612, 16438.952860326317023 ], [ 11535.907612046748909, 16438.961731656763732 ], [ 11535.904305966427273, 16438.970971532275144 ], [ 11535.901921471959213, 16438.980490967798687 ], [ 11535.900481527332886, 16438.990198285966471 ], [ 11535.9, 16439.0 ], [ 11535.9, 16528.95857864376012 ], [ 11513.929289321880788, 16550.929289321880788 ], [ 11513.922698954664156, 16550.93656067158372 ], [ 11513.916853038770569, 16550.944442976699065 ], [ 11513.911807873564612, 16550.952860326317023 ], [ 11513.907612046748909, 16550.961731656763732 ], [ 11513.904305966427273, 16550.970971532275144 ], [ 11513.901921471959213, 16550.980490967798687 ], [ 11513.900481527332886, 16550.990198285966471 ], [ 11513.9, 16551.0 ], [ 11513.9, 16640.95857864376012 ], [ 11490.929289321880788, 16663.929289321880788 ], [ 11490.922698954664156, 16663.93656067158372 ], [ 11490.916853038770569, 16663.944442976699065 ], [ 11490.911807873564612, 16663.952860326317023 ], [ 11490.907612046748909, 16663.961731656763732 ], [ 11490.904305966427273, 16663.970971532275144 ], [ 11490.901921471959213, 16663.980490967798687 ], [ 11490.900481527332886, 16663.990198285966471 ], [ 11490.9, 16664.0 ], [ 11490.9, 16753.95857864376012 ], [ 11468.929289321880788, 16775.929289321880788 ], [ 11468.922698954664156, 16775.93656067158372 ], [ 11468.916853038770569, 16775.944442976699065 ], [ 11468.911807873564612, 16775.952860326317023 ], [ 11468.907612046748909, 16775.961731656763732 ], [ 11468.904305966427273, 16775.970971532275144 ], [ 11468.901921471959213, 16775.980490967798687 ], [ 11468.900481527332886, 16775.990198285966471 ], [ 11468.9, 16776.0 ], [ 11468.9, 16910.95857864376012 ], [ 11445.929289321880788, 16933.929289321880788 ], [ 11445.922698954664156, 16933.93656067158372 ], [ 11445.916853038770569, 16933.944442976699065 ], [ 11445.911807873564612, 16933.952860326317023 ], [ 11445.907612046748909, 16933.961731656763732 ], [ 11445.904305966427273, 16933.970971532275144 ], [ 11445.901921471959213, 16933.980490967798687 ], [ 11445.900481527332886, 16933.990198285966471 ], [ 11445.9, 16934.0 ], [ 11445.9, 17675.95857864376012 ], [ 11423.95857864376012, 17697.900000000001455 ], [ 11289.0, 17697.900000000001455 ], [ 11288.990198285966471, 17697.900481527332886 ], [ 11288.980490967798687, 17697.901921471959213 ], [ 11288.970971532275144, 17697.904305966425454 ], [ 11288.961731656763732, 17697.90761204674709 ], [ 11288.952860326317023, 17697.911807873566431 ], [ 11288.944442976697246, 17697.91685303876875 ], [ 11288.93656067158372, 17697.922698954662337 ], [ 11288.929289321880788, 17697.929289321880788 ], [ 11288.922698954664156, 17697.93656067158372 ], [ 11288.916853038770569, 17697.944442976699065 ], [ 11288.911807873564612, 17697.952860326317023 ], [ 11288.907612046748909, 17697.961731656763732 ], [ 11288.904305966427273, 17697.970971532275144 ], [ 11288.901921471959213, 17697.980490967798687 ], [ 11288.900481527332886, 17697.990198285966471 ], [ 11288.9, 17698.0 ], [ 11288.9, 17765.957271039456828 ], [ 11265.930877735403556, 17787.927735814286279 ], [ 11265.923946824445011, 17787.935069926166761 ], [ 11265.917790338058694, 17787.943065199713601 ], [ 11265.912470965724424, 17787.951640221683192 ], [ 11265.908042872870283, 17787.960707675429148 ], [ 11265.904551149315012, 17787.970175230042514 ], [ 11265.902031350135076, 17787.979946480518265 ], [ 11265.900509133618471, 17787.989921929412958 ], [ 11265.9, 17788.0 ], [ 11265.9, 17900.95857864376012 ], [ 11243.929289321880788, 17922.929289321880788 ], [ 11243.922698954664156, 17922.93656067158372 ], [ 11243.916853038770569, 17922.944442976699065 ], [ 11243.911807873564612, 17922.952860326317023 ], [ 11243.907612046748909, 17922.961731656763732 ], [ 11243.904305966427273, 17922.970971532275144 ], [ 11243.901921471959213, 17922.980490967798687 ], [ 11243.900481527332886, 17922.990198285966471 ], [ 11243.9, 17923.0 ], [ 11243.9, 18035.957271039456828 ], [ 11220.930877735403556, 18057.927735814286279 ], [ 11220.923946824445011, 18057.935069926166761 ], [ 11220.917790338058694, 18057.943065199713601 ], [ 11220.912470965724424, 18057.951640221683192 ], [ 11220.908042872870283, 18057.960707675429148 ], [ 11220.904551149315012, 18057.970175230042514 ], [ 11220.902031350135076, 18057.979946480518265 ], [ 11220.900509133618471, 18057.989921929412958 ], [ 11220.9, 18058.0 ], [ 11220.9, 18169.959874268519343 ], [ 11198.927735814284461, 18192.930877735401737 ], [ 11198.921480300818075, 18192.938075393900363 ], [ 11198.915938827723949, 18192.94583618075194 ], [ 11198.911161787904348, 18192.954089521113929 ], [ 11198.90719262267703, 18192.96276036098061 ], [ 11198.904067426732581, 18192.971769849697012 ], [ 11198.901814619895958, 18192.981036057008168 ], [ 11198.900454688682657, 18192.99047471812446 ], [ 11198.9, 18193.0 ], [ 11198.9, 18282.957271039456828 ], [ 11175.930877735403556, 18304.927735814286279 ], [ 11175.923946824445011, 18304.935069926166761 ], [ 11175.917790338058694, 18304.943065199713601 ], [ 11175.912470965724424, 18304.951640221683192 ], [ 11175.908042872870283, 18304.960707675429148 ], [ 11175.904551149315012, 18304.970175230042514 ], [ 11175.902031350135076, 18304.979946480518265 ], [ 11175.900509133618471, 18304.989921929412958 ], [ 11175.9, 18305.0 ], [ 11175.9, 18349.959874268519343 ], [ 11153.927735814284461, 18372.930877735401737 ], [ 11153.921480300818075, 18372.938075393900363 ], [ 11153.915938827723949, 18372.94583618075194 ], [ 11153.911161787904348, 18372.954089521113929 ], [ 11153.90719262267703, 18372.96276036098061 ], [ 11153.904067426732581, 18372.971769849697012 ], [ 11153.901814619895958, 18372.981036057008168 ], [ 11153.900454688682657, 18372.99047471812446 ], [ 11153.9, 18373.0 ], [ 11153.9, 18507.957271039456828 ], [ 11130.930877735403556, 18529.927735814286279 ], [ 11130.923946824445011, 18529.935069926166761 ], [ 11130.917790338058694, 18529.943065199713601 ], [ 11130.912470965724424, 18529.951640221683192 ], [ 11130.908042872870283, 18529.960707675429148 ], [ 11130.904551149315012, 18529.970175230042514 ], [ 11130.902031350135076, 18529.979946480518265 ], [ 11130.900509133618471, 18529.989921929412958 ], [ 11130.9, 18530.0 ], [ 11130.9, 18619.959874268519343 ], [ 11108.927735814284461, 18642.930877735401737 ], [ 11108.921480300818075, 18642.938075393900363 ], [ 11108.915938827723949, 18642.94583618075194 ], [ 11108.911161787904348, 18642.954089521113929 ], [ 11108.90719262267703, 18642.96276036098061 ], [ 11108.904067426732581, 18642.971769849697012 ], [ 11108.901814619895958, 18642.981036057008168 ], [ 11108.900454688682657, 18642.99047471812446 ], [ 11108.9, 18643.0 ], [ 11108.9, 18754.95857864376012 ], [ 11085.929289321880788, 18777.929289321880788 ], [ 11085.922698954664156, 18777.93656067158372 ], [ 11085.916853038770569, 18777.944442976699065 ], [ 11085.911807873564612, 18777.952860326317023 ], [ 11085.907612046748909, 18777.961731656763732 ], [ 11085.904305966427273, 18777.970971532275144 ], [ 11085.901921471959213, 18777.980490967798687 ], [ 11085.900481527332886, 18777.990198285966471 ], [ 11085.9, 18778.0 ], [ 11085.9, 18844.959874268519343 ], [ 11063.927735814284461, 18867.930877735401737 ], [ 11063.921394384309679, 18867.938184490765707 ], [ 11063.915788721826175, 18867.94606985417704 ], [ 11063.910971297184005, 18867.954460016742814 ], [ 11063.906987202639357, 18867.963276444519579 ], [ 11063.903873730276246, 18867.972436613617901 ], [ 11063.90166002294427, 18867.981854782647133 ], [ 11063.900366801479322, 18867.991442795282637 ], [ 11063.900006170744746, 18868.001110905413952 ], [ 11063.900581506330127, 18868.010768617205031 ], [ 11063.902087422957266, 18868.020325532143033 ], [ 11063.904509824884371, 18868.029692195210373 ], [ 11063.907826037844643, 18868.038780932176451 ], [ 11063.91200502128595, 18868.047506670278381 ], [ 11063.91700765891801, 18868.055787734509067 ], [ 11063.922787124847673, 18868.063546612109349 ], [ 11063.929289321880788, 18868.070710678119212 ], [ 11085.860132534891818, 18890.001553891132062 ], [ 11063.927735814284461, 18912.930877735401737 ], [ 11063.921480300818075, 18912.938075393900363 ], [ 11063.915938827723949, 18912.94583618075194 ], [ 11063.911161787904348, 18912.954089521113929 ], [ 11063.90719262267703, 18912.96276036098061 ], [ 11063.904067426732581, 18912.971769849697012 ], [ 11063.901814619895958, 18912.981036057008168 ], [ 11063.900454688682657, 18912.99047471812446 ], [ 11063.9, 18913.0 ], [ 11063.9, 19047.95857864376012 ], [ 11041.929289321880788, 19069.929289321880788 ], [ 11041.922698954664156, 19069.93656067158372 ], [ 11041.916853038770569, 19069.944442976699065 ], [ 11041.911807873564612, 19069.952860326317023 ], [ 11041.907612046748909, 19069.961731656763732 ], [ 11041.904305966427273, 19069.970971532275144 ], [ 11041.901921471959213, 19069.980490967798687 ], [ 11041.900481527332886, 19069.990198285966471 ], [ 11041.9, 19070.0 ], [ 11041.9, 19181.95857864376012 ], [ 11018.929289321880788, 19204.929289321880788 ], [ 11018.922698954664156, 19204.93656067158372 ], [ 11018.916853038770569, 19204.944442976699065 ], [ 11018.911807873564612, 19204.952860326317023 ], [ 11018.907612046748909, 19204.961731656763732 ], [ 11018.904305966427273, 19204.970971532275144 ], [ 11018.901921471959213, 19204.980490967798687 ], [ 11018.900481527332886, 19204.990198285966471 ], [ 11018.9, 19205.0 ], [ 11018.9, 19406.959874268519343 ], [ 10996.927735814284461, 19429.930877735401737 ], [ 10996.921480300818075, 19429.938075393900363 ], [ 10996.915938827723949, 19429.94583618075194 ], [ 10996.911161787904348, 19429.954089521113929 ], [ 10996.90719262267703, 19429.96276036098061 ], [ 10996.904067426732581, 19429.971769849697012 ], [ 10996.901814619895958, 19429.981036057008168 ], [ 10996.900454688682657, 19429.99047471812446 ], [ 10996.9, 19430.0 ], [ 10996.9, 19631.95857864376012 ], [ 10973.929289321880788, 19654.929289321880788 ], [ 10973.922698954664156, 19654.93656067158372 ], [ 10973.916853038770569, 19654.944442976699065 ], [ 10973.911807873564612, 19654.952860326317023 ], [ 10973.907612046748909, 19654.961731656763732 ], [ 10973.904305966427273, 19654.970971532275144 ], [ 10973.901921471959213, 19654.980490967798687 ], [ 10973.900481527332886, 19654.990198285966471 ], [ 10973.9, 19655.0 ], [ 10973.9, 19700.0 ], [ 10973.900509133618471, 19700.010078070587042 ], [ 10973.902031350135076, 19700.020053519481735 ], [ 10973.904551149315012, 19700.029824769957486 ], [ 10973.908042872870283, 19700.039292324570852 ], [ 10973.912470965724424, 19700.048359778316808 ], [ 10973.917790338058694, 19700.056934800286399 ], [ 10973.923946824445011, 19700.064930073833239 ], [ 10973.930877735403556, 19700.072264185713721 ], [ 10996.929271864568364, 19722.070728135349782 ], [ 11018.860132534891818, 19744.998446108867938 ], [ 10996.95857864376012, 19766.900000000001455 ], [ 10974.0, 19766.900000000001455 ], [ 10973.990198285966471, 19766.900481527332886 ], [ 10973.980490967798687, 19766.901921471959213 ], [ 10973.970971532275144, 19766.904305966425454 ], [ 10973.961731656763732, 19766.90761204674709 ], [ 10973.952860326317023, 19766.911807873566431 ], [ 10973.944442976697246, 19766.91685303876875 ], [ 10973.93656067158372, 19766.922698954662337 ], [ 10973.929289321880788, 19766.929289321880788 ], [ 10973.922698954664156, 19766.93656067158372 ], [ 10973.916853038770569, 19766.944442976699065 ], [ 10973.911807873564612, 19766.952860326317023 ], [ 10973.907612046748909, 19766.961731656763732 ], [ 10973.904305966427273, 19766.970971532275144 ], [ 10973.901921471959213, 19766.980490967798687 ], [ 10973.900481527332886, 19766.990198285966471 ], [ 10973.9, 19767.0 ], [ 10973.9, 19812.0 ], [ 10973.900481527332886, 19812.009801714033529 ], [ 10973.901921471959213, 19812.019509032201313 ], [ 10973.904305966427273, 19812.029028467724856 ], [ 10973.907612046748909, 19812.038268343236268 ], [ 10973.911807873564612, 19812.047139673682977 ], [ 10973.916853038770569, 19812.055557023300935 ], [ 10973.922698954664156, 19812.06343932841628 ], [ 10973.929289321880788, 19812.070710678119212 ], [ 10996.856989838088339, 19834.998411194326764 ], [ 10973.930877735403556, 19856.927735814286279 ], [ 10973.923946824445011, 19856.935069926166761 ], [ 10973.917790338058694, 19856.943065199713601 ], [ 10973.912470965724424, 19856.951640221683192 ], [ 10973.908042872870283, 19856.960707675429148 ], [ 10973.904551149315012, 19856.970175230042514 ], [ 10973.902031350135076, 19856.979946480518265 ], [ 10973.900509133618471, 19856.989921929412958 ], [ 10973.9, 19857.0 ], [ 10973.9, 19879.95857864376012 ], [ 10951.929289321880788, 19901.929289321880788 ], [ 10951.922698954664156, 19901.93656067158372 ], [ 10951.916853038770569, 19901.944442976699065 ], [ 10951.911807873564612, 19901.952860326317023 ], [ 10951.907612046748909, 19901.961731656763732 ], [ 10951.904305966427273, 19901.970971532275144 ], [ 10951.901921471959213, 19901.980490967798687 ], [ 10951.900481527332886, 19901.990198285966471 ], [ 10951.9, 19902.0 ], [ 10951.9, 20126.957271039456828 ], [ 10928.930877735403556, 20148.927735814286279 ], [ 10928.923946824445011, 20148.935069926166761 ], [ 10928.917790338058694, 20148.943065199713601 ], [ 10928.912470965724424, 20148.951640221683192 ], [ 10928.908042872870283, 20148.960707675429148 ], [ 10928.904551149315012, 20148.970175230042514 ], [ 10928.902031350135076, 20148.979946480518265 ], [ 10928.900509133618471, 20148.989921929412958 ], [ 10928.9, 20149.0 ], [ 10928.9, 20351.95857864376012 ], [ 10906.929289321880788, 20373.929289321880788 ], [ 10906.922698954664156, 20373.93656067158372 ], [ 10906.916853038770569, 20373.944442976699065 ], [ 10906.911807873564612, 20373.952860326317023 ], [ 10906.907612046748909, 20373.961731656763732 ], [ 10906.904305966427273, 20373.970971532275144 ], [ 10906.901921471959213, 20373.980490967798687 ], [ 10906.900481527332886, 20373.990198285966471 ], [ 10906.9, 20374.0 ], [ 10906.9, 20621.957271039456828 ], [ 10883.930877735403556, 20643.927735814286279 ], [ 10883.923946824445011, 20643.935069926166761 ], [ 10883.917790338058694, 20643.943065199713601 ], [ 10883.912470965724424, 20643.951640221683192 ], [ 10883.908042872870283, 20643.960707675429148 ], [ 10883.904551149315012, 20643.970175230042514 ], [ 10883.902031350135076, 20643.979946480518265 ], [ 10883.900509133618471, 20643.989921929412958 ], [ 10883.9, 20644.0 ], [ 10883.9, 20913.959874268519343 ], [ 10861.927735814284461, 20936.930877735401737 ], [ 10861.921480300818075, 20936.938075393900363 ], [ 10861.915938827723949, 20936.94583618075194 ], [ 10861.911161787904348, 20936.954089521113929 ], [ 10861.90719262267703, 20936.96276036098061 ], [ 10861.904067426732581, 20936.971769849697012 ], [ 10861.901814619895958, 20936.981036057008168 ], [ 10861.900454688682657, 20936.99047471812446 ], [ 10861.9, 20937.0 ], [ 10861.9, 21340.95857864376012 ], [ 10838.929289321880788, 21363.929289321880788 ], [ 10838.922698954664156, 21363.93656067158372 ], [ 10838.916853038770569, 21363.944442976699065 ], [ 10838.911807873564612, 21363.952860326317023 ], [ 10838.907612046748909, 21363.961731656763732 ], [ 10838.904305966427273, 21363.970971532275144 ], [ 10838.901921471959213, 21363.980490967798687 ], [ 10838.900481527332886, 21363.990198285966471 ], [ 10838.9, 21364.0 ], [ 10838.9, 22803.0 ], [ 10838.900481527332886, 22803.009801714033529 ], [ 10838.901921471959213, 22803.019509032201313 ], [ 10838.904305966427273, 22803.029028467724856 ], [ 10838.907612046748909, 22803.038268343236268 ], [ 10838.911807873564612, 22803.047139673682977 ], [ 10838.916853038770569, 22803.055557023300935 ], [ 10838.922698954664156, 22803.06343932841628 ], [ 10838.929289321880788, 22803.070710678119212 ], [ 10861.9, 22826.04142135623988 ], [ 10861.9, 23635.0 ], [ 10861.900454688682657, 23635.00952528187554 ], [ 10861.901814619895958, 23635.018963942991832 ], [ 10861.904067426732581, 23635.028230150302988 ], [ 10861.90719262267703, 23635.03723963901939 ], [ 10861.911161787904348, 23635.045910478886071 ], [ 10861.915938827723949, 23635.05416381924806 ], [ 10861.921480300818075, 23635.061924606099637 ], [ 10861.927735814284461, 23635.069122264598263 ], [ 10883.9, 23658.040125731480657 ], [ 10883.9, 24018.0 ], [ 10883.900509133618471, 24018.010078070587042 ], [ 10883.902031350135076, 24018.020053519481735 ], [ 10883.904551149315012, 24018.029824769957486 ], [ 10883.908042872870283, 24018.039292324570852 ], [ 10883.912470965724424, 24018.048359778316808 ], [ 10883.917790338058694, 24018.056934800286399 ], [ 10883.923946824445011, 24018.064930073833239 ], [ 10883.930877735403556, 24018.072264185713721 ], [ 10906.9, 24040.042728960543172 ], [ 10906.9, 24377.0 ], [ 10906.900454688682657, 24377.00952528187554 ], [ 10906.901814619895958, 24377.018963942991832 ], [ 10906.904067426732581, 24377.028230150302988 ], [ 10906.90719262267703, 24377.03723963901939 ], [ 10906.911161787904348, 24377.045910478886071 ], [ 10906.915938827723949, 24377.05416381924806 ], [ 10906.921480300818075, 24377.061924606099637 ], [ 10906.927735814284461, 24377.069122264598263 ], [ 10928.9, 24400.040125731480657 ], [ 10928.9, 24782.0 ], [ 10928.900481527332886, 24782.009801714033529 ], [ 10928.901921471959213, 24782.019509032201313 ], [ 10928.904305966427273, 24782.029028467724856 ], [ 10928.907612046748909, 24782.038268343236268 ], [ 10928.911807873564612, 24782.047139673682977 ], [ 10928.916853038770569, 24782.055557023300935 ], [ 10928.922698954664156, 24782.06343932841628 ], [ 10928.929289321880788, 24782.070710678119212 ], [ 10951.9, 24805.04142135623988 ], [ 10951.9, 25052.0 ], [ 10951.900454688682657, 25052.00952528187554 ], [ 10951.901814619895958, 25052.018963942991832 ], [ 10951.904067426732581, 25052.028230150302988 ], [ 10951.90719262267703, 25052.03723963901939 ], [ 10951.911161787904348, 25052.045910478886071 ], [ 10951.915938827723949, 25052.05416381924806 ], [ 10951.921480300818075, 25052.061924606099637 ], [ 10951.927735814284461, 25052.069122264598263 ], [ 10973.9, 25075.040125731480657 ], [ 10973.9, 25367.0 ], [ 10973.900509133618471, 25367.010078070587042 ], [ 10973.902031350135076, 25367.020053519481735 ], [ 10973.904551149315012, 25367.029824769957486 ], [ 10973.908042872870283, 25367.039292324570852 ], [ 10973.912470965724424, 25367.048359778316808 ], [ 10973.917790338058694, 25367.056934800286399 ], [ 10973.923946824445011, 25367.064930073833239 ], [ 10973.930877735403556, 25367.072264185713721 ], [ 10996.9, 25389.042728960543172 ], [ 10996.9, 25952.0 ], [ 10996.900481527332886, 25952.009801714033529 ], [ 10996.901921471959213, 25952.019509032201313 ], [ 10996.904305966427273, 25952.029028467724856 ], [ 10996.907612046748909, 25952.038268343236268 ], [ 10996.911807873564612, 25952.047139673682977 ], [ 10996.916853038770569, 25952.055557023300935 ], [ 10996.922698954664156, 25952.06343932841628 ], [ 10996.929289321880788, 25952.070710678119212 ], [ 11018.9, 25974.04142135623988 ], [ 11018.9, 26334.0 ], [ 11018.900509133618471, 26334.010078070587042 ], [ 11018.902031350135076, 26334.020053519481735 ], [ 11018.904551149315012, 26334.029824769957486 ], [ 11018.908042872870283, 26334.039292324570852 ], [ 11018.912470965724424, 26334.048359778316808 ], [ 11018.917790338058694, 26334.056934800286399 ], [ 11018.923946824445011, 26334.064930073833239 ], [ 11018.930877735403556, 26334.072264185713721 ], [ 11041.9, 26356.042728960543172 ], [ 11041.9, 26694.0 ], [ 11041.900481527332886, 26694.009801714033529 ], [ 11041.901921471959213, 26694.019509032201313 ], [ 11041.904305966427273, 26694.029028467724856 ], [ 11041.907612046748909, 26694.038268343236268 ], [ 11041.911807873564612, 26694.047139673682977 ], [ 11041.916853038770569, 26694.055557023300935 ], [ 11041.922698954664156, 26694.06343932841628 ], [ 11041.929289321880788, 26694.070710678119212 ], [ 11063.860132534891818, 26716.001553891132062 ], [ 11041.927735814284461, 26738.930877735401737 ], [ 11041.921480300818075, 26738.938075393900363 ], [ 11041.915938827723949, 26738.94583618075194 ], [ 11041.911161787904348, 26738.954089521113929 ], [ 11041.90719262267703, 26738.96276036098061 ], [ 11041.904067426732581, 26738.971769849697012 ], [ 11041.901814619895958, 26738.981036057008168 ], [ 11041.900454688682657, 26738.99047471812446 ], [ 11041.9, 26739.0 ], [ 11041.9, 26761.0 ], [ 11041.900454688682657, 26761.00952528187554 ], [ 11041.901814619895958, 26761.018963942991832 ], [ 11041.904067426732581, 26761.028230150302988 ], [ 11041.90719262267703, 26761.03723963901939 ], [ 11041.911161787904348, 26761.045910478886071 ], [ 11041.915938827723949, 26761.05416381924806 ], [ 11041.921480300818075, 26761.061924606099637 ], [ 11041.927735814284461, 26761.069122264598263 ], [ 11063.9, 26784.040125731480657 ], [ 11063.9, 27436.0 ], [ 11063.900481527332886, 27436.009801714033529 ], [ 11063.901921471959213, 27436.019509032201313 ], [ 11063.904305966427273, 27436.029028467724856 ], [ 11063.907612046748909, 27436.038268343236268 ], [ 11063.911807873564612, 27436.047139673682977 ], [ 11063.916853038770569, 27436.055557023300935 ], [ 11063.922698954664156, 27436.06343932841628 ], [ 11063.929289321880788, 27436.070710678119212 ], [ 11085.9, 27458.04142135623988 ], [ 11085.9, 27661.0 ], [ 11085.900509133618471, 27661.010078070587042 ], [ 11085.902031350135076, 27661.020053519481735 ], [ 11085.904551149315012, 27661.029824769957486 ], [ 11085.908042872870283, 27661.039292324570852 ], [ 11085.912470965724424, 27661.048359778316808 ], [ 11085.917790338058694, 27661.056934800286399 ], [ 11085.923946824445011, 27661.064930073833239 ], [ 11085.930877735403556, 27661.072264185713721 ], [ 11108.9, 27683.042728960543172 ], [ 11108.9, 27796.0 ], [ 11108.900481527332886, 27796.009801714033529 ], [ 11108.901921471959213, 27796.019509032201313 ], [ 11108.904305966427273, 27796.029028467724856 ], [ 11108.907612046748909, 27796.038268343236268 ], [ 11108.911807873564612, 27796.047139673682977 ], [ 11108.916853038770569, 27796.055557023300935 ], [ 11108.922698954664156, 27796.06343932841628 ], [ 11108.929289321880788, 27796.070710678119212 ], [ 11130.860132534891818, 27818.001553891132062 ], [ 11108.927735814284461, 27840.930877735401737 ], [ 11108.921480300818075, 27840.938075393900363 ], [ 11108.915938827723949, 27840.94583618075194 ], [ 11108.911161787904348, 27840.954089521113929 ], [ 11108.90719262267703, 27840.96276036098061 ], [ 11108.904067426732581, 27840.971769849697012 ], [ 11108.901814619895958, 27840.981036057008168 ], [ 11108.900454688682657, 27840.99047471812446 ], [ 11108.9, 27841.0 ], [ 11108.9, 27863.0 ], [ 11108.900454688682657, 27863.00952528187554 ], [ 11108.901814619895958, 27863.018963942991832 ], [ 11108.904067426732581, 27863.028230150302988 ], [ 11108.90719262267703, 27863.03723963901939 ], [ 11108.911161787904348, 27863.045910478886071 ], [ 11108.915938827723949, 27863.05416381924806 ], [ 11108.921480300818075, 27863.061924606099637 ], [ 11108.927735814284461, 27863.069122264598263 ], [ 11130.9, 27886.040125731480657 ], [ 11130.9, 28088.0 ], [ 11130.900481527332886, 28088.009801714033529 ], [ 11130.901921471959213, 28088.019509032201313 ], [ 11130.904305966427273, 28088.029028467724856 ], [ 11130.907612046748909, 28088.038268343236268 ], [ 11130.911807873564612, 28088.047139673682977 ], [ 11130.916853038770569, 28088.055557023300935 ], [ 11130.922698954664156, 28088.06343932841628 ], [ 11130.929289321880788, 28088.070710678119212 ], [ 11153.9, 28111.04142135623988 ], [ 11153.9, 28335.0 ], [ 11153.900454688682657, 28335.00952528187554 ], [ 11153.901814619895958, 28335.018963942991832 ], [ 11153.904067426732581, 28335.028230150302988 ], [ 11153.90719262267703, 28335.03723963901939 ], [ 11153.911161787904348, 28335.045910478886071 ], [ 11153.915938827723949, 28335.05416381924806 ], [ 11153.921480300818075, 28335.061924606099637 ], [ 11153.927735814284461, 28335.069122264598263 ], [ 11175.9, 28358.040125731480657 ], [ 11175.9, 28493.0 ], [ 11175.900509133618471, 28493.010078070587042 ], [ 11175.902031350135076, 28493.020053519481735 ], [ 11175.904551149315012, 28493.029824769957486 ], [ 11175.908042872870283, 28493.039292324570852 ], [ 11175.912470965724424, 28493.048359778316808 ], [ 11175.917790338058694, 28493.056934800286399 ], [ 11175.923946824445011, 28493.064930073833239 ], [ 11175.930877735403556, 28493.072264185713721 ], [ 11198.856989838088339, 28515.001588805673236 ], [ 11175.929289321880788, 28537.929289321880788 ], [ 11175.922698954664156, 28537.93656067158372 ], [ 11175.916853038770569, 28537.944442976699065 ], [ 11175.911807873564612, 28537.952860326317023 ], [ 11175.907612046748909, 28537.961731656763732 ], [ 11175.904305966427273, 28537.970971532275144 ], [ 11175.901921471959213, 28537.980490967798687 ], [ 11175.900481527332886, 28537.990198285966471 ], [ 11175.9, 28538.0 ], [ 11175.9, 28560.0 ], [ 11175.900481527332886, 28560.009801714033529 ], [ 11175.901921471959213, 28560.019509032201313 ], [ 11175.904305966427273, 28560.029028467724856 ], [ 11175.907612046748909, 28560.038268343236268 ], [ 11175.911807873564612, 28560.047139673682977 ], [ 11175.916853038770569, 28560.055557023300935 ], [ 11175.922698954664156, 28560.06343932841628 ], [ 11175.929289321880788, 28560.070710678119212 ], [ 11198.9, 28583.04142135623988 ], [ 11198.9, 28718.0 ], [ 11198.900481527332886, 28718.009801714033529 ], [ 11198.901921471959213, 28718.019509032201313 ], [ 11198.904305966427273, 28718.029028467724856 ], [ 11198.907612046748909, 28718.038268343236268 ], [ 11198.911807873564612, 28718.047139673682977 ], [ 11198.916853038770569, 28718.055557023300935 ], [ 11198.922698954664156, 28718.06343932841628 ], [ 11198.929289321880788, 28718.070710678119212 ], [ 11220.9, 28740.04142135623988 ], [ 11220.9, 28943.0 ], [ 11220.900509133618471, 28943.010078070587042 ], [ 11220.902031350135076, 28943.020053519481735 ], [ 11220.904551149315012, 28943.029824769957486 ], [ 11220.908042872870283, 28943.039292324570852 ], [ 11220.912470965724424, 28943.048359778316808 ], [ 11220.917790338058694, 28943.056934800286399 ], [ 11220.923946824445011, 28943.064930073833239 ], [ 11220.930877735403556, 28943.072264185713721 ], [ 11243.9, 28965.042728960543172 ], [ 11243.9, 29123.0 ], [ 11243.900481527332886, 29123.009801714033529 ], [ 11243.901921471959213, 29123.019509032201313 ], [ 11243.904305966427273, 29123.029028467724856 ], [ 11243.907612046748909, 29123.038268343236268 ], [ 11243.911807873564612, 29123.047139673682977 ], [ 11243.916853038770569, 29123.055557023300935 ], [ 11243.922698954664156, 29123.06343932841628 ], [ 11243.929289321880788, 29123.070710678119212 ], [ 11243.93656067158372, 29123.077301045337663 ], [ 11243.944442976697246, 29123.08314696123125 ], [ 11243.952860326317023, 29123.088192126433569 ], [ 11243.961731656763732, 29123.09238795325291 ], [ 11243.970971532275144, 29123.095694033574546 ], [ 11243.980490967798687, 29123.098078528040787 ], [ 11243.990198285966471, 29123.099518472667114 ], [ 11244.0, 29123.099999999998545 ], [ 11423.95857864376012, 29123.099999999998545 ], [ 11445.9, 29145.04142135623988 ], [ 11445.9, 30337.0 ], [ 11445.900509133618471, 30337.010078070587042 ], [ 11445.902031350135076, 30337.020053519481735 ], [ 11445.904551149315012, 30337.029824769957486 ], [ 11445.908042872870283, 30337.039292324570852 ], [ 11445.912470965724424, 30337.048359778316808 ], [ 11445.917790338058694, 30337.056934800286399 ], [ 11445.923946824445011, 30337.064930073833239 ], [ 11445.930877735403556, 30337.072264185713721 ], [ 11468.9, 30359.042728960543172 ], [ 11468.9, 30449.0 ], [ 11468.900454688682657, 30449.00952528187554 ], [ 11468.901814619895958, 30449.018963942991832 ], [ 11468.904067426732581, 30449.028230150302988 ], [ 11468.90719262267703, 30449.03723963901939 ], [ 11468.911161787904348, 30449.045910478886071 ], [ 11468.915938827723949, 30449.05416381924806 ], [ 11468.921480300818075, 30449.061924606099637 ], [ 11468.927735814284461, 30449.069122264598263 ], [ 11490.9, 30472.040125731480657 ], [ 11490.9, 30562.0 ], [ 11490.900509133618471, 30562.010078070587042 ], [ 11490.902031350135076, 30562.020053519481735 ], [ 11490.904551149315012, 30562.029824769957486 ], [ 11490.908042872870283, 30562.039292324570852 ], [ 11490.912470965724424, 30562.048359778316808 ], [ 11490.917790338058694, 30562.056934800286399 ], [ 11490.923946824445011, 30562.064930073833239 ], [ 11490.930877735403556, 30562.072264185713721 ], [ 11513.9, 30584.042728960543172 ], [ 11513.9, 30652.0 ], [ 11513.900481527332886, 30652.009801714033529 ], [ 11513.901921471959213, 30652.019509032201313 ], [ 11513.904305966427273, 30652.029028467724856 ], [ 11513.907612046748909, 30652.038268343236268 ], [ 11513.911807873564612, 30652.047139673682977 ], [ 11513.916853038770569, 30652.055557023300935 ], [ 11513.922698954664156, 30652.06343932841628 ], [ 11513.929289321880788, 30652.070710678119212 ], [ 11535.9, 30674.04142135623988 ], [ 11535.9, 30742.0 ], [ 11535.900509133618471, 30742.010078070587042 ], [ 11535.902031350135076, 30742.020053519481735 ], [ 11535.904551149315012, 30742.029824769957486 ], [ 11535.908042872870283, 30742.039292324570852 ], [ 11535.912470965724424, 30742.048359778316808 ], [ 11535.917790338058694, 30742.056934800286399 ], [ 11535.923946824445011, 30742.064930073833239 ], [ 11535.930877735403556, 30742.072264185713721 ], [ 11558.9, 30764.042728960543172 ], [ 11558.9, 30832.0 ], [ 11558.900481527332886, 30832.009801714033529 ], [ 11558.901921471959213, 30832.019509032201313 ], [ 11558.904305966427273, 30832.029028467724856 ], [ 11558.907612046748909, 30832.038268343236268 ], [ 11558.911807873564612, 30832.047139673682977 ], [ 11558.916853038770569, 30832.055557023300935 ], [ 11558.922698954664156, 30832.06343932841628 ], [ 11558.929289321880788, 30832.070710678119212 ], [ 11580.9, 30854.04142135623988 ], [ 11580.9, 30922.0 ], [ 11580.900509133618471, 30922.010078070587042 ], [ 11580.902031350135076, 30922.020053519481735 ], [ 11580.904551149315012, 30922.029824769957486 ], [ 11580.908042872870283, 30922.039292324570852 ], [ 11580.912470965724424, 30922.048359778316808 ], [ 11580.917790338058694, 30922.056934800286399 ], [ 11580.923946824445011, 30922.064930073833239 ], [ 11580.930877735403556, 30922.072264185713721 ], [ 11603.9, 30944.042728960543172 ], [ 11603.9, 31012.0 ], [ 11603.900481527332886, 31012.009801714033529 ], [ 11603.901921471959213, 31012.019509032201313 ], [ 11603.904305966427273, 31012.029028467724856 ], [ 11603.907612046748909, 31012.038268343236268 ], [ 11603.911807873564612, 31012.047139673682977 ], [ 11603.916853038770569, 31012.055557023300935 ], [ 11603.922698954664156, 31012.06343932841628 ], [ 11603.929289321880788, 31012.070710678119212 ], [ 11625.9, 31034.04142135623988 ], [ 11625.9, 31102.0 ], [ 11625.900509133618471, 31102.010078070587042 ], [ 11625.902031350135076, 31102.020053519481735 ], [ 11625.904551149315012, 31102.029824769957486 ], [ 11625.908042872870283, 31102.039292324570852 ], [ 11625.912470965724424, 31102.048359778316808 ], [ 11625.917790338058694, 31102.056934800286399 ], [ 11625.923946824445011, 31102.064930073833239 ], [ 11625.930877735403556, 31102.072264185713721 ], [ 11648.9, 31124.042728960543172 ], [ 11648.9, 31214.0 ], [ 11648.900481527332886, 31214.009801714033529 ], [ 11648.901921471959213, 31214.019509032201313 ], [ 11648.904305966427273, 31214.029028467724856 ], [ 11648.907612046748909, 31214.038268343236268 ], [ 11648.911807873564612, 31214.047139673682977 ], [ 11648.916853038770569, 31214.055557023300935 ], [ 11648.922698954664156, 31214.06343932841628 ], [ 11648.929289321880788, 31214.070710678119212 ], [ 11670.9, 31236.04142135623988 ], [ 11670.9, 31326.0 ], [ 11670.900481527332886, 31326.009801714033529 ], [ 11670.901921471959213, 31326.019509032201313 ], [ 11670.904305966427273, 31326.029028467724856 ], [ 11670.907612046748909, 31326.038268343236268 ], [ 11670.911807873564612, 31326.047139673682977 ], [ 11670.916853038770569, 31326.055557023300935 ], [ 11670.922698954664156, 31326.06343932841628 ], [ 11670.929289321880788, 31326.070710678119212 ], [ 11693.9, 31349.04142135623988 ], [ 11693.9, 31394.0 ], [ 11693.900481527332886, 31394.009801714033529 ], [ 11693.901921471959213, 31394.019509032201313 ], [ 11693.904305966427273, 31394.029028467724856 ], [ 11693.907612046748909, 31394.038268343236268 ], [ 11693.911807873564612, 31394.047139673682977 ], [ 11693.916853038770569, 31394.055557023300935 ], [ 11693.922698954664156, 31394.06343932841628 ], [ 11693.929289321880788, 31394.070710678119212 ], [ 11715.9, 31416.04142135623988 ], [ 11715.9, 31506.0 ], [ 11715.900481527332886, 31506.009801714033529 ], [ 11715.901921471959213, 31506.019509032201313 ], [ 11715.904305966427273, 31506.029028467724856 ], [ 11715.907612046748909, 31506.038268343236268 ], [ 11715.911807873564612, 31506.047139673682977 ], [ 11715.916853038770569, 31506.055557023300935 ], [ 11715.922698954664156, 31506.06343932841628 ], [ 11715.929289321880788, 31506.070710678119212 ], [ 11738.9, 31529.04142135623988 ], [ 11738.9, 31619.0 ], [ 11738.900481527332886, 31619.009801714033529 ], [ 11738.901921471959213, 31619.019509032201313 ], [ 11738.904305966427273, 31619.029028467724856 ], [ 11738.907612046748909, 31619.038268343236268 ], [ 11738.911807873564612, 31619.047139673682977 ], [ 11738.916853038770569, 31619.055557023300935 ], [ 11738.922698954664156, 31619.06343932841628 ], [ 11738.929289321880788, 31619.070710678119212 ], [ 11760.9, 31641.04142135623988 ], [ 11760.9, 31709.0 ], [ 11760.900509133618471, 31709.010078070587042 ], [ 11760.902031350135076, 31709.020053519481735 ], [ 11760.904551149315012, 31709.029824769957486 ], [ 11760.908042872870283, 31709.039292324570852 ], [ 11760.912470965724424, 31709.048359778316808 ], [ 11760.917790338058694, 31709.056934800286399 ], [ 11760.923946824445011, 31709.064930073833239 ], [ 11760.930877735403556, 31709.072264185713721 ], [ 11783.9, 31731.042728960543172 ], [ 11783.9, 31821.0 ], [ 11783.900454688682657, 31821.00952528187554 ], [ 11783.901814619895958, 31821.018963942991832 ], [ 11783.904067426732581, 31821.028230150302988 ], [ 11783.90719262267703, 31821.03723963901939 ], [ 11783.911161787904348, 31821.045910478886071 ], [ 11783.915938827723949, 31821.05416381924806 ], [ 11783.921480300818075, 31821.061924606099637 ], [ 11783.927735814284461, 31821.069122264598263 ], [ 11805.9, 31844.040125731480657 ], [ 11805.9, 31911.0 ], [ 11805.900481527332886, 31911.009801714033529 ], [ 11805.901921471959213, 31911.019509032201313 ], [ 11805.904305966427273, 31911.029028467724856 ], [ 11805.907612046748909, 31911.038268343236268 ], [ 11805.911807873564612, 31911.047139673682977 ], [ 11805.916853038770569, 31911.055557023300935 ], [ 11805.922698954664156, 31911.06343932841628 ], [ 11805.929289321880788, 31911.070710678119212 ], [ 11828.9, 31934.04142135623988 ], [ 11828.9, 32001.0 ], [ 11828.900454688682657, 32001.00952528187554 ], [ 11828.901814619895958, 32001.018963942991832 ], [ 11828.904067426732581, 32001.028230150302988 ], [ 11828.90719262267703, 32001.03723963901939 ], [ 11828.911161787904348, 32001.045910478886071 ], [ 11828.915938827723949, 32001.05416381924806 ], [ 11828.921480300818075, 32001.061924606099637 ], [ 11828.927735814284461, 32001.069122264598263 ], [ 11850.9, 32024.040125731480657 ], [ 11850.9, 32136.0 ], [ 11850.900481527332886, 32136.009801714033529 ], [ 11850.901921471959213, 32136.019509032201313 ], [ 11850.904305966427273, 32136.029028467724856 ], [ 11850.907612046748909, 32136.038268343236268 ], [ 11850.911807873564612, 32136.047139673682977 ], [ 11850.916853038770569, 32136.055557023300935 ], [ 11850.922698954664156, 32136.06343932841628 ], [ 11850.929289321880788, 32136.070710678119212 ], [ 11873.9, 32159.04142135623988 ], [ 11873.9, 32226.0 ], [ 11873.900481527332886, 32226.009801714033529 ], [ 11873.901921471959213, 32226.019509032201313 ], [ 11873.904305966427273, 32226.029028467724856 ], [ 11873.907612046748909, 32226.038268343236268 ], [ 11873.911807873564612, 32226.047139673682977 ], [ 11873.916853038770569, 32226.055557023300935 ], [ 11873.922698954664156, 32226.06343932841628 ], [ 11873.929289321880788, 32226.070710678119212 ], [ 11895.9, 32248.04142135623988 ], [ 11895.9, 32316.0 ], [ 11895.900509133618471, 32316.010078070587042 ], [ 11895.902031350135076, 32316.020053519481735 ], [ 11895.904551149315012, 32316.029824769957486 ], [ 11895.908042872870283, 32316.039292324570852 ], [ 11895.912470965724424, 32316.048359778316808 ], [ 11895.917790338058694, 32316.056934800286399 ], [ 11895.923946824445011, 32316.064930073833239 ], [ 11895.930877735403556, 32316.072264185713721 ], [ 11918.9, 32338.042728960543172 ], [ 11918.9, 32383.0 ], [ 11918.900454688682657, 32383.00952528187554 ], [ 11918.901814619895958, 32383.018963942991832 ], [ 11918.904067426732581, 32383.028230150302988 ], [ 11918.90719262267703, 32383.03723963901939 ], [ 11918.911161787904348, 32383.045910478886071 ], [ 11918.915938827723949, 32383.05416381924806 ], [ 11918.921480300818075, 32383.061924606099637 ], [ 11918.927735814284461, 32383.069122264598263 ], [ 11940.9, 32406.040125731480657 ], [ 11940.9, 32473.0 ], [ 11940.900481527332886, 32473.009801714033529 ], [ 11940.901921471959213, 32473.019509032201313 ], [ 11940.904305966427273, 32473.029028467724856 ], [ 11940.907612046748909, 32473.038268343236268 ], [ 11940.911807873564612, 32473.047139673682977 ], [ 11940.916853038770569, 32473.055557023300935 ], [ 11940.922698954664156, 32473.06343932841628 ], [ 11940.929289321880788, 32473.070710678119212 ], [ 11963.9, 32496.04142135623988 ], [ 11963.9, 32586.0 ], [ 11963.900481527332886, 32586.009801714033529 ], [ 11963.901921471959213, 32586.019509032201313 ], [ 11963.904305966427273, 32586.029028467724856 ], [ 11963.907612046748909, 32586.038268343236268 ], [ 11963.911807873564612, 32586.047139673682977 ], [ 11963.916853038770569, 32586.055557023300935 ], [ 11963.922698954664156, 32586.06343932841628 ], [ 11963.929289321880788, 32586.070710678119212 ], [ 11985.9, 32608.04142135623988 ], [ 11985.9, 32676.0 ], [ 11985.900509133618471, 32676.010078070587042 ], [ 11985.902031350135076, 32676.020053519481735 ], [ 11985.904551149315012, 32676.029824769957486 ], [ 11985.908042872870283, 32676.039292324570852 ], [ 11985.912470965724424, 32676.048359778316808 ], [ 11985.917790338058694, 32676.056934800286399 ], [ 11985.923946824445011, 32676.064930073833239 ], [ 11985.930877735403556, 32676.072264185713721 ], [ 12008.9, 32698.042728960543172 ], [ 12008.9, 32788.0 ], [ 12008.900454688682657, 32788.009525281871902 ], [ 12008.901814619895958, 32788.01896394299547 ], [ 12008.904067426732581, 32788.028230150302988 ], [ 12008.90719262267703, 32788.037239639015752 ], [ 12008.911161787904348, 32788.045910478882433 ], [ 12008.915938827723949, 32788.054163819251698 ], [ 12008.921480300818075, 32788.061924606095999 ], [ 12008.927735814284461, 32788.069122264598263 ], [ 12030.9, 32811.040125731480657 ], [ 12030.9, 32901.0 ], [ 12030.900509133618471, 32901.010078070583404 ], [ 12030.902031350135076, 32901.020053519481735 ], [ 12030.904551149315012, 32901.029824769953848 ], [ 12030.908042872870283, 32901.039292324567214 ], [ 12030.912470965724424, 32901.048359778316808 ], [ 12030.917790338058694, 32901.056934800282761 ], [ 12030.923946824445011, 32901.064930073836877 ], [ 12030.930877735403556, 32901.072264185713721 ], [ 12053.9, 32923.042728960543172 ], [ 12053.9, 32991.0 ], [ 12053.900481527332886, 32991.009801714033529 ], [ 12053.901921471959213, 32991.019509032201313 ], [ 12053.904305966427273, 32991.029028467724856 ], [ 12053.907612046748909, 32991.038268343239906 ], [ 12053.911807873564612, 32991.047139673682977 ], [ 12053.916853038770569, 32991.055557023304573 ], [ 12053.922698954664156, 32991.063439328419918 ], [ 12053.929289321880788, 32991.070710678119212 ], [ 12075.9, 33013.04142135623988 ], [ 12075.9, 33058.0 ], [ 12075.900454688682657, 33058.009525281871902 ], [ 12075.901814619895958, 33058.01896394299547 ], [ 12075.904067426732581, 33058.028230150302988 ], [ 12075.90719262267703, 33058.037239639015752 ], [ 12075.911161787904348, 33058.045910478882433 ], [ 12075.915938827723949, 33058.054163819251698 ], [ 12075.921480300818075, 33058.061924606095999 ], [ 12075.927735814284461, 33058.069122264598263 ], [ 12097.9, 33081.040125731480657 ], [ 12097.9, 33148.0 ], [ 12097.900509133618471, 33148.010078070583404 ], [ 12097.902031350135076, 33148.020053519481735 ], [ 12097.904551149315012, 33148.029824769953848 ], [ 12097.908042872870283, 33148.039292324567214 ], [ 12097.912470965724424, 33148.048359778316808 ], [ 12097.917790338058694, 33148.056934800282761 ], [ 12097.923946824445011, 33148.064930073836877 ], [ 12097.930877735403556, 33148.072264185713721 ], [ 12120.9, 33170.042728960543172 ], [ 12120.9, 33215.0 ], [ 12120.900454688682657, 33215.009525281871902 ], [ 12120.901814619895958, 33215.01896394299547 ], [ 12120.904067426732581, 33215.028230150302988 ], [ 12120.90719262267703, 33215.037239639015752 ], [ 12120.911161787904348, 33215.045910478882433 ], [ 12120.915938827723949, 33215.054163819251698 ], [ 12120.921480300818075, 33215.061924606095999 ], [ 12120.927735814284461, 33215.069122264598263 ], [ 12142.9, 33238.040125731480657 ], [ 12142.9, 33283.0 ], [ 12142.900481527332886, 33283.009801714033529 ], [ 12142.901921471959213, 33283.019509032201313 ], [ 12142.904305966427273, 33283.029028467724856 ], [ 12142.907612046748909, 33283.038268343239906 ], [ 12142.911807873564612, 33283.047139673682977 ], [ 12142.916853038770569, 33283.055557023304573 ], [ 12142.922698954664156, 33283.063439328419918 ], [ 12142.929289321880788, 33283.070710678119212 ], [ 12142.93656067158372, 33283.077301045334025 ], [ 12142.944442976697246, 33283.08314696123125 ], [ 12142.952860326317023, 33283.088192126437207 ], [ 12142.961731656763732, 33283.092387953249272 ], [ 12142.970971532275144, 33283.095694033574546 ], [ 12142.980490967798687, 33283.098078528040787 ], [ 12142.990198285966471, 33283.099518472670752 ], [ 12143.0, 33283.099999999998545 ], [ 12165.95857864376012, 33283.099999999998545 ], [ 12187.860132534891818, 33305.001553891132062 ], [ 12165.927735814284461, 33327.930877735401737 ], [ 12165.921480300818075, 33327.938075393904001 ], [ 12165.915938827723949, 33327.945836180748302 ], [ 12165.911161787904348, 33327.954089521117567 ], [ 12165.90719262267703, 33327.962760360984248 ], [ 12165.904067426732581, 33327.971769849697012 ], [ 12165.901814619895958, 33327.98103605700453 ], [ 12165.900454688682657, 33327.990474718128098 ], [ 12165.9, 33328.0 ], [ 12165.9, 33350.0 ], [ 12165.900454688682657, 33350.009525281871902 ], [ 12165.901814619895958, 33350.01896394299547 ], [ 12165.904067426732581, 33350.028230150302988 ], [ 12165.90719262267703, 33350.037239639015752 ], [ 12165.911161787904348, 33350.045910478882433 ], [ 12165.915938827723949, 33350.054163819251698 ], [ 12165.921480300818075, 33350.061924606095999 ], [ 12165.927735814284461, 33350.069122264598263 ], [ 12187.9, 33373.040125731480657 ], [ 12187.9, 33440.0 ], [ 12187.900481527332886, 33440.009801714033529 ], [ 12187.901921471959213, 33440.019509032201313 ], [ 12187.904305966427273, 33440.029028467724856 ], [ 12187.907612046748909, 33440.038268343239906 ], [ 12187.911807873564612, 33440.047139673682977 ], [ 12187.916853038770569, 33440.055557023304573 ], [ 12187.922698954664156, 33440.063439328419918 ], [ 12187.929289321880788, 33440.070710678119212 ], [ 12210.9, 33463.04142135623988 ], [ 12210.9, 33530.0 ], [ 12210.900454688682657, 33530.009525281871902 ], [ 12210.901814619895958, 33530.01896394299547 ], [ 12210.904067426732581, 33530.028230150302988 ], [ 12210.90719262267703, 33530.037239639015752 ], [ 12210.911161787904348, 33530.045910478882433 ], [ 12210.915938827723949, 33530.054163819251698 ], [ 12210.921480300818075, 33530.061924606095999 ], [ 12210.927735814284461, 33530.069122264598263 ], [ 12232.9, 33553.040125731480657 ], [ 12232.9, 33620.0 ], [ 12232.900481527332886, 33620.009801714033529 ], [ 12232.901921471959213, 33620.019509032201313 ], [ 12232.904305966427273, 33620.029028467724856 ], [ 12232.907612046748909, 33620.038268343239906 ], [ 12232.911807873564612, 33620.047139673682977 ], [ 12232.916853038770569, 33620.055557023304573 ], [ 12232.922698954664156, 33620.063439328419918 ], [ 12232.929289321880788, 33620.070710678119212 ], [ 12255.9, 33643.04142135623988 ], [ 12255.9, 33733.0 ], [ 12255.900481527332886, 33733.009801714033529 ], [ 12255.901921471959213, 33733.019509032201313 ], [ 12255.904305966427273, 33733.029028467724856 ], [ 12255.907612046748909, 33733.038268343239906 ], [ 12255.911807873564612, 33733.047139673682977 ], [ 12255.916853038770569, 33733.055557023304573 ], [ 12255.922698954664156, 33733.063439328419918 ], [ 12255.929289321880788, 33733.070710678119212 ], [ 12277.9, 33755.04142135623988 ], [ 12277.9, 33800.0 ], [ 12277.900481527332886, 33800.009801714033529 ], [ 12277.901921471959213, 33800.019509032201313 ], [ 12277.904305966427273, 33800.029028467724856 ], [ 12277.907612046748909, 33800.038268343239906 ], [ 12277.911807873564612, 33800.047139673682977 ], [ 12277.916853038770569, 33800.055557023304573 ], [ 12277.922698954664156, 33800.063439328419918 ], [ 12277.929289321880788, 33800.070710678119212 ], [ 12300.9, 33823.04142135623988 ], [ 12300.9, 33913.0 ], [ 12300.900481527332886, 33913.009801714033529 ], [ 12300.901921471959213, 33913.019509032201313 ], [ 12300.904305966427273, 33913.029028467724856 ], [ 12300.907612046748909, 33913.038268343239906 ], [ 12300.911807873564612, 33913.047139673682977 ], [ 12300.916853038770569, 33913.055557023304573 ], [ 12300.922698954664156, 33913.063439328419918 ], [ 12300.929289321880788, 33913.070710678119212 ], [ 12322.9, 33935.04142135623988 ], [ 12322.9, 34003.0 ], [ 12322.900509133618471, 34003.010078070583404 ], [ 12322.902031350135076, 34003.020053519481735 ], [ 12322.904551149315012, 34003.029824769953848 ], [ 12322.908042872870283, 34003.039292324567214 ], [ 12322.912470965724424, 34003.048359778316808 ], [ 12322.917790338058694, 34003.056934800282761 ], [ 12322.923946824445011, 34003.064930073836877 ], [ 12322.930877735403556, 34003.072264185713721 ], [ 12345.9, 34025.042728960543172 ], [ 12345.9, 34093.0 ], [ 12345.900481527332886, 34093.009801714033529 ], [ 12345.901921471959213, 34093.019509032201313 ], [ 12345.904305966427273, 34093.029028467724856 ], [ 12345.907612046748909, 34093.038268343239906 ], [ 12345.911807873564612, 34093.047139673682977 ], [ 12345.916853038770569, 34093.055557023304573 ], [ 12345.922698954664156, 34093.063439328419918 ], [ 12345.929289321880788, 34093.070710678119212 ], [ 12367.9, 34115.04142135623988 ], [ 12367.9, 34205.0 ], [ 12367.900509133618471, 34205.010078070583404 ], [ 12367.902031350135076, 34205.020053519481735 ], [ 12367.904551149315012, 34205.029824769953848 ], [ 12367.908042872870283, 34205.039292324567214 ], [ 12367.912470965724424, 34205.048359778316808 ], [ 12367.917790338058694, 34205.056934800282761 ], [ 12367.923946824445011, 34205.064930073836877 ], [ 12367.930877735403556, 34205.072264185713721 ], [ 12390.9, 34227.042728960543172 ], [ 12390.9, 34317.0 ], [ 12390.900454688682657, 34317.009525281871902 ], [ 12390.901814619895958, 34317.01896394299547 ], [ 12390.904067426732581, 34317.028230150302988 ], [ 12390.90719262267703, 34317.037239639015752 ], [ 12390.911161787904348, 34317.045910478882433 ], [ 12390.915938827723949, 34317.054163819251698 ], [ 12390.921480300818075, 34317.061924606095999 ], [ 12390.927735814284461, 34317.069122264598263 ], [ 12412.927735814284461, 34340.069122264598263 ], [ 12412.935069926166761, 34340.076053175551351 ], [ 12412.94306519971542, 34340.082209661944944 ], [ 12412.951640221683192, 34340.087529034273757 ], [ 12412.960707675429148, 34340.091957127129717 ], [ 12412.970175230044333, 34340.095448850683169 ], [ 12412.979946480520084, 34340.097968649868562 ], [ 12412.989921929414777, 34340.099490866377892 ], [ 12413.0, 34340.099999999998545 ], [ 12457.959874268519343, 34340.099999999998545 ], [ 12480.9, 34362.042728960543172 ], [ 12480.9, 34632.0 ], [ 12480.900454688682657, 34632.009525281871902 ], [ 12480.901814619895958, 34632.01896394299547 ], [ 12480.904067426732581, 34632.028230150302988 ], [ 12480.90719262267703, 34632.037239639015752 ], [ 12480.911161787904348, 34632.045910478882433 ], [ 12480.915938827723949, 34632.054163819251698 ], [ 12480.921480300818075, 34632.061924606095999 ], [ 12480.927735814284461, 34632.069122264598263 ], [ 12502.9, 34655.040125731480657 ], [ 12502.9, 34700.0 ], [ 12502.900509133618471, 34700.010078070583404 ], [ 12502.902031350135076, 34700.020053519481735 ], [ 12502.904551149315012, 34700.029824769953848 ], [ 12502.908042872870283, 34700.039292324567214 ], [ 12502.912470965724424, 34700.048359778316808 ], [ 12502.917790338058694, 34700.056934800282761 ], [ 12502.923946824445011, 34700.064930073836877 ], [ 12502.930877735403556, 34700.072264185713721 ], [ 12525.9, 34722.042728960543172 ], [ 12525.9, 34790.0 ], [ 12525.900481527332886, 34790.009801714033529 ], [ 12525.901921471959213, 34790.019509032201313 ], [ 12525.904305966427273, 34790.029028467724856 ], [ 12525.907612046748909, 34790.038268343239906 ], [ 12525.911807873564612, 34790.047139673682977 ], [ 12525.916853038770569, 34790.055557023304573 ], [ 12525.922698954664156, 34790.063439328419918 ], [ 12525.929289321880788, 34790.070710678119212 ], [ 12547.9, 34812.04142135623988 ], [ 12547.9, 34857.0 ], [ 12547.900481527332886, 34857.009801714033529 ], [ 12547.901921471959213, 34857.019509032201313 ], [ 12547.904305966427273, 34857.029028467724856 ], [ 12547.907612046748909, 34857.038268343239906 ], [ 12547.911807873564612, 34857.047139673682977 ], [ 12547.916853038770569, 34857.055557023304573 ], [ 12547.922698954664156, 34857.063439328419918 ], [ 12547.929289321880788, 34857.070710678119212 ], [ 12570.9, 34880.04142135623988 ], [ 12570.9, 34925.0 ], [ 12570.900481527332886, 34925.009801714033529 ], [ 12570.901921471959213, 34925.019509032201313 ], [ 12570.904305966427273, 34925.029028467724856 ], [ 12570.907612046748909, 34925.038268343239906 ], [ 12570.911807873564612, 34925.047139673682977 ], [ 12570.916853038770569, 34925.055557023304573 ], [ 12570.922698954664156, 34925.063439328419918 ], [ 12570.929289321880788, 34925.070710678119212 ], [ 12592.9, 34947.04142135623988 ], [ 12592.9, 35015.0 ], [ 12592.900509133618471, 35015.010078070583404 ], [ 12592.902031350135076, 35015.020053519481735 ], [ 12592.904551149315012, 35015.029824769953848 ], [ 12592.908042872870283, 35015.039292324567214 ], [ 12592.912470965724424, 35015.048359778316808 ], [ 12592.917790338058694, 35015.056934800282761 ], [ 12592.923946824445011, 35015.064930073836877 ], [ 12592.930877735403556, 35015.072264185713721 ], [ 12615.9, 35037.042728960543172 ], [ 12615.9, 35082.0 ], [ 12615.900454688682657, 35082.009525281871902 ], [ 12615.901814619895958, 35082.01896394299547 ], [ 12615.904067426732581, 35082.028230150302988 ], [ 12615.90719262267703, 35082.037239639015752 ], [ 12615.911161787904348, 35082.045910478882433 ], [ 12615.915938827723949, 35082.054163819251698 ], [ 12615.921480300818075, 35082.061924606095999 ], [ 12615.927735814284461, 35082.069122264598263 ], [ 12637.9, 35105.040125731480657 ], [ 12637.9, 35172.0 ], [ 12637.900509133618471, 35172.010078070583404 ], [ 12637.902031350135076, 35172.020053519481735 ], [ 12637.904551149315012, 35172.029824769953848 ], [ 12637.908042872870283, 35172.039292324567214 ], [ 12637.912470965724424, 35172.048359778316808 ], [ 12637.917790338058694, 35172.056934800282761 ], [ 12637.923946824445011, 35172.064930073836877 ], [ 12637.930877735403556, 35172.072264185713721 ], [ 12660.9, 35194.042728960543172 ], [ 12660.9, 35262.0 ], [ 12660.900481527332886, 35262.009801714033529 ], [ 12660.901921471959213, 35262.019509032201313 ], [ 12660.904305966427273, 35262.029028467724856 ], [ 12660.907612046748909, 35262.038268343239906 ], [ 12660.911807873564612, 35262.047139673682977 ], [ 12660.916853038770569, 35262.055557023304573 ], [ 12660.922698954664156, 35262.063439328419918 ], [ 12660.929289321880788, 35262.070710678119212 ], [ 12682.9, 35284.04142135623988 ], [ 12682.9, 35329.0 ], [ 12682.900481527332886, 35329.009801714033529 ], [ 12682.901921471959213, 35329.019509032201313 ], [ 12682.904305966427273, 35329.029028467724856 ], [ 12682.907612046748909, 35329.038268343239906 ], [ 12682.911807873564612, 35329.047139673682977 ], [ 12682.916853038770569, 35329.055557023304573 ], [ 12682.922698954664156, 35329.063439328419918 ], [ 12682.929289321880788, 35329.070710678119212 ], [ 12705.9, 35352.04142135623988 ], [ 12705.9, 35397.0 ], [ 12705.900481527332886, 35397.009801714033529 ], [ 12705.901921471959213, 35397.019509032201313 ], [ 12705.904305966427273, 35397.029028467724856 ], [ 12705.907612046748909, 35397.038268343239906 ], [ 12705.911807873564612, 35397.047139673682977 ], [ 12705.916853038770569, 35397.055557023304573 ], [ 12705.922698954664156, 35397.063439328419918 ], [ 12705.929289321880788, 35397.070710678119212 ], [ 12727.9, 35419.04142135623988 ], [ 12727.9, 35487.0 ], [ 12727.900509133618471, 35487.010078070583404 ], [ 12727.902031350135076, 35487.020053519481735 ], [ 12727.904551149315012, 35487.029824769953848 ], [ 12727.908042872870283, 35487.039292324567214 ], [ 12727.912470965724424, 35487.048359778316808 ], [ 12727.917790338058694, 35487.056934800282761 ], [ 12727.923946824445011, 35487.064930073836877 ], [ 12727.930877735403556, 35487.072264185713721 ], [ 12750.9, 35509.042728960543172 ], [ 12750.9, 35554.0 ], [ 12750.900454688682657, 35554.009525281871902 ], [ 12750.901814619895958, 35554.01896394299547 ], [ 12750.904067426732581, 35554.028230150302988 ], [ 12750.90719262267703, 35554.037239639015752 ], [ 12750.911161787904348, 35554.045910478882433 ], [ 12750.915938827723949, 35554.054163819251698 ], [ 12750.921480300818075, 35554.061924606095999 ], [ 12750.927735814284461, 35554.069122264598263 ], [ 12772.9, 35577.040125731480657 ], [ 12772.9, 35599.0 ], [ 12772.900481527332886, 35599.009801714033529 ], [ 12772.901921471959213, 35599.019509032201313 ], [ 12772.904305966427273, 35599.029028467724856 ], [ 12772.907612046748909, 35599.038268343239906 ], [ 12772.911807873564612, 35599.047139673682977 ], [ 12772.916853038770569, 35599.055557023304573 ], [ 12772.922698954664156, 35599.063439328419918 ], [ 12772.929289321880788, 35599.070710678119212 ], [ 12795.9, 35622.04142135623988 ], [ 12795.9, 35689.0 ], [ 12795.900454688682657, 35689.009525281871902 ], [ 12795.901814619895958, 35689.01896394299547 ], [ 12795.904067426732581, 35689.028230150302988 ], [ 12795.90719262267703, 35689.037239639015752 ], [ 12795.911161787904348, 35689.045910478882433 ], [ 12795.915938827723949, 35689.054163819251698 ], [ 12795.921480300818075, 35689.061924606095999 ], [ 12795.927735814284461, 35689.069122264598263 ], [ 12817.9, 35712.040125731480657 ], [ 12817.9, 35734.0 ], [ 12817.900481527332886, 35734.009801714033529 ], [ 12817.901921471959213, 35734.019509032201313 ], [ 12817.904305966427273, 35734.029028467724856 ], [ 12817.907612046748909, 35734.038268343239906 ], [ 12817.911807873564612, 35734.047139673682977 ], [ 12817.916853038770569, 35734.055557023304573 ], [ 12817.922698954664156, 35734.063439328419918 ], [ 12817.929289321880788, 35734.070710678119212 ], [ 12840.9, 35757.04142135623988 ], [ 12840.9, 35802.0 ], [ 12840.900481527332886, 35802.009801714033529 ], [ 12840.901921471959213, 35802.019509032201313 ], [ 12840.904305966427273, 35802.029028467724856 ], [ 12840.907612046748909, 35802.038268343239906 ], [ 12840.911807873564612, 35802.047139673682977 ], [ 12840.916853038770569, 35802.055557023304573 ], [ 12840.922698954664156, 35802.063439328419918 ], [ 12840.929289321880788, 35802.070710678119212 ], [ 12862.9, 35824.04142135623988 ], [ 12862.9, 35869.0 ], [ 12862.900481527332886, 35869.009801714033529 ], [ 12862.901921471959213, 35869.019509032201313 ], [ 12862.904305966427273, 35869.029028467724856 ], [ 12862.907612046748909, 35869.038268343239906 ], [ 12862.911807873564612, 35869.047139673682977 ], [ 12862.916853038770569, 35869.055557023304573 ], [ 12862.922698954664156, 35869.063439328419918 ], [ 12862.929289321880788, 35869.070710678119212 ], [ 12885.9, 35892.04142135623988 ], [ 12885.9, 35937.0 ], [ 12885.900481527332886, 35937.009801714033529 ], [ 12885.901921471959213, 35937.019509032201313 ], [ 12885.904305966427273, 35937.029028467724856 ], [ 12885.907612046748909, 35937.038268343239906 ], [ 12885.911807873564612, 35937.047139673682977 ], [ 12885.916853038770569, 35937.055557023304573 ], [ 12885.922698954664156, 35937.063439328419918 ], [ 12885.929289321880788, 35937.070710678119212 ], [ 12907.9, 35959.04142135623988 ], [ 12907.9, 36004.0 ], [ 12907.900481527332886, 36004.009801714033529 ], [ 12907.901921471959213, 36004.019509032201313 ], [ 12907.904305966427273, 36004.029028467724856 ], [ 12907.907612046748909, 36004.038268343239906 ], [ 12907.911807873564612, 36004.047139673682977 ], [ 12907.916853038770569, 36004.055557023304573 ], [ 12907.922698954664156, 36004.063439328419918 ], [ 12907.929289321880788, 36004.070710678119212 ], [ 12930.9, 36027.04142135623988 ], [ 12930.9, 36072.0 ], [ 12930.900481527332886, 36072.009801714033529 ], [ 12930.901921471959213, 36072.019509032201313 ], [ 12930.904305966427273, 36072.029028467724856 ], [ 12930.907612046748909, 36072.038268343239906 ], [ 12930.911807873564612, 36072.047139673682977 ], [ 12930.916853038770569, 36072.055557023304573 ], [ 12930.922698954664156, 36072.063439328419918 ], [ 12930.929289321880788, 36072.070710678119212 ], [ 12952.9, 36094.04142135623988 ], [ 12952.9, 36117.0 ], [ 12952.900509133618471, 36117.010078070583404 ], [ 12952.902031350135076, 36117.020053519481735 ], [ 12952.904551149315012, 36117.029824769953848 ], [ 12952.908042872870283, 36117.039292324567214 ], [ 12952.912470965724424, 36117.048359778316808 ], [ 12952.917790338058694, 36117.056934800282761 ], [ 12952.923946824445011, 36117.064930073836877 ], [ 12952.930877735403556, 36117.072264185713721 ], [ 12975.9, 36139.042728960543172 ], [ 12975.9, 36184.0 ], [ 12975.900481527332886, 36184.009801714033529 ], [ 12975.901921471959213, 36184.019509032201313 ], [ 12975.904305966427273, 36184.029028467724856 ], [ 12975.907612046748909, 36184.038268343239906 ], [ 12975.911807873564612, 36184.047139673682977 ], [ 12975.916853038770569, 36184.055557023304573 ], [ 12975.922698954664156, 36184.063439328419918 ], [ 12975.929289321880788, 36184.070710678119212 ], [ 12997.9, 36206.04142135623988 ], [ 12997.9, 36274.0 ], [ 12997.900509133618471, 36274.010078070583404 ], [ 12997.902031350135076, 36274.020053519481735 ], [ 12997.904551149315012, 36274.029824769953848 ], [ 12997.908042872870283, 36274.039292324567214 ], [ 12997.912470965724424, 36274.048359778316808 ], [ 12997.917790338058694, 36274.056934800282761 ], [ 12997.923946824445011, 36274.064930073836877 ], [ 12997.930877735403556, 36274.072264185713721 ], [ 13020.9, 36296.042728960543172 ], [ 13020.9, 36319.0 ], [ 13020.900481527332886, 36319.009801714033529 ], [ 13020.901921471959213, 36319.019509032201313 ], [ 13020.904305966427273, 36319.029028467724856 ], [ 13020.907612046748909, 36319.038268343239906 ], [ 13020.911807873564612, 36319.047139673682977 ], [ 13020.916853038770569, 36319.055557023304573 ], [ 13020.922698954664156, 36319.063439328419918 ], [ 13020.929289321880788, 36319.070710678119212 ], [ 13042.9, 36341.04142135623988 ], [ 13042.9, 36386.0 ], [ 13042.900454688682657, 36386.009525281871902 ], [ 13042.901814619895958, 36386.01896394299547 ], [ 13042.904067426732581, 36386.028230150302988 ], [ 13042.90719262267703, 36386.037239639015752 ], [ 13042.911161787904348, 36386.045910478882433 ], [ 13042.915938827723949, 36386.054163819251698 ], [ 13042.921480300818075, 36386.061924606095999 ], [ 13042.927735814284461, 36386.069122264598263 ], [ 13064.927735814284461, 36409.069122264598263 ], [ 13064.935069926166761, 36409.076053175551351 ], [ 13064.94306519971542, 36409.082209661944944 ], [ 13064.951640221683192, 36409.087529034273757 ], [ 13064.960707675429148, 36409.091957127129717 ], [ 13064.970175230044333, 36409.095448850683169 ], [ 13064.979946480520084, 36409.097968649868562 ], [ 13064.989921929414777, 36409.099490866377892 ], [ 13065.0, 36409.099999999998545 ], [ 13154.959874268519343, 36409.099999999998545 ], [ 13177.9, 36431.042728960543172 ], [ 13177.9, 36454.0 ], [ 13177.900481527332886, 36454.009801714033529 ], [ 13177.901921471959213, 36454.019509032201313 ], [ 13177.904305966427273, 36454.029028467724856 ], [ 13177.907612046748909, 36454.038268343239906 ], [ 13177.911807873564612, 36454.047139673682977 ], [ 13177.916853038770569, 36454.055557023304573 ], [ 13177.922698954664156, 36454.063439328419918 ], [ 13177.929289321880788, 36454.070710678119212 ], [ 13222.856989838088339, 36498.998411194326764 ], [ 13199.930877735403556, 36520.927735814286279 ], [ 13199.927735814284461, 36520.930877735401737 ], [ 13177.998411194324945, 36543.856989838088339 ], [ 13155.070710678119212, 36520.929289321880788 ], [ 13155.06343932841628, 36520.922698954665975 ], [ 13155.055557023302754, 36520.91685303876875 ], [ 13155.047139673682977, 36520.911807873562793 ], [ 13155.038268343236268, 36520.907612046750728 ], [ 13155.029028467724856, 36520.904305966425454 ], [ 13155.019509032201313, 36520.901921471959213 ], [ 13155.009801714033529, 36520.900481527329248 ], [ 13155.0, 36520.900000000001455 ], [ 13154.990198285966471, 36520.900481527329248 ], [ 13154.980490967798687, 36520.901921471959213 ], [ 13154.970971532275144, 36520.904305966425454 ], [ 13154.961731656763732, 36520.907612046750728 ], [ 13154.952860326317023, 36520.911807873562793 ], [ 13154.944442976697246, 36520.91685303876875 ], [ 13154.93656067158372, 36520.922698954665975 ], [ 13154.929289321880788, 36520.929289321880788 ], [ 13154.922698954664156, 36520.936560671580082 ], [ 13154.916853038770569, 36520.944442976695427 ], [ 13154.911807873564612, 36520.952860326317023 ], [ 13154.907612046748909, 36520.961731656760094 ], [ 13154.904305966427273, 36520.970971532275144 ], [ 13154.901921471959213, 36520.980490967798687 ], [ 13154.900481527332886, 36520.990198285966471 ], [ 13154.9, 36521.0 ], [ 13154.9, 36589.0 ], [ 13154.900509133618471, 36589.010078070583404 ], [ 13154.902031350135076, 36589.020053519481735 ], [ 13154.904551149315012, 36589.029824769953848 ], [ 13154.908042872870283, 36589.039292324567214 ], [ 13154.912470965724424, 36589.048359778316808 ], [ 13154.917790338058694, 36589.056934800282761 ], [ 13154.923946824445011, 36589.064930073836877 ], [ 13154.930877735403556, 36589.072264185713721 ], [ 13177.9, 36611.042728960543172 ], [ 13177.9, 36634.0 ], [ 13177.900481527332886, 36634.009801714033529 ], [ 13177.901921471959213, 36634.019509032201313 ], [ 13177.904305966427273, 36634.029028467724856 ], [ 13177.907612046748909, 36634.038268343239906 ], [ 13177.911807873564612, 36634.047139673682977 ], [ 13177.916853038770569, 36634.055557023304573 ], [ 13177.922698954664156, 36634.063439328419918 ], [ 13177.929289321880788, 36634.070710678119212 ], [ 13199.9, 36656.04142135623988 ], [ 13199.9, 36679.0 ], [ 13199.900509133618471, 36679.010078070583404 ], [ 13199.902031350135076, 36679.020053519481735 ], [ 13199.904551149315012, 36679.029824769953848 ], [ 13199.908042872870283, 36679.039292324567214 ], [ 13199.912470965724424, 36679.048359778316808 ], [ 13199.917790338058694, 36679.056934800282761 ], [ 13199.923946824445011, 36679.064930073836877 ], [ 13199.930877735403556, 36679.072264185713721 ], [ 13222.9, 36701.042728960543172 ], [ 13222.9, 36724.0 ], [ 13222.900481527332886, 36724.009801714033529 ], [ 13222.901921471959213, 36724.019509032201313 ], [ 13222.904305966427273, 36724.029028467724856 ], [ 13222.907612046748909, 36724.038268343239906 ], [ 13222.911807873564612, 36724.047139673682977 ], [ 13222.916853038770569, 36724.055557023304573 ], [ 13222.922698954664156, 36724.063439328419918 ], [ 13222.929289321880788, 36724.070710678119212 ], [ 13267.9, 36769.04142135623988 ], [ 13267.9, 36791.0 ], [ 13267.900454688682657, 36791.009525281871902 ], [ 13267.901814619895958, 36791.01896394299547 ], [ 13267.904067426732581, 36791.028230150302988 ], [ 13267.90719262267703, 36791.037239639015752 ], [ 13267.911161787904348, 36791.045910478882433 ], [ 13267.915938827723949, 36791.054163819251698 ], [ 13267.921480300818075, 36791.061924606095999 ], [ 13267.927735814284461, 36791.069122264598263 ], [ 13289.9, 36814.040125731480657 ], [ 13289.9, 36836.0 ], [ 13289.900481527332886, 36836.009801714033529 ], [ 13289.901921471959213, 36836.019509032201313 ], [ 13289.904305966427273, 36836.029028467724856 ], [ 13289.907612046748909, 36836.038268343239906 ], [ 13289.911807873564612, 36836.047139673682977 ], [ 13289.916853038770569, 36836.055557023304573 ], [ 13289.922698954664156, 36836.063439328419918 ], [ 13289.929289321880788, 36836.070710678119212 ], [ 13334.9, 36881.04142135623988 ], [ 13334.9, 36926.0 ], [ 13334.90047249581221, 36926.00970957827667 ], [ 13334.901885518205745, 36926.019327401852934 ], [ 13334.904225714235508, 36926.028762583096977 ], [ 13334.907470969244969, 36926.037925960335997 ], [ 13334.911590615847672, 36926.046730940433918 ], [ 13334.916545723724994, 36926.055094317052863 ], [ 13334.922289467525843, 36926.062937056987721 ], [ 13334.928767569350384, 36926.070185047006817 ], [ 13334.935918811681404, 36926.07676979421376 ], [ 13334.943675615873872, 36926.082629073287535 ], [ 13334.951964680780293, 36926.087707514539943 ], [ 13334.960707675429148, 36926.091957127129717 ], [ 13334.969821979257176, 36926.095337752565683 ], [ 13334.979221462852365, 36926.097817444220709 ], [ 13334.98881730188441, 36926.099372769218462 ], [ 13334.998518816477372, 36926.099989029877179 ], [ 13335.008234328130129, 36926.099660402571317 ], [ 13335.017872026071927, 36926.098389992803277 ], [ 13335.027340834863935, 36926.096189805844915 ], [ 13335.036551275055899, 36926.093080633283535 ], [ 13335.045416308757922, 36926.089091856520099 ], [ 13335.05385216214745, 36926.084261169184174 ], [ 13335.061779117113474, 36926.078634220852109 ], [ 13335.069122264596444, 36926.072264185713721 ], [ 13358.040125731480657, 36904.099999999998545 ], [ 13380.0, 36904.099999999998545 ], [ 13380.009709578274851, 36904.099527504185971 ], [ 13380.019327401849296, 36904.098114481792436 ], [ 13380.028762583095158, 36904.095774285764492 ], [ 13380.037925960337816, 36904.09252903075685 ], [ 13380.046730940432099, 36904.088409384152328 ], [ 13380.055094317052863, 36904.083454276275006 ], [ 13380.062937056991359, 36904.077710532474157 ], [ 13380.070185047010455, 36904.071232430651435 ], [ 13380.07676979421376, 36904.064081188320415 ], [ 13380.082629073289354, 36904.056324384124309 ], [ 13380.087707514543581, 36904.048035319217888 ], [ 13380.091957127129717, 36904.039292324567214 ], [ 13380.095337752563864, 36904.030178020744643 ], [ 13380.097817444220709, 36904.020778537145816 ], [ 13380.0993727692221, 36904.01118269811559 ], [ 13380.09998902987536, 36904.001481183520809 ], [ 13380.099660402569498, 36903.991765671868052 ], [ 13380.098389992805096, 36903.982127973926254 ], [ 13380.096189805846734, 36903.972659165134246 ], [ 13380.093080633279897, 36903.963448724942282 ], [ 13380.089091856523737, 36903.954583691243897 ], [ 13380.084261169182355, 36903.946147837850731 ], [ 13380.07863422085029, 36903.938220882882888 ], [ 13380.072264185715539, 36903.930877735401737 ], [ 13358.1, 36880.959874268519343 ], [ 13358.1, 36836.04142135623988 ], [ 13380.04142135623988, 36814.099999999998545 ], [ 13403.0, 36814.099999999998545 ], [ 13403.010078070585223, 36814.099490866377892 ], [ 13403.020053519479916, 36814.097968649868562 ], [ 13403.029824769955667, 36814.095448850683169 ], [ 13403.039292324570852, 36814.091957127129717 ], [ 13403.048359778316808, 36814.087529034273757 ], [ 13403.05693480028458, 36814.082209661944944 ], [ 13403.064930073833239, 36814.076053175551351 ], [ 13403.072264185715539, 36814.069122264598263 ], [ 13425.042728960550448, 36791.099999999998545 ], [ 13448.0, 36791.099999999998545 ], [ 13448.009801714033529, 36791.099518472670752 ], [ 13448.019509032201313, 36791.098078528040787 ], [ 13448.029028467724856, 36791.095694033574546 ], [ 13448.038268343236268, 36791.092387953249272 ], [ 13448.047139673682977, 36791.088192126437207 ], [ 13448.055557023302754, 36791.08314696123125 ], [ 13448.06343932841628, 36791.077301045334025 ], [ 13448.070710678119212, 36791.070710678119212 ], [ 13448.077301045335844, 36791.063439328419918 ], [ 13448.083146961229431, 36791.055557023304573 ], [ 13448.088192126435388, 36791.047139673682977 ], [ 13448.092387953251091, 36791.038268343239906 ], [ 13448.095694033572727, 36791.029028467724856 ], [ 13448.098078528040787, 36791.019509032201313 ], [ 13448.099518472667114, 36791.009801714033529 ], [ 13448.1, 36791.0 ], [ 13448.1, 36769.040125731480657 ], [ 13470.001588805675055, 36746.143010161911661 ], [ 13537.9, 36814.04142135623988 ], [ 13537.9, 37398.0 ], [ 13537.900481527332886, 37398.009801714033529 ], [ 13537.901921471959213, 37398.019509032201313 ], [ 13537.904305966427273, 37398.029028467724856 ], [ 13537.907612046748909, 37398.038268343239906 ], [ 13537.911807873564612, 37398.047139673682977 ], [ 13537.916853038770569, 37398.055557023304573 ], [ 13537.922698954664156, 37398.063439328419918 ], [ 13537.929289321880788, 37398.070710678119212 ], [ 13537.93656067158372, 37398.077301045334025 ], [ 13537.944442976697246, 37398.08314696123125 ], [ 13537.952860326317023, 37398.088192126437207 ], [ 13537.961731656763732, 37398.092387953249272 ], [ 13537.970971532275144, 37398.095694033574546 ], [ 13537.980490967798687, 37398.098078528040787 ], [ 13537.990198285966471, 37398.099518472670752 ], [ 13538.0, 37398.099999999998545 ], [ 13559.95857864376012, 37398.099999999998545 ], [ 13582.929289321880788, 37421.070710678119212 ], [ 13582.93656067158372, 37421.077301045334025 ], [ 13582.944442976697246, 37421.08314696123125 ], [ 13582.952860326317023, 37421.088192126437207 ], [ 13582.961731656763732, 37421.092387953249272 ], [ 13582.970971532275144, 37421.095694033574546 ], [ 13582.980490967798687, 37421.098078528040787 ], [ 13582.990198285966471, 37421.099518472670752 ], [ 13583.0, 37421.099999999998545 ], [ 13628.0, 37421.099999999998545 ], [ 13628.010078070585223, 37421.099490866377892 ], [ 13628.020053519479916, 37421.097968649868562 ], [ 13628.029824769955667, 37421.095448850683169 ], [ 13628.039292324570852, 37421.091957127129717 ], [ 13628.048359778316808, 37421.087529034273757 ], [ 13628.05693480028458, 37421.082209661944944 ], [ 13628.064930073833239, 37421.076053175551351 ], [ 13628.072264185715539, 37421.069122264598263 ], [ 13650.042728960550448, 37398.099999999998545 ], [ 13673.0, 37398.099999999998545 ], [ 13673.009801714033529, 37398.099518472670752 ], [ 13673.019509032201313, 37398.098078528040787 ], [ 13673.029028467724856, 37398.095694033574546 ], [ 13673.038268343236268, 37398.092387953249272 ], [ 13673.047139673682977, 37398.088192126437207 ], [ 13673.055557023302754, 37398.08314696123125 ], [ 13673.06343932841628, 37398.077301045334025 ], [ 13673.070710678119212, 37398.070710678119212 ], [ 13740.001553891132062, 37331.139867465106363 ], [ 13762.930877735403556, 37353.072264185713721 ], [ 13762.938075393900363, 37353.078519699178287 ], [ 13762.94583618075194, 37353.084061172274232 ], [ 13762.954089521113929, 37353.088838212097471 ], [ 13762.96276036098061, 37353.092807377324789 ], [ 13762.971769849695193, 37353.095932573269238 ], [ 13762.981036057008168, 37353.098185380105861 ], [ 13762.99047471812446, 37353.099545311313705 ], [ 13763.0, 37353.099999999998545 ], [ 13874.95857864376012, 37353.099999999998545 ], [ 13897.929289321880788, 37376.070710678119212 ], [ 13897.93656067158372, 37376.077301045334025 ], [ 13897.944442976697246, 37376.08314696123125 ], [ 13897.952860326317023, 37376.088192126437207 ], [ 13897.961731656763732, 37376.092387953249272 ], [ 13897.970971532275144, 37376.095694033574546 ], [ 13897.980490967798687, 37376.098078528040787 ], [ 13897.990198285966471, 37376.099518472670752 ], [ 13898.0, 37376.099999999998545 ], [ 13920.0, 37376.099999999998545 ], [ 13920.009801714033529, 37376.099518472670752 ], [ 13920.019509032201313, 37376.098078528040787 ], [ 13920.029028467724856, 37376.095694033574546 ], [ 13920.038268343236268, 37376.092387953249272 ], [ 13920.047139673682977, 37376.088192126437207 ], [ 13920.055557023302754, 37376.08314696123125 ], [ 13920.06343932841628, 37376.077301045334025 ], [ 13920.070710678119212, 37376.070710678119212 ], [ 13943.04142135623988, 37353.099999999998545 ], [ 14077.0, 37353.099999999998545 ], [ 14077.00952528187554, 37353.099545311313705 ], [ 14077.018963942991832, 37353.098185380105861 ], [ 14077.028230150304807, 37353.095932573269238 ], [ 14077.03723963901939, 37353.092807377324789 ], [ 14077.045910478886071, 37353.088838212097471 ], [ 14077.05416381924806, 37353.084061172274232 ], [ 14077.061924606099637, 37353.078519699178287 ], [ 14077.069122264596444, 37353.072264185713721 ], [ 14100.040125731480657, 37331.099999999998545 ], [ 14167.0, 37331.099999999998545 ], [ 14167.009801714033529, 37331.099518472670752 ], [ 14167.019509032201313, 37331.098078528040787 ], [ 14167.029028467724856, 37331.095694033574546 ], [ 14167.038268343236268, 37331.092387953249272 ], [ 14167.047139673682977, 37331.088192126437207 ], [ 14167.055557023302754, 37331.08314696123125 ], [ 14167.06343932841628, 37331.077301045334025 ], [ 14167.070710678119212, 37331.070710678119212 ], [ 14190.04142135623988, 37308.099999999998545 ], [ 14212.0, 37308.099999999998545 ], [ 14212.00952528187554, 37308.099545311313705 ], [ 14212.018963942991832, 37308.098185380105861 ], [ 14212.028230150304807, 37308.095932573269238 ], [ 14212.03723963901939, 37308.092807377324789 ], [ 14212.045910478886071, 37308.088838212097471 ], [ 14212.05416381924806, 37308.084061172274232 ], [ 14212.061924606099637, 37308.078519699178287 ], [ 14212.069122264596444, 37308.072264185713721 ], [ 14235.040125731480657, 37286.099999999998545 ], [ 14302.0, 37286.099999999998545 ], [ 14302.009801714033529, 37286.099518472670752 ], [ 14302.019509032201313, 37286.098078528040787 ], [ 14302.029028467724856, 37286.095694033574546 ], [ 14302.038268343236268, 37286.092387953249272 ], [ 14302.047139673682977, 37286.088192126437207 ], [ 14302.055557023302754, 37286.08314696123125 ], [ 14302.06343932841628, 37286.077301045334025 ], [ 14302.070710678119212, 37286.070710678119212 ], [ 14325.04142135623988, 37263.099999999998545 ], [ 14347.0, 37263.099999999998545 ], [ 14347.00952528187554, 37263.099545311313705 ], [ 14347.018963942991832, 37263.098185380105861 ], [ 14347.028230150304807, 37263.095932573269238 ], [ 14347.03723963901939, 37263.092807377324789 ], [ 14347.045910478886071, 37263.088838212097471 ], [ 14347.05416381924806, 37263.084061172274232 ], [ 14347.061924606099637, 37263.078519699178287 ], [ 14347.069122264596444, 37263.072264185713721 ], [ 14370.040125731480657, 37241.099999999998545 ], [ 14392.0, 37241.099999999998545 ], [ 14392.009801714033529, 37241.099518472670752 ], [ 14392.019509032201313, 37241.098078528040787 ], [ 14392.029028467724856, 37241.095694033574546 ], [ 14392.038268343236268, 37241.092387953249272 ], [ 14392.047139673682977, 37241.088192126437207 ], [ 14392.055557023302754, 37241.08314696123125 ], [ 14392.06343932841628, 37241.077301045334025 ], [ 14392.070710678119212, 37241.070710678119212 ], [ 14415.04142135623988, 37218.099999999998545 ], [ 14662.0, 37218.099999999998545 ], [ 14662.00952528187554, 37218.099545311313705 ], [ 14662.018963942991832, 37218.098185380105861 ], [ 14662.028230150304807, 37218.095932573269238 ], [ 14662.03723963901939, 37218.092807377324789 ], [ 14662.045910478886071, 37218.088838212097471 ], [ 14662.05416381924806, 37218.084061172274232 ], [ 14662.061924606099637, 37218.078519699178287 ], [ 14662.069122264596444, 37218.072264185713721 ], [ 14685.040125731480657, 37196.099999999998545 ], [ 14775.0, 37196.099999999998545 ], [ 14775.009801714033529, 37196.099518472670752 ], [ 14775.019509032201313, 37196.098078528040787 ], [ 14775.029028467724856, 37196.095694033574546 ], [ 14775.038268343236268, 37196.092387953249272 ], [ 14775.047139673682977, 37196.088192126437207 ], [ 14775.055557023302754, 37196.08314696123125 ], [ 14775.06343932841628, 37196.077301045334025 ], [ 14775.070710678119212, 37196.070710678119212 ], [ 14797.04142135623988, 37174.099999999998545 ], [ 14820.0, 37174.099999999998545 ], [ 14820.010078070585223, 37174.099490866377892 ], [ 14820.020053519479916, 37174.097968649868562 ], [ 14820.029824769955667, 37174.095448850683169 ], [ 14820.039292324570852, 37174.091957127129717 ], [ 14820.048359778316808, 37174.087529034273757 ], [ 14820.05693480028458, 37174.082209661944944 ], [ 14820.064930073833239, 37174.076053175551351 ], [ 14820.072264185715539, 37174.069122264598263 ], [ 14842.070728135431636, 37151.070728135346144 ], [ 14865.040125731480657, 37129.099999999998545 ], [ 14977.0, 37129.099999999998545 ], [ 14977.009801714033529, 37129.099518472670752 ], [ 14977.019509032201313, 37129.098078528040787 ], [ 14977.029028467724856, 37129.095694033574546 ], [ 14977.038268343236268, 37129.092387953249272 ], [ 14977.047139673682977, 37129.088192126437207 ], [ 14977.055557023302754, 37129.08314696123125 ], [ 14977.06343932841628, 37129.077301045334025 ], [ 14977.070710678119212, 37129.070710678119212 ], [ 15000.04142135623988, 37106.099999999998545 ], [ 15089.0, 37106.099999999998545 ], [ 15089.00952528187554, 37106.099545311313705 ], [ 15089.018963942991832, 37106.098185380105861 ], [ 15089.028230150304807, 37106.095932573269238 ], [ 15089.03723963901939, 37106.092807377324789 ], [ 15089.045910478886071, 37106.088838212097471 ], [ 15089.05416381924806, 37106.084061172274232 ], [ 15089.061924606099637, 37106.078519699178287 ], [ 15089.069122264596444, 37106.072264185713721 ], [ 15112.040125731480657, 37084.099999999998545 ], [ 15224.0, 37084.099999999998545 ], [ 15224.009801714033529, 37084.099518472670752 ], [ 15224.019509032201313, 37084.098078528040787 ], [ 15224.029028467724856, 37084.095694033574546 ], [ 15224.038268343236268, 37084.092387953249272 ], [ 15224.047139673682977, 37084.088192126437207 ], [ 15224.055557023302754, 37084.08314696123125 ], [ 15224.06343932841628, 37084.077301045334025 ], [ 15224.070710678119212, 37084.070710678119212 ], [ 15247.04142135623988, 37061.099999999998545 ], [ 15403.95857864376012, 37061.099999999998545 ], [ 15426.929289321880788, 37084.070710678119212 ], [ 15426.936668077611102, 37084.077389066456817 ], [ 15426.94467411644473, 37084.083300940023037 ], [ 15426.953228141041109, 37084.088387743548083 ], [ 15426.962245426433583, 37084.092599093812169 ], [ 15426.971636659198339, 37084.095893278696167 ], [ 15426.981308822081701, 37084.098237670310482 ], [ 15426.991166115300075, 37084.099609048185812 ], [ 15427.001110905415771, 37084.099993829258892 ], [ 15427.011044692355426, 37084.099388202375849 ], [ 15427.020869085034064, 37084.097798166083521 ], [ 15427.03048677588049, 37084.095239469213993 ], [ 15427.039802504641557, 37084.091737454858958 ], [ 15427.048724001904702, 37084.087326809392835 ], [ 15427.057162903000062, 37084.0820512188875 ], [ 15427.065035623223594, 37084.075962936432916 ], [ 15427.072264185715539, 37084.069122264598263 ], [ 15449.042728960550448, 37061.099999999998545 ], [ 15471.957271039449552, 37061.099999999998545 ], [ 15493.927735814284461, 37084.069122264598263 ], [ 15493.935069926166761, 37084.076053175551351 ], [ 15493.94306519971542, 37084.082209661944944 ], [ 15493.951640221683192, 37084.087529034273757 ], [ 15493.960707675429148, 37084.091957127129717 ], [ 15493.970175230044333, 37084.095448850683169 ], [ 15493.979946480520084, 37084.097968649868562 ], [ 15493.989921929414777, 37084.099490866377892 ], [ 15494.0, 37084.099999999998545 ], [ 15562.0, 37084.099999999998545 ], [ 15562.010078070585223, 37084.099490866377892 ], [ 15562.020053519479916, 37084.097968649868562 ], [ 15562.029824769955667, 37084.095448850683169 ], [ 15562.039292324570852, 37084.091957127129717 ], [ 15562.048359778316808, 37084.087529034273757 ], [ 15562.05693480028458, 37084.082209661944944 ], [ 15562.064930073833239, 37084.076053175551351 ], [ 15562.072264185715539, 37084.069122264598263 ], [ 15584.001588805675055, 37061.143010161911661 ], [ 15606.929289321880788, 37084.070710678119212 ], [ 15606.93656067158372, 37084.077301045334025 ], [ 15606.944442976697246, 37084.08314696123125 ], [ 15606.952860326317023, 37084.088192126437207 ], [ 15606.961731656763732, 37084.092387953249272 ], [ 15606.970971532275144, 37084.095694033574546 ], [ 15606.980490967798687, 37084.098078528040787 ], [ 15606.990198285966471, 37084.099518472670752 ], [ 15607.0, 37084.099999999998545 ], [ 15629.0, 37084.099999999998545 ], [ 15629.009801714033529, 37084.099518472670752 ], [ 15629.019509032201313, 37084.098078528040787 ], [ 15629.029028467724856, 37084.095694033574546 ], [ 15629.038268343236268, 37084.092387953249272 ], [ 15629.047139673682977, 37084.088192126437207 ], [ 15629.055557023302754, 37084.08314696123125 ], [ 15629.06343932841628, 37084.077301045334025 ], [ 15629.070710678119212, 37084.070710678119212 ], [ 15651.998411194324945, 37061.143010161911661 ], [ 15673.927735814284461, 37084.069122264598263 ], [ 15673.934964376776406, 37084.075962936432916 ], [ 15673.942837096999938, 37084.0820512188875 ], [ 15673.951275998095298, 37084.087326809392835 ], [ 15673.960197495358443, 37084.091737454858958 ], [ 15673.96951322411951, 37084.095239469213993 ], [ 15673.979130914965936, 37084.097798166083521 ], [ 15673.988955307644574, 37084.099388202375849 ], [ 15673.998889094584229, 37084.099993829258892 ], [ 15674.008833884699925, 37084.099609048185812 ], [ 15674.018691177918299, 37084.098237670310482 ], [ 15674.028363340801661, 37084.095893278696167 ], [ 15674.037754573566417, 37084.092599093812169 ], [ 15674.046771858958891, 37084.088387743548083 ], [ 15674.05532588355527, 37084.083300940023037 ], [ 15674.063331922388898, 37084.077389066456817 ], [ 15674.070710678119212, 37084.070710678119212 ], [ 15696.998411194324945, 37061.143010161911661 ], [ 15718.927735814284461, 37084.069122264598263 ], [ 15718.935069926166761, 37084.076053175551351 ], [ 15718.94306519971542, 37084.082209661944944 ], [ 15718.951640221683192, 37084.087529034273757 ], [ 15718.960707675429148, 37084.091957127129717 ], [ 15718.970175230044333, 37084.095448850683169 ], [ 15718.979946480520084, 37084.097968649868562 ], [ 15718.989921929414777, 37084.099490866377892 ], [ 15719.0, 37084.099999999998545 ], [ 16281.0, 37084.099999999998545 ], [ 16281.009801714033529, 37084.099518472670752 ], [ 16281.019509032201313, 37084.098078528040787 ], [ 16281.029028467724856, 37084.095694033574546 ], [ 16281.038268343236268, 37084.092387953249272 ], [ 16281.047139673682977, 37084.088192126437207 ], [ 16281.055557023302754, 37084.08314696123125 ], [ 16281.06343932841628, 37084.077301045334025 ], [ 16281.070710678119212, 37084.070710678119212 ], [ 16304.04142135623988, 37061.099999999998545 ], [ 16415.95857864376012, 37061.099999999998545 ], [ 16438.929289321880788, 37084.070710678119212 ], [ 16438.936668077611102, 37084.077389066456817 ], [ 16438.944674116442911, 37084.083300940023037 ], [ 16438.95322814103929, 37084.088387743548083 ], [ 16438.962245426431764, 37084.092599093812169 ], [ 16438.97163665919652, 37084.095893278696167 ], [ 16438.981308822079882, 37084.098237670310482 ], [ 16438.991166115298256, 37084.099609048185812 ], [ 16439.001110905413952, 37084.099993829258892 ], [ 16439.011044692353607, 37084.099388202375849 ], [ 16439.020869085034064, 37084.097798166083521 ], [ 16439.030486775878671, 37084.095239469213993 ], [ 16439.039802504641557, 37084.091737454858958 ], [ 16439.048724001902883, 37084.087326809392835 ], [ 16439.057162902998243, 37084.0820512188875 ], [ 16439.065035623221775, 37084.075962936440192 ], [ 16439.072264185713721, 37084.069122264598263 ], [ 16461.04272896054681, 37061.099999999998545 ], [ 16484.0, 37061.099999999998545 ], [ 16484.009801714033529, 37061.099518472670752 ], [ 16484.019509032201313, 37061.098078528040787 ], [ 16484.029028467724856, 37061.095694033574546 ], [ 16484.038268343236268, 37061.092387953249272 ], [ 16484.047139673682977, 37061.088192126437207 ], [ 16484.055557023300935, 37061.08314696123125 ], [ 16484.06343932841628, 37061.077301045334025 ], [ 16484.070710678119212, 37061.070710678119212 ], [ 16506.04142135623988, 37039.099999999998545 ], [ 16574.0, 37039.099999999998545 ], [ 16574.010078070587042, 37039.099490866377892 ], [ 16574.020053519478097, 37039.097968649868562 ], [ 16574.029824769953848, 37039.095448850683169 ], [ 16574.039292324570852, 37039.091957127129717 ], [ 16574.048359778316808, 37039.087529034273757 ], [ 16574.056934800282761, 37039.082209661944944 ], [ 16574.064930073833239, 37039.076053175558627 ], [ 16574.072264185713721, 37039.069122264598263 ], [ 16596.04272896054681, 37016.099999999998545 ], [ 16640.95857864376012, 37016.099999999998545 ], [ 16663.929289321880788, 37039.070710678119212 ], [ 16663.93656067158372, 37039.077301045334025 ], [ 16663.944442976699065, 37039.08314696123125 ], [ 16663.952860326317023, 37039.088192126437207 ], [ 16663.961731656763732, 37039.092387953249272 ], [ 16663.970971532275144, 37039.095694033574546 ], [ 16663.980490967798687, 37039.098078528040787 ], [ 16663.990198285966471, 37039.099518472670752 ], [ 16664.0, 37039.099999999998545 ], [ 16731.0, 37039.099999999998545 ], [ 16731.009801714033529, 37039.099518472670752 ], [ 16731.019509032201313, 37039.098078528040787 ], [ 16731.029028467724856, 37039.095694033574546 ], [ 16731.038268343236268, 37039.092387953249272 ], [ 16731.047139673682977, 37039.088192126437207 ], [ 16731.055557023300935, 37039.08314696123125 ], [ 16731.06343932841628, 37039.077301045334025 ], [ 16731.070710678119212, 37039.070710678119212 ], [ 16753.998411194326764, 37016.143010161911661 ], [ 16775.927735814286279, 37039.069122264598263 ], [ 16775.935069926166761, 37039.076053175558627 ], [ 16775.943065199717239, 37039.082209661944944 ], [ 16775.951640221683192, 37039.087529034273757 ], [ 16775.960707675429148, 37039.091957127129717 ], [ 16775.970175230046152, 37039.095448850683169 ], [ 16775.979946480521903, 37039.097968649868562 ], [ 16775.989921929412958, 37039.099490866377892 ], [ 16776.0, 37039.099999999998545 ], [ 16799.0, 37039.099999999998545 ], [ 16799.010078070587042, 37039.099490866377892 ], [ 16799.020053519478097, 37039.097968649868562 ], [ 16799.029824769953848, 37039.095448850683169 ], [ 16799.039292324570852, 37039.091957127129717 ], [ 16799.048359778316808, 37039.087529034273757 ], [ 16799.056934800282761, 37039.082209661944944 ], [ 16799.064930073833239, 37039.076053175558627 ], [ 16799.072264185713721, 37039.069122264598263 ], [ 16821.04272896054681, 37016.099999999998545 ], [ 17271.0, 37016.099999999998545 ], [ 17271.009801714033529, 37016.099518472670752 ], [ 17271.019509032201313, 37016.098078528040787 ], [ 17271.029028467724856, 37016.095694033574546 ], [ 17271.038268343236268, 37016.092387953249272 ], [ 17271.047139673682977, 37016.088192126437207 ], [ 17271.055557023300935, 37016.08314696123125 ], [ 17271.06343932841628, 37016.077301045334025 ], [ 17271.070710678119212, 37016.070710678119212 ], [ 17293.001553891132062, 36994.139867465106363 ], [ 17315.930877735401737, 37016.072264185713721 ], [ 17315.938184490762069, 37016.078605615686683 ], [ 17315.94606985417704, 37016.084211278175644 ], [ 17315.954460016742814, 37016.089028702815995 ], [ 17315.963276444519579, 37016.093012797362462 ], [ 17315.972436613614263, 37016.096126269723754 ], [ 17315.981854782647133, 37016.09833997705573 ], [ 17315.991442795282637, 37016.099633198522497 ], [ 17316.001110905413952, 37016.099993829258892 ], [ 17316.010768617205031, 37016.099418493671692 ], [ 17316.020325532143033, 37016.097912577039097 ], [ 17316.029692195210373, 37016.095490175117448 ], [ 17316.038780932176451, 37016.092173962155357 ], [ 17316.047506670278381, 37016.087994978712231 ], [ 17316.055787734509067, 37016.082992341085628 ], [ 17316.063546612109349, 37016.077212875155965 ], [ 17316.070710678119212, 37016.070710678119212 ], [ 17338.001553891132062, 36994.139867465106363 ], [ 17360.930877735401737, 37016.072264185713721 ], [ 17360.938184490762069, 37016.078605615686683 ], [ 17360.94606985417704, 37016.084211278175644 ], [ 17360.954460016742814, 37016.089028702815995 ], [ 17360.963276444519579, 37016.093012797362462 ], [ 17360.972436613614263, 37016.096126269723754 ], [ 17360.981854782647133, 37016.09833997705573 ], [ 17360.991442795282637, 37016.099633198522497 ], [ 17361.001110905413952, 37016.099993829258892 ], [ 17361.010768617205031, 37016.099418493671692 ], [ 17361.020325532143033, 37016.097912577039097 ], [ 17361.029692195210373, 37016.095490175117448 ], [ 17361.038780932176451, 37016.092173962155357 ], [ 17361.047506670278381, 37016.087994978712231 ], [ 17361.055787734509067, 37016.082992341085628 ], [ 17361.063546612109349, 37016.077212875155965 ], [ 17361.070710678119212, 37016.070710678119212 ], [ 17383.04142135623988, 36994.099999999998545 ], [ 17496.0, 36994.099999999998545 ], [ 17496.010078070587042, 36994.099490866377892 ], [ 17496.020053519478097, 36994.097968649868562 ], [ 17496.029824769953848, 36994.095448850683169 ], [ 17496.039292324570852, 36994.091957127129717 ], [ 17496.048359778316808, 36994.087529034273757 ], [ 17496.056934800282761, 36994.082209661944944 ], [ 17496.064930073833239, 36994.076053175558627 ], [ 17496.072264185713721, 36994.069122264598263 ], [ 17518.04272896054681, 36971.099999999998545 ], [ 17608.0, 36971.099999999998545 ], [ 17608.00952528187554, 36971.099545311313705 ], [ 17608.018963942991832, 36971.098185380105861 ], [ 17608.028230150302988, 36971.095932573269238 ], [ 17608.03723963901939, 36971.092807377324789 ], [ 17608.045910478886071, 36971.088838212097471 ], [ 17608.05416381924806, 36971.084061172274232 ], [ 17608.061924606099637, 36971.078519699178287 ], [ 17608.069122264598263, 36971.072264185713721 ], [ 17631.040125731480657, 36949.099999999998545 ], [ 17810.95857864376012, 36949.099999999998545 ], [ 17832.929289321880788, 36971.070710678119212 ], [ 17832.936453387890651, 36971.077212875155965 ], [ 17832.944212265490933, 36971.082992341085628 ], [ 17832.952493329721619, 36971.087994978712231 ], [ 17832.961219067823549, 36971.092173962155357 ], [ 17832.970307804789627, 36971.095490175117448 ], [ 17832.979674467856967, 36971.097912577039097 ], [ 17832.989231382794969, 36971.099418493671692 ], [ 17832.998889094586048, 36971.099993829258892 ], [ 17833.008557204717363, 36971.099633198522497 ], [ 17833.018145217352867, 36971.09833997705573 ], [ 17833.027563386385737, 36971.096126269723754 ], [ 17833.036723555480421, 36971.093012797362462 ], [ 17833.045539983257186, 36971.089028702815995 ], [ 17833.05393014582296, 36971.084211278175644 ], [ 17833.061815509237931, 36971.078605615686683 ], [ 17833.069122264598263, 36971.072264185713721 ], [ 17856.069122264598263, 36949.072264185713721 ], [ 17856.072264185713721, 36949.069122264598263 ], [ 17878.04272896054681, 36926.099999999998545 ], [ 17922.95857864376012, 36926.099999999998545 ], [ 17945.929289321880788, 36949.070710678119212 ], [ 17945.93656067158372, 36949.077301045334025 ], [ 17945.944442976699065, 36949.08314696123125 ], [ 17945.952860326317023, 36949.088192126437207 ], [ 17945.961731656763732, 36949.092387953249272 ], [ 17945.970971532275144, 36949.095694033574546 ], [ 17945.980490967798687, 36949.098078528040787 ], [ 17945.990198285966471, 36949.099518472670752 ], [ 17946.0, 36949.099999999998545 ], [ 18013.0, 36949.099999999998545 ], [ 18013.009801714033529, 36949.099518472670752 ], [ 18013.019509032201313, 36949.098078528040787 ], [ 18013.029028467724856, 36949.095694033574546 ], [ 18013.038268343236268, 36949.092387953249272 ], [ 18013.047139673682977, 36949.088192126437207 ], [ 18013.055557023300935, 36949.08314696123125 ], [ 18013.06343932841628, 36949.077301045334025 ], [ 18013.070710678119212, 36949.070710678119212 ], [ 18058.001553891132062, 36904.139867465106363 ], [ 18080.930877735401737, 36926.072264185713721 ], [ 18080.938075393900363, 36926.078519699178287 ], [ 18080.94583618075194, 36926.084061172274232 ], [ 18080.954089521113929, 36926.088838212097471 ], [ 18080.96276036098061, 36926.092807377324789 ], [ 18080.971769849697012, 36926.095932573269238 ], [ 18080.981036057008168, 36926.098185380105861 ], [ 18080.99047471812446, 36926.099545311313705 ], [ 18081.0, 36926.099999999998545 ], [ 18124.95857864376012, 36926.099999999998545 ], [ 18147.929289321880788, 36949.070710678119212 ], [ 18147.93656067158372, 36949.077301045334025 ], [ 18147.944442976699065, 36949.08314696123125 ], [ 18147.952860326317023, 36949.088192126437207 ], [ 18147.961731656763732, 36949.092387953249272 ], [ 18147.970971532275144, 36949.095694033574546 ], [ 18147.980490967798687, 36949.098078528040787 ], [ 18147.990198285966471, 36949.099518472670752 ], [ 18148.0, 36949.099999999998545 ], [ 18327.95857864376012, 36949.099999999998545 ], [ 18349.929289321880788, 36971.070710678119212 ], [ 18349.936453387890651, 36971.077212875155965 ], [ 18349.944212265490933, 36971.082992341085628 ], [ 18349.952493329721619, 36971.087994978712231 ], [ 18349.961219067823549, 36971.092173962155357 ], [ 18349.970307804789627, 36971.095490175117448 ], [ 18349.979674467856967, 36971.097912577039097 ], [ 18349.989231382794969, 36971.099418493671692 ], [ 18349.998889094586048, 36971.099993829258892 ], [ 18350.008557204717363, 36971.099633198522497 ], [ 18350.018145217352867, 36971.09833997705573 ], [ 18350.027563386385737, 36971.096126269723754 ], [ 18350.036723555480421, 36971.093012797362462 ], [ 18350.045539983257186, 36971.089028702815995 ], [ 18350.05393014582296, 36971.084211278175644 ], [ 18350.061815509237931, 36971.078605615686683 ], [ 18350.069122264598263, 36971.072264185713721 ], [ 18373.040125731480657, 36949.099999999998545 ], [ 18553.0, 36949.099999999998545 ], [ 18553.010078070587042, 36949.099490866377892 ], [ 18553.020053519478097, 36949.097968649868562 ], [ 18553.029824769953848, 36949.095448850683169 ], [ 18553.039292324570852, 36949.091957127129717 ], [ 18553.048359778316808, 36949.087529034273757 ], [ 18553.056934800282761, 36949.082209661944944 ], [ 18553.064930073833239, 36949.076053175558627 ], [ 18553.072264185713721, 36949.069122264598263 ], [ 18575.04272896054681, 36926.099999999998545 ], [ 18733.0, 36926.099999999998545 ], [ 18733.009801714033529, 36926.099518472670752 ], [ 18733.019509032201313, 36926.098078528040787 ], [ 18733.029028467724856, 36926.095694033574546 ], [ 18733.038268343236268, 36926.092387953249272 ], [ 18733.047139673682977, 36926.088192126437207 ], [ 18733.055557023300935, 36926.08314696123125 ], [ 18733.06343932841628, 36926.077301045334025 ], [ 18733.070710678119212, 36926.070710678119212 ], [ 18755.001553891132062, 36904.139867465106363 ], [ 18777.930877735401737, 36926.072264185713721 ], [ 18777.938184490762069, 36926.078605615686683 ], [ 18777.94606985417704, 36926.084211278175644 ], [ 18777.954460016742814, 36926.089028702815995 ], [ 18777.963276444519579, 36926.093012797362462 ], [ 18777.972436613614263, 36926.096126269723754 ], [ 18777.981854782647133, 36926.09833997705573 ], [ 18777.991442795282637, 36926.099633198522497 ], [ 18778.001110905413952, 36926.099993829258892 ], [ 18778.010768617205031, 36926.099418493671692 ], [ 18778.020325532143033, 36926.097912577039097 ], [ 18778.029692195210373, 36926.095490175117448 ], [ 18778.038780932176451, 36926.092173962155357 ], [ 18778.047506670278381, 36926.087994978712231 ], [ 18778.055787734509067, 36926.082992341085628 ], [ 18778.063546612109349, 36926.077212875155965 ], [ 18778.070710678119212, 36926.070710678119212 ], [ 18800.04142135623988, 36904.099999999998545 ], [ 18890.0, 36904.099999999998545 ], [ 18890.009801714033529, 36904.099518472670752 ], [ 18890.019509032201313, 36904.098078528040787 ], [ 18890.029028467724856, 36904.095694033574546 ], [ 18890.038268343236268, 36904.092387953249272 ], [ 18890.047139673682977, 36904.088192126437207 ], [ 18890.055557023300935, 36904.08314696123125 ], [ 18890.06343932841628, 36904.077301045334025 ], [ 18890.070710678119212, 36904.070710678119212 ], [ 18913.04142135623988, 36881.099999999998545 ], [ 18980.0, 36881.099999999998545 ], [ 18980.00952528187554, 36881.099545311313705 ], [ 18980.018963942991832, 36881.098185380105861 ], [ 18980.028230150302988, 36881.095932573269238 ], [ 18980.03723963901939, 36881.092807377324789 ], [ 18980.045910478886071, 36881.088838212097471 ], [ 18980.05416381924806, 36881.084061172274232 ], [ 18980.061924606099637, 36881.078519699178287 ], [ 18980.069122264598263, 36881.072264185713721 ], [ 19003.040125731480657, 36859.099999999998545 ], [ 19070.0, 36859.099999999998545 ], [ 19070.009801714033529, 36859.099518472670752 ], [ 19070.019509032201313, 36859.098078528040787 ], [ 19070.029028467724856, 36859.095694033574546 ], [ 19070.038268343236268, 36859.092387953249272 ], [ 19070.047139673682977, 36859.088192126437207 ], [ 19070.055557023300935, 36859.08314696123125 ], [ 19070.06343932841628, 36859.077301045334025 ], [ 19070.070710678119212, 36859.070710678119212 ], [ 19093.04142135623988, 36836.099999999998545 ], [ 19115.0, 36836.099999999998545 ], [ 19115.009801714033529, 36836.099518472670752 ], [ 19115.019509032201313, 36836.098078528040787 ], [ 19115.029028467724856, 36836.095694033574546 ], [ 19115.038268343236268, 36836.092387953249272 ], [ 19115.047139673682977, 36836.088192126437207 ], [ 19115.055557023300935, 36836.08314696123125 ], [ 19115.06343932841628, 36836.077301045334025 ], [ 19115.070710678119212, 36836.070710678119212 ], [ 19137.001553891132062, 36814.139867465106363 ], [ 19159.930877735401737, 36836.072264185713721 ], [ 19159.938075393900363, 36836.078519699178287 ], [ 19159.94583618075194, 36836.084061172274232 ], [ 19159.954089521113929, 36836.088838212097471 ], [ 19159.96276036098061, 36836.092807377324789 ], [ 19159.971769849697012, 36836.095932573269238 ], [ 19159.981036057008168, 36836.098185380105861 ], [ 19159.99047471812446, 36836.099545311313705 ], [ 19160.0, 36836.099999999998545 ], [ 19250.0, 36836.099999999998545 ], [ 19250.009801714033529, 36836.099518472670752 ], [ 19250.019509032201313, 36836.098078528040787 ], [ 19250.029028467724856, 36836.095694033574546 ], [ 19250.038268343236268, 36836.092387953249272 ], [ 19250.047139673682977, 36836.088192126437207 ], [ 19250.055557023300935, 36836.08314696123125 ], [ 19250.06343932841628, 36836.077301045334025 ], [ 19250.070710678119212, 36836.070710678119212 ], [ 19272.001553891132062, 36814.139867465106363 ], [ 19294.930877735401737, 36836.072264185713721 ], [ 19294.938075393900363, 36836.078519699178287 ], [ 19294.94583618075194, 36836.084061172274232 ], [ 19294.954089521113929, 36836.088838212097471 ], [ 19294.96276036098061, 36836.092807377324789 ], [ 19294.971769849697012, 36836.095932573269238 ], [ 19294.981036057008168, 36836.098185380105861 ], [ 19294.99047471812446, 36836.099545311313705 ], [ 19295.0, 36836.099999999998545 ], [ 19317.0, 36836.099999999998545 ], [ 19317.00952528187554, 36836.099545311313705 ], [ 19317.018963942991832, 36836.098185380105861 ], [ 19317.028230150302988, 36836.095932573269238 ], [ 19317.03723963901939, 36836.092807377324789 ], [ 19317.045910478886071, 36836.088838212097471 ], [ 19317.05416381924806, 36836.084061172274232 ], [ 19317.061924606099637, 36836.078519699178287 ], [ 19317.069122264598263, 36836.072264185713721 ], [ 19339.998446108867938, 36814.139867465106363 ], [ 19384.929289321880788, 36859.070710678119212 ], [ 19384.93656067158372, 36859.077301045334025 ], [ 19384.944442976699065, 36859.08314696123125 ], [ 19384.952860326317023, 36859.088192126437207 ], [ 19384.961731656763732, 36859.092387953249272 ], [ 19384.970971532275144, 36859.095694033574546 ], [ 19384.980490967798687, 36859.098078528040787 ], [ 19384.990198285966471, 36859.099518472670752 ], [ 19385.0, 36859.099999999998545 ], [ 19385.009801714033529, 36859.099518472670752 ], [ 19385.019509032201313, 36859.098078528040787 ], [ 19385.029028467724856, 36859.095694033574546 ], [ 19385.038268343236268, 36859.092387953249272 ], [ 19385.047139673682977, 36859.088192126437207 ], [ 19385.055557023300935, 36859.08314696123125 ], [ 19385.06343932841628, 36859.077301045334025 ], [ 19385.070710678119212, 36859.070710678119212 ], [ 19385.077301045337663, 36859.063439328419918 ], [ 19385.08314696123125, 36859.055557023304573 ], [ 19385.088192126433569, 36859.047139673682977 ], [ 19385.09238795325291, 36859.038268343239906 ], [ 19385.095694033574546, 36859.029028467724856 ], [ 19385.098078528040787, 36859.019509032201313 ], [ 19385.099518472667114, 36859.009801714033529 ], [ 19385.099999999998545, 36859.0 ], [ 19385.099518472667114, 36858.990198285966471 ], [ 19385.098078528040787, 36858.980490967798687 ], [ 19385.095694033574546, 36858.970971532275144 ], [ 19385.09238795325291, 36858.961731656760094 ], [ 19385.088192126433569, 36858.952860326317023 ], [ 19385.08314696123125, 36858.944442976695427 ], [ 19385.077301045337663, 36858.936560671580082 ], [ 19385.070710678119212, 36858.929289321880788 ], [ 19340.139867465106363, 36813.998446108867938 ], [ 19362.04272896054681, 36791.099999999998545 ], [ 19407.0, 36791.099999999998545 ], [ 19407.00952528187554, 36791.099545311313705 ], [ 19407.018963942991832, 36791.098185380105861 ], [ 19407.028230150302988, 36791.095932573269238 ], [ 19407.03723963901939, 36791.092807377324789 ], [ 19407.045910478886071, 36791.088838212097471 ], [ 19407.05416381924806, 36791.084061172274232 ], [ 19407.061924606099637, 36791.078519699178287 ], [ 19407.069122264598263, 36791.072264185713721 ], [ 19429.998446108867938, 36769.139867465106363 ], [ 19451.929289321880788, 36791.070710678119212 ], [ 19451.93656067158372, 36791.077301045334025 ], [ 19451.944442976699065, 36791.08314696123125 ], [ 19451.952860326317023, 36791.088192126437207 ], [ 19451.961731656763732, 36791.092387953249272 ], [ 19451.970971532275144, 36791.095694033574546 ], [ 19451.980490967798687, 36791.098078528040787 ], [ 19451.990198285966471, 36791.099518472670752 ], [ 19452.0, 36791.099999999998545 ], [ 19520.0, 36791.099999999998545 ], [ 19520.009801714033529, 36791.099518472670752 ], [ 19520.019509032201313, 36791.098078528040787 ], [ 19520.029028467724856, 36791.095694033574546 ], [ 19520.038268343236268, 36791.092387953249272 ], [ 19520.047139673682977, 36791.088192126437207 ], [ 19520.055557023300935, 36791.08314696123125 ], [ 19520.06343932841628, 36791.077301045334025 ], [ 19520.070710678119212, 36791.070710678119212 ], [ 19542.04142135623988, 36769.099999999998545 ], [ 19586.959874268519343, 36769.099999999998545 ], [ 19609.9292718646102, 36791.0707281353898 ], [ 19631.927735814286279, 36814.069122264598263 ], [ 19631.930877735401737, 36814.072264185713721 ], [ 19654.930877735401737, 36836.072264185713721 ], [ 19654.938075393900363, 36836.078519699178287 ], [ 19654.94583618075194, 36836.084061172274232 ], [ 19654.954089521113929, 36836.088838212097471 ], [ 19654.96276036098061, 36836.092807377324789 ], [ 19654.971769849697012, 36836.095932573269238 ], [ 19654.981036057008168, 36836.098185380105861 ], [ 19654.99047471812446, 36836.099545311313705 ], [ 19655.0, 36836.099999999998545 ], [ 19676.95857864376012, 36836.099999999998545 ], [ 19721.929289321880788, 36881.070710678119212 ], [ 19721.93656067158372, 36881.077301045334025 ], [ 19721.944442976699065, 36881.08314696123125 ], [ 19721.952860326317023, 36881.088192126437207 ], [ 19721.961731656763732, 36881.092387953249272 ], [ 19721.970971532275144, 36881.095694033574546 ], [ 19721.980490967798687, 36881.098078528040787 ], [ 19721.990198285966471, 36881.099518472670752 ], [ 19722.0, 36881.099999999998545 ], [ 19744.95727103945319, 36881.099999999998545 ], [ 19766.927735814286279, 36904.069122264598263 ], [ 19766.935069926166761, 36904.076053175558627 ], [ 19766.943065199717239, 36904.082209661944944 ], [ 19766.951640221683192, 36904.087529034273757 ], [ 19766.960707675429148, 36904.091957127129717 ], [ 19766.970175230046152, 36904.095448850683169 ], [ 19766.979946480521903, 36904.097968649868562 ], [ 19766.989921929412958, 36904.099490866377892 ], [ 19767.0, 36904.099999999998545 ], [ 19789.95857864376012, 36904.099999999998545 ], [ 19811.929289321880788, 36926.070710678119212 ], [ 19811.93656067158372, 36926.077301045334025 ], [ 19811.944442976699065, 36926.08314696123125 ], [ 19811.952860326317023, 36926.088192126437207 ], [ 19811.961731656763732, 36926.092387953249272 ], [ 19811.970971532275144, 36926.095694033574546 ], [ 19811.980490967798687, 36926.098078528040787 ], [ 19811.990198285966471, 36926.099518472670752 ], [ 19812.0, 36926.099999999998545 ], [ 19991.95857864376012, 36926.099999999998545 ], [ 20014.929289321880788, 36949.070710678119212 ], [ 20014.936668077611102, 36949.077389066456817 ], [ 20014.944674116442911, 36949.083300940023037 ], [ 20014.95322814103929, 36949.088387743548083 ], [ 20014.962245426431764, 36949.092599093812169 ], [ 20014.97163665919652, 36949.095893278696167 ], [ 20014.981308822079882, 36949.098237670310482 ], [ 20014.991166115298256, 36949.099609048185812 ], [ 20015.001110905413952, 36949.099993829258892 ], [ 20015.011044692353607, 36949.099388202375849 ], [ 20015.020869085034064, 36949.097798166083521 ], [ 20015.030486775878671, 36949.095239469213993 ], [ 20015.039802504641557, 36949.091737454858958 ], [ 20015.048724001902883, 36949.087326809392835 ], [ 20015.057162902998243, 36949.0820512188875 ], [ 20015.065035623221775, 36949.075962936440192 ], [ 20015.072264185713721, 36949.069122264598263 ], [ 20037.04272896054681, 36926.099999999998545 ], [ 20171.95727103945319, 36926.099999999998545 ], [ 20193.927735814286279, 36949.069122264598263 ], [ 20193.935069926166761, 36949.076053175558627 ], [ 20193.943065199717239, 36949.082209661944944 ], [ 20193.951640221683192, 36949.087529034273757 ], [ 20193.960707675429148, 36949.091957127129717 ], [ 20193.970175230046152, 36949.095448850683169 ], [ 20193.979946480521903, 36949.097968649868562 ], [ 20193.989921929412958, 36949.099490866377892 ], [ 20194.0, 36949.099999999998545 ], [ 20328.959874268519343, 36949.099999999998545 ], [ 20351.930877735401737, 36971.072264185713721 ], [ 20351.938075393900363, 36971.078519699178287 ], [ 20351.94583618075194, 36971.084061172274232 ], [ 20351.954089521113929, 36971.088838212097471 ], [ 20351.96276036098061, 36971.092807377324789 ], [ 20351.971769849697012, 36971.095932573269238 ], [ 20351.981036057008168, 36971.098185380105861 ], [ 20351.99047471812446, 36971.099545311313705 ], [ 20352.0, 36971.099999999998545 ], [ 20397.0, 36971.099999999998545 ], [ 20397.009801714033529, 36971.099518472670752 ], [ 20397.019509032201313, 36971.098078528040787 ], [ 20397.029028467724856, 36971.095694033574546 ], [ 20397.038268343236268, 36971.092387953249272 ], [ 20397.047139673682977, 36971.088192126437207 ], [ 20397.055557023300935, 36971.08314696123125 ], [ 20397.06343932841628, 36971.077301045334025 ], [ 20397.070710678119212, 36971.070710678119212 ], [ 20419.04142135623988, 36949.099999999998545 ], [ 20441.95857864376012, 36949.099999999998545 ], [ 20463.929289321880788, 36971.070710678119212 ], [ 20463.93656067158372, 36971.077301045334025 ], [ 20463.944442976699065, 36971.08314696123125 ], [ 20463.952860326317023, 36971.088192126437207 ], [ 20463.961731656763732, 36971.092387953249272 ], [ 20463.970971532275144, 36971.095694033574546 ], [ 20463.980490967798687, 36971.098078528040787 ], [ 20463.990198285966471, 36971.099518472670752 ], [ 20464.0, 36971.099999999998545 ], [ 20577.0, 36971.099999999998545 ], [ 20577.009801714033529, 36971.099518472670752 ], [ 20577.019509032201313, 36971.098078528040787 ], [ 20577.029028467724856, 36971.095694033574546 ], [ 20577.038268343236268, 36971.092387953249272 ], [ 20577.047139673682977, 36971.088192126437207 ], [ 20577.055557023300935, 36971.08314696123125 ], [ 20577.06343932841628, 36971.077301045334025 ], [ 20577.070710678119212, 36971.070710678119212 ], [ 20599.04142135623988, 36949.099999999998545 ], [ 20823.959874268519343, 36949.099999999998545 ], [ 20846.9292718646102, 36971.0707281353898 ], [ 20868.927735814286279, 36994.069122264598263 ], [ 20868.935069926166761, 36994.076053175558627 ], [ 20868.943065199717239, 36994.082209661944944 ], [ 20868.951640221683192, 36994.087529034273757 ], [ 20868.960707675429148, 36994.091957127129717 ], [ 20868.970175230046152, 36994.095448850683169 ], [ 20868.979946480521903, 36994.097968649868562 ], [ 20868.989921929412958, 36994.099490866377892 ], [ 20869.0, 36994.099999999998545 ], [ 20891.95857864376012, 36994.099999999998545 ], [ 20913.929289321880788, 37016.070710678119212 ], [ 20913.93656067158372, 37016.077301045334025 ], [ 20913.944442976699065, 37016.08314696123125 ], [ 20913.952860326317023, 37016.088192126437207 ], [ 20913.961731656763732, 37016.092387953249272 ], [ 20913.970971532275144, 37016.095694033574546 ], [ 20913.980490967798687, 37016.098078528040787 ], [ 20913.990198285966471, 37016.099518472670752 ], [ 20914.0, 37016.099999999998545 ], [ 20958.95857864376012, 37016.099999999998545 ], [ 20981.929289321880788, 37039.070710678119212 ], [ 20981.93656067158372, 37039.077301045334025 ], [ 20981.944442976699065, 37039.08314696123125 ], [ 20981.952860326317023, 37039.088192126437207 ], [ 20981.961731656763732, 37039.092387953249272 ], [ 20981.970971532275144, 37039.095694033574546 ], [ 20981.980490967798687, 37039.098078528040787 ], [ 20981.990198285966471, 37039.099518472670752 ], [ 20982.0, 37039.099999999998545 ], [ 21048.959874268519343, 37039.099999999998545 ], [ 21071.930877735401737, 37061.072264185713721 ], [ 21071.938184490762069, 37061.078605615686683 ], [ 21071.94606985417704, 37061.084211278175644 ], [ 21071.954460016742814, 37061.089028702815995 ], [ 21071.963276444519579, 37061.093012797362462 ], [ 21071.972436613614263, 37061.096126269723754 ], [ 21071.981854782647133, 37061.09833997705573 ], [ 21071.991442795282637, 37061.099633198522497 ], [ 21072.001110905413952, 37061.099993829258892 ], [ 21072.010768617205031, 37061.099418493671692 ], [ 21072.020325532143033, 37061.097912577039097 ], [ 21072.029692195210373, 37061.095490175117448 ], [ 21072.038780932176451, 37061.092173962155357 ], [ 21072.047506670278381, 37061.087994978712231 ], [ 21072.055787734509067, 37061.082992341085628 ], [ 21072.063546612109349, 37061.077212875155965 ], [ 21072.070710678119212, 37061.070710678119212 ], [ 21094.0, 37039.141421356238425 ], [ 21115.929289321880788, 37061.070710678119212 ], [ 21115.936453387890651, 37061.077212875155965 ], [ 21115.944212265490933, 37061.082992341085628 ], [ 21115.952493329721619, 37061.087994978712231 ], [ 21115.961219067823549, 37061.092173962155357 ], [ 21115.970307804789627, 37061.095490175117448 ], [ 21115.979674467856967, 37061.097912577039097 ], [ 21115.989231382794969, 37061.099418493671692 ], [ 21115.998889094586048, 37061.099993829258892 ], [ 21116.008557204717363, 37061.099633198522497 ], [ 21116.018145217352867, 37061.09833997705573 ], [ 21116.027563386385737, 37061.096126269723754 ], [ 21116.036723555480421, 37061.093012797362462 ], [ 21116.045539983257186, 37061.089028702815995 ], [ 21116.05393014582296, 37061.084211278175644 ], [ 21116.061815509237931, 37061.078605615686683 ], [ 21116.069122264598263, 37061.072264185713721 ], [ 21139.040125731480657, 37039.099999999998545 ], [ 21251.0, 37039.099999999998545 ], [ 21251.009801714033529, 37039.099518472670752 ], [ 21251.019509032201313, 37039.098078528040787 ], [ 21251.029028467724856, 37039.095694033574546 ], [ 21251.038268343236268, 37039.092387953249272 ], [ 21251.047139673682977, 37039.088192126437207 ], [ 21251.055557023300935, 37039.08314696123125 ], [ 21251.06343932841628, 37039.077301045334025 ], [ 21251.070710678119212, 37039.070710678119212 ], [ 21273.998411194326764, 37016.143010161911661 ], [ 21295.927735814286279, 37039.069122264598263 ], [ 21295.935069926166761, 37039.076053175558627 ], [ 21295.943065199717239, 37039.082209661944944 ], [ 21295.951640221683192, 37039.087529034273757 ], [ 21295.960707675429148, 37039.091957127129717 ], [ 21295.970175230046152, 37039.095448850683169 ], [ 21295.979946480521903, 37039.097968649868562 ], [ 21295.989921929412958, 37039.099490866377892 ], [ 21296.0, 37039.099999999998545 ], [ 21363.95857864376012, 37039.099999999998545 ], [ 21385.929289321880788, 37061.070710678119212 ], [ 21385.93656067158372, 37061.077301045334025 ], [ 21385.944442976699065, 37061.08314696123125 ], [ 21385.952860326317023, 37061.088192126437207 ], [ 21385.961731656763732, 37061.092387953249272 ], [ 21385.970971532275144, 37061.095694033574546 ], [ 21385.980490967798687, 37061.098078528040787 ], [ 21385.990198285966471, 37061.099518472670752 ], [ 21386.0, 37061.099999999998545 ], [ 21499.0, 37061.099999999998545 ], [ 21499.009801714033529, 37061.099518472670752 ], [ 21499.019509032201313, 37061.098078528040787 ], [ 21499.029028467724856, 37061.095694033574546 ], [ 21499.038268343236268, 37061.092387953249272 ], [ 21499.047139673682977, 37061.088192126437207 ], [ 21499.055557023300935, 37061.08314696123125 ], [ 21499.06343932841628, 37061.077301045334025 ], [ 21499.070710678119212, 37061.070710678119212 ], [ 21521.04142135623988, 37039.099999999998545 ], [ 21589.0, 37039.099999999998545 ], [ 21589.010078070587042, 37039.099490866377892 ], [ 21589.020053519478097, 37039.097968649868562 ], [ 21589.029824769953848, 37039.095448850683169 ], [ 21589.039292324570852, 37039.091957127129717 ], [ 21589.048359778316808, 37039.087529034273757 ], [ 21589.056934800282761, 37039.082209661944944 ], [ 21589.064930073833239, 37039.076053175558627 ], [ 21589.072264185713721, 37039.069122264598263 ], [ 21611.04272896054681, 37016.099999999998545 ], [ 21633.95727103945319, 37016.099999999998545 ], [ 21655.927735814286279, 37039.069122264598263 ], [ 21655.935069926166761, 37039.076053175558627 ], [ 21655.943065199717239, 37039.082209661944944 ], [ 21655.951640221683192, 37039.087529034273757 ], [ 21655.960707675429148, 37039.091957127129717 ], [ 21655.970175230046152, 37039.095448850683169 ], [ 21655.979946480521903, 37039.097968649868562 ], [ 21655.989921929412958, 37039.099490866377892 ], [ 21656.0, 37039.099999999998545 ], [ 21791.0, 37039.099999999998545 ], [ 21791.009801714033529, 37039.099518472670752 ], [ 21791.019509032201313, 37039.098078528040787 ], [ 21791.029028467724856, 37039.095694033574546 ], [ 21791.038268343236268, 37039.092387953249272 ], [ 21791.047139673682977, 37039.088192126437207 ], [ 21791.055557023300935, 37039.08314696123125 ], [ 21791.06343932841628, 37039.077301045334025 ], [ 21791.070710678119212, 37039.070710678119212 ], [ 21814.04142135623988, 37016.099999999998545 ], [ 21835.95857864376012, 37016.099999999998545 ], [ 21858.929289321880788, 37039.070710678119212 ], [ 21858.93656067158372, 37039.077301045334025 ], [ 21858.944442976699065, 37039.08314696123125 ], [ 21858.952860326317023, 37039.088192126437207 ], [ 21858.961731656763732, 37039.092387953249272 ], [ 21858.970971532275144, 37039.095694033574546 ], [ 21858.980490967798687, 37039.098078528040787 ], [ 21858.990198285966471, 37039.099518472670752 ], [ 21859.0, 37039.099999999998545 ], [ 21880.959874268519343, 37039.099999999998545 ], [ 21903.930877735401737, 37061.072264185713721 ], [ 21903.938075393900363, 37061.078519699178287 ], [ 21903.94583618075194, 37061.084061172274232 ], [ 21903.954089521113929, 37061.088838212097471 ], [ 21903.96276036098061, 37061.092807377324789 ], [ 21903.971769849697012, 37061.095932573269238 ], [ 21903.981036057008168, 37061.098185380105861 ], [ 21903.99047471812446, 37061.099545311313705 ], [ 21904.0, 37061.099999999998545 ], [ 21948.95727103945319, 37061.099999999998545 ], [ 21970.927735814286279, 37084.069122264598263 ], [ 21970.935069926166761, 37084.076053175558627 ], [ 21970.943065199717239, 37084.082209661944944 ], [ 21970.951640221683192, 37084.087529034273757 ], [ 21970.960707675429148, 37084.091957127129717 ], [ 21970.970175230046152, 37084.095448850683169 ], [ 21970.979946480521903, 37084.097968649868562 ], [ 21970.989921929412958, 37084.099490866377892 ], [ 21971.0, 37084.099999999998545 ], [ 22015.959874268519343, 37084.099999999998545 ], [ 22038.930877735401737, 37106.072264185713721 ], [ 22038.938075393900363, 37106.078519699178287 ], [ 22038.94583618075194, 37106.084061172274232 ], [ 22038.954089521113929, 37106.088838212097471 ], [ 22038.96276036098061, 37106.092807377324789 ], [ 22038.971769849697012, 37106.095932573269238 ], [ 22038.981036057008168, 37106.098185380105861 ], [ 22038.99047471812446, 37106.099545311313705 ], [ 22039.0, 37106.099999999998545 ], [ 22105.95727103945319, 37106.099999999998545 ], [ 22127.927735814286279, 37129.069122264598263 ], [ 22127.935069926166761, 37129.076053175558627 ], [ 22127.943065199717239, 37129.082209661944944 ], [ 22127.951640221683192, 37129.087529034273757 ], [ 22127.960707675429148, 37129.091957127129717 ], [ 22127.970175230046152, 37129.095448850683169 ], [ 22127.979946480521903, 37129.097968649868562 ], [ 22127.989921929412958, 37129.099490866377892 ], [ 22128.0, 37129.099999999998545 ], [ 22150.95857864376012, 37129.099999999998545 ], [ 22172.929289321880788, 37151.070710678119212 ], [ 22172.93656067158372, 37151.077301045334025 ], [ 22172.944442976699065, 37151.08314696123125 ], [ 22172.952860326317023, 37151.088192126437207 ], [ 22172.961731656763732, 37151.092387953249272 ], [ 22172.970971532275144, 37151.095694033574546 ], [ 22172.980490967798687, 37151.098078528040787 ], [ 22172.990198285966471, 37151.099518472670752 ], [ 22173.0, 37151.099999999998545 ], [ 22240.95727103945319, 37151.099999999998545 ], [ 22262.927735814286279, 37174.069122264598263 ], [ 22262.935069926166761, 37174.076053175558627 ], [ 22262.943065199717239, 37174.082209661944944 ], [ 22262.951640221683192, 37174.087529034273757 ], [ 22262.960707675429148, 37174.091957127129717 ], [ 22262.970175230046152, 37174.095448850683169 ], [ 22262.979946480521903, 37174.097968649868562 ], [ 22262.989921929412958, 37174.099490866377892 ], [ 22263.0, 37174.099999999998545 ], [ 22442.959874268519343, 37174.099999999998545 ], [ 22465.930877735401737, 37196.072264185713721 ], [ 22465.938075393900363, 37196.078519699178287 ], [ 22465.94583618075194, 37196.084061172274232 ], [ 22465.954089521113929, 37196.088838212097471 ], [ 22465.96276036098061, 37196.092807377324789 ], [ 22465.971769849697012, 37196.095932573269238 ], [ 22465.981036057008168, 37196.098185380105861 ], [ 22465.99047471812446, 37196.099545311313705 ], [ 22466.0, 37196.099999999998545 ], [ 22646.0, 37196.099999999998545 ], [ 22646.009801714033529, 37196.099518472670752 ], [ 22646.019509032201313, 37196.098078528040787 ], [ 22646.029028467724856, 37196.095694033574546 ], [ 22646.038268343236268, 37196.092387953249272 ], [ 22646.047139673682977, 37196.088192126437207 ], [ 22646.055557023300935, 37196.08314696123125 ], [ 22646.06343932841628, 37196.077301045334025 ], [ 22646.070710678119212, 37196.070710678119212 ], [ 22668.04142135623988, 37174.099999999998545 ], [ 22713.0, 37174.099999999998545 ], [ 22713.009801714033529, 37174.099518472670752 ], [ 22713.019509032201313, 37174.098078528040787 ], [ 22713.029028467724856, 37174.095694033574546 ], [ 22713.038268343236268, 37174.092387953249272 ], [ 22713.047139673682977, 37174.088192126437207 ], [ 22713.055557023300935, 37174.08314696123125 ], [ 22713.06343932841628, 37174.077301045334025 ], [ 22713.070710678119212, 37174.070710678119212 ], [ 22758.04142135623988, 37129.099999999998545 ], [ 22847.959874268519343, 37129.099999999998545 ], [ 22870.9292718646102, 37151.0707281353898 ], [ 22892.900000000001455, 37174.040125731480657 ], [ 22892.900000000001455, 37196.0 ], [ 22892.900481527332886, 37196.009801714033529 ], [ 22892.901921471959213, 37196.019509032201313 ], [ 22892.904305966425454, 37196.029028467724856 ], [ 22892.90761204674709, 37196.038268343239906 ], [ 22892.911807873566431, 37196.047139673682977 ], [ 22892.91685303876875, 37196.055557023304573 ], [ 22892.922698954662337, 37196.063439328419918 ], [ 22892.929289321880788, 37196.070710678119212 ], [ 22892.93656067158372, 37196.077301045334025 ], [ 22892.944442976699065, 37196.08314696123125 ], [ 22892.952860326317023, 37196.088192126437207 ], [ 22892.961731656763732, 37196.092387953249272 ], [ 22892.970971532275144, 37196.095694033574546 ], [ 22892.980490967798687, 37196.098078528040787 ], [ 22892.990198285966471, 37196.099518472670752 ], [ 22893.0, 37196.099999999998545 ], [ 22915.95857864376012, 37196.099999999998545 ], [ 22937.929289321880788, 37218.070710678119212 ], [ 22937.936453387890651, 37218.077212875155965 ], [ 22937.944212265490933, 37218.082992341085628 ], [ 22937.952493329721619, 37218.087994978712231 ], [ 22937.961219067823549, 37218.092173962155357 ], [ 22937.970307804789627, 37218.095490175117448 ], [ 22937.979674467856967, 37218.097912577039097 ], [ 22937.989231382794969, 37218.099418493671692 ], [ 22937.998889094586048, 37218.099993829258892 ], [ 22938.008557204717363, 37218.099633198522497 ], [ 22938.018145217352867, 37218.09833997705573 ], [ 22938.027563386385737, 37218.096126269723754 ], [ 22938.036723555480421, 37218.093012797362462 ], [ 22938.045539983257186, 37218.089028702815995 ], [ 22938.05393014582296, 37218.084211278175644 ], [ 22938.061815509237931, 37218.078605615686683 ], [ 22938.069122264598263, 37218.072264185713721 ], [ 22960.998446108867938, 37196.139867465106363 ], [ 22982.929289321880788, 37218.070710678119212 ], [ 22982.93656067158372, 37218.077301045334025 ], [ 22982.944442976699065, 37218.08314696123125 ], [ 22982.952860326317023, 37218.088192126437207 ], [ 22982.961731656763732, 37218.092387953249272 ], [ 22982.970971532275144, 37218.095694033574546 ], [ 22982.980490967798687, 37218.098078528040787 ], [ 22982.990198285966471, 37218.099518472670752 ], [ 22983.0, 37218.099999999998545 ], [ 23050.95727103945319, 37218.099999999998545 ], [ 23072.927735814286279, 37241.069122264598263 ], [ 23072.935069926166761, 37241.076053175558627 ], [ 23072.943065199717239, 37241.082209661944944 ], [ 23072.951640221683192, 37241.087529034273757 ], [ 23072.960707675429148, 37241.091957127129717 ], [ 23072.970175230046152, 37241.095448850683169 ], [ 23072.979946480521903, 37241.097968649868562 ], [ 23072.989921929412958, 37241.099490866377892 ], [ 23073.0, 37241.099999999998545 ], [ 23184.959874268519343, 37241.099999999998545 ], [ 23207.930877735401737, 37263.072264185713721 ], [ 23207.938075393900363, 37263.078519699178287 ], [ 23207.94583618075194, 37263.084061172274232 ], [ 23207.954089521113929, 37263.088838212097471 ], [ 23207.96276036098061, 37263.092807377324789 ], [ 23207.971769849697012, 37263.095932573269238 ], [ 23207.981036057008168, 37263.098185380105861 ], [ 23207.99047471812446, 37263.099545311313705 ], [ 23208.0, 37263.099999999998545 ], [ 23320.0, 37263.099999999998545 ], [ 23320.00952528187554, 37263.099545311313705 ], [ 23320.018963942991832, 37263.098185380105861 ], [ 23320.028230150302988, 37263.095932573269238 ], [ 23320.03723963901939, 37263.092807377324789 ], [ 23320.045910478886071, 37263.088838212097471 ], [ 23320.05416381924806, 37263.084061172274232 ], [ 23320.061924606099637, 37263.078519699178287 ], [ 23320.069122264598263, 37263.072264185713721 ], [ 23343.040125731480657, 37241.099999999998545 ], [ 23364.959874268519343, 37241.099999999998545 ], [ 23387.930877735401737, 37263.072264185713721 ], [ 23387.938075393900363, 37263.078519699178287 ], [ 23387.94583618075194, 37263.084061172274232 ], [ 23387.954089521113929, 37263.088838212097471 ], [ 23387.96276036098061, 37263.092807377324789 ], [ 23387.971769849697012, 37263.095932573269238 ], [ 23387.981036057008168, 37263.098185380105861 ], [ 23387.99047471812446, 37263.099545311313705 ], [ 23388.0, 37263.099999999998545 ], [ 23409.95857864376012, 37263.099999999998545 ], [ 23432.929289321880788, 37286.070710678119212 ], [ 23432.936668077611102, 37286.077389066456817 ], [ 23432.944674116442911, 37286.083300940023037 ], [ 23432.95322814103929, 37286.088387743548083 ], [ 23432.962245426431764, 37286.092599093812169 ], [ 23432.97163665919652, 37286.095893278696167 ], [ 23432.981308822079882, 37286.098237670310482 ], [ 23432.991166115298256, 37286.099609048185812 ], [ 23433.001110905413952, 37286.099993829258892 ], [ 23433.011044692353607, 37286.099388202375849 ], [ 23433.020869085034064, 37286.097798166083521 ], [ 23433.030486775878671, 37286.095239469213993 ], [ 23433.039802504641557, 37286.091737454858958 ], [ 23433.048724001902883, 37286.087326809392835 ], [ 23433.057162902998243, 37286.0820512188875 ], [ 23433.065035623221775, 37286.075962936440192 ], [ 23433.072264185713721, 37286.069122264598263 ], [ 23455.001588805673236, 37263.143010161911661 ], [ 23477.929289321880788, 37286.070710678119212 ], [ 23477.93656067158372, 37286.077301045334025 ], [ 23477.944442976699065, 37286.08314696123125 ], [ 23477.952860326317023, 37286.088192126437207 ], [ 23477.961731656763732, 37286.092387953249272 ], [ 23477.970971532275144, 37286.095694033574546 ], [ 23477.980490967798687, 37286.098078528040787 ], [ 23477.990198285966471, 37286.099518472670752 ], [ 23478.0, 37286.099999999998545 ], [ 23545.0, 37286.099999999998545 ], [ 23545.009801714033529, 37286.099518472670752 ], [ 23545.019509032201313, 37286.098078528040787 ], [ 23545.029028467724856, 37286.095694033574546 ], [ 23545.038268343236268, 37286.092387953249272 ], [ 23545.047139673682977, 37286.088192126437207 ], [ 23545.055557023300935, 37286.08314696123125 ], [ 23545.06343932841628, 37286.077301045334025 ], [ 23545.070710678119212, 37286.070710678119212 ], [ 23567.998411194326764, 37263.143010161911661 ], [ 23589.927735814286279, 37286.069122264598263 ], [ 23589.934964376778225, 37286.075962936440192 ], [ 23589.942837097001757, 37286.0820512188875 ], [ 23589.951275998097117, 37286.087326809392835 ], [ 23589.960197495358443, 37286.091737454858958 ], [ 23589.969513224121329, 37286.095239469213993 ], [ 23589.979130914965936, 37286.097798166083521 ], [ 23589.988955307646393, 37286.099388202375849 ], [ 23589.998889094586048, 37286.099993829258892 ], [ 23590.008833884701744, 37286.099609048185812 ], [ 23590.018691177920118, 37286.098237670310482 ], [ 23590.02836334080348, 37286.095893278696167 ], [ 23590.037754573568236, 37286.092599093812169 ], [ 23590.04677185896071, 37286.088387743548083 ], [ 23590.055325883557089, 37286.083300940023037 ], [ 23590.063331922388898, 37286.077389066456817 ], [ 23590.070710678119212, 37286.070710678119212 ], [ 23613.04142135623988, 37263.099999999998545 ], [ 23769.95857864376012, 37263.099999999998545 ], [ 23792.929289321880788, 37286.070710678119212 ], [ 23792.93656067158372, 37286.077301045334025 ], [ 23792.944442976699065, 37286.08314696123125 ], [ 23792.952860326317023, 37286.088192126437207 ], [ 23792.961731656763732, 37286.092387953249272 ], [ 23792.970971532275144, 37286.095694033574546 ], [ 23792.980490967798687, 37286.098078528040787 ], [ 23792.990198285966471, 37286.099518472670752 ], [ 23793.0, 37286.099999999998545 ], [ 23883.0, 37286.099999999998545 ], [ 23883.010078070587042, 37286.099490866377892 ], [ 23883.020053519478097, 37286.097968649868562 ], [ 23883.029824769953848, 37286.095448850683169 ], [ 23883.039292324570852, 37286.091957127129717 ], [ 23883.048359778316808, 37286.087529034273757 ], [ 23883.056934800282761, 37286.082209661944944 ], [ 23883.064930073833239, 37286.076053175558627 ], [ 23883.072264185713721, 37286.069122264598263 ], [ 23905.04272896054681, 37263.099999999998545 ], [ 24039.95857864376012, 37263.099999999998545 ], [ 24107.929289321880788, 37331.070710678119212 ], [ 24107.93656067158372, 37331.077301045334025 ], [ 24107.944442976699065, 37331.08314696123125 ], [ 24107.952860326317023, 37331.088192126437207 ], [ 24107.961731656763732, 37331.092387953249272 ], [ 24107.970971532275144, 37331.095694033574546 ], [ 24107.980490967798687, 37331.098078528040787 ], [ 24107.990198285966471, 37331.099518472670752 ], [ 24108.0, 37331.099999999998545 ], [ 24151.959874268519343, 37331.099999999998545 ], [ 24174.930877735401737, 37353.072264185713721 ], [ 24174.938075393900363, 37353.078519699178287 ], [ 24174.94583618075194, 37353.084061172274232 ], [ 24174.954089521113929, 37353.088838212097471 ], [ 24174.96276036098061, 37353.092807377324789 ], [ 24174.971769849697012, 37353.095932573269238 ], [ 24174.981036057008168, 37353.098185380105861 ], [ 24174.99047471812446, 37353.099545311313705 ], [ 24175.0, 37353.099999999998545 ], [ 24197.0, 37353.099999999998545 ], [ 24197.00952528187554, 37353.099545311313705 ], [ 24197.018963942991832, 37353.098185380105861 ], [ 24197.028230150302988, 37353.095932573269238 ], [ 24197.03723963901939, 37353.092807377324789 ], [ 24197.045910478886071, 37353.088838212097471 ], [ 24197.05416381924806, 37353.084061172274232 ], [ 24197.061924606099637, 37353.078519699178287 ], [ 24197.069122264598263, 37353.072264185713721 ], [ 24220.040125731480657, 37331.099999999998545 ], [ 24265.0, 37331.099999999998545 ], [ 24265.009801714033529, 37331.099518472670752 ], [ 24265.019509032201313, 37331.098078528040787 ], [ 24265.029028467724856, 37331.095694033574546 ], [ 24265.038268343236268, 37331.092387953249272 ], [ 24265.047139673682977, 37331.088192126437207 ], [ 24265.055557023300935, 37331.08314696123125 ], [ 24265.06343932841628, 37331.077301045334025 ], [ 24265.070710678119212, 37331.070710678119212 ], [ 24265.077301045337663, 37331.063439328419918 ], [ 24265.08314696123125, 37331.055557023304573 ], [ 24265.088192126433569, 37331.047139673682977 ], [ 24265.09238795325291, 37331.038268343239906 ], [ 24265.095694033574546, 37331.029028467724856 ], [ 24265.098078528040787, 37331.019509032201313 ], [ 24265.099518472667114, 37331.009801714033529 ], [ 24265.099999999998545, 37331.0 ], [ 24265.099999999998545, 37308.04142135623988 ], [ 24287.04142135623988, 37286.099999999998545 ], [ 24377.0, 37286.099999999998545 ], [ 24377.009801714033529, 37286.099518472670752 ], [ 24377.019509032201313, 37286.098078528040787 ], [ 24377.029028467724856, 37286.095694033574546 ], [ 24377.038268343236268, 37286.092387953249272 ], [ 24377.047139673682977, 37286.088192126437207 ], [ 24377.055557023300935, 37286.08314696123125 ], [ 24377.06343932841628, 37286.077301045334025 ], [ 24377.070710678119212, 37286.070710678119212 ], [ 24400.04142135623988, 37263.099999999998545 ], [ 24422.0, 37263.099999999998545 ], [ 24422.00952528187554, 37263.099545311313705 ], [ 24422.018963942991832, 37263.098185380105861 ], [ 24422.028230150302988, 37263.095932573269238 ], [ 24422.03723963901939, 37263.092807377324789 ], [ 24422.045910478886071, 37263.088838212097471 ], [ 24422.05416381924806, 37263.084061172274232 ], [ 24422.061924606099637, 37263.078519699178287 ], [ 24422.069122264598263, 37263.072264185713721 ], [ 24445.069122264598263, 37241.072264185713721 ], [ 24445.072264185713721, 37241.069122264598263 ], [ 24467.04272896054681, 37218.099999999998545 ], [ 24490.0, 37218.099999999998545 ], [ 24490.009801714033529, 37218.099518472670752 ], [ 24490.019509032201313, 37218.098078528040787 ], [ 24490.029028467724856, 37218.095694033574546 ], [ 24490.038268343236268, 37218.092387953249272 ], [ 24490.047139673682977, 37218.088192126437207 ], [ 24490.055557023300935, 37218.08314696123125 ], [ 24490.06343932841628, 37218.077301045334025 ], [ 24490.070710678119212, 37218.070710678119212 ], [ 24512.069925100906403, 37196.071496255332022 ], [ 24535.040125731480657, 37174.099999999998545 ], [ 24580.0, 37174.099999999998545 ], [ 24580.010078070587042, 37174.099490866377892 ], [ 24580.020053519478097, 37174.097968649868562 ], [ 24580.029824769953848, 37174.095448850683169 ], [ 24580.039292324570852, 37174.091957127129717 ], [ 24580.048359778316808, 37174.087529034273757 ], [ 24580.056934800282761, 37174.082209661944944 ], [ 24580.064930073833239, 37174.076053175558627 ], [ 24580.072264185713721, 37174.069122264598263 ], [ 24602.072264185713721, 37151.069122264598263 ], [ 24602.078519699181925, 37151.061924606103275 ], [ 24602.084061172274232, 37151.054163819251698 ], [ 24602.088838212097471, 37151.045910478889709 ], [ 24602.092807377324789, 37151.037239639023028 ], [ 24602.095932573269238, 37151.028230150302988 ], [ 24602.098185380105861, 37151.01896394299547 ], [ 24602.099545311317343, 37151.009525281871902 ], [ 24602.099999999998545, 37151.0 ], [ 24602.099999999998545, 37129.04142135623988 ], [ 24625.04142135623988, 37106.099999999998545 ], [ 24647.0, 37106.099999999998545 ], [ 24647.00952528187554, 37106.099545311313705 ], [ 24647.018963942991832, 37106.098185380105861 ], [ 24647.028230150302988, 37106.095932573269238 ], [ 24647.03723963901939, 37106.092807377324789 ], [ 24647.045910478886071, 37106.088838212097471 ], [ 24647.05416381924806, 37106.084061172274232 ], [ 24647.061924606099637, 37106.078519699178287 ], [ 24647.069122264598263, 37106.072264185713721 ], [ 24670.040125731480657, 37084.099999999998545 ], [ 24691.959874268519343, 37084.099999999998545 ], [ 24714.930877735401737, 37106.072264185713721 ], [ 24714.938075393900363, 37106.078519699178287 ], [ 24714.94583618075194, 37106.084061172274232 ], [ 24714.954089521113929, 37106.088838212097471 ], [ 24714.96276036098061, 37106.092807377324789 ], [ 24714.971769849697012, 37106.095932573269238 ], [ 24714.981036057008168, 37106.098185380105861 ], [ 24714.99047471812446, 37106.099545311313705 ], [ 24715.0, 37106.099999999998545 ], [ 24736.95857864376012, 37106.099999999998545 ], [ 24759.929289321880788, 37129.070710678119212 ], [ 24759.93656067158372, 37129.077301045334025 ], [ 24759.944442976699065, 37129.08314696123125 ], [ 24759.952860326317023, 37129.088192126437207 ], [ 24759.961731656763732, 37129.092387953249272 ], [ 24759.970971532275144, 37129.095694033574546 ], [ 24759.980490967798687, 37129.098078528040787 ], [ 24759.990198285966471, 37129.099518472670752 ], [ 24760.0, 37129.099999999998545 ], [ 24871.959874268519343, 37129.099999999998545 ], [ 24894.930877735401737, 37151.072264185713721 ], [ 24894.938075393900363, 37151.078519699178287 ], [ 24894.94583618075194, 37151.084061172274232 ], [ 24894.954089521113929, 37151.088838212097471 ], [ 24894.96276036098061, 37151.092807377324789 ], [ 24894.971769849697012, 37151.095932573269238 ], [ 24894.981036057008168, 37151.098185380105861 ], [ 24894.99047471812446, 37151.099545311313705 ], [ 24895.0, 37151.099999999998545 ], [ 24917.0, 37151.099999999998545 ], [ 24917.00952528187554, 37151.099545311313705 ], [ 24917.018963942991832, 37151.098185380105861 ], [ 24917.028230150302988, 37151.095932573269238 ], [ 24917.03723963901939, 37151.092807377324789 ], [ 24917.045910478886071, 37151.088838212097471 ], [ 24917.05416381924806, 37151.084061172274232 ], [ 24917.061924606099637, 37151.078519699178287 ], [ 24917.069122264598263, 37151.072264185713721 ], [ 24940.069122264598263, 37129.072264185713721 ], [ 24940.072264185713721, 37129.069122264598263 ], [ 24962.04272896054681, 37106.099999999998545 ], [ 24985.0, 37106.099999999998545 ], [ 24985.009893841390294, 37106.099509355852206 ], [ 24985.019690595672728, 37106.098042238052585 ], [ 24985.029294128446054, 37106.095613043245976 ], [ 24985.038610201365373, 37106.092245608844678 ], [ 24985.047547396901791, 37106.087972979075857 ], [ 24985.056018015395239, 37106.082837080772151 ], [ 24985.063938935665647, 37106.076888311894436 ], [ 24985.071232430647797, 37106.070185047014093 ], [ 24985.077826930129959, 37106.062793064476864 ], [ 24985.083657723054785, 37106.05478490095993 ], [ 24985.088667592543061, 37106.046239139621321 ], [ 24985.092807377324789, 37106.037239639023028 ], [ 24985.096036454178829, 37106.027874710198375 ], [ 24985.098323136553518, 37106.018236250114569 ], [ 24985.099644985501072, 37106.008418839839578 ], [ 24985.099989029873541, 37105.998518816479191 ], [ 24985.099351893604762, 37105.988633327797288 ], [ 24985.097739828837803, 37105.97885937893443 ], [ 24985.095168654570443, 37105.96929288051615 ], [ 24985.091663601440814, 37105.960027707464178 ], [ 24985.087259064126556, 37105.951154777838383 ], [ 24985.0819982638277, 37105.942761160658847 ], [ 24985.075932824169286, 37105.934929221504717 ], [ 24985.069122264598263, 37105.927735814286279 ], [ 24962.099999999998545, 37083.957271039449552 ], [ 24962.099999999998545, 37061.042728960550448 ], [ 24985.069122264598263, 37039.072264185713721 ], [ 24985.075962936436554, 37039.065035623221775 ], [ 24985.0820512188875, 37039.057162903001881 ], [ 24985.087326809392835, 37039.048724001906521 ], [ 24985.091737454862596, 37039.039802504637919 ], [ 24985.095239469213993, 37039.030486775882309 ], [ 24985.097798166087159, 37039.020869085034064 ], [ 24985.099388202372211, 37039.011044692357245 ], [ 24985.099993829255254, 37039.00111090541759 ], [ 24985.09960904818945, 37038.991166115301894 ], [ 24985.098237670310482, 37038.98130882208352 ], [ 24985.095893278692529, 37038.97163665919652 ], [ 24985.092599093812169, 37038.962245426431764 ], [ 24985.088387743548083, 37038.953228141042928 ], [ 24985.083300940023037, 37038.944674116442911 ], [ 24985.077389066453179, 37038.93666807761474 ], [ 24985.070710678119212, 37038.929289321880788 ], [ 24962.143010161911661, 37016.001588805673236 ], [ 24985.040125731480657, 36994.099999999998545 ], [ 25006.959874268519343, 36994.099999999998545 ], [ 25029.930877735401737, 37016.072264185713721 ], [ 25029.938075393900363, 37016.078519699178287 ], [ 25029.94583618075194, 37016.084061172274232 ], [ 25029.954089521113929, 37016.088838212097471 ], [ 25029.96276036098061, 37016.092807377324789 ], [ 25029.971769849697012, 37016.095932573269238 ], [ 25029.981036057008168, 37016.098185380105861 ], [ 25029.99047471812446, 37016.099545311313705 ], [ 25030.0, 37016.099999999998545 ], [ 25074.95727103945319, 37016.099999999998545 ], [ 25096.927735814286279, 37039.069122264598263 ], [ 25096.930877735401737, 37039.072264185713721 ], [ 25119.9292718646102, 37061.0707281353898 ], [ 25141.927735814286279, 37084.069122264598263 ], [ 25141.929289321880788, 37084.070710678119212 ], [ 25163.929289321880788, 37106.070710678119212 ], [ 25163.93656067158372, 37106.077301045334025 ], [ 25163.944442976699065, 37106.08314696123125 ], [ 25163.952860326317023, 37106.088192126437207 ], [ 25163.961731656763732, 37106.092387953249272 ], [ 25163.970971532275144, 37106.095694033574546 ], [ 25163.980490967798687, 37106.098078528040787 ], [ 25163.990198285966471, 37106.099518472670752 ], [ 25164.0, 37106.099999999998545 ], [ 25208.95857864376012, 37106.099999999998545 ], [ 25231.929289321880788, 37129.070710678119212 ], [ 25231.93656067158372, 37129.077301045334025 ], [ 25231.944442976699065, 37129.08314696123125 ], [ 25231.952860326317023, 37129.088192126437207 ], [ 25231.961731656763732, 37129.092387953249272 ], [ 25231.970971532275144, 37129.095694033574546 ], [ 25231.980490967798687, 37129.098078528040787 ], [ 25231.990198285966471, 37129.099518472670752 ], [ 25232.0, 37129.099999999998545 ], [ 25276.95857864376012, 37129.099999999998545 ], [ 25298.860132534893637, 37151.001553891132062 ], [ 25276.927735814286279, 37173.930877735401737 ], [ 25276.921365779151529, 37173.938220882882888 ], [ 25276.915738830819464, 37173.946147837850731 ], [ 25276.910908143476263, 37173.954583691243897 ], [ 25276.906919366720103, 37173.963448724942282 ], [ 25276.903810194151447, 37173.972659165134246 ], [ 25276.901610007196723, 37173.982127973926254 ], [ 25276.900339597432321, 37173.991765671868052 ], [ 25276.900010970126459, 37174.001481183520809 ], [ 25276.9006272307779, 37174.01118269811559 ], [ 25276.902182555779291, 37174.020778537145816 ], [ 25276.904662247434317, 37174.030178020744643 ], [ 25276.908042872870283, 37174.039292324567214 ], [ 25276.912292485456419, 37174.048035319217888 ], [ 25276.917370926708827, 37174.056324384124309 ], [ 25276.92323020578624, 37174.064081188320415 ], [ 25276.929814952989545, 37174.071232430651435 ], [ 25276.937062943008641, 37174.077710532474157 ], [ 25276.944905682947137, 37174.083454276275006 ], [ 25276.953269059566082, 37174.088409384152328 ], [ 25276.962074039660365, 37174.09252903075685 ], [ 25276.971237416906661, 37174.095774285764492 ], [ 25276.980672598150704, 37174.098114481792436 ], [ 25276.99029042172333, 37174.099527504185971 ], [ 25277.0, 37174.099999999998545 ], [ 25322.0, 37174.099999999998545 ], [ 25322.010078070587042, 37174.099490866377892 ], [ 25322.020053519478097, 37174.097968649868562 ], [ 25322.029824769953848, 37174.095448850683169 ], [ 25322.039292324570852, 37174.091957127129717 ], [ 25322.048359778316808, 37174.087529034273757 ], [ 25322.056934800282761, 37174.082209661944944 ], [ 25322.064930073833239, 37174.076053175558627 ], [ 25322.072264185713721, 37174.069122264598263 ], [ 25344.04272896054681, 37151.099999999998545 ], [ 25366.95727103945319, 37151.099999999998545 ], [ 25388.900000000001455, 37174.040125731480657 ], [ 25388.900000000001455, 37196.0 ], [ 25388.900472495814029, 37196.00970957827667 ], [ 25388.901885518207564, 37196.019327401852934 ], [ 25388.904225714235508, 37196.028762583096977 ], [ 25388.907470969246788, 37196.037925960335997 ], [ 25388.911590615847672, 37196.046730940433918 ], [ 25388.916545723724994, 37196.055094317052863 ], [ 25388.922289467525843, 37196.062937056987721 ], [ 25388.928767569352203, 37196.070185047014093 ], [ 25388.935918811679585, 37196.07676979421376 ], [ 25388.943675615872053, 37196.082629073287535 ], [ 25388.951964680778474, 37196.087707514547219 ], [ 25388.960707675429148, 37196.091957127129717 ], [ 25388.969821979258995, 37196.095337752565683 ], [ 25388.979221462854184, 37196.097817444220709 ], [ 25388.98881730188441, 37196.099372769225738 ], [ 25388.998518816479191, 37196.099989029877179 ], [ 25389.008234328131948, 37196.099660402571317 ], [ 25389.017872026073746, 37196.098389992803277 ], [ 25389.027340834865754, 37196.096189805844915 ], [ 25389.036551275057718, 37196.093080633276259 ], [ 25389.045416308759741, 37196.089091856520099 ], [ 25389.053852162149269, 37196.084261169184174 ], [ 25389.061779117113474, 37196.078634220852109 ], [ 25389.069122264598263, 37196.072264185713721 ], [ 25412.040125731480657, 37174.099999999998545 ], [ 25456.95857864376012, 37174.099999999998545 ], [ 25478.900000000001455, 37196.04142135623988 ], [ 25478.900000000001455, 37241.0 ], [ 25478.900481527332886, 37241.009801714033529 ], [ 25478.901921471959213, 37241.019509032201313 ], [ 25478.904305966425454, 37241.029028467724856 ], [ 25478.90761204674709, 37241.038268343239906 ], [ 25478.911807873566431, 37241.047139673682977 ], [ 25478.91685303876875, 37241.055557023304573 ], [ 25478.922698954662337, 37241.063439328419918 ], [ 25478.929289321880788, 37241.070710678119212 ], [ 25478.93656067158372, 37241.077301045334025 ], [ 25478.944442976699065, 37241.08314696123125 ], [ 25478.952860326317023, 37241.088192126437207 ], [ 25478.961731656763732, 37241.092387953249272 ], [ 25478.970971532275144, 37241.095694033574546 ], [ 25478.980490967798687, 37241.098078528040787 ], [ 25478.990198285966471, 37241.099518472670752 ], [ 25479.0, 37241.099999999998545 ], [ 25479.009801714033529, 37241.099518472670752 ], [ 25479.019509032201313, 37241.098078528040787 ], [ 25479.029028467724856, 37241.095694033574546 ], [ 25479.038268343236268, 37241.092387953249272 ], [ 25479.047139673682977, 37241.088192126437207 ], [ 25479.055557023300935, 37241.08314696123125 ], [ 25479.06343932841628, 37241.077301045334025 ], [ 25479.070710678119212, 37241.070710678119212 ], [ 25501.998411194326764, 37218.143010161911661 ], [ 25523.927735814286279, 37241.069122264598263 ], [ 25523.935069926166761, 37241.076053175558627 ], [ 25523.943065199717239, 37241.082209661944944 ], [ 25523.951640221683192, 37241.087529034273757 ], [ 25523.960707675429148, 37241.091957127129717 ], [ 25523.970175230046152, 37241.095448850683169 ], [ 25523.979946480521903, 37241.097968649868562 ], [ 25523.989921929412958, 37241.099490866377892 ], [ 25524.0, 37241.099999999998545 ], [ 25546.95857864376012, 37241.099999999998545 ], [ 25568.929289321880788, 37263.070710678119212 ], [ 25568.93656067158372, 37263.077301045334025 ], [ 25568.944442976699065, 37263.08314696123125 ], [ 25568.952860326317023, 37263.088192126437207 ], [ 25568.961731656763732, 37263.092387953249272 ], [ 25568.970971532275144, 37263.095694033574546 ], [ 25568.980490967798687, 37263.098078528040787 ], [ 25568.990198285966471, 37263.099518472670752 ], [ 25569.0, 37263.099999999998545 ], [ 25613.95857864376012, 37263.099999999998545 ], [ 25636.929289321880788, 37286.070710678119212 ], [ 25636.93656067158372, 37286.077301045334025 ], [ 25636.944442976699065, 37286.08314696123125 ], [ 25636.952860326317023, 37286.088192126437207 ], [ 25636.961731656763732, 37286.092387953249272 ], [ 25636.970971532275144, 37286.095694033574546 ], [ 25636.980490967798687, 37286.098078528040787 ], [ 25636.990198285966471, 37286.099518472670752 ], [ 25637.0, 37286.099999999998545 ], [ 25748.959874268519343, 37286.099999999998545 ], [ 25771.9292718646102, 37308.0707281353898 ], [ 25793.927735814286279, 37331.069122264598263 ], [ 25793.935069926166761, 37331.076053175558627 ], [ 25793.943065199717239, 37331.082209661944944 ], [ 25793.951640221683192, 37331.087529034273757 ], [ 25793.960707675429148, 37331.091957127129717 ], [ 25793.970175230046152, 37331.095448850683169 ], [ 25793.979946480521903, 37331.097968649868562 ], [ 25793.989921929412958, 37331.099490866377892 ], [ 25794.0, 37331.099999999998545 ], [ 25883.959874268519343, 37331.099999999998545 ], [ 25906.930877735401737, 37353.072264185713721 ], [ 25906.938075393900363, 37353.078519699178287 ], [ 25906.94583618075194, 37353.084061172274232 ], [ 25906.954089521113929, 37353.088838212097471 ], [ 25906.96276036098061, 37353.092807377324789 ], [ 25906.971769849697012, 37353.095932573269238 ], [ 25906.981036057008168, 37353.098185380105861 ], [ 25906.99047471812446, 37353.099545311313705 ], [ 25907.0, 37353.099999999998545 ], [ 25973.95857864376012, 37353.099999999998545 ], [ 25996.929289321880788, 37376.070710678119212 ], [ 25996.93656067158372, 37376.077301045334025 ], [ 25996.944442976699065, 37376.08314696123125 ], [ 25996.952860326317023, 37376.088192126437207 ], [ 25996.961731656763732, 37376.092387953249272 ], [ 25996.970971532275144, 37376.095694033574546 ], [ 25996.980490967798687, 37376.098078528040787 ], [ 25996.990198285966471, 37376.099518472670752 ], [ 25997.0, 37376.099999999998545 ], [ 26063.959874268519343, 37376.099999999998545 ], [ 26086.930877735401737, 37398.072264185713721 ], [ 26086.938075393900363, 37398.078519699178287 ], [ 26086.94583618075194, 37398.084061172274232 ], [ 26086.954089521113929, 37398.088838212097471 ], [ 26086.96276036098061, 37398.092807377324789 ], [ 26086.971769849697012, 37398.095932573269238 ], [ 26086.981036057008168, 37398.098185380105861 ], [ 26086.99047471812446, 37398.099545311313705 ], [ 26087.0, 37398.099999999998545 ], [ 26220.95857864376012, 37398.099999999998545 ], [ 26243.929289321880788, 37421.070710678119212 ], [ 26243.93656067158372, 37421.077301045334025 ], [ 26243.944442976699065, 37421.08314696123125 ], [ 26243.952860326317023, 37421.088192126437207 ], [ 26243.961731656763732, 37421.092387953249272 ], [ 26243.970971532275144, 37421.095694033574546 ], [ 26243.980490967798687, 37421.098078528040787 ], [ 26243.990198285966471, 37421.099518472670752 ], [ 26244.0, 37421.099999999998545 ], [ 26265.959874268519343, 37421.099999999998545 ], [ 26288.930877735401737, 37443.072264185713721 ], [ 26288.938075393900363, 37443.078519699178287 ], [ 26288.94583618075194, 37443.084061172274232 ], [ 26288.954089521113929, 37443.088838212097471 ], [ 26288.96276036098061, 37443.092807377324789 ], [ 26288.971769849697012, 37443.095932573269238 ], [ 26288.981036057008168, 37443.098185380105861 ], [ 26288.99047471812446, 37443.099545311313705 ], [ 26289.0, 37443.099999999998545 ], [ 26446.0, 37443.099999999998545 ], [ 26446.00952528187554, 37443.099545311313705 ], [ 26446.018963942991832, 37443.098185380105861 ], [ 26446.028230150302988, 37443.095932573269238 ], [ 26446.03723963901939, 37443.092807377324789 ], [ 26446.045910478886071, 37443.088838212097471 ], [ 26446.05416381924806, 37443.084061172274232 ], [ 26446.061924606099637, 37443.078519699178287 ], [ 26446.069122264598263, 37443.072264185713721 ], [ 26469.040125731480657, 37421.099999999998545 ], [ 26491.0, 37421.099999999998545 ], [ 26491.009801714033529, 37421.099518472670752 ], [ 26491.019509032201313, 37421.098078528040787 ], [ 26491.029028467724856, 37421.095694033574546 ], [ 26491.038268343236268, 37421.092387953249272 ], [ 26491.047139673682977, 37421.088192126437207 ], [ 26491.055557023300935, 37421.08314696123125 ], [ 26491.06343932841628, 37421.077301045334025 ], [ 26491.070710678119212, 37421.070710678119212 ], [ 26491.077301045337663, 37421.063439328419918 ], [ 26491.08314696123125, 37421.055557023304573 ], [ 26491.088192126433569, 37421.047139673682977 ], [ 26491.09238795325291, 37421.038268343239906 ], [ 26491.095694033574546, 37421.029028467724856 ], [ 26491.098078528040787, 37421.019509032201313 ], [ 26491.099518472667114, 37421.009801714033529 ], [ 26491.099999999998545, 37421.0 ], [ 26491.099999999998545, 37241.04142135623988 ], [ 26513.998411194326764, 37218.143010161911661 ], [ 26535.927735814286279, 37241.069122264598263 ], [ 26535.934964376778225, 37241.075962936440192 ], [ 26535.942837097001757, 37241.0820512188875 ], [ 26535.951275998097117, 37241.087326809392835 ], [ 26535.960197495358443, 37241.091737454858958 ], [ 26535.969513224121329, 37241.095239469213993 ], [ 26535.979130914965936, 37241.097798166083521 ], [ 26535.988955307646393, 37241.099388202375849 ], [ 26535.998889094586048, 37241.099993829258892 ], [ 26536.008833884701744, 37241.099609048185812 ], [ 26536.018691177920118, 37241.098237670310482 ], [ 26536.02836334080348, 37241.095893278696167 ], [ 26536.037754573568236, 37241.092599093812169 ], [ 26536.04677185896071, 37241.088387743548083 ], [ 26536.055325883557089, 37241.083300940023037 ], [ 26536.063331922388898, 37241.077389066456817 ], [ 26536.070710678119212, 37241.070710678119212 ], [ 26559.04142135623988, 37218.099999999998545 ], [ 26603.95727103945319, 37218.099999999998545 ], [ 26625.927735814286279, 37241.069122264598263 ], [ 26625.930877735401737, 37241.072264185713721 ], [ 26648.930877735401737, 37263.072264185713721 ], [ 26648.938075393900363, 37263.078519699178287 ], [ 26648.94583618075194, 37263.084061172274232 ], [ 26648.954089521113929, 37263.088838212097471 ], [ 26648.96276036098061, 37263.092807377324789 ], [ 26648.971769849697012, 37263.095932573269238 ], [ 26648.981036057008168, 37263.098185380105861 ], [ 26648.99047471812446, 37263.099545311313705 ], [ 26649.0, 37263.099999999998545 ], [ 26670.95857864376012, 37263.099999999998545 ], [ 26693.929289321880788, 37286.070710678119212 ], [ 26693.93656067158372, 37286.077301045334025 ], [ 26693.944442976699065, 37286.08314696123125 ], [ 26693.952860326317023, 37286.088192126437207 ], [ 26693.961731656763732, 37286.092387953249272 ], [ 26693.970971532275144, 37286.095694033574546 ], [ 26693.980490967798687, 37286.098078528040787 ], [ 26693.990198285966471, 37286.099518472670752 ], [ 26694.0, 37286.099999999998545 ], [ 26851.0, 37286.099999999998545 ], [ 26851.009801714033529, 37286.099518472670752 ], [ 26851.019509032201313, 37286.098078528040787 ], [ 26851.029028467724856, 37286.095694033574546 ], [ 26851.038268343236268, 37286.092387953249272 ], [ 26851.047139673682977, 37286.088192126437207 ], [ 26851.055557023300935, 37286.08314696123125 ], [ 26851.06343932841628, 37286.077301045334025 ], [ 26851.070710678119212, 37286.070710678119212 ], [ 26874.04142135623988, 37263.099999999998545 ], [ 26918.95727103945319, 37263.099999999998545 ], [ 26940.927735814286279, 37286.069122264598263 ], [ 26940.934964376778225, 37286.075962936440192 ], [ 26940.942837097001757, 37286.0820512188875 ], [ 26940.951275998097117, 37286.087326809392835 ], [ 26940.960197495358443, 37286.091737454858958 ], [ 26940.969513224121329, 37286.095239469213993 ], [ 26940.979130914965936, 37286.097798166083521 ], [ 26940.988955307646393, 37286.099388202375849 ], [ 26940.998889094586048, 37286.099993829258892 ], [ 26941.008833884701744, 37286.099609048185812 ], [ 26941.018691177920118, 37286.098237670310482 ], [ 26941.02836334080348, 37286.095893278696167 ], [ 26941.037754573568236, 37286.092599093812169 ], [ 26941.04677185896071, 37286.088387743548083 ], [ 26941.055325883557089, 37286.083300940023037 ], [ 26941.063331922388898, 37286.077389066456817 ], [ 26941.070710678119212, 37286.070710678119212 ], [ 26964.04142135623988, 37263.099999999998545 ], [ 27054.0, 37263.099999999998545 ], [ 27054.009801714033529, 37263.099518472670752 ], [ 27054.019509032201313, 37263.098078528040787 ], [ 27054.029028467724856, 37263.095694033574546 ], [ 27054.038268343236268, 37263.092387953249272 ], [ 27054.047139673682977, 37263.088192126437207 ], [ 27054.055557023300935, 37263.08314696123125 ], [ 27054.06343932841628, 37263.077301045334025 ], [ 27054.070710678119212, 37263.070710678119212 ], [ 27054.077301045337663, 37263.063439328419918 ], [ 27054.08314696123125, 37263.055557023304573 ], [ 27054.088192126433569, 37263.047139673682977 ], [ 27054.09238795325291, 37263.038268343239906 ], [ 27054.095694033574546, 37263.029028467724856 ], [ 27054.098078528040787, 37263.019509032201313 ], [ 27054.099518472667114, 37263.009801714033529 ], [ 27054.099999999998545, 37263.0 ], [ 27054.099999999998545, 37218.04142135623988 ], [ 27076.04142135623988, 37196.099999999998545 ], [ 27142.959874268519343, 37196.099999999998545 ], [ 27165.856989838088339, 37218.001588805673236 ], [ 27120.95857864376012, 37262.900000000001455 ], [ 27099.0, 37262.900000000001455 ], [ 27098.990198285966471, 37262.900481527329248 ], [ 27098.980490967798687, 37262.901921471959213 ], [ 27098.970971532275144, 37262.904305966425454 ], [ 27098.961731656763732, 37262.907612046750728 ], [ 27098.952860326317023, 37262.911807873562793 ], [ 27098.944442976699065, 37262.91685303876875 ], [ 27098.93656067158372, 37262.922698954665975 ], [ 27098.929289321880788, 37262.929289321880788 ], [ 27098.922698954662337, 37262.936560671580082 ], [ 27098.91685303876875, 37262.944442976695427 ], [ 27098.911807873566431, 37262.952860326317023 ], [ 27098.90761204674709, 37262.961731656760094 ], [ 27098.904305966425454, 37262.970971532275144 ], [ 27098.901921471959213, 37262.980490967798687 ], [ 27098.900481527332886, 37262.990198285966471 ], [ 27098.900000000001455, 37263.0 ], [ 27098.900000000001455, 37286.0 ], [ 27098.900481527332886, 37286.009801714033529 ], [ 27098.901921471959213, 37286.019509032201313 ], [ 27098.904305966425454, 37286.029028467724856 ], [ 27098.90761204674709, 37286.038268343239906 ], [ 27098.911807873566431, 37286.047139673682977 ], [ 27098.91685303876875, 37286.055557023304573 ], [ 27098.922698954662337, 37286.063439328419918 ], [ 27098.929289321880788, 37286.070710678119212 ], [ 27098.93656067158372, 37286.077301045334025 ], [ 27098.944442976699065, 37286.08314696123125 ], [ 27098.952860326317023, 37286.088192126437207 ], [ 27098.961731656763732, 37286.092387953249272 ], [ 27098.970971532275144, 37286.095694033574546 ], [ 27098.980490967798687, 37286.098078528040787 ], [ 27098.990198285966471, 37286.099518472670752 ], [ 27099.0, 37286.099999999998545 ], [ 27121.0, 37286.099999999998545 ], [ 27121.010078070587042, 37286.099490866377892 ], [ 27121.020053519478097, 37286.097968649868562 ], [ 27121.029824769953848, 37286.095448850683169 ], [ 27121.039292324570852, 37286.091957127129717 ], [ 27121.048359778316808, 37286.087529034273757 ], [ 27121.056934800282761, 37286.082209661944944 ], [ 27121.064930073833239, 37286.076053175558627 ], [ 27121.072264185713721, 37286.069122264598263 ], [ 27143.001588805673236, 37263.143010161911661 ], [ 27165.929289321880788, 37286.070710678119212 ], [ 27165.936668077611102, 37286.077389066456817 ], [ 27165.944674116442911, 37286.083300940023037 ], [ 27165.95322814103929, 37286.088387743548083 ], [ 27165.962245426431764, 37286.092599093812169 ], [ 27165.97163665919652, 37286.095893278696167 ], [ 27165.981308822079882, 37286.098237670310482 ], [ 27165.991166115298256, 37286.099609048185812 ], [ 27166.001110905413952, 37286.099993829258892 ], [ 27166.011044692353607, 37286.099388202375849 ], [ 27166.020869085034064, 37286.097798166083521 ], [ 27166.030486775878671, 37286.095239469213993 ], [ 27166.039802504641557, 37286.091737454858958 ], [ 27166.048724001902883, 37286.087326809392835 ], [ 27166.057162902998243, 37286.0820512188875 ], [ 27166.065035623221775, 37286.075962936440192 ], [ 27166.072264185713721, 37286.069122264598263 ], [ 27188.04272896054681, 37263.099999999998545 ], [ 27211.0, 37263.099999999998545 ], [ 27211.009801714033529, 37263.099518472670752 ], [ 27211.019509032201313, 37263.098078528040787 ], [ 27211.029028467724856, 37263.095694033574546 ], [ 27211.038268343236268, 37263.092387953249272 ], [ 27211.047139673682977, 37263.088192126437207 ], [ 27211.055557023300935, 37263.08314696123125 ], [ 27211.06343932841628, 37263.077301045334025 ], [ 27211.070710678119212, 37263.070710678119212 ], [ 27233.04142135623988, 37241.099999999998545 ], [ 27256.0, 37241.099999999998545 ], [ 27256.010078070587042, 37241.099490866377892 ], [ 27256.020053519478097, 37241.097968649868562 ], [ 27256.029824769953848, 37241.095448850683169 ], [ 27256.039292324570852, 37241.091957127129717 ], [ 27256.048359778316808, 37241.087529034273757 ], [ 27256.056934800282761, 37241.082209661944944 ], [ 27256.064930073833239, 37241.076053175558627 ], [ 27256.072264185713721, 37241.069122264598263 ], [ 27278.04272896054681, 37218.099999999998545 ], [ 27323.0, 37218.099999999998545 ], [ 27323.00952528187554, 37218.099545311313705 ], [ 27323.018963942991832, 37218.098185380105861 ], [ 27323.028230150302988, 37218.095932573269238 ], [ 27323.03723963901939, 37218.092807377324789 ], [ 27323.045910478886071, 37218.088838212097471 ], [ 27323.05416381924806, 37218.084061172274232 ], [ 27323.061924606099637, 37218.078519699178287 ], [ 27323.069122264598263, 37218.072264185713721 ], [ 27346.040125731480657, 37196.099999999998545 ], [ 27368.0, 37196.099999999998545 ], [ 27368.00952528187554, 37196.099545311313705 ], [ 27368.018963942991832, 37196.098185380105861 ], [ 27368.028230150302988, 37196.095932573269238 ], [ 27368.03723963901939, 37196.092807377324789 ], [ 27368.045910478886071, 37196.088838212097471 ], [ 27368.05416381924806, 37196.084061172274232 ], [ 27368.061924606099637, 37196.078519699178287 ], [ 27368.069122264598263, 37196.072264185713721 ], [ 27391.040125731480657, 37174.099999999998545 ], [ 27457.959874268519343, 37174.099999999998545 ], [ 27480.930877735401737, 37196.072264185713721 ], [ 27480.938075393900363, 37196.078519699178287 ], [ 27480.94583618075194, 37196.084061172274232 ], [ 27480.954089521113929, 37196.088838212097471 ], [ 27480.96276036098061, 37196.092807377324789 ], [ 27480.971769849697012, 37196.095932573269238 ], [ 27480.981036057008168, 37196.098185380105861 ], [ 27480.99047471812446, 37196.099545311313705 ], [ 27481.0, 37196.099999999998545 ], [ 27706.0, 37196.099999999998545 ], [ 27706.009801714033529, 37196.099518472670752 ], [ 27706.019509032201313, 37196.098078528040787 ], [ 27706.029028467724856, 37196.095694033574546 ], [ 27706.038268343236268, 37196.092387953249272 ], [ 27706.047139673682977, 37196.088192126437207 ], [ 27706.055557023300935, 37196.08314696123125 ], [ 27706.06343932841628, 37196.077301045334025 ], [ 27706.070710678119212, 37196.070710678119212 ], [ 27728.04142135623988, 37174.099999999998545 ], [ 27795.95857864376012, 37174.099999999998545 ], [ 27817.929289321880788, 37196.070710678119212 ], [ 27817.936453387890651, 37196.077212875155965 ], [ 27817.944212265490933, 37196.082992341085628 ], [ 27817.952493329721619, 37196.087994978712231 ], [ 27817.961219067823549, 37196.092173962155357 ], [ 27817.970307804789627, 37196.095490175117448 ], [ 27817.979674467856967, 37196.097912577039097 ], [ 27817.989231382794969, 37196.099418493671692 ], [ 27817.998889094586048, 37196.099993829258892 ], [ 27818.008557204717363, 37196.099633198522497 ], [ 27818.018145217352867, 37196.09833997705573 ], [ 27818.027563386385737, 37196.096126269723754 ], [ 27818.036723555480421, 37196.093012797362462 ], [ 27818.045539983257186, 37196.089028702815995 ], [ 27818.05393014582296, 37196.084211278175644 ], [ 27818.061815509237931, 37196.078605615686683 ], [ 27818.069122264598263, 37196.072264185713721 ], [ 27841.040125731480657, 37174.099999999998545 ], [ 28021.0, 37174.099999999998545 ], [ 28021.010078070587042, 37174.099490866377892 ], [ 28021.020053519478097, 37174.097968649868562 ], [ 28021.029824769953848, 37174.095448850683169 ], [ 28021.039292324570852, 37174.091957127129717 ], [ 28021.048359778316808, 37174.087529034273757 ], [ 28021.056934800282761, 37174.082209661944944 ], [ 28021.064930073833239, 37174.076053175558627 ], [ 28021.072264185713721, 37174.069122264598263 ], [ 28043.001588805673236, 37151.143010161911661 ], [ 28065.929289321880788, 37174.070710678119212 ], [ 28065.93656067158372, 37174.077301045334025 ], [ 28065.944442976699065, 37174.08314696123125 ], [ 28065.952860326317023, 37174.088192126437207 ], [ 28065.961731656763732, 37174.092387953249272 ], [ 28065.970971532275144, 37174.095694033574546 ], [ 28065.980490967798687, 37174.098078528040787 ], [ 28065.990198285966471, 37174.099518472670752 ], [ 28066.0, 37174.099999999998545 ], [ 28335.0, 37174.099999999998545 ], [ 28335.009801714033529, 37174.099518472670752 ], [ 28335.019509032201313, 37174.098078528040787 ], [ 28335.029028467724856, 37174.095694033574546 ], [ 28335.038268343236268, 37174.092387953249272 ], [ 28335.047139673682977, 37174.088192126437207 ], [ 28335.055557023300935, 37174.08314696123125 ], [ 28335.06343932841628, 37174.077301045334025 ], [ 28335.070710678119212, 37174.070710678119212 ], [ 28358.04142135623988, 37151.099999999998545 ], [ 28379.95857864376012, 37151.099999999998545 ], [ 28402.929289321880788, 37174.070710678119212 ], [ 28402.93656067158372, 37174.077301045334025 ], [ 28402.944442976699065, 37174.08314696123125 ], [ 28402.952860326317023, 37174.088192126437207 ], [ 28402.961731656763732, 37174.092387953249272 ], [ 28402.970971532275144, 37174.095694033574546 ], [ 28402.980490967798687, 37174.098078528040787 ], [ 28402.990198285966471, 37174.099518472670752 ], [ 28403.0, 37174.099999999998545 ], [ 28448.0, 37174.099999999998545 ], [ 28448.010078070587042, 37174.099490866377892 ], [ 28448.020053519478097, 37174.097968649868562 ], [ 28448.029824769953848, 37174.095448850683169 ], [ 28448.039292324570852, 37174.091957127129717 ], [ 28448.048359778316808, 37174.087529034273757 ], [ 28448.056934800282761, 37174.082209661944944 ], [ 28448.064930073833239, 37174.076053175558627 ], [ 28448.072264185713721, 37174.069122264598263 ], [ 28470.001588805673236, 37151.143010161911661 ], [ 28492.929289321880788, 37174.070710678119212 ], [ 28492.93656067158372, 37174.077301045334025 ], [ 28492.944442976699065, 37174.08314696123125 ], [ 28492.952860326317023, 37174.088192126437207 ], [ 28492.961731656763732, 37174.092387953249272 ], [ 28492.970971532275144, 37174.095694033574546 ], [ 28492.980490967798687, 37174.098078528040787 ], [ 28492.990198285966471, 37174.099518472670752 ], [ 28493.0, 37174.099999999998545 ], [ 28582.95857864376012, 37174.099999999998545 ], [ 28604.929289321880788, 37196.070710678119212 ], [ 28604.93656067158372, 37196.077301045334025 ], [ 28604.944442976699065, 37196.08314696123125 ], [ 28604.952860326317023, 37196.088192126437207 ], [ 28604.961731656763732, 37196.092387953249272 ], [ 28604.970971532275144, 37196.095694033574546 ], [ 28604.980490967798687, 37196.098078528040787 ], [ 28604.990198285966471, 37196.099518472670752 ], [ 28605.0, 37196.099999999998545 ], [ 28762.95857864376012, 37196.099999999998545 ], [ 28784.929289321880788, 37218.070710678119212 ], [ 28784.93656067158372, 37218.077301045334025 ], [ 28784.944442976699065, 37218.08314696123125 ], [ 28784.952860326317023, 37218.088192126437207 ], [ 28784.961731656763732, 37218.092387953249272 ], [ 28784.970971532275144, 37218.095694033574546 ], [ 28784.980490967798687, 37218.098078528040787 ], [ 28784.990198285966471, 37218.099518472670752 ], [ 28785.0, 37218.099999999998545 ], [ 28852.95727103945319, 37218.099999999998545 ], [ 28874.927735814286279, 37241.069122264598263 ], [ 28874.935069926166761, 37241.076053175558627 ], [ 28874.943065199717239, 37241.082209661944944 ], [ 28874.951640221683192, 37241.087529034273757 ], [ 28874.960707675429148, 37241.091957127129717 ], [ 28874.970175230046152, 37241.095448850683169 ], [ 28874.979946480521903, 37241.097968649868562 ], [ 28874.989921929412958, 37241.099490866377892 ], [ 28875.0, 37241.099999999998545 ], [ 29009.959874268519343, 37241.099999999998545 ], [ 29032.930877735401737, 37263.072264185713721 ], [ 29032.938184490762069, 37263.078605615686683 ], [ 29032.94606985417704, 37263.084211278175644 ], [ 29032.954460016742814, 37263.089028702815995 ], [ 29032.963276444519579, 37263.093012797362462 ], [ 29032.972436613614263, 37263.096126269723754 ], [ 29032.981854782647133, 37263.09833997705573 ], [ 29032.991442795282637, 37263.099633198522497 ], [ 29033.001110905413952, 37263.099993829258892 ], [ 29033.010768617205031, 37263.099418493671692 ], [ 29033.020325532143033, 37263.097912577039097 ], [ 29033.029692195210373, 37263.095490175117448 ], [ 29033.038780932176451, 37263.092173962155357 ], [ 29033.047506670278381, 37263.087994978712231 ], [ 29033.055787734509067, 37263.082992341085628 ], [ 29033.063546612109349, 37263.077212875155965 ], [ 29033.070710678119212, 37263.070710678119212 ], [ 29055.001553891132062, 37241.139867465106363 ], [ 29077.930877735401737, 37263.072264185713721 ], [ 29077.938075393900363, 37263.078519699178287 ], [ 29077.94583618075194, 37263.084061172274232 ], [ 29077.954089521113929, 37263.088838212097471 ], [ 29077.96276036098061, 37263.092807377324789 ], [ 29077.971769849697012, 37263.095932573269238 ], [ 29077.981036057008168, 37263.098185380105861 ], [ 29077.99047471812446, 37263.099545311313705 ], [ 29078.0, 37263.099999999998545 ], [ 29122.95727103945319, 37263.099999999998545 ], [ 29144.927735814286279, 37286.069122264598263 ], [ 29144.935069926166761, 37286.076053175558627 ], [ 29144.943065199717239, 37286.082209661944944 ], [ 29144.951640221683192, 37286.087529034273757 ], [ 29144.960707675429148, 37286.091957127129717 ], [ 29144.970175230046152, 37286.095448850683169 ], [ 29144.979946480521903, 37286.097968649868562 ], [ 29144.989921929412958, 37286.099490866377892 ], [ 29145.0, 37286.099999999998545 ], [ 29145.010078070587042, 37286.099490866377892 ], [ 29145.020053519478097, 37286.097968649868562 ], [ 29145.029824769953848, 37286.095448850683169 ], [ 29145.039292324570852, 37286.091957127129717 ], [ 29145.048359778316808, 37286.087529034273757 ], [ 29145.056934800282761, 37286.082209661944944 ], [ 29145.064930073833239, 37286.076053175558627 ], [ 29145.072264185713721, 37286.069122264598263 ], [ 29167.04272896054681, 37263.099999999998545 ], [ 29189.95727103945319, 37263.099999999998545 ], [ 29211.927735814286279, 37286.069122264598263 ], [ 29211.930877735401737, 37286.072264185713721 ], [ 29234.930877735401737, 37308.072264185713721 ], [ 29234.938184490762069, 37308.078605615686683 ], [ 29234.94606985417704, 37308.084211278175644 ], [ 29234.954460016742814, 37308.089028702815995 ], [ 29234.963276444519579, 37308.093012797362462 ], [ 29234.972436613614263, 37308.096126269723754 ], [ 29234.981854782647133, 37308.09833997705573 ], [ 29234.991442795282637, 37308.099633198522497 ], [ 29235.001110905413952, 37308.099993829258892 ], [ 29235.010768617205031, 37308.099418493671692 ], [ 29235.020325532143033, 37308.097912577039097 ], [ 29235.029692195210373, 37308.095490175117448 ], [ 29235.038780932176451, 37308.092173962155357 ], [ 29235.047506670278381, 37308.087994978712231 ], [ 29235.055787734509067, 37308.082992341085628 ], [ 29235.063546612109349, 37308.077212875155965 ], [ 29235.070710678119212, 37308.070710678119212 ], [ 29257.001553891132062, 37286.139867465106363 ], [ 29279.930877735401737, 37308.072264185713721 ], [ 29279.938075393900363, 37308.078519699178287 ], [ 29279.94583618075194, 37308.084061172274232 ], [ 29279.954089521113929, 37308.088838212097471 ], [ 29279.96276036098061, 37308.092807377324789 ], [ 29279.971769849697012, 37308.095932573269238 ], [ 29279.981036057008168, 37308.098185380105861 ], [ 29279.99047471812446, 37308.099545311313705 ], [ 29280.0, 37308.099999999998545 ], [ 29324.95727103945319, 37308.099999999998545 ], [ 29346.927735814286279, 37331.069122264598263 ], [ 29346.935069926166761, 37331.076053175558627 ], [ 29346.943065199717239, 37331.082209661944944 ], [ 29346.951640221683192, 37331.087529034273757 ], [ 29346.960707675429148, 37331.091957127129717 ], [ 29346.970175230046152, 37331.095448850683169 ], [ 29346.979946480521903, 37331.097968649868562 ], [ 29346.989921929412958, 37331.099490866377892 ], [ 29347.0, 37331.099999999998545 ], [ 29549.95857864376012, 37331.099999999998545 ], [ 29571.929289321880788, 37353.070710678119212 ], [ 29571.93656067158372, 37353.077301045334025 ], [ 29571.944442976699065, 37353.08314696123125 ], [ 29571.952860326317023, 37353.088192126437207 ], [ 29571.961731656763732, 37353.092387953249272 ], [ 29571.970971532275144, 37353.095694033574546 ], [ 29571.980490967798687, 37353.098078528040787 ], [ 29571.990198285966471, 37353.099518472670752 ], [ 29572.0, 37353.099999999998545 ], [ 29662.0, 37353.099999999998545 ], [ 29662.00952528187554, 37353.099545311313705 ], [ 29662.018963942991832, 37353.098185380105861 ], [ 29662.028230150302988, 37353.095932573269238 ], [ 29662.03723963901939, 37353.092807377324789 ], [ 29662.045910478886071, 37353.088838212097471 ], [ 29662.05416381924806, 37353.084061172274232 ], [ 29662.061924606099637, 37353.078519699178287 ], [ 29662.069122264598263, 37353.072264185713721 ], [ 29684.998446108867938, 37331.139867465106363 ], [ 29706.929289321880788, 37353.070710678119212 ], [ 29706.93656067158372, 37353.077301045334025 ], [ 29706.944442976699065, 37353.08314696123125 ], [ 29706.952860326317023, 37353.088192126437207 ], [ 29706.961731656763732, 37353.092387953249272 ], [ 29706.970971532275144, 37353.095694033574546 ], [ 29706.980490967798687, 37353.098078528040787 ], [ 29706.990198285966471, 37353.099518472670752 ], [ 29707.0, 37353.099999999998545 ], [ 29820.0, 37353.099999999998545 ], [ 29820.009801714033529, 37353.099518472670752 ], [ 29820.019509032201313, 37353.098078528040787 ], [ 29820.029028467724856, 37353.095694033574546 ], [ 29820.038268343236268, 37353.092387953249272 ], [ 29820.047139673682977, 37353.088192126437207 ], [ 29820.055557023300935, 37353.08314696123125 ], [ 29820.06343932841628, 37353.077301045334025 ], [ 29820.070710678119212, 37353.070710678119212 ], [ 29842.04142135623988, 37331.099999999998545 ], [ 29932.0, 37331.099999999998545 ], [ 29932.009801714033529, 37331.099518472670752 ], [ 29932.019509032201313, 37331.098078528040787 ], [ 29932.029028467724856, 37331.095694033574546 ], [ 29932.038268343236268, 37331.092387953249272 ], [ 29932.047139673682977, 37331.088192126437207 ], [ 29932.055557023300935, 37331.08314696123125 ], [ 29932.06343932841628, 37331.077301045334025 ], [ 29932.070710678119212, 37331.070710678119212 ], [ 29955.04142135623988, 37308.099999999998545 ], [ 29977.0, 37308.099999999998545 ], [ 29977.00952528187554, 37308.099545311313705 ], [ 29977.018963942991832, 37308.098185380105861 ], [ 29977.028230150302988, 37308.095932573269238 ], [ 29977.03723963901939, 37308.092807377324789 ], [ 29977.045910478886071, 37308.088838212097471 ], [ 29977.05416381924806, 37308.084061172274232 ], [ 29977.061924606099637, 37308.078519699178287 ], [ 29977.069122264598263, 37308.072264185713721 ], [ 30000.040125731480657, 37286.099999999998545 ], [ 30022.0, 37286.099999999998545 ], [ 30022.009801714033529, 37286.099518472670752 ], [ 30022.019509032201313, 37286.098078528040787 ], [ 30022.029028467724856, 37286.095694033574546 ], [ 30022.038268343236268, 37286.092387953249272 ], [ 30022.047139673682977, 37286.088192126437207 ], [ 30022.055557023300935, 37286.08314696123125 ], [ 30022.06343932841628, 37286.077301045334025 ], [ 30022.070710678119212, 37286.070710678119212 ], [ 30045.070710678119212, 37263.070710678119212 ], [ 30045.077301045337663, 37263.063439328419918 ], [ 30045.08314696123125, 37263.055557023304573 ], [ 30045.088192126433569, 37263.047139673682977 ], [ 30045.09238795325291, 37263.038268343239906 ], [ 30045.095694033574546, 37263.029028467724856 ], [ 30045.098078528040787, 37263.019509032201313 ], [ 30045.099518472667114, 37263.009801714033529 ], [ 30045.099999999998545, 37263.0 ], [ 30045.099999999998545, 37151.04142135623988 ], [ 30067.070710678119212, 37129.070710678119212 ], [ 30067.077301045337663, 37129.063439328419918 ], [ 30067.08314696123125, 37129.055557023304573 ], [ 30067.088192126433569, 37129.047139673682977 ], [ 30067.09238795325291, 37129.038268343239906 ], [ 30067.095694033574546, 37129.029028467724856 ], [ 30067.098078528040787, 37129.019509032201313 ], [ 30067.099518472667114, 37129.009801714033529 ], [ 30067.099999999998545, 37129.0 ], [ 30067.099999999998545, 36994.04142135623988 ], [ 30090.070710678119212, 36971.070710678119212 ], [ 30090.077301045337663, 36971.063439328419918 ], [ 30090.08314696123125, 36971.055557023304573 ], [ 30090.088192126433569, 36971.047139673682977 ], [ 30090.09238795325291, 36971.038268343239906 ], [ 30090.095694033574546, 36971.029028467724856 ], [ 30090.098078528040787, 36971.019509032201313 ], [ 30090.099518472667114, 36971.009801714033529 ], [ 30090.099999999998545, 36971.0 ], [ 30090.099999999998545, 36881.04142135623988 ], [ 30112.070710678119212, 36859.070710678119212 ], [ 30112.077301045337663, 36859.063439328419918 ], [ 30112.08314696123125, 36859.055557023304573 ], [ 30112.088192126433569, 36859.047139673682977 ], [ 30112.09238795325291, 36859.038268343239906 ], [ 30112.095694033574546, 36859.029028467724856 ], [ 30112.098078528040787, 36859.019509032201313 ], [ 30112.099518472667114, 36859.009801714033529 ], [ 30112.099999999998545, 36859.0 ], [ 30112.099999999998545, 36836.0 ], [ 30112.099518472667114, 36835.990198285966471 ], [ 30112.098078528040787, 36835.980490967798687 ], [ 30112.095694033574546, 36835.970971532275144 ], [ 30112.09238795325291, 36835.961731656760094 ], [ 30112.088192126433569, 36835.952860326317023 ], [ 30112.08314696123125, 36835.944442976695427 ], [ 30112.077301045337663, 36835.936560671580082 ], [ 30112.070710678119212, 36835.929289321880788 ], [ 30090.139867465106363, 36813.998446108867938 ], [ 30112.072264185713721, 36791.069122264598263 ], [ 30112.078519699181925, 36791.061924606103275 ], [ 30112.084061172274232, 36791.054163819251698 ], [ 30112.088838212097471, 36791.045910478889709 ], [ 30112.092807377324789, 36791.037239639023028 ], [ 30112.095932573269238, 36791.028230150302988 ], [ 30112.098185380105861, 36791.01896394299547 ], [ 30112.099545311317343, 36791.009525281871902 ], [ 30112.099999999998545, 36791.0 ], [ 30112.099999999998545, 36611.042728960550448 ], [ 30135.069122264598263, 36589.072264185713721 ], [ 30135.075962936436554, 36589.065035623221775 ], [ 30135.0820512188875, 36589.057162903001881 ], [ 30135.087326809392835, 36589.048724001906521 ], [ 30135.091737454862596, 36589.039802504637919 ], [ 30135.095239469213993, 36589.030486775882309 ], [ 30135.097798166087159, 36589.020869085034064 ], [ 30135.099388202372211, 36589.011044692357245 ], [ 30135.099993829255254, 36589.00111090541759 ], [ 30135.09960904818945, 36588.991166115301894 ], [ 30135.098237670310482, 36588.98130882208352 ], [ 30135.095893278692529, 36588.97163665919652 ], [ 30135.092599093812169, 36588.962245426431764 ], [ 30135.088387743548083, 36588.953228141042928 ], [ 30135.083300940023037, 36588.944674116442911 ], [ 30135.077389066453179, 36588.93666807761474 ], [ 30135.070710678119212, 36588.929289321880788 ], [ 30112.099999999998545, 36565.95857864376012 ], [ 30112.099999999998545, 36544.04142135623988 ], [ 30135.070710678119212, 36521.070710678119212 ], [ 30135.077301045337663, 36521.063439328419918 ], [ 30135.08314696123125, 36521.055557023304573 ], [ 30135.088192126433569, 36521.047139673682977 ], [ 30135.09238795325291, 36521.038268343239906 ], [ 30135.095694033574546, 36521.029028467724856 ], [ 30135.098078528040787, 36521.019509032201313 ], [ 30135.099518472667114, 36521.009801714033529 ], [ 30135.099999999998545, 36521.0 ], [ 30135.099999999998545, 35914.04142135623988 ], [ 30157.070710678119212, 35892.070710678119212 ], [ 30157.077301045337663, 35892.063439328419918 ], [ 30157.08314696123125, 35892.055557023304573 ], [ 30157.088192126433569, 35892.047139673682977 ], [ 30157.09238795325291, 35892.038268343239906 ], [ 30157.095694033574546, 35892.029028467724856 ], [ 30157.098078528040787, 35892.019509032201313 ], [ 30157.099518472667114, 35892.009801714033529 ], [ 30157.099999999998545, 35892.0 ], [ 30157.099999999998545, 32451.0 ], [ 30157.099545311317343, 32450.99047471812446 ], [ 30157.098185380105861, 32450.981036057008168 ], [ 30157.095932573269238, 32450.971769849697012 ], [ 30157.092807377324789, 32450.96276036098061 ], [ 30157.088838212097471, 32450.954089521113929 ], [ 30157.084061172274232, 32450.94583618075194 ], [ 30157.078519699181925, 32450.938075393900363 ], [ 30157.072264185713721, 32450.930877735401737 ], [ 30135.099999999998545, 32427.959874268519343 ], [ 30135.099999999998545, 32406.040125731480657 ], [ 30157.072264185713721, 32383.069122264598263 ], [ 30157.078605615690321, 32383.061815509237931 ], [ 30157.084211278172006, 32383.05393014582296 ], [ 30157.089028702815995, 32383.045539983257186 ], [ 30157.093012797358824, 32383.036723555480421 ], [ 30157.096126269723754, 32383.027563386385737 ], [ 30157.09833997705573, 32383.018145217352867 ], [ 30157.099633198518859, 32383.008557204717363 ], [ 30157.099993829255254, 32382.998889094586048 ], [ 30157.099418493668054, 32382.989231382794969 ], [ 30157.097912577042734, 32382.979674467856967 ], [ 30157.095490175117448, 32382.970307804789627 ], [ 30157.092173962155357, 32382.961219067823549 ], [ 30157.087994978715869, 32382.952493329721619 ], [ 30157.08299234108199, 32382.944212265490933 ], [ 30157.077212875152327, 32382.936453387890651 ], [ 30157.070710678119212, 32382.929289321880788 ], [ 30135.099999999998545, 32360.95857864376012 ], [ 30135.099999999998545, 32181.0 ], [ 30135.099490866381529, 32180.989921929412958 ], [ 30135.097968649864924, 32180.979946480521903 ], [ 30135.095448850686807, 32180.970175230046152 ], [ 30135.091957127129717, 32180.960707675429148 ], [ 30135.087529034273757, 32180.951640221683192 ], [ 30135.082209661941306, 32180.943065199717239 ], [ 30135.076053175554989, 32180.935069926166761 ], [ 30135.069122264598263, 32180.927735814286279 ], [ 30112.099999999998545, 32158.95727103945319 ], [ 30112.099999999998545, 32091.0 ], [ 30112.099518472667114, 32090.990198285966471 ], [ 30112.098078528040787, 32090.980490967798687 ], [ 30112.095694033574546, 32090.970971532275144 ], [ 30112.09238795325291, 32090.961731656763732 ], [ 30112.088192126433569, 32090.952860326317023 ], [ 30112.08314696123125, 32090.944442976699065 ], [ 30112.077301045337663, 32090.93656067158372 ], [ 30112.070710678119212, 32090.929289321880788 ], [ 30090.099999999998545, 32068.95857864376012 ], [ 30090.099999999998545, 31799.0 ], [ 30090.099518472667114, 31798.990198285966471 ], [ 30090.098078528040787, 31798.980490967798687 ], [ 30090.095694033574546, 31798.970971532275144 ], [ 30090.09238795325291, 31798.961731656763732 ], [ 30090.088192126433569, 31798.952860326317023 ], [ 30090.08314696123125, 31798.944442976699065 ], [ 30090.077301045337663, 31798.93656067158372 ], [ 30090.070710678119212, 31798.929289321880788 ], [ 30067.099999999998545, 31775.95857864376012 ], [ 30067.099999999998545, 31641.0 ], [ 30067.099518472667114, 31640.990198285966471 ], [ 30067.098078528040787, 31640.980490967798687 ], [ 30067.095694033574546, 31640.970971532275144 ], [ 30067.09238795325291, 31640.961731656763732 ], [ 30067.088192126433569, 31640.952860326317023 ], [ 30067.08314696123125, 31640.944442976699065 ], [ 30067.077301045337663, 31640.93656067158372 ], [ 30067.070710678119212, 31640.929289321880788 ], [ 30045.099999999998545, 31618.95857864376012 ], [ 30045.099999999998545, 31439.0 ], [ 30045.099518472667114, 31438.990198285966471 ], [ 30045.098078528040787, 31438.980490967798687 ], [ 30045.095694033574546, 31438.970971532275144 ], [ 30045.09238795325291, 31438.961731656763732 ], [ 30045.088192126433569, 31438.952860326317023 ], [ 30045.08314696123125, 31438.944442976699065 ], [ 30045.077301045337663, 31438.93656067158372 ], [ 30045.070710678119212, 31438.929289321880788 ], [ 30022.099999999998545, 31415.95857864376012 ], [ 30022.099999999998545, 31259.0 ], [ 30022.099545311317343, 31258.99047471812446 ], [ 30022.098185380105861, 31258.981036057008168 ], [ 30022.095932573269238, 31258.971769849697012 ], [ 30022.092807377324789, 31258.96276036098061 ], [ 30022.088838212097471, 31258.954089521113929 ], [ 30022.084061172274232, 31258.94583618075194 ], [ 30022.078519699181925, 31258.938075393900363 ], [ 30022.072264185713721, 31258.930877735401737 ], [ 30000.099999999998545, 31235.959874268519343 ], [ 30000.099999999998545, 31102.0 ], [ 30000.099518472667114, 31101.990198285966471 ], [ 30000.098078528040787, 31101.980490967798687 ], [ 30000.095694033574546, 31101.970971532275144 ], [ 30000.09238795325291, 31101.961731656763732 ], [ 30000.088192126433569, 31101.952860326317023 ], [ 30000.08314696123125, 31101.944442976699065 ], [ 30000.077301045337663, 31101.93656067158372 ], [ 30000.070710678119212, 31101.929289321880788 ], [ 29977.099999999998545, 31078.95857864376012 ], [ 29977.099999999998545, 30944.0 ], [ 29977.099518472667114, 30943.990198285966471 ], [ 29977.098078528040787, 30943.980490967798687 ], [ 29977.095694033574546, 30943.970971532275144 ], [ 29977.09238795325291, 30943.961731656763732 ], [ 29977.088192126433569, 30943.952860326317023 ], [ 29977.08314696123125, 30943.944442976699065 ], [ 29977.077301045337663, 30943.93656067158372 ], [ 29977.070710678119212, 30943.929289321880788 ], [ 29932.099999999998545, 30898.95857864376012 ], [ 29932.099999999998545, 30877.04142135623988 ], [ 29955.070710678119212, 30854.070710678119212 ], [ 29955.077301045337663, 30854.06343932841628 ], [ 29955.08314696123125, 30854.055557023300935 ], [ 29955.088192126433569, 30854.047139673682977 ], [ 29955.09238795325291, 30854.038268343236268 ], [ 29955.095694033574546, 30854.029028467724856 ], [ 29955.098078528040787, 30854.019509032201313 ], [ 29955.099518472667114, 30854.009801714033529 ], [ 29955.099999999998545, 30854.0 ], [ 29955.099999999998545, 30607.0 ], [ 29955.099518472667114, 30606.990198285966471 ], [ 29955.098078528040787, 30606.980490967798687 ], [ 29955.095694033574546, 30606.970971532275144 ], [ 29955.09238795325291, 30606.961731656763732 ], [ 29955.088192126433569, 30606.952860326317023 ], [ 29955.08314696123125, 30606.944442976699065 ], [ 29955.077301045337663, 30606.93656067158372 ], [ 29955.070710678119212, 30606.929289321880788 ], [ 29932.099999999998545, 30583.95857864376012 ], [ 29932.099999999998545, 30045.0 ], [ 29932.099545311317343, 30044.99047471812446 ], [ 29932.098185380105861, 30044.981036057008168 ], [ 29932.095932573269238, 30044.971769849697012 ], [ 29932.092807377324789, 30044.96276036098061 ], [ 29932.088838212097471, 30044.954089521113929 ], [ 29932.084061172274232, 30044.94583618075194 ], [ 29932.078519699181925, 30044.938075393900363 ], [ 29932.072264185713721, 30044.930877735401737 ], [ 29910.099999999998545, 30021.959874268519343 ], [ 29910.099999999998545, 29887.0 ], [ 29910.099490866381529, 29886.989921929412958 ], [ 29910.097968649864924, 29886.979946480521903 ], [ 29910.095448850686807, 29886.970175230046152 ], [ 29910.091957127129717, 29886.960707675429148 ], [ 29910.087529034273757, 29886.951640221683192 ], [ 29910.082209661941306, 29886.943065199717239 ], [ 29910.076053175554989, 29886.935069926166761 ], [ 29910.069122264598263, 29886.927735814286279 ], [ 29887.099999999998545, 29864.95727103945319 ], [ 29887.099999999998545, 29752.0 ], [ 29887.099518472667114, 29751.990198285966471 ], [ 29887.098078528040787, 29751.980490967798687 ], [ 29887.095694033574546, 29751.970971532275144 ], [ 29887.09238795325291, 29751.961731656763732 ], [ 29887.088192126433569, 29751.952860326317023 ], [ 29887.08314696123125, 29751.944442976699065 ], [ 29887.077301045337663, 29751.93656067158372 ], [ 29887.070710678119212, 29751.929289321880788 ], [ 29865.099999999998545, 29729.95857864376012 ], [ 29865.099999999998545, 29617.0 ], [ 29865.099490866381529, 29616.989921929412958 ], [ 29865.097968649864924, 29616.979946480521903 ], [ 29865.095448850686807, 29616.970175230046152 ], [ 29865.091957127129717, 29616.960707675429148 ], [ 29865.087529034273757, 29616.951640221683192 ], [ 29865.082209661941306, 29616.943065199717239 ], [ 29865.076053175554989, 29616.935069926166761 ], [ 29865.069122264598263, 29616.927735814286279 ], [ 29842.099999999998545, 29594.95727103945319 ], [ 29842.099999999998545, 29527.0 ], [ 29842.099518472667114, 29526.990198285966471 ], [ 29842.098078528040787, 29526.980490967798687 ], [ 29842.095694033574546, 29526.970971532275144 ], [ 29842.09238795325291, 29526.961731656763732 ], [ 29842.088192126433569, 29526.952860326317023 ], [ 29842.08314696123125, 29526.944442976699065 ], [ 29842.077301045337663, 29526.93656067158372 ], [ 29842.070710678119212, 29526.929289321880788 ], [ 29820.099999999998545, 29504.95857864376012 ], [ 29820.099999999998545, 29415.0 ], [ 29820.099518472667114, 29414.990198285966471 ], [ 29820.098078528040787, 29414.980490967798687 ], [ 29820.095694033574546, 29414.970971532275144 ], [ 29820.09238795325291, 29414.961731656763732 ], [ 29820.088192126433569, 29414.952860326317023 ], [ 29820.08314696123125, 29414.944442976699065 ], [ 29820.077301045337663, 29414.93656067158372 ], [ 29820.070710678119212, 29414.929289321880788 ], [ 29797.099999999998545, 29391.95857864376012 ], [ 29797.099999999998545, 29347.0 ], [ 29797.099518472667114, 29346.990198285966471 ], [ 29797.098078528040787, 29346.980490967798687 ], [ 29797.095694033574546, 29346.970971532275144 ], [ 29797.09238795325291, 29346.961731656763732 ], [ 29797.088192126433569, 29346.952860326317023 ], [ 29797.08314696123125, 29346.944442976699065 ], [ 29797.077301045337663, 29346.93656067158372 ], [ 29797.070710678119212, 29346.929289321880788 ], [ 29775.099999999998545, 29324.95857864376012 ], [ 29775.099999999998545, 29280.0 ], [ 29775.099518472667114, 29279.990198285966471 ], [ 29775.098078528040787, 29279.980490967798687 ], [ 29775.095694033574546, 29279.970971532275144 ], [ 29775.09238795325291, 29279.961731656763732 ], [ 29775.088192126433569, 29279.952860326317023 ], [ 29775.08314696123125, 29279.944442976699065 ], [ 29775.077301045337663, 29279.93656067158372 ], [ 29775.070710678119212, 29279.929289321880788 ], [ 29752.099999999998545, 29256.95857864376012 ], [ 29752.099999999998545, 29212.0 ], [ 29752.099518472667114, 29211.990198285966471 ], [ 29752.098078528040787, 29211.980490967798687 ], [ 29752.095694033574546, 29211.970971532275144 ], [ 29752.09238795325291, 29211.961731656763732 ], [ 29752.088192126433569, 29211.952860326317023 ], [ 29752.08314696123125, 29211.944442976699065 ], [ 29752.077301045337663, 29211.93656067158372 ], [ 29752.070710678119212, 29211.929289321880788 ], [ 29730.099999999998545, 29189.95857864376012 ], [ 29730.099999999998545, 29145.0 ], [ 29730.099490866381529, 29144.989921929412958 ], [ 29730.097968649864924, 29144.979946480521903 ], [ 29730.095448850686807, 29144.970175230046152 ], [ 29730.091957127129717, 29144.960707675429148 ], [ 29730.087529034273757, 29144.951640221683192 ], [ 29730.082209661941306, 29144.943065199717239 ], [ 29730.076053175554989, 29144.935069926166761 ], [ 29730.069122264598263, 29144.927735814286279 ], [ 29707.099999999998545, 29122.95727103945319 ], [ 29707.099999999998545, 29078.0 ], [ 29707.099545311317343, 29077.99047471812446 ], [ 29707.098185380105861, 29077.981036057008168 ], [ 29707.095932573269238, 29077.971769849697012 ], [ 29707.092807377324789, 29077.96276036098061 ], [ 29707.088838212097471, 29077.954089521113929 ], [ 29707.084061172274232, 29077.94583618075194 ], [ 29707.078519699181925, 29077.938075393900363 ], [ 29707.072264185713721, 29077.930877735401737 ], [ 29685.099999999998545, 29054.959874268519343 ], [ 29685.099999999998545, 29033.0 ], [ 29685.099518472667114, 29032.990198285966471 ], [ 29685.098078528040787, 29032.980490967798687 ], [ 29685.095694033574546, 29032.970971532275144 ], [ 29685.09238795325291, 29032.961731656763732 ], [ 29685.088192126433569, 29032.952860326317023 ], [ 29685.08314696123125, 29032.944442976699065 ], [ 29685.077301045337663, 29032.93656067158372 ], [ 29685.070710678119212, 29032.929289321880788 ], [ 29662.099999999998545, 29009.95857864376012 ], [ 29662.099999999998545, 28965.0 ], [ 29662.099518472667114, 28964.990198285966471 ], [ 29662.098078528040787, 28964.980490967798687 ], [ 29662.095694033574546, 28964.970971532275144 ], [ 29662.09238795325291, 28964.961731656763732 ], [ 29662.088192126433569, 28964.952860326317023 ], [ 29662.08314696123125, 28964.944442976699065 ], [ 29662.077301045337663, 28964.93656067158372 ], [ 29662.070710678119212, 28964.929289321880788 ], [ 29640.099999999998545, 28942.95857864376012 ], [ 29640.099999999998545, 28920.0 ], [ 29640.099490866381529, 28919.989921929412958 ], [ 29640.097968649864924, 28919.979946480521903 ], [ 29640.095448850686807, 28919.970175230046152 ], [ 29640.091957127129717, 28919.960707675429148 ], [ 29640.087529034273757, 28919.951640221683192 ], [ 29640.082209661941306, 28919.943065199717239 ], [ 29640.076053175554989, 28919.935069926166761 ], [ 29640.069122264598263, 28919.927735814286279 ], [ 29617.099999999998545, 28897.95727103945319 ], [ 29617.099999999998545, 28875.0 ], [ 29617.099518472667114, 28874.990198285966471 ], [ 29617.098078528040787, 28874.980490967798687 ], [ 29617.095694033574546, 28874.970971532275144 ], [ 29617.09238795325291, 28874.961731656763732 ], [ 29617.088192126433569, 28874.952860326317023 ], [ 29617.08314696123125, 28874.944442976699065 ], [ 29617.077301045337663, 28874.93656067158372 ], [ 29617.070710678119212, 28874.929289321880788 ], [ 29595.099999999998545, 28852.95857864376012 ], [ 29595.099999999998545, 28830.0 ], [ 29595.099490866381529, 28829.989921929412958 ], [ 29595.097968649864924, 28829.979946480521903 ], [ 29595.095448850686807, 28829.970175230046152 ], [ 29595.091957127129717, 28829.960707675429148 ], [ 29595.087529034273757, 28829.951640221683192 ], [ 29595.082209661941306, 28829.943065199717239 ], [ 29595.076053175554989, 28829.935069926166761 ], [ 29595.069122264598263, 28829.927735814286279 ], [ 29572.0707281353898, 28807.9292718646102 ], [ 29550.099999999998545, 28784.959874268519343 ], [ 29550.099999999998545, 28763.0 ], [ 29550.099518472667114, 28762.990198285966471 ], [ 29550.098078528040787, 28762.980490967798687 ], [ 29550.095694033574546, 28762.970971532275144 ], [ 29550.09238795325291, 28762.961731656763732 ], [ 29550.088192126433569, 28762.952860326317023 ], [ 29550.08314696123125, 28762.944442976699065 ], [ 29550.077301045337663, 28762.93656067158372 ], [ 29550.070710678119212, 28762.929289321880788 ], [ 29437.070710678119212, 28649.929289321880788 ], [ 29437.06343932841628, 28649.922698954662337 ], [ 29437.055557023300935, 28649.91685303876875 ], [ 29437.047139673682977, 28649.911807873566431 ], [ 29437.038268343236268, 28649.90761204674709 ], [ 29437.029028467724856, 28649.904305966425454 ], [ 29437.019509032201313, 28649.901921471959213 ], [ 29437.009801714033529, 28649.900481527332886 ], [ 29437.0, 28649.900000000001455 ], [ 29415.040125731480657, 28649.900000000001455 ], [ 29392.0707281353898, 28627.9292718646102 ], [ 29370.072264185713721, 28604.930877735401737 ], [ 29370.064930073833239, 28604.923946824445011 ], [ 29370.056934800282761, 28604.917790338058694 ], [ 29370.048359778316808, 28604.912470965726243 ], [ 29370.039292324570852, 28604.908042872870283 ], [ 29370.029824769953848, 28604.904551149313193 ], [ 29370.020053519478097, 28604.902031350135076 ], [ 29370.010078070587042, 28604.900509133618471 ], [ 29370.0, 28604.900000000001455 ], [ 29347.04142135623988, 28604.900000000001455 ], [ 29325.070710678119212, 28582.929289321880788 ], [ 29325.06343932841628, 28582.922698954662337 ], [ 29325.055557023300935, 28582.91685303876875 ], [ 29325.047139673682977, 28582.911807873566431 ], [ 29325.038268343236268, 28582.90761204674709 ], [ 29325.029028467724856, 28582.904305966425454 ], [ 29325.019509032201313, 28582.901921471959213 ], [ 29325.009801714033529, 28582.900481527332886 ], [ 29325.0, 28582.900000000001455 ], [ 29302.04272896054681, 28582.900000000001455 ], [ 29280.072264185713721, 28559.930877735401737 ], [ 29280.064930073833239, 28559.923946824445011 ], [ 29280.056934800282761, 28559.917790338058694 ], [ 29280.048359778316808, 28559.912470965726243 ], [ 29280.039292324570852, 28559.908042872870283 ], [ 29280.029824769953848, 28559.904551149313193 ], [ 29280.020053519478097, 28559.902031350135076 ], [ 29280.010078070587042, 28559.900509133618471 ], [ 29280.0, 28559.900000000001455 ], [ 29235.040125731480657, 28559.900000000001455 ], [ 29212.069122264598263, 28537.927735814286279 ], [ 29212.061924606099637, 28537.921480300818075 ], [ 29212.05416381924806, 28537.915938827725768 ], [ 29212.045910478886071, 28537.911161787902529 ], [ 29212.03723963901939, 28537.907192622675211 ], [ 29212.028230150302988, 28537.904067426730762 ], [ 29212.018963942991832, 28537.901814619894139 ], [ 29212.00952528187554, 28537.900454688682657 ], [ 29212.0, 28537.900000000001455 ], [ 29167.04272896054681, 28537.900000000001455 ], [ 29145.072264185713721, 28514.930877735401737 ], [ 29145.064930073833239, 28514.923946824445011 ], [ 29145.056934800282761, 28514.917790338058694 ], [ 29145.048359778316808, 28514.912470965726243 ], [ 29145.039292324570852, 28514.908042872870283 ], [ 29145.029824769953848, 28514.904551149313193 ], [ 29145.020053519478097, 28514.902031350135076 ], [ 29145.010078070587042, 28514.900509133618471 ], [ 29145.0, 28514.900000000001455 ], [ 29055.04142135623988, 28514.900000000001455 ], [ 29033.070710678119212, 28492.929289321880788 ], [ 29033.06343932841628, 28492.922698954662337 ], [ 29033.055557023300935, 28492.91685303876875 ], [ 29033.047139673682977, 28492.911807873566431 ], [ 29033.038268343236268, 28492.90761204674709 ], [ 29033.029028467724856, 28492.904305966425454 ], [ 29033.019509032201313, 28492.901921471959213 ], [ 29033.009801714033529, 28492.900481527332886 ], [ 29033.0, 28492.900000000001455 ], [ 28673.04142135623988, 28492.900000000001455 ], [ 28650.070710678119212, 28469.929289321880788 ], [ 28650.06343932841628, 28469.922698954662337 ], [ 28650.055557023300935, 28469.91685303876875 ], [ 28650.047139673682977, 28469.911807873566431 ], [ 28650.038268343236268, 28469.90761204674709 ], [ 28650.029028467724856, 28469.904305966425454 ], [ 28650.019509032201313, 28469.901921471959213 ], [ 28650.009801714033529, 28469.900481527332886 ], [ 28650.0, 28469.900000000001455 ], [ 28493.0, 28469.900000000001455 ], [ 28492.990198285966471, 28469.900481527332886 ], [ 28492.980490967798687, 28469.901921471959213 ], [ 28492.970971532275144, 28469.904305966425454 ], [ 28492.961731656763732, 28469.90761204674709 ], [ 28492.952860326317023, 28469.911807873566431 ], [ 28492.944442976699065, 28469.91685303876875 ], [ 28492.93656067158372, 28469.922698954662337 ], [ 28492.929289321880788, 28469.929289321880788 ], [ 28470.001588805673236, 28492.856989838088339 ], [ 28448.072264185713721, 28469.930877735401737 ], [ 28448.064930073833239, 28469.923946824445011 ], [ 28448.056934800282761, 28469.917790338058694 ], [ 28448.048359778316808, 28469.912470965726243 ], [ 28448.039292324570852, 28469.908042872870283 ], [ 28448.029824769953848, 28469.904551149313193 ], [ 28448.020053519478097, 28469.902031350135076 ], [ 28448.010078070587042, 28469.900509133618471 ], [ 28448.0, 28469.900000000001455 ], [ 28425.0, 28469.900000000001455 ], [ 28424.989921929412958, 28469.900509133618471 ], [ 28424.979946480521903, 28469.902031350135076 ], [ 28424.970175230046152, 28469.904551149313193 ], [ 28424.960707675429148, 28469.908042872870283 ], [ 28424.951640221683192, 28469.912470965726243 ], [ 28424.943065199717239, 28469.917790338058694 ], [ 28424.935069926166761, 28469.923946824445011 ], [ 28424.927735814286279, 28469.930877735401737 ], [ 28402.998411194326764, 28492.856989838088339 ], [ 28380.070710678119212, 28469.929289321880788 ], [ 28380.06343932841628, 28469.922698954662337 ], [ 28380.055557023300935, 28469.91685303876875 ], [ 28380.047139673682977, 28469.911807873566431 ], [ 28380.038268343236268, 28469.90761204674709 ], [ 28380.029028467724856, 28469.904305966425454 ], [ 28380.019509032201313, 28469.901921471959213 ], [ 28380.009801714033529, 28469.900481527332886 ], [ 28380.0, 28469.900000000001455 ], [ 27796.040125731480657, 28469.900000000001455 ], [ 27773.099999999998545, 28447.95727103945319 ], [ 27773.099999999998545, 28403.0 ], [ 27773.099545311317343, 28402.99047471812446 ], [ 27773.098185380105861, 28402.981036057008168 ], [ 27773.095932573269238, 28402.971769849697012 ], [ 27773.092807377324789, 28402.96276036098061 ], [ 27773.088838212097471, 28402.954089521113929 ], [ 27773.084061172274232, 28402.94583618075194 ], [ 27773.078519699181925, 28402.938075393900363 ], [ 27773.072264185713721, 28402.930877735401737 ], [ 27751.099999999998545, 28379.959874268519343 ], [ 27751.099999999998545, 28358.0 ], [ 27751.099518472667114, 28357.990198285966471 ], [ 27751.098078528040787, 28357.980490967798687 ], [ 27751.095694033574546, 28357.970971532275144 ], [ 27751.09238795325291, 28357.961731656763732 ], [ 27751.088192126433569, 28357.952860326317023 ], [ 27751.08314696123125, 28357.944442976699065 ], [ 27751.077301045337663, 28357.93656067158372 ], [ 27751.070710678119212, 28357.929289321880788 ], [ 27728.099999999998545, 28334.95857864376012 ], [ 27728.099999999998545, 28268.0 ], [ 27728.099545311317343, 28267.99047471812446 ], [ 27728.098185380105861, 28267.981036057008168 ], [ 27728.095932573269238, 28267.971769849697012 ], [ 27728.092807377324789, 28267.96276036098061 ], [ 27728.088838212097471, 28267.954089521113929 ], [ 27728.084061172274232, 28267.94583618075194 ], [ 27728.078519699181925, 28267.938075393900363 ], [ 27728.072264185713721, 28267.930877735401737 ], [ 27706.139867465106363, 28245.001553891132062 ], [ 27728.04142135623988, 28223.099999999998545 ], [ 27751.0, 28223.099999999998545 ], [ 27751.010078070587042, 28223.099490866381529 ], [ 27751.020053519478097, 28223.097968649864924 ], [ 27751.029824769953848, 28223.095448850686807 ], [ 27751.039292324570852, 28223.091957127129717 ], [ 27751.048359778316808, 28223.087529034273757 ], [ 27751.056934800282761, 28223.082209661941306 ], [ 27751.064930073833239, 28223.076053175554989 ], [ 27751.072264185713721, 28223.069122264598263 ], [ 27773.04272896054681, 28200.099999999998545 ], [ 27862.95857864376012, 28200.099999999998545 ], [ 27885.929289321880788, 28223.070710678119212 ], [ 27885.93656067158372, 28223.077301045337663 ], [ 27885.944442976699065, 28223.08314696123125 ], [ 27885.952860326317023, 28223.088192126433569 ], [ 27885.961731656763732, 28223.09238795325291 ], [ 27885.970971532275144, 28223.095694033574546 ], [ 27885.980490967798687, 28223.098078528040787 ], [ 27885.990198285966471, 28223.099518472667114 ], [ 27886.0, 28223.099999999998545 ], [ 28110.95857864376012, 28223.099999999998545 ], [ 28132.929289321880788, 28245.070710678119212 ], [ 28132.93656067158372, 28245.077301045337663 ], [ 28132.944442976699065, 28245.08314696123125 ], [ 28132.952860326317023, 28245.088192126433569 ], [ 28132.961731656763732, 28245.09238795325291 ], [ 28132.970971532275144, 28245.095694033574546 ], [ 28132.980490967798687, 28245.098078528040787 ], [ 28132.990198285966471, 28245.099518472667114 ], [ 28133.0, 28245.099999999998545 ], [ 28515.0, 28245.099999999998545 ], [ 28515.00952528187554, 28245.099545311317343 ], [ 28515.018963942991832, 28245.098185380105861 ], [ 28515.028230150302988, 28245.095932573269238 ], [ 28515.03723963901939, 28245.092807377324789 ], [ 28515.045910478886071, 28245.088838212097471 ], [ 28515.05416381924806, 28245.084061172274232 ], [ 28515.061924606099637, 28245.078519699181925 ], [ 28515.069122264598263, 28245.072264185713721 ], [ 28538.040125731480657, 28223.099999999998545 ], [ 28717.95857864376012, 28223.099999999998545 ], [ 28739.929289321880788, 28245.070710678119212 ], [ 28739.936453387890651, 28245.077212875152327 ], [ 28739.944212265490933, 28245.08299234108199 ], [ 28739.952493329721619, 28245.087994978715869 ], [ 28739.961219067823549, 28245.092173962155357 ], [ 28739.970307804789627, 28245.095490175117448 ], [ 28739.979674467856967, 28245.097912577042734 ], [ 28739.989231382794969, 28245.099418493668054 ], [ 28739.998889094586048, 28245.099993829255254 ], [ 28740.008557204717363, 28245.099633198518859 ], [ 28740.018145217352867, 28245.09833997705573 ], [ 28740.027563386385737, 28245.096126269723754 ], [ 28740.036723555480421, 28245.093012797358824 ], [ 28740.045539983257186, 28245.089028702815995 ], [ 28740.05393014582296, 28245.084211278172006 ], [ 28740.061815509237931, 28245.078605615690321 ], [ 28740.069122264598263, 28245.072264185713721 ], [ 28763.040125731480657, 28223.099999999998545 ], [ 28807.95857864376012, 28223.099999999998545 ], [ 28829.929289321880788, 28245.070710678119212 ], [ 28829.936453387890651, 28245.077212875152327 ], [ 28829.944212265490933, 28245.08299234108199 ], [ 28829.952493329721619, 28245.087994978715869 ], [ 28829.961219067823549, 28245.092173962155357 ], [ 28829.970307804789627, 28245.095490175117448 ], [ 28829.979674467856967, 28245.097912577042734 ], [ 28829.989231382794969, 28245.099418493668054 ], [ 28829.998889094586048, 28245.099993829255254 ], [ 28830.008557204717363, 28245.099633198518859 ], [ 28830.018145217352867, 28245.09833997705573 ], [ 28830.027563386385737, 28245.096126269723754 ], [ 28830.036723555480421, 28245.093012797358824 ], [ 28830.045539983257186, 28245.089028702815995 ], [ 28830.05393014582296, 28245.084211278172006 ], [ 28830.061815509237931, 28245.078605615690321 ], [ 28830.069122264598263, 28245.072264185713721 ], [ 28852.998446108867938, 28223.139867465106363 ], [ 28874.929289321880788, 28245.070710678119212 ], [ 28874.93656067158372, 28245.077301045337663 ], [ 28874.944442976699065, 28245.08314696123125 ], [ 28874.952860326317023, 28245.088192126433569 ], [ 28874.961731656763732, 28245.09238795325291 ], [ 28874.970971532275144, 28245.095694033574546 ], [ 28874.980490967798687, 28245.098078528040787 ], [ 28874.990198285966471, 28245.099518472667114 ], [ 28875.0, 28245.099999999998545 ], [ 29437.0, 28245.099999999998545 ], [ 29437.00952528187554, 28245.099545311317343 ], [ 29437.018963942991832, 28245.098185380105861 ], [ 29437.028230150302988, 28245.095932573269238 ], [ 29437.03723963901939, 28245.092807377324789 ], [ 29437.045910478886071, 28245.088838212097471 ], [ 29437.05416381924806, 28245.084061172274232 ], [ 29437.061924606099637, 28245.078519699181925 ], [ 29437.069122264598263, 28245.072264185713721 ], [ 29460.040125731480657, 28223.099999999998545 ], [ 29505.0, 28223.099999999998545 ], [ 29505.010078070587042, 28223.099490866381529 ], [ 29505.020053519478097, 28223.097968649864924 ], [ 29505.029824769953848, 28223.095448850686807 ], [ 29505.039292324570852, 28223.091957127129717 ], [ 29505.048359778316808, 28223.087529034273757 ], [ 29505.056934800282761, 28223.082209661941306 ], [ 29505.064930073833239, 28223.076053175554989 ], [ 29505.072264185713721, 28223.069122264598263 ], [ 29527.04272896054681, 28200.099999999998545 ], [ 29550.0, 28200.099999999998545 ], [ 29550.009801714033529, 28200.099518472667114 ], [ 29550.019509032201313, 28200.098078528040787 ], [ 29550.029028467724856, 28200.095694033574546 ], [ 29550.038268343236268, 28200.09238795325291 ], [ 29550.047139673682977, 28200.088192126433569 ], [ 29550.055557023300935, 28200.08314696123125 ], [ 29550.06343932841628, 28200.077301045337663 ], [ 29550.070710678119212, 28200.070710678119212 ], [ 29617.069925100906403, 28133.071496255332022 ], [ 29640.069122264598263, 28111.072264185713721 ], [ 29640.076053175554989, 28111.064930073833239 ], [ 29640.082209661941306, 28111.056934800282761 ], [ 29640.087529034273757, 28111.048359778316808 ], [ 29640.091957127129717, 28111.039292324570852 ], [ 29640.095448850686807, 28111.029824769953848 ], [ 29640.097968649864924, 28111.020053519478097 ], [ 29640.099490866381529, 28111.010078070587042 ], [ 29640.099999999998545, 28111.0 ], [ 29640.099999999998545, 28088.04142135623988 ], [ 29662.070710678119212, 28066.070710678119212 ], [ 29662.077301045337663, 28066.06343932841628 ], [ 29662.08314696123125, 28066.055557023300935 ], [ 29662.088192126433569, 28066.047139673682977 ], [ 29662.09238795325291, 28066.038268343236268 ], [ 29662.095694033574546, 28066.029028467724856 ], [ 29662.098078528040787, 28066.019509032201313 ], [ 29662.099518472667114, 28066.009801714033529 ], [ 29662.099999999998545, 28066.0 ], [ 29662.099999999998545, 28043.04272896054681 ], [ 29685.069122264598263, 28021.072264185713721 ], [ 29685.076053175554989, 28021.064930073833239 ], [ 29685.082209661941306, 28021.056934800282761 ], [ 29685.087529034273757, 28021.048359778316808 ], [ 29685.091957127129717, 28021.039292324570852 ], [ 29685.095448850686807, 28021.029824769953848 ], [ 29685.097968649864924, 28021.020053519478097 ], [ 29685.099490866381529, 28021.010078070587042 ], [ 29685.099999999998545, 28021.0 ], [ 29685.099999999998545, 27953.04142135623988 ], [ 29707.070710678119212, 27931.070710678119212 ], [ 29707.077301045337663, 27931.06343932841628 ], [ 29707.08314696123125, 27931.055557023300935 ], [ 29707.088192126433569, 27931.047139673682977 ], [ 29707.09238795325291, 27931.038268343236268 ], [ 29707.095694033574546, 27931.029028467724856 ], [ 29707.098078528040787, 27931.019509032201313 ], [ 29707.099518472667114, 27931.009801714033529 ], [ 29707.099999999998545, 27931.0 ], [ 29707.099999999998545, 27796.04142135623988 ], [ 29730.070710678119212, 27773.070710678119212 ], [ 29730.077301045337663, 27773.06343932841628 ], [ 29730.08314696123125, 27773.055557023300935 ], [ 29730.088192126433569, 27773.047139673682977 ], [ 29730.09238795325291, 27773.038268343236268 ], [ 29730.095694033574546, 27773.029028467724856 ], [ 29730.098078528040787, 27773.019509032201313 ], [ 29730.099518472667114, 27773.009801714033529 ], [ 29730.099999999998545, 27773.0 ], [ 29730.099999999998545, 27751.0 ], [ 29730.099518472667114, 27750.990198285966471 ], [ 29730.098078528040787, 27750.980490967798687 ], [ 29730.095694033574546, 27750.970971532275144 ], [ 29730.09238795325291, 27750.961731656763732 ], [ 29730.088192126433569, 27750.952860326317023 ], [ 29730.08314696123125, 27750.944442976699065 ], [ 29730.077301045337663, 27750.93656067158372 ], [ 29730.070710678119212, 27750.929289321880788 ], [ 29707.099999999998545, 27727.95857864376012 ], [ 29707.099999999998545, 27661.04142135623988 ], [ 29730.070710678119212, 27638.070710678119212 ], [ 29730.077301045337663, 27638.06343932841628 ], [ 29730.08314696123125, 27638.055557023300935 ], [ 29730.088192126433569, 27638.047139673682977 ], [ 29730.09238795325291, 27638.038268343236268 ], [ 29730.095694033574546, 27638.029028467724856 ], [ 29730.098078528040787, 27638.019509032201313 ], [ 29730.099518472667114, 27638.009801714033529 ], [ 29730.099999999998545, 27638.0 ], [ 29730.099999999998545, 27413.0 ], [ 29730.099490866381529, 27412.989921929412958 ], [ 29730.097968649864924, 27412.979946480521903 ], [ 29730.095448850686807, 27412.970175230046152 ], [ 29730.091957127129717, 27412.960707675429148 ], [ 29730.087529034273757, 27412.951640221683192 ], [ 29730.082209661941306, 27412.943065199717239 ], [ 29730.076053175554989, 27412.935069926166761 ], [ 29730.069122264598263, 27412.927735814286279 ], [ 29707.099999999998545, 27390.95727103945319 ], [ 29707.099999999998545, 27256.0 ], [ 29707.099545311317343, 27255.99047471812446 ], [ 29707.098185380105861, 27255.981036057008168 ], [ 29707.095932573269238, 27255.971769849697012 ], [ 29707.092807377324789, 27255.96276036098061 ], [ 29707.088838212097471, 27255.954089521113929 ], [ 29707.084061172274232, 27255.94583618075194 ], [ 29707.078519699181925, 27255.938075393900363 ], [ 29707.072264185713721, 27255.930877735401737 ], [ 29685.099999999998545, 27232.959874268519343 ], [ 29685.099999999998545, 27121.0 ], [ 29685.099490866381529, 27120.989921929412958 ], [ 29685.097968649864924, 27120.979946480521903 ], [ 29685.095448850686807, 27120.970175230046152 ], [ 29685.091957127129717, 27120.960707675429148 ], [ 29685.087529034273757, 27120.951640221683192 ], [ 29685.082209661941306, 27120.943065199717239 ], [ 29685.076053175554989, 27120.935069926166761 ], [ 29685.069122264598263, 27120.927735814286279 ], [ 29662.099999999998545, 27098.95727103945319 ], [ 29662.099999999998545, 26964.0 ], [ 29662.099545311317343, 26963.99047471812446 ], [ 29662.098185380105861, 26963.981036057008168 ], [ 29662.095932573269238, 26963.971769849697012 ], [ 29662.092807377324789, 26963.96276036098061 ], [ 29662.088838212097471, 26963.954089521113929 ], [ 29662.084061172274232, 26963.94583618075194 ], [ 29662.078519699181925, 26963.938075393900363 ], [ 29662.072264185713721, 26963.930877735401737 ], [ 29640.099999999998545, 26940.959874268519343 ], [ 29640.099999999998545, 26896.0 ], [ 29640.099490866381529, 26895.989921929412958 ], [ 29640.097968649864924, 26895.979946480521903 ], [ 29640.095448850686807, 26895.970175230046152 ], [ 29640.091957127129717, 26895.960707675429148 ], [ 29640.087529034273757, 26895.951640221683192 ], [ 29640.082209661941306, 26895.943065199717239 ], [ 29640.076053175554989, 26895.935069926166761 ], [ 29640.069122264598263, 26895.927735814286279 ], [ 29617.099999999998545, 26873.95727103945319 ], [ 29617.099999999998545, 26806.0 ], [ 29617.099518472667114, 26805.990198285966471 ], [ 29617.098078528040787, 26805.980490967798687 ], [ 29617.095694033574546, 26805.970971532275144 ], [ 29617.09238795325291, 26805.961731656763732 ], [ 29617.088192126433569, 26805.952860326317023 ], [ 29617.08314696123125, 26805.944442976699065 ], [ 29617.077301045337663, 26805.93656067158372 ], [ 29617.070710678119212, 26805.929289321880788 ], [ 29595.099999999998545, 26783.95857864376012 ], [ 29595.099999999998545, 26671.0 ], [ 29595.099490866381529, 26670.989921929412958 ], [ 29595.097968649864924, 26670.979946480521903 ], [ 29595.095448850686807, 26670.970175230046152 ], [ 29595.091957127129717, 26670.960707675429148 ], [ 29595.087529034273757, 26670.951640221683192 ], [ 29595.082209661941306, 26670.943065199717239 ], [ 29595.076053175554989, 26670.935069926166761 ], [ 29595.069122264598263, 26670.927735814286279 ], [ 29572.099999999998545, 26648.95727103945319 ], [ 29572.099999999998545, 26536.0 ], [ 29572.099518472667114, 26535.990198285966471 ], [ 29572.098078528040787, 26535.980490967798687 ], [ 29572.095694033574546, 26535.970971532275144 ], [ 29572.09238795325291, 26535.961731656763732 ], [ 29572.088192126433569, 26535.952860326317023 ], [ 29572.08314696123125, 26535.944442976699065 ], [ 29572.077301045337663, 26535.93656067158372 ], [ 29572.070710678119212, 26535.929289321880788 ], [ 29550.099999999998545, 26513.95857864376012 ], [ 29550.099999999998545, 26424.0 ], [ 29550.099518472667114, 26423.990198285966471 ], [ 29550.098078528040787, 26423.980490967798687 ], [ 29550.095694033574546, 26423.970971532275144 ], [ 29550.09238795325291, 26423.961731656763732 ], [ 29550.088192126433569, 26423.952860326317023 ], [ 29550.08314696123125, 26423.944442976699065 ], [ 29550.077301045337663, 26423.93656067158372 ], [ 29550.070710678119212, 26423.929289321880788 ], [ 29527.099999999998545, 26400.95857864376012 ], [ 29527.099999999998545, 26334.0 ], [ 29527.099545311317343, 26333.99047471812446 ], [ 29527.098185380105861, 26333.981036057008168 ], [ 29527.095932573269238, 26333.971769849697012 ], [ 29527.092807377324789, 26333.96276036098061 ], [ 29527.088838212097471, 26333.954089521113929 ], [ 29527.084061172274232, 26333.94583618075194 ], [ 29527.078519699181925, 26333.938075393900363 ], [ 29527.072264185713721, 26333.930877735401737 ], [ 29505.099999999998545, 26310.959874268519343 ], [ 29505.099999999998545, 26244.0 ], [ 29505.099518472667114, 26243.990198285966471 ], [ 29505.098078528040787, 26243.980490967798687 ], [ 29505.095694033574546, 26243.970971532275144 ], [ 29505.09238795325291, 26243.961731656763732 ], [ 29505.088192126433569, 26243.952860326317023 ], [ 29505.08314696123125, 26243.944442976699065 ], [ 29505.077301045337663, 26243.93656067158372 ], [ 29505.070710678119212, 26243.929289321880788 ], [ 29482.099999999998545, 26220.95857864376012 ], [ 29482.099999999998545, 26176.0 ], [ 29482.099518472667114, 26175.990198285966471 ], [ 29482.098078528040787, 26175.980490967798687 ], [ 29482.095694033574546, 26175.970971532275144 ], [ 29482.09238795325291, 26175.961731656763732 ], [ 29482.088192126433569, 26175.952860326317023 ], [ 29482.08314696123125, 26175.944442976699065 ], [ 29482.077301045337663, 26175.93656067158372 ], [ 29482.070710678119212, 26175.929289321880788 ], [ 29460.099999999998545, 26153.95857864376012 ], [ 29460.099999999998545, 26131.0 ], [ 29460.099490866381529, 26130.989921929412958 ], [ 29460.097968649864924, 26130.979946480521903 ], [ 29460.095448850686807, 26130.970175230046152 ], [ 29460.091957127129717, 26130.960707675429148 ], [ 29460.087529034273757, 26130.951640221683192 ], [ 29460.082209661941306, 26130.943065199717239 ], [ 29460.076053175554989, 26130.935069926166761 ], [ 29460.069122264598263, 26130.927735814286279 ], [ 29437.099999999998545, 26108.95727103945319 ], [ 29437.099999999998545, 26042.0 ], [ 29437.099545311317343, 26041.99047471812446 ], [ 29437.098185380105861, 26041.981036057008168 ], [ 29437.095932573269238, 26041.971769849697012 ], [ 29437.092807377324789, 26041.96276036098061 ], [ 29437.088838212097471, 26041.954089521113929 ], [ 29437.084061172274232, 26041.94583618075194 ], [ 29437.078519699181925, 26041.938075393900363 ], [ 29437.072264185713721, 26041.930877735401737 ], [ 29415.072264185713721, 26018.930877735401737 ], [ 29415.064930073833239, 26018.923946824445011 ], [ 29415.056934800282761, 26018.917790338058694 ], [ 29415.048359778316808, 26018.912470965726243 ], [ 29415.039292324570852, 26018.908042872870283 ], [ 29415.029824769953848, 26018.904551149313193 ], [ 29415.020053519478097, 26018.902031350135076 ], [ 29415.010078070587042, 26018.900509133618471 ], [ 29415.0, 26018.900000000001455 ], [ 29145.04142135623988, 26018.900000000001455 ], [ 29123.099999999998545, 25996.95857864376012 ], [ 29123.099999999998545, 25254.0 ], [ 29123.099490866381529, 25253.989921929412958 ], [ 29123.097968649864924, 25253.979946480521903 ], [ 29123.095448850686807, 25253.970175230046152 ], [ 29123.091957127129717, 25253.960707675429148 ], [ 29123.087529034273757, 25253.951640221683192 ], [ 29123.082209661941306, 25253.943065199717239 ], [ 29123.076053175554989, 25253.935069926166761 ], [ 29123.069122264598263, 25253.927735814286279 ], [ 29100.099999999998545, 25231.95727103945319 ], [ 29100.099999999998545, 25209.0 ], [ 29100.099518472667114, 25208.990198285966471 ], [ 29100.098078528040787, 25208.980490967798687 ], [ 29100.095694033574546, 25208.970971532275144 ], [ 29100.09238795325291, 25208.961731656763732 ], [ 29100.088192126433569, 25208.952860326317023 ], [ 29100.08314696123125, 25208.944442976699065 ], [ 29100.077301045337663, 25208.93656067158372 ], [ 29100.070710678119212, 25208.929289321880788 ], [ 29055.099999999998545, 25163.95857864376012 ], [ 29055.099999999998545, 25142.0 ], [ 29055.099518472667114, 25141.990198285966471 ], [ 29055.098078528040787, 25141.980490967798687 ], [ 29055.095694033574546, 25141.970971532275144 ], [ 29055.09238795325291, 25141.961731656763732 ], [ 29055.088192126433569, 25141.952860326317023 ], [ 29055.08314696123125, 25141.944442976699065 ], [ 29055.077301045337663, 25141.93656067158372 ], [ 29055.070710678119212, 25141.929289321880788 ], [ 29033.099999999998545, 25119.95857864376012 ], [ 29033.099999999998545, 25097.0 ], [ 29033.099490866381529, 25096.989921929412958 ], [ 29033.097968649864924, 25096.979946480521903 ], [ 29033.095448850686807, 25096.970175230046152 ], [ 29033.091957127129717, 25096.960707675429148 ], [ 29033.087529034273757, 25096.951640221683192 ], [ 29033.082209661941306, 25096.943065199717239 ], [ 29033.076053175554989, 25096.935069926166761 ], [ 29033.069122264598263, 25096.927735814286279 ], [ 29010.099999999998545, 25074.95727103945319 ], [ 29010.099999999998545, 25052.0 ], [ 29010.099518472667114, 25051.990198285966471 ], [ 29010.098078528040787, 25051.980490967798687 ], [ 29010.095694033574546, 25051.970971532275144 ], [ 29010.09238795325291, 25051.961731656763732 ], [ 29010.088192126433569, 25051.952860326317023 ], [ 29010.08314696123125, 25051.944442976699065 ], [ 29010.077301045337663, 25051.93656067158372 ], [ 29010.070710678119212, 25051.929289321880788 ], [ 28988.099999999998545, 25029.95857864376012 ], [ 28988.099999999998545, 25007.0 ], [ 28988.099490866381529, 25006.989921929412958 ], [ 28988.097968649864924, 25006.979946480521903 ], [ 28988.095448850686807, 25006.970175230046152 ], [ 28988.091957127129717, 25006.960707675429148 ], [ 28988.087529034273757, 25006.951640221683192 ], [ 28988.082209661941306, 25006.943065199717239 ], [ 28988.076053175554989, 25006.935069926166761 ], [ 28988.069122264598263, 25006.927735814286279 ], [ 28965.099999999998545, 24984.95727103945319 ], [ 28965.099999999998545, 24962.0 ], [ 28965.099518472667114, 24961.990198285966471 ], [ 28965.098078528040787, 24961.980490967798687 ], [ 28965.095694033574546, 24961.970971532275144 ], [ 28965.09238795325291, 24961.961731656763732 ], [ 28965.088192126433569, 24961.952860326317023 ], [ 28965.08314696123125, 24961.944442976699065 ], [ 28965.077301045337663, 24961.93656067158372 ], [ 28965.070710678119212, 24961.929289321880788 ], [ 28943.099999999998545, 24939.95857864376012 ], [ 28943.099999999998545, 24917.0 ], [ 28943.099490866381529, 24916.989921929412958 ], [ 28943.097968649864924, 24916.979946480521903 ], [ 28943.095448850686807, 24916.970175230046152 ], [ 28943.091957127129717, 24916.960707675429148 ], [ 28943.087529034273757, 24916.951640221683192 ], [ 28943.082209661941306, 24916.943065199717239 ], [ 28943.076053175554989, 24916.935069926166761 ], [ 28943.069122264598263, 24916.927735814286279 ], [ 28920.099999999998545, 24894.95727103945319 ], [ 28920.099999999998545, 24872.0 ], [ 28920.099518472667114, 24871.990198285966471 ], [ 28920.098078528040787, 24871.980490967798687 ], [ 28920.095694033574546, 24871.970971532275144 ], [ 28920.09238795325291, 24871.961731656763732 ], [ 28920.088192126433569, 24871.952860326317023 ], [ 28920.08314696123125, 24871.944442976699065 ], [ 28920.077301045337663, 24871.93656067158372 ], [ 28920.070710678119212, 24871.929289321880788 ], [ 28898.099999999998545, 24849.95857864376012 ], [ 28898.099999999998545, 24827.0 ], [ 28898.099490866381529, 24826.989921929412958 ], [ 28898.097968649864924, 24826.979946480521903 ], [ 28898.095448850686807, 24826.970175230046152 ], [ 28898.091957127129717, 24826.960707675429148 ], [ 28898.087529034273757, 24826.951640221683192 ], [ 28898.082209661941306, 24826.943065199717239 ], [ 28898.076053175554989, 24826.935069926166761 ], [ 28898.069122264598263, 24826.927735814286279 ], [ 28875.0707281353898, 24804.9292718646102 ], [ 28853.099999999998545, 24781.959874268519343 ], [ 28853.099999999998545, 24760.0 ], [ 28853.099518472667114, 24759.990198285966471 ], [ 28853.098078528040787, 24759.980490967798687 ], [ 28853.095694033574546, 24759.970971532275144 ], [ 28853.09238795325291, 24759.961731656763732 ], [ 28853.088192126433569, 24759.952860326317023 ], [ 28853.08314696123125, 24759.944442976699065 ], [ 28853.077301045337663, 24759.93656067158372 ], [ 28853.070710678119212, 24759.929289321880788 ], [ 28808.099999999998545, 24714.95857864376012 ], [ 28808.099999999998545, 24692.0 ], [ 28808.099490866381529, 24691.989921929412958 ], [ 28808.097968649864924, 24691.979946480521903 ], [ 28808.095448850686807, 24691.970175230046152 ], [ 28808.091957127129717, 24691.960707675429148 ], [ 28808.087529034273757, 24691.951640221683192 ], [ 28808.082209661941306, 24691.943065199717239 ], [ 28808.076053175554989, 24691.935069926166761 ], [ 28808.069122264598263, 24691.927735814286279 ], [ 28785.0707281353898, 24669.9292718646102 ], [ 28763.099999999998545, 24646.959874268519343 ], [ 28763.099999999998545, 24625.0 ], [ 28763.099518472667114, 24624.990198285966471 ], [ 28763.098078528040787, 24624.980490967798687 ], [ 28763.095694033574546, 24624.970971532275144 ], [ 28763.09238795325291, 24624.961731656763732 ], [ 28763.088192126433569, 24624.952860326317023 ], [ 28763.08314696123125, 24624.944442976699065 ], [ 28763.077301045337663, 24624.93656067158372 ], [ 28763.070710678119212, 24624.929289321880788 ], [ 28740.099999999998545, 24601.95857864376012 ], [ 28740.099999999998545, 24580.0 ], [ 28740.099545311317343, 24579.99047471812446 ], [ 28740.098185380105861, 24579.981036057008168 ], [ 28740.095932573269238, 24579.971769849697012 ], [ 28740.092807377324789, 24579.96276036098061 ], [ 28740.088838212097471, 24579.954089521113929 ], [ 28740.084061172274232, 24579.94583618075194 ], [ 28740.078519699181925, 24579.938075393900363 ], [ 28740.072264185713721, 24579.930877735401737 ], [ 28718.072264185713721, 24556.930877735401737 ], [ 28718.069122264598263, 24556.927735814286279 ], [ 28695.099999999998545, 24534.95727103945319 ], [ 28695.099999999998545, 24512.0 ], [ 28695.099518472667114, 24511.990198285966471 ], [ 28695.098078528040787, 24511.980490967798687 ], [ 28695.095694033574546, 24511.970971532275144 ], [ 28695.09238795325291, 24511.961731656763732 ], [ 28695.088192126433569, 24511.952860326317023 ], [ 28695.08314696123125, 24511.944442976699065 ], [ 28695.077301045337663, 24511.93656067158372 ], [ 28695.070710678119212, 24511.929289321880788 ], [ 28650.099999999998545, 24466.95857864376012 ], [ 28650.099999999998545, 24445.0 ], [ 28650.099545311317343, 24444.99047471812446 ], [ 28650.098185380105861, 24444.981036057008168 ], [ 28650.095932573269238, 24444.971769849697012 ], [ 28650.092807377324789, 24444.96276036098061 ], [ 28650.088838212097471, 24444.954089521113929 ], [ 28650.084061172274232, 24444.94583618075194 ], [ 28650.078519699181925, 24444.938075393900363 ], [ 28650.072264185713721, 24444.930877735401737 ], [ 28628.072264185713721, 24421.930877735401737 ], [ 28628.069122264598263, 24421.927735814286279 ], [ 28605.099999999998545, 24399.95727103945319 ], [ 28605.099999999998545, 24377.0 ], [ 28605.099518472667114, 24376.990198285966471 ], [ 28605.098078528040787, 24376.980490967798687 ], [ 28605.095694033574546, 24376.970971532275144 ], [ 28605.09238795325291, 24376.961731656763732 ], [ 28605.088192126433569, 24376.952860326317023 ], [ 28605.08314696123125, 24376.944442976699065 ], [ 28605.077301045337663, 24376.93656067158372 ], [ 28605.070710678119212, 24376.929289321880788 ], [ 28515.099999999998545, 24286.95857864376012 ], [ 28515.099999999998545, 24265.0 ], [ 28515.099545311317343, 24264.99047471812446 ], [ 28515.098185380105861, 24264.981036057008168 ], [ 28515.095932573269238, 24264.971769849697012 ], [ 28515.092807377324789, 24264.96276036098061 ], [ 28515.088838212097471, 24264.954089521113929 ], [ 28515.084061172274232, 24264.94583618075194 ], [ 28515.078519699181925, 24264.938075393900363 ], [ 28515.072264185713721, 24264.930877735401737 ], [ 28493.072264185713721, 24241.930877735401737 ], [ 28493.069122264598263, 24241.927735814286279 ], [ 28470.0707281353898, 24219.9292718646102 ], [ 28448.072264185713721, 24196.930877735401737 ], [ 28448.069122264598263, 24196.927735814286279 ], [ 28425.099999999998545, 24174.95727103945319 ], [ 28425.099999999998545, 24152.0 ], [ 28425.099518472667114, 24151.990198285966471 ], [ 28425.098078528040787, 24151.980490967798687 ], [ 28425.095694033574546, 24151.970971532275144 ], [ 28425.09238795325291, 24151.961731656763732 ], [ 28425.088192126433569, 24151.952860326317023 ], [ 28425.08314696123125, 24151.944442976699065 ], [ 28425.077301045337663, 24151.93656067158372 ], [ 28425.070710678119212, 24151.929289321880788 ], [ 28403.070710678119212, 24129.929289321880788 ], [ 28403.069122264598263, 24129.927735814286279 ], [ 28380.099999999998545, 24107.95727103945319 ], [ 28380.099999999998545, 24085.0 ], [ 28380.099518472667114, 24084.990198285966471 ], [ 28380.098078528040787, 24084.980490967798687 ], [ 28380.095694033574546, 24084.970971532275144 ], [ 28380.09238795325291, 24084.961731656763732 ], [ 28380.088192126433569, 24084.952860326317023 ], [ 28380.08314696123125, 24084.944442976699065 ], [ 28380.077301045337663, 24084.93656067158372 ], [ 28380.070710678119212, 24084.929289321880788 ], [ 28380.06343932841628, 24084.922698954662337 ], [ 28380.055557023300935, 24084.91685303876875 ], [ 28380.047139673682977, 24084.911807873566431 ], [ 28380.038268343236268, 24084.90761204674709 ], [ 28380.029028467724856, 24084.904305966425454 ], [ 28380.019509032201313, 24084.901921471959213 ], [ 28380.009801714033529, 24084.900481527332886 ], [ 28380.0, 24084.900000000001455 ], [ 28358.040125731480657, 24084.900000000001455 ], [ 28335.0707281353898, 24062.9292718646102 ], [ 28313.072264185713721, 24039.930877735401737 ], [ 28313.069122264598263, 24039.927735814286279 ], [ 28290.0707281353898, 24017.9292718646102 ], [ 28268.072264185713721, 23994.930877735401737 ], [ 28268.069122264598263, 23994.927735814286279 ], [ 28245.0707281353898, 23972.9292718646102 ], [ 28223.072264185713721, 23949.930877735401737 ], [ 28223.069122264598263, 23949.927735814286279 ], [ 28200.0707281353898, 23927.9292718646102 ], [ 28178.072264185713721, 23904.930877735401737 ], [ 28178.069122264598263, 23904.927735814286279 ], [ 28155.0707281353898, 23882.9292718646102 ], [ 28133.072264185713721, 23859.930877735401737 ], [ 28133.070710678119212, 23859.929289321880788 ], [ 27863.070710678119212, 23589.929289321880788 ], [ 27863.06343932841628, 23589.922698954662337 ], [ 27863.055557023300935, 23589.91685303876875 ], [ 27863.047139673682977, 23589.911807873566431 ], [ 27863.038268343236268, 23589.90761204674709 ], [ 27863.029028467724856, 23589.904305966425454 ], [ 27863.019509032201313, 23589.901921471959213 ], [ 27863.009801714033529, 23589.900481527332886 ], [ 27863.0, 23589.900000000001455 ], [ 27841.040125731480657, 23589.900000000001455 ], [ 27818.0707281353898, 23567.9292718646102 ], [ 27796.072264185713721, 23544.930877735401737 ], [ 27796.069122264598263, 23544.927735814286279 ], [ 27773.0707281353898, 23522.9292718646102 ], [ 27751.072264185713721, 23499.930877735401737 ], [ 27751.064930073833239, 23499.923946824445011 ], [ 27751.056934800282761, 23499.917790338058694 ], [ 27751.048359778316808, 23499.912470965726243 ], [ 27751.039292324570852, 23499.908042872870283 ], [ 27751.029824769953848, 23499.904551149313193 ], [ 27751.020053519478097, 23499.902031350135076 ], [ 27751.010078070587042, 23499.900509133618471 ], [ 27751.0, 23499.900000000001455 ], [ 27728.04142135623988, 23499.900000000001455 ], [ 27638.070710678119212, 23409.929289321880788 ], [ 27638.06343932841628, 23409.922698954662337 ], [ 27638.055557023300935, 23409.91685303876875 ], [ 27638.047139673682977, 23409.911807873566431 ], [ 27638.038268343236268, 23409.90761204674709 ], [ 27638.029028467724856, 23409.904305966425454 ], [ 27638.019509032201313, 23409.901921471959213 ], [ 27638.009801714033529, 23409.900481527332886 ], [ 27638.0, 23409.900000000001455 ], [ 27616.040125731480657, 23409.900000000001455 ], [ 27593.099999999998545, 23387.95727103945319 ], [ 27593.099999999998545, 23365.0 ], [ 27593.099518472667114, 23364.990198285966471 ], [ 27593.098078528040787, 23364.980490967798687 ], [ 27593.095694033574546, 23364.970971532275144 ], [ 27593.09238795325291, 23364.961731656763732 ], [ 27593.088192126433569, 23364.952860326317023 ], [ 27593.08314696123125, 23364.944442976699065 ], [ 27593.077301045337663, 23364.93656067158372 ], [ 27593.070710678119212, 23364.929289321880788 ], [ 27593.06343932841628, 23364.922698954662337 ], [ 27593.055557023300935, 23364.91685303876875 ], [ 27593.047139673682977, 23364.911807873566431 ], [ 27593.038268343236268, 23364.90761204674709 ], [ 27593.029028467724856, 23364.904305966425454 ], [ 27593.019509032201313, 23364.901921471959213 ], [ 27593.009801714033529, 23364.900481527332886 ], [ 27593.0, 23364.900000000001455 ], [ 27571.040125731480657, 23364.900000000001455 ], [ 27548.069122264598263, 23342.927735814286279 ], [ 27548.061924606099637, 23342.921480300818075 ], [ 27548.05416381924806, 23342.915938827725768 ], [ 27548.045910478886071, 23342.911161787902529 ], [ 27548.03723963901939, 23342.907192622675211 ], [ 27548.028230150302988, 23342.904067426730762 ], [ 27548.018963942991832, 23342.901814619894139 ], [ 27548.00952528187554, 23342.900454688682657 ], [ 27548.0, 23342.900000000001455 ], [ 27526.04142135623988, 23342.900000000001455 ], [ 27413.070710678119212, 23229.929289321880788 ], [ 27413.06343932841628, 23229.922698954662337 ], [ 27413.055557023300935, 23229.91685303876875 ], [ 27413.047139673682977, 23229.911807873566431 ], [ 27413.038268343236268, 23229.90761204674709 ], [ 27413.029028467724856, 23229.904305966425454 ], [ 27413.019509032201313, 23229.901921471959213 ], [ 27413.009801714033529, 23229.900481527332886 ], [ 27413.0, 23229.900000000001455 ], [ 27391.040125731480657, 23229.900000000001455 ], [ 27368.0707281353898, 23207.9292718646102 ], [ 27346.072264185713721, 23184.930877735401737 ], [ 27346.069122264598263, 23184.927735814286279 ], [ 27323.069122264598263, 23162.927735814286279 ], [ 27323.061924606099637, 23162.921480300818075 ], [ 27323.05416381924806, 23162.915938827725768 ], [ 27323.045910478886071, 23162.911161787902529 ], [ 27323.03723963901939, 23162.907192622675211 ], [ 27323.028230150302988, 23162.904067426730762 ], [ 27323.018963942991832, 23162.901814619894139 ], [ 27323.00952528187554, 23162.900454688682657 ], [ 27323.0, 23162.900000000001455 ], [ 27301.04142135623988, 23162.900000000001455 ], [ 27278.070710678119212, 23139.929289321880788 ], [ 27278.06343932841628, 23139.922698954662337 ], [ 27278.055557023300935, 23139.91685303876875 ], [ 27278.047139673682977, 23139.911807873566431 ], [ 27278.038268343236268, 23139.90761204674709 ], [ 27278.029028467724856, 23139.904305966425454 ], [ 27278.019509032201313, 23139.901921471959213 ], [ 27278.009801714033529, 23139.900481527332886 ], [ 27278.0, 23139.900000000001455 ], [ 27256.040125731480657, 23139.900000000001455 ], [ 27233.069925100906403, 23117.928503744667978 ], [ 27211.070710678119212, 23095.929289321880788 ], [ 27211.06343932841628, 23095.922698954662337 ], [ 27211.055557023300935, 23095.91685303876875 ], [ 27211.047139673682977, 23095.911807873566431 ], [ 27211.038268343236268, 23095.90761204674709 ], [ 27211.029028467724856, 23095.904305966425454 ], [ 27211.019509032201313, 23095.901921471959213 ], [ 27211.009801714033529, 23095.900481527332886 ], [ 27211.0, 23095.900000000001455 ], [ 27188.04272896054681, 23095.900000000001455 ], [ 27166.072264185713721, 23072.930877735401737 ], [ 27166.064930073833239, 23072.923946824445011 ], [ 27166.056934800282761, 23072.917790338058694 ], [ 27166.048359778316808, 23072.912470965726243 ], [ 27166.039292324570852, 23072.908042872870283 ], [ 27166.029824769953848, 23072.904551149313193 ], [ 27166.020053519478097, 23072.902031350135076 ], [ 27166.010078070587042, 23072.900509133618471 ], [ 27166.0, 23072.900000000001455 ], [ 27143.04142135623988, 23072.900000000001455 ], [ 27121.070710678119212, 23050.929289321880788 ], [ 27121.06343932841628, 23050.922698954662337 ], [ 27121.055557023300935, 23050.91685303876875 ], [ 27121.047139673682977, 23050.911807873566431 ], [ 27121.038268343236268, 23050.90761204674709 ], [ 27121.029028467724856, 23050.904305966425454 ], [ 27121.019509032201313, 23050.901921471959213 ], [ 27121.009801714033529, 23050.900481527332886 ], [ 27121.0, 23050.900000000001455 ], [ 27076.04272896054681, 23050.900000000001455 ], [ 27054.099999999998545, 23027.959874268519343 ], [ 27054.099999999998545, 23006.0 ], [ 27054.099518472667114, 23005.990198285966471 ], [ 27054.098078528040787, 23005.980490967798687 ], [ 27054.095694033574546, 23005.970971532275144 ], [ 27054.09238795325291, 23005.961731656763732 ], [ 27054.088192126433569, 23005.952860326317023 ], [ 27054.08314696123125, 23005.944442976699065 ], [ 27054.077301045337663, 23005.93656067158372 ], [ 27054.070710678119212, 23005.929289321880788 ], [ 27031.070710678119212, 22982.929289321880788 ], [ 27031.06343932841628, 22982.922698954662337 ], [ 27031.055557023300935, 22982.91685303876875 ], [ 27031.047139673682977, 22982.911807873566431 ], [ 27031.038268343236268, 22982.90761204674709 ], [ 27031.029028467724856, 22982.904305966425454 ], [ 27031.019509032201313, 22982.901921471959213 ], [ 27031.009801714033529, 22982.900481527332886 ], [ 27031.0, 22982.900000000001455 ], [ 27009.040125731480657, 22982.900000000001455 ], [ 26986.0707281353898, 22960.9292718646102 ], [ 26964.072264185713721, 22937.930877735401737 ], [ 26964.064930073833239, 22937.923946824445011 ], [ 26964.056934800282761, 22937.917790338058694 ], [ 26964.048359778316808, 22937.912470965726243 ], [ 26964.039292324570852, 22937.908042872870283 ], [ 26964.029824769953848, 22937.904551149313193 ], [ 26964.020053519478097, 22937.902031350135076 ], [ 26964.010078070587042, 22937.900509133618471 ], [ 26964.0, 22937.900000000001455 ], [ 26941.04142135623988, 22937.900000000001455 ], [ 26919.139867465106363, 22915.998446108867938 ], [ 26941.072264185713721, 22893.069122264598263 ], [ 26941.078691380615055, 22893.061706293170573 ], [ 26941.084360734508664, 22893.053696056405897 ], [ 26941.089217648408521, 22893.045168697262852 ], [ 26941.093215347584191, 22893.036206338878401 ], [ 26941.096315332004451, 22893.02689529365307 ], [ 26941.098487747127365, 22893.017325232049188 ], [ 26941.099711671406112, 22893.00758831899293 ], [ 26941.099975317782082, 22892.997778326272964 ], [ 26941.099276147197088, 22892.987989729488618 ], [ 26941.097620893044223, 22892.978316798169544 ], [ 26941.095025496324524, 22892.968852687943581 ], [ 26941.091514952127909, 22892.959688543356606 ], [ 26941.087123068919027, 22892.950912620130111 ], [ 26941.081892142927245, 22892.942609435209306 ], [ 26941.075872550831264, 22892.934858952801733 ], [ 26941.069122264598263, 22892.927735814286279 ], [ 26941.061706293170573, 22892.921308619384945 ], [ 26941.053696056405897, 22892.915639265491336 ], [ 26941.045168697262852, 22892.910782351591479 ], [ 26941.036206338878401, 22892.906784652415809 ], [ 26941.02689529365307, 22892.903684667995549 ], [ 26941.017325232049188, 22892.901512252872635 ], [ 26941.00758831899293, 22892.900288328593888 ], [ 26940.997778326272964, 22892.900024682217918 ], [ 26940.987989729488618, 22892.900723852802912 ], [ 26940.978316798169544, 22892.902379106955777 ], [ 26940.968852687943581, 22892.904974503675476 ], [ 26940.959688543356606, 22892.908485047872091 ], [ 26940.950912620130111, 22892.912876931080973 ], [ 26940.942609435209306, 22892.918107857072755 ], [ 26940.934858952801733, 22892.924127449168736 ], [ 26940.927735814286279, 22892.930877735401737 ], [ 26918.998411194326764, 22915.856989838088339 ], [ 26896.070710678119212, 22892.929289321880788 ], [ 26896.06343932841628, 22892.922698954662337 ], [ 26896.055557023300935, 22892.91685303876875 ], [ 26896.047139673682977, 22892.911807873566431 ], [ 26896.038268343236268, 22892.90761204674709 ], [ 26896.029028467724856, 22892.904305966425454 ], [ 26896.019509032201313, 22892.901921471959213 ], [ 26896.009801714033529, 22892.900481527332886 ], [ 26896.0, 22892.900000000001455 ], [ 26874.040125731480657, 22892.900000000001455 ], [ 26851.0707281353898, 22870.9292718646102 ], [ 26829.072264185713721, 22847.930877735401737 ], [ 26829.069122264598263, 22847.927735814286279 ], [ 26806.069122264598263, 22825.927735814286279 ], [ 26806.061924606099637, 22825.921480300818075 ], [ 26806.05416381924806, 22825.915938827725768 ], [ 26806.045910478886071, 22825.911161787902529 ], [ 26806.03723963901939, 22825.907192622675211 ], [ 26806.028230150302988, 22825.904067426730762 ], [ 26806.018963942991832, 22825.901814619894139 ], [ 26806.00952528187554, 22825.900454688682657 ], [ 26806.0, 22825.900000000001455 ], [ 26784.04142135623988, 22825.900000000001455 ], [ 26739.070710678119212, 22780.929289321880788 ], [ 26739.06343932841628, 22780.922698954662337 ], [ 26739.055557023300935, 22780.91685303876875 ], [ 26739.047139673682977, 22780.911807873566431 ], [ 26739.038268343236268, 22780.90761204674709 ], [ 26739.029028467724856, 22780.904305966425454 ], [ 26739.019509032201313, 22780.901921471959213 ], [ 26739.009801714033529, 22780.900481527332886 ], [ 26739.0, 22780.900000000001455 ], [ 26716.04272896054681, 22780.900000000001455 ], [ 26694.072264185713721, 22757.930877735401737 ], [ 26694.064930073833239, 22757.923946824445011 ], [ 26694.056934800282761, 22757.917790338058694 ], [ 26694.048359778316808, 22757.912470965726243 ], [ 26694.039292324570852, 22757.908042872870283 ], [ 26694.029824769953848, 22757.904551149313193 ], [ 26694.020053519478097, 22757.902031350135076 ], [ 26694.010078070587042, 22757.900509133618471 ], [ 26694.0, 22757.900000000001455 ], [ 26671.04142135623988, 22757.900000000001455 ], [ 26626.070710678119212, 22712.929289321880788 ], [ 26626.06343932841628, 22712.922698954662337 ], [ 26626.055557023300935, 22712.91685303876875 ], [ 26626.047139673682977, 22712.911807873566431 ], [ 26626.038268343236268, 22712.90761204674709 ], [ 26626.029028467724856, 22712.904305966425454 ], [ 26626.019509032201313, 22712.901921471959213 ], [ 26626.009801714033529, 22712.900481527332886 ], [ 26626.0, 22712.900000000001455 ], [ 26604.040125731480657, 22712.900000000001455 ], [ 26581.069122264598263, 22690.927735814286279 ], [ 26581.061924606099637, 22690.921480300818075 ], [ 26581.05416381924806, 22690.915938827725768 ], [ 26581.045910478886071, 22690.911161787902529 ], [ 26581.03723963901939, 22690.907192622675211 ], [ 26581.028230150302988, 22690.904067426730762 ], [ 26581.018963942991832, 22690.901814619894139 ], [ 26581.00952528187554, 22690.900454688682657 ], [ 26581.0, 22690.900000000001455 ], [ 26559.04142135623988, 22690.900000000001455 ], [ 26514.070710678119212, 22645.929289321880788 ], [ 26514.06343932841628, 22645.922698954662337 ], [ 26514.055557023300935, 22645.91685303876875 ], [ 26514.047139673682977, 22645.911807873566431 ], [ 26514.038268343236268, 22645.90761204674709 ], [ 26514.029028467724856, 22645.904305966425454 ], [ 26514.019509032201313, 22645.901921471959213 ], [ 26514.009801714033529, 22645.900481527332886 ], [ 26514.0, 22645.900000000001455 ], [ 26491.04272896054681, 22645.900000000001455 ], [ 26469.072264185713721, 22622.930877735401737 ], [ 26469.069122264598263, 22622.927735814286279 ], [ 26446.069122264598263, 22600.927735814286279 ], [ 26446.061924606099637, 22600.921480300818075 ], [ 26446.05416381924806, 22600.915938827725768 ], [ 26446.045910478886071, 22600.911161787902529 ], [ 26446.03723963901939, 22600.907192622675211 ], [ 26446.028230150302988, 22600.904067426730762 ], [ 26446.018963942991832, 22600.901814619894139 ], [ 26446.00952528187554, 22600.900454688682657 ], [ 26446.0, 22600.900000000001455 ], [ 26424.04142135623988, 22600.900000000001455 ], [ 26379.070710678119212, 22555.929289321880788 ], [ 26379.06343932841628, 22555.922698954662337 ], [ 26379.055557023300935, 22555.91685303876875 ], [ 26379.047139673682977, 22555.911807873566431 ], [ 26379.038268343236268, 22555.90761204674709 ], [ 26379.029028467724856, 22555.904305966425454 ], [ 26379.019509032201313, 22555.901921471959213 ], [ 26379.009801714033529, 22555.900481527332886 ], [ 26379.0, 22555.900000000001455 ], [ 26356.04272896054681, 22555.900000000001455 ], [ 26334.072264185713721, 22532.930877735401737 ], [ 26334.064930073833239, 22532.923946824445011 ], [ 26334.056934800282761, 22532.917790338058694 ], [ 26334.048359778316808, 22532.912470965726243 ], [ 26334.039292324570852, 22532.908042872870283 ], [ 26334.029824769953848, 22532.904551149313193 ], [ 26334.020053519478097, 22532.902031350135076 ], [ 26334.010078070587042, 22532.900509133618471 ], [ 26334.0, 22532.900000000001455 ], [ 26311.04142135623988, 22532.900000000001455 ], [ 26289.070710678119212, 22510.929289321880788 ], [ 26289.06343932841628, 22510.922698954662337 ], [ 26289.055557023300935, 22510.91685303876875 ], [ 26289.047139673682977, 22510.911807873566431 ], [ 26289.038268343236268, 22510.90761204674709 ], [ 26289.029028467724856, 22510.904305966425454 ], [ 26289.019509032201313, 22510.901921471959213 ], [ 26289.009801714033529, 22510.900481527332886 ], [ 26289.0, 22510.900000000001455 ], [ 26266.04272896054681, 22510.900000000001455 ], [ 26244.072264185713721, 22487.930877735401737 ], [ 26244.069122264598263, 22487.927735814286279 ], [ 26221.069122264598263, 22465.927735814286279 ], [ 26221.061924606099637, 22465.921480300818075 ], [ 26221.05416381924806, 22465.915938827725768 ], [ 26221.045910478886071, 22465.911161787902529 ], [ 26221.03723963901939, 22465.907192622675211 ], [ 26221.028230150302988, 22465.904067426730762 ], [ 26221.018963942991832, 22465.901814619894139 ], [ 26221.00952528187554, 22465.900454688682657 ], [ 26221.0, 22465.900000000001455 ], [ 26199.04142135623988, 22465.900000000001455 ], [ 26154.070710678119212, 22420.929289321880788 ], [ 26154.06343932841628, 22420.922698954662337 ], [ 26154.055557023300935, 22420.91685303876875 ], [ 26154.047139673682977, 22420.911807873566431 ], [ 26154.038268343236268, 22420.90761204674709 ], [ 26154.029028467724856, 22420.904305966425454 ], [ 26154.019509032201313, 22420.901921471959213 ], [ 26154.009801714033529, 22420.900481527332886 ], [ 26154.0, 22420.900000000001455 ], [ 26131.04272896054681, 22420.900000000001455 ], [ 26109.072264185713721, 22397.930877735401737 ], [ 26109.070710678119212, 22397.929289321880788 ], [ 26087.070710678119212, 22375.929289321880788 ], [ 26087.06343932841628, 22375.922698954662337 ], [ 26087.055557023300935, 22375.91685303876875 ], [ 26087.047139673682977, 22375.911807873566431 ], [ 26087.038268343236268, 22375.90761204674709 ], [ 26087.029028467724856, 22375.904305966425454 ], [ 26087.019509032201313, 22375.901921471959213 ], [ 26087.009801714033529, 22375.900481527332886 ], [ 26087.0, 22375.900000000001455 ], [ 26064.04272896054681, 22375.900000000001455 ], [ 26042.072264185713721, 22352.930877735401737 ], [ 26042.064930073833239, 22352.923946824445011 ], [ 26042.056934800282761, 22352.917790338058694 ], [ 26042.048359778316808, 22352.912470965726243 ], [ 26042.039292324570852, 22352.908042872870283 ], [ 26042.029824769953848, 22352.904551149313193 ], [ 26042.020053519478097, 22352.902031350135076 ], [ 26042.010078070587042, 22352.900509133618471 ], [ 26042.0, 22352.900000000001455 ], [ 26019.04142135623988, 22352.900000000001455 ], [ 25997.099999999998545, 22330.95857864376012 ], [ 25997.099999999998545, 22308.0 ], [ 25997.099518472667114, 22307.990198285966471 ], [ 25997.098078528040787, 22307.980490967798687 ], [ 25997.095694033574546, 22307.970971532275144 ], [ 25997.09238795325291, 22307.961731656763732 ], [ 25997.088192126433569, 22307.952860326317023 ], [ 25997.08314696123125, 22307.944442976699065 ], [ 25997.077301045337663, 22307.93656067158372 ], [ 25997.070710678119212, 22307.929289321880788 ], [ 25997.06343932841628, 22307.922698954662337 ], [ 25997.055557023300935, 22307.91685303876875 ], [ 25997.047139673682977, 22307.911807873566431 ], [ 25997.038268343236268, 22307.90761204674709 ], [ 25997.029028467724856, 22307.904305966425454 ], [ 25997.019509032201313, 22307.901921471959213 ], [ 25997.009801714033529, 22307.900481527332886 ], [ 25997.0, 22307.900000000001455 ], [ 25974.04142135623988, 22307.900000000001455 ], [ 25952.070710678119212, 22285.929289321880788 ], [ 25952.06343932841628, 22285.922698954662337 ], [ 25952.055557023300935, 22285.91685303876875 ], [ 25952.047139673682977, 22285.911807873566431 ], [ 25952.038268343236268, 22285.90761204674709 ], [ 25952.029028467724856, 22285.904305966425454 ], [ 25952.019509032201313, 22285.901921471959213 ], [ 25952.009801714033529, 22285.900481527332886 ], [ 25952.0, 22285.900000000001455 ], [ 25929.04272896054681, 22285.900000000001455 ], [ 25907.072264185713721, 22262.930877735401737 ], [ 25907.069122264598263, 22262.927735814286279 ], [ 25884.069122264598263, 22240.927735814286279 ], [ 25884.061924606099637, 22240.921480300818075 ], [ 25884.05416381924806, 22240.915938827725768 ], [ 25884.045910478886071, 22240.911161787902529 ], [ 25884.03723963901939, 22240.907192622675211 ], [ 25884.028230150302988, 22240.904067426730762 ], [ 25884.018963942991832, 22240.901814619894139 ], [ 25884.00952528187554, 22240.900454688682657 ], [ 25884.0, 22240.900000000001455 ], [ 25862.04142135623988, 22240.900000000001455 ], [ 25817.070710678119212, 22195.929289321880788 ], [ 25817.06343932841628, 22195.922698954662337 ], [ 25817.055557023300935, 22195.91685303876875 ], [ 25817.047139673682977, 22195.911807873566431 ], [ 25817.038268343236268, 22195.90761204674709 ], [ 25817.029028467724856, 22195.904305966425454 ], [ 25817.019509032201313, 22195.901921471959213 ], [ 25817.009801714033529, 22195.900481527332886 ], [ 25817.0, 22195.900000000001455 ], [ 25794.04272896054681, 22195.900000000001455 ], [ 25772.072264185713721, 22172.930877735401737 ], [ 25772.069122264598263, 22172.927735814286279 ], [ 25749.069122264598263, 22150.927735814286279 ], [ 25749.061924606099637, 22150.921480300818075 ], [ 25749.05416381924806, 22150.915938827725768 ], [ 25749.045910478886071, 22150.911161787902529 ], [ 25749.03723963901939, 22150.907192622675211 ], [ 25749.028230150302988, 22150.904067426730762 ], [ 25749.018963942991832, 22150.901814619894139 ], [ 25749.00952528187554, 22150.900454688682657 ], [ 25749.0, 22150.900000000001455 ], [ 25727.04142135623988, 22150.900000000001455 ], [ 25682.070710678119212, 22105.929289321880788 ], [ 25682.06343932841628, 22105.922698954662337 ], [ 25682.055557023300935, 22105.91685303876875 ], [ 25682.047139673682977, 22105.911807873566431 ], [ 25682.038268343236268, 22105.90761204674709 ], [ 25682.029028467724856, 22105.904305966425454 ], [ 25682.019509032201313, 22105.901921471959213 ], [ 25682.009801714033529, 22105.900481527332886 ], [ 25682.0, 22105.900000000001455 ], [ 25659.04142135623988, 22105.900000000001455 ], [ 25637.070710678119212, 22083.929289321880788 ], [ 25637.06343932841628, 22083.922698954662337 ], [ 25637.055557023300935, 22083.91685303876875 ], [ 25637.047139673682977, 22083.911807873566431 ], [ 25637.038268343236268, 22083.90761204674709 ], [ 25637.029028467724856, 22083.904305966425454 ], [ 25637.019509032201313, 22083.901921471959213 ], [ 25637.009801714033529, 22083.900481527332886 ], [ 25637.0, 22083.900000000001455 ], [ 25614.04272896054681, 22083.900000000001455 ], [ 25592.072264185713721, 22060.930877735401737 ], [ 25592.064930073833239, 22060.923946824445011 ], [ 25592.056934800282761, 22060.917790338058694 ], [ 25592.048359778316808, 22060.912470965726243 ], [ 25592.039292324570852, 22060.908042872870283 ], [ 25592.029824769953848, 22060.904551149313193 ], [ 25592.020053519478097, 22060.902031350135076 ], [ 25592.010078070587042, 22060.900509133618471 ], [ 25592.0, 22060.900000000001455 ], [ 25569.04142135623988, 22060.900000000001455 ], [ 25524.070710678119212, 22015.929289321880788 ], [ 25524.06343932841628, 22015.922698954662337 ], [ 25524.055557023300935, 22015.91685303876875 ], [ 25524.047139673682977, 22015.911807873566431 ], [ 25524.038268343236268, 22015.90761204674709 ], [ 25524.029028467724856, 22015.904305966425454 ], [ 25524.019509032201313, 22015.901921471959213 ], [ 25524.009801714033529, 22015.900481527332886 ], [ 25524.0, 22015.900000000001455 ], [ 25502.040125731480657, 22015.900000000001455 ], [ 25479.069122264598263, 21993.927735814286279 ], [ 25479.061924606099637, 21993.921480300818075 ], [ 25479.05416381924806, 21993.915938827725768 ], [ 25479.045910478886071, 21993.911161787902529 ], [ 25479.03723963901939, 21993.907192622675211 ], [ 25479.028230150302988, 21993.904067426730762 ], [ 25479.018963942991832, 21993.901814619894139 ], [ 25479.00952528187554, 21993.900454688682657 ], [ 25479.0, 21993.900000000001455 ], [ 25457.04142135623988, 21993.900000000001455 ], [ 25412.070710678119212, 21948.929289321880788 ], [ 25412.06343932841628, 21948.922698954662337 ], [ 25412.055557023300935, 21948.91685303876875 ], [ 25412.047139673682977, 21948.911807873566431 ], [ 25412.038268343236268, 21948.90761204674709 ], [ 25412.029028467724856, 21948.904305966425454 ], [ 25412.019509032201313, 21948.901921471959213 ], [ 25412.009801714033529, 21948.900481527332886 ], [ 25412.0, 21948.900000000001455 ], [ 25389.04272896054681, 21948.900000000001455 ], [ 25367.072264185713721, 21925.930877735401737 ], [ 25367.064930073833239, 21925.923946824445011 ], [ 25367.056934800282761, 21925.917790338058694 ], [ 25367.048359778316808, 21925.912470965726243 ], [ 25367.039292324570852, 21925.908042872870283 ], [ 25367.029824769953848, 21925.904551149313193 ], [ 25367.020053519478097, 21925.902031350135076 ], [ 25367.010078070587042, 21925.900509133618471 ], [ 25367.0, 21925.900000000001455 ], [ 25344.04142135623988, 21925.900000000001455 ], [ 25299.070710678119212, 21880.929289321880788 ], [ 25299.06343932841628, 21880.922698954662337 ], [ 25299.055557023300935, 21880.91685303876875 ], [ 25299.047139673682977, 21880.911807873566431 ], [ 25299.038268343236268, 21880.90761204674709 ], [ 25299.029028467724856, 21880.904305966425454 ], [ 25299.019509032201313, 21880.901921471959213 ], [ 25299.009801714033529, 21880.900481527332886 ], [ 25299.0, 21880.900000000001455 ], [ 25277.040125731480657, 21880.900000000001455 ], [ 25254.069122264598263, 21858.927735814286279 ], [ 25254.061924606099637, 21858.921480300818075 ], [ 25254.05416381924806, 21858.915938827725768 ], [ 25254.045910478886071, 21858.911161787902529 ], [ 25254.03723963901939, 21858.907192622675211 ], [ 25254.028230150302988, 21858.904067426730762 ], [ 25254.018963942991832, 21858.901814619894139 ], [ 25254.00952528187554, 21858.900454688682657 ], [ 25254.0, 21858.900000000001455 ], [ 25209.04272896054681, 21858.900000000001455 ], [ 25187.099999999998545, 21835.959874268519343 ], [ 25187.099999999998545, 21814.0 ], [ 25187.099518472667114, 21813.990198285966471 ], [ 25187.098078528040787, 21813.980490967798687 ], [ 25187.095694033574546, 21813.970971532275144 ], [ 25187.09238795325291, 21813.961731656763732 ], [ 25187.088192126433569, 21813.952860326317023 ], [ 25187.08314696123125, 21813.944442976699065 ], [ 25187.077301045337663, 21813.93656067158372 ], [ 25187.070710678119212, 21813.929289321880788 ], [ 25164.070710678119212, 21790.929289321880788 ], [ 25164.06343932841628, 21790.922698954662337 ], [ 25164.055557023300935, 21790.91685303876875 ], [ 25164.047139673682977, 21790.911807873566431 ], [ 25164.038268343236268, 21790.90761204674709 ], [ 25164.029028467724856, 21790.904305966425454 ], [ 25164.019509032201313, 21790.901921471959213 ], [ 25164.009801714033529, 21790.900481527332886 ], [ 25164.0, 21790.900000000001455 ], [ 25142.04142135623988, 21790.900000000001455 ], [ 25075.070710678119212, 21723.929289321880788 ], [ 25075.06343932841628, 21723.922698954662337 ], [ 25075.055557023300935, 21723.91685303876875 ], [ 25075.047139673682977, 21723.911807873566431 ], [ 25075.038268343236268, 21723.90761204674709 ], [ 25075.029028467724856, 21723.904305966425454 ], [ 25075.019509032201313, 21723.901921471959213 ], [ 25075.009801714033529, 21723.900481527332886 ], [ 25075.0, 21723.900000000001455 ], [ 25052.04272896054681, 21723.900000000001455 ], [ 25030.072264185713721, 21700.930877735401737 ], [ 25030.069122264598263, 21700.927735814286279 ], [ 25007.0707281353898, 21678.9292718646102 ], [ 24985.072264185713721, 21655.930877735401737 ], [ 24985.069122264598263, 21655.927735814286279 ], [ 24962.069122264598263, 21633.927735814286279 ], [ 24962.061924606099637, 21633.921480300818075 ], [ 24962.05416381924806, 21633.915938827725768 ], [ 24962.045910478886071, 21633.911161787902529 ], [ 24962.03723963901939, 21633.907192622675211 ], [ 24962.028230150302988, 21633.904067426730762 ], [ 24962.018963942991832, 21633.901814619894139 ], [ 24962.00952528187554, 21633.900454688682657 ], [ 24962.0, 21633.900000000001455 ], [ 24940.04142135623988, 21633.900000000001455 ], [ 24895.070710678119212, 21588.929289321880788 ], [ 24895.06343932841628, 21588.922698954662337 ], [ 24895.055557023300935, 21588.91685303876875 ], [ 24895.047139673682977, 21588.911807873566431 ], [ 24895.038268343236268, 21588.90761204674709 ], [ 24895.029028467724856, 21588.904305966425454 ], [ 24895.019509032201313, 21588.901921471959213 ], [ 24895.009801714033529, 21588.900481527332886 ], [ 24895.0, 21588.900000000001455 ], [ 24872.04272896054681, 21588.900000000001455 ], [ 24850.072264185713721, 21565.930877735401737 ], [ 24850.069122264598263, 21565.927735814286279 ], [ 24827.069122264598263, 21543.927735814286279 ], [ 24827.061924606099637, 21543.921480300818075 ], [ 24827.05416381924806, 21543.915938827725768 ], [ 24827.045910478886071, 21543.911161787902529 ], [ 24827.03723963901939, 21543.907192622675211 ], [ 24827.028230150302988, 21543.904067426730762 ], [ 24827.018963942991832, 21543.901814619894139 ], [ 24827.00952528187554, 21543.900454688682657 ], [ 24827.0, 21543.900000000001455 ], [ 24805.04142135623988, 21543.900000000001455 ], [ 24760.070710678119212, 21498.929289321880788 ], [ 24760.06343932841628, 21498.922698954662337 ], [ 24760.055557023300935, 21498.91685303876875 ], [ 24760.047139673682977, 21498.911807873566431 ], [ 24760.038268343236268, 21498.90761204674709 ], [ 24760.029028467724856, 21498.904305966425454 ], [ 24760.019509032201313, 21498.901921471959213 ], [ 24760.009801714033529, 21498.900481527332886 ], [ 24760.0, 21498.900000000001455 ], [ 24737.04272896054681, 21498.900000000001455 ], [ 24715.072264185713721, 21475.930877735401737 ], [ 24715.064930073833239, 21475.923946824445011 ], [ 24715.056934800282761, 21475.917790338058694 ], [ 24715.048359778316808, 21475.912470965726243 ], [ 24715.039292324570852, 21475.908042872870283 ], [ 24715.029824769953848, 21475.904551149313193 ], [ 24715.020053519478097, 21475.902031350135076 ], [ 24715.010078070587042, 21475.900509133618471 ], [ 24715.0, 21475.900000000001455 ], [ 24692.04142135623988, 21475.900000000001455 ], [ 24647.070710678119212, 21430.929289321880788 ], [ 24647.06343932841628, 21430.922698954662337 ], [ 24647.055557023300935, 21430.91685303876875 ], [ 24647.047139673682977, 21430.911807873566431 ], [ 24647.038268343236268, 21430.90761204674709 ], [ 24647.029028467724856, 21430.904305966425454 ], [ 24647.019509032201313, 21430.901921471959213 ], [ 24647.009801714033529, 21430.900481527332886 ], [ 24647.0, 21430.900000000001455 ], [ 24625.040125731480657, 21430.900000000001455 ], [ 24602.0707281353898, 21408.9292718646102 ], [ 24580.072264185713721, 21385.930877735401737 ], [ 24580.069122264598263, 21385.927735814286279 ], [ 24557.069122264598263, 21363.927735814286279 ], [ 24557.061924606099637, 21363.921480300818075 ], [ 24557.05416381924806, 21363.915938827725768 ], [ 24557.045910478886071, 21363.911161787902529 ], [ 24557.03723963901939, 21363.907192622675211 ], [ 24557.028230150302988, 21363.904067426730762 ], [ 24557.018963942991832, 21363.901814619894139 ], [ 24557.00952528187554, 21363.900454688682657 ], [ 24557.0, 21363.900000000001455 ], [ 24535.04142135623988, 21363.900000000001455 ], [ 24467.070710678119212, 21295.929289321880788 ], [ 24467.06343932841628, 21295.922698954662337 ], [ 24467.055557023300935, 21295.91685303876875 ], [ 24467.047139673682977, 21295.911807873566431 ], [ 24467.038268343236268, 21295.90761204674709 ], [ 24467.029028467724856, 21295.904305966425454 ], [ 24467.019509032201313, 21295.901921471959213 ], [ 24467.009801714033529, 21295.900481527332886 ], [ 24467.0, 21295.900000000001455 ], [ 24445.040125731480657, 21295.900000000001455 ], [ 24422.0707281353898, 21273.9292718646102 ], [ 24400.072264185713721, 21250.930877735401737 ], [ 24400.069122264598263, 21250.927735814286279 ], [ 24377.069122264598263, 21228.927735814286279 ], [ 24377.061924606099637, 21228.921480300818075 ], [ 24377.05416381924806, 21228.915938827725768 ], [ 24377.045910478886071, 21228.911161787902529 ], [ 24377.03723963901939, 21228.907192622675211 ], [ 24377.028230150302988, 21228.904067426730762 ], [ 24377.018963942991832, 21228.901814619894139 ], [ 24377.00952528187554, 21228.900454688682657 ], [ 24377.0, 21228.900000000001455 ], [ 24355.04142135623988, 21228.900000000001455 ], [ 24265.070710678119212, 21138.929289321880788 ], [ 24265.06343932841628, 21138.922698954662337 ], [ 24265.055557023300935, 21138.91685303876875 ], [ 24265.047139673682977, 21138.911807873566431 ], [ 24265.038268343236268, 21138.90761204674709 ], [ 24265.029028467724856, 21138.904305966425454 ], [ 24265.019509032201313, 21138.901921471959213 ], [ 24265.009801714033529, 21138.900481527332886 ], [ 24265.0, 21138.900000000001455 ], [ 24242.04272896054681, 21138.900000000001455 ], [ 24220.072264185713721, 21115.930877735401737 ], [ 24220.069122264598263, 21115.927735814286279 ], [ 24197.069925100906403, 21093.928503744667978 ], [ 24152.070710678119212, 21048.929289321880788 ], [ 24152.06343932841628, 21048.922698954662337 ], [ 24152.055557023300935, 21048.91685303876875 ], [ 24152.047139673682977, 21048.911807873566431 ], [ 24152.038268343236268, 21048.90761204674709 ], [ 24152.029028467724856, 21048.904305966425454 ], [ 24152.019509032201313, 21048.901921471959213 ], [ 24152.009801714033529, 21048.900481527332886 ], [ 24152.0, 21048.900000000001455 ], [ 24130.04142135623988, 21048.900000000001455 ], [ 24040.070710678119212, 20958.929289321880788 ], [ 24040.06343932841628, 20958.922698954662337 ], [ 24040.055557023300935, 20958.91685303876875 ], [ 24040.047139673682977, 20958.911807873566431 ], [ 24040.038268343236268, 20958.90761204674709 ], [ 24040.029028467724856, 20958.904305966425454 ], [ 24040.019509032201313, 20958.901921471959213 ], [ 24040.009801714033529, 20958.900481527332886 ], [ 24040.0, 20958.900000000001455 ], [ 24018.040125731480657, 20958.900000000001455 ], [ 23995.0707281353898, 20936.9292718646102 ], [ 23973.072264185713721, 20913.930877735401737 ], [ 23973.069122264598263, 20913.927735814286279 ], [ 23950.0707281353898, 20891.9292718646102 ], [ 23928.072264185713721, 20868.930877735401737 ], [ 23928.069122264598263, 20868.927735814286279 ], [ 23905.069122264598263, 20846.927735814286279 ], [ 23905.061924606099637, 20846.921480300818075 ], [ 23905.05416381924806, 20846.915938827725768 ], [ 23905.045910478886071, 20846.911161787902529 ], [ 23905.03723963901939, 20846.907192622675211 ], [ 23905.028230150302988, 20846.904067426730762 ], [ 23905.018963942991832, 20846.901814619894139 ], [ 23905.00952528187554, 20846.900454688682657 ], [ 23905.0, 20846.900000000001455 ], [ 23883.04142135623988, 20846.900000000001455 ], [ 23815.070710678119212, 20778.929289321880788 ], [ 23815.06343932841628, 20778.922698954662337 ], [ 23815.055557023300935, 20778.91685303876875 ], [ 23815.047139673682977, 20778.911807873566431 ], [ 23815.038268343236268, 20778.90761204674709 ], [ 23815.029028467724856, 20778.904305966425454 ], [ 23815.019509032201313, 20778.901921471959213 ], [ 23815.009801714033529, 20778.900481527332886 ], [ 23815.0, 20778.900000000001455 ], [ 23793.040125731480657, 20778.900000000001455 ], [ 23770.0707281353898, 20756.9292718646102 ], [ 23748.072264185713721, 20733.930877735401737 ], [ 23748.069122264598263, 20733.927735814286279 ], [ 23725.0707281353898, 20711.9292718646102 ], [ 23703.072264185713721, 20688.930877735401737 ], [ 23703.064930073833239, 20688.923946824445011 ], [ 23703.056934800282761, 20688.917790338058694 ], [ 23703.048359778316808, 20688.912470965726243 ], [ 23703.039292324570852, 20688.908042872870283 ], [ 23703.029824769953848, 20688.904551149313193 ], [ 23703.020053519478097, 20688.902031350135076 ], [ 23703.010078070587042, 20688.900509133618471 ], [ 23703.0, 20688.900000000001455 ], [ 23680.04142135623988, 20688.900000000001455 ], [ 23613.070710678119212, 20621.929289321880788 ], [ 23613.06343932841628, 20621.922698954662337 ], [ 23613.055557023300935, 20621.91685303876875 ], [ 23613.047139673682977, 20621.911807873566431 ], [ 23613.038268343236268, 20621.90761204674709 ], [ 23613.029028467724856, 20621.904305966425454 ], [ 23613.019509032201313, 20621.901921471959213 ], [ 23613.009801714033529, 20621.900481527332886 ], [ 23613.0, 20621.900000000001455 ], [ 23590.04272896054681, 20621.900000000001455 ], [ 23568.072264185713721, 20598.930877735401737 ], [ 23568.069122264598263, 20598.927735814286279 ], [ 23545.0707281353898, 20576.9292718646102 ], [ 23523.072264185713721, 20553.930877735401737 ], [ 23523.064930073833239, 20553.923946824445011 ], [ 23523.056934800282761, 20553.917790338058694 ], [ 23523.048359778316808, 20553.912470965726243 ], [ 23523.039292324570852, 20553.908042872870283 ], [ 23523.029824769953848, 20553.904551149313193 ], [ 23523.020053519478097, 20553.902031350135076 ], [ 23523.010078070587042, 20553.900509133618471 ], [ 23523.0, 20553.900000000001455 ], [ 23500.04142135623988, 20553.900000000001455 ], [ 23455.070710678119212, 20508.929289321880788 ], [ 23455.06343932841628, 20508.922698954662337 ], [ 23455.055557023300935, 20508.91685303876875 ], [ 23455.047139673682977, 20508.911807873566431 ], [ 23455.038268343236268, 20508.90761204674709 ], [ 23455.029028467724856, 20508.904305966425454 ], [ 23455.019509032201313, 20508.901921471959213 ], [ 23455.009801714033529, 20508.900481527332886 ], [ 23455.0, 20508.900000000001455 ], [ 23433.040125731480657, 20508.900000000001455 ], [ 23410.0707281353898, 20486.9292718646102 ], [ 23388.072264185713721, 20463.930877735401737 ], [ 23388.069122264598263, 20463.927735814286279 ], [ 23365.069122264598263, 20441.927735814286279 ], [ 23365.061924606099637, 20441.921480300818075 ], [ 23365.05416381924806, 20441.915938827725768 ], [ 23365.045910478886071, 20441.911161787902529 ], [ 23365.03723963901939, 20441.907192622675211 ], [ 23365.028230150302988, 20441.904067426730762 ], [ 23365.018963942991832, 20441.901814619894139 ], [ 23365.00952528187554, 20441.900454688682657 ], [ 23365.0, 20441.900000000001455 ], [ 23343.04142135623988, 20441.900000000001455 ], [ 23275.070710678119212, 20373.929289321880788 ], [ 23275.06343932841628, 20373.922698954662337 ], [ 23275.055557023300935, 20373.91685303876875 ], [ 23275.047139673682977, 20373.911807873566431 ], [ 23275.038268343236268, 20373.90761204674709 ], [ 23275.029028467724856, 20373.904305966425454 ], [ 23275.019509032201313, 20373.901921471959213 ], [ 23275.009801714033529, 20373.900481527332886 ], [ 23275.0, 20373.900000000001455 ], [ 23253.040125731480657, 20373.900000000001455 ], [ 23230.0707281353898, 20351.9292718646102 ], [ 23208.072264185713721, 20328.930877735401737 ], [ 23208.064930073833239, 20328.923946824445011 ], [ 23208.056934800282761, 20328.917790338058694 ], [ 23208.048359778316808, 20328.912470965726243 ], [ 23208.039292324570852, 20328.908042872870283 ], [ 23208.029824769953848, 20328.904551149313193 ], [ 23208.020053519478097, 20328.902031350135076 ], [ 23208.010078070587042, 20328.900509133618471 ], [ 23208.0, 20328.900000000001455 ], [ 23185.04142135623988, 20328.900000000001455 ], [ 23118.070710678119212, 20261.929289321880788 ], [ 23118.06343932841628, 20261.922698954662337 ], [ 23118.055557023300935, 20261.91685303876875 ], [ 23118.047139673682977, 20261.911807873566431 ], [ 23118.038268343236268, 20261.90761204674709 ], [ 23118.029028467724856, 20261.904305966425454 ], [ 23118.019509032201313, 20261.901921471959213 ], [ 23118.009801714033529, 20261.900481527332886 ], [ 23118.0, 20261.900000000001455 ], [ 23096.04142135623988, 20261.900000000001455 ], [ 23006.070710678119212, 20171.929289321880788 ], [ 23006.06343932841628, 20171.922698954662337 ], [ 23006.055557023300935, 20171.91685303876875 ], [ 23006.047139673682977, 20171.911807873566431 ], [ 23006.038268343236268, 20171.90761204674709 ], [ 23006.029028467724856, 20171.904305966425454 ], [ 23006.019509032201313, 20171.901921471959213 ], [ 23006.009801714033529, 20171.900481527332886 ], [ 23006.0, 20171.900000000001455 ], [ 22983.04272896054681, 20171.900000000001455 ], [ 22961.072264185713721, 20148.930877735401737 ], [ 22961.069122264598263, 20148.927735814286279 ], [ 22938.0707281353898, 20126.9292718646102 ], [ 22916.072264185713721, 20103.930877735401737 ], [ 22916.064930073833239, 20103.923946824445011 ], [ 22916.056934800282761, 20103.917790338058694 ], [ 22916.048359778316808, 20103.912470965726243 ], [ 22916.039292324570852, 20103.908042872870283 ], [ 22916.029824769953848, 20103.904551149313193 ], [ 22916.020053519478097, 20103.902031350135076 ], [ 22916.010078070587042, 20103.900509133618471 ], [ 22916.0, 20103.900000000001455 ], [ 22893.04142135623988, 20103.900000000001455 ], [ 22871.070710678119212, 20081.929289321880788 ], [ 22871.069122264598263, 20081.927735814286279 ], [ 22848.0707281353898, 20059.9292718646102 ], [ 22826.072264185713721, 20036.930877735401737 ], [ 22826.069122264598263, 20036.927735814286279 ], [ 22803.069122264598263, 20014.927735814286279 ], [ 22803.061924606099637, 20014.921480300818075 ], [ 22803.05416381924806, 20014.915938827725768 ], [ 22803.045910478886071, 20014.911161787902529 ], [ 22803.03723963901939, 20014.907192622675211 ], [ 22803.028230150302988, 20014.904067426730762 ], [ 22803.018963942991832, 20014.901814619894139 ], [ 22803.00952528187554, 20014.900454688682657 ], [ 22803.0, 20014.900000000001455 ], [ 22781.04142135623988, 20014.900000000001455 ], [ 22736.070710678119212, 19969.929289321880788 ], [ 22736.06343932841628, 19969.922698954662337 ], [ 22736.055557023300935, 19969.91685303876875 ], [ 22736.047139673682977, 19969.911807873566431 ], [ 22736.038268343236268, 19969.90761204674709 ], [ 22736.029028467724856, 19969.904305966425454 ], [ 22736.019509032201313, 19969.901921471959213 ], [ 22736.009801714033529, 19969.900481527332886 ], [ 22736.0, 19969.900000000001455 ], [ 22713.04272896054681, 19969.900000000001455 ], [ 22691.072264185713721, 19946.930877735401737 ], [ 22691.069122264598263, 19946.927735814286279 ], [ 22668.0707281353898, 19924.9292718646102 ], [ 22646.072264185713721, 19901.930877735401737 ], [ 22646.064930073833239, 19901.923946824445011 ], [ 22646.056934800282761, 19901.917790338058694 ], [ 22646.048359778316808, 19901.912470965726243 ], [ 22646.039292324570852, 19901.908042872870283 ], [ 22646.029824769953848, 19901.904551149313193 ], [ 22646.020053519478097, 19901.902031350135076 ], [ 22646.010078070587042, 19901.900509133618471 ], [ 22646.0, 19901.900000000001455 ], [ 22623.04142135623988, 19901.900000000001455 ], [ 22578.070710678119212, 19856.929289321880788 ], [ 22578.06343932841628, 19856.922698954662337 ], [ 22578.055557023300935, 19856.91685303876875 ], [ 22578.047139673682977, 19856.911807873566431 ], [ 22578.038268343236268, 19856.90761204674709 ], [ 22578.029028467724856, 19856.904305966425454 ], [ 22578.019509032201313, 19856.901921471959213 ], [ 22578.009801714033529, 19856.900481527332886 ], [ 22578.0, 19856.900000000001455 ], [ 22556.040125731480657, 19856.900000000001455 ], [ 22533.0707281353898, 19834.9292718646102 ], [ 22511.072264185713721, 19811.930877735401737 ], [ 22511.069122264598263, 19811.927735814286279 ], [ 22488.0707281353898, 19789.9292718646102 ], [ 22466.072264185713721, 19766.930877735401737 ], [ 22466.064930073833239, 19766.923946824445011 ], [ 22466.056934800282761, 19766.917790338058694 ], [ 22466.048359778316808, 19766.912470965726243 ], [ 22466.039292324570852, 19766.908042872870283 ], [ 22466.029824769953848, 19766.904551149313193 ], [ 22466.020053519478097, 19766.902031350135076 ], [ 22466.010078070587042, 19766.900509133618471 ], [ 22466.0, 19766.900000000001455 ], [ 22443.04142135623988, 19766.900000000001455 ], [ 22421.070710678119212, 19744.929289321880788 ], [ 22421.06343932841628, 19744.922698954662337 ], [ 22421.055557023300935, 19744.91685303876875 ], [ 22421.047139673682977, 19744.911807873566431 ], [ 22421.038268343236268, 19744.90761204674709 ], [ 22421.029028467724856, 19744.904305966425454 ], [ 22421.019509032201313, 19744.901921471959213 ], [ 22421.009801714033529, 19744.900481527332886 ], [ 22421.0, 19744.900000000001455 ], [ 22398.04272896054681, 19744.900000000001455 ], [ 22376.072264185713721, 19721.930877735401737 ], [ 22376.069122264598263, 19721.927735814286279 ], [ 22353.0707281353898, 19699.9292718646102 ], [ 22331.072264185713721, 19676.930877735401737 ], [ 22331.064930073833239, 19676.923946824445011 ], [ 22331.056934800282761, 19676.917790338058694 ], [ 22331.048359778316808, 19676.912470965726243 ], [ 22331.039292324570852, 19676.908042872870283 ], [ 22331.029824769953848, 19676.904551149313193 ], [ 22331.020053519478097, 19676.902031350135076 ], [ 22331.010078070587042, 19676.900509133618471 ], [ 22331.0, 19676.900000000001455 ], [ 22308.04142135623988, 19676.900000000001455 ], [ 22263.070710678119212, 19631.929289321880788 ], [ 22263.06343932841628, 19631.922698954662337 ], [ 22263.055557023300935, 19631.91685303876875 ], [ 22263.047139673682977, 19631.911807873566431 ], [ 22263.038268343236268, 19631.90761204674709 ], [ 22263.029028467724856, 19631.904305966425454 ], [ 22263.019509032201313, 19631.901921471959213 ], [ 22263.009801714033529, 19631.900481527332886 ], [ 22263.0, 19631.900000000001455 ], [ 22241.040125731480657, 19631.900000000001455 ], [ 22218.0707281353898, 19609.9292718646102 ], [ 22196.072264185713721, 19586.930877735401737 ], [ 22196.064930073833239, 19586.923946824445011 ], [ 22196.056934800282761, 19586.917790338058694 ], [ 22196.048359778316808, 19586.912470965726243 ], [ 22196.039292324570852, 19586.908042872870283 ], [ 22196.029824769953848, 19586.904551149313193 ], [ 22196.020053519478097, 19586.902031350135076 ], [ 22196.010078070587042, 19586.900509133618471 ], [ 22196.0, 19586.900000000001455 ], [ 22173.04142135623988, 19586.900000000001455 ], [ 22106.071496255332022, 19519.930074899093597 ], [ 22084.099999999998545, 19496.959874268519343 ], [ 22084.099999999998545, 19475.0 ], [ 22084.099518472667114, 19474.990198285966471 ], [ 22084.098078528040787, 19474.980490967798687 ], [ 22084.095694033574546, 19474.970971532275144 ], [ 22084.09238795325291, 19474.961731656763732 ], [ 22084.088192126433569, 19474.952860326317023 ], [ 22084.08314696123125, 19474.944442976699065 ], [ 22084.077301045337663, 19474.93656067158372 ], [ 22084.070710678119212, 19474.929289321880788 ], [ 22061.099999999998545, 19451.95857864376012 ], [ 22061.099999999998545, 19430.0 ], [ 22061.099545311317343, 19429.99047471812446 ], [ 22061.098185380105861, 19429.981036057008168 ], [ 22061.095932573269238, 19429.971769849697012 ], [ 22061.092807377324789, 19429.96276036098061 ], [ 22061.088838212097471, 19429.954089521113929 ], [ 22061.084061172274232, 19429.94583618075194 ], [ 22061.078519699181925, 19429.938075393900363 ], [ 22061.072264185713721, 19429.930877735401737 ], [ 22039.099999999998545, 19406.959874268519343 ], [ 22039.099999999998545, 19385.0 ], [ 22039.099518472667114, 19384.990198285966471 ], [ 22039.098078528040787, 19384.980490967798687 ], [ 22039.095694033574546, 19384.970971532275144 ], [ 22039.09238795325291, 19384.961731656763732 ], [ 22039.088192126433569, 19384.952860326317023 ], [ 22039.08314696123125, 19384.944442976699065 ], [ 22039.077301045337663, 19384.93656067158372 ], [ 22039.070710678119212, 19384.929289321880788 ], [ 22016.099999999998545, 19361.95857864376012 ], [ 22016.099999999998545, 19340.0 ], [ 22016.099545311317343, 19339.99047471812446 ], [ 22016.098185380105861, 19339.981036057008168 ], [ 22016.095932573269238, 19339.971769849697012 ], [ 22016.092807377324789, 19339.96276036098061 ], [ 22016.088838212097471, 19339.954089521113929 ], [ 22016.084061172274232, 19339.94583618075194 ], [ 22016.078519699181925, 19339.938075393900363 ], [ 22016.072264185713721, 19339.930877735401737 ], [ 21994.072264185713721, 19316.930877735401737 ], [ 21994.069122264598263, 19316.927735814286279 ], [ 21971.099999999998545, 19294.95727103945319 ], [ 21971.099999999998545, 19272.04272896054681 ], [ 21993.998446108867938, 19250.139867465106363 ], [ 22015.929289321880788, 19272.070710678119212 ], [ 22015.93656067158372, 19272.077301045337663 ], [ 22015.944442976699065, 19272.08314696123125 ], [ 22015.952860326317023, 19272.088192126433569 ], [ 22015.961731656763732, 19272.09238795325291 ], [ 22015.970971532275144, 19272.095694033574546 ], [ 22015.980490967798687, 19272.098078528040787 ], [ 22015.990198285966471, 19272.099518472667114 ], [ 22016.0, 19272.099999999998545 ], [ 22039.0, 19272.099999999998545 ], [ 22039.009801714033529, 19272.099518472667114 ], [ 22039.019509032201313, 19272.098078528040787 ], [ 22039.029028467724856, 19272.095694033574546 ], [ 22039.038268343236268, 19272.09238795325291 ], [ 22039.047139673682977, 19272.088192126433569 ], [ 22039.055557023300935, 19272.08314696123125 ], [ 22039.06343932841628, 19272.077301045337663 ], [ 22039.070710678119212, 19272.070710678119212 ], [ 22061.04142135623988, 19250.099999999998545 ], [ 22084.0, 19250.099999999998545 ], [ 22084.009801714033529, 19250.099518472667114 ], [ 22084.019509032201313, 19250.098078528040787 ], [ 22084.029028467724856, 19250.095694033574546 ], [ 22084.038268343236268, 19250.09238795325291 ], [ 22084.047139673682977, 19250.088192126433569 ], [ 22084.055557023300935, 19250.08314696123125 ], [ 22084.06343932841628, 19250.077301045337663 ], [ 22084.070710678119212, 19250.070710678119212 ], [ 22084.077301045337663, 19250.06343932841628 ], [ 22084.08314696123125, 19250.055557023300935 ], [ 22084.088192126433569, 19250.047139673682977 ], [ 22084.09238795325291, 19250.038268343236268 ], [ 22084.095694033574546, 19250.029028467724856 ], [ 22084.098078528040787, 19250.019509032201313 ], [ 22084.099518472667114, 19250.009801714033529 ], [ 22084.099999999998545, 19250.0 ], [ 22084.099999999998545, 19227.04142135623988 ], [ 22106.070710678119212, 19205.070710678119212 ], [ 22106.077301045337663, 19205.06343932841628 ], [ 22106.08314696123125, 19205.055557023300935 ], [ 22106.088192126433569, 19205.047139673682977 ], [ 22106.09238795325291, 19205.038268343236268 ], [ 22106.095694033574546, 19205.029028467724856 ], [ 22106.098078528040787, 19205.019509032201313 ], [ 22106.099518472667114, 19205.009801714033529 ], [ 22106.099999999998545, 19205.0 ], [ 22106.099999999998545, 19160.0 ], [ 22106.099545311317343, 19159.99047471812446 ], [ 22106.098185380105861, 19159.981036057008168 ], [ 22106.095932573269238, 19159.971769849697012 ], [ 22106.092807377324789, 19159.96276036098061 ], [ 22106.088838212097471, 19159.954089521113929 ], [ 22106.084061172274232, 19159.94583618075194 ], [ 22106.078519699181925, 19159.938075393900363 ], [ 22106.072264185713721, 19159.930877735401737 ], [ 22084.072264185713721, 19136.930877735401737 ], [ 22084.069122264598263, 19136.927735814286279 ], [ 22061.069925100906403, 19114.928503744667978 ], [ 22039.070710678119212, 19092.929289321880788 ], [ 22039.06343932841628, 19092.922698954662337 ], [ 22039.055557023300935, 19092.91685303876875 ], [ 22039.047139673682977, 19092.911807873566431 ], [ 22039.038268343236268, 19092.90761204674709 ], [ 22039.029028467724856, 19092.904305966425454 ], [ 22039.019509032201313, 19092.901921471959213 ], [ 22039.009801714033529, 19092.900481527332886 ], [ 22039.0, 19092.900000000001455 ], [ 22016.04272896054681, 19092.900000000001455 ], [ 21994.072264185713721, 19069.930877735401737 ], [ 21994.064930073833239, 19069.923946824445011 ], [ 21994.056934800282761, 19069.917790338058694 ], [ 21994.048359778316808, 19069.912470965726243 ], [ 21994.039292324570852, 19069.908042872870283 ], [ 21994.029824769953848, 19069.904551149313193 ], [ 21994.020053519478097, 19069.902031350135076 ], [ 21994.010078070587042, 19069.900509133618471 ], [ 21994.0, 19069.900000000001455 ], [ 21971.04142135623988, 19069.900000000001455 ], [ 21949.099999999998545, 19047.95857864376012 ], [ 21949.099999999998545, 19025.0 ], [ 21949.099490866381529, 19024.989921929412958 ], [ 21949.097968649864924, 19024.979946480521903 ], [ 21949.095448850686807, 19024.970175230046152 ], [ 21949.091957127129717, 19024.960707675429148 ], [ 21949.087529034273757, 19024.951640221683192 ], [ 21949.082209661941306, 19024.943065199717239 ], [ 21949.076053175554989, 19024.935069926166761 ], [ 21949.069122264598263, 19024.927735814286279 ], [ 21926.0707281353898, 19002.9292718646102 ], [ 21904.072264185713721, 18979.930877735401737 ], [ 21904.069122264598263, 18979.927735814286279 ], [ 21881.0707281353898, 18957.9292718646102 ], [ 21859.099999999998545, 18934.959874268519343 ], [ 21859.099999999998545, 18890.0 ], [ 21859.099490866381529, 18889.989921929412958 ], [ 21859.097968649864924, 18889.979946480521903 ], [ 21859.095448850686807, 18889.970175230046152 ], [ 21859.091957127129717, 18889.960707675429148 ], [ 21859.087529034273757, 18889.951640221683192 ], [ 21859.082209661941306, 18889.943065199717239 ], [ 21859.076053175554989, 18889.935069926166761 ], [ 21859.069122264598263, 18889.927735814286279 ], [ 21836.0707281353898, 18867.9292718646102 ], [ 21814.099999999998545, 18844.959874268519343 ], [ 21814.099999999998545, 18823.040125731480657 ], [ 21836.001588805673236, 18800.143010161911661 ], [ 21858.929289321880788, 18823.070710678119212 ], [ 21858.93656067158372, 18823.077301045337663 ], [ 21858.944442976699065, 18823.08314696123125 ], [ 21858.952860326317023, 18823.088192126433569 ], [ 21858.961731656763732, 18823.09238795325291 ], [ 21858.970971532275144, 18823.095694033574546 ], [ 21858.980490967798687, 18823.098078528040787 ], [ 21858.990198285966471, 18823.099518472667114 ], [ 21859.0, 18823.099999999998545 ], [ 21925.959874268519343, 18823.099999999998545 ], [ 21948.9292718646102, 18845.0707281353898 ], [ 21970.927735814286279, 18868.069122264598263 ], [ 21970.935069926166761, 18868.076053175554989 ], [ 21970.943065199717239, 18868.082209661941306 ], [ 21970.951640221683192, 18868.087529034273757 ], [ 21970.960707675429148, 18868.091957127129717 ], [ 21970.970175230046152, 18868.095448850686807 ], [ 21970.979946480521903, 18868.097968649864924 ], [ 21970.989921929412958, 18868.099490866381529 ], [ 21971.0, 18868.099999999998545 ], [ 21993.95857864376012, 18868.099999999998545 ], [ 22060.929289321880788, 18935.070710678119212 ], [ 22060.93656067158372, 18935.077301045337663 ], [ 22060.944442976699065, 18935.08314696123125 ], [ 22060.952860326317023, 18935.088192126433569 ], [ 22060.961731656763732, 18935.09238795325291 ], [ 22060.970971532275144, 18935.095694033574546 ], [ 22060.980490967798687, 18935.098078528040787 ], [ 22060.990198285966471, 18935.099518472667114 ], [ 22061.0, 18935.099999999998545 ], [ 22083.95727103945319, 18935.099999999998545 ], [ 22105.927735814286279, 18958.069122264598263 ], [ 22105.929289321880788, 18958.070710678119212 ], [ 22127.929289321880788, 18980.070710678119212 ], [ 22127.93656067158372, 18980.077301045337663 ], [ 22127.944442976699065, 18980.08314696123125 ], [ 22127.952860326317023, 18980.088192126433569 ], [ 22127.961731656763732, 18980.09238795325291 ], [ 22127.970971532275144, 18980.095694033574546 ], [ 22127.980490967798687, 18980.098078528040787 ], [ 22127.990198285966471, 18980.099518472667114 ], [ 22128.0, 18980.099999999998545 ], [ 22150.95727103945319, 18980.099999999998545 ], [ 22172.927735814286279, 19003.069122264598263 ], [ 22172.935069926166761, 19003.076053175554989 ], [ 22172.943065199717239, 19003.082209661941306 ], [ 22172.951640221683192, 19003.087529034273757 ], [ 22172.960707675429148, 19003.091957127129717 ], [ 22172.970175230046152, 19003.095448850686807 ], [ 22172.979946480521903, 19003.097968649864924 ], [ 22172.989921929412958, 19003.099490866381529 ], [ 22173.0, 19003.099999999998545 ], [ 22195.95857864376012, 19003.099999999998545 ], [ 22240.929289321880788, 19048.070710678119212 ], [ 22240.93656067158372, 19048.077301045337663 ], [ 22240.944442976699065, 19048.08314696123125 ], [ 22240.952860326317023, 19048.088192126433569 ], [ 22240.961731656763732, 19048.09238795325291 ], [ 22240.970971532275144, 19048.095694033574546 ], [ 22240.980490967798687, 19048.098078528040787 ], [ 22240.990198285966471, 19048.099518472667114 ], [ 22241.0, 19048.099999999998545 ], [ 22285.95857864376012, 19048.099999999998545 ], [ 22352.929289321880788, 19115.070710678119212 ], [ 22352.930877735401737, 19115.072264185713721 ], [ 22375.930877735401737, 19137.072264185713721 ], [ 22375.938075393900363, 19137.078519699181925 ], [ 22375.94583618075194, 19137.084061172274232 ], [ 22375.954089521113929, 19137.088838212097471 ], [ 22375.96276036098061, 19137.092807377324789 ], [ 22375.971769849697012, 19137.095932573269238 ], [ 22375.981036057008168, 19137.098185380105861 ], [ 22375.99047471812446, 19137.099545311317343 ], [ 22376.0, 19137.099999999998545 ], [ 22397.95857864376012, 19137.099999999998545 ], [ 22510.900000000001455, 19250.04142135623988 ], [ 22510.900000000001455, 19272.0 ], [ 22510.900454688682657, 19272.00952528187554 ], [ 22510.901814619894139, 19272.018963942991832 ], [ 22510.904067426730762, 19272.028230150302988 ], [ 22510.907192622675211, 19272.03723963901939 ], [ 22510.911161787902529, 19272.045910478886071 ], [ 22510.915938827725768, 19272.05416381924806 ], [ 22510.921480300818075, 19272.061924606099637 ], [ 22510.927735814286279, 19272.069122264598263 ], [ 22532.927735814286279, 19295.069122264598263 ], [ 22532.935069926166761, 19295.076053175554989 ], [ 22532.943065199717239, 19295.082209661941306 ], [ 22532.951640221683192, 19295.087529034273757 ], [ 22532.960707675429148, 19295.091957127129717 ], [ 22532.970175230046152, 19295.095448850686807 ], [ 22532.979946480521903, 19295.097968649864924 ], [ 22532.989921929412958, 19295.099490866381529 ], [ 22533.0, 19295.099999999998545 ], [ 22555.95857864376012, 19295.099999999998545 ], [ 22690.929289321880788, 19430.070710678119212 ], [ 22690.93656067158372, 19430.077301045337663 ], [ 22690.944442976699065, 19430.08314696123125 ], [ 22690.952860326317023, 19430.088192126433569 ], [ 22690.961731656763732, 19430.09238795325291 ], [ 22690.970971532275144, 19430.095694033574546 ], [ 22690.980490967798687, 19430.098078528040787 ], [ 22690.990198285966471, 19430.099518472667114 ], [ 22691.0, 19430.099999999998545 ], [ 22712.959874268519343, 19430.099999999998545 ], [ 22735.9292718646102, 19452.0707281353898 ], [ 22757.927735814286279, 19475.069122264598263 ], [ 22757.930877735401737, 19475.072264185713721 ], [ 22780.9292718646102, 19497.0707281353898 ], [ 22802.927735814286279, 19520.069122264598263 ], [ 22802.935069926166761, 19520.076053175554989 ], [ 22802.943065199717239, 19520.082209661941306 ], [ 22802.951640221683192, 19520.087529034273757 ], [ 22802.960707675429148, 19520.091957127129717 ], [ 22802.970175230046152, 19520.095448850686807 ], [ 22802.979946480521903, 19520.097968649864924 ], [ 22802.989921929412958, 19520.099490866381529 ], [ 22803.0, 19520.099999999998545 ], [ 22825.95857864376012, 19520.099999999998545 ], [ 22915.929289321880788, 19610.070710678119212 ], [ 22915.93656067158372, 19610.077301045337663 ], [ 22915.944442976699065, 19610.08314696123125 ], [ 22915.952860326317023, 19610.088192126433569 ], [ 22915.961731656763732, 19610.09238795325291 ], [ 22915.970971532275144, 19610.095694033574546 ], [ 22915.980490967798687, 19610.098078528040787 ], [ 22915.990198285966471, 19610.099518472667114 ], [ 22916.0, 19610.099999999998545 ], [ 22937.959874268519343, 19610.099999999998545 ], [ 22960.9292718646102, 19632.0707281353898 ], [ 22982.927735814286279, 19655.069122264598263 ], [ 22982.930877735401737, 19655.072264185713721 ], [ 23005.930877735401737, 19677.072264185713721 ], [ 23005.938075393900363, 19677.078519699181925 ], [ 23005.94583618075194, 19677.084061172274232 ], [ 23005.954089521113929, 19677.088838212097471 ], [ 23005.96276036098061, 19677.092807377324789 ], [ 23005.971769849697012, 19677.095932573269238 ], [ 23005.981036057008168, 19677.098185380105861 ], [ 23005.99047471812446, 19677.099545311317343 ], [ 23006.0, 19677.099999999998545 ], [ 23027.95857864376012, 19677.099999999998545 ], [ 23072.929289321880788, 19722.070710678119212 ], [ 23072.93656067158372, 19722.077301045337663 ], [ 23072.944442976699065, 19722.08314696123125 ], [ 23072.952860326317023, 19722.088192126433569 ], [ 23072.961731656763732, 19722.09238795325291 ], [ 23072.970971532275144, 19722.095694033574546 ], [ 23072.980490967798687, 19722.098078528040787 ], [ 23072.990198285966471, 19722.099518472667114 ], [ 23073.0, 19722.099999999998545 ], [ 23095.95727103945319, 19722.099999999998545 ], [ 23117.927735814286279, 19745.069122264598263 ], [ 23117.929289321880788, 19745.070710678119212 ], [ 23139.929289321880788, 19767.070710678119212 ], [ 23139.93656067158372, 19767.077301045337663 ], [ 23139.944442976699065, 19767.08314696123125 ], [ 23139.952860326317023, 19767.088192126433569 ], [ 23139.961731656763732, 19767.09238795325291 ], [ 23139.970971532275144, 19767.095694033574546 ], [ 23139.980490967798687, 19767.098078528040787 ], [ 23139.990198285966471, 19767.099518472667114 ], [ 23140.0, 19767.099999999998545 ], [ 23162.95727103945319, 19767.099999999998545 ], [ 23184.927735814286279, 19790.069122264598263 ], [ 23184.930877735401737, 19790.072264185713721 ], [ 23207.9292718646102, 19812.0707281353898 ], [ 23229.927735814286279, 19835.069122264598263 ], [ 23229.930877735401737, 19835.072264185713721 ], [ 23252.930877735401737, 19857.072264185713721 ], [ 23252.938075393900363, 19857.078519699181925 ], [ 23252.94583618075194, 19857.084061172274232 ], [ 23252.954089521113929, 19857.088838212097471 ], [ 23252.96276036098061, 19857.092807377324789 ], [ 23252.971769849697012, 19857.095932573269238 ], [ 23252.981036057008168, 19857.098185380105861 ], [ 23252.99047471812446, 19857.099545311317343 ], [ 23253.0, 19857.099999999998545 ], [ 23274.95857864376012, 19857.099999999998545 ], [ 23364.929289321880788, 19947.070710678119212 ], [ 23364.93656067158372, 19947.077301045337663 ], [ 23364.944442976699065, 19947.08314696123125 ], [ 23364.952860326317023, 19947.088192126433569 ], [ 23364.961731656763732, 19947.09238795325291 ], [ 23364.970971532275144, 19947.095694033574546 ], [ 23364.980490967798687, 19947.098078528040787 ], [ 23364.990198285966471, 19947.099518472667114 ], [ 23365.0, 19947.099999999998545 ], [ 23387.95727103945319, 19947.099999999998545 ], [ 23409.927735814286279, 19970.069122264598263 ], [ 23409.930877735401737, 19970.072264185713721 ], [ 23432.9292718646102, 19992.0707281353898 ], [ 23454.927735814286279, 20015.069122264598263 ], [ 23454.930877735401737, 20015.072264185713721 ], [ 23477.930877735401737, 20037.072264185713721 ], [ 23477.938075393900363, 20037.078519699181925 ], [ 23477.94583618075194, 20037.084061172274232 ], [ 23477.954089521113929, 20037.088838212097471 ], [ 23477.96276036098061, 20037.092807377324789 ], [ 23477.971769849697012, 20037.095932573269238 ], [ 23477.981036057008168, 20037.098185380105861 ], [ 23477.99047471812446, 20037.099545311317343 ], [ 23478.0, 20037.099999999998545 ], [ 23499.95857864376012, 20037.099999999998545 ], [ 23544.929289321880788, 20082.070710678119212 ], [ 23544.930877735401737, 20082.072264185713721 ], [ 23567.9292718646102, 20104.0707281353898 ], [ 23589.927735814286279, 20127.069122264598263 ], [ 23589.930877735401737, 20127.072264185713721 ], [ 23612.9292718646102, 20149.0707281353898 ], [ 23634.927735814286279, 20172.069122264598263 ], [ 23634.935069926166761, 20172.076053175554989 ], [ 23634.943065199717239, 20172.082209661941306 ], [ 23634.951640221683192, 20172.087529034273757 ], [ 23634.960707675429148, 20172.091957127129717 ], [ 23634.970175230046152, 20172.095448850686807 ], [ 23634.979946480521903, 20172.097968649864924 ], [ 23634.989921929412958, 20172.099490866381529 ], [ 23635.0, 20172.099999999998545 ], [ 23657.95857864376012, 20172.099999999998545 ], [ 23814.929289321880788, 20329.070710678119212 ], [ 23814.93656067158372, 20329.077301045337663 ], [ 23814.944442976699065, 20329.08314696123125 ], [ 23814.952860326317023, 20329.088192126433569 ], [ 23814.961731656763732, 20329.09238795325291 ], [ 23814.970971532275144, 20329.095694033574546 ], [ 23814.980490967798687, 20329.098078528040787 ], [ 23814.990198285966471, 20329.099518472667114 ], [ 23815.0, 20329.099999999998545 ], [ 23837.95727103945319, 20329.099999999998545 ], [ 23859.927735814286279, 20352.069122264598263 ], [ 23859.930877735401737, 20352.072264185713721 ], [ 23882.9292718646102, 20374.0707281353898 ], [ 23904.927735814286279, 20397.069122264598263 ], [ 23904.930877735401737, 20397.072264185713721 ], [ 23927.9292718646102, 20419.0707281353898 ], [ 23949.927735814286279, 20442.069122264598263 ], [ 23949.935069926166761, 20442.076053175554989 ], [ 23949.943065199717239, 20442.082209661941306 ], [ 23949.951640221683192, 20442.087529034273757 ], [ 23949.960707675429148, 20442.091957127129717 ], [ 23949.970175230046152, 20442.095448850686807 ], [ 23949.979946480521903, 20442.097968649864924 ], [ 23949.989921929412958, 20442.099490866381529 ], [ 23950.0, 20442.099999999998545 ], [ 23972.95857864376012, 20442.099999999998545 ], [ 24039.929289321880788, 20509.070710678119212 ], [ 24039.93656067158372, 20509.077301045337663 ], [ 24039.944442976699065, 20509.08314696123125 ], [ 24039.952860326317023, 20509.088192126433569 ], [ 24039.961731656763732, 20509.09238795325291 ], [ 24039.970971532275144, 20509.095694033574546 ], [ 24039.980490967798687, 20509.098078528040787 ], [ 24039.990198285966471, 20509.099518472667114 ], [ 24040.0, 20509.099999999998545 ], [ 24062.95727103945319, 20509.099999999998545 ], [ 24084.927735814286279, 20532.069122264598263 ], [ 24084.930877735401737, 20532.072264185713721 ], [ 24107.9292718646102, 20554.0707281353898 ], [ 24129.927735814286279, 20577.069122264598263 ], [ 24129.935069926166761, 20577.076053175554989 ], [ 24129.943065199717239, 20577.082209661941306 ], [ 24129.951640221683192, 20577.087529034273757 ], [ 24129.960707675429148, 20577.091957127129717 ], [ 24129.970175230046152, 20577.095448850686807 ], [ 24129.979946480521903, 20577.097968649864924 ], [ 24129.989921929412958, 20577.099490866381529 ], [ 24130.0, 20577.099999999998545 ], [ 24151.959874268519343, 20577.099999999998545 ], [ 24174.9292718646102, 20599.0707281353898 ], [ 24196.927735814286279, 20622.069122264598263 ], [ 24196.935069926166761, 20622.076053175554989 ], [ 24196.943065199717239, 20622.082209661941306 ], [ 24196.951640221683192, 20622.087529034273757 ], [ 24196.960707675429148, 20622.091957127129717 ], [ 24196.970175230046152, 20622.095448850686807 ], [ 24196.979946480521903, 20622.097968649864924 ], [ 24196.989921929412958, 20622.099490866381529 ], [ 24197.0, 20622.099999999998545 ], [ 24219.95857864376012, 20622.099999999998545 ], [ 24264.929289321880788, 20667.070710678119212 ], [ 24264.93656067158372, 20667.077301045337663 ], [ 24264.944442976699065, 20667.08314696123125 ], [ 24264.952860326317023, 20667.088192126433569 ], [ 24264.961731656763732, 20667.09238795325291 ], [ 24264.970971532275144, 20667.095694033574546 ], [ 24264.980490967798687, 20667.098078528040787 ], [ 24264.990198285966471, 20667.099518472667114 ], [ 24265.0, 20667.099999999998545 ], [ 24286.959874268519343, 20667.099999999998545 ], [ 24309.9292718646102, 20689.0707281353898 ], [ 24331.927735814286279, 20712.069122264598263 ], [ 24331.935069926166761, 20712.076053175554989 ], [ 24331.943065199717239, 20712.082209661941306 ], [ 24331.951640221683192, 20712.087529034273757 ], [ 24331.960707675429148, 20712.091957127129717 ], [ 24331.970175230046152, 20712.095448850686807 ], [ 24331.979946480521903, 20712.097968649864924 ], [ 24331.989921929412958, 20712.099490866381529 ], [ 24332.0, 20712.099999999998545 ], [ 24354.95857864376012, 20712.099999999998545 ], [ 24399.929289321880788, 20757.070710678119212 ], [ 24399.93656067158372, 20757.077301045337663 ], [ 24399.944442976699065, 20757.08314696123125 ], [ 24399.952860326317023, 20757.088192126433569 ], [ 24399.961731656763732, 20757.09238795325291 ], [ 24399.970971532275144, 20757.095694033574546 ], [ 24399.980490967798687, 20757.098078528040787 ], [ 24399.990198285966471, 20757.099518472667114 ], [ 24400.0, 20757.099999999998545 ], [ 24421.959874268519343, 20757.099999999998545 ], [ 24444.9292718646102, 20779.0707281353898 ], [ 24466.927735814286279, 20802.069122264598263 ], [ 24466.935069926166761, 20802.076053175554989 ], [ 24466.943065199717239, 20802.082209661941306 ], [ 24466.951640221683192, 20802.087529034273757 ], [ 24466.960707675429148, 20802.091957127129717 ], [ 24466.970175230046152, 20802.095448850686807 ], [ 24466.979946480521903, 20802.097968649864924 ], [ 24466.989921929412958, 20802.099490866381529 ], [ 24467.0, 20802.099999999998545 ], [ 24489.95857864376012, 20802.099999999998545 ], [ 24511.929289321880788, 20824.070710678119212 ], [ 24511.93656067158372, 20824.077301045337663 ], [ 24511.944442976699065, 20824.08314696123125 ], [ 24511.952860326317023, 20824.088192126433569 ], [ 24511.961731656763732, 20824.09238795325291 ], [ 24511.970971532275144, 20824.095694033574546 ], [ 24511.980490967798687, 20824.098078528040787 ], [ 24511.990198285966471, 20824.099518472667114 ], [ 24512.0, 20824.099999999998545 ], [ 24534.95727103945319, 20824.099999999998545 ], [ 24556.927735814286279, 20847.069122264598263 ], [ 24556.930877735401737, 20847.072264185713721 ], [ 24579.930877735401737, 20869.072264185713721 ], [ 24579.938075393900363, 20869.078519699181925 ], [ 24579.94583618075194, 20869.084061172274232 ], [ 24579.954089521113929, 20869.088838212097471 ], [ 24579.96276036098061, 20869.092807377324789 ], [ 24579.971769849697012, 20869.095932573269238 ], [ 24579.981036057008168, 20869.098185380105861 ], [ 24579.99047471812446, 20869.099545311317343 ], [ 24580.0, 20869.099999999998545 ], [ 24601.95857864376012, 20869.099999999998545 ], [ 24646.929289321880788, 20914.070710678119212 ], [ 24646.93656067158372, 20914.077301045337663 ], [ 24646.944442976699065, 20914.08314696123125 ], [ 24646.952860326317023, 20914.088192126433569 ], [ 24646.961731656763732, 20914.09238795325291 ], [ 24646.970971532275144, 20914.095694033574546 ], [ 24646.980490967798687, 20914.098078528040787 ], [ 24646.990198285966471, 20914.099518472667114 ], [ 24647.0, 20914.099999999998545 ], [ 24669.95727103945319, 20914.099999999998545 ], [ 24691.927735814286279, 20937.069122264598263 ], [ 24691.935069926166761, 20937.076053175554989 ], [ 24691.943065199717239, 20937.082209661941306 ], [ 24691.951640221683192, 20937.087529034273757 ], [ 24691.960707675429148, 20937.091957127129717 ], [ 24691.970175230046152, 20937.095448850686807 ], [ 24691.979946480521903, 20937.097968649864924 ], [ 24691.989921929412958, 20937.099490866381529 ], [ 24692.0, 20937.099999999998545 ], [ 24714.95857864376012, 20937.099999999998545 ], [ 24736.929289321880788, 20959.070710678119212 ], [ 24736.93656067158372, 20959.077301045337663 ], [ 24736.944442976699065, 20959.08314696123125 ], [ 24736.952860326317023, 20959.088192126433569 ], [ 24736.961731656763732, 20959.09238795325291 ], [ 24736.970971532275144, 20959.095694033574546 ], [ 24736.980490967798687, 20959.098078528040787 ], [ 24736.990198285966471, 20959.099518472667114 ], [ 24737.0, 20959.099999999998545 ], [ 24759.95727103945319, 20959.099999999998545 ], [ 24781.927735814286279, 20982.069122264598263 ], [ 24781.930877735401737, 20982.072264185713721 ], [ 24804.930877735401737, 21004.072264185713721 ], [ 24804.938075393900363, 21004.078519699181925 ], [ 24804.94583618075194, 21004.084061172274232 ], [ 24804.954089521113929, 21004.088838212097471 ], [ 24804.96276036098061, 21004.092807377324789 ], [ 24804.971769849697012, 21004.095932573269238 ], [ 24804.981036057008168, 21004.098185380105861 ], [ 24804.99047471812446, 21004.099545311317343 ], [ 24805.0, 21004.099999999998545 ], [ 24826.95857864376012, 21004.099999999998545 ], [ 24871.929289321880788, 21049.070710678119212 ], [ 24871.93656067158372, 21049.077301045337663 ], [ 24871.944442976699065, 21049.08314696123125 ], [ 24871.952860326317023, 21049.088192126433569 ], [ 24871.961731656763732, 21049.09238795325291 ], [ 24871.970971532275144, 21049.095694033574546 ], [ 24871.980490967798687, 21049.098078528040787 ], [ 24871.990198285966471, 21049.099518472667114 ], [ 24872.0, 21049.099999999998545 ], [ 24894.95727103945319, 21049.099999999998545 ], [ 24916.927735814286279, 21072.069122264598263 ], [ 24916.935069926166761, 21072.076053175554989 ], [ 24916.943065199717239, 21072.082209661941306 ], [ 24916.951640221683192, 21072.087529034273757 ], [ 24916.960707675429148, 21072.091957127129717 ], [ 24916.970175230046152, 21072.095448850686807 ], [ 24916.979946480521903, 21072.097968649864924 ], [ 24916.989921929412958, 21072.099490866381529 ], [ 24917.0, 21072.099999999998545 ], [ 24939.95857864376012, 21072.099999999998545 ], [ 24961.929289321880788, 21094.070710678119212 ], [ 24961.930877735401737, 21094.072264185713721 ], [ 24984.930877735401737, 21116.072264185713721 ], [ 24984.938075393900363, 21116.078519699181925 ], [ 24984.94583618075194, 21116.084061172274232 ], [ 24984.954089521113929, 21116.088838212097471 ], [ 24984.96276036098061, 21116.092807377324789 ], [ 24984.971769849697012, 21116.095932573269238 ], [ 24984.981036057008168, 21116.098185380105861 ], [ 24984.99047471812446, 21116.099545311317343 ], [ 24985.0, 21116.099999999998545 ], [ 25006.95857864376012, 21116.099999999998545 ], [ 25029.929289321880788, 21139.070710678119212 ], [ 25029.93656067158372, 21139.077301045337663 ], [ 25029.944442976699065, 21139.08314696123125 ], [ 25029.952860326317023, 21139.088192126433569 ], [ 25029.961731656763732, 21139.09238795325291 ], [ 25029.970971532275144, 21139.095694033574546 ], [ 25029.980490967798687, 21139.098078528040787 ], [ 25029.990198285966471, 21139.099518472667114 ], [ 25030.0, 21139.099999999998545 ], [ 25051.959874268519343, 21139.099999999998545 ], [ 25074.9292718646102, 21161.0707281353898 ], [ 25096.927735814286279, 21184.069122264598263 ], [ 25096.935069926166761, 21184.076053175554989 ], [ 25096.943065199717239, 21184.082209661941306 ], [ 25096.951640221683192, 21184.087529034273757 ], [ 25096.960707675429148, 21184.091957127129717 ], [ 25096.970175230046152, 21184.095448850686807 ], [ 25096.979946480521903, 21184.097968649864924 ], [ 25096.989921929412958, 21184.099490866381529 ], [ 25097.0, 21184.099999999998545 ], [ 25119.95857864376012, 21184.099999999998545 ], [ 25141.928503744667978, 21206.069925100906403 ], [ 25163.927735814286279, 21229.069122264598263 ], [ 25163.935069926166761, 21229.076053175554989 ], [ 25163.943065199717239, 21229.082209661941306 ], [ 25163.951640221683192, 21229.087529034273757 ], [ 25163.960707675429148, 21229.091957127129717 ], [ 25163.970175230046152, 21229.095448850686807 ], [ 25163.979946480521903, 21229.097968649864924 ], [ 25163.989921929412958, 21229.099490866381529 ], [ 25164.0, 21229.099999999998545 ], [ 25186.95857864376012, 21229.099999999998545 ], [ 25231.929289321880788, 21274.070710678119212 ], [ 25231.93656067158372, 21274.077301045337663 ], [ 25231.944442976699065, 21274.08314696123125 ], [ 25231.952860326317023, 21274.088192126433569 ], [ 25231.961731656763732, 21274.09238795325291 ], [ 25231.970971532275144, 21274.095694033574546 ], [ 25231.980490967798687, 21274.098078528040787 ], [ 25231.990198285966471, 21274.099518472667114 ], [ 25232.0, 21274.099999999998545 ], [ 25253.959874268519343, 21274.099999999998545 ], [ 25276.930877735401737, 21296.072264185713721 ], [ 25276.938075393900363, 21296.078519699181925 ], [ 25276.94583618075194, 21296.084061172274232 ], [ 25276.954089521113929, 21296.088838212097471 ], [ 25276.96276036098061, 21296.092807377324789 ], [ 25276.971769849697012, 21296.095932573269238 ], [ 25276.981036057008168, 21296.098185380105861 ], [ 25276.99047471812446, 21296.099545311317343 ], [ 25277.0, 21296.099999999998545 ], [ 25298.95857864376012, 21296.099999999998545 ], [ 25343.929289321880788, 21341.070710678119212 ], [ 25343.93656067158372, 21341.077301045337663 ], [ 25343.944442976699065, 21341.08314696123125 ], [ 25343.952860326317023, 21341.088192126433569 ], [ 25343.961731656763732, 21341.09238795325291 ], [ 25343.970971532275144, 21341.095694033574546 ], [ 25343.980490967798687, 21341.098078528040787 ], [ 25343.990198285966471, 21341.099518472667114 ], [ 25344.0, 21341.099999999998545 ], [ 25366.95727103945319, 21341.099999999998545 ], [ 25388.927735814286279, 21364.069122264598263 ], [ 25388.935069926166761, 21364.076053175554989 ], [ 25388.943065199717239, 21364.082209661941306 ], [ 25388.951640221683192, 21364.087529034273757 ], [ 25388.960707675429148, 21364.091957127129717 ], [ 25388.970175230046152, 21364.095448850686807 ], [ 25388.979946480521903, 21364.097968649864924 ], [ 25388.989921929412958, 21364.099490866381529 ], [ 25389.0, 21364.099999999998545 ], [ 25411.95857864376012, 21364.099999999998545 ], [ 25456.929289321880788, 21409.070710678119212 ], [ 25456.93656067158372, 21409.077301045337663 ], [ 25456.944442976699065, 21409.08314696123125 ], [ 25456.952860326317023, 21409.088192126433569 ], [ 25456.961731656763732, 21409.09238795325291 ], [ 25456.970971532275144, 21409.095694033574546 ], [ 25456.980490967798687, 21409.098078528040787 ], [ 25456.990198285966471, 21409.099518472667114 ], [ 25457.0, 21409.099999999998545 ], [ 25478.959874268519343, 21409.099999999998545 ], [ 25501.9292718646102, 21431.0707281353898 ], [ 25523.927735814286279, 21454.069122264598263 ], [ 25523.935069926166761, 21454.076053175554989 ], [ 25523.943065199717239, 21454.082209661941306 ], [ 25523.951640221683192, 21454.087529034273757 ], [ 25523.960707675429148, 21454.091957127129717 ], [ 25523.970175230046152, 21454.095448850686807 ], [ 25523.979946480521903, 21454.097968649864924 ], [ 25523.989921929412958, 21454.099490866381529 ], [ 25524.0, 21454.099999999998545 ], [ 25546.95857864376012, 21454.099999999998545 ], [ 25568.929289321880788, 21476.070710678119212 ], [ 25568.93656067158372, 21476.077301045337663 ], [ 25568.944442976699065, 21476.08314696123125 ], [ 25568.952860326317023, 21476.088192126433569 ], [ 25568.961731656763732, 21476.09238795325291 ], [ 25568.970971532275144, 21476.095694033574546 ], [ 25568.980490967798687, 21476.098078528040787 ], [ 25568.990198285966471, 21476.099518472667114 ], [ 25569.0, 21476.099999999998545 ], [ 25591.95727103945319, 21476.099999999998545 ], [ 25613.927735814286279, 21499.069122264598263 ], [ 25613.935069926166761, 21499.076053175554989 ], [ 25613.943065199717239, 21499.082209661941306 ], [ 25613.951640221683192, 21499.087529034273757 ], [ 25613.960707675429148, 21499.091957127129717 ], [ 25613.970175230046152, 21499.095448850686807 ], [ 25613.979946480521903, 21499.097968649864924 ], [ 25613.989921929412958, 21499.099490866381529 ], [ 25614.0, 21499.099999999998545 ], [ 25636.95857864376012, 21499.099999999998545 ], [ 25681.929289321880788, 21544.070710678119212 ], [ 25681.93656067158372, 21544.077301045337663 ], [ 25681.944442976699065, 21544.08314696123125 ], [ 25681.952860326317023, 21544.088192126433569 ], [ 25681.961731656763732, 21544.09238795325291 ], [ 25681.970971532275144, 21544.095694033574546 ], [ 25681.980490967798687, 21544.098078528040787 ], [ 25681.990198285966471, 21544.099518472667114 ], [ 25682.0, 21544.099999999998545 ], [ 25703.959874268519343, 21544.099999999998545 ], [ 25726.930877735401737, 21566.072264185713721 ], [ 25726.938075393900363, 21566.078519699181925 ], [ 25726.94583618075194, 21566.084061172274232 ], [ 25726.954089521113929, 21566.088838212097471 ], [ 25726.96276036098061, 21566.092807377324789 ], [ 25726.971769849697012, 21566.095932573269238 ], [ 25726.981036057008168, 21566.098185380105861 ], [ 25726.99047471812446, 21566.099545311317343 ], [ 25727.0, 21566.099999999998545 ], [ 25748.95857864376012, 21566.099999999998545 ], [ 25793.929289321880788, 21611.070710678119212 ], [ 25793.93656067158372, 21611.077301045337663 ], [ 25793.944442976699065, 21611.08314696123125 ], [ 25793.952860326317023, 21611.088192126433569 ], [ 25793.961731656763732, 21611.09238795325291 ], [ 25793.970971532275144, 21611.095694033574546 ], [ 25793.980490967798687, 21611.098078528040787 ], [ 25793.990198285966471, 21611.099518472667114 ], [ 25794.0, 21611.099999999998545 ], [ 25816.95727103945319, 21611.099999999998545 ], [ 25838.927735814286279, 21634.069122264598263 ], [ 25838.935069926166761, 21634.076053175554989 ], [ 25838.943065199717239, 21634.082209661941306 ], [ 25838.951640221683192, 21634.087529034273757 ], [ 25838.960707675429148, 21634.091957127129717 ], [ 25838.970175230046152, 21634.095448850686807 ], [ 25838.979946480521903, 21634.097968649864924 ], [ 25838.989921929412958, 21634.099490866381529 ], [ 25839.0, 21634.099999999998545 ], [ 25861.95857864376012, 21634.099999999998545 ], [ 25906.929289321880788, 21679.070710678119212 ], [ 25906.93656067158372, 21679.077301045337663 ], [ 25906.944442976699065, 21679.08314696123125 ], [ 25906.952860326317023, 21679.088192126433569 ], [ 25906.961731656763732, 21679.09238795325291 ], [ 25906.970971532275144, 21679.095694033574546 ], [ 25906.980490967798687, 21679.098078528040787 ], [ 25906.990198285966471, 21679.099518472667114 ], [ 25907.0, 21679.099999999998545 ], [ 25928.959874268519343, 21679.099999999998545 ], [ 25951.930877735401737, 21701.072264185713721 ], [ 25951.938075393900363, 21701.078519699181925 ], [ 25951.94583618075194, 21701.084061172274232 ], [ 25951.954089521113929, 21701.088838212097471 ], [ 25951.96276036098061, 21701.092807377324789 ], [ 25951.971769849697012, 21701.095932573269238 ], [ 25951.981036057008168, 21701.098185380105861 ], [ 25951.99047471812446, 21701.099545311317343 ], [ 25952.0, 21701.099999999998545 ], [ 25973.95857864376012, 21701.099999999998545 ], [ 26018.929289321880788, 21746.070710678119212 ], [ 26018.93656067158372, 21746.077301045337663 ], [ 26018.944442976699065, 21746.08314696123125 ], [ 26018.952860326317023, 21746.088192126433569 ], [ 26018.961731656763732, 21746.09238795325291 ], [ 26018.970971532275144, 21746.095694033574546 ], [ 26018.980490967798687, 21746.098078528040787 ], [ 26018.990198285966471, 21746.099518472667114 ], [ 26019.0, 21746.099999999998545 ], [ 26041.95727103945319, 21746.099999999998545 ], [ 26063.927735814286279, 21769.069122264598263 ], [ 26063.935069926166761, 21769.076053175554989 ], [ 26063.943065199717239, 21769.082209661941306 ], [ 26063.951640221683192, 21769.087529034273757 ], [ 26063.960707675429148, 21769.091957127129717 ], [ 26063.970175230046152, 21769.095448850686807 ], [ 26063.979946480521903, 21769.097968649864924 ], [ 26063.989921929412958, 21769.099490866381529 ], [ 26064.0, 21769.099999999998545 ], [ 26086.95857864376012, 21769.099999999998545 ], [ 26108.929289321880788, 21791.070710678119212 ], [ 26108.93656067158372, 21791.077301045337663 ], [ 26108.944442976699065, 21791.08314696123125 ], [ 26108.952860326317023, 21791.088192126433569 ], [ 26108.961731656763732, 21791.09238795325291 ], [ 26108.970971532275144, 21791.095694033574546 ], [ 26108.980490967798687, 21791.098078528040787 ], [ 26108.990198285966471, 21791.099518472667114 ], [ 26109.0, 21791.099999999998545 ], [ 26130.95857864376012, 21791.099999999998545 ], [ 26175.929289321880788, 21836.070710678119212 ], [ 26175.93656067158372, 21836.077301045337663 ], [ 26175.944442976699065, 21836.08314696123125 ], [ 26175.952860326317023, 21836.088192126433569 ], [ 26175.961731656763732, 21836.09238795325291 ], [ 26175.970971532275144, 21836.095694033574546 ], [ 26175.980490967798687, 21836.098078528040787 ], [ 26175.990198285966471, 21836.099518472667114 ], [ 26176.0, 21836.099999999998545 ], [ 26265.95857864376012, 21836.099999999998545 ], [ 26288.900000000001455, 21859.04142135623988 ], [ 26288.900000000001455, 21881.0 ], [ 26288.900454688682657, 21881.00952528187554 ], [ 26288.901814619894139, 21881.018963942991832 ], [ 26288.904067426730762, 21881.028230150302988 ], [ 26288.907192622675211, 21881.03723963901939 ], [ 26288.911161787902529, 21881.045910478886071 ], [ 26288.915938827725768, 21881.05416381924806 ], [ 26288.921480300818075, 21881.061924606099637 ], [ 26288.927735814286279, 21881.069122264598263 ], [ 26310.927735814286279, 21904.069122264598263 ], [ 26310.935069926166761, 21904.076053175554989 ], [ 26310.943065199717239, 21904.082209661941306 ], [ 26310.951640221683192, 21904.087529034273757 ], [ 26310.960707675429148, 21904.091957127129717 ], [ 26310.970175230046152, 21904.095448850686807 ], [ 26310.979946480521903, 21904.097968649864924 ], [ 26310.989921929412958, 21904.099490866381529 ], [ 26311.0, 21904.099999999998545 ], [ 26333.95857864376012, 21904.099999999998545 ], [ 26355.929289321880788, 21926.070710678119212 ], [ 26355.93656067158372, 21926.077301045337663 ], [ 26355.944442976699065, 21926.08314696123125 ], [ 26355.952860326317023, 21926.088192126433569 ], [ 26355.961731656763732, 21926.09238795325291 ], [ 26355.970971532275144, 21926.095694033574546 ], [ 26355.980490967798687, 21926.098078528040787 ], [ 26355.990198285966471, 21926.099518472667114 ], [ 26356.0, 21926.099999999998545 ], [ 26378.95727103945319, 21926.099999999998545 ], [ 26400.927735814286279, 21949.069122264598263 ], [ 26400.930877735401737, 21949.072264185713721 ], [ 26423.930877735401737, 21971.072264185713721 ], [ 26423.938075393900363, 21971.078519699181925 ], [ 26423.94583618075194, 21971.084061172274232 ], [ 26423.954089521113929, 21971.088838212097471 ], [ 26423.96276036098061, 21971.092807377324789 ], [ 26423.971769849697012, 21971.095932573269238 ], [ 26423.981036057008168, 21971.098185380105861 ], [ 26423.99047471812446, 21971.099545311317343 ], [ 26424.0, 21971.099999999998545 ], [ 26445.95857864376012, 21971.099999999998545 ], [ 26468.929289321880788, 21994.070710678119212 ], [ 26468.93656067158372, 21994.077301045337663 ], [ 26468.944442976699065, 21994.08314696123125 ], [ 26468.952860326317023, 21994.088192126433569 ], [ 26468.961731656763732, 21994.09238795325291 ], [ 26468.970971532275144, 21994.095694033574546 ], [ 26468.980490967798687, 21994.098078528040787 ], [ 26468.990198285966471, 21994.099518472667114 ], [ 26469.0, 21994.099999999998545 ], [ 26490.959874268519343, 21994.099999999998545 ], [ 26513.9292718646102, 22016.0707281353898 ], [ 26535.927735814286279, 22039.069122264598263 ], [ 26535.935069926166761, 22039.076053175554989 ], [ 26535.943065199717239, 22039.082209661941306 ], [ 26535.951640221683192, 22039.087529034273757 ], [ 26535.960707675429148, 22039.091957127129717 ], [ 26535.970175230046152, 22039.095448850686807 ], [ 26535.979946480521903, 22039.097968649864924 ], [ 26535.989921929412958, 22039.099490866381529 ], [ 26536.0, 22039.099999999998545 ], [ 26558.95857864376012, 22039.099999999998545 ], [ 26603.929289321880788, 22084.070710678119212 ], [ 26603.93656067158372, 22084.077301045337663 ], [ 26603.944442976699065, 22084.08314696123125 ], [ 26603.952860326317023, 22084.088192126433569 ], [ 26603.961731656763732, 22084.09238795325291 ], [ 26603.970971532275144, 22084.095694033574546 ], [ 26603.980490967798687, 22084.098078528040787 ], [ 26603.990198285966471, 22084.099518472667114 ], [ 26604.0, 22084.099999999998545 ], [ 26625.959874268519343, 22084.099999999998545 ], [ 26648.930074899093597, 22106.071496255332022 ], [ 26670.929289321880788, 22128.070710678119212 ], [ 26670.93656067158372, 22128.077301045337663 ], [ 26670.944442976699065, 22128.08314696123125 ], [ 26670.952860326317023, 22128.088192126433569 ], [ 26670.961731656763732, 22128.09238795325291 ], [ 26670.970971532275144, 22128.095694033574546 ], [ 26670.980490967798687, 22128.098078528040787 ], [ 26670.990198285966471, 22128.099518472667114 ], [ 26671.0, 22128.099999999998545 ], [ 26693.95727103945319, 22128.099999999998545 ], [ 26715.927735814286279, 22151.069122264598263 ], [ 26715.930877735401737, 22151.072264185713721 ], [ 26738.930877735401737, 22173.072264185713721 ], [ 26738.938075393900363, 22173.078519699181925 ], [ 26738.94583618075194, 22173.084061172274232 ], [ 26738.954089521113929, 22173.088838212097471 ], [ 26738.96276036098061, 22173.092807377324789 ], [ 26738.971769849697012, 22173.095932573269238 ], [ 26738.981036057008168, 22173.098185380105861 ], [ 26738.99047471812446, 22173.099545311317343 ], [ 26739.0, 22173.099999999998545 ], [ 26760.95857864376012, 22173.099999999998545 ], [ 26805.929289321880788, 22218.070710678119212 ], [ 26805.93656067158372, 22218.077301045337663 ], [ 26805.944442976699065, 22218.08314696123125 ], [ 26805.952860326317023, 22218.088192126433569 ], [ 26805.961731656763732, 22218.09238795325291 ], [ 26805.970971532275144, 22218.095694033574546 ], [ 26805.980490967798687, 22218.098078528040787 ], [ 26805.990198285966471, 22218.099518472667114 ], [ 26806.0, 22218.099999999998545 ], [ 26828.95727103945319, 22218.099999999998545 ], [ 26850.927735814286279, 22241.069122264598263 ], [ 26850.930877735401737, 22241.072264185713721 ], [ 26873.930877735401737, 22263.072264185713721 ], [ 26873.938075393900363, 22263.078519699181925 ], [ 26873.94583618075194, 22263.084061172274232 ], [ 26873.954089521113929, 22263.088838212097471 ], [ 26873.96276036098061, 22263.092807377324789 ], [ 26873.971769849697012, 22263.095932573269238 ], [ 26873.981036057008168, 22263.098185380105861 ], [ 26873.99047471812446, 22263.099545311317343 ], [ 26874.0, 22263.099999999998545 ], [ 26895.95857864376012, 22263.099999999998545 ], [ 26940.929289321880788, 22308.070710678119212 ], [ 26940.93656067158372, 22308.077301045337663 ], [ 26940.944442976699065, 22308.08314696123125 ], [ 26940.952860326317023, 22308.088192126433569 ], [ 26940.961731656763732, 22308.09238795325291 ], [ 26940.970971532275144, 22308.095694033574546 ], [ 26940.980490967798687, 22308.098078528040787 ], [ 26940.990198285966471, 22308.099518472667114 ], [ 26941.0, 22308.099999999998545 ], [ 26963.95727103945319, 22308.099999999998545 ], [ 26985.927735814286279, 22331.069122264598263 ], [ 26985.930877735401737, 22331.072264185713721 ], [ 27008.9292718646102, 22353.0707281353898 ], [ 27030.927735814286279, 22376.069122264598263 ], [ 27030.935069926166761, 22376.076053175554989 ], [ 27030.943065199717239, 22376.082209661941306 ], [ 27030.951640221683192, 22376.087529034273757 ], [ 27030.960707675429148, 22376.091957127129717 ], [ 27030.970175230046152, 22376.095448850686807 ], [ 27030.979946480521903, 22376.097968649864924 ], [ 27030.989921929412958, 22376.099490866381529 ], [ 27031.0, 22376.099999999998545 ], [ 27053.95857864376012, 22376.099999999998545 ], [ 27098.929289321880788, 22421.070710678119212 ], [ 27098.93656067158372, 22421.077301045337663 ], [ 27098.944442976699065, 22421.08314696123125 ], [ 27098.952860326317023, 22421.088192126433569 ], [ 27098.961731656763732, 22421.09238795325291 ], [ 27098.970971532275144, 22421.095694033574546 ], [ 27098.980490967798687, 22421.098078528040787 ], [ 27098.990198285966471, 22421.099518472667114 ], [ 27099.0, 22421.099999999998545 ], [ 27120.95857864376012, 22421.099999999998545 ], [ 27187.929289321880788, 22488.070710678119212 ], [ 27187.93656067158372, 22488.077301045337663 ], [ 27187.944442976699065, 22488.08314696123125 ], [ 27187.952860326317023, 22488.088192126433569 ], [ 27187.961731656763732, 22488.09238795325291 ], [ 27187.970971532275144, 22488.095694033574546 ], [ 27187.980490967798687, 22488.098078528040787 ], [ 27187.990198285966471, 22488.099518472667114 ], [ 27188.0, 22488.099999999998545 ], [ 27210.95727103945319, 22488.099999999998545 ], [ 27232.927735814286279, 22511.069122264598263 ], [ 27232.930877735401737, 22511.072264185713721 ], [ 27255.930877735401737, 22533.072264185713721 ], [ 27255.938075393900363, 22533.078519699181925 ], [ 27255.94583618075194, 22533.084061172274232 ], [ 27255.954089521113929, 22533.088838212097471 ], [ 27255.96276036098061, 22533.092807377324789 ], [ 27255.971769849697012, 22533.095932573269238 ], [ 27255.981036057008168, 22533.098185380105861 ], [ 27255.99047471812446, 22533.099545311317343 ], [ 27256.0, 22533.099999999998545 ], [ 27277.95857864376012, 22533.099999999998545 ], [ 27345.929289321880788, 22601.070710678119212 ], [ 27345.93656067158372, 22601.077301045337663 ], [ 27345.944442976699065, 22601.08314696123125 ], [ 27345.952860326317023, 22601.088192126433569 ], [ 27345.961731656763732, 22601.09238795325291 ], [ 27345.970971532275144, 22601.095694033574546 ], [ 27345.980490967798687, 22601.098078528040787 ], [ 27345.990198285966471, 22601.099518472667114 ], [ 27346.0, 22601.099999999998545 ], [ 27367.959874268519343, 22601.099999999998545 ], [ 27390.9292718646102, 22623.0707281353898 ], [ 27412.927735814286279, 22646.069122264598263 ], [ 27412.935069926166761, 22646.076053175554989 ], [ 27412.943065199717239, 22646.082209661941306 ], [ 27412.951640221683192, 22646.087529034273757 ], [ 27412.960707675429148, 22646.091957127129717 ], [ 27412.970175230046152, 22646.095448850686807 ], [ 27412.979946480521903, 22646.097968649864924 ], [ 27412.989921929412958, 22646.099490866381529 ], [ 27413.0, 22646.099999999998545 ], [ 27435.95857864376012, 22646.099999999998545 ], [ 27480.929289321880788, 22691.070710678119212 ], [ 27480.93656067158372, 22691.077301045337663 ], [ 27480.944442976699065, 22691.08314696123125 ], [ 27480.952860326317023, 22691.088192126433569 ], [ 27480.961731656763732, 22691.09238795325291 ], [ 27480.970971532275144, 22691.095694033574546 ], [ 27480.980490967798687, 22691.098078528040787 ], [ 27480.990198285966471, 22691.099518472667114 ], [ 27481.0, 22691.099999999998545 ], [ 27502.959874268519343, 22691.099999999998545 ], [ 27525.9292718646102, 22713.0707281353898 ], [ 27547.927735814286279, 22736.069122264598263 ], [ 27547.930877735401737, 22736.072264185713721 ], [ 27570.930877735401737, 22758.072264185713721 ], [ 27570.938075393900363, 22758.078519699181925 ], [ 27570.94583618075194, 22758.084061172274232 ], [ 27570.954089521113929, 22758.088838212097471 ], [ 27570.96276036098061, 22758.092807377324789 ], [ 27570.971769849697012, 22758.095932573269238 ], [ 27570.981036057008168, 22758.098185380105861 ], [ 27570.99047471812446, 22758.099545311317343 ], [ 27571.0, 22758.099999999998545 ], [ 27592.95857864376012, 22758.099999999998545 ], [ 27705.929289321880788, 22871.070710678119212 ], [ 27705.93656067158372, 22871.077301045337663 ], [ 27705.944442976699065, 22871.08314696123125 ], [ 27705.952860326317023, 22871.088192126433569 ], [ 27705.961731656763732, 22871.09238795325291 ], [ 27705.970971532275144, 22871.095694033574546 ], [ 27705.980490967798687, 22871.098078528040787 ], [ 27705.990198285966471, 22871.099518472667114 ], [ 27706.0, 22871.099999999998545 ], [ 27750.95857864376012, 22871.099999999998545 ], [ 27795.900000000001455, 22916.04142135623988 ], [ 27795.900000000001455, 22938.0 ], [ 27795.900481527332886, 22938.009801714033529 ], [ 27795.901921471959213, 22938.019509032201313 ], [ 27795.904305966425454, 22938.029028467724856 ], [ 27795.90761204674709, 22938.038268343236268 ], [ 27795.911807873566431, 22938.047139673682977 ], [ 27795.91685303876875, 22938.055557023300935 ], [ 27795.922698954662337, 22938.06343932841628 ], [ 27795.929289321880788, 22938.070710678119212 ], [ 27795.93656067158372, 22938.077301045337663 ], [ 27795.944442976699065, 22938.08314696123125 ], [ 27795.952860326317023, 22938.088192126433569 ], [ 27795.961731656763732, 22938.09238795325291 ], [ 27795.970971532275144, 22938.095694033574546 ], [ 27795.980490967798687, 22938.098078528040787 ], [ 27795.990198285966471, 22938.099518472667114 ], [ 27796.0, 22938.099999999998545 ], [ 27817.95857864376012, 22938.099999999998545 ], [ 27930.929289321880788, 23051.070710678119212 ], [ 27930.93656067158372, 23051.077301045337663 ], [ 27930.944442976699065, 23051.08314696123125 ], [ 27930.952860326317023, 23051.088192126433569 ], [ 27930.961731656763732, 23051.09238795325291 ], [ 27930.970971532275144, 23051.095694033574546 ], [ 27930.980490967798687, 23051.098078528040787 ], [ 27930.990198285966471, 23051.099518472667114 ], [ 27931.0, 23051.099999999998545 ], [ 27952.959874268519343, 23051.099999999998545 ], [ 27975.9292718646102, 23073.0707281353898 ], [ 27997.927735814286279, 23096.069122264598263 ], [ 27997.930877735401737, 23096.072264185713721 ], [ 28020.930074899093597, 23118.071496255332022 ], [ 28042.929289321880788, 23140.070710678119212 ], [ 28042.93656067158372, 23140.077301045337663 ], [ 28042.944442976699065, 23140.08314696123125 ], [ 28042.952860326317023, 23140.088192126433569 ], [ 28042.961731656763732, 23140.09238795325291 ], [ 28042.970971532275144, 23140.095694033574546 ], [ 28042.980490967798687, 23140.098078528040787 ], [ 28042.990198285966471, 23140.099518472667114 ], [ 28043.0, 23140.099999999998545 ], [ 28065.95727103945319, 23140.099999999998545 ], [ 28087.927735814286279, 23163.069122264598263 ], [ 28087.930877735401737, 23163.072264185713721 ], [ 28110.9292718646102, 23185.0707281353898 ], [ 28132.927735814286279, 23208.069122264598263 ], [ 28132.929289321880788, 23208.070710678119212 ], [ 28154.929289321880788, 23230.070710678119212 ], [ 28154.93656067158372, 23230.077301045337663 ], [ 28154.944442976699065, 23230.08314696123125 ], [ 28154.952860326317023, 23230.088192126433569 ], [ 28154.961731656763732, 23230.09238795325291 ], [ 28154.970971532275144, 23230.095694033574546 ], [ 28154.980490967798687, 23230.098078528040787 ], [ 28154.990198285966471, 23230.099518472667114 ], [ 28155.0, 23230.099999999998545 ], [ 28177.95727103945319, 23230.099999999998545 ], [ 28199.927735814286279, 23253.069122264598263 ], [ 28199.930877735401737, 23253.072264185713721 ], [ 28222.930877735401737, 23275.072264185713721 ], [ 28222.938075393900363, 23275.078519699181925 ], [ 28222.94583618075194, 23275.084061172274232 ], [ 28222.954089521113929, 23275.088838212097471 ], [ 28222.96276036098061, 23275.092807377324789 ], [ 28222.971769849697012, 23275.095932573269238 ], [ 28222.981036057008168, 23275.098185380105861 ], [ 28222.99047471812446, 23275.099545311317343 ], [ 28223.0, 23275.099999999998545 ], [ 28244.95857864376012, 23275.099999999998545 ], [ 28289.929289321880788, 23320.070710678119212 ], [ 28289.93656067158372, 23320.077301045337663 ], [ 28289.944442976699065, 23320.08314696123125 ], [ 28289.952860326317023, 23320.088192126433569 ], [ 28289.961731656763732, 23320.09238795325291 ], [ 28289.970971532275144, 23320.095694033574546 ], [ 28289.980490967798687, 23320.098078528040787 ], [ 28289.990198285966471, 23320.099518472667114 ], [ 28290.0, 23320.099999999998545 ], [ 28312.95727103945319, 23320.099999999998545 ], [ 28334.927735814286279, 23343.069122264598263 ], [ 28334.930877735401737, 23343.072264185713721 ], [ 28357.930877735401737, 23365.072264185713721 ], [ 28357.938075393900363, 23365.078519699181925 ], [ 28357.94583618075194, 23365.084061172274232 ], [ 28357.954089521113929, 23365.088838212097471 ], [ 28357.96276036098061, 23365.092807377324789 ], [ 28357.971769849697012, 23365.095932573269238 ], [ 28357.981036057008168, 23365.098185380105861 ], [ 28357.99047471812446, 23365.099545311317343 ], [ 28358.0, 23365.099999999998545 ], [ 28379.95857864376012, 23365.099999999998545 ], [ 28402.929289321880788, 23388.070710678119212 ], [ 28402.93656067158372, 23388.077301045337663 ], [ 28402.944442976699065, 23388.08314696123125 ], [ 28402.952860326317023, 23388.088192126433569 ], [ 28402.961731656763732, 23388.09238795325291 ], [ 28402.970971532275144, 23388.095694033574546 ], [ 28402.980490967798687, 23388.098078528040787 ], [ 28402.990198285966471, 23388.099518472667114 ], [ 28403.0, 23388.099999999998545 ], [ 28424.959874268519343, 23388.099999999998545 ], [ 28447.930877735401737, 23410.072264185713721 ], [ 28447.938075393900363, 23410.078519699181925 ], [ 28447.94583618075194, 23410.084061172274232 ], [ 28447.954089521113929, 23410.088838212097471 ], [ 28447.96276036098061, 23410.092807377324789 ], [ 28447.971769849697012, 23410.095932573269238 ], [ 28447.981036057008168, 23410.098185380105861 ], [ 28447.99047471812446, 23410.099545311317343 ], [ 28448.0, 23410.099999999998545 ], [ 28605.0, 23410.099999999998545 ], [ 28605.00952528187554, 23410.099545311317343 ], [ 28605.018963942991832, 23410.098185380105861 ], [ 28605.028230150302988, 23410.095932573269238 ], [ 28605.03723963901939, 23410.092807377324789 ], [ 28605.045910478886071, 23410.088838212097471 ], [ 28605.05416381924806, 23410.084061172274232 ], [ 28605.061924606099637, 23410.078519699181925 ], [ 28605.069122264598263, 23410.072264185713721 ], [ 28628.069122264598263, 23388.072264185713721 ], [ 28628.072264185713721, 23388.069122264598263 ], [ 28650.072264185713721, 23365.069122264598263 ], [ 28650.078519699181925, 23365.061924606099637 ], [ 28650.084061172274232, 23365.05416381924806 ], [ 28650.088838212097471, 23365.045910478886071 ], [ 28650.092807377324789, 23365.03723963901939 ], [ 28650.095932573269238, 23365.028230150302988 ], [ 28650.098185380105861, 23365.018963942991832 ], [ 28650.099545311317343, 23365.00952528187554 ], [ 28650.099999999998545, 23365.0 ], [ 28650.099999999998545, 23343.04142135623988 ], [ 28673.070710678119212, 23320.070710678119212 ], [ 28673.077301045337663, 23320.06343932841628 ], [ 28673.08314696123125, 23320.055557023300935 ], [ 28673.088192126433569, 23320.047139673682977 ], [ 28673.09238795325291, 23320.038268343236268 ], [ 28673.095694033574546, 23320.029028467724856 ], [ 28673.098078528040787, 23320.019509032201313 ], [ 28673.099518472667114, 23320.009801714033529 ], [ 28673.099999999998545, 23320.0 ], [ 28673.099999999998545, 23275.04142135623988 ], [ 28695.070710678119212, 23253.070710678119212 ], [ 28695.077301045337663, 23253.06343932841628 ], [ 28695.08314696123125, 23253.055557023300935 ], [ 28695.088192126433569, 23253.047139673682977 ], [ 28695.09238795325291, 23253.038268343236268 ], [ 28695.095694033574546, 23253.029028467724856 ], [ 28695.098078528040787, 23253.019509032201313 ], [ 28695.099518472667114, 23253.009801714033529 ], [ 28695.099999999998545, 23253.0 ], [ 28695.099999999998545, 23230.0 ], [ 28695.099518472667114, 23229.990198285966471 ], [ 28695.098078528040787, 23229.980490967798687 ], [ 28695.095694033574546, 23229.970971532275144 ], [ 28695.09238795325291, 23229.961731656763732 ], [ 28695.088192126433569, 23229.952860326317023 ], [ 28695.08314696123125, 23229.944442976699065 ], [ 28695.077301045337663, 23229.93656067158372 ], [ 28695.070710678119212, 23229.929289321880788 ], [ 28673.139867465106363, 23207.998446108867938 ], [ 28695.072264185713721, 23185.069122264598263 ], [ 28695.078519699181925, 23185.061924606099637 ], [ 28695.084061172274232, 23185.05416381924806 ], [ 28695.088838212097471, 23185.045910478886071 ], [ 28695.092807377324789, 23185.03723963901939 ], [ 28695.095932573269238, 23185.028230150302988 ], [ 28695.098185380105861, 23185.018963942991832 ], [ 28695.099545311317343, 23185.00952528187554 ], [ 28695.099999999998545, 23185.0 ], [ 28695.099999999998545, 23140.04272896054681 ], [ 28718.069122264598263, 23118.072264185713721 ], [ 28718.076053175554989, 23118.064930073833239 ], [ 28718.082209661941306, 23118.056934800282761 ], [ 28718.087529034273757, 23118.048359778316808 ], [ 28718.091957127129717, 23118.039292324570852 ], [ 28718.095448850686807, 23118.029824769953848 ], [ 28718.097968649864924, 23118.020053519478097 ], [ 28718.099490866381529, 23118.010078070587042 ], [ 28718.099999999998545, 23118.0 ], [ 28718.099999999998545, 22826.0 ], [ 28718.099518472667114, 22825.990198285966471 ], [ 28718.098078528040787, 22825.980490967798687 ], [ 28718.095694033574546, 22825.970971532275144 ], [ 28718.09238795325291, 22825.961731656763732 ], [ 28718.088192126433569, 22825.952860326317023 ], [ 28718.08314696123125, 22825.944442976699065 ], [ 28718.077301045337663, 22825.93656067158372 ], [ 28718.070710678119212, 22825.929289321880788 ], [ 28695.099999999998545, 22802.95857864376012 ], [ 28695.099999999998545, 22623.0 ], [ 28695.099518472667114, 22622.990198285966471 ], [ 28695.098078528040787, 22622.980490967798687 ], [ 28695.095694033574546, 22622.970971532275144 ], [ 28695.09238795325291, 22622.961731656763732 ], [ 28695.088192126433569, 22622.952860326317023 ], [ 28695.08314696123125, 22622.944442976699065 ], [ 28695.077301045337663, 22622.93656067158372 ], [ 28695.070710678119212, 22622.929289321880788 ], [ 28673.139867465106363, 22600.998446108867938 ], [ 28695.072264185713721, 22578.069122264598263 ], [ 28695.078519699181925, 22578.061924606099637 ], [ 28695.084061172274232, 22578.05416381924806 ], [ 28695.088838212097471, 22578.045910478886071 ], [ 28695.092807377324789, 22578.03723963901939 ], [ 28695.095932573269238, 22578.028230150302988 ], [ 28695.098185380105861, 22578.018963942991832 ], [ 28695.099545311317343, 22578.00952528187554 ], [ 28695.099999999998545, 22578.0 ], [ 28695.099999999998545, 22421.0 ], [ 28695.099545311317343, 22420.99047471812446 ], [ 28695.098185380105861, 22420.981036057008168 ], [ 28695.095932573269238, 22420.971769849697012 ], [ 28695.092807377324789, 22420.96276036098061 ], [ 28695.088838212097471, 22420.954089521113929 ], [ 28695.084061172274232, 22420.94583618075194 ], [ 28695.078519699181925, 22420.938075393900363 ], [ 28695.072264185713721, 22420.930877735401737 ], [ 28673.139867465106363, 22398.001553891132062 ], [ 28695.070710678119212, 22376.070710678119212 ], [ 28695.077212875152327, 22376.063546612109349 ], [ 28695.08299234108199, 22376.055787734509067 ], [ 28695.087994978715869, 22376.047506670278381 ], [ 28695.092173962155357, 22376.038780932176451 ], [ 28695.095490175117448, 22376.029692195210373 ], [ 28695.097912577042734, 22376.020325532143033 ], [ 28695.099418493668054, 22376.010768617205031 ], [ 28695.099993829255254, 22376.001110905413952 ], [ 28695.099633198518859, 22375.991442795282637 ], [ 28695.09833997705573, 22375.981854782647133 ], [ 28695.096126269723754, 22375.972436613614263 ], [ 28695.093012797358824, 22375.963276444519579 ], [ 28695.089028702815995, 22375.954460016742814 ], [ 28695.084211278172006, 22375.94606985417704 ], [ 28695.078605615690321, 22375.938184490762069 ], [ 28695.072264185713721, 22375.930877735401737 ], [ 28673.099999999998545, 22352.959874268519343 ], [ 28673.099999999998545, 22196.0 ], [ 28673.099518472667114, 22195.990198285966471 ], [ 28673.098078528040787, 22195.980490967798687 ], [ 28673.095694033574546, 22195.970971532275144 ], [ 28673.09238795325291, 22195.961731656763732 ], [ 28673.088192126433569, 22195.952860326317023 ], [ 28673.08314696123125, 22195.944442976699065 ], [ 28673.077301045337663, 22195.93656067158372 ], [ 28673.070710678119212, 22195.929289321880788 ], [ 28650.099999999998545, 22172.95857864376012 ], [ 28650.099999999998545, 22151.04142135623988 ], [ 28673.070710678119212, 22128.070710678119212 ], [ 28673.077301045337663, 22128.06343932841628 ], [ 28673.08314696123125, 22128.055557023300935 ], [ 28673.088192126433569, 22128.047139673682977 ], [ 28673.09238795325291, 22128.038268343236268 ], [ 28673.095694033574546, 22128.029028467724856 ], [ 28673.098078528040787, 22128.019509032201313 ], [ 28673.099518472667114, 22128.009801714033529 ], [ 28673.099999999998545, 22128.0 ], [ 28673.099999999998545, 22106.0 ], [ 28673.099490866381529, 22105.989921929412958 ], [ 28673.097968649864924, 22105.979946480521903 ], [ 28673.095448850686807, 22105.970175230046152 ], [ 28673.091957127129717, 22105.960707675429148 ], [ 28673.087529034273757, 22105.951640221683192 ], [ 28673.082209661941306, 22105.943065199717239 ], [ 28673.076053175554989, 22105.935069926166761 ], [ 28673.069122264598263, 22105.927735814286279 ], [ 28650.099999999998545, 22083.95727103945319 ], [ 28650.099999999998545, 21926.0 ], [ 28650.099518472667114, 21925.990198285966471 ], [ 28650.098078528040787, 21925.980490967798687 ], [ 28650.095694033574546, 21925.970971532275144 ], [ 28650.09238795325291, 21925.961731656763732 ], [ 28650.088192126433569, 21925.952860326317023 ], [ 28650.08314696123125, 21925.944442976699065 ], [ 28650.077301045337663, 21925.93656067158372 ], [ 28650.070710678119212, 21925.929289321880788 ], [ 28628.099999999998545, 21903.95857864376012 ], [ 28628.099999999998545, 21746.0 ], [ 28628.099490866381529, 21745.989921929412958 ], [ 28628.097968649864924, 21745.979946480521903 ], [ 28628.095448850686807, 21745.970175230046152 ], [ 28628.091957127129717, 21745.960707675429148 ], [ 28628.087529034273757, 21745.951640221683192 ], [ 28628.082209661941306, 21745.943065199717239 ], [ 28628.076053175554989, 21745.935069926166761 ], [ 28628.069122264598263, 21745.927735814286279 ], [ 28605.099999999998545, 21723.95727103945319 ], [ 28605.099999999998545, 21634.0 ], [ 28605.099545311317343, 21633.99047471812446 ], [ 28605.098185380105861, 21633.981036057008168 ], [ 28605.095932573269238, 21633.971769849697012 ], [ 28605.092807377324789, 21633.96276036098061 ], [ 28605.088838212097471, 21633.954089521113929 ], [ 28605.084061172274232, 21633.94583618075194 ], [ 28605.078519699181925, 21633.938075393900363 ], [ 28605.072264185713721, 21633.930877735401737 ], [ 28583.099999999998545, 21610.959874268519343 ], [ 28583.099999999998545, 21499.0 ], [ 28583.099518472667114, 21498.990198285966471 ], [ 28583.098078528040787, 21498.980490967798687 ], [ 28583.095694033574546, 21498.970971532275144 ], [ 28583.09238795325291, 21498.961731656763732 ], [ 28583.088192126433569, 21498.952860326317023 ], [ 28583.08314696123125, 21498.944442976699065 ], [ 28583.077301045337663, 21498.93656067158372 ], [ 28583.070710678119212, 21498.929289321880788 ], [ 28560.099999999998545, 21475.95857864376012 ], [ 28560.099999999998545, 21409.0 ], [ 28560.099545311317343, 21408.99047471812446 ], [ 28560.098185380105861, 21408.981036057008168 ], [ 28560.095932573269238, 21408.971769849697012 ], [ 28560.092807377324789, 21408.96276036098061 ], [ 28560.088838212097471, 21408.954089521113929 ], [ 28560.084061172274232, 21408.94583618075194 ], [ 28560.078519699181925, 21408.938075393900363 ], [ 28560.072264185713721, 21408.930877735401737 ], [ 28538.099999999998545, 21385.959874268519343 ], [ 28538.099999999998545, 21296.0 ], [ 28538.099490866381529, 21295.989921929412958 ], [ 28538.097968649864924, 21295.979946480521903 ], [ 28538.095448850686807, 21295.970175230046152 ], [ 28538.091957127129717, 21295.960707675429148 ], [ 28538.087529034273757, 21295.951640221683192 ], [ 28538.082209661941306, 21295.943065199717239 ], [ 28538.076053175554989, 21295.935069926166761 ], [ 28538.069122264598263, 21295.927735814286279 ], [ 28515.099999999998545, 21273.95727103945319 ], [ 28515.099999999998545, 21161.0 ], [ 28515.099518472667114, 21160.990198285966471 ], [ 28515.098078528040787, 21160.980490967798687 ], [ 28515.095694033574546, 21160.970971532275144 ], [ 28515.09238795325291, 21160.961731656763732 ], [ 28515.088192126433569, 21160.952860326317023 ], [ 28515.08314696123125, 21160.944442976699065 ], [ 28515.077301045337663, 21160.93656067158372 ], [ 28515.070710678119212, 21160.929289321880788 ], [ 28493.099999999998545, 21138.95857864376012 ], [ 28493.099999999998545, 21004.0 ], [ 28493.099490866381529, 21003.989921929412958 ], [ 28493.097968649864924, 21003.979946480521903 ], [ 28493.095448850686807, 21003.970175230046152 ], [ 28493.091957127129717, 21003.960707675429148 ], [ 28493.087529034273757, 21003.951640221683192 ], [ 28493.082209661941306, 21003.943065199717239 ], [ 28493.076053175554989, 21003.935069926166761 ], [ 28493.069122264598263, 21003.927735814286279 ], [ 28470.099999999998545, 20981.95727103945319 ], [ 28470.099999999998545, 20869.0 ], [ 28470.099518472667114, 20868.990198285966471 ], [ 28470.098078528040787, 20868.980490967798687 ], [ 28470.095694033574546, 20868.970971532275144 ], [ 28470.09238795325291, 20868.961731656763732 ], [ 28470.088192126433569, 20868.952860326317023 ], [ 28470.08314696123125, 20868.944442976699065 ], [ 28470.077301045337663, 20868.93656067158372 ], [ 28470.070710678119212, 20868.929289321880788 ], [ 28448.099999999998545, 20846.95857864376012 ], [ 28448.099999999998545, 20734.0 ], [ 28448.099490866381529, 20733.989921929412958 ], [ 28448.097968649864924, 20733.979946480521903 ], [ 28448.095448850686807, 20733.970175230046152 ], [ 28448.091957127129717, 20733.960707675429148 ], [ 28448.087529034273757, 20733.951640221683192 ], [ 28448.082209661941306, 20733.943065199717239 ], [ 28448.076053175554989, 20733.935069926166761 ], [ 28448.069122264598263, 20733.927735814286279 ], [ 28425.099999999998545, 20711.95727103945319 ], [ 28425.099999999998545, 20622.0 ], [ 28425.099545311317343, 20621.99047471812446 ], [ 28425.098185380105861, 20621.981036057008168 ], [ 28425.095932573269238, 20621.971769849697012 ], [ 28425.092807377324789, 20621.96276036098061 ], [ 28425.088838212097471, 20621.954089521113929 ], [ 28425.084061172274232, 20621.94583618075194 ], [ 28425.078519699181925, 20621.938075393900363 ], [ 28425.072264185713721, 20621.930877735401737 ], [ 28403.099999999998545, 20598.959874268519343 ], [ 28403.099999999998545, 20509.0 ], [ 28403.099490866381529, 20508.989921929412958 ], [ 28403.097968649864924, 20508.979946480521903 ], [ 28403.095448850686807, 20508.970175230046152 ], [ 28403.091957127129717, 20508.960707675429148 ], [ 28403.087529034273757, 20508.951640221683192 ], [ 28403.082209661941306, 20508.943065199717239 ], [ 28403.076053175554989, 20508.935069926166761 ], [ 28403.069122264598263, 20508.927735814286279 ], [ 28380.099999999998545, 20486.95727103945319 ], [ 28380.099999999998545, 20419.0 ], [ 28380.099518472667114, 20418.990198285966471 ], [ 28380.098078528040787, 20418.980490967798687 ], [ 28380.095694033574546, 20418.970971532275144 ], [ 28380.09238795325291, 20418.961731656763732 ], [ 28380.088192126433569, 20418.952860326317023 ], [ 28380.08314696123125, 20418.944442976699065 ], [ 28380.077301045337663, 20418.93656067158372 ], [ 28380.070710678119212, 20418.929289321880788 ], [ 28358.099999999998545, 20396.95857864376012 ], [ 28358.099999999998545, 20307.0 ], [ 28358.099518472667114, 20306.990198285966471 ], [ 28358.098078528040787, 20306.980490967798687 ], [ 28358.095694033574546, 20306.970971532275144 ], [ 28358.09238795325291, 20306.961731656763732 ], [ 28358.088192126433569, 20306.952860326317023 ], [ 28358.08314696123125, 20306.944442976699065 ], [ 28358.077301045337663, 20306.93656067158372 ], [ 28358.070710678119212, 20306.929289321880788 ], [ 28335.099999999998545, 20283.95857864376012 ], [ 28335.099999999998545, 20194.0 ], [ 28335.099518472667114, 20193.990198285966471 ], [ 28335.098078528040787, 20193.980490967798687 ], [ 28335.095694033574546, 20193.970971532275144 ], [ 28335.09238795325291, 20193.961731656763732 ], [ 28335.088192126433569, 20193.952860326317023 ], [ 28335.08314696123125, 20193.944442976699065 ], [ 28335.077301045337663, 20193.93656067158372 ], [ 28335.070710678119212, 20193.929289321880788 ], [ 28313.099999999998545, 20171.95857864376012 ], [ 28313.099999999998545, 20104.0 ], [ 28313.099490866381529, 20103.989921929412958 ], [ 28313.097968649864924, 20103.979946480521903 ], [ 28313.095448850686807, 20103.970175230046152 ], [ 28313.091957127129717, 20103.960707675429148 ], [ 28313.087529034273757, 20103.951640221683192 ], [ 28313.082209661941306, 20103.943065199717239 ], [ 28313.076053175554989, 20103.935069926166761 ], [ 28313.069122264598263, 20103.927735814286279 ], [ 28290.099999999998545, 20081.95727103945319 ], [ 28290.099999999998545, 20015.0 ], [ 28290.099545311317343, 20014.99047471812446 ], [ 28290.098185380105861, 20014.981036057008168 ], [ 28290.095932573269238, 20014.971769849697012 ], [ 28290.092807377324789, 20014.96276036098061 ], [ 28290.088838212097471, 20014.954089521113929 ], [ 28290.084061172274232, 20014.94583618075194 ], [ 28290.078519699181925, 20014.938075393900363 ], [ 28290.072264185713721, 20014.930877735401737 ], [ 28268.099999999998545, 19991.959874268519343 ], [ 28268.099999999998545, 19925.0 ], [ 28268.099518472667114, 19924.990198285966471 ], [ 28268.098078528040787, 19924.980490967798687 ], [ 28268.095694033574546, 19924.970971532275144 ], [ 28268.09238795325291, 19924.961731656763732 ], [ 28268.088192126433569, 19924.952860326317023 ], [ 28268.08314696123125, 19924.944442976699065 ], [ 28268.077301045337663, 19924.93656067158372 ], [ 28268.070710678119212, 19924.929289321880788 ], [ 28245.099999999998545, 19901.95857864376012 ], [ 28245.099999999998545, 19812.0 ], [ 28245.099518472667114, 19811.990198285966471 ], [ 28245.098078528040787, 19811.980490967798687 ], [ 28245.095694033574546, 19811.970971532275144 ], [ 28245.09238795325291, 19811.961731656763732 ], [ 28245.088192126433569, 19811.952860326317023 ], [ 28245.08314696123125, 19811.944442976699065 ], [ 28245.077301045337663, 19811.93656067158372 ], [ 28245.070710678119212, 19811.929289321880788 ], [ 28223.099999999998545, 19789.95857864376012 ], [ 28223.099999999998545, 19767.0 ], [ 28223.099518472667114, 19766.990198285966471 ], [ 28223.098078528040787, 19766.980490967798687 ], [ 28223.095694033574546, 19766.970971532275144 ], [ 28223.09238795325291, 19766.961731656763732 ], [ 28223.088192126433569, 19766.952860326317023 ], [ 28223.08314696123125, 19766.944442976699065 ], [ 28223.077301045337663, 19766.93656067158372 ], [ 28223.070710678119212, 19766.929289321880788 ], [ 28223.06343932841628, 19766.922698954662337 ], [ 28223.055557023300935, 19766.91685303876875 ], [ 28223.047139673682977, 19766.911807873566431 ], [ 28223.038268343236268, 19766.90761204674709 ], [ 28223.029028467724856, 19766.904305966425454 ], [ 28223.019509032201313, 19766.901921471959213 ], [ 28223.009801714033529, 19766.900481527332886 ], [ 28223.0, 19766.900000000001455 ], [ 28111.040125731480657, 19766.900000000001455 ], [ 28088.099999999998545, 19744.95727103945319 ], [ 28088.099999999998545, 18935.0 ], [ 28088.099518472667114, 18934.990198285966471 ], [ 28088.098078528040787, 18934.980490967798687 ], [ 28088.095694033574546, 18934.970971532275144 ], [ 28088.09238795325291, 18934.961731656763732 ], [ 28088.088192126433569, 18934.952860326317023 ], [ 28088.08314696123125, 18934.944442976699065 ], [ 28088.077301045337663, 18934.93656067158372 ], [ 28088.070710678119212, 18934.929289321880788 ], [ 28066.099999999998545, 18912.95857864376012 ], [ 28066.099999999998545, 18778.0 ], [ 28066.099518472667114, 18777.990198285966471 ], [ 28066.098078528040787, 18777.980490967798687 ], [ 28066.095694033574546, 18777.970971532275144 ], [ 28066.09238795325291, 18777.961731656763732 ], [ 28066.088192126433569, 18777.952860326317023 ], [ 28066.08314696123125, 18777.944442976699065 ], [ 28066.077301045337663, 18777.93656067158372 ], [ 28066.070710678119212, 18777.929289321880788 ], [ 28043.143010161911661, 18755.001588805673236 ], [ 28066.069122264598263, 18733.072264185713721 ], [ 28066.075962936436554, 18733.065035623221775 ], [ 28066.0820512188875, 18733.057162902998243 ], [ 28066.087326809392835, 18733.048724001902883 ], [ 28066.091737454862596, 18733.039802504641557 ], [ 28066.095239469213993, 18733.030486775878671 ], [ 28066.097798166087159, 18733.020869085034064 ], [ 28066.099388202372211, 18733.011044692353607 ], [ 28066.099993829255254, 18733.001110905413952 ], [ 28066.09960904818945, 18732.991166115298256 ], [ 28066.098237670310482, 18732.981308822079882 ], [ 28066.095893278692529, 18732.97163665919652 ], [ 28066.092599093812169, 18732.962245426431764 ], [ 28066.088387743548083, 18732.95322814103929 ], [ 28066.083300940023037, 18732.944674116442911 ], [ 28066.077389066453179, 18732.936668077611102 ], [ 28066.070710678119212, 18732.929289321880788 ], [ 28043.099999999998545, 18709.95857864376012 ], [ 28043.099999999998545, 18643.0 ], [ 28043.099545311317343, 18642.99047471812446 ], [ 28043.098185380105861, 18642.981036057008168 ], [ 28043.095932573269238, 18642.971769849697012 ], [ 28043.092807377324789, 18642.96276036098061 ], [ 28043.088838212097471, 18642.954089521113929 ], [ 28043.084061172274232, 18642.94583618075194 ], [ 28043.078519699181925, 18642.938075393900363 ], [ 28043.072264185713721, 18642.930877735401737 ], [ 28021.099999999998545, 18619.959874268519343 ], [ 28021.099999999998545, 18463.0 ], [ 28021.099518472667114, 18462.990198285966471 ], [ 28021.098078528040787, 18462.980490967798687 ], [ 28021.095694033574546, 18462.970971532275144 ], [ 28021.09238795325291, 18462.961731656763732 ], [ 28021.088192126433569, 18462.952860326317023 ], [ 28021.08314696123125, 18462.944442976699065 ], [ 28021.077301045337663, 18462.93656067158372 ], [ 28021.070710678119212, 18462.929289321880788 ], [ 27998.099999999998545, 18439.95857864376012 ], [ 27998.099999999998545, 18395.0 ], [ 27998.099518472667114, 18394.990198285966471 ], [ 27998.098078528040787, 18394.980490967798687 ], [ 27998.095694033574546, 18394.970971532275144 ], [ 27998.09238795325291, 18394.961731656763732 ], [ 27998.088192126433569, 18394.952860326317023 ], [ 27998.08314696123125, 18394.944442976699065 ], [ 27998.077301045337663, 18394.93656067158372 ], [ 27998.070710678119212, 18394.929289321880788 ], [ 27976.099999999998545, 18372.95857864376012 ], [ 27976.099999999998545, 18238.0 ], [ 27976.099518472667114, 18237.990198285966471 ], [ 27976.098078528040787, 18237.980490967798687 ], [ 27976.095694033574546, 18237.970971532275144 ], [ 27976.09238795325291, 18237.961731656763732 ], [ 27976.088192126433569, 18237.952860326317023 ], [ 27976.08314696123125, 18237.944442976699065 ], [ 27976.077301045337663, 18237.93656067158372 ], [ 27976.070710678119212, 18237.929289321880788 ], [ 27953.099999999998545, 18214.95857864376012 ], [ 27953.099999999998545, 18081.0 ], [ 27953.099545311317343, 18080.99047471812446 ], [ 27953.098185380105861, 18080.981036057008168 ], [ 27953.095932573269238, 18080.971769849697012 ], [ 27953.092807377324789, 18080.96276036098061 ], [ 27953.088838212097471, 18080.954089521113929 ], [ 27953.084061172274232, 18080.94583618075194 ], [ 27953.078519699181925, 18080.938075393900363 ], [ 27953.072264185713721, 18080.930877735401737 ], [ 27931.099999999998545, 18057.959874268519343 ], [ 27931.099999999998545, 17968.0 ], [ 27931.099490866381529, 17967.989921929412958 ], [ 27931.097968649864924, 17967.979946480521903 ], [ 27931.095448850686807, 17967.970175230046152 ], [ 27931.091957127129717, 17967.960707675429148 ], [ 27931.087529034273757, 17967.951640221683192 ], [ 27931.082209661941306, 17967.943065199717239 ], [ 27931.076053175554989, 17967.935069926166761 ], [ 27931.069122264598263, 17967.927735814286279 ], [ 27908.143010161911661, 17945.998411194326764 ], [ 27931.070710678119212, 17923.070710678119212 ], [ 27931.077389066453179, 17923.063331922388898 ], [ 27931.083300940023037, 17923.055325883557089 ], [ 27931.088387743548083, 17923.04677185896071 ], [ 27931.092599093812169, 17923.037754573568236 ], [ 27931.095893278692529, 17923.02836334080348 ], [ 27931.098237670310482, 17923.018691177920118 ], [ 27931.09960904818945, 17923.008833884701744 ], [ 27931.099993829255254, 17922.998889094586048 ], [ 27931.099388202372211, 17922.988955307646393 ], [ 27931.097798166087159, 17922.979130914965936 ], [ 27931.095239469213993, 17922.969513224121329 ], [ 27931.091737454862596, 17922.960197495358443 ], [ 27931.087326809392835, 17922.951275998097117 ], [ 27931.0820512188875, 17922.942837097001757 ], [ 27931.075962936436554, 17922.934964376778225 ], [ 27931.069122264598263, 17922.927735814286279 ], [ 27908.099999999998545, 17900.95727103945319 ], [ 27908.099999999998545, 17766.0 ], [ 27908.099545311317343, 17765.99047471812446 ], [ 27908.098185380105861, 17765.981036057008168 ], [ 27908.095932573269238, 17765.971769849697012 ], [ 27908.092807377324789, 17765.96276036098061 ], [ 27908.088838212097471, 17765.954089521113929 ], [ 27908.084061172274232, 17765.94583618075194 ], [ 27908.078519699181925, 17765.938075393900363 ], [ 27908.072264185713721, 17765.930877735401737 ], [ 27886.099999999998545, 17742.959874268519343 ], [ 27886.099999999998545, 17676.0 ], [ 27886.099518472667114, 17675.990198285966471 ], [ 27886.098078528040787, 17675.980490967798687 ], [ 27886.095694033574546, 17675.970971532275144 ], [ 27886.09238795325291, 17675.961731656763732 ], [ 27886.088192126433569, 17675.952860326317023 ], [ 27886.08314696123125, 17675.944442976699065 ], [ 27886.077301045337663, 17675.93656067158372 ], [ 27886.070710678119212, 17675.929289321880788 ], [ 27863.099999999998545, 17652.95857864376012 ], [ 27863.099999999998545, 17473.0 ], [ 27863.099518472667114, 17472.990198285966471 ], [ 27863.098078528040787, 17472.980490967798687 ], [ 27863.095694033574546, 17472.970971532275144 ], [ 27863.09238795325291, 17472.961731656763732 ], [ 27863.088192126433569, 17472.952860326317023 ], [ 27863.08314696123125, 17472.944442976699065 ], [ 27863.077301045337663, 17472.93656067158372 ], [ 27863.070710678119212, 17472.929289321880788 ], [ 27818.143010161911661, 17428.001588805673236 ], [ 27841.069122264598263, 17406.072264185713721 ], [ 27841.076053175554989, 17406.064930073833239 ], [ 27841.082209661941306, 17406.056934800282761 ], [ 27841.087529034273757, 17406.048359778316808 ], [ 27841.091957127129717, 17406.039292324570852 ], [ 27841.095448850686807, 17406.029824769953848 ], [ 27841.097968649864924, 17406.020053519478097 ], [ 27841.099490866381529, 17406.010078070587042 ], [ 27841.099999999998545, 17406.0 ], [ 27841.099999999998545, 17203.0 ], [ 27841.099490866381529, 17202.989921929412958 ], [ 27841.097968649864924, 17202.979946480521903 ], [ 27841.095448850686807, 17202.970175230046152 ], [ 27841.091957127129717, 17202.960707675429148 ], [ 27841.087529034273757, 17202.951640221683192 ], [ 27841.082209661941306, 17202.943065199717239 ], [ 27841.076053175554989, 17202.935069926166761 ], [ 27841.069122264598263, 17202.927735814286279 ], [ 27818.099999999998545, 17180.95727103945319 ], [ 27818.099999999998545, 17158.04272896054681 ], [ 27841.069122264598263, 17136.072264185713721 ], [ 27841.076053175554989, 17136.064930073833239 ], [ 27841.082209661941306, 17136.056934800282761 ], [ 27841.087529034273757, 17136.048359778316808 ], [ 27841.091957127129717, 17136.039292324570852 ], [ 27841.095448850686807, 17136.029824769953848 ], [ 27841.097968649864924, 17136.020053519478097 ], [ 27841.099490866381529, 17136.010078070587042 ], [ 27841.099999999998545, 17136.0 ], [ 27841.099999999998545, 17113.0 ], [ 27841.099490866381529, 17112.989921929412958 ], [ 27841.097968649864924, 17112.979946480521903 ], [ 27841.095448850686807, 17112.970175230046152 ], [ 27841.091957127129717, 17112.960707675429148 ], [ 27841.087529034273757, 17112.951640221683192 ], [ 27841.082209661941306, 17112.943065199717239 ], [ 27841.076053175554989, 17112.935069926166761 ], [ 27841.069122264598263, 17112.927735814286279 ], [ 27818.099999999998545, 17090.95727103945319 ], [ 27818.099999999998545, 16911.0 ], [ 27818.099518472667114, 16910.990198285966471 ], [ 27818.098078528040787, 16910.980490967798687 ], [ 27818.095694033574546, 16910.970971532275144 ], [ 27818.09238795325291, 16910.961731656763732 ], [ 27818.088192126433569, 16910.952860326317023 ], [ 27818.08314696123125, 16910.944442976699065 ], [ 27818.077301045337663, 16910.93656067158372 ], [ 27818.070710678119212, 16910.929289321880788 ], [ 27796.099999999998545, 16888.95857864376012 ], [ 27796.099999999998545, 16754.0 ], [ 27796.099518472667114, 16753.990198285966471 ], [ 27796.098078528040787, 16753.980490967798687 ], [ 27796.095694033574546, 16753.970971532275144 ], [ 27796.09238795325291, 16753.961731656763732 ], [ 27796.088192126433569, 16753.952860326317023 ], [ 27796.08314696123125, 16753.944442976699065 ], [ 27796.077301045337663, 16753.93656067158372 ], [ 27796.070710678119212, 16753.929289321880788 ], [ 27773.099999999998545, 16730.95857864376012 ], [ 27773.099999999998545, 16664.0 ], [ 27773.099545311317343, 16663.99047471812446 ], [ 27773.098185380105861, 16663.981036057008168 ], [ 27773.095932573269238, 16663.971769849697012 ], [ 27773.092807377324789, 16663.96276036098061 ], [ 27773.088838212097471, 16663.954089521113929 ], [ 27773.084061172274232, 16663.94583618075194 ], [ 27773.078519699181925, 16663.938075393900363 ], [ 27773.072264185713721, 16663.930877735401737 ], [ 27751.099999999998545, 16640.959874268519343 ], [ 27751.099999999998545, 16619.040125731480657 ], [ 27773.072264185713721, 16596.069122264598263 ], [ 27773.078605615690321, 16596.061815509237931 ], [ 27773.084211278172006, 16596.05393014582296 ], [ 27773.089028702815995, 16596.045539983257186 ], [ 27773.093012797358824, 16596.036723555480421 ], [ 27773.096126269723754, 16596.027563386385737 ], [ 27773.09833997705573, 16596.018145217352867 ], [ 27773.099633198518859, 16596.008557204717363 ], [ 27773.099993829255254, 16595.998889094586048 ], [ 27773.099418493668054, 16595.989231382794969 ], [ 27773.097912577042734, 16595.979674467856967 ], [ 27773.095490175117448, 16595.970307804789627 ], [ 27773.092173962155357, 16595.961219067823549 ], [ 27773.087994978715869, 16595.952493329721619 ], [ 27773.08299234108199, 16595.944212265490933 ], [ 27773.077212875152327, 16595.936453387890651 ], [ 27773.070710678119212, 16595.929289321880788 ], [ 27751.099999999998545, 16573.95857864376012 ], [ 27751.099999999998545, 16349.0 ], [ 27751.099518472667114, 16348.990198285966471 ], [ 27751.098078528040787, 16348.980490967798687 ], [ 27751.095694033574546, 16348.970971532275144 ], [ 27751.09238795325291, 16348.961731656763732 ], [ 27751.088192126433569, 16348.952860326317023 ], [ 27751.08314696123125, 16348.944442976697246 ], [ 27751.077301045337663, 16348.93656067158372 ], [ 27751.070710678119212, 16348.929289321880788 ], [ 27728.099999999998545, 16325.95857864376012 ], [ 27728.099999999998545, 16236.0 ], [ 27728.099518472667114, 16235.990198285966471 ], [ 27728.098078528040787, 16235.980490967798687 ], [ 27728.095694033574546, 16235.970971532275144 ], [ 27728.09238795325291, 16235.961731656763732 ], [ 27728.088192126433569, 16235.952860326317023 ], [ 27728.08314696123125, 16235.944442976697246 ], [ 27728.077301045337663, 16235.93656067158372 ], [ 27728.070710678119212, 16235.929289321880788 ], [ 27706.099999999998545, 16213.95857864376012 ], [ 27706.099999999998545, 16079.0 ], [ 27706.099490866381529, 16078.989921929414777 ], [ 27706.097968649864924, 16078.979946480520084 ], [ 27706.095448850683169, 16078.970175230044333 ], [ 27706.091957127129717, 16078.960707675429148 ], [ 27706.087529034273757, 16078.951640221683192 ], [ 27706.082209661941306, 16078.94306519971542 ], [ 27706.076053175554989, 16078.935069926166761 ], [ 27706.069122264598263, 16078.927735814284461 ], [ 27683.099999999998545, 16056.957271039449552 ], [ 27683.099999999998545, 15854.0 ], [ 27683.099518472667114, 15853.990198285966471 ], [ 27683.098078528040787, 15853.980490967798687 ], [ 27683.095694033574546, 15853.970971532275144 ], [ 27683.09238795325291, 15853.961731656763732 ], [ 27683.088192126433569, 15853.952860326317023 ], [ 27683.08314696123125, 15853.944442976697246 ], [ 27683.077301045337663, 15853.93656067158372 ], [ 27683.070710678119212, 15853.929289321880788 ], [ 27661.139867465106363, 15831.998446108867938 ], [ 27683.072264185713721, 15809.069122264596444 ], [ 27683.078519699181925, 15809.061924606099637 ], [ 27683.084061172274232, 15809.05416381924806 ], [ 27683.088838212097471, 15809.045910478886071 ], [ 27683.092807377324789, 15809.03723963901939 ], [ 27683.095932573269238, 15809.028230150304807 ], [ 27683.098185380105861, 15809.018963942991832 ], [ 27683.099545311317343, 15809.00952528187554 ], [ 27683.099999999998545, 15809.0 ], [ 27683.099999999998545, 15742.0 ], [ 27683.099545311317343, 15741.99047471812446 ], [ 27683.098185380105861, 15741.981036057008168 ], [ 27683.095932573269238, 15741.971769849695193 ], [ 27683.092807377324789, 15741.96276036098061 ], [ 27683.088838212097471, 15741.954089521113929 ], [ 27683.084061172274232, 15741.94583618075194 ], [ 27683.078519699181925, 15741.938075393900363 ], [ 27683.072264185713721, 15741.930877735403556 ], [ 27661.099999999998545, 15718.959874268519343 ], [ 27661.099999999998545, 15382.0 ], [ 27661.099518472667114, 15381.990198285966471 ], [ 27661.098078528040787, 15381.980490967798687 ], [ 27661.095694033574546, 15381.970971532275144 ], [ 27661.09238795325291, 15381.961731656763732 ], [ 27661.088192126433569, 15381.952860326317023 ], [ 27661.08314696123125, 15381.944442976697246 ], [ 27661.077301045337663, 15381.93656067158372 ], [ 27661.070710678119212, 15381.929289321880788 ], [ 27638.099999999998545, 15358.95857864376012 ], [ 27638.099999999998545, 15179.0 ], [ 27638.099518472667114, 15178.990198285966471 ], [ 27638.098078528040787, 15178.980490967798687 ], [ 27638.095694033574546, 15178.970971532275144 ], [ 27638.09238795325291, 15178.961731656763732 ], [ 27638.088192126433569, 15178.952860326317023 ], [ 27638.08314696123125, 15178.944442976697246 ], [ 27638.077301045337663, 15178.93656067158372 ], [ 27638.070710678119212, 15178.929289321880788 ], [ 27616.099999999998545, 15156.95857864376012 ], [ 27616.099999999998545, 14910.0 ], [ 27616.099518472667114, 14909.990198285966471 ], [ 27616.098078528040787, 14909.980490967798687 ], [ 27616.095694033574546, 14909.970971532275144 ], [ 27616.09238795325291, 14909.961731656763732 ], [ 27616.088192126433569, 14909.952860326317023 ], [ 27616.08314696123125, 14909.944442976697246 ], [ 27616.077301045337663, 14909.93656067158372 ], [ 27616.070710678119212, 14909.929289321880788 ], [ 27593.099999999998545, 14886.95857864376012 ], [ 27593.099999999998545, 14730.0 ], [ 27593.099545311317343, 14729.99047471812446 ], [ 27593.098185380105861, 14729.981036057008168 ], [ 27593.095932573269238, 14729.971769849695193 ], [ 27593.092807377324789, 14729.96276036098061 ], [ 27593.088838212097471, 14729.954089521113929 ], [ 27593.084061172274232, 14729.94583618075194 ], [ 27593.078519699181925, 14729.938075393900363 ], [ 27593.072264185713721, 14729.930877735403556 ], [ 27571.099999999998545, 14706.959874268519343 ], [ 27571.099999999998545, 14482.0 ], [ 27571.099490866381529, 14481.989921929414777 ], [ 27571.097968649864924, 14481.979946480520084 ], [ 27571.095448850683169, 14481.970175230044333 ], [ 27571.091957127129717, 14481.960707675429148 ], [ 27571.087529034273757, 14481.951640221683192 ], [ 27571.082209661941306, 14481.94306519971542 ], [ 27571.076053175554989, 14481.935069926166761 ], [ 27571.069122264598263, 14481.927735814284461 ], [ 27548.099999999998545, 14459.957271039449552 ], [ 27548.099999999998545, 14122.0 ], [ 27548.099518472667114, 14121.990198285966471 ], [ 27548.098078528040787, 14121.980490967798687 ], [ 27548.095694033574546, 14121.970971532275144 ], [ 27548.09238795325291, 14121.961731656763732 ], [ 27548.088192126433569, 14121.952860326317023 ], [ 27548.08314696123125, 14121.944442976697246 ], [ 27548.077301045337663, 14121.93656067158372 ], [ 27548.070710678119212, 14121.929289321880788 ], [ 27526.099999999998545, 14099.95857864376012 ], [ 27526.099999999998545, 13920.0 ], [ 27526.099490866381529, 13919.989921929414777 ], [ 27526.097968649864924, 13919.979946480520084 ], [ 27526.095448850683169, 13919.970175230044333 ], [ 27526.091957127129717, 13919.960707675429148 ], [ 27526.087529034273757, 13919.951640221683192 ], [ 27526.082209661941306, 13919.94306519971542 ], [ 27526.076053175554989, 13919.935069926166761 ], [ 27526.069122264598263, 13919.927735814284461 ], [ 27503.099999999998545, 13897.957271039449552 ], [ 27503.099999999998545, 13560.0 ], [ 27503.099518472667114, 13559.990198285966471 ], [ 27503.098078528040787, 13559.980490967798687 ], [ 27503.095694033574546, 13559.970971532275144 ], [ 27503.09238795325291, 13559.961731656763732 ], [ 27503.088192126433569, 13559.952860326317023 ], [ 27503.08314696123125, 13559.944442976697246 ], [ 27503.077301045337663, 13559.93656067158372 ], [ 27503.070710678119212, 13559.929289321880788 ], [ 27458.143010161911661, 13515.001588805675055 ], [ 27481.069122264598263, 13493.072264185715539 ], [ 27481.075962936436554, 13493.065035623223594 ], [ 27481.082051218883862, 13493.057162903000062 ], [ 27481.087326809389197, 13493.048724001904702 ], [ 27481.091737454858958, 13493.039802504641557 ], [ 27481.095239469213993, 13493.03048677588049 ], [ 27481.097798166087159, 13493.020869085034064 ], [ 27481.099388202372211, 13493.011044692355426 ], [ 27481.099993829255254, 13493.001110905415771 ], [ 27481.09960904818945, 13492.991166115300075 ], [ 27481.098237670310482, 13492.981308822081701 ], [ 27481.095893278692529, 13492.971636659198339 ], [ 27481.092599093812169, 13492.962245426433583 ], [ 27481.088387743548083, 13492.953228141041109 ], [ 27481.083300940023037, 13492.94467411644473 ], [ 27481.077389066453179, 13492.936668077611102 ], [ 27481.070710678119212, 13492.929289321880788 ], [ 27458.099999999998545, 13469.95857864376012 ], [ 27458.099999999998545, 13425.0 ], [ 27458.099518472667114, 13424.990198285966471 ], [ 27458.098078528040787, 13424.980490967798687 ], [ 27458.095694033574546, 13424.970971532275144 ], [ 27458.09238795325291, 13424.961731656763732 ], [ 27458.088192126433569, 13424.952860326317023 ], [ 27458.08314696123125, 13424.944442976697246 ], [ 27458.077301045337663, 13424.93656067158372 ], [ 27458.070710678119212, 13424.929289321880788 ], [ 27413.099999999998545, 13379.95857864376012 ], [ 27413.099999999998545, 13358.0 ], [ 27413.099545311317343, 13357.99047471812446 ], [ 27413.098185380105861, 13357.981036057008168 ], [ 27413.095932573269238, 13357.971769849695193 ], [ 27413.092807377324789, 13357.96276036098061 ], [ 27413.088838212097471, 13357.954089521113929 ], [ 27413.084061172274232, 13357.94583618075194 ], [ 27413.078519699181925, 13357.938075393900363 ], [ 27413.072264185713721, 13357.930877735403556 ], [ 27391.099999999998545, 13334.959874268519343 ], [ 27391.099999999998545, 13313.0 ], [ 27391.099518472667114, 13312.990198285966471 ], [ 27391.098078528040787, 13312.980490967798687 ], [ 27391.095694033574546, 13312.970971532275144 ], [ 27391.09238795325291, 13312.961731656763732 ], [ 27391.088192126433569, 13312.952860326317023 ], [ 27391.08314696123125, 13312.944442976697246 ], [ 27391.077301045337663, 13312.93656067158372 ], [ 27391.070710678119212, 13312.929289321880788 ], [ 27368.099999999998545, 13289.95857864376012 ], [ 27368.099999999998545, 13268.0 ], [ 27368.099545311317343, 13267.99047471812446 ], [ 27368.098185380105861, 13267.981036057008168 ], [ 27368.095932573269238, 13267.971769849695193 ], [ 27368.092807377324789, 13267.96276036098061 ], [ 27368.088838212097471, 13267.954089521113929 ], [ 27368.084061172274232, 13267.94583618075194 ], [ 27368.078519699181925, 13267.938075393900363 ], [ 27368.072264185713721, 13267.930877735403556 ], [ 27346.099999999998545, 13244.959874268519343 ], [ 27346.099999999998545, 13223.0 ], [ 27346.099518472667114, 13222.990198285966471 ], [ 27346.098078528040787, 13222.980490967798687 ], [ 27346.095694033574546, 13222.970971532275144 ], [ 27346.09238795325291, 13222.961731656763732 ], [ 27346.088192126433569, 13222.952860326317023 ], [ 27346.08314696123125, 13222.944442976697246 ], [ 27346.077301045337663, 13222.93656067158372 ], [ 27346.070710678119212, 13222.929289321880788 ], [ 27323.099999999998545, 13199.95857864376012 ], [ 27323.099999999998545, 13178.0 ], [ 27323.099545311317343, 13177.99047471812446 ], [ 27323.098185380105861, 13177.981036057008168 ], [ 27323.095932573269238, 13177.971769849695193 ], [ 27323.092807377324789, 13177.96276036098061 ], [ 27323.088838212097471, 13177.954089521113929 ], [ 27323.084061172274232, 13177.94583618075194 ], [ 27323.078519699181925, 13177.938075393900363 ], [ 27323.072264185713721, 13177.930877735403556 ], [ 27301.099999999998545, 13154.959874268519343 ], [ 27301.099999999998545, 13110.0 ], [ 27301.099490866381529, 13109.989921929414777 ], [ 27301.097968649864924, 13109.979946480520084 ], [ 27301.095448850683169, 13109.970175230044333 ], [ 27301.091957127129717, 13109.960707675429148 ], [ 27301.087529034273757, 13109.951640221683192 ], [ 27301.082209661941306, 13109.94306519971542 ], [ 27301.076053175554989, 13109.935069926166761 ], [ 27301.069122264598263, 13109.927735814284461 ], [ 27278.099999999998545, 13087.957271039449552 ], [ 27278.099999999998545, 13021.04142135623988 ], [ 27301.070710678119212, 12998.070710678119212 ], [ 27301.077301045337663, 12998.06343932841628 ], [ 27301.08314696123125, 12998.055557023302754 ], [ 27301.088192126433569, 12998.047139673682977 ], [ 27301.09238795325291, 12998.038268343236268 ], [ 27301.095694033574546, 12998.029028467724856 ], [ 27301.098078528040787, 12998.019509032201313 ], [ 27301.099518472667114, 12998.009801714033529 ], [ 27301.099999999998545, 12998.0 ], [ 27301.099999999998545, 12841.040125731480657 ], [ 27323.072264185713721, 12818.069122264596444 ], [ 27323.078519699181925, 12818.061924606099637 ], [ 27323.084061172274232, 12818.05416381924806 ], [ 27323.088838212097471, 12818.045910478886071 ], [ 27323.092807377324789, 12818.03723963901939 ], [ 27323.095932573269238, 12818.028230150304807 ], [ 27323.098185380105861, 12818.018963942991832 ], [ 27323.099545311317343, 12818.00952528187554 ], [ 27323.099999999998545, 12818.0 ], [ 27323.099999999998545, 12796.04142135623988 ], [ 27346.070710678119212, 12773.070710678119212 ], [ 27346.077301045337663, 12773.06343932841628 ], [ 27346.08314696123125, 12773.055557023302754 ], [ 27346.088192126433569, 12773.047139673682977 ], [ 27346.09238795325291, 12773.038268343236268 ], [ 27346.095694033574546, 12773.029028467724856 ], [ 27346.098078528040787, 12773.019509032201313 ], [ 27346.099518472667114, 12773.009801714033529 ], [ 27346.099999999998545, 12773.0 ], [ 27346.099999999998545, 12751.040125731480657 ], [ 27368.072264185713721, 12728.069122264596444 ], [ 27368.078519699181925, 12728.061924606099637 ], [ 27368.084061172274232, 12728.05416381924806 ], [ 27368.088838212097471, 12728.045910478886071 ], [ 27368.092807377324789, 12728.03723963901939 ], [ 27368.095932573269238, 12728.028230150304807 ], [ 27368.098185380105861, 12728.018963942991832 ], [ 27368.099545311317343, 12728.00952528187554 ], [ 27368.099999999998545, 12728.0 ], [ 27368.099999999998545, 12706.04142135623988 ], [ 27391.070710678119212, 12683.070710678119212 ], [ 27391.077301045337663, 12683.06343932841628 ], [ 27391.08314696123125, 12683.055557023302754 ], [ 27391.088192126433569, 12683.047139673682977 ], [ 27391.09238795325291, 12683.038268343236268 ], [ 27391.095694033574546, 12683.029028467724856 ], [ 27391.098078528040787, 12683.019509032201313 ], [ 27391.099518472667114, 12683.009801714033529 ], [ 27391.099999999998545, 12683.0 ], [ 27391.099999999998545, 12661.040125731480657 ], [ 27413.070728135349782, 12638.070728135431636 ], [ 27436.069122264598263, 12616.072264185715539 ], [ 27436.076053175554989, 12616.064930073833239 ], [ 27436.082209661941306, 12616.05693480028458 ], [ 27436.087529034273757, 12616.048359778316808 ], [ 27436.091957127129717, 12616.039292324570852 ], [ 27436.095448850683169, 12616.029824769955667 ], [ 27436.097968649864924, 12616.020053519479916 ], [ 27436.099490866381529, 12616.010078070585223 ], [ 27436.099999999998545, 12616.0 ], [ 27436.099999999998545, 12571.0 ], [ 27436.099518472667114, 12570.990198285966471 ], [ 27436.098078528040787, 12570.980490967798687 ], [ 27436.095694033574546, 12570.970971532275144 ], [ 27436.09238795325291, 12570.961731656763732 ], [ 27436.088192126433569, 12570.952860326317023 ], [ 27436.08314696123125, 12570.944442976697246 ], [ 27436.077301045337663, 12570.93656067158372 ], [ 27436.070710678119212, 12570.929289321880788 ], [ 27413.099999999998545, 12547.95857864376012 ], [ 27413.099999999998545, 12526.04142135623988 ], [ 27436.070710678119212, 12503.070710678119212 ], [ 27436.077301045337663, 12503.06343932841628 ], [ 27436.08314696123125, 12503.055557023302754 ], [ 27436.088192126433569, 12503.047139673682977 ], [ 27436.09238795325291, 12503.038268343236268 ], [ 27436.095694033574546, 12503.029028467724856 ], [ 27436.098078528040787, 12503.019509032201313 ], [ 27436.099518472667114, 12503.009801714033529 ], [ 27436.099999999998545, 12503.0 ], [ 27436.099999999998545, 12481.0 ], [ 27436.099518472667114, 12480.990198285966471 ], [ 27436.098078528040787, 12480.980490967798687 ], [ 27436.095694033574546, 12480.970971532275144 ], [ 27436.09238795325291, 12480.961731656763732 ], [ 27436.088192126433569, 12480.952860326317023 ], [ 27436.08314696123125, 12480.944442976697246 ], [ 27436.077301045337663, 12480.93656067158372 ], [ 27436.070710678119212, 12480.929289321880788 ], [ 27413.099999999998545, 12457.95857864376012 ], [ 27413.099999999998545, 12211.0 ], [ 27413.099545311317343, 12210.99047471812446 ], [ 27413.098185380105861, 12210.981036057008168 ], [ 27413.095932573269238, 12210.971769849695193 ], [ 27413.092807377324789, 12210.96276036098061 ], [ 27413.088838212097471, 12210.954089521113929 ], [ 27413.084061172274232, 12210.94583618075194 ], [ 27413.078519699181925, 12210.938075393900363 ], [ 27413.072264185713721, 12210.930877735403556 ], [ 27391.139867465106363, 12188.001553891132062 ], [ 27413.070710678119212, 12166.070710678119212 ], [ 27413.077212875152327, 12166.063546612109349 ], [ 27413.08299234108199, 12166.055787734509067 ], [ 27413.087994978715869, 12166.0475066702802 ], [ 27413.092173962155357, 12166.038780932176451 ], [ 27413.095490175117448, 12166.029692195208554 ], [ 27413.097912577042734, 12166.020325532144852 ], [ 27413.099418493668054, 12166.010768617205031 ], [ 27413.099993829255254, 12166.001110905415771 ], [ 27413.099633198518859, 12165.991442795282637 ], [ 27413.09833997705573, 12165.981854782647133 ], [ 27413.096126269723754, 12165.972436613616082 ], [ 27413.093012797358824, 12165.963276444519579 ], [ 27413.089028702815995, 12165.954460016744633 ], [ 27413.084211278175644, 12165.946069854178859 ], [ 27413.078605615690321, 12165.938184490763888 ], [ 27413.072264185713721, 12165.930877735403556 ], [ 27391.099999999998545, 12142.959874268519343 ], [ 27391.099999999998545, 11986.0 ], [ 27391.099490866381529, 11985.989921929414777 ], [ 27391.097968649864924, 11985.979946480520084 ], [ 27391.095448850683169, 11985.970175230044333 ], [ 27391.091957127129717, 11985.960707675429148 ], [ 27391.087529034273757, 11985.951640221683192 ], [ 27391.082209661941306, 11985.94306519971542 ], [ 27391.076053175554989, 11985.935069926166761 ], [ 27391.069122264598263, 11985.927735814284461 ], [ 27368.099999999998545, 11963.957271039449552 ], [ 27368.099999999998545, 11491.042728960550448 ], [ 27391.069122264598263, 11469.072264185715539 ], [ 27391.075962936436554, 11469.065035623223594 ], [ 27391.082051218883862, 11469.057162903000062 ], [ 27391.087326809389197, 11469.048724001904702 ], [ 27391.091737454858958, 11469.039802504641557 ], [ 27391.095239469213993, 11469.03048677588049 ], [ 27391.097798166087159, 11469.020869085034064 ], [ 27391.099388202372211, 11469.011044692355426 ], [ 27391.099993829255254, 11469.001110905415771 ], [ 27391.09960904818945, 11468.991166115300075 ], [ 27391.098237670310482, 11468.981308822081701 ], [ 27391.095893278692529, 11468.971636659198339 ], [ 27391.092599093812169, 11468.962245426433583 ], [ 27391.088387743548083, 11468.953228141041109 ], [ 27391.083300940023037, 11468.94467411644473 ], [ 27391.077389066453179, 11468.936668077611102 ], [ 27391.070710678119212, 11468.929289321880788 ], [ 27368.143010161911661, 11446.001588805675055 ], [ 27391.069122264598263, 11424.072264185715539 ], [ 27391.076053175554989, 11424.064930073833239 ], [ 27391.082209661941306, 11424.05693480028458 ], [ 27391.087529034273757, 11424.048359778316808 ], [ 27391.091957127129717, 11424.039292324570852 ], [ 27391.095448850683169, 11424.029824769955667 ], [ 27391.097968649864924, 11424.020053519479916 ], [ 27391.099490866381529, 11424.010078070585223 ], [ 27391.099999999998545, 11424.0 ], [ 27391.099999999998545, 11176.0 ], [ 27391.099490866381529, 11175.989921929414777 ], [ 27391.097968649864924, 11175.979946480520084 ], [ 27391.095448850683169, 11175.970175230044333 ], [ 27391.091957127129717, 11175.960707675429148 ], [ 27391.087529034273757, 11175.951640221683192 ], [ 27391.082209661941306, 11175.94306519971542 ], [ 27391.076053175554989, 11175.935069926166761 ], [ 27391.069122264598263, 11175.927735814284461 ], [ 27368.143010161911661, 11153.998411194324945 ], [ 27391.070710678119212, 11131.070710678119212 ], [ 27391.077389066453179, 11131.063331922388898 ], [ 27391.083300940023037, 11131.05532588355527 ], [ 27391.088387743548083, 11131.046771858958891 ], [ 27391.092599093812169, 11131.037754573566417 ], [ 27391.095893278692529, 11131.028363340801661 ], [ 27391.098237670310482, 11131.018691177918299 ], [ 27391.09960904818945, 11131.008833884699925 ], [ 27391.099993829255254, 11130.998889094584229 ], [ 27391.099388202372211, 11130.988955307644574 ], [ 27391.097798166087159, 11130.979130914965936 ], [ 27391.095239469213993, 11130.96951322411951 ], [ 27391.091737454858958, 11130.960197495358443 ], [ 27391.087326809389197, 11130.951275998095298 ], [ 27391.082051218883862, 11130.942837096999938 ], [ 27391.075962936436554, 11130.934964376776406 ], [ 27391.069122264598263, 11130.927735814284461 ], [ 27368.099999999998545, 11108.957271039449552 ], [ 27368.099999999998545, 9670.0 ], [ 27368.099545311317343, 9669.99047471812446 ], [ 27368.098185380105861, 9669.981036057008168 ], [ 27368.095932573269238, 9669.971769849695193 ], [ 27368.092807377324789, 9669.96276036098061 ], [ 27368.088838212097471, 9669.954089521113929 ], [ 27368.084061172274232, 9669.94583618075194 ], [ 27368.078519699181925, 9669.938075393900363 ], [ 27368.072264185713721, 9669.930877735403556 ], [ 27346.099999999998545, 9646.959874268519343 ], [ 27346.099999999998545, 9130.0 ], [ 27346.099518472667114, 9129.990198285966471 ], [ 27346.098078528040787, 9129.980490967798687 ], [ 27346.095694033574546, 9129.970971532275144 ], [ 27346.09238795325291, 9129.961731656763732 ], [ 27346.088192126433569, 9129.952860326317023 ], [ 27346.08314696123125, 9129.944442976697246 ], [ 27346.077301045337663, 9129.93656067158372 ], [ 27346.070710678119212, 9129.929289321880788 ], [ 27323.099999999998545, 9106.95857864376012 ], [ 27323.099999999998545, 9018.04142135623988 ], [ 27346.070710678119212, 8995.070710678119212 ], [ 27346.077301045337663, 8995.06343932841628 ], [ 27346.08314696123125, 8995.055557023302754 ], [ 27346.088192126433569, 8995.047139673682977 ], [ 27346.09238795325291, 8995.038268343236268 ], [ 27346.095694033574546, 8995.029028467724856 ], [ 27346.098078528040787, 8995.019509032201313 ], [ 27346.099518472667114, 8995.009801714033529 ], [ 27346.099999999998545, 8995.0 ], [ 27346.099999999998545, 8680.04142135623988 ], [ 27368.070710678119212, 8658.070710678119212 ], [ 27368.077301045337663, 8658.06343932841628 ], [ 27368.08314696123125, 8658.055557023302754 ], [ 27368.088192126433569, 8658.047139673682977 ], [ 27368.09238795325291, 8658.038268343236268 ], [ 27368.095694033574546, 8658.029028467724856 ], [ 27368.098078528040787, 8658.019509032201313 ], [ 27368.099518472667114, 8658.009801714033529 ], [ 27368.099999999998545, 8658.0 ], [ 27368.099999999998545, 8410.042728960550448 ], [ 27391.069122264598263, 8388.072264185715539 ], [ 27391.076053175554989, 8388.064930073833239 ], [ 27391.082209661941306, 8388.05693480028458 ], [ 27391.087529034273757, 8388.048359778316808 ], [ 27391.091957127129717, 8388.039292324570852 ], [ 27391.095448850683169, 8388.029824769955667 ], [ 27391.097968649864924, 8388.020053519479916 ], [ 27391.099490866381529, 8388.010078070585223 ], [ 27391.099999999998545, 8388.0 ], [ 27391.099999999998545, 8320.04142135623988 ], [ 27413.070710678119212, 8298.070710678119212 ], [ 27413.077301045337663, 8298.06343932841628 ], [ 27413.08314696123125, 8298.055557023302754 ], [ 27413.088192126433569, 8298.047139673682977 ], [ 27413.09238795325291, 8298.038268343236268 ], [ 27413.095694033574546, 8298.029028467724856 ], [ 27413.098078528040787, 8298.019509032201313 ], [ 27413.099518472667114, 8298.009801714033529 ], [ 27413.099999999998545, 8298.0 ], [ 27413.099999999998545, 8230.042728960550448 ], [ 27436.069122264598263, 8208.072264185715539 ], [ 27436.076053175554989, 8208.064930073833239 ], [ 27436.082209661941306, 8208.05693480028458 ], [ 27436.087529034273757, 8208.048359778316808 ], [ 27436.091957127129717, 8208.039292324570852 ], [ 27436.095448850683169, 8208.029824769955667 ], [ 27436.097968649864924, 8208.020053519479916 ], [ 27436.099490866381529, 8208.010078070585223 ], [ 27436.099999999998545, 8208.0 ], [ 27436.099999999998545, 7871.040125731480657 ], [ 27458.072264185713721, 7848.069122264596444 ], [ 27458.078605615690321, 7848.061815509235203 ], [ 27458.084211278175644, 7848.053930145821141 ], [ 27458.089028702815995, 7848.045539983256276 ], [ 27458.093012797358824, 7848.036723555481331 ], [ 27458.096126269723754, 7848.027563386383918 ], [ 27458.09833997705573, 7848.018145217352867 ], [ 27458.099633198518859, 7848.008557204717363 ], [ 27458.099993829255254, 7847.998889094585138 ], [ 27458.099418493668054, 7847.989231382794969 ], [ 27458.097912577042734, 7847.979674467856057 ], [ 27458.095490175117448, 7847.970307804791446 ], [ 27458.092173962155357, 7847.961219067824459 ], [ 27458.087994978715869, 7847.95249332972071 ], [ 27458.08299234108199, 7847.944212265491842 ], [ 27458.077212875152327, 7847.936453387890651 ], [ 27458.070710678119212, 7847.929289321881697 ], [ 27436.099999999998545, 7825.95857864376103 ], [ 27436.099999999998545, 7781.040125731480657 ], [ 27458.072264185713721, 7758.069122264596444 ], [ 27458.078519699181925, 7758.061924606098728 ], [ 27458.084061172274232, 7758.05416381924897 ], [ 27458.088838212097471, 7758.045910478886071 ], [ 27458.092807377324789, 7758.03723963901939 ], [ 27458.095932573269238, 7758.028230150303898 ], [ 27458.098185380105861, 7758.018963942991832 ], [ 27458.099545311317343, 7758.00952528187463 ], [ 27458.099999999998545, 7758.0 ], [ 27458.099999999998545, 7308.042728960549539 ], [ 27481.069122264598263, 7286.07226418571463 ], [ 27481.076053175554989, 7286.064930073833239 ], [ 27481.082209661941306, 7286.05693480028458 ], [ 27481.087529034273757, 7286.048359778316808 ], [ 27481.091957127129717, 7286.039292324569942 ], [ 27481.095448850686807, 7286.029824769955667 ], [ 27481.097968649864924, 7286.020053519479916 ], [ 27481.099490866381529, 7286.010078070585223 ], [ 27481.099999999998545, 7286.0 ], [ 27481.099999999998545, 6971.04142135623897 ], [ 27503.070710678119212, 6949.070710678118303 ], [ 27503.077301045337663, 6949.06343932841628 ], [ 27503.08314696123125, 6949.055557023301844 ], [ 27503.088192126433569, 6949.047139673682068 ], [ 27503.09238795325291, 6949.038268343236268 ], [ 27503.095694033574546, 6949.029028467724856 ], [ 27503.098078528040787, 6949.019509032201313 ], [ 27503.099518472667114, 6949.009801714032619 ], [ 27503.099999999998545, 6949.0 ], [ 27503.099999999998545, 6521.042728960549539 ], [ 27526.069122264598263, 6499.07226418571463 ], [ 27526.076053175554989, 6499.064930073833239 ], [ 27526.082209661941306, 6499.05693480028458 ], [ 27526.087529034273757, 6499.048359778316808 ], [ 27526.091957127129717, 6499.039292324569942 ], [ 27526.095448850686807, 6499.029824769955667 ], [ 27526.097968649864924, 6499.020053519479916 ], [ 27526.099490866381529, 6499.010078070585223 ], [ 27526.099999999998545, 6499.0 ], [ 27526.099999999998545, 6274.0 ], [ 27526.099518472667114, 6273.990198285967381 ], [ 27526.098078528040787, 6273.980490967798687 ], [ 27526.095694033574546, 6273.970971532275144 ], [ 27526.09238795325291, 6273.961731656763732 ], [ 27526.088192126433569, 6273.952860326317932 ], [ 27526.08314696123125, 6273.944442976698156 ], [ 27526.077301045337663, 6273.93656067158372 ], [ 27526.070710678119212, 6273.929289321881697 ], [ 27503.099999999998545, 6250.95857864376103 ], [ 27503.099999999998545, 5869.0 ], [ 27503.099518472667114, 5868.990198285967381 ], [ 27503.098078528040787, 5868.980490967798687 ], [ 27503.095694033574546, 5868.970971532275144 ], [ 27503.09238795325291, 5868.961731656763732 ], [ 27503.088192126433569, 5868.952860326317932 ], [ 27503.08314696123125, 5868.944442976698156 ], [ 27503.077301045337663, 5868.93656067158372 ], [ 27503.070710678119212, 5868.929289321881697 ], [ 27481.099999999998545, 5846.95857864376103 ], [ 27481.099999999998545, 5622.0 ], [ 27481.099518472667114, 5621.990198285967381 ], [ 27481.098078528040787, 5621.980490967798687 ], [ 27481.095694033574546, 5621.970971532275144 ], [ 27481.09238795325291, 5621.961731656763732 ], [ 27481.088192126433569, 5621.952860326317932 ], [ 27481.08314696123125, 5621.944442976698156 ], [ 27481.077301045337663, 5621.93656067158372 ], [ 27481.070710678119212, 5621.929289321881697 ], [ 27458.099999999998545, 5598.95857864376103 ], [ 27458.099999999998545, 5577.04142135623897 ], [ 27481.070710678119212, 5554.070710678118303 ], [ 27481.077301045337663, 5554.06343932841628 ], [ 27481.08314696123125, 5554.055557023301844 ], [ 27481.088192126433569, 5554.047139673682068 ], [ 27481.09238795325291, 5554.038268343236268 ], [ 27481.095694033574546, 5554.029028467724856 ], [ 27481.098078528040787, 5554.019509032201313 ], [ 27481.099518472667114, 5554.009801714032619 ], [ 27481.099999999998545, 5554.0 ], [ 27481.099999999998545, 5532.0 ], [ 27481.099518472667114, 5531.990198285967381 ], [ 27481.098078528040787, 5531.980490967798687 ], [ 27481.095694033574546, 5531.970971532275144 ], [ 27481.09238795325291, 5531.961731656763732 ], [ 27481.088192126433569, 5531.952860326317932 ], [ 27481.08314696123125, 5531.944442976698156 ], [ 27481.077301045337663, 5531.93656067158372 ], [ 27481.070710678119212, 5531.929289321881697 ], [ 27458.099999999998545, 5508.95857864376103 ], [ 27458.099999999998545, 5487.04142135623897 ], [ 27481.070710678119212, 5464.070710678118303 ], [ 27481.077301045337663, 5464.06343932841628 ], [ 27481.08314696123125, 5464.055557023301844 ], [ 27481.088192126433569, 5464.047139673682068 ], [ 27481.09238795325291, 5464.038268343236268 ], [ 27481.095694033574546, 5464.029028467724856 ], [ 27481.098078528040787, 5464.019509032201313 ], [ 27481.099518472667114, 5464.009801714032619 ], [ 27481.099999999998545, 5464.0 ], [ 27481.099999999998545, 5307.040125731480657 ], [ 27503.072264185713721, 5284.069122264596444 ], [ 27503.078519699181925, 5284.061924606098728 ], [ 27503.084061172274232, 5284.05416381924897 ], [ 27503.088838212097471, 5284.045910478886071 ], [ 27503.092807377324789, 5284.03723963901939 ], [ 27503.095932573269238, 5284.028230150303898 ], [ 27503.098185380105861, 5284.018963942991832 ], [ 27503.099545311317343, 5284.00952528187463 ], [ 27503.099999999998545, 5284.0 ], [ 27503.099999999998545, 5082.04142135623897 ], [ 27526.070710678119212, 5059.070710678118303 ], [ 27526.077301045337663, 5059.06343932841628 ], [ 27526.08314696123125, 5059.055557023301844 ], [ 27526.088192126433569, 5059.047139673682068 ], [ 27526.09238795325291, 5059.038268343236268 ], [ 27526.095694033574546, 5059.029028467724856 ], [ 27526.098078528040787, 5059.019509032201313 ], [ 27526.099518472667114, 5059.009801714032619 ], [ 27526.099999999998545, 5059.0 ], [ 27526.099999999998545, 4430.0 ], [ 27526.099518472667114, 4429.990198285967381 ], [ 27526.098078528040787, 4429.980490967798687 ], [ 27526.095694033574546, 4429.970971532275144 ], [ 27526.09238795325291, 4429.961731656763732 ], [ 27526.088192126433569, 4429.952860326317932 ], [ 27526.08314696123125, 4429.944442976698156 ], [ 27526.077301045337663, 4429.93656067158372 ], [ 27526.070710678119212, 4429.929289321881697 ], [ 27481.070710678119212, 4384.929289321881697 ], [ 27481.06343932841628, 4384.922698954664156 ], [ 27481.055557023300935, 4384.916853038769659 ], [ 27481.047139673682977, 4384.911807873565522 ], [ 27481.038268343236268, 4384.907612046748909 ], [ 27481.029028467724856, 4384.904305966427273 ], [ 27481.019509032201313, 4384.901921471960122 ], [ 27481.009801714033529, 4384.900481527332886 ], [ 27481.0, 4384.899999999999636 ], [ 27458.0, 4384.899999999999636 ], [ 27457.990198285966471, 4384.900481527332886 ], [ 27457.980490967798687, 4384.901921471960122 ], [ 27457.970971532275144, 4384.904305966427273 ], [ 27457.961731656763732, 4384.907612046748909 ], [ 27457.952860326317023, 4384.911807873565522 ], [ 27457.944442976699065, 4384.916853038769659 ], [ 27457.93656067158372, 4384.922698954664156 ], [ 27457.929289321880788, 4384.929289321881697 ], [ 27435.998446108867938, 4406.860132534892728 ], [ 27413.099999999998545, 4384.957271039450461 ], [ 27413.099999999998545, 4362.0 ], [ 27413.099518472667114, 4361.990198285967381 ], [ 27413.098078528040787, 4361.980490967798687 ], [ 27413.095694033574546, 4361.970971532274234 ], [ 27413.09238795325291, 4361.961731656763732 ], [ 27413.088192126433569, 4361.952860326317023 ], [ 27413.08314696123125, 4361.944442976698156 ], [ 27413.077301045337663, 4361.93656067158372 ], [ 27413.070710678119212, 4361.929289321881697 ], [ 27413.06343932841628, 4361.922698954664156 ], [ 27413.055557023300935, 4361.916853038769659 ], [ 27413.047139673682977, 4361.911807873565522 ], [ 27413.038268343236268, 4361.907612046748909 ], [ 27413.029028467724856, 4361.904305966426364 ], [ 27413.019509032201313, 4361.901921471960122 ], [ 27413.009801714033529, 4361.900481527332886 ], [ 27413.0, 4361.899999999999636 ], [ 27368.041421356236242, 4361.899999999999636 ], [ 27346.070710678119212, 4339.929289321881697 ], [ 27346.06343932841628, 4339.922698954664156 ], [ 27346.055557023300935, 4339.916853038769659 ], [ 27346.047139673682977, 4339.911807873565522 ], [ 27346.038268343236268, 4339.907612046748909 ], [ 27346.029028467724856, 4339.904305966427273 ], [ 27346.019509032201313, 4339.901921471960122 ], [ 27346.009801714033529, 4339.900481527332886 ], [ 27346.0, 4339.899999999999636 ], [ 27301.041421356236242, 4339.899999999999636 ], [ 27278.070710678119212, 4316.929289321881697 ], [ 27278.06343932841628, 4316.922698954664156 ], [ 27278.055557023300935, 4316.916853038769659 ], [ 27278.047139673682977, 4316.911807873565522 ], [ 27278.038268343236268, 4316.907612046748909 ], [ 27278.029028467724856, 4316.904305966427273 ], [ 27278.019509032201313, 4316.901921471960122 ], [ 27278.009801714033529, 4316.900481527332886 ], [ 27278.0, 4316.899999999999636 ], [ 27233.0, 4316.899999999999636 ], [ 27232.989921929412958, 4316.900509133618471 ], [ 27232.979946480518265, 4316.902031350134166 ], [ 27232.970175230042514, 4316.904551149315012 ], [ 27232.960707675429148, 4316.908042872871192 ], [ 27232.951640221683192, 4316.912470965724424 ], [ 27232.943065199713601, 4316.917790338058694 ], [ 27232.935069926166761, 4316.92394682444592 ], [ 27232.927735814286279, 4316.930877735403556 ], [ 27210.957271039456828, 4339.899999999999636 ], [ 27188.042728960543172, 4339.899999999999636 ], [ 27166.072264185713721, 4316.930877735403556 ], [ 27166.064930073833239, 4316.92394682444592 ], [ 27166.056934800286399, 4316.917790338058694 ], [ 27166.048359778316808, 4316.912470965724424 ], [ 27166.039292324570852, 4316.908042872871192 ], [ 27166.029824769957486, 4316.904551149315012 ], [ 27166.020053519481735, 4316.902031350134166 ], [ 27166.010078070587042, 4316.900509133618471 ], [ 27166.0, 4316.899999999999636 ], [ 26964.040125731480657, 4316.899999999999636 ], [ 26941.069122264598263, 4294.92773581428537 ], [ 26941.061815509234293, 4294.921394384310588 ], [ 26941.05393014582296, 4294.915788721826175 ], [ 26941.045539983257186, 4294.910971297184915 ], [ 26941.036723555480421, 4294.906987202639357 ], [ 26941.027563386382099, 4294.903873730276246 ], [ 26941.018145217352867, 4294.90166002294427 ], [ 26941.008557204717363, 4294.900366801479322 ], [ 26940.998889094586048, 4294.900006170744746 ], [ 26940.989231382794969, 4294.900581506331037 ], [ 26940.979674467856967, 4294.902087422958175 ], [ 26940.970307804789627, 4294.904509824884371 ], [ 26940.961219067823549, 4294.907826037843734 ], [ 26940.952493329721619, 4294.91200502128595 ], [ 26940.944212265490933, 4294.91700765891801 ], [ 26940.936453387890651, 4294.922787124847673 ], [ 26940.929289321880788, 4294.929289321881697 ], [ 26918.998446108867938, 4316.860132534892728 ], [ 26896.069122264598263, 4294.92773581428537 ], [ 26896.061924606099637, 4294.921480300818985 ], [ 26896.05416381924806, 4294.915938827723949 ], [ 26896.045910478886071, 4294.911161787903438 ], [ 26896.03723963901939, 4294.907192622676121 ], [ 26896.028230150302988, 4294.904067426732581 ], [ 26896.018963942991832, 4294.901814619895958 ], [ 26896.00952528187554, 4294.900454688682657 ], [ 26896.0, 4294.899999999999636 ], [ 26716.042728960543172, 4294.899999999999636 ], [ 26694.072264185713721, 4271.930877735403556 ], [ 26694.065035623221775, 4271.924037063564356 ], [ 26694.057162903001881, 4271.917948781115228 ], [ 26694.048724001902883, 4271.912673190608984 ], [ 26694.039802504641557, 4271.908262545139223 ], [ 26694.030486775878671, 4271.904760530784188 ], [ 26694.020869085034064, 4271.90220183391375 ], [ 26694.011044692353607, 4271.900611797627789 ], [ 26694.001110905413952, 4271.900006170744746 ], [ 26693.991166115301894, 4271.90039095181146 ], [ 26693.981308822079882, 4271.901762329689518 ], [ 26693.97163665919652, 4271.904106721306562 ], [ 26693.962245426431764, 4271.907400906188741 ], [ 26693.95322814103929, 4271.911612256451917 ], [ 26693.944674116442911, 4271.916699059976963 ], [ 26693.936668077611102, 4271.922610933545911 ], [ 26693.929289321880788, 4271.929289321881697 ], [ 26671.001588805673236, 4294.856989838089248 ], [ 26649.072264185713721, 4271.930877735403556 ], [ 26649.064930073833239, 4271.92394682444592 ], [ 26649.056934800286399, 4271.917790338058694 ], [ 26649.048359778316808, 4271.912470965724424 ], [ 26649.039292324570852, 4271.908042872871192 ], [ 26649.029824769957486, 4271.904551149315012 ], [ 26649.020053519481735, 4271.902031350134166 ], [ 26649.010078070587042, 4271.900509133618471 ], [ 26649.0, 4271.899999999999636 ], [ 26604.040125731480657, 4271.899999999999636 ], [ 26581.069122264598263, 4249.92773581428537 ], [ 26581.061924606099637, 4249.921480300818985 ], [ 26581.05416381924806, 4249.915938827723949 ], [ 26581.045910478886071, 4249.911161787903438 ], [ 26581.03723963901939, 4249.907192622676121 ], [ 26581.028230150302988, 4249.904067426732581 ], [ 26581.018963942991832, 4249.901814619895958 ], [ 26581.00952528187554, 4249.900454688682657 ], [ 26581.0, 4249.899999999999636 ], [ 26424.041421356236242, 4249.899999999999636 ], [ 26401.070710678119212, 4226.929289321881697 ], [ 26401.06343932841628, 4226.922698954664156 ], [ 26401.055557023300935, 4226.916853038769659 ], [ 26401.047139673682977, 4226.911807873565522 ], [ 26401.038268343236268, 4226.907612046748909 ], [ 26401.029028467724856, 4226.904305966427273 ], [ 26401.019509032201313, 4226.901921471960122 ], [ 26401.009801714033529, 4226.900481527332886 ], [ 26401.0, 4226.899999999999636 ], [ 26289.040125731480657, 4226.899999999999636 ], [ 26266.069122264598263, 4204.92773581428537 ], [ 26266.061924606099637, 4204.921480300818985 ], [ 26266.05416381924806, 4204.915938827723949 ], [ 26266.045910478886071, 4204.911161787903438 ], [ 26266.03723963901939, 4204.907192622676121 ], [ 26266.028230150302988, 4204.904067426732581 ], [ 26266.018963942991832, 4204.901814619895958 ], [ 26266.00952528187554, 4204.900454688682657 ], [ 26266.0, 4204.899999999999636 ], [ 26221.042728960543172, 4204.899999999999636 ], [ 26199.072264185713721, 4181.930877735403556 ], [ 26199.064930073833239, 4181.92394682444592 ], [ 26199.056934800286399, 4181.917790338058694 ], [ 26199.048359778316808, 4181.912470965724424 ], [ 26199.039292324570852, 4181.908042872871192 ], [ 26199.029824769957486, 4181.904551149315012 ], [ 26199.020053519481735, 4181.902031350134166 ], [ 26199.010078070587042, 4181.900509133618471 ], [ 26199.0, 4181.899999999999636 ], [ 25952.040125731480657, 4181.899999999999636 ], [ 25929.069122264598263, 4159.92773581428537 ], [ 25929.061924606099637, 4159.921480300818985 ], [ 25929.05416381924806, 4159.915938827723949 ], [ 25929.045910478886071, 4159.911161787903438 ], [ 25929.03723963901939, 4159.907192622676121 ], [ 25929.028230150302988, 4159.904067426732581 ], [ 25929.018963942991832, 4159.901814619895958 ], [ 25929.00952528187554, 4159.900454688682657 ], [ 25929.0, 4159.899999999999636 ], [ 25187.0, 4159.899999999999636 ], [ 25186.99047471812446, 4159.900454688682657 ], [ 25186.981036057008168, 4159.901814619895958 ], [ 25186.971769849697012, 4159.904067426732581 ], [ 25186.96276036098061, 4159.907192622676121 ], [ 25186.954089521113929, 4159.911161787903438 ], [ 25186.94583618075194, 4159.915938827723949 ], [ 25186.938075393900363, 4159.921480300818985 ], [ 25186.930877735401737, 4159.92773581428537 ], [ 25163.959874268519343, 4181.899999999999636 ], [ 25120.040125731480657, 4181.899999999999636 ], [ 25097.069122264598263, 4159.92773581428537 ], [ 25097.061924606099637, 4159.921480300818985 ], [ 25097.05416381924806, 4159.915938827723949 ], [ 25097.045910478886071, 4159.911161787903438 ], [ 25097.03723963901939, 4159.907192622676121 ], [ 25097.028230150302988, 4159.904067426732581 ], [ 25097.018963942991832, 4159.901814619895958 ], [ 25097.00952528187554, 4159.900454688682657 ], [ 25097.0, 4159.899999999999636 ], [ 25007.0, 4159.899999999999636 ], [ 25006.990198285966471, 4159.900481527332886 ], [ 25006.980490967798687, 4159.901921471960122 ], [ 25006.970971532275144, 4159.904305966427273 ], [ 25006.961731656763732, 4159.907612046748909 ], [ 25006.952860326317023, 4159.911807873565522 ], [ 25006.944442976699065, 4159.916853038769659 ], [ 25006.93656067158372, 4159.922698954664156 ], [ 25006.929289321880788, 4159.929289321881697 ], [ 24984.958578643763758, 4181.899999999999636 ], [ 24940.040125731480657, 4181.899999999999636 ], [ 24917.069122264598263, 4159.92773581428537 ], [ 24917.061924606099637, 4159.921480300818985 ], [ 24917.05416381924806, 4159.915938827723949 ], [ 24917.045910478886071, 4159.911161787903438 ], [ 24917.03723963901939, 4159.907192622676121 ], [ 24917.028230150302988, 4159.904067426732581 ], [ 24917.018963942991832, 4159.901814619895958 ], [ 24917.00952528187554, 4159.900454688682657 ], [ 24917.0, 4159.899999999999636 ], [ 24872.0, 4159.899999999999636 ], [ 24871.990198285966471, 4159.900481527332886 ], [ 24871.980490967798687, 4159.901921471960122 ], [ 24871.970971532275144, 4159.904305966426364 ], [ 24871.961731656763732, 4159.907612046748909 ], [ 24871.952860326317023, 4159.911807873565522 ], [ 24871.944442976699065, 4159.916853038769659 ], [ 24871.93656067158372, 4159.922698954664156 ], [ 24871.929289321880788, 4159.929289321881697 ], [ 24871.922698954662337, 4159.93656067158372 ], [ 24871.91685303876875, 4159.944442976698156 ], [ 24871.911807873566431, 4159.952860326317023 ], [ 24871.90761204674709, 4159.961731656763732 ], [ 24871.904305966425454, 4159.970971532274234 ], [ 24871.901921471959213, 4159.980490967798687 ], [ 24871.900481527332886, 4159.990198285967381 ], [ 24871.900000000001455, 4160.0 ], [ 24871.900000000001455, 4226.959874268519343 ], [ 24849.998411194326764, 4249.856989838089248 ], [ 24827.099999999998545, 4226.95857864376103 ], [ 24827.099999999998545, 4205.0 ], [ 24827.099545311317343, 4204.99047471812537 ], [ 24827.098185380105861, 4204.981036057008168 ], [ 24827.095932573269238, 4204.971769849696102 ], [ 24827.092807377324789, 4204.96276036098061 ], [ 24827.088838212097471, 4204.954089521113929 ], [ 24827.084061172274232, 4204.94583618075103 ], [ 24827.078519699181925, 4204.938075393901272 ], [ 24827.072264185713721, 4204.930877735403556 ], [ 24805.072264185713721, 4181.930877735403556 ], [ 24805.069122264598263, 4181.92773581428537 ], [ 24782.069122264598263, 4159.92773581428537 ], [ 24782.061924606099637, 4159.921480300818985 ], [ 24782.05416381924806, 4159.915938827723949 ], [ 24782.045910478886071, 4159.911161787903438 ], [ 24782.03723963901939, 4159.907192622676121 ], [ 24782.028230150302988, 4159.904067426732581 ], [ 24782.018963942991832, 4159.901814619895958 ], [ 24782.00952528187554, 4159.900454688682657 ], [ 24782.0, 4159.899999999999636 ], [ 24647.0, 4159.899999999999636 ], [ 24646.990198285966471, 4159.900481527332886 ], [ 24646.980490967798687, 4159.901921471960122 ], [ 24646.970971532275144, 4159.904305966427273 ], [ 24646.961731656763732, 4159.907612046748909 ], [ 24646.952860326317023, 4159.911807873565522 ], [ 24646.944442976699065, 4159.916853038769659 ], [ 24646.93656067158372, 4159.922698954664156 ], [ 24646.929289321880788, 4159.929289321881697 ], [ 24601.958578643763758, 4204.899999999999636 ], [ 24557.042728960543172, 4204.899999999999636 ], [ 24535.072264185713721, 4181.930877735403556 ], [ 24535.069122264598263, 4181.92773581428537 ], [ 24512.069122264598263, 4159.92773581428537 ], [ 24512.061924606099637, 4159.921480300818985 ], [ 24512.05416381924806, 4159.915938827723949 ], [ 24512.045910478886071, 4159.911161787903438 ], [ 24512.03723963901939, 4159.907192622676121 ], [ 24512.028230150302988, 4159.904067426732581 ], [ 24512.018963942991832, 4159.901814619895958 ], [ 24512.00952528187554, 4159.900454688682657 ], [ 24512.0, 4159.899999999999636 ], [ 23950.042728960543172, 4159.899999999999636 ], [ 23928.099999999998545, 4136.959874268519343 ], [ 23928.099999999998545, 3845.0 ], [ 23928.099490866381529, 3844.989921929414322 ], [ 23928.097968649864924, 3844.979946480520084 ], [ 23928.095448850686807, 3844.970175230044333 ], [ 23928.091957127129717, 3844.960707675430058 ], [ 23928.087529034273757, 3844.951640221683647 ], [ 23928.082209661941306, 3844.943065199715875 ], [ 23928.076053175554989, 3844.935069926166307 ], [ 23928.069122264598263, 3844.92773581428537 ], [ 23905.069122264598263, 3822.92773581428537 ], [ 23905.061924606099637, 3822.921480300818985 ], [ 23905.05416381924806, 3822.915938827724403 ], [ 23905.045910478886071, 3822.911161787903893 ], [ 23905.03723963901939, 3822.907192622676121 ], [ 23905.028230150302988, 3822.904067426732126 ], [ 23905.018963942991832, 3822.901814619895958 ], [ 23905.00952528187554, 3822.900454688683112 ], [ 23905.0, 3822.9 ], [ 23883.0, 3822.9 ], [ 23882.99047471812446, 3822.900454688683112 ], [ 23882.981036057008168, 3822.901814619895958 ], [ 23882.971769849697012, 3822.904067426732126 ], [ 23882.96276036098061, 3822.907192622676121 ], [ 23882.954089521113929, 3822.911161787903893 ], [ 23882.94583618075194, 3822.915938827724403 ], [ 23882.938075393900363, 3822.921480300818985 ], [ 23882.930877735401737, 3822.92773581428537 ], [ 23860.001553891132062, 3844.860132534892728 ], [ 23815.070710678119212, 3799.929289321881242 ], [ 23815.06343932841628, 3799.922698954663701 ], [ 23815.055557023300935, 3799.916853038769659 ], [ 23815.047139673682977, 3799.911807873565067 ], [ 23815.038268343236268, 3799.907612046748909 ], [ 23815.029028467724856, 3799.904305966426818 ], [ 23815.019509032201313, 3799.901921471959668 ], [ 23815.009801714033529, 3799.900481527332886 ], [ 23815.0, 3799.9 ], [ 23748.040125731480657, 3799.9 ], [ 23725.069122264598263, 3777.92773581428537 ], [ 23725.061924606099637, 3777.921480300818985 ], [ 23725.05416381924806, 3777.915938827724403 ], [ 23725.045910478886071, 3777.911161787903893 ], [ 23725.03723963901939, 3777.907192622676121 ], [ 23725.028230150302988, 3777.904067426732126 ], [ 23725.018963942991832, 3777.901814619895958 ], [ 23725.00952528187554, 3777.900454688683112 ], [ 23725.0, 3777.9 ], [ 23680.04272896054681, 3777.9 ], [ 23658.072264185713721, 3754.930877735403101 ], [ 23658.069122264598263, 3754.92773581428537 ], [ 23635.069122264598263, 3732.92773581428537 ], [ 23635.061924606099637, 3732.921480300818985 ], [ 23635.05416381924806, 3732.915938827724403 ], [ 23635.045910478886071, 3732.911161787903893 ], [ 23635.03723963901939, 3732.907192622676121 ], [ 23635.028230150302988, 3732.904067426732126 ], [ 23635.018963942991832, 3732.901814619895958 ], [ 23635.00952528187554, 3732.900454688683112 ], [ 23635.0, 3732.9 ], [ 23590.04272896054681, 3732.9 ], [ 23568.072264185713721, 3709.930877735403101 ], [ 23568.064930073833239, 3709.923946824445466 ], [ 23568.056934800282761, 3709.917790338058239 ], [ 23568.048359778316808, 3709.912470965724879 ], [ 23568.039292324570852, 3709.908042872870737 ], [ 23568.029824769957486, 3709.904551149315012 ], [ 23568.020053519481735, 3709.902031350134621 ], [ 23568.010078070587042, 3709.900509133618925 ], [ 23568.0, 3709.9 ], [ 23500.04142135623988, 3709.9 ], [ 23478.070710678119212, 3687.929289321881242 ], [ 23478.06343932841628, 3687.922698954663701 ], [ 23478.055557023300935, 3687.916853038769659 ], [ 23478.047139673682977, 3687.911807873565067 ], [ 23478.038268343236268, 3687.907612046748909 ], [ 23478.029028467724856, 3687.904305966426818 ], [ 23478.019509032201313, 3687.901921471959668 ], [ 23478.009801714033529, 3687.900481527332886 ], [ 23478.0, 3687.9 ], [ 23388.04142135623988, 3687.9 ], [ 23365.070710678119212, 3664.929289321881242 ], [ 23365.06343932841628, 3664.922698954663701 ], [ 23365.055557023300935, 3664.916853038769659 ], [ 23365.047139673682977, 3664.911807873565067 ], [ 23365.038268343236268, 3664.907612046748909 ], [ 23365.029028467724856, 3664.904305966426818 ], [ 23365.019509032201313, 3664.901921471959668 ], [ 23365.009801714033529, 3664.900481527332886 ], [ 23365.0, 3664.9 ], [ 23275.04142135623988, 3664.9 ], [ 23253.070710678119212, 3642.929289321881242 ], [ 23253.06343932841628, 3642.922698954663701 ], [ 23253.055557023300935, 3642.916853038769659 ], [ 23253.047139673682977, 3642.911807873565067 ], [ 23253.038268343236268, 3642.907612046748909 ], [ 23253.029028467724856, 3642.904305966426818 ], [ 23253.019509032201313, 3642.901921471959668 ], [ 23253.009801714033529, 3642.900481527332886 ], [ 23253.0, 3642.9 ], [ 23185.04272896054681, 3642.9 ], [ 23163.072264185713721, 3619.930877735403101 ], [ 23163.064930073833239, 3619.923946824445466 ], [ 23163.056934800282761, 3619.917790338058239 ], [ 23163.048359778316808, 3619.912470965724879 ], [ 23163.039292324570852, 3619.908042872870737 ], [ 23163.029824769957486, 3619.904551149315012 ], [ 23163.020053519481735, 3619.902031350134621 ], [ 23163.010078070587042, 3619.900509133618925 ], [ 23163.0, 3619.9 ], [ 23096.040125731480657, 3619.9 ], [ 23073.069122264598263, 3597.92773581428537 ], [ 23073.061815509234293, 3597.921394384310588 ], [ 23073.05393014582296, 3597.915788721826175 ], [ 23073.045539983257186, 3597.91097129718446 ], [ 23073.036723555480421, 3597.906987202639812 ], [ 23073.027563386385737, 3597.903873730276246 ], [ 23073.018145217352867, 3597.901660022944725 ], [ 23073.008557204717363, 3597.900366801479322 ], [ 23072.998889094586048, 3597.900006170744746 ], [ 23072.989231382794969, 3597.900581506330582 ], [ 23072.979674467856967, 3597.90208742295772 ], [ 23072.970307804789627, 3597.904509824883917 ], [ 23072.961219067823549, 3597.907826037843734 ], [ 23072.952493329721619, 3597.912005021285495 ], [ 23072.944212265490933, 3597.917007658917555 ], [ 23072.936453387890651, 3597.922787124847218 ], [ 23072.929289321880788, 3597.929289321881242 ], [ 23050.998446108867938, 3619.860132534892728 ], [ 23028.069122264598263, 3597.92773581428537 ], [ 23028.061924606099637, 3597.921480300818985 ], [ 23028.05416381924806, 3597.915938827724403 ], [ 23028.045910478886071, 3597.911161787903893 ], [ 23028.03723963901939, 3597.907192622676121 ], [ 23028.028230150302988, 3597.904067426732126 ], [ 23028.018963942991832, 3597.901814619895958 ], [ 23028.00952528187554, 3597.900454688683112 ], [ 23028.0, 3597.9 ], [ 22983.04272896054681, 3597.9 ], [ 22961.072264185713721, 3574.930877735403101 ], [ 22961.064930073833239, 3574.923946824445466 ], [ 22961.056934800282761, 3574.917790338058239 ], [ 22961.048359778316808, 3574.912470965724879 ], [ 22961.039292324570852, 3574.908042872870737 ], [ 22961.029824769957486, 3574.904551149315012 ], [ 22961.020053519481735, 3574.902031350134621 ], [ 22961.010078070587042, 3574.900509133618925 ], [ 22961.0, 3574.9 ], [ 22893.04142135623988, 3574.9 ], [ 22871.070710678119212, 3552.929289321881242 ], [ 22871.06343932841628, 3552.922698954663701 ], [ 22871.055557023300935, 3552.916853038769659 ], [ 22871.047139673682977, 3552.911807873565067 ], [ 22871.038268343236268, 3552.907612046748909 ], [ 22871.029028467724856, 3552.904305966426818 ], [ 22871.019509032201313, 3552.901921471959668 ], [ 22871.009801714033529, 3552.900481527332886 ], [ 22871.0, 3552.9 ], [ 22826.04142135623988, 3552.9 ], [ 22803.070710678119212, 3529.929289321881242 ], [ 22803.06343932841628, 3529.922698954663701 ], [ 22803.055557023300935, 3529.916853038769659 ], [ 22803.047139673682977, 3529.911807873565067 ], [ 22803.038268343236268, 3529.907612046748909 ], [ 22803.029028467724856, 3529.904305966426818 ], [ 22803.019509032201313, 3529.901921471959668 ], [ 22803.009801714033529, 3529.900481527332886 ], [ 22803.0, 3529.9 ], [ 22713.04142135623988, 3529.9 ], [ 22691.070710678119212, 3507.929289321881242 ], [ 22691.06343932841628, 3507.922698954663701 ], [ 22691.055557023300935, 3507.916853038769659 ], [ 22691.047139673682977, 3507.911807873565067 ], [ 22691.038268343236268, 3507.907612046748909 ], [ 22691.029028467724856, 3507.904305966426818 ], [ 22691.019509032201313, 3507.901921471959668 ], [ 22691.009801714033529, 3507.900481527332886 ], [ 22691.0, 3507.9 ], [ 22623.04272896054681, 3507.9 ], [ 22601.072264185713721, 3484.930877735403101 ], [ 22601.064930073833239, 3484.923946824445466 ], [ 22601.056934800282761, 3484.917790338058239 ], [ 22601.048359778316808, 3484.912470965724879 ], [ 22601.039292324570852, 3484.908042872870737 ], [ 22601.029824769957486, 3484.904551149315012 ], [ 22601.020053519481735, 3484.902031350134621 ], [ 22601.010078070587042, 3484.900509133618925 ], [ 22601.0, 3484.9 ], [ 22533.04142135623988, 3484.9 ], [ 22511.070710678119212, 3462.929289321881242 ], [ 22511.06343932841628, 3462.922698954663701 ], [ 22511.055557023300935, 3462.916853038769659 ], [ 22511.047139673682977, 3462.911807873565067 ], [ 22511.038268343236268, 3462.907612046748909 ], [ 22511.029028467724856, 3462.904305966426818 ], [ 22511.019509032201313, 3462.901921471959668 ], [ 22511.009801714033529, 3462.900481527332886 ], [ 22511.0, 3462.9 ], [ 22466.04142135623988, 3462.9 ], [ 22421.070710678119212, 3417.929289321881242 ], [ 22421.06343932841628, 3417.922698954663701 ], [ 22421.055557023300935, 3417.916853038769659 ], [ 22421.047139673682977, 3417.911807873565067 ], [ 22421.038268343236268, 3417.907612046748909 ], [ 22421.029028467724856, 3417.904305966426818 ], [ 22421.019509032201313, 3417.901921471959668 ], [ 22421.009801714033529, 3417.900481527332886 ], [ 22421.0, 3417.9 ], [ 22376.04142135623988, 3417.9 ], [ 22353.070710678119212, 3394.929289321881242 ], [ 22353.06343932841628, 3394.922698954663701 ], [ 22353.055557023300935, 3394.916853038769659 ], [ 22353.047139673682977, 3394.911807873565067 ], [ 22353.038268343236268, 3394.907612046748909 ], [ 22353.029028467724856, 3394.904305966426818 ], [ 22353.019509032201313, 3394.901921471959668 ], [ 22353.009801714033529, 3394.900481527332886 ], [ 22353.0, 3394.9 ], [ 22286.040125731480657, 3394.9 ], [ 22263.069122264598263, 3372.92773581428537 ], [ 22263.061924606099637, 3372.921480300818985 ], [ 22263.05416381924806, 3372.915938827724403 ], [ 22263.045910478886071, 3372.911161787903893 ], [ 22263.03723963901939, 3372.907192622676121 ], [ 22263.028230150302988, 3372.904067426732126 ], [ 22263.018963942991832, 3372.901814619895958 ], [ 22263.00952528187554, 3372.900454688683112 ], [ 22263.0, 3372.9 ], [ 22218.04272896054681, 3372.9 ], [ 22196.072264185713721, 3349.930877735403101 ], [ 22196.064930073833239, 3349.923946824445466 ], [ 22196.056934800282761, 3349.917790338058239 ], [ 22196.048359778316808, 3349.912470965724879 ], [ 22196.039292324570852, 3349.908042872870737 ], [ 22196.029824769957486, 3349.904551149315012 ], [ 22196.020053519481735, 3349.902031350134621 ], [ 22196.010078070587042, 3349.900509133618925 ], [ 22196.0, 3349.9 ], [ 22151.040125731480657, 3349.9 ], [ 22128.069122264598263, 3327.92773581428537 ], [ 22128.061924606099637, 3327.921480300818985 ], [ 22128.05416381924806, 3327.915938827724403 ], [ 22128.045910478886071, 3327.911161787903893 ], [ 22128.03723963901939, 3327.907192622676121 ], [ 22128.028230150302988, 3327.904067426732126 ], [ 22128.018963942991832, 3327.901814619895958 ], [ 22128.00952528187554, 3327.900454688683112 ], [ 22128.0, 3327.9 ], [ 22061.04272896054681, 3327.9 ], [ 22039.072264185713721, 3304.930877735403101 ], [ 22039.064930073833239, 3304.923946824445466 ], [ 22039.056934800282761, 3304.917790338058239 ], [ 22039.048359778316808, 3304.912470965724879 ], [ 22039.039292324570852, 3304.908042872870737 ], [ 22039.029824769957486, 3304.904551149315012 ], [ 22039.020053519481735, 3304.902031350134621 ], [ 22039.010078070587042, 3304.900509133618925 ], [ 22039.0, 3304.9 ], [ 21971.04142135623988, 3304.9 ], [ 21949.070710678119212, 3282.929289321881242 ], [ 21949.06343932841628, 3282.922698954663701 ], [ 21949.055557023300935, 3282.916853038769659 ], [ 21949.047139673682977, 3282.911807873565067 ], [ 21949.038268343236268, 3282.907612046748909 ], [ 21949.029028467724856, 3282.904305966426818 ], [ 21949.019509032201313, 3282.901921471959668 ], [ 21949.009801714033529, 3282.900481527332886 ], [ 21949.0, 3282.9 ], [ 21859.04142135623988, 3282.9 ], [ 21836.070710678119212, 3259.929289321881242 ], [ 21836.06343932841628, 3259.922698954663701 ], [ 21836.055557023300935, 3259.916853038769659 ], [ 21836.047139673682977, 3259.911807873565067 ], [ 21836.038268343236268, 3259.907612046748909 ], [ 21836.029028467724856, 3259.904305966426818 ], [ 21836.019509032201313, 3259.901921471959668 ], [ 21836.009801714033529, 3259.900481527332886 ], [ 21836.0, 3259.9 ], [ 21791.0, 3259.9 ], [ 21790.989921929412958, 3259.900509133618925 ], [ 21790.979946480518265, 3259.902031350134621 ], [ 21790.970175230042514, 3259.904551149315012 ], [ 21790.960707675429148, 3259.908042872870737 ], [ 21790.951640221683192, 3259.912470965724879 ], [ 21790.943065199717239, 3259.917790338058239 ], [ 21790.935069926166761, 3259.923946824445466 ], [ 21790.927735814286279, 3259.930877735403101 ], [ 21768.998411194326764, 3282.856989838088339 ], [ 21746.070710678119212, 3259.929289321881242 ], [ 21746.063331922388898, 3259.922610933545911 ], [ 21746.055325883557089, 3259.916699059976509 ], [ 21746.04677185896071, 3259.911612256452372 ], [ 21746.037754573568236, 3259.907400906188286 ], [ 21746.02836334080348, 3259.904106721306562 ], [ 21746.018691177920118, 3259.901762329689518 ], [ 21746.008833884698106, 3259.900390951811005 ], [ 21745.998889094586048, 3259.900006170744746 ], [ 21745.988955307646393, 3259.900611797627789 ], [ 21745.979130914965936, 3259.90220183391375 ], [ 21745.969513224121329, 3259.904760530784188 ], [ 21745.960197495358443, 3259.908262545139223 ], [ 21745.951275998097117, 3259.912673190608984 ], [ 21745.942837096998119, 3259.917948781114774 ], [ 21745.934964376778225, 3259.924037063563901 ], [ 21745.927735814286279, 3259.930877735403101 ], [ 21723.95727103945319, 3282.9 ], [ 21679.04142135623988, 3282.9 ], [ 21656.070710678119212, 3259.929289321881242 ], [ 21656.06343932841628, 3259.922698954663701 ], [ 21656.055557023300935, 3259.916853038769659 ], [ 21656.047139673682977, 3259.911807873565067 ], [ 21656.038268343236268, 3259.907612046748909 ], [ 21656.029028467724856, 3259.904305966426818 ], [ 21656.019509032201313, 3259.901921471959668 ], [ 21656.009801714033529, 3259.900481527332886 ], [ 21656.0, 3259.9 ], [ 21544.040125731480657, 3259.9 ], [ 21521.069122264598263, 3237.92773581428537 ], [ 21521.061924606099637, 3237.921480300818985 ], [ 21521.05416381924806, 3237.915938827724403 ], [ 21521.045910478886071, 3237.911161787903893 ], [ 21521.03723963901939, 3237.907192622676121 ], [ 21521.028230150302988, 3237.904067426732126 ], [ 21521.018963942991832, 3237.901814619895958 ], [ 21521.00952528187554, 3237.900454688683112 ], [ 21521.0, 3237.9 ], [ 21341.04272896054681, 3237.9 ], [ 21319.072264185713721, 3214.930877735403101 ], [ 21319.064930073833239, 3214.923946824445466 ], [ 21319.056934800282761, 3214.917790338058239 ], [ 21319.048359778316808, 3214.912470965724879 ], [ 21319.039292324570852, 3214.908042872870737 ], [ 21319.029824769957486, 3214.904551149315012 ], [ 21319.020053519481735, 3214.902031350134621 ], [ 21319.010078070587042, 3214.900509133618925 ], [ 21319.0, 3214.9 ], [ 21296.0, 3214.9 ], [ 21295.989921929412958, 3214.900509133618925 ], [ 21295.979946480518265, 3214.902031350134621 ], [ 21295.970175230042514, 3214.904551149315012 ], [ 21295.960707675429148, 3214.908042872870737 ], [ 21295.951640221683192, 3214.912470965724879 ], [ 21295.943065199717239, 3214.917790338058239 ], [ 21295.935069926166761, 3214.923946824445466 ], [ 21295.927735814286279, 3214.930877735403101 ], [ 21273.998411194326764, 3237.856989838088339 ], [ 21251.070710678119212, 3214.929289321881242 ], [ 21251.06343932841628, 3214.922698954663701 ], [ 21251.055557023300935, 3214.916853038769659 ], [ 21251.047139673682977, 3214.911807873565067 ], [ 21251.038268343236268, 3214.907612046748909 ], [ 21251.029028467724856, 3214.904305966426818 ], [ 21251.019509032201313, 3214.901921471959668 ], [ 21251.009801714033529, 3214.900481527332886 ], [ 21251.0, 3214.9 ], [ 21004.04142135623988, 3214.9 ], [ 20982.070710678119212, 3192.929289321881242 ], [ 20982.06343932841628, 3192.922698954663701 ], [ 20982.055557023300935, 3192.916853038769659 ], [ 20982.047139673682977, 3192.911807873565067 ], [ 20982.038268343236268, 3192.907612046748909 ], [ 20982.029028467724856, 3192.904305966426818 ], [ 20982.019509032201313, 3192.901921471959668 ], [ 20982.009801714033529, 3192.900481527332886 ], [ 20982.0, 3192.9 ], [ 20779.0, 3192.9 ], [ 20778.990198285966471, 3192.900481527332886 ], [ 20778.980490967798687, 3192.901921471959668 ], [ 20778.970971532275144, 3192.904305966426818 ], [ 20778.961731656763732, 3192.907612046748909 ], [ 20778.952860326317023, 3192.911807873565067 ], [ 20778.944442976699065, 3192.916853038769659 ], [ 20778.93656067158372, 3192.922698954663701 ], [ 20778.929289321880788, 3192.929289321881242 ], [ 20756.95857864376012, 3214.9 ], [ 20667.0, 3214.9 ], [ 20666.990198285966471, 3214.900481527332886 ], [ 20666.980490967798687, 3214.901921471959668 ], [ 20666.970971532275144, 3214.904305966426818 ], [ 20666.961731656763732, 3214.907612046748909 ], [ 20666.952860326317023, 3214.911807873565067 ], [ 20666.944442976699065, 3214.916853038769659 ], [ 20666.93656067158372, 3214.922698954663701 ], [ 20666.929289321880788, 3214.929289321881242 ], [ 20643.95857864376012, 3237.9 ], [ 20577.0, 3237.9 ], [ 20576.99047471812446, 3237.900454688683112 ], [ 20576.981036057008168, 3237.901814619895958 ], [ 20576.971769849697012, 3237.904067426732126 ], [ 20576.96276036098061, 3237.907192622676121 ], [ 20576.954089521113929, 3237.911161787903893 ], [ 20576.94583618075194, 3237.915938827724403 ], [ 20576.938075393900363, 3237.921480300818985 ], [ 20576.930877735401737, 3237.92773581428537 ], [ 20553.959874268519343, 3259.9 ], [ 20532.040125731480657, 3259.9 ], [ 20509.069122264598263, 3237.92773581428537 ], [ 20509.061924606099637, 3237.921480300818985 ], [ 20509.05416381924806, 3237.915938827724403 ], [ 20509.045910478886071, 3237.911161787903893 ], [ 20509.03723963901939, 3237.907192622676121 ], [ 20509.028230150302988, 3237.904067426732126 ], [ 20509.018963942991832, 3237.901814619895958 ], [ 20509.00952528187554, 3237.900454688683112 ], [ 20509.0, 3237.9 ], [ 20464.04272896054681, 3237.9 ], [ 20442.072264185713721, 3214.930877735403101 ], [ 20442.069122264598263, 3214.92773581428537 ], [ 20419.070728135364334, 3192.929271864583825 ], [ 20397.072264185713721, 3169.930877735403101 ], [ 20397.069122264598263, 3169.92773581428537 ], [ 20374.070728135364334, 3147.929271864583825 ], [ 20352.072264185713721, 3124.930877735403101 ], [ 20352.064930073833239, 3124.923946824445466 ], [ 20352.056934800282761, 3124.917790338058239 ], [ 20352.048359778316808, 3124.912470965724879 ], [ 20352.039292324570852, 3124.908042872870737 ], [ 20352.029824769957486, 3124.904551149315012 ], [ 20352.020053519481735, 3124.902031350134621 ], [ 20352.010078070587042, 3124.900509133618925 ], [ 20352.0, 3124.9 ], [ 19790.040125731480657, 3124.9 ], [ 19767.099999999998545, 3102.957271039450916 ], [ 19767.099999999998545, 3013.0 ], [ 19767.099518472667114, 3012.990198285966926 ], [ 19767.098078528040787, 3012.980490967798232 ], [ 19767.095694033574546, 3012.970971532274689 ], [ 19767.09238795325291, 3012.961731656763277 ], [ 19767.088192126433569, 3012.952860326317477 ], [ 19767.08314696123125, 3012.944442976698156 ], [ 19767.077301045337663, 3012.93656067158372 ], [ 19767.070710678119212, 3012.929289321881242 ], [ 19767.06343932841628, 3012.922698954663701 ], [ 19767.055557023300935, 3012.916853038769659 ], [ 19767.047139673682977, 3012.911807873565067 ], [ 19767.038268343236268, 3012.907612046748909 ], [ 19767.029028467724856, 3012.904305966426818 ], [ 19767.019509032201313, 3012.901921471959668 ], [ 19767.009801714033529, 3012.900481527332886 ], [ 19767.0, 3012.9 ], [ 19722.04142135623988, 3012.9 ], [ 19700.070710678119212, 2990.929289321881242 ], [ 19700.06343932841628, 2990.922698954663701 ], [ 19700.055557023300935, 2990.916853038769659 ], [ 19700.047139673682977, 2990.911807873565067 ], [ 19700.038268343236268, 2990.907612046748909 ], [ 19700.029028467724856, 2990.904305966426818 ], [ 19700.019509032201313, 2990.901921471959668 ], [ 19700.009801714033529, 2990.900481527332886 ], [ 19700.0, 2990.9 ], [ 19565.04142135623988, 2990.9 ], [ 19542.070710678119212, 2967.929289321881242 ], [ 19542.06343932841628, 2967.922698954663701 ], [ 19542.055557023300935, 2967.916853038769659 ], [ 19542.047139673682977, 2967.911807873565067 ], [ 19542.038268343236268, 2967.907612046748909 ], [ 19542.029028467724856, 2967.904305966426818 ], [ 19542.019509032201313, 2967.901921471959668 ], [ 19542.009801714033529, 2967.900481527332886 ], [ 19542.0, 2967.9 ], [ 19520.040125731480657, 2967.9 ], [ 19497.069122264598263, 2945.92773581428537 ], [ 19497.061924606099637, 2945.921480300818985 ], [ 19497.05416381924806, 2945.915938827724403 ], [ 19497.045910478886071, 2945.911161787903893 ], [ 19497.03723963901939, 2945.907192622676121 ], [ 19497.028230150302988, 2945.904067426732126 ], [ 19497.018963942991832, 2945.901814619895958 ], [ 19497.00952528187554, 2945.900454688683112 ], [ 19497.0, 2945.9 ], [ 19475.04142135623988, 2945.9 ], [ 19452.070710678119212, 2922.929289321881242 ], [ 19452.06343932841628, 2922.922698954663701 ], [ 19452.055557023300935, 2922.916853038769659 ], [ 19452.047139673682977, 2922.911807873565067 ], [ 19452.038268343236268, 2922.907612046748909 ], [ 19452.029028467724856, 2922.904305966426818 ], [ 19452.019509032201313, 2922.901921471959668 ], [ 19452.009801714033529, 2922.900481527332886 ], [ 19452.0, 2922.9 ], [ 19407.04142135623988, 2922.9 ], [ 19385.070710678119212, 2900.929289321881242 ], [ 19385.063546612109349, 2900.922787124847218 ], [ 19385.055787734509067, 2900.917007658917555 ], [ 19385.047506670278381, 2900.912005021285495 ], [ 19385.038780932176451, 2900.907826037843734 ], [ 19385.029692195210373, 2900.904509824883917 ], [ 19385.020325532143033, 2900.90208742295772 ], [ 19385.010768617205031, 2900.900581506330582 ], [ 19385.001110905413952, 2900.900006170744746 ], [ 19384.991442795282637, 2900.900366801479322 ], [ 19384.981854782647133, 2900.901660022944725 ], [ 19384.972436613614263, 2900.903873730276246 ], [ 19384.963276444519579, 2900.906987202639812 ], [ 19384.954460016742814, 2900.91097129718446 ], [ 19384.94606985417704, 2900.915788721826175 ], [ 19384.938184490765707, 2900.921394384310588 ], [ 19384.930877735401737, 2900.92773581428537 ], [ 19362.001553891132062, 2922.860132534892728 ], [ 19317.070710678119212, 2877.929289321881242 ], [ 19317.06343932841628, 2877.922698954663701 ], [ 19317.055557023300935, 2877.916853038769659 ], [ 19317.047139673682977, 2877.911807873565067 ], [ 19317.038268343236268, 2877.907612046748909 ], [ 19317.029028467724856, 2877.904305966426818 ], [ 19317.019509032201313, 2877.901921471959668 ], [ 19317.009801714033529, 2877.900481527332886 ], [ 19317.0, 2877.9 ], [ 19295.0, 2877.9 ], [ 19294.990198285966471, 2877.900481527332886 ], [ 19294.980490967798687, 2877.901921471959668 ], [ 19294.970971532275144, 2877.904305966426818 ], [ 19294.961731656763732, 2877.907612046748909 ], [ 19294.952860326317023, 2877.911807873565067 ], [ 19294.944442976699065, 2877.916853038769659 ], [ 19294.93656067158372, 2877.922698954663701 ], [ 19294.929289321880788, 2877.929289321881242 ], [ 19271.95857864376012, 2900.9 ], [ 19227.04272896054681, 2900.9 ], [ 19205.072264185713721, 2877.930877735403101 ], [ 19205.064930073833239, 2877.923946824445466 ], [ 19205.056934800282761, 2877.917790338058239 ], [ 19205.048359778316808, 2877.912470965724879 ], [ 19205.039292324570852, 2877.908042872870737 ], [ 19205.029824769957486, 2877.904551149315012 ], [ 19205.020053519481735, 2877.902031350134621 ], [ 19205.010078070587042, 2877.900509133618925 ], [ 19205.0, 2877.9 ], [ 19160.0, 2877.9 ], [ 19159.990198285966471, 2877.900481527332886 ], [ 19159.980490967798687, 2877.901921471959668 ], [ 19159.970971532275144, 2877.904305966426818 ], [ 19159.961731656763732, 2877.907612046748909 ], [ 19159.952860326317023, 2877.911807873565067 ], [ 19159.944442976699065, 2877.916853038769659 ], [ 19159.93656067158372, 2877.922698954663701 ], [ 19159.929289321880788, 2877.929289321881242 ], [ 19137.001588805673236, 2900.856989838088339 ], [ 19115.072264185713721, 2877.930877735403101 ], [ 19115.064930073833239, 2877.923946824445466 ], [ 19115.056934800282761, 2877.917790338058239 ], [ 19115.048359778316808, 2877.912470965724879 ], [ 19115.039292324570852, 2877.908042872870737 ], [ 19115.029824769957486, 2877.904551149315012 ], [ 19115.020053519481735, 2877.902031350134621 ], [ 19115.010078070587042, 2877.900509133618925 ], [ 19115.0, 2877.9 ], [ 19114.989921929412958, 2877.900509133618925 ], [ 19114.979946480518265, 2877.902031350134621 ], [ 19114.970175230042514, 2877.904551149315012 ], [ 19114.960707675429148, 2877.908042872870737 ], [ 19114.951640221683192, 2877.912470965724879 ], [ 19114.943065199717239, 2877.917790338058239 ], [ 19114.935069926166761, 2877.923946824445466 ], [ 19114.927735814286279, 2877.930877735403101 ], [ 19092.95727103945319, 2900.9 ], [ 18890.04272896054681, 2900.9 ], [ 18868.072264185713721, 2877.930877735403101 ], [ 18868.064930073833239, 2877.923946824445466 ], [ 18868.056934800282761, 2877.917790338058239 ], [ 18868.048359778316808, 2877.912470965724879 ], [ 18868.039292324570852, 2877.908042872870737 ], [ 18868.029824769957486, 2877.904551149315012 ], [ 18868.020053519481735, 2877.902031350134621 ], [ 18868.010078070587042, 2877.900509133618925 ], [ 18868.0, 2877.9 ], [ 18823.040125731480657, 2877.9 ], [ 18800.069122264598263, 2855.92773581428537 ], [ 18800.061924606099637, 2855.921480300818985 ], [ 18800.05416381924806, 2855.915938827724403 ], [ 18800.045910478886071, 2855.911161787903893 ], [ 18800.03723963901939, 2855.907192622676121 ], [ 18800.028230150302988, 2855.904067426732126 ], [ 18800.018963942991832, 2855.901814619895958 ], [ 18800.00952528187554, 2855.900454688683112 ], [ 18800.0, 2855.9 ], [ 18778.04142135623988, 2855.9 ], [ 18755.070710678119212, 2832.929289321881242 ], [ 18755.06343932841628, 2832.922698954663701 ], [ 18755.055557023300935, 2832.916853038769659 ], [ 18755.047139673682977, 2832.911807873565067 ], [ 18755.038268343236268, 2832.907612046748909 ], [ 18755.029028467724856, 2832.904305966426818 ], [ 18755.019509032201313, 2832.901921471959668 ], [ 18755.009801714033529, 2832.900481527332886 ], [ 18755.0, 2832.9 ], [ 18733.040125731480657, 2832.9 ], [ 18710.070728135364334, 2810.929271864583825 ], [ 18688.072264185713721, 2787.930877735403101 ], [ 18688.069122264598263, 2787.92773581428537 ], [ 18665.069122264598263, 2765.92773581428537 ], [ 18665.061815509234293, 2765.921394384310588 ], [ 18665.05393014582296, 2765.915788721826175 ], [ 18665.045539983257186, 2765.91097129718446 ], [ 18665.036723555480421, 2765.906987202639812 ], [ 18665.027563386385737, 2765.903873730276246 ], [ 18665.018145217352867, 2765.901660022944725 ], [ 18665.008557204717363, 2765.900366801479322 ], [ 18664.998889094586048, 2765.900006170744746 ], [ 18664.989231382794969, 2765.900581506330582 ], [ 18664.979674467856967, 2765.90208742295772 ], [ 18664.970307804789627, 2765.904509824883917 ], [ 18664.961219067823549, 2765.907826037843734 ], [ 18664.952493329721619, 2765.912005021285495 ], [ 18664.944212265490933, 2765.917007658917555 ], [ 18664.936453387890651, 2765.922787124847218 ], [ 18664.929289321880788, 2765.929289321881242 ], [ 18642.998446108867938, 2787.860132534892728 ], [ 18620.069122264598263, 2765.92773581428537 ], [ 18620.061924606099637, 2765.921480300818985 ], [ 18620.05416381924806, 2765.915938827724403 ], [ 18620.045910478886071, 2765.911161787903893 ], [ 18620.03723963901939, 2765.907192622676121 ], [ 18620.028230150302988, 2765.904067426732126 ], [ 18620.018963942991832, 2765.901814619895958 ], [ 18620.00952528187554, 2765.900454688683112 ], [ 18620.0, 2765.9 ], [ 18553.04142135623988, 2765.9 ], [ 18530.070710678119212, 2742.929289321881242 ], [ 18530.06343932841628, 2742.922698954663701 ], [ 18530.055557023300935, 2742.916853038769659 ], [ 18530.047139673682977, 2742.911807873565067 ], [ 18530.038268343236268, 2742.907612046748909 ], [ 18530.029028467724856, 2742.904305966426818 ], [ 18530.019509032201313, 2742.901921471959668 ], [ 18530.009801714033529, 2742.900481527332886 ], [ 18530.0, 2742.9 ], [ 18395.04142135623988, 2742.9 ], [ 18373.070710678119212, 2720.929289321881242 ], [ 18373.06343932841628, 2720.922698954663701 ], [ 18373.055557023300935, 2720.916853038769659 ], [ 18373.047139673682977, 2720.911807873565067 ], [ 18373.038268343236268, 2720.907612046748909 ], [ 18373.029028467724856, 2720.904305966426818 ], [ 18373.019509032201313, 2720.901921471959668 ], [ 18373.009801714033529, 2720.900481527332886 ], [ 18373.0, 2720.9 ], [ 18283.04142135623988, 2720.9 ], [ 18260.070710678119212, 2697.929289321881242 ], [ 18260.06343932841628, 2697.922698954663701 ], [ 18260.055557023300935, 2697.916853038770114 ], [ 18260.047139673682977, 2697.911807873565522 ], [ 18260.038268343236268, 2697.907612046748909 ], [ 18260.029028467724856, 2697.904305966426818 ], [ 18260.019509032201313, 2697.901921471959668 ], [ 18260.009801714033529, 2697.900481527332886 ], [ 18260.0, 2697.9 ], [ 18259.990198285966471, 2697.900481527332886 ], [ 18259.980490967798687, 2697.901921471959668 ], [ 18259.970971532275144, 2697.904305966426818 ], [ 18259.961731656763732, 2697.907612046748909 ], [ 18259.952860326317023, 2697.911807873565067 ], [ 18259.944442976699065, 2697.916853038769659 ], [ 18259.93656067158372, 2697.922698954663701 ], [ 18259.929289321880788, 2697.929289321881242 ], [ 18259.922698954662337, 2697.93656067158372 ], [ 18259.91685303876875, 2697.944442976698156 ], [ 18259.911807873566431, 2697.952860326317477 ], [ 18259.90761204674709, 2697.961731656763277 ], [ 18259.904305966425454, 2697.970971532274689 ], [ 18259.901921471959213, 2697.980490967798232 ], [ 18259.900481527332886, 2697.990198285966926 ], [ 18259.900000000001455, 2698.0 ], [ 18259.900000000001455, 2720.958578643760575 ], [ 18237.95857864376012, 2742.9 ], [ 18193.040125731480657, 2742.9 ], [ 18170.069122264598263, 2720.92773581428537 ], [ 18170.061924606099637, 2720.921480300818985 ], [ 18170.05416381924806, 2720.915938827724403 ], [ 18170.045910478886071, 2720.911161787903893 ], [ 18170.03723963901939, 2720.907192622676121 ], [ 18170.028230150302988, 2720.904067426732126 ], [ 18170.018963942991832, 2720.901814619895958 ], [ 18170.00952528187554, 2720.900454688683112 ], [ 18170.0, 2720.9 ], [ 18125.04272896054681, 2720.9 ], [ 18103.072264185713721, 2697.930877735403101 ], [ 18103.064930073833239, 2697.923946824445466 ], [ 18103.056934800282761, 2697.917790338058239 ], [ 18103.048359778316808, 2697.912470965724879 ], [ 18103.039292324570852, 2697.908042872870737 ], [ 18103.029824769957486, 2697.904551149315012 ], [ 18103.020053519481735, 2697.902031350134621 ], [ 18103.010078070587042, 2697.900509133618925 ], [ 18103.0, 2697.9 ], [ 18081.0, 2697.9 ], [ 18080.990198285966471, 2697.900481527332886 ], [ 18080.980490967798687, 2697.901921471959668 ], [ 18080.970971532275144, 2697.904305966426818 ], [ 18080.961731656763732, 2697.907612046748909 ], [ 18080.952860326317023, 2697.911807873565067 ], [ 18080.944442976699065, 2697.916853038769659 ], [ 18080.93656067158372, 2697.922698954663701 ], [ 18080.929289321880788, 2697.929289321881242 ], [ 18058.001588805673236, 2720.856989838088339 ], [ 18036.072264185713721, 2697.930877735403101 ], [ 18036.069122264598263, 2697.92773581428537 ], [ 18013.069122264598263, 2675.92773581428537 ], [ 18013.061924606099637, 2675.921480300818985 ], [ 18013.05416381924806, 2675.915938827724403 ], [ 18013.045910478886071, 2675.911161787903893 ], [ 18013.03723963901939, 2675.907192622676121 ], [ 18013.028230150302988, 2675.904067426732126 ], [ 18013.018963942991832, 2675.901814619895958 ], [ 18013.00952528187554, 2675.900454688683112 ], [ 18013.0, 2675.9 ], [ 17946.0, 2675.9 ] ], [ [ 19970.0, 25164.099999999998545 ], [ 19970.009801714033529, 25164.099518472667114 ], [ 19970.019509032201313, 25164.098078528040787 ], [ 19970.029028467724856, 25164.095694033574546 ], [ 19970.038268343236268, 25164.09238795325291 ], [ 19970.047139673682977, 25164.088192126433569 ], [ 19970.055557023300935, 25164.08314696123125 ], [ 19970.06343932841628, 25164.077301045337663 ], [ 19970.070710678119212, 25164.070710678119212 ], [ 19992.04142135623988, 25142.099999999998545 ], [ 20238.959874268519343, 25142.099999999998545 ], [ 20261.930877735401737, 25164.072264185713721 ], [ 20261.938075393900363, 25164.078519699181925 ], [ 20261.94583618075194, 25164.084061172274232 ], [ 20261.954089521113929, 25164.088838212097471 ], [ 20261.96276036098061, 25164.092807377324789 ], [ 20261.971769849697012, 25164.095932573269238 ], [ 20261.981036057008168, 25164.098185380105861 ], [ 20261.99047471812446, 25164.099545311317343 ], [ 20262.0, 25164.099999999998545 ], [ 20373.95857864376012, 25164.099999999998545 ], [ 20396.929289321880788, 25187.070710678119212 ], [ 20396.936668077611102, 25187.077389066453179 ], [ 20396.944674116442911, 25187.083300940023037 ], [ 20396.95322814103929, 25187.088387743548083 ], [ 20396.962245426431764, 25187.092599093812169 ], [ 20396.97163665919652, 25187.095893278692529 ], [ 20396.981308822079882, 25187.098237670310482 ], [ 20396.991166115298256, 25187.09960904818945 ], [ 20397.001110905413952, 25187.099993829255254 ], [ 20397.011044692353607, 25187.099388202372211 ], [ 20397.020869085034064, 25187.097798166087159 ], [ 20397.030486775878671, 25187.095239469213993 ], [ 20397.039802504641557, 25187.091737454862596 ], [ 20397.048724001902883, 25187.087326809392835 ], [ 20397.057162902998243, 25187.0820512188875 ], [ 20397.065035623221775, 25187.075962936436554 ], [ 20397.072264185713721, 25187.069122264598263 ], [ 20419.001588805673236, 25164.143010161911661 ], [ 20441.929289321880788, 25187.070710678119212 ], [ 20441.93656067158372, 25187.077301045337663 ], [ 20441.944442976699065, 25187.08314696123125 ], [ 20441.952860326317023, 25187.088192126433569 ], [ 20441.961731656763732, 25187.09238795325291 ], [ 20441.970971532275144, 25187.095694033574546 ], [ 20441.980490967798687, 25187.098078528040787 ], [ 20441.990198285966471, 25187.099518472667114 ], [ 20442.0, 25187.099999999998545 ], [ 20486.95857864376012, 25187.099999999998545 ], [ 20508.929289321880788, 25209.070710678119212 ], [ 20508.93656067158372, 25209.077301045337663 ], [ 20508.944442976699065, 25209.08314696123125 ], [ 20508.952860326317023, 25209.088192126433569 ], [ 20508.961731656763732, 25209.09238795325291 ], [ 20508.970971532275144, 25209.095694033574546 ], [ 20508.980490967798687, 25209.098078528040787 ], [ 20508.990198285966471, 25209.099518472667114 ], [ 20509.0, 25209.099999999998545 ], [ 20553.95857864376012, 25209.099999999998545 ], [ 20576.929289321880788, 25232.070710678119212 ], [ 20576.93656067158372, 25232.077301045337663 ], [ 20576.944442976699065, 25232.08314696123125 ], [ 20576.952860326317023, 25232.088192126433569 ], [ 20576.961731656763732, 25232.09238795325291 ], [ 20576.970971532275144, 25232.095694033574546 ], [ 20576.980490967798687, 25232.098078528040787 ], [ 20576.990198285966471, 25232.099518472667114 ], [ 20577.0, 25232.099999999998545 ], [ 20621.95857864376012, 25232.099999999998545 ], [ 20643.929289321880788, 25254.070710678119212 ], [ 20643.93656067158372, 25254.077301045337663 ], [ 20643.944442976699065, 25254.08314696123125 ], [ 20643.952860326317023, 25254.088192126433569 ], [ 20643.961731656763732, 25254.09238795325291 ], [ 20643.970971532275144, 25254.095694033574546 ], [ 20643.980490967798687, 25254.098078528040787 ], [ 20643.990198285966471, 25254.099518472667114 ], [ 20644.0, 25254.099999999998545 ], [ 20666.95727103945319, 25254.099999999998545 ], [ 20688.927735814286279, 25277.069122264598263 ], [ 20688.935069926166761, 25277.076053175554989 ], [ 20688.943065199717239, 25277.082209661941306 ], [ 20688.951640221683192, 25277.087529034273757 ], [ 20688.960707675429148, 25277.091957127129717 ], [ 20688.970175230046152, 25277.095448850686807 ], [ 20688.979946480521903, 25277.097968649864924 ], [ 20688.989921929412958, 25277.099490866381529 ], [ 20689.0, 25277.099999999998545 ], [ 20711.95857864376012, 25277.099999999998545 ], [ 20756.929289321880788, 25322.070710678119212 ], [ 20756.93656067158372, 25322.077301045337663 ], [ 20756.944442976699065, 25322.08314696123125 ], [ 20756.952860326317023, 25322.088192126433569 ], [ 20756.961731656763732, 25322.09238795325291 ], [ 20756.970971532275144, 25322.095694033574546 ], [ 20756.980490967798687, 25322.098078528040787 ], [ 20756.990198285966471, 25322.099518472667114 ], [ 20757.0, 25322.099999999998545 ], [ 20778.959874268519343, 25322.099999999998545 ], [ 20801.9292718646102, 25344.0707281353898 ], [ 20823.900000000001455, 25367.040125731480657 ], [ 20823.900000000001455, 25389.0 ], [ 20823.900481527332886, 25389.009801714033529 ], [ 20823.901921471959213, 25389.019509032201313 ], [ 20823.904305966425454, 25389.029028467724856 ], [ 20823.90761204674709, 25389.038268343236268 ], [ 20823.911807873566431, 25389.047139673682977 ], [ 20823.91685303876875, 25389.055557023300935 ], [ 20823.922698954662337, 25389.06343932841628 ], [ 20823.929289321880788, 25389.070710678119212 ], [ 20868.900000000001455, 25434.04142135623988 ], [ 20868.900000000001455, 25457.0 ], [ 20868.900509133618471, 25457.010078070587042 ], [ 20868.902031350135076, 25457.020053519478097 ], [ 20868.904551149313193, 25457.029824769953848 ], [ 20868.908042872870283, 25457.039292324570852 ], [ 20868.912470965726243, 25457.048359778316808 ], [ 20868.917790338058694, 25457.056934800282761 ], [ 20868.923946824445011, 25457.064930073833239 ], [ 20868.930877735401737, 25457.072264185713721 ], [ 20891.900000000001455, 25479.04272896054681 ], [ 20891.900000000001455, 25547.0 ], [ 20891.900481527332886, 25547.009801714033529 ], [ 20891.901921471959213, 25547.019509032201313 ], [ 20891.904305966425454, 25547.029028467724856 ], [ 20891.90761204674709, 25547.038268343236268 ], [ 20891.911807873566431, 25547.047139673682977 ], [ 20891.91685303876875, 25547.055557023300935 ], [ 20891.922698954662337, 25547.06343932841628 ], [ 20891.929289321880788, 25547.070710678119212 ], [ 20913.900000000001455, 25569.04142135623988 ], [ 20913.900000000001455, 25592.0 ], [ 20913.900509133618471, 25592.010078070587042 ], [ 20913.902031350135076, 25592.020053519478097 ], [ 20913.904551149313193, 25592.029824769953848 ], [ 20913.908042872870283, 25592.039292324570852 ], [ 20913.912470965726243, 25592.048359778316808 ], [ 20913.917790338058694, 25592.056934800282761 ], [ 20913.923946824445011, 25592.064930073833239 ], [ 20913.930877735401737, 25592.072264185713721 ], [ 20936.9292718646102, 25614.0707281353898 ], [ 20958.927735814286279, 25637.069122264598263 ], [ 20958.930877735401737, 25637.072264185713721 ], [ 20981.9292718646102, 25659.0707281353898 ], [ 21003.927735814286279, 25682.069122264598263 ], [ 21003.930877735401737, 25682.072264185713721 ], [ 21026.9292718646102, 25704.0707281353898 ], [ 21048.927735814286279, 25727.069122264598263 ], [ 21048.930877735401737, 25727.072264185713721 ], [ 21071.9292718646102, 25749.0707281353898 ], [ 21093.927735814286279, 25772.069122264598263 ], [ 21093.929289321880788, 25772.070710678119212 ], [ 21138.929289321880788, 25817.070710678119212 ], [ 21138.93656067158372, 25817.077301045337663 ], [ 21138.944442976699065, 25817.08314696123125 ], [ 21138.952860326317023, 25817.088192126433569 ], [ 21138.961731656763732, 25817.09238795325291 ], [ 21138.970971532275144, 25817.095694033574546 ], [ 21138.980490967798687, 25817.098078528040787 ], [ 21138.990198285966471, 25817.099518472667114 ], [ 21139.0, 25817.099999999998545 ], [ 21160.959874268519343, 25817.099999999998545 ], [ 21183.9292718646102, 25839.0707281353898 ], [ 21205.927735814286279, 25862.069122264598263 ], [ 21205.935069926166761, 25862.076053175554989 ], [ 21205.943065199717239, 25862.082209661941306 ], [ 21205.951640221683192, 25862.087529034273757 ], [ 21205.960707675429148, 25862.091957127129717 ], [ 21205.970175230046152, 25862.095448850686807 ], [ 21205.979946480521903, 25862.097968649864924 ], [ 21205.989921929412958, 25862.099490866381529 ], [ 21206.0, 25862.099999999998545 ], [ 21228.95857864376012, 25862.099999999998545 ], [ 21250.900000000001455, 25884.04142135623988 ], [ 21250.900000000001455, 25907.0 ], [ 21250.900509133618471, 25907.010078070587042 ], [ 21250.902031350135076, 25907.020053519478097 ], [ 21250.904551149313193, 25907.029824769953848 ], [ 21250.908042872870283, 25907.039292324570852 ], [ 21250.912470965726243, 25907.048359778316808 ], [ 21250.917790338058694, 25907.056934800282761 ], [ 21250.923946824445011, 25907.064930073833239 ], [ 21250.930877735401737, 25907.072264185713721 ], [ 21273.900000000001455, 25929.04272896054681 ], [ 21273.900000000001455, 25952.0 ], [ 21273.900481527332886, 25952.009801714033529 ], [ 21273.901921471959213, 25952.019509032201313 ], [ 21273.904305966425454, 25952.029028467724856 ], [ 21273.90761204674709, 25952.038268343236268 ], [ 21273.911807873566431, 25952.047139673682977 ], [ 21273.91685303876875, 25952.055557023300935 ], [ 21273.922698954662337, 25952.06343932841628 ], [ 21273.929289321880788, 25952.070710678119212 ], [ 21295.900000000001455, 25974.04142135623988 ], [ 21295.900000000001455, 26041.95857864376012 ], [ 21273.929289321880788, 26063.929289321880788 ], [ 21273.922698954662337, 26063.93656067158372 ], [ 21273.91685303876875, 26063.944442976699065 ], [ 21273.911807873566431, 26063.952860326317023 ], [ 21273.90761204674709, 26063.961731656763732 ], [ 21273.904305966425454, 26063.970971532275144 ], [ 21273.901921471959213, 26063.980490967798687 ], [ 21273.900481527332886, 26063.990198285966471 ], [ 21273.900000000001455, 26064.0 ], [ 21273.900481527332886, 26064.009801714033529 ], [ 21273.901921471959213, 26064.019509032201313 ], [ 21273.904305966425454, 26064.029028467724856 ], [ 21273.90761204674709, 26064.038268343236268 ], [ 21273.911807873566431, 26064.047139673682977 ], [ 21273.91685303876875, 26064.055557023300935 ], [ 21273.922698954662337, 26064.06343932841628 ], [ 21273.929289321880788, 26064.070710678119212 ], [ 21273.93656067158372, 26064.077301045337663 ], [ 21273.944442976699065, 26064.08314696123125 ], [ 21273.952860326317023, 26064.088192126433569 ], [ 21273.961731656763732, 26064.09238795325291 ], [ 21273.970971532275144, 26064.095694033574546 ], [ 21273.980490967798687, 26064.098078528040787 ], [ 21273.990198285966471, 26064.099518472667114 ], [ 21274.0, 26064.099999999998545 ], [ 21295.95857864376012, 26064.099999999998545 ], [ 21340.900000000001455, 26109.04142135623988 ], [ 21340.900000000001455, 26131.0 ], [ 21340.900481527332886, 26131.009801714033529 ], [ 21340.901921471959213, 26131.019509032201313 ], [ 21340.904305966425454, 26131.029028467724856 ], [ 21340.90761204674709, 26131.038268343236268 ], [ 21340.911807873566431, 26131.047139673682977 ], [ 21340.91685303876875, 26131.055557023300935 ], [ 21340.922698954662337, 26131.06343932841628 ], [ 21340.929289321880788, 26131.070710678119212 ], [ 21363.900000000001455, 26154.04142135623988 ], [ 21363.900000000001455, 26199.0 ], [ 21363.900481527332886, 26199.009801714033529 ], [ 21363.901921471959213, 26199.019509032201313 ], [ 21363.904305966425454, 26199.029028467724856 ], [ 21363.90761204674709, 26199.038268343236268 ], [ 21363.911807873566431, 26199.047139673682977 ], [ 21363.91685303876875, 26199.055557023300935 ], [ 21363.922698954662337, 26199.06343932841628 ], [ 21363.929289321880788, 26199.070710678119212 ], [ 21385.929289321880788, 26221.070710678119212 ], [ 21385.93656067158372, 26221.077301045337663 ], [ 21385.944442976699065, 26221.08314696123125 ], [ 21385.952860326317023, 26221.088192126433569 ], [ 21385.961731656763732, 26221.09238795325291 ], [ 21385.970971532275144, 26221.095694033574546 ], [ 21385.980490967798687, 26221.098078528040787 ], [ 21385.990198285966471, 26221.099518472667114 ], [ 21386.0, 26221.099999999998545 ], [ 21408.95727103945319, 26221.099999999998545 ], [ 21430.860132534893637, 26243.998446108867938 ], [ 21385.929289321880788, 26288.929289321880788 ], [ 21385.922698954662337, 26288.93656067158372 ], [ 21385.91685303876875, 26288.944442976699065 ], [ 21385.911807873566431, 26288.952860326317023 ], [ 21385.90761204674709, 26288.961731656763732 ], [ 21385.904305966425454, 26288.970971532275144 ], [ 21385.901921471959213, 26288.980490967798687 ], [ 21385.900481527332886, 26288.990198285966471 ], [ 21385.900000000001455, 26289.0 ], [ 21385.900000000001455, 26355.959874268519343 ], [ 21363.927735814286279, 26378.930877735401737 ], [ 21363.921480300818075, 26378.938075393900363 ], [ 21363.915938827725768, 26378.94583618075194 ], [ 21363.911161787902529, 26378.954089521113929 ], [ 21363.907192622675211, 26378.96276036098061 ], [ 21363.904067426730762, 26378.971769849697012 ], [ 21363.901814619894139, 26378.981036057008168 ], [ 21363.900454688682657, 26378.99047471812446 ], [ 21363.900000000001455, 26379.0 ], [ 21363.900000000001455, 26423.95727103945319 ], [ 21340.930877735401737, 26445.927735814286279 ], [ 21340.923946824445011, 26445.935069926166761 ], [ 21340.917790338058694, 26445.943065199717239 ], [ 21340.912470965726243, 26445.951640221683192 ], [ 21340.908042872870283, 26445.960707675429148 ], [ 21340.904551149313193, 26445.970175230046152 ], [ 21340.902031350135076, 26445.979946480521903 ], [ 21340.900509133618471, 26445.989921929412958 ], [ 21340.900000000001455, 26446.0 ], [ 21340.900000000001455, 26468.95857864376012 ], [ 21318.929289321880788, 26490.929289321880788 ], [ 21318.922698954662337, 26490.93656067158372 ], [ 21318.91685303876875, 26490.944442976699065 ], [ 21318.911807873566431, 26490.952860326317023 ], [ 21318.90761204674709, 26490.961731656763732 ], [ 21318.904305966425454, 26490.970971532275144 ], [ 21318.901921471959213, 26490.980490967798687 ], [ 21318.900481527332886, 26490.990198285966471 ], [ 21318.900000000001455, 26491.0 ], [ 21318.900000000001455, 26580.95857864376012 ], [ 21295.929289321880788, 26603.929289321880788 ], [ 21295.922698954662337, 26603.93656067158372 ], [ 21295.91685303876875, 26603.944442976699065 ], [ 21295.911807873566431, 26603.952860326317023 ], [ 21295.90761204674709, 26603.961731656763732 ], [ 21295.904305966425454, 26603.970971532275144 ], [ 21295.901921471959213, 26603.980490967798687 ], [ 21295.900481527332886, 26603.990198285966471 ], [ 21295.900000000001455, 26604.0 ], [ 21295.900000000001455, 26670.959874268519343 ], [ 21273.927735814286279, 26693.930877735401737 ], [ 21273.921480300818075, 26693.938075393900363 ], [ 21273.915938827725768, 26693.94583618075194 ], [ 21273.911161787902529, 26693.954089521113929 ], [ 21273.907192622675211, 26693.96276036098061 ], [ 21273.904067426730762, 26693.971769849697012 ], [ 21273.901814619894139, 26693.981036057008168 ], [ 21273.900454688682657, 26693.99047471812446 ], [ 21273.900000000001455, 26694.0 ], [ 21273.900000000001455, 26738.95727103945319 ], [ 21250.930877735401737, 26760.927735814286279 ], [ 21250.923946824445011, 26760.935069926166761 ], [ 21250.917790338058694, 26760.943065199717239 ], [ 21250.912470965726243, 26760.951640221683192 ], [ 21250.908042872870283, 26760.960707675429148 ], [ 21250.904551149313193, 26760.970175230046152 ], [ 21250.902031350135076, 26760.979946480521903 ], [ 21250.900509133618471, 26760.989921929412958 ], [ 21250.900000000001455, 26761.0 ], [ 21250.900000000001455, 26783.95857864376012 ], [ 21160.929289321880788, 26873.929289321880788 ], [ 21160.922698954662337, 26873.93656067158372 ], [ 21160.91685303876875, 26873.944442976699065 ], [ 21160.911807873566431, 26873.952860326317023 ], [ 21160.90761204674709, 26873.961731656763732 ], [ 21160.904305966425454, 26873.970971532275144 ], [ 21160.901921471959213, 26873.980490967798687 ], [ 21160.900481527332886, 26873.990198285966471 ], [ 21160.900000000001455, 26874.0 ], [ 21160.900000000001455, 26895.959874268519343 ], [ 21138.9292718646102, 26918.9292718646102 ], [ 21115.930877735401737, 26940.927735814286279 ], [ 21115.927735814286279, 26940.930877735401737 ], [ 21093.927735814286279, 26963.930877735401737 ], [ 21093.921480300818075, 26963.938075393900363 ], [ 21093.915938827725768, 26963.94583618075194 ], [ 21093.911161787902529, 26963.954089521113929 ], [ 21093.907192622675211, 26963.96276036098061 ], [ 21093.904067426730762, 26963.971769849697012 ], [ 21093.901814619894139, 26963.981036057008168 ], [ 21093.900454688682657, 26963.99047471812446 ], [ 21093.900000000001455, 26964.0 ], [ 21093.900000000001455, 26985.959874268519343 ], [ 21071.9292718646102, 27008.9292718646102 ], [ 21048.930877735401737, 27030.927735814286279 ], [ 21048.927735814286279, 27030.930877735401737 ], [ 21026.927735814286279, 27053.930877735401737 ], [ 21026.921480300818075, 27053.938075393900363 ], [ 21026.915938827725768, 27053.94583618075194 ], [ 21026.911161787902529, 27053.954089521113929 ], [ 21026.907192622675211, 27053.96276036098061 ], [ 21026.904067426730762, 27053.971769849697012 ], [ 21026.901814619894139, 27053.981036057008168 ], [ 21026.900454688682657, 27053.99047471812446 ], [ 21026.900000000001455, 27054.0 ], [ 21026.900000000001455, 27075.95857864376012 ], [ 21003.929289321880788, 27098.929289321880788 ], [ 21003.922698954662337, 27098.93656067158372 ], [ 21003.91685303876875, 27098.944442976699065 ], [ 21003.911807873566431, 27098.952860326317023 ], [ 21003.90761204674709, 27098.961731656763732 ], [ 21003.904305966425454, 27098.970971532275144 ], [ 21003.901921471959213, 27098.980490967798687 ], [ 21003.900481527332886, 27098.990198285966471 ], [ 21003.900000000001455, 27099.0 ], [ 21003.900000000001455, 27120.95857864376012 ], [ 20981.929289321880788, 27142.929289321880788 ], [ 20981.922698954662337, 27142.93656067158372 ], [ 20981.91685303876875, 27142.944442976699065 ], [ 20981.911807873566431, 27142.952860326317023 ], [ 20981.90761204674709, 27142.961731656763732 ], [ 20981.904305966425454, 27142.970971532275144 ], [ 20981.901921471959213, 27142.980490967798687 ], [ 20981.900481527332886, 27142.990198285966471 ], [ 20981.900000000001455, 27143.0 ], [ 20981.900000000001455, 27165.95727103945319 ], [ 20958.930877735401737, 27187.927735814286279 ], [ 20958.923946824445011, 27187.935069926166761 ], [ 20958.917790338058694, 27187.943065199717239 ], [ 20958.912470965726243, 27187.951640221683192 ], [ 20958.908042872870283, 27187.960707675429148 ], [ 20958.904551149313193, 27187.970175230046152 ], [ 20958.902031350135076, 27187.979946480521903 ], [ 20958.900509133618471, 27187.989921929412958 ], [ 20958.900000000001455, 27188.0 ], [ 20958.900000000001455, 27210.95857864376012 ], [ 20936.929289321880788, 27232.929289321880788 ], [ 20936.922698954662337, 27232.93656067158372 ], [ 20936.91685303876875, 27232.944442976699065 ], [ 20936.911807873566431, 27232.952860326317023 ], [ 20936.90761204674709, 27232.961731656763732 ], [ 20936.904305966425454, 27232.970971532275144 ], [ 20936.901921471959213, 27232.980490967798687 ], [ 20936.900481527332886, 27232.990198285966471 ], [ 20936.900000000001455, 27233.0 ], [ 20936.900000000001455, 27300.95727103945319 ], [ 20913.930877735401737, 27322.927735814286279 ], [ 20913.923946824445011, 27322.935069926166761 ], [ 20913.917790338058694, 27322.943065199717239 ], [ 20913.912470965726243, 27322.951640221683192 ], [ 20913.908042872870283, 27322.960707675429148 ], [ 20913.904551149313193, 27322.970175230046152 ], [ 20913.902031350135076, 27322.979946480521903 ], [ 20913.900509133618471, 27322.989921929412958 ], [ 20913.900000000001455, 27323.0 ], [ 20913.900000000001455, 27412.959874268519343 ], [ 20891.927735814286279, 27435.930877735401737 ], [ 20891.921394384309679, 27435.938184490762069 ], [ 20891.915788721827994, 27435.94606985417704 ], [ 20891.910971297184005, 27435.954460016742814 ], [ 20891.906987202641176, 27435.963276444519579 ], [ 20891.903873730276246, 27435.972436613614263 ], [ 20891.90166002294427, 27435.981854782647133 ], [ 20891.900366801481141, 27435.991442795282637 ], [ 20891.900006170744746, 27436.001110905413952 ], [ 20891.900581506331946, 27436.010768617205031 ], [ 20891.902087422957266, 27436.020325532143033 ], [ 20891.904509824882552, 27436.029692195210373 ], [ 20891.907826037844643, 27436.038780932176451 ], [ 20891.912005021284131, 27436.047506670278381 ], [ 20891.91700765891801, 27436.055787734509067 ], [ 20891.922787124847673, 27436.063546612109349 ], [ 20891.929289321880788, 27436.070710678119212 ], [ 20913.900000000001455, 27458.04142135623988 ], [ 20913.900000000001455, 27593.0 ], [ 20913.900481527332886, 27593.009801714033529 ], [ 20913.901921471959213, 27593.019509032201313 ], [ 20913.904305966425454, 27593.029028467724856 ], [ 20913.90761204674709, 27593.038268343236268 ], [ 20913.911807873566431, 27593.047139673682977 ], [ 20913.91685303876875, 27593.055557023300935 ], [ 20913.922698954662337, 27593.06343932841628 ], [ 20913.929289321880788, 27593.070710678119212 ], [ 20936.900000000001455, 27616.04142135623988 ], [ 20936.900000000001455, 27683.0 ], [ 20936.900454688682657, 27683.00952528187554 ], [ 20936.901814619894139, 27683.018963942991832 ], [ 20936.904067426730762, 27683.028230150302988 ], [ 20936.907192622675211, 27683.03723963901939 ], [ 20936.911161787902529, 27683.045910478886071 ], [ 20936.915938827725768, 27683.05416381924806 ], [ 20936.921480300818075, 27683.061924606099637 ], [ 20936.927735814286279, 27683.069122264598263 ], [ 20958.900000000001455, 27706.040125731480657 ], [ 20958.900000000001455, 27728.0 ], [ 20958.900481527332886, 27728.009801714033529 ], [ 20958.901921471959213, 27728.019509032201313 ], [ 20958.904305966425454, 27728.029028467724856 ], [ 20958.90761204674709, 27728.038268343236268 ], [ 20958.911807873566431, 27728.047139673682977 ], [ 20958.91685303876875, 27728.055557023300935 ], [ 20958.922698954662337, 27728.06343932841628 ], [ 20958.929289321880788, 27728.070710678119212 ], [ 20958.93656067158372, 27728.077301045337663 ], [ 20958.944442976699065, 27728.08314696123125 ], [ 20958.952860326317023, 27728.088192126433569 ], [ 20958.961731656763732, 27728.09238795325291 ], [ 20958.970971532275144, 27728.095694033574546 ], [ 20958.980490967798687, 27728.098078528040787 ], [ 20958.990198285966471, 27728.099518472667114 ], [ 20959.0, 27728.099999999998545 ], [ 20982.0, 27728.099999999998545 ], [ 20982.009801714033529, 27728.099518472667114 ], [ 20982.019509032201313, 27728.098078528040787 ], [ 20982.029028467724856, 27728.095694033574546 ], [ 20982.038268343236268, 27728.09238795325291 ], [ 20982.047139673682977, 27728.088192126433569 ], [ 20982.055557023300935, 27728.08314696123125 ], [ 20982.06343932841628, 27728.077301045337663 ], [ 20982.070710678119212, 27728.070710678119212 ], [ 21004.070710678119212, 27706.070710678119212 ], [ 21004.077301045337663, 27706.06343932841628 ], [ 21004.08314696123125, 27706.055557023300935 ], [ 21004.088192126433569, 27706.047139673682977 ], [ 21004.09238795325291, 27706.038268343236268 ], [ 21004.095694033574546, 27706.029028467724856 ], [ 21004.098078528040787, 27706.019509032201313 ], [ 21004.099518472667114, 27706.009801714033529 ], [ 21004.099999999998545, 27706.0 ], [ 21004.099999999998545, 27593.04272896054681 ], [ 21026.998446108867938, 27571.139867465106363 ], [ 21071.929289321880788, 27616.070710678119212 ], [ 21071.93656067158372, 27616.077301045337663 ], [ 21071.944442976699065, 27616.08314696123125 ], [ 21071.952860326317023, 27616.088192126433569 ], [ 21071.961731656763732, 27616.09238795325291 ], [ 21071.970971532275144, 27616.095694033574546 ], [ 21071.980490967798687, 27616.098078528040787 ], [ 21071.990198285966471, 27616.099518472667114 ], [ 21072.0, 27616.099999999998545 ], [ 21093.95857864376012, 27616.099999999998545 ], [ 21160.900000000001455, 27683.04142135623988 ], [ 21160.900000000001455, 27840.95857864376012 ], [ 21138.929289321880788, 27862.929289321880788 ], [ 21138.922698954662337, 27862.93656067158372 ], [ 21138.91685303876875, 27862.944442976699065 ], [ 21138.911807873566431, 27862.952860326317023 ], [ 21138.90761204674709, 27862.961731656763732 ], [ 21138.904305966425454, 27862.970971532275144 ], [ 21138.901921471959213, 27862.980490967798687 ], [ 21138.900481527332886, 27862.990198285966471 ], [ 21138.900000000001455, 27863.0 ], [ 21138.900000000001455, 27907.95857864376012 ], [ 21093.95857864376012, 27952.900000000001455 ], [ 21072.0, 27952.900000000001455 ], [ 21071.990198285966471, 27952.900481527332886 ], [ 21071.980490967798687, 27952.901921471959213 ], [ 21071.970971532275144, 27952.904305966425454 ], [ 21071.961731656763732, 27952.90761204674709 ], [ 21071.952860326317023, 27952.911807873566431 ], [ 21071.944442976699065, 27952.91685303876875 ], [ 21071.93656067158372, 27952.922698954662337 ], [ 21071.929289321880788, 27952.929289321880788 ], [ 21026.95857864376012, 27997.900000000001455 ], [ 21004.0, 27997.900000000001455 ], [ 21003.989921929412958, 27997.900509133618471 ], [ 21003.979946480521903, 27997.902031350135076 ], [ 21003.970175230046152, 27997.904551149313193 ], [ 21003.960707675429148, 27997.908042872870283 ], [ 21003.951640221683192, 27997.912470965726243 ], [ 21003.943065199717239, 27997.917790338058694 ], [ 21003.935069926166761, 27997.923946824445011 ], [ 21003.927735814286279, 27997.930877735401737 ], [ 20981.9292718646102, 28020.9292718646102 ], [ 20958.959874268519343, 28042.900000000001455 ], [ 20937.0, 28042.900000000001455 ], [ 20936.990198285966471, 28042.900481527332886 ], [ 20936.980490967798687, 28042.901921471959213 ], [ 20936.970971532275144, 28042.904305966425454 ], [ 20936.961731656763732, 28042.90761204674709 ], [ 20936.952860326317023, 28042.911807873566431 ], [ 20936.944442976699065, 28042.91685303876875 ], [ 20936.93656067158372, 28042.922698954662337 ], [ 20936.929289321880788, 28042.929289321880788 ], [ 20891.95857864376012, 28087.900000000001455 ], [ 20869.0, 28087.900000000001455 ], [ 20868.989921929412958, 28087.900509133618471 ], [ 20868.979946480521903, 28087.902031350135076 ], [ 20868.970175230046152, 28087.904551149313193 ], [ 20868.960707675429148, 28087.908042872870283 ], [ 20868.951640221683192, 28087.912470965726243 ], [ 20868.943065199717239, 28087.917790338058694 ], [ 20868.935069926166761, 28087.923946824445011 ], [ 20868.927735814286279, 28087.930877735401737 ], [ 20846.95727103945319, 28110.900000000001455 ], [ 20779.0, 28110.900000000001455 ], [ 20778.990198285966471, 28110.900481527332886 ], [ 20778.980490967798687, 28110.901921471959213 ], [ 20778.970971532275144, 28110.904305966425454 ], [ 20778.961731656763732, 28110.90761204674709 ], [ 20778.952860326317023, 28110.911807873566431 ], [ 20778.944442976699065, 28110.91685303876875 ], [ 20778.93656067158372, 28110.922698954662337 ], [ 20778.929289321880788, 28110.929289321880788 ], [ 20756.95857864376012, 28132.900000000001455 ], [ 20712.040125731480657, 28132.900000000001455 ], [ 20689.069122264598263, 28110.927735814286279 ], [ 20689.061924606099637, 28110.921480300818075 ], [ 20689.05416381924806, 28110.915938827725768 ], [ 20689.045910478886071, 28110.911161787902529 ], [ 20689.03723963901939, 28110.907192622675211 ], [ 20689.028230150302988, 28110.904067426730762 ], [ 20689.018963942991832, 28110.901814619894139 ], [ 20689.00952528187554, 28110.900454688682657 ], [ 20689.0, 28110.900000000001455 ], [ 20622.04142135623988, 28110.900000000001455 ], [ 20509.099999999998545, 27997.95857864376012 ], [ 20509.099999999998545, 27976.0 ], [ 20509.099545311317343, 27975.99047471812446 ], [ 20509.098185380105861, 27975.981036057008168 ], [ 20509.095932573269238, 27975.971769849697012 ], [ 20509.092807377324789, 27975.96276036098061 ], [ 20509.088838212097471, 27975.954089521113929 ], [ 20509.084061172274232, 27975.94583618075194 ], [ 20509.078519699181925, 27975.938075393900363 ], [ 20509.072264185713721, 27975.930877735401737 ], [ 20487.072264185713721, 27952.930877735401737 ], [ 20487.069122264598263, 27952.927735814286279 ], [ 20464.0707281353898, 27930.9292718646102 ], [ 20442.099999999998545, 27907.959874268519343 ], [ 20442.099999999998545, 27886.0 ], [ 20442.099518472667114, 27885.990198285966471 ], [ 20442.098078528040787, 27885.980490967798687 ], [ 20442.095694033574546, 27885.970971532275144 ], [ 20442.09238795325291, 27885.961731656763732 ], [ 20442.088192126433569, 27885.952860326317023 ], [ 20442.08314696123125, 27885.944442976699065 ], [ 20442.077301045337663, 27885.93656067158372 ], [ 20442.070710678119212, 27885.929289321880788 ], [ 20419.099999999998545, 27862.95857864376012 ], [ 20419.099999999998545, 27818.0 ], [ 20419.099518472667114, 27817.990198285966471 ], [ 20419.098078528040787, 27817.980490967798687 ], [ 20419.095694033574546, 27817.970971532275144 ], [ 20419.09238795325291, 27817.961731656763732 ], [ 20419.088192126433569, 27817.952860326317023 ], [ 20419.08314696123125, 27817.944442976699065 ], [ 20419.077301045337663, 27817.93656067158372 ], [ 20419.070710678119212, 27817.929289321880788 ], [ 20397.099999999998545, 27795.95857864376012 ], [ 20397.099999999998545, 27728.0 ], [ 20397.099490866381529, 27727.989921929412958 ], [ 20397.097968649864924, 27727.979946480521903 ], [ 20397.095448850686807, 27727.970175230046152 ], [ 20397.091957127129717, 27727.960707675429148 ], [ 20397.087529034273757, 27727.951640221683192 ], [ 20397.082209661941306, 27727.943065199717239 ], [ 20397.076053175554989, 27727.935069926166761 ], [ 20397.069122264598263, 27727.927735814286279 ], [ 20374.099999999998545, 27705.95727103945319 ], [ 20374.099999999998545, 27368.04272896054681 ], [ 20397.069122264598263, 27346.072264185713721 ], [ 20397.076053175554989, 27346.064930073833239 ], [ 20397.082209661941306, 27346.056934800282761 ], [ 20397.087529034273757, 27346.048359778316808 ], [ 20397.091957127129717, 27346.039292324570852 ], [ 20397.095448850686807, 27346.029824769953848 ], [ 20397.097968649864924, 27346.020053519478097 ], [ 20397.099490866381529, 27346.010078070587042 ], [ 20397.099999999998545, 27346.0 ], [ 20397.099999999998545, 27233.04142135623988 ], [ 20419.070710678119212, 27211.070710678119212 ], [ 20419.077301045337663, 27211.06343932841628 ], [ 20419.08314696123125, 27211.055557023300935 ], [ 20419.088192126433569, 27211.047139673682977 ], [ 20419.09238795325291, 27211.038268343236268 ], [ 20419.095694033574546, 27211.029028467724856 ], [ 20419.098078528040787, 27211.019509032201313 ], [ 20419.099518472667114, 27211.009801714033529 ], [ 20419.099999999998545, 27211.0 ], [ 20419.099999999998545, 27143.04272896054681 ], [ 20442.069122264598263, 27121.072264185713721 ], [ 20442.076053175554989, 27121.064930073833239 ], [ 20442.082209661941306, 27121.056934800282761 ], [ 20442.087529034273757, 27121.048359778316808 ], [ 20442.091957127129717, 27121.039292324570852 ], [ 20442.095448850686807, 27121.029824769953848 ], [ 20442.097968649864924, 27121.020053519478097 ], [ 20442.099490866381529, 27121.010078070587042 ], [ 20442.099999999998545, 27121.0 ], [ 20442.099999999998545, 27076.04142135623988 ], [ 20464.070710678119212, 27054.070710678119212 ], [ 20464.077301045337663, 27054.06343932841628 ], [ 20464.08314696123125, 27054.055557023300935 ], [ 20464.088192126433569, 27054.047139673682977 ], [ 20464.09238795325291, 27054.038268343236268 ], [ 20464.095694033574546, 27054.029028467724856 ], [ 20464.098078528040787, 27054.019509032201313 ], [ 20464.099518472667114, 27054.009801714033529 ], [ 20464.099999999998545, 27054.0 ], [ 20464.099999999998545, 27009.04142135623988 ], [ 20487.070710678119212, 26986.070710678119212 ], [ 20487.077301045337663, 26986.06343932841628 ], [ 20487.08314696123125, 26986.055557023300935 ], [ 20487.088192126433569, 26986.047139673682977 ], [ 20487.09238795325291, 26986.038268343236268 ], [ 20487.095694033574546, 26986.029028467724856 ], [ 20487.098078528040787, 26986.019509032201313 ], [ 20487.099518472667114, 26986.009801714033529 ], [ 20487.099999999998545, 26986.0 ], [ 20487.099999999998545, 26941.0 ], [ 20487.099490866381529, 26940.989921929412958 ], [ 20487.097968649864924, 26940.979946480521903 ], [ 20487.095448850686807, 26940.970175230046152 ], [ 20487.091957127129717, 26940.960707675429148 ], [ 20487.087529034273757, 26940.951640221683192 ], [ 20487.082209661941306, 26940.943065199717239 ], [ 20487.076053175554989, 26940.935069926166761 ], [ 20487.069122264598263, 26940.927735814286279 ], [ 20464.099999999998545, 26918.95727103945319 ], [ 20464.099999999998545, 26896.0 ], [ 20464.099518472667114, 26895.990198285966471 ], [ 20464.098078528040787, 26895.980490967798687 ], [ 20464.095694033574546, 26895.970971532275144 ], [ 20464.09238795325291, 26895.961731656763732 ], [ 20464.088192126433569, 26895.952860326317023 ], [ 20464.08314696123125, 26895.944442976699065 ], [ 20464.077301045337663, 26895.93656067158372 ], [ 20464.070710678119212, 26895.929289321880788 ], [ 20442.099999999998545, 26873.95857864376012 ], [ 20442.099999999998545, 26851.0 ], [ 20442.099490866381529, 26850.989921929412958 ], [ 20442.097968649864924, 26850.979946480521903 ], [ 20442.095448850686807, 26850.970175230046152 ], [ 20442.091957127129717, 26850.960707675429148 ], [ 20442.087529034273757, 26850.951640221683192 ], [ 20442.082209661941306, 26850.943065199717239 ], [ 20442.076053175554989, 26850.935069926166761 ], [ 20442.069122264598263, 26850.927735814286279 ], [ 20419.0707281353898, 26828.9292718646102 ], [ 20397.072264185713721, 26805.930877735401737 ], [ 20397.069122264598263, 26805.927735814286279 ], [ 20374.099999999998545, 26783.95727103945319 ], [ 20374.099999999998545, 26761.0 ], [ 20374.099518472667114, 26760.990198285966471 ], [ 20374.098078528040787, 26760.980490967798687 ], [ 20374.095694033574546, 26760.970971532275144 ], [ 20374.09238795325291, 26760.961731656763732 ], [ 20374.088192126433569, 26760.952860326317023 ], [ 20374.08314696123125, 26760.944442976699065 ], [ 20374.077301045337663, 26760.93656067158372 ], [ 20374.070710678119212, 26760.929289321880788 ], [ 20374.06343932841628, 26760.922698954662337 ], [ 20374.055557023300935, 26760.91685303876875 ], [ 20374.047139673682977, 26760.911807873566431 ], [ 20374.038268343236268, 26760.90761204674709 ], [ 20374.029028467724856, 26760.904305966425454 ], [ 20374.019509032201313, 26760.901921471959213 ], [ 20374.009801714033529, 26760.900481527332886 ], [ 20374.0, 26760.900000000001455 ], [ 20352.040125731480657, 26760.900000000001455 ], [ 20329.0707281353898, 26738.9292718646102 ], [ 20307.072264185713721, 26715.930877735401737 ], [ 20307.069122264598263, 26715.927735814286279 ], [ 20284.0707281353898, 26693.9292718646102 ], [ 20262.099999999998545, 26670.959874268519343 ], [ 20262.099999999998545, 26649.0 ], [ 20262.099518472667114, 26648.990198285966471 ], [ 20262.098078528040787, 26648.980490967798687 ], [ 20262.095694033574546, 26648.970971532275144 ], [ 20262.09238795325291, 26648.961731656763732 ], [ 20262.088192126433569, 26648.952860326317023 ], [ 20262.08314696123125, 26648.944442976699065 ], [ 20262.077301045337663, 26648.93656067158372 ], [ 20262.070710678119212, 26648.929289321880788 ], [ 20149.099999999998545, 26535.95857864376012 ], [ 20149.099999999998545, 26514.0 ], [ 20149.099545311317343, 26513.99047471812446 ], [ 20149.098185380105861, 26513.981036057008168 ], [ 20149.095932573269238, 26513.971769849697012 ], [ 20149.092807377324789, 26513.96276036098061 ], [ 20149.088838212097471, 26513.954089521113929 ], [ 20149.084061172274232, 26513.94583618075194 ], [ 20149.078519699181925, 26513.938075393900363 ], [ 20149.072264185713721, 26513.930877735401737 ], [ 20127.072264185713721, 26490.930877735401737 ], [ 20127.069122264598263, 26490.927735814286279 ], [ 20104.0707281353898, 26468.9292718646102 ], [ 20082.099999999998545, 26445.959874268519343 ], [ 20082.099999999998545, 26401.0 ], [ 20082.099518472667114, 26400.990198285966471 ], [ 20082.098078528040787, 26400.980490967798687 ], [ 20082.095694033574546, 26400.970971532275144 ], [ 20082.09238795325291, 26400.961731656763732 ], [ 20082.088192126433569, 26400.952860326317023 ], [ 20082.08314696123125, 26400.944442976699065 ], [ 20082.077301045337663, 26400.93656067158372 ], [ 20082.070710678119212, 26400.929289321880788 ], [ 20060.099999999998545, 26378.95857864376012 ], [ 20060.099999999998545, 26356.0 ], [ 20060.099490866381529, 26355.989921929412958 ], [ 20060.097968649864924, 26355.979946480521903 ], [ 20060.095448850686807, 26355.970175230046152 ], [ 20060.091957127129717, 26355.960707675429148 ], [ 20060.087529034273757, 26355.951640221683192 ], [ 20060.082209661941306, 26355.943065199717239 ], [ 20060.076053175554989, 26355.935069926166761 ], [ 20060.069122264598263, 26355.927735814286279 ], [ 20037.099999999998545, 26333.95727103945319 ], [ 20037.099999999998545, 26311.0 ], [ 20037.099518472667114, 26310.990198285966471 ], [ 20037.098078528040787, 26310.980490967798687 ], [ 20037.095694033574546, 26310.970971532275144 ], [ 20037.09238795325291, 26310.961731656763732 ], [ 20037.088192126433569, 26310.952860326317023 ], [ 20037.08314696123125, 26310.944442976699065 ], [ 20037.077301045337663, 26310.93656067158372 ], [ 20037.070710678119212, 26310.929289321880788 ], [ 20015.099999999998545, 26288.95857864376012 ], [ 20015.099999999998545, 26266.0 ], [ 20015.099490866381529, 26265.989921929412958 ], [ 20015.097968649864924, 26265.979946480521903 ], [ 20015.095448850686807, 26265.970175230046152 ], [ 20015.091957127129717, 26265.960707675429148 ], [ 20015.087529034273757, 26265.951640221683192 ], [ 20015.082209661941306, 26265.943065199717239 ], [ 20015.076053175554989, 26265.935069926166761 ], [ 20015.069122264598263, 26265.927735814286279 ], [ 19992.099999999998545, 26243.95727103945319 ], [ 19992.099999999998545, 26176.0 ], [ 19992.099518472667114, 26175.990198285966471 ], [ 19992.098078528040787, 26175.980490967798687 ], [ 19992.095694033574546, 26175.970971532275144 ], [ 19992.09238795325291, 26175.961731656763732 ], [ 19992.088192126433569, 26175.952860326317023 ], [ 19992.08314696123125, 26175.944442976699065 ], [ 19992.077301045337663, 26175.93656067158372 ], [ 19992.070710678119212, 26175.929289321880788 ], [ 19970.099999999998545, 26153.95857864376012 ], [ 19970.099999999998545, 26109.0 ], [ 19970.099490866381529, 26108.989921929412958 ], [ 19970.097968649864924, 26108.979946480521903 ], [ 19970.095448850686807, 26108.970175230046152 ], [ 19970.091957127129717, 26108.960707675429148 ], [ 19970.087529034273757, 26108.951640221683192 ], [ 19970.082209661941306, 26108.943065199717239 ], [ 19970.076053175554989, 26108.935069926166761 ], [ 19970.069122264598263, 26108.927735814286279 ], [ 19947.099999999998545, 26086.95727103945319 ], [ 19947.099999999998545, 26019.0 ], [ 19947.099518472667114, 26018.990198285966471 ], [ 19947.098078528040787, 26018.980490967798687 ], [ 19947.095694033574546, 26018.970971532275144 ], [ 19947.09238795325291, 26018.961731656763732 ], [ 19947.088192126433569, 26018.952860326317023 ], [ 19947.08314696123125, 26018.944442976699065 ], [ 19947.077301045337663, 26018.93656067158372 ], [ 19947.070710678119212, 26018.929289321880788 ], [ 19925.099999999998545, 25996.95857864376012 ], [ 19925.099999999998545, 25614.0 ], [ 19925.099490866381529, 25613.989921929412958 ], [ 19925.097968649864924, 25613.979946480521903 ], [ 19925.095448850686807, 25613.970175230046152 ], [ 19925.091957127129717, 25613.960707675429148 ], [ 19925.087529034273757, 25613.951640221683192 ], [ 19925.082209661941306, 25613.943065199717239 ], [ 19925.076053175554989, 25613.935069926166761 ], [ 19925.069122264598263, 25613.927735814286279 ], [ 19902.099999999998545, 25591.95727103945319 ], [ 19902.099999999998545, 25524.0 ], [ 19902.099518472667114, 25523.990198285966471 ], [ 19902.098078528040787, 25523.980490967798687 ], [ 19902.095694033574546, 25523.970971532275144 ], [ 19902.09238795325291, 25523.961731656763732 ], [ 19902.088192126433569, 25523.952860326317023 ], [ 19902.08314696123125, 25523.944442976699065 ], [ 19902.077301045337663, 25523.93656067158372 ], [ 19902.070710678119212, 25523.929289321880788 ], [ 19880.099999999998545, 25501.95857864376012 ], [ 19880.099999999998545, 25434.0 ], [ 19880.099490866381529, 25433.989921929412958 ], [ 19880.097968649864924, 25433.979946480521903 ], [ 19880.095448850686807, 25433.970175230046152 ], [ 19880.091957127129717, 25433.960707675429148 ], [ 19880.087529034273757, 25433.951640221683192 ], [ 19880.082209661941306, 25433.943065199717239 ], [ 19880.076053175554989, 25433.935069926166761 ], [ 19880.069122264598263, 25433.927735814286279 ], [ 19857.143010161911661, 25411.998411194326764 ], [ 19880.070710678119212, 25389.070710678119212 ], [ 19880.077389066453179, 25389.063331922388898 ], [ 19880.083300940023037, 25389.055325883557089 ], [ 19880.088387743548083, 25389.04677185896071 ], [ 19880.092599093812169, 25389.037754573568236 ], [ 19880.095893278692529, 25389.02836334080348 ], [ 19880.098237670310482, 25389.018691177920118 ], [ 19880.09960904818945, 25389.008833884701744 ], [ 19880.099993829255254, 25388.998889094586048 ], [ 19880.099388202372211, 25388.988955307646393 ], [ 19880.097798166087159, 25388.979130914965936 ], [ 19880.095239469213993, 25388.969513224121329 ], [ 19880.091737454862596, 25388.960197495358443 ], [ 19880.087326809392835, 25388.951275998097117 ], [ 19880.0820512188875, 25388.942837097001757 ], [ 19880.075962936436554, 25388.934964376778225 ], [ 19880.069122264598263, 25388.927735814286279 ], [ 19857.099999999998545, 25366.95727103945319 ], [ 19857.099999999998545, 25299.04272896054681 ], [ 19880.069122264598263, 25277.072264185713721 ], [ 19880.076053175554989, 25277.064930073833239 ], [ 19880.082209661941306, 25277.056934800282761 ], [ 19880.087529034273757, 25277.048359778316808 ], [ 19880.091957127129717, 25277.039292324570852 ], [ 19880.095448850686807, 25277.029824769953848 ], [ 19880.097968649864924, 25277.020053519478097 ], [ 19880.099490866381529, 25277.010078070587042 ], [ 19880.099999999998545, 25277.0 ], [ 19880.099999999998545, 25254.04142135623988 ], [ 19925.070710678119212, 25209.070710678119212 ], [ 19925.077301045337663, 25209.06343932841628 ], [ 19925.08314696123125, 25209.055557023300935 ], [ 19925.088192126433569, 25209.047139673682977 ], [ 19925.09238795325291, 25209.038268343236268 ], [ 19925.095694033574546, 25209.029028467724856 ], [ 19925.098078528040787, 25209.019509032201313 ], [ 19925.099518472667114, 25209.009801714033529 ], [ 19925.099999999998545, 25209.0 ], [ 19925.099999999998545, 25187.040125731480657 ], [ 19947.04272896054681, 25164.099999999998545 ], [ 19970.0, 25164.099999999998545 ] ] ] } },
{ "type": "Feature", "properties": { "tissue_id": 1 }, "geometry": { "type": "Polygon", "coordinates": [ [ [ 32721.0, 2496.0 ], [ 32698.0, 2518.0 ], [ 32676.0, 2518.0 ], [ 32653.0, 2518.0 ], [ 32653.0, 2541.0 ], [ 32631.0, 2563.0 ], [ 32608.0, 2563.0 ], [ 32586.0, 2586.0 ], [ 32586.0, 2608.0 ], [ 32586.0, 2631.0 ], [ 32563.0, 2653.0 ], [ 32563.0, 2676.0 ], [ 32541.0, 2698.0 ], [ 32541.0, 2721.0 ], [ 32541.0, 2743.0 ], [ 32541.0, 2766.0 ], [ 32541.0, 2788.0 ], [ 32518.0, 2811.0 ], [ 32518.0, 2833.0 ], [ 32518.0, 2856.0 ], [ 32518.0, 2878.0 ], [ 32496.0, 2901.0 ], [ 32496.0, 2923.0 ], [ 32473.0, 2946.0 ], [ 32473.0, 2968.0 ], [ 32473.0, 2991.0 ], [ 32451.0, 3013.0 ], [ 32451.0, 3035.0 ], [ 32428.0, 3058.0 ], [ 32428.0, 3080.0 ], [ 32428.0, 3103.0 ], [ 32406.0, 3125.0 ], [ 32406.0, 3148.0 ], [ 32383.0, 3170.0 ], [ 32383.0, 3193.0 ], [ 32383.0, 3215.0 ], [ 32361.0, 3238.0 ], [ 32361.0, 3260.0 ], [ 32361.0, 3283.0 ], [ 32338.0, 3305.0 ], [ 32338.0, 3328.0 ], [ 32316.0, 3350.0 ], [ 32316.0, 3373.0 ], [ 32316.0, 3395.0 ], [ 32293.0, 3418.0 ], [ 32293.0, 3440.0 ], [ 32293.0, 3463.0 ], [ 32271.0, 3485.0 ], [ 32271.0, 3508.0 ], [ 32271.0, 3530.0 ], [ 32271.0, 3553.0 ], [ 32271.0, 3575.0 ], [ 32271.0, 3598.0 ], [ 32271.0, 3620.0 ], [ 32271.0, 3643.0 ], [ 32271.0, 3665.0 ], [ 32271.0, 3688.0 ], [ 32271.0, 3710.0 ], [ 32271.0, 3733.0 ], [ 32271.0, 3755.0 ], [ 32271.0, 3778.0 ], [ 32271.0, 3800.0 ], [ 32271.0, 3823.0 ], [ 32271.0, 3845.0 ], [ 32271.0, 3868.0 ], [ 32271.0, 3890.0 ], [ 32271.0, 3913.0 ], [ 32271.0, 3935.0 ], [ 32271.0, 3958.0 ], [ 32271.0, 3980.0 ], [ 32271.0, 4003.0 ], [ 32271.0, 4025.0 ], [ 32271.0, 4047.0 ], [ 32271.0, 4070.0 ], [ 32271.0, 4092.0 ], [ 32271.0, 4115.0 ], [ 32271.0, 4137.0 ], [ 32248.0, 4160.0 ], [ 32226.0, 4160.0 ], [ 32203.0, 4160.0 ], [ 32181.0, 4160.0 ], [ 32159.0, 4160.0 ], [ 32136.0, 4160.0 ], [ 32114.0, 4160.0 ], [ 32091.0, 4160.0 ], [ 32069.0, 4160.0 ], [ 32046.0, 4160.0 ], [ 32046.0, 4182.0 ], [ 32024.0, 4205.0 ], [ 32024.0, 4227.0 ], [ 32024.0, 4250.0 ], [ 32024.0, 4272.0 ], [ 32001.0, 4295.0 ], [ 32001.0, 4317.0 ], [ 32001.0, 4340.0 ], [ 32001.0, 4362.0 ], [ 31979.0, 4385.0 ], [ 31979.0, 4407.0 ], [ 31979.0, 4430.0 ], [ 31979.0, 4452.0 ], [ 31979.0, 4475.0 ], [ 31956.0, 4497.0 ], [ 31956.0, 4520.0 ], [ 31956.0, 4542.0 ], [ 31934.0, 4565.0 ], [ 31934.0, 4587.0 ], [ 31934.0, 4610.0 ], [ 31911.0, 4632.0 ], [ 31911.0, 4655.0 ], [ 31889.0, 4677.0 ], [ 31889.0, 4700.0 ], [ 31889.0, 4722.0 ], [ 31866.0, 4745.0 ], [ 31866.0, 4767.0 ], [ 31866.0, 4790.0 ], [ 31844.0, 4812.0 ], [ 31844.0, 4835.0 ], [ 31821.0, 4857.0 ], [ 31821.0, 4880.0 ], [ 31821.0, 4902.0 ], [ 31799.0, 4925.0 ], [ 31799.0, 4947.0 ], [ 31799.0, 4970.0 ], [ 31776.0, 4992.0 ], [ 31776.0, 5015.0 ], [ 31776.0, 5037.0 ], [ 31754.0, 5059.0 ], [ 31754.0, 5082.0 ], [ 31754.0, 5104.0 ], [ 31731.0, 5127.0 ], [ 31731.0, 5149.0 ], [ 31709.0, 5172.0 ], [ 31709.0, 5194.0 ], [ 31709.0, 5217.0 ], [ 31709.0, 5239.0 ], [ 31686.0, 5262.0 ], [ 31686.0, 5284.0 ], [ 31664.0, 5307.0 ], [ 31664.0, 5329.0 ], [ 31664.0, 5352.0 ], [ 31641.0, 5374.0 ], [ 31641.0, 5397.0 ], [ 31641.0, 5419.0 ], [ 31619.0, 5442.0 ], [ 31619.0, 5464.0 ], [ 31619.0, 5487.0 ], [ 31596.0, 5509.0 ], [ 31596.0, 5532.0 ], [ 31596.0, 5554.0 ], [ 31574.0, 5577.0 ], [ 31574.0, 5599.0 ], [ 31574.0, 5622.0 ], [ 31551.0, 5644.0 ], [ 31551.0, 5667.0 ], [ 31551.0, 5689.0 ], [ 31529.0, 5712.0 ], [ 31529.0, 5734.0 ], [ 31506.0, 5757.0 ], [ 31506.0, 5779.0 ], [ 31506.0, 5802.0 ], [ 31484.0, 5824.0 ], [ 31484.0, 5847.0 ], [ 31461.0, 5869.0 ], [ 31461.0, 5892.0 ], [ 31461.0, 5914.0 ], [ 31439.0, 5937.0 ], [ 31439.0, 5959.0 ], [ 31439.0, 5982.0 ], [ 31416.0, 6004.0 ], [ 31416.0, 6027.0 ], [ 31416.0, 6049.0 ], [ 31394.0, 6071.0 ], [ 31394.0, 6094.0 ], [ 31394.0, 6116.0 ], [ 31371.0, 6139.0 ], [ 31371.0, 6161.0 ], [ 31371.0, 6184.0 ], [ 31349.0, 6206.0 ], [ 31349.0, 6229.0 ], [ 31349.0, 6251.0 ], [ 31326.0, 6274.0 ], [ 31326.0, 6296.0 ], [ 31326.0, 6319.0 ], [ 31304.0, 6341.0 ], [ 31304.0, 6364.0 ], [ 31304.0, 6386.0 ], [ 31281.0, 6409.0 ], [ 31281.0, 6431.0 ], [ 31281.0, 6454.0 ], [ 31281.0, 6476.0 ], [ 31259.0, 6499.0 ], [ 31259.0, 6521.0 ], [ 31259.0, 6544.0 ], [ 31236.0, 6566.0 ], [ 31236.0, 6589.0 ], [ 31236.0, 6611.0 ], [ 31236.0, 6634.0 ], [ 31236.0, 6656.0 ], [ 31236.0, 6679.0 ], [ 31236.0, 6701.0 ], [ 31236.0, 6724.0 ], [ 31236.0, 6746.0 ], [ 31236.0, 6769.0 ], [ 31236.0, 6791.0 ], [ 31236.0, 6814.0 ], [ 31236.0, 6836.0 ], [ 31236.0, 6859.0 ], [ 31236.0, 6881.0 ], [ 31236.0, 6904.0 ], [ 31236.0, 6926.0 ], [ 31236.0, 6949.0 ], [ 31236.0, 6971.0 ], [ 31236.0, 6994.0 ], [ 31236.0, 7016.0 ], [ 31236.0, 7038.0 ], [ 31236.0, 7061.0 ], [ 31236.0, 7083.0 ], [ 31236.0, 7106.0 ], [ 31236.0, 7128.0 ], [ 31236.0, 7151.0 ], [ 31236.0, 7173.0 ], [ 31236.0, 7196.0 ], [ 31236.0, 7218.0 ], [ 31236.0, 7241.0 ], [ 31236.0, 7263.0 ], [ 31214.0, 7286.0 ], [ 31191.0, 7286.0 ], [ 31169.0, 7286.0 ], [ 31147.0, 7286.0 ], [ 31124.0, 7286.0 ], [ 31102.0, 7286.0 ], [ 31079.0, 7286.0 ], [ 31057.0, 7286.0 ], [ 31034.0, 7286.0 ], [ 31034.0, 7308.0 ], [ 31034.0, 7331.0 ], [ 31034.0, 7353.0 ], [ 31012.0, 7376.0 ], [ 31012.0, 7398.0 ], [ 31012.0, 7421.0 ], [ 31012.0, 7443.0 ], [ 30989.0, 7466.0 ], [ 30989.0, 7488.0 ], [ 30989.0, 7511.0 ], [ 30989.0, 7533.0 ], [ 30989.0, 7556.0 ], [ 30967.0, 7578.0 ], [ 30967.0, 7601.0 ], [ 30967.0, 7623.0 ], [ 30967.0, 7646.0 ], [ 30967.0, 7668.0 ], [ 30944.0, 7691.0 ], [ 30944.0, 7713.0 ], [ 30944.0, 7736.0 ], [ 30944.0, 7758.0 ], [ 30944.0, 7781.0 ], [ 30922.0, 7803.0 ], [ 30922.0, 7826.0 ], [ 30922.0, 7848.0 ], [ 30922.0, 7871.0 ], [ 30899.0, 7893.0 ], [ 30899.0, 7916.0 ], [ 30899.0, 7938.0 ], [ 30899.0, 7961.0 ], [ 30899.0, 7983.0 ], [ 30877.0, 8006.0 ], [ 30877.0, 8028.0 ], [ 30877.0, 8050.0 ], [ 30854.0, 8073.0 ], [ 30854.0, 8095.0 ], [ 30854.0, 8118.0 ], [ 30854.0, 8140.0 ], [ 30832.0, 8163.0 ], [ 30832.0, 8185.0 ], [ 30832.0, 8208.0 ], [ 30832.0, 8230.0 ], [ 30809.0, 8253.0 ], [ 30809.0, 8275.0 ], [ 30809.0, 8298.0 ], [ 30809.0, 8320.0 ], [ 30809.0, 8343.0 ], [ 30787.0, 8365.0 ], [ 30787.0, 8388.0 ], [ 30787.0, 8410.0 ], [ 30787.0, 8433.0 ], [ 30764.0, 8455.0 ], [ 30764.0, 8478.0 ], [ 30764.0, 8500.0 ], [ 30764.0, 8523.0 ], [ 30764.0, 8545.0 ], [ 30742.0, 8568.0 ], [ 30742.0, 8590.0 ], [ 30742.0, 8613.0 ], [ 30742.0, 8635.0 ], [ 30742.0, 8658.0 ], [ 30719.0, 8680.0 ], [ 30719.0, 8703.0 ], [ 30719.0, 8725.0 ], [ 30719.0, 8748.0 ], [ 30719.0, 8770.0 ], [ 30719.0, 8793.0 ], [ 30697.0, 8815.0 ], [ 30697.0, 8838.0 ], [ 30697.0, 8860.0 ], [ 30697.0, 8883.0 ], [ 30697.0, 8905.0 ], [ 30674.0, 8928.0 ], [ 30674.0, 8950.0 ], [ 30674.0, 8973.0 ], [ 30674.0, 8995.0 ], [ 30652.0, 9018.0 ], [ 30652.0, 9040.0 ], [ 30652.0, 9062.0 ], [ 30652.0, 9085.0 ], [ 30652.0, 9107.0 ], [ 30652.0, 9130.0 ], [ 30629.0, 9152.0 ], [ 30629.0, 9175.0 ], [ 30629.0, 9197.0 ], [ 30629.0, 9220.0 ], [ 30629.0, 9242.0 ], [ 30607.0, 9265.0 ], [ 30607.0, 9287.0 ], [ 30607.0, 9310.0 ], [ 30607.0, 9332.0 ], [ 30607.0, 9355.0 ], [ 30607.0, 9377.0 ], [ 30607.0, 9400.0 ], [ 30607.0, 9422.0 ], [ 30607.0, 9445.0 ], [ 30607.0, 9467.0 ], [ 30607.0, 9490.0 ], [ 30607.0, 9512.0 ], [ 30584.0, 9535.0 ], [ 30584.0, 9557.0 ], [ 30584.0, 9580.0 ], [ 30584.0, 9602.0 ], [ 30584.0, 9625.0 ], [ 30584.0, 9647.0 ], [ 30584.0, 9670.0 ], [ 30584.0, 9692.0 ], [ 30584.0, 9715.0 ], [ 30562.0, 9737.0 ], [ 30562.0, 9760.0 ], [ 30562.0, 9782.0 ], [ 30562.0, 9805.0 ], [ 30562.0, 9827.0 ], [ 30562.0, 9850.0 ], [ 30562.0, 9872.0 ], [ 30562.0, 9895.0 ], [ 30539.0, 9917.0 ], [ 30539.0, 9940.0 ], [ 30539.0, 9962.0 ], [ 30539.0, 9985.0 ], [ 30539.0, 10007.0 ], [ 30539.0, 10030.0 ], [ 30539.0, 10052.0 ], [ 30539.0, 10074.0 ], [ 30539.0, 10097.0 ], [ 30539.0, 10119.0 ], [ 30517.0, 10142.0 ], [ 30517.0, 10164.0 ], [ 30517.0, 10187.0 ], [ 30517.0, 10209.0 ], [ 30517.0, 10232.0 ], [ 30517.0, 10254.0 ], [ 30517.0, 10277.0 ], [ 30517.0, 10299.0 ], [ 30517.0, 10322.0 ], [ 30517.0, 10344.0 ], [ 30517.0, 10367.0 ], [ 30494.0, 10389.0 ], [ 30494.0, 10412.0 ], [ 30494.0, 10434.0 ], [ 30494.0, 10457.0 ], [ 30494.0, 10479.0 ], [ 30494.0, 10502.0 ], [ 30494.0, 10524.0 ], [ 30494.0, 10547.0 ], [ 30472.0, 10569.0 ], [ 30472.0, 10592.0 ], [ 30472.0, 10614.0 ], [ 30472.0, 10637.0 ], [ 30472.0, 10659.0 ], [ 30472.0, 10682.0 ], [ 30472.0, 10704.0 ], [ 30472.0, 10727.0 ], [ 30472.0, 10749.0 ], [ 30449.0, 10772.0 ], [ 30449.0, 10794.0 ], [ 30449.0, 10817.0 ], [ 30449.0, 10839.0 ], [ 30449.0, 10862.0 ], [ 30449.0, 10884.0 ], [ 30449.0, 10907.0 ], [ 30449.0, 10929.0 ], [ 30449.0, 10952.0 ], [ 30449.0, 10974.0 ], [ 30427.0, 10997.0 ], [ 30427.0, 11019.0 ], [ 30427.0, 11042.0 ], [ 30427.0, 11064.0 ], [ 30427.0, 11086.0 ], [ 30427.0, 11109.0 ], [ 30404.0, 11131.0 ], [ 30404.0, 11154.0 ], [ 30404.0, 11176.0 ], [ 30404.0, 11199.0 ], [ 30404.0, 11221.0 ], [ 30404.0, 11244.0 ], [ 30404.0, 11266.0 ], [ 30404.0, 11289.0 ], [ 30404.0, 11311.0 ], [ 30404.0, 11334.0 ], [ 30382.0, 11356.0 ], [ 30382.0, 11379.0 ], [ 30382.0, 11401.0 ], [ 30382.0, 11424.0 ], [ 30382.0, 11446.0 ], [ 30382.0, 11469.0 ], [ 30382.0, 11491.0 ], [ 30382.0, 11514.0 ], [ 30382.0, 11536.0 ], [ 30382.0, 11559.0 ], [ 30382.0, 11581.0 ], [ 30382.0, 11604.0 ], [ 30359.0, 11626.0 ], [ 30359.0, 11649.0 ], [ 30359.0, 11671.0 ], [ 30359.0, 11694.0 ], [ 30359.0, 11716.0 ], [ 30359.0, 11739.0 ], [ 30359.0, 11761.0 ], [ 30359.0, 11784.0 ], [ 30359.0, 11806.0 ], [ 30359.0, 11829.0 ], [ 30359.0, 11851.0 ], [ 30359.0, 11874.0 ], [ 30359.0, 11896.0 ], [ 30337.0, 11919.0 ], [ 30337.0, 11941.0 ], [ 30337.0, 11964.0 ], [ 30337.0, 11986.0 ], [ 30337.0, 12009.0 ], [ 30337.0, 12031.0 ], [ 30337.0, 12054.0 ], [ 30337.0, 12076.0 ], [ 30337.0, 12098.0 ], [ 30337.0, 12121.0 ], [ 30337.0, 12143.0 ], [ 30337.0, 12166.0 ], [ 30337.0, 12188.0 ], [ 30337.0, 12211.0 ], [ 30337.0, 12233.0 ], [ 30337.0, 12256.0 ], [ 30337.0, 12278.0 ], [ 30337.0, 12301.0 ], [ 30337.0, 12323.0 ], [ 30314.0, 12346.0 ], [ 30314.0, 12368.0 ], [ 30314.0, 12391.0 ], [ 30314.0, 12413.0 ], [ 30314.0, 12436.0 ], [ 30314.0, 12458.0 ], [ 30314.0, 12481.0 ], [ 30314.0, 12503.0 ], [ 30314.0, 12526.0 ], [ 30314.0, 12548.0 ], [ 30314.0, 12571.0 ], [ 30292.0, 12593.0 ], [ 30314.0, 12616.0 ], [ 30314.0, 12638.0 ], [ 30314.0, 12661.0 ], [ 30314.0, 12683.0 ], [ 30314.0, 12706.0 ], [ 30292.0, 12728.0 ], [ 30314.0, 12751.0 ], [ 30314.0, 12773.0 ], [ 30314.0, 12796.0 ], [ 30314.0, 12818.0 ], [ 30314.0, 12841.0 ], [ 30314.0, 12863.0 ], [ 30314.0, 12886.0 ], [ 30314.0, 12908.0 ], [ 30314.0, 12931.0 ], [ 30314.0, 12953.0 ], [ 30292.0, 12976.0 ], [ 30292.0, 12998.0 ], [ 30292.0, 13021.0 ], [ 30292.0, 13043.0 ], [ 30292.0, 13065.0 ], [ 30292.0, 13088.0 ], [ 30292.0, 13110.0 ], [ 30292.0, 13133.0 ], [ 30292.0, 13155.0 ], [ 30292.0, 13178.0 ], [ 30292.0, 13200.0 ], [ 30292.0, 13223.0 ], [ 30292.0, 13245.0 ], [ 30292.0, 13268.0 ], [ 30292.0, 13290.0 ], [ 30292.0, 13313.0 ], [ 30292.0, 13335.0 ], [ 30292.0, 13358.0 ], [ 30292.0, 13380.0 ], [ 30292.0, 13403.0 ], [ 30292.0, 13425.0 ], [ 30292.0, 13448.0 ], [ 30292.0, 13470.0 ], [ 30292.0, 13493.0 ], [ 30292.0, 13515.0 ], [ 30292.0, 13538.0 ], [ 30292.0, 13560.0 ], [ 30292.0, 13583.0 ], [ 30292.0, 13605.0 ], [ 30292.0, 13628.0 ], [ 30292.0, 13650.0 ], [ 30292.0, 13673.0 ], [ 30292.0, 13695.0 ], [ 30292.0, 13718.0 ], [ 30292.0, 13740.0 ], [ 30292.0, 13763.0 ], [ 30292.0, 13785.0 ], [ 30292.0, 13808.0 ], [ 30292.0, 13830.0 ], [ 30292.0, 13853.0 ], [ 30292.0, 13875.0 ], [ 30292.0, 13898.0 ], [ 30292.0, 13920.0 ], [ 30292.0, 13943.0 ], [ 30292.0, 13965.0 ], [ 30292.0, 13988.0 ], [ 30292.0, 14010.0 ], [ 30292.0, 14033.0 ], [ 30292.0, 14055.0 ], [ 30292.0, 14077.0 ], [ 30292.0, 14100.0 ], [ 30292.0, 14122.0 ], [ 30292.0, 14145.0 ], [ 30292.0, 14167.0 ], [ 30292.0, 14190.0 ], [ 30292.0, 14212.0 ], [ 30292.0, 14235.0 ], [ 30292.0, 14257.0 ], [ 30292.0, 14280.0 ], [ 30292.0, 14302.0 ], [ 30292.0, 14325.0 ], [ 30292.0, 14347.0 ], [ 30292.0, 14370.0 ], [ 30292.0, 14392.0 ], [ 30292.0, 14415.0 ], [ 30292.0, 14437.0 ], [ 30292.0, 14460.0 ], [ 30292.0, 14482.0 ], [ 30269.0, 14505.0 ], [ 30292.0, 14527.0 ], [ 30292.0, 14550.0 ], [ 30292.0, 14572.0 ], [ 30292.0, 14595.0 ], [ 30292.0, 14617.0 ], [ 30292.0, 14640.0 ], [ 30292.0, 14662.0 ], [ 30292.0, 14685.0 ], [ 30292.0, 14707.0 ], [ 30314.0, 14730.0 ], [ 30314.0, 14752.0 ], [ 30314.0, 14775.0 ], [ 30314.0, 14797.0 ], [ 30314.0, 14820.0 ], [ 30314.0, 14842.0 ], [ 30314.0, 14865.0 ], [ 30314.0, 14887.0 ], [ 30314.0, 14910.0 ], [ 30314.0, 14932.0 ], [ 30314.0, 14955.0 ], [ 30314.0, 14977.0 ], [ 30314.0, 15000.0 ], [ 30314.0, 15022.0 ], [ 30314.0, 15045.0 ], [ 30314.0, 15067.0 ], [ 30314.0, 15089.0 ], [ 30337.0, 15112.0 ], [ 30337.0, 15134.0 ], [ 30337.0, 15157.0 ], [ 30337.0, 15179.0 ], [ 30337.0, 15202.0 ], [ 30337.0, 15224.0 ], [ 30337.0, 15247.0 ], [ 30337.0, 15269.0 ], [ 30337.0, 15292.0 ], [ 30337.0, 15314.0 ], [ 30337.0, 15337.0 ], [ 30359.0, 15359.0 ], [ 30359.0, 15382.0 ], [ 30359.0, 15404.0 ], [ 30359.0, 15427.0 ], [ 30359.0, 15449.0 ], [ 30359.0, 15472.0 ], [ 30359.0, 15494.0 ], [ 30359.0, 15517.0 ], [ 30359.0, 15539.0 ], [ 30359.0, 15562.0 ], [ 30359.0, 15584.0 ], [ 30359.0, 15607.0 ], [ 30359.0, 15629.0 ], [ 30359.0, 15652.0 ], [ 30359.0, 15674.0 ], [ 30359.0, 15697.0 ], [ 30359.0, 15719.0 ], [ 30359.0, 15742.0 ], [ 30359.0, 15764.0 ], [ 30359.0, 15787.0 ], [ 30359.0, 15809.0 ], [ 30359.0, 15832.0 ], [ 30359.0, 15854.0 ], [ 30359.0, 15877.0 ], [ 30359.0, 15899.0 ], [ 30359.0, 15922.0 ], [ 30359.0, 15944.0 ], [ 30359.0, 15967.0 ], [ 30359.0, 15989.0 ], [ 30359.0, 16012.0 ], [ 30359.0, 16034.0 ], [ 30359.0, 16057.0 ], [ 30359.0, 16079.0 ], [ 30359.0, 16101.0 ], [ 30359.0, 16124.0 ], [ 30359.0, 16146.0 ], [ 30359.0, 16169.0 ], [ 30359.0, 16191.0 ], [ 30359.0, 16214.0 ], [ 30359.0, 16236.0 ], [ 30359.0, 16259.0 ], [ 30359.0, 16281.0 ], [ 30359.0, 16304.0 ], [ 30359.0, 16326.0 ], [ 30359.0, 16349.0 ], [ 30359.0, 16371.0 ], [ 30359.0, 16394.0 ], [ 30359.0, 16416.0 ], [ 30359.0, 16439.0 ], [ 30359.0, 16461.0 ], [ 30359.0, 16484.0 ], [ 30359.0, 16506.0 ], [ 30359.0, 16529.0 ], [ 30359.0, 16551.0 ], [ 30359.0, 16574.0 ], [ 30359.0, 16596.0 ], [ 30359.0, 16619.0 ], [ 30359.0, 16641.0 ], [ 30359.0, 16664.0 ], [ 30359.0, 16686.0 ], [ 30359.0, 16709.0 ], [ 30359.0, 16731.0 ], [ 30382.0, 16754.0 ], [ 30382.0, 16776.0 ], [ 30382.0, 16799.0 ], [ 30382.0, 16821.0 ], [ 30382.0, 16844.0 ], [ 30382.0, 16866.0 ], [ 30382.0, 16889.0 ], [ 30382.0, 16911.0 ], [ 30382.0, 16934.0 ], [ 30382.0, 16956.0 ], [ 30382.0, 16979.0 ], [ 30382.0, 17001.0 ], [ 30382.0, 17024.0 ], [ 30382.0, 17046.0 ], [ 30382.0, 17069.0 ], [ 30382.0, 17091.0 ], [ 30382.0, 17113.0 ], [ 30382.0, 17136.0 ], [ 30382.0, 17158.0 ], [ 30382.0, 17181.0 ], [ 30382.0, 17203.0 ], [ 30382.0, 17226.0 ], [ 30382.0, 17248.0 ], [ 30382.0, 17271.0 ], [ 30382.0, 17293.0 ], [ 30382.0, 17316.0 ], [ 30382.0, 17338.0 ], [ 30382.0, 17361.0 ], [ 30382.0, 17383.0 ], [ 30382.0, 17406.0 ], [ 30382.0, 17428.0 ], [ 30382.0, 17451.0 ], [ 30382.0, 17473.0 ], [ 30404.0, 17496.0 ], [ 30404.0, 17518.0 ], [ 30404.0, 17541.0 ], [ 30404.0, 17563.0 ], [ 30404.0, 17586.0 ], [ 30404.0, 17608.0 ], [ 30404.0, 17631.0 ], [ 30404.0, 17653.0 ], [ 30404.0, 17676.0 ], [ 30404.0, 17698.0 ], [ 30404.0, 17721.0 ], [ 30404.0, 17743.0 ], [ 30404.0, 17766.0 ], [ 30404.0, 17788.0 ], [ 30404.0, 17811.0 ], [ 30404.0, 17833.0 ], [ 30404.0, 17856.0 ], [ 30404.0, 17878.0 ], [ 30404.0, 17901.0 ], [ 30404.0, 17923.0 ], [ 30404.0, 17946.0 ], [ 30427.0, 17968.0 ], [ 30427.0, 17991.0 ], [ 30427.0, 18013.0 ], [ 30427.0, 18036.0 ], [ 30427.0, 18058.0 ], [ 30427.0, 18081.0 ], [ 30427.0, 18103.0 ], [ 30427.0, 18125.0 ], [ 30427.0, 18148.0 ], [ 30449.0, 18170.0 ], [ 30449.0, 18193.0 ], [ 30449.0, 18215.0 ], [ 30449.0, 18238.0 ], [ 30449.0, 18260.0 ], [ 30449.0, 18283.0 ], [ 30449.0, 18305.0 ], [ 30449.0, 18328.0 ], [ 30449.0, 18350.0 ], [ 30449.0, 18373.0 ], [ 30472.0, 18395.0 ], [ 30472.0, 18418.0 ], [ 30472.0, 18440.0 ], [ 30472.0, 18463.0 ], [ 30472.0, 18485.0 ], [ 30472.0, 18508.0 ], [ 30472.0, 18530.0 ], [ 30472.0, 18553.0 ], [ 30472.0, 18575.0 ], [ 30472.0, 18598.0 ], [ 30472.0, 18620.0 ], [ 30472.0, 18643.0 ], [ 30472.0, 18665.0 ], [ 30472.0, 18688.0 ], [ 30494.0, 18710.0 ], [ 30494.0, 18733.0 ], [ 30494.0, 18755.0 ], [ 30494.0, 18778.0 ], [ 30494.0, 18800.0 ], [ 30494.0, 18823.0 ], [ 30494.0, 18845.0 ], [ 30494.0, 18868.0 ], [ 30494.0, 18890.0 ], [ 30494.0, 18913.0 ], [ 30517.0, 18935.0 ], [ 30517.0, 18958.0 ], [ 30517.0, 18980.0 ], [ 30517.0, 19003.0 ], [ 30517.0, 19025.0 ], [ 30517.0, 19048.0 ], [ 30517.0, 19070.0 ], [ 30517.0, 19093.0 ], [ 30517.0, 19115.0 ], [ 30517.0, 19137.0 ], [ 30517.0, 19160.0 ], [ 30517.0, 19182.0 ], [ 30517.0, 19205.0 ], [ 30539.0, 19227.0 ], [ 30539.0, 19250.0 ], [ 30539.0, 19272.0 ], [ 30539.0, 19295.0 ], [ 30539.0, 19317.0 ], [ 30539.0, 19340.0 ], [ 30539.0, 19362.0 ], [ 30539.0, 19385.0 ], [ 30539.0, 19407.0 ], [ 30539.0, 19430.0 ], [ 30539.0, 19452.0 ], [ 30562.0, 19475.0 ], [ 30562.0, 19497.0 ], [ 30562.0, 19520.0 ], [ 30562.0, 19542.0 ], [ 30562.0, 19565.0 ], [ 30562.0, 19587.0 ], [ 30562.0, 19610.0 ], [ 30562.0, 19632.0 ], [ 30562.0, 19655.0 ], [ 30584.0, 19677.0 ], [ 30584.0, 19700.0 ], [ 30584.0, 19722.0 ], [ 30584.0, 19745.0 ], [ 30584.0, 19767.0 ], [ 30607.0, 19790.0 ], [ 30607.0, 19812.0 ], [ 30607.0, 19835.0 ], [ 30607.0, 19857.0 ], [ 30607.0, 19880.0 ], [ 30607.0, 19902.0 ], [ 30607.0, 19925.0 ], [ 30607.0, 19947.0 ], [ 30607.0, 19970.0 ], [ 30607.0, 19992.0 ], [ 30607.0, 20015.0 ], [ 30607.0, 20037.0 ], [ 30607.0, 20060.0 ], [ 30607.0, 20082.0 ], [ 30629.0, 20104.0 ], [ 30629.0, 20127.0 ], [ 30629.0, 20149.0 ], [ 30629.0, 20172.0 ], [ 30629.0, 20194.0 ], [ 30629.0, 20217.0 ], [ 30629.0, 20239.0 ], [ 30652.0, 20262.0 ], [ 30652.0, 20284.0 ], [ 30652.0, 20307.0 ], [ 30652.0, 20329.0 ], [ 30652.0, 20352.0 ], [ 30652.0, 20374.0 ], [ 30652.0, 20397.0 ], [ 30652.0, 20419.0 ], [ 30652.0, 20442.0 ], [ 30652.0, 20464.0 ], [ 30652.0, 20487.0 ], [ 30674.0, 20509.0 ], [ 30674.0, 20532.0 ], [ 30674.0, 20554.0 ], [ 30674.0, 20577.0 ], [ 30674.0, 20599.0 ], [ 30674.0, 20622.0 ], [ 30674.0, 20644.0 ], [ 30674.0, 20667.0 ], [ 30674.0, 20689.0 ], [ 30674.0, 20712.0 ], [ 30674.0, 20734.0 ], [ 30697.0, 20757.0 ], [ 30697.0, 20779.0 ], [ 30697.0, 20802.0 ], [ 30697.0, 20824.0 ], [ 30697.0, 20847.0 ], [ 30697.0, 20869.0 ], [ 30697.0, 20892.0 ], [ 30719.0, 20914.0 ], [ 30719.0, 20937.0 ], [ 30719.0, 20959.0 ], [ 30719.0, 20982.0 ], [ 30719.0, 21004.0 ], [ 30719.0, 21027.0 ], [ 30719.0, 21049.0 ], [ 30719.0, 21072.0 ], [ 30742.0, 21094.0 ], [ 30742.0, 21116.0 ], [ 30742.0, 21139.0 ], [ 30742.0, 21161.0 ], [ 30742.0, 21184.0 ], [ 30742.0, 21206.0 ], [ 30742.0, 21229.0 ], [ 30742.0, 21251.0 ], [ 30764.0, 21274.0 ], [ 30764.0, 21296.0 ], [ 30764.0, 21319.0 ], [ 30764.0, 21341.0 ], [ 30787.0, 21364.0 ], [ 30787.0, 21386.0 ], [ 30764.0, 21409.0 ], [ 30764.0, 21431.0 ], [ 30787.0, 21454.0 ], [ 30787.0, 21476.0 ], [ 30787.0, 21499.0 ], [ 30787.0, 21521.0 ], [ 30787.0, 21544.0 ], [ 30787.0, 21566.0 ], [ 30787.0, 21589.0 ], [ 30787.0, 21611.0 ], [ 30809.0, 21634.0 ], [ 30809.0, 21656.0 ], [ 30809.0, 21679.0 ], [ 30809.0, 21701.0 ], [ 30809.0, 21724.0 ], [ 30832.0, 21746.0 ], [ 30832.0, 21769.0 ], [ 30832.0, 21791.0 ], [ 30832.0, 21814.0 ], [ 30832.0, 21836.0 ], [ 30832.0, 21859.0 ], [ 30854.0, 21881.0 ], [ 30854.0, 21904.0 ], [ 30854.0, 21926.0 ], [ 30854.0, 21949.0 ], [ 30854.0, 21971.0 ], [ 30854.0, 21994.0 ], [ 30854.0, 22016.0 ], [ 30854.0, 22039.0 ], [ 30877.0, 22061.0 ], [ 30877.0, 22084.0 ], [ 30877.0, 22106.0 ], [ 30877.0, 22128.0 ], [ 30877.0, 22151.0 ], [ 30877.0, 22173.0 ], [ 30899.0, 22196.0 ], [ 30899.0, 22218.0 ], [ 30899.0, 22241.0 ], [ 30899.0, 22263.0 ], [ 30899.0, 22286.0 ], [ 30899.0, 22308.0 ], [ 30922.0, 22331.0 ], [ 30922.0, 22353.0 ], [ 30922.0, 22376.0 ], [ 30922.0, 22398.0 ], [ 30922.0, 22421.0 ], [ 30922.0, 22443.0 ], [ 30922.0, 22466.0 ], [ 30944.0, 22488.0 ], [ 30944.0, 22511.0 ], [ 30944.0, 22533.0 ], [ 30944.0, 22556.0 ], [ 30944.0, 22578.0 ], [ 30944.0, 22601.0 ], [ 30944.0, 22623.0 ], [ 30944.0, 22646.0 ], [ 30967.0, 22668.0 ], [ 30967.0, 22691.0 ], [ 30967.0, 22713.0 ], [ 30967.0, 22736.0 ], [ 30967.0, 22758.0 ], [ 30967.0, 22781.0 ], [ 30967.0, 22803.0 ], [ 30967.0, 22826.0 ], [ 30989.0, 22848.0 ], [ 30989.0, 22871.0 ], [ 30989.0, 22893.0 ], [ 30989.0, 22916.0 ], [ 30989.0, 22938.0 ], [ 30989.0, 22961.0 ], [ 30989.0, 22983.0 ], [ 31012.0, 23006.0 ], [ 31012.0, 23028.0 ], [ 31012.0, 23051.0 ], [ 31012.0, 23073.0 ], [ 31012.0, 23096.0 ], [ 31034.0, 23118.0 ], [ 31034.0, 23140.0 ], [ 31034.0, 23163.0 ], [ 31034.0, 23185.0 ], [ 31034.0, 23208.0 ], [ 31034.0, 23230.0 ], [ 31034.0, 23253.0 ], [ 31057.0, 23275.0 ], [ 31057.0, 23298.0 ], [ 31057.0, 23320.0 ], [ 31057.0, 23343.0 ], [ 31057.0, 23365.0 ], [ 31079.0, 23388.0 ], [ 31079.0, 23410.0 ], [ 31079.0, 23433.0 ], [ 31079.0, 23455.0 ], [ 31079.0, 23478.0 ], [ 31079.0, 23500.0 ], [ 31079.0, 23523.0 ], [ 31079.0, 23545.0 ], [ 31102.0, 23568.0 ], [ 31102.0, 23590.0 ], [ 31102.0, 23613.0 ], [ 31102.0, 23635.0 ], [ 31102.0, 23658.0 ], [ 31102.0, 23680.0 ], [ 31102.0, 23703.0 ], [ 31124.0, 23725.0 ], [ 31124.0, 23748.0 ], [ 31124.0, 23770.0 ], [ 31124.0, 23793.0 ], [ 31124.0, 23815.0 ], [ 31124.0, 23838.0 ], [ 31124.0, 23860.0 ], [ 31124.0, 23883.0 ], [ 31147.0, 23905.0 ], [ 31147.0, 23928.0 ], [ 31169.0, 23928.0 ], [ 31191.0, 23928.0 ], [ 31214.0, 23928.0 ], [ 31236.0, 23950.0 ], [ 31236.0, 23973.0 ], [ 31236.0, 23995.0 ], [ 31236.0, 24018.0 ], [ 31236.0, 24040.0 ], [ 31236.0, 24063.0 ], [ 31236.0, 24085.0 ], [ 31236.0, 24108.0 ], [ 31236.0, 24130.0 ], [ 31236.0, 24152.0 ], [ 31236.0, 24175.0 ], [ 31236.0, 24197.0 ], [ 31236.0, 24220.0 ], [ 31236.0, 24242.0 ], [ 31236.0, 24265.0 ], [ 31236.0, 24287.0 ], [ 31236.0, 24310.0 ], [ 31236.0, 24332.0 ], [ 31236.0, 24355.0 ], [ 31236.0, 24377.0 ], [ 31236.0, 24400.0 ], [ 31236.0, 24422.0 ], [ 31236.0, 24445.0 ], [ 31236.0, 24467.0 ], [ 31236.0, 24490.0 ], [ 31236.0, 24512.0 ], [ 31236.0, 24535.0 ], [ 31236.0, 24557.0 ], [ 31236.0, 24580.0 ], [ 31236.0, 24602.0 ], [ 31236.0, 24625.0 ], [ 31236.0, 24647.0 ], [ 31259.0, 24670.0 ], [ 31259.0, 24692.0 ], [ 31259.0, 24715.0 ], [ 31259.0, 24737.0 ], [ 31259.0, 24760.0 ], [ 31259.0, 24782.0 ], [ 31259.0, 24805.0 ], [ 31281.0, 24827.0 ], [ 31281.0, 24850.0 ], [ 31281.0, 24872.0 ], [ 31281.0, 24895.0 ], [ 31281.0, 24917.0 ], [ 31281.0, 24940.0 ], [ 31281.0, 24962.0 ], [ 31304.0, 24985.0 ], [ 31304.0, 25007.0 ], [ 31304.0, 25030.0 ], [ 31304.0, 25052.0 ], [ 31304.0, 25075.0 ], [ 31304.0, 25097.0 ], [ 31326.0, 25120.0 ], [ 31326.0, 25142.0 ], [ 31326.0, 25164.0 ], [ 31326.0, 25187.0 ], [ 31326.0, 25209.0 ], [ 31326.0, 25232.0 ], [ 31349.0, 25254.0 ], [ 31349.0, 25277.0 ], [ 31349.0, 25299.0 ], [ 31349.0, 25322.0 ], [ 31349.0, 25344.0 ], [ 31349.0, 25367.0 ], [ 31349.0, 25389.0 ], [ 31349.0, 25412.0 ], [ 31349.0, 25434.0 ], [ 31371.0, 25457.0 ], [ 31371.0, 25479.0 ], [ 31371.0, 25502.0 ], [ 31371.0, 25524.0 ], [ 31371.0, 25547.0 ], [ 31371.0, 25569.0 ], [ 31371.0, 25592.0 ], [ 31394.0, 25614.0 ], [ 31394.0, 25637.0 ], [ 31394.0, 25659.0 ], [ 31394.0, 25682.0 ], [ 31394.0, 25704.0 ], [ 31394.0, 25727.0 ], [ 31394.0, 25749.0 ], [ 31394.0, 25772.0 ], [ 31416.0, 25794.0 ], [ 31416.0, 25817.0 ], [ 31416.0, 25839.0 ], [ 31416.0, 25862.0 ], [ 31416.0, 25884.0 ], [ 31416.0, 25907.0 ], [ 31439.0, 25929.0 ], [ 31439.0, 25952.0 ], [ 31439.0, 25974.0 ], [ 31439.0, 25997.0 ], [ 31439.0, 26019.0 ], [ 31439.0, 26042.0 ], [ 31439.0, 26064.0 ], [ 31461.0, 26087.0 ], [ 31461.0, 26109.0 ], [ 31461.0, 26131.0 ], [ 31461.0, 26154.0 ], [ 31461.0, 26176.0 ], [ 31461.0, 26199.0 ], [ 31461.0, 26221.0 ], [ 31461.0, 26244.0 ], [ 31461.0, 26266.0 ], [ 31484.0, 26289.0 ], [ 31484.0, 26311.0 ], [ 31484.0, 26334.0 ], [ 31484.0, 26356.0 ], [ 31484.0, 26379.0 ], [ 31484.0, 26401.0 ], [ 31484.0, 26424.0 ], [ 31484.0, 26446.0 ], [ 31484.0, 26469.0 ], [ 31506.0, 26491.0 ], [ 31506.0, 26514.0 ], [ 31506.0, 26536.0 ], [ 31506.0, 26559.0 ], [ 31506.0, 26581.0 ], [ 31506.0, 26604.0 ], [ 31506.0, 26626.0 ], [ 31529.0, 26649.0 ], [ 31529.0, 26671.0 ], [ 31529.0, 26694.0 ], [ 31529.0, 26716.0 ], [ 31529.0, 26739.0 ], [ 31529.0, 26761.0 ], [ 31529.0, 26784.0 ], [ 31551.0, 26806.0 ], [ 31551.0, 26829.0 ], [ 31551.0, 26851.0 ], [ 31551.0, 26874.0 ], [ 31551.0, 26896.0 ], [ 31551.0, 26919.0 ], [ 31551.0, 26941.0 ], [ 31574.0, 26964.0 ], [ 31574.0, 26986.0 ], [ 31574.0, 27009.0 ], [ 31574.0, 27031.0 ], [ 31574.0, 27054.0 ], [ 31574.0, 27076.0 ], [ 31574.0, 27099.0 ], [ 31596.0, 27121.0 ], [ 31596.0, 27143.0 ], [ 31596.0, 27166.0 ], [ 31596.0, 27188.0 ], [ 31596.0, 27211.0 ], [ 31596.0, 27233.0 ], [ 31596.0, 27256.0 ], [ 31619.0, 27278.0 ], [ 31619.0, 27301.0 ], [ 31619.0, 27323.0 ], [ 31619.0, 27346.0 ], [ 31619.0, 27368.0 ], [ 31619.0, 27391.0 ], [ 31619.0, 27413.0 ], [ 31641.0, 27436.0 ], [ 31641.0, 27458.0 ], [ 31641.0, 27481.0 ], [ 31641.0, 27503.0 ], [ 31641.0, 27526.0 ], [ 31641.0, 27548.0 ], [ 31641.0, 27571.0 ], [ 31664.0, 27593.0 ], [ 31664.0, 27616.0 ], [ 31664.0, 27638.0 ], [ 31664.0, 27661.0 ], [ 31664.0, 27683.0 ], [ 31664.0, 27706.0 ], [ 31664.0, 27728.0 ], [ 31664.0, 27751.0 ], [ 31686.0, 27773.0 ], [ 31686.0, 27796.0 ], [ 31686.0, 27818.0 ], [ 31686.0, 27841.0 ], [ 31686.0, 27863.0 ], [ 31686.0, 27886.0 ], [ 31686.0, 27908.0 ], [ 31709.0, 27931.0 ], [ 31709.0, 27953.0 ], [ 31709.0, 27976.0 ], [ 31709.0, 27998.0 ], [ 31709.0, 28021.0 ], [ 31709.0, 28043.0 ], [ 31709.0, 28066.0 ], [ 31709.0, 28088.0 ], [ 31731.0, 28111.0 ], [ 31731.0, 28133.0 ], [ 31731.0, 28155.0 ], [ 31731.0, 28178.0 ], [ 31731.0, 28200.0 ], [ 31731.0, 28223.0 ], [ 31731.0, 28245.0 ], [ 31754.0, 28268.0 ], [ 31754.0, 28290.0 ], [ 31754.0, 28313.0 ], [ 31754.0, 28335.0 ], [ 31754.0, 28358.0 ], [ 31754.0, 28380.0 ], [ 31754.0, 28403.0 ], [ 31754.0, 28425.0 ], [ 31754.0, 28448.0 ], [ 31776.0, 28470.0 ], [ 31776.0, 28493.0 ], [ 31776.0, 28515.0 ], [ 31776.0, 28538.0 ], [ 31776.0, 28560.0 ], [ 31776.0, 28583.0 ], [ 31776.0, 28605.0 ], [ 31799.0, 28628.0 ], [ 31799.0, 28650.0 ], [ 31799.0, 28673.0 ], [ 31799.0, 28695.0 ], [ 31799.0, 28718.0 ], [ 31799.0, 28740.0 ], [ 31799.0, 28763.0 ], [ 31799.0, 28785.0 ], [ 31821.0, 28808.0 ], [ 31821.0, 28830.0 ], [ 31821.0, 28853.0 ], [ 31821.0, 28875.0 ], [ 31821.0, 28898.0 ], [ 31821.0, 28920.0 ], [ 31844.0, 28943.0 ], [ 31844.0, 28965.0 ], [ 31844.0, 28988.0 ], [ 31844.0, 29010.0 ], [ 31844.0, 29033.0 ], [ 31844.0, 29055.0 ], [ 31844.0, 29078.0 ], [ 31844.0, 29100.0 ], [ 31866.0, 29123.0 ], [ 31866.0, 29145.0 ], [ 31866.0, 29167.0 ], [ 31866.0, 29190.0 ], [ 31866.0, 29212.0 ], [ 31889.0, 29235.0 ], [ 31889.0, 29257.0 ], [ 31889.0, 29280.0 ], [ 31889.0, 29302.0 ], [ 31889.0, 29325.0 ], [ 31889.0, 29347.0 ], [ 31889.0, 29370.0 ], [ 31889.0, 29392.0 ], [ 31889.0, 29415.0 ], [ 31889.0, 29437.0 ], [ 31911.0, 29460.0 ], [ 31911.0, 29482.0 ], [ 31911.0, 29505.0 ], [ 31911.0, 29527.0 ], [ 31911.0, 29550.0 ], [ 31911.0, 29572.0 ], [ 31911.0, 29595.0 ], [ 31911.0, 29617.0 ], [ 31934.0, 29640.0 ], [ 31934.0, 29662.0 ], [ 31934.0, 29685.0 ], [ 31934.0, 29707.0 ], [ 31934.0, 29730.0 ], [ 31934.0, 29752.0 ], [ 31934.0, 29775.0 ], [ 31956.0, 29797.0 ], [ 31956.0, 29820.0 ], [ 31956.0, 29842.0 ], [ 31956.0, 29865.0 ], [ 31956.0, 29887.0 ], [ 31956.0, 29910.0 ], [ 31956.0, 29932.0 ], [ 31979.0, 29955.0 ], [ 31979.0, 29977.0 ], [ 31979.0, 30000.0 ], [ 31979.0, 30022.0 ], [ 31979.0, 30045.0 ], [ 31979.0, 30067.0 ], [ 31979.0, 30090.0 ], [ 31979.0, 30112.0 ], [ 32001.0, 30135.0 ], [ 32001.0, 30157.0 ], [ 32001.0, 30179.0 ], [ 32001.0, 30202.0 ], [ 32001.0, 30224.0 ], [ 32024.0, 30247.0 ], [ 32024.0, 30269.0 ], [ 32024.0, 30292.0 ], [ 32024.0, 30314.0 ], [ 32024.0, 30337.0 ], [ 32024.0, 30359.0 ], [ 32024.0, 30382.0 ], [ 32024.0, 30404.0 ], [ 32046.0, 30427.0 ], [ 32046.0, 30449.0 ], [ 32046.0, 30472.0 ], [ 32046.0, 30494.0 ], [ 32046.0, 30517.0 ], [ 32046.0, 30539.0 ], [ 32069.0, 30562.0 ], [ 32069.0, 30584.0 ], [ 32069.0, 30607.0 ], [ 32069.0, 30629.0 ], [ 32069.0, 30652.0 ], [ 32069.0, 30674.0 ], [ 32069.0, 30697.0 ], [ 32069.0, 30719.0 ], [ 32091.0, 30742.0 ], [ 32091.0, 30764.0 ], [ 32091.0, 30787.0 ], [ 32091.0, 30809.0 ], [ 32091.0, 30832.0 ], [ 32091.0, 30854.0 ], [ 32091.0, 30877.0 ], [ 32114.0, 30899.0 ], [ 32114.0, 30922.0 ], [ 32114.0, 30944.0 ], [ 32114.0, 30967.0 ], [ 32114.0, 30989.0 ], [ 32114.0, 31012.0 ], [ 32114.0, 31034.0 ], [ 32136.0, 31057.0 ], [ 32136.0, 31079.0 ], [ 32136.0, 31102.0 ], [ 32136.0, 31124.0 ], [ 32136.0, 31147.0 ], [ 32136.0, 31169.0 ], [ 32136.0, 31191.0 ], [ 32159.0, 31214.0 ], [ 32181.0, 31214.0 ], [ 32203.0, 31214.0 ], [ 32226.0, 31214.0 ], [ 32248.0, 31214.0 ], [ 32271.0, 31236.0 ], [ 32271.0, 31259.0 ], [ 32271.0, 31281.0 ], [ 32271.0, 31304.0 ], [ 32271.0, 31326.0 ], [ 32271.0, 31349.0 ], [ 32271.0, 31371.0 ], [ 32271.0, 31394.0 ], [ 32271.0, 31416.0 ], [ 32271.0, 31439.0 ], [ 32271.0, 31461.0 ], [ 32271.0, 31484.0 ], [ 32271.0, 31506.0 ], [ 32271.0, 31529.0 ], [ 32271.0, 31551.0 ], [ 32271.0, 31574.0 ], [ 32271.0, 31596.0 ], [ 32271.0, 31619.0 ], [ 32271.0, 31641.0 ], [ 32271.0, 31664.0 ], [ 32271.0, 31686.0 ], [ 32271.0, 31709.0 ], [ 32271.0, 31731.0 ], [ 32271.0, 31754.0 ], [ 32271.0, 31776.0 ], [ 32271.0, 31799.0 ], [ 32271.0, 31821.0 ], [ 32271.0, 31844.0 ], [ 32271.0, 31866.0 ], [ 32271.0, 31889.0 ], [ 32271.0, 31911.0 ], [ 32271.0, 31934.0 ], [ 32271.0, 31956.0 ], [ 32271.0, 31979.0 ], [ 32271.0, 32001.0 ], [ 32271.0, 32024.0 ], [ 32271.0, 32046.0 ], [ 32271.0, 32069.0 ], [ 32271.0, 32091.0 ], [ 32271.0, 32114.0 ], [ 32271.0, 32136.0 ], [ 32271.0, 32159.0 ], [ 32271.0, 32181.0 ], [ 32293.0, 32203.0 ], [ 32293.0, 32226.0 ], [ 32293.0, 32248.0 ], [ 32293.0, 32271.0 ], [ 32293.0, 32293.0 ], [ 32293.0, 32316.0 ], [ 32316.0, 32338.0 ], [ 32316.0, 32361.0 ], [ 32316.0, 32383.0 ], [ 32316.0, 32406.0 ], [ 32316.0, 32428.0 ], [ 32316.0, 32451.0 ], [ 32316.0, 32473.0 ], [ 32338.0, 32496.0 ], [ 32338.0, 32518.0 ], [ 32338.0, 32541.0 ], [ 32338.0, 32563.0 ], [ 32338.0, 32586.0 ], [ 32338.0, 32608.0 ], [ 32361.0, 32631.0 ], [ 32361.0, 32653.0 ], [ 32361.0, 32676.0 ], [ 32361.0, 32698.0 ], [ 32361.0, 32721.0 ], [ 32361.0, 32743.0 ], [ 32361.0, 32766.0 ], [ 32361.0, 32788.0 ], [ 32383.0, 32811.0 ], [ 32383.0, 32833.0 ], [ 32383.0, 32856.0 ], [ 32383.0, 32878.0 ], [ 32383.0, 32901.0 ], [ 32406.0, 32923.0 ], [ 32406.0, 32946.0 ], [ 32406.0, 32968.0 ], [ 32406.0, 32991.0 ], [ 32406.0, 33013.0 ], [ 32428.0, 33036.0 ], [ 32428.0, 33058.0 ], [ 32428.0, 33081.0 ], [ 32428.0, 33103.0 ], [ 32428.0, 33126.0 ], [ 32428.0, 33148.0 ], [ 32428.0, 33170.0 ], [ 32428.0, 33193.0 ], [ 32428.0, 33215.0 ], [ 32451.0, 33238.0 ], [ 32451.0, 33260.0 ], [ 32451.0, 33283.0 ], [ 32451.0, 33305.0 ], [ 32451.0, 33328.0 ], [ 32451.0, 33350.0 ], [ 32451.0, 33373.0 ], [ 32451.0, 33395.0 ], [ 32451.0, 33418.0 ], [ 32451.0, 33440.0 ], [ 32473.0, 33463.0 ], [ 32473.0, 33485.0 ], [ 32473.0, 33508.0 ], [ 32473.0, 33530.0 ], [ 32473.0, 33553.0 ], [ 32473.0, 33575.0 ], [ 32473.0, 33598.0 ], [ 32473.0, 33620.0 ], [ 32473.0, 33643.0 ], [ 32473.0, 33665.0 ], [ 32496.0, 33688.0 ], [ 32496.0, 33710.0 ], [ 32496.0, 33733.0 ], [ 32496.0, 33755.0 ], [ 32496.0, 33778.0 ], [ 32496.0, 33800.0 ], [ 32496.0, 33823.0 ], [ 32496.0, 33845.0 ], [ 32496.0, 33868.0 ], [ 32496.0, 33890.0 ], [ 32518.0, 33913.0 ], [ 32518.0, 33935.0 ], [ 32518.0, 33958.0 ], [ 32518.0, 33980.0 ], [ 32518.0, 34003.0 ], [ 32518.0, 34025.0 ], [ 32518.0, 34048.0 ], [ 32518.0, 34070.0 ], [ 32541.0, 34093.0 ], [ 32541.0, 34115.0 ], [ 32541.0, 34138.0 ], [ 32541.0, 34160.0 ], [ 32541.0, 34182.0 ], [ 32541.0, 34205.0 ], [ 32541.0, 34227.0 ], [ 32541.0, 34250.0 ], [ 32541.0, 34272.0 ], [ 32541.0, 34295.0 ], [ 32541.0, 34317.0 ], [ 32563.0, 34340.0 ], [ 32563.0, 34362.0 ], [ 32563.0, 34385.0 ], [ 32563.0, 34407.0 ], [ 32563.0, 34430.0 ], [ 32563.0, 34452.0 ], [ 32563.0, 34475.0 ], [ 32563.0, 34497.0 ], [ 32563.0, 34520.0 ], [ 32563.0, 34542.0 ], [ 32563.0, 34565.0 ], [ 32586.0, 34587.0 ], [ 32586.0, 34610.0 ], [ 32586.0, 34632.0 ], [ 32586.0, 34655.0 ], [ 32586.0, 34677.0 ], [ 32586.0, 34700.0 ], [ 32586.0, 34722.0 ], [ 32586.0, 34745.0 ], [ 32586.0, 34767.0 ], [ 32586.0, 34790.0 ], [ 32586.0, 34812.0 ], [ 32586.0, 34835.0 ], [ 32608.0, 34857.0 ], [ 32608.0, 34880.0 ], [ 32608.0, 34902.0 ], [ 32608.0, 34925.0 ], [ 32608.0, 34947.0 ], [ 32608.0, 34970.0 ], [ 32608.0, 34992.0 ], [ 32608.0, 35015.0 ], [ 32631.0, 35037.0 ], [ 32631.0, 35060.0 ], [ 32631.0, 35082.0 ], [ 32631.0, 35105.0 ], [ 32631.0, 35127.0 ], [ 32631.0, 35150.0 ], [ 32631.0, 35172.0 ], [ 32631.0, 35194.0 ], [ 32631.0, 35217.0 ], [ 32631.0, 35239.0 ], [ 32631.0, 35262.0 ], [ 32631.0, 35284.0 ], [ 32631.0, 35307.0 ], [ 32631.0, 35329.0 ], [ 32631.0, 35352.0 ], [ 32631.0, 35374.0 ], [ 32631.0, 35397.0 ], [ 32631.0, 35419.0 ], [ 32608.0, 35442.0 ], [ 32608.0, 35464.0 ], [ 32608.0, 35487.0 ], [ 32608.0, 35509.0 ], [ 32631.0, 35532.0 ], [ 32631.0, 35554.0 ], [ 32631.0, 35577.0 ], [ 32631.0, 35599.0 ], [ 32631.0, 35622.0 ], [ 32631.0, 35644.0 ], [ 32631.0, 35667.0 ], [ 32631.0, 35689.0 ], [ 32631.0, 35712.0 ], [ 32631.0, 35734.0 ], [ 32631.0, 35757.0 ], [ 32631.0, 35779.0 ], [ 32631.0, 35802.0 ], [ 32631.0, 35824.0 ], [ 32631.0, 35847.0 ], [ 32631.0, 35869.0 ], [ 32631.0, 35892.0 ], [ 32631.0, 35914.0 ], [ 32608.0, 35937.0 ], [ 32608.0, 35959.0 ], [ 32631.0, 35982.0 ], [ 32631.0, 36004.0 ], [ 32631.0, 36027.0 ], [ 32608.0, 36049.0 ], [ 32608.0, 36072.0 ], [ 32608.0, 36094.0 ], [ 32608.0, 36117.0 ], [ 32608.0, 36139.0 ], [ 32608.0, 36162.0 ], [ 32608.0, 36184.0 ], [ 32608.0, 36206.0 ], [ 32608.0, 36229.0 ], [ 32608.0, 36251.0 ], [ 32608.0, 36274.0 ], [ 32608.0, 36296.0 ], [ 32586.0, 36319.0 ], [ 32586.0, 36341.0 ], [ 32608.0, 36364.0 ], [ 32608.0, 36386.0 ], [ 32631.0, 36409.0 ], [ 32653.0, 36409.0 ], [ 32676.0, 36409.0 ], [ 32698.0, 36409.0 ], [ 32721.0, 36409.0 ], [ 32743.0, 36409.0 ], [ 32766.0, 36409.0 ], [ 32788.0, 36409.0 ], [ 32811.0, 36409.0 ], [ 32833.0, 36409.0 ], [ 32856.0, 36409.0 ], [ 32878.0, 36409.0 ], [ 32901.0, 36409.0 ], [ 32923.0, 36409.0 ], [ 32946.0, 36409.0 ], [ 32968.0, 36409.0 ], [ 32991.0, 36409.0 ], [ 33013.0, 36409.0 ], [ 33036.0, 36409.0 ], [ 33058.0, 36409.0 ], [ 33081.0, 36409.0 ], [ 33103.0, 36409.0 ], [ 33126.0, 36409.0 ], [ 33148.0, 36409.0 ], [ 33170.0, 36409.0 ], [ 33193.0, 36409.0 ], [ 33215.0, 36409.0 ], [ 33238.0, 36409.0 ], [ 33260.0, 36409.0 ], [ 33283.0, 36409.0 ], [ 33305.0, 36431.0 ], [ 33305.0, 36454.0 ], [ 33305.0, 36476.0 ], [ 33305.0, 36499.0 ], [ 33305.0, 36521.0 ], [ 33305.0, 36544.0 ], [ 33305.0, 36566.0 ], [ 33305.0, 36589.0 ], [ 33305.0, 36611.0 ], [ 33328.0, 36611.0 ], [ 33350.0, 36611.0 ], [ 33373.0, 36611.0 ], [ 33395.0, 36611.0 ], [ 33418.0, 36611.0 ], [ 33440.0, 36611.0 ], [ 33463.0, 36611.0 ], [ 33485.0, 36611.0 ], [ 33508.0, 36611.0 ], [ 33530.0, 36611.0 ], [ 33553.0, 36611.0 ], [ 33575.0, 36611.0 ], [ 33598.0, 36611.0 ], [ 33620.0, 36611.0 ], [ 33643.0, 36611.0 ], [ 33665.0, 36611.0 ], [ 33688.0, 36611.0 ], [ 33710.0, 36611.0 ], [ 33733.0, 36611.0 ], [ 33755.0, 36611.0 ], [ 33778.0, 36611.0 ], [ 33800.0, 36611.0 ], [ 33823.0, 36611.0 ], [ 33845.0, 36611.0 ], [ 33868.0, 36634.0 ], [ 33890.0, 36634.0 ], [ 33913.0, 36634.0 ], [ 33935.0, 36634.0 ], [ 33958.0, 36634.0 ], [ 33980.0, 36634.0 ], [ 34003.0, 36634.0 ], [ 34025.0, 36611.0 ], [ 34048.0, 36634.0 ], [ 34070.0, 36634.0 ], [ 34093.0, 36611.0 ], [ 34115.0, 36634.0 ], [ 34138.0, 36634.0 ], [ 34160.0, 36634.0 ], [ 34182.0, 36634.0 ], [ 34205.0, 36634.0 ], [ 34227.0, 36634.0 ], [ 34250.0, 36634.0 ], [ 34272.0, 36634.0 ], [ 34295.0, 36634.0 ], [ 34317.0, 36634.0 ], [ 34340.0, 36634.0 ], [ 34362.0, 36634.0 ], [ 34385.0, 36634.0 ], [ 34407.0, 36634.0 ], [ 34430.0, 36634.0 ], [ 34452.0, 36634.0 ], [ 34475.0, 36634.0 ], [ 34497.0, 36634.0 ], [ 34520.0, 36634.0 ], [ 34542.0, 36656.0 ], [ 34565.0, 36656.0 ], [ 34587.0, 36656.0 ], [ 34610.0, 36656.0 ], [ 34632.0, 36634.0 ], [ 34655.0, 36656.0 ], [ 34677.0, 36656.0 ], [ 34700.0, 36656.0 ], [ 34722.0, 36656.0 ], [ 34745.0, 36656.0 ], [ 34767.0, 36634.0 ], [ 34790.0, 36656.0 ], [ 34812.0, 36656.0 ], [ 34835.0, 36656.0 ], [ 34857.0, 36656.0 ], [ 34880.0, 36656.0 ], [ 34902.0, 36634.0 ], [ 34925.0, 36634.0 ], [ 34947.0, 36634.0 ], [ 34970.0, 36634.0 ], [ 34992.0, 36634.0 ], [ 35015.0, 36634.0 ], [ 35037.0, 36634.0 ], [ 35060.0, 36634.0 ], [ 35082.0, 36634.0 ], [ 35105.0, 36634.0 ], [ 35127.0, 36634.0 ], [ 35150.0, 36634.0 ], [ 35172.0, 36634.0 ], [ 35194.0, 36634.0 ], [ 35217.0, 36634.0 ], [ 35239.0, 36634.0 ], [ 35262.0, 36634.0 ], [ 35284.0, 36634.0 ], [ 35307.0, 36634.0 ], [ 35329.0, 36634.0 ], [ 35352.0, 36611.0 ], [ 35374.0, 36611.0 ], [ 35397.0, 36611.0 ], [ 35419.0, 36611.0 ], [ 35442.0, 36611.0 ], [ 35464.0, 36611.0 ], [ 35487.0, 36611.0 ], [ 35509.0, 36589.0 ], [ 35532.0, 36611.0 ], [ 35554.0, 36611.0 ], [ 35577.0, 36611.0 ], [ 35599.0, 36589.0 ], [ 35622.0, 36589.0 ], [ 35644.0, 36589.0 ], [ 35667.0, 36589.0 ], [ 35689.0, 36589.0 ], [ 35712.0, 36589.0 ], [ 35734.0, 36589.0 ], [ 35757.0, 36589.0 ], [ 35779.0, 36589.0 ], [ 35802.0, 36589.0 ], [ 35824.0, 36589.0 ], [ 35847.0, 36589.0 ], [ 35869.0, 36589.0 ], [ 35892.0, 36589.0 ], [ 35914.0, 36566.0 ], [ 35937.0, 36566.0 ], [ 35959.0, 36566.0 ], [ 35982.0, 36566.0 ], [ 36004.0, 36566.0 ], [ 36027.0, 36566.0 ], [ 36049.0, 36566.0 ], [ 36072.0, 36544.0 ], [ 36094.0, 36544.0 ], [ 36117.0, 36544.0 ], [ 36139.0, 36544.0 ], [ 36162.0, 36544.0 ], [ 36184.0, 36521.0 ], [ 36206.0, 36521.0 ], [ 36229.0, 36521.0 ], [ 36251.0, 36521.0 ], [ 36274.0, 36521.0 ], [ 36296.0, 36521.0 ], [ 36319.0, 36521.0 ], [ 36341.0, 36499.0 ], [ 36364.0, 36499.0 ], [ 36386.0, 36499.0 ], [ 36409.0, 36499.0 ], [ 36409.0, 36476.0 ], [ 36409.0, 36454.0 ], [ 36409.0, 36431.0 ], [ 36431.0, 36409.0 ], [ 36454.0, 36409.0 ], [ 36476.0, 36409.0 ], [ 36499.0, 36409.0 ], [ 36521.0, 36409.0 ], [ 36544.0, 36409.0 ], [ 36566.0, 36409.0 ], [ 36589.0, 36409.0 ], [ 36611.0, 36409.0 ], [ 36634.0, 36409.0 ], [ 36656.0, 36409.0 ], [ 36679.0, 36409.0 ], [ 36701.0, 36409.0 ], [ 36724.0, 36409.0 ], [ 36746.0, 36409.0 ], [ 36769.0, 36409.0 ], [ 36791.0, 36409.0 ], [ 36814.0, 36409.0 ], [ 36836.0, 36409.0 ], [ 36859.0, 36409.0 ], [ 36881.0, 36409.0 ], [ 36904.0, 36409.0 ], [ 36926.0, 36409.0 ], [ 36949.0, 36409.0 ], [ 36971.0, 36409.0 ], [ 36994.0, 36409.0 ], [ 37016.0, 36409.0 ], [ 37039.0, 36409.0 ], [ 37061.0, 36409.0 ], [ 37084.0, 36409.0 ], [ 37106.0, 36409.0 ], [ 37129.0, 36409.0 ], [ 37151.0, 36409.0 ], [ 37174.0, 36409.0 ], [ 37196.0, 36409.0 ], [ 37218.0, 36409.0 ], [ 37241.0, 36409.0 ], [ 37263.0, 36409.0 ], [ 37286.0, 36409.0 ], [ 37308.0, 36409.0 ], [ 37331.0, 36386.0 ], [ 37353.0, 36386.0 ], [ 37376.0, 36386.0 ], [ 37398.0, 36386.0 ], [ 37421.0, 36386.0 ], [ 37443.0, 36386.0 ], [ 37466.0, 36386.0 ], [ 37488.0, 36364.0 ], [ 37511.0, 36364.0 ], [ 37533.0, 36364.0 ], [ 37556.0, 36364.0 ], [ 37578.0, 36364.0 ], [ 37601.0, 36341.0 ], [ 37623.0, 36364.0 ], [ 37646.0, 36341.0 ], [ 37668.0, 36341.0 ], [ 37691.0, 36341.0 ], [ 37713.0, 36341.0 ], [ 37736.0, 36341.0 ], [ 37758.0, 36341.0 ], [ 37781.0, 36319.0 ], [ 37803.0, 36341.0 ], [ 37826.0, 36319.0 ], [ 37848.0, 36319.0 ], [ 37871.0, 36319.0 ], [ 37893.0, 36319.0 ], [ 37916.0, 36319.0 ], [ 37938.0, 36319.0 ], [ 37961.0, 36319.0 ], [ 37983.0, 36319.0 ], [ 38006.0, 36296.0 ], [ 38028.0, 36296.0 ], [ 38051.0, 36296.0 ], [ 38073.0, 36296.0 ], [ 38096.0, 36296.0 ], [ 38118.0, 36274.0 ], [ 38141.0, 36274.0 ], [ 38163.0, 36274.0 ], [ 38186.0, 36274.0 ], [ 38208.0, 36274.0 ], [ 38230.0, 36274.0 ], [ 38253.0, 36274.0 ], [ 38275.0, 36251.0 ], [ 38298.0, 36251.0 ], [ 38320.0, 36251.0 ], [ 38343.0, 36251.0 ], [ 38365.0, 36251.0 ], [ 38388.0, 36251.0 ], [ 38410.0, 36251.0 ], [ 38433.0, 36251.0 ], [ 38455.0, 36251.0 ], [ 38478.0, 36251.0 ], [ 38500.0, 36229.0 ], [ 38523.0, 36229.0 ], [ 38545.0, 36229.0 ], [ 38568.0, 36229.0 ], [ 38590.0, 36229.0 ], [ 38613.0, 36229.0 ], [ 38635.0, 36206.0 ], [ 38658.0, 36206.0 ], [ 38680.0, 36206.0 ], [ 38703.0, 36206.0 ], [ 38725.0, 36206.0 ], [ 38748.0, 36206.0 ], [ 38770.0, 36184.0 ], [ 38793.0, 36184.0 ], [ 38815.0, 36184.0 ], [ 38838.0, 36162.0 ], [ 38860.0, 36162.0 ], [ 38883.0, 36162.0 ], [ 38905.0, 36139.0 ], [ 38928.0, 36139.0 ], [ 38950.0, 36139.0 ], [ 38973.0, 36117.0 ], [ 38995.0, 36117.0 ], [ 39018.0, 36117.0 ], [ 39040.0, 36117.0 ], [ 39063.0, 36094.0 ], [ 39085.0, 36094.0 ], [ 39108.0, 36094.0 ], [ 39130.0, 36072.0 ], [ 39153.0, 36072.0 ], [ 39175.0, 36072.0 ], [ 39197.0, 36072.0 ], [ 39220.0, 36072.0 ], [ 39242.0, 36049.0 ], [ 39265.0, 36049.0 ], [ 39287.0, 36049.0 ], [ 39310.0, 36049.0 ], [ 39332.0, 36027.0 ], [ 39355.0, 36027.0 ], [ 39377.0, 36027.0 ], [ 39400.0, 36027.0 ], [ 39422.0, 36004.0 ], [ 39445.0, 36004.0 ], [ 39467.0, 36004.0 ], [ 39490.0, 36004.0 ], [ 39512.0, 35982.0 ], [ 39535.0, 35982.0 ], [ 39557.0, 35982.0 ], [ 39580.0, 35982.0 ], [ 39602.0, 35959.0 ], [ 39625.0, 35959.0 ], [ 39647.0, 35959.0 ], [ 39670.0, 35937.0 ], [ 39692.0, 35937.0 ], [ 39715.0, 35914.0 ], [ 39737.0, 35914.0 ], [ 39760.0, 35914.0 ], [ 39782.0, 35892.0 ], [ 39805.0, 35892.0 ], [ 39827.0, 35892.0 ], [ 39850.0, 35869.0 ], [ 39872.0, 35869.0 ], [ 39895.0, 35847.0 ], [ 39917.0, 35847.0 ], [ 39940.0, 35847.0 ], [ 39962.0, 35824.0 ], [ 39985.0, 35824.0 ], [ 40007.0, 35824.0 ], [ 40030.0, 35802.0 ], [ 40052.0, 35802.0 ], [ 40075.0, 35802.0 ], [ 40097.0, 35802.0 ], [ 40120.0, 35802.0 ], [ 40142.0, 35779.0 ], [ 40165.0, 35802.0 ], [ 40187.0, 35802.0 ], [ 40209.0, 35802.0 ], [ 40232.0, 35802.0 ], [ 40254.0, 35802.0 ], [ 40277.0, 35802.0 ], [ 40299.0, 35802.0 ], [ 40322.0, 35802.0 ], [ 40344.0, 35802.0 ], [ 40367.0, 35802.0 ], [ 40389.0, 35802.0 ], [ 40412.0, 35802.0 ], [ 40434.0, 35802.0 ], [ 40457.0, 35802.0 ], [ 40479.0, 35802.0 ], [ 40502.0, 35802.0 ], [ 40524.0, 35802.0 ], [ 40547.0, 35802.0 ], [ 40569.0, 35802.0 ], [ 40592.0, 35802.0 ], [ 40614.0, 35802.0 ], [ 40637.0, 35802.0 ], [ 40659.0, 35802.0 ], [ 40682.0, 35802.0 ], [ 40704.0, 35802.0 ], [ 40727.0, 35802.0 ], [ 40749.0, 35824.0 ], [ 40772.0, 35824.0 ], [ 40794.0, 35824.0 ], [ 40817.0, 35824.0 ], [ 40839.0, 35847.0 ], [ 40862.0, 35847.0 ], [ 40884.0, 35847.0 ], [ 40907.0, 35847.0 ], [ 40929.0, 35869.0 ], [ 40952.0, 35847.0 ], [ 40974.0, 35869.0 ], [ 40997.0, 35869.0 ], [ 41019.0, 35869.0 ], [ 41042.0, 35869.0 ], [ 41064.0, 35869.0 ], [ 41087.0, 35869.0 ], [ 41109.0, 35869.0 ], [ 41132.0, 35869.0 ], [ 41154.0, 35869.0 ], [ 41177.0, 35869.0 ], [ 41199.0, 35892.0 ], [ 41221.0, 35892.0 ], [ 41244.0, 35892.0 ], [ 41266.0, 35869.0 ], [ 41289.0, 35869.0 ], [ 41311.0, 35869.0 ], [ 41334.0, 35869.0 ], [ 41356.0, 35869.0 ], [ 41379.0, 35869.0 ], [ 41401.0, 35892.0 ], [ 41424.0, 35869.0 ], [ 41446.0, 35869.0 ], [ 41469.0, 35869.0 ], [ 41491.0, 35869.0 ], [ 41514.0, 35869.0 ], [ 41536.0, 35869.0 ], [ 41559.0, 35869.0 ], [ 41581.0, 35869.0 ], [ 41604.0, 35869.0 ], [ 41626.0, 35869.0 ], [ 41649.0, 35869.0 ], [ 41671.0, 35869.0 ], [ 41694.0, 35869.0 ], [ 41716.0, 35869.0 ], [ 41739.0, 35869.0 ], [ 41761.0, 35869.0 ], [ 41784.0, 35869.0 ], [ 41806.0, 35869.0 ], [ 41829.0, 35869.0 ], [ 41851.0, 35869.0 ], [ 41874.0, 35869.0 ], [ 41896.0, 35869.0 ], [ 41919.0, 35869.0 ], [ 41941.0, 35869.0 ], [ 41964.0, 35869.0 ], [ 41986.0, 35869.0 ], [ 42009.0, 35869.0 ], [ 42031.0, 35869.0 ], [ 42054.0, 35869.0 ], [ 42076.0, 35869.0 ], [ 42099.0, 35869.0 ], [ 42121.0, 35892.0 ], [ 42144.0, 35892.0 ], [ 42166.0, 35892.0 ], [ 42189.0, 35892.0 ], [ 42211.0, 35892.0 ], [ 42233.0, 35892.0 ], [ 42256.0, 35892.0 ], [ 42278.0, 35892.0 ], [ 42301.0, 35914.0 ], [ 42323.0, 35892.0 ], [ 42346.0, 35914.0 ], [ 42368.0, 35892.0 ], [ 42391.0, 35914.0 ], [ 42413.0, 35914.0 ], [ 42436.0, 35914.0 ], [ 42458.0, 35914.0 ], [ 42481.0, 35914.0 ], [ 42503.0, 35914.0 ], [ 42526.0, 35937.0 ], [ 42548.0, 35937.0 ], [ 42571.0, 35937.0 ], [ 42593.0, 35914.0 ], [ 42616.0, 35937.0 ], [ 42638.0, 35937.0 ], [ 42661.0, 35937.0 ], [ 42683.0, 35937.0 ], [ 42706.0, 35959.0 ], [ 42728.0, 35959.0 ], [ 42751.0, 35959.0 ], [ 42773.0, 35982.0 ], [ 42796.0, 35982.0 ], [ 42818.0, 35982.0 ], [ 42841.0, 35982.0 ], [ 42863.0, 35982.0 ], [ 42886.0, 36004.0 ], [ 42908.0, 36004.0 ], [ 42931.0, 36004.0 ], [ 42953.0, 36004.0 ], [ 42976.0, 36027.0 ], [ 42998.0, 36027.0 ], [ 43021.0, 36027.0 ], [ 43043.0, 36027.0 ], [ 43066.0, 36027.0 ], [ 43088.0, 36049.0 ], [ 43111.0, 36049.0 ], [ 43133.0, 36049.0 ], [ 43156.0, 36072.0 ], [ 43178.0, 36049.0 ], [ 43201.0, 36072.0 ], [ 43223.0, 36072.0 ], [ 43245.0, 36072.0 ], [ 43268.0, 36094.0 ], [ 43290.0, 36094.0 ], [ 43313.0, 36094.0 ], [ 43335.0, 36094.0 ], [ 43358.0, 36117.0 ], [ 43380.0, 36094.0 ], [ 43403.0, 36117.0 ], [ 43425.0, 36117.0 ], [ 43448.0, 36117.0 ], [ 43470.0, 36117.0 ], [ 43493.0, 36139.0 ], [ 43515.0, 36139.0 ], [ 43538.0, 36139.0 ], [ 43560.0, 36139.0 ], [ 43583.0, 36139.0 ], [ 43605.0, 36139.0 ], [ 43628.0, 36139.0 ], [ 43650.0, 36162.0 ], [ 43673.0, 36162.0 ], [ 43695.0, 36162.0 ], [ 43718.0, 36162.0 ], [ 43740.0, 36162.0 ], [ 43763.0, 36162.0 ], [ 43785.0, 36162.0 ], [ 43808.0, 36162.0 ], [ 43830.0, 36162.0 ], [ 43853.0, 36184.0 ], [ 43875.0, 36184.0 ], [ 43898.0, 36184.0 ], [ 43920.0, 36184.0 ], [ 43943.0, 36162.0 ], [ 43965.0, 36162.0 ], [ 43988.0, 36162.0 ], [ 44010.0, 36162.0 ], [ 44033.0, 36162.0 ], [ 44055.0, 36162.0 ], [ 44078.0, 36162.0 ], [ 44100.0, 36162.0 ], [ 44123.0, 36162.0 ], [ 44145.0, 36184.0 ], [ 44168.0, 36184.0 ], [ 44190.0, 36184.0 ], [ 44213.0, 36184.0 ], [ 44235.0, 36184.0 ], [ 44257.0, 36206.0 ], [ 44280.0, 36184.0 ], [ 44302.0, 36184.0 ], [ 44325.0, 36184.0 ], [ 44347.0, 36206.0 ], [ 44370.0, 36206.0 ], [ 44392.0, 36206.0 ], [ 44415.0, 36229.0 ], [ 44437.0, 36229.0 ], [ 44460.0, 36229.0 ], [ 44482.0, 36229.0 ], [ 44505.0, 36229.0 ], [ 44527.0, 36229.0 ], [ 44550.0, 36229.0 ], [ 44572.0, 36206.0 ], [ 44595.0, 36229.0 ], [ 44617.0, 36206.0 ], [ 44640.0, 36206.0 ], [ 44662.0, 36206.0 ], [ 44685.0, 36206.0 ], [ 44707.0, 36206.0 ], [ 44730.0, 36206.0 ], [ 44752.0, 36206.0 ], [ 44775.0, 36206.0 ], [ 44797.0, 36206.0 ], [ 44820.0, 36206.0 ], [ 44842.0, 36206.0 ], [ 44865.0, 36206.0 ], [ 44887.0, 36206.0 ], [ 44910.0, 36206.0 ], [ 44932.0, 36206.0 ], [ 44955.0, 36206.0 ], [ 44977.0, 36184.0 ], [ 45000.0, 36184.0 ], [ 45022.0, 36184.0 ], [ 45045.0, 36184.0 ], [ 45067.0, 36184.0 ], [ 45090.0, 36162.0 ], [ 45112.0, 36162.0 ], [ 45135.0, 36162.0 ], [ 45157.0, 36139.0 ], [ 45180.0, 36139.0 ], [ 45202.0, 36117.0 ], [ 45225.0, 36117.0 ], [ 45225.0, 36094.0 ], [ 45247.0, 36072.0 ], [ 45269.0, 36049.0 ], [ 45269.0, 36027.0 ], [ 45269.0, 36004.0 ], [ 45269.0, 35982.0 ], [ 45269.0, 35959.0 ], [ 45269.0, 35937.0 ], [ 45269.0, 35914.0 ], [ 45269.0, 35892.0 ], [ 45269.0, 35869.0 ], [ 45292.0, 35847.0 ], [ 45292.0, 35824.0 ], [ 45292.0, 35802.0 ], [ 45269.0, 35779.0 ], [ 45269.0, 35757.0 ], [ 45292.0, 35734.0 ], [ 45292.0, 35712.0 ], [ 45292.0, 35689.0 ], [ 45292.0, 35667.0 ], [ 45269.0, 35644.0 ], [ 45269.0, 35622.0 ], [ 45269.0, 35599.0 ], [ 45269.0, 35577.0 ], [ 45269.0, 35554.0 ], [ 45269.0, 35532.0 ], [ 45269.0, 35509.0 ], [ 45269.0, 35487.0 ], [ 45269.0, 35464.0 ], [ 45269.0, 35442.0 ], [ 45269.0, 35419.0 ], [ 45269.0, 35397.0 ], [ 45269.0, 35374.0 ], [ 45269.0, 35352.0 ], [ 45269.0, 35329.0 ], [ 45269.0, 35307.0 ], [ 45292.0, 35284.0 ], [ 45269.0, 35262.0 ], [ 45269.0, 35239.0 ], [ 45269.0, 35217.0 ], [ 45269.0, 35194.0 ], [ 45269.0, 35172.0 ], [ 45269.0, 35150.0 ], [ 45269.0, 35127.0 ], [ 45269.0, 35105.0 ], [ 45269.0, 35082.0 ], [ 45269.0, 35060.0 ], [ 45269.0, 35037.0 ], [ 45269.0, 35015.0 ], [ 45269.0, 34992.0 ], [ 45269.0, 34970.0 ], [ 45269.0, 34947.0 ], [ 45269.0, 34925.0 ], [ 45269.0, 34902.0 ], [ 45269.0, 34880.0 ], [ 45269.0, 34857.0 ], [ 45269.0, 34835.0 ], [ 45269.0, 34812.0 ], [ 45269.0, 34790.0 ], [ 45269.0, 34767.0 ], [ 45292.0, 34745.0 ], [ 45292.0, 34722.0 ], [ 45292.0, 34700.0 ], [ 45292.0, 34677.0 ], [ 45292.0, 34655.0 ], [ 45292.0, 34632.0 ], [ 45292.0, 34610.0 ], [ 45292.0, 34587.0 ], [ 45292.0, 34565.0 ], [ 45292.0, 34542.0 ], [ 45292.0, 34520.0 ], [ 45292.0, 34497.0 ], [ 45292.0, 34475.0 ], [ 45292.0, 34452.0 ], [ 45292.0, 34430.0 ], [ 45292.0, 34407.0 ], [ 45292.0, 34385.0 ], [ 45292.0, 34362.0 ], [ 45292.0, 34340.0 ], [ 45292.0, 34317.0 ], [ 45292.0, 34295.0 ], [ 45292.0, 34272.0 ], [ 45292.0, 34250.0 ], [ 45292.0, 34227.0 ], [ 45292.0, 34205.0 ], [ 45292.0, 34182.0 ], [ 45292.0, 34160.0 ], [ 45292.0, 34138.0 ], [ 45292.0, 34115.0 ], [ 45292.0, 34093.0 ], [ 45292.0, 34070.0 ], [ 45292.0, 34048.0 ], [ 45292.0, 34025.0 ], [ 45292.0, 34003.0 ], [ 45292.0, 33980.0 ], [ 45292.0, 33958.0 ], [ 45292.0, 33935.0 ], [ 45292.0, 33913.0 ], [ 45292.0, 33890.0 ], [ 45292.0, 33868.0 ], [ 45292.0, 33845.0 ], [ 45292.0, 33823.0 ], [ 45292.0, 33800.0 ], [ 45292.0, 33778.0 ], [ 45292.0, 33755.0 ], [ 45292.0, 33733.0 ], [ 45292.0, 33710.0 ], [ 45292.0, 33688.0 ], [ 45292.0, 33665.0 ], [ 45292.0, 33643.0 ], [ 45292.0, 33620.0 ], [ 45292.0, 33598.0 ], [ 45292.0, 33575.0 ], [ 45292.0, 33553.0 ], [ 45292.0, 33530.0 ], [ 45292.0, 33508.0 ], [ 45292.0, 33485.0 ], [ 45292.0, 33463.0 ], [ 45292.0, 33440.0 ], [ 45292.0, 33418.0 ], [ 45292.0, 33395.0 ], [ 45292.0, 33373.0 ], [ 45292.0, 33350.0 ], [ 45292.0, 33328.0 ], [ 45292.0, 33305.0 ], [ 45292.0, 33283.0 ], [ 45292.0, 33260.0 ], [ 45292.0, 33238.0 ], [ 45292.0, 33215.0 ], [ 45269.0, 33193.0 ], [ 45269.0, 33170.0 ], [ 45269.0, 33148.0 ], [ 45269.0, 33126.0 ], [ 45269.0, 33103.0 ], [ 45269.0, 33081.0 ], [ 45269.0, 33058.0 ], [ 45269.0, 33036.0 ], [ 45269.0, 33013.0 ], [ 45269.0, 32991.0 ], [ 45269.0, 32968.0 ], [ 45269.0, 32946.0 ], [ 45269.0, 32923.0 ], [ 45269.0, 32901.0 ], [ 45269.0, 32878.0 ], [ 45269.0, 32856.0 ], [ 45269.0, 32833.0 ], [ 45269.0, 32811.0 ], [ 45269.0, 32788.0 ], [ 45269.0, 32766.0 ], [ 45269.0, 32743.0 ], [ 45269.0, 32721.0 ], [ 45269.0, 32698.0 ], [ 45269.0, 32676.0 ], [ 45269.0, 32653.0 ], [ 45247.0, 32631.0 ], [ 45247.0, 32608.0 ], [ 45247.0, 32586.0 ], [ 45269.0, 32563.0 ], [ 45247.0, 32541.0 ], [ 45269.0, 32518.0 ], [ 45269.0, 32496.0 ], [ 45269.0, 32473.0 ], [ 45269.0, 32451.0 ], [ 45247.0, 32428.0 ], [ 45247.0, 32406.0 ], [ 45247.0, 32383.0 ], [ 45247.0, 32361.0 ], [ 45247.0, 32338.0 ], [ 45247.0, 32316.0 ], [ 45247.0, 32293.0 ], [ 45247.0, 32271.0 ], [ 45247.0, 32248.0 ], [ 45247.0, 32226.0 ], [ 45247.0, 32203.0 ], [ 45247.0, 32181.0 ], [ 45247.0, 32159.0 ], [ 45247.0, 32136.0 ], [ 45247.0, 32114.0 ], [ 45247.0, 32091.0 ], [ 45247.0, 32069.0 ], [ 45247.0, 32046.0 ], [ 45247.0, 32024.0 ], [ 45225.0, 32001.0 ], [ 45225.0, 31979.0 ], [ 45247.0, 31956.0 ], [ 45247.0, 31934.0 ], [ 45225.0, 31911.0 ], [ 45225.0, 31889.0 ], [ 45247.0, 31866.0 ], [ 45247.0, 31844.0 ], [ 45247.0, 31821.0 ], [ 45247.0, 31799.0 ], [ 45247.0, 31776.0 ], [ 45247.0, 31754.0 ], [ 45247.0, 31731.0 ], [ 45247.0, 31709.0 ], [ 45247.0, 31686.0 ], [ 45247.0, 31664.0 ], [ 45247.0, 31641.0 ], [ 45247.0, 31619.0 ], [ 45247.0, 31596.0 ], [ 45225.0, 31574.0 ], [ 45225.0, 31551.0 ], [ 45225.0, 31529.0 ], [ 45225.0, 31506.0 ], [ 45225.0, 31484.0 ], [ 45247.0, 31461.0 ], [ 45225.0, 31439.0 ], [ 45225.0, 31416.0 ], [ 45225.0, 31394.0 ], [ 45225.0, 31371.0 ], [ 45225.0, 31349.0 ], [ 45225.0, 31326.0 ], [ 45225.0, 31304.0 ], [ 45225.0, 31281.0 ], [ 45225.0, 31259.0 ], [ 45225.0, 31236.0 ], [ 45225.0, 31214.0 ], [ 45225.0, 31191.0 ], [ 45225.0, 31169.0 ], [ 45225.0, 31147.0 ], [ 45225.0, 31124.0 ], [ 45225.0, 31102.0 ], [ 45225.0, 31079.0 ], [ 45225.0, 31057.0 ], [ 45225.0, 31034.0 ], [ 45202.0, 31012.0 ], [ 45202.0, 30989.0 ], [ 45202.0, 30967.0 ], [ 45202.0, 30944.0 ], [ 45202.0, 30922.0 ], [ 45202.0, 30899.0 ], [ 45202.0, 30877.0 ], [ 45202.0, 30854.0 ], [ 45202.0, 30832.0 ], [ 45202.0, 30809.0 ], [ 45202.0, 30787.0 ], [ 45202.0, 30764.0 ], [ 45202.0, 30742.0 ], [ 45202.0, 30719.0 ], [ 45202.0, 30697.0 ], [ 45202.0, 30674.0 ], [ 45202.0, 30652.0 ], [ 45202.0, 30629.0 ], [ 45202.0, 30607.0 ], [ 45202.0, 30584.0 ], [ 45202.0, 30562.0 ], [ 45202.0, 30539.0 ], [ 45202.0, 30517.0 ], [ 45202.0, 30494.0 ], [ 45180.0, 30472.0 ], [ 45180.0, 30449.0 ], [ 45180.0, 30427.0 ], [ 45180.0, 30404.0 ], [ 45180.0, 30382.0 ], [ 45180.0, 30359.0 ], [ 45180.0, 30337.0 ], [ 45180.0, 30314.0 ], [ 45180.0, 30292.0 ], [ 45180.0, 30269.0 ], [ 45180.0, 30247.0 ], [ 45180.0, 30224.0 ], [ 45180.0, 30202.0 ], [ 45180.0, 30179.0 ], [ 45180.0, 30157.0 ], [ 45180.0, 30135.0 ], [ 45180.0, 30112.0 ], [ 45180.0, 30090.0 ], [ 45180.0, 30067.0 ], [ 45180.0, 30045.0 ], [ 45180.0, 30022.0 ], [ 45202.0, 30000.0 ], [ 45202.0, 29977.0 ], [ 45202.0, 29955.0 ], [ 45202.0, 29932.0 ], [ 45202.0, 29910.0 ], [ 45202.0, 29887.0 ], [ 45202.0, 29865.0 ], [ 45202.0, 29842.0 ], [ 45202.0, 29820.0 ], [ 45202.0, 29797.0 ], [ 45202.0, 29775.0 ], [ 45202.0, 29752.0 ], [ 45202.0, 29730.0 ], [ 45202.0, 29707.0 ], [ 45202.0, 29685.0 ], [ 45202.0, 29662.0 ], [ 45202.0, 29640.0 ], [ 45202.0, 29617.0 ], [ 45202.0, 29595.0 ], [ 45202.0, 29572.0 ], [ 45202.0, 29550.0 ], [ 45202.0, 29527.0 ], [ 45202.0, 29505.0 ], [ 45202.0, 29482.0 ], [ 45202.0, 29460.0 ], [ 45202.0, 29437.0 ], [ 45202.0, 29415.0 ], [ 45202.0, 29392.0 ], [ 45202.0, 29370.0 ], [ 45202.0, 29347.0 ], [ 45202.0, 29325.0 ], [ 45202.0, 29302.0 ], [ 45202.0, 29280.0 ], [ 45202.0, 29257.0 ], [ 45202.0, 29235.0 ], [ 45202.0, 29212.0 ], [ 45202.0, 29190.0 ], [ 45202.0, 29167.0 ], [ 45202.0, 29145.0 ], [ 45202.0, 29123.0 ], [ 45202.0, 29100.0 ], [ 45202.0, 29078.0 ], [ 45202.0, 29055.0 ], [ 45202.0, 29033.0 ], [ 45202.0, 29010.0 ], [ 45202.0, 28988.0 ], [ 45202.0, 28965.0 ], [ 45202.0, 28943.0 ], [ 45202.0, 28920.0 ], [ 45202.0, 28898.0 ], [ 45202.0, 28875.0 ], [ 45202.0, 28853.0 ], [ 45202.0, 28830.0 ], [ 45202.0, 28808.0 ], [ 45202.0, 28785.0 ], [ 45202.0, 28763.0 ], [ 45202.0, 28740.0 ], [ 45202.0, 28718.0 ], [ 45180.0, 28695.0 ], [ 45202.0, 28673.0 ], [ 45202.0, 28650.0 ], [ 45180.0, 28628.0 ], [ 45202.0, 28605.0 ], [ 45202.0, 28583.0 ], [ 45202.0, 28560.0 ], [ 45202.0, 28538.0 ], [ 45202.0, 28515.0 ], [ 45202.0, 28493.0 ], [ 45202.0, 28470.0 ], [ 45202.0, 28448.0 ], [ 45202.0, 28425.0 ], [ 45180.0, 28403.0 ], [ 45180.0, 28380.0 ], [ 45180.0, 28358.0 ], [ 45202.0, 28335.0 ], [ 45202.0, 28313.0 ], [ 45202.0, 28290.0 ], [ 45202.0, 28268.0 ], [ 45180.0, 28245.0 ], [ 45202.0, 28223.0 ], [ 45202.0, 28200.0 ], [ 45202.0, 28178.0 ], [ 45202.0, 28155.0 ], [ 45202.0, 28133.0 ], [ 45202.0, 28111.0 ], [ 45202.0, 28088.0 ], [ 45202.0, 28066.0 ], [ 45202.0, 28043.0 ], [ 45202.0, 28021.0 ], [ 45202.0, 27998.0 ], [ 45180.0, 27976.0 ], [ 45180.0, 27953.0 ], [ 45180.0, 27931.0 ], [ 45180.0, 27908.0 ], [ 45180.0, 27886.0 ], [ 45180.0, 27863.0 ], [ 45180.0, 27841.0 ], [ 45180.0, 27818.0 ], [ 45180.0, 27796.0 ], [ 45180.0, 27773.0 ], [ 45180.0, 27751.0 ], [ 45157.0, 27728.0 ], [ 45180.0, 27706.0 ], [ 45157.0, 27683.0 ], [ 45157.0, 27661.0 ], [ 45157.0, 27638.0 ], [ 45180.0, 27616.0 ], [ 45157.0, 27593.0 ], [ 45180.0, 27571.0 ], [ 45180.0, 27548.0 ], [ 45157.0, 27526.0 ], [ 45157.0, 27503.0 ], [ 45157.0, 27481.0 ], [ 45157.0, 27458.0 ], [ 45157.0, 27436.0 ], [ 45135.0, 27413.0 ], [ 45157.0, 27391.0 ], [ 45157.0, 27368.0 ], [ 45157.0, 27346.0 ], [ 45157.0, 27323.0 ], [ 45157.0, 27301.0 ], [ 45157.0, 27278.0 ], [ 45135.0, 27256.0 ], [ 45135.0, 27233.0 ], [ 45135.0, 27211.0 ], [ 45135.0, 27188.0 ], [ 45135.0, 27166.0 ], [ 45135.0, 27143.0 ], [ 45112.0, 27121.0 ], [ 45135.0, 27099.0 ], [ 45135.0, 27076.0 ], [ 45135.0, 27054.0 ], [ 45135.0, 27031.0 ], [ 45112.0, 27009.0 ], [ 45112.0, 26986.0 ], [ 45112.0, 26964.0 ], [ 45112.0, 26941.0 ], [ 45112.0, 26919.0 ], [ 45112.0, 26896.0 ], [ 45090.0, 26874.0 ], [ 45090.0, 26851.0 ], [ 45090.0, 26829.0 ], [ 45090.0, 26806.0 ], [ 45090.0, 26784.0 ], [ 45090.0, 26761.0 ], [ 45090.0, 26739.0 ], [ 45090.0, 26716.0 ], [ 45090.0, 26694.0 ], [ 45090.0, 26671.0 ], [ 45067.0, 26649.0 ], [ 45067.0, 26626.0 ], [ 45067.0, 26604.0 ], [ 45067.0, 26581.0 ], [ 45067.0, 26559.0 ], [ 45067.0, 26536.0 ], [ 45067.0, 26514.0 ], [ 45045.0, 26491.0 ], [ 45067.0, 26469.0 ], [ 45067.0, 26446.0 ], [ 45045.0, 26424.0 ], [ 45067.0, 26401.0 ], [ 45067.0, 26379.0 ], [ 45045.0, 26356.0 ], [ 45045.0, 26334.0 ], [ 45045.0, 26311.0 ], [ 45045.0, 26289.0 ], [ 45045.0, 26266.0 ], [ 45045.0, 26244.0 ], [ 45045.0, 26221.0 ], [ 45045.0, 26199.0 ], [ 45022.0, 26176.0 ], [ 45022.0, 26154.0 ], [ 45022.0, 26131.0 ], [ 45022.0, 26109.0 ], [ 45022.0, 26087.0 ], [ 45022.0, 26064.0 ], [ 45022.0, 26042.0 ], [ 45000.0, 26019.0 ], [ 45000.0, 25997.0 ], [ 45000.0, 25974.0 ], [ 45000.0, 25952.0 ], [ 45000.0, 25929.0 ], [ 45000.0, 25907.0 ], [ 45000.0, 25884.0 ], [ 45000.0, 25862.0 ], [ 45000.0, 25839.0 ], [ 44977.0, 25817.0 ], [ 44977.0, 25794.0 ], [ 44977.0, 25772.0 ], [ 44977.0, 25749.0 ], [ 44977.0, 25727.0 ], [ 44977.0, 25704.0 ], [ 44955.0, 25682.0 ], [ 44955.0, 25659.0 ], [ 44955.0, 25637.0 ], [ 44932.0, 25614.0 ], [ 44932.0, 25592.0 ], [ 44955.0, 25569.0 ], [ 44932.0, 25547.0 ], [ 44932.0, 25524.0 ], [ 44932.0, 25502.0 ], [ 44932.0, 25479.0 ], [ 44932.0, 25457.0 ], [ 44910.0, 25434.0 ], [ 44910.0, 25412.0 ], [ 44910.0, 25389.0 ], [ 44910.0, 25367.0 ], [ 44910.0, 25344.0 ], [ 44887.0, 25322.0 ], [ 44887.0, 25299.0 ], [ 44887.0, 25277.0 ], [ 44887.0, 25254.0 ], [ 44865.0, 25232.0 ], [ 44865.0, 25209.0 ], [ 44865.0, 25187.0 ], [ 44865.0, 25164.0 ], [ 44865.0, 25142.0 ], [ 44865.0, 25120.0 ], [ 44842.0, 25097.0 ], [ 44842.0, 25075.0 ], [ 44842.0, 25052.0 ], [ 44842.0, 25030.0 ], [ 44842.0, 25007.0 ], [ 44842.0, 24985.0 ], [ 44820.0, 24985.0 ], [ 44797.0, 24985.0 ], [ 44775.0, 24985.0 ], [ 44752.0, 24985.0 ], [ 44730.0, 24962.0 ], [ 44730.0, 24940.0 ], [ 44730.0, 24917.0 ], [ 44730.0, 24895.0 ], [ 44730.0, 24872.0 ], [ 44730.0, 24850.0 ], [ 44730.0, 24827.0 ], [ 44730.0, 24805.0 ], [ 44730.0, 24782.0 ], [ 44730.0, 24760.0 ], [ 44730.0, 24737.0 ], [ 44730.0, 24715.0 ], [ 44730.0, 24692.0 ], [ 44730.0, 24670.0 ], [ 44730.0, 24647.0 ], [ 44730.0, 24625.0 ], [ 44730.0, 24602.0 ], [ 44730.0, 24580.0 ], [ 44730.0, 24557.0 ], [ 44730.0, 24535.0 ], [ 44730.0, 24512.0 ], [ 44730.0, 24490.0 ], [ 44730.0, 24467.0 ], [ 44730.0, 24445.0 ], [ 44730.0, 24422.0 ], [ 44730.0, 24400.0 ], [ 44730.0, 24377.0 ], [ 44730.0, 24355.0 ], [ 44730.0, 24332.0 ], [ 44707.0, 24310.0 ], [ 44707.0, 24287.0 ], [ 44707.0, 24265.0 ], [ 44707.0, 24242.0 ], [ 44707.0, 24220.0 ], [ 44685.0, 24197.0 ], [ 44685.0, 24175.0 ], [ 44685.0, 24152.0 ], [ 44685.0, 24130.0 ], [ 44662.0, 24108.0 ], [ 44662.0, 24085.0 ], [ 44662.0, 24063.0 ], [ 44662.0, 24040.0 ], [ 44662.0, 24018.0 ], [ 44640.0, 23995.0 ], [ 44640.0, 23973.0 ], [ 44640.0, 23950.0 ], [ 44640.0, 23928.0 ], [ 44617.0, 23905.0 ], [ 44617.0, 23883.0 ], [ 44617.0, 23860.0 ], [ 44617.0, 23838.0 ], [ 44617.0, 23815.0 ], [ 44617.0, 23793.0 ], [ 44595.0, 23770.0 ], [ 44595.0, 23748.0 ], [ 44595.0, 23725.0 ], [ 44595.0, 23703.0 ], [ 44572.0, 23680.0 ], [ 44572.0, 23658.0 ], [ 44572.0, 23635.0 ], [ 44572.0, 23613.0 ], [ 44572.0, 23590.0 ], [ 44572.0, 23568.0 ], [ 44550.0, 23545.0 ], [ 44550.0, 23523.0 ], [ 44550.0, 23500.0 ], [ 44550.0, 23478.0 ], [ 44527.0, 23455.0 ], [ 44527.0, 23433.0 ], [ 44527.0, 23410.0 ], [ 44527.0, 23388.0 ], [ 44527.0, 23365.0 ], [ 44527.0, 23343.0 ], [ 44505.0, 23320.0 ], [ 44505.0, 23298.0 ], [ 44505.0, 23275.0 ], [ 44505.0, 23253.0 ], [ 44505.0, 23230.0 ], [ 44505.0, 23208.0 ], [ 44505.0, 23185.0 ], [ 44482.0, 23163.0 ], [ 44482.0, 23140.0 ], [ 44482.0, 23118.0 ], [ 44482.0, 23096.0 ], [ 44460.0, 23073.0 ], [ 44460.0, 23051.0 ], [ 44460.0, 23028.0 ], [ 44460.0, 23006.0 ], [ 44460.0, 22983.0 ], [ 44460.0, 22961.0 ], [ 44437.0, 22938.0 ], [ 44437.0, 22916.0 ], [ 44437.0, 22893.0 ], [ 44437.0, 22871.0 ], [ 44437.0, 22848.0 ], [ 44437.0, 22826.0 ], [ 44415.0, 22803.0 ], [ 44415.0, 22781.0 ], [ 44415.0, 22758.0 ], [ 44415.0, 22736.0 ], [ 44415.0, 22713.0 ], [ 44392.0, 22691.0 ], [ 44392.0, 22668.0 ], [ 44392.0, 22646.0 ], [ 44392.0, 22623.0 ], [ 44392.0, 22601.0 ], [ 44392.0, 22578.0 ], [ 44370.0, 22556.0 ], [ 44370.0, 22533.0 ], [ 44370.0, 22511.0 ], [ 44370.0, 22488.0 ], [ 44370.0, 22466.0 ], [ 44370.0, 22443.0 ], [ 44370.0, 22421.0 ], [ 44347.0, 22398.0 ], [ 44347.0, 22376.0 ], [ 44347.0, 22353.0 ], [ 44347.0, 22331.0 ], [ 44325.0, 22308.0 ], [ 44347.0, 22286.0 ], [ 44325.0, 22263.0 ], [ 44325.0, 22241.0 ], [ 44325.0, 22218.0 ], [ 44325.0, 22196.0 ], [ 44302.0, 22173.0 ], [ 44302.0, 22151.0 ], [ 44302.0, 22128.0 ], [ 44302.0, 22106.0 ], [ 44302.0, 22084.0 ], [ 44302.0, 22061.0 ], [ 44280.0, 22039.0 ], [ 44280.0, 22016.0 ], [ 44280.0, 21994.0 ], [ 44280.0, 21971.0 ], [ 44257.0, 21949.0 ], [ 44257.0, 21926.0 ], [ 44257.0, 21904.0 ], [ 44257.0, 21881.0 ], [ 44257.0, 21859.0 ], [ 44235.0, 21836.0 ], [ 44235.0, 21814.0 ], [ 44235.0, 21791.0 ], [ 44235.0, 21769.0 ], [ 44235.0, 21746.0 ], [ 44213.0, 21724.0 ], [ 44213.0, 21701.0 ], [ 44213.0, 21679.0 ], [ 44190.0, 21656.0 ], [ 44190.0, 21634.0 ], [ 44190.0, 21611.0 ], [ 44190.0, 21589.0 ], [ 44190.0, 21566.0 ], [ 44190.0, 21544.0 ], [ 44168.0, 21521.0 ], [ 44168.0, 21499.0 ], [ 44168.0, 21476.0 ], [ 44168.0, 21454.0 ], [ 44168.0, 21431.0 ], [ 44145.0, 21409.0 ], [ 44145.0, 21386.0 ], [ 44145.0, 21364.0 ], [ 44145.0, 21341.0 ], [ 44145.0, 21319.0 ], [ 44123.0, 21296.0 ], [ 44123.0, 21274.0 ], [ 44123.0, 21251.0 ], [ 44123.0, 21229.0 ], [ 44123.0, 21206.0 ], [ 44123.0, 21184.0 ], [ 44100.0, 21161.0 ], [ 44100.0, 21139.0 ], [ 44100.0, 21116.0 ], [ 44100.0, 21094.0 ], [ 44078.0, 21072.0 ], [ 44078.0, 21049.0 ], [ 44078.0, 21027.0 ], [ 44078.0, 21004.0 ], [ 44055.0, 20982.0 ], [ 44055.0, 20959.0 ], [ 44055.0, 20937.0 ], [ 44055.0, 20914.0 ], [ 44055.0, 20892.0 ], [ 44033.0, 20869.0 ], [ 44033.0, 20847.0 ], [ 44033.0, 20824.0 ], [ 44033.0, 20802.0 ], [ 44033.0, 20779.0 ], [ 44033.0, 20757.0 ], [ 44033.0, 20734.0 ], [ 44010.0, 20712.0 ], [ 44010.0, 20689.0 ], [ 44010.0, 20667.0 ], [ 44010.0, 20644.0 ], [ 44010.0, 20622.0 ], [ 44010.0, 20599.0 ], [ 43988.0, 20577.0 ], [ 43988.0, 20554.0 ], [ 43988.0, 20532.0 ], [ 43988.0, 20509.0 ], [ 43988.0, 20487.0 ], [ 43988.0, 20464.0 ], [ 43965.0, 20442.0 ], [ 43965.0, 20419.0 ], [ 43965.0, 20397.0 ], [ 43965.0, 20374.0 ], [ 43943.0, 20352.0 ], [ 43965.0, 20329.0 ], [ 43943.0, 20307.0 ], [ 43943.0, 20284.0 ], [ 43943.0, 20262.0 ], [ 43943.0, 20239.0 ], [ 43920.0, 20217.0 ], [ 43920.0, 20194.0 ], [ 43920.0, 20172.0 ], [ 43920.0, 20149.0 ], [ 43898.0, 20127.0 ], [ 43898.0, 20104.0 ], [ 43898.0, 20082.0 ], [ 43898.0, 20060.0 ], [ 43898.0, 20037.0 ], [ 43875.0, 20015.0 ], [ 43875.0, 19992.0 ], [ 43875.0, 19970.0 ], [ 43875.0, 19947.0 ], [ 43853.0, 19925.0 ], [ 43853.0, 19902.0 ], [ 43853.0, 19880.0 ], [ 43853.0, 19857.0 ], [ 43853.0, 19835.0 ], [ 43853.0, 19812.0 ], [ 43853.0, 19790.0 ], [ 43830.0, 19767.0 ], [ 43808.0, 19767.0 ], [ 43785.0, 19767.0 ], [ 43763.0, 19767.0 ], [ 43740.0, 19767.0 ], [ 43718.0, 19767.0 ], [ 43695.0, 19745.0 ], [ 43695.0, 19722.0 ], [ 43695.0, 19700.0 ], [ 43695.0, 19677.0 ], [ 43695.0, 19655.0 ], [ 43695.0, 19632.0 ], [ 43695.0, 19610.0 ], [ 43695.0, 19587.0 ], [ 43695.0, 19565.0 ], [ 43695.0, 19542.0 ], [ 43695.0, 19520.0 ], [ 43695.0, 19497.0 ], [ 43695.0, 19475.0 ], [ 43695.0, 19452.0 ], [ 43695.0, 19430.0 ], [ 43695.0, 19407.0 ], [ 43695.0, 19385.0 ], [ 43695.0, 19362.0 ], [ 43695.0, 19340.0 ], [ 43695.0, 19317.0 ], [ 43695.0, 19295.0 ], [ 43695.0, 19272.0 ], [ 43695.0, 19250.0 ], [ 43695.0, 19227.0 ], [ 43695.0, 19205.0 ], [ 43695.0, 19182.0 ], [ 43695.0, 19160.0 ], [ 43695.0, 19137.0 ], [ 43695.0, 19115.0 ], [ 43695.0, 19093.0 ], [ 43695.0, 19070.0 ], [ 43695.0, 19048.0 ], [ 43695.0, 19025.0 ], [ 43695.0, 19003.0 ], [ 43673.0, 18980.0 ], [ 43673.0, 18958.0 ], [ 43673.0, 18935.0 ], [ 43673.0, 18913.0 ], [ 43650.0, 18890.0 ], [ 43650.0, 18868.0 ], [ 43650.0, 18845.0 ], [ 43650.0, 18823.0 ], [ 43650.0, 18800.0 ], [ 43673.0, 18778.0 ], [ 43650.0, 18755.0 ], [ 43650.0, 18733.0 ], [ 43628.0, 18710.0 ], [ 43628.0, 18688.0 ], [ 43605.0, 18665.0 ], [ 43605.0, 18643.0 ], [ 43605.0, 18620.0 ], [ 43605.0, 18598.0 ], [ 43583.0, 18575.0 ], [ 43583.0, 18553.0 ], [ 43583.0, 18530.0 ], [ 43560.0, 18508.0 ], [ 43560.0, 18485.0 ], [ 43560.0, 18463.0 ], [ 43560.0, 18440.0 ], [ 43560.0, 18418.0 ], [ 43538.0, 18395.0 ], [ 43538.0, 18373.0 ], [ 43538.0, 18350.0 ], [ 43538.0, 18328.0 ], [ 43515.0, 18305.0 ], [ 43515.0, 18283.0 ], [ 43515.0, 18260.0 ], [ 43515.0, 18238.0 ], [ 43515.0, 18215.0 ], [ 43515.0, 18193.0 ], [ 43515.0, 18170.0 ], [ 43493.0, 18148.0 ], [ 43493.0, 18125.0 ], [ 43493.0, 18103.0 ], [ 43470.0, 18081.0 ], [ 43470.0, 18058.0 ], [ 43470.0, 18036.0 ], [ 43470.0, 18013.0 ], [ 43470.0, 17991.0 ], [ 43448.0, 17968.0 ], [ 43448.0, 17946.0 ], [ 43448.0, 17923.0 ], [ 43425.0, 17901.0 ], [ 43425.0, 17878.0 ], [ 43425.0, 17856.0 ], [ 43425.0, 17833.0 ], [ 43425.0, 17811.0 ], [ 43425.0, 17788.0 ], [ 43403.0, 17766.0 ], [ 43403.0, 17743.0 ], [ 43403.0, 17721.0 ], [ 43403.0, 17698.0 ], [ 43380.0, 17676.0 ], [ 43380.0, 17653.0 ], [ 43380.0, 17631.0 ], [ 43380.0, 17608.0 ], [ 43358.0, 17586.0 ], [ 43358.0, 17563.0 ], [ 43358.0, 17541.0 ], [ 43335.0, 17518.0 ], [ 43335.0, 17496.0 ], [ 43335.0, 17473.0 ], [ 43313.0, 17451.0 ], [ 43313.0, 17428.0 ], [ 43313.0, 17406.0 ], [ 43313.0, 17383.0 ], [ 43290.0, 17361.0 ], [ 43290.0, 17338.0 ], [ 43290.0, 17316.0 ], [ 43290.0, 17293.0 ], [ 43268.0, 17271.0 ], [ 43268.0, 17248.0 ], [ 43268.0, 17226.0 ], [ 43268.0, 17203.0 ], [ 43268.0, 17181.0 ], [ 43245.0, 17158.0 ], [ 43245.0, 17136.0 ], [ 43245.0, 17113.0 ], [ 43245.0, 17091.0 ], [ 43223.0, 17069.0 ], [ 43223.0, 17046.0 ], [ 43223.0, 17024.0 ], [ 43223.0, 17001.0 ], [ 43223.0, 16979.0 ], [ 43201.0, 16956.0 ], [ 43201.0, 16934.0 ], [ 43201.0, 16911.0 ], [ 43201.0, 16889.0 ], [ 43178.0, 16866.0 ], [ 43178.0, 16844.0 ], [ 43178.0, 16821.0 ], [ 43178.0, 16799.0 ], [ 43156.0, 16776.0 ], [ 43156.0, 16754.0 ], [ 43156.0, 16731.0 ], [ 43156.0, 16709.0 ], [ 43133.0, 16686.0 ], [ 43133.0, 16664.0 ], [ 43133.0, 16641.0 ], [ 43133.0, 16619.0 ], [ 43133.0, 16596.0 ], [ 43133.0, 16574.0 ], [ 43111.0, 16551.0 ], [ 43111.0, 16529.0 ], [ 43111.0, 16506.0 ], [ 43088.0, 16484.0 ], [ 43111.0, 16461.0 ], [ 43111.0, 16439.0 ], [ 43111.0, 16416.0 ], [ 43088.0, 16394.0 ], [ 43088.0, 16371.0 ], [ 43088.0, 16349.0 ], [ 43088.0, 16326.0 ], [ 43066.0, 16304.0 ], [ 43066.0, 16281.0 ], [ 43043.0, 16259.0 ], [ 43043.0, 16236.0 ], [ 43043.0, 16214.0 ], [ 43021.0, 16191.0 ], [ 43021.0, 16169.0 ], [ 42998.0, 16146.0 ], [ 42998.0, 16124.0 ], [ 42998.0, 16101.0 ], [ 42998.0, 16079.0 ], [ 42976.0, 16057.0 ], [ 42976.0, 16034.0 ], [ 42976.0, 16012.0 ], [ 42976.0, 15989.0 ], [ 42976.0, 15967.0 ], [ 42953.0, 15944.0 ], [ 42976.0, 15922.0 ], [ 42953.0, 15899.0 ], [ 42953.0, 15877.0 ], [ 42953.0, 15854.0 ], [ 42931.0, 15832.0 ], [ 42931.0, 15809.0 ], [ 42931.0, 15787.0 ], [ 42931.0, 15764.0 ], [ 42931.0, 15742.0 ], [ 42908.0, 15719.0 ], [ 42908.0, 15697.0 ], [ 42908.0, 15674.0 ], [ 42908.0, 15652.0 ], [ 42908.0, 15629.0 ], [ 42908.0, 15607.0 ], [ 42886.0, 15584.0 ], [ 42886.0, 15562.0 ], [ 42886.0, 15539.0 ], [ 42886.0, 15517.0 ], [ 42863.0, 15494.0 ], [ 42863.0, 15472.0 ], [ 42863.0, 15449.0 ], [ 42863.0, 15427.0 ], [ 42863.0, 15404.0 ], [ 42863.0, 15382.0 ], [ 42841.0, 15359.0 ], [ 42841.0, 15337.0 ], [ 42841.0, 15314.0 ], [ 42841.0, 15292.0 ], [ 42818.0, 15269.0 ], [ 42818.0, 15247.0 ], [ 42818.0, 15224.0 ], [ 42818.0, 15202.0 ], [ 42818.0, 15179.0 ], [ 42796.0, 15157.0 ], [ 42796.0, 15134.0 ], [ 42796.0, 15112.0 ], [ 42796.0, 15089.0 ], [ 42796.0, 15067.0 ], [ 42773.0, 15045.0 ], [ 42773.0, 15022.0 ], [ 42773.0, 15000.0 ], [ 42773.0, 14977.0 ], [ 42751.0, 14955.0 ], [ 42751.0, 14932.0 ], [ 42728.0, 14910.0 ], [ 42751.0, 14887.0 ], [ 42728.0, 14865.0 ], [ 42728.0, 14842.0 ], [ 42706.0, 14820.0 ], [ 42706.0, 14797.0 ], [ 42706.0, 14775.0 ], [ 42706.0, 14752.0 ], [ 42683.0, 14730.0 ], [ 42683.0, 14707.0 ], [ 42683.0, 14685.0 ], [ 42683.0, 14662.0 ], [ 42683.0, 14640.0 ], [ 42683.0, 14617.0 ], [ 42683.0, 14595.0 ], [ 42661.0, 14572.0 ], [ 42661.0, 14550.0 ], [ 42661.0, 14527.0 ], [ 42661.0, 14505.0 ], [ 42661.0, 14482.0 ], [ 42661.0, 14460.0 ], [ 42661.0, 14437.0 ], [ 42638.0, 14415.0 ], [ 42638.0, 14392.0 ], [ 42638.0, 14370.0 ], [ 42638.0, 14347.0 ], [ 42638.0, 14325.0 ], [ 42638.0, 14302.0 ], [ 42616.0, 14280.0 ], [ 42616.0, 14257.0 ], [ 42616.0, 14235.0 ], [ 42616.0, 14212.0 ], [ 42593.0, 14190.0 ], [ 42593.0, 14167.0 ], [ 42593.0, 14145.0 ], [ 42593.0, 14122.0 ], [ 42593.0, 14100.0 ], [ 42593.0, 14077.0 ], [ 42571.0, 14055.0 ], [ 42571.0, 14033.0 ], [ 42593.0, 14010.0 ], [ 42571.0, 13988.0 ], [ 42571.0, 13965.0 ], [ 42548.0, 13943.0 ], [ 42548.0, 13920.0 ], [ 42548.0, 13898.0 ], [ 42526.0, 13875.0 ], [ 42526.0, 13853.0 ], [ 42526.0, 13830.0 ], [ 42526.0, 13808.0 ], [ 42526.0, 13785.0 ], [ 42526.0, 13763.0 ], [ 42503.0, 13740.0 ], [ 42503.0, 13718.0 ], [ 42503.0, 13695.0 ], [ 42503.0, 13673.0 ], [ 42503.0, 13650.0 ], [ 42481.0, 13628.0 ], [ 42481.0, 13605.0 ], [ 42481.0, 13583.0 ], [ 42481.0, 13560.0 ], [ 42458.0, 13538.0 ], [ 42458.0, 13515.0 ], [ 42458.0, 13493.0 ], [ 42436.0, 13470.0 ], [ 42436.0, 13448.0 ], [ 42436.0, 13425.0 ], [ 42436.0, 13403.0 ], [ 42436.0, 13380.0 ], [ 42413.0, 13358.0 ], [ 42413.0, 13335.0 ], [ 42413.0, 13313.0 ], [ 42391.0, 13290.0 ], [ 42391.0, 13268.0 ], [ 42391.0, 13245.0 ], [ 42391.0, 13223.0 ], [ 42368.0, 13200.0 ], [ 42368.0, 13178.0 ], [ 42368.0, 13155.0 ], [ 42346.0, 13133.0 ], [ 42346.0, 13110.0 ], [ 42346.0, 13088.0 ], [ 42346.0, 13065.0 ], [ 42323.0, 13043.0 ], [ 42323.0, 13021.0 ], [ 42323.0, 12998.0 ], [ 42323.0, 12976.0 ], [ 42301.0, 12953.0 ], [ 42301.0, 12931.0 ], [ 42301.0, 12908.0 ], [ 42301.0, 12886.0 ], [ 42278.0, 12863.0 ], [ 42278.0, 12841.0 ], [ 42278.0, 12818.0 ], [ 42278.0, 12796.0 ], [ 42278.0, 12773.0 ], [ 42256.0, 12751.0 ], [ 42256.0, 12728.0 ], [ 42256.0, 12706.0 ], [ 42256.0, 12683.0 ], [ 42256.0, 12661.0 ], [ 42233.0, 12638.0 ], [ 42233.0, 12616.0 ], [ 42233.0, 12593.0 ], [ 42233.0, 12571.0 ], [ 42211.0, 12548.0 ], [ 42211.0, 12526.0 ], [ 42211.0, 12503.0 ], [ 42211.0, 12481.0 ], [ 42189.0, 12458.0 ], [ 42189.0, 12436.0 ], [ 42189.0, 12413.0 ], [ 42189.0, 12391.0 ], [ 42189.0, 12368.0 ], [ 42166.0, 12346.0 ], [ 42166.0, 12323.0 ], [ 42166.0, 12301.0 ], [ 42166.0, 12278.0 ], [ 42166.0, 12256.0 ], [ 42144.0, 12233.0 ], [ 42144.0, 12211.0 ], [ 42166.0, 12188.0 ], [ 42144.0, 12166.0 ], [ 42144.0, 12143.0 ], [ 42121.0, 12121.0 ], [ 42121.0, 12098.0 ], [ 42121.0, 12076.0 ], [ 42121.0, 12054.0 ], [ 42099.0, 12031.0 ], [ 42099.0, 12009.0 ], [ 42099.0, 11986.0 ], [ 42099.0, 11964.0 ], [ 42099.0, 11941.0 ], [ 42099.0, 11919.0 ], [ 42076.0, 11896.0 ], [ 42076.0, 11874.0 ], [ 42076.0, 11851.0 ], [ 42076.0, 11829.0 ], [ 42054.0, 11806.0 ], [ 42054.0, 11784.0 ], [ 42054.0, 11761.0 ], [ 42054.0, 11739.0 ], [ 42054.0, 11716.0 ], [ 42031.0, 11694.0 ], [ 42031.0, 11671.0 ], [ 42031.0, 11649.0 ], [ 42031.0, 11626.0 ], [ 42031.0, 11604.0 ], [ 42031.0, 11581.0 ], [ 42031.0, 11559.0 ], [ 42009.0, 11536.0 ], [ 42009.0, 11514.0 ], [ 42009.0, 11491.0 ], [ 42009.0, 11469.0 ], [ 41986.0, 11446.0 ], [ 41986.0, 11424.0 ], [ 41986.0, 11401.0 ], [ 41986.0, 11379.0 ], [ 41964.0, 11356.0 ], [ 41964.0, 11334.0 ], [ 41964.0, 11311.0 ], [ 41964.0, 11289.0 ], [ 41964.0, 11266.0 ], [ 41964.0, 11244.0 ], [ 41941.0, 11221.0 ], [ 41941.0, 11199.0 ], [ 41941.0, 11176.0 ], [ 41941.0, 11154.0 ], [ 41941.0, 11131.0 ], [ 41941.0, 11109.0 ], [ 41919.0, 11086.0 ], [ 41919.0, 11064.0 ], [ 41919.0, 11042.0 ], [ 41919.0, 11019.0 ], [ 41919.0, 10997.0 ], [ 41919.0, 10974.0 ], [ 41919.0, 10952.0 ], [ 41919.0, 10929.0 ], [ 41896.0, 10907.0 ], [ 41896.0, 10884.0 ], [ 41896.0, 10862.0 ], [ 41896.0, 10839.0 ], [ 41896.0, 10817.0 ], [ 41896.0, 10794.0 ], [ 41896.0, 10772.0 ], [ 41896.0, 10749.0 ], [ 41874.0, 10727.0 ], [ 41874.0, 10704.0 ], [ 41874.0, 10682.0 ], [ 41874.0, 10659.0 ], [ 41874.0, 10637.0 ], [ 41874.0, 10614.0 ], [ 41874.0, 10592.0 ], [ 41874.0, 10569.0 ], [ 41874.0, 10547.0 ], [ 41874.0, 10524.0 ], [ 41851.0, 10502.0 ], [ 41851.0, 10479.0 ], [ 41851.0, 10457.0 ], [ 41851.0, 10434.0 ], [ 41851.0, 10412.0 ], [ 41851.0, 10389.0 ], [ 41851.0, 10367.0 ], [ 41851.0, 10344.0 ], [ 41851.0, 10322.0 ], [ 41829.0, 10299.0 ], [ 41829.0, 10277.0 ], [ 41829.0, 10254.0 ], [ 41829.0, 10232.0 ], [ 41829.0, 10209.0 ], [ 41829.0, 10187.0 ], [ 41829.0, 10164.0 ], [ 41806.0, 10142.0 ], [ 41806.0, 10119.0 ], [ 41806.0, 10097.0 ], [ 41806.0, 10074.0 ], [ 41806.0, 10052.0 ], [ 41806.0, 10030.0 ], [ 41806.0, 10007.0 ], [ 41806.0, 9985.0 ], [ 41784.0, 9962.0 ], [ 41784.0, 9940.0 ], [ 41784.0, 9917.0 ], [ 41784.0, 9895.0 ], [ 41784.0, 9872.0 ], [ 41784.0, 9850.0 ], [ 41784.0, 9827.0 ], [ 41784.0, 9805.0 ], [ 41784.0, 9782.0 ], [ 41761.0, 9760.0 ], [ 41761.0, 9737.0 ], [ 41761.0, 9715.0 ], [ 41761.0, 9692.0 ], [ 41761.0, 9670.0 ], [ 41761.0, 9647.0 ], [ 41761.0, 9625.0 ], [ 41761.0, 9602.0 ], [ 41761.0, 9580.0 ], [ 41739.0, 9557.0 ], [ 41739.0, 9535.0 ], [ 41739.0, 9512.0 ], [ 41739.0, 9490.0 ], [ 41739.0, 9467.0 ], [ 41739.0, 9445.0 ], [ 41739.0, 9422.0 ], [ 41739.0, 9400.0 ], [ 41739.0, 9377.0 ], [ 41716.0, 9377.0 ], [ 41694.0, 9377.0 ], [ 41671.0, 9377.0 ], [ 41649.0, 9377.0 ], [ 41626.0, 9355.0 ], [ 41626.0, 9332.0 ], [ 41626.0, 9310.0 ], [ 41626.0, 9287.0 ], [ 41626.0, 9265.0 ], [ 41626.0, 9242.0 ], [ 41626.0, 9220.0 ], [ 41626.0, 9197.0 ], [ 41626.0, 9175.0 ], [ 41626.0, 9152.0 ], [ 41626.0, 9130.0 ], [ 41626.0, 9107.0 ], [ 41626.0, 9085.0 ], [ 41626.0, 9062.0 ], [ 41626.0, 9040.0 ], [ 41626.0, 9018.0 ], [ 41626.0, 8995.0 ], [ 41626.0, 8973.0 ], [ 41626.0, 8950.0 ], [ 41626.0, 8928.0 ], [ 41626.0, 8905.0 ], [ 41626.0, 8883.0 ], [ 41626.0, 8860.0 ], [ 41626.0, 8838.0 ], [ 41626.0, 8815.0 ], [ 41626.0, 8793.0 ], [ 41626.0, 8770.0 ], [ 41626.0, 8748.0 ], [ 41626.0, 8725.0 ], [ 41626.0, 8703.0 ], [ 41626.0, 8680.0 ], [ 41626.0, 8658.0 ], [ 41626.0, 8635.0 ], [ 41626.0, 8613.0 ], [ 41626.0, 8590.0 ], [ 41626.0, 8568.0 ], [ 41626.0, 8545.0 ], [ 41626.0, 8523.0 ], [ 41626.0, 8500.0 ], [ 41626.0, 8478.0 ], [ 41626.0, 8455.0 ], [ 41626.0, 8433.0 ], [ 41626.0, 8410.0 ], [ 41626.0, 8388.0 ], [ 41626.0, 8365.0 ], [ 41626.0, 8343.0 ], [ 41626.0, 8320.0 ], [ 41626.0, 8298.0 ], [ 41626.0, 8275.0 ], [ 41626.0, 8253.0 ], [ 41626.0, 8230.0 ], [ 41626.0, 8208.0 ], [ 41626.0, 8185.0 ], [ 41626.0, 8163.0 ], [ 41626.0, 8140.0 ], [ 41626.0, 8118.0 ], [ 41626.0, 8095.0 ], [ 41626.0, 8073.0 ], [ 41626.0, 8050.0 ], [ 41626.0, 8028.0 ], [ 41626.0, 8006.0 ], [ 41626.0, 7983.0 ], [ 41626.0, 7961.0 ], [ 41626.0, 7938.0 ], [ 41626.0, 7916.0 ], [ 41626.0, 7893.0 ], [ 41626.0, 7871.0 ], [ 41626.0, 7848.0 ], [ 41626.0, 7826.0 ], [ 41626.0, 7803.0 ], [ 41626.0, 7781.0 ], [ 41626.0, 7758.0 ], [ 41626.0, 7736.0 ], [ 41626.0, 7713.0 ], [ 41626.0, 7691.0 ], [ 41626.0, 7668.0 ], [ 41626.0, 7646.0 ], [ 41626.0, 7623.0 ], [ 41626.0, 7601.0 ], [ 41626.0, 7578.0 ], [ 41626.0, 7556.0 ], [ 41626.0, 7533.0 ], [ 41626.0, 7511.0 ], [ 41626.0, 7488.0 ], [ 41626.0, 7466.0 ], [ 41626.0, 7443.0 ], [ 41604.0, 7421.0 ], [ 41604.0, 7398.0 ], [ 41604.0, 7376.0 ], [ 41604.0, 7353.0 ], [ 41604.0, 7331.0 ], [ 41604.0, 7308.0 ], [ 41604.0, 7286.0 ], [ 41604.0, 7263.0 ], [ 41604.0, 7241.0 ], [ 41581.0, 7218.0 ], [ 41581.0, 7196.0 ], [ 41581.0, 7173.0 ], [ 41604.0, 7151.0 ], [ 41581.0, 7128.0 ], [ 41581.0, 7106.0 ], [ 41581.0, 7083.0 ], [ 41581.0, 7061.0 ], [ 41581.0, 7038.0 ], [ 41581.0, 7016.0 ], [ 41581.0, 6994.0 ], [ 41581.0, 6971.0 ], [ 41581.0, 6949.0 ], [ 41581.0, 6926.0 ], [ 41581.0, 6904.0 ], [ 41581.0, 6881.0 ], [ 41559.0, 6859.0 ], [ 41559.0, 6836.0 ], [ 41559.0, 6814.0 ], [ 41559.0, 6791.0 ], [ 41559.0, 6769.0 ], [ 41559.0, 6746.0 ], [ 41559.0, 6724.0 ], [ 41559.0, 6701.0 ], [ 41559.0, 6679.0 ], [ 41559.0, 6656.0 ], [ 41559.0, 6634.0 ], [ 41559.0, 6611.0 ], [ 41559.0, 6589.0 ], [ 41559.0, 6566.0 ], [ 41559.0, 6544.0 ], [ 41559.0, 6521.0 ], [ 41559.0, 6499.0 ], [ 41559.0, 6476.0 ], [ 41559.0, 6454.0 ], [ 41559.0, 6431.0 ], [ 41559.0, 6409.0 ], [ 41559.0, 6386.0 ], [ 41559.0, 6364.0 ], [ 41559.0, 6341.0 ], [ 41559.0, 6319.0 ], [ 41559.0, 6296.0 ], [ 41559.0, 6274.0 ], [ 41581.0, 6251.0 ], [ 41581.0, 6229.0 ], [ 41559.0, 6206.0 ], [ 41581.0, 6184.0 ], [ 41559.0, 6161.0 ], [ 41559.0, 6139.0 ], [ 41581.0, 6116.0 ], [ 41581.0, 6094.0 ], [ 41559.0, 6071.0 ], [ 41559.0, 6049.0 ], [ 41559.0, 6027.0 ], [ 41559.0, 6004.0 ], [ 41559.0, 5982.0 ], [ 41559.0, 5959.0 ], [ 41581.0, 5937.0 ], [ 41604.0, 5937.0 ], [ 41581.0, 5914.0 ], [ 41581.0, 5892.0 ], [ 41581.0, 5869.0 ], [ 41581.0, 5847.0 ], [ 41581.0, 5824.0 ], [ 41581.0, 5802.0 ], [ 41581.0, 5779.0 ], [ 41559.0, 5757.0 ], [ 41559.0, 5734.0 ], [ 41536.0, 5712.0 ], [ 41514.0, 5689.0 ], [ 41514.0, 5667.0 ], [ 41491.0, 5644.0 ], [ 41469.0, 5644.0 ], [ 41446.0, 5622.0 ], [ 41424.0, 5622.0 ], [ 41401.0, 5599.0 ], [ 41401.0, 5577.0 ], [ 41379.0, 5577.0 ], [ 41356.0, 5554.0 ], [ 41334.0, 5532.0 ], [ 41311.0, 5532.0 ], [ 41289.0, 5509.0 ], [ 41266.0, 5509.0 ], [ 41244.0, 5487.0 ], [ 41221.0, 5487.0 ], [ 41199.0, 5464.0 ], [ 41177.0, 5464.0 ], [ 41154.0, 5464.0 ], [ 41132.0, 5442.0 ], [ 41109.0, 5442.0 ], [ 41087.0, 5419.0 ], [ 41064.0, 5419.0 ], [ 41042.0, 5397.0 ], [ 41019.0, 5397.0 ], [ 40997.0, 5397.0 ], [ 40974.0, 5374.0 ], [ 40952.0, 5374.0 ], [ 40929.0, 5374.0 ], [ 40907.0, 5352.0 ], [ 40884.0, 5352.0 ], [ 40862.0, 5329.0 ], [ 40839.0, 5329.0 ], [ 40817.0, 5329.0 ], [ 40794.0, 5307.0 ], [ 40772.0, 5307.0 ], [ 40749.0, 5284.0 ], [ 40727.0, 5284.0 ], [ 40704.0, 5262.0 ], [ 40682.0, 5262.0 ], [ 40659.0, 5239.0 ], [ 40637.0, 5239.0 ], [ 40614.0, 5217.0 ], [ 40592.0, 5217.0 ], [ 40569.0, 5194.0 ], [ 40547.0, 5194.0 ], [ 40524.0, 5194.0 ], [ 40502.0, 5194.0 ], [ 40479.0, 5194.0 ], [ 40457.0, 5172.0 ], [ 40434.0, 5172.0 ], [ 40412.0, 5172.0 ], [ 40389.0, 5149.0 ], [ 40367.0, 5149.0 ], [ 40344.0, 5127.0 ], [ 40322.0, 5127.0 ], [ 40299.0, 5127.0 ], [ 40277.0, 5104.0 ], [ 40254.0, 5104.0 ], [ 40232.0, 5104.0 ], [ 40209.0, 5082.0 ], [ 40187.0, 5082.0 ], [ 40165.0, 5059.0 ], [ 40142.0, 5059.0 ], [ 40120.0, 5037.0 ], [ 40097.0, 5037.0 ], [ 40075.0, 5015.0 ], [ 40052.0, 5015.0 ], [ 40030.0, 4992.0 ], [ 40007.0, 4992.0 ], [ 39985.0, 4992.0 ], [ 39962.0, 4970.0 ], [ 39940.0, 4970.0 ], [ 39917.0, 4947.0 ], [ 39895.0, 4947.0 ], [ 39872.0, 4925.0 ], [ 39850.0, 4925.0 ], [ 39827.0, 4925.0 ], [ 39805.0, 4902.0 ], [ 39782.0, 4902.0 ], [ 39760.0, 4880.0 ], [ 39737.0, 4880.0 ], [ 39715.0, 4857.0 ], [ 39692.0, 4857.0 ], [ 39670.0, 4857.0 ], [ 39647.0, 4835.0 ], [ 39625.0, 4835.0 ], [ 39602.0, 4812.0 ], [ 39580.0, 4812.0 ], [ 39557.0, 4812.0 ], [ 39535.0, 4790.0 ], [ 39512.0, 4790.0 ], [ 39490.0, 4767.0 ], [ 39467.0, 4767.0 ], [ 39445.0, 4767.0 ], [ 39422.0, 4767.0 ], [ 39400.0, 4767.0 ], [ 39377.0, 4745.0 ], [ 39355.0, 4745.0 ], [ 39332.0, 4745.0 ], [ 39310.0, 4722.0 ], [ 39287.0, 4722.0 ], [ 39265.0, 4700.0 ], [ 39242.0, 4700.0 ], [ 39220.0, 4700.0 ], [ 39197.0, 4700.0 ], [ 39175.0, 4700.0 ], [ 39153.0, 4677.0 ], [ 39130.0, 4677.0 ], [ 39108.0, 4677.0 ], [ 39085.0, 4677.0 ], [ 39063.0, 4677.0 ], [ 39040.0, 4655.0 ], [ 39018.0, 4655.0 ], [ 38995.0, 4655.0 ], [ 38973.0, 4655.0 ], [ 38950.0, 4655.0 ], [ 38928.0, 4632.0 ], [ 38905.0, 4610.0 ], [ 38883.0, 4610.0 ], [ 38860.0, 4610.0 ], [ 38838.0, 4587.0 ], [ 38815.0, 4587.0 ], [ 38793.0, 4565.0 ], [ 38770.0, 4565.0 ], [ 38748.0, 4542.0 ], [ 38725.0, 4542.0 ], [ 38703.0, 4520.0 ], [ 38680.0, 4520.0 ], [ 38658.0, 4497.0 ], [ 38635.0, 4497.0 ], [ 38613.0, 4475.0 ], [ 38590.0, 4475.0 ], [ 38568.0, 4475.0 ], [ 38545.0, 4452.0 ], [ 38523.0, 4452.0 ], [ 38500.0, 4452.0 ], [ 38478.0, 4430.0 ], [ 38455.0, 4430.0 ], [ 38433.0, 4407.0 ], [ 38410.0, 4407.0 ], [ 38388.0, 4407.0 ], [ 38365.0, 4385.0 ], [ 38343.0, 4385.0 ], [ 38320.0, 4362.0 ], [ 38298.0, 4362.0 ], [ 38275.0, 4362.0 ], [ 38253.0, 4362.0 ], [ 38230.0, 4362.0 ], [ 38208.0, 4340.0 ], [ 38186.0, 4340.0 ], [ 38163.0, 4340.0 ], [ 38141.0, 4317.0 ], [ 38118.0, 4317.0 ], [ 38096.0, 4317.0 ], [ 38073.0, 4295.0 ], [ 38051.0, 4295.0 ], [ 38028.0, 4295.0 ], [ 38006.0, 4295.0 ], [ 37983.0, 4272.0 ], [ 37961.0, 4272.0 ], [ 37938.0, 4272.0 ], [ 37916.0, 4272.0 ], [ 37893.0, 4272.0 ], [ 37871.0, 4250.0 ], [ 37848.0, 4250.0 ], [ 37826.0, 4250.0 ], [ 37803.0, 4250.0 ], [ 37781.0, 4227.0 ], [ 37758.0, 4227.0 ], [ 37736.0, 4227.0 ], [ 37713.0, 4227.0 ], [ 37691.0, 4205.0 ], [ 37668.0, 4205.0 ], [ 37646.0, 4205.0 ], [ 37623.0, 4182.0 ], [ 37601.0, 4182.0 ], [ 37578.0, 4182.0 ], [ 37556.0, 4160.0 ], [ 37533.0, 4160.0 ], [ 37511.0, 4160.0 ], [ 37488.0, 4160.0 ], [ 37466.0, 4160.0 ], [ 37443.0, 4137.0 ], [ 37443.0, 4115.0 ], [ 37421.0, 4115.0 ], [ 37398.0, 4115.0 ], [ 37376.0, 4115.0 ], [ 37353.0, 4092.0 ], [ 37331.0, 4092.0 ], [ 37308.0, 4070.0 ], [ 37286.0, 4070.0 ], [ 37263.0, 4070.0 ], [ 37241.0, 4047.0 ], [ 37218.0, 4047.0 ], [ 37196.0, 4025.0 ], [ 37174.0, 4025.0 ], [ 37151.0, 4003.0 ], [ 37129.0, 4003.0 ], [ 37106.0, 3980.0 ], [ 37084.0, 3980.0 ], [ 37061.0, 4003.0 ], [ 37039.0, 3980.0 ], [ 37039.0, 3958.0 ], [ 37016.0, 3958.0 ], [ 36994.0, 3958.0 ], [ 36971.0, 3935.0 ], [ 36949.0, 3935.0 ], [ 36926.0, 3913.0 ], [ 36904.0, 3913.0 ], [ 36881.0, 3913.0 ], [ 36859.0, 3890.0 ], [ 36836.0, 3890.0 ], [ 36814.0, 3890.0 ], [ 36791.0, 3868.0 ], [ 36769.0, 3868.0 ], [ 36746.0, 3868.0 ], [ 36724.0, 3845.0 ], [ 36701.0, 3823.0 ], [ 36679.0, 3823.0 ], [ 36656.0, 3800.0 ], [ 36634.0, 3800.0 ], [ 36611.0, 3800.0 ], [ 36589.0, 3800.0 ], [ 36566.0, 3778.0 ], [ 36544.0, 3778.0 ], [ 36521.0, 3778.0 ], [ 36499.0, 3755.0 ], [ 36476.0, 3755.0 ], [ 36454.0, 3733.0 ], [ 36431.0, 3733.0 ], [ 36409.0, 3733.0 ], [ 36386.0, 3710.0 ], [ 36364.0, 3710.0 ], [ 36341.0, 3710.0 ], [ 36319.0, 3688.0 ], [ 36296.0, 3688.0 ], [ 36274.0, 3688.0 ], [ 36251.0, 3665.0 ], [ 36229.0, 3665.0 ], [ 36206.0, 3665.0 ], [ 36184.0, 3643.0 ], [ 36162.0, 3643.0 ], [ 36139.0, 3643.0 ], [ 36117.0, 3643.0 ], [ 36094.0, 3620.0 ], [ 36072.0, 3620.0 ], [ 36049.0, 3620.0 ], [ 36027.0, 3598.0 ], [ 36004.0, 3598.0 ], [ 35982.0, 3598.0 ], [ 35959.0, 3575.0 ], [ 35937.0, 3575.0 ], [ 35914.0, 3575.0 ], [ 35892.0, 3575.0 ], [ 35869.0, 3575.0 ], [ 35847.0, 3553.0 ], [ 35824.0, 3553.0 ], [ 35802.0, 3553.0 ], [ 35779.0, 3530.0 ], [ 35757.0, 3530.0 ], [ 35734.0, 3530.0 ], [ 35712.0, 3530.0 ], [ 35689.0, 3508.0 ], [ 35667.0, 3508.0 ], [ 35644.0, 3508.0 ], [ 35622.0, 3508.0 ], [ 35599.0, 3485.0 ], [ 35577.0, 3463.0 ], [ 35554.0, 3463.0 ], [ 35532.0, 3463.0 ], [ 35509.0, 3463.0 ], [ 35487.0, 3463.0 ], [ 35464.0, 3440.0 ], [ 35442.0, 3440.0 ], [ 35419.0, 3440.0 ], [ 35397.0, 3440.0 ], [ 35374.0, 3418.0 ], [ 35352.0, 3418.0 ], [ 35329.0, 3418.0 ], [ 35307.0, 3395.0 ], [ 35284.0, 3395.0 ], [ 35262.0, 3395.0 ], [ 35239.0, 3373.0 ], [ 35217.0, 3373.0 ], [ 35194.0, 3373.0 ], [ 35172.0, 3373.0 ], [ 35150.0, 3373.0 ], [ 35127.0, 3373.0 ], [ 35105.0, 3373.0 ], [ 35082.0, 3350.0 ], [ 35060.0, 3350.0 ], [ 35037.0, 3350.0 ], [ 35015.0, 3350.0 ], [ 34992.0, 3328.0 ], [ 34970.0, 3328.0 ], [ 34947.0, 3328.0 ], [ 34925.0, 3305.0 ], [ 34902.0, 3305.0 ], [ 34880.0, 3305.0 ], [ 34857.0, 3305.0 ], [ 34835.0, 3283.0 ], [ 34812.0, 3283.0 ], [ 34790.0, 3260.0 ], [ 34767.0, 3260.0 ], [ 34745.0, 3260.0 ], [ 34722.0, 3260.0 ], [ 34700.0, 3238.0 ], [ 34677.0, 3238.0 ], [ 34655.0, 3215.0 ], [ 34632.0, 3215.0 ], [ 34610.0, 3215.0 ], [ 34587.0, 3193.0 ], [ 34565.0, 3193.0 ], [ 34542.0, 3193.0 ], [ 34520.0, 3170.0 ], [ 34497.0, 3170.0 ], [ 34475.0, 3170.0 ], [ 34452.0, 3148.0 ], [ 34430.0, 3148.0 ], [ 34407.0, 3125.0 ], [ 34385.0, 3125.0 ], [ 34362.0, 3125.0 ], [ 34340.0, 3125.0 ], [ 34317.0, 3103.0 ], [ 34295.0, 3103.0 ], [ 34272.0, 3125.0 ], [ 34250.0, 3103.0 ], [ 34227.0, 3080.0 ], [ 34250.0, 3058.0 ], [ 34227.0, 3058.0 ], [ 34205.0, 3035.0 ], [ 34182.0, 3013.0 ], [ 34160.0, 3013.0 ], [ 34138.0, 2991.0 ], [ 34115.0, 2968.0 ], [ 34093.0, 2991.0 ], [ 34070.0, 2968.0 ], [ 34048.0, 2946.0 ], [ 34025.0, 2923.0 ], [ 34003.0, 2901.0 ], [ 33980.0, 2901.0 ], [ 33958.0, 2901.0 ], [ 33935.0, 2878.0 ], [ 33913.0, 2878.0 ], [ 33890.0, 2856.0 ], [ 33868.0, 2856.0 ], [ 33845.0, 2833.0 ], [ 33823.0, 2833.0 ], [ 33800.0, 2833.0 ], [ 33778.0, 2811.0 ], [ 33755.0, 2811.0 ], [ 33733.0, 2811.0 ], [ 33710.0, 2788.0 ], [ 33688.0, 2788.0 ], [ 33665.0, 2788.0 ], [ 33643.0, 2788.0 ], [ 33620.0, 2766.0 ], [ 33598.0, 2766.0 ], [ 33575.0, 2743.0 ], [ 33553.0, 2766.0 ], [ 33530.0, 2743.0 ], [ 33508.0, 2721.0 ], [ 33485.0, 2721.0 ], [ 33463.0, 2721.0 ], [ 33440.0, 2698.0 ], [ 33418.0, 2698.0 ], [ 33395.0, 2698.0 ], [ 33373.0, 2676.0 ], [ 33350.0, 2653.0 ], [ 33328.0, 2653.0 ], [ 33305.0, 2653.0 ], [ 33283.0, 2631.0 ], [ 33260.0, 2631.0 ], [ 33238.0, 2608.0 ], [ 33215.0, 2608.0 ], [ 33193.0, 2608.0 ], [ 33170.0, 2586.0 ], [ 33148.0, 2586.0 ], [ 33126.0, 2586.0 ], [ 33103.0, 2586.0 ], [ 33081.0, 2586.0 ], [ 33058.0, 2563.0 ], [ 33036.0, 2563.0 ], [ 33013.0, 2563.0 ], [ 32991.0, 2541.0 ], [ 32968.0, 2541.0 ], [ 32946.0, 2541.0 ], [ 32923.0, 2518.0 ], [ 32901.0, 2518.0 ], [ 32878.0, 2518.0 ], [ 32856.0, 2518.0 ], [ 32833.0, 2518.0 ], [ 32811.0, 2496.0 ], [ 32788.0, 2496.0 ], [ 32766.0, 2496.0 ], [ 32743.0, 2496.0 ], [ 32721.0, 2496.0 ] ] ] } }
]
}
