{
"type": "FeatureCollection",
"name": "65698",
"crs": { "type": "name", "properties": { "name": "urn:ogc:def:crs:EPSG::3857" } },
"features": [
{ "type": "Feature", "properties": { "tissue_id": 0 }, "geometry": { "type": "Polygon", "coordinates": [ [ [ 4520.0, 15623.0 ], [ 4502.0, 15641.0 ], [ 4484.0, 15641.0 ], [ 4466.0, 15641.0 ], [ 4448.0, 15641.0 ], [ 4430.0, 15641.0 ], [ 4412.0, 15641.0 ], [ 4394.0, 15641.0 ], [ 4376.0, 15641.0 ], [ 4358.0, 15659.0 ], [ 4340.0, 15659.0 ], [ 4322.0, 15659.0 ], [ 4304.0, 15659.0 ], [ 4287.0, 15659.0 ], [ 4269.0, 15677.0 ], [ 4251.0, 15677.0 ], [ 4233.0, 15677.0 ], [ 4215.0, 15695.0 ], [ 4197.0, 15695.0 ], [ 4179.0, 15695.0 ], [ 4161.0, 15713.0 ], [ 4143.0, 15713.0 ], [ 4125.0, 15713.0 ], [ 4107.0, 15731.0 ], [ 4089.0, 15731.0 ], [ 4071.0, 15731.0 ], [ 4053.0, 15748.0 ], [ 4035.0, 15748.0 ], [ 4017.0, 15766.0 ], [ 4000.0, 15784.0 ], [ 3982.0, 15784.0 ], [ 3964.0, 15802.0 ], [ 3946.0, 15820.0 ], [ 3928.0, 15820.0 ], [ 3910.0, 15838.0 ], [ 3892.0, 15838.0 ], [ 3874.0, 15856.0 ], [ 3856.0, 15874.0 ], [ 3838.0, 15892.0 ], [ 3820.0, 15910.0 ], [ 3802.0, 15910.0 ], [ 3784.0, 15928.0 ], [ 3766.0, 15946.0 ], [ 3748.0, 15964.0 ], [ 3730.0, 15982.0 ], [ 3713.0, 16000.0 ], [ 3695.0, 16018.0 ], [ 3677.0, 16035.0 ], [ 3677.0, 16053.0 ], [ 3659.0, 16071.0 ], [ 3641.0, 16089.0 ], [ 3623.0, 16107.0 ], [ 3605.0, 16125.0 ], [ 3605.0, 16143.0 ], [ 3587.0, 16161.0 ], [ 3569.0, 16179.0 ], [ 3551.0, 16197.0 ], [ 3551.0, 16215.0 ], [ 3533.0, 16233.0 ], [ 3515.0, 16251.0 ], [ 3515.0, 16269.0 ], [ 3497.0, 16287.0 ], [ 3497.0, 16305.0 ], [ 3479.0, 16322.0 ], [ 3461.0, 16340.0 ], [ 3461.0, 16358.0 ], [ 3443.0, 16376.0 ], [ 3443.0, 16394.0 ], [ 3426.0, 16412.0 ], [ 3408.0, 16430.0 ], [ 3408.0, 16448.0 ], [ 3390.0, 16466.0 ], [ 3390.0, 16484.0 ], [ 3372.0, 16502.0 ], [ 3372.0, 16520.0 ], [ 3354.0, 16538.0 ], [ 3354.0, 16556.0 ], [ 3336.0, 16574.0 ], [ 3318.0, 16592.0 ], [ 3318.0, 16609.0 ], [ 3300.0, 16627.0 ], [ 3300.0, 16645.0 ], [ 3282.0, 16663.0 ], [ 3282.0, 16681.0 ], [ 3264.0, 16699.0 ], [ 3264.0, 16717.0 ], [ 3246.0, 16735.0 ], [ 3246.0, 16753.0 ], [ 3228.0, 16771.0 ], [ 3228.0, 16789.0 ], [ 3228.0, 16807.0 ], [ 3210.0, 16825.0 ], [ 3210.0, 16843.0 ], [ 3192.0, 16861.0 ], [ 3192.0, 16879.0 ], [ 3174.0, 16896.0 ], [ 3174.0, 16914.0 ], [ 3174.0, 16932.0 ], [ 3156.0, 16950.0 ], [ 3156.0, 16968.0 ], [ 3139.0, 16986.0 ], [ 3139.0, 17004.0 ], [ 3121.0, 17022.0 ], [ 3121.0, 17040.0 ], [ 3121.0, 17058.0 ], [ 3121.0, 17076.0 ], [ 3121.0, 17094.0 ], [ 3121.0, 17112.0 ], [ 3121.0, 17130.0 ], [ 3121.0, 17148.0 ], [ 3121.0, 17166.0 ], [ 3121.0, 17183.0 ], [ 3121.0, 17201.0 ], [ 3121.0, 17219.0 ], [ 3121.0, 17237.0 ], [ 3103.0, 17255.0 ], [ 3085.0, 17255.0 ], [ 3067.0, 17255.0 ], [ 3049.0, 17273.0 ], [ 3049.0, 17291.0 ], [ 3049.0, 17309.0 ], [ 3031.0, 17327.0 ], [ 3031.0, 17345.0 ], [ 3031.0, 17363.0 ], [ 3013.0, 17381.0 ], [ 3013.0, 17399.0 ], [ 3013.0, 17417.0 ], [ 2995.0, 17435.0 ], [ 2995.0, 17453.0 ], [ 2977.0, 17470.0 ], [ 2977.0, 17488.0 ], [ 2959.0, 17506.0 ], [ 2959.0, 17524.0 ], [ 2959.0, 17542.0 ], [ 2941.0, 17560.0 ], [ 2941.0, 17578.0 ], [ 2941.0, 17596.0 ], [ 2923.0, 17614.0 ], [ 2923.0, 17632.0 ], [ 2923.0, 17650.0 ], [ 2905.0, 17668.0 ], [ 2905.0, 17686.0 ], [ 2905.0, 17704.0 ], [ 2887.0, 17722.0 ], [ 2887.0, 17740.0 ], [ 2887.0, 17757.0 ], [ 2887.0, 17775.0 ], [ 2869.0, 17793.0 ], [ 2869.0, 17811.0 ], [ 2869.0, 17829.0 ], [ 2852.0, 17847.0 ], [ 2852.0, 17865.0 ], [ 2852.0, 17883.0 ], [ 2834.0, 17901.0 ], [ 2834.0, 17919.0 ], [ 2834.0, 17937.0 ], [ 2834.0, 17955.0 ], [ 2816.0, 17973.0 ], [ 2816.0, 17991.0 ], [ 2816.0, 18009.0 ], [ 2816.0, 18027.0 ], [ 2798.0, 18044.0 ], [ 2798.0, 18062.0 ], [ 2798.0, 18080.0 ], [ 2798.0, 18098.0 ], [ 2780.0, 18116.0 ], [ 2780.0, 18134.0 ], [ 2780.0, 18152.0 ], [ 2780.0, 18170.0 ], [ 2762.0, 18188.0 ], [ 2762.0, 18206.0 ], [ 2762.0, 18224.0 ], [ 2744.0, 18242.0 ], [ 2744.0, 18260.0 ], [ 2744.0, 18278.0 ], [ 2744.0, 18296.0 ], [ 2726.0, 18314.0 ], [ 2726.0, 18331.0 ], [ 2726.0, 18349.0 ], [ 2726.0, 18367.0 ], [ 2726.0, 18385.0 ], [ 2708.0, 18403.0 ], [ 2708.0, 18421.0 ], [ 2708.0, 18439.0 ], [ 2690.0, 18457.0 ], [ 2690.0, 18475.0 ], [ 2690.0, 18493.0 ], [ 2690.0, 18511.0 ], [ 2672.0, 18529.0 ], [ 2672.0, 18547.0 ], [ 2672.0, 18565.0 ], [ 2672.0, 18583.0 ], [ 2654.0, 18601.0 ], [ 2654.0, 18618.0 ], [ 2654.0, 18636.0 ], [ 2654.0, 18654.0 ], [ 2636.0, 18672.0 ], [ 2636.0, 18690.0 ], [ 2636.0, 18708.0 ], [ 2636.0, 18726.0 ], [ 2636.0, 18744.0 ], [ 2618.0, 18762.0 ], [ 2618.0, 18780.0 ], [ 2618.0, 18798.0 ], [ 2618.0, 18816.0 ], [ 2618.0, 18834.0 ], [ 2600.0, 18852.0 ], [ 2600.0, 18870.0 ], [ 2600.0, 18888.0 ], [ 2600.0, 18905.0 ], [ 2582.0, 18923.0 ], [ 2582.0, 18941.0 ], [ 2582.0, 18959.0 ], [ 2582.0, 18977.0 ], [ 2582.0, 18995.0 ], [ 2582.0, 19013.0 ], [ 2582.0, 19031.0 ], [ 2582.0, 19049.0 ], [ 2582.0, 19067.0 ], [ 2582.0, 19085.0 ], [ 2565.0, 19103.0 ], [ 2565.0, 19121.0 ], [ 2565.0, 19139.0 ], [ 2565.0, 19157.0 ], [ 2565.0, 19175.0 ], [ 2565.0, 19192.0 ], [ 2565.0, 19210.0 ], [ 2565.0, 19228.0 ], [ 2547.0, 19246.0 ], [ 2547.0, 19264.0 ], [ 2547.0, 19282.0 ], [ 2547.0, 19300.0 ], [ 2547.0, 19318.0 ], [ 2547.0, 19336.0 ], [ 2547.0, 19354.0 ], [ 2547.0, 19372.0 ], [ 2547.0, 19390.0 ], [ 2547.0, 19408.0 ], [ 2529.0, 19426.0 ], [ 2529.0, 19444.0 ], [ 2529.0, 19462.0 ], [ 2529.0, 19479.0 ], [ 2529.0, 19497.0 ], [ 2529.0, 19515.0 ], [ 2529.0, 19533.0 ], [ 2529.0, 19551.0 ], [ 2529.0, 19569.0 ], [ 2511.0, 19587.0 ], [ 2511.0, 19605.0 ], [ 2511.0, 19623.0 ], [ 2511.0, 19641.0 ], [ 2511.0, 19659.0 ], [ 2511.0, 19677.0 ], [ 2493.0, 19695.0 ], [ 2493.0, 19713.0 ], [ 2493.0, 19731.0 ], [ 2493.0, 19749.0 ], [ 2493.0, 19766.0 ], [ 2493.0, 19784.0 ], [ 2475.0, 19802.0 ], [ 2475.0, 19820.0 ], [ 2475.0, 19838.0 ], [ 2475.0, 19856.0 ], [ 2475.0, 19874.0 ], [ 2475.0, 19892.0 ], [ 2475.0, 19910.0 ], [ 2475.0, 19928.0 ], [ 2457.0, 19946.0 ], [ 2457.0, 19964.0 ], [ 2457.0, 19982.0 ], [ 2457.0, 20000.0 ], [ 2439.0, 20018.0 ], [ 2439.0, 20036.0 ], [ 2439.0, 20053.0 ], [ 2439.0, 20071.0 ], [ 2421.0, 20089.0 ], [ 2421.0, 20107.0 ], [ 2421.0, 20125.0 ], [ 2421.0, 20143.0 ], [ 2421.0, 20161.0 ], [ 2403.0, 20179.0 ], [ 2403.0, 20197.0 ], [ 2403.0, 20215.0 ], [ 2403.0, 20233.0 ], [ 2403.0, 20251.0 ], [ 2403.0, 20269.0 ], [ 2385.0, 20287.0 ], [ 2385.0, 20305.0 ], [ 2385.0, 20323.0 ], [ 2385.0, 20340.0 ], [ 2385.0, 20358.0 ], [ 2385.0, 20376.0 ], [ 2367.0, 20394.0 ], [ 2367.0, 20412.0 ], [ 2367.0, 20430.0 ], [ 2367.0, 20448.0 ], [ 2367.0, 20466.0 ], [ 2367.0, 20484.0 ], [ 2349.0, 20502.0 ], [ 2349.0, 20520.0 ], [ 2349.0, 20538.0 ], [ 2349.0, 20556.0 ], [ 2349.0, 20574.0 ], [ 2349.0, 20592.0 ], [ 2349.0, 20610.0 ], [ 2331.0, 20627.0 ], [ 2331.0, 20645.0 ], [ 2331.0, 20663.0 ], [ 2331.0, 20681.0 ], [ 2331.0, 20699.0 ], [ 2331.0, 20717.0 ], [ 2313.0, 20735.0 ], [ 2313.0, 20753.0 ], [ 2313.0, 20771.0 ], [ 2313.0, 20789.0 ], [ 2313.0, 20807.0 ], [ 2313.0, 20825.0 ], [ 2313.0, 20843.0 ], [ 2313.0, 20861.0 ], [ 2313.0, 20879.0 ], [ 2313.0, 20897.0 ], [ 2295.0, 20914.0 ], [ 2295.0, 20932.0 ], [ 2295.0, 20950.0 ], [ 2295.0, 20968.0 ], [ 2295.0, 20986.0 ], [ 2295.0, 21004.0 ], [ 2295.0, 21022.0 ], [ 2295.0, 21040.0 ], [ 2295.0, 21058.0 ], [ 2295.0, 21076.0 ], [ 2278.0, 21094.0 ], [ 2278.0, 21112.0 ], [ 2278.0, 21130.0 ], [ 2278.0, 21148.0 ], [ 2278.0, 21166.0 ], [ 2278.0, 21184.0 ], [ 2278.0, 21201.0 ], [ 2278.0, 21219.0 ], [ 2278.0, 21237.0 ], [ 2278.0, 21255.0 ], [ 2260.0, 21273.0 ], [ 2260.0, 21291.0 ], [ 2260.0, 21309.0 ], [ 2260.0, 21327.0 ], [ 2260.0, 21345.0 ], [ 2260.0, 21363.0 ], [ 2260.0, 21381.0 ], [ 2260.0, 21399.0 ], [ 2260.0, 21417.0 ], [ 2242.0, 21435.0 ], [ 2242.0, 21453.0 ], [ 2242.0, 21471.0 ], [ 2242.0, 21488.0 ], [ 2242.0, 21506.0 ], [ 2242.0, 21524.0 ], [ 2242.0, 21542.0 ], [ 2242.0, 21560.0 ], [ 2242.0, 21578.0 ], [ 2242.0, 21596.0 ], [ 2242.0, 21614.0 ], [ 2224.0, 21632.0 ], [ 2224.0, 21650.0 ], [ 2224.0, 21668.0 ], [ 2224.0, 21686.0 ], [ 2224.0, 21704.0 ], [ 2224.0, 21722.0 ], [ 2224.0, 21740.0 ], [ 2224.0, 21758.0 ], [ 2224.0, 21775.0 ], [ 2206.0, 21793.0 ], [ 2206.0, 21811.0 ], [ 2206.0, 21829.0 ], [ 2206.0, 21847.0 ], [ 2206.0, 21865.0 ], [ 2206.0, 21883.0 ], [ 2206.0, 21901.0 ], [ 2206.0, 21919.0 ], [ 2206.0, 21937.0 ], [ 2206.0, 21955.0 ], [ 2206.0, 21973.0 ], [ 2206.0, 21991.0 ], [ 2188.0, 22009.0 ], [ 2188.0, 22027.0 ], [ 2188.0, 22045.0 ], [ 2188.0, 22062.0 ], [ 2188.0, 22080.0 ], [ 2188.0, 22098.0 ], [ 2188.0, 22116.0 ], [ 2188.0, 22134.0 ], [ 2188.0, 22152.0 ], [ 2188.0, 22170.0 ], [ 2188.0, 22188.0 ], [ 2170.0, 22206.0 ], [ 2170.0, 22224.0 ], [ 2170.0, 22242.0 ], [ 2170.0, 22260.0 ], [ 2170.0, 22278.0 ], [ 2170.0, 22296.0 ], [ 2170.0, 22314.0 ], [ 2170.0, 22331.0 ], [ 2170.0, 22349.0 ], [ 2170.0, 22367.0 ], [ 2152.0, 22385.0 ], [ 2152.0, 22403.0 ], [ 2152.0, 22421.0 ], [ 2152.0, 22439.0 ], [ 2152.0, 22457.0 ], [ 2152.0, 22475.0 ], [ 2152.0, 22493.0 ], [ 2152.0, 22511.0 ], [ 2152.0, 22529.0 ], [ 2152.0, 22547.0 ], [ 2152.0, 22565.0 ], [ 2134.0, 22583.0 ], [ 2134.0, 22601.0 ], [ 2134.0, 22618.0 ], [ 2134.0, 22636.0 ], [ 2134.0, 22654.0 ], [ 2134.0, 22672.0 ], [ 2134.0, 22690.0 ], [ 2134.0, 22708.0 ], [ 2134.0, 22726.0 ], [ 2134.0, 22744.0 ], [ 2134.0, 22762.0 ], [ 2134.0, 22780.0 ], [ 2116.0, 22798.0 ], [ 2116.0, 22816.0 ], [ 2116.0, 22834.0 ], [ 2116.0, 22852.0 ], [ 2116.0, 22870.0 ], [ 2116.0, 22888.0 ], [ 2116.0, 22905.0 ], [ 2116.0, 22923.0 ], [ 2116.0, 22941.0 ], [ 2116.0, 22959.0 ], [ 2116.0, 22977.0 ], [ 2116.0, 22995.0 ], [ 2116.0, 23013.0 ], [ 2116.0, 23031.0 ], [ 2098.0, 23049.0 ], [ 2098.0, 23067.0 ], [ 2098.0, 23085.0 ], [ 2098.0, 23103.0 ], [ 2098.0, 23121.0 ], [ 2098.0, 23139.0 ], [ 2098.0, 23157.0 ], [ 2098.0, 23175.0 ], [ 2098.0, 23192.0 ], [ 2098.0, 23210.0 ], [ 2098.0, 23228.0 ], [ 2098.0, 23246.0 ], [ 2098.0, 23264.0 ], [ 2080.0, 23282.0 ], [ 2080.0, 23300.0 ], [ 2080.0, 23318.0 ], [ 2080.0, 23336.0 ], [ 2080.0, 23354.0 ], [ 2080.0, 23372.0 ], [ 2080.0, 23390.0 ], [ 2080.0, 23408.0 ], [ 2080.0, 23426.0 ], [ 2080.0, 23444.0 ], [ 2080.0, 23462.0 ], [ 2080.0, 23479.0 ], [ 2080.0, 23497.0 ], [ 2080.0, 23515.0 ], [ 2080.0, 23533.0 ], [ 2080.0, 23551.0 ], [ 2080.0, 23569.0 ], [ 2080.0, 23587.0 ], [ 2080.0, 23605.0 ], [ 2080.0, 23623.0 ], [ 2080.0, 23641.0 ], [ 2080.0, 23659.0 ], [ 2080.0, 23677.0 ], [ 2080.0, 23695.0 ], [ 2080.0, 23713.0 ], [ 2080.0, 23731.0 ], [ 2080.0, 23749.0 ], [ 2080.0, 23766.0 ], [ 2080.0, 23784.0 ], [ 2080.0, 23802.0 ], [ 2080.0, 23820.0 ], [ 2080.0, 23838.0 ], [ 2080.0, 23856.0 ], [ 2080.0, 23874.0 ], [ 2080.0, 23892.0 ], [ 2080.0, 23910.0 ], [ 2080.0, 23928.0 ], [ 2080.0, 23946.0 ], [ 2080.0, 23964.0 ], [ 2080.0, 23982.0 ], [ 2080.0, 24000.0 ], [ 2080.0, 24018.0 ], [ 2080.0, 24036.0 ], [ 2080.0, 24053.0 ], [ 2080.0, 24071.0 ], [ 2080.0, 24089.0 ], [ 2080.0, 24107.0 ], [ 2080.0, 24125.0 ], [ 2080.0, 24143.0 ], [ 2080.0, 24161.0 ], [ 2080.0, 24179.0 ], [ 2080.0, 24197.0 ], [ 2080.0, 24215.0 ], [ 2080.0, 24233.0 ], [ 2080.0, 24251.0 ], [ 2080.0, 24269.0 ], [ 2080.0, 24287.0 ], [ 2080.0, 24305.0 ], [ 2080.0, 24323.0 ], [ 2080.0, 24340.0 ], [ 2080.0, 24358.0 ], [ 2080.0, 24376.0 ], [ 2080.0, 24394.0 ], [ 2080.0, 24412.0 ], [ 2080.0, 24430.0 ], [ 2080.0, 24448.0 ], [ 2080.0, 24466.0 ], [ 2080.0, 24484.0 ], [ 2080.0, 24502.0 ], [ 2080.0, 24520.0 ], [ 2080.0, 24538.0 ], [ 2080.0, 24556.0 ], [ 2080.0, 24574.0 ], [ 2080.0, 24592.0 ], [ 2080.0, 24610.0 ], [ 2080.0, 24627.0 ], [ 2080.0, 24645.0 ], [ 2080.0, 24663.0 ], [ 2080.0, 24681.0 ], [ 2080.0, 24699.0 ], [ 2080.0, 24717.0 ], [ 2080.0, 24735.0 ], [ 2080.0, 24753.0 ], [ 2080.0, 24771.0 ], [ 2080.0, 24789.0 ], [ 2080.0, 24807.0 ], [ 2080.0, 24825.0 ], [ 2080.0, 24843.0 ], [ 2080.0, 24861.0 ], [ 2080.0, 24879.0 ], [ 2080.0, 24897.0 ], [ 2080.0, 24914.0 ], [ 2080.0, 24932.0 ], [ 2080.0, 24950.0 ], [ 2080.0, 24968.0 ], [ 2062.0, 24986.0 ], [ 2044.0, 24986.0 ], [ 2026.0, 24986.0 ], [ 2008.0, 24986.0 ], [ 1991.0, 24986.0 ], [ 1973.0, 24986.0 ], [ 1973.0, 25004.0 ], [ 1973.0, 25022.0 ], [ 1973.0, 25040.0 ], [ 1973.0, 25058.0 ], [ 1973.0, 25076.0 ], [ 1973.0, 25094.0 ], [ 1973.0, 25112.0 ], [ 1973.0, 25130.0 ], [ 1973.0, 25148.0 ], [ 1973.0, 25166.0 ], [ 1973.0, 25184.0 ], [ 1973.0, 25201.0 ], [ 1973.0, 25219.0 ], [ 1973.0, 25237.0 ], [ 1955.0, 25255.0 ], [ 1955.0, 25273.0 ], [ 1955.0, 25291.0 ], [ 1955.0, 25309.0 ], [ 1955.0, 25327.0 ], [ 1955.0, 25345.0 ], [ 1955.0, 25363.0 ], [ 1955.0, 25381.0 ], [ 1955.0, 25399.0 ], [ 1955.0, 25417.0 ], [ 1955.0, 25435.0 ], [ 1955.0, 25453.0 ], [ 1955.0, 25471.0 ], [ 1955.0, 25488.0 ], [ 1955.0, 25506.0 ], [ 1955.0, 25524.0 ], [ 1955.0, 25542.0 ], [ 1955.0, 25560.0 ], [ 1955.0, 25578.0 ], [ 1937.0, 25596.0 ], [ 1955.0, 25614.0 ], [ 1955.0, 25632.0 ], [ 1937.0, 25650.0 ], [ 1937.0, 25668.0 ], [ 1937.0, 25686.0 ], [ 1937.0, 25704.0 ], [ 1937.0, 25722.0 ], [ 1937.0, 25740.0 ], [ 1937.0, 25758.0 ], [ 1937.0, 25775.0 ], [ 1937.0, 25793.0 ], [ 1937.0, 25811.0 ], [ 1937.0, 25829.0 ], [ 1937.0, 25847.0 ], [ 1937.0, 25865.0 ], [ 1937.0, 25883.0 ], [ 1937.0, 25901.0 ], [ 1919.0, 25919.0 ], [ 1919.0, 25937.0 ], [ 1919.0, 25955.0 ], [ 1919.0, 25973.0 ], [ 1919.0, 25991.0 ], [ 1919.0, 26009.0 ], [ 1919.0, 26027.0 ], [ 1919.0, 26045.0 ], [ 1919.0, 26062.0 ], [ 1919.0, 26080.0 ], [ 1919.0, 26098.0 ], [ 1919.0, 26116.0 ], [ 1919.0, 26134.0 ], [ 1919.0, 26152.0 ], [ 1919.0, 26170.0 ], [ 1919.0, 26188.0 ], [ 1919.0, 26206.0 ], [ 1919.0, 26224.0 ], [ 1919.0, 26242.0 ], [ 1919.0, 26260.0 ], [ 1919.0, 26278.0 ], [ 1919.0, 26296.0 ], [ 1919.0, 26314.0 ], [ 1901.0, 26332.0 ], [ 1901.0, 26349.0 ], [ 1901.0, 26367.0 ], [ 1901.0, 26385.0 ], [ 1901.0, 26403.0 ], [ 1901.0, 26421.0 ], [ 1901.0, 26439.0 ], [ 1901.0, 26457.0 ], [ 1901.0, 26475.0 ], [ 1901.0, 26493.0 ], [ 1901.0, 26511.0 ], [ 1901.0, 26529.0 ], [ 1901.0, 26547.0 ], [ 1901.0, 26565.0 ], [ 1901.0, 26583.0 ], [ 1901.0, 26601.0 ], [ 1901.0, 26619.0 ], [ 1901.0, 26636.0 ], [ 1901.0, 26654.0 ], [ 1883.0, 26672.0 ], [ 1883.0, 26690.0 ], [ 1883.0, 26708.0 ], [ 1883.0, 26726.0 ], [ 1883.0, 26744.0 ], [ 1883.0, 26762.0 ], [ 1883.0, 26780.0 ], [ 1883.0, 26798.0 ], [ 1883.0, 26816.0 ], [ 1883.0, 26834.0 ], [ 1883.0, 26852.0 ], [ 1883.0, 26870.0 ], [ 1883.0, 26888.0 ], [ 1883.0, 26906.0 ], [ 1883.0, 26923.0 ], [ 1883.0, 26941.0 ], [ 1865.0, 26959.0 ], [ 1865.0, 26977.0 ], [ 1865.0, 26995.0 ], [ 1865.0, 27013.0 ], [ 1865.0, 27031.0 ], [ 1865.0, 27049.0 ], [ 1865.0, 27067.0 ], [ 1865.0, 27085.0 ], [ 1865.0, 27103.0 ], [ 1865.0, 27121.0 ], [ 1865.0, 27139.0 ], [ 1865.0, 27157.0 ], [ 1865.0, 27175.0 ], [ 1865.0, 27193.0 ], [ 1865.0, 27210.0 ], [ 1865.0, 27228.0 ], [ 1865.0, 27246.0 ], [ 1865.0, 27264.0 ], [ 1865.0, 27282.0 ], [ 1865.0, 27300.0 ], [ 1865.0, 27318.0 ], [ 1847.0, 27336.0 ], [ 1847.0, 27354.0 ], [ 1847.0, 27372.0 ], [ 1847.0, 27390.0 ], [ 1847.0, 27408.0 ], [ 1847.0, 27426.0 ], [ 1847.0, 27444.0 ], [ 1847.0, 27462.0 ], [ 1847.0, 27480.0 ], [ 1847.0, 27497.0 ], [ 1847.0, 27515.0 ], [ 1847.0, 27533.0 ], [ 1847.0, 27551.0 ], [ 1829.0, 27569.0 ], [ 1829.0, 27587.0 ], [ 1829.0, 27605.0 ], [ 1829.0, 27623.0 ], [ 1829.0, 27641.0 ], [ 1829.0, 27659.0 ], [ 1829.0, 27677.0 ], [ 1829.0, 27695.0 ], [ 1829.0, 27713.0 ], [ 1829.0, 27731.0 ], [ 1829.0, 27749.0 ], [ 1829.0, 27767.0 ], [ 1811.0, 27784.0 ], [ 1811.0, 27802.0 ], [ 1811.0, 27820.0 ], [ 1811.0, 27838.0 ], [ 1811.0, 27856.0 ], [ 1811.0, 27874.0 ], [ 1811.0, 27892.0 ], [ 1811.0, 27910.0 ], [ 1811.0, 27928.0 ], [ 1811.0, 27946.0 ], [ 1811.0, 27964.0 ], [ 1811.0, 27982.0 ], [ 1811.0, 28000.0 ], [ 1793.0, 28018.0 ], [ 1793.0, 28036.0 ], [ 1793.0, 28054.0 ], [ 1793.0, 28071.0 ], [ 1793.0, 28089.0 ], [ 1793.0, 28107.0 ], [ 1793.0, 28125.0 ], [ 1793.0, 28143.0 ], [ 1793.0, 28161.0 ], [ 1775.0, 28179.0 ], [ 1775.0, 28197.0 ], [ 1775.0, 28215.0 ], [ 1775.0, 28233.0 ], [ 1775.0, 28251.0 ], [ 1775.0, 28269.0 ], [ 1775.0, 28287.0 ], [ 1775.0, 28305.0 ], [ 1757.0, 28323.0 ], [ 1757.0, 28341.0 ], [ 1757.0, 28358.0 ], [ 1757.0, 28376.0 ], [ 1757.0, 28394.0 ], [ 1757.0, 28412.0 ], [ 1757.0, 28430.0 ], [ 1757.0, 28448.0 ], [ 1757.0, 28466.0 ], [ 1757.0, 28484.0 ], [ 1739.0, 28502.0 ], [ 1739.0, 28520.0 ], [ 1739.0, 28538.0 ], [ 1739.0, 28556.0 ], [ 1739.0, 28574.0 ], [ 1739.0, 28592.0 ], [ 1739.0, 28610.0 ], [ 1739.0, 28628.0 ], [ 1739.0, 28645.0 ], [ 1739.0, 28663.0 ], [ 1739.0, 28681.0 ], [ 1721.0, 28699.0 ], [ 1721.0, 28717.0 ], [ 1721.0, 28735.0 ], [ 1721.0, 28753.0 ], [ 1721.0, 28771.0 ], [ 1721.0, 28789.0 ], [ 1721.0, 28807.0 ], [ 1721.0, 28825.0 ], [ 1721.0, 28843.0 ], [ 1721.0, 28861.0 ], [ 1721.0, 28879.0 ], [ 1721.0, 28897.0 ], [ 1721.0, 28915.0 ], [ 1721.0, 28932.0 ], [ 1721.0, 28950.0 ], [ 1704.0, 28968.0 ], [ 1704.0, 28986.0 ], [ 1704.0, 29004.0 ], [ 1704.0, 29022.0 ], [ 1704.0, 29040.0 ], [ 1704.0, 29058.0 ], [ 1704.0, 29076.0 ], [ 1704.0, 29094.0 ], [ 1704.0, 29112.0 ], [ 1704.0, 29130.0 ], [ 1704.0, 29148.0 ], [ 1704.0, 29166.0 ], [ 1704.0, 29184.0 ], [ 1704.0, 29202.0 ], [ 1704.0, 29219.0 ], [ 1704.0, 29237.0 ], [ 1704.0, 29255.0 ], [ 1704.0, 29273.0 ], [ 1686.0, 29291.0 ], [ 1686.0, 29309.0 ], [ 1686.0, 29327.0 ], [ 1686.0, 29345.0 ], [ 1686.0, 29363.0 ], [ 1686.0, 29381.0 ], [ 1686.0, 29399.0 ], [ 1686.0, 29417.0 ], [ 1686.0, 29435.0 ], [ 1686.0, 29453.0 ], [ 1686.0, 29471.0 ], [ 1686.0, 29488.0 ], [ 1686.0, 29506.0 ], [ 1686.0, 29524.0 ], [ 1686.0, 29542.0 ], [ 1686.0, 29560.0 ], [ 1668.0, 29578.0 ], [ 1668.0, 29596.0 ], [ 1686.0, 29614.0 ], [ 1668.0, 29632.0 ], [ 1668.0, 29650.0 ], [ 1668.0, 29668.0 ], [ 1668.0, 29686.0 ], [ 1668.0, 29704.0 ], [ 1668.0, 29722.0 ], [ 1668.0, 29740.0 ], [ 1668.0, 29758.0 ], [ 1668.0, 29775.0 ], [ 1668.0, 29793.0 ], [ 1668.0, 29811.0 ], [ 1668.0, 29829.0 ], [ 1668.0, 29847.0 ], [ 1668.0, 29865.0 ], [ 1668.0, 29883.0 ], [ 1668.0, 29901.0 ], [ 1668.0, 29919.0 ], [ 1668.0, 29937.0 ], [ 1668.0, 29955.0 ], [ 1668.0, 29973.0 ], [ 1668.0, 29991.0 ], [ 1668.0, 30009.0 ], [ 1668.0, 30027.0 ], [ 1668.0, 30045.0 ], [ 1650.0, 30062.0 ], [ 1668.0, 30080.0 ], [ 1650.0, 30098.0 ], [ 1650.0, 30116.0 ], [ 1650.0, 30134.0 ], [ 1650.0, 30152.0 ], [ 1650.0, 30170.0 ], [ 1650.0, 30188.0 ], [ 1650.0, 30206.0 ], [ 1650.0, 30224.0 ], [ 1650.0, 30242.0 ], [ 1650.0, 30260.0 ], [ 1650.0, 30278.0 ], [ 1650.0, 30296.0 ], [ 1650.0, 30314.0 ], [ 1650.0, 30332.0 ], [ 1650.0, 30349.0 ], [ 1650.0, 30367.0 ], [ 1650.0, 30385.0 ], [ 1650.0, 30403.0 ], [ 1650.0, 30421.0 ], [ 1650.0, 30439.0 ], [ 1650.0, 30457.0 ], [ 1650.0, 30475.0 ], [ 1650.0, 30493.0 ], [ 1650.0, 30511.0 ], [ 1650.0, 30529.0 ], [ 1650.0, 30547.0 ], [ 1650.0, 30565.0 ], [ 1650.0, 30583.0 ], [ 1650.0, 30601.0 ], [ 1650.0, 30619.0 ], [ 1650.0, 30636.0 ], [ 1650.0, 30654.0 ], [ 1650.0, 30672.0 ], [ 1650.0, 30690.0 ], [ 1650.0, 30708.0 ], [ 1650.0, 30726.0 ], [ 1650.0, 30744.0 ], [ 1650.0, 30762.0 ], [ 1650.0, 30780.0 ], [ 1650.0, 30798.0 ], [ 1650.0, 30816.0 ], [ 1650.0, 30834.0 ], [ 1650.0, 30852.0 ], [ 1650.0, 30870.0 ], [ 1650.0, 30888.0 ], [ 1650.0, 30906.0 ], [ 1650.0, 30923.0 ], [ 1668.0, 30941.0 ], [ 1650.0, 30959.0 ], [ 1650.0, 30977.0 ], [ 1650.0, 30995.0 ], [ 1650.0, 31013.0 ], [ 1650.0, 31031.0 ], [ 1650.0, 31049.0 ], [ 1650.0, 31067.0 ], [ 1650.0, 31085.0 ], [ 1650.0, 31103.0 ], [ 1650.0, 31121.0 ], [ 1650.0, 31139.0 ], [ 1650.0, 31157.0 ], [ 1650.0, 31175.0 ], [ 1650.0, 31193.0 ], [ 1650.0, 31210.0 ], [ 1650.0, 31228.0 ], [ 1650.0, 31246.0 ], [ 1650.0, 31264.0 ], [ 1650.0, 31282.0 ], [ 1650.0, 31300.0 ], [ 1650.0, 31318.0 ], [ 1650.0, 31336.0 ], [ 1650.0, 31354.0 ], [ 1650.0, 31372.0 ], [ 1668.0, 31390.0 ], [ 1668.0, 31408.0 ], [ 1668.0, 31426.0 ], [ 1668.0, 31444.0 ], [ 1668.0, 31462.0 ], [ 1668.0, 31480.0 ], [ 1668.0, 31497.0 ], [ 1668.0, 31515.0 ], [ 1668.0, 31533.0 ], [ 1668.0, 31551.0 ], [ 1668.0, 31569.0 ], [ 1668.0, 31587.0 ], [ 1668.0, 31605.0 ], [ 1668.0, 31623.0 ], [ 1668.0, 31641.0 ], [ 1668.0, 31659.0 ], [ 1668.0, 31677.0 ], [ 1668.0, 31695.0 ], [ 1668.0, 31713.0 ], [ 1668.0, 31731.0 ], [ 1668.0, 31749.0 ], [ 1668.0, 31767.0 ], [ 1686.0, 31784.0 ], [ 1686.0, 31802.0 ], [ 1686.0, 31820.0 ], [ 1686.0, 31838.0 ], [ 1686.0, 31856.0 ], [ 1686.0, 31874.0 ], [ 1686.0, 31892.0 ], [ 1668.0, 31910.0 ], [ 1686.0, 31928.0 ], [ 1686.0, 31946.0 ], [ 1686.0, 31964.0 ], [ 1686.0, 31982.0 ], [ 1686.0, 32000.0 ], [ 1686.0, 32018.0 ], [ 1686.0, 32036.0 ], [ 1686.0, 32054.0 ], [ 1686.0, 32071.0 ], [ 1686.0, 32089.0 ], [ 1686.0, 32107.0 ], [ 1686.0, 32125.0 ], [ 1686.0, 32143.0 ], [ 1686.0, 32161.0 ], [ 1686.0, 32179.0 ], [ 1686.0, 32197.0 ], [ 1686.0, 32215.0 ], [ 1686.0, 32233.0 ], [ 1686.0, 32251.0 ], [ 1686.0, 32269.0 ], [ 1686.0, 32287.0 ], [ 1686.0, 32305.0 ], [ 1686.0, 32323.0 ], [ 1686.0, 32341.0 ], [ 1686.0, 32358.0 ], [ 1686.0, 32376.0 ], [ 1686.0, 32394.0 ], [ 1686.0, 32412.0 ], [ 1686.0, 32430.0 ], [ 1704.0, 32448.0 ], [ 1704.0, 32466.0 ], [ 1686.0, 32484.0 ], [ 1704.0, 32502.0 ], [ 1704.0, 32520.0 ], [ 1704.0, 32538.0 ], [ 1704.0, 32556.0 ], [ 1704.0, 32574.0 ], [ 1704.0, 32592.0 ], [ 1704.0, 32610.0 ], [ 1704.0, 32628.0 ], [ 1704.0, 32645.0 ], [ 1704.0, 32663.0 ], [ 1704.0, 32681.0 ], [ 1704.0, 32699.0 ], [ 1704.0, 32717.0 ], [ 1704.0, 32735.0 ], [ 1704.0, 32753.0 ], [ 1704.0, 32771.0 ], [ 1704.0, 32789.0 ], [ 1721.0, 32807.0 ], [ 1721.0, 32825.0 ], [ 1721.0, 32843.0 ], [ 1721.0, 32861.0 ], [ 1721.0, 32879.0 ], [ 1721.0, 32897.0 ], [ 1739.0, 32915.0 ], [ 1739.0, 32932.0 ], [ 1757.0, 32932.0 ], [ 1775.0, 32932.0 ], [ 1775.0, 32915.0 ], [ 1775.0, 32897.0 ], [ 1793.0, 32879.0 ], [ 1811.0, 32879.0 ], [ 1829.0, 32879.0 ], [ 1847.0, 32897.0 ], [ 1865.0, 32897.0 ], [ 1883.0, 32897.0 ], [ 1901.0, 32915.0 ], [ 1919.0, 32915.0 ], [ 1937.0, 32932.0 ], [ 1955.0, 32932.0 ], [ 1973.0, 32932.0 ], [ 1991.0, 32915.0 ], [ 2008.0, 32932.0 ], [ 2026.0, 32932.0 ], [ 2044.0, 32932.0 ], [ 2062.0, 32932.0 ], [ 2080.0, 32932.0 ], [ 2098.0, 32950.0 ], [ 2116.0, 32968.0 ], [ 2134.0, 32968.0 ], [ 2152.0, 32968.0 ], [ 2170.0, 32968.0 ], [ 2188.0, 32968.0 ], [ 2206.0, 32986.0 ], [ 2224.0, 32986.0 ], [ 2242.0, 33004.0 ], [ 2260.0, 32986.0 ], [ 2278.0, 33004.0 ], [ 2295.0, 32986.0 ], [ 2313.0, 32986.0 ], [ 2331.0, 32986.0 ], [ 2349.0, 33004.0 ], [ 2367.0, 32986.0 ], [ 2367.0, 32968.0 ], [ 2367.0, 32950.0 ], [ 2385.0, 32932.0 ], [ 2403.0, 32932.0 ], [ 2421.0, 32950.0 ], [ 2439.0, 32950.0 ], [ 2457.0, 32950.0 ], [ 2475.0, 32968.0 ], [ 2493.0, 32950.0 ], [ 2511.0, 32932.0 ], [ 2529.0, 32915.0 ], [ 2547.0, 32932.0 ], [ 2565.0, 32932.0 ], [ 2582.0, 32932.0 ], [ 2600.0, 32950.0 ], [ 2618.0, 32968.0 ], [ 2600.0, 32986.0 ], [ 2618.0, 33004.0 ], [ 2636.0, 33022.0 ], [ 2654.0, 33022.0 ], [ 2672.0, 33004.0 ], [ 2690.0, 32986.0 ], [ 2708.0, 32968.0 ], [ 2726.0, 32986.0 ], [ 2744.0, 33004.0 ], [ 2762.0, 33022.0 ], [ 2780.0, 33022.0 ], [ 2798.0, 33022.0 ], [ 2816.0, 33022.0 ], [ 2834.0, 33022.0 ], [ 2852.0, 33022.0 ], [ 2869.0, 33040.0 ], [ 2887.0, 33058.0 ], [ 2905.0, 33058.0 ], [ 2923.0, 33076.0 ], [ 2941.0, 33076.0 ], [ 2959.0, 33076.0 ], [ 2977.0, 33094.0 ], [ 2977.0, 33112.0 ], [ 2995.0, 33112.0 ], [ 3013.0, 33112.0 ], [ 3031.0, 33130.0 ], [ 3031.0, 33148.0 ], [ 3049.0, 33148.0 ], [ 3067.0, 33130.0 ], [ 3085.0, 33130.0 ], [ 3103.0, 33112.0 ], [ 3121.0, 33130.0 ], [ 3139.0, 33112.0 ], [ 3156.0, 33130.0 ], [ 3174.0, 33130.0 ], [ 3192.0, 33130.0 ], [ 3210.0, 33130.0 ], [ 3228.0, 33130.0 ], [ 3246.0, 33130.0 ], [ 3264.0, 33130.0 ], [ 3282.0, 33130.0 ], [ 3300.0, 33130.0 ], [ 3318.0, 33130.0 ], [ 3336.0, 33130.0 ], [ 3354.0, 33130.0 ], [ 3372.0, 33130.0 ], [ 3390.0, 33148.0 ], [ 3408.0, 33166.0 ], [ 3426.0, 33184.0 ], [ 3443.0, 33184.0 ], [ 3461.0, 33184.0 ], [ 3479.0, 33184.0 ], [ 3479.0, 33166.0 ], [ 3479.0, 33148.0 ], [ 3479.0, 33130.0 ], [ 3497.0, 33112.0 ], [ 3515.0, 33130.0 ], [ 3533.0, 33130.0 ], [ 3551.0, 33130.0 ], [ 3569.0, 33112.0 ], [ 3587.0, 33130.0 ], [ 3605.0, 33130.0 ], [ 3623.0, 33130.0 ], [ 3641.0, 33148.0 ], [ 3641.0, 33130.0 ], [ 3659.0, 33112.0 ], [ 3677.0, 33130.0 ], [ 3695.0, 33130.0 ], [ 3713.0, 33112.0 ], [ 3730.0, 33112.0 ], [ 3748.0, 33112.0 ], [ 3766.0, 33130.0 ], [ 3784.0, 33148.0 ], [ 3802.0, 33148.0 ], [ 3820.0, 33166.0 ], [ 3838.0, 33166.0 ], [ 3856.0, 33148.0 ], [ 3874.0, 33148.0 ], [ 3892.0, 33148.0 ], [ 3910.0, 33166.0 ], [ 3928.0, 33166.0 ], [ 3946.0, 33166.0 ], [ 3964.0, 33166.0 ], [ 3982.0, 33166.0 ], [ 4000.0, 33166.0 ], [ 4017.0, 33166.0 ], [ 4035.0, 33166.0 ], [ 4053.0, 33166.0 ], [ 4071.0, 33184.0 ], [ 4089.0, 33184.0 ], [ 4107.0, 33184.0 ], [ 4125.0, 33184.0 ], [ 4143.0, 33184.0 ], [ 4161.0, 33184.0 ], [ 4179.0, 33184.0 ], [ 4197.0, 33184.0 ], [ 4215.0, 33184.0 ], [ 4233.0, 33202.0 ], [ 4251.0, 33202.0 ], [ 4269.0, 33184.0 ], [ 4287.0, 33202.0 ], [ 4304.0, 33202.0 ], [ 4322.0, 33219.0 ], [ 4340.0, 33202.0 ], [ 4358.0, 33202.0 ], [ 4376.0, 33202.0 ], [ 4394.0, 33202.0 ], [ 4412.0, 33202.0 ], [ 4430.0, 33202.0 ], [ 4448.0, 33202.0 ], [ 4466.0, 33202.0 ], [ 4484.0, 33202.0 ], [ 4502.0, 33219.0 ], [ 4520.0, 33219.0 ], [ 4538.0, 33219.0 ], [ 4556.0, 33202.0 ], [ 4574.0, 33202.0 ], [ 4591.0, 33202.0 ], [ 4609.0, 33202.0 ], [ 4627.0, 33202.0 ], [ 4645.0, 33202.0 ], [ 4663.0, 33202.0 ], [ 4681.0, 33219.0 ], [ 4699.0, 33219.0 ], [ 4717.0, 33219.0 ], [ 4735.0, 33219.0 ], [ 4753.0, 33219.0 ], [ 4771.0, 33219.0 ], [ 4789.0, 33219.0 ], [ 4807.0, 33219.0 ], [ 4825.0, 33219.0 ], [ 4843.0, 33237.0 ], [ 4861.0, 33237.0 ], [ 4878.0, 33219.0 ], [ 4896.0, 33237.0 ], [ 4914.0, 33237.0 ], [ 4932.0, 33237.0 ], [ 4950.0, 33237.0 ], [ 4968.0, 33237.0 ], [ 4986.0, 33237.0 ], [ 5004.0, 33237.0 ], [ 5022.0, 33237.0 ], [ 5040.0, 33237.0 ], [ 5058.0, 33219.0 ], [ 5076.0, 33237.0 ], [ 5094.0, 33237.0 ], [ 5112.0, 33237.0 ], [ 5130.0, 33237.0 ], [ 5148.0, 33237.0 ], [ 5165.0, 33237.0 ], [ 5183.0, 33237.0 ], [ 5201.0, 33237.0 ], [ 5219.0, 33237.0 ], [ 5237.0, 33237.0 ], [ 5255.0, 33237.0 ], [ 5273.0, 33237.0 ], [ 5291.0, 33237.0 ], [ 5309.0, 33237.0 ], [ 5327.0, 33237.0 ], [ 5345.0, 33237.0 ], [ 5363.0, 33237.0 ], [ 5381.0, 33237.0 ], [ 5399.0, 33237.0 ], [ 5417.0, 33237.0 ], [ 5435.0, 33237.0 ], [ 5452.0, 33255.0 ], [ 5470.0, 33255.0 ], [ 5488.0, 33255.0 ], [ 5506.0, 33255.0 ], [ 5524.0, 33273.0 ], [ 5542.0, 33273.0 ], [ 5560.0, 33273.0 ], [ 5560.0, 33255.0 ], [ 5578.0, 33237.0 ], [ 5596.0, 33237.0 ], [ 5614.0, 33255.0 ], [ 5632.0, 33255.0 ], [ 5650.0, 33255.0 ], [ 5632.0, 33237.0 ], [ 5650.0, 33219.0 ], [ 5668.0, 33202.0 ], [ 5686.0, 33202.0 ], [ 5704.0, 33202.0 ], [ 5722.0, 33202.0 ], [ 5739.0, 33219.0 ], [ 5757.0, 33237.0 ], [ 5775.0, 33219.0 ], [ 5793.0, 33219.0 ], [ 5811.0, 33219.0 ], [ 5829.0, 33237.0 ], [ 5829.0, 33255.0 ], [ 5847.0, 33255.0 ], [ 5865.0, 33255.0 ], [ 5883.0, 33255.0 ], [ 5901.0, 33273.0 ], [ 5919.0, 33273.0 ], [ 5937.0, 33255.0 ], [ 5955.0, 33255.0 ], [ 5955.0, 33237.0 ], [ 5973.0, 33219.0 ], [ 5991.0, 33237.0 ], [ 6009.0, 33237.0 ], [ 6026.0, 33219.0 ], [ 6044.0, 33219.0 ], [ 6062.0, 33219.0 ], [ 6080.0, 33219.0 ], [ 6098.0, 33237.0 ], [ 6116.0, 33255.0 ], [ 6134.0, 33273.0 ], [ 6152.0, 33291.0 ], [ 6170.0, 33291.0 ], [ 6188.0, 33291.0 ], [ 6206.0, 33291.0 ], [ 6224.0, 33291.0 ], [ 6242.0, 33291.0 ], [ 6242.0, 33273.0 ], [ 6260.0, 33255.0 ], [ 6278.0, 33255.0 ], [ 6296.0, 33273.0 ], [ 6313.0, 33273.0 ], [ 6331.0, 33255.0 ], [ 6349.0, 33237.0 ], [ 6367.0, 33237.0 ], [ 6385.0, 33237.0 ], [ 6403.0, 33237.0 ], [ 6421.0, 33237.0 ], [ 6439.0, 33237.0 ], [ 6457.0, 33237.0 ], [ 6475.0, 33255.0 ], [ 6493.0, 33255.0 ], [ 6511.0, 33255.0 ], [ 6529.0, 33255.0 ], [ 6547.0, 33255.0 ], [ 6565.0, 33255.0 ], [ 6583.0, 33237.0 ], [ 6600.0, 33237.0 ], [ 6618.0, 33237.0 ], [ 6636.0, 33237.0 ], [ 6654.0, 33237.0 ], [ 6672.0, 33237.0 ], [ 6690.0, 33237.0 ], [ 6708.0, 33237.0 ], [ 6726.0, 33237.0 ], [ 6744.0, 33237.0 ], [ 6762.0, 33237.0 ], [ 6780.0, 33255.0 ], [ 6798.0, 33237.0 ], [ 6816.0, 33237.0 ], [ 6834.0, 33237.0 ], [ 6852.0, 33237.0 ], [ 6870.0, 33255.0 ], [ 6887.0, 33255.0 ], [ 6905.0, 33237.0 ], [ 6923.0, 33255.0 ], [ 6941.0, 33273.0 ], [ 6959.0, 33255.0 ], [ 6977.0, 33255.0 ], [ 6995.0, 33237.0 ], [ 7013.0, 33237.0 ], [ 7031.0, 33255.0 ], [ 7049.0, 33255.0 ], [ 7067.0, 33237.0 ], [ 7085.0, 33237.0 ], [ 7103.0, 33237.0 ], [ 7121.0, 33237.0 ], [ 7139.0, 33237.0 ], [ 7157.0, 33237.0 ], [ 7174.0, 33219.0 ], [ 7192.0, 33219.0 ], [ 7210.0, 33219.0 ], [ 7228.0, 33219.0 ], [ 7246.0, 33237.0 ], [ 7264.0, 33237.0 ], [ 7264.0, 33219.0 ], [ 7282.0, 33202.0 ], [ 7300.0, 33219.0 ], [ 7300.0, 33237.0 ], [ 7318.0, 33237.0 ], [ 7336.0, 33219.0 ], [ 7354.0, 33219.0 ], [ 7372.0, 33219.0 ], [ 7390.0, 33219.0 ], [ 7408.0, 33219.0 ], [ 7426.0, 33219.0 ], [ 7443.0, 33219.0 ], [ 7461.0, 33237.0 ], [ 7479.0, 33219.0 ], [ 7497.0, 33219.0 ], [ 7515.0, 33219.0 ], [ 7533.0, 33202.0 ], [ 7551.0, 33202.0 ], [ 7569.0, 33219.0 ], [ 7587.0, 33237.0 ], [ 7605.0, 33237.0 ], [ 7623.0, 33219.0 ], [ 7641.0, 33219.0 ], [ 7659.0, 33219.0 ], [ 7677.0, 33219.0 ], [ 7695.0, 33202.0 ], [ 7713.0, 33202.0 ], [ 7730.0, 33219.0 ], [ 7748.0, 33219.0 ], [ 7766.0, 33219.0 ], [ 7784.0, 33219.0 ], [ 7802.0, 33219.0 ], [ 7820.0, 33237.0 ], [ 7838.0, 33237.0 ], [ 7856.0, 33219.0 ], [ 7874.0, 33219.0 ], [ 7892.0, 33219.0 ], [ 7910.0, 33237.0 ], [ 7928.0, 33255.0 ], [ 7946.0, 33237.0 ], [ 7964.0, 33237.0 ], [ 7982.0, 33237.0 ], [ 8000.0, 33219.0 ], [ 8017.0, 33219.0 ], [ 8035.0, 33237.0 ], [ 8053.0, 33237.0 ], [ 8071.0, 33219.0 ], [ 8089.0, 33219.0 ], [ 8107.0, 33237.0 ], [ 8125.0, 33237.0 ], [ 8143.0, 33255.0 ], [ 8161.0, 33255.0 ], [ 8179.0, 33237.0 ], [ 8197.0, 33219.0 ], [ 8215.0, 33219.0 ], [ 8233.0, 33202.0 ], [ 8251.0, 33219.0 ], [ 8269.0, 33219.0 ], [ 8287.0, 33219.0 ], [ 8304.0, 33219.0 ], [ 8322.0, 33202.0 ], [ 8340.0, 33202.0 ], [ 8358.0, 33219.0 ], [ 8376.0, 33202.0 ], [ 8394.0, 33202.0 ], [ 8412.0, 33202.0 ], [ 8430.0, 33202.0 ], [ 8448.0, 33202.0 ], [ 8466.0, 33202.0 ], [ 8484.0, 33202.0 ], [ 8502.0, 33202.0 ], [ 8520.0, 33219.0 ], [ 8538.0, 33219.0 ], [ 8556.0, 33202.0 ], [ 8574.0, 33184.0 ], [ 8591.0, 33184.0 ], [ 8609.0, 33202.0 ], [ 8627.0, 33202.0 ], [ 8645.0, 33202.0 ], [ 8663.0, 33219.0 ], [ 8681.0, 33219.0 ], [ 8699.0, 33219.0 ], [ 8717.0, 33219.0 ], [ 8735.0, 33219.0 ], [ 8753.0, 33219.0 ], [ 8771.0, 33219.0 ], [ 8789.0, 33219.0 ], [ 8807.0, 33202.0 ], [ 8825.0, 33202.0 ], [ 8843.0, 33219.0 ], [ 8861.0, 33202.0 ], [ 8878.0, 33184.0 ], [ 8896.0, 33202.0 ], [ 8914.0, 33202.0 ], [ 8932.0, 33202.0 ], [ 8950.0, 33202.0 ], [ 8968.0, 33202.0 ], [ 8986.0, 33202.0 ], [ 9004.0, 33202.0 ], [ 9022.0, 33202.0 ], [ 9040.0, 33202.0 ], [ 9058.0, 33202.0 ], [ 9076.0, 33202.0 ], [ 9094.0, 33202.0 ], [ 9112.0, 33184.0 ], [ 9130.0, 33184.0 ], [ 9148.0, 33184.0 ], [ 9165.0, 33184.0 ], [ 9183.0, 33184.0 ], [ 9201.0, 33184.0 ], [ 9219.0, 33184.0 ], [ 9237.0, 33184.0 ], [ 9255.0, 33184.0 ], [ 9273.0, 33184.0 ], [ 9291.0, 33166.0 ], [ 9309.0, 33166.0 ], [ 9327.0, 33166.0 ], [ 9345.0, 33148.0 ], [ 9363.0, 33166.0 ], [ 9363.0, 33184.0 ], [ 9381.0, 33184.0 ], [ 9399.0, 33184.0 ], [ 9417.0, 33184.0 ], [ 9435.0, 33184.0 ], [ 9452.0, 33184.0 ], [ 9470.0, 33184.0 ], [ 9488.0, 33184.0 ], [ 9506.0, 33184.0 ], [ 9524.0, 33184.0 ], [ 9542.0, 33184.0 ], [ 9560.0, 33184.0 ], [ 9578.0, 33202.0 ], [ 9596.0, 33202.0 ], [ 9614.0, 33202.0 ], [ 9632.0, 33202.0 ], [ 9650.0, 33202.0 ], [ 9668.0, 33202.0 ], [ 9686.0, 33202.0 ], [ 9704.0, 33184.0 ], [ 9722.0, 33184.0 ], [ 9739.0, 33184.0 ], [ 9757.0, 33184.0 ], [ 9775.0, 33184.0 ], [ 9793.0, 33184.0 ], [ 9811.0, 33184.0 ], [ 9829.0, 33184.0 ], [ 9847.0, 33184.0 ], [ 9865.0, 33184.0 ], [ 9883.0, 33184.0 ], [ 9901.0, 33184.0 ], [ 9919.0, 33184.0 ], [ 9937.0, 33184.0 ], [ 9955.0, 33202.0 ], [ 9973.0, 33184.0 ], [ 9991.0, 33202.0 ], [ 10009.0, 33184.0 ], [ 10026.0, 33184.0 ], [ 10044.0, 33184.0 ], [ 10062.0, 33184.0 ], [ 10080.0, 33184.0 ], [ 10098.0, 33184.0 ], [ 10116.0, 33184.0 ], [ 10134.0, 33184.0 ], [ 10152.0, 33202.0 ], [ 10170.0, 33184.0 ], [ 10188.0, 33202.0 ], [ 10206.0, 33202.0 ], [ 10224.0, 33202.0 ], [ 10242.0, 33202.0 ], [ 10260.0, 33219.0 ], [ 10278.0, 33237.0 ], [ 10296.0, 33237.0 ], [ 10296.0, 33219.0 ], [ 10313.0, 33202.0 ], [ 10331.0, 33202.0 ], [ 10349.0, 33202.0 ], [ 10367.0, 33202.0 ], [ 10385.0, 33202.0 ], [ 10403.0, 33202.0 ], [ 10421.0, 33219.0 ], [ 10439.0, 33219.0 ], [ 10457.0, 33219.0 ], [ 10475.0, 33219.0 ], [ 10493.0, 33219.0 ], [ 10511.0, 33219.0 ], [ 10529.0, 33219.0 ], [ 10547.0, 33219.0 ], [ 10565.0, 33219.0 ], [ 10583.0, 33219.0 ], [ 10600.0, 33219.0 ], [ 10618.0, 33202.0 ], [ 10636.0, 33219.0 ], [ 10654.0, 33237.0 ], [ 10672.0, 33219.0 ], [ 10690.0, 33219.0 ], [ 10708.0, 33219.0 ], [ 10726.0, 33219.0 ], [ 10744.0, 33219.0 ], [ 10762.0, 33219.0 ], [ 10780.0, 33219.0 ], [ 10798.0, 33219.0 ], [ 10816.0, 33237.0 ], [ 10834.0, 33237.0 ], [ 10852.0, 33219.0 ], [ 10870.0, 33237.0 ], [ 10887.0, 33237.0 ], [ 10905.0, 33237.0 ], [ 10923.0, 33237.0 ], [ 10941.0, 33219.0 ], [ 10959.0, 33237.0 ], [ 10977.0, 33237.0 ], [ 10995.0, 33237.0 ], [ 11013.0, 33255.0 ], [ 11031.0, 33255.0 ], [ 11013.0, 33237.0 ], [ 11031.0, 33219.0 ], [ 11049.0, 33219.0 ], [ 11067.0, 33237.0 ], [ 11085.0, 33237.0 ], [ 11103.0, 33237.0 ], [ 11121.0, 33237.0 ], [ 11139.0, 33237.0 ], [ 11157.0, 33237.0 ], [ 11174.0, 33237.0 ], [ 11192.0, 33237.0 ], [ 11210.0, 33237.0 ], [ 11228.0, 33219.0 ], [ 11246.0, 33237.0 ], [ 11264.0, 33237.0 ], [ 11282.0, 33237.0 ], [ 11300.0, 33237.0 ], [ 11318.0, 33237.0 ], [ 11336.0, 33237.0 ], [ 11354.0, 33237.0 ], [ 11372.0, 33255.0 ], [ 11390.0, 33237.0 ], [ 11408.0, 33237.0 ], [ 11426.0, 33237.0 ], [ 11444.0, 33255.0 ], [ 11461.0, 33237.0 ], [ 11479.0, 33237.0 ], [ 11497.0, 33237.0 ], [ 11515.0, 33237.0 ], [ 11533.0, 33237.0 ], [ 11551.0, 33237.0 ], [ 11569.0, 33237.0 ], [ 11587.0, 33237.0 ], [ 11605.0, 33237.0 ], [ 11623.0, 33237.0 ], [ 11641.0, 33219.0 ], [ 11659.0, 33219.0 ], [ 11677.0, 33237.0 ], [ 11695.0, 33237.0 ], [ 11713.0, 33255.0 ], [ 11731.0, 33255.0 ], [ 11748.0, 33255.0 ], [ 11766.0, 33255.0 ], [ 11784.0, 33237.0 ], [ 11802.0, 33237.0 ], [ 11820.0, 33237.0 ], [ 11838.0, 33237.0 ], [ 11856.0, 33237.0 ], [ 11874.0, 33219.0 ], [ 11892.0, 33237.0 ], [ 11910.0, 33237.0 ], [ 11928.0, 33237.0 ], [ 11946.0, 33237.0 ], [ 11964.0, 33237.0 ], [ 11982.0, 33237.0 ], [ 12000.0, 33237.0 ], [ 12018.0, 33237.0 ], [ 12035.0, 33237.0 ], [ 12053.0, 33237.0 ], [ 12071.0, 33237.0 ], [ 12089.0, 33237.0 ], [ 12107.0, 33237.0 ], [ 12125.0, 33237.0 ], [ 12143.0, 33237.0 ], [ 12161.0, 33255.0 ], [ 12179.0, 33255.0 ], [ 12197.0, 33237.0 ], [ 12215.0, 33237.0 ], [ 12233.0, 33237.0 ], [ 12251.0, 33237.0 ], [ 12269.0, 33237.0 ], [ 12287.0, 33237.0 ], [ 12305.0, 33237.0 ], [ 12322.0, 33237.0 ], [ 12340.0, 33237.0 ], [ 12358.0, 33237.0 ], [ 12376.0, 33237.0 ], [ 12394.0, 33237.0 ], [ 12412.0, 33237.0 ], [ 12430.0, 33237.0 ], [ 12448.0, 33237.0 ], [ 12466.0, 33237.0 ], [ 12484.0, 33237.0 ], [ 12502.0, 33237.0 ], [ 12520.0, 33237.0 ], [ 12538.0, 33237.0 ], [ 12556.0, 33237.0 ], [ 12574.0, 33237.0 ], [ 12592.0, 33237.0 ], [ 12609.0, 33237.0 ], [ 12627.0, 33237.0 ], [ 12645.0, 33237.0 ], [ 12663.0, 33237.0 ], [ 12681.0, 33237.0 ], [ 12699.0, 33237.0 ], [ 12717.0, 33237.0 ], [ 12735.0, 33255.0 ], [ 12753.0, 33255.0 ], [ 12771.0, 33255.0 ], [ 12789.0, 33237.0 ], [ 12807.0, 33237.0 ], [ 12825.0, 33237.0 ], [ 12843.0, 33255.0 ], [ 12861.0, 33255.0 ], [ 12879.0, 33237.0 ], [ 12896.0, 33237.0 ], [ 12914.0, 33237.0 ], [ 12932.0, 33255.0 ], [ 12950.0, 33255.0 ], [ 12968.0, 33237.0 ], [ 12986.0, 33237.0 ], [ 13004.0, 33237.0 ], [ 13022.0, 33255.0 ], [ 13040.0, 33255.0 ], [ 13058.0, 33255.0 ], [ 13076.0, 33255.0 ], [ 13094.0, 33255.0 ], [ 13112.0, 33237.0 ], [ 13130.0, 33237.0 ], [ 13148.0, 33255.0 ], [ 13166.0, 33255.0 ], [ 13183.0, 33237.0 ], [ 13201.0, 33237.0 ], [ 13219.0, 33255.0 ], [ 13237.0, 33255.0 ], [ 13255.0, 33255.0 ], [ 13273.0, 33255.0 ], [ 13291.0, 33237.0 ], [ 13309.0, 33237.0 ], [ 13327.0, 33237.0 ], [ 13345.0, 33237.0 ], [ 13363.0, 33237.0 ], [ 13381.0, 33237.0 ], [ 13399.0, 33237.0 ], [ 13417.0, 33237.0 ], [ 13435.0, 33237.0 ], [ 13453.0, 33237.0 ], [ 13470.0, 33237.0 ], [ 13488.0, 33237.0 ], [ 13506.0, 33237.0 ], [ 13524.0, 33237.0 ], [ 13542.0, 33237.0 ], [ 13560.0, 33237.0 ], [ 13578.0, 33237.0 ], [ 13596.0, 33237.0 ], [ 13614.0, 33237.0 ], [ 13632.0, 33237.0 ], [ 13650.0, 33237.0 ], [ 13668.0, 33237.0 ], [ 13686.0, 33237.0 ], [ 13704.0, 33237.0 ], [ 13722.0, 33237.0 ], [ 13740.0, 33237.0 ], [ 13757.0, 33237.0 ], [ 13775.0, 33237.0 ], [ 13793.0, 33237.0 ], [ 13811.0, 33219.0 ], [ 13829.0, 33219.0 ], [ 13847.0, 33237.0 ], [ 13865.0, 33237.0 ], [ 13883.0, 33219.0 ], [ 13901.0, 33237.0 ], [ 13919.0, 33237.0 ], [ 13937.0, 33237.0 ], [ 13955.0, 33237.0 ], [ 13973.0, 33237.0 ], [ 13991.0, 33237.0 ], [ 14009.0, 33237.0 ], [ 14027.0, 33237.0 ], [ 14044.0, 33237.0 ], [ 14062.0, 33237.0 ], [ 14080.0, 33219.0 ], [ 14098.0, 33219.0 ], [ 14116.0, 33237.0 ], [ 14134.0, 33237.0 ], [ 14152.0, 33237.0 ], [ 14170.0, 33219.0 ], [ 14188.0, 33237.0 ], [ 14206.0, 33237.0 ], [ 14224.0, 33237.0 ], [ 14242.0, 33237.0 ], [ 14260.0, 33237.0 ], [ 14278.0, 33237.0 ], [ 14296.0, 33219.0 ], [ 14296.0, 33202.0 ], [ 14314.0, 33184.0 ], [ 14314.0, 33166.0 ], [ 14314.0, 33148.0 ], [ 14314.0, 33130.0 ], [ 14331.0, 33112.0 ], [ 14331.0, 33094.0 ], [ 14331.0, 33076.0 ], [ 14331.0, 33058.0 ], [ 14349.0, 33040.0 ], [ 14349.0, 33022.0 ], [ 14349.0, 33004.0 ], [ 14349.0, 32986.0 ], [ 14349.0, 32968.0 ], [ 14349.0, 32950.0 ], [ 14367.0, 32932.0 ], [ 14367.0, 32915.0 ], [ 14367.0, 32897.0 ], [ 14367.0, 32879.0 ], [ 14367.0, 32861.0 ], [ 14367.0, 32843.0 ], [ 14385.0, 32825.0 ], [ 14385.0, 32807.0 ], [ 14385.0, 32789.0 ], [ 14385.0, 32771.0 ], [ 14385.0, 32753.0 ], [ 14403.0, 32735.0 ], [ 14403.0, 32717.0 ], [ 14403.0, 32699.0 ], [ 14403.0, 32681.0 ], [ 14403.0, 32663.0 ], [ 14421.0, 32645.0 ], [ 14421.0, 32628.0 ], [ 14421.0, 32610.0 ], [ 14421.0, 32592.0 ], [ 14439.0, 32574.0 ], [ 14439.0, 32556.0 ], [ 14439.0, 32538.0 ], [ 14439.0, 32520.0 ], [ 14457.0, 32502.0 ], [ 14457.0, 32484.0 ], [ 14457.0, 32466.0 ], [ 14457.0, 32448.0 ], [ 14475.0, 32430.0 ], [ 14475.0, 32412.0 ], [ 14475.0, 32394.0 ], [ 14475.0, 32376.0 ], [ 14475.0, 32358.0 ], [ 14493.0, 32341.0 ], [ 14493.0, 32323.0 ], [ 14493.0, 32305.0 ], [ 14493.0, 32287.0 ], [ 14493.0, 32269.0 ], [ 14511.0, 32251.0 ], [ 14511.0, 32233.0 ], [ 14511.0, 32215.0 ], [ 14511.0, 32197.0 ], [ 14529.0, 32179.0 ], [ 14529.0, 32161.0 ], [ 14529.0, 32143.0 ], [ 14529.0, 32125.0 ], [ 14529.0, 32107.0 ], [ 14529.0, 32089.0 ], [ 14547.0, 32071.0 ], [ 14547.0, 32054.0 ], [ 14547.0, 32036.0 ], [ 14547.0, 32018.0 ], [ 14565.0, 32000.0 ], [ 14565.0, 31982.0 ], [ 14565.0, 31964.0 ], [ 14565.0, 31946.0 ], [ 14565.0, 31928.0 ], [ 14565.0, 31910.0 ], [ 14565.0, 31892.0 ], [ 14565.0, 31874.0 ], [ 14565.0, 31856.0 ], [ 14565.0, 31838.0 ], [ 14565.0, 31820.0 ], [ 14565.0, 31802.0 ], [ 14565.0, 31784.0 ], [ 14565.0, 31767.0 ], [ 14565.0, 31749.0 ], [ 14565.0, 31731.0 ], [ 14565.0, 31713.0 ], [ 14565.0, 31695.0 ], [ 14565.0, 31677.0 ], [ 14565.0, 31659.0 ], [ 14565.0, 31641.0 ], [ 14565.0, 31623.0 ], [ 14565.0, 31605.0 ], [ 14565.0, 31587.0 ], [ 14565.0, 31569.0 ], [ 14565.0, 31551.0 ], [ 14565.0, 31533.0 ], [ 14565.0, 31515.0 ], [ 14565.0, 31497.0 ], [ 14565.0, 31480.0 ], [ 14565.0, 31462.0 ], [ 14565.0, 31444.0 ], [ 14565.0, 31426.0 ], [ 14565.0, 31408.0 ], [ 14565.0, 31390.0 ], [ 14565.0, 31372.0 ], [ 14565.0, 31354.0 ], [ 14565.0, 31336.0 ], [ 14565.0, 31318.0 ], [ 14565.0, 31300.0 ], [ 14565.0, 31282.0 ], [ 14565.0, 31264.0 ], [ 14565.0, 31246.0 ], [ 14565.0, 31228.0 ], [ 14583.0, 31210.0 ], [ 14601.0, 31210.0 ], [ 14618.0, 31210.0 ], [ 14636.0, 31210.0 ], [ 14654.0, 31210.0 ], [ 14672.0, 31210.0 ], [ 14690.0, 31210.0 ], [ 14708.0, 31210.0 ], [ 14726.0, 31210.0 ], [ 14744.0, 31210.0 ], [ 14744.0, 31193.0 ], [ 14744.0, 31175.0 ], [ 14744.0, 31157.0 ], [ 14744.0, 31139.0 ], [ 14762.0, 31121.0 ], [ 14762.0, 31103.0 ], [ 14762.0, 31085.0 ], [ 14762.0, 31067.0 ], [ 14762.0, 31049.0 ], [ 14762.0, 31031.0 ], [ 14780.0, 31013.0 ], [ 14780.0, 30995.0 ], [ 14780.0, 30977.0 ], [ 14780.0, 30959.0 ], [ 14798.0, 30941.0 ], [ 14798.0, 30923.0 ], [ 14798.0, 30906.0 ], [ 14816.0, 30888.0 ], [ 14816.0, 30870.0 ], [ 14816.0, 30852.0 ], [ 14816.0, 30834.0 ], [ 14834.0, 30816.0 ], [ 14834.0, 30798.0 ], [ 14834.0, 30780.0 ], [ 14852.0, 30762.0 ], [ 14852.0, 30744.0 ], [ 14852.0, 30726.0 ], [ 14852.0, 30708.0 ], [ 14852.0, 30690.0 ], [ 14870.0, 30672.0 ], [ 14870.0, 30654.0 ], [ 14870.0, 30636.0 ], [ 14887.0, 30619.0 ], [ 14887.0, 30601.0 ], [ 14887.0, 30583.0 ], [ 14887.0, 30565.0 ], [ 14905.0, 30547.0 ], [ 14905.0, 30529.0 ], [ 14905.0, 30511.0 ], [ 14905.0, 30493.0 ], [ 14923.0, 30475.0 ], [ 14923.0, 30457.0 ], [ 14923.0, 30439.0 ], [ 14923.0, 30421.0 ], [ 14941.0, 30403.0 ], [ 14941.0, 30385.0 ], [ 14941.0, 30367.0 ], [ 14941.0, 30349.0 ], [ 14941.0, 30332.0 ], [ 14959.0, 30314.0 ], [ 14959.0, 30296.0 ], [ 14959.0, 30278.0 ], [ 14959.0, 30260.0 ], [ 14959.0, 30242.0 ], [ 14977.0, 30224.0 ], [ 14977.0, 30206.0 ], [ 14977.0, 30188.0 ], [ 14995.0, 30170.0 ], [ 14995.0, 30152.0 ], [ 14995.0, 30134.0 ], [ 14995.0, 30116.0 ], [ 14995.0, 30098.0 ], [ 15013.0, 30080.0 ], [ 15013.0, 30062.0 ], [ 15013.0, 30045.0 ], [ 15013.0, 30027.0 ], [ 15013.0, 30009.0 ], [ 15031.0, 29991.0 ], [ 15031.0, 29973.0 ], [ 15031.0, 29955.0 ], [ 15031.0, 29937.0 ], [ 15031.0, 29919.0 ], [ 15031.0, 29901.0 ], [ 15049.0, 29883.0 ], [ 15049.0, 29865.0 ], [ 15049.0, 29847.0 ], [ 15049.0, 29829.0 ], [ 15049.0, 29811.0 ], [ 15067.0, 29793.0 ], [ 15067.0, 29775.0 ], [ 15067.0, 29758.0 ], [ 15067.0, 29740.0 ], [ 15067.0, 29722.0 ], [ 15067.0, 29704.0 ], [ 15085.0, 29686.0 ], [ 15085.0, 29668.0 ], [ 15085.0, 29650.0 ], [ 15085.0, 29632.0 ], [ 15085.0, 29614.0 ], [ 15085.0, 29596.0 ], [ 15085.0, 29578.0 ], [ 15103.0, 29560.0 ], [ 15103.0, 29542.0 ], [ 15103.0, 29524.0 ], [ 15103.0, 29506.0 ], [ 15103.0, 29488.0 ], [ 15103.0, 29471.0 ], [ 15103.0, 29453.0 ], [ 15121.0, 29435.0 ], [ 15121.0, 29417.0 ], [ 15121.0, 29399.0 ], [ 15121.0, 29381.0 ], [ 15121.0, 29363.0 ], [ 15121.0, 29345.0 ], [ 15121.0, 29327.0 ], [ 15121.0, 29309.0 ], [ 15121.0, 29291.0 ], [ 15139.0, 29273.0 ], [ 15139.0, 29255.0 ], [ 15139.0, 29237.0 ], [ 15139.0, 29219.0 ], [ 15139.0, 29202.0 ], [ 15139.0, 29184.0 ], [ 15139.0, 29166.0 ], [ 15157.0, 29148.0 ], [ 15157.0, 29130.0 ], [ 15157.0, 29112.0 ], [ 15157.0, 29094.0 ], [ 15157.0, 29076.0 ], [ 15157.0, 29058.0 ], [ 15157.0, 29040.0 ], [ 15174.0, 29022.0 ], [ 15174.0, 29004.0 ], [ 15174.0, 28986.0 ], [ 15174.0, 28968.0 ], [ 15174.0, 28950.0 ], [ 15174.0, 28932.0 ], [ 15174.0, 28915.0 ], [ 15174.0, 28897.0 ], [ 15174.0, 28879.0 ], [ 15174.0, 28861.0 ], [ 15192.0, 28843.0 ], [ 15192.0, 28825.0 ], [ 15192.0, 28807.0 ], [ 15192.0, 28789.0 ], [ 15192.0, 28771.0 ], [ 15192.0, 28753.0 ], [ 15192.0, 28735.0 ], [ 15192.0, 28717.0 ], [ 15210.0, 28699.0 ], [ 15210.0, 28681.0 ], [ 15210.0, 28663.0 ], [ 15210.0, 28645.0 ], [ 15210.0, 28628.0 ], [ 15210.0, 28610.0 ], [ 15210.0, 28592.0 ], [ 15210.0, 28574.0 ], [ 15210.0, 28556.0 ], [ 15210.0, 28538.0 ], [ 15210.0, 28520.0 ], [ 15210.0, 28502.0 ], [ 15210.0, 28484.0 ], [ 15210.0, 28466.0 ], [ 15228.0, 28448.0 ], [ 15228.0, 28430.0 ], [ 15228.0, 28412.0 ], [ 15228.0, 28394.0 ], [ 15228.0, 28376.0 ], [ 15228.0, 28358.0 ], [ 15228.0, 28341.0 ], [ 15228.0, 28323.0 ], [ 15228.0, 28305.0 ], [ 15228.0, 28287.0 ], [ 15228.0, 28269.0 ], [ 15228.0, 28251.0 ], [ 15228.0, 28233.0 ], [ 15228.0, 28215.0 ], [ 15228.0, 28197.0 ], [ 15228.0, 28179.0 ], [ 15228.0, 28161.0 ], [ 15228.0, 28143.0 ], [ 15228.0, 28125.0 ], [ 15228.0, 28107.0 ], [ 15246.0, 28089.0 ], [ 15246.0, 28071.0 ], [ 15246.0, 28054.0 ], [ 15246.0, 28036.0 ], [ 15246.0, 28018.0 ], [ 15246.0, 28000.0 ], [ 15228.0, 27982.0 ], [ 15228.0, 27964.0 ], [ 15228.0, 27946.0 ], [ 15228.0, 27928.0 ], [ 15228.0, 27910.0 ], [ 15228.0, 27892.0 ], [ 15228.0, 27874.0 ], [ 15228.0, 27856.0 ], [ 15228.0, 27838.0 ], [ 15228.0, 27820.0 ], [ 15228.0, 27802.0 ], [ 15228.0, 27784.0 ], [ 15228.0, 27767.0 ], [ 15228.0, 27749.0 ], [ 15228.0, 27731.0 ], [ 15228.0, 27713.0 ], [ 15228.0, 27695.0 ], [ 15228.0, 27677.0 ], [ 15228.0, 27659.0 ], [ 15228.0, 27641.0 ], [ 15228.0, 27623.0 ], [ 15228.0, 27605.0 ], [ 15228.0, 27587.0 ], [ 15228.0, 27569.0 ], [ 15228.0, 27551.0 ], [ 15228.0, 27533.0 ], [ 15228.0, 27515.0 ], [ 15228.0, 27497.0 ], [ 15228.0, 27480.0 ], [ 15228.0, 27462.0 ], [ 15228.0, 27444.0 ], [ 15228.0, 27426.0 ], [ 15228.0, 27408.0 ], [ 15228.0, 27390.0 ], [ 15228.0, 27372.0 ], [ 15228.0, 27354.0 ], [ 15228.0, 27336.0 ], [ 15210.0, 27318.0 ], [ 15210.0, 27300.0 ], [ 15210.0, 27282.0 ], [ 15210.0, 27264.0 ], [ 15210.0, 27246.0 ], [ 15210.0, 27228.0 ], [ 15210.0, 27210.0 ], [ 15210.0, 27193.0 ], [ 15210.0, 27175.0 ], [ 15210.0, 27157.0 ], [ 15210.0, 27139.0 ], [ 15210.0, 27121.0 ], [ 15210.0, 27103.0 ], [ 15192.0, 27085.0 ], [ 15192.0, 27067.0 ], [ 15192.0, 27049.0 ], [ 15192.0, 27031.0 ], [ 15192.0, 27013.0 ], [ 15192.0, 26995.0 ], [ 15192.0, 26977.0 ], [ 15192.0, 26959.0 ], [ 15192.0, 26941.0 ], [ 15192.0, 26923.0 ], [ 15192.0, 26906.0 ], [ 15174.0, 26888.0 ], [ 15174.0, 26870.0 ], [ 15174.0, 26852.0 ], [ 15174.0, 26834.0 ], [ 15174.0, 26816.0 ], [ 15174.0, 26798.0 ], [ 15174.0, 26780.0 ], [ 15157.0, 26762.0 ], [ 15157.0, 26744.0 ], [ 15157.0, 26726.0 ], [ 15157.0, 26708.0 ], [ 15157.0, 26690.0 ], [ 15157.0, 26672.0 ], [ 15139.0, 26654.0 ], [ 15139.0, 26636.0 ], [ 15139.0, 26619.0 ], [ 15139.0, 26601.0 ], [ 15139.0, 26583.0 ], [ 15139.0, 26565.0 ], [ 15121.0, 26547.0 ], [ 15121.0, 26529.0 ], [ 15121.0, 26511.0 ], [ 15121.0, 26493.0 ], [ 15121.0, 26475.0 ], [ 15121.0, 26457.0 ], [ 15103.0, 26439.0 ], [ 15103.0, 26421.0 ], [ 15103.0, 26403.0 ], [ 15085.0, 26385.0 ], [ 15085.0, 26367.0 ], [ 15085.0, 26349.0 ], [ 15085.0, 26332.0 ], [ 15067.0, 26314.0 ], [ 15067.0, 26296.0 ], [ 15067.0, 26278.0 ], [ 15067.0, 26260.0 ], [ 15049.0, 26242.0 ], [ 15049.0, 26224.0 ], [ 15049.0, 26206.0 ], [ 15049.0, 26188.0 ], [ 15031.0, 26170.0 ], [ 15031.0, 26152.0 ], [ 15031.0, 26134.0 ], [ 15013.0, 26116.0 ], [ 15013.0, 26098.0 ], [ 15013.0, 26080.0 ], [ 15013.0, 26062.0 ], [ 14995.0, 26045.0 ], [ 14995.0, 26027.0 ], [ 14995.0, 26009.0 ], [ 14977.0, 25991.0 ], [ 14977.0, 25973.0 ], [ 14977.0, 25955.0 ], [ 14959.0, 25937.0 ], [ 14959.0, 25919.0 ], [ 14959.0, 25901.0 ], [ 14959.0, 25883.0 ], [ 14941.0, 25865.0 ], [ 14941.0, 25847.0 ], [ 14923.0, 25829.0 ], [ 14923.0, 25811.0 ], [ 14923.0, 25793.0 ], [ 14905.0, 25775.0 ], [ 14905.0, 25758.0 ], [ 14905.0, 25740.0 ], [ 14887.0, 25722.0 ], [ 14887.0, 25704.0 ], [ 14887.0, 25686.0 ], [ 14870.0, 25668.0 ], [ 14870.0, 25650.0 ], [ 14870.0, 25632.0 ], [ 14852.0, 25614.0 ], [ 14852.0, 25596.0 ], [ 14834.0, 25578.0 ], [ 14834.0, 25560.0 ], [ 14816.0, 25542.0 ], [ 14816.0, 25524.0 ], [ 14798.0, 25506.0 ], [ 14798.0, 25488.0 ], [ 14780.0, 25471.0 ], [ 14780.0, 25453.0 ], [ 14780.0, 25435.0 ], [ 14762.0, 25417.0 ], [ 14762.0, 25399.0 ], [ 14744.0, 25381.0 ], [ 14744.0, 25363.0 ], [ 14744.0, 25345.0 ], [ 14726.0, 25327.0 ], [ 14726.0, 25309.0 ], [ 14726.0, 25291.0 ], [ 14708.0, 25273.0 ], [ 14708.0, 25255.0 ], [ 14690.0, 25237.0 ], [ 14690.0, 25219.0 ], [ 14690.0, 25201.0 ], [ 14672.0, 25184.0 ], [ 14672.0, 25166.0 ], [ 14672.0, 25148.0 ], [ 14654.0, 25130.0 ], [ 14654.0, 25112.0 ], [ 14636.0, 25094.0 ], [ 14636.0, 25076.0 ], [ 14636.0, 25058.0 ], [ 14618.0, 25040.0 ], [ 14618.0, 25022.0 ], [ 14601.0, 25004.0 ], [ 14601.0, 24986.0 ], [ 14583.0, 24986.0 ], [ 14565.0, 24968.0 ], [ 14565.0, 24950.0 ], [ 14565.0, 24932.0 ], [ 14565.0, 24914.0 ], [ 14565.0, 24897.0 ], [ 14565.0, 24879.0 ], [ 14547.0, 24861.0 ], [ 14547.0, 24843.0 ], [ 14529.0, 24825.0 ], [ 14529.0, 24807.0 ], [ 14511.0, 24789.0 ], [ 14511.0, 24771.0 ], [ 14493.0, 24753.0 ], [ 14493.0, 24735.0 ], [ 14475.0, 24717.0 ], [ 14475.0, 24699.0 ], [ 14457.0, 24681.0 ], [ 14457.0, 24663.0 ], [ 14439.0, 24645.0 ], [ 14439.0, 24627.0 ], [ 14421.0, 24610.0 ], [ 14403.0, 24592.0 ], [ 14403.0, 24574.0 ], [ 14385.0, 24556.0 ], [ 14385.0, 24538.0 ], [ 14367.0, 24520.0 ], [ 14367.0, 24502.0 ], [ 14349.0, 24484.0 ], [ 14349.0, 24466.0 ], [ 14331.0, 24448.0 ], [ 14314.0, 24430.0 ], [ 14314.0, 24412.0 ], [ 14296.0, 24394.0 ], [ 14296.0, 24376.0 ], [ 14278.0, 24358.0 ], [ 14278.0, 24340.0 ], [ 14260.0, 24323.0 ], [ 14260.0, 24305.0 ], [ 14242.0, 24287.0 ], [ 14242.0, 24269.0 ], [ 14224.0, 24287.0 ], [ 14206.0, 24287.0 ], [ 14188.0, 24269.0 ], [ 14188.0, 24251.0 ], [ 14188.0, 24233.0 ], [ 14206.0, 24215.0 ], [ 14206.0, 24197.0 ], [ 14206.0, 24179.0 ], [ 14188.0, 24161.0 ], [ 14188.0, 24143.0 ], [ 14170.0, 24125.0 ], [ 14170.0, 24107.0 ], [ 14170.0, 24089.0 ], [ 14152.0, 24071.0 ], [ 14152.0, 24053.0 ], [ 14134.0, 24036.0 ], [ 14116.0, 24018.0 ], [ 14116.0, 24000.0 ], [ 14098.0, 23982.0 ], [ 14098.0, 23964.0 ], [ 14080.0, 23946.0 ], [ 14062.0, 23928.0 ], [ 14062.0, 23910.0 ], [ 14044.0, 23892.0 ], [ 14044.0, 23874.0 ], [ 14027.0, 23856.0 ], [ 14027.0, 23838.0 ], [ 14009.0, 23820.0 ], [ 13991.0, 23802.0 ], [ 13991.0, 23784.0 ], [ 13973.0, 23766.0 ], [ 13973.0, 23749.0 ], [ 13955.0, 23731.0 ], [ 13955.0, 23713.0 ], [ 13937.0, 23695.0 ], [ 13919.0, 23677.0 ], [ 13901.0, 23659.0 ], [ 13901.0, 23641.0 ], [ 13883.0, 23623.0 ], [ 13883.0, 23605.0 ], [ 13865.0, 23587.0 ], [ 13865.0, 23569.0 ], [ 13847.0, 23551.0 ], [ 13829.0, 23533.0 ], [ 13829.0, 23515.0 ], [ 13811.0, 23497.0 ], [ 13811.0, 23479.0 ], [ 13793.0, 23462.0 ], [ 13793.0, 23444.0 ], [ 13775.0, 23426.0 ], [ 13757.0, 23408.0 ], [ 13757.0, 23390.0 ], [ 13740.0, 23372.0 ], [ 13722.0, 23354.0 ], [ 13722.0, 23336.0 ], [ 13704.0, 23318.0 ], [ 13686.0, 23300.0 ], [ 13686.0, 23282.0 ], [ 13668.0, 23264.0 ], [ 13650.0, 23246.0 ], [ 13632.0, 23228.0 ], [ 13632.0, 23210.0 ], [ 13614.0, 23192.0 ], [ 13614.0, 23175.0 ], [ 13596.0, 23157.0 ], [ 13596.0, 23139.0 ], [ 13578.0, 23121.0 ], [ 13560.0, 23103.0 ], [ 13560.0, 23085.0 ], [ 13542.0, 23067.0 ], [ 13524.0, 23049.0 ], [ 13506.0, 23031.0 ], [ 13506.0, 23013.0 ], [ 13506.0, 22995.0 ], [ 13488.0, 22977.0 ], [ 13470.0, 22959.0 ], [ 13470.0, 22941.0 ], [ 13453.0, 22923.0 ], [ 13435.0, 22905.0 ], [ 13417.0, 22888.0 ], [ 13417.0, 22870.0 ], [ 13399.0, 22852.0 ], [ 13381.0, 22834.0 ], [ 13381.0, 22816.0 ], [ 13363.0, 22798.0 ], [ 13345.0, 22780.0 ], [ 13345.0, 22762.0 ], [ 13327.0, 22744.0 ], [ 13309.0, 22726.0 ], [ 13291.0, 22708.0 ], [ 13291.0, 22690.0 ], [ 13273.0, 22672.0 ], [ 13255.0, 22654.0 ], [ 13255.0, 22636.0 ], [ 13237.0, 22618.0 ], [ 13219.0, 22601.0 ], [ 13201.0, 22583.0 ], [ 13183.0, 22565.0 ], [ 13183.0, 22547.0 ], [ 13166.0, 22529.0 ], [ 13148.0, 22511.0 ], [ 13130.0, 22493.0 ], [ 13112.0, 22475.0 ], [ 13094.0, 22475.0 ], [ 13076.0, 22475.0 ], [ 13058.0, 22475.0 ], [ 13040.0, 22457.0 ], [ 13040.0, 22439.0 ], [ 13058.0, 22421.0 ], [ 13058.0, 22403.0 ], [ 13040.0, 22385.0 ], [ 13040.0, 22367.0 ], [ 13022.0, 22349.0 ], [ 13022.0, 22331.0 ], [ 13004.0, 22314.0 ], [ 12986.0, 22296.0 ], [ 12986.0, 22278.0 ], [ 12968.0, 22260.0 ], [ 12950.0, 22242.0 ], [ 12932.0, 22224.0 ], [ 12932.0, 22206.0 ], [ 12914.0, 22188.0 ], [ 12896.0, 22170.0 ], [ 12879.0, 22152.0 ], [ 12861.0, 22134.0 ], [ 12843.0, 22116.0 ], [ 12825.0, 22098.0 ], [ 12807.0, 22080.0 ], [ 12807.0, 22062.0 ], [ 12789.0, 22045.0 ], [ 12771.0, 22027.0 ], [ 12753.0, 22009.0 ], [ 12735.0, 21991.0 ], [ 12717.0, 21973.0 ], [ 12699.0, 21955.0 ], [ 12681.0, 21937.0 ], [ 12663.0, 21919.0 ], [ 12645.0, 21901.0 ], [ 12645.0, 21883.0 ], [ 12627.0, 21865.0 ], [ 12609.0, 21865.0 ], [ 12592.0, 21865.0 ], [ 12574.0, 21865.0 ], [ 12556.0, 21865.0 ], [ 12538.0, 21865.0 ], [ 12520.0, 21865.0 ], [ 12502.0, 21865.0 ], [ 12484.0, 21865.0 ], [ 12466.0, 21847.0 ], [ 12466.0, 21829.0 ], [ 12466.0, 21811.0 ], [ 12466.0, 21793.0 ], [ 12466.0, 21775.0 ], [ 12466.0, 21758.0 ], [ 12466.0, 21740.0 ], [ 12466.0, 21722.0 ], [ 12466.0, 21704.0 ], [ 12466.0, 21686.0 ], [ 12448.0, 21668.0 ], [ 12430.0, 21650.0 ], [ 12430.0, 21632.0 ], [ 12412.0, 21614.0 ], [ 12394.0, 21596.0 ], [ 12376.0, 21578.0 ], [ 12358.0, 21560.0 ], [ 12340.0, 21542.0 ], [ 12322.0, 21524.0 ], [ 12305.0, 21506.0 ], [ 12287.0, 21488.0 ], [ 12269.0, 21471.0 ], [ 12251.0, 21453.0 ], [ 12233.0, 21453.0 ], [ 12215.0, 21471.0 ], [ 12197.0, 21488.0 ], [ 12179.0, 21488.0 ], [ 12161.0, 21488.0 ], [ 12143.0, 21488.0 ], [ 12125.0, 21488.0 ], [ 12107.0, 21471.0 ], [ 12089.0, 21453.0 ], [ 12089.0, 21435.0 ], [ 12107.0, 21417.0 ], [ 12125.0, 21417.0 ], [ 12125.0, 21399.0 ], [ 12143.0, 21381.0 ], [ 12161.0, 21381.0 ], [ 12143.0, 21363.0 ], [ 12125.0, 21345.0 ], [ 12107.0, 21327.0 ], [ 12089.0, 21309.0 ], [ 12071.0, 21291.0 ], [ 12053.0, 21273.0 ], [ 12035.0, 21273.0 ], [ 12018.0, 21273.0 ], [ 12000.0, 21273.0 ], [ 11982.0, 21255.0 ], [ 11982.0, 21237.0 ], [ 12000.0, 21219.0 ], [ 11982.0, 21201.0 ], [ 11964.0, 21184.0 ], [ 11964.0, 21166.0 ], [ 11946.0, 21148.0 ], [ 11928.0, 21148.0 ], [ 11910.0, 21130.0 ], [ 11892.0, 21112.0 ], [ 11874.0, 21094.0 ], [ 11874.0, 21076.0 ], [ 11856.0, 21058.0 ], [ 11838.0, 21040.0 ], [ 11820.0, 21022.0 ], [ 11802.0, 21004.0 ], [ 11784.0, 20986.0 ], [ 11766.0, 20968.0 ], [ 11748.0, 20950.0 ], [ 11731.0, 20950.0 ], [ 11713.0, 20932.0 ], [ 11695.0, 20914.0 ], [ 11695.0, 20897.0 ], [ 11677.0, 20879.0 ], [ 11659.0, 20861.0 ], [ 11641.0, 20843.0 ], [ 11623.0, 20825.0 ], [ 11605.0, 20825.0 ], [ 11587.0, 20825.0 ], [ 11569.0, 20825.0 ], [ 11551.0, 20825.0 ], [ 11533.0, 20825.0 ], [ 11515.0, 20825.0 ], [ 11497.0, 20825.0 ], [ 11479.0, 20825.0 ], [ 11461.0, 20825.0 ], [ 11444.0, 20825.0 ], [ 11426.0, 20807.0 ], [ 11426.0, 20789.0 ], [ 11426.0, 20771.0 ], [ 11426.0, 20753.0 ], [ 11426.0, 20735.0 ], [ 11426.0, 20717.0 ], [ 11408.0, 20717.0 ], [ 11390.0, 20717.0 ], [ 11372.0, 20717.0 ], [ 11354.0, 20717.0 ], [ 11336.0, 20699.0 ], [ 11336.0, 20681.0 ], [ 11336.0, 20663.0 ], [ 11336.0, 20645.0 ], [ 11354.0, 20627.0 ], [ 11372.0, 20610.0 ], [ 11390.0, 20592.0 ], [ 11372.0, 20574.0 ], [ 11354.0, 20556.0 ], [ 11336.0, 20538.0 ], [ 11318.0, 20520.0 ], [ 11300.0, 20502.0 ], [ 11300.0, 20484.0 ], [ 11282.0, 20466.0 ], [ 11264.0, 20448.0 ], [ 11246.0, 20448.0 ], [ 11228.0, 20430.0 ], [ 11210.0, 20448.0 ], [ 11192.0, 20448.0 ], [ 11174.0, 20466.0 ], [ 11157.0, 20466.0 ], [ 11139.0, 20466.0 ], [ 11121.0, 20448.0 ], [ 11103.0, 20430.0 ], [ 11103.0, 20412.0 ], [ 11121.0, 20394.0 ], [ 11121.0, 20376.0 ], [ 11121.0, 20358.0 ], [ 11139.0, 20340.0 ], [ 11157.0, 20340.0 ], [ 11139.0, 20323.0 ], [ 11121.0, 20305.0 ], [ 11103.0, 20287.0 ], [ 11085.0, 20269.0 ], [ 11067.0, 20251.0 ], [ 11049.0, 20233.0 ], [ 11031.0, 20215.0 ], [ 11013.0, 20197.0 ], [ 11013.0, 20179.0 ], [ 10995.0, 20179.0 ], [ 10977.0, 20161.0 ], [ 10977.0, 20143.0 ], [ 10959.0, 20125.0 ], [ 10941.0, 20107.0 ], [ 10923.0, 20089.0 ], [ 10905.0, 20071.0 ], [ 10887.0, 20053.0 ], [ 10870.0, 20036.0 ], [ 10852.0, 20036.0 ], [ 10834.0, 20018.0 ], [ 10834.0, 20000.0 ], [ 10816.0, 19982.0 ], [ 10798.0, 19964.0 ], [ 10780.0, 19946.0 ], [ 10762.0, 19928.0 ], [ 10744.0, 19910.0 ], [ 10744.0, 19892.0 ], [ 10726.0, 19874.0 ], [ 10708.0, 19856.0 ], [ 10690.0, 19838.0 ], [ 10672.0, 19820.0 ], [ 10654.0, 19802.0 ], [ 10636.0, 19784.0 ], [ 10618.0, 19784.0 ], [ 10600.0, 19784.0 ], [ 10583.0, 19784.0 ], [ 10565.0, 19784.0 ], [ 10547.0, 19784.0 ], [ 10529.0, 19784.0 ], [ 10511.0, 19784.0 ], [ 10493.0, 19784.0 ], [ 10475.0, 19784.0 ], [ 10457.0, 19784.0 ], [ 10439.0, 19784.0 ], [ 10421.0, 19784.0 ], [ 10403.0, 19784.0 ], [ 10385.0, 19766.0 ], [ 10385.0, 19749.0 ], [ 10385.0, 19731.0 ], [ 10385.0, 19713.0 ], [ 10385.0, 19695.0 ], [ 10385.0, 19677.0 ], [ 10385.0, 19659.0 ], [ 10385.0, 19641.0 ], [ 10385.0, 19623.0 ], [ 10385.0, 19605.0 ], [ 10385.0, 19587.0 ], [ 10385.0, 19569.0 ], [ 10385.0, 19551.0 ], [ 10385.0, 19533.0 ], [ 10367.0, 19515.0 ], [ 10349.0, 19497.0 ], [ 10331.0, 19479.0 ], [ 10313.0, 19462.0 ], [ 10296.0, 19444.0 ], [ 10278.0, 19426.0 ], [ 10260.0, 19408.0 ], [ 10242.0, 19390.0 ], [ 10224.0, 19372.0 ], [ 10206.0, 19372.0 ], [ 10188.0, 19354.0 ], [ 10170.0, 19336.0 ], [ 10152.0, 19318.0 ], [ 10134.0, 19300.0 ], [ 10116.0, 19282.0 ], [ 10098.0, 19264.0 ], [ 10080.0, 19246.0 ], [ 10062.0, 19228.0 ], [ 10044.0, 19210.0 ], [ 10026.0, 19192.0 ], [ 10009.0, 19175.0 ], [ 9991.0, 19157.0 ], [ 9973.0, 19139.0 ], [ 9955.0, 19139.0 ], [ 9937.0, 19121.0 ], [ 9937.0, 19103.0 ], [ 9919.0, 19103.0 ], [ 9901.0, 19085.0 ], [ 9883.0, 19067.0 ], [ 9865.0, 19049.0 ], [ 9847.0, 19049.0 ], [ 9829.0, 19031.0 ], [ 9811.0, 19013.0 ], [ 9793.0, 18995.0 ], [ 9775.0, 18977.0 ], [ 9757.0, 18977.0 ], [ 9739.0, 18959.0 ], [ 9722.0, 18941.0 ], [ 9704.0, 18941.0 ], [ 9686.0, 18923.0 ], [ 9668.0, 18905.0 ], [ 9650.0, 18888.0 ], [ 9632.0, 18888.0 ], [ 9614.0, 18870.0 ], [ 9596.0, 18852.0 ], [ 9578.0, 18834.0 ], [ 9560.0, 18834.0 ], [ 9542.0, 18816.0 ], [ 9524.0, 18798.0 ], [ 9506.0, 18780.0 ], [ 9488.0, 18780.0 ], [ 9470.0, 18762.0 ], [ 9452.0, 18744.0 ], [ 9435.0, 18744.0 ], [ 9417.0, 18744.0 ], [ 9399.0, 18744.0 ], [ 9381.0, 18744.0 ], [ 9363.0, 18744.0 ], [ 9345.0, 18726.0 ], [ 9345.0, 18708.0 ], [ 9345.0, 18690.0 ], [ 9345.0, 18672.0 ], [ 9345.0, 18654.0 ], [ 9345.0, 18636.0 ], [ 9327.0, 18618.0 ], [ 9309.0, 18601.0 ], [ 9291.0, 18583.0 ], [ 9273.0, 18565.0 ], [ 9255.0, 18565.0 ], [ 9237.0, 18547.0 ], [ 9219.0, 18529.0 ], [ 9201.0, 18511.0 ], [ 9183.0, 18511.0 ], [ 9165.0, 18493.0 ], [ 9148.0, 18475.0 ], [ 9130.0, 18475.0 ], [ 9112.0, 18457.0 ], [ 9094.0, 18439.0 ], [ 9076.0, 18421.0 ], [ 9058.0, 18421.0 ], [ 9040.0, 18403.0 ], [ 9022.0, 18385.0 ], [ 9004.0, 18367.0 ], [ 8986.0, 18349.0 ], [ 8968.0, 18349.0 ], [ 8950.0, 18331.0 ], [ 8932.0, 18314.0 ], [ 8914.0, 18296.0 ], [ 8896.0, 18296.0 ], [ 8878.0, 18278.0 ], [ 8861.0, 18260.0 ], [ 8843.0, 18242.0 ], [ 8825.0, 18224.0 ], [ 8807.0, 18206.0 ], [ 8789.0, 18188.0 ], [ 8771.0, 18188.0 ], [ 8753.0, 18170.0 ], [ 8735.0, 18152.0 ], [ 8717.0, 18134.0 ], [ 8699.0, 18116.0 ], [ 8681.0, 18098.0 ], [ 8663.0, 18098.0 ], [ 8645.0, 18080.0 ], [ 8627.0, 18062.0 ], [ 8609.0, 18044.0 ], [ 8591.0, 18027.0 ], [ 8574.0, 18009.0 ], [ 8556.0, 17991.0 ], [ 8538.0, 17973.0 ], [ 8520.0, 17955.0 ], [ 8502.0, 17937.0 ], [ 8484.0, 17937.0 ], [ 8466.0, 17919.0 ], [ 8448.0, 17901.0 ], [ 8430.0, 17883.0 ], [ 8412.0, 17865.0 ], [ 8394.0, 17865.0 ], [ 8376.0, 17847.0 ], [ 8358.0, 17829.0 ], [ 8340.0, 17811.0 ], [ 8322.0, 17811.0 ], [ 8304.0, 17793.0 ], [ 8287.0, 17775.0 ], [ 8269.0, 17757.0 ], [ 8251.0, 17740.0 ], [ 8233.0, 17740.0 ], [ 8215.0, 17722.0 ], [ 8197.0, 17704.0 ], [ 8179.0, 17704.0 ], [ 8161.0, 17686.0 ], [ 8143.0, 17668.0 ], [ 8125.0, 17650.0 ], [ 8107.0, 17632.0 ], [ 8089.0, 17614.0 ], [ 8071.0, 17614.0 ], [ 8053.0, 17596.0 ], [ 8035.0, 17578.0 ], [ 8017.0, 17560.0 ], [ 8000.0, 17542.0 ], [ 7982.0, 17524.0 ], [ 7982.0, 17506.0 ], [ 7964.0, 17488.0 ], [ 7946.0, 17488.0 ], [ 7928.0, 17470.0 ], [ 7910.0, 17453.0 ], [ 7910.0, 17435.0 ], [ 7892.0, 17435.0 ], [ 7874.0, 17417.0 ], [ 7856.0, 17417.0 ], [ 7838.0, 17399.0 ], [ 7820.0, 17381.0 ], [ 7802.0, 17363.0 ], [ 7784.0, 17363.0 ], [ 7766.0, 17345.0 ], [ 7748.0, 17327.0 ], [ 7730.0, 17309.0 ], [ 7713.0, 17291.0 ], [ 7695.0, 17273.0 ], [ 7677.0, 17273.0 ], [ 7659.0, 17255.0 ], [ 7641.0, 17237.0 ], [ 7623.0, 17219.0 ], [ 7605.0, 17201.0 ], [ 7587.0, 17183.0 ], [ 7569.0, 17183.0 ], [ 7551.0, 17166.0 ], [ 7533.0, 17148.0 ], [ 7515.0, 17130.0 ], [ 7497.0, 17130.0 ], [ 7479.0, 17112.0 ], [ 7461.0, 17094.0 ], [ 7443.0, 17076.0 ], [ 7426.0, 17058.0 ], [ 7408.0, 17058.0 ], [ 7390.0, 17040.0 ], [ 7372.0, 17022.0 ], [ 7354.0, 17004.0 ], [ 7336.0, 16986.0 ], [ 7318.0, 16986.0 ], [ 7300.0, 16968.0 ], [ 7282.0, 16950.0 ], [ 7264.0, 16932.0 ], [ 7246.0, 16914.0 ], [ 7228.0, 16914.0 ], [ 7210.0, 16896.0 ], [ 7192.0, 16879.0 ], [ 7174.0, 16861.0 ], [ 7157.0, 16843.0 ], [ 7139.0, 16825.0 ], [ 7121.0, 16807.0 ], [ 7103.0, 16807.0 ], [ 7085.0, 16789.0 ], [ 7067.0, 16771.0 ], [ 7049.0, 16753.0 ], [ 7031.0, 16735.0 ], [ 7013.0, 16717.0 ], [ 6995.0, 16717.0 ], [ 6977.0, 16699.0 ], [ 6959.0, 16681.0 ], [ 6941.0, 16663.0 ], [ 6923.0, 16645.0 ], [ 6905.0, 16645.0 ], [ 6887.0, 16627.0 ], [ 6870.0, 16627.0 ], [ 6852.0, 16609.0 ], [ 6834.0, 16592.0 ], [ 6816.0, 16574.0 ], [ 6798.0, 16556.0 ], [ 6780.0, 16556.0 ], [ 6762.0, 16538.0 ], [ 6744.0, 16520.0 ], [ 6726.0, 16520.0 ], [ 6708.0, 16502.0 ], [ 6690.0, 16484.0 ], [ 6672.0, 16484.0 ], [ 6654.0, 16466.0 ], [ 6636.0, 16448.0 ], [ 6618.0, 16448.0 ], [ 6600.0, 16430.0 ], [ 6583.0, 16430.0 ], [ 6565.0, 16412.0 ], [ 6547.0, 16412.0 ], [ 6529.0, 16394.0 ], [ 6511.0, 16376.0 ], [ 6493.0, 16358.0 ], [ 6511.0, 16340.0 ], [ 6493.0, 16340.0 ], [ 6475.0, 16340.0 ], [ 6457.0, 16340.0 ], [ 6439.0, 16322.0 ], [ 6421.0, 16305.0 ], [ 6403.0, 16305.0 ], [ 6385.0, 16287.0 ], [ 6367.0, 16269.0 ], [ 6349.0, 16269.0 ], [ 6331.0, 16251.0 ], [ 6313.0, 16233.0 ], [ 6296.0, 16233.0 ], [ 6278.0, 16215.0 ], [ 6260.0, 16215.0 ], [ 6242.0, 16197.0 ], [ 6224.0, 16197.0 ], [ 6206.0, 16179.0 ], [ 6188.0, 16179.0 ], [ 6170.0, 16161.0 ], [ 6152.0, 16143.0 ], [ 6134.0, 16125.0 ], [ 6116.0, 16107.0 ], [ 6098.0, 16107.0 ], [ 6080.0, 16107.0 ], [ 6062.0, 16089.0 ], [ 6044.0, 16071.0 ], [ 6026.0, 16071.0 ], [ 6009.0, 16053.0 ], [ 5991.0, 16053.0 ], [ 5973.0, 16035.0 ], [ 5955.0, 16035.0 ], [ 5937.0, 16018.0 ], [ 5919.0, 16018.0 ], [ 5901.0, 16000.0 ], [ 5883.0, 16000.0 ], [ 5865.0, 15982.0 ], [ 5847.0, 15982.0 ], [ 5829.0, 15964.0 ], [ 5811.0, 15964.0 ], [ 5793.0, 15946.0 ], [ 5775.0, 15946.0 ], [ 5757.0, 15946.0 ], [ 5739.0, 15928.0 ], [ 5722.0, 15910.0 ], [ 5704.0, 15910.0 ], [ 5686.0, 15892.0 ], [ 5668.0, 15892.0 ], [ 5650.0, 15892.0 ], [ 5632.0, 15874.0 ], [ 5614.0, 15874.0 ], [ 5596.0, 15856.0 ], [ 5578.0, 15856.0 ], [ 5560.0, 15856.0 ], [ 5542.0, 15838.0 ], [ 5524.0, 15838.0 ], [ 5506.0, 15838.0 ], [ 5488.0, 15820.0 ], [ 5470.0, 15820.0 ], [ 5452.0, 15820.0 ], [ 5435.0, 15802.0 ], [ 5417.0, 15802.0 ], [ 5399.0, 15802.0 ], [ 5381.0, 15802.0 ], [ 5363.0, 15784.0 ], [ 5345.0, 15784.0 ], [ 5327.0, 15766.0 ], [ 5309.0, 15766.0 ], [ 5291.0, 15766.0 ], [ 5273.0, 15766.0 ], [ 5255.0, 15748.0 ], [ 5237.0, 15748.0 ], [ 5219.0, 15748.0 ], [ 5201.0, 15748.0 ], [ 5183.0, 15731.0 ], [ 5165.0, 15731.0 ], [ 5148.0, 15731.0 ], [ 5130.0, 15731.0 ], [ 5112.0, 15713.0 ], [ 5094.0, 15713.0 ], [ 5076.0, 15713.0 ], [ 5058.0, 15695.0 ], [ 5040.0, 15695.0 ], [ 5022.0, 15695.0 ], [ 5004.0, 15695.0 ], [ 4986.0, 15677.0 ], [ 4968.0, 15677.0 ], [ 4950.0, 15677.0 ], [ 4932.0, 15677.0 ], [ 4914.0, 15659.0 ], [ 4896.0, 15659.0 ], [ 4878.0, 15659.0 ], [ 4861.0, 15659.0 ], [ 4843.0, 15641.0 ], [ 4825.0, 15641.0 ], [ 4807.0, 15641.0 ], [ 4789.0, 15641.0 ], [ 4771.0, 15641.0 ], [ 4753.0, 15623.0 ], [ 4735.0, 15623.0 ], [ 4717.0, 15623.0 ], [ 4699.0, 15623.0 ], [ 4681.0, 15623.0 ], [ 4663.0, 15623.0 ], [ 4645.0, 15623.0 ], [ 4627.0, 15623.0 ], [ 4609.0, 15623.0 ], [ 4591.0, 15623.0 ], [ 4574.0, 15641.0 ], [ 4556.0, 15641.0 ], [ 4538.0, 15623.0 ], [ 4520.0, 15623.0 ] ], [ [ 8878.0, 28269.0 ], [ 8861.0, 28287.0 ], [ 8843.0, 28269.0 ], [ 8843.0, 28251.0 ], [ 8843.0, 28233.0 ], [ 8825.0, 28215.0 ], [ 8825.0, 28197.0 ], [ 8825.0, 28179.0 ], [ 8825.0, 28161.0 ], [ 8807.0, 28143.0 ], [ 8807.0, 28125.0 ], [ 8807.0, 28107.0 ], [ 8807.0, 28089.0 ], [ 8807.0, 28071.0 ], [ 8789.0, 28054.0 ], [ 8789.0, 28036.0 ], [ 8789.0, 28018.0 ], [ 8789.0, 28000.0 ], [ 8789.0, 27982.0 ], [ 8789.0, 27964.0 ], [ 8789.0, 27946.0 ], [ 8789.0, 27928.0 ], [ 8789.0, 27910.0 ], [ 8789.0, 27892.0 ], [ 8789.0, 27874.0 ], [ 8789.0, 27856.0 ], [ 8789.0, 27838.0 ], [ 8789.0, 27820.0 ], [ 8789.0, 27802.0 ], [ 8789.0, 27784.0 ], [ 8789.0, 27767.0 ], [ 8789.0, 27749.0 ], [ 8789.0, 27731.0 ], [ 8789.0, 27713.0 ], [ 8789.0, 27695.0 ], [ 8789.0, 27677.0 ], [ 8789.0, 27659.0 ], [ 8807.0, 27641.0 ], [ 8807.0, 27623.0 ], [ 8807.0, 27605.0 ], [ 8807.0, 27587.0 ], [ 8807.0, 27569.0 ], [ 8825.0, 27551.0 ], [ 8825.0, 27533.0 ], [ 8825.0, 27515.0 ], [ 8825.0, 27497.0 ], [ 8825.0, 27480.0 ], [ 8843.0, 27462.0 ], [ 8843.0, 27444.0 ], [ 8843.0, 27426.0 ], [ 8861.0, 27408.0 ], [ 8861.0, 27390.0 ], [ 8861.0, 27372.0 ], [ 8878.0, 27354.0 ], [ 8878.0, 27336.0 ], [ 8896.0, 27318.0 ], [ 8914.0, 27300.0 ], [ 8932.0, 27282.0 ], [ 8914.0, 27282.0 ], [ 8896.0, 27264.0 ], [ 8896.0, 27246.0 ], [ 8914.0, 27228.0 ], [ 8932.0, 27210.0 ], [ 8950.0, 27210.0 ], [ 8950.0, 27193.0 ], [ 8968.0, 27175.0 ], [ 8968.0, 27157.0 ], [ 8986.0, 27139.0 ], [ 9004.0, 27121.0 ], [ 9004.0, 27103.0 ], [ 9022.0, 27085.0 ], [ 9022.0, 27067.0 ], [ 9040.0, 27049.0 ], [ 9058.0, 27049.0 ], [ 9076.0, 27031.0 ], [ 9076.0, 27013.0 ], [ 9094.0, 26995.0 ], [ 9112.0, 26995.0 ], [ 9094.0, 26977.0 ], [ 9112.0, 26959.0 ], [ 9112.0, 26941.0 ], [ 9130.0, 26923.0 ], [ 9148.0, 26906.0 ], [ 9165.0, 26888.0 ], [ 9165.0, 26870.0 ], [ 9183.0, 26852.0 ], [ 9201.0, 26852.0 ], [ 9219.0, 26834.0 ], [ 9237.0, 26852.0 ], [ 9237.0, 26870.0 ], [ 9255.0, 26870.0 ], [ 9255.0, 26852.0 ], [ 9255.0, 26834.0 ], [ 9237.0, 26816.0 ], [ 9255.0, 26798.0 ], [ 9273.0, 26780.0 ], [ 9291.0, 26780.0 ], [ 9309.0, 26780.0 ], [ 9327.0, 26762.0 ], [ 9345.0, 26780.0 ], [ 9363.0, 26762.0 ], [ 9381.0, 26762.0 ], [ 9399.0, 26762.0 ], [ 9417.0, 26762.0 ], [ 9435.0, 26762.0 ], [ 9452.0, 26762.0 ], [ 9470.0, 26762.0 ], [ 9488.0, 26762.0 ], [ 9506.0, 26762.0 ], [ 9524.0, 26762.0 ], [ 9542.0, 26762.0 ], [ 9560.0, 26780.0 ], [ 9578.0, 26780.0 ], [ 9596.0, 26780.0 ], [ 9614.0, 26780.0 ], [ 9632.0, 26780.0 ], [ 9650.0, 26798.0 ], [ 9668.0, 26798.0 ], [ 9686.0, 26816.0 ], [ 9704.0, 26816.0 ], [ 9722.0, 26834.0 ], [ 9739.0, 26834.0 ], [ 9757.0, 26852.0 ], [ 9775.0, 26852.0 ], [ 9793.0, 26852.0 ], [ 9811.0, 26870.0 ], [ 9829.0, 26888.0 ], [ 9847.0, 26888.0 ], [ 9865.0, 26906.0 ], [ 9883.0, 26906.0 ], [ 9901.0, 26923.0 ], [ 9919.0, 26941.0 ], [ 9937.0, 26959.0 ], [ 9955.0, 26977.0 ], [ 9973.0, 26977.0 ], [ 9991.0, 26995.0 ], [ 10009.0, 27013.0 ], [ 10026.0, 27031.0 ], [ 10044.0, 27049.0 ], [ 10062.0, 27067.0 ], [ 10080.0, 27085.0 ], [ 10080.0, 27103.0 ], [ 10098.0, 27121.0 ], [ 10098.0, 27139.0 ], [ 10116.0, 27157.0 ], [ 10116.0, 27175.0 ], [ 10116.0, 27193.0 ], [ 10116.0, 27210.0 ], [ 10134.0, 27228.0 ], [ 10134.0, 27246.0 ], [ 10134.0, 27264.0 ], [ 10134.0, 27282.0 ], [ 10134.0, 27300.0 ], [ 10134.0, 27318.0 ], [ 10134.0, 27336.0 ], [ 10134.0, 27354.0 ], [ 10134.0, 27372.0 ], [ 10134.0, 27390.0 ], [ 10134.0, 27408.0 ], [ 10134.0, 27426.0 ], [ 10134.0, 27444.0 ], [ 10134.0, 27462.0 ], [ 10116.0, 27480.0 ], [ 10116.0, 27497.0 ], [ 10116.0, 27515.0 ], [ 10116.0, 27533.0 ], [ 10116.0, 27551.0 ], [ 10116.0, 27569.0 ], [ 10098.0, 27587.0 ], [ 10098.0, 27605.0 ], [ 10098.0, 27623.0 ], [ 10080.0, 27641.0 ], [ 10080.0, 27659.0 ], [ 10080.0, 27677.0 ], [ 10062.0, 27695.0 ], [ 10062.0, 27713.0 ], [ 10062.0, 27731.0 ], [ 10044.0, 27749.0 ], [ 10044.0, 27767.0 ], [ 10026.0, 27784.0 ], [ 10026.0, 27802.0 ], [ 10026.0, 27820.0 ], [ 10009.0, 27838.0 ], [ 10009.0, 27856.0 ], [ 9991.0, 27874.0 ], [ 9991.0, 27892.0 ], [ 9991.0, 27910.0 ], [ 9973.0, 27928.0 ], [ 9973.0, 27946.0 ], [ 9955.0, 27964.0 ], [ 9955.0, 27982.0 ], [ 9937.0, 28000.0 ], [ 9937.0, 28018.0 ], [ 9919.0, 28036.0 ], [ 9901.0, 28054.0 ], [ 9901.0, 28071.0 ], [ 9901.0, 28089.0 ], [ 9883.0, 28107.0 ], [ 9865.0, 28125.0 ], [ 9865.0, 28143.0 ], [ 9847.0, 28161.0 ], [ 9847.0, 28179.0 ], [ 9829.0, 28197.0 ], [ 9811.0, 28215.0 ], [ 9793.0, 28233.0 ], [ 9793.0, 28251.0 ], [ 9775.0, 28269.0 ], [ 9757.0, 28287.0 ], [ 9739.0, 28305.0 ], [ 9739.0, 28323.0 ], [ 9722.0, 28341.0 ], [ 9722.0, 28358.0 ], [ 9704.0, 28376.0 ], [ 9686.0, 28394.0 ], [ 9668.0, 28412.0 ], [ 9650.0, 28430.0 ], [ 9632.0, 28448.0 ], [ 9632.0, 28466.0 ], [ 9614.0, 28484.0 ], [ 9596.0, 28502.0 ], [ 9578.0, 28520.0 ], [ 9560.0, 28538.0 ], [ 9542.0, 28556.0 ], [ 9524.0, 28574.0 ], [ 9506.0, 28592.0 ], [ 9488.0, 28610.0 ], [ 9470.0, 28628.0 ], [ 9452.0, 28628.0 ], [ 9435.0, 28645.0 ], [ 9417.0, 28663.0 ], [ 9399.0, 28663.0 ], [ 9381.0, 28681.0 ], [ 9363.0, 28681.0 ], [ 9345.0, 28699.0 ], [ 9327.0, 28699.0 ], [ 9309.0, 28699.0 ], [ 9291.0, 28699.0 ], [ 9273.0, 28699.0 ], [ 9255.0, 28699.0 ], [ 9237.0, 28699.0 ], [ 9219.0, 28681.0 ], [ 9201.0, 28663.0 ], [ 9183.0, 28663.0 ], [ 9165.0, 28663.0 ], [ 9148.0, 28645.0 ], [ 9130.0, 28628.0 ], [ 9112.0, 28628.0 ], [ 9094.0, 28610.0 ], [ 9076.0, 28592.0 ], [ 9058.0, 28574.0 ], [ 9040.0, 28556.0 ], [ 9022.0, 28538.0 ], [ 9004.0, 28520.0 ], [ 8986.0, 28502.0 ], [ 8968.0, 28484.0 ], [ 8950.0, 28466.0 ], [ 8950.0, 28448.0 ], [ 8932.0, 28430.0 ], [ 8914.0, 28412.0 ], [ 8914.0, 28394.0 ], [ 8896.0, 28376.0 ], [ 8896.0, 28358.0 ], [ 8878.0, 28341.0 ], [ 8861.0, 28323.0 ], [ 8878.0, 28305.0 ], [ 8878.0, 28287.0 ], [ 8878.0, 28269.0 ] ] ] } },
{ "type": "Feature", "properties": { "tissue_id": 1 }, "geometry": { "type": "Polygon", "coordinates": [ [ [ 71031.0, 6511.0 ], [ 71013.0, 6529.0 ], [ 70996.0, 6529.0 ], [ 70978.0, 6547.0 ], [ 70960.0, 6565.0 ], [ 70942.0, 6565.0 ], [ 70924.0, 6583.0 ], [ 70924.0, 6600.0 ], [ 70906.0, 6618.0 ], [ 70888.0, 6636.0 ], [ 70870.0, 6654.0 ], [ 70870.0, 6672.0 ], [ 70852.0, 6690.0 ], [ 70852.0, 6708.0 ], [ 70834.0, 6726.0 ], [ 70834.0, 6744.0 ], [ 70816.0, 6762.0 ], [ 70798.0, 6780.0 ], [ 70798.0, 6798.0 ], [ 70798.0, 6816.0 ], [ 70780.0, 6834.0 ], [ 70780.0, 6852.0 ], [ 70780.0, 6870.0 ], [ 70780.0, 6887.0 ], [ 70780.0, 6905.0 ], [ 70780.0, 6923.0 ], [ 70780.0, 6941.0 ], [ 70780.0, 6959.0 ], [ 70780.0, 6977.0 ], [ 70780.0, 6995.0 ], [ 70780.0, 7013.0 ], [ 70780.0, 7031.0 ], [ 70780.0, 7049.0 ], [ 70780.0, 7067.0 ], [ 70780.0, 7085.0 ], [ 70780.0, 7103.0 ], [ 70780.0, 7121.0 ], [ 70780.0, 7139.0 ], [ 70780.0, 7157.0 ], [ 70780.0, 7174.0 ], [ 70780.0, 7192.0 ], [ 70780.0, 7210.0 ], [ 70780.0, 7228.0 ], [ 70780.0, 7246.0 ], [ 70780.0, 7264.0 ], [ 70762.0, 7282.0 ], [ 70744.0, 7282.0 ], [ 70726.0, 7282.0 ], [ 70709.0, 7282.0 ], [ 70691.0, 7282.0 ], [ 70673.0, 7282.0 ], [ 70655.0, 7282.0 ], [ 70637.0, 7282.0 ], [ 70637.0, 7300.0 ], [ 70637.0, 7318.0 ], [ 70619.0, 7336.0 ], [ 70619.0, 7354.0 ], [ 70619.0, 7372.0 ], [ 70601.0, 7390.0 ], [ 70601.0, 7408.0 ], [ 70601.0, 7426.0 ], [ 70583.0, 7443.0 ], [ 70583.0, 7461.0 ], [ 70583.0, 7479.0 ], [ 70583.0, 7497.0 ], [ 70565.0, 7515.0 ], [ 70565.0, 7533.0 ], [ 70565.0, 7551.0 ], [ 70547.0, 7569.0 ], [ 70547.0, 7587.0 ], [ 70547.0, 7605.0 ], [ 70547.0, 7623.0 ], [ 70529.0, 7641.0 ], [ 70529.0, 7659.0 ], [ 70529.0, 7677.0 ], [ 70529.0, 7695.0 ], [ 70511.0, 7713.0 ], [ 70511.0, 7730.0 ], [ 70511.0, 7748.0 ], [ 70511.0, 7766.0 ], [ 70493.0, 7784.0 ], [ 70493.0, 7802.0 ], [ 70493.0, 7820.0 ], [ 70493.0, 7838.0 ], [ 70493.0, 7856.0 ], [ 70475.0, 7874.0 ], [ 70475.0, 7892.0 ], [ 70475.0, 7910.0 ], [ 70475.0, 7928.0 ], [ 70475.0, 7946.0 ], [ 70457.0, 7964.0 ], [ 70457.0, 7982.0 ], [ 70457.0, 8000.0 ], [ 70457.0, 8017.0 ], [ 70457.0, 8035.0 ], [ 70457.0, 8053.0 ], [ 70439.0, 8071.0 ], [ 70439.0, 8089.0 ], [ 70439.0, 8107.0 ], [ 70439.0, 8125.0 ], [ 70422.0, 8143.0 ], [ 70422.0, 8161.0 ], [ 70422.0, 8179.0 ], [ 70422.0, 8197.0 ], [ 70404.0, 8215.0 ], [ 70404.0, 8233.0 ], [ 70404.0, 8251.0 ], [ 70386.0, 8269.0 ], [ 70386.0, 8287.0 ], [ 70386.0, 8304.0 ], [ 70386.0, 8322.0 ], [ 70386.0, 8340.0 ], [ 70386.0, 8358.0 ], [ 70368.0, 8376.0 ], [ 70368.0, 8394.0 ], [ 70368.0, 8412.0 ], [ 70368.0, 8430.0 ], [ 70350.0, 8448.0 ], [ 70350.0, 8466.0 ], [ 70350.0, 8484.0 ], [ 70350.0, 8502.0 ], [ 70350.0, 8520.0 ], [ 70350.0, 8538.0 ], [ 70350.0, 8556.0 ], [ 70332.0, 8574.0 ], [ 70332.0, 8591.0 ], [ 70332.0, 8609.0 ], [ 70332.0, 8627.0 ], [ 70332.0, 8645.0 ], [ 70314.0, 8663.0 ], [ 70314.0, 8681.0 ], [ 70314.0, 8699.0 ], [ 70314.0, 8717.0 ], [ 70314.0, 8735.0 ], [ 70314.0, 8753.0 ], [ 70314.0, 8771.0 ], [ 70296.0, 8789.0 ], [ 70296.0, 8807.0 ], [ 70296.0, 8825.0 ], [ 70296.0, 8843.0 ], [ 70296.0, 8861.0 ], [ 70296.0, 8878.0 ], [ 70296.0, 8896.0 ], [ 70278.0, 8914.0 ], [ 70278.0, 8932.0 ], [ 70278.0, 8950.0 ], [ 70278.0, 8968.0 ], [ 70278.0, 8986.0 ], [ 70278.0, 9004.0 ], [ 70278.0, 9022.0 ], [ 70260.0, 9040.0 ], [ 70260.0, 9058.0 ], [ 70260.0, 9076.0 ], [ 70260.0, 9094.0 ], [ 70260.0, 9112.0 ], [ 70260.0, 9130.0 ], [ 70260.0, 9148.0 ], [ 70260.0, 9165.0 ], [ 70242.0, 9183.0 ], [ 70242.0, 9201.0 ], [ 70242.0, 9219.0 ], [ 70242.0, 9237.0 ], [ 70242.0, 9255.0 ], [ 70242.0, 9273.0 ], [ 70242.0, 9291.0 ], [ 70242.0, 9309.0 ], [ 70242.0, 9327.0 ], [ 70242.0, 9345.0 ], [ 70242.0, 9363.0 ], [ 70242.0, 9381.0 ], [ 70242.0, 9399.0 ], [ 70242.0, 9417.0 ], [ 70224.0, 9435.0 ], [ 70242.0, 9452.0 ], [ 70224.0, 9470.0 ], [ 70224.0, 9488.0 ], [ 70224.0, 9506.0 ], [ 70224.0, 9524.0 ], [ 70224.0, 9542.0 ], [ 70224.0, 9560.0 ], [ 70224.0, 9578.0 ], [ 70224.0, 9596.0 ], [ 70224.0, 9614.0 ], [ 70224.0, 9632.0 ], [ 70224.0, 9650.0 ], [ 70224.0, 9668.0 ], [ 70224.0, 9686.0 ], [ 70242.0, 9704.0 ], [ 70242.0, 9722.0 ], [ 70242.0, 9739.0 ], [ 70242.0, 9757.0 ], [ 70242.0, 9775.0 ], [ 70242.0, 9793.0 ], [ 70242.0, 9811.0 ], [ 70242.0, 9829.0 ], [ 70242.0, 9847.0 ], [ 70242.0, 9865.0 ], [ 70242.0, 9883.0 ], [ 70242.0, 9901.0 ], [ 70242.0, 9919.0 ], [ 70242.0, 9937.0 ], [ 70242.0, 9955.0 ], [ 70242.0, 9973.0 ], [ 70260.0, 9991.0 ], [ 70260.0, 10009.0 ], [ 70260.0, 10026.0 ], [ 70260.0, 10044.0 ], [ 70260.0, 10062.0 ], [ 70260.0, 10080.0 ], [ 70260.0, 10098.0 ], [ 70260.0, 10116.0 ], [ 70260.0, 10134.0 ], [ 70260.0, 10152.0 ], [ 70260.0, 10170.0 ], [ 70260.0, 10188.0 ], [ 70278.0, 10206.0 ], [ 70278.0, 10224.0 ], [ 70278.0, 10242.0 ], [ 70278.0, 10260.0 ], [ 70278.0, 10278.0 ], [ 70278.0, 10296.0 ], [ 70296.0, 10313.0 ], [ 70296.0, 10331.0 ], [ 70296.0, 10349.0 ], [ 70296.0, 10367.0 ], [ 70296.0, 10385.0 ], [ 70314.0, 10403.0 ], [ 70314.0, 10421.0 ], [ 70314.0, 10439.0 ], [ 70314.0, 10457.0 ], [ 70314.0, 10475.0 ], [ 70314.0, 10493.0 ], [ 70332.0, 10511.0 ], [ 70332.0, 10529.0 ], [ 70332.0, 10547.0 ], [ 70332.0, 10565.0 ], [ 70350.0, 10583.0 ], [ 70350.0, 10600.0 ], [ 70350.0, 10618.0 ], [ 70350.0, 10636.0 ], [ 70350.0, 10654.0 ], [ 70350.0, 10672.0 ], [ 70350.0, 10690.0 ], [ 70368.0, 10708.0 ], [ 70368.0, 10726.0 ], [ 70368.0, 10744.0 ], [ 70368.0, 10762.0 ], [ 70368.0, 10780.0 ], [ 70368.0, 10798.0 ], [ 70368.0, 10816.0 ], [ 70386.0, 10834.0 ], [ 70386.0, 10852.0 ], [ 70386.0, 10870.0 ], [ 70386.0, 10887.0 ], [ 70386.0, 10905.0 ], [ 70386.0, 10923.0 ], [ 70386.0, 10941.0 ], [ 70386.0, 10959.0 ], [ 70386.0, 10977.0 ], [ 70404.0, 10995.0 ], [ 70404.0, 11013.0 ], [ 70404.0, 11031.0 ], [ 70404.0, 11049.0 ], [ 70404.0, 11067.0 ], [ 70404.0, 11085.0 ], [ 70404.0, 11103.0 ], [ 70422.0, 11121.0 ], [ 70422.0, 11139.0 ], [ 70422.0, 11157.0 ], [ 70422.0, 11174.0 ], [ 70422.0, 11192.0 ], [ 70422.0, 11210.0 ], [ 70422.0, 11228.0 ], [ 70422.0, 11246.0 ], [ 70439.0, 11264.0 ], [ 70439.0, 11282.0 ], [ 70439.0, 11300.0 ], [ 70439.0, 11318.0 ], [ 70439.0, 11336.0 ], [ 70457.0, 11354.0 ], [ 70457.0, 11372.0 ], [ 70457.0, 11390.0 ], [ 70457.0, 11408.0 ], [ 70457.0, 11426.0 ], [ 70475.0, 11444.0 ], [ 70475.0, 11461.0 ], [ 70475.0, 11479.0 ], [ 70475.0, 11497.0 ], [ 70475.0, 11515.0 ], [ 70475.0, 11533.0 ], [ 70475.0, 11551.0 ], [ 70475.0, 11569.0 ], [ 70493.0, 11587.0 ], [ 70493.0, 11605.0 ], [ 70493.0, 11623.0 ], [ 70493.0, 11641.0 ], [ 70493.0, 11659.0 ], [ 70493.0, 11677.0 ], [ 70493.0, 11695.0 ], [ 70511.0, 11713.0 ], [ 70511.0, 11731.0 ], [ 70511.0, 11748.0 ], [ 70511.0, 11766.0 ], [ 70511.0, 11784.0 ], [ 70511.0, 11802.0 ], [ 70529.0, 11820.0 ], [ 70529.0, 11838.0 ], [ 70529.0, 11856.0 ], [ 70529.0, 11874.0 ], [ 70529.0, 11892.0 ], [ 70529.0, 11910.0 ], [ 70529.0, 11928.0 ], [ 70547.0, 11946.0 ], [ 70547.0, 11964.0 ], [ 70547.0, 11982.0 ], [ 70547.0, 12000.0 ], [ 70547.0, 12018.0 ], [ 70547.0, 12035.0 ], [ 70547.0, 12053.0 ], [ 70565.0, 12071.0 ], [ 70565.0, 12089.0 ], [ 70565.0, 12107.0 ], [ 70565.0, 12125.0 ], [ 70565.0, 12143.0 ], [ 70565.0, 12161.0 ], [ 70565.0, 12179.0 ], [ 70565.0, 12197.0 ], [ 70565.0, 12215.0 ], [ 70565.0, 12233.0 ], [ 70565.0, 12251.0 ], [ 70565.0, 12269.0 ], [ 70583.0, 12287.0 ], [ 70583.0, 12305.0 ], [ 70583.0, 12322.0 ], [ 70583.0, 12340.0 ], [ 70583.0, 12358.0 ], [ 70583.0, 12376.0 ], [ 70583.0, 12394.0 ], [ 70583.0, 12412.0 ], [ 70583.0, 12430.0 ], [ 70583.0, 12448.0 ], [ 70583.0, 12466.0 ], [ 70601.0, 12484.0 ], [ 70601.0, 12502.0 ], [ 70601.0, 12520.0 ], [ 70601.0, 12538.0 ], [ 70601.0, 12556.0 ], [ 70601.0, 12574.0 ], [ 70601.0, 12592.0 ], [ 70619.0, 12609.0 ], [ 70619.0, 12627.0 ], [ 70619.0, 12645.0 ], [ 70619.0, 12663.0 ], [ 70619.0, 12681.0 ], [ 70619.0, 12699.0 ], [ 70637.0, 12717.0 ], [ 70637.0, 12735.0 ], [ 70637.0, 12753.0 ], [ 70637.0, 12771.0 ], [ 70637.0, 12789.0 ], [ 70655.0, 12807.0 ], [ 70655.0, 12825.0 ], [ 70655.0, 12843.0 ], [ 70655.0, 12861.0 ], [ 70655.0, 12879.0 ], [ 70655.0, 12896.0 ], [ 70673.0, 12914.0 ], [ 70673.0, 12932.0 ], [ 70673.0, 12950.0 ], [ 70673.0, 12968.0 ], [ 70673.0, 12986.0 ], [ 70673.0, 13004.0 ], [ 70691.0, 13022.0 ], [ 70691.0, 13040.0 ], [ 70691.0, 13058.0 ], [ 70691.0, 13076.0 ], [ 70709.0, 13076.0 ], [ 70726.0, 13094.0 ], [ 70744.0, 13076.0 ], [ 70762.0, 13094.0 ], [ 70780.0, 13112.0 ], [ 70780.0, 13130.0 ], [ 70780.0, 13148.0 ], [ 70780.0, 13166.0 ], [ 70780.0, 13183.0 ], [ 70780.0, 13201.0 ], [ 70780.0, 13219.0 ], [ 70780.0, 13237.0 ], [ 70780.0, 13255.0 ], [ 70780.0, 13273.0 ], [ 70780.0, 13291.0 ], [ 70780.0, 13309.0 ], [ 70780.0, 13327.0 ], [ 70780.0, 13345.0 ], [ 70780.0, 13363.0 ], [ 70780.0, 13381.0 ], [ 70780.0, 13399.0 ], [ 70780.0, 13417.0 ], [ 70780.0, 13435.0 ], [ 70780.0, 13453.0 ], [ 70762.0, 13470.0 ], [ 70762.0, 13488.0 ], [ 70780.0, 13506.0 ], [ 70762.0, 13524.0 ], [ 70780.0, 13542.0 ], [ 70780.0, 13560.0 ], [ 70780.0, 13578.0 ], [ 70780.0, 13596.0 ], [ 70780.0, 13614.0 ], [ 70780.0, 13632.0 ], [ 70780.0, 13650.0 ], [ 70780.0, 13668.0 ], [ 70780.0, 13686.0 ], [ 70780.0, 13704.0 ], [ 70798.0, 13722.0 ], [ 70798.0, 13740.0 ], [ 70798.0, 13757.0 ], [ 70798.0, 13775.0 ], [ 70816.0, 13793.0 ], [ 70816.0, 13811.0 ], [ 70816.0, 13829.0 ], [ 70816.0, 13847.0 ], [ 70816.0, 13865.0 ], [ 70834.0, 13883.0 ], [ 70834.0, 13901.0 ], [ 70834.0, 13919.0 ], [ 70852.0, 13937.0 ], [ 70852.0, 13955.0 ], [ 70852.0, 13973.0 ], [ 70852.0, 13991.0 ], [ 70870.0, 14009.0 ], [ 70870.0, 14027.0 ], [ 70870.0, 14044.0 ], [ 70870.0, 14062.0 ], [ 70888.0, 14080.0 ], [ 70888.0, 14098.0 ], [ 70888.0, 14116.0 ], [ 70888.0, 14134.0 ], [ 70888.0, 14152.0 ], [ 70888.0, 14170.0 ], [ 70906.0, 14188.0 ], [ 70906.0, 14206.0 ], [ 70906.0, 14224.0 ], [ 70924.0, 14242.0 ], [ 70924.0, 14260.0 ], [ 70924.0, 14278.0 ], [ 70924.0, 14296.0 ], [ 70924.0, 14314.0 ], [ 70924.0, 14331.0 ], [ 70942.0, 14349.0 ], [ 70942.0, 14367.0 ], [ 70942.0, 14385.0 ], [ 70942.0, 14403.0 ], [ 70942.0, 14421.0 ], [ 70942.0, 14439.0 ], [ 70942.0, 14457.0 ], [ 70942.0, 14475.0 ], [ 70960.0, 14493.0 ], [ 70960.0, 14511.0 ], [ 70960.0, 14529.0 ], [ 70960.0, 14547.0 ], [ 70960.0, 14565.0 ], [ 70960.0, 14583.0 ], [ 70960.0, 14601.0 ], [ 70960.0, 14618.0 ], [ 70960.0, 14636.0 ], [ 70960.0, 14654.0 ], [ 70960.0, 14672.0 ], [ 70960.0, 14690.0 ], [ 70960.0, 14708.0 ], [ 70960.0, 14726.0 ], [ 70978.0, 14744.0 ], [ 70978.0, 14762.0 ], [ 70978.0, 14780.0 ], [ 70978.0, 14798.0 ], [ 70978.0, 14816.0 ], [ 70978.0, 14834.0 ], [ 70978.0, 14852.0 ], [ 70996.0, 14870.0 ], [ 70996.0, 14887.0 ], [ 70996.0, 14905.0 ], [ 70996.0, 14923.0 ], [ 70996.0, 14941.0 ], [ 71013.0, 14959.0 ], [ 71013.0, 14977.0 ], [ 71013.0, 14995.0 ], [ 71013.0, 15013.0 ], [ 71013.0, 15031.0 ], [ 71013.0, 15049.0 ], [ 71013.0, 15067.0 ], [ 71031.0, 15085.0 ], [ 71031.0, 15103.0 ], [ 71031.0, 15121.0 ], [ 71031.0, 15139.0 ], [ 71049.0, 15157.0 ], [ 71049.0, 15174.0 ], [ 71049.0, 15192.0 ], [ 71049.0, 15210.0 ], [ 71049.0, 15228.0 ], [ 71067.0, 15246.0 ], [ 71067.0, 15264.0 ], [ 71067.0, 15282.0 ], [ 71067.0, 15300.0 ], [ 71067.0, 15318.0 ], [ 71085.0, 15336.0 ], [ 71085.0, 15354.0 ], [ 71085.0, 15372.0 ], [ 71085.0, 15390.0 ], [ 71085.0, 15408.0 ], [ 71103.0, 15426.0 ], [ 71103.0, 15444.0 ], [ 71103.0, 15461.0 ], [ 71103.0, 15479.0 ], [ 71103.0, 15497.0 ], [ 71103.0, 15515.0 ], [ 71103.0, 15533.0 ], [ 71121.0, 15551.0 ], [ 71121.0, 15569.0 ], [ 71121.0, 15587.0 ], [ 71121.0, 15605.0 ], [ 71121.0, 15623.0 ], [ 71121.0, 15641.0 ], [ 71121.0, 15659.0 ], [ 71121.0, 15677.0 ], [ 71121.0, 15695.0 ], [ 71121.0, 15713.0 ], [ 71121.0, 15731.0 ], [ 71121.0, 15748.0 ], [ 71121.0, 15766.0 ], [ 71139.0, 15784.0 ], [ 71139.0, 15802.0 ], [ 71139.0, 15820.0 ], [ 71139.0, 15838.0 ], [ 71139.0, 15856.0 ], [ 71157.0, 15874.0 ], [ 71157.0, 15892.0 ], [ 71157.0, 15910.0 ], [ 71157.0, 15928.0 ], [ 71157.0, 15946.0 ], [ 71157.0, 15964.0 ], [ 71157.0, 15982.0 ], [ 71157.0, 16000.0 ], [ 71157.0, 16018.0 ], [ 71175.0, 16035.0 ], [ 71175.0, 16053.0 ], [ 71175.0, 16071.0 ], [ 71175.0, 16089.0 ], [ 71175.0, 16107.0 ], [ 71175.0, 16125.0 ], [ 71193.0, 16143.0 ], [ 71193.0, 16161.0 ], [ 71193.0, 16179.0 ], [ 71193.0, 16197.0 ], [ 71193.0, 16215.0 ], [ 71193.0, 16233.0 ], [ 71193.0, 16251.0 ], [ 71193.0, 16269.0 ], [ 71193.0, 16287.0 ], [ 71193.0, 16305.0 ], [ 71211.0, 16322.0 ], [ 71211.0, 16340.0 ], [ 71211.0, 16358.0 ], [ 71211.0, 16376.0 ], [ 71211.0, 16394.0 ], [ 71211.0, 16412.0 ], [ 71211.0, 16430.0 ], [ 71211.0, 16448.0 ], [ 71211.0, 16466.0 ], [ 71229.0, 16484.0 ], [ 71229.0, 16502.0 ], [ 71229.0, 16520.0 ], [ 71229.0, 16538.0 ], [ 71229.0, 16556.0 ], [ 71229.0, 16574.0 ], [ 71229.0, 16592.0 ], [ 71247.0, 16609.0 ], [ 71247.0, 16627.0 ], [ 71247.0, 16645.0 ], [ 71247.0, 16663.0 ], [ 71247.0, 16681.0 ], [ 71247.0, 16699.0 ], [ 71247.0, 16717.0 ], [ 71247.0, 16735.0 ], [ 71247.0, 16753.0 ], [ 71247.0, 16771.0 ], [ 71247.0, 16789.0 ], [ 71247.0, 16807.0 ], [ 71247.0, 16825.0 ], [ 71247.0, 16843.0 ], [ 71265.0, 16861.0 ], [ 71265.0, 16879.0 ], [ 71265.0, 16896.0 ], [ 71265.0, 16914.0 ], [ 71265.0, 16932.0 ], [ 71265.0, 16950.0 ], [ 71265.0, 16968.0 ], [ 71265.0, 16986.0 ], [ 71283.0, 17004.0 ], [ 71283.0, 17022.0 ], [ 71283.0, 17040.0 ], [ 71283.0, 17058.0 ], [ 71283.0, 17076.0 ], [ 71283.0, 17094.0 ], [ 71283.0, 17112.0 ], [ 71283.0, 17130.0 ], [ 71283.0, 17148.0 ], [ 71300.0, 17166.0 ], [ 71300.0, 17183.0 ], [ 71300.0, 17201.0 ], [ 71300.0, 17219.0 ], [ 71300.0, 17237.0 ], [ 71300.0, 17255.0 ], [ 71300.0, 17273.0 ], [ 71318.0, 17291.0 ], [ 71318.0, 17309.0 ], [ 71318.0, 17327.0 ], [ 71318.0, 17345.0 ], [ 71318.0, 17363.0 ], [ 71336.0, 17381.0 ], [ 71336.0, 17399.0 ], [ 71336.0, 17417.0 ], [ 71336.0, 17435.0 ], [ 71336.0, 17453.0 ], [ 71336.0, 17470.0 ], [ 71336.0, 17488.0 ], [ 71354.0, 17506.0 ], [ 71354.0, 17524.0 ], [ 71354.0, 17542.0 ], [ 71354.0, 17560.0 ], [ 71354.0, 17578.0 ], [ 71354.0, 17596.0 ], [ 71354.0, 17614.0 ], [ 71354.0, 17632.0 ], [ 71354.0, 17650.0 ], [ 71372.0, 17668.0 ], [ 71372.0, 17686.0 ], [ 71372.0, 17704.0 ], [ 71372.0, 17722.0 ], [ 71372.0, 17740.0 ], [ 71372.0, 17757.0 ], [ 71372.0, 17775.0 ], [ 71372.0, 17793.0 ], [ 71372.0, 17811.0 ], [ 71372.0, 17829.0 ], [ 71372.0, 17847.0 ], [ 71372.0, 17865.0 ], [ 71372.0, 17883.0 ], [ 71372.0, 17901.0 ], [ 71372.0, 17919.0 ], [ 71372.0, 17937.0 ], [ 71372.0, 17955.0 ], [ 71372.0, 17973.0 ], [ 71372.0, 17991.0 ], [ 71372.0, 18009.0 ], [ 71372.0, 18027.0 ], [ 71372.0, 18044.0 ], [ 71372.0, 18062.0 ], [ 71390.0, 18080.0 ], [ 71390.0, 18098.0 ], [ 71390.0, 18116.0 ], [ 71390.0, 18134.0 ], [ 71390.0, 18152.0 ], [ 71390.0, 18170.0 ], [ 71390.0, 18188.0 ], [ 71390.0, 18206.0 ], [ 71390.0, 18224.0 ], [ 71390.0, 18242.0 ], [ 71390.0, 18260.0 ], [ 71390.0, 18278.0 ], [ 71408.0, 18296.0 ], [ 71408.0, 18314.0 ], [ 71408.0, 18331.0 ], [ 71408.0, 18349.0 ], [ 71408.0, 18367.0 ], [ 71408.0, 18385.0 ], [ 71408.0, 18403.0 ], [ 71408.0, 18421.0 ], [ 71408.0, 18439.0 ], [ 71408.0, 18457.0 ], [ 71408.0, 18475.0 ], [ 71408.0, 18493.0 ], [ 71426.0, 18511.0 ], [ 71426.0, 18529.0 ], [ 71426.0, 18547.0 ], [ 71426.0, 18565.0 ], [ 71426.0, 18583.0 ], [ 71426.0, 18601.0 ], [ 71426.0, 18618.0 ], [ 71426.0, 18636.0 ], [ 71426.0, 18654.0 ], [ 71426.0, 18672.0 ], [ 71426.0, 18690.0 ], [ 71426.0, 18708.0 ], [ 71426.0, 18726.0 ], [ 71426.0, 18744.0 ], [ 71426.0, 18762.0 ], [ 71426.0, 18780.0 ], [ 71426.0, 18798.0 ], [ 71444.0, 18816.0 ], [ 71444.0, 18834.0 ], [ 71444.0, 18852.0 ], [ 71444.0, 18870.0 ], [ 71444.0, 18888.0 ], [ 71444.0, 18905.0 ], [ 71444.0, 18923.0 ], [ 71444.0, 18941.0 ], [ 71444.0, 18959.0 ], [ 71444.0, 18977.0 ], [ 71444.0, 18995.0 ], [ 71444.0, 19013.0 ], [ 71444.0, 19031.0 ], [ 71444.0, 19049.0 ], [ 71444.0, 19067.0 ], [ 71444.0, 19085.0 ], [ 71444.0, 19103.0 ], [ 71444.0, 19121.0 ], [ 71444.0, 19139.0 ], [ 71444.0, 19157.0 ], [ 71444.0, 19175.0 ], [ 71444.0, 19192.0 ], [ 71444.0, 19210.0 ], [ 71444.0, 19228.0 ], [ 71444.0, 19246.0 ], [ 71444.0, 19264.0 ], [ 71444.0, 19282.0 ], [ 71444.0, 19300.0 ], [ 71444.0, 19318.0 ], [ 71444.0, 19336.0 ], [ 71444.0, 19354.0 ], [ 71444.0, 19372.0 ], [ 71444.0, 19390.0 ], [ 71444.0, 19408.0 ], [ 71444.0, 19426.0 ], [ 71444.0, 19444.0 ], [ 71444.0, 19462.0 ], [ 71444.0, 19479.0 ], [ 71444.0, 19497.0 ], [ 71444.0, 19515.0 ], [ 71444.0, 19533.0 ], [ 71444.0, 19551.0 ], [ 71462.0, 19569.0 ], [ 71462.0, 19587.0 ], [ 71462.0, 19605.0 ], [ 71462.0, 19623.0 ], [ 71462.0, 19641.0 ], [ 71462.0, 19659.0 ], [ 71462.0, 19677.0 ], [ 71462.0, 19695.0 ], [ 71462.0, 19713.0 ], [ 71462.0, 19731.0 ], [ 71462.0, 19749.0 ], [ 71462.0, 19766.0 ], [ 71462.0, 19784.0 ], [ 71462.0, 19802.0 ], [ 71480.0, 19820.0 ], [ 71480.0, 19838.0 ], [ 71480.0, 19856.0 ], [ 71480.0, 19874.0 ], [ 71480.0, 19892.0 ], [ 71480.0, 19910.0 ], [ 71480.0, 19928.0 ], [ 71480.0, 19946.0 ], [ 71480.0, 19964.0 ], [ 71480.0, 19982.0 ], [ 71480.0, 20000.0 ], [ 71480.0, 20018.0 ], [ 71480.0, 20036.0 ], [ 71480.0, 20053.0 ], [ 71480.0, 20071.0 ], [ 71480.0, 20089.0 ], [ 71480.0, 20107.0 ], [ 71480.0, 20125.0 ], [ 71480.0, 20143.0 ], [ 71480.0, 20161.0 ], [ 71480.0, 20179.0 ], [ 71480.0, 20197.0 ], [ 71480.0, 20215.0 ], [ 71480.0, 20233.0 ], [ 71480.0, 20251.0 ], [ 71480.0, 20269.0 ], [ 71480.0, 20287.0 ], [ 71480.0, 20305.0 ], [ 71480.0, 20323.0 ], [ 71480.0, 20340.0 ], [ 71480.0, 20358.0 ], [ 71480.0, 20376.0 ], [ 71480.0, 20394.0 ], [ 71480.0, 20412.0 ], [ 71480.0, 20430.0 ], [ 71498.0, 20448.0 ], [ 71498.0, 20466.0 ], [ 71498.0, 20484.0 ], [ 71498.0, 20502.0 ], [ 71498.0, 20520.0 ], [ 71498.0, 20538.0 ], [ 71498.0, 20556.0 ], [ 71498.0, 20574.0 ], [ 71498.0, 20592.0 ], [ 71498.0, 20610.0 ], [ 71498.0, 20627.0 ], [ 71498.0, 20645.0 ], [ 71498.0, 20663.0 ], [ 71498.0, 20681.0 ], [ 71498.0, 20699.0 ], [ 71498.0, 20717.0 ], [ 71498.0, 20735.0 ], [ 71498.0, 20753.0 ], [ 71498.0, 20771.0 ], [ 71498.0, 20789.0 ], [ 71498.0, 20807.0 ], [ 71498.0, 20825.0 ], [ 71498.0, 20843.0 ], [ 71498.0, 20861.0 ], [ 71498.0, 20879.0 ], [ 71516.0, 20897.0 ], [ 71516.0, 20914.0 ], [ 71516.0, 20932.0 ], [ 71516.0, 20950.0 ], [ 71516.0, 20968.0 ], [ 71516.0, 20986.0 ], [ 71516.0, 21004.0 ], [ 71516.0, 21022.0 ], [ 71516.0, 21040.0 ], [ 71516.0, 21058.0 ], [ 71516.0, 21076.0 ], [ 71516.0, 21094.0 ], [ 71516.0, 21112.0 ], [ 71516.0, 21130.0 ], [ 71516.0, 21148.0 ], [ 71516.0, 21166.0 ], [ 71534.0, 21184.0 ], [ 71534.0, 21201.0 ], [ 71534.0, 21219.0 ], [ 71534.0, 21237.0 ], [ 71534.0, 21255.0 ], [ 71534.0, 21273.0 ], [ 71534.0, 21291.0 ], [ 71534.0, 21309.0 ], [ 71534.0, 21327.0 ], [ 71534.0, 21345.0 ], [ 71534.0, 21363.0 ], [ 71534.0, 21381.0 ], [ 71534.0, 21399.0 ], [ 71534.0, 21417.0 ], [ 71534.0, 21435.0 ], [ 71534.0, 21453.0 ], [ 71534.0, 21471.0 ], [ 71534.0, 21488.0 ], [ 71534.0, 21506.0 ], [ 71534.0, 21524.0 ], [ 71552.0, 21542.0 ], [ 71552.0, 21560.0 ], [ 71552.0, 21578.0 ], [ 71552.0, 21596.0 ], [ 71552.0, 21614.0 ], [ 71552.0, 21632.0 ], [ 71552.0, 21650.0 ], [ 71552.0, 21668.0 ], [ 71552.0, 21686.0 ], [ 71552.0, 21704.0 ], [ 71552.0, 21722.0 ], [ 71552.0, 21740.0 ], [ 71552.0, 21758.0 ], [ 71552.0, 21775.0 ], [ 71552.0, 21793.0 ], [ 71552.0, 21811.0 ], [ 71552.0, 21829.0 ], [ 71552.0, 21847.0 ], [ 71570.0, 21865.0 ], [ 71570.0, 21883.0 ], [ 71570.0, 21901.0 ], [ 71570.0, 21919.0 ], [ 71570.0, 21937.0 ], [ 71570.0, 21955.0 ], [ 71587.0, 21973.0 ], [ 71587.0, 21991.0 ], [ 71587.0, 22009.0 ], [ 71587.0, 22027.0 ], [ 71587.0, 22045.0 ], [ 71587.0, 22062.0 ], [ 71587.0, 22080.0 ], [ 71587.0, 22098.0 ], [ 71587.0, 22116.0 ], [ 71605.0, 22134.0 ], [ 71605.0, 22152.0 ], [ 71605.0, 22170.0 ], [ 71605.0, 22188.0 ], [ 71605.0, 22206.0 ], [ 71605.0, 22224.0 ], [ 71605.0, 22242.0 ], [ 71605.0, 22260.0 ], [ 71605.0, 22278.0 ], [ 71605.0, 22296.0 ], [ 71605.0, 22314.0 ], [ 71605.0, 22331.0 ], [ 71605.0, 22349.0 ], [ 71605.0, 22367.0 ], [ 71605.0, 22385.0 ], [ 71605.0, 22403.0 ], [ 71605.0, 22421.0 ], [ 71605.0, 22439.0 ], [ 71605.0, 22457.0 ], [ 71605.0, 22475.0 ], [ 71605.0, 22493.0 ], [ 71605.0, 22511.0 ], [ 71605.0, 22529.0 ], [ 71605.0, 22547.0 ], [ 71605.0, 22565.0 ], [ 71605.0, 22583.0 ], [ 71605.0, 22601.0 ], [ 71605.0, 22618.0 ], [ 71605.0, 22636.0 ], [ 71605.0, 22654.0 ], [ 71605.0, 22672.0 ], [ 71605.0, 22690.0 ], [ 71605.0, 22708.0 ], [ 71605.0, 22726.0 ], [ 71605.0, 22744.0 ], [ 71605.0, 22762.0 ], [ 71605.0, 22780.0 ], [ 71605.0, 22798.0 ], [ 71605.0, 22816.0 ], [ 71605.0, 22834.0 ], [ 71605.0, 22852.0 ], [ 71605.0, 22870.0 ], [ 71605.0, 22888.0 ], [ 71605.0, 22905.0 ], [ 71605.0, 22923.0 ], [ 71605.0, 22941.0 ], [ 71605.0, 22959.0 ], [ 71605.0, 22977.0 ], [ 71605.0, 22995.0 ], [ 71605.0, 23013.0 ], [ 71623.0, 23031.0 ], [ 71623.0, 23049.0 ], [ 71623.0, 23067.0 ], [ 71623.0, 23085.0 ], [ 71623.0, 23103.0 ], [ 71623.0, 23121.0 ], [ 71623.0, 23139.0 ], [ 71623.0, 23157.0 ], [ 71623.0, 23175.0 ], [ 71641.0, 23192.0 ], [ 71641.0, 23210.0 ], [ 71641.0, 23228.0 ], [ 71641.0, 23246.0 ], [ 71641.0, 23264.0 ], [ 71641.0, 23282.0 ], [ 71641.0, 23300.0 ], [ 71641.0, 23318.0 ], [ 71641.0, 23336.0 ], [ 71641.0, 23354.0 ], [ 71641.0, 23372.0 ], [ 71641.0, 23390.0 ], [ 71641.0, 23408.0 ], [ 71641.0, 23426.0 ], [ 71641.0, 23444.0 ], [ 71641.0, 23462.0 ], [ 71659.0, 23479.0 ], [ 71659.0, 23497.0 ], [ 71659.0, 23515.0 ], [ 71659.0, 23533.0 ], [ 71659.0, 23551.0 ], [ 71659.0, 23569.0 ], [ 71659.0, 23587.0 ], [ 71659.0, 23605.0 ], [ 71659.0, 23623.0 ], [ 71659.0, 23641.0 ], [ 71659.0, 23659.0 ], [ 71659.0, 23677.0 ], [ 71659.0, 23695.0 ], [ 71677.0, 23713.0 ], [ 71677.0, 23731.0 ], [ 71677.0, 23749.0 ], [ 71677.0, 23766.0 ], [ 71677.0, 23784.0 ], [ 71677.0, 23802.0 ], [ 71677.0, 23820.0 ], [ 71677.0, 23838.0 ], [ 71677.0, 23856.0 ], [ 71677.0, 23874.0 ], [ 71677.0, 23892.0 ], [ 71677.0, 23910.0 ], [ 71677.0, 23928.0 ], [ 71695.0, 23928.0 ], [ 71713.0, 23928.0 ], [ 71731.0, 23928.0 ], [ 71749.0, 23928.0 ], [ 71767.0, 23928.0 ], [ 71785.0, 23928.0 ], [ 71803.0, 23928.0 ], [ 71821.0, 23946.0 ], [ 71821.0, 23964.0 ], [ 71821.0, 23982.0 ], [ 71821.0, 24000.0 ], [ 71821.0, 24018.0 ], [ 71821.0, 24036.0 ], [ 71821.0, 24053.0 ], [ 71821.0, 24071.0 ], [ 71821.0, 24089.0 ], [ 71821.0, 24107.0 ], [ 71821.0, 24125.0 ], [ 71821.0, 24143.0 ], [ 71821.0, 24161.0 ], [ 71821.0, 24179.0 ], [ 71821.0, 24197.0 ], [ 71821.0, 24215.0 ], [ 71821.0, 24233.0 ], [ 71821.0, 24251.0 ], [ 71821.0, 24269.0 ], [ 71821.0, 24287.0 ], [ 71821.0, 24305.0 ], [ 71821.0, 24323.0 ], [ 71839.0, 24340.0 ], [ 71839.0, 24358.0 ], [ 71821.0, 24376.0 ], [ 71821.0, 24394.0 ], [ 71821.0, 24412.0 ], [ 71821.0, 24430.0 ], [ 71821.0, 24448.0 ], [ 71839.0, 24466.0 ], [ 71839.0, 24484.0 ], [ 71857.0, 24502.0 ], [ 71874.0, 24520.0 ], [ 71892.0, 24538.0 ], [ 71910.0, 24556.0 ], [ 71928.0, 24556.0 ], [ 71946.0, 24574.0 ], [ 71964.0, 24574.0 ], [ 71982.0, 24574.0 ], [ 72000.0, 24592.0 ], [ 72018.0, 24574.0 ], [ 72036.0, 24574.0 ], [ 72054.0, 24574.0 ], [ 72072.0, 24556.0 ], [ 72090.0, 24556.0 ], [ 72108.0, 24538.0 ], [ 72126.0, 24520.0 ], [ 72144.0, 24502.0 ], [ 72144.0, 24484.0 ], [ 72161.0, 24466.0 ], [ 72179.0, 24448.0 ], [ 72179.0, 24430.0 ], [ 72197.0, 24412.0 ], [ 72197.0, 24394.0 ], [ 72215.0, 24376.0 ], [ 72215.0, 24358.0 ], [ 72215.0, 24340.0 ], [ 72233.0, 24323.0 ], [ 72251.0, 24305.0 ], [ 72251.0, 24287.0 ], [ 72269.0, 24269.0 ], [ 72269.0, 24251.0 ], [ 72287.0, 24233.0 ], [ 72305.0, 24233.0 ], [ 72305.0, 24215.0 ], [ 72323.0, 24197.0 ], [ 72341.0, 24179.0 ], [ 72359.0, 24161.0 ], [ 72359.0, 24143.0 ], [ 72377.0, 24125.0 ], [ 72395.0, 24107.0 ], [ 72395.0, 24089.0 ], [ 72413.0, 24071.0 ], [ 72431.0, 24053.0 ], [ 72448.0, 24036.0 ], [ 72466.0, 24018.0 ], [ 72466.0, 24000.0 ], [ 72484.0, 23982.0 ], [ 72484.0, 23964.0 ], [ 72502.0, 23946.0 ], [ 72520.0, 23928.0 ], [ 72538.0, 23928.0 ], [ 72556.0, 23928.0 ], [ 72538.0, 23910.0 ], [ 72538.0, 23892.0 ], [ 72556.0, 23874.0 ], [ 72574.0, 23856.0 ], [ 72592.0, 23838.0 ], [ 72592.0, 23820.0 ], [ 72610.0, 23802.0 ], [ 72592.0, 23784.0 ], [ 72610.0, 23766.0 ], [ 72628.0, 23766.0 ], [ 72646.0, 23766.0 ], [ 72664.0, 23749.0 ], [ 72682.0, 23731.0 ], [ 72682.0, 23713.0 ], [ 72682.0, 23695.0 ], [ 72700.0, 23677.0 ], [ 72718.0, 23659.0 ], [ 72735.0, 23641.0 ], [ 72753.0, 23623.0 ], [ 72771.0, 23605.0 ], [ 72789.0, 23587.0 ], [ 72789.0, 23569.0 ], [ 72807.0, 23551.0 ], [ 72825.0, 23551.0 ], [ 72825.0, 23533.0 ], [ 72843.0, 23515.0 ], [ 72843.0, 23497.0 ], [ 72861.0, 23479.0 ], [ 72879.0, 23462.0 ], [ 72897.0, 23444.0 ], [ 72915.0, 23426.0 ], [ 72933.0, 23408.0 ], [ 72951.0, 23408.0 ], [ 72969.0, 23408.0 ], [ 72951.0, 23390.0 ], [ 72969.0, 23372.0 ], [ 72987.0, 23354.0 ], [ 73005.0, 23336.0 ], [ 73022.0, 23318.0 ], [ 73040.0, 23300.0 ], [ 73040.0, 23282.0 ], [ 73058.0, 23264.0 ], [ 73076.0, 23246.0 ], [ 73094.0, 23228.0 ], [ 73112.0, 23210.0 ], [ 73130.0, 23192.0 ], [ 73148.0, 23192.0 ], [ 73148.0, 23175.0 ], [ 73148.0, 23157.0 ], [ 73166.0, 23139.0 ], [ 73184.0, 23121.0 ], [ 73202.0, 23103.0 ], [ 73220.0, 23085.0 ], [ 73238.0, 23085.0 ], [ 73256.0, 23067.0 ], [ 73256.0, 23049.0 ], [ 73274.0, 23031.0 ], [ 73292.0, 23013.0 ], [ 73309.0, 23013.0 ], [ 73327.0, 22995.0 ], [ 73345.0, 22995.0 ], [ 73327.0, 22977.0 ], [ 73345.0, 22959.0 ], [ 73345.0, 22941.0 ], [ 73363.0, 22923.0 ], [ 73381.0, 22905.0 ], [ 73399.0, 22888.0 ], [ 73417.0, 22870.0 ], [ 73417.0, 22852.0 ], [ 73435.0, 22834.0 ], [ 73453.0, 22816.0 ], [ 73471.0, 22816.0 ], [ 73471.0, 22798.0 ], [ 73489.0, 22780.0 ], [ 73507.0, 22762.0 ], [ 73525.0, 22744.0 ], [ 73543.0, 22726.0 ], [ 73561.0, 22708.0 ], [ 73561.0, 22690.0 ], [ 73561.0, 22672.0 ], [ 73578.0, 22654.0 ], [ 73596.0, 22654.0 ], [ 73614.0, 22636.0 ], [ 73632.0, 22618.0 ], [ 73650.0, 22601.0 ], [ 73668.0, 22583.0 ], [ 73686.0, 22565.0 ], [ 73704.0, 22565.0 ], [ 73722.0, 22583.0 ], [ 73722.0, 22565.0 ], [ 73740.0, 22547.0 ], [ 73758.0, 22547.0 ], [ 73776.0, 22547.0 ], [ 73794.0, 22547.0 ], [ 73794.0, 22529.0 ], [ 73794.0, 22511.0 ], [ 73776.0, 22493.0 ], [ 73794.0, 22475.0 ], [ 73794.0, 22457.0 ], [ 73812.0, 22439.0 ], [ 73812.0, 22421.0 ], [ 73812.0, 22403.0 ], [ 73830.0, 22385.0 ], [ 73848.0, 22385.0 ], [ 73865.0, 22367.0 ], [ 73883.0, 22349.0 ], [ 73883.0, 22331.0 ], [ 73883.0, 22314.0 ], [ 73883.0, 22296.0 ], [ 73883.0, 22278.0 ], [ 73883.0, 22260.0 ], [ 73883.0, 22242.0 ], [ 73883.0, 22224.0 ], [ 73883.0, 22206.0 ], [ 73883.0, 22188.0 ], [ 73883.0, 22170.0 ], [ 73883.0, 22152.0 ], [ 73883.0, 22134.0 ], [ 73883.0, 22116.0 ], [ 73883.0, 22098.0 ], [ 73883.0, 22080.0 ], [ 73883.0, 22062.0 ], [ 73883.0, 22045.0 ], [ 73883.0, 22027.0 ], [ 73883.0, 22009.0 ], [ 73865.0, 21991.0 ], [ 73865.0, 21973.0 ], [ 73865.0, 21955.0 ], [ 73883.0, 21937.0 ], [ 73883.0, 21919.0 ], [ 73883.0, 21901.0 ], [ 73883.0, 21883.0 ], [ 73883.0, 21865.0 ], [ 73901.0, 21847.0 ], [ 73919.0, 21847.0 ], [ 73937.0, 21847.0 ], [ 73955.0, 21847.0 ], [ 73973.0, 21847.0 ], [ 73991.0, 21847.0 ], [ 74009.0, 21847.0 ], [ 74027.0, 21847.0 ], [ 74045.0, 21847.0 ], [ 74063.0, 21847.0 ], [ 74081.0, 21847.0 ], [ 74099.0, 21847.0 ], [ 74117.0, 21847.0 ], [ 74135.0, 21847.0 ], [ 74152.0, 21847.0 ], [ 74170.0, 21847.0 ], [ 74188.0, 21847.0 ], [ 74206.0, 21847.0 ], [ 74224.0, 21847.0 ], [ 74242.0, 21847.0 ], [ 74260.0, 21847.0 ], [ 74278.0, 21847.0 ], [ 74296.0, 21847.0 ], [ 74314.0, 21847.0 ], [ 74332.0, 21847.0 ], [ 74350.0, 21847.0 ], [ 74368.0, 21847.0 ], [ 74386.0, 21847.0 ], [ 74404.0, 21847.0 ], [ 74404.0, 21829.0 ], [ 74422.0, 21811.0 ], [ 74439.0, 21793.0 ], [ 74457.0, 21775.0 ], [ 74475.0, 21758.0 ], [ 74493.0, 21775.0 ], [ 74511.0, 21775.0 ], [ 74511.0, 21758.0 ], [ 74493.0, 21740.0 ], [ 74511.0, 21722.0 ], [ 74529.0, 21704.0 ], [ 74529.0, 21686.0 ], [ 74529.0, 21668.0 ], [ 74547.0, 21650.0 ], [ 74565.0, 21632.0 ], [ 74583.0, 21614.0 ], [ 74601.0, 21596.0 ], [ 74619.0, 21596.0 ], [ 74637.0, 21596.0 ], [ 74655.0, 21596.0 ], [ 74673.0, 21578.0 ], [ 74691.0, 21578.0 ], [ 74709.0, 21560.0 ], [ 74709.0, 21542.0 ], [ 74726.0, 21524.0 ], [ 74744.0, 21506.0 ], [ 74762.0, 21488.0 ], [ 74780.0, 21471.0 ], [ 74798.0, 21453.0 ], [ 74816.0, 21435.0 ], [ 74834.0, 21417.0 ], [ 74852.0, 21399.0 ], [ 74870.0, 21381.0 ], [ 74870.0, 21363.0 ], [ 74888.0, 21345.0 ], [ 74906.0, 21345.0 ], [ 74924.0, 21327.0 ], [ 74924.0, 21309.0 ], [ 74942.0, 21291.0 ], [ 74960.0, 21273.0 ], [ 74978.0, 21273.0 ], [ 74996.0, 21255.0 ], [ 75013.0, 21237.0 ], [ 75031.0, 21219.0 ], [ 75049.0, 21219.0 ], [ 75049.0, 21201.0 ], [ 75067.0, 21184.0 ], [ 75085.0, 21166.0 ], [ 75103.0, 21148.0 ], [ 75121.0, 21166.0 ], [ 75139.0, 21148.0 ], [ 75139.0, 21130.0 ], [ 75139.0, 21112.0 ], [ 75139.0, 21094.0 ], [ 75157.0, 21076.0 ], [ 75175.0, 21058.0 ], [ 75193.0, 21040.0 ], [ 75211.0, 21022.0 ], [ 75229.0, 21004.0 ], [ 75247.0, 20986.0 ], [ 75265.0, 20968.0 ], [ 75283.0, 20950.0 ], [ 75300.0, 20932.0 ], [ 75318.0, 20914.0 ], [ 75336.0, 20897.0 ], [ 75354.0, 20879.0 ], [ 75372.0, 20861.0 ], [ 75390.0, 20879.0 ], [ 75390.0, 20897.0 ], [ 75372.0, 20914.0 ], [ 75372.0, 20932.0 ], [ 75390.0, 20932.0 ], [ 75408.0, 20932.0 ], [ 75426.0, 20914.0 ], [ 75426.0, 20897.0 ], [ 75426.0, 20879.0 ], [ 75426.0, 20861.0 ], [ 75426.0, 20843.0 ], [ 75426.0, 20825.0 ], [ 75444.0, 20807.0 ], [ 75444.0, 20789.0 ], [ 75462.0, 20771.0 ], [ 75480.0, 20771.0 ], [ 75480.0, 20753.0 ], [ 75498.0, 20735.0 ], [ 75516.0, 20717.0 ], [ 75534.0, 20699.0 ], [ 75552.0, 20699.0 ], [ 75552.0, 20681.0 ], [ 75570.0, 20663.0 ], [ 75587.0, 20663.0 ], [ 75605.0, 20645.0 ], [ 75623.0, 20627.0 ], [ 75623.0, 20610.0 ], [ 75641.0, 20592.0 ], [ 75659.0, 20592.0 ], [ 75659.0, 20574.0 ], [ 75677.0, 20556.0 ], [ 75695.0, 20556.0 ], [ 75713.0, 20538.0 ], [ 75731.0, 20520.0 ], [ 75749.0, 20502.0 ], [ 75767.0, 20484.0 ], [ 75785.0, 20466.0 ], [ 75803.0, 20448.0 ], [ 75821.0, 20448.0 ], [ 75821.0, 20430.0 ], [ 75839.0, 20412.0 ], [ 75857.0, 20394.0 ], [ 75874.0, 20376.0 ], [ 75892.0, 20358.0 ], [ 75910.0, 20340.0 ], [ 75928.0, 20323.0 ], [ 75946.0, 20323.0 ], [ 75964.0, 20305.0 ], [ 75964.0, 20287.0 ], [ 75982.0, 20269.0 ], [ 76000.0, 20251.0 ], [ 76018.0, 20251.0 ], [ 76036.0, 20233.0 ], [ 76054.0, 20215.0 ], [ 76072.0, 20197.0 ], [ 76090.0, 20179.0 ], [ 76108.0, 20161.0 ], [ 76126.0, 20143.0 ], [ 76144.0, 20125.0 ], [ 76161.0, 20125.0 ], [ 76179.0, 20107.0 ], [ 76197.0, 20089.0 ], [ 76215.0, 20071.0 ], [ 76215.0, 20053.0 ], [ 76233.0, 20036.0 ], [ 76251.0, 20018.0 ], [ 76269.0, 20018.0 ], [ 76287.0, 20000.0 ], [ 76305.0, 19982.0 ], [ 76323.0, 19964.0 ], [ 76341.0, 19946.0 ], [ 76359.0, 19946.0 ], [ 76377.0, 19928.0 ], [ 76395.0, 19910.0 ], [ 76413.0, 19892.0 ], [ 76431.0, 19874.0 ], [ 76448.0, 19856.0 ], [ 76466.0, 19838.0 ], [ 76484.0, 19838.0 ], [ 76502.0, 19820.0 ], [ 76502.0, 19802.0 ], [ 76502.0, 19784.0 ], [ 76520.0, 19766.0 ], [ 76538.0, 19766.0 ], [ 76556.0, 19766.0 ], [ 76574.0, 19766.0 ], [ 76592.0, 19749.0 ], [ 76610.0, 19731.0 ], [ 76628.0, 19713.0 ], [ 76646.0, 19695.0 ], [ 76664.0, 19677.0 ], [ 76682.0, 19659.0 ], [ 76700.0, 19641.0 ], [ 76718.0, 19623.0 ], [ 76735.0, 19605.0 ], [ 76753.0, 19587.0 ], [ 76771.0, 19569.0 ], [ 76789.0, 19551.0 ], [ 76807.0, 19533.0 ], [ 76825.0, 19533.0 ], [ 76843.0, 19515.0 ], [ 76861.0, 19497.0 ], [ 76879.0, 19479.0 ], [ 76897.0, 19462.0 ], [ 76915.0, 19444.0 ], [ 76933.0, 19426.0 ], [ 76951.0, 19408.0 ], [ 76969.0, 19408.0 ], [ 76987.0, 19390.0 ], [ 77005.0, 19372.0 ], [ 77005.0, 19354.0 ], [ 77005.0, 19336.0 ], [ 77022.0, 19318.0 ], [ 77040.0, 19318.0 ], [ 77058.0, 19300.0 ], [ 77076.0, 19300.0 ], [ 77094.0, 19282.0 ], [ 77112.0, 19264.0 ], [ 77130.0, 19246.0 ], [ 77148.0, 19228.0 ], [ 77166.0, 19210.0 ], [ 77184.0, 19192.0 ], [ 77202.0, 19175.0 ], [ 77220.0, 19157.0 ], [ 77238.0, 19157.0 ], [ 77256.0, 19139.0 ], [ 77274.0, 19121.0 ], [ 77292.0, 19103.0 ], [ 77309.0, 19085.0 ], [ 77327.0, 19067.0 ], [ 77345.0, 19049.0 ], [ 77363.0, 19031.0 ], [ 77381.0, 19031.0 ], [ 77399.0, 19013.0 ], [ 77417.0, 18995.0 ], [ 77435.0, 18977.0 ], [ 77453.0, 18959.0 ], [ 77471.0, 18941.0 ], [ 77489.0, 18923.0 ], [ 77507.0, 18923.0 ], [ 77525.0, 18905.0 ], [ 77543.0, 18888.0 ], [ 77561.0, 18870.0 ], [ 77579.0, 18852.0 ], [ 77596.0, 18834.0 ], [ 77614.0, 18816.0 ], [ 77632.0, 18798.0 ], [ 77650.0, 18780.0 ], [ 77650.0, 18762.0 ], [ 77650.0, 18744.0 ], [ 77668.0, 18726.0 ], [ 77686.0, 18726.0 ], [ 77704.0, 18726.0 ], [ 77722.0, 18726.0 ], [ 77740.0, 18708.0 ], [ 77758.0, 18690.0 ], [ 77776.0, 18672.0 ], [ 77794.0, 18654.0 ], [ 77812.0, 18636.0 ], [ 77830.0, 18618.0 ], [ 77848.0, 18601.0 ], [ 77866.0, 18583.0 ], [ 77883.0, 18565.0 ], [ 77901.0, 18547.0 ], [ 77919.0, 18547.0 ], [ 77937.0, 18529.0 ], [ 77955.0, 18511.0 ], [ 77973.0, 18493.0 ], [ 77991.0, 18475.0 ], [ 78009.0, 18457.0 ], [ 78027.0, 18439.0 ], [ 78045.0, 18439.0 ], [ 78063.0, 18421.0 ], [ 78063.0, 18403.0 ], [ 78081.0, 18385.0 ], [ 78099.0, 18367.0 ], [ 78117.0, 18367.0 ], [ 78135.0, 18349.0 ], [ 78153.0, 18331.0 ], [ 78170.0, 18314.0 ], [ 78188.0, 18296.0 ], [ 78206.0, 18278.0 ], [ 78224.0, 18260.0 ], [ 78242.0, 18242.0 ], [ 78260.0, 18224.0 ], [ 78278.0, 18206.0 ], [ 78296.0, 18188.0 ], [ 78314.0, 18170.0 ], [ 78332.0, 18152.0 ], [ 78350.0, 18134.0 ], [ 78368.0, 18116.0 ], [ 78386.0, 18098.0 ], [ 78404.0, 18098.0 ], [ 78422.0, 18080.0 ], [ 78440.0, 18062.0 ], [ 78457.0, 18044.0 ], [ 78475.0, 18027.0 ], [ 78493.0, 18009.0 ], [ 78511.0, 17991.0 ], [ 78529.0, 17973.0 ], [ 78547.0, 17955.0 ], [ 78565.0, 17937.0 ], [ 78583.0, 17919.0 ], [ 78601.0, 17901.0 ], [ 78619.0, 17883.0 ], [ 78637.0, 17883.0 ], [ 78655.0, 17865.0 ], [ 78673.0, 17847.0 ], [ 78691.0, 17829.0 ], [ 78709.0, 17811.0 ], [ 78727.0, 17793.0 ], [ 78744.0, 17775.0 ], [ 78744.0, 17757.0 ], [ 78762.0, 17740.0 ], [ 78762.0, 17722.0 ], [ 78780.0, 17704.0 ], [ 78798.0, 17686.0 ], [ 78816.0, 17686.0 ], [ 78834.0, 17686.0 ], [ 78852.0, 17686.0 ], [ 78870.0, 17686.0 ], [ 78870.0, 17668.0 ], [ 78888.0, 17650.0 ], [ 78906.0, 17632.0 ], [ 78924.0, 17614.0 ], [ 78942.0, 17596.0 ], [ 78960.0, 17578.0 ], [ 78978.0, 17560.0 ], [ 78996.0, 17542.0 ], [ 79014.0, 17524.0 ], [ 79031.0, 17506.0 ], [ 79049.0, 17488.0 ], [ 79067.0, 17470.0 ], [ 79085.0, 17453.0 ], [ 79103.0, 17435.0 ], [ 79103.0, 17417.0 ], [ 79121.0, 17399.0 ], [ 79139.0, 17381.0 ], [ 79157.0, 17363.0 ], [ 79175.0, 17345.0 ], [ 79193.0, 17327.0 ], [ 79211.0, 17309.0 ], [ 79211.0, 17291.0 ], [ 79229.0, 17273.0 ], [ 79247.0, 17255.0 ], [ 79265.0, 17237.0 ], [ 79283.0, 17237.0 ], [ 79301.0, 17219.0 ], [ 79318.0, 17201.0 ], [ 79336.0, 17183.0 ], [ 79354.0, 17166.0 ], [ 79372.0, 17148.0 ], [ 79390.0, 17130.0 ], [ 79408.0, 17112.0 ], [ 79426.0, 17094.0 ], [ 79444.0, 17076.0 ], [ 79462.0, 17058.0 ], [ 79462.0, 17040.0 ], [ 79480.0, 17022.0 ], [ 79498.0, 17004.0 ], [ 79516.0, 16986.0 ], [ 79516.0, 16968.0 ], [ 79534.0, 16950.0 ], [ 79552.0, 16950.0 ], [ 79570.0, 16932.0 ], [ 79588.0, 16914.0 ], [ 79605.0, 16896.0 ], [ 79623.0, 16896.0 ], [ 79623.0, 16879.0 ], [ 79641.0, 16861.0 ], [ 79659.0, 16843.0 ], [ 79677.0, 16825.0 ], [ 79695.0, 16825.0 ], [ 79713.0, 16807.0 ], [ 79731.0, 16789.0 ], [ 79749.0, 16771.0 ], [ 79749.0, 16753.0 ], [ 79767.0, 16735.0 ], [ 79785.0, 16717.0 ], [ 79803.0, 16699.0 ], [ 79803.0, 16681.0 ], [ 79803.0, 16663.0 ], [ 79821.0, 16645.0 ], [ 79839.0, 16645.0 ], [ 79857.0, 16645.0 ], [ 79875.0, 16645.0 ], [ 79875.0, 16627.0 ], [ 79892.0, 16609.0 ], [ 79910.0, 16592.0 ], [ 79928.0, 16574.0 ], [ 79946.0, 16556.0 ], [ 79964.0, 16538.0 ], [ 79982.0, 16520.0 ], [ 80000.0, 16502.0 ], [ 80018.0, 16484.0 ], [ 80036.0, 16466.0 ], [ 80036.0, 16448.0 ], [ 80054.0, 16430.0 ], [ 80072.0, 16412.0 ], [ 80090.0, 16394.0 ], [ 80108.0, 16376.0 ], [ 80126.0, 16358.0 ], [ 80144.0, 16358.0 ], [ 80144.0, 16340.0 ], [ 80144.0, 16322.0 ], [ 80144.0, 16305.0 ], [ 80162.0, 16287.0 ], [ 80179.0, 16305.0 ], [ 80197.0, 16287.0 ], [ 80197.0, 16269.0 ], [ 80215.0, 16251.0 ], [ 80233.0, 16233.0 ], [ 80251.0, 16215.0 ], [ 80269.0, 16197.0 ], [ 80269.0, 16179.0 ], [ 80287.0, 16161.0 ], [ 80305.0, 16143.0 ], [ 80323.0, 16125.0 ], [ 80341.0, 16107.0 ], [ 80341.0, 16089.0 ], [ 80359.0, 16071.0 ], [ 80359.0, 16053.0 ], [ 80377.0, 16035.0 ], [ 80395.0, 16018.0 ], [ 80395.0, 16000.0 ], [ 80395.0, 15982.0 ], [ 80413.0, 15964.0 ], [ 80413.0, 15946.0 ], [ 80431.0, 15928.0 ], [ 80449.0, 15928.0 ], [ 80466.0, 15928.0 ], [ 80484.0, 15910.0 ], [ 80484.0, 15892.0 ], [ 80502.0, 15874.0 ], [ 80520.0, 15856.0 ], [ 80520.0, 15838.0 ], [ 80538.0, 15820.0 ], [ 80556.0, 15802.0 ], [ 80574.0, 15784.0 ], [ 80592.0, 15766.0 ], [ 80610.0, 15748.0 ], [ 80628.0, 15731.0 ], [ 80628.0, 15713.0 ], [ 80646.0, 15695.0 ], [ 80664.0, 15677.0 ], [ 80682.0, 15659.0 ], [ 80700.0, 15641.0 ], [ 80700.0, 15623.0 ], [ 80718.0, 15605.0 ], [ 80736.0, 15605.0 ], [ 80736.0, 15587.0 ], [ 80753.0, 15569.0 ], [ 80771.0, 15551.0 ], [ 80789.0, 15533.0 ], [ 80807.0, 15515.0 ], [ 80807.0, 15497.0 ], [ 80825.0, 15479.0 ], [ 80843.0, 15461.0 ], [ 80861.0, 15444.0 ], [ 80861.0, 15426.0 ], [ 80879.0, 15408.0 ], [ 80897.0, 15390.0 ], [ 80915.0, 15372.0 ], [ 80915.0, 15354.0 ], [ 80933.0, 15336.0 ], [ 80951.0, 15318.0 ], [ 80969.0, 15300.0 ], [ 80969.0, 15282.0 ], [ 80987.0, 15264.0 ], [ 81005.0, 15246.0 ], [ 81022.0, 15228.0 ], [ 81022.0, 15210.0 ], [ 81040.0, 15192.0 ], [ 81058.0, 15174.0 ], [ 81076.0, 15157.0 ], [ 81076.0, 15139.0 ], [ 81094.0, 15121.0 ], [ 81112.0, 15103.0 ], [ 81130.0, 15085.0 ], [ 81130.0, 15067.0 ], [ 81148.0, 15049.0 ], [ 81166.0, 15031.0 ], [ 81184.0, 15013.0 ], [ 81184.0, 14995.0 ], [ 81184.0, 14977.0 ], [ 81184.0, 14959.0 ], [ 81184.0, 14941.0 ], [ 81184.0, 14923.0 ], [ 81184.0, 14905.0 ], [ 81184.0, 14887.0 ], [ 81184.0, 14870.0 ], [ 81184.0, 14852.0 ], [ 81184.0, 14834.0 ], [ 81184.0, 14816.0 ], [ 81184.0, 14798.0 ], [ 81184.0, 14780.0 ], [ 81184.0, 14762.0 ], [ 81184.0, 14744.0 ], [ 81184.0, 14726.0 ], [ 81184.0, 14708.0 ], [ 81184.0, 14690.0 ], [ 81184.0, 14672.0 ], [ 81184.0, 14654.0 ], [ 81184.0, 14636.0 ], [ 81184.0, 14618.0 ], [ 81184.0, 14601.0 ], [ 81184.0, 14583.0 ], [ 81202.0, 14565.0 ], [ 81220.0, 14565.0 ], [ 81238.0, 14565.0 ], [ 81256.0, 14565.0 ], [ 81274.0, 14565.0 ], [ 81292.0, 14565.0 ], [ 81309.0, 14565.0 ], [ 81327.0, 14565.0 ], [ 81345.0, 14565.0 ], [ 81363.0, 14565.0 ], [ 81381.0, 14565.0 ], [ 81399.0, 14565.0 ], [ 81417.0, 14565.0 ], [ 81435.0, 14565.0 ], [ 81453.0, 14565.0 ], [ 81471.0, 14565.0 ], [ 81489.0, 14565.0 ], [ 81507.0, 14565.0 ], [ 81525.0, 14565.0 ], [ 81543.0, 14547.0 ], [ 81561.0, 14529.0 ], [ 81561.0, 14511.0 ], [ 81579.0, 14493.0 ], [ 81596.0, 14475.0 ], [ 81614.0, 14457.0 ], [ 81632.0, 14439.0 ], [ 81650.0, 14421.0 ], [ 81650.0, 14403.0 ], [ 81668.0, 14385.0 ], [ 81686.0, 14367.0 ], [ 81704.0, 14349.0 ], [ 81722.0, 14331.0 ], [ 81722.0, 14314.0 ], [ 81740.0, 14296.0 ], [ 81758.0, 14278.0 ], [ 81758.0, 14260.0 ], [ 81776.0, 14242.0 ], [ 81794.0, 14224.0 ], [ 81812.0, 14206.0 ], [ 81812.0, 14188.0 ], [ 81830.0, 14170.0 ], [ 81848.0, 14152.0 ], [ 81848.0, 14134.0 ], [ 81866.0, 14116.0 ], [ 81883.0, 14098.0 ], [ 81901.0, 14080.0 ], [ 81919.0, 14062.0 ], [ 81919.0, 14044.0 ], [ 81937.0, 14027.0 ], [ 81955.0, 14009.0 ], [ 81973.0, 13991.0 ], [ 81991.0, 13973.0 ], [ 81991.0, 13955.0 ], [ 82009.0, 13937.0 ], [ 82027.0, 13919.0 ], [ 82045.0, 13901.0 ], [ 82045.0, 13883.0 ], [ 82063.0, 13865.0 ], [ 82081.0, 13847.0 ], [ 82099.0, 13829.0 ], [ 82117.0, 13811.0 ], [ 82135.0, 13793.0 ], [ 82135.0, 13775.0 ], [ 82153.0, 13757.0 ], [ 82170.0, 13740.0 ], [ 82188.0, 13722.0 ], [ 82206.0, 13704.0 ], [ 82224.0, 13686.0 ], [ 82224.0, 13668.0 ], [ 82224.0, 13650.0 ], [ 82224.0, 13632.0 ], [ 82224.0, 13614.0 ], [ 82224.0, 13596.0 ], [ 82224.0, 13578.0 ], [ 82224.0, 13560.0 ], [ 82224.0, 13542.0 ], [ 82242.0, 13524.0 ], [ 82260.0, 13524.0 ], [ 82278.0, 13524.0 ], [ 82296.0, 13524.0 ], [ 82314.0, 13524.0 ], [ 82332.0, 13524.0 ], [ 82350.0, 13524.0 ], [ 82368.0, 13506.0 ], [ 82386.0, 13488.0 ], [ 82386.0, 13470.0 ], [ 82404.0, 13453.0 ], [ 82422.0, 13435.0 ], [ 82440.0, 13417.0 ], [ 82440.0, 13399.0 ], [ 82457.0, 13381.0 ], [ 82475.0, 13363.0 ], [ 82493.0, 13345.0 ], [ 82511.0, 13327.0 ], [ 82511.0, 13309.0 ], [ 82529.0, 13291.0 ], [ 82547.0, 13273.0 ], [ 82547.0, 13255.0 ], [ 82565.0, 13237.0 ], [ 82583.0, 13219.0 ], [ 82601.0, 13201.0 ], [ 82601.0, 13183.0 ], [ 82619.0, 13166.0 ], [ 82637.0, 13148.0 ], [ 82655.0, 13130.0 ], [ 82655.0, 13112.0 ], [ 82673.0, 13094.0 ], [ 82691.0, 13076.0 ], [ 82709.0, 13058.0 ], [ 82727.0, 13040.0 ], [ 82727.0, 13022.0 ], [ 82744.0, 13004.0 ], [ 82762.0, 12986.0 ], [ 82780.0, 12968.0 ], [ 82798.0, 12950.0 ], [ 82798.0, 12932.0 ], [ 82816.0, 12914.0 ], [ 82834.0, 12896.0 ], [ 82852.0, 12879.0 ], [ 82852.0, 12861.0 ], [ 82870.0, 12843.0 ], [ 82888.0, 12825.0 ], [ 82906.0, 12807.0 ], [ 82924.0, 12789.0 ], [ 82924.0, 12771.0 ], [ 82942.0, 12753.0 ], [ 82960.0, 12735.0 ], [ 82978.0, 12717.0 ], [ 82978.0, 12699.0 ], [ 82996.0, 12681.0 ], [ 83014.0, 12663.0 ], [ 83031.0, 12645.0 ], [ 83031.0, 12627.0 ], [ 83049.0, 12609.0 ], [ 83067.0, 12592.0 ], [ 83085.0, 12574.0 ], [ 83085.0, 12556.0 ], [ 83103.0, 12538.0 ], [ 83121.0, 12520.0 ], [ 83121.0, 12502.0 ], [ 83139.0, 12484.0 ], [ 83157.0, 12466.0 ], [ 83175.0, 12448.0 ], [ 83193.0, 12430.0 ], [ 83211.0, 12412.0 ], [ 83229.0, 12394.0 ], [ 83229.0, 12376.0 ], [ 83247.0, 12358.0 ], [ 83265.0, 12358.0 ], [ 83265.0, 12340.0 ], [ 83265.0, 12322.0 ], [ 83283.0, 12305.0 ], [ 83301.0, 12305.0 ], [ 83318.0, 12287.0 ], [ 83336.0, 12269.0 ], [ 83336.0, 12251.0 ], [ 83354.0, 12233.0 ], [ 83372.0, 12215.0 ], [ 83390.0, 12197.0 ], [ 83390.0, 12179.0 ], [ 83408.0, 12161.0 ], [ 83426.0, 12143.0 ], [ 83444.0, 12125.0 ], [ 83444.0, 12107.0 ], [ 83462.0, 12089.0 ], [ 83480.0, 12071.0 ], [ 83498.0, 12053.0 ], [ 83516.0, 12035.0 ], [ 83516.0, 12018.0 ], [ 83534.0, 12000.0 ], [ 83534.0, 11982.0 ], [ 83552.0, 11964.0 ], [ 83570.0, 11946.0 ], [ 83570.0, 11928.0 ], [ 83588.0, 11910.0 ], [ 83605.0, 11910.0 ], [ 83605.0, 11892.0 ], [ 83623.0, 11874.0 ], [ 83641.0, 11856.0 ], [ 83659.0, 11838.0 ], [ 83677.0, 11820.0 ], [ 83677.0, 11802.0 ], [ 83695.0, 11784.0 ], [ 83713.0, 11766.0 ], [ 83731.0, 11748.0 ], [ 83731.0, 11731.0 ], [ 83749.0, 11713.0 ], [ 83767.0, 11695.0 ], [ 83785.0, 11677.0 ], [ 83785.0, 11659.0 ], [ 83803.0, 11641.0 ], [ 83821.0, 11623.0 ], [ 83821.0, 11605.0 ], [ 83839.0, 11587.0 ], [ 83857.0, 11569.0 ], [ 83857.0, 11551.0 ], [ 83875.0, 11533.0 ], [ 83892.0, 11515.0 ], [ 83892.0, 11497.0 ], [ 83892.0, 11479.0 ], [ 83910.0, 11461.0 ], [ 83928.0, 11444.0 ], [ 83946.0, 11444.0 ], [ 83946.0, 11426.0 ], [ 83964.0, 11408.0 ], [ 83964.0, 11390.0 ], [ 83982.0, 11372.0 ], [ 84000.0, 11354.0 ], [ 84000.0, 11336.0 ], [ 84018.0, 11318.0 ], [ 84036.0, 11300.0 ], [ 84036.0, 11282.0 ], [ 84054.0, 11264.0 ], [ 84072.0, 11246.0 ], [ 84072.0, 11228.0 ], [ 84090.0, 11210.0 ], [ 84090.0, 11192.0 ], [ 84108.0, 11174.0 ], [ 84108.0, 11157.0 ], [ 84126.0, 11139.0 ], [ 84144.0, 11121.0 ], [ 84144.0, 11103.0 ], [ 84162.0, 11085.0 ], [ 84162.0, 11067.0 ], [ 84179.0, 11049.0 ], [ 84197.0, 11031.0 ], [ 84197.0, 11013.0 ], [ 84215.0, 10995.0 ], [ 84215.0, 10977.0 ], [ 84233.0, 10959.0 ], [ 84251.0, 10941.0 ], [ 84251.0, 10923.0 ], [ 84269.0, 10905.0 ], [ 84269.0, 10887.0 ], [ 84287.0, 10870.0 ], [ 84305.0, 10852.0 ], [ 84305.0, 10834.0 ], [ 84305.0, 10816.0 ], [ 84305.0, 10798.0 ], [ 84305.0, 10780.0 ], [ 84305.0, 10762.0 ], [ 84305.0, 10744.0 ], [ 84305.0, 10726.0 ], [ 84305.0, 10708.0 ], [ 84305.0, 10690.0 ], [ 84305.0, 10672.0 ], [ 84305.0, 10654.0 ], [ 84305.0, 10636.0 ], [ 84305.0, 10618.0 ], [ 84305.0, 10600.0 ], [ 84305.0, 10583.0 ], [ 84305.0, 10565.0 ], [ 84305.0, 10547.0 ], [ 84305.0, 10529.0 ], [ 84305.0, 10511.0 ], [ 84305.0, 10493.0 ], [ 84305.0, 10475.0 ], [ 84305.0, 10457.0 ], [ 84305.0, 10439.0 ], [ 84305.0, 10421.0 ], [ 84305.0, 10403.0 ], [ 84323.0, 10385.0 ], [ 84341.0, 10385.0 ], [ 84359.0, 10385.0 ], [ 84377.0, 10385.0 ], [ 84395.0, 10385.0 ], [ 84413.0, 10385.0 ], [ 84431.0, 10385.0 ], [ 84449.0, 10385.0 ], [ 84466.0, 10385.0 ], [ 84484.0, 10385.0 ], [ 84502.0, 10385.0 ], [ 84520.0, 10385.0 ], [ 84538.0, 10385.0 ], [ 84556.0, 10385.0 ], [ 84574.0, 10385.0 ], [ 84592.0, 10385.0 ], [ 84592.0, 10367.0 ], [ 84610.0, 10349.0 ], [ 84628.0, 10331.0 ], [ 84628.0, 10313.0 ], [ 84646.0, 10296.0 ], [ 84646.0, 10278.0 ], [ 84664.0, 10260.0 ], [ 84682.0, 10242.0 ], [ 84682.0, 10224.0 ], [ 84700.0, 10206.0 ], [ 84718.0, 10188.0 ], [ 84718.0, 10170.0 ], [ 84736.0, 10152.0 ], [ 84753.0, 10134.0 ], [ 84753.0, 10116.0 ], [ 84771.0, 10098.0 ], [ 84789.0, 10080.0 ], [ 84807.0, 10062.0 ], [ 84807.0, 10044.0 ], [ 84825.0, 10026.0 ], [ 84825.0, 10009.0 ], [ 84843.0, 9991.0 ], [ 84861.0, 9973.0 ], [ 84879.0, 9955.0 ], [ 84879.0, 9937.0 ], [ 84897.0, 9919.0 ], [ 84897.0, 9901.0 ], [ 84915.0, 9883.0 ], [ 84933.0, 9865.0 ], [ 84933.0, 9847.0 ], [ 84951.0, 9829.0 ], [ 84969.0, 9811.0 ], [ 84969.0, 9793.0 ], [ 84987.0, 9775.0 ], [ 85005.0, 9757.0 ], [ 85005.0, 9739.0 ], [ 85023.0, 9722.0 ], [ 85040.0, 9704.0 ], [ 85058.0, 9686.0 ], [ 85058.0, 9668.0 ], [ 85058.0, 9650.0 ], [ 85076.0, 9632.0 ], [ 85094.0, 9614.0 ], [ 85094.0, 9596.0 ], [ 85112.0, 9578.0 ], [ 85112.0, 9560.0 ], [ 85130.0, 9542.0 ], [ 85130.0, 9524.0 ], [ 85148.0, 9506.0 ], [ 85148.0, 9488.0 ], [ 85166.0, 9470.0 ], [ 85166.0, 9452.0 ], [ 85166.0, 9435.0 ], [ 85166.0, 9417.0 ], [ 85184.0, 9399.0 ], [ 85184.0, 9381.0 ], [ 85184.0, 9363.0 ], [ 85166.0, 9363.0 ], [ 85148.0, 9363.0 ], [ 85130.0, 9363.0 ], [ 85112.0, 9363.0 ], [ 85094.0, 9363.0 ], [ 85076.0, 9363.0 ], [ 85058.0, 9363.0 ], [ 85040.0, 9363.0 ], [ 85023.0, 9363.0 ], [ 85005.0, 9363.0 ], [ 84987.0, 9363.0 ], [ 84969.0, 9363.0 ], [ 84951.0, 9363.0 ], [ 84933.0, 9363.0 ], [ 84915.0, 9363.0 ], [ 84897.0, 9363.0 ], [ 84879.0, 9363.0 ], [ 84861.0, 9363.0 ], [ 84843.0, 9363.0 ], [ 84825.0, 9363.0 ], [ 84807.0, 9363.0 ], [ 84789.0, 9363.0 ], [ 84771.0, 9363.0 ], [ 84753.0, 9363.0 ], [ 84736.0, 9363.0 ], [ 84718.0, 9363.0 ], [ 84700.0, 9363.0 ], [ 84682.0, 9363.0 ], [ 84664.0, 9363.0 ], [ 84646.0, 9363.0 ], [ 84628.0, 9363.0 ], [ 84610.0, 9363.0 ], [ 84592.0, 9363.0 ], [ 84574.0, 9363.0 ], [ 84556.0, 9363.0 ], [ 84538.0, 9363.0 ], [ 84520.0, 9363.0 ], [ 84502.0, 9363.0 ], [ 84484.0, 9363.0 ], [ 84466.0, 9363.0 ], [ 84449.0, 9363.0 ], [ 84431.0, 9363.0 ], [ 84413.0, 9363.0 ], [ 84395.0, 9363.0 ], [ 84377.0, 9363.0 ], [ 84359.0, 9381.0 ], [ 84341.0, 9381.0 ], [ 84323.0, 9399.0 ], [ 84305.0, 9399.0 ], [ 84287.0, 9399.0 ], [ 84269.0, 9417.0 ], [ 84251.0, 9417.0 ], [ 84233.0, 9435.0 ], [ 84215.0, 9435.0 ], [ 84197.0, 9435.0 ], [ 84179.0, 9452.0 ], [ 84162.0, 9452.0 ], [ 84144.0, 9470.0 ], [ 84126.0, 9470.0 ], [ 84108.0, 9488.0 ], [ 84090.0, 9488.0 ], [ 84072.0, 9506.0 ], [ 84054.0, 9506.0 ], [ 84036.0, 9506.0 ], [ 84018.0, 9524.0 ], [ 84000.0, 9524.0 ], [ 83982.0, 9542.0 ], [ 83964.0, 9542.0 ], [ 83946.0, 9560.0 ], [ 83928.0, 9560.0 ], [ 83910.0, 9578.0 ], [ 83892.0, 9578.0 ], [ 83875.0, 9596.0 ], [ 83857.0, 9596.0 ], [ 83839.0, 9614.0 ], [ 83821.0, 9614.0 ], [ 83803.0, 9632.0 ], [ 83785.0, 9632.0 ], [ 83767.0, 9650.0 ], [ 83749.0, 9650.0 ], [ 83731.0, 9668.0 ], [ 83713.0, 9686.0 ], [ 83695.0, 9686.0 ], [ 83677.0, 9704.0 ], [ 83659.0, 9704.0 ], [ 83641.0, 9722.0 ], [ 83623.0, 9722.0 ], [ 83605.0, 9739.0 ], [ 83588.0, 9739.0 ], [ 83570.0, 9739.0 ], [ 83552.0, 9757.0 ], [ 83534.0, 9775.0 ], [ 83516.0, 9775.0 ], [ 83498.0, 9793.0 ], [ 83480.0, 9793.0 ], [ 83462.0, 9811.0 ], [ 83444.0, 9811.0 ], [ 83426.0, 9829.0 ], [ 83408.0, 9829.0 ], [ 83390.0, 9847.0 ], [ 83372.0, 9865.0 ], [ 83354.0, 9865.0 ], [ 83336.0, 9883.0 ], [ 83318.0, 9883.0 ], [ 83301.0, 9901.0 ], [ 83283.0, 9901.0 ], [ 83265.0, 9919.0 ], [ 83247.0, 9937.0 ], [ 83229.0, 9937.0 ], [ 83211.0, 9955.0 ], [ 83193.0, 9955.0 ], [ 83175.0, 9973.0 ], [ 83157.0, 9991.0 ], [ 83139.0, 9991.0 ], [ 83121.0, 10009.0 ], [ 83103.0, 10009.0 ], [ 83085.0, 10026.0 ], [ 83067.0, 10044.0 ], [ 83049.0, 10044.0 ], [ 83031.0, 10062.0 ], [ 83014.0, 10062.0 ], [ 82996.0, 10080.0 ], [ 82978.0, 10098.0 ], [ 82960.0, 10098.0 ], [ 82942.0, 10116.0 ], [ 82924.0, 10116.0 ], [ 82906.0, 10134.0 ], [ 82888.0, 10134.0 ], [ 82870.0, 10152.0 ], [ 82852.0, 10170.0 ], [ 82834.0, 10170.0 ], [ 82816.0, 10188.0 ], [ 82798.0, 10188.0 ], [ 82780.0, 10206.0 ], [ 82762.0, 10206.0 ], [ 82744.0, 10224.0 ], [ 82727.0, 10242.0 ], [ 82709.0, 10242.0 ], [ 82709.0, 10260.0 ], [ 82691.0, 10278.0 ], [ 82673.0, 10278.0 ], [ 82655.0, 10278.0 ], [ 82637.0, 10278.0 ], [ 82619.0, 10296.0 ], [ 82601.0, 10296.0 ], [ 82583.0, 10296.0 ], [ 82565.0, 10313.0 ], [ 82547.0, 10313.0 ], [ 82529.0, 10313.0 ], [ 82511.0, 10313.0 ], [ 82493.0, 10331.0 ], [ 82475.0, 10349.0 ], [ 82457.0, 10349.0 ], [ 82440.0, 10367.0 ], [ 82422.0, 10367.0 ], [ 82404.0, 10367.0 ], [ 82386.0, 10385.0 ], [ 82368.0, 10403.0 ], [ 82350.0, 10403.0 ], [ 82332.0, 10403.0 ], [ 82314.0, 10403.0 ], [ 82296.0, 10403.0 ], [ 82278.0, 10403.0 ], [ 82260.0, 10421.0 ], [ 82242.0, 10421.0 ], [ 82224.0, 10439.0 ], [ 82206.0, 10439.0 ], [ 82188.0, 10457.0 ], [ 82170.0, 10457.0 ], [ 82153.0, 10457.0 ], [ 82135.0, 10475.0 ], [ 82117.0, 10475.0 ], [ 82099.0, 10493.0 ], [ 82081.0, 10493.0 ], [ 82063.0, 10493.0 ], [ 82045.0, 10511.0 ], [ 82027.0, 10511.0 ], [ 82009.0, 10529.0 ], [ 81991.0, 10529.0 ], [ 81973.0, 10529.0 ], [ 81955.0, 10547.0 ], [ 81937.0, 10547.0 ], [ 81919.0, 10565.0 ], [ 81901.0, 10565.0 ], [ 81883.0, 10583.0 ], [ 81866.0, 10583.0 ], [ 81848.0, 10600.0 ], [ 81830.0, 10600.0 ], [ 81812.0, 10618.0 ], [ 81794.0, 10618.0 ], [ 81776.0, 10618.0 ], [ 81758.0, 10636.0 ], [ 81740.0, 10636.0 ], [ 81722.0, 10654.0 ], [ 81704.0, 10654.0 ], [ 81686.0, 10672.0 ], [ 81668.0, 10672.0 ], [ 81650.0, 10690.0 ], [ 81632.0, 10690.0 ], [ 81614.0, 10708.0 ], [ 81596.0, 10708.0 ], [ 81579.0, 10708.0 ], [ 81561.0, 10726.0 ], [ 81543.0, 10726.0 ], [ 81525.0, 10726.0 ], [ 81507.0, 10744.0 ], [ 81489.0, 10744.0 ], [ 81471.0, 10762.0 ], [ 81453.0, 10762.0 ], [ 81435.0, 10762.0 ], [ 81417.0, 10780.0 ], [ 81399.0, 10780.0 ], [ 81381.0, 10798.0 ], [ 81363.0, 10798.0 ], [ 81345.0, 10798.0 ], [ 81327.0, 10798.0 ], [ 81309.0, 10798.0 ], [ 81292.0, 10816.0 ], [ 81274.0, 10816.0 ], [ 81256.0, 10816.0 ], [ 81238.0, 10816.0 ], [ 81220.0, 10816.0 ], [ 81202.0, 10816.0 ], [ 81184.0, 10816.0 ], [ 81166.0, 10816.0 ], [ 81148.0, 10834.0 ], [ 81148.0, 10852.0 ], [ 81130.0, 10870.0 ], [ 81112.0, 10870.0 ], [ 81094.0, 10852.0 ], [ 81094.0, 10870.0 ], [ 81076.0, 10887.0 ], [ 81058.0, 10887.0 ], [ 81040.0, 10887.0 ], [ 81022.0, 10905.0 ], [ 81005.0, 10905.0 ], [ 80987.0, 10905.0 ], [ 80969.0, 10923.0 ], [ 80951.0, 10923.0 ], [ 80933.0, 10923.0 ], [ 80915.0, 10923.0 ], [ 80897.0, 10941.0 ], [ 80879.0, 10941.0 ], [ 80861.0, 10959.0 ], [ 80843.0, 10959.0 ], [ 80825.0, 10959.0 ], [ 80807.0, 10977.0 ], [ 80789.0, 10977.0 ], [ 80771.0, 10977.0 ], [ 80753.0, 10995.0 ], [ 80736.0, 10995.0 ], [ 80718.0, 11013.0 ], [ 80700.0, 11013.0 ], [ 80682.0, 11013.0 ], [ 80664.0, 11013.0 ], [ 80646.0, 11031.0 ], [ 80628.0, 11031.0 ], [ 80610.0, 11049.0 ], [ 80592.0, 11049.0 ], [ 80574.0, 11049.0 ], [ 80556.0, 11049.0 ], [ 80538.0, 11067.0 ], [ 80520.0, 11067.0 ], [ 80502.0, 11067.0 ], [ 80484.0, 11085.0 ], [ 80466.0, 11085.0 ], [ 80449.0, 11085.0 ], [ 80431.0, 11103.0 ], [ 80413.0, 11103.0 ], [ 80395.0, 11121.0 ], [ 80377.0, 11121.0 ], [ 80359.0, 11121.0 ], [ 80341.0, 11139.0 ], [ 80323.0, 11139.0 ], [ 80305.0, 11139.0 ], [ 80287.0, 11157.0 ], [ 80269.0, 11157.0 ], [ 80251.0, 11157.0 ], [ 80233.0, 11174.0 ], [ 80215.0, 11174.0 ], [ 80197.0, 11174.0 ], [ 80179.0, 11192.0 ], [ 80162.0, 11192.0 ], [ 80144.0, 11192.0 ], [ 80126.0, 11192.0 ], [ 80108.0, 11210.0 ], [ 80090.0, 11210.0 ], [ 80072.0, 11210.0 ], [ 80054.0, 11228.0 ], [ 80036.0, 11228.0 ], [ 80018.0, 11228.0 ], [ 80000.0, 11228.0 ], [ 79982.0, 11246.0 ], [ 79964.0, 11246.0 ], [ 79946.0, 11246.0 ], [ 79928.0, 11264.0 ], [ 79910.0, 11264.0 ], [ 79892.0, 11264.0 ], [ 79875.0, 11282.0 ], [ 79857.0, 11282.0 ], [ 79839.0, 11282.0 ], [ 79821.0, 11282.0 ], [ 79803.0, 11300.0 ], [ 79785.0, 11300.0 ], [ 79767.0, 11300.0 ], [ 79749.0, 11318.0 ], [ 79731.0, 11318.0 ], [ 79713.0, 11318.0 ], [ 79695.0, 11318.0 ], [ 79677.0, 11336.0 ], [ 79659.0, 11336.0 ], [ 79641.0, 11336.0 ], [ 79623.0, 11336.0 ], [ 79605.0, 11354.0 ], [ 79588.0, 11354.0 ], [ 79570.0, 11354.0 ], [ 79552.0, 11354.0 ], [ 79552.0, 11372.0 ], [ 79534.0, 11390.0 ], [ 79534.0, 11408.0 ], [ 79552.0, 11390.0 ], [ 79570.0, 11408.0 ], [ 79588.0, 11426.0 ], [ 79570.0, 11444.0 ], [ 79552.0, 11444.0 ], [ 79534.0, 11444.0 ], [ 79516.0, 11444.0 ], [ 79498.0, 11426.0 ], [ 79498.0, 11408.0 ], [ 79498.0, 11390.0 ], [ 79498.0, 11372.0 ], [ 79480.0, 11372.0 ], [ 79462.0, 11372.0 ], [ 79444.0, 11390.0 ], [ 79426.0, 11390.0 ], [ 79408.0, 11390.0 ], [ 79390.0, 11390.0 ], [ 79372.0, 11390.0 ], [ 79354.0, 11408.0 ], [ 79336.0, 11408.0 ], [ 79318.0, 11408.0 ], [ 79301.0, 11408.0 ], [ 79283.0, 11426.0 ], [ 79265.0, 11426.0 ], [ 79247.0, 11426.0 ], [ 79229.0, 11444.0 ], [ 79211.0, 11444.0 ], [ 79193.0, 11444.0 ], [ 79175.0, 11444.0 ], [ 79157.0, 11444.0 ], [ 79139.0, 11444.0 ], [ 79121.0, 11444.0 ], [ 79103.0, 11444.0 ], [ 79085.0, 11444.0 ], [ 79067.0, 11444.0 ], [ 79049.0, 11444.0 ], [ 79031.0, 11461.0 ], [ 79014.0, 11461.0 ], [ 78996.0, 11461.0 ], [ 78978.0, 11461.0 ], [ 78960.0, 11461.0 ], [ 78942.0, 11461.0 ], [ 78924.0, 11461.0 ], [ 78906.0, 11479.0 ], [ 78888.0, 11479.0 ], [ 78870.0, 11479.0 ], [ 78852.0, 11479.0 ], [ 78834.0, 11479.0 ], [ 78816.0, 11479.0 ], [ 78798.0, 11479.0 ], [ 78780.0, 11497.0 ], [ 78762.0, 11497.0 ], [ 78744.0, 11497.0 ], [ 78727.0, 11497.0 ], [ 78709.0, 11497.0 ], [ 78691.0, 11497.0 ], [ 78673.0, 11497.0 ], [ 78655.0, 11497.0 ], [ 78637.0, 11515.0 ], [ 78619.0, 11515.0 ], [ 78601.0, 11515.0 ], [ 78583.0, 11515.0 ], [ 78565.0, 11515.0 ], [ 78547.0, 11515.0 ], [ 78529.0, 11515.0 ], [ 78511.0, 11515.0 ], [ 78493.0, 11515.0 ], [ 78475.0, 11515.0 ], [ 78457.0, 11533.0 ], [ 78440.0, 11533.0 ], [ 78422.0, 11533.0 ], [ 78404.0, 11533.0 ], [ 78386.0, 11533.0 ], [ 78368.0, 11533.0 ], [ 78350.0, 11533.0 ], [ 78332.0, 11533.0 ], [ 78314.0, 11533.0 ], [ 78296.0, 11533.0 ], [ 78278.0, 11551.0 ], [ 78260.0, 11551.0 ], [ 78242.0, 11551.0 ], [ 78224.0, 11551.0 ], [ 78206.0, 11551.0 ], [ 78188.0, 11551.0 ], [ 78170.0, 11533.0 ], [ 78153.0, 11533.0 ], [ 78135.0, 11533.0 ], [ 78117.0, 11551.0 ], [ 78099.0, 11551.0 ], [ 78081.0, 11533.0 ], [ 78063.0, 11533.0 ], [ 78045.0, 11533.0 ], [ 78027.0, 11551.0 ], [ 78009.0, 11551.0 ], [ 77991.0, 11551.0 ], [ 77973.0, 11551.0 ], [ 77955.0, 11551.0 ], [ 77937.0, 11551.0 ], [ 77919.0, 11533.0 ], [ 77901.0, 11533.0 ], [ 77883.0, 11551.0 ], [ 77866.0, 11551.0 ], [ 77848.0, 11551.0 ], [ 77830.0, 11551.0 ], [ 77812.0, 11551.0 ], [ 77794.0, 11551.0 ], [ 77776.0, 11551.0 ], [ 77758.0, 11551.0 ], [ 77740.0, 11551.0 ], [ 77722.0, 11551.0 ], [ 77704.0, 11533.0 ], [ 77686.0, 11533.0 ], [ 77668.0, 11533.0 ], [ 77650.0, 11533.0 ], [ 77632.0, 11533.0 ], [ 77614.0, 11533.0 ], [ 77596.0, 11533.0 ], [ 77579.0, 11533.0 ], [ 77561.0, 11533.0 ], [ 77543.0, 11533.0 ], [ 77525.0, 11533.0 ], [ 77507.0, 11533.0 ], [ 77489.0, 11533.0 ], [ 77471.0, 11533.0 ], [ 77453.0, 11533.0 ], [ 77435.0, 11533.0 ], [ 77417.0, 11533.0 ], [ 77399.0, 11533.0 ], [ 77381.0, 11533.0 ], [ 77363.0, 11515.0 ], [ 77345.0, 11515.0 ], [ 77327.0, 11515.0 ], [ 77309.0, 11515.0 ], [ 77292.0, 11515.0 ], [ 77274.0, 11515.0 ], [ 77256.0, 11515.0 ], [ 77238.0, 11515.0 ], [ 77220.0, 11515.0 ], [ 77202.0, 11497.0 ], [ 77184.0, 11497.0 ], [ 77166.0, 11497.0 ], [ 77148.0, 11497.0 ], [ 77130.0, 11497.0 ], [ 77112.0, 11497.0 ], [ 77094.0, 11497.0 ], [ 77076.0, 11497.0 ], [ 77058.0, 11497.0 ], [ 77040.0, 11497.0 ], [ 77022.0, 11479.0 ], [ 77005.0, 11479.0 ], [ 76987.0, 11479.0 ], [ 76969.0, 11479.0 ], [ 76951.0, 11479.0 ], [ 76933.0, 11479.0 ], [ 76915.0, 11479.0 ], [ 76897.0, 11479.0 ], [ 76879.0, 11461.0 ], [ 76861.0, 11461.0 ], [ 76843.0, 11461.0 ], [ 76825.0, 11461.0 ], [ 76807.0, 11461.0 ], [ 76789.0, 11461.0 ], [ 76771.0, 11461.0 ], [ 76753.0, 11461.0 ], [ 76753.0, 11479.0 ], [ 76735.0, 11497.0 ], [ 76718.0, 11497.0 ], [ 76700.0, 11479.0 ], [ 76700.0, 11461.0 ], [ 76700.0, 11444.0 ], [ 76682.0, 11444.0 ], [ 76664.0, 11444.0 ], [ 76646.0, 11444.0 ], [ 76628.0, 11444.0 ], [ 76610.0, 11444.0 ], [ 76592.0, 11444.0 ], [ 76574.0, 11444.0 ], [ 76556.0, 11444.0 ], [ 76538.0, 11444.0 ], [ 76520.0, 11444.0 ], [ 76502.0, 11444.0 ], [ 76484.0, 11444.0 ], [ 76466.0, 11444.0 ], [ 76448.0, 11444.0 ], [ 76431.0, 11444.0 ], [ 76413.0, 11444.0 ], [ 76395.0, 11444.0 ], [ 76377.0, 11444.0 ], [ 76359.0, 11444.0 ], [ 76341.0, 11444.0 ], [ 76323.0, 11444.0 ], [ 76305.0, 11444.0 ], [ 76287.0, 11444.0 ], [ 76269.0, 11444.0 ], [ 76251.0, 11444.0 ], [ 76233.0, 11444.0 ], [ 76215.0, 11444.0 ], [ 76197.0, 11444.0 ], [ 76179.0, 11444.0 ], [ 76161.0, 11444.0 ], [ 76144.0, 11444.0 ], [ 76126.0, 11444.0 ], [ 76108.0, 11444.0 ], [ 76090.0, 11444.0 ], [ 76072.0, 11444.0 ], [ 76054.0, 11444.0 ], [ 76036.0, 11444.0 ], [ 76018.0, 11444.0 ], [ 76000.0, 11444.0 ], [ 75982.0, 11444.0 ], [ 75964.0, 11426.0 ], [ 75964.0, 11408.0 ], [ 75964.0, 11390.0 ], [ 75964.0, 11372.0 ], [ 75964.0, 11354.0 ], [ 75964.0, 11336.0 ], [ 75964.0, 11318.0 ], [ 75946.0, 11318.0 ], [ 75928.0, 11318.0 ], [ 75910.0, 11318.0 ], [ 75892.0, 11300.0 ], [ 75874.0, 11300.0 ], [ 75857.0, 11300.0 ], [ 75839.0, 11300.0 ], [ 75821.0, 11282.0 ], [ 75803.0, 11282.0 ], [ 75785.0, 11282.0 ], [ 75767.0, 11282.0 ], [ 75749.0, 11282.0 ], [ 75731.0, 11264.0 ], [ 75713.0, 11264.0 ], [ 75695.0, 11246.0 ], [ 75677.0, 11246.0 ], [ 75659.0, 11246.0 ], [ 75641.0, 11246.0 ], [ 75623.0, 11228.0 ], [ 75605.0, 11228.0 ], [ 75587.0, 11228.0 ], [ 75570.0, 11210.0 ], [ 75552.0, 11210.0 ], [ 75534.0, 11210.0 ], [ 75516.0, 11210.0 ], [ 75498.0, 11192.0 ], [ 75480.0, 11192.0 ], [ 75462.0, 11174.0 ], [ 75444.0, 11174.0 ], [ 75426.0, 11174.0 ], [ 75408.0, 11157.0 ], [ 75390.0, 11157.0 ], [ 75372.0, 11139.0 ], [ 75354.0, 11139.0 ], [ 75336.0, 11139.0 ], [ 75318.0, 11139.0 ], [ 75300.0, 11121.0 ], [ 75283.0, 11121.0 ], [ 75265.0, 11121.0 ], [ 75247.0, 11103.0 ], [ 75229.0, 11103.0 ], [ 75211.0, 11085.0 ], [ 75193.0, 11085.0 ], [ 75175.0, 11085.0 ], [ 75157.0, 11067.0 ], [ 75139.0, 11067.0 ], [ 75121.0, 11067.0 ], [ 75103.0, 11049.0 ], [ 75085.0, 11049.0 ], [ 75067.0, 11049.0 ], [ 75049.0, 11031.0 ], [ 75031.0, 11031.0 ], [ 75013.0, 11013.0 ], [ 74996.0, 11013.0 ], [ 74978.0, 11013.0 ], [ 74960.0, 10995.0 ], [ 74942.0, 10995.0 ], [ 74924.0, 10977.0 ], [ 74906.0, 10977.0 ], [ 74888.0, 10959.0 ], [ 74870.0, 10959.0 ], [ 74852.0, 10959.0 ], [ 74834.0, 10941.0 ], [ 74816.0, 10941.0 ], [ 74798.0, 10941.0 ], [ 74780.0, 10923.0 ], [ 74762.0, 10923.0 ], [ 74744.0, 10905.0 ], [ 74726.0, 10905.0 ], [ 74709.0, 10905.0 ], [ 74691.0, 10887.0 ], [ 74673.0, 10887.0 ], [ 74655.0, 10870.0 ], [ 74637.0, 10870.0 ], [ 74619.0, 10870.0 ], [ 74601.0, 10852.0 ], [ 74583.0, 10852.0 ], [ 74565.0, 10852.0 ], [ 74547.0, 10834.0 ], [ 74529.0, 10834.0 ], [ 74511.0, 10816.0 ], [ 74493.0, 10816.0 ], [ 74475.0, 10798.0 ], [ 74457.0, 10798.0 ], [ 74439.0, 10780.0 ], [ 74422.0, 10780.0 ], [ 74404.0, 10762.0 ], [ 74386.0, 10762.0 ], [ 74368.0, 10744.0 ], [ 74350.0, 10744.0 ], [ 74332.0, 10726.0 ], [ 74314.0, 10708.0 ], [ 74296.0, 10708.0 ], [ 74278.0, 10690.0 ], [ 74260.0, 10690.0 ], [ 74242.0, 10672.0 ], [ 74224.0, 10672.0 ], [ 74206.0, 10654.0 ], [ 74188.0, 10654.0 ], [ 74170.0, 10636.0 ], [ 74152.0, 10636.0 ], [ 74135.0, 10636.0 ], [ 74117.0, 10618.0 ], [ 74099.0, 10600.0 ], [ 74081.0, 10583.0 ], [ 74063.0, 10583.0 ], [ 74045.0, 10565.0 ], [ 74027.0, 10565.0 ], [ 74009.0, 10547.0 ], [ 73991.0, 10529.0 ], [ 73973.0, 10529.0 ], [ 73955.0, 10511.0 ], [ 73937.0, 10511.0 ], [ 73919.0, 10493.0 ], [ 73901.0, 10493.0 ], [ 73883.0, 10475.0 ], [ 73865.0, 10475.0 ], [ 73848.0, 10457.0 ], [ 73830.0, 10457.0 ], [ 73812.0, 10439.0 ], [ 73794.0, 10421.0 ], [ 73776.0, 10421.0 ], [ 73758.0, 10403.0 ], [ 73740.0, 10403.0 ], [ 73722.0, 10385.0 ], [ 73704.0, 10385.0 ], [ 73686.0, 10367.0 ], [ 73668.0, 10367.0 ], [ 73650.0, 10349.0 ], [ 73632.0, 10349.0 ], [ 73614.0, 10331.0 ], [ 73596.0, 10331.0 ], [ 73578.0, 10313.0 ], [ 73561.0, 10313.0 ], [ 73543.0, 10296.0 ], [ 73525.0, 10296.0 ], [ 73507.0, 10278.0 ], [ 73489.0, 10260.0 ], [ 73471.0, 10242.0 ], [ 73453.0, 10242.0 ], [ 73435.0, 10224.0 ], [ 73417.0, 10206.0 ], [ 73399.0, 10206.0 ], [ 73381.0, 10188.0 ], [ 73363.0, 10170.0 ], [ 73345.0, 10170.0 ], [ 73327.0, 10152.0 ], [ 73309.0, 10134.0 ], [ 73292.0, 10134.0 ], [ 73274.0, 10116.0 ], [ 73256.0, 10116.0 ], [ 73238.0, 10098.0 ], [ 73220.0, 10080.0 ], [ 73202.0, 10062.0 ], [ 73184.0, 10062.0 ], [ 73166.0, 10044.0 ], [ 73148.0, 10026.0 ], [ 73130.0, 10009.0 ], [ 73112.0, 10009.0 ], [ 73094.0, 9991.0 ], [ 73076.0, 9973.0 ], [ 73058.0, 9955.0 ], [ 73040.0, 9937.0 ], [ 73022.0, 9937.0 ], [ 73005.0, 9919.0 ], [ 72987.0, 9901.0 ], [ 72969.0, 9901.0 ], [ 72951.0, 9883.0 ], [ 72933.0, 9865.0 ], [ 72915.0, 9847.0 ], [ 72897.0, 9829.0 ], [ 72879.0, 9811.0 ], [ 72861.0, 9811.0 ], [ 72843.0, 9793.0 ], [ 72843.0, 9775.0 ], [ 72825.0, 9775.0 ], [ 72807.0, 9757.0 ], [ 72807.0, 9739.0 ], [ 72789.0, 9722.0 ], [ 72771.0, 9704.0 ], [ 72753.0, 9686.0 ], [ 72735.0, 9668.0 ], [ 72718.0, 9650.0 ], [ 72700.0, 9632.0 ], [ 72682.0, 9632.0 ], [ 72664.0, 9614.0 ], [ 72646.0, 9596.0 ], [ 72628.0, 9578.0 ], [ 72628.0, 9560.0 ], [ 72610.0, 9542.0 ], [ 72592.0, 9524.0 ], [ 72574.0, 9506.0 ], [ 72556.0, 9488.0 ], [ 72538.0, 9470.0 ], [ 72520.0, 9452.0 ], [ 72502.0, 9435.0 ], [ 72484.0, 9417.0 ], [ 72466.0, 9399.0 ], [ 72448.0, 9381.0 ], [ 72448.0, 9363.0 ], [ 72431.0, 9363.0 ], [ 72413.0, 9345.0 ], [ 72413.0, 9327.0 ], [ 72395.0, 9309.0 ], [ 72377.0, 9291.0 ], [ 72359.0, 9273.0 ], [ 72359.0, 9255.0 ], [ 72341.0, 9237.0 ], [ 72323.0, 9219.0 ], [ 72305.0, 9201.0 ], [ 72287.0, 9183.0 ], [ 72269.0, 9165.0 ], [ 72269.0, 9148.0 ], [ 72251.0, 9130.0 ], [ 72233.0, 9112.0 ], [ 72215.0, 9094.0 ], [ 72197.0, 9076.0 ], [ 72179.0, 9058.0 ], [ 72161.0, 9040.0 ], [ 72161.0, 9022.0 ], [ 72144.0, 9004.0 ], [ 72126.0, 8986.0 ], [ 72108.0, 8968.0 ], [ 72090.0, 8950.0 ], [ 72090.0, 8932.0 ], [ 72072.0, 8914.0 ], [ 72054.0, 8896.0 ], [ 72036.0, 8878.0 ], [ 72018.0, 8861.0 ], [ 72018.0, 8843.0 ], [ 72000.0, 8825.0 ], [ 71982.0, 8807.0 ], [ 71964.0, 8789.0 ], [ 71946.0, 8771.0 ], [ 71946.0, 8753.0 ], [ 71928.0, 8735.0 ], [ 71910.0, 8717.0 ], [ 71910.0, 8699.0 ], [ 71892.0, 8681.0 ], [ 71874.0, 8663.0 ], [ 71874.0, 8645.0 ], [ 71857.0, 8627.0 ], [ 71857.0, 8609.0 ], [ 71839.0, 8591.0 ], [ 71821.0, 8574.0 ], [ 71821.0, 8556.0 ], [ 71803.0, 8538.0 ], [ 71803.0, 8520.0 ], [ 71785.0, 8502.0 ], [ 71767.0, 8484.0 ], [ 71767.0, 8466.0 ], [ 71749.0, 8448.0 ], [ 71749.0, 8430.0 ], [ 71731.0, 8412.0 ], [ 71731.0, 8394.0 ], [ 71713.0, 8376.0 ], [ 71713.0, 8358.0 ], [ 71713.0, 8340.0 ], [ 71695.0, 8322.0 ], [ 71677.0, 8304.0 ], [ 71677.0, 8287.0 ], [ 71659.0, 8269.0 ], [ 71659.0, 8251.0 ], [ 71641.0, 8233.0 ], [ 71623.0, 8215.0 ], [ 71623.0, 8197.0 ], [ 71605.0, 8179.0 ], [ 71605.0, 8161.0 ], [ 71587.0, 8143.0 ], [ 71570.0, 8125.0 ], [ 71570.0, 8107.0 ], [ 71552.0, 8089.0 ], [ 71552.0, 8071.0 ], [ 71534.0, 8053.0 ], [ 71534.0, 8035.0 ], [ 71516.0, 8017.0 ], [ 71498.0, 8000.0 ], [ 71498.0, 7982.0 ], [ 71480.0, 7964.0 ], [ 71462.0, 7946.0 ], [ 71444.0, 7928.0 ], [ 71426.0, 7910.0 ], [ 71426.0, 7892.0 ], [ 71426.0, 7874.0 ], [ 71426.0, 7856.0 ], [ 71426.0, 7838.0 ], [ 71426.0, 7820.0 ], [ 71426.0, 7802.0 ], [ 71408.0, 7784.0 ], [ 71408.0, 7766.0 ], [ 71390.0, 7748.0 ], [ 71390.0, 7730.0 ], [ 71390.0, 7713.0 ], [ 71390.0, 7695.0 ], [ 71390.0, 7677.0 ], [ 71372.0, 7659.0 ], [ 71372.0, 7641.0 ], [ 71372.0, 7623.0 ], [ 71372.0, 7605.0 ], [ 71354.0, 7587.0 ], [ 71354.0, 7569.0 ], [ 71354.0, 7551.0 ], [ 71336.0, 7533.0 ], [ 71336.0, 7515.0 ], [ 71336.0, 7497.0 ], [ 71318.0, 7479.0 ], [ 71318.0, 7461.0 ], [ 71318.0, 7443.0 ], [ 71300.0, 7426.0 ], [ 71300.0, 7408.0 ], [ 71300.0, 7390.0 ], [ 71300.0, 7372.0 ], [ 71283.0, 7354.0 ], [ 71283.0, 7336.0 ], [ 71283.0, 7318.0 ], [ 71283.0, 7300.0 ], [ 71283.0, 7282.0 ], [ 71265.0, 7264.0 ], [ 71265.0, 7246.0 ], [ 71265.0, 7228.0 ], [ 71247.0, 7210.0 ], [ 71247.0, 7192.0 ], [ 71247.0, 7174.0 ], [ 71247.0, 7157.0 ], [ 71247.0, 7139.0 ], [ 71247.0, 7121.0 ], [ 71247.0, 7103.0 ], [ 71247.0, 7085.0 ], [ 71229.0, 7067.0 ], [ 71247.0, 7049.0 ], [ 71229.0, 7031.0 ], [ 71229.0, 7013.0 ], [ 71229.0, 6995.0 ], [ 71229.0, 6977.0 ], [ 71229.0, 6959.0 ], [ 71229.0, 6941.0 ], [ 71229.0, 6923.0 ], [ 71229.0, 6905.0 ], [ 71229.0, 6887.0 ], [ 71211.0, 6870.0 ], [ 71211.0, 6852.0 ], [ 71211.0, 6834.0 ], [ 71193.0, 6816.0 ], [ 71193.0, 6798.0 ], [ 71193.0, 6780.0 ], [ 71193.0, 6762.0 ], [ 71193.0, 6744.0 ], [ 71193.0, 6726.0 ], [ 71193.0, 6708.0 ], [ 71193.0, 6690.0 ], [ 71175.0, 6672.0 ], [ 71175.0, 6654.0 ], [ 71175.0, 6636.0 ], [ 71157.0, 6618.0 ], [ 71157.0, 6600.0 ], [ 71139.0, 6583.0 ], [ 71139.0, 6565.0 ], [ 71121.0, 6547.0 ], [ 71103.0, 6547.0 ], [ 71085.0, 6529.0 ], [ 71067.0, 6529.0 ], [ 71049.0, 6511.0 ], [ 71031.0, 6511.0 ] ], [ [ 75480.0, 14690.0 ], [ 75498.0, 14672.0 ], [ 75516.0, 14654.0 ], [ 75534.0, 14654.0 ], [ 75534.0, 14636.0 ], [ 75534.0, 14618.0 ], [ 75552.0, 14601.0 ], [ 75552.0, 14583.0 ], [ 75552.0, 14565.0 ], [ 75552.0, 14547.0 ], [ 75552.0, 14529.0 ], [ 75552.0, 14511.0 ], [ 75534.0, 14493.0 ], [ 75534.0, 14475.0 ], [ 75534.0, 14457.0 ], [ 75534.0, 14439.0 ], [ 75534.0, 14421.0 ], [ 75534.0, 14403.0 ], [ 75534.0, 14385.0 ], [ 75534.0, 14367.0 ], [ 75534.0, 14349.0 ], [ 75534.0, 14331.0 ], [ 75534.0, 14314.0 ], [ 75534.0, 14296.0 ], [ 75534.0, 14278.0 ], [ 75534.0, 14260.0 ], [ 75534.0, 14242.0 ], [ 75534.0, 14224.0 ], [ 75534.0, 14206.0 ], [ 75534.0, 14188.0 ], [ 75534.0, 14170.0 ], [ 75534.0, 14152.0 ], [ 75534.0, 14134.0 ], [ 75534.0, 14116.0 ], [ 75534.0, 14098.0 ], [ 75534.0, 14080.0 ], [ 75516.0, 14062.0 ], [ 75516.0, 14044.0 ], [ 75516.0, 14027.0 ], [ 75516.0, 14009.0 ], [ 75516.0, 13991.0 ], [ 75516.0, 13973.0 ], [ 75516.0, 13955.0 ], [ 75516.0, 13937.0 ], [ 75498.0, 13919.0 ], [ 75498.0, 13901.0 ], [ 75498.0, 13883.0 ], [ 75480.0, 13865.0 ], [ 75480.0, 13847.0 ], [ 75480.0, 13829.0 ], [ 75480.0, 13811.0 ], [ 75462.0, 13793.0 ], [ 75462.0, 13775.0 ], [ 75444.0, 13757.0 ], [ 75444.0, 13740.0 ], [ 75444.0, 13722.0 ], [ 75426.0, 13704.0 ], [ 75426.0, 13686.0 ], [ 75408.0, 13668.0 ], [ 75408.0, 13650.0 ], [ 75390.0, 13632.0 ], [ 75390.0, 13614.0 ], [ 75372.0, 13596.0 ], [ 75372.0, 13578.0 ], [ 75354.0, 13560.0 ], [ 75354.0, 13542.0 ], [ 75336.0, 13524.0 ], [ 75336.0, 13506.0 ], [ 75318.0, 13488.0 ], [ 75318.0, 13470.0 ], [ 75318.0, 13453.0 ], [ 75300.0, 13435.0 ], [ 75300.0, 13417.0 ], [ 75283.0, 13399.0 ], [ 75283.0, 13381.0 ], [ 75283.0, 13363.0 ], [ 75283.0, 13345.0 ], [ 75283.0, 13327.0 ], [ 75265.0, 13309.0 ], [ 75265.0, 13291.0 ], [ 75265.0, 13273.0 ], [ 75265.0, 13255.0 ], [ 75265.0, 13237.0 ], [ 75265.0, 13219.0 ], [ 75265.0, 13201.0 ], [ 75283.0, 13183.0 ], [ 75283.0, 13166.0 ], [ 75283.0, 13148.0 ], [ 75283.0, 13130.0 ], [ 75283.0, 13112.0 ], [ 75283.0, 13094.0 ], [ 75300.0, 13076.0 ], [ 75300.0, 13058.0 ], [ 75318.0, 13040.0 ], [ 75318.0, 13022.0 ], [ 75336.0, 13004.0 ], [ 75336.0, 12986.0 ], [ 75354.0, 12968.0 ], [ 75354.0, 12950.0 ], [ 75372.0, 12932.0 ], [ 75390.0, 12914.0 ], [ 75390.0, 12896.0 ], [ 75408.0, 12879.0 ], [ 75426.0, 12879.0 ], [ 75444.0, 12861.0 ], [ 75462.0, 12843.0 ], [ 75480.0, 12825.0 ], [ 75498.0, 12807.0 ], [ 75516.0, 12807.0 ], [ 75534.0, 12807.0 ], [ 75552.0, 12789.0 ], [ 75570.0, 12789.0 ], [ 75587.0, 12789.0 ], [ 75605.0, 12789.0 ], [ 75623.0, 12789.0 ], [ 75641.0, 12789.0 ], [ 75659.0, 12789.0 ], [ 75677.0, 12789.0 ], [ 75695.0, 12789.0 ], [ 75713.0, 12807.0 ], [ 75731.0, 12807.0 ], [ 75749.0, 12807.0 ], [ 75767.0, 12825.0 ], [ 75785.0, 12825.0 ], [ 75803.0, 12825.0 ], [ 75821.0, 12843.0 ], [ 75839.0, 12843.0 ], [ 75857.0, 12861.0 ], [ 75874.0, 12879.0 ], [ 75892.0, 12896.0 ], [ 75910.0, 12914.0 ], [ 75928.0, 12932.0 ], [ 75946.0, 12932.0 ], [ 75964.0, 12950.0 ], [ 75982.0, 12968.0 ], [ 76000.0, 12986.0 ], [ 76018.0, 13004.0 ], [ 76036.0, 13022.0 ], [ 76054.0, 13040.0 ], [ 76072.0, 13040.0 ], [ 76090.0, 13058.0 ], [ 76108.0, 13076.0 ], [ 76126.0, 13094.0 ], [ 76144.0, 13112.0 ], [ 76161.0, 13130.0 ], [ 76179.0, 13148.0 ], [ 76197.0, 13148.0 ], [ 76215.0, 13148.0 ], [ 76233.0, 13166.0 ], [ 76251.0, 13166.0 ], [ 76269.0, 13183.0 ], [ 76287.0, 13183.0 ], [ 76305.0, 13183.0 ], [ 76323.0, 13201.0 ], [ 76341.0, 13201.0 ], [ 76359.0, 13201.0 ], [ 76377.0, 13219.0 ], [ 76395.0, 13219.0 ], [ 76413.0, 13219.0 ], [ 76431.0, 13219.0 ], [ 76448.0, 13237.0 ], [ 76466.0, 13237.0 ], [ 76484.0, 13237.0 ], [ 76502.0, 13255.0 ], [ 76520.0, 13255.0 ], [ 76538.0, 13255.0 ], [ 76556.0, 13255.0 ], [ 76574.0, 13255.0 ], [ 76592.0, 13255.0 ], [ 76610.0, 13255.0 ], [ 76628.0, 13273.0 ], [ 76646.0, 13273.0 ], [ 76664.0, 13273.0 ], [ 76682.0, 13273.0 ], [ 76700.0, 13273.0 ], [ 76718.0, 13291.0 ], [ 76735.0, 13291.0 ], [ 76753.0, 13291.0 ], [ 76771.0, 13291.0 ], [ 76789.0, 13309.0 ], [ 76807.0, 13309.0 ], [ 76825.0, 13309.0 ], [ 76843.0, 13309.0 ], [ 76861.0, 13309.0 ], [ 76879.0, 13309.0 ], [ 76897.0, 13309.0 ], [ 76915.0, 13309.0 ], [ 76933.0, 13309.0 ], [ 76951.0, 13309.0 ], [ 76969.0, 13309.0 ], [ 76987.0, 13309.0 ], [ 77005.0, 13309.0 ], [ 77022.0, 13309.0 ], [ 77040.0, 13309.0 ], [ 77058.0, 13309.0 ], [ 77076.0, 13327.0 ], [ 77094.0, 13327.0 ], [ 77112.0, 13327.0 ], [ 77130.0, 13327.0 ], [ 77148.0, 13327.0 ], [ 77166.0, 13327.0 ], [ 77184.0, 13327.0 ], [ 77202.0, 13327.0 ], [ 77220.0, 13345.0 ], [ 77238.0, 13345.0 ], [ 77256.0, 13345.0 ], [ 77274.0, 13363.0 ], [ 77292.0, 13363.0 ], [ 77309.0, 13363.0 ], [ 77327.0, 13381.0 ], [ 77345.0, 13381.0 ], [ 77363.0, 13399.0 ], [ 77381.0, 13399.0 ], [ 77399.0, 13399.0 ], [ 77417.0, 13417.0 ], [ 77435.0, 13417.0 ], [ 77453.0, 13435.0 ], [ 77471.0, 13453.0 ], [ 77489.0, 13470.0 ], [ 77507.0, 13488.0 ], [ 77525.0, 13506.0 ], [ 77543.0, 13524.0 ], [ 77543.0, 13542.0 ], [ 77525.0, 13560.0 ], [ 77507.0, 13560.0 ], [ 77489.0, 13560.0 ], [ 77471.0, 13578.0 ], [ 77453.0, 13578.0 ], [ 77435.0, 13578.0 ], [ 77417.0, 13596.0 ], [ 77399.0, 13578.0 ], [ 77381.0, 13578.0 ], [ 77363.0, 13578.0 ], [ 77345.0, 13578.0 ], [ 77327.0, 13578.0 ], [ 77309.0, 13578.0 ], [ 77292.0, 13578.0 ], [ 77274.0, 13578.0 ], [ 77256.0, 13578.0 ], [ 77238.0, 13578.0 ], [ 77220.0, 13596.0 ], [ 77202.0, 13578.0 ], [ 77184.0, 13578.0 ], [ 77166.0, 13596.0 ], [ 77148.0, 13596.0 ], [ 77130.0, 13596.0 ], [ 77112.0, 13596.0 ], [ 77094.0, 13596.0 ], [ 77076.0, 13596.0 ], [ 77058.0, 13596.0 ], [ 77040.0, 13596.0 ], [ 77022.0, 13596.0 ], [ 77005.0, 13596.0 ], [ 76987.0, 13596.0 ], [ 76969.0, 13596.0 ], [ 76951.0, 13596.0 ], [ 76933.0, 13596.0 ], [ 76915.0, 13596.0 ], [ 76897.0, 13578.0 ], [ 76879.0, 13578.0 ], [ 76861.0, 13578.0 ], [ 76843.0, 13578.0 ], [ 76825.0, 13578.0 ], [ 76807.0, 13578.0 ], [ 76789.0, 13578.0 ], [ 76771.0, 13578.0 ], [ 76753.0, 13578.0 ], [ 76735.0, 13578.0 ], [ 76718.0, 13578.0 ], [ 76700.0, 13578.0 ], [ 76682.0, 13578.0 ], [ 76664.0, 13578.0 ], [ 76646.0, 13578.0 ], [ 76628.0, 13578.0 ], [ 76610.0, 13578.0 ], [ 76592.0, 13578.0 ], [ 76574.0, 13578.0 ], [ 76556.0, 13596.0 ], [ 76538.0, 13596.0 ], [ 76520.0, 13596.0 ], [ 76502.0, 13578.0 ], [ 76484.0, 13578.0 ], [ 76466.0, 13596.0 ], [ 76448.0, 13596.0 ], [ 76431.0, 13596.0 ], [ 76413.0, 13596.0 ], [ 76395.0, 13596.0 ], [ 76377.0, 13596.0 ], [ 76359.0, 13614.0 ], [ 76341.0, 13614.0 ], [ 76323.0, 13614.0 ], [ 76305.0, 13632.0 ], [ 76287.0, 13632.0 ], [ 76269.0, 13632.0 ], [ 76251.0, 13632.0 ], [ 76233.0, 13650.0 ], [ 76215.0, 13650.0 ], [ 76197.0, 13668.0 ], [ 76179.0, 13668.0 ], [ 76161.0, 13686.0 ], [ 76144.0, 13686.0 ], [ 76126.0, 13704.0 ], [ 76126.0, 13722.0 ], [ 76108.0, 13740.0 ], [ 76090.0, 13757.0 ], [ 76072.0, 13775.0 ], [ 76054.0, 13793.0 ], [ 76054.0, 13811.0 ], [ 76036.0, 13829.0 ], [ 76036.0, 13847.0 ], [ 76018.0, 13865.0 ], [ 76018.0, 13883.0 ], [ 76018.0, 13901.0 ], [ 76000.0, 13919.0 ], [ 76000.0, 13937.0 ], [ 76000.0, 13955.0 ], [ 75982.0, 13973.0 ], [ 75982.0, 13991.0 ], [ 75982.0, 14009.0 ], [ 75982.0, 14027.0 ], [ 75982.0, 14044.0 ], [ 75982.0, 14062.0 ], [ 75964.0, 14080.0 ], [ 75964.0, 14098.0 ], [ 75964.0, 14116.0 ], [ 75964.0, 14134.0 ], [ 75946.0, 14152.0 ], [ 75946.0, 14170.0 ], [ 75946.0, 14188.0 ], [ 75946.0, 14206.0 ], [ 75928.0, 14224.0 ], [ 75928.0, 14242.0 ], [ 75928.0, 14260.0 ], [ 75928.0, 14278.0 ], [ 75910.0, 14296.0 ], [ 75910.0, 14314.0 ], [ 75910.0, 14331.0 ], [ 75910.0, 14349.0 ], [ 75910.0, 14367.0 ], [ 75892.0, 14385.0 ], [ 75892.0, 14403.0 ], [ 75892.0, 14421.0 ], [ 75892.0, 14439.0 ], [ 75874.0, 14457.0 ], [ 75874.0, 14475.0 ], [ 75874.0, 14493.0 ], [ 75874.0, 14511.0 ], [ 75857.0, 14529.0 ], [ 75857.0, 14547.0 ], [ 75857.0, 14565.0 ], [ 75857.0, 14583.0 ], [ 75857.0, 14601.0 ], [ 75857.0, 14618.0 ], [ 75857.0, 14636.0 ], [ 75857.0, 14654.0 ], [ 75839.0, 14672.0 ], [ 75839.0, 14690.0 ], [ 75839.0, 14708.0 ], [ 75839.0, 14726.0 ], [ 75839.0, 14744.0 ], [ 75839.0, 14762.0 ], [ 75839.0, 14780.0 ], [ 75839.0, 14798.0 ], [ 75839.0, 14816.0 ], [ 75839.0, 14834.0 ], [ 75839.0, 14852.0 ], [ 75821.0, 14870.0 ], [ 75803.0, 14887.0 ], [ 75785.0, 14887.0 ], [ 75767.0, 14870.0 ], [ 75749.0, 14870.0 ], [ 75731.0, 14870.0 ], [ 75713.0, 14852.0 ], [ 75695.0, 14852.0 ], [ 75677.0, 14852.0 ], [ 75659.0, 14834.0 ], [ 75641.0, 14816.0 ], [ 75623.0, 14798.0 ], [ 75605.0, 14780.0 ], [ 75587.0, 14762.0 ], [ 75570.0, 14762.0 ], [ 75552.0, 14744.0 ], [ 75534.0, 14744.0 ], [ 75516.0, 14744.0 ], [ 75498.0, 14744.0 ], [ 75480.0, 14762.0 ], [ 75462.0, 14744.0 ], [ 75462.0, 14726.0 ], [ 75462.0, 14708.0 ], [ 75480.0, 14690.0 ] ] ] } },
{ "type": "Feature", "properties": { "tissue_id": 2 }, "geometry": { "type": "Polygon", "coordinates": [ [ [ 17453.0, 3191.9 ], [ 17452.990198285966471, 3191.900481527332886 ], [ 17452.980490967798687, 3191.901921471959668 ], [ 17452.970971532275144, 3191.904305966426818 ], [ 17452.961731656763732, 3191.907612046748909 ], [ 17452.952860326317023, 3191.911807873565067 ], [ 17452.944442976699065, 3191.916853038769659 ], [ 17452.93656067158372, 3191.922698954663701 ], [ 17452.929289321880788, 3191.929289321881242 ], [ 17452.922698954662337, 3191.93656067158372 ], [ 17452.91685303876875, 3191.944442976698156 ], [ 17452.911807873566431, 3191.952860326317477 ], [ 17452.90761204674709, 3191.961731656763277 ], [ 17452.904305966425454, 3191.970971532274689 ], [ 17452.901921471959213, 3191.980490967798232 ], [ 17452.900481527332886, 3191.990198285966926 ], [ 17452.900000000001455, 3192.0 ], [ 17452.900000000001455, 3227.958578643760575 ], [ 17434.929289321880788, 3245.929289321881242 ], [ 17434.922698954662337, 3245.93656067158372 ], [ 17434.91685303876875, 3245.944442976698156 ], [ 17434.911807873566431, 3245.952860326317477 ], [ 17434.90761204674709, 3245.961731656763732 ], [ 17434.904305966425454, 3245.970971532274689 ], [ 17434.901921471959213, 3245.980490967798687 ], [ 17434.900481527332886, 3245.990198285966926 ], [ 17434.900000000001455, 3246.0 ], [ 17434.900481527332886, 3246.009801714033074 ], [ 17434.901921471959213, 3246.019509032201313 ], [ 17434.904305966425454, 3246.029028467725311 ], [ 17434.90761204674709, 3246.038268343236268 ], [ 17434.911807873566431, 3246.047139673682523 ], [ 17434.91685303876875, 3246.055557023301844 ], [ 17434.922698954662337, 3246.06343932841628 ], [ 17434.929289321880788, 3246.070710678118758 ], [ 17452.900000000001455, 3264.041421356239425 ], [ 17452.900000000001455, 3281.958578643760575 ], [ 17434.95857864376012, 3299.9 ], [ 17399.0, 3299.9 ], [ 17398.990198285966471, 3299.900481527332886 ], [ 17398.980490967798687, 3299.901921471959668 ], [ 17398.970971532275144, 3299.904305966426818 ], [ 17398.961731656763732, 3299.907612046748909 ], [ 17398.952860326317023, 3299.911807873565067 ], [ 17398.944442976699065, 3299.916853038769659 ], [ 17398.93656067158372, 3299.922698954663701 ], [ 17398.929289321880788, 3299.929289321881242 ], [ 17380.95857864376012, 3317.9 ], [ 17363.0, 3317.9 ], [ 17362.990198285966471, 3317.900481527332886 ], [ 17362.980490967798687, 3317.901921471959668 ], [ 17362.970971532275144, 3317.904305966426818 ], [ 17362.961731656763732, 3317.907612046748909 ], [ 17362.952860326317023, 3317.911807873565067 ], [ 17362.944442976699065, 3317.916853038769659 ], [ 17362.93656067158372, 3317.922698954663701 ], [ 17362.929289321880788, 3317.929289321881242 ], [ 17362.922698954662337, 3317.93656067158372 ], [ 17362.91685303876875, 3317.944442976698156 ], [ 17362.911807873566431, 3317.952860326317477 ], [ 17362.90761204674709, 3317.961731656763277 ], [ 17362.904305966425454, 3317.970971532274689 ], [ 17362.901921471959213, 3317.980490967798232 ], [ 17362.900481527332886, 3317.990198285966926 ], [ 17362.900000000001455, 3318.0 ], [ 17362.900481527332886, 3318.009801714033074 ], [ 17362.901921471959213, 3318.019509032201768 ], [ 17362.904305966425454, 3318.029028467725311 ], [ 17362.90761204674709, 3318.038268343236723 ], [ 17362.911807873566431, 3318.047139673682523 ], [ 17362.91685303876875, 3318.055557023301844 ], [ 17362.922698954662337, 3318.06343932841628 ], [ 17362.929289321880788, 3318.070710678118758 ], [ 17362.93656067158372, 3318.077301045336299 ], [ 17362.944442976699065, 3318.083146961230341 ], [ 17362.952860326317023, 3318.088192126434933 ], [ 17362.961731656763732, 3318.092387953251091 ], [ 17362.970971532275144, 3318.095694033573182 ], [ 17362.980490967798687, 3318.098078528040332 ], [ 17362.990198285966471, 3318.099518472667114 ], [ 17363.0, 3318.1 ], [ 17398.95857864376012, 3318.1 ], [ 17416.900000000001455, 3336.041421356239425 ], [ 17416.900000000001455, 3371.958578643760575 ], [ 17398.95857864376012, 3389.9 ], [ 17381.0, 3389.9 ], [ 17380.990198285966471, 3389.900481527332886 ], [ 17380.980490967798687, 3389.901921471959668 ], [ 17380.970971532275144, 3389.904305966426818 ], [ 17380.961731656763732, 3389.907612046748909 ], [ 17380.952860326317023, 3389.911807873565067 ], [ 17380.944442976699065, 3389.916853038769659 ], [ 17380.93656067158372, 3389.922698954663701 ], [ 17380.929289321880788, 3389.929289321881242 ], [ 17362.929289321880788, 3407.929289321881242 ], [ 17362.922698954662337, 3407.93656067158372 ], [ 17362.91685303876875, 3407.944442976698156 ], [ 17362.911807873566431, 3407.952860326317477 ], [ 17362.90761204674709, 3407.961731656763732 ], [ 17362.904305966425454, 3407.970971532274689 ], [ 17362.901921471959213, 3407.980490967798687 ], [ 17362.900481527332886, 3407.990198285966926 ], [ 17362.900000000001455, 3408.0 ], [ 17362.900000000001455, 3461.0 ], [ 17362.900481527332886, 3461.009801714033074 ], [ 17362.901921471959213, 3461.019509032201313 ], [ 17362.904305966425454, 3461.029028467725311 ], [ 17362.90761204674709, 3461.038268343236268 ], [ 17362.911807873566431, 3461.047139673682523 ], [ 17362.91685303876875, 3461.055557023301844 ], [ 17362.922698954662337, 3461.06343932841628 ], [ 17362.929289321880788, 3461.070710678118758 ], [ 17380.900000000001455, 3479.041421356239425 ], [ 17380.900000000001455, 3497.0 ], [ 17380.900481527332886, 3497.009801714033074 ], [ 17380.901921471959213, 3497.019509032201313 ], [ 17380.904305966425454, 3497.029028467725311 ], [ 17380.90761204674709, 3497.038268343236268 ], [ 17380.911807873566431, 3497.047139673682523 ], [ 17380.91685303876875, 3497.055557023301844 ], [ 17380.922698954662337, 3497.06343932841628 ], [ 17380.929289321880788, 3497.070710678118758 ], [ 17398.900000000001455, 3515.041421356239425 ], [ 17398.900000000001455, 3550.958578643760575 ], [ 17380.929289321880788, 3568.929289321881242 ], [ 17380.922698954662337, 3568.93656067158372 ], [ 17380.91685303876875, 3568.944442976698156 ], [ 17380.911807873566431, 3568.952860326317477 ], [ 17380.90761204674709, 3568.961731656763732 ], [ 17380.904305966425454, 3568.970971532274689 ], [ 17380.901921471959213, 3568.980490967798687 ], [ 17380.900481527332886, 3568.990198285966926 ], [ 17380.900000000001455, 3569.0 ], [ 17380.900000000001455, 3622.958578643760575 ], [ 17362.929289321880788, 3640.929289321881242 ], [ 17362.922698954662337, 3640.93656067158372 ], [ 17362.91685303876875, 3640.944442976698156 ], [ 17362.911807873566431, 3640.952860326317477 ], [ 17362.90761204674709, 3640.961731656763732 ], [ 17362.904305966425454, 3640.970971532274689 ], [ 17362.901921471959213, 3640.980490967798687 ], [ 17362.900481527332886, 3640.990198285966926 ], [ 17362.900000000001455, 3641.0 ], [ 17362.900000000001455, 3712.956895351074763 ], [ 17344.931337646703469, 3729.927298684744983 ], [ 17344.924308483641653, 3729.934648685160937 ], [ 17344.918062210341304, 3729.942674624940992 ], [ 17344.912663433031412, 3729.95129349047329 ], [ 17344.908167992154631, 3729.960416135418654 ], [ 17344.904622384790855, 3729.969948202765863 ], [ 17344.902063283738244, 3729.979791100778129 ], [ 17344.900517158195726, 3729.989843022748573 ], [ 17344.900000000001455, 3730.0 ], [ 17344.900000000001455, 3819.958578643760575 ], [ 17326.929289321880788, 3837.929289321881242 ], [ 17326.922698954662337, 3837.93656067158372 ], [ 17326.91685303876875, 3837.944442976698156 ], [ 17326.911807873566431, 3837.952860326317477 ], [ 17326.90761204674709, 3837.961731656763732 ], [ 17326.904305966425454, 3837.970971532274689 ], [ 17326.901921471959213, 3837.980490967798687 ], [ 17326.900481527332886, 3837.990198285966926 ], [ 17326.900000000001455, 3838.0 ], [ 17326.900000000001455, 3909.958578643760575 ], [ 17308.929289321880788, 3927.929289321881242 ], [ 17308.922698954662337, 3927.93656067158372 ], [ 17308.91685303876875, 3927.944442976698156 ], [ 17308.911807873566431, 3927.952860326317477 ], [ 17308.90761204674709, 3927.961731656763732 ], [ 17308.904305966425454, 3927.970971532274689 ], [ 17308.901921471959213, 3927.980490967798687 ], [ 17308.900481527332886, 3927.990198285966926 ], [ 17308.900000000001455, 3928.0 ], [ 17308.900000000001455, 4016.958578643760575 ], [ 17290.929289321880788, 4034.929289321881242 ], [ 17290.922698954662337, 4034.93656067158372 ], [ 17290.91685303876875, 4034.944442976698156 ], [ 17290.911807873566431, 4034.952860326317477 ], [ 17290.90761204674709, 4034.961731656763732 ], [ 17290.904305966425454, 4034.970971532274689 ], [ 17290.901921471959213, 4034.980490967798687 ], [ 17290.900481527332886, 4034.990198285966926 ], [ 17290.900000000001455, 4035.0 ], [ 17290.900000000001455, 4088.958578643760575 ], [ 17272.929289321880788, 4106.929289321881697 ], [ 17272.922698954662337, 4106.93656067158372 ], [ 17272.91685303876875, 4106.944442976698156 ], [ 17272.911807873566431, 4106.952860326317932 ], [ 17272.90761204674709, 4106.961731656763732 ], [ 17272.904305966425454, 4106.970971532275144 ], [ 17272.901921471959213, 4106.980490967798687 ], [ 17272.900481527332886, 4106.990198285967381 ], [ 17272.900000000001455, 4107.0 ], [ 17272.900000000001455, 4196.95857864376103 ], [ 17254.929289321880788, 4214.929289321881697 ], [ 17254.922698954662337, 4214.93656067158372 ], [ 17254.91685303876875, 4214.944442976698156 ], [ 17254.911807873566431, 4214.952860326317932 ], [ 17254.90761204674709, 4214.961731656763732 ], [ 17254.904305966425454, 4214.970971532275144 ], [ 17254.901921471959213, 4214.980490967798687 ], [ 17254.900481527332886, 4214.990198285967381 ], [ 17254.900000000001455, 4215.0 ], [ 17254.900000000001455, 4321.95857864376103 ], [ 17236.929289321880788, 4339.929289321881697 ], [ 17236.922698954662337, 4339.93656067158372 ], [ 17236.91685303876875, 4339.944442976698156 ], [ 17236.911807873566431, 4339.952860326317932 ], [ 17236.90761204674709, 4339.961731656763732 ], [ 17236.904305966425454, 4339.970971532275144 ], [ 17236.901921471959213, 4339.980490967798687 ], [ 17236.900481527332886, 4339.990198285967381 ], [ 17236.900000000001455, 4340.0 ], [ 17236.900000000001455, 4429.95857864376103 ], [ 17218.929289321880788, 4447.929289321881697 ], [ 17218.922698954662337, 4447.93656067158372 ], [ 17218.91685303876875, 4447.944442976698156 ], [ 17218.911807873566431, 4447.952860326317932 ], [ 17218.90761204674709, 4447.961731656763732 ], [ 17218.904305966425454, 4447.970971532275144 ], [ 17218.901921471959213, 4447.980490967798687 ], [ 17218.900481527332886, 4447.990198285967381 ], [ 17218.900000000001455, 4448.0 ], [ 17218.900000000001455, 4537.95857864376103 ], [ 17200.929289321880788, 4555.929289321881697 ], [ 17200.922698954662337, 4555.93656067158372 ], [ 17200.91685303876875, 4555.944442976698156 ], [ 17200.911807873566431, 4555.952860326317932 ], [ 17200.90761204674709, 4555.961731656763732 ], [ 17200.904305966425454, 4555.970971532275144 ], [ 17200.901921471959213, 4555.980490967798687 ], [ 17200.900481527332886, 4555.990198285967381 ], [ 17200.900000000001455, 4556.0 ], [ 17200.900000000001455, 4644.95857864376103 ], [ 17182.929289321880788, 4662.929289321881697 ], [ 17182.922698954662337, 4662.93656067158372 ], [ 17182.91685303876875, 4662.944442976698156 ], [ 17182.911807873566431, 4662.952860326317932 ], [ 17182.90761204674709, 4662.961731656763732 ], [ 17182.904305966425454, 4662.970971532275144 ], [ 17182.901921471959213, 4662.980490967798687 ], [ 17182.900481527332886, 4662.990198285967381 ], [ 17182.900000000001455, 4663.0 ], [ 17182.900000000001455, 4716.960242136433408 ], [ 17165.927298684746347, 4734.931337646703469 ], [ 17165.921137710050971, 4734.938512283958516 ], [ 17165.9156820247008, 4734.946236824483094 ], [ 17165.910980420547276, 4734.954442185370681 ], [ 17165.907074945451313, 4734.963054983593793 ], [ 17165.904000527269091, 4734.971998192288083 ], [ 17165.901784661444253, 4734.981191829631825 ], [ 17165.900447165146034, 4734.990553674138937 ], [ 17165.900000000001455, 4735.0 ], [ 17165.900000000001455, 4806.95857864376103 ], [ 17147.929289321880788, 4824.929289321881697 ], [ 17147.922698954662337, 4824.93656067158372 ], [ 17147.91685303876875, 4824.944442976698156 ], [ 17147.911807873566431, 4824.952860326317932 ], [ 17147.90761204674709, 4824.961731656763732 ], [ 17147.904305966425454, 4824.970971532275144 ], [ 17147.901921471959213, 4824.980490967798687 ], [ 17147.900481527332886, 4824.990198285967381 ], [ 17147.900000000001455, 4825.0 ], [ 17147.900000000001455, 4895.95857864376103 ], [ 17129.929289321880788, 4913.929289321881697 ], [ 17129.922698954662337, 4913.93656067158372 ], [ 17129.91685303876875, 4913.944442976698156 ], [ 17129.911807873566431, 4913.952860326317932 ], [ 17129.90761204674709, 4913.961731656763732 ], [ 17129.904305966425454, 4913.970971532275144 ], [ 17129.901921471959213, 4913.980490967798687 ], [ 17129.900481527332886, 4913.990198285967381 ], [ 17129.900000000001455, 4914.0 ], [ 17129.900000000001455, 4985.95857864376103 ], [ 17111.929289321880788, 5003.929289321881697 ], [ 17111.922698954662337, 5003.93656067158372 ], [ 17111.91685303876875, 5003.944442976698156 ], [ 17111.911807873566431, 5003.952860326317932 ], [ 17111.90761204674709, 5003.961731656763732 ], [ 17111.904305966425454, 5003.970971532275144 ], [ 17111.901921471959213, 5003.980490967798687 ], [ 17111.900481527332886, 5003.990198285967381 ], [ 17111.900000000001455, 5004.0 ], [ 17111.900000000001455, 5075.95857864376103 ], [ 17093.929289321880788, 5093.929289321881697 ], [ 17093.922698954662337, 5093.93656067158372 ], [ 17093.91685303876875, 5093.944442976698156 ], [ 17093.911807873566431, 5093.952860326317932 ], [ 17093.90761204674709, 5093.961731656763732 ], [ 17093.904305966425454, 5093.970971532275144 ], [ 17093.901921471959213, 5093.980490967798687 ], [ 17093.900481527332886, 5093.990198285967381 ], [ 17093.900000000001455, 5094.0 ], [ 17093.900000000001455, 5147.956895351075218 ], [ 17075.931337646703469, 5164.927298684745438 ], [ 17075.924308483641653, 5164.934648685160937 ], [ 17075.918062210341304, 5164.942674624940992 ], [ 17075.912663433031412, 5164.95129349047329 ], [ 17075.908167992154631, 5164.960416135419109 ], [ 17075.904622384790855, 5164.969948202765408 ], [ 17075.902063283738244, 5164.979791100778129 ], [ 17075.900517158195726, 5164.989843022748573 ], [ 17075.900000000001455, 5165.0 ], [ 17075.900000000001455, 5254.95857864376103 ], [ 17057.929289321880788, 5272.929289321881697 ], [ 17057.922698954662337, 5272.93656067158372 ], [ 17057.91685303876875, 5272.944442976698156 ], [ 17057.911807873566431, 5272.952860326317932 ], [ 17057.90761204674709, 5272.961731656763732 ], [ 17057.904305966425454, 5272.970971532275144 ], [ 17057.901921471959213, 5272.980490967798687 ], [ 17057.900481527332886, 5272.990198285967381 ], [ 17057.900000000001455, 5273.0 ], [ 17057.900000000001455, 5362.95857864376103 ], [ 17039.929289321880788, 5380.929289321881697 ], [ 17039.922698954662337, 5380.93656067158372 ], [ 17039.91685303876875, 5380.944442976698156 ], [ 17039.911807873566431, 5380.952860326317932 ], [ 17039.90761204674709, 5380.961731656763732 ], [ 17039.904305966425454, 5380.970971532275144 ], [ 17039.901921471959213, 5380.980490967798687 ], [ 17039.900481527332886, 5380.990198285967381 ], [ 17039.900000000001455, 5381.0 ], [ 17039.900000000001455, 5469.95857864376103 ], [ 17021.929289321880788, 5487.929289321881697 ], [ 17021.922698954662337, 5487.93656067158372 ], [ 17021.91685303876875, 5487.944442976698156 ], [ 17021.911807873566431, 5487.952860326317932 ], [ 17021.90761204674709, 5487.961731656763732 ], [ 17021.904305966425454, 5487.970971532275144 ], [ 17021.901921471959213, 5487.980490967798687 ], [ 17021.900481527332886, 5487.990198285967381 ], [ 17021.900000000001455, 5488.0 ], [ 17021.900000000001455, 5577.95857864376103 ], [ 17003.929289321880788, 5595.929289321881697 ], [ 17003.922698954662337, 5595.93656067158372 ], [ 17003.91685303876875, 5595.944442976698156 ], [ 17003.911807873566431, 5595.952860326317932 ], [ 17003.90761204674709, 5595.961731656763732 ], [ 17003.904305966425454, 5595.970971532275144 ], [ 17003.901921471959213, 5595.980490967798687 ], [ 17003.900481527332886, 5595.990198285967381 ], [ 17003.900000000001455, 5596.0 ], [ 17003.900000000001455, 5703.95857864376103 ], [ 16985.929289321880788, 5721.929289321881697 ], [ 16985.922698954662337, 5721.93656067158372 ], [ 16985.91685303876875, 5721.944442976698156 ], [ 16985.911807873566431, 5721.952860326317932 ], [ 16985.90761204674709, 5721.961731656763732 ], [ 16985.904305966425454, 5721.970971532275144 ], [ 16985.901921471959213, 5721.980490967798687 ], [ 16985.900481527332886, 5721.990198285967381 ], [ 16985.900000000001455, 5722.0 ], [ 16985.900000000001455, 5774.95857864376103 ], [ 16967.929289321880788, 5792.929289321881697 ], [ 16967.922698954662337, 5792.93656067158372 ], [ 16967.91685303876875, 5792.944442976698156 ], [ 16967.911807873566431, 5792.952860326317932 ], [ 16967.90761204674709, 5792.961731656763732 ], [ 16967.904305966425454, 5792.970971532275144 ], [ 16967.901921471959213, 5792.980490967798687 ], [ 16967.900481527332886, 5792.990198285967381 ], [ 16967.900000000001455, 5793.0 ], [ 16967.900000000001455, 5918.95857864376103 ], [ 16949.929289321880788, 5936.929289321881697 ], [ 16949.922698954662337, 5936.93656067158372 ], [ 16949.91685303876875, 5936.944442976698156 ], [ 16949.911807873566431, 5936.952860326317932 ], [ 16949.90761204674709, 5936.961731656763732 ], [ 16949.904305966425454, 5936.970971532275144 ], [ 16949.901921471959213, 5936.980490967798687 ], [ 16949.900481527332886, 5936.990198285967381 ], [ 16949.900000000001455, 5937.0 ], [ 16949.900000000001455, 6061.95857864376103 ], [ 16931.929289321880788, 6079.929289321881697 ], [ 16931.922698954662337, 6079.93656067158372 ], [ 16931.91685303876875, 6079.944442976698156 ], [ 16931.911807873566431, 6079.952860326317932 ], [ 16931.90761204674709, 6079.961731656763732 ], [ 16931.904305966425454, 6079.970971532275144 ], [ 16931.901921471959213, 6079.980490967798687 ], [ 16931.900481527332886, 6079.990198285967381 ], [ 16931.900000000001455, 6080.0 ], [ 16931.900000000001455, 6205.95857864376103 ], [ 16913.929289321880788, 6223.929289321881697 ], [ 16913.922698954662337, 6223.93656067158372 ], [ 16913.91685303876875, 6223.944442976698156 ], [ 16913.911807873566431, 6223.952860326317932 ], [ 16913.90761204674709, 6223.961731656763732 ], [ 16913.904305966425454, 6223.970971532275144 ], [ 16913.901921471959213, 6223.980490967798687 ], [ 16913.900481527332886, 6223.990198285967381 ], [ 16913.900000000001455, 6224.0 ], [ 16913.900000000001455, 6330.95857864376103 ], [ 16895.929289321880788, 6348.929289321881697 ], [ 16895.922698954662337, 6348.93656067158372 ], [ 16895.91685303876875, 6348.944442976698156 ], [ 16895.911807873566431, 6348.952860326317932 ], [ 16895.90761204674709, 6348.961731656763732 ], [ 16895.904305966425454, 6348.970971532275144 ], [ 16895.901921471959213, 6348.980490967798687 ], [ 16895.900481527332886, 6348.990198285967381 ], [ 16895.900000000001455, 6349.0 ], [ 16895.900000000001455, 6438.960242136433408 ], [ 16878.927298684746347, 6456.931337646703469 ], [ 16878.921137710050971, 6456.938512283958516 ], [ 16878.9156820247008, 6456.946236824483094 ], [ 16878.910980420547276, 6456.954442185370681 ], [ 16878.907074945451313, 6456.963054983593793 ], [ 16878.904000527269091, 6456.971998192288083 ], [ 16878.901784661444253, 6456.981191829631825 ], [ 16878.900447165146034, 6456.990553674138937 ], [ 16878.900000000001455, 6457.0 ], [ 16878.900000000001455, 6564.95857864376103 ], [ 16860.929289321880788, 6582.929289321881697 ], [ 16860.922698954662337, 6582.93656067158372 ], [ 16860.91685303876875, 6582.944442976698156 ], [ 16860.911807873566431, 6582.952860326317932 ], [ 16860.90761204674709, 6582.961731656763732 ], [ 16860.904305966425454, 6582.970971532275144 ], [ 16860.901921471959213, 6582.980490967798687 ], [ 16860.900481527332886, 6582.990198285967381 ], [ 16860.900000000001455, 6583.0 ], [ 16860.900000000001455, 6689.95857864376103 ], [ 16842.929289321880788, 6707.929289321881697 ], [ 16842.922698954662337, 6707.93656067158372 ], [ 16842.91685303876875, 6707.944442976698156 ], [ 16842.911807873566431, 6707.952860326317932 ], [ 16842.90761204674709, 6707.961731656763732 ], [ 16842.904305966425454, 6707.970971532275144 ], [ 16842.901921471959213, 6707.980490967798687 ], [ 16842.900481527332886, 6707.990198285967381 ], [ 16842.900000000001455, 6708.0 ], [ 16842.900000000001455, 6851.95857864376103 ], [ 16824.929289321880788, 6869.929289321881697 ], [ 16824.922698954662337, 6869.93656067158372 ], [ 16824.91685303876875, 6869.944442976698156 ], [ 16824.911807873566431, 6869.952860326317932 ], [ 16824.90761204674709, 6869.961731656763732 ], [ 16824.904305966425454, 6869.970971532275144 ], [ 16824.901921471959213, 6869.980490967798687 ], [ 16824.900481527332886, 6869.990198285967381 ], [ 16824.900000000001455, 6870.0 ], [ 16824.900000000001455, 7012.95857864376103 ], [ 16806.929289321880788, 7030.929289321881697 ], [ 16806.922698954662337, 7030.93656067158372 ], [ 16806.91685303876875, 7030.944442976698156 ], [ 16806.911807873566431, 7030.952860326317932 ], [ 16806.90761204674709, 7030.961731656763732 ], [ 16806.904305966425454, 7030.970971532275144 ], [ 16806.901921471959213, 7030.980490967798687 ], [ 16806.900481527332886, 7030.990198285967381 ], [ 16806.900000000001455, 7031.0 ], [ 16806.900000000001455, 7209.95857864376103 ], [ 16788.929289321880788, 7227.929289321881697 ], [ 16788.922698954662337, 7227.93656067158372 ], [ 16788.91685303876875, 7227.944442976698156 ], [ 16788.911807873566431, 7227.952860326317932 ], [ 16788.90761204674709, 7227.961731656763732 ], [ 16788.904305966425454, 7227.970971532275144 ], [ 16788.901921471959213, 7227.980490967798687 ], [ 16788.900481527332886, 7227.990198285967381 ], [ 16788.900000000001455, 7228.0 ], [ 16788.900000000001455, 7407.95857864376103 ], [ 16770.929289321880788, 7425.929289321881697 ], [ 16770.922698954662337, 7425.93656067158372 ], [ 16770.91685303876875, 7425.944442976698156 ], [ 16770.911807873566431, 7425.952860326317932 ], [ 16770.90761204674709, 7425.961731656763732 ], [ 16770.904305966425454, 7425.970971532275144 ], [ 16770.901921471959213, 7425.980490967798687 ], [ 16770.900481527332886, 7425.990198285967381 ], [ 16770.900000000001455, 7426.0 ], [ 16770.900000000001455, 7658.95857864376103 ], [ 16752.929289321880788, 7676.929289321881697 ], [ 16752.922698954662337, 7676.93656067158372 ], [ 16752.91685303876875, 7676.944442976698156 ], [ 16752.911807873566431, 7676.952860326317932 ], [ 16752.90761204674709, 7676.961731656763732 ], [ 16752.904305966425454, 7676.970971532275144 ], [ 16752.901921471959213, 7676.980490967798687 ], [ 16752.900481527332886, 7676.990198285967381 ], [ 16752.900000000001455, 7677.0 ], [ 16752.900000000001455, 7891.95857864376103 ], [ 16734.929289321880788, 7909.929289321881697 ], [ 16734.922698954662337, 7909.93656067158372 ], [ 16734.91685303876875, 7909.944442976698156 ], [ 16734.911807873566431, 7909.952860326317932 ], [ 16734.90761204674709, 7909.961731656763732 ], [ 16734.904305966425454, 7909.970971532275144 ], [ 16734.901921471959213, 7909.980490967798687 ], [ 16734.900481527332886, 7909.990198285967381 ], [ 16734.900000000001455, 7910.0 ], [ 16734.900000000001455, 8178.95857864376103 ], [ 16716.929289321880788, 8196.929289321880788 ], [ 16716.922698954662337, 8196.93656067158372 ], [ 16716.91685303876875, 8196.944442976697246 ], [ 16716.911807873566431, 8196.952860326317023 ], [ 16716.90761204674709, 8196.961731656763732 ], [ 16716.904305966425454, 8196.970971532275144 ], [ 16716.901921471959213, 8196.980490967798687 ], [ 16716.900481527332886, 8196.990198285966471 ], [ 16716.900000000001455, 8197.0 ], [ 16716.900000000001455, 8215.0 ], [ 16716.900481527332886, 8215.009801714033529 ], [ 16716.901921471959213, 8215.019509032201313 ], [ 16716.904305966425454, 8215.029028467724856 ], [ 16716.90761204674709, 8215.038268343236268 ], [ 16716.911807873566431, 8215.047139673682977 ], [ 16716.91685303876875, 8215.055557023302754 ], [ 16716.922698954662337, 8215.06343932841628 ], [ 16716.929289321880788, 8215.070710678119212 ], [ 16734.900000000001455, 8233.04142135623988 ], [ 16734.900000000001455, 8268.95857864376012 ], [ 16716.929289321880788, 8286.929289321880788 ], [ 16716.922698954662337, 8286.93656067158372 ], [ 16716.91685303876875, 8286.944442976697246 ], [ 16716.911807873566431, 8286.952860326317023 ], [ 16716.90761204674709, 8286.961731656763732 ], [ 16716.904305966425454, 8286.970971532275144 ], [ 16716.901921471959213, 8286.980490967798687 ], [ 16716.900481527332886, 8286.990198285966471 ], [ 16716.900000000001455, 8287.0 ], [ 16716.900000000001455, 8806.95857864376012 ], [ 16698.929289321880788, 8824.929289321880788 ], [ 16698.922698954662337, 8824.93656067158372 ], [ 16698.91685303876875, 8824.944442976697246 ], [ 16698.911807873566431, 8824.952860326317023 ], [ 16698.90761204674709, 8824.961731656763732 ], [ 16698.904305966425454, 8824.970971532275144 ], [ 16698.901921471959213, 8824.980490967798687 ], [ 16698.900481527332886, 8824.990198285966471 ], [ 16698.900000000001455, 8825.0 ], [ 16698.900000000001455, 9075.95857864376012 ], [ 16680.95857864376012, 9093.899999999999636 ], [ 16663.0, 9093.899999999999636 ], [ 16662.990198285966471, 9093.900481527332886 ], [ 16662.980490967798687, 9093.901921471959213 ], [ 16662.970971532275144, 9093.904305966427273 ], [ 16662.961731656763732, 9093.907612046748909 ], [ 16662.952860326317023, 9093.911807873564612 ], [ 16662.944442976699065, 9093.916853038770569 ], [ 16662.93656067158372, 9093.922698954664156 ], [ 16662.929289321880788, 9093.929289321880788 ], [ 16662.922698954662337, 9093.93656067158372 ], [ 16662.91685303876875, 9093.944442976697246 ], [ 16662.911807873566431, 9093.952860326317023 ], [ 16662.90761204674709, 9093.961731656763732 ], [ 16662.904305966425454, 9093.970971532275144 ], [ 16662.901921471959213, 9093.980490967798687 ], [ 16662.900481527332886, 9093.990198285966471 ], [ 16662.900000000001455, 9094.0 ], [ 16662.900000000001455, 9112.0 ], [ 16662.900481527332886, 9112.009801714033529 ], [ 16662.901921471959213, 9112.019509032201313 ], [ 16662.904305966425454, 9112.029028467724856 ], [ 16662.90761204674709, 9112.038268343236268 ], [ 16662.911807873566431, 9112.047139673682977 ], [ 16662.91685303876875, 9112.055557023302754 ], [ 16662.922698954662337, 9112.06343932841628 ], [ 16662.929289321880788, 9112.070710678119212 ], [ 16662.93656067158372, 9112.077301045335844 ], [ 16662.944442976699065, 9112.083146961229431 ], [ 16662.952860326317023, 9112.088192126435388 ], [ 16662.961731656763732, 9112.092387953251091 ], [ 16662.970971532275144, 9112.095694033572727 ], [ 16662.980490967798687, 9112.098078528040787 ], [ 16662.990198285966471, 9112.099518472667114 ], [ 16663.0, 9112.100000000000364 ], [ 16680.95857864376012, 9112.100000000000364 ], [ 16698.900000000001455, 9130.04142135623988 ], [ 16698.900000000001455, 9182.95857864376012 ], [ 16680.929289321880788, 9200.929289321880788 ], [ 16680.922698954662337, 9200.93656067158372 ], [ 16680.91685303876875, 9200.944442976697246 ], [ 16680.911807873566431, 9200.952860326317023 ], [ 16680.90761204674709, 9200.961731656763732 ], [ 16680.904305966425454, 9200.970971532275144 ], [ 16680.901921471959213, 9200.980490967798687 ], [ 16680.900481527332886, 9200.990198285966471 ], [ 16680.900000000001455, 9201.0 ], [ 16680.900481527332886, 9201.009801714033529 ], [ 16680.901921471959213, 9201.019509032201313 ], [ 16680.904305966425454, 9201.029028467724856 ], [ 16680.90761204674709, 9201.038268343236268 ], [ 16680.911807873566431, 9201.047139673682977 ], [ 16680.91685303876875, 9201.055557023302754 ], [ 16680.922698954662337, 9201.06343932841628 ], [ 16680.929289321880788, 9201.070710678119212 ], [ 16698.858578643761575, 9219.0 ], [ 16680.929289321880788, 9236.929289321880788 ], [ 16680.922698954662337, 9236.93656067158372 ], [ 16680.91685303876875, 9236.944442976697246 ], [ 16680.911807873566431, 9236.952860326317023 ], [ 16680.90761204674709, 9236.961731656763732 ], [ 16680.904305966425454, 9236.970971532275144 ], [ 16680.901921471959213, 9236.980490967798687 ], [ 16680.900481527332886, 9236.990198285966471 ], [ 16680.900000000001455, 9237.0 ], [ 16680.900000000001455, 9559.95857864376012 ], [ 16662.929289321880788, 9577.929289321880788 ], [ 16662.922698954662337, 9577.93656067158372 ], [ 16662.91685303876875, 9577.944442976697246 ], [ 16662.911807873566431, 9577.952860326317023 ], [ 16662.90761204674709, 9577.961731656763732 ], [ 16662.904305966425454, 9577.970971532275144 ], [ 16662.901921471959213, 9577.980490967798687 ], [ 16662.900481527332886, 9577.990198285966471 ], [ 16662.900000000001455, 9578.0 ], [ 16662.900000000001455, 9864.95857864376012 ], [ 16644.929289321880788, 9882.929289321880788 ], [ 16644.922698954662337, 9882.93656067158372 ], [ 16644.91685303876875, 9882.944442976697246 ], [ 16644.911807873566431, 9882.952860326317023 ], [ 16644.90761204674709, 9882.961731656763732 ], [ 16644.904305966425454, 9882.970971532275144 ], [ 16644.901921471959213, 9882.980490967798687 ], [ 16644.900481527332886, 9882.990198285966471 ], [ 16644.900000000001455, 9883.0 ], [ 16644.900000000001455, 12269.0 ], [ 16644.900481527332886, 12269.009801714033529 ], [ 16644.901921471959213, 12269.019509032201313 ], [ 16644.904305966425454, 12269.029028467724856 ], [ 16644.90761204674709, 12269.038268343236268 ], [ 16644.911807873566431, 12269.047139673682977 ], [ 16644.91685303876875, 12269.055557023302754 ], [ 16644.922698954662337, 12269.06343932841628 ], [ 16644.929289321880788, 12269.070710678119212 ], [ 16644.93656067158372, 12269.077301045335844 ], [ 16644.944442976699065, 12269.083146961229431 ], [ 16644.952860326317023, 12269.088192126435388 ], [ 16644.961731656763732, 12269.092387953251091 ], [ 16644.970971532275144, 12269.095694033572727 ], [ 16644.980490967798687, 12269.098078528040787 ], [ 16644.990198285966471, 12269.099518472667114 ], [ 16645.0, 12269.1 ], [ 16662.95857864376012, 12269.1 ], [ 16680.858578643761575, 12287.0 ], [ 16662.930299268347881, 12304.928279375413695 ], [ 16644.931337646703469, 12321.927298684744528 ], [ 16644.924308483641653, 12321.934648685160937 ], [ 16644.918062210341304, 12321.942674624940992 ], [ 16644.912663433031412, 12321.951293490472381 ], [ 16644.908167992154631, 12321.9604161354182 ], [ 16644.904622384790855, 12321.969948202766318 ], [ 16644.902063283738244, 12321.979791100779039 ], [ 16644.900517158195726, 12321.989843022749483 ], [ 16644.900000000001455, 12322.0 ], [ 16644.900000000001455, 13505.95857864376012 ], [ 16626.95857864376012, 13523.9 ], [ 16484.0, 13523.9 ], [ 16483.990198285966471, 13523.900481527332886 ], [ 16483.980490967798687, 13523.901921471959213 ], [ 16483.970971532275144, 13523.904305966427273 ], [ 16483.961731656763732, 13523.907612046748909 ], [ 16483.952860326317023, 13523.911807873564612 ], [ 16483.944442976699065, 13523.916853038770569 ], [ 16483.93656067158372, 13523.922698954664156 ], [ 16483.929289321880788, 13523.929289321880788 ], [ 16483.922698954662337, 13523.93656067158372 ], [ 16483.91685303876875, 13523.944442976697246 ], [ 16483.911807873566431, 13523.952860326317023 ], [ 16483.90761204674709, 13523.961731656763732 ], [ 16483.904305966425454, 13523.970971532275144 ], [ 16483.901921471959213, 13523.980490967798687 ], [ 16483.900481527332886, 13523.990198285966471 ], [ 16483.900000000001455, 13524.0 ], [ 16483.900000000001455, 13559.95857864376012 ], [ 16465.929289321880788, 13577.929289321880788 ], [ 16465.922698954662337, 13577.93656067158372 ], [ 16465.91685303876875, 13577.944442976697246 ], [ 16465.911807873566431, 13577.952860326317023 ], [ 16465.90761204674709, 13577.961731656763732 ], [ 16465.904305966425454, 13577.970971532275144 ], [ 16465.901921471959213, 13577.980490967798687 ], [ 16465.900481527332886, 13577.990198285966471 ], [ 16465.900000000001455, 13578.0 ], [ 16465.900000000001455, 13650.0 ], [ 16465.900481527332886, 13650.009801714033529 ], [ 16465.901921471959213, 13650.019509032201313 ], [ 16465.904305966425454, 13650.029028467724856 ], [ 16465.90761204674709, 13650.038268343236268 ], [ 16465.911807873566431, 13650.047139673682977 ], [ 16465.91685303876875, 13650.055557023302754 ], [ 16465.922698954662337, 13650.06343932841628 ], [ 16465.929289321880788, 13650.070710678119212 ], [ 16483.858578643761575, 13668.0 ], [ 16465.929289321880788, 13685.929289321880788 ], [ 16465.922698954662337, 13685.93656067158372 ], [ 16465.91685303876875, 13685.944442976697246 ], [ 16465.911807873566431, 13685.952860326317023 ], [ 16465.90761204674709, 13685.961731656763732 ], [ 16465.904305966425454, 13685.970971532275144 ], [ 16465.901921471959213, 13685.980490967798687 ], [ 16465.900481527332886, 13685.990198285966471 ], [ 16465.900000000001455, 13686.0 ], [ 16465.900000000001455, 14097.95857864376012 ], [ 16447.929289321880788, 14115.929289321880788 ], [ 16447.922698954662337, 14115.93656067158372 ], [ 16447.91685303876875, 14115.944442976697246 ], [ 16447.911807873566431, 14115.952860326317023 ], [ 16447.90761204674709, 14115.961731656763732 ], [ 16447.904305966425454, 14115.970971532275144 ], [ 16447.901921471959213, 14115.980490967798687 ], [ 16447.900481527332886, 14115.990198285966471 ], [ 16447.900000000001455, 14116.0 ], [ 16447.900000000001455, 14367.0 ], [ 16447.900481527332886, 14367.009801714033529 ], [ 16447.901921471959213, 14367.019509032201313 ], [ 16447.904305966425454, 14367.029028467724856 ], [ 16447.90761204674709, 14367.038268343236268 ], [ 16447.911807873566431, 14367.047139673682977 ], [ 16447.91685303876875, 14367.055557023302754 ], [ 16447.922698954662337, 14367.06343932841628 ], [ 16447.929289321880788, 14367.070710678119212 ], [ 16465.900000000001455, 14385.04142135623988 ], [ 16465.900000000001455, 14601.0 ], [ 16465.900517158195726, 14601.010156977250517 ], [ 16465.902063283738244, 14601.020208899220961 ], [ 16465.904622384790855, 14601.030051797233682 ], [ 16465.908167992154631, 14601.0395838645818 ], [ 16465.912663433031412, 14601.048706509527619 ], [ 16465.918062210341304, 14601.057325375059008 ], [ 16465.924308483641653, 14601.065351314839063 ], [ 16465.931337646703469, 14601.072701315255472 ], [ 16483.900000000001455, 14618.043104648926601 ], [ 16483.900000000001455, 14762.0 ], [ 16483.900481527332886, 14762.009801714033529 ], [ 16483.901921471959213, 14762.019509032201313 ], [ 16483.904305966425454, 14762.029028467724856 ], [ 16483.90761204674709, 14762.038268343236268 ], [ 16483.911807873566431, 14762.047139673682977 ], [ 16483.91685303876875, 14762.055557023302754 ], [ 16483.922698954662337, 14762.06343932841628 ], [ 16483.929289321880788, 14762.070710678119212 ], [ 16501.900000000001455, 14780.04142135623988 ], [ 16501.900000000001455, 15497.0 ], [ 16501.900481527332886, 15497.009801714033529 ], [ 16501.901921471959213, 15497.019509032201313 ], [ 16501.904305966425454, 15497.029028467724856 ], [ 16501.90761204674709, 15497.038268343236268 ], [ 16501.911807873566431, 15497.047139673682977 ], [ 16501.91685303876875, 15497.055557023302754 ], [ 16501.922698954662337, 15497.06343932841628 ], [ 16501.929289321880788, 15497.070710678119212 ], [ 16519.900000000001455, 15515.04142135623988 ], [ 16519.900000000001455, 15532.95857864376012 ], [ 16501.929289321880788, 15550.929289321880788 ], [ 16501.922698954662337, 15550.93656067158372 ], [ 16501.91685303876875, 15550.944442976697246 ], [ 16501.911807873566431, 15550.952860326317023 ], [ 16501.90761204674709, 15550.961731656763732 ], [ 16501.904305966425454, 15550.970971532275144 ], [ 16501.901921471959213, 15550.980490967798687 ], [ 16501.900481527332886, 15550.990198285966471 ], [ 16501.900000000001455, 15551.0 ], [ 16501.900481527332886, 15551.009801714033529 ], [ 16501.901921471959213, 15551.019509032201313 ], [ 16501.904305966425454, 15551.029028467724856 ], [ 16501.90761204674709, 15551.038268343236268 ], [ 16501.911807873566431, 15551.047139673682977 ], [ 16501.91685303876875, 15551.055557023302754 ], [ 16501.922698954662337, 15551.06343932841628 ], [ 16501.929289321880788, 15551.070710678119212 ], [ 16519.900000000001455, 15569.04142135623988 ], [ 16519.900000000001455, 16608.95857864376012 ], [ 16501.929289321880788, 16626.929289321880788 ], [ 16501.922698954662337, 16626.93656067158372 ], [ 16501.91685303876875, 16626.944442976699065 ], [ 16501.911807873566431, 16626.952860326317023 ], [ 16501.90761204674709, 16626.961731656763732 ], [ 16501.904305966425454, 16626.970971532275144 ], [ 16501.901921471959213, 16626.980490967798687 ], [ 16501.900481527332886, 16626.990198285966471 ], [ 16501.900000000001455, 16627.0 ], [ 16501.900000000001455, 16645.0 ], [ 16501.900481527332886, 16645.009801714033529 ], [ 16501.901921471959213, 16645.019509032201313 ], [ 16501.904305966425454, 16645.029028467724856 ], [ 16501.90761204674709, 16645.038268343236268 ], [ 16501.911807873566431, 16645.047139673682977 ], [ 16501.91685303876875, 16645.055557023300935 ], [ 16501.922698954662337, 16645.06343932841628 ], [ 16501.929289321880788, 16645.070710678119212 ], [ 16519.900000000001455, 16663.04142135623988 ], [ 16519.900000000001455, 16680.95857864376012 ], [ 16501.929289321880788, 16698.929289321880788 ], [ 16501.922698954662337, 16698.93656067158372 ], [ 16501.91685303876875, 16698.944442976699065 ], [ 16501.911807873566431, 16698.952860326317023 ], [ 16501.90761204674709, 16698.961731656763732 ], [ 16501.904305966425454, 16698.970971532275144 ], [ 16501.901921471959213, 16698.980490967798687 ], [ 16501.900481527332886, 16698.990198285966471 ], [ 16501.900000000001455, 16699.0 ], [ 16501.900000000001455, 16735.0 ], [ 16501.900481527332886, 16735.009801714033529 ], [ 16501.901921471959213, 16735.019509032201313 ], [ 16501.904305966425454, 16735.029028467724856 ], [ 16501.90761204674709, 16735.038268343236268 ], [ 16501.911807873566431, 16735.047139673682977 ], [ 16501.91685303876875, 16735.055557023300935 ], [ 16501.922698954662337, 16735.06343932841628 ], [ 16501.929289321880788, 16735.070710678119212 ], [ 16519.858578643761575, 16753.0 ], [ 16501.929289321880788, 16770.929289321880788 ], [ 16501.922698954662337, 16770.93656067158372 ], [ 16501.91685303876875, 16770.944442976699065 ], [ 16501.911807873566431, 16770.952860326317023 ], [ 16501.90761204674709, 16770.961731656763732 ], [ 16501.904305966425454, 16770.970971532275144 ], [ 16501.901921471959213, 16770.980490967798687 ], [ 16501.900481527332886, 16770.990198285966471 ], [ 16501.900000000001455, 16771.0 ], [ 16501.900481527332886, 16771.009801714033529 ], [ 16501.901921471959213, 16771.019509032201313 ], [ 16501.904305966425454, 16771.029028467724856 ], [ 16501.90761204674709, 16771.038268343236268 ], [ 16501.911807873566431, 16771.047139673682977 ], [ 16501.91685303876875, 16771.055557023300935 ], [ 16501.922698954662337, 16771.06343932841628 ], [ 16501.929289321880788, 16771.070710678119212 ], [ 16519.900000000001455, 16789.04142135623988 ], [ 16519.900000000001455, 16860.95857864376012 ], [ 16501.929289321880788, 16878.929289321880788 ], [ 16501.922698954662337, 16878.93656067158372 ], [ 16501.91685303876875, 16878.944442976699065 ], [ 16501.911807873566431, 16878.952860326317023 ], [ 16501.90761204674709, 16878.961731656763732 ], [ 16501.904305966425454, 16878.970971532275144 ], [ 16501.901921471959213, 16878.980490967798687 ], [ 16501.900481527332886, 16878.990198285966471 ], [ 16501.900000000001455, 16879.0 ], [ 16501.900000000001455, 17254.95857864376012 ], [ 16483.929289321880788, 17272.929289321880788 ], [ 16483.922698954662337, 17272.93656067158372 ], [ 16483.91685303876875, 17272.944442976699065 ], [ 16483.911807873566431, 17272.952860326317023 ], [ 16483.90761204674709, 17272.961731656763732 ], [ 16483.904305966425454, 17272.970971532275144 ], [ 16483.901921471959213, 17272.980490967798687 ], [ 16483.900481527332886, 17272.990198285966471 ], [ 16483.900000000001455, 17273.0 ], [ 16483.900000000001455, 18079.95857864376012 ], [ 16465.929289321880788, 18097.929289321880788 ], [ 16465.922698954662337, 18097.93656067158372 ], [ 16465.91685303876875, 18097.944442976699065 ], [ 16465.911807873566431, 18097.952860326317023 ], [ 16465.90761204674709, 18097.961731656763732 ], [ 16465.904305966425454, 18097.970971532275144 ], [ 16465.901921471959213, 18097.980490967798687 ], [ 16465.900481527332886, 18097.990198285966471 ], [ 16465.900000000001455, 18098.0 ], [ 16465.900000000001455, 19209.95857864376012 ], [ 16447.929289321880788, 19227.929289321880788 ], [ 16447.922698954662337, 19227.93656067158372 ], [ 16447.91685303876875, 19227.944442976699065 ], [ 16447.911807873566431, 19227.952860326317023 ], [ 16447.90761204674709, 19227.961731656763732 ], [ 16447.904305966425454, 19227.970971532275144 ], [ 16447.901921471959213, 19227.980490967798687 ], [ 16447.900481527332886, 19227.990198285966471 ], [ 16447.900000000001455, 19228.0 ], [ 16447.900000000001455, 20196.95857864376012 ], [ 16429.929289321880788, 20214.929289321880788 ], [ 16429.922698954662337, 20214.93656067158372 ], [ 16429.91685303876875, 20214.944442976699065 ], [ 16429.911807873566431, 20214.952860326317023 ], [ 16429.90761204674709, 20214.961731656763732 ], [ 16429.904305966425454, 20214.970971532275144 ], [ 16429.901921471959213, 20214.980490967798687 ], [ 16429.900481527332886, 20214.990198285966471 ], [ 16429.900000000001455, 20215.0 ], [ 16429.900000000001455, 20287.0 ], [ 16429.900481527332886, 20287.009801714033529 ], [ 16429.901921471959213, 20287.019509032201313 ], [ 16429.904305966425454, 20287.029028467724856 ], [ 16429.90761204674709, 20287.038268343236268 ], [ 16429.911807873566431, 20287.047139673682977 ], [ 16429.91685303876875, 20287.055557023300935 ], [ 16429.922698954662337, 20287.06343932841628 ], [ 16429.929289321880788, 20287.070710678119212 ], [ 16447.900000000001455, 20305.04142135623988 ], [ 16447.900000000001455, 20322.956895351075218 ], [ 16429.931337646703469, 20339.927298684746347 ], [ 16429.924425271230575, 20339.934513662712561 ], [ 16429.918267409982946, 20339.942382435587206 ], [ 16429.912925541098957, 20339.950826444026461 ], [ 16429.908452996111009, 20339.959761385718593 ], [ 16429.90489442749822, 20339.969098057026713 ], [ 16429.902285362884868, 20339.978743243576901 ], [ 16429.900651850348368, 20339.988600650867738 ], [ 16429.900010198358359, 20339.998571865660779 ], [ 16429.900366812969878, 20340.008557338493119 ], [ 16429.901718133853137, 20340.018457377562299 ], [ 16429.904050669847493, 20340.028173144004541 ], [ 16429.907341133650334, 20340.037607638674672 ], [ 16429.911556674309395, 20340.046666670557897 ], [ 16429.916655205201096, 20340.055259797140025 ], [ 16429.922585824198904, 20340.06330122736108 ], [ 16429.929289321880788, 20340.070710678119212 ], [ 16447.900000000001455, 20358.04142135623988 ], [ 16447.900000000001455, 20375.95857864376012 ], [ 16429.929289321880788, 20393.929289321880788 ], [ 16429.922698954662337, 20393.93656067158372 ], [ 16429.91685303876875, 20393.944442976699065 ], [ 16429.911807873566431, 20393.952860326317023 ], [ 16429.90761204674709, 20393.961731656763732 ], [ 16429.904305966425454, 20393.970971532275144 ], [ 16429.901921471959213, 20393.980490967798687 ], [ 16429.900481527332886, 20393.990198285966471 ], [ 16429.900000000001455, 20394.0 ], [ 16429.900000000001455, 20412.0 ], [ 16429.900481527332886, 20412.009801714033529 ], [ 16429.901921471959213, 20412.019509032201313 ], [ 16429.904305966425454, 20412.029028467724856 ], [ 16429.90761204674709, 20412.038268343236268 ], [ 16429.911807873566431, 20412.047139673682977 ], [ 16429.91685303876875, 20412.055557023300935 ], [ 16429.922698954662337, 20412.06343932841628 ], [ 16429.929289321880788, 20412.070710678119212 ], [ 16447.900000000001455, 20430.04142135623988 ], [ 16447.900000000001455, 20501.95857864376012 ], [ 16429.929289321880788, 20519.929289321880788 ], [ 16429.922698954662337, 20519.93656067158372 ], [ 16429.91685303876875, 20519.944442976699065 ], [ 16429.911807873566431, 20519.952860326317023 ], [ 16429.90761204674709, 20519.961731656763732 ], [ 16429.904305966425454, 20519.970971532275144 ], [ 16429.901921471959213, 20519.980490967798687 ], [ 16429.900481527332886, 20519.990198285966471 ], [ 16429.900000000001455, 20520.0 ], [ 16429.900000000001455, 20789.0 ], [ 16429.900481527332886, 20789.009801714033529 ], [ 16429.901921471959213, 20789.019509032201313 ], [ 16429.904305966425454, 20789.029028467724856 ], [ 16429.90761204674709, 20789.038268343236268 ], [ 16429.911807873566431, 20789.047139673682977 ], [ 16429.91685303876875, 20789.055557023300935 ], [ 16429.922698954662337, 20789.06343932841628 ], [ 16429.929289321880788, 20789.070710678119212 ], [ 16447.858578643761575, 20807.0 ], [ 16429.929289321880788, 20824.929289321880788 ], [ 16429.922698954662337, 20824.93656067158372 ], [ 16429.91685303876875, 20824.944442976699065 ], [ 16429.911807873566431, 20824.952860326317023 ], [ 16429.90761204674709, 20824.961731656763732 ], [ 16429.904305966425454, 20824.970971532275144 ], [ 16429.901921471959213, 20824.980490967798687 ], [ 16429.900481527332886, 20824.990198285966471 ], [ 16429.900000000001455, 20825.0 ], [ 16429.900000000001455, 21040.0 ], [ 16429.900481527332886, 21040.009801714033529 ], [ 16429.901921471959213, 21040.019509032201313 ], [ 16429.904305966425454, 21040.029028467724856 ], [ 16429.90761204674709, 21040.038268343236268 ], [ 16429.911807873566431, 21040.047139673682977 ], [ 16429.91685303876875, 21040.055557023300935 ], [ 16429.922698954662337, 21040.06343932841628 ], [ 16429.929289321880788, 21040.070710678119212 ], [ 16447.900000000001455, 21058.04142135623988 ], [ 16447.900000000001455, 21075.95857864376012 ], [ 16429.929289321880788, 21093.929289321880788 ], [ 16429.922698954662337, 21093.93656067158372 ], [ 16429.91685303876875, 21093.944442976699065 ], [ 16429.911807873566431, 21093.952860326317023 ], [ 16429.90761204674709, 21093.961731656763732 ], [ 16429.904305966425454, 21093.970971532275144 ], [ 16429.901921471959213, 21093.980490967798687 ], [ 16429.900481527332886, 21093.990198285966471 ], [ 16429.900000000001455, 21094.0 ], [ 16429.900000000001455, 21201.0 ], [ 16429.900481527332886, 21201.009801714033529 ], [ 16429.901921471959213, 21201.019509032201313 ], [ 16429.904305966425454, 21201.029028467724856 ], [ 16429.90761204674709, 21201.038268343236268 ], [ 16429.911807873566431, 21201.047139673682977 ], [ 16429.91685303876875, 21201.055557023300935 ], [ 16429.922698954662337, 21201.06343932841628 ], [ 16429.929289321880788, 21201.070710678119212 ], [ 16447.858578643761575, 21219.0 ], [ 16429.929289321880788, 21236.929289321880788 ], [ 16429.922698954662337, 21236.93656067158372 ], [ 16429.91685303876875, 21236.944442976699065 ], [ 16429.911807873566431, 21236.952860326317023 ], [ 16429.90761204674709, 21236.961731656763732 ], [ 16429.904305966425454, 21236.970971532275144 ], [ 16429.901921471959213, 21236.980490967798687 ], [ 16429.900481527332886, 21236.990198285966471 ], [ 16429.900000000001455, 21237.0 ], [ 16429.900000000001455, 21273.0 ], [ 16429.900481527332886, 21273.009801714033529 ], [ 16429.901921471959213, 21273.019509032201313 ], [ 16429.904305966425454, 21273.029028467724856 ], [ 16429.90761204674709, 21273.038268343236268 ], [ 16429.911807873566431, 21273.047139673682977 ], [ 16429.91685303876875, 21273.055557023300935 ], [ 16429.922698954662337, 21273.06343932841628 ], [ 16429.929289321880788, 21273.070710678119212 ], [ 16447.900000000001455, 21291.04142135623988 ], [ 16447.900000000001455, 21559.95857864376012 ], [ 16429.929289321880788, 21577.929289321880788 ], [ 16429.922698954662337, 21577.93656067158372 ], [ 16429.91685303876875, 21577.944442976699065 ], [ 16429.911807873566431, 21577.952860326317023 ], [ 16429.90761204674709, 21577.961731656763732 ], [ 16429.904305966425454, 21577.970971532275144 ], [ 16429.901921471959213, 21577.980490967798687 ], [ 16429.900481527332886, 21577.990198285966471 ], [ 16429.900000000001455, 21578.0 ], [ 16429.900481527332886, 21578.009801714033529 ], [ 16429.901921471959213, 21578.019509032201313 ], [ 16429.904305966425454, 21578.029028467724856 ], [ 16429.90761204674709, 21578.038268343236268 ], [ 16429.911807873566431, 21578.047139673682977 ], [ 16429.91685303876875, 21578.055557023300935 ], [ 16429.922698954662337, 21578.06343932841628 ], [ 16429.929289321880788, 21578.070710678119212 ], [ 16447.900000000001455, 21596.04142135623988 ], [ 16447.900000000001455, 21792.95857864376012 ], [ 16429.929289321880788, 21810.929289321880788 ], [ 16429.922698954662337, 21810.93656067158372 ], [ 16429.91685303876875, 21810.944442976699065 ], [ 16429.911807873566431, 21810.952860326317023 ], [ 16429.90761204674709, 21810.961731656763732 ], [ 16429.904305966425454, 21810.970971532275144 ], [ 16429.901921471959213, 21810.980490967798687 ], [ 16429.900481527332886, 21810.990198285966471 ], [ 16429.900000000001455, 21811.0 ], [ 16429.900000000001455, 21883.0 ], [ 16429.900481527332886, 21883.009801714033529 ], [ 16429.901921471959213, 21883.019509032201313 ], [ 16429.904305966425454, 21883.029028467724856 ], [ 16429.90761204674709, 21883.038268343236268 ], [ 16429.911807873566431, 21883.047139673682977 ], [ 16429.91685303876875, 21883.055557023300935 ], [ 16429.922698954662337, 21883.06343932841628 ], [ 16429.929289321880788, 21883.070710678119212 ], [ 16447.900000000001455, 21901.04142135623988 ], [ 16447.900000000001455, 22079.95857864376012 ], [ 16429.929289321880788, 22097.929289321880788 ], [ 16429.922698954662337, 22097.93656067158372 ], [ 16429.91685303876875, 22097.944442976699065 ], [ 16429.911807873566431, 22097.952860326317023 ], [ 16429.90761204674709, 22097.961731656763732 ], [ 16429.904305966425454, 22097.970971532275144 ], [ 16429.901921471959213, 22097.980490967798687 ], [ 16429.900481527332886, 22097.990198285966471 ], [ 16429.900000000001455, 22098.0 ], [ 16429.900481527332886, 22098.009801714033529 ], [ 16429.901921471959213, 22098.019509032201313 ], [ 16429.904305966425454, 22098.029028467724856 ], [ 16429.90761204674709, 22098.038268343236268 ], [ 16429.911807873566431, 22098.047139673682977 ], [ 16429.91685303876875, 22098.055557023300935 ], [ 16429.922698954662337, 22098.06343932841628 ], [ 16429.929289321880788, 22098.070710678119212 ], [ 16447.900000000001455, 22116.04142135623988 ], [ 16447.900000000001455, 22816.0 ], [ 16447.900481527332886, 22816.009801714033529 ], [ 16447.901921471959213, 22816.019509032201313 ], [ 16447.904305966425454, 22816.029028467724856 ], [ 16447.90761204674709, 22816.038268343236268 ], [ 16447.911807873566431, 22816.047139673682977 ], [ 16447.91685303876875, 22816.055557023300935 ], [ 16447.922698954662337, 22816.06343932841628 ], [ 16447.929289321880788, 22816.070710678119212 ], [ 16465.900000000001455, 22834.04142135623988 ], [ 16465.900000000001455, 23191.95857864376012 ], [ 16447.95857864376012, 23209.900000000001455 ], [ 16430.0, 23209.900000000001455 ], [ 16429.990198285966471, 23209.900481527332886 ], [ 16429.980490967798687, 23209.901921471959213 ], [ 16429.970971532275144, 23209.904305966425454 ], [ 16429.961731656763732, 23209.90761204674709 ], [ 16429.952860326317023, 23209.911807873566431 ], [ 16429.944442976699065, 23209.91685303876875 ], [ 16429.93656067158372, 23209.922698954662337 ], [ 16429.929289321880788, 23209.929289321880788 ], [ 16394.0, 23245.858578643761575 ], [ 16376.070710678119212, 23227.929289321880788 ], [ 16376.06343932841628, 23227.922698954662337 ], [ 16376.055557023302754, 23227.91685303876875 ], [ 16376.047139673682977, 23227.911807873566431 ], [ 16376.038268343236268, 23227.90761204674709 ], [ 16376.029028467724856, 23227.904305966425454 ], [ 16376.019509032201313, 23227.901921471959213 ], [ 16376.009801714033529, 23227.900481527332886 ], [ 16376.0, 23227.900000000001455 ], [ 16375.990198285966471, 23227.900481527332886 ], [ 16375.980490967798687, 23227.901921471959213 ], [ 16375.970971532275144, 23227.904305966425454 ], [ 16375.961731656763732, 23227.90761204674709 ], [ 16375.952860326317023, 23227.911807873566431 ], [ 16375.944442976697246, 23227.91685303876875 ], [ 16375.93656067158372, 23227.922698954662337 ], [ 16375.929289321880788, 23227.929289321880788 ], [ 16375.922698954664156, 23227.93656067158372 ], [ 16375.916853038770569, 23227.944442976699065 ], [ 16375.911807873564612, 23227.952860326317023 ], [ 16375.907612046748909, 23227.961731656763732 ], [ 16375.904305966427273, 23227.970971532275144 ], [ 16375.901921471959213, 23227.980490967798687 ], [ 16375.900481527332886, 23227.990198285966471 ], [ 16375.9, 23228.0 ], [ 16375.9, 23264.0 ], [ 16375.900481527332886, 23264.009801714033529 ], [ 16375.901921471959213, 23264.019509032201313 ], [ 16375.904305966427273, 23264.029028467724856 ], [ 16375.907612046748909, 23264.038268343236268 ], [ 16375.911807873564612, 23264.047139673682977 ], [ 16375.916853038770569, 23264.055557023300935 ], [ 16375.922698954664156, 23264.06343932841628 ], [ 16375.929289321880788, 23264.070710678119212 ], [ 16375.93656067158372, 23264.077301045337663 ], [ 16375.944442976697246, 23264.08314696123125 ], [ 16375.952860326317023, 23264.088192126433569 ], [ 16375.961731656763732, 23264.09238795325291 ], [ 16375.970971532275144, 23264.095694033574546 ], [ 16375.980490967798687, 23264.098078528040787 ], [ 16375.990198285966471, 23264.099518472667114 ], [ 16376.0, 23264.099999999998545 ], [ 16393.95857864376012, 23264.099999999998545 ], [ 16429.858578643761575, 23300.0 ], [ 16411.929289321880788, 23317.929289321880788 ], [ 16411.922698954662337, 23317.93656067158372 ], [ 16411.91685303876875, 23317.944442976699065 ], [ 16411.911807873566431, 23317.952860326317023 ], [ 16411.90761204674709, 23317.961731656763732 ], [ 16411.904305966425454, 23317.970971532275144 ], [ 16411.901921471959213, 23317.980490967798687 ], [ 16411.900481527332886, 23317.990198285966471 ], [ 16411.900000000001455, 23318.0 ], [ 16411.900000000001455, 23336.0 ], [ 16411.900481527332886, 23336.009801714033529 ], [ 16411.901921471959213, 23336.019509032201313 ], [ 16411.904305966425454, 23336.029028467724856 ], [ 16411.90761204674709, 23336.038268343236268 ], [ 16411.911807873566431, 23336.047139673682977 ], [ 16411.91685303876875, 23336.055557023300935 ], [ 16411.922698954662337, 23336.06343932841628 ], [ 16411.929289321880788, 23336.070710678119212 ], [ 16429.858578643761575, 23354.0 ], [ 16411.929289321880788, 23371.929289321880788 ], [ 16411.922698954662337, 23371.93656067158372 ], [ 16411.91685303876875, 23371.944442976699065 ], [ 16411.911807873566431, 23371.952860326317023 ], [ 16411.90761204674709, 23371.961731656763732 ], [ 16411.904305966425454, 23371.970971532275144 ], [ 16411.901921471959213, 23371.980490967798687 ], [ 16411.900481527332886, 23371.990198285966471 ], [ 16411.900000000001455, 23372.0 ], [ 16411.900481527332886, 23372.009801714033529 ], [ 16411.901921471959213, 23372.019509032201313 ], [ 16411.904305966425454, 23372.029028467724856 ], [ 16411.90761204674709, 23372.038268343236268 ], [ 16411.911807873566431, 23372.047139673682977 ], [ 16411.91685303876875, 23372.055557023300935 ], [ 16411.922698954662337, 23372.06343932841628 ], [ 16411.929289321880788, 23372.070710678119212 ], [ 16411.93656067158372, 23372.077301045337663 ], [ 16411.944442976699065, 23372.08314696123125 ], [ 16411.952860326317023, 23372.088192126433569 ], [ 16411.961731656763732, 23372.09238795325291 ], [ 16411.970971532275144, 23372.095694033574546 ], [ 16411.980490967798687, 23372.098078528040787 ], [ 16411.990198285966471, 23372.099518472667114 ], [ 16412.0, 23372.099999999998545 ], [ 16412.009801714033529, 23372.099518472667114 ], [ 16412.019509032201313, 23372.098078528040787 ], [ 16412.029028467724856, 23372.095694033574546 ], [ 16412.038268343236268, 23372.09238795325291 ], [ 16412.047139673682977, 23372.088192126433569 ], [ 16412.055557023300935, 23372.08314696123125 ], [ 16412.06343932841628, 23372.077301045337663 ], [ 16412.070710678119212, 23372.070710678119212 ], [ 16430.070710678119212, 23354.070710678119212 ], [ 16430.077301045337663, 23354.06343932841628 ], [ 16430.08314696123125, 23354.055557023300935 ], [ 16430.088192126433569, 23354.047139673682977 ], [ 16430.09238795325291, 23354.038268343236268 ], [ 16430.095694033574546, 23354.029028467724856 ], [ 16430.098078528040787, 23354.019509032201313 ], [ 16430.099518472667114, 23354.009801714033529 ], [ 16430.099999999998545, 23354.0 ], [ 16430.099999999998545, 23246.04142135623988 ], [ 16448.0, 23228.141421356238425 ], [ 16465.900000000001455, 23246.04142135623988 ], [ 16465.900000000001455, 24447.95857864376012 ], [ 16447.929289321880788, 24465.929289321880788 ], [ 16447.922698954662337, 24465.93656067158372 ], [ 16447.91685303876875, 24465.944442976699065 ], [ 16447.911807873566431, 24465.952860326317023 ], [ 16447.90761204674709, 24465.961731656763732 ], [ 16447.904305966425454, 24465.970971532275144 ], [ 16447.901921471959213, 24465.980490967798687 ], [ 16447.900481527332886, 24465.990198285966471 ], [ 16447.900000000001455, 24466.0 ], [ 16447.900000000001455, 24824.95857864376012 ], [ 16429.929289321880788, 24842.929289321880788 ], [ 16429.922698954662337, 24842.93656067158372 ], [ 16429.91685303876875, 24842.944442976699065 ], [ 16429.911807873566431, 24842.952860326317023 ], [ 16429.90761204674709, 24842.961731656763732 ], [ 16429.904305966425454, 24842.970971532275144 ], [ 16429.901921471959213, 24842.980490967798687 ], [ 16429.900481527332886, 24842.990198285966471 ], [ 16429.900000000001455, 24843.0 ], [ 16429.900000000001455, 25236.95857864376012 ], [ 16411.929289321880788, 25254.929289321880788 ], [ 16411.922698954662337, 25254.93656067158372 ], [ 16411.91685303876875, 25254.944442976699065 ], [ 16411.911807873566431, 25254.952860326317023 ], [ 16411.90761204674709, 25254.961731656763732 ], [ 16411.904305966425454, 25254.970971532275144 ], [ 16411.901921471959213, 25254.980490967798687 ], [ 16411.900481527332886, 25254.990198285966471 ], [ 16411.900000000001455, 25255.0 ], [ 16411.900000000001455, 25291.0 ], [ 16411.900481527332886, 25291.009801714033529 ], [ 16411.901921471959213, 25291.019509032201313 ], [ 16411.904305966425454, 25291.029028467724856 ], [ 16411.90761204674709, 25291.038268343236268 ], [ 16411.911807873566431, 25291.047139673682977 ], [ 16411.91685303876875, 25291.055557023300935 ], [ 16411.922698954662337, 25291.06343932841628 ], [ 16411.929289321880788, 25291.070710678119212 ], [ 16429.900000000001455, 25309.04142135623988 ], [ 16429.900000000001455, 25758.0 ], [ 16429.900517158195726, 25758.010156977252336 ], [ 16429.902063283738244, 25758.02020889922278 ], [ 16429.904622384790855, 25758.030051797235501 ], [ 16429.908167992154631, 25758.0395838645818 ], [ 16429.912663433031412, 25758.0487065095258 ], [ 16429.918062210341304, 25758.057325375059008 ], [ 16429.924308483638015, 25758.065351314839063 ], [ 16429.931337646703469, 25758.072701315253653 ], [ 16447.900000000001455, 25775.043104648924782 ], [ 16447.900000000001455, 25792.95857864376012 ], [ 16429.929289321880788, 25810.929289321880788 ], [ 16429.922698954662337, 25810.93656067158372 ], [ 16429.91685303876875, 25810.944442976699065 ], [ 16429.911807873566431, 25810.952860326317023 ], [ 16429.90761204674709, 25810.961731656763732 ], [ 16429.904305966425454, 25810.970971532275144 ], [ 16429.901921471959213, 25810.980490967798687 ], [ 16429.900481527332886, 25810.990198285966471 ], [ 16429.900000000001455, 25811.0 ], [ 16429.900000000001455, 26277.95857864376012 ], [ 16411.929289321880788, 26295.929289321880788 ], [ 16411.922698954662337, 26295.93656067158372 ], [ 16411.91685303876875, 26295.944442976699065 ], [ 16411.911807873566431, 26295.952860326317023 ], [ 16411.90761204674709, 26295.961731656763732 ], [ 16411.904305966425454, 26295.970971532275144 ], [ 16411.901921471959213, 26295.980490967798687 ], [ 16411.900481527332886, 26295.990198285966471 ], [ 16411.900000000001455, 26296.0 ], [ 16411.900000000001455, 26707.95857864376012 ], [ 16393.929289321880788, 26725.929289321880788 ], [ 16393.922698954662337, 26725.93656067158372 ], [ 16393.91685303876875, 26725.944442976699065 ], [ 16393.911807873566431, 26725.952860326317023 ], [ 16393.90761204674709, 26725.961731656763732 ], [ 16393.904305966425454, 26725.970971532275144 ], [ 16393.901921471959213, 26725.980490967798687 ], [ 16393.900481527332886, 26725.990198285966471 ], [ 16393.900000000001455, 26726.0 ], [ 16393.900000000001455, 26905.956895351075218 ], [ 16375.931337646703469, 26922.927298684746347 ], [ 16375.924308483639834, 26922.934648685160937 ], [ 16375.918062210339485, 26922.942674624940992 ], [ 16375.912663433031412, 26922.9512934904742 ], [ 16375.908167992154631, 26922.9604161354182 ], [ 16375.904622384790855, 26922.969948202764499 ], [ 16375.902063283738244, 26922.97979110077722 ], [ 16375.900517158197545, 26922.989843022747664 ], [ 16375.9, 26923.0 ], [ 16375.9, 27102.95857864376012 ], [ 16357.929289321880788, 27120.929289321880788 ], [ 16357.922698954664156, 27120.93656067158372 ], [ 16357.916853038770569, 27120.944442976699065 ], [ 16357.911807873564612, 27120.952860326317023 ], [ 16357.907612046748909, 27120.961731656763732 ], [ 16357.904305966427273, 27120.970971532275144 ], [ 16357.901921471959213, 27120.980490967798687 ], [ 16357.900481527332886, 27120.990198285966471 ], [ 16357.9, 27121.0 ], [ 16357.9, 27317.95857864376012 ], [ 16339.929289321880788, 27335.929289321880788 ], [ 16339.922698954664156, 27335.93656067158372 ], [ 16339.916853038770569, 27335.944442976699065 ], [ 16339.911807873564612, 27335.952860326317023 ], [ 16339.907612046748909, 27335.961731656763732 ], [ 16339.904305966427273, 27335.970971532275144 ], [ 16339.901921471959213, 27335.980490967798687 ], [ 16339.900481527332886, 27335.990198285966471 ], [ 16339.9, 27336.0 ], [ 16339.9, 27514.95857864376012 ], [ 16321.929289321880788, 27532.929289321880788 ], [ 16321.922698954664156, 27532.93656067158372 ], [ 16321.916853038770569, 27532.944442976699065 ], [ 16321.911807873564612, 27532.952860326317023 ], [ 16321.907612046748909, 27532.961731656763732 ], [ 16321.904305966427273, 27532.970971532275144 ], [ 16321.901921471959213, 27532.980490967798687 ], [ 16321.900481527332886, 27532.990198285966471 ], [ 16321.9, 27533.0 ], [ 16321.9, 27712.960242136432498 ], [ 16304.927298684744528, 27730.931337646703469 ], [ 16304.921137710050971, 27730.938512283959426 ], [ 16304.915682024702619, 27730.946236824482185 ], [ 16304.910980420545457, 27730.95444218537159 ], [ 16304.907074945451313, 27730.963054983592883 ], [ 16304.904000527267272, 27730.971998192289902 ], [ 16304.901784661446072, 27730.981191829632735 ], [ 16304.900447165144215, 27730.990553674138937 ], [ 16304.9, 27731.0 ], [ 16304.9, 27873.95857864376012 ], [ 16286.929289321880788, 27891.929289321880788 ], [ 16286.922698954664156, 27891.93656067158372 ], [ 16286.916853038770569, 27891.944442976699065 ], [ 16286.911807873564612, 27891.952860326317023 ], [ 16286.907612046748909, 27891.961731656763732 ], [ 16286.904305966427273, 27891.970971532275144 ], [ 16286.901921471959213, 27891.980490967798687 ], [ 16286.900481527332886, 27891.990198285966471 ], [ 16286.9, 27892.0 ], [ 16286.9, 28070.95857864376012 ], [ 16268.929289321880788, 28088.929289321880788 ], [ 16268.922698954664156, 28088.93656067158372 ], [ 16268.916853038770569, 28088.944442976699065 ], [ 16268.911807873564612, 28088.952860326317023 ], [ 16268.907612046748909, 28088.961731656763732 ], [ 16268.904305966427273, 28088.970971532275144 ], [ 16268.901921471959213, 28088.980490967798687 ], [ 16268.900481527332886, 28088.990198285966471 ], [ 16268.9, 28089.0 ], [ 16268.9, 28250.95857864376012 ], [ 16250.929289321880788, 28268.929289321880788 ], [ 16250.922698954664156, 28268.93656067158372 ], [ 16250.916853038770569, 28268.944442976699065 ], [ 16250.911807873564612, 28268.952860326317023 ], [ 16250.907612046748909, 28268.961731656763732 ], [ 16250.904305966427273, 28268.970971532275144 ], [ 16250.901921471959213, 28268.980490967798687 ], [ 16250.900481527332886, 28268.990198285966471 ], [ 16250.9, 28269.0 ], [ 16250.9, 28429.95857864376012 ], [ 16232.929289321880788, 28447.929289321880788 ], [ 16232.922698954664156, 28447.93656067158372 ], [ 16232.916853038770569, 28447.944442976699065 ], [ 16232.911807873564612, 28447.952860326317023 ], [ 16232.907612046748909, 28447.961731656763732 ], [ 16232.904305966427273, 28447.970971532275144 ], [ 16232.901921471959213, 28447.980490967798687 ], [ 16232.900481527332886, 28447.990198285966471 ], [ 16232.9, 28448.0 ], [ 16232.9, 28644.95857864376012 ], [ 16214.929289321880788, 28662.929289321880788 ], [ 16214.922698954664156, 28662.93656067158372 ], [ 16214.916853038770569, 28662.944442976699065 ], [ 16214.911807873564612, 28662.952860326317023 ], [ 16214.907612046748909, 28662.961731656763732 ], [ 16214.904305966427273, 28662.970971532275144 ], [ 16214.901921471959213, 28662.980490967798687 ], [ 16214.900481527332886, 28662.990198285966471 ], [ 16214.9, 28663.0 ], [ 16214.9, 28824.95857864376012 ], [ 16196.929289321880788, 28842.929289321880788 ], [ 16196.922698954664156, 28842.93656067158372 ], [ 16196.916853038770569, 28842.944442976699065 ], [ 16196.911807873564612, 28842.952860326317023 ], [ 16196.907612046748909, 28842.961731656763732 ], [ 16196.904305966427273, 28842.970971532275144 ], [ 16196.901921471959213, 28842.980490967798687 ], [ 16196.900481527332886, 28842.990198285966471 ], [ 16196.9, 28843.0 ], [ 16196.9, 28967.95857864376012 ], [ 16178.929289321880788, 28985.929289321880788 ], [ 16178.922698954664156, 28985.93656067158372 ], [ 16178.916853038770569, 28985.944442976699065 ], [ 16178.911807873564612, 28985.952860326317023 ], [ 16178.907612046748909, 28985.961731656763732 ], [ 16178.904305966427273, 28985.970971532275144 ], [ 16178.901921471959213, 28985.980490967798687 ], [ 16178.900481527332886, 28985.990198285966471 ], [ 16178.9, 28986.0 ], [ 16178.9, 29129.95857864376012 ], [ 16160.929289321880788, 29147.929289321880788 ], [ 16160.922698954664156, 29147.93656067158372 ], [ 16160.916853038770569, 29147.944442976699065 ], [ 16160.911807873564612, 29147.952860326317023 ], [ 16160.907612046748909, 29147.961731656763732 ], [ 16160.904305966427273, 29147.970971532275144 ], [ 16160.901921471959213, 29147.980490967798687 ], [ 16160.900481527332886, 29147.990198285966471 ], [ 16160.9, 29148.0 ], [ 16160.9, 29308.95857864376012 ], [ 16142.929289321880788, 29326.929289321880788 ], [ 16142.922698954664156, 29326.93656067158372 ], [ 16142.916853038770569, 29326.944442976699065 ], [ 16142.911807873564612, 29326.952860326317023 ], [ 16142.907612046748909, 29326.961731656763732 ], [ 16142.904305966427273, 29326.970971532275144 ], [ 16142.901921471959213, 29326.980490967798687 ], [ 16142.900481527332886, 29326.990198285966471 ], [ 16142.9, 29327.0 ], [ 16142.9, 29487.95857864376012 ], [ 16124.929289321880788, 29505.929289321880788 ], [ 16124.922698954664156, 29505.93656067158372 ], [ 16124.916853038770569, 29505.944442976699065 ], [ 16124.911807873564612, 29505.952860326317023 ], [ 16124.907612046748909, 29505.961731656763732 ], [ 16124.904305966427273, 29505.970971532275144 ], [ 16124.901921471959213, 29505.980490967798687 ], [ 16124.900481527332886, 29505.990198285966471 ], [ 16124.9, 29506.0 ], [ 16124.9, 29685.95857864376012 ], [ 16106.929289321880788, 29703.929289321880788 ], [ 16106.922698954664156, 29703.93656067158372 ], [ 16106.916853038770569, 29703.944442976699065 ], [ 16106.911807873564612, 29703.952860326317023 ], [ 16106.907612046748909, 29703.961731656763732 ], [ 16106.904305966427273, 29703.970971532275144 ], [ 16106.901921471959213, 29703.980490967798687 ], [ 16106.900481527332886, 29703.990198285966471 ], [ 16106.9, 29704.0 ], [ 16106.9, 29828.95857864376012 ], [ 16088.929289321880788, 29846.929289321880788 ], [ 16088.922698954664156, 29846.93656067158372 ], [ 16088.916853038770569, 29846.944442976699065 ], [ 16088.911807873564612, 29846.952860326317023 ], [ 16088.907612046748909, 29846.961731656763732 ], [ 16088.904305966427273, 29846.970971532275144 ], [ 16088.901921471959213, 29846.980490967798687 ], [ 16088.900481527332886, 29846.990198285966471 ], [ 16088.9, 29847.0 ], [ 16088.9, 29990.95857864376012 ], [ 16070.929289321880788, 30008.929289321880788 ], [ 16070.922698954664156, 30008.93656067158372 ], [ 16070.916853038770569, 30008.944442976699065 ], [ 16070.911807873564612, 30008.952860326317023 ], [ 16070.907612046748909, 30008.961731656763732 ], [ 16070.904305966427273, 30008.970971532275144 ], [ 16070.901921471959213, 30008.980490967798687 ], [ 16070.900481527332886, 30008.990198285966471 ], [ 16070.9, 30009.0 ], [ 16070.9, 30115.95857864376012 ], [ 16052.929289321880788, 30133.929289321880788 ], [ 16052.922698954664156, 30133.93656067158372 ], [ 16052.916853038770569, 30133.944442976699065 ], [ 16052.911807873564612, 30133.952860326317023 ], [ 16052.907612046748909, 30133.961731656763732 ], [ 16052.904305966427273, 30133.970971532275144 ], [ 16052.901921471959213, 30133.980490967798687 ], [ 16052.900481527332886, 30133.990198285966471 ], [ 16052.9, 30134.0 ], [ 16052.9, 30223.95857864376012 ], [ 16034.929289321880788, 30241.929289321880788 ], [ 16034.922698954664156, 30241.93656067158372 ], [ 16034.916853038770569, 30241.944442976699065 ], [ 16034.911807873564612, 30241.952860326317023 ], [ 16034.907612046748909, 30241.961731656763732 ], [ 16034.904305966427273, 30241.970971532275144 ], [ 16034.901921471959213, 30241.980490967798687 ], [ 16034.900481527332886, 30241.990198285966471 ], [ 16034.9, 30242.0 ], [ 16034.9, 30348.960242136432498 ], [ 16017.927298684744528, 30366.931337646703469 ], [ 16017.921137710050971, 30366.938512283959426 ], [ 16017.915682024702619, 30366.946236824482185 ], [ 16017.910980420545457, 30366.95444218537159 ], [ 16017.907074945451313, 30366.963054983592883 ], [ 16017.904000527267272, 30366.971998192289902 ], [ 16017.901784661446072, 30366.981191829632735 ], [ 16017.900447165144215, 30366.990553674138937 ], [ 16017.9, 30367.0 ], [ 16017.9, 30456.95857864376012 ], [ 15999.929289321880788, 30474.929289321880788 ], [ 15999.922698954664156, 30474.93656067158372 ], [ 15999.916853038770569, 30474.944442976699065 ], [ 15999.911807873564612, 30474.952860326317023 ], [ 15999.907612046748909, 30474.961731656763732 ], [ 15999.904305966427273, 30474.970971532275144 ], [ 15999.901921471959213, 30474.980490967798687 ], [ 15999.900481527332886, 30474.990198285966471 ], [ 15999.9, 30475.0 ], [ 15999.9, 30582.95857864376012 ], [ 15981.929289321880788, 30600.929289321880788 ], [ 15981.922698954664156, 30600.93656067158372 ], [ 15981.916853038770569, 30600.944442976699065 ], [ 15981.911807873564612, 30600.952860326317023 ], [ 15981.907612046748909, 30600.961731656763732 ], [ 15981.904305966427273, 30600.970971532275144 ], [ 15981.901921471959213, 30600.980490967798687 ], [ 15981.900481527332886, 30600.990198285966471 ], [ 15981.9, 30601.0 ], [ 15981.9, 30689.95857864376012 ], [ 15963.929289321880788, 30707.929289321880788 ], [ 15963.922698954664156, 30707.93656067158372 ], [ 15963.916853038770569, 30707.944442976699065 ], [ 15963.911807873564612, 30707.952860326317023 ], [ 15963.907612046748909, 30707.961731656763732 ], [ 15963.904305966427273, 30707.970971532275144 ], [ 15963.901921471959213, 30707.980490967798687 ], [ 15963.900481527332886, 30707.990198285966471 ], [ 15963.9, 30708.0 ], [ 15963.9, 30815.95857864376012 ], [ 15945.929289321880788, 30833.929289321880788 ], [ 15945.922698954664156, 30833.93656067158372 ], [ 15945.916853038770569, 30833.944442976699065 ], [ 15945.911807873564612, 30833.952860326317023 ], [ 15945.907612046748909, 30833.961731656763732 ], [ 15945.904305966427273, 30833.970971532275144 ], [ 15945.901921471959213, 30833.980490967798687 ], [ 15945.900481527332886, 30833.990198285966471 ], [ 15945.9, 30834.0 ], [ 15945.9, 30940.95857864376012 ], [ 15927.929289321880788, 30958.929289321880788 ], [ 15927.922698954664156, 30958.93656067158372 ], [ 15927.916853038770569, 30958.944442976699065 ], [ 15927.911807873564612, 30958.952860326317023 ], [ 15927.907612046748909, 30958.961731656763732 ], [ 15927.904305966427273, 30958.970971532275144 ], [ 15927.901921471959213, 30958.980490967798687 ], [ 15927.900481527332886, 30958.990198285966471 ], [ 15927.9, 30959.0 ], [ 15927.9, 31066.95857864376012 ], [ 15909.929289321880788, 31084.929289321880788 ], [ 15909.922698954664156, 31084.93656067158372 ], [ 15909.916853038770569, 31084.944442976699065 ], [ 15909.911807873564612, 31084.952860326317023 ], [ 15909.907612046748909, 31084.961731656763732 ], [ 15909.904305966427273, 31084.970971532275144 ], [ 15909.901921471959213, 31084.980490967798687 ], [ 15909.900481527332886, 31084.990198285966471 ], [ 15909.9, 31085.0 ], [ 15909.9, 31192.956895351078856 ], [ 15891.931337646703469, 31209.927298684746347 ], [ 15891.924308483639834, 31209.934648685160937 ], [ 15891.918062210339485, 31209.942674624940992 ], [ 15891.912663433031412, 31209.9512934904742 ], [ 15891.908167992154631, 31209.9604161354182 ], [ 15891.904622384790855, 31209.969948202764499 ], [ 15891.902063283738244, 31209.97979110077722 ], [ 15891.900517158197545, 31209.989843022747664 ], [ 15891.9, 31210.0 ], [ 15891.9, 31299.95857864376012 ], [ 15873.929289321880788, 31317.929289321880788 ], [ 15873.922698954664156, 31317.93656067158372 ], [ 15873.916853038770569, 31317.944442976699065 ], [ 15873.911807873564612, 31317.952860326317023 ], [ 15873.907612046748909, 31317.961731656763732 ], [ 15873.904305966427273, 31317.970971532275144 ], [ 15873.901921471959213, 31317.980490967798687 ], [ 15873.900481527332886, 31317.990198285966471 ], [ 15873.9, 31318.0 ], [ 15873.9, 31407.95857864376012 ], [ 15855.929289321880788, 31425.929289321880788 ], [ 15855.922698954664156, 31425.93656067158372 ], [ 15855.916853038770569, 31425.944442976699065 ], [ 15855.911807873564612, 31425.952860326317023 ], [ 15855.907612046748909, 31425.961731656763732 ], [ 15855.904305966427273, 31425.970971532275144 ], [ 15855.901921471959213, 31425.980490967798687 ], [ 15855.900481527332886, 31425.990198285966471 ], [ 15855.9, 31426.0 ], [ 15855.9, 31532.95857864376012 ], [ 15837.929289321880788, 31550.929289321880788 ], [ 15837.922698954664156, 31550.93656067158372 ], [ 15837.916853038770569, 31550.944442976699065 ], [ 15837.911807873564612, 31550.952860326317023 ], [ 15837.907612046748909, 31550.961731656763732 ], [ 15837.904305966427273, 31550.970971532275144 ], [ 15837.901921471959213, 31550.980490967798687 ], [ 15837.900481527332886, 31550.990198285966471 ], [ 15837.9, 31551.0 ], [ 15837.9, 31604.95857864376012 ], [ 15819.929289321880788, 31622.929289321880788 ], [ 15819.922698954664156, 31622.93656067158372 ], [ 15819.916853038770569, 31622.944442976699065 ], [ 15819.911807873564612, 31622.952860326317023 ], [ 15819.907612046748909, 31622.961731656763732 ], [ 15819.904305966427273, 31622.970971532275144 ], [ 15819.901921471959213, 31622.980490967798687 ], [ 15819.900481527332886, 31622.990198285966471 ], [ 15819.9, 31623.0 ], [ 15819.9, 31694.95857864376012 ], [ 15801.929289321880788, 31712.929289321880788 ], [ 15801.922698954664156, 31712.93656067158372 ], [ 15801.916853038770569, 31712.944442976699065 ], [ 15801.911807873564612, 31712.952860326317023 ], [ 15801.907612046748909, 31712.961731656763732 ], [ 15801.904305966427273, 31712.970971532275144 ], [ 15801.901921471959213, 31712.980490967798687 ], [ 15801.900481527332886, 31712.990198285966471 ], [ 15801.9, 31713.0 ], [ 15801.9, 31783.95857864376012 ], [ 15783.929289321880788, 31801.929289321880788 ], [ 15783.922698954664156, 31801.93656067158372 ], [ 15783.916853038770569, 31801.944442976699065 ], [ 15783.911807873564612, 31801.952860326317023 ], [ 15783.907612046748909, 31801.961731656763732 ], [ 15783.904305966427273, 31801.970971532275144 ], [ 15783.901921471959213, 31801.980490967798687 ], [ 15783.900481527332886, 31801.990198285966471 ], [ 15783.9, 31802.0 ], [ 15783.9, 31891.95857864376012 ], [ 15765.929289321880788, 31909.929289321880788 ], [ 15765.922698954664156, 31909.93656067158372 ], [ 15765.916853038770569, 31909.944442976699065 ], [ 15765.911807873564612, 31909.952860326317023 ], [ 15765.907612046748909, 31909.961731656763732 ], [ 15765.904305966427273, 31909.970971532275144 ], [ 15765.901921471959213, 31909.980490967798687 ], [ 15765.900481527332886, 31909.990198285966471 ], [ 15765.9, 31910.0 ], [ 15765.9, 31981.95857864376012 ], [ 15747.929289321880788, 31999.929289321880788 ], [ 15747.922698954664156, 31999.93656067158372 ], [ 15747.916853038770569, 31999.944442976699065 ], [ 15747.911807873564612, 31999.952860326317023 ], [ 15747.907612046748909, 31999.961731656763732 ], [ 15747.904305966427273, 31999.970971532275144 ], [ 15747.901921471959213, 31999.980490967798687 ], [ 15747.900481527332886, 31999.990198285966471 ], [ 15747.9, 32000.0 ], [ 15747.9, 32088.960242136432498 ], [ 15730.927298684744528, 32106.931337646703469 ], [ 15730.921137710050971, 32106.938512283959426 ], [ 15730.915682024702619, 32106.946236824482185 ], [ 15730.910980420545457, 32106.95444218537159 ], [ 15730.907074945451313, 32106.963054983592883 ], [ 15730.904000527267272, 32106.971998192289902 ], [ 15730.901784661446072, 32106.981191829632735 ], [ 15730.900447165144215, 32106.990553674138937 ], [ 15730.9, 32107.0 ], [ 15730.9, 32196.95857864376012 ], [ 15712.929289321880788, 32214.929289321880788 ], [ 15712.922698954664156, 32214.93656067158372 ], [ 15712.916853038770569, 32214.944442976699065 ], [ 15712.911807873564612, 32214.952860326317023 ], [ 15712.907612046748909, 32214.961731656763732 ], [ 15712.904305966427273, 32214.970971532275144 ], [ 15712.901921471959213, 32214.980490967798687 ], [ 15712.900481527332886, 32214.990198285966471 ], [ 15712.9, 32215.0 ], [ 15712.9, 32304.95857864376012 ], [ 15694.929289321880788, 32322.929289321880788 ], [ 15694.922698954664156, 32322.93656067158372 ], [ 15694.916853038770569, 32322.944442976699065 ], [ 15694.911807873564612, 32322.952860326317023 ], [ 15694.907612046748909, 32322.961731656763732 ], [ 15694.904305966427273, 32322.970971532275144 ], [ 15694.901921471959213, 32322.980490967798687 ], [ 15694.900481527332886, 32322.990198285966471 ], [ 15694.9, 32323.0 ], [ 15694.9, 32429.95857864376012 ], [ 15676.929289321880788, 32447.929289321880788 ], [ 15676.922698954664156, 32447.93656067158372 ], [ 15676.916853038770569, 32447.944442976699065 ], [ 15676.911807873564612, 32447.952860326317023 ], [ 15676.907612046748909, 32447.961731656763732 ], [ 15676.904305966427273, 32447.970971532275144 ], [ 15676.901921471959213, 32447.980490967798687 ], [ 15676.900481527332886, 32447.990198285966471 ], [ 15676.9, 32448.0 ], [ 15676.9, 32573.95857864376012 ], [ 15658.929289321880788, 32591.929289321880788 ], [ 15658.922698954664156, 32591.93656067158372 ], [ 15658.916853038770569, 32591.944442976699065 ], [ 15658.911807873564612, 32591.952860326317023 ], [ 15658.907612046748909, 32591.961731656763732 ], [ 15658.904305966427273, 32591.970971532275144 ], [ 15658.901921471959213, 32591.980490967798687 ], [ 15658.900481527332886, 32591.990198285966471 ], [ 15658.9, 32592.0 ], [ 15658.9, 32770.95857864376012 ], [ 15640.929289321880788, 32788.929289321880788 ], [ 15640.922698954664156, 32788.936560671580082 ], [ 15640.916853038770569, 32788.944442976695427 ], [ 15640.911807873564612, 32788.952860326317023 ], [ 15640.907612046748909, 32788.961731656760094 ], [ 15640.904305966427273, 32788.970971532275144 ], [ 15640.901921471959213, 32788.980490967798687 ], [ 15640.900481527332886, 32788.990198285966471 ], [ 15640.9, 32789.0 ], [ 15640.9, 32914.956895351075218 ], [ 15622.931337646703469, 32931.927298684742709 ], [ 15622.924308483641653, 32931.934648685157299 ], [ 15622.918062210341304, 32931.942674624937354 ], [ 15622.912663433033231, 32931.951293490470562 ], [ 15622.908167992154631, 32931.960416135414562 ], [ 15622.904622384790855, 32931.969948202764499 ], [ 15622.902063283738244, 32931.97979110077722 ], [ 15622.900517158197545, 32931.989843022747664 ], [ 15622.9, 32932.0 ], [ 15622.9, 32967.95857864376012 ], [ 15604.929289321880788, 32985.929289321880788 ], [ 15604.922698954664156, 32985.936560671580082 ], [ 15604.916853038770569, 32985.944442976695427 ], [ 15604.911807873564612, 32985.952860326317023 ], [ 15604.907612046748909, 32985.961731656760094 ], [ 15604.904305966427273, 32985.970971532275144 ], [ 15604.901921471959213, 32985.980490967798687 ], [ 15604.900481527332886, 32985.990198285966471 ], [ 15604.9, 32986.0 ], [ 15604.9, 33542.0 ], [ 15604.900481527332886, 33542.009801714033529 ], [ 15604.901921471959213, 33542.019509032201313 ], [ 15604.904305966427273, 33542.029028467724856 ], [ 15604.907612046748909, 33542.038268343239906 ], [ 15604.911807873564612, 33542.047139673682977 ], [ 15604.916853038770569, 33542.055557023304573 ], [ 15604.922698954664156, 33542.063439328419918 ], [ 15604.929289321880788, 33542.070710678119212 ], [ 15604.93656067158372, 33542.077301045334025 ], [ 15604.944442976697246, 33542.08314696123125 ], [ 15604.952860326317023, 33542.088192126437207 ], [ 15604.961731656763732, 33542.092387953249272 ], [ 15604.970971532275144, 33542.095694033574546 ], [ 15604.980490967798687, 33542.098078528040787 ], [ 15604.990198285966471, 33542.099518472670752 ], [ 15605.0, 33542.099999999998545 ], [ 15640.95857864376012, 33542.099999999998545 ], [ 15658.929289321880788, 33560.070710678119212 ], [ 15658.93656067158372, 33560.077301045334025 ], [ 15658.944442976697246, 33560.08314696123125 ], [ 15658.952860326317023, 33560.088192126437207 ], [ 15658.961731656763732, 33560.092387953249272 ], [ 15658.970971532275144, 33560.095694033574546 ], [ 15658.980490967798687, 33560.098078528040787 ], [ 15658.990198285966471, 33560.099518472670752 ], [ 15659.0, 33560.099999999998545 ], [ 15747.95857864376012, 33560.099999999998545 ], [ 15765.929289321880788, 33578.070710678119212 ], [ 15765.93656067158372, 33578.077301045334025 ], [ 15765.944442976697246, 33578.08314696123125 ], [ 15765.952860326317023, 33578.088192126437207 ], [ 15765.961731656763732, 33578.092387953249272 ], [ 15765.970971532275144, 33578.095694033574546 ], [ 15765.980490967798687, 33578.098078528040787 ], [ 15765.990198285966471, 33578.099518472670752 ], [ 15766.0, 33578.099999999998545 ], [ 15837.95857864376012, 33578.099999999998545 ], [ 15855.929289321880788, 33596.070710678119212 ], [ 15855.93656067158372, 33596.077301045334025 ], [ 15855.944442976697246, 33596.08314696123125 ], [ 15855.952860326317023, 33596.088192126437207 ], [ 15855.961731656763732, 33596.092387953249272 ], [ 15855.970971532275144, 33596.095694033574546 ], [ 15855.980490967798687, 33596.098078528040787 ], [ 15855.990198285966471, 33596.099518472670752 ], [ 15856.0, 33596.099999999998545 ], [ 15909.95857864376012, 33596.099999999998545 ], [ 15927.929289321880788, 33614.070710678119212 ], [ 15927.93656067158372, 33614.077301045334025 ], [ 15927.944442976697246, 33614.08314696123125 ], [ 15927.952860326317023, 33614.088192126437207 ], [ 15927.961731656763732, 33614.092387953249272 ], [ 15927.970971532275144, 33614.095694033574546 ], [ 15927.980490967798687, 33614.098078528040787 ], [ 15927.990198285966471, 33614.099518472670752 ], [ 15928.0, 33614.099999999998545 ], [ 15999.95857864376012, 33614.099999999998545 ], [ 16017.929289321880788, 33632.070710678119212 ], [ 16017.93656067158372, 33632.077301045334025 ], [ 16017.944442976697246, 33632.08314696123125 ], [ 16017.952860326317023, 33632.088192126437207 ], [ 16017.961731656763732, 33632.092387953249272 ], [ 16017.970971532275144, 33632.095694033574546 ], [ 16017.980490967798687, 33632.098078528040787 ], [ 16017.990198285966471, 33632.099518472670752 ], [ 16018.0, 33632.099999999998545 ], [ 16052.95857864376012, 33632.099999999998545 ], [ 16070.929289321880788, 33650.070710678119212 ], [ 16070.93656067158372, 33650.077301045334025 ], [ 16070.944442976697246, 33650.08314696123125 ], [ 16070.952860326317023, 33650.088192126437207 ], [ 16070.961731656763732, 33650.092387953249272 ], [ 16070.970971532275144, 33650.095694033574546 ], [ 16070.980490967798687, 33650.098078528040787 ], [ 16070.990198285966471, 33650.099518472670752 ], [ 16071.0, 33650.099999999998545 ], [ 16071.009801714033529, 33650.099518472670752 ], [ 16071.019509032201313, 33650.098078528040787 ], [ 16071.029028467724856, 33650.095694033574546 ], [ 16071.038268343236268, 33650.092387953249272 ], [ 16071.047139673682977, 33650.088192126437207 ], [ 16071.055557023302754, 33650.08314696123125 ], [ 16071.06343932841628, 33650.077301045334025 ], [ 16071.070710678119212, 33650.070710678119212 ], [ 16089.0, 33632.141421356238425 ], [ 16106.929289321880788, 33650.070710678119212 ], [ 16106.93656067158372, 33650.077301045334025 ], [ 16106.944442976697246, 33650.08314696123125 ], [ 16106.952860326317023, 33650.088192126437207 ], [ 16106.961731656763732, 33650.092387953249272 ], [ 16106.970971532275144, 33650.095694033574546 ], [ 16106.980490967798687, 33650.098078528040787 ], [ 16106.990198285966471, 33650.099518472670752 ], [ 16107.0, 33650.099999999998545 ], [ 16107.009801714033529, 33650.099518472670752 ], [ 16107.019509032201313, 33650.098078528040787 ], [ 16107.029028467724856, 33650.095694033574546 ], [ 16107.038268343236268, 33650.092387953249272 ], [ 16107.047139673682977, 33650.088192126437207 ], [ 16107.055557023302754, 33650.08314696123125 ], [ 16107.06343932841628, 33650.077301045334025 ], [ 16107.070710678119212, 33650.070710678119212 ], [ 16125.0, 33632.141421356238425 ], [ 16142.929289321880788, 33650.070710678119212 ], [ 16142.93656067158372, 33650.077301045334025 ], [ 16142.944442976697246, 33650.08314696123125 ], [ 16142.952860326317023, 33650.088192126437207 ], [ 16142.961731656763732, 33650.092387953249272 ], [ 16142.970971532275144, 33650.095694033574546 ], [ 16142.980490967798687, 33650.098078528040787 ], [ 16142.990198285966471, 33650.099518472670752 ], [ 16143.0, 33650.099999999998545 ], [ 16233.0, 33650.099999999998545 ], [ 16233.009801714033529, 33650.099518472670752 ], [ 16233.019509032201313, 33650.098078528040787 ], [ 16233.029028467724856, 33650.095694033574546 ], [ 16233.038268343236268, 33650.092387953249272 ], [ 16233.047139673682977, 33650.088192126437207 ], [ 16233.055557023302754, 33650.08314696123125 ], [ 16233.06343932841628, 33650.077301045334025 ], [ 16233.070710678119212, 33650.070710678119212 ], [ 16233.077301045335844, 33650.063439328419918 ], [ 16233.083146961229431, 33650.055557023304573 ], [ 16233.088192126435388, 33650.047139673682977 ], [ 16233.092387953251091, 33650.038268343239906 ], [ 16233.095694033572727, 33650.029028467724856 ], [ 16233.098078528040787, 33650.019509032201313 ], [ 16233.099518472667114, 33650.009801714033529 ], [ 16233.1, 33650.0 ], [ 16233.099518472667114, 33649.990198285966471 ], [ 16233.098078528040787, 33649.980490967798687 ], [ 16233.095694033572727, 33649.970971532275144 ], [ 16233.092387953251091, 33649.961731656760094 ], [ 16233.088192126435388, 33649.952860326317023 ], [ 16233.083146961229431, 33649.944442976695427 ], [ 16233.077301045335844, 33649.936560671580082 ], [ 16233.070710678119212, 33649.929289321880788 ], [ 16215.1, 33631.95857864376012 ], [ 16215.1, 33596.04142135623988 ], [ 16233.04142135623988, 33578.099999999998545 ], [ 16251.0, 33578.099999999998545 ], [ 16251.009801714033529, 33578.099518472670752 ], [ 16251.019509032201313, 33578.098078528040787 ], [ 16251.029028467724856, 33578.095694033574546 ], [ 16251.038268343236268, 33578.092387953249272 ], [ 16251.047139673682977, 33578.088192126437207 ], [ 16251.055557023302754, 33578.08314696123125 ], [ 16251.06343932841628, 33578.077301045334025 ], [ 16251.070710678119212, 33578.070710678119212 ], [ 16269.04142135623988, 33560.099999999998545 ], [ 16304.956895351073399, 33560.099999999998545 ], [ 16321.927298684744528, 33578.068662353296531 ], [ 16321.929289321880788, 33578.070710678119212 ], [ 16375.9, 33632.04142135623988 ], [ 16375.9, 33650.0 ], [ 16375.900481527332886, 33650.009801714033529 ], [ 16375.901921471959213, 33650.019509032201313 ], [ 16375.904305966427273, 33650.029028467724856 ], [ 16375.907612046748909, 33650.038268343239906 ], [ 16375.911807873564612, 33650.047139673682977 ], [ 16375.916853038770569, 33650.055557023304573 ], [ 16375.922698954664156, 33650.063439328419918 ], [ 16375.929289321880788, 33650.070710678119212 ], [ 16393.900000000001455, 33668.04142135623988 ], [ 16393.900000000001455, 33686.0 ], [ 16393.900481527332886, 33686.009801714033529 ], [ 16393.901921471959213, 33686.019509032201313 ], [ 16393.904305966425454, 33686.029028467724856 ], [ 16393.90761204674709, 33686.038268343239906 ], [ 16393.911807873566431, 33686.047139673682977 ], [ 16393.91685303876875, 33686.055557023304573 ], [ 16393.922698954662337, 33686.063439328419918 ], [ 16393.929289321880788, 33686.070710678119212 ], [ 16411.929289321880788, 33704.070710678119212 ], [ 16411.93656067158372, 33704.077301045334025 ], [ 16411.944442976699065, 33704.08314696123125 ], [ 16411.952860326317023, 33704.088192126437207 ], [ 16411.961731656763732, 33704.092387953249272 ], [ 16411.970971532275144, 33704.095694033574546 ], [ 16411.980490967798687, 33704.098078528040787 ], [ 16411.990198285966471, 33704.099518472670752 ], [ 16412.0, 33704.099999999998545 ], [ 16412.009801714033529, 33704.099518472670752 ], [ 16412.019509032201313, 33704.098078528040787 ], [ 16412.029028467724856, 33704.095694033574546 ], [ 16412.038268343236268, 33704.092387953249272 ], [ 16412.047139673682977, 33704.088192126437207 ], [ 16412.055557023300935, 33704.08314696123125 ], [ 16412.06343932841628, 33704.077301045334025 ], [ 16412.070710678119212, 33704.070710678119212 ], [ 16430.04142135623988, 33686.099999999998545 ], [ 16447.95857864376012, 33686.099999999998545 ], [ 16465.929289321880788, 33704.070710678119212 ], [ 16465.93656067158372, 33704.077301045334025 ], [ 16465.944442976699065, 33704.08314696123125 ], [ 16465.952860326317023, 33704.088192126437207 ], [ 16465.961731656763732, 33704.092387953249272 ], [ 16465.970971532275144, 33704.095694033574546 ], [ 16465.980490967798687, 33704.098078528040787 ], [ 16465.990198285966471, 33704.099518472670752 ], [ 16466.0, 33704.099999999998545 ], [ 16555.95857864376012, 33704.099999999998545 ], [ 16573.900000000001455, 33722.04142135623988 ], [ 16573.900000000001455, 33740.0 ], [ 16573.900481527332886, 33740.009801714033529 ], [ 16573.901921471959213, 33740.019509032201313 ], [ 16573.904305966425454, 33740.029028467724856 ], [ 16573.90761204674709, 33740.038268343239906 ], [ 16573.911807873566431, 33740.047139673682977 ], [ 16573.91685303876875, 33740.055557023304573 ], [ 16573.922698954662337, 33740.063439328419918 ], [ 16573.929289321880788, 33740.070710678119212 ], [ 16573.93656067158372, 33740.077301045334025 ], [ 16573.944442976699065, 33740.08314696123125 ], [ 16573.952860326317023, 33740.088192126437207 ], [ 16573.961731656763732, 33740.092387953249272 ], [ 16573.970971532275144, 33740.095694033574546 ], [ 16573.980490967798687, 33740.098078528040787 ], [ 16573.990198285966471, 33740.099518472670752 ], [ 16574.0, 33740.099999999998545 ], [ 16574.009801714033529, 33740.099518472670752 ], [ 16574.019509032201313, 33740.098078528040787 ], [ 16574.029028467724856, 33740.095694033574546 ], [ 16574.038268343236268, 33740.092387953249272 ], [ 16574.047139673682977, 33740.088192126437207 ], [ 16574.055557023300935, 33740.08314696123125 ], [ 16574.06343932841628, 33740.077301045334025 ], [ 16574.070710678119212, 33740.070710678119212 ], [ 16592.04142135623988, 33722.099999999998545 ], [ 16752.95857864376012, 33722.099999999998545 ], [ 16770.929289321880788, 33740.070710678119212 ], [ 16770.93656067158372, 33740.077301045334025 ], [ 16770.944442976699065, 33740.08314696123125 ], [ 16770.952860326317023, 33740.088192126437207 ], [ 16770.961731656763732, 33740.092387953249272 ], [ 16770.970971532275144, 33740.095694033574546 ], [ 16770.980490967798687, 33740.098078528040787 ], [ 16770.990198285966471, 33740.099518472670752 ], [ 16771.0, 33740.099999999998545 ], [ 16913.95857864376012, 33740.099999999998545 ], [ 16931.929289321880788, 33758.070710678119212 ], [ 16931.93656067158372, 33758.077301045334025 ], [ 16931.944442976699065, 33758.08314696123125 ], [ 16931.952860326317023, 33758.088192126437207 ], [ 16931.961731656763732, 33758.092387953249272 ], [ 16931.970971532275144, 33758.095694033574546 ], [ 16931.980490967798687, 33758.098078528040787 ], [ 16931.990198285966471, 33758.099518472670752 ], [ 16932.0, 33758.099999999998545 ], [ 16932.009801714033529, 33758.099518472670752 ], [ 16932.019509032201313, 33758.098078528040787 ], [ 16932.029028467724856, 33758.095694033574546 ], [ 16932.038268343236268, 33758.092387953249272 ], [ 16932.047139673682977, 33758.088192126437207 ], [ 16932.055557023300935, 33758.08314696123125 ], [ 16932.06343932841628, 33758.077301045334025 ], [ 16932.070710678119212, 33758.070710678119212 ], [ 16950.04142135623988, 33740.099999999998545 ], [ 16985.95857864376012, 33740.099999999998545 ], [ 17003.929289321880788, 33758.070710678119212 ], [ 17003.93656067158372, 33758.077301045334025 ], [ 17003.944442976699065, 33758.08314696123125 ], [ 17003.952860326317023, 33758.088192126437207 ], [ 17003.961731656763732, 33758.092387953249272 ], [ 17003.970971532275144, 33758.095694033574546 ], [ 17003.980490967798687, 33758.098078528040787 ], [ 17003.990198285966471, 33758.099518472670752 ], [ 17004.0, 33758.099999999998545 ], [ 17004.009801714033529, 33758.099518472670752 ], [ 17004.019509032201313, 33758.098078528040787 ], [ 17004.029028467724856, 33758.095694033574546 ], [ 17004.038268343236268, 33758.092387953249272 ], [ 17004.047139673682977, 33758.088192126437207 ], [ 17004.055557023300935, 33758.08314696123125 ], [ 17004.06343932841628, 33758.077301045334025 ], [ 17004.070710678119212, 33758.070710678119212 ], [ 17022.04142135623988, 33740.099999999998545 ], [ 17039.95857864376012, 33740.099999999998545 ], [ 17057.929289321880788, 33758.070710678119212 ], [ 17057.93656067158372, 33758.077301045334025 ], [ 17057.944442976699065, 33758.08314696123125 ], [ 17057.952860326317023, 33758.088192126437207 ], [ 17057.961731656763732, 33758.092387953249272 ], [ 17057.970971532275144, 33758.095694033574546 ], [ 17057.980490967798687, 33758.098078528040787 ], [ 17057.990198285966471, 33758.099518472670752 ], [ 17058.0, 33758.099999999998545 ], [ 17290.95857864376012, 33758.099999999998545 ], [ 17308.929289321880788, 33776.070710678119212 ], [ 17308.93656067158372, 33776.077301045334025 ], [ 17308.944442976699065, 33776.08314696123125 ], [ 17308.952860326317023, 33776.088192126437207 ], [ 17308.961731656763732, 33776.092387953249272 ], [ 17308.970971532275144, 33776.095694033574546 ], [ 17308.980490967798687, 33776.098078528040787 ], [ 17308.990198285966471, 33776.099518472670752 ], [ 17309.0, 33776.099999999998545 ], [ 17523.96024213642886, 33776.099999999998545 ], [ 17541.931337646703469, 33793.072701315257291 ], [ 17541.9390108844309, 33793.079248519112298 ], [ 17541.947304652589082, 33793.084989413233416 ], [ 17541.956134566695255, 33793.089865587186068 ], [ 17541.965410787262954, 33793.093827428623626 ], [ 17541.975038933891483, 33793.096834627991484 ], [ 17541.984921045528608, 33793.098856588716444 ], [ 17541.994956577163975, 33793.099872738450358 ], [ 17542.005043422836025, 33793.099872738450358 ], [ 17542.015078954471392, 33793.098856588716444 ], [ 17542.024961066108517, 33793.096834627991484 ], [ 17542.034589212737046, 33793.093827428623626 ], [ 17542.043865433304745, 33793.089865587186068 ], [ 17542.052695347410918, 33793.084989413233416 ], [ 17542.0609891155691, 33793.079248519112298 ], [ 17542.068662353296531, 33793.072701315257291 ], [ 17560.03975786357114, 33776.099999999998545 ], [ 17595.96024213642886, 33776.099999999998545 ], [ 17613.931337646703469, 33793.072701315257291 ], [ 17613.938512283959426, 33793.078862289949029 ], [ 17613.946236824485823, 33793.0843179752992 ], [ 17613.95444218537159, 33793.089019579456362 ], [ 17613.963054983592883, 33793.092925054545049 ], [ 17613.971998192289902, 33793.095999472730909 ], [ 17613.981191829632735, 33793.098215338555747 ], [ 17613.990553674138937, 33793.099552834857604 ], [ 17614.0, 33793.099999999998545 ], [ 17936.95857864376012, 33793.099999999998545 ], [ 17954.929289321880788, 33811.070710678119212 ], [ 17954.93656067158372, 33811.077301045334025 ], [ 17954.944442976699065, 33811.08314696123125 ], [ 17954.952860326317023, 33811.088192126437207 ], [ 17954.961731656763732, 33811.092387953249272 ], [ 17954.970971532275144, 33811.095694033574546 ], [ 17954.980490967798687, 33811.098078528040787 ], [ 17954.990198285966471, 33811.099518472670752 ], [ 17955.0, 33811.099999999998545 ], [ 18027.0, 33811.099999999998545 ], [ 18027.010156977252336, 33811.099482841804274 ], [ 18027.02020889922278, 33811.097936716265394 ], [ 18027.030051797235501, 33811.095377615209145 ], [ 18027.0395838645818, 33811.091832007841731 ], [ 18027.0487065095258, 33811.087336566968588 ], [ 18027.057325375059008, 33811.081937789662334 ], [ 18027.065351314839063, 33811.075691516358347 ], [ 18027.072701315253653, 33811.068662353296531 ], [ 18044.043104648924782, 33793.099999999998545 ], [ 18187.95857864376012, 33793.099999999998545 ], [ 18205.929289321880788, 33811.070710678119212 ], [ 18205.93656067158372, 33811.077301045334025 ], [ 18205.944442976699065, 33811.08314696123125 ], [ 18205.952860326317023, 33811.088192126437207 ], [ 18205.961731656763732, 33811.092387953249272 ], [ 18205.970971532275144, 33811.095694033574546 ], [ 18205.980490967798687, 33811.098078528040787 ], [ 18205.990198285966471, 33811.099518472670752 ], [ 18206.0, 33811.099999999998545 ], [ 18206.009801714033529, 33811.099518472670752 ], [ 18206.019509032201313, 33811.098078528040787 ], [ 18206.029028467724856, 33811.095694033574546 ], [ 18206.038268343236268, 33811.092387953249272 ], [ 18206.047139673682977, 33811.088192126437207 ], [ 18206.055557023300935, 33811.08314696123125 ], [ 18206.06343932841628, 33811.077301045334025 ], [ 18206.070710678119212, 33811.070710678119212 ], [ 18224.04142135623988, 33793.099999999998545 ], [ 18241.95857864376012, 33793.099999999998545 ], [ 18259.929289321880788, 33811.070710678119212 ], [ 18259.93656067158372, 33811.077301045334025 ], [ 18259.944442976699065, 33811.08314696123125 ], [ 18259.952860326317023, 33811.088192126437207 ], [ 18259.961731656763732, 33811.092387953249272 ], [ 18259.970971532275144, 33811.095694033574546 ], [ 18259.980490967798687, 33811.098078528040787 ], [ 18259.990198285966471, 33811.099518472670752 ], [ 18260.0, 33811.099999999998545 ], [ 18260.009801714033529, 33811.099518472670752 ], [ 18260.019509032201313, 33811.098078528040787 ], [ 18260.029028467724856, 33811.095694033574546 ], [ 18260.038268343236268, 33811.092387953249272 ], [ 18260.047139673682977, 33811.088192126437207 ], [ 18260.055557023300935, 33811.08314696123125 ], [ 18260.06343932841628, 33811.077301045334025 ], [ 18260.070710678119212, 33811.070710678119212 ], [ 18278.04142135623988, 33793.099999999998545 ], [ 18330.95857864376012, 33793.099999999998545 ], [ 18348.929289321880788, 33811.070710678119212 ], [ 18348.93656067158372, 33811.077301045334025 ], [ 18348.944442976699065, 33811.08314696123125 ], [ 18348.952860326317023, 33811.088192126437207 ], [ 18348.961731656763732, 33811.092387953249272 ], [ 18348.970971532275144, 33811.095694033574546 ], [ 18348.980490967798687, 33811.098078528040787 ], [ 18348.990198285966471, 33811.099518472670752 ], [ 18349.0, 33811.099999999998545 ], [ 18726.0, 33811.099999999998545 ], [ 18726.009801714033529, 33811.099518472670752 ], [ 18726.019509032201313, 33811.098078528040787 ], [ 18726.029028467724856, 33811.095694033574546 ], [ 18726.038268343236268, 33811.092387953249272 ], [ 18726.047139673682977, 33811.088192126437207 ], [ 18726.055557023300935, 33811.08314696123125 ], [ 18726.06343932841628, 33811.077301045334025 ], [ 18726.070710678119212, 33811.070710678119212 ], [ 18744.0, 33793.141421356238425 ], [ 18761.929289321880788, 33811.070710678119212 ], [ 18761.93656067158372, 33811.077301045334025 ], [ 18761.944442976699065, 33811.08314696123125 ], [ 18761.952860326317023, 33811.088192126437207 ], [ 18761.961731656763732, 33811.092387953249272 ], [ 18761.970971532275144, 33811.095694033574546 ], [ 18761.980490967798687, 33811.098078528040787 ], [ 18761.990198285966471, 33811.099518472670752 ], [ 18762.0, 33811.099999999998545 ], [ 18888.0, 33811.099999999998545 ], [ 18888.010156977252336, 33811.099482841804274 ], [ 18888.02020889922278, 33811.097936716265394 ], [ 18888.030051797235501, 33811.095377615209145 ], [ 18888.0395838645818, 33811.091832007841731 ], [ 18888.0487065095258, 33811.087336566968588 ], [ 18888.057325375059008, 33811.081937789662334 ], [ 18888.065351314839063, 33811.075691516358347 ], [ 18888.072701315253653, 33811.068662353296531 ], [ 18905.043104648924782, 33793.099999999998545 ], [ 18940.95857864376012, 33793.099999999998545 ], [ 18958.929289321880788, 33811.070710678119212 ], [ 18958.93656067158372, 33811.077301045334025 ], [ 18958.944442976699065, 33811.08314696123125 ], [ 18958.952860326317023, 33811.088192126437207 ], [ 18958.961731656763732, 33811.092387953249272 ], [ 18958.970971532275144, 33811.095694033574546 ], [ 18958.980490967798687, 33811.098078528040787 ], [ 18958.990198285966471, 33811.099518472670752 ], [ 18959.0, 33811.099999999998545 ], [ 18977.0, 33811.099999999998545 ], [ 18977.009801714033529, 33811.099518472670752 ], [ 18977.019509032201313, 33811.098078528040787 ], [ 18977.029028467724856, 33811.095694033574546 ], [ 18977.038268343236268, 33811.092387953249272 ], [ 18977.047139673682977, 33811.088192126437207 ], [ 18977.055557023300935, 33811.08314696123125 ], [ 18977.06343932841628, 33811.077301045334025 ], [ 18977.070710678119212, 33811.070710678119212 ], [ 18995.04142135623988, 33793.099999999998545 ], [ 19030.95857864376012, 33793.099999999998545 ], [ 19048.929289321880788, 33811.070710678119212 ], [ 19048.93656067158372, 33811.077301045334025 ], [ 19048.944442976699065, 33811.08314696123125 ], [ 19048.952860326317023, 33811.088192126437207 ], [ 19048.961731656763732, 33811.092387953249272 ], [ 19048.970971532275144, 33811.095694033574546 ], [ 19048.980490967798687, 33811.098078528040787 ], [ 19048.990198285966471, 33811.099518472670752 ], [ 19049.0, 33811.099999999998545 ], [ 19049.009801714033529, 33811.099518472670752 ], [ 19049.019509032201313, 33811.098078528040787 ], [ 19049.029028467724856, 33811.095694033574546 ], [ 19049.038268343236268, 33811.092387953249272 ], [ 19049.047139673682977, 33811.088192126437207 ], [ 19049.055557023300935, 33811.08314696123125 ], [ 19049.06343932841628, 33811.077301045334025 ], [ 19049.070710678119212, 33811.070710678119212 ], [ 19067.04142135623988, 33793.099999999998545 ], [ 19084.95857864376012, 33793.099999999998545 ], [ 19102.929289321880788, 33811.070710678119212 ], [ 19102.93656067158372, 33811.077301045334025 ], [ 19102.944442976699065, 33811.08314696123125 ], [ 19102.952860326317023, 33811.088192126437207 ], [ 19102.961731656763732, 33811.092387953249272 ], [ 19102.970971532275144, 33811.095694033574546 ], [ 19102.980490967798687, 33811.098078528040787 ], [ 19102.990198285966471, 33811.099518472670752 ], [ 19103.0, 33811.099999999998545 ], [ 19121.0, 33811.099999999998545 ], [ 19121.009801714033529, 33811.099518472670752 ], [ 19121.019509032201313, 33811.098078528040787 ], [ 19121.029028467724856, 33811.095694033574546 ], [ 19121.038268343236268, 33811.092387953249272 ], [ 19121.047139673682977, 33811.088192126437207 ], [ 19121.055557023300935, 33811.08314696123125 ], [ 19121.06343932841628, 33811.077301045334025 ], [ 19121.070710678119212, 33811.070710678119212 ], [ 19139.04142135623988, 33793.099999999998545 ], [ 19300.0, 33793.099999999998545 ], [ 19300.009446325861063, 33793.099552834857604 ], [ 19300.018808170367265, 33793.098215338555747 ], [ 19300.028001807710098, 33793.095999472730909 ], [ 19300.036945016407117, 33793.092925054545049 ], [ 19300.04555781462841, 33793.089019579456362 ], [ 19300.053763175514177, 33793.0843179752992 ], [ 19300.061487716040574, 33793.078862289949029 ], [ 19300.068662353296531, 33793.072701315257291 ], [ 19318.0, 33776.13754909337149 ], [ 19335.931337646703469, 33793.072701315257291 ], [ 19335.938512283959426, 33793.078862289949029 ], [ 19335.946236824485823, 33793.0843179752992 ], [ 19335.95444218537159, 33793.089019579456362 ], [ 19335.963054983592883, 33793.092925054545049 ], [ 19335.971998192289902, 33793.095999472730909 ], [ 19335.981191829632735, 33793.098215338555747 ], [ 19335.990553674138937, 33793.099552834857604 ], [ 19336.0, 33793.099999999998545 ], [ 19372.0, 33793.099999999998545 ], [ 19372.009446325861063, 33793.099552834857604 ], [ 19372.018808170367265, 33793.098215338555747 ], [ 19372.028001807710098, 33793.095999472730909 ], [ 19372.036945016407117, 33793.092925054545049 ], [ 19372.04555781462841, 33793.089019579456362 ], [ 19372.053763175514177, 33793.0843179752992 ], [ 19372.061487716040574, 33793.078862289949029 ], [ 19372.068662353296531, 33793.072701315257291 ], [ 19390.03975786357114, 33776.099999999998545 ], [ 19407.96024213642886, 33776.099999999998545 ], [ 19425.931337646703469, 33793.072701315257291 ], [ 19425.938512283959426, 33793.078862289949029 ], [ 19425.946236824485823, 33793.0843179752992 ], [ 19425.95444218537159, 33793.089019579456362 ], [ 19425.963054983592883, 33793.092925054545049 ], [ 19425.971998192289902, 33793.095999472730909 ], [ 19425.981191829632735, 33793.098215338555747 ], [ 19425.990553674138937, 33793.099552834857604 ], [ 19426.0, 33793.099999999998545 ], [ 19604.95857864376012, 33793.099999999998545 ], [ 19622.929289321880788, 33811.070710678119212 ], [ 19622.93656067158372, 33811.077301045334025 ], [ 19622.944442976699065, 33811.08314696123125 ], [ 19622.952860326317023, 33811.088192126437207 ], [ 19622.961731656763732, 33811.092387953249272 ], [ 19622.970971532275144, 33811.095694033574546 ], [ 19622.980490967798687, 33811.098078528040787 ], [ 19622.990198285966471, 33811.099518472670752 ], [ 19623.0, 33811.099999999998545 ], [ 19623.009801714033529, 33811.099518472670752 ], [ 19623.019509032201313, 33811.098078528040787 ], [ 19623.029028467724856, 33811.095694033574546 ], [ 19623.038268343236268, 33811.092387953249272 ], [ 19623.047139673682977, 33811.088192126437207 ], [ 19623.055557023300935, 33811.08314696123125 ], [ 19623.06343932841628, 33811.077301045334025 ], [ 19623.070710678119212, 33811.070710678119212 ], [ 19641.04142135623988, 33793.099999999998545 ], [ 19659.0, 33793.099999999998545 ], [ 19659.009446325861063, 33793.099552834857604 ], [ 19659.018808170367265, 33793.098215338555747 ], [ 19659.028001807710098, 33793.095999472730909 ], [ 19659.036945016407117, 33793.092925054545049 ], [ 19659.04555781462841, 33793.089019579456362 ], [ 19659.053763175514177, 33793.0843179752992 ], [ 19659.061487716040574, 33793.078862289949029 ], [ 19659.068662353296531, 33793.072701315257291 ], [ 19677.03975786357114, 33776.099999999998545 ], [ 19784.0, 33776.099999999998545 ], [ 19784.009801714033529, 33776.099518472670752 ], [ 19784.019509032201313, 33776.098078528040787 ], [ 19784.029028467724856, 33776.095694033574546 ], [ 19784.038268343236268, 33776.092387953249272 ], [ 19784.047139673682977, 33776.088192126437207 ], [ 19784.055557023300935, 33776.08314696123125 ], [ 19784.06343932841628, 33776.077301045334025 ], [ 19784.070710678119212, 33776.070710678119212 ], [ 19784.077301045337663, 33776.063439328419918 ], [ 19784.08314696123125, 33776.055557023304573 ], [ 19784.088192126433569, 33776.047139673682977 ], [ 19784.09238795325291, 33776.038268343239906 ], [ 19784.095694033574546, 33776.029028467724856 ], [ 19784.098078528040787, 33776.019509032201313 ], [ 19784.099518472667114, 33776.009801714033529 ], [ 19784.099999999998545, 33776.0 ], [ 19784.099999999998545, 33722.04142135623988 ], [ 19802.070710678119212, 33704.070710678119212 ], [ 19802.077301045337663, 33704.063439328419918 ], [ 19802.08314696123125, 33704.055557023304573 ], [ 19802.088192126433569, 33704.047139673682977 ], [ 19802.09238795325291, 33704.038268343239906 ], [ 19802.095694033574546, 33704.029028467724856 ], [ 19802.098078528040787, 33704.019509032201313 ], [ 19802.099518472667114, 33704.009801714033529 ], [ 19802.099999999998545, 33704.0 ], [ 19802.099999999998545, 33686.04142135623988 ], [ 19820.070710678119212, 33668.070710678119212 ], [ 19820.077301045337663, 33668.063439328419918 ], [ 19820.08314696123125, 33668.055557023304573 ], [ 19820.088192126433569, 33668.047139673682977 ], [ 19820.09238795325291, 33668.038268343239906 ], [ 19820.095694033574546, 33668.029028467724856 ], [ 19820.098078528040787, 33668.019509032201313 ], [ 19820.099518472667114, 33668.009801714033529 ], [ 19820.099999999998545, 33668.0 ], [ 19820.099999999998545, 33650.04142135623988 ], [ 19874.04142135623988, 33596.099999999998545 ], [ 19891.95857864376012, 33596.099999999998545 ], [ 19909.900000000001455, 33614.04142135623988 ], [ 19909.900000000001455, 33667.95857864376012 ], [ 19892.0, 33685.858578643761575 ], [ 19874.070710678119212, 33667.929289321880788 ], [ 19874.06343932841628, 33667.922698954665975 ], [ 19874.055557023300935, 33667.91685303876875 ], [ 19874.047139673682977, 33667.911807873562793 ], [ 19874.038268343236268, 33667.907612046750728 ], [ 19874.029028467724856, 33667.904305966425454 ], [ 19874.019509032201313, 33667.901921471959213 ], [ 19874.009801714033529, 33667.900481527329248 ], [ 19874.0, 33667.900000000001455 ], [ 19873.990198285966471, 33667.900481527329248 ], [ 19873.980490967798687, 33667.901921471959213 ], [ 19873.970971532275144, 33667.904305966425454 ], [ 19873.961731656763732, 33667.907612046750728 ], [ 19873.952860326317023, 33667.911807873562793 ], [ 19873.944442976699065, 33667.91685303876875 ], [ 19873.93656067158372, 33667.922698954665975 ], [ 19873.929289321880788, 33667.929289321880788 ], [ 19873.922698954662337, 33667.936560671580082 ], [ 19873.91685303876875, 33667.944442976695427 ], [ 19873.911807873566431, 33667.952860326317023 ], [ 19873.90761204674709, 33667.961731656760094 ], [ 19873.904305966425454, 33667.970971532275144 ], [ 19873.901921471959213, 33667.980490967798687 ], [ 19873.900481527332886, 33667.990198285966471 ], [ 19873.900000000001455, 33668.0 ], [ 19873.900000000001455, 33703.95857864376012 ], [ 19855.929289321880788, 33721.929289321880788 ], [ 19855.922698954662337, 33721.936560671580082 ], [ 19855.91685303876875, 33721.944442976695427 ], [ 19855.911807873566431, 33721.952860326317023 ], [ 19855.90761204674709, 33721.961731656760094 ], [ 19855.904305966425454, 33721.970971532275144 ], [ 19855.901921471959213, 33721.980490967798687 ], [ 19855.900481527332886, 33721.990198285966471 ], [ 19855.900000000001455, 33722.0 ], [ 19855.900000000001455, 33740.0 ], [ 19855.900481527332886, 33740.009801714033529 ], [ 19855.901921471959213, 33740.019509032201313 ], [ 19855.904305966425454, 33740.029028467724856 ], [ 19855.90761204674709, 33740.038268343239906 ], [ 19855.911807873566431, 33740.047139673682977 ], [ 19855.91685303876875, 33740.055557023304573 ], [ 19855.922698954662337, 33740.063439328419918 ], [ 19855.929289321880788, 33740.070710678119212 ], [ 19855.93656067158372, 33740.077301045334025 ], [ 19855.944442976699065, 33740.08314696123125 ], [ 19855.952860326317023, 33740.088192126437207 ], [ 19855.961731656763732, 33740.092387953249272 ], [ 19855.970971532275144, 33740.095694033574546 ], [ 19855.980490967798687, 33740.098078528040787 ], [ 19855.990198285966471, 33740.099518472670752 ], [ 19856.0, 33740.099999999998545 ], [ 19927.95857864376012, 33740.099999999998545 ], [ 19945.929289321880788, 33758.070710678119212 ], [ 19945.93656067158372, 33758.077301045334025 ], [ 19945.944442976699065, 33758.08314696123125 ], [ 19945.952860326317023, 33758.088192126437207 ], [ 19945.961731656763732, 33758.092387953249272 ], [ 19945.970971532275144, 33758.095694033574546 ], [ 19945.980490967798687, 33758.098078528040787 ], [ 19945.990198285966471, 33758.099518472670752 ], [ 19946.0, 33758.099999999998545 ], [ 19946.009801714033529, 33758.099518472670752 ], [ 19946.019509032201313, 33758.098078528040787 ], [ 19946.029028467724856, 33758.095694033574546 ], [ 19946.038268343236268, 33758.092387953249272 ], [ 19946.047139673682977, 33758.088192126437207 ], [ 19946.055557023300935, 33758.08314696123125 ], [ 19946.06343932841628, 33758.077301045334025 ], [ 19946.070710678119212, 33758.070710678119212 ], [ 19946.077301045337663, 33758.063439328419918 ], [ 19946.08314696123125, 33758.055557023304573 ], [ 19946.088192126433569, 33758.047139673682977 ], [ 19946.09238795325291, 33758.038268343239906 ], [ 19946.095694033574546, 33758.029028467724856 ], [ 19946.098078528040787, 33758.019509032201313 ], [ 19946.099518472667114, 33758.009801714033529 ], [ 19946.099999999998545, 33758.0 ], [ 19946.099518472667114, 33757.990198285966471 ], [ 19946.098078528040787, 33757.980490967798687 ], [ 19946.095694033574546, 33757.970971532275144 ], [ 19946.09238795325291, 33757.961731656760094 ], [ 19946.088192126433569, 33757.952860326317023 ], [ 19946.08314696123125, 33757.944442976695427 ], [ 19946.077301045337663, 33757.936560671580082 ], [ 19946.070710678119212, 33757.929289321880788 ], [ 19928.099999999998545, 33739.95857864376012 ], [ 19928.099999999998545, 33596.04142135623988 ], [ 19946.04142135623988, 33578.099999999998545 ], [ 19963.95857864376012, 33578.099999999998545 ], [ 19999.929289321880788, 33614.070710678119212 ], [ 19999.93656067158372, 33614.077301045334025 ], [ 19999.944442976699065, 33614.08314696123125 ], [ 19999.952860326317023, 33614.088192126437207 ], [ 19999.961731656763732, 33614.092387953249272 ], [ 19999.970971532275144, 33614.095694033574546 ], [ 19999.980490967798687, 33614.098078528040787 ], [ 19999.990198285966471, 33614.099518472670752 ], [ 20000.0, 33614.099999999998545 ], [ 20017.95857864376012, 33614.099999999998545 ], [ 20035.928279375446436, 33632.069700731684861 ], [ 20052.900000000001455, 33650.039757863567502 ], [ 20052.900000000001455, 33668.0 ], [ 20052.900481527332886, 33668.009801714033529 ], [ 20052.901921471959213, 33668.019509032201313 ], [ 20052.904305966425454, 33668.029028467724856 ], [ 20052.90761204674709, 33668.038268343239906 ], [ 20052.911807873566431, 33668.047139673682977 ], [ 20052.91685303876875, 33668.055557023304573 ], [ 20052.922698954662337, 33668.063439328419918 ], [ 20052.929289321880788, 33668.070710678119212 ], [ 20070.900000000001455, 33686.04142135623988 ], [ 20070.900000000001455, 33704.0 ], [ 20070.900481527332886, 33704.009801714033529 ], [ 20070.901921471959213, 33704.019509032201313 ], [ 20070.904305966425454, 33704.029028467724856 ], [ 20070.90761204674709, 33704.038268343239906 ], [ 20070.911807873566431, 33704.047139673682977 ], [ 20070.91685303876875, 33704.055557023304573 ], [ 20070.922698954662337, 33704.063439328419918 ], [ 20070.929289321880788, 33704.070710678119212 ], [ 20070.93656067158372, 33704.077301045334025 ], [ 20070.944442976699065, 33704.08314696123125 ], [ 20070.952860326317023, 33704.088192126437207 ], [ 20070.961731656763732, 33704.092387953249272 ], [ 20070.970971532275144, 33704.095694033574546 ], [ 20070.980490967798687, 33704.098078528040787 ], [ 20070.990198285966471, 33704.099518472670752 ], [ 20071.0, 33704.099999999998545 ], [ 20088.95857864376012, 33704.099999999998545 ], [ 20106.900000000001455, 33722.04142135623988 ], [ 20106.900000000001455, 33739.95857864376012 ], [ 20088.929289321880788, 33757.929289321880788 ], [ 20088.922698954662337, 33757.936560671580082 ], [ 20088.91685303876875, 33757.944442976695427 ], [ 20088.911807873566431, 33757.952860326317023 ], [ 20088.90761204674709, 33757.961731656760094 ], [ 20088.904305966425454, 33757.970971532275144 ], [ 20088.901921471959213, 33757.980490967798687 ], [ 20088.900481527332886, 33757.990198285966471 ], [ 20088.900000000001455, 33758.0 ], [ 20088.900481527332886, 33758.009801714033529 ], [ 20088.901921471959213, 33758.019509032201313 ], [ 20088.904305966425454, 33758.029028467724856 ], [ 20088.90761204674709, 33758.038268343239906 ], [ 20088.911807873566431, 33758.047139673682977 ], [ 20088.91685303876875, 33758.055557023304573 ], [ 20088.922698954662337, 33758.063439328419918 ], [ 20088.929289321880788, 33758.070710678119212 ], [ 20106.929289321880788, 33776.070710678119212 ], [ 20106.93656067158372, 33776.077301045334025 ], [ 20106.944442976699065, 33776.08314696123125 ], [ 20106.952860326317023, 33776.088192126437207 ], [ 20106.961731656763732, 33776.092387953249272 ], [ 20106.970971532275144, 33776.095694033574546 ], [ 20106.980490967798687, 33776.098078528040787 ], [ 20106.990198285966471, 33776.099518472670752 ], [ 20107.0, 33776.099999999998545 ], [ 20178.96024213642886, 33776.099999999998545 ], [ 20196.931337646703469, 33793.072701315257291 ], [ 20196.9390108844309, 33793.079248519112298 ], [ 20196.947304652589082, 33793.084989413233416 ], [ 20196.956134566695255, 33793.089865587186068 ], [ 20196.965410787262954, 33793.093827428623626 ], [ 20196.975038933891483, 33793.096834627991484 ], [ 20196.984921045528608, 33793.098856588716444 ], [ 20196.994956577163975, 33793.099872738450358 ], [ 20197.005043422836025, 33793.099872738450358 ], [ 20197.015078954471392, 33793.098856588716444 ], [ 20197.024961066108517, 33793.096834627991484 ], [ 20197.034589212737046, 33793.093827428623626 ], [ 20197.043865433304745, 33793.089865587186068 ], [ 20197.052695347410918, 33793.084989413233416 ], [ 20197.0609891155691, 33793.079248519112298 ], [ 20197.068662353296531, 33793.072701315257291 ], [ 20215.03975786357114, 33776.099999999998545 ], [ 20538.0, 33776.099999999998545 ], [ 20538.009801714033529, 33776.099518472670752 ], [ 20538.019509032201313, 33776.098078528040787 ], [ 20538.029028467724856, 33776.095694033574546 ], [ 20538.038268343236268, 33776.092387953249272 ], [ 20538.047139673682977, 33776.088192126437207 ], [ 20538.055557023300935, 33776.08314696123125 ], [ 20538.06343932841628, 33776.077301045334025 ], [ 20538.070710678119212, 33776.070710678119212 ], [ 20556.0, 33758.141421356238425 ], [ 20573.929289321880788, 33776.070710678119212 ], [ 20573.93656067158372, 33776.077301045334025 ], [ 20573.944442976699065, 33776.08314696123125 ], [ 20573.952860326317023, 33776.088192126437207 ], [ 20573.961731656763732, 33776.092387953249272 ], [ 20573.970971532275144, 33776.095694033574546 ], [ 20573.980490967798687, 33776.098078528040787 ], [ 20573.990198285966471, 33776.099518472670752 ], [ 20574.0, 33776.099999999998545 ], [ 20967.96024213642886, 33776.099999999998545 ], [ 20985.931337646703469, 33793.072701315257291 ], [ 20985.9390108844309, 33793.079248519112298 ], [ 20985.947304652589082, 33793.084989413233416 ], [ 20985.956134566695255, 33793.089865587186068 ], [ 20985.965410787262954, 33793.093827428623626 ], [ 20985.975038933891483, 33793.096834627991484 ], [ 20985.984921045528608, 33793.098856588716444 ], [ 20985.994956577163975, 33793.099872738450358 ], [ 20986.005043422836025, 33793.099872738450358 ], [ 20986.015078954471392, 33793.098856588716444 ], [ 20986.024961066108517, 33793.096834627991484 ], [ 20986.034589212737046, 33793.093827428623626 ], [ 20986.043865433304745, 33793.089865587186068 ], [ 20986.052695347410918, 33793.084989413233416 ], [ 20986.0609891155691, 33793.079248519112298 ], [ 20986.068662353296531, 33793.072701315257291 ], [ 21004.03975786357114, 33776.099999999998545 ], [ 21703.96024213642886, 33776.099999999998545 ], [ 21721.931337646703469, 33793.072701315257291 ], [ 21721.938512283959426, 33793.078862289949029 ], [ 21721.946236824485823, 33793.0843179752992 ], [ 21721.95444218537159, 33793.089019579456362 ], [ 21721.963054983592883, 33793.092925054545049 ], [ 21721.971998192289902, 33793.095999472730909 ], [ 21721.981191829632735, 33793.098215338555747 ], [ 21721.990553674138937, 33793.099552834857604 ], [ 21722.0, 33793.099999999998545 ], [ 21740.0, 33793.099999999998545 ], [ 21740.009446325861063, 33793.099552834857604 ], [ 21740.018808170367265, 33793.098215338555747 ], [ 21740.028001807710098, 33793.095999472730909 ], [ 21740.036945016407117, 33793.092925054545049 ], [ 21740.04555781462841, 33793.089019579456362 ], [ 21740.053763175514177, 33793.0843179752992 ], [ 21740.061487716040574, 33793.078862289949029 ], [ 21740.068662353296531, 33793.072701315257291 ], [ 21758.03975786357114, 33776.099999999998545 ], [ 21828.96024213642886, 33776.099999999998545 ], [ 21846.931337646703469, 33793.072701315257291 ], [ 21846.9390108844309, 33793.079248519112298 ], [ 21846.947304652589082, 33793.084989413233416 ], [ 21846.956134566695255, 33793.089865587186068 ], [ 21846.965410787262954, 33793.093827428623626 ], [ 21846.975038933891483, 33793.096834627991484 ], [ 21846.984921045528608, 33793.098856588716444 ], [ 21846.994956577163975, 33793.099872738450358 ], [ 21847.005043422836025, 33793.099872738450358 ], [ 21847.015078954471392, 33793.098856588716444 ], [ 21847.024961066108517, 33793.096834627991484 ], [ 21847.034589212737046, 33793.093827428623626 ], [ 21847.043865433304745, 33793.089865587186068 ], [ 21847.052695347410918, 33793.084989413233416 ], [ 21847.0609891155691, 33793.079248519112298 ], [ 21847.068662353296531, 33793.072701315257291 ], [ 21865.03975786357114, 33776.099999999998545 ], [ 22097.96024213642886, 33776.099999999998545 ], [ 22115.931337646703469, 33793.072701315257291 ], [ 22115.9390108844309, 33793.079248519112298 ], [ 22115.947304652589082, 33793.084989413233416 ], [ 22115.956134566695255, 33793.089865587186068 ], [ 22115.965410787262954, 33793.093827428623626 ], [ 22115.975038933891483, 33793.096834627991484 ], [ 22115.984921045528608, 33793.098856588716444 ], [ 22115.994956577163975, 33793.099872738450358 ], [ 22116.005043422836025, 33793.099872738450358 ], [ 22116.015078954471392, 33793.098856588716444 ], [ 22116.024961066108517, 33793.096834627991484 ], [ 22116.034589212737046, 33793.093827428623626 ], [ 22116.043865433304745, 33793.089865587186068 ], [ 22116.052695347410918, 33793.084989413233416 ], [ 22116.0609891155691, 33793.079248519112298 ], [ 22116.068662353296531, 33793.072701315257291 ], [ 22134.03975786357114, 33776.099999999998545 ], [ 22241.96024213642886, 33776.099999999998545 ], [ 22259.931337646703469, 33793.072701315257291 ], [ 22259.9390108844309, 33793.079248519112298 ], [ 22259.947304652589082, 33793.084989413233416 ], [ 22259.956134566695255, 33793.089865587186068 ], [ 22259.965410787262954, 33793.093827428623626 ], [ 22259.975038933891483, 33793.096834627991484 ], [ 22259.984921045528608, 33793.098856588716444 ], [ 22259.994956577163975, 33793.099872738450358 ], [ 22260.005043422836025, 33793.099872738450358 ], [ 22260.015078954471392, 33793.098856588716444 ], [ 22260.024961066108517, 33793.096834627991484 ], [ 22260.034589212737046, 33793.093827428623626 ], [ 22260.043865433304745, 33793.089865587186068 ], [ 22260.052695347410918, 33793.084989413233416 ], [ 22260.0609891155691, 33793.079248519112298 ], [ 22260.068662353296531, 33793.072701315257291 ], [ 22278.068662353296531, 33776.072701315257291 ], [ 22278.070710678119212, 33776.070710678119212 ], [ 22296.0, 33758.141421356238425 ], [ 22313.929289321880788, 33776.070710678119212 ], [ 22313.93656067158372, 33776.077301045334025 ], [ 22313.944442976699065, 33776.08314696123125 ], [ 22313.952860326317023, 33776.088192126437207 ], [ 22313.961731656763732, 33776.092387953249272 ], [ 22313.970971532275144, 33776.095694033574546 ], [ 22313.980490967798687, 33776.098078528040787 ], [ 22313.990198285966471, 33776.099518472670752 ], [ 22314.0, 33776.099999999998545 ], [ 22331.0, 33776.099999999998545 ], [ 22331.009801714033529, 33776.099518472670752 ], [ 22331.019509032201313, 33776.098078528040787 ], [ 22331.029028467724856, 33776.095694033574546 ], [ 22331.038268343236268, 33776.092387953249272 ], [ 22331.047139673682977, 33776.088192126437207 ], [ 22331.055557023300935, 33776.08314696123125 ], [ 22331.06343932841628, 33776.077301045334025 ], [ 22331.070710678119212, 33776.070710678119212 ], [ 22349.04142135623988, 33758.099999999998545 ], [ 22366.95857864376012, 33758.099999999998545 ], [ 22384.929289321880788, 33776.070710678119212 ], [ 22384.93656067158372, 33776.077301045334025 ], [ 22384.944442976699065, 33776.08314696123125 ], [ 22384.952860326317023, 33776.088192126437207 ], [ 22384.961731656763732, 33776.092387953249272 ], [ 22384.970971532275144, 33776.095694033574546 ], [ 22384.980490967798687, 33776.098078528040787 ], [ 22384.990198285966471, 33776.099518472670752 ], [ 22385.0, 33776.099999999998545 ], [ 22743.96024213642886, 33776.099999999998545 ], [ 22761.931337646703469, 33793.072701315257291 ], [ 22761.938512283959426, 33793.078862289949029 ], [ 22761.946236824485823, 33793.0843179752992 ], [ 22761.95444218537159, 33793.089019579456362 ], [ 22761.963054983592883, 33793.092925054545049 ], [ 22761.971998192289902, 33793.095999472730909 ], [ 22761.981191829632735, 33793.098215338555747 ], [ 22761.990553674138937, 33793.099552834857604 ], [ 22762.0, 33793.099999999998545 ], [ 22834.0, 33793.099999999998545 ], [ 22834.009446325861063, 33793.099552834857604 ], [ 22834.018808170367265, 33793.098215338555747 ], [ 22834.028001807710098, 33793.095999472730909 ], [ 22834.036945016407117, 33793.092925054545049 ], [ 22834.04555781462841, 33793.089019579456362 ], [ 22834.053763175514177, 33793.0843179752992 ], [ 22834.061487716040574, 33793.078862289949029 ], [ 22834.068662353296531, 33793.072701315257291 ], [ 22852.03975786357114, 33776.099999999998545 ], [ 22887.95857864376012, 33776.099999999998545 ], [ 22904.929289321880788, 33793.070710678119212 ], [ 22904.93656067158372, 33793.077301045334025 ], [ 22904.944442976699065, 33793.08314696123125 ], [ 22904.952860326317023, 33793.088192126437207 ], [ 22904.961731656763732, 33793.092387953249272 ], [ 22904.970971532275144, 33793.095694033574546 ], [ 22904.980490967798687, 33793.098078528040787 ], [ 22904.990198285966471, 33793.099518472670752 ], [ 22905.0, 33793.099999999998545 ], [ 22941.0, 33793.099999999998545 ], [ 22941.009446325861063, 33793.099552834857604 ], [ 22941.018808170367265, 33793.098215338555747 ], [ 22941.028001807710098, 33793.095999472730909 ], [ 22941.036945016407117, 33793.092925054545049 ], [ 22941.04555781462841, 33793.089019579456362 ], [ 22941.053763175514177, 33793.0843179752992 ], [ 22941.061487716040574, 33793.078862289949029 ], [ 22941.068662353296531, 33793.072701315257291 ], [ 22959.03975786357114, 33776.099999999998545 ], [ 22976.96024213642886, 33776.099999999998545 ], [ 22994.931337646703469, 33793.072701315257291 ], [ 22994.938512283959426, 33793.078862289949029 ], [ 22994.946236824485823, 33793.0843179752992 ], [ 22994.95444218537159, 33793.089019579456362 ], [ 22994.963054983592883, 33793.092925054545049 ], [ 22994.971998192289902, 33793.095999472730909 ], [ 22994.981191829632735, 33793.098215338555747 ], [ 22994.990553674138937, 33793.099552834857604 ], [ 22995.0, 33793.099999999998545 ], [ 23085.0, 33793.099999999998545 ], [ 23085.009446325861063, 33793.099552834857604 ], [ 23085.018808170367265, 33793.098215338555747 ], [ 23085.028001807710098, 33793.095999472730909 ], [ 23085.036945016407117, 33793.092925054545049 ], [ 23085.04555781462841, 33793.089019579456362 ], [ 23085.053763175514177, 33793.0843179752992 ], [ 23085.061487716040574, 33793.078862289949029 ], [ 23085.068662353296531, 33793.072701315257291 ], [ 23103.0, 33776.13754909337149 ], [ 23120.931337646703469, 33793.072701315257291 ], [ 23120.938512283959426, 33793.078862289949029 ], [ 23120.946236824485823, 33793.0843179752992 ], [ 23120.95444218537159, 33793.089019579456362 ], [ 23120.963054983592883, 33793.092925054545049 ], [ 23120.971998192289902, 33793.095999472730909 ], [ 23120.981191829632735, 33793.098215338555747 ], [ 23120.990553674138937, 33793.099552834857604 ], [ 23121.0, 33793.099999999998545 ], [ 23192.0, 33793.099999999998545 ], [ 23192.009446325861063, 33793.099552834857604 ], [ 23192.018808170367265, 33793.098215338555747 ], [ 23192.028001807710098, 33793.095999472730909 ], [ 23192.036945016407117, 33793.092925054545049 ], [ 23192.04555781462841, 33793.089019579456362 ], [ 23192.053763175514177, 33793.0843179752992 ], [ 23192.061487716040574, 33793.078862289949029 ], [ 23192.068662353296531, 33793.072701315257291 ], [ 23210.03975786357114, 33776.099999999998545 ], [ 23371.96024213642886, 33776.099999999998545 ], [ 23389.931337646703469, 33793.072701315257291 ], [ 23389.9390108844309, 33793.079248519112298 ], [ 23389.947304652589082, 33793.084989413233416 ], [ 23389.956134566695255, 33793.089865587186068 ], [ 23389.965410787262954, 33793.093827428623626 ], [ 23389.975038933891483, 33793.096834627991484 ], [ 23389.984921045528608, 33793.098856588716444 ], [ 23389.994956577163975, 33793.099872738450358 ], [ 23390.005043422836025, 33793.099872738450358 ], [ 23390.015078954471392, 33793.098856588716444 ], [ 23390.024961066108517, 33793.096834627991484 ], [ 23390.034589212737046, 33793.093827428623626 ], [ 23390.043865433304745, 33793.089865587186068 ], [ 23390.052695347410918, 33793.084989413233416 ], [ 23390.0609891155691, 33793.079248519112298 ], [ 23390.068662353296531, 33793.072701315257291 ], [ 23408.03975786357114, 33776.099999999998545 ], [ 23443.96024213642886, 33776.099999999998545 ], [ 23461.931337646703469, 33793.072701315257291 ], [ 23461.938512283959426, 33793.078862289949029 ], [ 23461.946236824485823, 33793.0843179752992 ], [ 23461.95444218537159, 33793.089019579456362 ], [ 23461.963054983592883, 33793.092925054545049 ], [ 23461.971998192289902, 33793.095999472730909 ], [ 23461.981191829632735, 33793.098215338555747 ], [ 23461.990553674138937, 33793.099552834857604 ], [ 23462.0, 33793.099999999998545 ], [ 23604.95857864376012, 33793.099999999998545 ], [ 23622.929289321880788, 33811.070710678119212 ], [ 23622.93656067158372, 33811.077301045334025 ], [ 23622.944442976699065, 33811.08314696123125 ], [ 23622.952860326317023, 33811.088192126437207 ], [ 23622.961731656763732, 33811.092387953249272 ], [ 23622.970971532275144, 33811.095694033574546 ], [ 23622.980490967798687, 33811.098078528040787 ], [ 23622.990198285966471, 33811.099518472670752 ], [ 23623.0, 33811.099999999998545 ], [ 23801.95857864376012, 33811.099999999998545 ], [ 23819.929289321880788, 33829.070710678119212 ], [ 23819.93656067158372, 33829.077301045334025 ], [ 23819.944442976699065, 33829.08314696123125 ], [ 23819.952860326317023, 33829.088192126437207 ], [ 23819.961731656763732, 33829.092387953249272 ], [ 23819.970971532275144, 33829.095694033574546 ], [ 23819.980490967798687, 33829.098078528040787 ], [ 23819.990198285966471, 33829.099518472670752 ], [ 23820.0, 33829.099999999998545 ], [ 23838.0, 33829.099999999998545 ], [ 23838.009801714033529, 33829.099518472670752 ], [ 23838.019509032201313, 33829.098078528040787 ], [ 23838.029028467724856, 33829.095694033574546 ], [ 23838.038268343236268, 33829.092387953249272 ], [ 23838.047139673682977, 33829.088192126437207 ], [ 23838.055557023300935, 33829.08314696123125 ], [ 23838.06343932841628, 33829.077301045334025 ], [ 23838.070710678119212, 33829.070710678119212 ], [ 23856.04142135623988, 33811.099999999998545 ], [ 23928.0, 33811.099999999998545 ], [ 23928.009801714033529, 33811.099518472670752 ], [ 23928.019509032201313, 33811.098078528040787 ], [ 23928.029028467724856, 33811.095694033574546 ], [ 23928.038268343236268, 33811.092387953249272 ], [ 23928.047139673682977, 33811.088192126437207 ], [ 23928.055557023300935, 33811.08314696123125 ], [ 23928.06343932841628, 33811.077301045334025 ], [ 23928.070710678119212, 33811.070710678119212 ], [ 23946.04142135623988, 33793.099999999998545 ], [ 24017.95857864376012, 33793.099999999998545 ], [ 24035.929289321880788, 33811.070710678119212 ], [ 24035.93669877263892, 33811.077414175801096 ], [ 24035.944740202859975, 33811.083344794802542 ], [ 24035.953333329442103, 33811.088443325686967 ], [ 24035.962392361325328, 33811.092658866349666 ], [ 24035.971826855995459, 33811.095949330156145 ], [ 24035.981542622437701, 33811.098281866150501 ], [ 24035.991442661506881, 33811.09963318703376 ], [ 24036.001428134339221, 33811.099989801638003 ], [ 24036.011399349132262, 33811.09934814965527 ], [ 24036.021256756423099, 33811.097714637115132 ], [ 24036.030901942973287, 33811.09510557250178 ], [ 24036.040238614281407, 33811.091547003888991 ], [ 24036.049173555973539, 33811.087074458897405 ], [ 24036.057617564412794, 33811.081732590020692 ], [ 24036.065486337287439, 33811.075574728769425 ], [ 24036.072701315253653, 33811.068662353296531 ], [ 24053.043104648924782, 33793.099999999998545 ], [ 24125.0, 33793.099999999998545 ], [ 24125.009446325861063, 33793.099552834857604 ], [ 24125.018808170367265, 33793.098215338555747 ], [ 24125.028001807710098, 33793.095999472730909 ], [ 24125.036945016407117, 33793.092925054545049 ], [ 24125.04555781462841, 33793.089019579456362 ], [ 24125.053763175514177, 33793.0843179752992 ], [ 24125.061487716040574, 33793.078862289949029 ], [ 24125.068662353296531, 33793.072701315257291 ], [ 24143.03975786357114, 33776.099999999998545 ], [ 24160.96024213642886, 33776.099999999998545 ], [ 24178.931337646703469, 33793.072701315257291 ], [ 24178.938512283959426, 33793.078862289949029 ], [ 24178.946236824485823, 33793.0843179752992 ], [ 24178.95444218537159, 33793.089019579456362 ], [ 24178.963054983592883, 33793.092925054545049 ], [ 24178.971998192289902, 33793.095999472730909 ], [ 24178.981191829632735, 33793.098215338555747 ], [ 24178.990553674138937, 33793.099552834857604 ], [ 24179.0, 33793.099999999998545 ], [ 24269.0, 33793.099999999998545 ], [ 24269.009446325861063, 33793.099552834857604 ], [ 24269.018808170367265, 33793.098215338555747 ], [ 24269.028001807710098, 33793.095999472730909 ], [ 24269.036945016407117, 33793.092925054545049 ], [ 24269.04555781462841, 33793.089019579456362 ], [ 24269.053763175514177, 33793.0843179752992 ], [ 24269.061487716040574, 33793.078862289949029 ], [ 24269.068662353296531, 33793.072701315257291 ], [ 24287.03975786357114, 33776.099999999998545 ], [ 24538.0, 33776.099999999998545 ], [ 24538.009801714033529, 33776.099518472670752 ], [ 24538.019509032201313, 33776.098078528040787 ], [ 24538.029028467724856, 33776.095694033574546 ], [ 24538.038268343236268, 33776.092387953249272 ], [ 24538.047139673682977, 33776.088192126437207 ], [ 24538.055557023300935, 33776.08314696123125 ], [ 24538.06343932841628, 33776.077301045334025 ], [ 24538.070710678119212, 33776.070710678119212 ], [ 24556.04142135623988, 33758.099999999998545 ], [ 24735.0, 33758.099999999998545 ], [ 24735.009801714033529, 33758.099518472670752 ], [ 24735.019509032201313, 33758.098078528040787 ], [ 24735.029028467724856, 33758.095694033574546 ], [ 24735.038268343236268, 33758.092387953249272 ], [ 24735.047139673682977, 33758.088192126437207 ], [ 24735.055557023300935, 33758.08314696123125 ], [ 24735.06343932841628, 33758.077301045334025 ], [ 24735.070710678119212, 33758.070710678119212 ], [ 24753.04142135623988, 33740.099999999998545 ], [ 24770.95857864376012, 33740.099999999998545 ], [ 24788.929289321880788, 33758.070710678119212 ], [ 24788.93656067158372, 33758.077301045334025 ], [ 24788.944442976699065, 33758.08314696123125 ], [ 24788.952860326317023, 33758.088192126437207 ], [ 24788.961731656763732, 33758.092387953249272 ], [ 24788.970971532275144, 33758.095694033574546 ], [ 24788.980490967798687, 33758.098078528040787 ], [ 24788.990198285966471, 33758.099518472670752 ], [ 24789.0, 33758.099999999998545 ], [ 24807.0, 33758.099999999998545 ], [ 24807.009801714033529, 33758.099518472670752 ], [ 24807.019509032201313, 33758.098078528040787 ], [ 24807.029028467724856, 33758.095694033574546 ], [ 24807.038268343236268, 33758.092387953249272 ], [ 24807.047139673682977, 33758.088192126437207 ], [ 24807.055557023300935, 33758.08314696123125 ], [ 24807.06343932841628, 33758.077301045334025 ], [ 24807.070710678119212, 33758.070710678119212 ], [ 24825.04142135623988, 33740.099999999998545 ], [ 24932.0, 33740.099999999998545 ], [ 24932.009801714033529, 33740.099518472670752 ], [ 24932.019509032201313, 33740.098078528040787 ], [ 24932.029028467724856, 33740.095694033574546 ], [ 24932.038268343236268, 33740.092387953249272 ], [ 24932.047139673682977, 33740.088192126437207 ], [ 24932.055557023300935, 33740.08314696123125 ], [ 24932.06343932841628, 33740.077301045334025 ], [ 24932.070710678119212, 33740.070710678119212 ], [ 24950.04142135623988, 33722.099999999998545 ], [ 24968.0, 33722.099999999998545 ], [ 24968.009801714033529, 33722.099518472670752 ], [ 24968.019509032201313, 33722.098078528040787 ], [ 24968.029028467724856, 33722.095694033574546 ], [ 24968.038268343236268, 33722.092387953249272 ], [ 24968.047139673682977, 33722.088192126437207 ], [ 24968.055557023300935, 33722.08314696123125 ], [ 24968.06343932841628, 33722.077301045334025 ], [ 24968.070710678119212, 33722.070710678119212 ], [ 24968.077301045337663, 33722.063439328419918 ], [ 24968.08314696123125, 33722.055557023304573 ], [ 24968.088192126433569, 33722.047139673682977 ], [ 24968.09238795325291, 33722.038268343239906 ], [ 24968.095694033574546, 33722.029028467724856 ], [ 24968.098078528040787, 33722.019509032201313 ], [ 24968.099518472667114, 33722.009801714033529 ], [ 24968.099999999998545, 33722.0 ], [ 24968.099999999998545, 33309.04142135623988 ], [ 24986.04142135623988, 33291.099999999998545 ], [ 25255.0, 33291.099999999998545 ], [ 25255.009801714033529, 33291.099518472670752 ], [ 25255.019509032201313, 33291.098078528040787 ], [ 25255.029028467724856, 33291.095694033574546 ], [ 25255.038268343236268, 33291.092387953249272 ], [ 25255.047139673682977, 33291.088192126437207 ], [ 25255.055557023300935, 33291.08314696123125 ], [ 25255.06343932841628, 33291.077301045334025 ], [ 25255.070710678119212, 33291.070710678119212 ], [ 25255.077301045337663, 33291.063439328419918 ], [ 25255.08314696123125, 33291.055557023304573 ], [ 25255.088192126433569, 33291.047139673682977 ], [ 25255.09238795325291, 33291.038268343239906 ], [ 25255.095694033574546, 33291.029028467724856 ], [ 25255.098078528040787, 33291.019509032201313 ], [ 25255.099518472667114, 33291.009801714033529 ], [ 25255.099999999998545, 33291.0 ], [ 25255.099999999998545, 33184.04142135623988 ], [ 25273.070710678119212, 33166.070710678119212 ], [ 25273.077301045337663, 33166.063439328419918 ], [ 25273.08314696123125, 33166.055557023304573 ], [ 25273.088192126433569, 33166.047139673682977 ], [ 25273.09238795325291, 33166.038268343239906 ], [ 25273.095694033574546, 33166.029028467724856 ], [ 25273.098078528040787, 33166.019509032201313 ], [ 25273.099518472667114, 33166.009801714033529 ], [ 25273.099999999998545, 33166.0 ], [ 25273.099999999998545, 33148.0 ], [ 25273.099518472667114, 33147.990198285966471 ], [ 25273.098078528040787, 33147.980490967798687 ], [ 25273.095694033574546, 33147.970971532275144 ], [ 25273.09238795325291, 33147.961731656760094 ], [ 25273.088192126433569, 33147.952860326317023 ], [ 25273.08314696123125, 33147.944442976695427 ], [ 25273.077301045337663, 33147.936560671580082 ], [ 25273.070710678119212, 33147.929289321880788 ], [ 25255.141421356238425, 33130.0 ], [ 25273.070710678119212, 33112.070710678119212 ], [ 25273.077301045337663, 33112.063439328419918 ], [ 25273.08314696123125, 33112.055557023304573 ], [ 25273.088192126433569, 33112.047139673682977 ], [ 25273.09238795325291, 33112.038268343239906 ], [ 25273.095694033574546, 33112.029028467724856 ], [ 25273.098078528040787, 33112.019509032201313 ], [ 25273.099518472667114, 33112.009801714033529 ], [ 25273.099999999998545, 33112.0 ], [ 25273.099999999998545, 33022.04142135623988 ], [ 25291.070710678119212, 33004.070710678119212 ], [ 25291.077301045337663, 33004.063439328419918 ], [ 25291.08314696123125, 33004.055557023304573 ], [ 25291.088192126433569, 33004.047139673682977 ], [ 25291.09238795325291, 33004.038268343239906 ], [ 25291.095694033574546, 33004.029028467724856 ], [ 25291.098078528040787, 33004.019509032201313 ], [ 25291.099518472667114, 33004.009801714033529 ], [ 25291.099999999998545, 33004.0 ], [ 25291.099999999998545, 32915.04142135623988 ], [ 25309.070710678119212, 32897.070710678119212 ], [ 25309.077301045337663, 32897.063439328419918 ], [ 25309.08314696123125, 32897.055557023304573 ], [ 25309.088192126433569, 32897.047139673682977 ], [ 25309.09238795325291, 32897.038268343239906 ], [ 25309.095694033574546, 32897.029028467724856 ], [ 25309.098078528040787, 32897.019509032201313 ], [ 25309.099518472667114, 32897.009801714033529 ], [ 25309.099999999998545, 32897.0 ], [ 25309.099999999998545, 32592.04142135623988 ], [ 25327.070710678119212, 32574.070710678119212 ], [ 25327.077301045337663, 32574.06343932841628 ], [ 25327.08314696123125, 32574.055557023300935 ], [ 25327.088192126433569, 32574.047139673682977 ], [ 25327.09238795325291, 32574.038268343236268 ], [ 25327.095694033574546, 32574.029028467724856 ], [ 25327.098078528040787, 32574.019509032201313 ], [ 25327.099518472667114, 32574.009801714033529 ], [ 25327.099999999998545, 32574.0 ], [ 25327.099518472667114, 32573.990198285966471 ], [ 25327.098078528040787, 32573.980490967798687 ], [ 25327.095694033574546, 32573.970971532275144 ], [ 25327.09238795325291, 32573.961731656763732 ], [ 25327.088192126433569, 32573.952860326317023 ], [ 25327.08314696123125, 32573.944442976699065 ], [ 25327.077301045337663, 32573.93656067158372 ], [ 25327.070710678119212, 32573.929289321880788 ], [ 25309.099999999998545, 32555.95857864376012 ], [ 25309.099999999998545, 32394.04142135623988 ], [ 25327.070710678119212, 32376.070710678119212 ], [ 25327.077301045337663, 32376.06343932841628 ], [ 25327.08314696123125, 32376.055557023300935 ], [ 25327.088192126433569, 32376.047139673682977 ], [ 25327.09238795325291, 32376.038268343236268 ], [ 25327.095694033574546, 32376.029028467724856 ], [ 25327.098078528040787, 32376.019509032201313 ], [ 25327.099518472667114, 32376.009801714033529 ], [ 25327.099999999998545, 32376.0 ], [ 25327.099999999998545, 32215.04142135623988 ], [ 25345.070710678119212, 32197.070710678119212 ], [ 25345.077301045337663, 32197.06343932841628 ], [ 25345.08314696123125, 32197.055557023300935 ], [ 25345.088192126433569, 32197.047139673682977 ], [ 25345.09238795325291, 32197.038268343236268 ], [ 25345.095694033574546, 32197.029028467724856 ], [ 25345.098078528040787, 32197.019509032201313 ], [ 25345.099518472667114, 32197.009801714033529 ], [ 25345.099999999998545, 32197.0 ], [ 25345.099999999998545, 32089.04142135623988 ], [ 25363.070710678119212, 32071.070710678119212 ], [ 25363.077301045337663, 32071.06343932841628 ], [ 25363.08314696123125, 32071.055557023300935 ], [ 25363.088192126433569, 32071.047139673682977 ], [ 25363.09238795325291, 32071.038268343236268 ], [ 25363.095694033574546, 32071.029028467724856 ], [ 25363.098078528040787, 32071.019509032201313 ], [ 25363.099518472667114, 32071.009801714033529 ], [ 25363.099999999998545, 32071.0 ], [ 25363.099999999998545, 32018.04142135623988 ], [ 25381.070710678119212, 32000.070710678119212 ], [ 25381.077301045337663, 32000.06343932841628 ], [ 25381.08314696123125, 32000.055557023300935 ], [ 25381.088192126433569, 32000.047139673682977 ], [ 25381.09238795325291, 32000.038268343236268 ], [ 25381.095694033574546, 32000.029028467724856 ], [ 25381.098078528040787, 32000.019509032201313 ], [ 25381.099518472667114, 32000.009801714033529 ], [ 25381.099999999998545, 32000.0 ], [ 25381.099999999998545, 31964.04142135623988 ], [ 25399.070710678119212, 31946.070710678119212 ], [ 25399.077301045337663, 31946.06343932841628 ], [ 25399.08314696123125, 31946.055557023300935 ], [ 25399.088192126433569, 31946.047139673682977 ], [ 25399.09238795325291, 31946.038268343236268 ], [ 25399.095694033574546, 31946.029028467724856 ], [ 25399.098078528040787, 31946.019509032201313 ], [ 25399.099518472667114, 31946.009801714033529 ], [ 25399.099999999998545, 31946.0 ], [ 25399.099999999998545, 31910.04142135623988 ], [ 25417.070710678119212, 31892.070710678119212 ], [ 25417.077301045337663, 31892.06343932841628 ], [ 25417.08314696123125, 31892.055557023300935 ], [ 25417.088192126433569, 31892.047139673682977 ], [ 25417.09238795325291, 31892.038268343236268 ], [ 25417.095694033574546, 31892.029028467724856 ], [ 25417.098078528040787, 31892.019509032201313 ], [ 25417.099518472667114, 31892.009801714033529 ], [ 25417.099999999998545, 31892.0 ], [ 25417.099999999998545, 31838.04142135623988 ], [ 25435.070710678119212, 31820.070710678119212 ], [ 25435.077301045337663, 31820.06343932841628 ], [ 25435.08314696123125, 31820.055557023300935 ], [ 25435.088192126433569, 31820.047139673682977 ], [ 25435.09238795325291, 31820.038268343236268 ], [ 25435.095694033574546, 31820.029028467724856 ], [ 25435.098078528040787, 31820.019509032201313 ], [ 25435.099518472667114, 31820.009801714033529 ], [ 25435.099999999998545, 31820.0 ], [ 25435.099999999998545, 31695.04142135623988 ], [ 25453.070710678119212, 31677.070710678119212 ], [ 25453.077301045337663, 31677.06343932841628 ], [ 25453.08314696123125, 31677.055557023300935 ], [ 25453.088192126433569, 31677.047139673682977 ], [ 25453.09238795325291, 31677.038268343236268 ], [ 25453.095694033574546, 31677.029028467724856 ], [ 25453.098078528040787, 31677.019509032201313 ], [ 25453.099518472667114, 31677.009801714033529 ], [ 25453.099999999998545, 31677.0 ], [ 25453.099999999998545, 31587.04142135623988 ], [ 25471.070710678119212, 31569.070710678119212 ], [ 25471.077301045337663, 31569.06343932841628 ], [ 25471.08314696123125, 31569.055557023300935 ], [ 25471.088192126433569, 31569.047139673682977 ], [ 25471.09238795325291, 31569.038268343236268 ], [ 25471.095694033574546, 31569.029028467724856 ], [ 25471.098078528040787, 31569.019509032201313 ], [ 25471.099518472667114, 31569.009801714033529 ], [ 25471.099999999998545, 31569.0 ], [ 25471.099999999998545, 31480.039757863567502 ], [ 25488.072701315253653, 31462.068662353296531 ], [ 25488.078862289949029, 31462.061487716040574 ], [ 25488.0843179752992, 31462.053763175517815 ], [ 25488.089019579452724, 31462.04555781462841 ], [ 25488.092925054548687, 31462.036945016407117 ], [ 25488.095999472730909, 31462.028001807710098 ], [ 25488.098215338555747, 31462.018808170367265 ], [ 25488.099552834853966, 31462.009446325861063 ], [ 25488.099999999998545, 31462.0 ], [ 25488.099999999998545, 31426.04142135623988 ], [ 25506.0, 31408.141421356238425 ], [ 25523.929289321880788, 31426.070710678119212 ], [ 25523.93656067158372, 31426.077301045337663 ], [ 25523.944442976699065, 31426.08314696123125 ], [ 25523.952860326317023, 31426.088192126433569 ], [ 25523.961731656763732, 31426.09238795325291 ], [ 25523.970971532275144, 31426.095694033574546 ], [ 25523.980490967798687, 31426.098078528040787 ], [ 25523.990198285966471, 31426.099518472667114 ], [ 25524.0, 31426.099999999998545 ], [ 25524.009801714033529, 31426.099518472667114 ], [ 25524.019509032201313, 31426.098078528040787 ], [ 25524.029028467724856, 31426.095694033574546 ], [ 25524.038268343236268, 31426.09238795325291 ], [ 25524.047139673682977, 31426.088192126433569 ], [ 25524.055557023300935, 31426.08314696123125 ], [ 25524.06343932841628, 31426.077301045337663 ], [ 25524.070710678119212, 31426.070710678119212 ], [ 25524.077301045337663, 31426.06343932841628 ], [ 25524.08314696123125, 31426.055557023300935 ], [ 25524.088192126433569, 31426.047139673682977 ], [ 25524.09238795325291, 31426.038268343236268 ], [ 25524.095694033574546, 31426.029028467724856 ], [ 25524.098078528040787, 31426.019509032201313 ], [ 25524.099518472667114, 31426.009801714033529 ], [ 25524.099999999998545, 31426.0 ], [ 25524.099518472667114, 31425.990198285966471 ], [ 25524.098078528040787, 31425.980490967798687 ], [ 25524.095694033574546, 31425.970971532275144 ], [ 25524.09238795325291, 31425.961731656763732 ], [ 25524.088192126433569, 31425.952860326317023 ], [ 25524.08314696123125, 31425.944442976699065 ], [ 25524.077301045337663, 31425.93656067158372 ], [ 25524.070710678119212, 31425.929289321880788 ], [ 25488.099999999998545, 31389.95857864376012 ], [ 25488.099999999998545, 31336.04142135623988 ], [ 25506.070710678119212, 31318.070710678119212 ], [ 25506.077301045337663, 31318.06343932841628 ], [ 25506.08314696123125, 31318.055557023300935 ], [ 25506.088192126433569, 31318.047139673682977 ], [ 25506.09238795325291, 31318.038268343236268 ], [ 25506.095694033574546, 31318.029028467724856 ], [ 25506.098078528040787, 31318.019509032201313 ], [ 25506.099518472667114, 31318.009801714033529 ], [ 25506.099999999998545, 31318.0 ], [ 25506.099999999998545, 31210.043104648924782 ], [ 25524.068662353296531, 31193.072701315253653 ], [ 25524.075691516361985, 31193.065351314839063 ], [ 25524.081937789658696, 31193.057325375059008 ], [ 25524.087336566968588, 31193.0487065095258 ], [ 25524.091832007845369, 31193.0395838645818 ], [ 25524.095377615209145, 31193.030051797235501 ], [ 25524.097936716261756, 31193.02020889922278 ], [ 25524.099482841804274, 31193.010156977252336 ], [ 25524.099999999998545, 31193.0 ], [ 25524.099999999998545, 31067.04142135623988 ], [ 25542.070710678119212, 31049.070710678119212 ], [ 25542.077301045337663, 31049.06343932841628 ], [ 25542.08314696123125, 31049.055557023300935 ], [ 25542.088192126433569, 31049.047139673682977 ], [ 25542.09238795325291, 31049.038268343236268 ], [ 25542.095694033574546, 31049.029028467724856 ], [ 25542.098078528040787, 31049.019509032201313 ], [ 25542.099518472667114, 31049.009801714033529 ], [ 25542.099999999998545, 31049.0 ], [ 25542.099999999998545, 31013.0 ], [ 25542.099518472667114, 31012.990198285966471 ], [ 25542.098078528040787, 31012.980490967798687 ], [ 25542.095694033574546, 31012.970971532275144 ], [ 25542.09238795325291, 31012.961731656763732 ], [ 25542.088192126433569, 31012.952860326317023 ], [ 25542.08314696123125, 31012.944442976699065 ], [ 25542.077301045337663, 31012.93656067158372 ], [ 25542.070710678119212, 31012.929289321880788 ], [ 25524.099999999998545, 30994.95857864376012 ], [ 25524.099999999998545, 30977.04142135623988 ], [ 25542.070710678119212, 30959.070710678119212 ], [ 25542.077301045337663, 30959.06343932841628 ], [ 25542.08314696123125, 30959.055557023300935 ], [ 25542.088192126433569, 30959.047139673682977 ], [ 25542.09238795325291, 30959.038268343236268 ], [ 25542.095694033574546, 30959.029028467724856 ], [ 25542.098078528040787, 30959.019509032201313 ], [ 25542.099518472667114, 30959.009801714033529 ], [ 25542.099999999998545, 30959.0 ], [ 25542.099999999998545, 30906.04142135623988 ], [ 25560.070710678119212, 30888.070710678119212 ], [ 25560.077301045337663, 30888.06343932841628 ], [ 25560.08314696123125, 30888.055557023300935 ], [ 25560.088192126433569, 30888.047139673682977 ], [ 25560.09238795325291, 30888.038268343236268 ], [ 25560.095694033574546, 30888.029028467724856 ], [ 25560.098078528040787, 30888.019509032201313 ], [ 25560.099518472667114, 30888.009801714033529 ], [ 25560.099999999998545, 30888.0 ], [ 25560.099518472667114, 30887.990198285966471 ], [ 25560.098078528040787, 30887.980490967798687 ], [ 25560.095694033574546, 30887.970971532275144 ], [ 25560.09238795325291, 30887.961731656763732 ], [ 25560.088192126433569, 30887.952860326317023 ], [ 25560.08314696123125, 30887.944442976699065 ], [ 25560.077301045337663, 30887.93656067158372 ], [ 25560.070710678119212, 30887.929289321880788 ], [ 25542.099999999998545, 30869.95857864376012 ], [ 25542.099999999998545, 30798.04142135623988 ], [ 25560.070710678119212, 30780.070710678119212 ], [ 25560.077301045337663, 30780.06343932841628 ], [ 25560.08314696123125, 30780.055557023300935 ], [ 25560.088192126433569, 30780.047139673682977 ], [ 25560.09238795325291, 30780.038268343236268 ], [ 25560.095694033574546, 30780.029028467724856 ], [ 25560.098078528040787, 30780.019509032201313 ], [ 25560.099518472667114, 30780.009801714033529 ], [ 25560.099999999998545, 30780.0 ], [ 25560.099999999998545, 30672.0 ], [ 25560.099518472667114, 30671.990198285966471 ], [ 25560.098078528040787, 30671.980490967798687 ], [ 25560.095694033574546, 30671.970971532275144 ], [ 25560.09238795325291, 30671.961731656763732 ], [ 25560.088192126433569, 30671.952860326317023 ], [ 25560.08314696123125, 30671.944442976699065 ], [ 25560.077301045337663, 30671.93656067158372 ], [ 25560.070710678119212, 30671.929289321880788 ], [ 25542.099999999998545, 30653.95857864376012 ], [ 25542.099999999998545, 30367.04142135623988 ], [ 25560.070710678119212, 30349.070710678119212 ], [ 25560.077301045337663, 30349.06343932841628 ], [ 25560.08314696123125, 30349.055557023300935 ], [ 25560.088192126433569, 30349.047139673682977 ], [ 25560.09238795325291, 30349.038268343236268 ], [ 25560.095694033574546, 30349.029028467724856 ], [ 25560.098078528040787, 30349.019509032201313 ], [ 25560.099518472667114, 30349.009801714033529 ], [ 25560.099999999998545, 30349.0 ], [ 25560.099999999998545, 30296.04142135623988 ], [ 25578.070710678119212, 30278.070710678119212 ], [ 25578.077301045337663, 30278.06343932841628 ], [ 25578.08314696123125, 30278.055557023300935 ], [ 25578.088192126433569, 30278.047139673682977 ], [ 25578.09238795325291, 30278.038268343236268 ], [ 25578.095694033574546, 30278.029028467724856 ], [ 25578.098078528040787, 30278.019509032201313 ], [ 25578.099518472667114, 30278.009801714033529 ], [ 25578.099999999998545, 30278.0 ], [ 25578.099999999998545, 30224.04142135623988 ], [ 25596.070710678119212, 30206.070710678119212 ], [ 25596.077301045337663, 30206.06343932841628 ], [ 25596.08314696123125, 30206.055557023300935 ], [ 25596.088192126433569, 30206.047139673682977 ], [ 25596.09238795325291, 30206.038268343236268 ], [ 25596.095694033574546, 30206.029028467724856 ], [ 25596.098078528040787, 30206.019509032201313 ], [ 25596.099518472667114, 30206.009801714033529 ], [ 25596.099999999998545, 30206.0 ], [ 25596.099999999998545, 30152.04142135623988 ], [ 25614.070710678119212, 30134.070710678119212 ], [ 25614.077301045337663, 30134.06343932841628 ], [ 25614.08314696123125, 30134.055557023300935 ], [ 25614.088192126433569, 30134.047139673682977 ], [ 25614.09238795325291, 30134.038268343236268 ], [ 25614.095694033574546, 30134.029028467724856 ], [ 25614.098078528040787, 30134.019509032201313 ], [ 25614.099518472667114, 30134.009801714033529 ], [ 25614.099999999998545, 30134.0 ], [ 25614.099999999998545, 30080.04142135623988 ], [ 25632.070710678119212, 30062.070710678119212 ], [ 25632.077301045337663, 30062.06343932841628 ], [ 25632.08314696123125, 30062.055557023300935 ], [ 25632.088192126433569, 30062.047139673682977 ], [ 25632.09238795325291, 30062.038268343236268 ], [ 25632.095694033574546, 30062.029028467724856 ], [ 25632.098078528040787, 30062.019509032201313 ], [ 25632.099518472667114, 30062.009801714033529 ], [ 25632.099999999998545, 30062.0 ], [ 25632.099999999998545, 29973.04142135623988 ], [ 25650.070710678119212, 29955.070710678119212 ], [ 25650.077301045337663, 29955.06343932841628 ], [ 25650.08314696123125, 29955.055557023300935 ], [ 25650.088192126433569, 29955.047139673682977 ], [ 25650.09238795325291, 29955.038268343236268 ], [ 25650.095694033574546, 29955.029028467724856 ], [ 25650.098078528040787, 29955.019509032201313 ], [ 25650.099518472667114, 29955.009801714033529 ], [ 25650.099999999998545, 29955.0 ], [ 25650.099999999998545, 29883.04142135623988 ], [ 25668.070710678119212, 29865.070710678119212 ], [ 25668.077301045337663, 29865.06343932841628 ], [ 25668.08314696123125, 29865.055557023300935 ], [ 25668.088192126433569, 29865.047139673682977 ], [ 25668.09238795325291, 29865.038268343236268 ], [ 25668.095694033574546, 29865.029028467724856 ], [ 25668.098078528040787, 29865.019509032201313 ], [ 25668.099518472667114, 29865.009801714033529 ], [ 25668.099999999998545, 29865.0 ], [ 25668.099999999998545, 29775.043104648924782 ], [ 25686.068662353296531, 29758.072701315253653 ], [ 25686.075691516361985, 29758.065351314839063 ], [ 25686.081937789658696, 29758.057325375059008 ], [ 25686.087336566968588, 29758.0487065095258 ], [ 25686.091832007845369, 29758.0395838645818 ], [ 25686.095377615209145, 29758.030051797235501 ], [ 25686.097936716261756, 29758.02020889922278 ], [ 25686.099482841804274, 29758.010156977252336 ], [ 25686.099999999998545, 29758.0 ], [ 25686.099999999998545, 29686.04142135623988 ], [ 25704.070710678119212, 29668.070710678119212 ], [ 25704.077301045337663, 29668.06343932841628 ], [ 25704.08314696123125, 29668.055557023300935 ], [ 25704.088192126433569, 29668.047139673682977 ], [ 25704.09238795325291, 29668.038268343236268 ], [ 25704.095694033574546, 29668.029028467724856 ], [ 25704.098078528040787, 29668.019509032201313 ], [ 25704.099518472667114, 29668.009801714033529 ], [ 25704.099999999998545, 29668.0 ], [ 25704.099999999998545, 29524.04142135623988 ], [ 25722.070710678119212, 29506.070710678119212 ], [ 25722.077301045337663, 29506.06343932841628 ], [ 25722.08314696123125, 29506.055557023300935 ], [ 25722.088192126433569, 29506.047139673682977 ], [ 25722.09238795325291, 29506.038268343236268 ], [ 25722.095694033574546, 29506.029028467724856 ], [ 25722.098078528040787, 29506.019509032201313 ], [ 25722.099518472667114, 29506.009801714033529 ], [ 25722.099999999998545, 29506.0 ], [ 25722.099999999998545, 29381.04142135623988 ], [ 25740.070710678119212, 29363.070710678119212 ], [ 25740.077301045337663, 29363.06343932841628 ], [ 25740.08314696123125, 29363.055557023300935 ], [ 25740.088192126433569, 29363.047139673682977 ], [ 25740.09238795325291, 29363.038268343236268 ], [ 25740.095694033574546, 29363.029028467724856 ], [ 25740.098078528040787, 29363.019509032201313 ], [ 25740.099518472667114, 29363.009801714033529 ], [ 25740.099999999998545, 29363.0 ], [ 25740.099999999998545, 29255.04142135623988 ], [ 25758.070710678119212, 29237.070710678119212 ], [ 25758.077301045337663, 29237.06343932841628 ], [ 25758.08314696123125, 29237.055557023300935 ], [ 25758.088192126433569, 29237.047139673682977 ], [ 25758.09238795325291, 29237.038268343236268 ], [ 25758.095694033574546, 29237.029028467724856 ], [ 25758.098078528040787, 29237.019509032201313 ], [ 25758.099518472667114, 29237.009801714033529 ], [ 25758.099999999998545, 29237.0 ], [ 25758.099999999998545, 29184.039757863567502 ], [ 25775.072701315253653, 29166.068662353296531 ], [ 25775.078862289949029, 29166.061487716040574 ], [ 25775.0843179752992, 29166.053763175517815 ], [ 25775.089019579452724, 29166.04555781462841 ], [ 25775.092925054548687, 29166.036945016407117 ], [ 25775.095999472730909, 29166.028001807710098 ], [ 25775.098215338555747, 29166.018808170367265 ], [ 25775.099552834853966, 29166.009446325861063 ], [ 25775.099999999998545, 29166.0 ], [ 25775.099999999998545, 28986.04142135623988 ], [ 25793.070710678119212, 28968.070710678119212 ], [ 25793.077301045337663, 28968.06343932841628 ], [ 25793.08314696123125, 28968.055557023300935 ], [ 25793.088192126433569, 28968.047139673682977 ], [ 25793.09238795325291, 28968.038268343236268 ], [ 25793.095694033574546, 28968.029028467724856 ], [ 25793.098078528040787, 28968.019509032201313 ], [ 25793.099518472667114, 28968.009801714033529 ], [ 25793.099999999998545, 28968.0 ], [ 25793.099999999998545, 28879.04142135623988 ], [ 25811.070710678119212, 28861.070710678119212 ], [ 25811.077301045337663, 28861.06343932841628 ], [ 25811.08314696123125, 28861.055557023300935 ], [ 25811.088192126433569, 28861.047139673682977 ], [ 25811.09238795325291, 28861.038268343236268 ], [ 25811.095694033574546, 28861.029028467724856 ], [ 25811.098078528040787, 28861.019509032201313 ], [ 25811.099518472667114, 28861.009801714033529 ], [ 25811.099999999998545, 28861.0 ], [ 25811.099999999998545, 28753.04142135623988 ], [ 25829.070710678119212, 28735.070710678119212 ], [ 25829.077301045337663, 28735.06343932841628 ], [ 25829.08314696123125, 28735.055557023300935 ], [ 25829.088192126433569, 28735.047139673682977 ], [ 25829.09238795325291, 28735.038268343236268 ], [ 25829.095694033574546, 28735.029028467724856 ], [ 25829.098078528040787, 28735.019509032201313 ], [ 25829.099518472667114, 28735.009801714033529 ], [ 25829.099999999998545, 28735.0 ], [ 25829.099999999998545, 28610.04142135623988 ], [ 25847.070710678119212, 28592.070710678119212 ], [ 25847.077301045337663, 28592.06343932841628 ], [ 25847.08314696123125, 28592.055557023300935 ], [ 25847.088192126433569, 28592.047139673682977 ], [ 25847.09238795325291, 28592.038268343236268 ], [ 25847.095694033574546, 28592.029028467724856 ], [ 25847.098078528040787, 28592.019509032201313 ], [ 25847.099518472667114, 28592.009801714033529 ], [ 25847.099999999998545, 28592.0 ], [ 25847.099999999998545, 28484.04142135623988 ], [ 25865.070710678119212, 28466.070710678119212 ], [ 25865.077301045337663, 28466.06343932841628 ], [ 25865.08314696123125, 28466.055557023300935 ], [ 25865.088192126433569, 28466.047139673682977 ], [ 25865.09238795325291, 28466.038268343236268 ], [ 25865.095694033574546, 28466.029028467724856 ], [ 25865.098078528040787, 28466.019509032201313 ], [ 25865.099518472667114, 28466.009801714033529 ], [ 25865.099999999998545, 28466.0 ], [ 25865.099999999998545, 28448.04142135623988 ], [ 25883.070710678119212, 28430.070710678119212 ], [ 25883.077301045337663, 28430.06343932841628 ], [ 25883.08314696123125, 28430.055557023300935 ], [ 25883.088192126433569, 28430.047139673682977 ], [ 25883.09238795325291, 28430.038268343236268 ], [ 25883.095694033574546, 28430.029028467724856 ], [ 25883.098078528040787, 28430.019509032201313 ], [ 25883.099518472667114, 28430.009801714033529 ], [ 25883.099999999998545, 28430.0 ], [ 25883.099518472667114, 28429.990198285966471 ], [ 25883.098078528040787, 28429.980490967798687 ], [ 25883.095694033574546, 28429.970971532275144 ], [ 25883.09238795325291, 28429.961731656763732 ], [ 25883.088192126433569, 28429.952860326317023 ], [ 25883.08314696123125, 28429.944442976699065 ], [ 25883.077301045337663, 28429.93656067158372 ], [ 25883.070710678119212, 28429.929289321880788 ], [ 25865.099999999998545, 28411.95857864376012 ], [ 25865.099999999998545, 28323.04142135623988 ], [ 25883.070710678119212, 28305.070710678119212 ], [ 25883.077301045337663, 28305.06343932841628 ], [ 25883.08314696123125, 28305.055557023300935 ], [ 25883.088192126433569, 28305.047139673682977 ], [ 25883.09238795325291, 28305.038268343236268 ], [ 25883.095694033574546, 28305.029028467724856 ], [ 25883.098078528040787, 28305.019509032201313 ], [ 25883.099518472667114, 28305.009801714033529 ], [ 25883.099999999998545, 28305.0 ], [ 25883.099999999998545, 28161.04142135623988 ], [ 25901.070710678119212, 28143.070710678119212 ], [ 25901.077301045337663, 28143.06343932841628 ], [ 25901.08314696123125, 28143.055557023300935 ], [ 25901.088192126433569, 28143.047139673682977 ], [ 25901.09238795325291, 28143.038268343236268 ], [ 25901.095694033574546, 28143.029028467724856 ], [ 25901.098078528040787, 28143.019509032201313 ], [ 25901.099518472667114, 28143.009801714033529 ], [ 25901.099999999998545, 28143.0 ], [ 25901.099999999998545, 28071.043104648924782 ], [ 25919.068662353296531, 28054.072701315253653 ], [ 25919.075691516361985, 28054.065351314839063 ], [ 25919.081937789658696, 28054.057325375059008 ], [ 25919.087336566968588, 28054.0487065095258 ], [ 25919.091832007845369, 28054.0395838645818 ], [ 25919.095377615209145, 28054.030051797235501 ], [ 25919.097936716261756, 28054.02020889922278 ], [ 25919.099482841804274, 28054.010156977252336 ], [ 25919.099999999998545, 28054.0 ], [ 25919.099999999998545, 27874.04142135623988 ], [ 25937.070710678119212, 27856.070710678119212 ], [ 25937.077301045337663, 27856.06343932841628 ], [ 25937.08314696123125, 27856.055557023300935 ], [ 25937.088192126433569, 27856.047139673682977 ], [ 25937.09238795325291, 27856.038268343236268 ], [ 25937.095694033574546, 27856.029028467724856 ], [ 25937.098078528040787, 27856.019509032201313 ], [ 25937.099518472667114, 27856.009801714033529 ], [ 25937.099999999998545, 27856.0 ], [ 25937.099999999998545, 27731.04142135623988 ], [ 25955.070710678119212, 27713.070710678119212 ], [ 25955.077301045337663, 27713.06343932841628 ], [ 25955.08314696123125, 27713.055557023300935 ], [ 25955.088192126433569, 27713.047139673682977 ], [ 25955.09238795325291, 27713.038268343236268 ], [ 25955.095694033574546, 27713.029028467724856 ], [ 25955.098078528040787, 27713.019509032201313 ], [ 25955.099518472667114, 27713.009801714033529 ], [ 25955.099999999998545, 27713.0 ], [ 25955.099999999998545, 27587.04142135623988 ], [ 25973.070710678119212, 27569.070710678119212 ], [ 25973.077301045337663, 27569.06343932841628 ], [ 25973.08314696123125, 27569.055557023300935 ], [ 25973.088192126433569, 27569.047139673682977 ], [ 25973.09238795325291, 27569.038268343236268 ], [ 25973.095694033574546, 27569.029028467724856 ], [ 25973.098078528040787, 27569.019509032201313 ], [ 25973.099518472667114, 27569.009801714033529 ], [ 25973.099999999998545, 27569.0 ], [ 25973.099999999998545, 27318.04142135623988 ], [ 25991.070710678119212, 27300.070710678119212 ], [ 25991.077301045337663, 27300.06343932841628 ], [ 25991.08314696123125, 27300.055557023300935 ], [ 25991.088192126433569, 27300.047139673682977 ], [ 25991.09238795325291, 27300.038268343236268 ], [ 25991.095694033574546, 27300.029028467724856 ], [ 25991.098078528040787, 27300.019509032201313 ], [ 25991.099518472667114, 27300.009801714033529 ], [ 25991.099999999998545, 27300.0 ], [ 25991.099999999998545, 27228.04142135623988 ], [ 26009.070710678119212, 27210.070710678119212 ], [ 26009.077414175801096, 27210.06330122736108 ], [ 26009.083344794798904, 27210.055259797140025 ], [ 26009.088443325690605, 27210.046666670557897 ], [ 26009.092658866349666, 27210.037607638674672 ], [ 26009.095949330152507, 27210.028173144004541 ], [ 26009.098281866146863, 27210.018457377562299 ], [ 26009.099633187030122, 27210.008557338493119 ], [ 26009.099989801641641, 27209.998571865660779 ], [ 26009.099348149651632, 27209.988600650867738 ], [ 26009.097714637115132, 27209.978743243576901 ], [ 26009.09510557250178, 27209.969098057026713 ], [ 26009.091547003888991, 27209.959761385718593 ], [ 26009.087074458901043, 27209.950826444026461 ], [ 26009.081732590017054, 27209.942382435587206 ], [ 26009.075574728769425, 27209.934513662712561 ], [ 26009.068662353296531, 27209.927298684746347 ], [ 25991.099999999998545, 27192.956895351075218 ], [ 25991.099999999998545, 27175.04142135623988 ], [ 26009.070710678119212, 27157.070710678119212 ], [ 26009.077301045337663, 27157.06343932841628 ], [ 26009.08314696123125, 27157.055557023300935 ], [ 26009.088192126433569, 27157.047139673682977 ], [ 26009.09238795325291, 27157.038268343236268 ], [ 26009.095694033574546, 27157.029028467724856 ], [ 26009.098078528040787, 27157.019509032201313 ], [ 26009.099518472667114, 27157.009801714033529 ], [ 26009.099999999998545, 27157.0 ], [ 26009.099999999998545, 26027.04142135623988 ], [ 26027.04142135623988, 26009.099999999998545 ], [ 26134.0, 26009.099999999998545 ], [ 26134.009801714033529, 26009.099518472667114 ], [ 26134.019509032201313, 26009.098078528040787 ], [ 26134.029028467724856, 26009.095694033574546 ], [ 26134.038268343236268, 26009.09238795325291 ], [ 26134.047139673682977, 26009.088192126433569 ], [ 26134.055557023300935, 26009.08314696123125 ], [ 26134.06343932841628, 26009.077301045337663 ], [ 26134.070710678119212, 26009.070710678119212 ], [ 26134.077301045337663, 26009.06343932841628 ], [ 26134.08314696123125, 26009.055557023300935 ], [ 26134.088192126433569, 26009.047139673682977 ], [ 26134.09238795325291, 26009.038268343236268 ], [ 26134.095694033574546, 26009.029028467724856 ], [ 26134.098078528040787, 26009.019509032201313 ], [ 26134.099518472667114, 26009.009801714033529 ], [ 26134.099999999998545, 26009.0 ], [ 26134.099518472667114, 26008.990198285966471 ], [ 26134.098078528040787, 26008.980490967798687 ], [ 26134.095694033574546, 26008.970971532275144 ], [ 26134.09238795325291, 26008.961731656763732 ], [ 26134.088192126433569, 26008.952860326317023 ], [ 26134.08314696123125, 26008.944442976699065 ], [ 26134.077301045337663, 26008.93656067158372 ], [ 26134.070710678119212, 26008.929289321880788 ], [ 26116.099999999998545, 25990.95857864376012 ], [ 26116.099999999998545, 25973.04142135623988 ], [ 26152.070710678119212, 25937.070710678119212 ], [ 26152.077301045337663, 25937.06343932841628 ], [ 26152.08314696123125, 25937.055557023300935 ], [ 26152.088192126433569, 25937.047139673682977 ], [ 26152.09238795325291, 25937.038268343236268 ], [ 26152.095694033574546, 25937.029028467724856 ], [ 26152.098078528040787, 25937.019509032201313 ], [ 26152.099518472667114, 25937.009801714033529 ], [ 26152.099999999998545, 25937.0 ], [ 26152.099999999998545, 25919.0 ], [ 26152.099518472667114, 25918.990198285966471 ], [ 26152.098078528040787, 25918.980490967798687 ], [ 26152.095694033574546, 25918.970971532275144 ], [ 26152.09238795325291, 25918.961731656763732 ], [ 26152.088192126433569, 25918.952860326317023 ], [ 26152.08314696123125, 25918.944442976699065 ], [ 26152.077301045337663, 25918.93656067158372 ], [ 26152.070710678119212, 25918.929289321880788 ], [ 26134.099999999998545, 25900.95857864376012 ], [ 26134.099999999998545, 25847.04142135623988 ], [ 26152.070710678119212, 25829.070710678119212 ], [ 26152.077301045337663, 25829.06343932841628 ], [ 26152.08314696123125, 25829.055557023300935 ], [ 26152.088192126433569, 25829.047139673682977 ], [ 26152.09238795325291, 25829.038268343236268 ], [ 26152.095694033574546, 25829.029028467724856 ], [ 26152.098078528040787, 25829.019509032201313 ], [ 26152.099518472667114, 25829.009801714033529 ], [ 26152.099999999998545, 25829.0 ], [ 26152.099999999998545, 25650.04142135623988 ], [ 26170.070710678119212, 25632.070710678119212 ], [ 26170.077301045337663, 25632.06343932841628 ], [ 26170.08314696123125, 25632.055557023300935 ], [ 26170.088192126433569, 25632.047139673682977 ], [ 26170.09238795325291, 25632.038268343236268 ], [ 26170.095694033574546, 25632.029028467724856 ], [ 26170.098078528040787, 25632.019509032201313 ], [ 26170.099518472667114, 25632.009801714033529 ], [ 26170.099999999998545, 25632.0 ], [ 26170.099999999998545, 25488.043104648924782 ], [ 26188.068662353296531, 25471.072701315253653 ], [ 26188.075691516361985, 25471.065351314839063 ], [ 26188.081937789658696, 25471.057325375059008 ], [ 26188.087336566968588, 25471.0487065095258 ], [ 26188.091832007845369, 25471.0395838645818 ], [ 26188.095377615209145, 25471.030051797235501 ], [ 26188.097936716261756, 25471.02020889922278 ], [ 26188.099482841804274, 25471.010156977252336 ], [ 26188.099999999998545, 25471.0 ], [ 26188.099999999998545, 25273.04142135623988 ], [ 26206.070710678119212, 25255.070710678119212 ], [ 26206.077301045337663, 25255.06343932841628 ], [ 26206.08314696123125, 25255.055557023300935 ], [ 26206.088192126433569, 25255.047139673682977 ], [ 26206.09238795325291, 25255.038268343236268 ], [ 26206.095694033574546, 25255.029028467724856 ], [ 26206.098078528040787, 25255.019509032201313 ], [ 26206.099518472667114, 25255.009801714033529 ], [ 26206.099999999998545, 25255.0 ], [ 26206.099999999998545, 25130.04142135623988 ], [ 26224.070710678119212, 25112.070710678119212 ], [ 26224.077301045337663, 25112.06343932841628 ], [ 26224.08314696123125, 25112.055557023300935 ], [ 26224.088192126433569, 25112.047139673682977 ], [ 26224.09238795325291, 25112.038268343236268 ], [ 26224.095694033574546, 25112.029028467724856 ], [ 26224.098078528040787, 25112.019509032201313 ], [ 26224.099518472667114, 25112.009801714033529 ], [ 26224.099999999998545, 25112.0 ], [ 26224.099518472667114, 25111.990198285966471 ], [ 26224.098078528040787, 25111.980490967798687 ], [ 26224.095694033574546, 25111.970971532275144 ], [ 26224.09238795325291, 25111.961731656763732 ], [ 26224.088192126433569, 25111.952860326317023 ], [ 26224.08314696123125, 25111.944442976699065 ], [ 26224.077301045337663, 25111.93656067158372 ], [ 26224.070710678119212, 25111.929289321880788 ], [ 26206.099999999998545, 25093.95857864376012 ], [ 26206.099999999998545, 25040.04142135623988 ], [ 26224.070710678119212, 25022.070710678119212 ], [ 26224.077301045337663, 25022.06343932841628 ], [ 26224.08314696123125, 25022.055557023300935 ], [ 26224.088192126433569, 25022.047139673682977 ], [ 26224.09238795325291, 25022.038268343236268 ], [ 26224.095694033574546, 25022.029028467724856 ], [ 26224.098078528040787, 25022.019509032201313 ], [ 26224.099518472667114, 25022.009801714033529 ], [ 26224.099999999998545, 25022.0 ], [ 26224.099518472667114, 25021.990198285966471 ], [ 26224.098078528040787, 25021.980490967798687 ], [ 26224.095694033574546, 25021.970971532275144 ], [ 26224.09238795325291, 25021.961731656763732 ], [ 26224.088192126433569, 25021.952860326317023 ], [ 26224.08314696123125, 25021.944442976699065 ], [ 26224.077301045337663, 25021.93656067158372 ], [ 26224.070710678119212, 25021.929289321880788 ], [ 26206.099999999998545, 25003.95857864376012 ], [ 26206.099999999998545, 24914.043104648924782 ], [ 26224.068662353296531, 24897.072701315253653 ], [ 26224.075691516361985, 24897.065351314839063 ], [ 26224.081937789658696, 24897.057325375059008 ], [ 26224.087336566968588, 24897.0487065095258 ], [ 26224.091832007845369, 24897.0395838645818 ], [ 26224.095377615209145, 24897.030051797235501 ], [ 26224.097936716261756, 24897.02020889922278 ], [ 26224.099482841804274, 24897.010156977252336 ], [ 26224.099999999998545, 24897.0 ], [ 26224.099999999998545, 24879.0 ], [ 26224.099518472667114, 24878.990198285966471 ], [ 26224.098078528040787, 24878.980490967798687 ], [ 26224.095694033574546, 24878.970971532275144 ], [ 26224.09238795325291, 24878.961731656763732 ], [ 26224.088192126433569, 24878.952860326317023 ], [ 26224.08314696123125, 24878.944442976699065 ], [ 26224.077301045337663, 24878.93656067158372 ], [ 26224.070710678119212, 24878.929289321880788 ], [ 26206.141421356238425, 24861.0 ], [ 26224.070710678119212, 24843.070710678119212 ], [ 26224.077301045337663, 24843.06343932841628 ], [ 26224.08314696123125, 24843.055557023300935 ], [ 26224.088192126433569, 24843.047139673682977 ], [ 26224.09238795325291, 24843.038268343236268 ], [ 26224.095694033574546, 24843.029028467724856 ], [ 26224.098078528040787, 24843.019509032201313 ], [ 26224.099518472667114, 24843.009801714033529 ], [ 26224.099999999998545, 24843.0 ], [ 26224.099999999998545, 24592.04142135623988 ], [ 26242.070710678119212, 24574.070710678119212 ], [ 26242.077301045337663, 24574.06343932841628 ], [ 26242.08314696123125, 24574.055557023300935 ], [ 26242.088192126433569, 24574.047139673682977 ], [ 26242.09238795325291, 24574.038268343236268 ], [ 26242.095694033574546, 24574.029028467724856 ], [ 26242.098078528040787, 24574.019509032201313 ], [ 26242.099518472667114, 24574.009801714033529 ], [ 26242.099999999998545, 24574.0 ], [ 26242.099999999998545, 24430.04142135623988 ], [ 26260.070710678119212, 24412.070710678119212 ], [ 26260.077301045337663, 24412.06343932841628 ], [ 26260.08314696123125, 24412.055557023300935 ], [ 26260.088192126433569, 24412.047139673682977 ], [ 26260.09238795325291, 24412.038268343236268 ], [ 26260.095694033574546, 24412.029028467724856 ], [ 26260.098078528040787, 24412.019509032201313 ], [ 26260.099518472667114, 24412.009801714033529 ], [ 26260.099999999998545, 24412.0 ], [ 26260.099518472667114, 24411.990198285966471 ], [ 26260.098078528040787, 24411.980490967798687 ], [ 26260.095694033574546, 24411.970971532275144 ], [ 26260.09238795325291, 24411.961731656763732 ], [ 26260.088192126433569, 24411.952860326317023 ], [ 26260.08314696123125, 24411.944442976699065 ], [ 26260.077301045337663, 24411.93656067158372 ], [ 26260.070710678119212, 24411.929289321880788 ], [ 26242.099999999998545, 24393.95857864376012 ], [ 26242.099999999998545, 24323.04142135623988 ], [ 26260.070710678119212, 24305.070710678119212 ], [ 26260.077301045337663, 24305.06343932841628 ], [ 26260.08314696123125, 24305.055557023300935 ], [ 26260.088192126433569, 24305.047139673682977 ], [ 26260.09238795325291, 24305.038268343236268 ], [ 26260.095694033574546, 24305.029028467724856 ], [ 26260.098078528040787, 24305.019509032201313 ], [ 26260.099518472667114, 24305.009801714033529 ], [ 26260.099999999998545, 24305.0 ], [ 26260.099999999998545, 24161.04142135623988 ], [ 26278.070710678119212, 24143.070710678119212 ], [ 26278.077301045337663, 24143.06343932841628 ], [ 26278.08314696123125, 24143.055557023300935 ], [ 26278.088192126433569, 24143.047139673682977 ], [ 26278.09238795325291, 24143.038268343236268 ], [ 26278.095694033574546, 24143.029028467724856 ], [ 26278.098078528040787, 24143.019509032201313 ], [ 26278.099518472667114, 24143.009801714033529 ], [ 26278.099999999998545, 24143.0 ], [ 26278.099999999998545, 23856.04142135623988 ], [ 26296.070710678119212, 23838.070710678119212 ], [ 26296.077301045337663, 23838.06343932841628 ], [ 26296.08314696123125, 23838.055557023300935 ], [ 26296.088192126433569, 23838.047139673682977 ], [ 26296.09238795325291, 23838.038268343236268 ], [ 26296.095694033574546, 23838.029028467724856 ], [ 26296.098078528040787, 23838.019509032201313 ], [ 26296.099518472667114, 23838.009801714033529 ], [ 26296.099999999998545, 23838.0 ], [ 26296.099999999998545, 23820.0 ], [ 26296.099518472667114, 23819.990198285966471 ], [ 26296.098078528040787, 23819.980490967798687 ], [ 26296.095694033574546, 23819.970971532275144 ], [ 26296.09238795325291, 23819.961731656763732 ], [ 26296.088192126433569, 23819.952860326317023 ], [ 26296.08314696123125, 23819.944442976699065 ], [ 26296.077301045337663, 23819.93656067158372 ], [ 26296.070710678119212, 23819.929289321880788 ], [ 26278.099999999998545, 23801.95857864376012 ], [ 26278.099999999998545, 23784.04142135623988 ], [ 26296.070710678119212, 23766.070710678119212 ], [ 26296.077414175801096, 23766.06330122736108 ], [ 26296.083344794798904, 23766.055259797140025 ], [ 26296.088443325690605, 23766.046666670557897 ], [ 26296.092658866349666, 23766.037607638674672 ], [ 26296.095949330152507, 23766.028173144004541 ], [ 26296.098281866146863, 23766.018457377562299 ], [ 26296.099633187030122, 23766.008557338493119 ], [ 26296.099989801641641, 23765.998571865660779 ], [ 26296.099348149651632, 23765.988600650867738 ], [ 26296.097714637115132, 23765.978743243576901 ], [ 26296.09510557250178, 23765.969098057026713 ], [ 26296.091547003888991, 23765.959761385718593 ], [ 26296.087074458901043, 23765.950826444026461 ], [ 26296.081732590017054, 23765.942382435587206 ], [ 26296.075574728769425, 23765.934513662712561 ], [ 26296.068662353296531, 23765.927298684746347 ], [ 26278.099999999998545, 23748.956895351075218 ], [ 26278.099999999998545, 23731.04142135623988 ], [ 26296.070710678119212, 23713.070710678119212 ], [ 26296.077301045337663, 23713.06343932841628 ], [ 26296.08314696123125, 23713.055557023300935 ], [ 26296.088192126433569, 23713.047139673682977 ], [ 26296.09238795325291, 23713.038268343236268 ], [ 26296.095694033574546, 23713.029028467724856 ], [ 26296.098078528040787, 23713.019509032201313 ], [ 26296.099518472667114, 23713.009801714033529 ], [ 26296.099999999998545, 23713.0 ], [ 26296.099999999998545, 23623.04142135623988 ], [ 26314.070710678119212, 23605.070710678119212 ], [ 26314.077301045337663, 23605.06343932841628 ], [ 26314.08314696123125, 23605.055557023300935 ], [ 26314.088192126433569, 23605.047139673682977 ], [ 26314.09238795325291, 23605.038268343236268 ], [ 26314.095694033574546, 23605.029028467724856 ], [ 26314.098078528040787, 23605.019509032201313 ], [ 26314.099518472667114, 23605.009801714033529 ], [ 26314.099999999998545, 23605.0 ], [ 26314.099518472667114, 23604.990198285966471 ], [ 26314.098078528040787, 23604.980490967798687 ], [ 26314.095694033574546, 23604.970971532275144 ], [ 26314.09238795325291, 23604.961731656763732 ], [ 26314.088192126433569, 23604.952860326317023 ], [ 26314.08314696123125, 23604.944442976699065 ], [ 26314.077301045337663, 23604.93656067158372 ], [ 26314.070710678119212, 23604.929289321880788 ], [ 26296.099999999998545, 23586.95857864376012 ], [ 26296.099999999998545, 23497.04142135623988 ], [ 26314.070710678119212, 23479.070710678119212 ], [ 26314.077301045337663, 23479.06343932841628 ], [ 26314.08314696123125, 23479.055557023300935 ], [ 26314.088192126433569, 23479.047139673682977 ], [ 26314.09238795325291, 23479.038268343236268 ], [ 26314.095694033574546, 23479.029028467724856 ], [ 26314.098078528040787, 23479.019509032201313 ], [ 26314.099518472667114, 23479.009801714033529 ], [ 26314.099999999998545, 23479.0 ], [ 26314.099999999998545, 23426.04142135623988 ], [ 26331.997950839297118, 23408.143470516941306 ], [ 26348.927298684746347, 23426.068662353296531 ], [ 26348.934378848967754, 23426.075457700317202 ], [ 26348.942090980748617, 23426.081526348436455 ], [ 26348.950360808037658, 23426.086809853251907 ], [ 26348.95910868788269, 23426.091257331725501 ], [ 26348.968250373418414, 23426.094825952208339 ], [ 26348.97769782521209, 23426.097481346932909 ], [ 26348.987360059141793, 23426.099197943000036 ], [ 26348.997144022610883, 23426.099959208644577 ], [ 26349.006955490702239, 23426.099757812469761 ], [ 26349.016699973617506, 23426.098595694027608 ], [ 26349.026283626659279, 23426.096484045156103 ], [ 26349.035614154006907, 23426.093443202185881 ], [ 26349.044601697580219, 23426.089502450093278 ], [ 26349.053159702427365, 23426.084699740484211 ], [ 26349.061205750280351, 23426.079081326068263 ], [ 26349.068662353296531, 23426.072701315253653 ], [ 26349.075457700317202, 23426.065621151032246 ], [ 26349.081526348436455, 23426.057909019251383 ], [ 26349.086809853251907, 23426.049639191962342 ], [ 26349.091257331725501, 23426.04089131211731 ], [ 26349.094825952208339, 23426.031749626581586 ], [ 26349.097481346932909, 23426.02230217478791 ], [ 26349.099197943000036, 23426.012639940858207 ], [ 26349.099959208644577, 23426.002855977389117 ], [ 26349.099757812469761, 23425.993044509297761 ], [ 26349.098595694027608, 23425.983300026382494 ], [ 26349.096484045156103, 23425.973716373340721 ], [ 26349.093443202185881, 23425.964385845993093 ], [ 26349.089502450093278, 23425.955398302419781 ], [ 26349.084699740484211, 23425.946840297572635 ], [ 26349.079081326068263, 23425.938794249719649 ], [ 26349.072701315253653, 23425.931337646703469 ], [ 26332.072701315253653, 23407.931337646703469 ], [ 26332.070710678119212, 23407.929289321880788 ], [ 26314.099999999998545, 23389.95857864376012 ], [ 26314.099999999998545, 23246.04142135623988 ], [ 26332.070710678119212, 23228.070710678119212 ], [ 26332.077301045337663, 23228.06343932841628 ], [ 26332.08314696123125, 23228.055557023300935 ], [ 26332.088192126433569, 23228.047139673682977 ], [ 26332.09238795325291, 23228.038268343236268 ], [ 26332.095694033574546, 23228.029028467724856 ], [ 26332.098078528040787, 23228.019509032201313 ], [ 26332.099518472667114, 23228.009801714033529 ], [ 26332.099999999998545, 23228.0 ], [ 26332.099999999998545, 22977.039757863567502 ], [ 26349.072701315253653, 22959.068662353296531 ], [ 26349.079248519112298, 22959.060989115572738 ], [ 26349.084989413229778, 22959.052695347410918 ], [ 26349.089865587189706, 22959.043865433308383 ], [ 26349.093827428623626, 22959.034589212740684 ], [ 26349.096834627995122, 22959.024961066112155 ], [ 26349.098856588712806, 22959.01507895447503 ], [ 26349.099872738453996, 22959.005043422836025 ], [ 26349.099872738453996, 22958.994956577163975 ], [ 26349.098856588712806, 22958.98492104552497 ], [ 26349.096834627995122, 22958.975038933887845 ], [ 26349.093827428623626, 22958.965410787259316 ], [ 26349.089865587189706, 22958.956134566691617 ], [ 26349.084989413229778, 22958.947304652589082 ], [ 26349.079248519112298, 22958.939010884427262 ], [ 26349.072701315253653, 22958.931337646703469 ], [ 26332.137549093367852, 22941.0 ], [ 26349.072701315253653, 22923.068662353296531 ], [ 26349.078862289949029, 22923.061487716040574 ], [ 26349.0843179752992, 22923.053763175517815 ], [ 26349.089019579452724, 22923.04555781462841 ], [ 26349.092925054548687, 22923.036945016407117 ], [ 26349.095999472730909, 22923.028001807710098 ], [ 26349.098215338555747, 22923.018808170367265 ], [ 26349.099552834853966, 22923.009446325861063 ], [ 26349.099999999998545, 22923.0 ], [ 26349.099999999998545, 22905.043104648924782 ], [ 26367.068662353296531, 22888.072701315253653 ], [ 26367.075691516361985, 22888.065351314839063 ], [ 26367.081937789658696, 22888.057325375059008 ], [ 26367.087336566968588, 22888.0487065095258 ], [ 26367.091832007845369, 22888.0395838645818 ], [ 26367.095377615209145, 22888.030051797235501 ], [ 26367.097936716261756, 22888.02020889922278 ], [ 26367.099482841804274, 22888.010156977252336 ], [ 26367.099999999998545, 22888.0 ], [ 26367.099999999998545, 22852.0 ], [ 26367.099518472667114, 22851.990198285966471 ], [ 26367.098078528040787, 22851.980490967798687 ], [ 26367.095694033574546, 22851.970971532275144 ], [ 26367.09238795325291, 22851.961731656763732 ], [ 26367.088192126433569, 22851.952860326317023 ], [ 26367.08314696123125, 22851.944442976699065 ], [ 26367.077301045337663, 22851.93656067158372 ], [ 26367.070710678119212, 22851.929289321880788 ], [ 26349.099999999998545, 22833.95857864376012 ], [ 26349.099999999998545, 22816.04142135623988 ], [ 26367.070710678119212, 22798.070710678119212 ], [ 26367.077301045337663, 22798.06343932841628 ], [ 26367.08314696123125, 22798.055557023300935 ], [ 26367.088192126433569, 22798.047139673682977 ], [ 26367.09238795325291, 22798.038268343236268 ], [ 26367.095694033574546, 22798.029028467724856 ], [ 26367.098078528040787, 22798.019509032201313 ], [ 26367.099518472667114, 22798.009801714033529 ], [ 26367.099999999998545, 22798.0 ], [ 26367.099518472667114, 22797.990198285966471 ], [ 26367.098078528040787, 22797.980490967798687 ], [ 26367.095694033574546, 22797.970971532275144 ], [ 26367.09238795325291, 22797.961731656763732 ], [ 26367.088192126433569, 22797.952860326317023 ], [ 26367.08314696123125, 22797.944442976699065 ], [ 26367.077301045337663, 22797.93656067158372 ], [ 26367.070710678119212, 22797.929289321880788 ], [ 26349.099999999998545, 22779.95857864376012 ], [ 26349.099999999998545, 22672.04142135623988 ], [ 26367.070710678119212, 22654.070710678119212 ], [ 26367.077301045337663, 22654.06343932841628 ], [ 26367.08314696123125, 22654.055557023300935 ], [ 26367.088192126433569, 22654.047139673682977 ], [ 26367.09238795325291, 22654.038268343236268 ], [ 26367.095694033574546, 22654.029028467724856 ], [ 26367.098078528040787, 22654.019509032201313 ], [ 26367.099518472667114, 22654.009801714033529 ], [ 26367.099999999998545, 22654.0 ], [ 26367.099999999998545, 22618.043104648924782 ], [ 26385.068662353296531, 22601.072701315253653 ], [ 26385.075574728769425, 22601.065486337287439 ], [ 26385.081732590017054, 22601.057617564412794 ], [ 26385.087074458901043, 22601.049173555973539 ], [ 26385.091547003888991, 22601.040238614281407 ], [ 26385.09510557250178, 22601.030901942973287 ], [ 26385.097714637115132, 22601.021256756423099 ], [ 26385.099348149651632, 22601.011399349132262 ], [ 26385.099989801641641, 22601.001428134339221 ], [ 26385.099633187030122, 22600.991442661506881 ], [ 26385.098281866146863, 22600.981542622437701 ], [ 26385.095949330152507, 22600.971826855995459 ], [ 26385.092658866349666, 22600.962392361325328 ], [ 26385.088443325690605, 22600.953333329442103 ], [ 26385.083344794798904, 22600.944740202859975 ], [ 26385.077414175801096, 22600.93669877263892 ], [ 26385.070710678119212, 22600.929289321880788 ], [ 26367.099999999998545, 22582.95857864376012 ], [ 26367.099999999998545, 22314.04142135623988 ], [ 26385.070710678119212, 22296.070710678119212 ], [ 26385.077301045337663, 22296.06343932841628 ], [ 26385.08314696123125, 22296.055557023300935 ], [ 26385.088192126433569, 22296.047139673682977 ], [ 26385.09238795325291, 22296.038268343236268 ], [ 26385.095694033574546, 22296.029028467724856 ], [ 26385.098078528040787, 22296.019509032201313 ], [ 26385.099518472667114, 22296.009801714033529 ], [ 26385.099999999998545, 22296.0 ], [ 26385.099999999998545, 21793.04142135623988 ], [ 26403.070710678119212, 21775.070710678119212 ], [ 26403.077301045337663, 21775.06343932841628 ], [ 26403.08314696123125, 21775.055557023300935 ], [ 26403.088192126433569, 21775.047139673682977 ], [ 26403.09238795325291, 21775.038268343236268 ], [ 26403.095694033574546, 21775.029028467724856 ], [ 26403.098078528040787, 21775.019509032201313 ], [ 26403.099518472667114, 21775.009801714033529 ], [ 26403.099999999998545, 21775.0 ], [ 26403.099999999998545, 21758.0 ], [ 26403.099518472667114, 21757.990198285966471 ], [ 26403.098078528040787, 21757.980490967798687 ], [ 26403.095694033574546, 21757.970971532275144 ], [ 26403.09238795325291, 21757.961731656763732 ], [ 26403.088192126433569, 21757.952860326317023 ], [ 26403.08314696123125, 21757.944442976699065 ], [ 26403.077301045337663, 21757.93656067158372 ], [ 26403.070710678119212, 21757.929289321880788 ], [ 26385.099999999998545, 21739.95857864376012 ], [ 26385.099999999998545, 21722.04142135623988 ], [ 26403.070710678119212, 21704.070710678119212 ], [ 26403.077301045337663, 21704.06343932841628 ], [ 26403.08314696123125, 21704.055557023300935 ], [ 26403.088192126433569, 21704.047139673682977 ], [ 26403.09238795325291, 21704.038268343236268 ], [ 26403.095694033574546, 21704.029028467724856 ], [ 26403.098078528040787, 21704.019509032201313 ], [ 26403.099518472667114, 21704.009801714033529 ], [ 26403.099999999998545, 21704.0 ], [ 26403.099999999998545, 21327.04142135623988 ], [ 26421.070710678119212, 21309.070710678119212 ], [ 26421.077301045337663, 21309.06343932841628 ], [ 26421.08314696123125, 21309.055557023300935 ], [ 26421.088192126433569, 21309.047139673682977 ], [ 26421.09238795325291, 21309.038268343236268 ], [ 26421.095694033574546, 21309.029028467724856 ], [ 26421.098078528040787, 21309.019509032201313 ], [ 26421.099518472667114, 21309.009801714033529 ], [ 26421.099999999998545, 21309.0 ], [ 26421.099518472667114, 21308.990198285966471 ], [ 26421.098078528040787, 21308.980490967798687 ], [ 26421.095694033574546, 21308.970971532275144 ], [ 26421.09238795325291, 21308.961731656763732 ], [ 26421.088192126433569, 21308.952860326317023 ], [ 26421.08314696123125, 21308.944442976699065 ], [ 26421.077301045337663, 21308.93656067158372 ], [ 26421.070710678119212, 21308.929289321880788 ], [ 26403.099999999998545, 21290.95857864376012 ], [ 26403.099999999998545, 21201.043104648924782 ], [ 26421.068662353296531, 21184.072701315253653 ], [ 26421.075574728769425, 21184.065486337287439 ], [ 26421.081732590017054, 21184.057617564412794 ], [ 26421.087074458901043, 21184.049173555973539 ], [ 26421.091547003888991, 21184.040238614281407 ], [ 26421.09510557250178, 21184.030901942973287 ], [ 26421.097714637115132, 21184.021256756423099 ], [ 26421.099348149651632, 21184.011399349132262 ], [ 26421.099989801641641, 21184.001428134339221 ], [ 26421.099633187030122, 21183.991442661506881 ], [ 26421.098281866146863, 21183.981542622437701 ], [ 26421.095949330152507, 21183.971826855995459 ], [ 26421.092658866349666, 21183.962392361325328 ], [ 26421.088443325690605, 21183.953333329442103 ], [ 26421.083344794798904, 21183.944740202859975 ], [ 26421.077414175801096, 21183.93669877263892 ], [ 26421.070710678119212, 21183.929289321880788 ], [ 26403.099999999998545, 21165.95857864376012 ], [ 26403.099999999998545, 21112.04142135623988 ], [ 26421.070710678119212, 21094.070710678119212 ], [ 26421.077301045337663, 21094.06343932841628 ], [ 26421.08314696123125, 21094.055557023300935 ], [ 26421.088192126433569, 21094.047139673682977 ], [ 26421.09238795325291, 21094.038268343236268 ], [ 26421.095694033574546, 21094.029028467724856 ], [ 26421.098078528040787, 21094.019509032201313 ], [ 26421.099518472667114, 21094.009801714033529 ], [ 26421.099999999998545, 21094.0 ], [ 26421.099518472667114, 21093.990198285966471 ], [ 26421.098078528040787, 21093.980490967798687 ], [ 26421.095694033574546, 21093.970971532275144 ], [ 26421.09238795325291, 21093.961731656763732 ], [ 26421.088192126433569, 21093.952860326317023 ], [ 26421.08314696123125, 21093.944442976699065 ], [ 26421.077301045337663, 21093.93656067158372 ], [ 26421.070710678119212, 21093.929289321880788 ], [ 26403.141421356238425, 21076.0 ], [ 26421.070710678119212, 21058.070710678119212 ], [ 26421.077301045337663, 21058.06343932841628 ], [ 26421.08314696123125, 21058.055557023300935 ], [ 26421.088192126433569, 21058.047139673682977 ], [ 26421.09238795325291, 21058.038268343236268 ], [ 26421.095694033574546, 21058.029028467724856 ], [ 26421.098078528040787, 21058.019509032201313 ], [ 26421.099518472667114, 21058.009801714033529 ], [ 26421.099999999998545, 21058.0 ], [ 26421.099999999998545, 20753.04142135623988 ], [ 26439.070710678119212, 20735.070710678119212 ], [ 26439.077301045337663, 20735.06343932841628 ], [ 26439.08314696123125, 20735.055557023300935 ], [ 26439.088192126433569, 20735.047139673682977 ], [ 26439.09238795325291, 20735.038268343236268 ], [ 26439.095694033574546, 20735.029028467724856 ], [ 26439.098078528040787, 20735.019509032201313 ], [ 26439.099518472667114, 20735.009801714033529 ], [ 26439.099999999998545, 20735.0 ], [ 26439.099518472667114, 20734.990198285966471 ], [ 26439.098078528040787, 20734.980490967798687 ], [ 26439.095694033574546, 20734.970971532275144 ], [ 26439.09238795325291, 20734.961731656763732 ], [ 26439.088192126433569, 20734.952860326317023 ], [ 26439.08314696123125, 20734.944442976699065 ], [ 26439.077301045337663, 20734.93656067158372 ], [ 26439.070710678119212, 20734.929289321880788 ], [ 26421.099999999998545, 20716.95857864376012 ], [ 26421.099999999998545, 20592.04142135623988 ], [ 26439.070710678119212, 20574.070710678119212 ], [ 26439.077301045337663, 20574.06343932841628 ], [ 26439.08314696123125, 20574.055557023300935 ], [ 26439.088192126433569, 20574.047139673682977 ], [ 26439.09238795325291, 20574.038268343236268 ], [ 26439.095694033574546, 20574.029028467724856 ], [ 26439.098078528040787, 20574.019509032201313 ], [ 26439.099518472667114, 20574.009801714033529 ], [ 26439.099999999998545, 20574.0 ], [ 26439.099999999998545, 20448.04142135623988 ], [ 26457.070710678119212, 20430.070710678119212 ], [ 26457.077301045337663, 20430.06343932841628 ], [ 26457.08314696123125, 20430.055557023300935 ], [ 26457.088192126433569, 20430.047139673682977 ], [ 26457.09238795325291, 20430.038268343236268 ], [ 26457.095694033574546, 20430.029028467724856 ], [ 26457.098078528040787, 20430.019509032201313 ], [ 26457.099518472667114, 20430.009801714033529 ], [ 26457.099999999998545, 20430.0 ], [ 26457.099518472667114, 20429.990198285966471 ], [ 26457.098078528040787, 20429.980490967798687 ], [ 26457.095694033574546, 20429.970971532275144 ], [ 26457.09238795325291, 20429.961731656763732 ], [ 26457.088192126433569, 20429.952860326317023 ], [ 26457.08314696123125, 20429.944442976699065 ], [ 26457.077301045337663, 20429.93656067158372 ], [ 26457.070710678119212, 20429.929289321880788 ], [ 26439.099999999998545, 20411.95857864376012 ], [ 26439.099999999998545, 20107.04142135623988 ], [ 26457.070710678119212, 20089.070710678119212 ], [ 26457.077301045337663, 20089.06343932841628 ], [ 26457.08314696123125, 20089.055557023300935 ], [ 26457.088192126433569, 20089.047139673682977 ], [ 26457.09238795325291, 20089.038268343236268 ], [ 26457.095694033574546, 20089.029028467724856 ], [ 26457.098078528040787, 20089.019509032201313 ], [ 26457.099518472667114, 20089.009801714033529 ], [ 26457.099999999998545, 20089.0 ], [ 26457.099999999998545, 19749.04142135623988 ], [ 26475.04142135623988, 19731.099999999998545 ], [ 26493.0, 19731.099999999998545 ], [ 26493.009801714033529, 19731.099518472667114 ], [ 26493.019509032201313, 19731.098078528040787 ], [ 26493.029028467724856, 19731.095694033574546 ], [ 26493.038268343236268, 19731.09238795325291 ], [ 26493.047139673682977, 19731.088192126433569 ], [ 26493.055557023300935, 19731.08314696123125 ], [ 26493.06343932841628, 19731.077301045337663 ], [ 26493.070710678119212, 19731.070710678119212 ], [ 26493.077301045337663, 19731.06343932841628 ], [ 26493.08314696123125, 19731.055557023300935 ], [ 26493.088192126433569, 19731.047139673682977 ], [ 26493.09238795325291, 19731.038268343236268 ], [ 26493.095694033574546, 19731.029028467724856 ], [ 26493.098078528040787, 19731.019509032201313 ], [ 26493.099518472667114, 19731.009801714033529 ], [ 26493.099999999998545, 19731.0 ], [ 26493.099518472667114, 19730.990198285966471 ], [ 26493.098078528040787, 19730.980490967798687 ], [ 26493.095694033574546, 19730.970971532275144 ], [ 26493.09238795325291, 19730.961731656763732 ], [ 26493.088192126433569, 19730.952860326317023 ], [ 26493.08314696123125, 19730.944442976699065 ], [ 26493.077301045337663, 19730.93656067158372 ], [ 26493.070710678119212, 19730.929289321880788 ], [ 26493.06343932841628, 19730.922698954662337 ], [ 26493.055557023300935, 19730.91685303876875 ], [ 26493.047139673682977, 19730.911807873566431 ], [ 26493.038268343236268, 19730.90761204674709 ], [ 26493.029028467724856, 19730.904305966425454 ], [ 26493.019509032201313, 19730.901921471959213 ], [ 26493.009801714033529, 19730.900481527332886 ], [ 26493.0, 19730.900000000001455 ], [ 26475.04142135623988, 19730.900000000001455 ], [ 26457.099999999998545, 19712.95857864376012 ], [ 26457.099999999998545, 19677.04142135623988 ], [ 26475.070710678119212, 19659.070710678119212 ], [ 26475.077301045337663, 19659.06343932841628 ], [ 26475.08314696123125, 19659.055557023300935 ], [ 26475.088192126433569, 19659.047139673682977 ], [ 26475.09238795325291, 19659.038268343236268 ], [ 26475.095694033574546, 19659.029028467724856 ], [ 26475.098078528040787, 19659.019509032201313 ], [ 26475.099518472667114, 19659.009801714033529 ], [ 26475.099999999998545, 19659.0 ], [ 26475.099518472667114, 19658.990198285966471 ], [ 26475.098078528040787, 19658.980490967798687 ], [ 26475.095694033574546, 19658.970971532275144 ], [ 26475.09238795325291, 19658.961731656763732 ], [ 26475.088192126433569, 19658.952860326317023 ], [ 26475.08314696123125, 19658.944442976699065 ], [ 26475.077301045337663, 19658.93656067158372 ], [ 26475.070710678119212, 19658.929289321880788 ], [ 26457.141421356238425, 19641.0 ], [ 26475.070710678119212, 19623.070710678119212 ], [ 26475.077301045337663, 19623.06343932841628 ], [ 26475.08314696123125, 19623.055557023300935 ], [ 26475.088192126433569, 19623.047139673682977 ], [ 26475.09238795325291, 19623.038268343236268 ], [ 26475.095694033574546, 19623.029028467724856 ], [ 26475.098078528040787, 19623.019509032201313 ], [ 26475.099518472667114, 19623.009801714033529 ], [ 26475.099999999998545, 19623.0 ], [ 26475.099999999998545, 19587.0 ], [ 26475.099518472667114, 19586.990198285966471 ], [ 26475.098078528040787, 19586.980490967798687 ], [ 26475.095694033574546, 19586.970971532275144 ], [ 26475.09238795325291, 19586.961731656763732 ], [ 26475.088192126433569, 19586.952860326317023 ], [ 26475.08314696123125, 19586.944442976699065 ], [ 26475.077301045337663, 19586.93656067158372 ], [ 26475.070710678119212, 19586.929289321880788 ], [ 26457.099999999998545, 19568.95857864376012 ], [ 26457.099999999998545, 19462.04142135623988 ], [ 26475.070710678119212, 19444.070710678119212 ], [ 26475.077301045337663, 19444.06343932841628 ], [ 26475.08314696123125, 19444.055557023300935 ], [ 26475.088192126433569, 19444.047139673682977 ], [ 26475.09238795325291, 19444.038268343236268 ], [ 26475.095694033574546, 19444.029028467724856 ], [ 26475.098078528040787, 19444.019509032201313 ], [ 26475.099518472667114, 19444.009801714033529 ], [ 26475.099999999998545, 19444.0 ], [ 26475.099999999998545, 19426.0 ], [ 26475.099518472667114, 19425.990198285966471 ], [ 26475.098078528040787, 19425.980490967798687 ], [ 26475.095694033574546, 19425.970971532275144 ], [ 26475.09238795325291, 19425.961731656763732 ], [ 26475.088192126433569, 19425.952860326317023 ], [ 26475.08314696123125, 19425.944442976699065 ], [ 26475.077301045337663, 19425.93656067158372 ], [ 26475.070710678119212, 19425.929289321880788 ], [ 26457.099999999998545, 19407.95857864376012 ], [ 26457.099999999998545, 19318.04142135623988 ], [ 26475.070710678119212, 19300.070710678119212 ], [ 26475.077301045337663, 19300.06343932841628 ], [ 26475.08314696123125, 19300.055557023300935 ], [ 26475.088192126433569, 19300.047139673682977 ], [ 26475.09238795325291, 19300.038268343236268 ], [ 26475.095694033574546, 19300.029028467724856 ], [ 26475.098078528040787, 19300.019509032201313 ], [ 26475.099518472667114, 19300.009801714033529 ], [ 26475.099999999998545, 19300.0 ], [ 26475.099518472667114, 19299.990198285966471 ], [ 26475.098078528040787, 19299.980490967798687 ], [ 26475.095694033574546, 19299.970971532275144 ], [ 26475.09238795325291, 19299.961731656763732 ], [ 26475.088192126433569, 19299.952860326317023 ], [ 26475.08314696123125, 19299.944442976699065 ], [ 26475.077301045337663, 19299.93656067158372 ], [ 26475.070710678119212, 19299.929289321880788 ], [ 26457.099999999998545, 19281.95857864376012 ], [ 26457.099999999998545, 19192.043104648924782 ], [ 26475.068662353296531, 19175.072701315253653 ], [ 26475.075691516361985, 19175.065351314839063 ], [ 26475.081937789658696, 19175.057325375059008 ], [ 26475.087336566968588, 19175.0487065095258 ], [ 26475.091832007845369, 19175.0395838645818 ], [ 26475.095377615209145, 19175.030051797235501 ], [ 26475.097936716261756, 19175.02020889922278 ], [ 26475.099482841804274, 19175.010156977252336 ], [ 26475.099999999998545, 19175.0 ], [ 26475.099999999998545, 19085.0 ], [ 26475.099518472667114, 19084.990198285966471 ], [ 26475.098078528040787, 19084.980490967798687 ], [ 26475.095694033574546, 19084.970971532275144 ], [ 26475.09238795325291, 19084.961731656763732 ], [ 26475.088192126433569, 19084.952860326317023 ], [ 26475.08314696123125, 19084.944442976699065 ], [ 26475.077301045337663, 19084.93656067158372 ], [ 26475.070710678119212, 19084.929289321880788 ], [ 26457.141421356238425, 19067.0 ], [ 26475.070710678119212, 19049.070710678119212 ], [ 26475.077301045337663, 19049.06343932841628 ], [ 26475.08314696123125, 19049.055557023300935 ], [ 26475.088192126433569, 19049.047139673682977 ], [ 26475.09238795325291, 19049.038268343236268 ], [ 26475.095694033574546, 19049.029028467724856 ], [ 26475.098078528040787, 19049.019509032201313 ], [ 26475.099518472667114, 19049.009801714033529 ], [ 26475.099999999998545, 19049.0 ], [ 26475.099999999998545, 18941.0 ], [ 26475.099518472667114, 18940.990198285966471 ], [ 26475.098078528040787, 18940.980490967798687 ], [ 26475.095694033574546, 18940.970971532275144 ], [ 26475.09238795325291, 18940.961731656763732 ], [ 26475.088192126433569, 18940.952860326317023 ], [ 26475.08314696123125, 18940.944442976699065 ], [ 26475.077301045337663, 18940.93656067158372 ], [ 26475.070710678119212, 18940.929289321880788 ], [ 26457.099999999998545, 18922.95857864376012 ], [ 26457.099999999998545, 18888.04142135623988 ], [ 26475.070710678119212, 18870.070710678119212 ], [ 26475.077301045337663, 18870.06343932841628 ], [ 26475.08314696123125, 18870.055557023300935 ], [ 26475.088192126433569, 18870.047139673682977 ], [ 26475.09238795325291, 18870.038268343236268 ], [ 26475.095694033574546, 18870.029028467724856 ], [ 26475.098078528040787, 18870.019509032201313 ], [ 26475.099518472667114, 18870.009801714033529 ], [ 26475.099999999998545, 18870.0 ], [ 26475.099999999998545, 17955.04142135623988 ], [ 26493.070710678119212, 17937.070710678119212 ], [ 26493.077301045337663, 17937.06343932841628 ], [ 26493.08314696123125, 17937.055557023300935 ], [ 26493.088192126433569, 17937.047139673682977 ], [ 26493.09238795325291, 17937.038268343236268 ], [ 26493.095694033574546, 17937.029028467724856 ], [ 26493.098078528040787, 17937.019509032201313 ], [ 26493.099518472667114, 17937.009801714033529 ], [ 26493.099999999998545, 17937.0 ], [ 26493.099518472667114, 17936.990198285966471 ], [ 26493.098078528040787, 17936.980490967798687 ], [ 26493.095694033574546, 17936.970971532275144 ], [ 26493.09238795325291, 17936.961731656763732 ], [ 26493.088192126433569, 17936.952860326317023 ], [ 26493.08314696123125, 17936.944442976699065 ], [ 26493.077301045337663, 17936.93656067158372 ], [ 26493.070710678119212, 17936.929289321880788 ], [ 26475.099999999998545, 17918.95857864376012 ], [ 26475.099999999998545, 17901.04142135623988 ], [ 26493.070710678119212, 17883.070710678119212 ], [ 26493.077301045337663, 17883.06343932841628 ], [ 26493.08314696123125, 17883.055557023300935 ], [ 26493.088192126433569, 17883.047139673682977 ], [ 26493.09238795325291, 17883.038268343236268 ], [ 26493.095694033574546, 17883.029028467724856 ], [ 26493.098078528040787, 17883.019509032201313 ], [ 26493.099518472667114, 17883.009801714033529 ], [ 26493.099999999998545, 17883.0 ], [ 26493.099999999998545, 17847.0 ], [ 26493.099518472667114, 17846.990198285966471 ], [ 26493.098078528040787, 17846.980490967798687 ], [ 26493.095694033574546, 17846.970971532275144 ], [ 26493.09238795325291, 17846.961731656763732 ], [ 26493.088192126433569, 17846.952860326317023 ], [ 26493.08314696123125, 17846.944442976699065 ], [ 26493.077301045337663, 17846.93656067158372 ], [ 26493.070710678119212, 17846.929289321880788 ], [ 26475.099999999998545, 17828.95857864376012 ], [ 26475.099999999998545, 17793.04142135623988 ], [ 26493.070710678119212, 17775.070710678119212 ], [ 26493.077301045337663, 17775.06343932841628 ], [ 26493.08314696123125, 17775.055557023300935 ], [ 26493.088192126433569, 17775.047139673682977 ], [ 26493.09238795325291, 17775.038268343236268 ], [ 26493.095694033574546, 17775.029028467724856 ], [ 26493.098078528040787, 17775.019509032201313 ], [ 26493.099518472667114, 17775.009801714033529 ], [ 26493.099999999998545, 17775.0 ], [ 26493.099999999998545, 17757.0 ], [ 26493.099482841804274, 17756.989843022747664 ], [ 26493.097936716261756, 17756.97979110077722 ], [ 26493.095377615209145, 17756.969948202764499 ], [ 26493.091832007845369, 17756.9604161354182 ], [ 26493.087336566968588, 17756.9512934904742 ], [ 26493.081937789658696, 17756.942674624940992 ], [ 26493.075691516361985, 17756.934648685160937 ], [ 26493.068662353296531, 17756.927298684746347 ], [ 26475.099999999998545, 17739.956895351075218 ], [ 26475.099999999998545, 17722.04142135623988 ], [ 26493.070710678119212, 17704.070710678119212 ], [ 26493.077301045337663, 17704.06343932841628 ], [ 26493.08314696123125, 17704.055557023300935 ], [ 26493.088192126433569, 17704.047139673682977 ], [ 26493.09238795325291, 17704.038268343236268 ], [ 26493.095694033574546, 17704.029028467724856 ], [ 26493.098078528040787, 17704.019509032201313 ], [ 26493.099518472667114, 17704.009801714033529 ], [ 26493.099999999998545, 17704.0 ], [ 26493.099999999998545, 17614.0 ], [ 26493.099518472667114, 17613.990198285966471 ], [ 26493.098078528040787, 17613.980490967798687 ], [ 26493.095694033574546, 17613.970971532275144 ], [ 26493.09238795325291, 17613.961731656763732 ], [ 26493.088192126433569, 17613.952860326317023 ], [ 26493.08314696123125, 17613.944442976699065 ], [ 26493.077301045337663, 17613.93656067158372 ], [ 26493.070710678119212, 17613.929289321880788 ], [ 26475.099999999998545, 17595.95857864376012 ], [ 26475.099999999998545, 16968.0 ], [ 26475.099518472667114, 16967.990198285966471 ], [ 26475.098078528040787, 16967.980490967798687 ], [ 26475.095694033574546, 16967.970971532275144 ], [ 26475.09238795325291, 16967.961731656763732 ], [ 26475.088192126433569, 16967.952860326317023 ], [ 26475.08314696123125, 16967.944442976699065 ], [ 26475.077301045337663, 16967.93656067158372 ], [ 26475.070710678119212, 16967.929289321880788 ], [ 26457.099999999998545, 16949.95857864376012 ], [ 26457.099999999998545, 16681.0 ], [ 26457.099518472667114, 16680.990198285966471 ], [ 26457.098078528040787, 16680.980490967798687 ], [ 26457.095694033574546, 16680.970971532275144 ], [ 26457.09238795325291, 16680.961731656763732 ], [ 26457.088192126433569, 16680.952860326317023 ], [ 26457.08314696123125, 16680.944442976699065 ], [ 26457.077301045337663, 16680.93656067158372 ], [ 26457.070710678119212, 16680.929289321880788 ], [ 26439.099999999998545, 16662.95857864376012 ], [ 26439.099999999998545, 16466.0 ], [ 26439.099518472667114, 16465.990198285966471 ], [ 26439.098078528040787, 16465.980490967798687 ], [ 26439.095694033574546, 16465.970971532275144 ], [ 26439.09238795325291, 16465.961731656763732 ], [ 26439.088192126433569, 16465.952860326317023 ], [ 26439.08314696123125, 16465.944442976699065 ], [ 26439.077301045337663, 16465.93656067158372 ], [ 26439.070710678119212, 16465.929289321880788 ], [ 26421.141421356238425, 16448.0 ], [ 26439.070710678119212, 16430.070710678119212 ], [ 26439.077301045337663, 16430.06343932841628 ], [ 26439.08314696123125, 16430.055557023300935 ], [ 26439.088192126433569, 16430.047139673682977 ], [ 26439.09238795325291, 16430.038268343236268 ], [ 26439.095694033574546, 16430.029028467724856 ], [ 26439.098078528040787, 16430.019509032201313 ], [ 26439.099518472667114, 16430.009801714033529 ], [ 26439.099999999998545, 16430.0 ], [ 26439.099518472667114, 16429.990198285966471 ], [ 26439.098078528040787, 16429.980490967798687 ], [ 26439.095694033574546, 16429.970971532275144 ], [ 26439.09238795325291, 16429.961731656763732 ], [ 26439.088192126433569, 16429.952860326317023 ], [ 26439.08314696123125, 16429.944442976699065 ], [ 26439.077301045337663, 16429.93656067158372 ], [ 26439.070710678119212, 16429.929289321880788 ], [ 26421.099999999998545, 16411.95857864376012 ], [ 26421.099999999998545, 16287.0 ], [ 26421.099518472667114, 16286.990198285966471 ], [ 26421.098078528040787, 16286.980490967798687 ], [ 26421.095694033574546, 16286.970971532275144 ], [ 26421.09238795325291, 16286.961731656763732 ], [ 26421.088192126433569, 16286.952860326317023 ], [ 26421.08314696123125, 16286.944442976697246 ], [ 26421.077301045337663, 16286.93656067158372 ], [ 26421.070710678119212, 16286.929289321880788 ], [ 26403.099999999998545, 16268.95857864376012 ], [ 26403.099999999998545, 16143.0 ], [ 26403.099518472667114, 16142.990198285966471 ], [ 26403.098078528040787, 16142.980490967798687 ], [ 26403.095694033574546, 16142.970971532275144 ], [ 26403.09238795325291, 16142.961731656763732 ], [ 26403.088192126433569, 16142.952860326317023 ], [ 26403.08314696123125, 16142.944442976697246 ], [ 26403.077301045337663, 16142.93656067158372 ], [ 26403.070710678119212, 16142.929289321880788 ], [ 26385.099999999998545, 16124.95857864376012 ], [ 26385.099999999998545, 15964.0 ], [ 26385.099518472667114, 15963.990198285966471 ], [ 26385.098078528040787, 15963.980490967798687 ], [ 26385.095694033574546, 15963.970971532275144 ], [ 26385.09238795325291, 15963.961731656763732 ], [ 26385.088192126433569, 15963.952860326317023 ], [ 26385.08314696123125, 15963.944442976697246 ], [ 26385.077301045337663, 15963.93656067158372 ], [ 26385.070710678119212, 15963.929289321880788 ], [ 26367.099999999998545, 15945.95857864376012 ], [ 26367.099999999998545, 15910.04142135623988 ], [ 26385.070710678119212, 15892.070710678119212 ], [ 26385.077301045337663, 15892.06343932841628 ], [ 26385.08314696123125, 15892.055557023302754 ], [ 26385.088192126433569, 15892.047139673682977 ], [ 26385.09238795325291, 15892.038268343236268 ], [ 26385.095694033574546, 15892.029028467724856 ], [ 26385.098078528040787, 15892.019509032201313 ], [ 26385.099518472667114, 15892.009801714033529 ], [ 26385.099999999998545, 15892.0 ], [ 26385.099999999998545, 15874.0 ], [ 26385.099518472667114, 15873.990198285966471 ], [ 26385.098078528040787, 15873.980490967798687 ], [ 26385.095694033574546, 15873.970971532275144 ], [ 26385.09238795325291, 15873.961731656763732 ], [ 26385.088192126433569, 15873.952860326317023 ], [ 26385.08314696123125, 15873.944442976697246 ], [ 26385.077301045337663, 15873.93656067158372 ], [ 26385.070710678119212, 15873.929289321880788 ], [ 26367.099999999998545, 15855.95857864376012 ], [ 26367.099999999998545, 15713.04142135623988 ], [ 26385.070710678119212, 15695.070710678119212 ], [ 26385.077301045337663, 15695.06343932841628 ], [ 26385.08314696123125, 15695.055557023302754 ], [ 26385.088192126433569, 15695.047139673682977 ], [ 26385.09238795325291, 15695.038268343236268 ], [ 26385.095694033574546, 15695.029028467724856 ], [ 26385.098078528040787, 15695.019509032201313 ], [ 26385.099518472667114, 15695.009801714033529 ], [ 26385.099999999998545, 15695.0 ], [ 26385.099999999998545, 15677.0 ], [ 26385.099518472667114, 15676.990198285966471 ], [ 26385.098078528040787, 15676.980490967798687 ], [ 26385.095694033574546, 15676.970971532275144 ], [ 26385.09238795325291, 15676.961731656763732 ], [ 26385.088192126433569, 15676.952860326317023 ], [ 26385.08314696123125, 15676.944442976697246 ], [ 26385.077301045337663, 15676.93656067158372 ], [ 26385.070710678119212, 15676.929289321880788 ], [ 26367.099999999998545, 15658.95857864376012 ], [ 26367.099999999998545, 15569.04142135623988 ], [ 26385.04142135623988, 15551.1 ], [ 26402.95857864376012, 15551.1 ], [ 26420.929289321880788, 15569.070710678119212 ], [ 26420.93656067158372, 15569.077301045335844 ], [ 26420.944442976699065, 15569.083146961229431 ], [ 26420.952860326317023, 15569.088192126435388 ], [ 26420.961731656763732, 15569.092387953251091 ], [ 26420.970971532275144, 15569.095694033572727 ], [ 26420.980490967798687, 15569.098078528040787 ], [ 26420.990198285966471, 15569.099518472667114 ], [ 26421.0, 15569.1 ], [ 26421.009801714033529, 15569.099518472667114 ], [ 26421.019509032201313, 15569.098078528040787 ], [ 26421.029028467724856, 15569.095694033572727 ], [ 26421.038268343236268, 15569.092387953251091 ], [ 26421.047139673682977, 15569.088192126435388 ], [ 26421.055557023300935, 15569.083146961229431 ], [ 26421.06343932841628, 15569.077301045335844 ], [ 26421.070710678119212, 15569.070710678119212 ], [ 26421.077301045337663, 15569.06343932841628 ], [ 26421.08314696123125, 15569.055557023302754 ], [ 26421.088192126433569, 15569.047139673682977 ], [ 26421.09238795325291, 15569.038268343236268 ], [ 26421.095694033574546, 15569.029028467724856 ], [ 26421.098078528040787, 15569.019509032201313 ], [ 26421.099518472667114, 15569.009801714033529 ], [ 26421.099999999998545, 15569.0 ], [ 26421.099518472667114, 15568.990198285966471 ], [ 26421.098078528040787, 15568.980490967798687 ], [ 26421.095694033574546, 15568.970971532275144 ], [ 26421.09238795325291, 15568.961731656763732 ], [ 26421.088192126433569, 15568.952860326317023 ], [ 26421.08314696123125, 15568.944442976697246 ], [ 26421.077301045337663, 15568.93656067158372 ], [ 26421.070710678119212, 15568.929289321880788 ], [ 26403.070710678119212, 15550.929289321880788 ], [ 26403.06343932841628, 15550.922698954664156 ], [ 26403.055557023300935, 15550.916853038770569 ], [ 26403.047139673682977, 15550.911807873564612 ], [ 26403.038268343236268, 15550.907612046748909 ], [ 26403.029028467724856, 15550.904305966427273 ], [ 26403.019509032201313, 15550.901921471959213 ], [ 26403.009801714033529, 15550.900481527332886 ], [ 26403.0, 15550.9 ], [ 26385.04142135623988, 15550.9 ], [ 26367.099999999998545, 15532.95857864376012 ], [ 26367.099999999998545, 15049.0 ], [ 26367.099518472667114, 15048.990198285966471 ], [ 26367.098078528040787, 15048.980490967798687 ], [ 26367.095694033574546, 15048.970971532275144 ], [ 26367.09238795325291, 15048.961731656763732 ], [ 26367.088192126433569, 15048.952860326317023 ], [ 26367.08314696123125, 15048.944442976697246 ], [ 26367.077301045337663, 15048.93656067158372 ], [ 26367.070710678119212, 15048.929289321880788 ], [ 26349.099999999998545, 15030.95857864376012 ], [ 26349.099999999998545, 14816.0 ], [ 26349.099552834853966, 14815.990553674138937 ], [ 26349.098215338555747, 14815.981191829630916 ], [ 26349.095999472730909, 14815.971998192288083 ], [ 26349.092925054548687, 14815.963054983592883 ], [ 26349.089019579452724, 14815.954442185369771 ], [ 26349.0843179752992, 14815.946236824482185 ], [ 26349.078862289949029, 14815.938512283957607 ], [ 26349.072701315253653, 14815.931337646703469 ], [ 26332.099999999998545, 14797.960242136432498 ], [ 26332.099999999998545, 14529.0 ], [ 26332.099518472667114, 14528.990198285966471 ], [ 26332.098078528040787, 14528.980490967798687 ], [ 26332.095694033574546, 14528.970971532275144 ], [ 26332.09238795325291, 14528.961731656763732 ], [ 26332.088192126433569, 14528.952860326317023 ], [ 26332.08314696123125, 14528.944442976697246 ], [ 26332.077301045337663, 14528.93656067158372 ], [ 26332.070710678119212, 14528.929289321880788 ], [ 26314.099999999998545, 14510.95857864376012 ], [ 26314.099999999998545, 14421.04142135623988 ], [ 26332.070710678119212, 14403.070710678119212 ], [ 26332.077301045337663, 14403.06343932841628 ], [ 26332.08314696123125, 14403.055557023302754 ], [ 26332.088192126433569, 14403.047139673682977 ], [ 26332.09238795325291, 14403.038268343236268 ], [ 26332.095694033574546, 14403.029028467724856 ], [ 26332.098078528040787, 14403.019509032201313 ], [ 26332.099518472667114, 14403.009801714033529 ], [ 26332.099999999998545, 14403.0 ], [ 26332.099518472667114, 14402.990198285966471 ], [ 26332.098078528040787, 14402.980490967798687 ], [ 26332.095694033574546, 14402.970971532275144 ], [ 26332.09238795325291, 14402.961731656763732 ], [ 26332.088192126433569, 14402.952860326317023 ], [ 26332.08314696123125, 14402.944442976697246 ], [ 26332.077301045337663, 14402.93656067158372 ], [ 26332.070710678119212, 14402.929289321880788 ], [ 26314.099999999998545, 14384.95857864376012 ], [ 26314.099999999998545, 14331.043104648926601 ], [ 26332.068662353296531, 14314.072701315255472 ], [ 26332.075574728769425, 14314.065486337289258 ], [ 26332.081732590017054, 14314.057617564414613 ], [ 26332.087074458901043, 14314.049173555975358 ], [ 26332.091547003885353, 14314.040238614281407 ], [ 26332.095105572498142, 14314.030901942973287 ], [ 26332.097714637115132, 14314.021256756424918 ], [ 26332.099348149651632, 14314.011399349134081 ], [ 26332.099989801641641, 14314.00142813434104 ], [ 26332.099633187030122, 14313.991442661506881 ], [ 26332.098281866146863, 14313.981542622437701 ], [ 26332.095949330152507, 14313.971826855995459 ], [ 26332.092658866349666, 14313.962392361325328 ], [ 26332.088443325690605, 14313.953333329443922 ], [ 26332.083344794798904, 14313.944740202859975 ], [ 26332.077414175801096, 14313.936698772640739 ], [ 26332.070710678119212, 14313.929289321880788 ], [ 26314.099999999998545, 14295.95857864376012 ], [ 26314.099999999998545, 14278.0 ], [ 26314.099518472667114, 14277.990198285966471 ], [ 26314.098078528040787, 14277.980490967798687 ], [ 26314.095694033574546, 14277.970971532275144 ], [ 26314.09238795325291, 14277.961731656763732 ], [ 26314.088192126433569, 14277.952860326317023 ], [ 26314.08314696123125, 14277.944442976697246 ], [ 26314.077301045337663, 14277.93656067158372 ], [ 26314.070710678119212, 14277.929289321880788 ], [ 26296.099999999998545, 14259.95857864376012 ], [ 26296.099999999998545, 14134.04142135623988 ], [ 26314.04142135623988, 14116.1 ], [ 26332.0, 14116.1 ], [ 26332.009801714033529, 14116.099518472667114 ], [ 26332.019509032201313, 14116.098078528040787 ], [ 26332.029028467724856, 14116.095694033572727 ], [ 26332.038268343236268, 14116.092387953251091 ], [ 26332.047139673682977, 14116.088192126435388 ], [ 26332.055557023300935, 14116.083146961229431 ], [ 26332.06343932841628, 14116.077301045335844 ], [ 26332.070710678119212, 14116.070710678119212 ], [ 26332.077301045337663, 14116.06343932841628 ], [ 26332.08314696123125, 14116.055557023302754 ], [ 26332.088192126433569, 14116.047139673682977 ], [ 26332.09238795325291, 14116.038268343236268 ], [ 26332.095694033574546, 14116.029028467724856 ], [ 26332.098078528040787, 14116.019509032201313 ], [ 26332.099518472667114, 14116.009801714033529 ], [ 26332.099999999998545, 14116.0 ], [ 26332.099518472667114, 14115.990198285966471 ], [ 26332.098078528040787, 14115.980490967798687 ], [ 26332.095694033574546, 14115.970971532275144 ], [ 26332.09238795325291, 14115.961731656763732 ], [ 26332.088192126433569, 14115.952860326317023 ], [ 26332.08314696123125, 14115.944442976697246 ], [ 26332.077301045337663, 14115.93656067158372 ], [ 26332.070710678119212, 14115.929289321880788 ], [ 26296.099999999998545, 14079.95857864376012 ], [ 26296.099999999998545, 14062.04142135623988 ], [ 26314.0, 14044.141421356238425 ], [ 26331.929289321880788, 14062.070710678119212 ], [ 26331.93656067158372, 14062.077301045335844 ], [ 26331.944442976699065, 14062.083146961229431 ], [ 26331.952860326317023, 14062.088192126435388 ], [ 26331.961731656763732, 14062.092387953251091 ], [ 26331.970971532275144, 14062.095694033572727 ], [ 26331.980490967798687, 14062.098078528040787 ], [ 26331.990198285966471, 14062.099518472667114 ], [ 26332.0, 14062.1 ], [ 26349.0, 14062.1 ], [ 26349.009801714033529, 14062.099518472667114 ], [ 26349.019509032201313, 14062.098078528040787 ], [ 26349.029028467724856, 14062.095694033572727 ], [ 26349.038268343236268, 14062.092387953251091 ], [ 26349.047139673682977, 14062.088192126435388 ], [ 26349.055557023300935, 14062.083146961229431 ], [ 26349.06343932841628, 14062.077301045335844 ], [ 26349.070710678119212, 14062.070710678119212 ], [ 26367.070710678119212, 14044.070710678119212 ], [ 26367.077301045337663, 14044.06343932841628 ], [ 26367.08314696123125, 14044.055557023302754 ], [ 26367.088192126433569, 14044.047139673682977 ], [ 26367.09238795325291, 14044.038268343236268 ], [ 26367.095694033574546, 14044.029028467724856 ], [ 26367.098078528040787, 14044.019509032201313 ], [ 26367.099518472667114, 14044.009801714033529 ], [ 26367.099999999998545, 14044.0 ], [ 26367.099518472667114, 14043.990198285966471 ], [ 26367.098078528040787, 14043.980490967798687 ], [ 26367.095694033574546, 14043.970971532275144 ], [ 26367.09238795325291, 14043.961731656763732 ], [ 26367.088192126433569, 14043.952860326317023 ], [ 26367.08314696123125, 14043.944442976697246 ], [ 26367.077301045337663, 14043.93656067158372 ], [ 26367.070710678119212, 14043.929289321880788 ], [ 26367.06343932841628, 14043.922698954664156 ], [ 26367.055557023300935, 14043.916853038770569 ], [ 26367.047139673682977, 14043.911807873564612 ], [ 26367.038268343236268, 14043.907612046748909 ], [ 26367.029028467724856, 14043.904305966427273 ], [ 26367.019509032201313, 14043.901921471959213 ], [ 26367.009801714033529, 14043.900481527332886 ], [ 26367.0, 14043.9 ], [ 26349.04142135623988, 14043.9 ], [ 26332.070710678119212, 14026.929289321880788 ], [ 26332.06343932841628, 14026.922698954664156 ], [ 26332.055557023300935, 14026.916853038770569 ], [ 26332.047139673682977, 14026.911807873564612 ], [ 26332.038268343236268, 14026.907612046748909 ], [ 26332.029028467724856, 14026.904305966427273 ], [ 26332.019509032201313, 14026.901921471959213 ], [ 26332.009801714033529, 14026.900481527332886 ], [ 26332.0, 14026.9 ], [ 26314.04142135623988, 14026.9 ], [ 26296.099999999998545, 14008.95857864376012 ], [ 26296.099999999998545, 13937.0 ], [ 26296.099518472667114, 13936.990198285966471 ], [ 26296.098078528040787, 13936.980490967798687 ], [ 26296.095694033574546, 13936.970971532275144 ], [ 26296.09238795325291, 13936.961731656763732 ], [ 26296.088192126433569, 13936.952860326317023 ], [ 26296.08314696123125, 13936.944442976697246 ], [ 26296.077301045337663, 13936.93656067158372 ], [ 26296.070710678119212, 13936.929289321880788 ], [ 26278.099999999998545, 13918.95857864376012 ], [ 26278.099999999998545, 13811.04142135623988 ], [ 26296.070710678119212, 13793.070710678119212 ], [ 26296.077301045337663, 13793.06343932841628 ], [ 26296.08314696123125, 13793.055557023302754 ], [ 26296.088192126433569, 13793.047139673682977 ], [ 26296.09238795325291, 13793.038268343236268 ], [ 26296.095694033574546, 13793.029028467724856 ], [ 26296.098078528040787, 13793.019509032201313 ], [ 26296.099518472667114, 13793.009801714033529 ], [ 26296.099999999998545, 13793.0 ], [ 26296.099518472667114, 13792.990198285966471 ], [ 26296.098078528040787, 13792.980490967798687 ], [ 26296.095694033574546, 13792.970971532275144 ], [ 26296.09238795325291, 13792.961731656763732 ], [ 26296.088192126433569, 13792.952860326317023 ], [ 26296.08314696123125, 13792.944442976697246 ], [ 26296.077301045337663, 13792.93656067158372 ], [ 26296.070710678119212, 13792.929289321880788 ], [ 26278.099999999998545, 13774.95857864376012 ], [ 26278.099999999998545, 13704.0 ], [ 26278.099518472667114, 13703.990198285966471 ], [ 26278.098078528040787, 13703.980490967798687 ], [ 26278.095694033574546, 13703.970971532275144 ], [ 26278.09238795325291, 13703.961731656763732 ], [ 26278.088192126433569, 13703.952860326317023 ], [ 26278.08314696123125, 13703.944442976697246 ], [ 26278.077301045337663, 13703.93656067158372 ], [ 26278.070710678119212, 13703.929289321880788 ], [ 26260.099999999998545, 13685.95857864376012 ], [ 26260.099999999998545, 13578.0 ], [ 26260.099518472667114, 13577.990198285966471 ], [ 26260.098078528040787, 13577.980490967798687 ], [ 26260.095694033574546, 13577.970971532275144 ], [ 26260.09238795325291, 13577.961731656763732 ], [ 26260.088192126433569, 13577.952860326317023 ], [ 26260.08314696123125, 13577.944442976697246 ], [ 26260.077301045337663, 13577.93656067158372 ], [ 26260.070710678119212, 13577.929289321880788 ], [ 26242.099999999998545, 13559.95857864376012 ], [ 26242.099999999998545, 13524.0 ], [ 26242.099518472667114, 13523.990198285966471 ], [ 26242.098078528040787, 13523.980490967798687 ], [ 26242.095694033574546, 13523.970971532275144 ], [ 26242.09238795325291, 13523.961731656763732 ], [ 26242.088192126433569, 13523.952860326317023 ], [ 26242.08314696123125, 13523.944442976697246 ], [ 26242.077301045337663, 13523.93656067158372 ], [ 26242.070710678119212, 13523.929289321880788 ], [ 26242.06343932841628, 13523.922698954664156 ], [ 26242.055557023300935, 13523.916853038770569 ], [ 26242.047139673682977, 13523.911807873564612 ], [ 26242.038268343236268, 13523.907612046748909 ], [ 26242.029028467724856, 13523.904305966427273 ], [ 26242.019509032201313, 13523.901921471959213 ], [ 26242.009801714033529, 13523.900481527332886 ], [ 26242.0, 13523.9 ], [ 26027.04142135623988, 13523.9 ], [ 26009.099999999998545, 13505.95857864376012 ], [ 26009.099999999998545, 12484.04142135623988 ], [ 26027.04142135623988, 12466.1 ], [ 26080.0, 12466.1 ], [ 26080.009801714033529, 12466.099518472667114 ], [ 26080.019509032201313, 12466.098078528040787 ], [ 26080.029028467724856, 12466.095694033572727 ], [ 26080.038268343236268, 12466.092387953251091 ], [ 26080.047139673682977, 12466.088192126435388 ], [ 26080.055557023300935, 12466.083146961229431 ], [ 26080.06343932841628, 12466.077301045335844 ], [ 26080.070710678119212, 12466.070710678119212 ], [ 26080.077301045337663, 12466.06343932841628 ], [ 26080.08314696123125, 12466.055557023302754 ], [ 26080.088192126433569, 12466.047139673682977 ], [ 26080.09238795325291, 12466.038268343236268 ], [ 26080.095694033574546, 12466.029028467724856 ], [ 26080.098078528040787, 12466.019509032201313 ], [ 26080.099518472667114, 12466.009801714033529 ], [ 26080.099999999998545, 12466.0 ], [ 26080.099518472667114, 12465.990198285966471 ], [ 26080.098078528040787, 12465.980490967798687 ], [ 26080.095694033574546, 12465.970971532275144 ], [ 26080.09238795325291, 12465.961731656763732 ], [ 26080.088192126433569, 12465.952860326317023 ], [ 26080.08314696123125, 12465.944442976697246 ], [ 26080.077301045337663, 12465.93656067158372 ], [ 26080.070710678119212, 12465.929289321880788 ], [ 26062.071720624553564, 12447.930299268315139 ], [ 26045.099999999998545, 12429.960242136432498 ], [ 26045.099999999998545, 12412.0 ], [ 26045.099518472667114, 12411.990198285966471 ], [ 26045.098078528040787, 12411.980490967798687 ], [ 26045.095694033574546, 12411.970971532275144 ], [ 26045.09238795325291, 12411.961731656763732 ], [ 26045.088192126433569, 12411.952860326317023 ], [ 26045.08314696123125, 12411.944442976697246 ], [ 26045.077301045337663, 12411.93656067158372 ], [ 26045.070710678119212, 12411.929289321880788 ], [ 26027.141421356238425, 12394.0 ], [ 26045.070710678119212, 12376.070710678119212 ], [ 26045.077301045337663, 12376.06343932841628 ], [ 26045.08314696123125, 12376.055557023302754 ], [ 26045.088192126433569, 12376.047139673682977 ], [ 26045.09238795325291, 12376.038268343236268 ], [ 26045.095694033574546, 12376.029028467724856 ], [ 26045.098078528040787, 12376.019509032201313 ], [ 26045.099518472667114, 12376.009801714033529 ], [ 26045.099999999998545, 12376.0 ], [ 26045.099999999998545, 12322.04142135623988 ], [ 26116.070710678119212, 12251.070710678119212 ], [ 26116.077301045337663, 12251.06343932841628 ], [ 26116.08314696123125, 12251.055557023302754 ], [ 26116.088192126433569, 12251.047139673682977 ], [ 26116.09238795325291, 12251.038268343236268 ], [ 26116.095694033574546, 12251.029028467724856 ], [ 26116.098078528040787, 12251.019509032201313 ], [ 26116.099518472667114, 12251.009801714033529 ], [ 26116.099999999998545, 12251.0 ], [ 26116.099999999998545, 12233.04142135623988 ], [ 26134.04142135623988, 12215.1 ], [ 26152.0, 12215.1 ], [ 26152.009801714033529, 12215.099518472667114 ], [ 26152.019509032201313, 12215.098078528040787 ], [ 26152.029028467724856, 12215.095694033572727 ], [ 26152.038268343236268, 12215.092387953251091 ], [ 26152.047139673682977, 12215.088192126435388 ], [ 26152.055557023300935, 12215.083146961229431 ], [ 26152.06343932841628, 12215.077301045335844 ], [ 26152.070710678119212, 12215.070710678119212 ], [ 26152.077301045337663, 12215.06343932841628 ], [ 26152.08314696123125, 12215.055557023302754 ], [ 26152.088192126433569, 12215.047139673682977 ], [ 26152.09238795325291, 12215.038268343236268 ], [ 26152.095694033574546, 12215.029028467724856 ], [ 26152.098078528040787, 12215.019509032201313 ], [ 26152.099518472667114, 12215.009801714033529 ], [ 26152.099999999998545, 12215.0 ], [ 26152.099999999998545, 12143.04142135623988 ], [ 26170.070710678119212, 12125.070710678119212 ], [ 26170.077301045337663, 12125.06343932841628 ], [ 26170.08314696123125, 12125.055557023302754 ], [ 26170.088192126433569, 12125.047139673682977 ], [ 26170.09238795325291, 12125.038268343236268 ], [ 26170.095694033574546, 12125.029028467724856 ], [ 26170.098078528040787, 12125.019509032201313 ], [ 26170.099518472667114, 12125.009801714033529 ], [ 26170.099999999998545, 12125.0 ], [ 26170.099999999998545, 12071.04142135623988 ], [ 26188.070710678119212, 12053.070710678119212 ], [ 26188.077301045337663, 12053.06343932841628 ], [ 26188.08314696123125, 12053.055557023302754 ], [ 26188.088192126433569, 12053.047139673682977 ], [ 26188.09238795325291, 12053.038268343236268 ], [ 26188.095694033574546, 12053.029028467724856 ], [ 26188.098078528040787, 12053.019509032201313 ], [ 26188.099518472667114, 12053.009801714033529 ], [ 26188.099999999998545, 12053.0 ], [ 26188.099999999998545, 11964.04142135623988 ], [ 26206.070710678119212, 11946.070710678119212 ], [ 26206.077301045337663, 11946.06343932841628 ], [ 26206.08314696123125, 11946.055557023302754 ], [ 26206.088192126433569, 11946.047139673682977 ], [ 26206.09238795325291, 11946.038268343236268 ], [ 26206.095694033574546, 11946.029028467724856 ], [ 26206.098078528040787, 11946.019509032201313 ], [ 26206.099518472667114, 11946.009801714033529 ], [ 26206.099999999998545, 11946.0 ], [ 26206.099999999998545, 11892.04142135623988 ], [ 26224.070710678119212, 11874.070710678119212 ], [ 26224.077301045337663, 11874.06343932841628 ], [ 26224.08314696123125, 11874.055557023302754 ], [ 26224.088192126433569, 11874.047139673682977 ], [ 26224.09238795325291, 11874.038268343236268 ], [ 26224.095694033574546, 11874.029028467724856 ], [ 26224.098078528040787, 11874.019509032201313 ], [ 26224.099518472667114, 11874.009801714033529 ], [ 26224.099999999998545, 11874.0 ], [ 26224.099999999998545, 11856.0 ], [ 26224.099518472667114, 11855.990198285966471 ], [ 26224.098078528040787, 11855.980490967798687 ], [ 26224.095694033574546, 11855.970971532275144 ], [ 26224.09238795325291, 11855.961731656763732 ], [ 26224.088192126433569, 11855.952860326317023 ], [ 26224.08314696123125, 11855.944442976697246 ], [ 26224.077301045337663, 11855.93656067158372 ], [ 26224.070710678119212, 11855.929289321880788 ], [ 26206.141421356238425, 11838.0 ], [ 26224.070710678119212, 11820.070710678119212 ], [ 26224.077301045337663, 11820.06343932841628 ], [ 26224.08314696123125, 11820.055557023302754 ], [ 26224.088192126433569, 11820.047139673682977 ], [ 26224.09238795325291, 11820.038268343236268 ], [ 26224.095694033574546, 11820.029028467724856 ], [ 26224.098078528040787, 11820.019509032201313 ], [ 26224.099518472667114, 11820.009801714033529 ], [ 26224.099999999998545, 11820.0 ], [ 26224.099999999998545, 11677.04142135623988 ], [ 26242.070710678119212, 11659.070710678119212 ], [ 26242.077301045337663, 11659.06343932841628 ], [ 26242.08314696123125, 11659.055557023302754 ], [ 26242.088192126433569, 11659.047139673682977 ], [ 26242.09238795325291, 11659.038268343236268 ], [ 26242.095694033574546, 11659.029028467724856 ], [ 26242.098078528040787, 11659.019509032201313 ], [ 26242.099518472667114, 11659.009801714033529 ], [ 26242.099999999998545, 11659.0 ], [ 26242.099518472667114, 11658.990198285966471 ], [ 26242.098078528040787, 11658.980490967798687 ], [ 26242.095694033574546, 11658.970971532275144 ], [ 26242.09238795325291, 11658.961731656763732 ], [ 26242.088192126433569, 11658.952860326317023 ], [ 26242.08314696123125, 11658.944442976697246 ], [ 26242.077301045337663, 11658.93656067158372 ], [ 26242.070710678119212, 11658.929289321880788 ], [ 26224.099999999998545, 11640.95857864376012 ], [ 26224.099999999998545, 11533.04142135623988 ], [ 26242.070710678119212, 11515.070710678119212 ], [ 26242.077301045337663, 11515.06343932841628 ], [ 26242.08314696123125, 11515.055557023302754 ], [ 26242.088192126433569, 11515.047139673682977 ], [ 26242.09238795325291, 11515.038268343236268 ], [ 26242.095694033574546, 11515.029028467724856 ], [ 26242.098078528040787, 11515.019509032201313 ], [ 26242.099518472667114, 11515.009801714033529 ], [ 26242.099999999998545, 11515.0 ], [ 26242.099999999998545, 11354.0 ], [ 26242.099518472667114, 11353.990198285966471 ], [ 26242.098078528040787, 11353.980490967798687 ], [ 26242.095694033574546, 11353.970971532275144 ], [ 26242.09238795325291, 11353.961731656763732 ], [ 26242.088192126433569, 11353.952860326317023 ], [ 26242.08314696123125, 11353.944442976697246 ], [ 26242.077301045337663, 11353.93656067158372 ], [ 26242.070710678119212, 11353.929289321880788 ], [ 26224.099999999998545, 11335.95857864376012 ], [ 26224.099999999998545, 11085.04142135623988 ], [ 26242.070710678119212, 11067.070710678119212 ], [ 26242.077301045337663, 11067.06343932841628 ], [ 26242.08314696123125, 11067.055557023302754 ], [ 26242.088192126433569, 11067.047139673682977 ], [ 26242.09238795325291, 11067.038268343236268 ], [ 26242.095694033574546, 11067.029028467724856 ], [ 26242.098078528040787, 11067.019509032201313 ], [ 26242.099518472667114, 11067.009801714033529 ], [ 26242.099999999998545, 11067.0 ], [ 26242.099999999998545, 11049.0 ], [ 26242.099518472667114, 11048.990198285966471 ], [ 26242.098078528040787, 11048.980490967798687 ], [ 26242.095694033574546, 11048.970971532275144 ], [ 26242.09238795325291, 11048.961731656763732 ], [ 26242.088192126433569, 11048.952860326317023 ], [ 26242.08314696123125, 11048.944442976697246 ], [ 26242.077301045337663, 11048.93656067158372 ], [ 26242.070710678119212, 11048.929289321880788 ], [ 26224.141421356238425, 11031.0 ], [ 26242.070710678119212, 11013.070710678119212 ], [ 26242.077301045337663, 11013.06343932841628 ], [ 26242.08314696123125, 11013.055557023302754 ], [ 26242.088192126433569, 11013.047139673682977 ], [ 26242.09238795325291, 11013.038268343236268 ], [ 26242.095694033574546, 11013.029028467724856 ], [ 26242.098078528040787, 11013.019509032201313 ], [ 26242.099518472667114, 11013.009801714033529 ], [ 26242.099999999998545, 11013.0 ], [ 26242.099999999998545, 10278.04142135623988 ], [ 26260.070710678119212, 10260.070710678119212 ], [ 26260.077301045337663, 10260.06343932841628 ], [ 26260.08314696123125, 10260.055557023302754 ], [ 26260.088192126433569, 10260.047139673682977 ], [ 26260.09238795325291, 10260.038268343236268 ], [ 26260.095694033574546, 10260.029028467724856 ], [ 26260.098078528040787, 10260.019509032201313 ], [ 26260.099518472667114, 10260.009801714033529 ], [ 26260.099999999998545, 10260.0 ], [ 26260.099999999998545, 9955.04142135623988 ], [ 26278.070710678119212, 9937.070710678119212 ], [ 26278.077301045337663, 9937.06343932841628 ], [ 26278.08314696123125, 9937.055557023302754 ], [ 26278.088192126433569, 9937.047139673682977 ], [ 26278.09238795325291, 9937.038268343236268 ], [ 26278.095694033574546, 9937.029028467724856 ], [ 26278.098078528040787, 9937.019509032201313 ], [ 26278.099518472667114, 9937.009801714033529 ], [ 26278.099999999998545, 9937.0 ], [ 26278.099999999998545, 9506.04142135623988 ], [ 26296.070710678119212, 9488.070710678119212 ], [ 26296.077301045337663, 9488.06343932841628 ], [ 26296.08314696123125, 9488.055557023302754 ], [ 26296.088192126433569, 9488.047139673682977 ], [ 26296.09238795325291, 9488.038268343236268 ], [ 26296.095694033574546, 9488.029028467724856 ], [ 26296.098078528040787, 9488.019509032201313 ], [ 26296.099518472667114, 9488.009801714033529 ], [ 26296.099999999998545, 9488.0 ], [ 26296.099999999998545, 8843.0 ], [ 26296.099518472667114, 8842.990198285966471 ], [ 26296.098078528040787, 8842.980490967798687 ], [ 26296.095694033574546, 8842.970971532275144 ], [ 26296.09238795325291, 8842.961731656763732 ], [ 26296.088192126433569, 8842.952860326317023 ], [ 26296.08314696123125, 8842.944442976697246 ], [ 26296.077301045337663, 8842.93656067158372 ], [ 26296.070710678119212, 8842.929289321880788 ], [ 26278.099999999998545, 8824.95857864376012 ], [ 26278.099999999998545, 8771.04142135623988 ], [ 26296.0, 8753.141421356238425 ], [ 26313.929289321880788, 8771.070710678119212 ], [ 26313.93656067158372, 8771.077301045335844 ], [ 26313.944442976699065, 8771.083146961229431 ], [ 26313.952860326317023, 8771.088192126435388 ], [ 26313.961731656763732, 8771.092387953251091 ], [ 26313.970971532275144, 8771.095694033572727 ], [ 26313.980490967798687, 8771.098078528040787 ], [ 26313.990198285966471, 8771.099518472667114 ], [ 26314.0, 8771.100000000000364 ], [ 26314.009801714033529, 8771.099518472667114 ], [ 26314.019509032201313, 8771.098078528040787 ], [ 26314.029028467724856, 8771.095694033572727 ], [ 26314.038268343236268, 8771.092387953251091 ], [ 26314.047139673682977, 8771.088192126435388 ], [ 26314.055557023300935, 8771.083146961229431 ], [ 26314.06343932841628, 8771.077301045335844 ], [ 26314.070710678119212, 8771.070710678119212 ], [ 26314.077301045337663, 8771.06343932841628 ], [ 26314.08314696123125, 8771.055557023302754 ], [ 26314.088192126433569, 8771.047139673682977 ], [ 26314.09238795325291, 8771.038268343236268 ], [ 26314.095694033574546, 8771.029028467724856 ], [ 26314.098078528040787, 8771.019509032201313 ], [ 26314.099518472667114, 8771.009801714033529 ], [ 26314.099999999998545, 8771.0 ], [ 26314.099999999998545, 8753.0 ], [ 26314.099518472667114, 8752.990198285966471 ], [ 26314.098078528040787, 8752.980490967798687 ], [ 26314.095694033574546, 8752.970971532275144 ], [ 26314.09238795325291, 8752.961731656763732 ], [ 26314.088192126433569, 8752.952860326317023 ], [ 26314.08314696123125, 8752.944442976697246 ], [ 26314.077301045337663, 8752.93656067158372 ], [ 26314.070710678119212, 8752.929289321880788 ], [ 26278.099999999998545, 8716.95857864376012 ], [ 26278.099999999998545, 8591.043104648926601 ], [ 26296.068662353296531, 8574.072701315255472 ], [ 26296.075691516358347, 8574.065351314839063 ], [ 26296.081937789658696, 8574.057325375059008 ], [ 26296.087336566968588, 8574.048706509527619 ], [ 26296.091832007845369, 8574.0395838645818 ], [ 26296.095377615209145, 8574.030051797233682 ], [ 26296.097936716261756, 8574.020208899220961 ], [ 26296.099482841804274, 8574.010156977250517 ], [ 26296.099999999998545, 8574.0 ], [ 26296.099999999998545, 8233.04142135623988 ], [ 26314.070710678119212, 8215.070710678119212 ], [ 26314.077301045337663, 8215.06343932841628 ], [ 26314.08314696123125, 8215.055557023302754 ], [ 26314.088192126433569, 8215.047139673682977 ], [ 26314.09238795325291, 8215.038268343236268 ], [ 26314.095694033574546, 8215.029028467724856 ], [ 26314.098078528040787, 8215.019509032201313 ], [ 26314.099518472667114, 8215.009801714033529 ], [ 26314.099999999998545, 8215.0 ], [ 26314.099999999998545, 6995.0 ], [ 26314.099518472667114, 6994.990198285967381 ], [ 26314.098078528040787, 6994.980490967798687 ], [ 26314.095694033574546, 6994.970971532275144 ], [ 26314.09238795325291, 6994.961731656763732 ], [ 26314.088192126433569, 6994.952860326317932 ], [ 26314.08314696123125, 6994.944442976698156 ], [ 26314.077301045337663, 6994.93656067158372 ], [ 26314.070710678119212, 6994.929289321881697 ], [ 26296.099999999998545, 6976.95857864376103 ], [ 26296.099999999998545, 6511.04142135623897 ], [ 26314.070710678119212, 6493.070710678118303 ], [ 26314.077301045337663, 6493.06343932841628 ], [ 26314.08314696123125, 6493.055557023301844 ], [ 26314.088192126433569, 6493.047139673682068 ], [ 26314.09238795325291, 6493.038268343236268 ], [ 26314.095694033574546, 6493.029028467724856 ], [ 26314.098078528040787, 6493.019509032201313 ], [ 26314.099518472667114, 6493.009801714032619 ], [ 26314.099999999998545, 6493.0 ], [ 26314.099999999998545, 5327.04142135623897 ], [ 26332.070710678119212, 5309.070710678118303 ], [ 26332.077301045337663, 5309.06343932841628 ], [ 26332.08314696123125, 5309.055557023301844 ], [ 26332.088192126433569, 5309.047139673682068 ], [ 26332.09238795325291, 5309.038268343236268 ], [ 26332.095694033574546, 5309.029028467724856 ], [ 26332.098078528040787, 5309.019509032201313 ], [ 26332.099518472667114, 5309.009801714032619 ], [ 26332.099999999998545, 5309.0 ], [ 26332.099999999998545, 4986.039757863566592 ], [ 26349.072701315253653, 4968.068662353296531 ], [ 26349.078862289949029, 4968.061487716041484 ], [ 26349.0843179752992, 4968.053763175516906 ], [ 26349.089019579452724, 4968.045557814629319 ], [ 26349.092925054548687, 4968.036945016406207 ], [ 26349.095999472730909, 4968.028001807711917 ], [ 26349.098215338555747, 4968.018808170368175 ], [ 26349.099552834853966, 4968.009446325861063 ], [ 26349.099999999998545, 4968.0 ], [ 26349.099999999998545, 4699.04142135623897 ], [ 26367.070710678119212, 4681.070710678118303 ], [ 26367.077301045337663, 4681.06343932841628 ], [ 26367.08314696123125, 4681.055557023301844 ], [ 26367.088192126433569, 4681.047139673682068 ], [ 26367.09238795325291, 4681.038268343236268 ], [ 26367.095694033574546, 4681.029028467724856 ], [ 26367.098078528040787, 4681.019509032201313 ], [ 26367.099518472667114, 4681.009801714032619 ], [ 26367.099999999998545, 4681.0 ], [ 26367.099999999998545, 4484.04142135623897 ], [ 26385.070710678119212, 4466.070710678118303 ], [ 26385.077301045337663, 4466.06343932841628 ], [ 26385.08314696123125, 4466.055557023301844 ], [ 26385.088192126433569, 4466.047139673682068 ], [ 26385.09238795325291, 4466.038268343236268 ], [ 26385.095694033574546, 4466.029028467724856 ], [ 26385.098078528040787, 4466.019509032201313 ], [ 26385.099518472667114, 4466.009801714032619 ], [ 26385.099999999998545, 4466.0 ], [ 26385.099999999998545, 4233.0 ], [ 26385.099518472667114, 4232.990198285967381 ], [ 26385.098078528040787, 4232.980490967798687 ], [ 26385.095694033574546, 4232.970971532275144 ], [ 26385.09238795325291, 4232.961731656763732 ], [ 26385.088192126433569, 4232.952860326317932 ], [ 26385.08314696123125, 4232.944442976698156 ], [ 26385.077301045337663, 4232.93656067158372 ], [ 26385.070710678119212, 4232.929289321881697 ], [ 26367.070710678119212, 4214.929289321881697 ], [ 26367.06343932841628, 4214.922698954664156 ], [ 26367.055557023300935, 4214.916853038769659 ], [ 26367.047139673682977, 4214.911807873565522 ], [ 26367.038268343236268, 4214.907612046748909 ], [ 26367.029028467724856, 4214.904305966427273 ], [ 26367.019509032201313, 4214.901921471960122 ], [ 26367.009801714033529, 4214.900481527332886 ], [ 26367.0, 4214.899999999999636 ], [ 26332.041421356236242, 4214.899999999999636 ], [ 26314.070710678119212, 4196.929289321881697 ], [ 26314.06343932841628, 4196.922698954664156 ], [ 26314.055557023300935, 4196.916853038769659 ], [ 26314.047139673682977, 4196.911807873565522 ], [ 26314.038268343236268, 4196.907612046748909 ], [ 26314.029028467724856, 4196.904305966427273 ], [ 26314.019509032201313, 4196.901921471960122 ], [ 26314.009801714033529, 4196.900481527332886 ], [ 26314.0, 4196.899999999999636 ], [ 26260.041421356236242, 4196.899999999999636 ], [ 26242.070710678119212, 4178.929289321881697 ], [ 26242.06343932841628, 4178.922698954664156 ], [ 26242.055557023300935, 4178.916853038769659 ], [ 26242.047139673682977, 4178.911807873565522 ], [ 26242.038268343236268, 4178.907612046748909 ], [ 26242.029028467724856, 4178.904305966427273 ], [ 26242.019509032201313, 4178.901921471960122 ], [ 26242.009801714033529, 4178.900481527332886 ], [ 26242.0, 4178.899999999999636 ], [ 26098.041421356236242, 4178.899999999999636 ], [ 26080.070710678119212, 4160.929289321881697 ], [ 26080.06343932841628, 4160.922698954664156 ], [ 26080.055557023300935, 4160.916853038769659 ], [ 26080.047139673682977, 4160.911807873565522 ], [ 26080.038268343236268, 4160.907612046748909 ], [ 26080.029028467724856, 4160.904305966427273 ], [ 26080.019509032201313, 4160.901921471960122 ], [ 26080.009801714033529, 4160.900481527332886 ], [ 26080.0, 4160.899999999999636 ], [ 25076.0, 4160.899999999999636 ], [ 25075.990198285966471, 4160.900481527332886 ], [ 25075.980490967798687, 4160.901921471960122 ], [ 25075.970971532275144, 4160.904305966426364 ], [ 25075.961731656763732, 4160.907612046748909 ], [ 25075.952860326317023, 4160.911807873565522 ], [ 25075.944442976699065, 4160.916853038769659 ], [ 25075.93656067158372, 4160.922698954664156 ], [ 25075.929289321880788, 4160.929289321881697 ], [ 25075.922698954662337, 4160.93656067158372 ], [ 25075.91685303876875, 4160.944442976698156 ], [ 25075.911807873566431, 4160.952860326317023 ], [ 25075.90761204674709, 4160.961731656763732 ], [ 25075.904305966425454, 4160.970971532274234 ], [ 25075.901921471959213, 4160.980490967798687 ], [ 25075.900481527332886, 4160.990198285967381 ], [ 25075.900000000001455, 4161.0 ], [ 25075.900000000001455, 4179.0 ], [ 25075.900481527332886, 4179.009801714032619 ], [ 25075.901921471959213, 4179.019509032201313 ], [ 25075.904305966425454, 4179.029028467724856 ], [ 25075.90761204674709, 4179.038268343236268 ], [ 25075.911807873566431, 4179.047139673682068 ], [ 25075.91685303876875, 4179.055557023301844 ], [ 25075.922698954662337, 4179.06343932841628 ], [ 25075.929289321880788, 4179.070710678118303 ], [ 25111.858578643761575, 4215.0 ], [ 25093.958578643763758, 4232.899999999999636 ], [ 25058.041421356236242, 4232.899999999999636 ], [ 25022.099999999998545, 4196.95857864376103 ], [ 25022.099999999998545, 4161.0 ], [ 25022.099518472667114, 4160.990198285967381 ], [ 25022.098078528040787, 4160.980490967798687 ], [ 25022.095694033574546, 4160.970971532274234 ], [ 25022.09238795325291, 4160.961731656763732 ], [ 25022.088192126433569, 4160.952860326317023 ], [ 25022.08314696123125, 4160.944442976698156 ], [ 25022.077301045337663, 4160.93656067158372 ], [ 25022.070710678119212, 4160.929289321881697 ], [ 25022.06343932841628, 4160.922698954664156 ], [ 25022.055557023300935, 4160.916853038769659 ], [ 25022.047139673682977, 4160.911807873565522 ], [ 25022.038268343236268, 4160.907612046748909 ], [ 25022.029028467724856, 4160.904305966426364 ], [ 25022.019509032201313, 4160.901921471960122 ], [ 25022.009801714033529, 4160.900481527332886 ], [ 25022.0, 4160.899999999999636 ], [ 24986.041421356236242, 4160.899999999999636 ], [ 24968.099999999998545, 4142.95857864376103 ], [ 24968.099999999998545, 4000.0 ], [ 24968.099518472667114, 3999.990198285966926 ], [ 24968.098078528040787, 3999.980490967798232 ], [ 24968.095694033574546, 3999.970971532274689 ], [ 24968.09238795325291, 3999.961731656763277 ], [ 24968.088192126433569, 3999.952860326317477 ], [ 24968.08314696123125, 3999.944442976698156 ], [ 24968.077301045337663, 3999.93656067158372 ], [ 24968.070710678119212, 3999.929289321881242 ], [ 24968.06343932841628, 3999.922698954663701 ], [ 24968.055557023300935, 3999.916853038769659 ], [ 24968.047139673682977, 3999.911807873565067 ], [ 24968.038268343236268, 3999.907612046748909 ], [ 24968.029028467724856, 3999.904305966426818 ], [ 24968.019509032201313, 3999.901921471959668 ], [ 24968.009801714033529, 3999.900481527332886 ], [ 24968.0, 3999.9 ], [ 24950.04142135623988, 3999.9 ], [ 24932.099999999998545, 3981.958578643760575 ], [ 24932.099999999998545, 3964.0 ], [ 24932.099518472667114, 3963.990198285966926 ], [ 24932.098078528040787, 3963.980490967798232 ], [ 24932.095694033574546, 3963.970971532274689 ], [ 24932.09238795325291, 3963.961731656763277 ], [ 24932.088192126433569, 3963.952860326317477 ], [ 24932.08314696123125, 3963.944442976698156 ], [ 24932.077301045337663, 3963.93656067158372 ], [ 24932.070710678119212, 3963.929289321881242 ], [ 24932.06343932841628, 3963.922698954663701 ], [ 24932.055557023300935, 3963.916853038769659 ], [ 24932.047139673682977, 3963.911807873565067 ], [ 24932.038268343236268, 3963.907612046748909 ], [ 24932.029028467724856, 3963.904305966426818 ], [ 24932.019509032201313, 3963.901921471959668 ], [ 24932.009801714033529, 3963.900481527332886 ], [ 24932.0, 3963.9 ], [ 24931.990198285966471, 3963.900481527332886 ], [ 24931.980490967798687, 3963.901921471959668 ], [ 24931.970971532275144, 3963.904305966426818 ], [ 24931.961731656763732, 3963.907612046748909 ], [ 24931.952860326317023, 3963.911807873565067 ], [ 24931.944442976699065, 3963.916853038769659 ], [ 24931.93656067158372, 3963.922698954663701 ], [ 24931.929289321880788, 3963.929289321881242 ], [ 24931.922698954662337, 3963.93656067158372 ], [ 24931.91685303876875, 3963.944442976698156 ], [ 24931.911807873566431, 3963.952860326317477 ], [ 24931.90761204674709, 3963.961731656763277 ], [ 24931.904305966425454, 3963.970971532274689 ], [ 24931.901921471959213, 3963.980490967798232 ], [ 24931.900481527332886, 3963.990198285966926 ], [ 24931.900000000001455, 3964.0 ], [ 24931.900000000001455, 4035.0 ], [ 24931.900481527332886, 4035.009801714033074 ], [ 24931.901921471959213, 4035.019509032201768 ], [ 24931.904305966425454, 4035.029028467725311 ], [ 24931.90761204674709, 4035.038268343236723 ], [ 24931.911807873566431, 4035.047139673682523 ], [ 24931.91685303876875, 4035.055557023301844 ], [ 24931.922698954662337, 4035.06343932841628 ], [ 24931.929289321880788, 4035.070710678118758 ], [ 24931.93656067158372, 4035.077301045336299 ], [ 24931.944442976699065, 4035.083146961230341 ], [ 24931.952860326317023, 4035.088192126434933 ], [ 24931.961731656763732, 4035.092387953251091 ], [ 24931.970971532275144, 4035.095694033573182 ], [ 24931.980490967798687, 4035.098078528040332 ], [ 24931.990198285966471, 4035.099518472667114 ], [ 24932.0, 4035.1 ], [ 24949.95857864376012, 4035.1 ], [ 24967.858578643761575, 4053.0 ], [ 24949.95857864376012, 4070.9 ], [ 24897.0, 4070.9 ], [ 24896.990198285966471, 4070.900481527332886 ], [ 24896.980490967798687, 4070.901921471959668 ], [ 24896.970971532275144, 4070.904305966426818 ], [ 24896.961731656763732, 4070.907612046748909 ], [ 24896.952860326317023, 4070.911807873565067 ], [ 24896.944442976699065, 4070.916853038769659 ], [ 24896.93656067158372, 4070.922698954663701 ], [ 24896.929289321880788, 4070.929289321881242 ], [ 24896.922698954662337, 4070.93656067158372 ], [ 24896.91685303876875, 4070.944442976698156 ], [ 24896.911807873566431, 4070.952860326317477 ], [ 24896.90761204674709, 4070.961731656763277 ], [ 24896.904305966425454, 4070.970971532274689 ], [ 24896.901921471959213, 4070.980490967798232 ], [ 24896.900481527332886, 4070.990198285966926 ], [ 24896.900000000001455, 4071.0 ], [ 24896.900000000001455, 4106.95857864376103 ], [ 24860.929289321880788, 4142.929289321881697 ], [ 24860.922698954662337, 4142.93656067158372 ], [ 24860.91685303876875, 4142.944442976698156 ], [ 24860.911807873566431, 4142.952860326317932 ], [ 24860.90761204674709, 4142.961731656763732 ], [ 24860.904305966425454, 4142.970971532275144 ], [ 24860.901921471959213, 4142.980490967798687 ], [ 24860.900481527332886, 4142.990198285967381 ], [ 24860.900000000001455, 4143.0 ], [ 24860.900481527332886, 4143.009801714033529 ], [ 24860.901921471959213, 4143.019509032202222 ], [ 24860.904305966425454, 4143.029028467725766 ], [ 24860.907612046750728, 4143.038268343237178 ], [ 24860.911807873566431, 4143.047139673682977 ], [ 24860.91685303876875, 4143.055557023301844 ], [ 24860.922698954662337, 4143.06343932841628 ], [ 24860.929289321880788, 4143.070710678119212 ], [ 24860.93656067158372, 4143.077301045336753 ], [ 24860.944442976699065, 4143.083146961230341 ], [ 24860.952860326317023, 4143.088192126434478 ], [ 24860.961731656763732, 4143.092387953251091 ], [ 24860.970971532275144, 4143.095694033573636 ], [ 24860.980490967798687, 4143.098078528040787 ], [ 24860.990198285966471, 4143.099518472667114 ], [ 24861.0, 4143.100000000000364 ], [ 24896.956895351078856, 4143.100000000000364 ], [ 24913.862450906632148, 4161.0 ], [ 24896.956895351078856, 4178.899999999999636 ], [ 24861.0, 4178.899999999999636 ], [ 24860.990198285966471, 4178.900481527332886 ], [ 24860.980490967798687, 4178.901921471960122 ], [ 24860.970971532275144, 4178.904305966427273 ], [ 24860.961731656763732, 4178.907612046748909 ], [ 24860.952860326317023, 4178.911807873565522 ], [ 24860.944442976699065, 4178.916853038769659 ], [ 24860.93656067158372, 4178.922698954664156 ], [ 24860.929289321880788, 4178.929289321881697 ], [ 24842.958578643763758, 4196.899999999999636 ], [ 24825.041421356236242, 4196.899999999999636 ], [ 24807.099999999998545, 4178.95857864376103 ], [ 24807.099999999998545, 4125.04142135623897 ], [ 24825.070710678119212, 4107.070710678118303 ], [ 24825.077301045337663, 4107.06343932841628 ], [ 24825.08314696123125, 4107.055557023301844 ], [ 24825.088192126433569, 4107.047139673682068 ], [ 24825.09238795325291, 4107.038268343236268 ], [ 24825.095694033574546, 4107.029028467724856 ], [ 24825.098078528040787, 4107.019509032201313 ], [ 24825.099518472667114, 4107.009801714032619 ], [ 24825.099999999998545, 4107.0 ], [ 24825.099999999998545, 4071.041421356239425 ], [ 24843.070710678119212, 4053.070710678118758 ], [ 24843.077301045337663, 4053.06343932841628 ], [ 24843.08314696123125, 4053.055557023301844 ], [ 24843.088192126433569, 4053.047139673682523 ], [ 24843.09238795325291, 4053.038268343236268 ], [ 24843.095694033574546, 4053.029028467725311 ], [ 24843.098078528040787, 4053.019509032201313 ], [ 24843.099518472667114, 4053.009801714033074 ], [ 24843.099999999998545, 4053.0 ], [ 24843.099999999998545, 4017.043104648925237 ], [ 24861.068662353296531, 4000.072701315255017 ], [ 24861.075691516358347, 4000.065351314839063 ], [ 24861.081937789658696, 4000.057325375059008 ], [ 24861.087336566968588, 4000.04870650952671 ], [ 24861.091832007845369, 4000.039583864581346 ], [ 24861.095377615209145, 4000.030051797234137 ], [ 24861.097936716261756, 4000.020208899221871 ], [ 24861.099482841804274, 4000.010156977251427 ], [ 24861.099999999998545, 4000.0 ], [ 24861.099999999998545, 3982.0 ], [ 24861.099518472667114, 3981.990198285966926 ], [ 24861.098078528040787, 3981.980490967798687 ], [ 24861.095694033574546, 3981.970971532274689 ], [ 24861.09238795325291, 3981.961731656763732 ], [ 24861.088192126433569, 3981.952860326317477 ], [ 24861.08314696123125, 3981.944442976698156 ], [ 24861.077301045337663, 3981.93656067158372 ], [ 24861.070710678119212, 3981.929289321881242 ], [ 24843.070710678119212, 3963.929289321881242 ], [ 24843.06343932841628, 3963.922698954663701 ], [ 24843.055557023300935, 3963.916853038769659 ], [ 24843.047139673682977, 3963.911807873565067 ], [ 24843.038268343236268, 3963.907612046748909 ], [ 24843.029028467724856, 3963.904305966426818 ], [ 24843.019509032201313, 3963.901921471959668 ], [ 24843.009801714033529, 3963.900481527332886 ], [ 24843.0, 3963.9 ], [ 24753.04142135623988, 3963.9 ], [ 24735.070710678119212, 3945.929289321881242 ], [ 24735.06343932841628, 3945.922698954663701 ], [ 24735.055557023300935, 3945.916853038769659 ], [ 24735.047139673682977, 3945.911807873565067 ], [ 24735.038268343236268, 3945.907612046748909 ], [ 24735.029028467724856, 3945.904305966426818 ], [ 24735.019509032201313, 3945.901921471959668 ], [ 24735.009801714033529, 3945.900481527332886 ], [ 24735.0, 3945.9 ], [ 24734.990198285966471, 3945.900481527332886 ], [ 24734.980490967798687, 3945.901921471959668 ], [ 24734.970971532275144, 3945.904305966426818 ], [ 24734.961731656763732, 3945.907612046748909 ], [ 24734.952860326317023, 3945.911807873565067 ], [ 24734.944442976699065, 3945.916853038769659 ], [ 24734.93656067158372, 3945.922698954663701 ], [ 24734.929289321880788, 3945.929289321881242 ], [ 24717.0, 3963.85857864376203 ], [ 24699.070710678119212, 3945.929289321881242 ], [ 24699.06343932841628, 3945.922698954663701 ], [ 24699.055557023300935, 3945.916853038769659 ], [ 24699.047139673682977, 3945.911807873565067 ], [ 24699.038268343236268, 3945.907612046748909 ], [ 24699.029028467724856, 3945.904305966426818 ], [ 24699.019509032201313, 3945.901921471959668 ], [ 24699.009801714033529, 3945.900481527332886 ], [ 24699.0, 3945.9 ], [ 24663.04142135623988, 3945.9 ], [ 24645.070710678119212, 3927.929289321881242 ], [ 24645.06343932841628, 3927.922698954663701 ], [ 24645.055557023300935, 3927.916853038769659 ], [ 24645.047139673682977, 3927.911807873565067 ], [ 24645.038268343236268, 3927.907612046748909 ], [ 24645.029028467724856, 3927.904305966426818 ], [ 24645.019509032201313, 3927.901921471959668 ], [ 24645.009801714033529, 3927.900481527332886 ], [ 24645.0, 3927.9 ], [ 24538.04142135623988, 3927.9 ], [ 24520.099999999998545, 3909.958578643760575 ], [ 24520.099999999998545, 3892.0 ], [ 24520.099518472667114, 3891.990198285966926 ], [ 24520.098078528040787, 3891.980490967798232 ], [ 24520.095694033574546, 3891.970971532274689 ], [ 24520.09238795325291, 3891.961731656763277 ], [ 24520.088192126433569, 3891.952860326317477 ], [ 24520.08314696123125, 3891.944442976698156 ], [ 24520.077301045337663, 3891.93656067158372 ], [ 24520.070710678119212, 3891.929289321881242 ], [ 24520.06343932841628, 3891.922698954663701 ], [ 24520.055557023300935, 3891.916853038769659 ], [ 24520.047139673682977, 3891.911807873565067 ], [ 24520.038268343236268, 3891.907612046748909 ], [ 24520.029028467724856, 3891.904305966426818 ], [ 24520.019509032201313, 3891.901921471959668 ], [ 24520.009801714033529, 3891.900481527332886 ], [ 24520.0, 3891.9 ], [ 24502.0, 3891.9 ], [ 24501.990198285966471, 3891.900481527332886 ], [ 24501.980490967798687, 3891.901921471959668 ], [ 24501.970971532275144, 3891.904305966426818 ], [ 24501.961731656763732, 3891.907612046748909 ], [ 24501.952860326317023, 3891.911807873565067 ], [ 24501.944442976699065, 3891.916853038769659 ], [ 24501.93656067158372, 3891.922698954663701 ], [ 24501.929289321880788, 3891.929289321881242 ], [ 24484.0, 3909.85857864376203 ], [ 24466.070710678119212, 3891.929289321881242 ], [ 24466.06343932841628, 3891.922698954663701 ], [ 24466.055557023300935, 3891.916853038769659 ], [ 24466.047139673682977, 3891.911807873565067 ], [ 24466.038268343236268, 3891.907612046748909 ], [ 24466.029028467724856, 3891.904305966426818 ], [ 24466.019509032201313, 3891.901921471959668 ], [ 24466.009801714033529, 3891.900481527332886 ], [ 24466.0, 3891.9 ], [ 24465.990198285966471, 3891.900481527332886 ], [ 24465.980490967798687, 3891.901921471959668 ], [ 24465.970971532275144, 3891.904305966426818 ], [ 24465.961731656763732, 3891.907612046748909 ], [ 24465.952860326317023, 3891.911807873565067 ], [ 24465.944442976699065, 3891.916853038769659 ], [ 24465.93656067158372, 3891.922698954663701 ], [ 24465.929289321880788, 3891.929289321881242 ], [ 24447.95857864376012, 3909.9 ], [ 24430.04142135623988, 3909.9 ], [ 24412.070710678119212, 3891.929289321881242 ], [ 24412.06343932841628, 3891.922698954663701 ], [ 24412.055557023300935, 3891.916853038769659 ], [ 24412.047139673682977, 3891.911807873565067 ], [ 24412.038268343236268, 3891.907612046748909 ], [ 24412.029028467724856, 3891.904305966426818 ], [ 24412.019509032201313, 3891.901921471959668 ], [ 24412.009801714033529, 3891.900481527332886 ], [ 24412.0, 3891.9 ], [ 24394.04142135623988, 3891.9 ], [ 24376.070710678119212, 3873.929289321881242 ], [ 24376.06343932841628, 3873.922698954663701 ], [ 24376.055557023300935, 3873.916853038769659 ], [ 24376.047139673682977, 3873.911807873565067 ], [ 24376.038268343236268, 3873.907612046748909 ], [ 24376.029028467724856, 3873.904305966426818 ], [ 24376.019509032201313, 3873.901921471959668 ], [ 24376.009801714033529, 3873.900481527332886 ], [ 24376.0, 3873.9 ], [ 24375.990198285966471, 3873.900481527332886 ], [ 24375.980490967798687, 3873.901921471959668 ], [ 24375.970971532275144, 3873.904305966426818 ], [ 24375.961731656763732, 3873.907612046748909 ], [ 24375.952860326317023, 3873.911807873565067 ], [ 24375.944442976699065, 3873.916853038769659 ], [ 24375.93656067158372, 3873.922698954663701 ], [ 24375.929289321880788, 3873.929289321881242 ], [ 24357.95857864376012, 3891.9 ], [ 24287.04142135623988, 3891.9 ], [ 24269.070710678119212, 3873.929289321881242 ], [ 24269.06343932841628, 3873.922698954663701 ], [ 24269.055557023300935, 3873.916853038769659 ], [ 24269.047139673682977, 3873.911807873565067 ], [ 24269.038268343236268, 3873.907612046748909 ], [ 24269.029028467724856, 3873.904305966426818 ], [ 24269.019509032201313, 3873.901921471959668 ], [ 24269.009801714033529, 3873.900481527332886 ], [ 24269.0, 3873.9 ], [ 24197.04142135623988, 3873.9 ], [ 24179.070710678119212, 3855.929289321881242 ], [ 24179.06343932841628, 3855.922698954663701 ], [ 24179.055557023300935, 3855.916853038769659 ], [ 24179.047139673682977, 3855.911807873565067 ], [ 24179.038268343236268, 3855.907612046748909 ], [ 24179.029028467724856, 3855.904305966426818 ], [ 24179.019509032201313, 3855.901921471959668 ], [ 24179.009801714033529, 3855.900481527332886 ], [ 24179.0, 3855.9 ], [ 24071.04142135623988, 3855.9 ], [ 24053.070710678119212, 3837.929289321881242 ], [ 24053.06343932841628, 3837.922698954663701 ], [ 24053.055557023300935, 3837.916853038769659 ], [ 24053.047139673682977, 3837.911807873565067 ], [ 24053.038268343236268, 3837.907612046748909 ], [ 24053.029028467724856, 3837.904305966426818 ], [ 24053.019509032201313, 3837.901921471959668 ], [ 24053.009801714033529, 3837.900481527332886 ], [ 24053.0, 3837.9 ], [ 23928.04142135623988, 3837.9 ], [ 23910.070710678119212, 3819.929289321881242 ], [ 23910.06343932841628, 3819.922698954663701 ], [ 23910.055557023300935, 3819.916853038769659 ], [ 23910.047139673682977, 3819.911807873565067 ], [ 23910.038268343236268, 3819.907612046748909 ], [ 23910.029028467724856, 3819.904305966426818 ], [ 23910.019509032201313, 3819.901921471959668 ], [ 23910.009801714033529, 3819.900481527332886 ], [ 23910.0, 3819.9 ], [ 23820.04142135623988, 3819.9 ], [ 23802.070710678119212, 3801.929289321881242 ], [ 23802.06343932841628, 3801.922698954663701 ], [ 23802.055557023300935, 3801.916853038769659 ], [ 23802.047139673682977, 3801.911807873565067 ], [ 23802.038268343236268, 3801.907612046748909 ], [ 23802.029028467724856, 3801.904305966426818 ], [ 23802.019509032201313, 3801.901921471959668 ], [ 23802.009801714033529, 3801.900481527332886 ], [ 23802.0, 3801.9 ], [ 23801.990198285966471, 3801.900481527332886 ], [ 23801.980490967798687, 3801.901921471959668 ], [ 23801.970971532275144, 3801.904305966426818 ], [ 23801.961731656763732, 3801.907612046748909 ], [ 23801.952860326317023, 3801.911807873565067 ], [ 23801.944442976699065, 3801.916853038769659 ], [ 23801.93656067158372, 3801.922698954663701 ], [ 23801.929289321880788, 3801.929289321881242 ], [ 23784.0, 3819.85857864376203 ], [ 23766.070710678119212, 3801.929289321881242 ], [ 23766.06330122736108, 3801.922585824200269 ], [ 23766.055259797140025, 3801.916655205201096 ], [ 23766.046666670557897, 3801.91155667430985 ], [ 23766.037607638674672, 3801.907341133649879 ], [ 23766.028173144004541, 3801.904050669846583 ], [ 23766.018457377562299, 3801.901718133852228 ], [ 23766.008557338493119, 3801.900366812969423 ], [ 23765.998571865660779, 3801.900010198358359 ], [ 23765.988600650867738, 3801.900651850347458 ], [ 23765.978743243576901, 3801.902285362885777 ], [ 23765.969098057026713, 3801.904894427500039 ], [ 23765.959761385718593, 3801.908452996112828 ], [ 23765.950826444026461, 3801.912925541098957 ], [ 23765.942382435587206, 3801.918267409982491 ], [ 23765.934513662712561, 3801.92442527123103 ], [ 23765.927298684746347, 3801.931337646703469 ], [ 23748.997950839297118, 3819.856529483060058 ], [ 23731.070710678119212, 3801.929289321881242 ], [ 23731.06343932841628, 3801.922698954663701 ], [ 23731.055557023300935, 3801.916853038769659 ], [ 23731.047139673682977, 3801.911807873565067 ], [ 23731.038268343236268, 3801.907612046748909 ], [ 23731.029028467724856, 3801.904305966426818 ], [ 23731.019509032201313, 3801.901921471959668 ], [ 23731.009801714033529, 3801.900481527332886 ], [ 23731.0, 3801.9 ], [ 23713.0, 3801.9 ], [ 23712.990198285966471, 3801.900481527332886 ], [ 23712.980490967798687, 3801.901921471959668 ], [ 23712.970971532275144, 3801.904305966426818 ], [ 23712.961731656763732, 3801.907612046748909 ], [ 23712.952860326317023, 3801.911807873565067 ], [ 23712.944442976699065, 3801.916853038769659 ], [ 23712.93656067158372, 3801.922698954663701 ], [ 23712.929289321880788, 3801.929289321881242 ], [ 23695.0, 3819.85857864376203 ], [ 23677.070710678119212, 3801.929289321881242 ], [ 23677.06343932841628, 3801.922698954663701 ], [ 23677.055557023300935, 3801.916853038769659 ], [ 23677.047139673682977, 3801.911807873565067 ], [ 23677.038268343236268, 3801.907612046748909 ], [ 23677.029028467724856, 3801.904305966426818 ], [ 23677.019509032201313, 3801.901921471959668 ], [ 23677.009801714033529, 3801.900481527332886 ], [ 23677.0, 3801.9 ], [ 23569.04142135623988, 3801.9 ], [ 23551.070710678119212, 3783.929289321881242 ], [ 23551.06343932841628, 3783.922698954663701 ], [ 23551.055557023300935, 3783.916853038769659 ], [ 23551.047139673682977, 3783.911807873565067 ], [ 23551.038268343236268, 3783.907612046748909 ], [ 23551.029028467724856, 3783.904305966426818 ], [ 23551.019509032201313, 3783.901921471959668 ], [ 23551.009801714033529, 3783.900481527332886 ], [ 23551.0, 3783.9 ], [ 23462.04142135623988, 3783.9 ], [ 23444.070710678119212, 3765.929289321881242 ], [ 23444.06343932841628, 3765.922698954663701 ], [ 23444.055557023300935, 3765.916853038769659 ], [ 23444.047139673682977, 3765.911807873565067 ], [ 23444.038268343236268, 3765.907612046748909 ], [ 23444.029028467724856, 3765.904305966426818 ], [ 23444.019509032201313, 3765.901921471959668 ], [ 23444.009801714033529, 3765.900481527332886 ], [ 23444.0, 3765.9 ], [ 23354.04142135623988, 3765.9 ], [ 23336.070710678119212, 3747.929289321881242 ], [ 23336.06343932841628, 3747.922698954663701 ], [ 23336.055557023300935, 3747.916853038769659 ], [ 23336.047139673682977, 3747.911807873565067 ], [ 23336.038268343236268, 3747.907612046748909 ], [ 23336.029028467724856, 3747.904305966426818 ], [ 23336.019509032201313, 3747.901921471959668 ], [ 23336.009801714033529, 3747.900481527332886 ], [ 23336.0, 3747.9 ], [ 23228.04142135623988, 3747.9 ], [ 23210.070710678119212, 3729.929289321881242 ], [ 23210.06343932841628, 3729.922698954663701 ], [ 23210.055557023300935, 3729.916853038769659 ], [ 23210.047139673682977, 3729.911807873565067 ], [ 23210.038268343236268, 3729.907612046748909 ], [ 23210.029028467724856, 3729.904305966426818 ], [ 23210.019509032201313, 3729.901921471959668 ], [ 23210.009801714033529, 3729.900481527332886 ], [ 23210.0, 3729.9 ], [ 23013.039757863567502, 3729.9 ], [ 22995.068662353296531, 3712.927298684744983 ], [ 22995.061487716040574, 3712.921137710050516 ], [ 22995.053763175517815, 3712.915682024701709 ], [ 22995.04555781462841, 3712.910980420545911 ], [ 22995.036945016407117, 3712.907074945452223 ], [ 22995.028001807710098, 3712.904000527267726 ], [ 22995.018808170367265, 3712.901784661445163 ], [ 22995.009446325861063, 3712.900447165144669 ], [ 22995.0, 3712.9 ], [ 22888.04142135623988, 3712.9 ], [ 22870.070710678119212, 3694.929289321881242 ], [ 22870.06343932841628, 3694.922698954663701 ], [ 22870.055557023300935, 3694.916853038769659 ], [ 22870.047139673682977, 3694.911807873565067 ], [ 22870.038268343236268, 3694.907612046748909 ], [ 22870.029028467724856, 3694.904305966426818 ], [ 22870.019509032201313, 3694.901921471959668 ], [ 22870.009801714033529, 3694.900481527332886 ], [ 22870.0, 3694.9 ], [ 22869.990198285966471, 3694.900481527332886 ], [ 22869.980490967798687, 3694.901921471959668 ], [ 22869.970971532275144, 3694.904305966426818 ], [ 22869.961731656763732, 3694.907612046748909 ], [ 22869.952860326317023, 3694.911807873565067 ], [ 22869.944442976699065, 3694.916853038769659 ], [ 22869.93656067158372, 3694.922698954663701 ], [ 22869.929289321880788, 3694.929289321881242 ], [ 22851.95857864376012, 3712.9 ], [ 22816.04142135623988, 3712.9 ], [ 22780.070710678119212, 3676.929289321881242 ], [ 22780.06343932841628, 3676.922698954663701 ], [ 22780.055557023300935, 3676.916853038769659 ], [ 22780.047139673682977, 3676.911807873565067 ], [ 22780.038268343236268, 3676.907612046748909 ], [ 22780.029028467724856, 3676.904305966426818 ], [ 22780.019509032201313, 3676.901921471959668 ], [ 22780.009801714033529, 3676.900481527332886 ], [ 22780.0, 3676.9 ], [ 22654.04142135623988, 3676.9 ], [ 22636.099999999998545, 3658.958578643760575 ], [ 22636.099999999998545, 3641.0 ], [ 22636.099518472667114, 3640.990198285966926 ], [ 22636.098078528040787, 3640.980490967798232 ], [ 22636.095694033574546, 3640.970971532274689 ], [ 22636.09238795325291, 3640.961731656763277 ], [ 22636.088192126433569, 3640.952860326317477 ], [ 22636.08314696123125, 3640.944442976698156 ], [ 22636.077301045337663, 3640.93656067158372 ], [ 22636.070710678119212, 3640.929289321881242 ], [ 22636.06343932841628, 3640.922698954663701 ], [ 22636.055557023300935, 3640.916853038769659 ], [ 22636.047139673682977, 3640.911807873565067 ], [ 22636.038268343236268, 3640.907612046748909 ], [ 22636.029028467724856, 3640.904305966426818 ], [ 22636.019509032201313, 3640.901921471959668 ], [ 22636.009801714033529, 3640.900481527332886 ], [ 22636.0, 3640.9 ], [ 22601.0, 3640.9 ], [ 22600.990198285966471, 3640.900481527332886 ], [ 22600.980490967798687, 3640.901921471959668 ], [ 22600.970971532275144, 3640.904305966426818 ], [ 22600.961731656763732, 3640.907612046748909 ], [ 22600.952860326317023, 3640.911807873565067 ], [ 22600.944442976699065, 3640.916853038769659 ], [ 22600.93656067158372, 3640.922698954663701 ], [ 22600.929289321880788, 3640.929289321881242 ], [ 22582.95857864376012, 3658.9 ], [ 22547.0, 3658.9 ], [ 22546.990198285966471, 3658.900481527332886 ], [ 22546.980490967798687, 3658.901921471959668 ], [ 22546.970971532275144, 3658.904305966426818 ], [ 22546.961731656763732, 3658.907612046748909 ], [ 22546.952860326317023, 3658.911807873565067 ], [ 22546.944442976699065, 3658.916853038769659 ], [ 22546.93656067158372, 3658.922698954663701 ], [ 22546.929289321880788, 3658.929289321881242 ], [ 22528.95857864376012, 3676.9 ], [ 22511.04142135623988, 3676.9 ], [ 22475.070710678119212, 3640.929289321881242 ], [ 22475.06343932841628, 3640.922698954663701 ], [ 22475.055557023300935, 3640.916853038769659 ], [ 22475.047139673682977, 3640.911807873565067 ], [ 22475.038268343236268, 3640.907612046748909 ], [ 22475.029028467724856, 3640.904305966426818 ], [ 22475.019509032201313, 3640.901921471959668 ], [ 22475.009801714033529, 3640.900481527332886 ], [ 22475.0, 3640.9 ], [ 22474.990198285966471, 3640.900481527332886 ], [ 22474.980490967798687, 3640.901921471959668 ], [ 22474.970971532275144, 3640.904305966426818 ], [ 22474.961731656763732, 3640.907612046748909 ], [ 22474.952860326317023, 3640.911807873565067 ], [ 22474.944442976699065, 3640.916853038769659 ], [ 22474.93656067158372, 3640.922698954663701 ], [ 22474.929289321880788, 3640.929289321881242 ], [ 22456.95857864376012, 3658.9 ], [ 22421.04142135623988, 3658.9 ], [ 22403.099999999998545, 3640.958578643760575 ], [ 22403.099999999998545, 3623.0 ], [ 22403.099518472667114, 3622.990198285966926 ], [ 22403.098078528040787, 3622.980490967798232 ], [ 22403.095694033574546, 3622.970971532274689 ], [ 22403.09238795325291, 3622.961731656763277 ], [ 22403.088192126433569, 3622.952860326317477 ], [ 22403.08314696123125, 3622.944442976698156 ], [ 22403.077301045337663, 3622.93656067158372 ], [ 22403.070710678119212, 3622.929289321881242 ], [ 22403.06343932841628, 3622.922698954663701 ], [ 22403.055557023300935, 3622.916853038769659 ], [ 22403.047139673682977, 3622.911807873565067 ], [ 22403.038268343236268, 3622.907612046748909 ], [ 22403.029028467724856, 3622.904305966426818 ], [ 22403.019509032201313, 3622.901921471959668 ], [ 22403.009801714033529, 3622.900481527332886 ], [ 22403.0, 3622.9 ], [ 22402.990198285966471, 3622.900481527332886 ], [ 22402.980490967798687, 3622.901921471959668 ], [ 22402.970971532275144, 3622.904305966426818 ], [ 22402.961731656763732, 3622.907612046748909 ], [ 22402.952860326317023, 3622.911807873565067 ], [ 22402.944442976699065, 3622.916853038769659 ], [ 22402.93656067158372, 3622.922698954663701 ], [ 22402.929289321880788, 3622.929289321881242 ], [ 22402.922698954662337, 3622.93656067158372 ], [ 22402.91685303876875, 3622.944442976698156 ], [ 22402.911807873566431, 3622.952860326317477 ], [ 22402.90761204674709, 3622.961731656763277 ], [ 22402.904305966425454, 3622.970971532274689 ], [ 22402.901921471959213, 3622.980490967798232 ], [ 22402.900481527332886, 3622.990198285966926 ], [ 22402.900000000001455, 3623.0 ], [ 22402.900000000001455, 3640.958578643760575 ], [ 22384.95857864376012, 3658.9 ], [ 22242.04142135623988, 3658.9 ], [ 22206.070710678119212, 3622.929289321881242 ], [ 22206.06343932841628, 3622.922698954663701 ], [ 22206.055557023300935, 3622.916853038769659 ], [ 22206.047139673682977, 3622.911807873565067 ], [ 22206.038268343236268, 3622.907612046748909 ], [ 22206.029028467724856, 3622.904305966426818 ], [ 22206.019509032201313, 3622.901921471959668 ], [ 22206.009801714033529, 3622.900481527332886 ], [ 22206.0, 3622.9 ], [ 22134.04142135623988, 3622.9 ], [ 22116.070710678119212, 3604.929289321881242 ], [ 22116.06343932841628, 3604.922698954663701 ], [ 22116.055557023300935, 3604.916853038769659 ], [ 22116.047139673682977, 3604.911807873565067 ], [ 22116.038268343236268, 3604.907612046748909 ], [ 22116.029028467724856, 3604.904305966426818 ], [ 22116.019509032201313, 3604.901921471959668 ], [ 22116.009801714033529, 3604.900481527332886 ], [ 22116.0, 3604.9 ], [ 22115.990198285966471, 3604.900481527332886 ], [ 22115.980490967798687, 3604.901921471959668 ], [ 22115.970971532275144, 3604.904305966426818 ], [ 22115.961731656763732, 3604.907612046748909 ], [ 22115.952860326317023, 3604.911807873565067 ], [ 22115.944442976699065, 3604.916853038769659 ], [ 22115.93656067158372, 3604.922698954663701 ], [ 22115.929289321880788, 3604.929289321881242 ], [ 22097.95857864376012, 3622.9 ], [ 22045.04142135623988, 3622.9 ], [ 22027.070710678119212, 3604.929289321881242 ], [ 22027.06343932841628, 3604.922698954663701 ], [ 22027.055557023300935, 3604.916853038769659 ], [ 22027.047139673682977, 3604.911807873565067 ], [ 22027.038268343236268, 3604.907612046748909 ], [ 22027.029028467724856, 3604.904305966426818 ], [ 22027.019509032201313, 3604.901921471959668 ], [ 22027.009801714033529, 3604.900481527332886 ], [ 22027.0, 3604.9 ], [ 21991.0, 3604.9 ], [ 21990.990198285966471, 3604.900481527332886 ], [ 21990.980490967798687, 3604.901921471959668 ], [ 21990.970971532275144, 3604.904305966426818 ], [ 21990.961731656763732, 3604.907612046748909 ], [ 21990.952860326317023, 3604.911807873565067 ], [ 21990.944442976699065, 3604.916853038769659 ], [ 21990.93656067158372, 3604.922698954663701 ], [ 21990.929289321880788, 3604.929289321881242 ], [ 21973.0, 3622.85857864376203 ], [ 21955.070710678119212, 3604.929289321881242 ], [ 21955.06343932841628, 3604.922698954663701 ], [ 21955.055557023300935, 3604.916853038769659 ], [ 21955.047139673682977, 3604.911807873565067 ], [ 21955.038268343236268, 3604.907612046748909 ], [ 21955.029028467724856, 3604.904305966426818 ], [ 21955.019509032201313, 3604.901921471959668 ], [ 21955.009801714033529, 3604.900481527332886 ], [ 21955.0, 3604.9 ], [ 21829.04142135623988, 3604.9 ], [ 21811.070710678119212, 3586.929289321881242 ], [ 21811.06343932841628, 3586.922698954663701 ], [ 21811.055557023300935, 3586.916853038769659 ], [ 21811.047139673682977, 3586.911807873565067 ], [ 21811.038268343236268, 3586.907612046748909 ], [ 21811.029028467724856, 3586.904305966426818 ], [ 21811.019509032201313, 3586.901921471959668 ], [ 21811.009801714033529, 3586.900481527332886 ], [ 21811.0, 3586.9 ], [ 21614.04142135623988, 3586.9 ], [ 21596.070710678119212, 3568.929289321881242 ], [ 21596.06343932841628, 3568.922698954663701 ], [ 21596.055557023300935, 3568.916853038769659 ], [ 21596.047139673682977, 3568.911807873565067 ], [ 21596.038268343236268, 3568.907612046748909 ], [ 21596.029028467724856, 3568.904305966426818 ], [ 21596.019509032201313, 3568.901921471959668 ], [ 21596.009801714033529, 3568.900481527332886 ], [ 21596.0, 3568.9 ], [ 21560.04142135623988, 3568.9 ], [ 21542.099999999998545, 3550.958578643760575 ], [ 21542.099999999998545, 3533.0 ], [ 21542.099518472667114, 3532.990198285966926 ], [ 21542.098078528040787, 3532.980490967798232 ], [ 21542.095694033574546, 3532.970971532274689 ], [ 21542.09238795325291, 3532.961731656763277 ], [ 21542.088192126433569, 3532.952860326317477 ], [ 21542.08314696123125, 3532.944442976698156 ], [ 21542.077301045337663, 3532.93656067158372 ], [ 21542.070710678119212, 3532.929289321881242 ], [ 21542.06343932841628, 3532.922698954663701 ], [ 21542.055557023300935, 3532.916853038769659 ], [ 21542.047139673682977, 3532.911807873565067 ], [ 21542.038268343236268, 3532.907612046748909 ], [ 21542.029028467724856, 3532.904305966426818 ], [ 21542.019509032201313, 3532.901921471959668 ], [ 21542.009801714033529, 3532.900481527332886 ], [ 21542.0, 3532.9 ], [ 21541.990198285966471, 3532.900481527332886 ], [ 21541.980490967798687, 3532.901921471959668 ], [ 21541.970971532275144, 3532.904305966426818 ], [ 21541.961731656763732, 3532.907612046748909 ], [ 21541.952860326317023, 3532.911807873565067 ], [ 21541.944442976699065, 3532.916853038769659 ], [ 21541.93656067158372, 3532.922698954663701 ], [ 21541.929289321880788, 3532.929289321881242 ], [ 21541.922698954662337, 3532.93656067158372 ], [ 21541.91685303876875, 3532.944442976698156 ], [ 21541.911807873566431, 3532.952860326317477 ], [ 21541.90761204674709, 3532.961731656763277 ], [ 21541.904305966425454, 3532.970971532274689 ], [ 21541.901921471959213, 3532.980490967798232 ], [ 21541.900481527332886, 3532.990198285966926 ], [ 21541.900000000001455, 3533.0 ], [ 21541.900000000001455, 3550.958578643760575 ], [ 21523.95857864376012, 3568.9 ], [ 21506.0, 3568.9 ], [ 21505.990198285966471, 3568.900481527332886 ], [ 21505.980490967798687, 3568.901921471959668 ], [ 21505.970971532275144, 3568.904305966426818 ], [ 21505.961731656763732, 3568.907612046748909 ], [ 21505.952860326317023, 3568.911807873565067 ], [ 21505.944442976699065, 3568.916853038769659 ], [ 21505.93656067158372, 3568.922698954663701 ], [ 21505.929289321880788, 3568.929289321881242 ], [ 21488.002049160702882, 3586.856529483060058 ], [ 21471.072701315253653, 3568.931337646703469 ], [ 21471.065486337287439, 3568.92442527123103 ], [ 21471.057617564412794, 3568.918267409982491 ], [ 21471.049173555973539, 3568.912925541098957 ], [ 21471.040238614281407, 3568.908452996112828 ], [ 21471.030901942973287, 3568.904894427500039 ], [ 21471.021256756423099, 3568.902285362885777 ], [ 21471.011399349132262, 3568.900651850347458 ], [ 21471.001428134339221, 3568.900010198358359 ], [ 21470.991442661506881, 3568.900366812969423 ], [ 21470.981542622437701, 3568.901718133852228 ], [ 21470.971826855995459, 3568.904050669846583 ], [ 21470.962392361325328, 3568.907341133649879 ], [ 21470.953333329442103, 3568.91155667430985 ], [ 21470.944740202859975, 3568.916655205201096 ], [ 21470.93669877263892, 3568.922585824200269 ], [ 21470.929289321880788, 3568.929289321881242 ], [ 21452.95857864376012, 3586.9 ], [ 21435.04142135623988, 3586.9 ], [ 21399.099999999998545, 3550.958578643760575 ], [ 21399.099999999998545, 3515.0 ], [ 21399.099518472667114, 3514.990198285966926 ], [ 21399.098078528040787, 3514.980490967798232 ], [ 21399.095694033574546, 3514.970971532274689 ], [ 21399.09238795325291, 3514.961731656763277 ], [ 21399.088192126433569, 3514.952860326317477 ], [ 21399.08314696123125, 3514.944442976698156 ], [ 21399.077301045337663, 3514.93656067158372 ], [ 21399.070710678119212, 3514.929289321881242 ], [ 21399.06343932841628, 3514.922698954663701 ], [ 21399.055557023300935, 3514.916853038769659 ], [ 21399.047139673682977, 3514.911807873565067 ], [ 21399.038268343236268, 3514.907612046748909 ], [ 21399.029028467724856, 3514.904305966426818 ], [ 21399.019509032201313, 3514.901921471959668 ], [ 21399.009801714033529, 3514.900481527332886 ], [ 21399.0, 3514.9 ], [ 21398.990198285966471, 3514.900481527332886 ], [ 21398.980490967798687, 3514.901921471959668 ], [ 21398.970971532275144, 3514.904305966426818 ], [ 21398.961731656763732, 3514.907612046748909 ], [ 21398.952860326317023, 3514.911807873565522 ], [ 21398.944442976699065, 3514.916853038770114 ], [ 21398.93656067158372, 3514.922698954663701 ], [ 21398.929289321880788, 3514.929289321881242 ], [ 21380.95857864376012, 3532.9 ], [ 21327.04142135623988, 3532.9 ], [ 21309.099999999998545, 3514.958578643760575 ], [ 21309.099999999998545, 3497.0 ], [ 21309.099518472667114, 3496.990198285966926 ], [ 21309.098078528040787, 3496.980490967798232 ], [ 21309.095694033574546, 3496.970971532274689 ], [ 21309.09238795325291, 3496.961731656763277 ], [ 21309.088192126433569, 3496.952860326317477 ], [ 21309.08314696123125, 3496.944442976698156 ], [ 21309.077301045337663, 3496.93656067158372 ], [ 21309.070710678119212, 3496.929289321881242 ], [ 21309.06343932841628, 3496.922698954663701 ], [ 21309.055557023300935, 3496.916853038769659 ], [ 21309.047139673682977, 3496.911807873565067 ], [ 21309.038268343236268, 3496.907612046748909 ], [ 21309.029028467724856, 3496.904305966426818 ], [ 21309.019509032201313, 3496.901921471959668 ], [ 21309.009801714033529, 3496.900481527332886 ], [ 21309.0, 3496.9 ], [ 21308.990198285966471, 3496.900481527332886 ], [ 21308.980490967798687, 3496.901921471959668 ], [ 21308.970971532275144, 3496.904305966426818 ], [ 21308.961731656763732, 3496.907612046748909 ], [ 21308.952860326317023, 3496.911807873565067 ], [ 21308.944442976699065, 3496.916853038769659 ], [ 21308.93656067158372, 3496.922698954663701 ], [ 21308.929289321880788, 3496.929289321881242 ], [ 21308.922698954662337, 3496.93656067158372 ], [ 21308.91685303876875, 3496.944442976698156 ], [ 21308.911807873566431, 3496.952860326317477 ], [ 21308.90761204674709, 3496.961731656763277 ], [ 21308.904305966425454, 3496.970971532274689 ], [ 21308.901921471959213, 3496.980490967798232 ], [ 21308.900481527332886, 3496.990198285966926 ], [ 21308.900000000001455, 3497.0 ], [ 21308.900000000001455, 3514.958578643760575 ], [ 21291.0, 3532.85857864376203 ], [ 21273.099999999998545, 3514.958578643760575 ], [ 21273.099999999998545, 3497.0 ], [ 21273.099518472667114, 3496.990198285966926 ], [ 21273.098078528040787, 3496.980490967798232 ], [ 21273.095694033574546, 3496.970971532274689 ], [ 21273.09238795325291, 3496.961731656763277 ], [ 21273.088192126433569, 3496.952860326317477 ], [ 21273.08314696123125, 3496.944442976698156 ], [ 21273.077301045337663, 3496.93656067158372 ], [ 21273.070710678119212, 3496.929289321881242 ], [ 21273.06343932841628, 3496.922698954663701 ], [ 21273.055557023300935, 3496.916853038769659 ], [ 21273.047139673682977, 3496.911807873565067 ], [ 21273.038268343236268, 3496.907612046748909 ], [ 21273.029028467724856, 3496.904305966426818 ], [ 21273.019509032201313, 3496.901921471959668 ], [ 21273.009801714033529, 3496.900481527332886 ], [ 21273.0, 3496.9 ], [ 21272.990198285966471, 3496.900481527332886 ], [ 21272.980490967798687, 3496.901921471959668 ], [ 21272.970971532275144, 3496.904305966426818 ], [ 21272.961731656763732, 3496.907612046748909 ], [ 21272.952860326317023, 3496.911807873565067 ], [ 21272.944442976699065, 3496.916853038769659 ], [ 21272.93656067158372, 3496.922698954663701 ], [ 21272.929289321880788, 3496.929289321881242 ], [ 21272.922698954662337, 3496.93656067158372 ], [ 21272.91685303876875, 3496.944442976698156 ], [ 21272.911807873566431, 3496.952860326317477 ], [ 21272.90761204674709, 3496.961731656763277 ], [ 21272.904305966425454, 3496.970971532274689 ], [ 21272.901921471959213, 3496.980490967798232 ], [ 21272.900481527332886, 3496.990198285966926 ], [ 21272.900000000001455, 3497.0 ], [ 21272.900000000001455, 3514.958578643760575 ], [ 21254.95857864376012, 3532.9 ], [ 21184.04142135623988, 3532.9 ], [ 21166.070710678119212, 3514.929289321881242 ], [ 21166.06343932841628, 3514.922698954663701 ], [ 21166.055557023300935, 3514.916853038769659 ], [ 21166.047139673682977, 3514.911807873565067 ], [ 21166.038268343236268, 3514.907612046748909 ], [ 21166.029028467724856, 3514.904305966426818 ], [ 21166.019509032201313, 3514.901921471959668 ], [ 21166.009801714033529, 3514.900481527332886 ], [ 21166.0, 3514.9 ], [ 21112.0, 3514.9 ], [ 21111.990198285966471, 3514.900481527332886 ], [ 21111.980490967798687, 3514.901921471959668 ], [ 21111.970971532275144, 3514.904305966426818 ], [ 21111.961731656763732, 3514.907612046748909 ], [ 21111.952860326317023, 3514.911807873565067 ], [ 21111.944442976699065, 3514.916853038769659 ], [ 21111.93656067158372, 3514.922698954663701 ], [ 21111.929289321880788, 3514.929289321881242 ], [ 21094.0, 3532.85857864376203 ], [ 21076.099999999998545, 3514.958578643760575 ], [ 21076.099999999998545, 3497.0 ], [ 21076.099518472667114, 3496.990198285966926 ], [ 21076.098078528040787, 3496.980490967798232 ], [ 21076.095694033574546, 3496.970971532274689 ], [ 21076.09238795325291, 3496.961731656763277 ], [ 21076.088192126433569, 3496.952860326317477 ], [ 21076.08314696123125, 3496.944442976698156 ], [ 21076.077301045337663, 3496.93656067158372 ], [ 21076.070710678119212, 3496.929289321881242 ], [ 21076.06343932841628, 3496.922698954663701 ], [ 21076.055557023300935, 3496.916853038769659 ], [ 21076.047139673682977, 3496.911807873565067 ], [ 21076.038268343236268, 3496.907612046748909 ], [ 21076.029028467724856, 3496.904305966426818 ], [ 21076.019509032201313, 3496.901921471959668 ], [ 21076.009801714033529, 3496.900481527332886 ], [ 21076.0, 3496.9 ], [ 21004.0, 3496.9 ], [ 21003.990198285966471, 3496.900481527332886 ], [ 21003.980490967798687, 3496.901921471959668 ], [ 21003.970971532275144, 3496.904305966426818 ], [ 21003.961731656763732, 3496.907612046748909 ], [ 21003.952860326317023, 3496.911807873565067 ], [ 21003.944442976699065, 3496.916853038769659 ], [ 21003.93656067158372, 3496.922698954663701 ], [ 21003.929289321880788, 3496.929289321881242 ], [ 20986.0, 3514.85857864376203 ], [ 20968.099999999998545, 3496.958578643760575 ], [ 20968.099999999998545, 3479.0 ], [ 20968.099518472667114, 3478.990198285966926 ], [ 20968.098078528040787, 3478.980490967798232 ], [ 20968.095694033574546, 3478.970971532274689 ], [ 20968.09238795325291, 3478.961731656763277 ], [ 20968.088192126433569, 3478.952860326317477 ], [ 20968.08314696123125, 3478.944442976698156 ], [ 20968.077301045337663, 3478.93656067158372 ], [ 20968.070710678119212, 3478.929289321881242 ], [ 20968.06343932841628, 3478.922698954663701 ], [ 20968.055557023300935, 3478.916853038769659 ], [ 20968.047139673682977, 3478.911807873565067 ], [ 20968.038268343236268, 3478.907612046748909 ], [ 20968.029028467724856, 3478.904305966426818 ], [ 20968.019509032201313, 3478.901921471959668 ], [ 20968.009801714033529, 3478.900481527332886 ], [ 20968.0, 3478.9 ], [ 20967.990198285966471, 3478.900481527332886 ], [ 20967.980490967798687, 3478.901921471959668 ], [ 20967.970971532275144, 3478.904305966426818 ], [ 20967.961731656763732, 3478.907612046748909 ], [ 20967.952860326317023, 3478.911807873565522 ], [ 20967.944442976699065, 3478.916853038770114 ], [ 20967.93656067158372, 3478.922698954663701 ], [ 20967.929289321880788, 3478.929289321881242 ], [ 20949.95857864376012, 3496.9 ], [ 20861.0, 3496.9 ], [ 20860.990198285966471, 3496.900481527332886 ], [ 20860.980490967798687, 3496.901921471959668 ], [ 20860.970971532275144, 3496.904305966426818 ], [ 20860.961731656763732, 3496.907612046748909 ], [ 20860.952860326317023, 3496.911807873565067 ], [ 20860.944442976699065, 3496.916853038769659 ], [ 20860.93656067158372, 3496.922698954663701 ], [ 20860.929289321880788, 3496.929289321881242 ], [ 20843.0, 3514.85857864376203 ], [ 20807.070710678119212, 3478.929289321881242 ], [ 20807.06343932841628, 3478.922698954663701 ], [ 20807.055557023300935, 3478.916853038769659 ], [ 20807.047139673682977, 3478.911807873565067 ], [ 20807.038268343236268, 3478.907612046748909 ], [ 20807.029028467724856, 3478.904305966426818 ], [ 20807.019509032201313, 3478.901921471959668 ], [ 20807.009801714033529, 3478.900481527332886 ], [ 20807.0, 3478.9 ], [ 20806.990198285966471, 3478.900481527332886 ], [ 20806.980490967798687, 3478.901921471959668 ], [ 20806.970971532275144, 3478.904305966426818 ], [ 20806.961731656763732, 3478.907612046748909 ], [ 20806.952860326317023, 3478.911807873565067 ], [ 20806.944442976699065, 3478.916853038769659 ], [ 20806.93656067158372, 3478.922698954663701 ], [ 20806.929289321880788, 3478.929289321881242 ], [ 20788.95857864376012, 3496.9 ], [ 20771.04142135623988, 3496.9 ], [ 20753.070710678119212, 3478.929289321881242 ], [ 20753.06343932841628, 3478.922698954663701 ], [ 20753.055557023300935, 3478.916853038769659 ], [ 20753.047139673682977, 3478.911807873565067 ], [ 20753.038268343236268, 3478.907612046748909 ], [ 20753.029028467724856, 3478.904305966426818 ], [ 20753.019509032201313, 3478.901921471959668 ], [ 20753.009801714033529, 3478.900481527332886 ], [ 20753.0, 3478.9 ], [ 20735.04142135623988, 3478.9 ], [ 20717.070710678119212, 3460.929289321881242 ], [ 20717.06343932841628, 3460.922698954663701 ], [ 20717.055557023300935, 3460.916853038769659 ], [ 20717.047139673682977, 3460.911807873565067 ], [ 20717.038268343236268, 3460.907612046748909 ], [ 20717.029028467724856, 3460.904305966426818 ], [ 20717.019509032201313, 3460.901921471959668 ], [ 20717.009801714033529, 3460.900481527332886 ], [ 20717.0, 3460.9 ], [ 20663.0, 3460.9 ], [ 20662.990198285966471, 3460.900481527332886 ], [ 20662.980490967798687, 3460.901921471959668 ], [ 20662.970971532275144, 3460.904305966426818 ], [ 20662.961731656763732, 3460.907612046748909 ], [ 20662.952860326317023, 3460.911807873565067 ], [ 20662.944442976699065, 3460.916853038769659 ], [ 20662.93656067158372, 3460.922698954663701 ], [ 20662.929289321880788, 3460.929289321881242 ], [ 20644.95857864376012, 3478.9 ], [ 20592.04142135623988, 3478.9 ], [ 20574.099999999998545, 3460.958578643760575 ], [ 20574.099999999998545, 3443.0 ], [ 20574.099482841804274, 3442.989843022748573 ], [ 20574.097936716261756, 3442.979791100778129 ], [ 20574.095377615209145, 3442.969948202765863 ], [ 20574.091832007845369, 3442.960416135418654 ], [ 20574.087336566968588, 3442.95129349047329 ], [ 20574.081937789658696, 3442.942674624940992 ], [ 20574.075691516358347, 3442.934648685160937 ], [ 20574.068662353296531, 3442.927298684744983 ], [ 20556.068662353296531, 3425.927298684744983 ], [ 20556.060989115572738, 3425.920751480885883 ], [ 20556.052695347410918, 3425.915010586769313 ], [ 20556.043865433304745, 3425.910134412810748 ], [ 20556.034589212740684, 3425.906172571376828 ], [ 20556.024961066112155, 3425.903165372006697 ], [ 20556.01507895447503, 3425.901143411286739 ], [ 20556.005043422836025, 3425.900127261546913 ], [ 20555.994956577163975, 3425.900127261546913 ], [ 20555.98492104552497, 3425.901143411286739 ], [ 20555.975038933887845, 3425.903165372006697 ], [ 20555.965410787259316, 3425.906172571376828 ], [ 20555.956134566695255, 3425.910134412810748 ], [ 20555.947304652589082, 3425.915010586769313 ], [ 20555.939010884427262, 3425.920751480885883 ], [ 20555.931337646703469, 3425.927298684744983 ], [ 20538.0, 3442.862450906631693 ], [ 20520.068662353296531, 3425.927298684744983 ], [ 20520.061299825738388, 3425.920991574092568 ], [ 20520.053361162837973, 3425.915427035641187 ], [ 20520.044920977277798, 3425.91065736851624 ], [ 20520.036058595367649, 3425.906727401128592 ], [ 20520.026857311491767, 3425.90367406984933 ], [ 20520.017403605266736, 3425.901526071857916 ], [ 20520.007786328718794, 3425.900303595425612 ], [ 20519.998095871225814, 3425.90001813017534 ], [ 20519.988423309965583, 3425.900672359094642 ], [ 20519.978859553913935, 3425.902260133316759 ], [ 20519.969494489425415, 3425.904766529914923 ], [ 20519.9604161354182, 3425.908167992155086 ], [ 20519.95170981613046, 3425.912432550899211 ], [ 20519.943457359171589, 3425.917520125070951 ], [ 20519.935736326460756, 3425.923382898362888 ], [ 20519.928619285245077, 3425.929965768646071 ], [ 20519.922173126080452, 3425.937206865855387 ], [ 20519.916458434123342, 3425.945038133483649 ], [ 20519.91152891974707, 3425.953385968221482 ], [ 20519.907430913703138, 3425.962171911727637 ], [ 20519.904202931706095, 3425.971313388032286 ], [ 20519.901875312410994, 3425.980724479638411 ], [ 20519.900469932283158, 3425.990316735031229 ], [ 20519.900000000001455, 3426.0 ], [ 20519.900000000001455, 3442.958578643760575 ], [ 20501.95857864376012, 3460.9 ], [ 20448.04142135623988, 3460.9 ], [ 20430.070710678119212, 3442.929289321881242 ], [ 20430.06343932841628, 3442.922698954663701 ], [ 20430.055557023300935, 3442.916853038769659 ], [ 20430.047139673682977, 3442.911807873565067 ], [ 20430.038268343236268, 3442.907612046748909 ], [ 20430.029028467724856, 3442.904305966426818 ], [ 20430.019509032201313, 3442.901921471959668 ], [ 20430.009801714033529, 3442.900481527332886 ], [ 20430.0, 3442.9 ], [ 20412.0, 3442.9 ], [ 20411.990198285966471, 3442.900481527332886 ], [ 20411.980490967798687, 3442.901921471959668 ], [ 20411.970971532275144, 3442.904305966426818 ], [ 20411.961731656763732, 3442.907612046748909 ], [ 20411.952860326317023, 3442.911807873565067 ], [ 20411.944442976699065, 3442.916853038769659 ], [ 20411.93656067158372, 3442.922698954663701 ], [ 20411.929289321880788, 3442.929289321881242 ], [ 20393.95857864376012, 3460.9 ], [ 20287.04142135623988, 3460.9 ], [ 20269.070710678119212, 3442.929289321881242 ], [ 20269.06343932841628, 3442.922698954663701 ], [ 20269.055557023300935, 3442.916853038769659 ], [ 20269.047139673682977, 3442.911807873565067 ], [ 20269.038268343236268, 3442.907612046748909 ], [ 20269.029028467724856, 3442.904305966426818 ], [ 20269.019509032201313, 3442.901921471959668 ], [ 20269.009801714033529, 3442.900481527332886 ], [ 20269.0, 3442.9 ], [ 20215.039757863567502, 3442.9 ], [ 20197.068662353296531, 3425.927298684744983 ], [ 20197.061487716040574, 3425.921137710050516 ], [ 20197.053763175517815, 3425.915682024701709 ], [ 20197.04555781462841, 3425.910980420545911 ], [ 20197.036945016407117, 3425.907074945452223 ], [ 20197.028001807710098, 3425.904000527267726 ], [ 20197.018808170367265, 3425.901784661445163 ], [ 20197.009446325861063, 3425.900447165144669 ], [ 20197.0, 3425.9 ], [ 20143.04142135623988, 3425.9 ], [ 20125.070710678119212, 3407.929289321881242 ], [ 20125.06343932841628, 3407.922698954663701 ], [ 20125.055557023300935, 3407.916853038769659 ], [ 20125.047139673682977, 3407.911807873565067 ], [ 20125.038268343236268, 3407.907612046748909 ], [ 20125.029028467724856, 3407.904305966426818 ], [ 20125.019509032201313, 3407.901921471959668 ], [ 20125.009801714033529, 3407.900481527332886 ], [ 20125.0, 3407.9 ], [ 20071.0, 3407.9 ], [ 20070.990198285966471, 3407.900481527332886 ], [ 20070.980490967798687, 3407.901921471959668 ], [ 20070.970971532275144, 3407.904305966426818 ], [ 20070.961731656763732, 3407.907612046748909 ], [ 20070.952860326317023, 3407.911807873565067 ], [ 20070.944442976699065, 3407.916853038769659 ], [ 20070.93656067158372, 3407.922698954663701 ], [ 20070.929289321880788, 3407.929289321881242 ], [ 20053.002049160702882, 3425.856529483060058 ], [ 20036.072701315253653, 3407.931337646703469 ], [ 20036.065351314839063, 3407.924308483639834 ], [ 20036.057325375059008, 3407.91806221033994 ], [ 20036.0487065095258, 3407.912663433031867 ], [ 20036.0395838645818, 3407.908167992155086 ], [ 20036.030051797235501, 3407.904622384790855 ], [ 20036.02020889922278, 3407.902063283737789 ], [ 20036.010156977252336, 3407.900517158197545 ], [ 20036.0, 3407.9 ], [ 19910.04142135623988, 3407.9 ], [ 19892.070710678119212, 3389.929289321881242 ], [ 19892.06343932841628, 3389.922698954663701 ], [ 19892.055557023300935, 3389.916853038769659 ], [ 19892.047139673682977, 3389.911807873565067 ], [ 19892.038268343236268, 3389.907612046748909 ], [ 19892.029028467724856, 3389.904305966426818 ], [ 19892.019509032201313, 3389.901921471959668 ], [ 19892.009801714033529, 3389.900481527332886 ], [ 19892.0, 3389.9 ], [ 19874.0, 3389.9 ], [ 19873.990198285966471, 3389.900481527332886 ], [ 19873.980490967798687, 3389.901921471959668 ], [ 19873.970971532275144, 3389.904305966426818 ], [ 19873.961731656763732, 3389.907612046748909 ], [ 19873.952860326317023, 3389.911807873565067 ], [ 19873.944442976699065, 3389.916853038769659 ], [ 19873.93656067158372, 3389.922698954663701 ], [ 19873.929289321880788, 3389.929289321881242 ], [ 19856.0, 3407.85857864376203 ], [ 19838.070710678119212, 3389.929289321881242 ], [ 19838.06343932841628, 3389.922698954663701 ], [ 19838.055557023300935, 3389.916853038769659 ], [ 19838.047139673682977, 3389.911807873565067 ], [ 19838.038268343236268, 3389.907612046748909 ], [ 19838.029028467724856, 3389.904305966426818 ], [ 19838.019509032201313, 3389.901921471959668 ], [ 19838.009801714033529, 3389.900481527332886 ], [ 19838.0, 3389.9 ], [ 19802.04142135623988, 3389.9 ], [ 19784.070710678119212, 3371.929289321881242 ], [ 19784.06343932841628, 3371.922698954663701 ], [ 19784.055557023300935, 3371.916853038769659 ], [ 19784.047139673682977, 3371.911807873565067 ], [ 19784.038268343236268, 3371.907612046748909 ], [ 19784.029028467724856, 3371.904305966426818 ], [ 19784.019509032201313, 3371.901921471959668 ], [ 19784.009801714033529, 3371.900481527332886 ], [ 19784.0, 3371.9 ], [ 19551.04142135623988, 3371.9 ], [ 19533.070710678119212, 3353.929289321881242 ], [ 19533.06343932841628, 3353.922698954663701 ], [ 19533.055557023300935, 3353.916853038769659 ], [ 19533.047139673682977, 3353.911807873565067 ], [ 19533.038268343236268, 3353.907612046748909 ], [ 19533.029028467724856, 3353.904305966426818 ], [ 19533.019509032201313, 3353.901921471959668 ], [ 19533.009801714033529, 3353.900481527332886 ], [ 19533.0, 3353.9 ], [ 19515.0, 3353.9 ], [ 19514.990198285966471, 3353.900481527332886 ], [ 19514.980490967798687, 3353.901921471959668 ], [ 19514.970971532275144, 3353.904305966426818 ], [ 19514.961731656763732, 3353.907612046748909 ], [ 19514.952860326317023, 3353.911807873565067 ], [ 19514.944442976699065, 3353.916853038769659 ], [ 19514.93656067158372, 3353.922698954663701 ], [ 19514.929289321880788, 3353.929289321881242 ], [ 19497.0, 3371.85857864376203 ], [ 19479.070710678119212, 3353.929289321881242 ], [ 19479.06343932841628, 3353.922698954663701 ], [ 19479.055557023300935, 3353.916853038769659 ], [ 19479.047139673682977, 3353.911807873565067 ], [ 19479.038268343236268, 3353.907612046748909 ], [ 19479.029028467724856, 3353.904305966426818 ], [ 19479.019509032201313, 3353.901921471959668 ], [ 19479.009801714033529, 3353.900481527332886 ], [ 19479.0, 3353.9 ], [ 19462.04142135623988, 3353.9 ], [ 19444.070710678119212, 3335.929289321881242 ], [ 19444.06343932841628, 3335.922698954663701 ], [ 19444.055557023300935, 3335.916853038769659 ], [ 19444.047139673682977, 3335.911807873565067 ], [ 19444.038268343236268, 3335.907612046748909 ], [ 19444.029028467724856, 3335.904305966426818 ], [ 19444.019509032201313, 3335.901921471959668 ], [ 19444.009801714033529, 3335.900481527332886 ], [ 19444.0, 3335.9 ], [ 19443.990198285966471, 3335.900481527332886 ], [ 19443.980490967798687, 3335.901921471959668 ], [ 19443.970971532275144, 3335.904305966426818 ], [ 19443.961731656763732, 3335.907612046748909 ], [ 19443.952860326317023, 3335.911807873565067 ], [ 19443.944442976699065, 3335.916853038769659 ], [ 19443.93656067158372, 3335.922698954663701 ], [ 19443.929289321880788, 3335.929289321881242 ], [ 19426.0, 3353.85857864376203 ], [ 19408.070710678119212, 3335.929289321881242 ], [ 19408.06343932841628, 3335.922698954663701 ], [ 19408.055557023300935, 3335.916853038769659 ], [ 19408.047139673682977, 3335.911807873565067 ], [ 19408.038268343236268, 3335.907612046748909 ], [ 19408.029028467724856, 3335.904305966426818 ], [ 19408.019509032201313, 3335.901921471959668 ], [ 19408.009801714033529, 3335.900481527332886 ], [ 19408.0, 3335.9 ], [ 19300.0, 3335.9 ], [ 19299.990198285966471, 3335.900481527332886 ], [ 19299.980490967798687, 3335.901921471959668 ], [ 19299.970971532275144, 3335.904305966426818 ], [ 19299.961731656763732, 3335.907612046748909 ], [ 19299.952860326317023, 3335.911807873565067 ], [ 19299.944442976699065, 3335.916853038769659 ], [ 19299.93656067158372, 3335.922698954663701 ], [ 19299.929289321880788, 3335.929289321881242 ], [ 19281.95857864376012, 3353.9 ], [ 19246.04142135623988, 3353.9 ], [ 19228.070710678119212, 3335.929289321881242 ], [ 19228.06343932841628, 3335.922698954663701 ], [ 19228.055557023300935, 3335.916853038769659 ], [ 19228.047139673682977, 3335.911807873565067 ], [ 19228.038268343236268, 3335.907612046748909 ], [ 19228.029028467724856, 3335.904305966426818 ], [ 19228.019509032201313, 3335.901921471959668 ], [ 19228.009801714033529, 3335.900481527332886 ], [ 19228.0, 3335.9 ], [ 19227.990198285966471, 3335.900481527332886 ], [ 19227.980490967798687, 3335.901921471959668 ], [ 19227.970971532275144, 3335.904305966426818 ], [ 19227.961731656763732, 3335.907612046748909 ], [ 19227.952860326317023, 3335.911807873565067 ], [ 19227.944442976699065, 3335.916853038769659 ], [ 19227.93656067158372, 3335.922698954663701 ], [ 19227.929289321880788, 3335.929289321881242 ], [ 19210.0, 3353.85857864376203 ], [ 19192.071720624560839, 3335.930299268323324 ], [ 19175.072701315253653, 3317.931337646703469 ], [ 19175.065486337287439, 3317.92442527123103 ], [ 19175.057617564412794, 3317.918267409982491 ], [ 19175.049173555973539, 3317.912925541098957 ], [ 19175.040238614281407, 3317.908452996112828 ], [ 19175.030901942973287, 3317.904894427500039 ], [ 19175.021256756423099, 3317.902285362885777 ], [ 19175.011399349132262, 3317.900651850347458 ], [ 19175.001428134339221, 3317.900010198358359 ], [ 19174.991442661506881, 3317.900366812969423 ], [ 19174.981542622437701, 3317.901718133852228 ], [ 19174.971826855995459, 3317.904050669846583 ], [ 19174.962392361325328, 3317.907341133649879 ], [ 19174.953333329442103, 3317.91155667430985 ], [ 19174.944740202859975, 3317.916655205201096 ], [ 19174.93669877263892, 3317.922585824200269 ], [ 19174.929289321880788, 3317.929289321881242 ], [ 19139.0, 3353.85857864376203 ], [ 19121.070710678119212, 3335.929289321881242 ], [ 19121.06343932841628, 3335.922698954663701 ], [ 19121.055557023300935, 3335.916853038769659 ], [ 19121.047139673682977, 3335.911807873565067 ], [ 19121.038268343236268, 3335.907612046748909 ], [ 19121.029028467724856, 3335.904305966426818 ], [ 19121.019509032201313, 3335.901921471959668 ], [ 19121.009801714033529, 3335.900481527332886 ], [ 19121.0, 3335.9 ], [ 19085.04142135623988, 3335.9 ], [ 19067.070710678119212, 3317.929289321881242 ], [ 19067.06343932841628, 3317.922698954663701 ], [ 19067.055557023300935, 3317.916853038769659 ], [ 19067.047139673682977, 3317.911807873565067 ], [ 19067.038268343236268, 3317.907612046748909 ], [ 19067.029028467724856, 3317.904305966426818 ], [ 19067.019509032201313, 3317.901921471959668 ], [ 19067.009801714033529, 3317.900481527332886 ], [ 19067.0, 3317.9 ], [ 19049.04142135623988, 3317.9 ], [ 19031.070710678119212, 3299.929289321881242 ], [ 19031.06343932841628, 3299.922698954663701 ], [ 19031.055557023300935, 3299.916853038769659 ], [ 19031.047139673682977, 3299.911807873565067 ], [ 19031.038268343236268, 3299.907612046748909 ], [ 19031.029028467724856, 3299.904305966426818 ], [ 19031.019509032201313, 3299.901921471959668 ], [ 19031.009801714033529, 3299.900481527332886 ], [ 19031.0, 3299.9 ], [ 19030.990198285966471, 3299.900481527332886 ], [ 19030.980490967798687, 3299.901921471959668 ], [ 19030.970971532275144, 3299.904305966426818 ], [ 19030.961731656763732, 3299.907612046748909 ], [ 19030.952860326317023, 3299.911807873565067 ], [ 19030.944442976699065, 3299.916853038769659 ], [ 19030.93656067158372, 3299.922698954663701 ], [ 19030.929289321880788, 3299.929289321881242 ], [ 19012.95857864376012, 3317.9 ], [ 18941.04142135623988, 3317.9 ], [ 18923.070710678119212, 3299.929289321881242 ], [ 18923.06343932841628, 3299.922698954663701 ], [ 18923.055557023300935, 3299.916853038769659 ], [ 18923.047139673682977, 3299.911807873565067 ], [ 18923.038268343236268, 3299.907612046748909 ], [ 18923.029028467724856, 3299.904305966426818 ], [ 18923.019509032201313, 3299.901921471959668 ], [ 18923.009801714033529, 3299.900481527332886 ], [ 18923.0, 3299.9 ], [ 18922.990198285966471, 3299.900481527332886 ], [ 18922.980490967798687, 3299.901921471959668 ], [ 18922.970971532275144, 3299.904305966426818 ], [ 18922.961731656763732, 3299.907612046748909 ], [ 18922.952860326317023, 3299.911807873565067 ], [ 18922.944442976699065, 3299.916853038769659 ], [ 18922.93656067158372, 3299.922698954663701 ], [ 18922.929289321880788, 3299.929289321881242 ], [ 18904.95857864376012, 3317.9 ], [ 18852.04142135623988, 3317.9 ], [ 18834.070710678119212, 3299.929289321881242 ], [ 18834.06343932841628, 3299.922698954663701 ], [ 18834.055557023300935, 3299.916853038769659 ], [ 18834.047139673682977, 3299.911807873565067 ], [ 18834.038268343236268, 3299.907612046748909 ], [ 18834.029028467724856, 3299.904305966426818 ], [ 18834.019509032201313, 3299.901921471959668 ], [ 18834.009801714033529, 3299.900481527332886 ], [ 18834.0, 3299.9 ], [ 18744.04142135623988, 3299.9 ], [ 18726.070710678119212, 3281.929289321881242 ], [ 18726.06343932841628, 3281.922698954663701 ], [ 18726.055557023300935, 3281.916853038769659 ], [ 18726.047139673682977, 3281.911807873565067 ], [ 18726.038268343236268, 3281.907612046748909 ], [ 18726.029028467724856, 3281.904305966426818 ], [ 18726.019509032201313, 3281.901921471959668 ], [ 18726.009801714033529, 3281.900481527332886 ], [ 18726.0, 3281.9 ], [ 18708.04142135623988, 3281.9 ], [ 18690.070710678119212, 3263.929289321881242 ], [ 18690.06343932841628, 3263.922698954663701 ], [ 18690.055557023300935, 3263.916853038769659 ], [ 18690.047139673682977, 3263.911807873565067 ], [ 18690.038268343236268, 3263.907612046748909 ], [ 18690.029028467724856, 3263.904305966426818 ], [ 18690.019509032201313, 3263.901921471959668 ], [ 18690.009801714033529, 3263.900481527332886 ], [ 18690.0, 3263.9 ], [ 18689.990198285966471, 3263.900481527332886 ], [ 18689.980490967798687, 3263.901921471959668 ], [ 18689.970971532275144, 3263.904305966426818 ], [ 18689.961731656763732, 3263.907612046748909 ], [ 18689.952860326317023, 3263.911807873565067 ], [ 18689.944442976699065, 3263.916853038769659 ], [ 18689.93656067158372, 3263.922698954663701 ], [ 18689.929289321880788, 3263.929289321881242 ], [ 18671.95857864376012, 3281.9 ], [ 18636.04142135623988, 3281.9 ], [ 18618.070710678119212, 3263.929289321881242 ], [ 18618.06330122736108, 3263.922585824200269 ], [ 18618.055259797140025, 3263.916655205201096 ], [ 18618.046666670557897, 3263.91155667430985 ], [ 18618.037607638674672, 3263.907341133649879 ], [ 18618.028173144004541, 3263.904050669846583 ], [ 18618.018457377562299, 3263.901718133852228 ], [ 18618.008557338493119, 3263.900366812969423 ], [ 18617.998571865660779, 3263.900010198358359 ], [ 18617.988600650867738, 3263.900651850347458 ], [ 18617.978743243576901, 3263.902285362885777 ], [ 18617.969098057026713, 3263.904894427500039 ], [ 18617.959761385718593, 3263.908452996112828 ], [ 18617.950826444026461, 3263.912925541098957 ], [ 18617.942382435587206, 3263.918267409982491 ], [ 18617.934513662712561, 3263.92442527123103 ], [ 18617.927298684746347, 3263.931337646703469 ], [ 18600.956895351078856, 3281.9 ], [ 18475.04142135623988, 3281.9 ], [ 18457.070710678119212, 3263.929289321881242 ], [ 18457.06343932841628, 3263.922698954663701 ], [ 18457.055557023300935, 3263.916853038769659 ], [ 18457.047139673682977, 3263.911807873565067 ], [ 18457.038268343236268, 3263.907612046748909 ], [ 18457.029028467724856, 3263.904305966426818 ], [ 18457.019509032201313, 3263.901921471959668 ], [ 18457.009801714033529, 3263.900481527332886 ], [ 18457.0, 3263.9 ], [ 18403.0, 3263.9 ], [ 18402.990198285966471, 3263.900481527332886 ], [ 18402.980490967798687, 3263.901921471959668 ], [ 18402.970971532275144, 3263.904305966426818 ], [ 18402.961731656763732, 3263.907612046748909 ], [ 18402.952860326317023, 3263.911807873565067 ], [ 18402.944442976699065, 3263.916853038769659 ], [ 18402.93656067158372, 3263.922698954663701 ], [ 18402.929289321880788, 3263.929289321881242 ], [ 18385.0, 3281.85857864376203 ], [ 18367.070710678119212, 3263.929289321881242 ], [ 18367.06343932841628, 3263.922698954663701 ], [ 18367.055557023300935, 3263.916853038769659 ], [ 18367.047139673682977, 3263.911807873565067 ], [ 18367.038268343236268, 3263.907612046748909 ], [ 18367.029028467724856, 3263.904305966426818 ], [ 18367.019509032201313, 3263.901921471959668 ], [ 18367.009801714033529, 3263.900481527332886 ], [ 18367.0, 3263.9 ], [ 18314.04142135623988, 3263.9 ], [ 18296.070710678119212, 3245.929289321881242 ], [ 18296.06343932841628, 3245.922698954663701 ], [ 18296.055557023300935, 3245.916853038769659 ], [ 18296.047139673682977, 3245.911807873565067 ], [ 18296.038268343236268, 3245.907612046748909 ], [ 18296.029028467724856, 3245.904305966426818 ], [ 18296.019509032201313, 3245.901921471959668 ], [ 18296.009801714033529, 3245.900481527332886 ], [ 18296.0, 3245.9 ], [ 18295.990198285966471, 3245.900481527332886 ], [ 18295.980490967798687, 3245.901921471959668 ], [ 18295.970971532275144, 3245.904305966426818 ], [ 18295.961731656763732, 3245.907612046748909 ], [ 18295.952860326317023, 3245.911807873565067 ], [ 18295.944442976699065, 3245.916853038769659 ], [ 18295.93656067158372, 3245.922698954663701 ], [ 18295.929289321880788, 3245.929289321881242 ], [ 18278.0, 3263.85857864376203 ], [ 18260.070710678119212, 3245.929289321881242 ], [ 18260.06343932841628, 3245.922698954663701 ], [ 18260.055557023300935, 3245.916853038769659 ], [ 18260.047139673682977, 3245.911807873565067 ], [ 18260.038268343236268, 3245.907612046748909 ], [ 18260.029028467724856, 3245.904305966426818 ], [ 18260.019509032201313, 3245.901921471959668 ], [ 18260.009801714033529, 3245.900481527332886 ], [ 18260.0, 3245.9 ], [ 18224.04142135623988, 3245.9 ], [ 18206.070710678119212, 3227.929289321881242 ], [ 18206.06343932841628, 3227.922698954663701 ], [ 18206.055557023300935, 3227.916853038769659 ], [ 18206.047139673682977, 3227.911807873565067 ], [ 18206.038268343236268, 3227.907612046748909 ], [ 18206.029028467724856, 3227.904305966426818 ], [ 18206.019509032201313, 3227.901921471959668 ], [ 18206.009801714033529, 3227.900481527332886 ], [ 18206.0, 3227.9 ], [ 18062.0, 3227.9 ], [ 18061.990198285966471, 3227.900481527332886 ], [ 18061.980490967798687, 3227.901921471959668 ], [ 18061.970971532275144, 3227.904305966426818 ], [ 18061.961731656763732, 3227.907612046748909 ], [ 18061.952860326317023, 3227.911807873565067 ], [ 18061.944442976699065, 3227.916853038769659 ], [ 18061.93656067158372, 3227.922698954663701 ], [ 18061.929289321880788, 3227.929289321881242 ], [ 18044.002049160702882, 3245.856529483060058 ], [ 18027.072701315253653, 3227.931337646703469 ], [ 18027.070710678119212, 3227.929289321881242 ], [ 18009.070710678119212, 3209.929289321881242 ], [ 18009.06343932841628, 3209.922698954663701 ], [ 18009.055557023300935, 3209.916853038769659 ], [ 18009.047139673682977, 3209.911807873565067 ], [ 18009.038268343236268, 3209.907612046748909 ], [ 18009.029028467724856, 3209.904305966426818 ], [ 18009.019509032201313, 3209.901921471959668 ], [ 18009.009801714033529, 3209.900481527332886 ], [ 18009.0, 3209.9 ], [ 18008.990198285966471, 3209.900481527332886 ], [ 18008.980490967798687, 3209.901921471959668 ], [ 18008.970971532275144, 3209.904305966426818 ], [ 18008.961731656763732, 3209.907612046748909 ], [ 18008.952860326317023, 3209.911807873565067 ], [ 18008.944442976699065, 3209.916853038769659 ], [ 18008.93656067158372, 3209.922698954663701 ], [ 18008.929289321880788, 3209.929289321881242 ], [ 17990.95857864376012, 3227.9 ], [ 17973.04142135623988, 3227.9 ], [ 17937.070710678119212, 3191.929289321881242 ], [ 17937.06343932841628, 3191.922698954663701 ], [ 17937.055557023300935, 3191.916853038769659 ], [ 17937.047139673682977, 3191.911807873565067 ], [ 17937.038268343236268, 3191.907612046748909 ], [ 17937.029028467724856, 3191.904305966426818 ], [ 17937.019509032201313, 3191.901921471959668 ], [ 17937.009801714033529, 3191.900481527332886 ], [ 17937.0, 3191.9 ], [ 17936.990198285966471, 3191.900481527332886 ], [ 17936.980490967798687, 3191.901921471959668 ], [ 17936.970971532275144, 3191.904305966426818 ], [ 17936.961731656763732, 3191.907612046748909 ], [ 17936.952860326317023, 3191.911807873565067 ], [ 17936.944442976699065, 3191.916853038769659 ], [ 17936.93656067158372, 3191.922698954663701 ], [ 17936.929289321880788, 3191.929289321881242 ], [ 17919.0, 3209.85857864376203 ], [ 17901.070710678119212, 3191.929289321881242 ], [ 17901.06343932841628, 3191.922698954663701 ], [ 17901.055557023300935, 3191.916853038769659 ], [ 17901.047139673682977, 3191.911807873565067 ], [ 17901.038268343236268, 3191.907612046748909 ], [ 17901.029028467724856, 3191.904305966426818 ], [ 17901.019509032201313, 3191.901921471959668 ], [ 17901.009801714033529, 3191.900481527332886 ], [ 17901.0, 3191.9 ], [ 17865.0, 3191.9 ], [ 17864.990198285966471, 3191.900481527332886 ], [ 17864.980490967798687, 3191.901921471959668 ], [ 17864.970971532275144, 3191.904305966426818 ], [ 17864.961731656763732, 3191.907612046748909 ], [ 17864.952860326317023, 3191.911807873565067 ], [ 17864.944442976699065, 3191.916853038769659 ], [ 17864.93656067158372, 3191.922698954663701 ], [ 17864.929289321880788, 3191.929289321881242 ], [ 17846.95857864376012, 3209.9 ], [ 17775.04142135623988, 3209.9 ], [ 17757.070710678119212, 3191.929289321881242 ], [ 17757.06330122736108, 3191.922585824200269 ], [ 17757.055259797140025, 3191.916655205201096 ], [ 17757.046666670557897, 3191.91155667430985 ], [ 17757.037607638674672, 3191.907341133649879 ], [ 17757.028173144004541, 3191.904050669846583 ], [ 17757.018457377562299, 3191.901718133852228 ], [ 17757.008557338493119, 3191.900366812969423 ], [ 17756.998571865660779, 3191.900010198358359 ], [ 17756.988600650867738, 3191.900651850347458 ], [ 17756.978743243576901, 3191.902285362885777 ], [ 17756.969098057026713, 3191.904894427500039 ], [ 17756.959761385718593, 3191.908452996112828 ], [ 17756.950826444026461, 3191.912925541098957 ], [ 17756.942382435587206, 3191.918267409982491 ], [ 17756.934513662712561, 3191.92442527123103 ], [ 17756.927298684746347, 3191.931337646703469 ], [ 17739.956895351078856, 3209.9 ], [ 17722.04142135623988, 3209.9 ], [ 17704.070710678119212, 3191.929289321881242 ], [ 17704.06343932841628, 3191.922698954663701 ], [ 17704.055557023300935, 3191.916853038769659 ], [ 17704.047139673682977, 3191.911807873565067 ], [ 17704.038268343236268, 3191.907612046748909 ], [ 17704.029028467724856, 3191.904305966426818 ], [ 17704.019509032201313, 3191.901921471959668 ], [ 17704.009801714033529, 3191.900481527332886 ], [ 17704.0, 3191.9 ], [ 17650.0, 3191.9 ], [ 17649.990198285966471, 3191.900481527332886 ], [ 17649.980490967798687, 3191.901921471959668 ], [ 17649.970971532275144, 3191.904305966426818 ], [ 17649.961731656763732, 3191.907612046748909 ], [ 17649.952860326317023, 3191.911807873565067 ], [ 17649.944442976699065, 3191.916853038769659 ], [ 17649.93656067158372, 3191.922698954663701 ], [ 17649.929289321880788, 3191.929289321881242 ], [ 17632.0, 3209.85857864376203 ], [ 17614.070710678119212, 3191.929289321881242 ], [ 17614.06343932841628, 3191.922698954663701 ], [ 17614.055557023300935, 3191.916853038769659 ], [ 17614.047139673682977, 3191.911807873565067 ], [ 17614.038268343236268, 3191.907612046748909 ], [ 17614.029028467724856, 3191.904305966426818 ], [ 17614.019509032201313, 3191.901921471959668 ], [ 17614.009801714033529, 3191.900481527332886 ], [ 17614.0, 3191.9 ], [ 17453.0, 3191.9 ] ], [ [ 21453.0, 30672.099999999998545 ], [ 21453.009801714033529, 30672.099518472667114 ], [ 21453.019509032201313, 30672.098078528040787 ], [ 21453.029028467724856, 30672.095694033574546 ], [ 21453.038268343236268, 30672.09238795325291 ], [ 21453.047139673682977, 30672.088192126433569 ], [ 21453.055557023300935, 30672.08314696123125 ], [ 21453.06343932841628, 30672.077301045337663 ], [ 21453.070710678119212, 30672.070710678119212 ], [ 21471.04142135623988, 30654.099999999998545 ], [ 21541.95857864376012, 30654.099999999998545 ], [ 21559.929289321880788, 30672.070710678119212 ], [ 21559.93656067158372, 30672.077301045337663 ], [ 21559.944442976699065, 30672.08314696123125 ], [ 21559.952860326317023, 30672.088192126433569 ], [ 21559.961731656763732, 30672.09238795325291 ], [ 21559.970971532275144, 30672.095694033574546 ], [ 21559.980490967798687, 30672.098078528040787 ], [ 21559.990198285966471, 30672.099518472667114 ], [ 21560.0, 30672.099999999998545 ], [ 21595.95857864376012, 30672.099999999998545 ], [ 21613.929289321880788, 30690.070710678119212 ], [ 21613.93656067158372, 30690.077301045337663 ], [ 21613.944442976699065, 30690.08314696123125 ], [ 21613.952860326317023, 30690.088192126433569 ], [ 21613.961731656763732, 30690.09238795325291 ], [ 21613.970971532275144, 30690.095694033574546 ], [ 21613.980490967798687, 30690.098078528040787 ], [ 21613.990198285966471, 30690.099518472667114 ], [ 21614.0, 30690.099999999998545 ], [ 21631.95857864376012, 30690.099999999998545 ], [ 21649.929289321880788, 30708.070710678119212 ], [ 21649.93656067158372, 30708.077301045337663 ], [ 21649.944442976699065, 30708.08314696123125 ], [ 21649.952860326317023, 30708.088192126433569 ], [ 21649.961731656763732, 30708.09238795325291 ], [ 21649.970971532275144, 30708.095694033574546 ], [ 21649.980490967798687, 30708.098078528040787 ], [ 21649.990198285966471, 30708.099518472667114 ], [ 21650.0, 30708.099999999998545 ], [ 21667.95857864376012, 30708.099999999998545 ], [ 21685.929289321880788, 30726.070710678119212 ], [ 21685.93656067158372, 30726.077301045337663 ], [ 21685.944442976699065, 30726.08314696123125 ], [ 21685.952860326317023, 30726.088192126433569 ], [ 21685.961731656763732, 30726.09238795325291 ], [ 21685.970971532275144, 30726.095694033574546 ], [ 21685.980490967798687, 30726.098078528040787 ], [ 21685.990198285966471, 30726.099518472667114 ], [ 21686.0, 30726.099999999998545 ], [ 21703.95857864376012, 30726.099999999998545 ], [ 21721.900000000001455, 30744.04142135623988 ], [ 21721.900000000001455, 30761.95857864376012 ], [ 21703.929289321880788, 30779.929289321880788 ], [ 21703.922698954662337, 30779.93656067158372 ], [ 21703.91685303876875, 30779.944442976699065 ], [ 21703.911807873566431, 30779.952860326317023 ], [ 21703.90761204674709, 30779.961731656763732 ], [ 21703.904305966425454, 30779.970971532275144 ], [ 21703.901921471959213, 30779.980490967798687 ], [ 21703.900481527332886, 30779.990198285966471 ], [ 21703.900000000001455, 30780.0 ], [ 21703.900000000001455, 30798.0 ], [ 21703.900481527332886, 30798.009801714033529 ], [ 21703.901921471959213, 30798.019509032201313 ], [ 21703.904305966425454, 30798.029028467724856 ], [ 21703.90761204674709, 30798.038268343236268 ], [ 21703.911807873566431, 30798.047139673682977 ], [ 21703.91685303876875, 30798.055557023300935 ], [ 21703.922698954662337, 30798.06343932841628 ], [ 21703.929289321880788, 30798.070710678119212 ], [ 21703.93656067158372, 30798.077301045337663 ], [ 21703.944442976699065, 30798.08314696123125 ], [ 21703.952860326317023, 30798.088192126433569 ], [ 21703.961731656763732, 30798.09238795325291 ], [ 21703.970971532275144, 30798.095694033574546 ], [ 21703.980490967798687, 30798.098078528040787 ], [ 21703.990198285966471, 30798.099518472667114 ], [ 21704.0, 30798.099999999998545 ], [ 21704.009801714033529, 30798.099518472667114 ], [ 21704.019509032201313, 30798.098078528040787 ], [ 21704.029028467724856, 30798.095694033574546 ], [ 21704.038268343236268, 30798.09238795325291 ], [ 21704.047139673682977, 30798.088192126433569 ], [ 21704.055557023300935, 30798.08314696123125 ], [ 21704.06343932841628, 30798.077301045337663 ], [ 21704.070710678119212, 30798.070710678119212 ], [ 21704.077301045337663, 30798.06343932841628 ], [ 21704.08314696123125, 30798.055557023300935 ], [ 21704.088192126433569, 30798.047139673682977 ], [ 21704.09238795325291, 30798.038268343236268 ], [ 21704.095694033574546, 30798.029028467724856 ], [ 21704.098078528040787, 30798.019509032201313 ], [ 21704.099518472667114, 30798.009801714033529 ], [ 21704.099999999998545, 30798.0 ], [ 21704.099999999998545, 30780.04142135623988 ], [ 21740.0, 30744.141421356238425 ], [ 21757.929289321880788, 30762.070710678119212 ], [ 21757.93656067158372, 30762.077301045337663 ], [ 21757.944442976699065, 30762.08314696123125 ], [ 21757.952860326317023, 30762.088192126433569 ], [ 21757.961731656763732, 30762.09238795325291 ], [ 21757.970971532275144, 30762.095694033574546 ], [ 21757.980490967798687, 30762.098078528040787 ], [ 21757.990198285966471, 30762.099518472667114 ], [ 21758.0, 30762.099999999998545 ], [ 21774.95857864376012, 30762.099999999998545 ], [ 21792.929289321880788, 30780.070710678119212 ], [ 21792.93656067158372, 30780.077301045337663 ], [ 21792.944442976699065, 30780.08314696123125 ], [ 21792.952860326317023, 30780.088192126433569 ], [ 21792.961731656763732, 30780.09238795325291 ], [ 21792.970971532275144, 30780.095694033574546 ], [ 21792.980490967798687, 30780.098078528040787 ], [ 21792.990198285966471, 30780.099518472667114 ], [ 21793.0, 30780.099999999998545 ], [ 21810.95857864376012, 30780.099999999998545 ], [ 21828.929289321880788, 30798.070710678119212 ], [ 21828.93656067158372, 30798.077301045337663 ], [ 21828.944442976699065, 30798.08314696123125 ], [ 21828.952860326317023, 30798.088192126433569 ], [ 21828.961731656763732, 30798.09238795325291 ], [ 21828.970971532275144, 30798.095694033574546 ], [ 21828.980490967798687, 30798.098078528040787 ], [ 21828.990198285966471, 30798.099518472667114 ], [ 21829.0, 30798.099999999998545 ], [ 21846.95857864376012, 30798.099999999998545 ], [ 21864.929289321880788, 30816.070710678119212 ], [ 21864.93656067158372, 30816.077301045337663 ], [ 21864.944442976699065, 30816.08314696123125 ], [ 21864.952860326317023, 30816.088192126433569 ], [ 21864.961731656763732, 30816.09238795325291 ], [ 21864.970971532275144, 30816.095694033574546 ], [ 21864.980490967798687, 30816.098078528040787 ], [ 21864.990198285966471, 30816.099518472667114 ], [ 21865.0, 30816.099999999998545 ], [ 21882.95857864376012, 30816.099999999998545 ], [ 21900.900000000001455, 30834.04142135623988 ], [ 21900.900000000001455, 30888.0 ], [ 21900.900481527332886, 30888.009801714033529 ], [ 21900.901921471959213, 30888.019509032201313 ], [ 21900.904305966425454, 30888.029028467724856 ], [ 21900.90761204674709, 30888.038268343236268 ], [ 21900.911807873566431, 30888.047139673682977 ], [ 21900.91685303876875, 30888.055557023300935 ], [ 21900.922698954662337, 30888.06343932841628 ], [ 21900.929289321880788, 30888.070710678119212 ], [ 21918.900000000001455, 30906.04142135623988 ], [ 21918.900000000001455, 30941.0 ], [ 21918.900481527332886, 30941.009801714033529 ], [ 21918.901921471959213, 30941.019509032201313 ], [ 21918.904305966425454, 30941.029028467724856 ], [ 21918.90761204674709, 30941.038268343236268 ], [ 21918.911807873566431, 30941.047139673682977 ], [ 21918.91685303876875, 30941.055557023300935 ], [ 21918.922698954662337, 30941.06343932841628 ], [ 21918.929289321880788, 30941.070710678119212 ], [ 21936.900000000001455, 30959.04142135623988 ], [ 21936.900000000001455, 30995.0 ], [ 21936.900481527332886, 30995.009801714033529 ], [ 21936.901921471959213, 30995.019509032201313 ], [ 21936.904305966425454, 30995.029028467724856 ], [ 21936.90761204674709, 30995.038268343236268 ], [ 21936.911807873566431, 30995.047139673682977 ], [ 21936.91685303876875, 30995.055557023300935 ], [ 21936.922698954662337, 30995.06343932841628 ], [ 21936.929289321880788, 30995.070710678119212 ], [ 21954.900000000001455, 31013.04142135623988 ], [ 21954.900000000001455, 31067.0 ], [ 21954.900481527332886, 31067.009801714033529 ], [ 21954.901921471959213, 31067.019509032201313 ], [ 21954.904305966425454, 31067.029028467724856 ], [ 21954.90761204674709, 31067.038268343236268 ], [ 21954.911807873566431, 31067.047139673682977 ], [ 21954.91685303876875, 31067.055557023300935 ], [ 21954.922698954662337, 31067.06343932841628 ], [ 21954.929289321880788, 31067.070710678119212 ], [ 21972.900000000001455, 31085.04142135623988 ], [ 21972.900000000001455, 31193.0 ], [ 21972.900517158195726, 31193.010156977252336 ], [ 21972.902063283738244, 31193.02020889922278 ], [ 21972.904622384790855, 31193.030051797235501 ], [ 21972.908167992154631, 31193.0395838645818 ], [ 21972.912663433031412, 31193.0487065095258 ], [ 21972.918062210341304, 31193.057325375059008 ], [ 21972.924308483638015, 31193.065351314839063 ], [ 21972.931337646703469, 31193.072701315253653 ], [ 21990.900000000001455, 31210.043104648924782 ], [ 21990.900000000001455, 31227.95857864376012 ], [ 21973.0, 31245.858578643761575 ], [ 21955.070710678119212, 31227.929289321880788 ], [ 21955.06343932841628, 31227.922698954662337 ], [ 21955.055557023300935, 31227.91685303876875 ], [ 21955.047139673682977, 31227.911807873566431 ], [ 21955.038268343236268, 31227.90761204674709 ], [ 21955.029028467724856, 31227.904305966425454 ], [ 21955.019509032201313, 31227.901921471959213 ], [ 21955.009801714033529, 31227.900481527332886 ], [ 21955.0, 31227.900000000001455 ], [ 21954.990198285966471, 31227.900481527332886 ], [ 21954.980490967798687, 31227.901921471959213 ], [ 21954.970971532275144, 31227.904305966425454 ], [ 21954.961731656763732, 31227.90761204674709 ], [ 21954.952860326317023, 31227.911807873566431 ], [ 21954.944442976699065, 31227.91685303876875 ], [ 21954.93656067158372, 31227.922698954662337 ], [ 21954.929289321880788, 31227.929289321880788 ], [ 21954.922698954662337, 31227.93656067158372 ], [ 21954.91685303876875, 31227.944442976699065 ], [ 21954.911807873566431, 31227.952860326317023 ], [ 21954.90761204674709, 31227.961731656763732 ], [ 21954.904305966425454, 31227.970971532275144 ], [ 21954.901921471959213, 31227.980490967798687 ], [ 21954.900481527332886, 31227.990198285966471 ], [ 21954.900000000001455, 31228.0 ], [ 21954.900481527332886, 31228.009801714033529 ], [ 21954.901921471959213, 31228.019509032201313 ], [ 21954.904305966425454, 31228.029028467724856 ], [ 21954.90761204674709, 31228.038268343236268 ], [ 21954.911807873566431, 31228.047139673682977 ], [ 21954.91685303876875, 31228.055557023300935 ], [ 21954.922698954662337, 31228.06343932841628 ], [ 21954.929289321880788, 31228.070710678119212 ], [ 21990.900000000001455, 31264.04142135623988 ], [ 21990.900000000001455, 31514.95857864376012 ], [ 21972.929289321880788, 31532.929289321880788 ], [ 21972.922698954662337, 31532.93656067158372 ], [ 21972.91685303876875, 31532.944442976699065 ], [ 21972.911807873566431, 31532.952860326317023 ], [ 21972.90761204674709, 31532.961731656763732 ], [ 21972.904305966425454, 31532.970971532275144 ], [ 21972.901921471959213, 31532.980490967798687 ], [ 21972.900481527332886, 31532.990198285966471 ], [ 21972.900000000001455, 31533.0 ], [ 21972.900481527332886, 31533.009801714033529 ], [ 21972.901921471959213, 31533.019509032201313 ], [ 21972.904305966425454, 31533.029028467724856 ], [ 21972.90761204674709, 31533.038268343236268 ], [ 21972.911807873566431, 31533.047139673682977 ], [ 21972.91685303876875, 31533.055557023300935 ], [ 21972.922698954662337, 31533.06343932841628 ], [ 21972.929289321880788, 31533.070710678119212 ], [ 21990.858578643761575, 31551.0 ], [ 21972.929289321880788, 31568.929289321880788 ], [ 21972.922698954662337, 31568.93656067158372 ], [ 21972.91685303876875, 31568.944442976699065 ], [ 21972.911807873566431, 31568.952860326317023 ], [ 21972.90761204674709, 31568.961731656763732 ], [ 21972.904305966425454, 31568.970971532275144 ], [ 21972.901921471959213, 31568.980490967798687 ], [ 21972.900481527332886, 31568.990198285966471 ], [ 21972.900000000001455, 31569.0 ], [ 21972.900000000001455, 31856.0 ], [ 21972.900481527332886, 31856.009801714033529 ], [ 21972.901921471959213, 31856.019509032201313 ], [ 21972.904305966425454, 31856.029028467724856 ], [ 21972.90761204674709, 31856.038268343236268 ], [ 21972.911807873566431, 31856.047139673682977 ], [ 21972.91685303876875, 31856.055557023300935 ], [ 21972.922698954662337, 31856.06343932841628 ], [ 21972.929289321880788, 31856.070710678119212 ], [ 21990.900000000001455, 31874.04142135623988 ], [ 21990.900000000001455, 31928.0 ], [ 21990.900481527332886, 31928.009801714033529 ], [ 21990.901921471959213, 31928.019509032201313 ], [ 21990.904305966425454, 31928.029028467724856 ], [ 21990.90761204674709, 31928.038268343236268 ], [ 21990.911807873566431, 31928.047139673682977 ], [ 21990.91685303876875, 31928.055557023300935 ], [ 21990.922698954662337, 31928.06343932841628 ], [ 21990.929289321880788, 31928.070710678119212 ], [ 22008.900000000001455, 31946.04142135623988 ], [ 22008.900000000001455, 31964.0 ], [ 22008.900481527332886, 31964.009801714033529 ], [ 22008.901921471959213, 31964.019509032201313 ], [ 22008.904305966425454, 31964.029028467724856 ], [ 22008.90761204674709, 31964.038268343236268 ], [ 22008.911807873566431, 31964.047139673682977 ], [ 22008.91685303876875, 31964.055557023300935 ], [ 22008.922698954662337, 31964.06343932841628 ], [ 22008.929289321880788, 31964.070710678119212 ], [ 22044.900000000001455, 32000.04142135623988 ], [ 22044.900000000001455, 32018.0 ], [ 22044.900447165146034, 32018.009446325861063 ], [ 22044.901784661444253, 32018.018808170367265 ], [ 22044.904000527269091, 32018.028001807710098 ], [ 22044.907074945451313, 32018.036945016407117 ], [ 22044.910980420547276, 32018.04555781462841 ], [ 22044.9156820247008, 32018.053763175517815 ], [ 22044.921137710050971, 32018.061487716040574 ], [ 22044.927298684746347, 32018.068662353296531 ], [ 22061.927298684746347, 32036.068662353296531 ], [ 22061.929289321880788, 32036.070710678119212 ], [ 22079.929289321880788, 32054.070710678119212 ], [ 22079.931337646703469, 32054.072701315253653 ], [ 22097.930299268315139, 32071.071720624553564 ], [ 22169.929289321880788, 32143.070710678119212 ], [ 22169.93656067158372, 32143.077301045337663 ], [ 22169.944442976699065, 32143.08314696123125 ], [ 22169.952860326317023, 32143.088192126433569 ], [ 22169.961731656763732, 32143.09238795325291 ], [ 22169.970971532275144, 32143.095694033574546 ], [ 22169.980490967798687, 32143.098078528040787 ], [ 22169.990198285966471, 32143.099518472667114 ], [ 22170.0, 32143.099999999998545 ], [ 22187.95857864376012, 32143.099999999998545 ], [ 22223.929289321880788, 32179.070710678119212 ], [ 22223.93656067158372, 32179.077301045337663 ], [ 22223.944442976699065, 32179.08314696123125 ], [ 22223.952860326317023, 32179.088192126433569 ], [ 22223.961731656763732, 32179.09238795325291 ], [ 22223.970971532275144, 32179.095694033574546 ], [ 22223.980490967798687, 32179.098078528040787 ], [ 22223.990198285966471, 32179.099518472667114 ], [ 22224.0, 32179.099999999998545 ], [ 22241.95857864376012, 32179.099999999998545 ], [ 22313.928279375446436, 32251.069700731684861 ], [ 22330.927298684746347, 32269.068662353296531 ], [ 22330.929289321880788, 32269.070710678119212 ], [ 22348.929289321880788, 32287.070710678119212 ], [ 22348.93656067158372, 32287.077301045337663 ], [ 22348.944442976699065, 32287.08314696123125 ], [ 22348.952860326317023, 32287.088192126433569 ], [ 22348.961731656763732, 32287.09238795325291 ], [ 22348.970971532275144, 32287.095694033574546 ], [ 22348.980490967798687, 32287.098078528040787 ], [ 22348.990198285966471, 32287.099518472667114 ], [ 22349.0, 32287.099999999998545 ], [ 22366.95857864376012, 32287.099999999998545 ], [ 22384.929289321880788, 32305.070710678119212 ], [ 22384.93656067158372, 32305.077301045337663 ], [ 22384.944442976699065, 32305.08314696123125 ], [ 22384.952860326317023, 32305.088192126433569 ], [ 22384.961731656763732, 32305.09238795325291 ], [ 22384.970971532275144, 32305.095694033574546 ], [ 22384.980490967798687, 32305.098078528040787 ], [ 22384.990198285966471, 32305.099518472667114 ], [ 22385.0, 32305.099999999998545 ], [ 22402.95857864376012, 32305.099999999998545 ], [ 22420.900000000001455, 32323.04142135623988 ], [ 22420.900000000001455, 32341.0 ], [ 22420.900517158195726, 32341.010156977252336 ], [ 22420.902063283738244, 32341.02020889922278 ], [ 22420.904622384790855, 32341.030051797235501 ], [ 22420.908167992154631, 32341.0395838645818 ], [ 22420.912663433031412, 32341.0487065095258 ], [ 22420.918062210341304, 32341.057325375059008 ], [ 22420.924308483638015, 32341.065351314839063 ], [ 22420.931337646703469, 32341.072701315253653 ], [ 22438.930299268315139, 32358.071720624553564 ], [ 22456.929289321880788, 32376.070710678119212 ], [ 22456.93656067158372, 32376.077301045337663 ], [ 22456.944442976699065, 32376.08314696123125 ], [ 22456.952860326317023, 32376.088192126433569 ], [ 22456.961731656763732, 32376.09238795325291 ], [ 22456.970971532275144, 32376.095694033574546 ], [ 22456.980490967798687, 32376.098078528040787 ], [ 22456.990198285966471, 32376.099518472667114 ], [ 22457.0, 32376.099999999998545 ], [ 22474.95857864376012, 32376.099999999998545 ], [ 22492.929289321880788, 32394.070710678119212 ], [ 22492.93656067158372, 32394.077301045337663 ], [ 22492.944442976699065, 32394.08314696123125 ], [ 22492.952860326317023, 32394.088192126433569 ], [ 22492.961731656763732, 32394.09238795325291 ], [ 22492.970971532275144, 32394.095694033574546 ], [ 22492.980490967798687, 32394.098078528040787 ], [ 22492.990198285966471, 32394.099518472667114 ], [ 22493.0, 32394.099999999998545 ], [ 22510.95857864376012, 32394.099999999998545 ], [ 22546.858578643761575, 32430.0 ], [ 22528.95857864376012, 32447.900000000001455 ], [ 22511.04142135623988, 32447.900000000001455 ], [ 22493.070710678119212, 32429.929289321880788 ], [ 22493.06343932841628, 32429.922698954662337 ], [ 22493.055557023300935, 32429.91685303876875 ], [ 22493.047139673682977, 32429.911807873566431 ], [ 22493.038268343236268, 32429.90761204674709 ], [ 22493.029028467724856, 32429.904305966425454 ], [ 22493.019509032201313, 32429.901921471959213 ], [ 22493.009801714033529, 32429.900481527332886 ], [ 22493.0, 32429.900000000001455 ], [ 22475.0, 32429.900000000001455 ], [ 22474.990198285966471, 32429.900481527332886 ], [ 22474.980490967798687, 32429.901921471959213 ], [ 22474.970971532275144, 32429.904305966425454 ], [ 22474.961731656763732, 32429.90761204674709 ], [ 22474.952860326317023, 32429.911807873566431 ], [ 22474.944442976699065, 32429.91685303876875 ], [ 22474.93656067158372, 32429.922698954662337 ], [ 22474.929289321880788, 32429.929289321880788 ], [ 22474.922698954662337, 32429.93656067158372 ], [ 22474.91685303876875, 32429.944442976699065 ], [ 22474.911807873566431, 32429.952860326317023 ], [ 22474.90761204674709, 32429.961731656763732 ], [ 22474.904305966425454, 32429.970971532275144 ], [ 22474.901921471959213, 32429.980490967798687 ], [ 22474.900481527332886, 32429.990198285966471 ], [ 22474.900000000001455, 32430.0 ], [ 22474.900000000001455, 32465.95857864376012 ], [ 22457.0, 32483.858578643761575 ], [ 22439.070710678119212, 32465.929289321880788 ], [ 22439.06343932841628, 32465.922698954662337 ], [ 22439.055557023300935, 32465.91685303876875 ], [ 22439.047139673682977, 32465.911807873566431 ], [ 22439.038268343236268, 32465.90761204674709 ], [ 22439.029028467724856, 32465.904305966425454 ], [ 22439.019509032201313, 32465.901921471959213 ], [ 22439.009801714033529, 32465.900481527332886 ], [ 22439.0, 32465.900000000001455 ], [ 22421.04142135623988, 32465.900000000001455 ], [ 22403.141421356238425, 32448.0 ], [ 22439.070710678119212, 32412.070710678119212 ], [ 22439.077301045337663, 32412.06343932841628 ], [ 22439.08314696123125, 32412.055557023300935 ], [ 22439.088192126433569, 32412.047139673682977 ], [ 22439.09238795325291, 32412.038268343236268 ], [ 22439.095694033574546, 32412.029028467724856 ], [ 22439.098078528040787, 32412.019509032201313 ], [ 22439.099518472667114, 32412.009801714033529 ], [ 22439.099999999998545, 32412.0 ], [ 22439.099518472667114, 32411.990198285966471 ], [ 22439.098078528040787, 32411.980490967798687 ], [ 22439.095694033574546, 32411.970971532275144 ], [ 22439.09238795325291, 32411.961731656763732 ], [ 22439.088192126433569, 32411.952860326317023 ], [ 22439.08314696123125, 32411.944442976699065 ], [ 22439.077301045337663, 32411.93656067158372 ], [ 22439.070710678119212, 32411.929289321880788 ], [ 22439.06343932841628, 32411.922698954662337 ], [ 22439.055557023300935, 32411.91685303876875 ], [ 22439.047139673682977, 32411.911807873566431 ], [ 22439.038268343236268, 32411.90761204674709 ], [ 22439.029028467724856, 32411.904305966425454 ], [ 22439.019509032201313, 32411.901921471959213 ], [ 22439.009801714033529, 32411.900481527332886 ], [ 22439.0, 32411.900000000001455 ], [ 22403.04142135623988, 32411.900000000001455 ], [ 22385.099999999998545, 32393.95857864376012 ], [ 22385.099999999998545, 32376.0 ], [ 22385.099518472667114, 32375.990198285966471 ], [ 22385.098078528040787, 32375.980490967798687 ], [ 22385.095694033574546, 32375.970971532275144 ], [ 22385.09238795325291, 32375.961731656763732 ], [ 22385.088192126433569, 32375.952860326317023 ], [ 22385.08314696123125, 32375.944442976699065 ], [ 22385.077301045337663, 32375.93656067158372 ], [ 22385.070710678119212, 32375.929289321880788 ], [ 22367.070710678119212, 32357.929289321880788 ], [ 22367.068662353296531, 32357.927298684746347 ], [ 22349.068662353296531, 32340.927298684746347 ], [ 22349.060989115572738, 32340.920751480887702 ], [ 22349.052695347410918, 32340.915010586770222 ], [ 22349.043865433308383, 32340.910134412810294 ], [ 22349.034589212740684, 32340.906172571376374 ], [ 22349.024961066112155, 32340.903165372004878 ], [ 22349.01507895447503, 32340.901143411287194 ], [ 22349.005043422836025, 32340.900127261546004 ], [ 22348.994956577163975, 32340.900127261546004 ], [ 22348.98492104552497, 32340.901143411287194 ], [ 22348.975038933887845, 32340.903165372004878 ], [ 22348.965410787259316, 32340.906172571376374 ], [ 22348.956134566691617, 32340.910134412810294 ], [ 22348.947304652589082, 32340.915010586770222 ], [ 22348.939010884427262, 32340.920751480887702 ], [ 22348.931337646703469, 32340.927298684746347 ], [ 22330.960242136432498, 32357.900000000001455 ], [ 22224.0, 32357.900000000001455 ], [ 22223.990198285966471, 32357.900481527332886 ], [ 22223.980490967798687, 32357.901921471959213 ], [ 22223.970971532275144, 32357.904305966425454 ], [ 22223.961731656763732, 32357.90761204674709 ], [ 22223.952860326317023, 32357.911807873566431 ], [ 22223.944442976699065, 32357.91685303876875 ], [ 22223.93656067158372, 32357.922698954662337 ], [ 22223.929289321880788, 32357.929289321880788 ], [ 22205.929289321880788, 32375.929289321880788 ], [ 22205.922698954662337, 32375.93656067158372 ], [ 22205.91685303876875, 32375.944442976699065 ], [ 22205.911807873566431, 32375.952860326317023 ], [ 22205.90761204674709, 32375.961731656763732 ], [ 22205.904305966425454, 32375.970971532275144 ], [ 22205.901921471959213, 32375.980490967798687 ], [ 22205.900481527332886, 32375.990198285966471 ], [ 22205.900000000001455, 32376.0 ], [ 22205.900000000001455, 32393.95857864376012 ], [ 22187.929289321880788, 32411.929289321880788 ], [ 22187.922698954662337, 32411.93656067158372 ], [ 22187.91685303876875, 32411.944442976699065 ], [ 22187.911807873566431, 32411.952860326317023 ], [ 22187.90761204674709, 32411.961731656763732 ], [ 22187.904305966425454, 32411.970971532275144 ], [ 22187.901921471959213, 32411.980490967798687 ], [ 22187.900481527332886, 32411.990198285966471 ], [ 22187.900000000001455, 32412.0 ], [ 22187.900000000001455, 32447.95857864376012 ], [ 22170.0, 32465.858578643761575 ], [ 22134.099999999998545, 32429.95857864376012 ], [ 22134.099999999998545, 32394.04142135623988 ], [ 22170.070710678119212, 32358.070710678119212 ], [ 22170.077301045337663, 32358.06343932841628 ], [ 22170.08314696123125, 32358.055557023300935 ], [ 22170.088192126433569, 32358.047139673682977 ], [ 22170.09238795325291, 32358.038268343236268 ], [ 22170.095694033574546, 32358.029028467724856 ], [ 22170.098078528040787, 32358.019509032201313 ], [ 22170.099518472667114, 32358.009801714033529 ], [ 22170.099999999998545, 32358.0 ], [ 22170.099518472667114, 32357.990198285966471 ], [ 22170.098078528040787, 32357.980490967798687 ], [ 22170.095694033574546, 32357.970971532275144 ], [ 22170.09238795325291, 32357.961731656763732 ], [ 22170.088192126433569, 32357.952860326317023 ], [ 22170.08314696123125, 32357.944442976699065 ], [ 22170.077301045337663, 32357.93656067158372 ], [ 22170.070710678119212, 32357.929289321880788 ], [ 22170.06343932841628, 32357.922698954662337 ], [ 22170.055557023300935, 32357.91685303876875 ], [ 22170.047139673682977, 32357.911807873566431 ], [ 22170.038268343236268, 32357.90761204674709 ], [ 22170.029028467724856, 32357.904305966425454 ], [ 22170.019509032201313, 32357.901921471959213 ], [ 22170.009801714033529, 32357.900481527332886 ], [ 22170.0, 32357.900000000001455 ], [ 22152.0, 32357.900000000001455 ], [ 22151.990198285966471, 32357.900481527332886 ], [ 22151.980490967798687, 32357.901921471959213 ], [ 22151.970971532275144, 32357.904305966425454 ], [ 22151.961731656763732, 32357.90761204674709 ], [ 22151.952860326317023, 32357.911807873566431 ], [ 22151.944442976699065, 32357.91685303876875 ], [ 22151.93656067158372, 32357.922698954662337 ], [ 22151.929289321880788, 32357.929289321880788 ], [ 22133.95857864376012, 32375.900000000001455 ], [ 22116.04142135623988, 32375.900000000001455 ], [ 22098.070710678119212, 32357.929289321880788 ], [ 22098.06343932841628, 32357.922698954662337 ], [ 22098.055557023300935, 32357.91685303876875 ], [ 22098.047139673682977, 32357.911807873566431 ], [ 22098.038268343236268, 32357.90761204674709 ], [ 22098.029028467724856, 32357.904305966425454 ], [ 22098.019509032201313, 32357.901921471959213 ], [ 22098.009801714033529, 32357.900481527332886 ], [ 22098.0, 32357.900000000001455 ], [ 22097.990198285966471, 32357.900481527332886 ], [ 22097.980490967798687, 32357.901921471959213 ], [ 22097.970971532275144, 32357.904305966425454 ], [ 22097.961731656763732, 32357.90761204674709 ], [ 22097.952860326317023, 32357.911807873566431 ], [ 22097.944442976699065, 32357.91685303876875 ], [ 22097.93656067158372, 32357.922698954662337 ], [ 22097.929289321880788, 32357.929289321880788 ], [ 22097.922698954662337, 32357.93656067158372 ], [ 22097.91685303876875, 32357.944442976699065 ], [ 22097.911807873566431, 32357.952860326317023 ], [ 22097.90761204674709, 32357.961731656763732 ], [ 22097.904305966425454, 32357.970971532275144 ], [ 22097.901921471959213, 32357.980490967798687 ], [ 22097.900481527332886, 32357.990198285966471 ], [ 22097.900000000001455, 32358.0 ], [ 22097.900000000001455, 32375.95857864376012 ], [ 22079.929289321880788, 32393.929289321880788 ], [ 22079.922698954662337, 32393.93656067158372 ], [ 22079.91685303876875, 32393.944442976699065 ], [ 22079.911807873566431, 32393.952860326317023 ], [ 22079.90761204674709, 32393.961731656763732 ], [ 22079.904305966425454, 32393.970971532275144 ], [ 22079.901921471959213, 32393.980490967798687 ], [ 22079.900481527332886, 32393.990198285966471 ], [ 22079.900000000001455, 32394.0 ], [ 22079.900481527332886, 32394.009801714033529 ], [ 22079.901921471959213, 32394.019509032201313 ], [ 22079.904305966425454, 32394.029028467724856 ], [ 22079.90761204674709, 32394.038268343236268 ], [ 22079.911807873566431, 32394.047139673682977 ], [ 22079.91685303876875, 32394.055557023300935 ], [ 22079.922698954662337, 32394.06343932841628 ], [ 22079.929289321880788, 32394.070710678119212 ], [ 22097.900000000001455, 32412.04142135623988 ], [ 22097.900000000001455, 32447.95857864376012 ], [ 22080.0, 32465.858578643761575 ], [ 22062.071720624553564, 32447.930299268315139 ], [ 22045.099999999998545, 32429.960242136432498 ], [ 22045.099999999998545, 32412.0 ], [ 22045.099518472667114, 32411.990198285966471 ], [ 22045.098078528040787, 32411.980490967798687 ], [ 22045.095694033574546, 32411.970971532275144 ], [ 22045.09238795325291, 32411.961731656763732 ], [ 22045.088192126433569, 32411.952860326317023 ], [ 22045.08314696123125, 32411.944442976699065 ], [ 22045.077301045337663, 32411.93656067158372 ], [ 22045.070710678119212, 32411.929289321880788 ], [ 21991.070710678119212, 32357.929289321880788 ], [ 21991.06343932841628, 32357.922698954662337 ], [ 21991.055557023300935, 32357.91685303876875 ], [ 21991.047139673682977, 32357.911807873566431 ], [ 21991.038268343236268, 32357.90761204674709 ], [ 21991.029028467724856, 32357.904305966425454 ], [ 21991.019509032201313, 32357.901921471959213 ], [ 21991.009801714033529, 32357.900481527332886 ], [ 21991.0, 32357.900000000001455 ], [ 21973.039757863567502, 32357.900000000001455 ], [ 21955.069700731684861, 32340.928279375446436 ], [ 21937.099999999998545, 32322.95857864376012 ], [ 21937.099999999998545, 32305.0 ], [ 21937.099518472667114, 32304.990198285966471 ], [ 21937.098078528040787, 32304.980490967798687 ], [ 21937.095694033574546, 32304.970971532275144 ], [ 21937.09238795325291, 32304.961731656763732 ], [ 21937.088192126433569, 32304.952860326317023 ], [ 21937.08314696123125, 32304.944442976699065 ], [ 21937.077301045337663, 32304.93656067158372 ], [ 21937.070710678119212, 32304.929289321880788 ], [ 21937.06343932841628, 32304.922698954662337 ], [ 21937.055557023300935, 32304.91685303876875 ], [ 21937.047139673682977, 32304.911807873566431 ], [ 21937.038268343236268, 32304.90761204674709 ], [ 21937.029028467724856, 32304.904305966425454 ], [ 21937.019509032201313, 32304.901921471959213 ], [ 21937.009801714033529, 32304.900481527332886 ], [ 21937.0, 32304.900000000001455 ], [ 21919.04142135623988, 32304.900000000001455 ], [ 21883.070710678119212, 32268.929289321880788 ], [ 21883.06343932841628, 32268.922698954662337 ], [ 21883.055557023300935, 32268.91685303876875 ], [ 21883.047139673682977, 32268.911807873566431 ], [ 21883.038268343236268, 32268.90761204674709 ], [ 21883.029028467724856, 32268.904305966425454 ], [ 21883.019509032201313, 32268.901921471959213 ], [ 21883.009801714033529, 32268.900481527332886 ], [ 21883.0, 32268.900000000001455 ], [ 21865.04142135623988, 32268.900000000001455 ], [ 21847.070710678119212, 32250.929289321880788 ], [ 21847.06343932841628, 32250.922698954662337 ], [ 21847.055557023300935, 32250.91685303876875 ], [ 21847.047139673682977, 32250.911807873566431 ], [ 21847.038268343236268, 32250.90761204674709 ], [ 21847.029028467724856, 32250.904305966425454 ], [ 21847.019509032201313, 32250.901921471959213 ], [ 21847.009801714033529, 32250.900481527332886 ], [ 21847.0, 32250.900000000001455 ], [ 21811.04142135623988, 32250.900000000001455 ], [ 21793.070710678119212, 32232.929289321880788 ], [ 21793.06343932841628, 32232.922698954662337 ], [ 21793.055557023300935, 32232.91685303876875 ], [ 21793.047139673682977, 32232.911807873566431 ], [ 21793.038268343236268, 32232.90761204674709 ], [ 21793.029028467724856, 32232.904305966425454 ], [ 21793.019509032201313, 32232.901921471959213 ], [ 21793.009801714033529, 32232.900481527332886 ], [ 21793.0, 32232.900000000001455 ], [ 21614.0, 32232.900000000001455 ], [ 21613.990198285966471, 32232.900481527332886 ], [ 21613.980490967798687, 32232.901921471959213 ], [ 21613.970971532275144, 32232.904305966425454 ], [ 21613.961731656763732, 32232.90761204674709 ], [ 21613.952860326317023, 32232.911807873566431 ], [ 21613.944442976699065, 32232.91685303876875 ], [ 21613.93656067158372, 32232.922698954662337 ], [ 21613.929289321880788, 32232.929289321880788 ], [ 21595.95857864376012, 32250.900000000001455 ], [ 21524.0, 32250.900000000001455 ], [ 21523.990198285966471, 32250.900481527332886 ], [ 21523.980490967798687, 32250.901921471959213 ], [ 21523.970971532275144, 32250.904305966425454 ], [ 21523.961731656763732, 32250.90761204674709 ], [ 21523.952860326317023, 32250.911807873566431 ], [ 21523.944442976699065, 32250.91685303876875 ], [ 21523.93656067158372, 32250.922698954662337 ], [ 21523.929289321880788, 32250.929289321880788 ], [ 21505.95857864376012, 32268.900000000001455 ], [ 21417.0, 32268.900000000001455 ], [ 21416.990198285966471, 32268.900481527332886 ], [ 21416.980490967798687, 32268.901921471959213 ], [ 21416.970971532275144, 32268.904305966425454 ], [ 21416.961731656763732, 32268.90761204674709 ], [ 21416.952860326317023, 32268.911807873566431 ], [ 21416.944442976699065, 32268.91685303876875 ], [ 21416.93656067158372, 32268.922698954662337 ], [ 21416.929289321880788, 32268.929289321880788 ], [ 21398.95857864376012, 32286.900000000001455 ], [ 21345.0, 32286.900000000001455 ], [ 21344.990198285966471, 32286.900481527332886 ], [ 21344.980490967798687, 32286.901921471959213 ], [ 21344.970971532275144, 32286.904305966425454 ], [ 21344.961731656763732, 32286.90761204674709 ], [ 21344.952860326317023, 32286.911807873566431 ], [ 21344.944442976699065, 32286.91685303876875 ], [ 21344.93656067158372, 32286.922698954662337 ], [ 21344.929289321880788, 32286.929289321880788 ], [ 21326.95857864376012, 32304.900000000001455 ], [ 21237.0, 32304.900000000001455 ], [ 21236.990198285966471, 32304.900481527332886 ], [ 21236.980490967798687, 32304.901921471959213 ], [ 21236.970971532275144, 32304.904305966425454 ], [ 21236.961731656763732, 32304.90761204674709 ], [ 21236.952860326317023, 32304.911807873566431 ], [ 21236.944442976699065, 32304.91685303876875 ], [ 21236.93656067158372, 32304.922698954662337 ], [ 21236.929289321880788, 32304.929289321880788 ], [ 21218.95857864376012, 32322.900000000001455 ], [ 21112.0, 32322.900000000001455 ], [ 21111.990198285966471, 32322.900481527332886 ], [ 21111.980490967798687, 32322.901921471959213 ], [ 21111.970971532275144, 32322.904305966425454 ], [ 21111.961731656763732, 32322.90761204674709 ], [ 21111.952860326317023, 32322.911807873566431 ], [ 21111.944442976699065, 32322.91685303876875 ], [ 21111.93656067158372, 32322.922698954662337 ], [ 21111.929289321880788, 32322.929289321880788 ], [ 21093.95857864376012, 32340.900000000001455 ], [ 21040.04142135623988, 32340.900000000001455 ], [ 21022.070710678119212, 32322.929289321880788 ], [ 21022.06343932841628, 32322.922698954662337 ], [ 21022.055557023300935, 32322.91685303876875 ], [ 21022.047139673682977, 32322.911807873566431 ], [ 21022.038268343236268, 32322.90761204674709 ], [ 21022.029028467724856, 32322.904305966425454 ], [ 21022.019509032201313, 32322.901921471959213 ], [ 21022.009801714033529, 32322.900481527332886 ], [ 21022.0, 32322.900000000001455 ], [ 20968.04142135623988, 32322.900000000001455 ], [ 20914.141421356238425, 32269.0 ], [ 20932.070710678119212, 32251.070710678119212 ], [ 20932.077301045337663, 32251.06343932841628 ], [ 20932.08314696123125, 32251.055557023300935 ], [ 20932.088192126433569, 32251.047139673682977 ], [ 20932.09238795325291, 32251.038268343236268 ], [ 20932.095694033574546, 32251.029028467724856 ], [ 20932.098078528040787, 32251.019509032201313 ], [ 20932.099518472667114, 32251.009801714033529 ], [ 20932.099999999998545, 32251.0 ], [ 20932.099518472667114, 32250.990198285966471 ], [ 20932.098078528040787, 32250.980490967798687 ], [ 20932.095694033574546, 32250.970971532275144 ], [ 20932.09238795325291, 32250.961731656763732 ], [ 20932.088192126433569, 32250.952860326317023 ], [ 20932.08314696123125, 32250.944442976699065 ], [ 20932.077301045337663, 32250.93656067158372 ], [ 20932.070710678119212, 32250.929289321880788 ], [ 20932.06343932841628, 32250.922698954662337 ], [ 20932.055557023300935, 32250.91685303876875 ], [ 20932.047139673682977, 32250.911807873566431 ], [ 20932.038268343236268, 32250.90761204674709 ], [ 20932.029028467724856, 32250.904305966425454 ], [ 20932.019509032201313, 32250.901921471959213 ], [ 20932.009801714033529, 32250.900481527332886 ], [ 20932.0, 32250.900000000001455 ], [ 20914.043104648924782, 32250.900000000001455 ], [ 20897.099999999998545, 32232.960242136432498 ], [ 20897.099999999998545, 32215.0 ], [ 20897.099518472667114, 32214.990198285966471 ], [ 20897.098078528040787, 32214.980490967798687 ], [ 20897.095694033574546, 32214.970971532275144 ], [ 20897.09238795325291, 32214.961731656763732 ], [ 20897.088192126433569, 32214.952860326317023 ], [ 20897.08314696123125, 32214.944442976699065 ], [ 20897.077301045337663, 32214.93656067158372 ], [ 20897.070710678119212, 32214.929289321880788 ], [ 20879.099999999998545, 32196.95857864376012 ], [ 20879.099999999998545, 32179.0 ], [ 20879.099518472667114, 32178.990198285966471 ], [ 20879.098078528040787, 32178.980490967798687 ], [ 20879.095694033574546, 32178.970971532275144 ], [ 20879.09238795325291, 32178.961731656763732 ], [ 20879.088192126433569, 32178.952860326317023 ], [ 20879.08314696123125, 32178.944442976699065 ], [ 20879.077301045337663, 32178.93656067158372 ], [ 20879.070710678119212, 32178.929289321880788 ], [ 20861.099999999998545, 32160.95857864376012 ], [ 20861.099999999998545, 32107.04142135623988 ], [ 20879.070710678119212, 32089.070710678119212 ], [ 20879.077301045337663, 32089.06343932841628 ], [ 20879.08314696123125, 32089.055557023300935 ], [ 20879.088192126433569, 32089.047139673682977 ], [ 20879.09238795325291, 32089.038268343236268 ], [ 20879.095694033574546, 32089.029028467724856 ], [ 20879.098078528040787, 32089.019509032201313 ], [ 20879.099518472667114, 32089.009801714033529 ], [ 20879.099999999998545, 32089.0 ], [ 20879.099518472667114, 32088.990198285966471 ], [ 20879.098078528040787, 32088.980490967798687 ], [ 20879.095694033574546, 32088.970971532275144 ], [ 20879.09238795325291, 32088.961731656763732 ], [ 20879.088192126433569, 32088.952860326317023 ], [ 20879.08314696123125, 32088.944442976699065 ], [ 20879.077301045337663, 32088.93656067158372 ], [ 20879.070710678119212, 32088.929289321880788 ], [ 20879.06343932841628, 32088.922698954662337 ], [ 20879.055557023300935, 32088.91685303876875 ], [ 20879.047139673682977, 32088.911807873566431 ], [ 20879.038268343236268, 32088.90761204674709 ], [ 20879.029028467724856, 32088.904305966425454 ], [ 20879.019509032201313, 32088.901921471959213 ], [ 20879.009801714033529, 32088.900481527332886 ], [ 20879.0, 32088.900000000001455 ], [ 20861.04142135623988, 32088.900000000001455 ], [ 20843.099999999998545, 32070.95857864376012 ], [ 20843.099999999998545, 32054.0 ], [ 20843.099530067716842, 32053.990316735031229 ], [ 20843.098124687589006, 32053.980724479639321 ], [ 20843.095797068293905, 32053.971313388032286 ], [ 20843.092569086296862, 32053.962171911727637 ], [ 20843.08847108025293, 32053.953385968219663 ], [ 20843.083541565876658, 32053.94503813348274 ], [ 20843.077826873919548, 32053.937206865855842 ], [ 20843.071380714751285, 32053.929965768646071 ], [ 20843.064263673539244, 32053.923382898363343 ], [ 20843.056542640828411, 32053.917520125069132 ], [ 20843.04829018386954, 32053.912432550900121 ], [ 20843.0395838645818, 32053.908167992154631 ], [ 20843.030505510574585, 32053.904766529914923 ], [ 20843.021140446086065, 32053.902260133316304 ], [ 20843.011576690034417, 32053.900672359093733 ], [ 20843.001904128774186, 32053.900018130174431 ], [ 20842.992213671281206, 32053.900303595426521 ], [ 20842.982596394733264, 32053.901526071858825 ], [ 20842.973142688504595, 32053.90367406985024 ], [ 20842.963941404632351, 32053.906727401128592 ], [ 20842.955079022722202, 32053.910657368516695 ], [ 20842.946638837158389, 32053.915427035641187 ], [ 20842.938700174261612, 32053.920991574093932 ], [ 20842.931337646703469, 32053.927298684746347 ], [ 20825.0, 32070.862450906632148 ], [ 20807.099999999998545, 32053.956895351075218 ], [ 20807.099999999998545, 31336.0 ], [ 20807.099518472667114, 31335.990198285966471 ], [ 20807.098078528040787, 31335.980490967798687 ], [ 20807.095694033574546, 31335.970971532275144 ], [ 20807.09238795325291, 31335.961731656763732 ], [ 20807.088192126433569, 31335.952860326317023 ], [ 20807.08314696123125, 31335.944442976699065 ], [ 20807.077301045337663, 31335.93656067158372 ], [ 20807.070710678119212, 31335.929289321880788 ], [ 20771.099999999998545, 31299.95857864376012 ], [ 20771.099999999998545, 31282.04142135623988 ], [ 20789.0, 31264.141421356238425 ], [ 20806.929289321880788, 31282.070710678119212 ], [ 20806.93656067158372, 31282.077301045337663 ], [ 20806.944442976699065, 31282.08314696123125 ], [ 20806.952860326317023, 31282.088192126433569 ], [ 20806.961731656763732, 31282.09238795325291 ], [ 20806.970971532275144, 31282.095694033574546 ], [ 20806.980490967798687, 31282.098078528040787 ], [ 20806.990198285966471, 31282.099518472667114 ], [ 20807.0, 31282.099999999998545 ], [ 20807.009801714033529, 31282.099518472667114 ], [ 20807.019509032201313, 31282.098078528040787 ], [ 20807.029028467724856, 31282.095694033574546 ], [ 20807.038268343236268, 31282.09238795325291 ], [ 20807.047139673682977, 31282.088192126433569 ], [ 20807.055557023300935, 31282.08314696123125 ], [ 20807.06343932841628, 31282.077301045337663 ], [ 20807.070710678119212, 31282.070710678119212 ], [ 20825.04142135623988, 31264.099999999998545 ], [ 20843.0, 31264.099999999998545 ], [ 20843.009801714033529, 31264.099518472667114 ], [ 20843.019509032201313, 31264.098078528040787 ], [ 20843.029028467724856, 31264.095694033574546 ], [ 20843.038268343236268, 31264.09238795325291 ], [ 20843.047139673682977, 31264.088192126433569 ], [ 20843.055557023300935, 31264.08314696123125 ], [ 20843.06343932841628, 31264.077301045337663 ], [ 20843.070710678119212, 31264.070710678119212 ], [ 20861.070710678119212, 31246.070710678119212 ], [ 20861.077301045337663, 31246.06343932841628 ], [ 20861.08314696123125, 31246.055557023300935 ], [ 20861.088192126433569, 31246.047139673682977 ], [ 20861.09238795325291, 31246.038268343236268 ], [ 20861.095694033574546, 31246.029028467724856 ], [ 20861.098078528040787, 31246.019509032201313 ], [ 20861.099518472667114, 31246.009801714033529 ], [ 20861.099999999998545, 31246.0 ], [ 20861.099999999998545, 31210.043104648924782 ], [ 20879.068662353296531, 31193.072701315253653 ], [ 20879.075691516361985, 31193.065351314839063 ], [ 20879.081937789658696, 31193.057325375059008 ], [ 20879.087336566968588, 31193.0487065095258 ], [ 20879.091832007845369, 31193.0395838645818 ], [ 20879.095377615209145, 31193.030051797235501 ], [ 20879.097936716261756, 31193.02020889922278 ], [ 20879.099482841804274, 31193.010156977252336 ], [ 20879.099999999998545, 31193.0 ], [ 20879.099999999998545, 31157.04142135623988 ], [ 20897.070710678119212, 31139.070710678119212 ], [ 20897.077301045337663, 31139.06343932841628 ], [ 20897.08314696123125, 31139.055557023300935 ], [ 20897.088192126433569, 31139.047139673682977 ], [ 20897.09238795325291, 31139.038268343236268 ], [ 20897.095694033574546, 31139.029028467724856 ], [ 20897.098078528040787, 31139.019509032201313 ], [ 20897.099518472667114, 31139.009801714033529 ], [ 20897.099999999998545, 31139.0 ], [ 20897.099999999998545, 31121.039757863567502 ], [ 20914.072701315253653, 31103.068662353296531 ], [ 20914.078862289949029, 31103.061487716040574 ], [ 20914.0843179752992, 31103.053763175517815 ], [ 20914.089019579452724, 31103.04555781462841 ], [ 20914.092925054548687, 31103.036945016407117 ], [ 20914.095999472730909, 31103.028001807710098 ], [ 20914.098215338555747, 31103.018808170367265 ], [ 20914.099552834853966, 31103.009446325861063 ], [ 20914.099999999998545, 31103.0 ], [ 20914.099999999998545, 31085.04142135623988 ], [ 20932.070710678119212, 31067.070710678119212 ], [ 20932.077301045337663, 31067.06343932841628 ], [ 20932.08314696123125, 31067.055557023300935 ], [ 20932.088192126433569, 31067.047139673682977 ], [ 20932.09238795325291, 31067.038268343236268 ], [ 20932.095694033574546, 31067.029028467724856 ], [ 20932.098078528040787, 31067.019509032201313 ], [ 20932.099518472667114, 31067.009801714033529 ], [ 20932.099999999998545, 31067.0 ], [ 20932.099999999998545, 31049.04142135623988 ], [ 20968.070710678119212, 31013.070710678119212 ], [ 20968.077301045337663, 31013.06343932841628 ], [ 20968.08314696123125, 31013.055557023300935 ], [ 20968.088192126433569, 31013.047139673682977 ], [ 20968.09238795325291, 31013.038268343236268 ], [ 20968.095694033574546, 31013.029028467724856 ], [ 20968.098078528040787, 31013.019509032201313 ], [ 20968.099518472667114, 31013.009801714033529 ], [ 20968.099999999998545, 31013.0 ], [ 20968.099999999998545, 30995.04142135623988 ], [ 21040.069700731684861, 30923.071720624553564 ], [ 21058.068662353296531, 30906.072701315253653 ], [ 21058.075691516361985, 30906.065351314839063 ], [ 21058.081937789658696, 30906.057325375059008 ], [ 21058.087336566968588, 30906.0487065095258 ], [ 21058.091832007845369, 30906.0395838645818 ], [ 21058.095377615209145, 30906.030051797235501 ], [ 21058.097936716261756, 30906.02020889922278 ], [ 21058.099482841804274, 30906.010156977252336 ], [ 21058.099999999998545, 30906.0 ], [ 21058.099999999998545, 30888.04142135623988 ], [ 21166.04142135623988, 30780.099999999998545 ], [ 21184.0, 30780.099999999998545 ], [ 21184.010156977252336, 30780.099482841804274 ], [ 21184.02020889922278, 30780.097936716261756 ], [ 21184.030051797235501, 30780.095377615209145 ], [ 21184.0395838645818, 30780.091832007845369 ], [ 21184.0487065095258, 30780.087336566968588 ], [ 21184.057325375059008, 30780.081937789658696 ], [ 21184.065351314839063, 30780.075691516361985 ], [ 21184.072701315253653, 30780.068662353296531 ], [ 21201.043104648924782, 30762.099999999998545 ], [ 21219.0, 30762.099999999998545 ], [ 21219.009801714033529, 30762.099518472667114 ], [ 21219.019509032201313, 30762.098078528040787 ], [ 21219.029028467724856, 30762.095694033574546 ], [ 21219.038268343236268, 30762.09238795325291 ], [ 21219.047139673682977, 30762.088192126433569 ], [ 21219.055557023300935, 30762.08314696123125 ], [ 21219.06343932841628, 30762.077301045337663 ], [ 21219.070710678119212, 30762.070710678119212 ], [ 21237.04142135623988, 30744.099999999998545 ], [ 21255.0, 30744.099999999998545 ], [ 21255.009801714033529, 30744.099518472667114 ], [ 21255.019509032201313, 30744.098078528040787 ], [ 21255.029028467724856, 30744.095694033574546 ], [ 21255.038268343236268, 30744.09238795325291 ], [ 21255.047139673682977, 30744.088192126433569 ], [ 21255.055557023300935, 30744.08314696123125 ], [ 21255.06343932841628, 30744.077301045337663 ], [ 21255.070710678119212, 30744.070710678119212 ], [ 21273.04142135623988, 30726.099999999998545 ], [ 21309.0, 30726.099999999998545 ], [ 21309.009801714033529, 30726.099518472667114 ], [ 21309.019509032201313, 30726.098078528040787 ], [ 21309.029028467724856, 30726.095694033574546 ], [ 21309.038268343236268, 30726.09238795325291 ], [ 21309.047139673682977, 30726.088192126433569 ], [ 21309.055557023300935, 30726.08314696123125 ], [ 21309.06343932841628, 30726.077301045337663 ], [ 21309.070710678119212, 30726.070710678119212 ], [ 21327.04142135623988, 30708.099999999998545 ], [ 21363.0, 30708.099999999998545 ], [ 21363.009801714033529, 30708.099518472667114 ], [ 21363.019509032201313, 30708.098078528040787 ], [ 21363.029028467724856, 30708.095694033574546 ], [ 21363.038268343236268, 30708.09238795325291 ], [ 21363.047139673682977, 30708.088192126433569 ], [ 21363.055557023300935, 30708.08314696123125 ], [ 21363.06343932841628, 30708.077301045337663 ], [ 21363.070710678119212, 30708.070710678119212 ], [ 21381.04142135623988, 30690.099999999998545 ], [ 21399.0, 30690.099999999998545 ], [ 21399.009801714033529, 30690.099518472667114 ], [ 21399.019509032201313, 30690.098078528040787 ], [ 21399.029028467724856, 30690.095694033574546 ], [ 21399.038268343236268, 30690.09238795325291 ], [ 21399.047139673682977, 30690.088192126433569 ], [ 21399.055557023300935, 30690.08314696123125 ], [ 21399.06343932841628, 30690.077301045337663 ], [ 21399.070710678119212, 30690.070710678119212 ], [ 21417.04142135623988, 30672.099999999998545 ], [ 21453.0, 30672.099999999998545 ] ] ] } },
{ "type": "Feature", "properties": { "tissue_id": 3 }, "geometry": { "type": "Polygon", "coordinates": [ [ [ 67318.0, 2635.9 ], [ 67317.990198285973747, 2635.900481527332886 ], [ 67317.980490967791411, 2635.901921471959668 ], [ 67317.970971532267868, 2635.904305966426818 ], [ 67317.961731656760094, 2635.907612046748909 ], [ 67317.952860326317023, 2635.911807873565067 ], [ 67317.944442976702703, 2635.916853038769659 ], [ 67317.936560671587358, 2635.922698954663701 ], [ 67317.929289321880788, 2635.929289321881242 ], [ 67317.922698954658699, 2635.93656067158372 ], [ 67317.91685303876875, 2635.944442976698156 ], [ 67317.911807873562793, 2635.952860326317477 ], [ 67317.907612046750728, 2635.961731656763277 ], [ 67317.904305966425454, 2635.970971532274689 ], [ 67317.901921471959213, 2635.980490967798232 ], [ 67317.900481527336524, 2635.990198285966926 ], [ 67317.899999999994179, 2636.0 ], [ 67317.899999999994179, 2653.958578643767851 ], [ 67299.958578643767396, 2671.9 ], [ 67282.0, 2671.9 ], [ 67281.989843022747664, 2671.900517158197545 ], [ 67281.97979110077722, 2671.902063283737334 ], [ 67281.969948202764499, 2671.9046223847904 ], [ 67281.960416135421838, 2671.908167992154631 ], [ 67281.951293490477838, 2671.912663433031412 ], [ 67281.942674624937354, 2671.918062210338576 ], [ 67281.934648685157299, 2671.92430848363847 ], [ 67281.927298684749985, 2671.931337646703469 ], [ 67264.956895351075218, 2689.9 ], [ 67211.041421356232604, 2689.9 ], [ 67193.100000000005821, 2671.958578643767851 ], [ 67193.100000000005821, 2654.0 ], [ 67193.099518472663476, 2653.990198285966926 ], [ 67193.098078528040787, 2653.980490967798232 ], [ 67193.095694033574546, 2653.970971532274689 ], [ 67193.092387953249272, 2653.961731656763277 ], [ 67193.088192126437207, 2653.952860326317477 ], [ 67193.08314696123125, 2653.944442976698156 ], [ 67193.077301045341301, 2653.93656067158372 ], [ 67193.070710678119212, 2653.929289321881242 ], [ 67193.063439328412642, 2653.922698954663701 ], [ 67193.055557023297297, 2653.916853038769659 ], [ 67193.047139673682977, 2653.911807873565067 ], [ 67193.038268343239906, 2653.907612046748909 ], [ 67193.029028467732132, 2653.904305966426818 ], [ 67193.019509032208589, 2653.901921471959668 ], [ 67193.009801714026253, 2653.900481527332886 ], [ 67193.0, 2653.9 ], [ 67175.0, 2653.9 ], [ 67174.990198285973747, 2653.900481527332886 ], [ 67174.980490967791411, 2653.901921471959668 ], [ 67174.970971532267868, 2653.904305966426818 ], [ 67174.961731656760094, 2653.907612046748909 ], [ 67174.952860326317023, 2653.911807873565067 ], [ 67174.944442976702703, 2653.916853038769659 ], [ 67174.936560671587358, 2653.922698954663701 ], [ 67174.929289321880788, 2653.929289321881242 ], [ 67174.922698954658699, 2653.93656067158372 ], [ 67174.91685303876875, 2653.944442976698156 ], [ 67174.911807873562793, 2653.952860326317477 ], [ 67174.907612046750728, 2653.961731656763277 ], [ 67174.904305966425454, 2653.970971532274234 ], [ 67174.901921471959213, 2653.980490967798232 ], [ 67174.900481527336524, 2653.990198285966926 ], [ 67174.899999999994179, 2654.0 ], [ 67174.900481527336524, 2654.009801714032619 ], [ 67174.901921471959213, 2654.019509032201313 ], [ 67174.904305966425454, 2654.029028467725311 ], [ 67174.907612046750728, 2654.038268343236268 ], [ 67174.911807873562793, 2654.047139673682523 ], [ 67174.91685303876875, 2654.055557023301844 ], [ 67174.922698954658699, 2654.06343932841628 ], [ 67174.929289321880788, 2654.070710678118758 ], [ 67192.858578643761575, 2672.0 ], [ 67174.958578643767396, 2689.9 ], [ 66960.0, 2689.9 ], [ 66959.990198285973747, 2689.900481527332886 ], [ 66959.980490967791411, 2689.901921471959668 ], [ 66959.970971532267868, 2689.904305966426818 ], [ 66959.961731656760094, 2689.907612046748909 ], [ 66959.952860326317023, 2689.911807873565067 ], [ 66959.944442976702703, 2689.916853038769659 ], [ 66959.936560671587358, 2689.922698954663701 ], [ 66959.929289321880788, 2689.929289321881242 ], [ 66941.958578643767396, 2707.9 ], [ 66906.0, 2707.9 ], [ 66905.990198285973747, 2707.900481527332886 ], [ 66905.980490967791411, 2707.901921471959668 ], [ 66905.970971532267868, 2707.904305966426818 ], [ 66905.961731656760094, 2707.907612046748909 ], [ 66905.952860326317023, 2707.911807873565067 ], [ 66905.944442976702703, 2707.916853038769659 ], [ 66905.936560671587358, 2707.922698954663701 ], [ 66905.929289321880788, 2707.929289321881242 ], [ 66887.958578643767396, 2725.9 ], [ 66780.0, 2725.9 ], [ 66779.990198285973747, 2725.900481527332886 ], [ 66779.980490967791411, 2725.901921471959668 ], [ 66779.970971532267868, 2725.904305966426818 ], [ 66779.961731656760094, 2725.907612046748909 ], [ 66779.952860326317023, 2725.911807873565067 ], [ 66779.944442976702703, 2725.916853038769659 ], [ 66779.936560671587358, 2725.922698954663701 ], [ 66779.929289321880788, 2725.929289321881242 ], [ 66743.958578643767396, 2761.9 ], [ 66691.0, 2761.9 ], [ 66690.990198285973747, 2761.900481527332886 ], [ 66690.980490967791411, 2761.901921471959668 ], [ 66690.970971532267868, 2761.904305966426818 ], [ 66690.961731656760094, 2761.907612046748909 ], [ 66690.952860326317023, 2761.911807873565067 ], [ 66690.944442976702703, 2761.916853038769659 ], [ 66690.936560671587358, 2761.922698954663701 ], [ 66690.929289321880788, 2761.929289321881242 ], [ 66690.922698954658699, 2761.93656067158372 ], [ 66690.91685303876875, 2761.944442976698156 ], [ 66690.911807873562793, 2761.952860326317477 ], [ 66690.907612046750728, 2761.961731656763277 ], [ 66690.904305966425454, 2761.970971532274689 ], [ 66690.901921471959213, 2761.980490967798232 ], [ 66690.900481527336524, 2761.990198285966926 ], [ 66690.899999999994179, 2762.0 ], [ 66690.899999999994179, 2779.958578643767851 ], [ 66673.0, 2797.85857864376203 ], [ 66655.070710678119212, 2779.929289321881242 ], [ 66655.063439328412642, 2779.922698954663701 ], [ 66655.055557023297297, 2779.916853038769659 ], [ 66655.047139673682977, 2779.911807873565067 ], [ 66655.038268343239906, 2779.907612046748909 ], [ 66655.029028467732132, 2779.904305966426818 ], [ 66655.019509032208589, 2779.901921471959668 ], [ 66655.009801714026253, 2779.900481527332886 ], [ 66655.0, 2779.9 ], [ 66637.041421356232604, 2779.9 ], [ 66601.100000000005821, 2743.958578643767851 ], [ 66601.100000000005821, 2708.0 ], [ 66601.099518472663476, 2707.990198285966926 ], [ 66601.098078528040787, 2707.980490967798232 ], [ 66601.095694033574546, 2707.970971532274689 ], [ 66601.092387953249272, 2707.961731656763277 ], [ 66601.088192126437207, 2707.952860326317477 ], [ 66601.08314696123125, 2707.944442976698156 ], [ 66601.077301045341301, 2707.93656067158372 ], [ 66601.070710678119212, 2707.929289321881242 ], [ 66601.063439328412642, 2707.922698954663701 ], [ 66601.055557023297297, 2707.916853038769659 ], [ 66601.047139673682977, 2707.911807873565067 ], [ 66601.038268343239906, 2707.907612046748909 ], [ 66601.029028467732132, 2707.904305966426818 ], [ 66601.019509032208589, 2707.901921471959668 ], [ 66601.009801714026253, 2707.900481527332886 ], [ 66601.0, 2707.9 ], [ 66493.0, 2707.9 ], [ 66492.990198285973747, 2707.900481527332886 ], [ 66492.980490967791411, 2707.901921471959668 ], [ 66492.970971532267868, 2707.904305966426818 ], [ 66492.961731656760094, 2707.907612046748909 ], [ 66492.952860326317023, 2707.911807873565067 ], [ 66492.944442976702703, 2707.916853038769659 ], [ 66492.936560671587358, 2707.922698954663701 ], [ 66492.929289321880788, 2707.929289321881242 ], [ 66474.958578643767396, 2725.9 ], [ 66457.0, 2725.9 ], [ 66456.990198285973747, 2725.900481527332886 ], [ 66456.980490967791411, 2725.901921471959668 ], [ 66456.970971532267868, 2725.904305966426818 ], [ 66456.961731656760094, 2725.907612046748909 ], [ 66456.952860326317023, 2725.911807873565067 ], [ 66456.944442976702703, 2725.916853038769659 ], [ 66456.936560671587358, 2725.922698954663701 ], [ 66456.929289321880788, 2725.929289321881242 ], [ 66456.922698954658699, 2725.93656067158372 ], [ 66456.91685303876875, 2725.944442976698156 ], [ 66456.911807873562793, 2725.952860326317477 ], [ 66456.907612046750728, 2725.961731656763277 ], [ 66456.904305966425454, 2725.970971532274689 ], [ 66456.901921471959213, 2725.980490967798232 ], [ 66456.900481527336524, 2725.990198285966926 ], [ 66456.899999999994179, 2726.0 ], [ 66456.900481527336524, 2726.009801714033074 ], [ 66456.901921471959213, 2726.019509032201768 ], [ 66456.904305966425454, 2726.029028467725311 ], [ 66456.907612046750728, 2726.038268343236723 ], [ 66456.911807873562793, 2726.047139673682523 ], [ 66456.91685303876875, 2726.055557023301844 ], [ 66456.922698954658699, 2726.06343932841628 ], [ 66456.929289321880788, 2726.070710678118758 ], [ 66456.936560671587358, 2726.077301045336299 ], [ 66456.944442976702703, 2726.083146961230341 ], [ 66456.952860326317023, 2726.088192126434933 ], [ 66456.961731656760094, 2726.092387953251091 ], [ 66456.970971532267868, 2726.095694033573182 ], [ 66456.980490967791411, 2726.098078528040332 ], [ 66456.990198285973747, 2726.099518472667114 ], [ 66457.0, 2726.1 ], [ 66474.958578643767396, 2726.1 ], [ 66492.899999999994179, 2744.041421356232149 ], [ 66492.899999999994179, 2797.958578643767851 ], [ 66456.958578643767396, 2833.9 ], [ 66421.0, 2833.9 ], [ 66420.989843022747664, 2833.900517158197545 ], [ 66420.97979110077722, 2833.902063283737334 ], [ 66420.969948202764499, 2833.9046223847904 ], [ 66420.960416135421838, 2833.908167992154631 ], [ 66420.951293490477838, 2833.912663433031412 ], [ 66420.942674624937354, 2833.918062210338576 ], [ 66420.934648685157299, 2833.92430848363847 ], [ 66420.927298684749985, 2833.931337646703469 ], [ 66403.956895351075218, 2851.9 ], [ 66386.0, 2851.9 ], [ 66385.990553674142575, 2851.900447165144669 ], [ 66385.981191829632735, 2851.901784661445163 ], [ 66385.971998192282626, 2851.904000527267726 ], [ 66385.963054983600159, 2851.907074945452223 ], [ 66385.954442185364314, 2851.910980420545911 ], [ 66385.946236824485823, 2851.915682024701709 ], [ 66385.938512283959426, 2851.921137710050516 ], [ 66385.931337646703469, 2851.927298684744983 ], [ 66367.960242136439774, 2868.9 ], [ 66314.0, 2868.9 ], [ 66313.990198285973747, 2868.900481527332886 ], [ 66313.980490967791411, 2868.901921471959668 ], [ 66313.970971532267868, 2868.904305966426818 ], [ 66313.961731656760094, 2868.907612046748909 ], [ 66313.952860326317023, 2868.911807873565067 ], [ 66313.944442976702703, 2868.916853038769659 ], [ 66313.936560671587358, 2868.922698954663701 ], [ 66313.929289321880788, 2868.929289321881242 ], [ 66295.958578643767396, 2886.9 ], [ 66260.0, 2886.9 ], [ 66259.990198285973747, 2886.900481527332886 ], [ 66259.980490967791411, 2886.901921471959668 ], [ 66259.970971532267868, 2886.904305966426818 ], [ 66259.961731656760094, 2886.907612046748909 ], [ 66259.952860326317023, 2886.911807873565067 ], [ 66259.944442976702703, 2886.916853038769659 ], [ 66259.936560671587358, 2886.922698954663701 ], [ 66259.929289321880788, 2886.929289321881242 ], [ 66241.958578643767396, 2904.9 ], [ 66224.0, 2904.9 ], [ 66223.990198285973747, 2904.900481527332886 ], [ 66223.980490967791411, 2904.901921471959668 ], [ 66223.970971532267868, 2904.904305966426818 ], [ 66223.961731656760094, 2904.907612046748909 ], [ 66223.952860326317023, 2904.911807873565067 ], [ 66223.944442976702703, 2904.916853038769659 ], [ 66223.936560671587358, 2904.922698954663701 ], [ 66223.929289321880788, 2904.929289321881242 ], [ 66205.958578643767396, 2922.9 ], [ 66135.0, 2922.9 ], [ 66134.990198285973747, 2922.900481527332886 ], [ 66134.980490967791411, 2922.901921471959668 ], [ 66134.970971532267868, 2922.904305966426818 ], [ 66134.961731656760094, 2922.907612046748909 ], [ 66134.952860326317023, 2922.911807873565067 ], [ 66134.944442976702703, 2922.916853038769659 ], [ 66134.936560671587358, 2922.922698954663701 ], [ 66134.929289321880788, 2922.929289321881242 ], [ 66117.0, 2940.85857864376203 ], [ 66099.070710678119212, 2922.929289321881242 ], [ 66099.063439328412642, 2922.922698954663701 ], [ 66099.055557023297297, 2922.916853038769659 ], [ 66099.047139673682977, 2922.911807873565067 ], [ 66099.038268343239906, 2922.907612046748909 ], [ 66099.029028467732132, 2922.904305966426818 ], [ 66099.019509032208589, 2922.901921471959668 ], [ 66099.009801714026253, 2922.900481527332886 ], [ 66099.0, 2922.9 ], [ 66098.990198285973747, 2922.900481527332886 ], [ 66098.980490967791411, 2922.901921471959668 ], [ 66098.970971532267868, 2922.904305966426818 ], [ 66098.961731656760094, 2922.907612046748909 ], [ 66098.952860326317023, 2922.911807873565067 ], [ 66098.944442976702703, 2922.916853038769659 ], [ 66098.936560671587358, 2922.922698954663701 ], [ 66098.929289321880788, 2922.929289321881242 ], [ 66080.958578643767396, 2940.9 ], [ 66027.0, 2940.9 ], [ 66026.990198285973747, 2940.900481527332886 ], [ 66026.980490967791411, 2940.901921471959668 ], [ 66026.970971532267868, 2940.904305966426818 ], [ 66026.961731656760094, 2940.907612046748909 ], [ 66026.952860326317023, 2940.911807873565067 ], [ 66026.944442976702703, 2940.916853038769659 ], [ 66026.936560671587358, 2940.922698954663701 ], [ 66026.929289321880788, 2940.929289321881242 ], [ 66008.958578643767396, 2958.9 ], [ 65919.0, 2958.9 ], [ 65918.990198285973747, 2958.900481527332886 ], [ 65918.980490967791411, 2958.901921471959668 ], [ 65918.970971532267868, 2958.904305966426818 ], [ 65918.961731656760094, 2958.907612046748909 ], [ 65918.952860326317023, 2958.911807873565067 ], [ 65918.944442976702703, 2958.916853038769659 ], [ 65918.936560671587358, 2958.922698954663701 ], [ 65918.929289321880788, 2958.929289321881242 ], [ 65900.958578643767396, 2976.9 ], [ 65812.0, 2976.9 ], [ 65811.990198285973747, 2976.900481527332886 ], [ 65811.980490967791411, 2976.901921471959668 ], [ 65811.970971532267868, 2976.904305966426818 ], [ 65811.961731656760094, 2976.907612046748909 ], [ 65811.952860326317023, 2976.911807873565067 ], [ 65811.944442976702703, 2976.916853038769659 ], [ 65811.936560671587358, 2976.922698954663701 ], [ 65811.929289321880788, 2976.929289321881242 ], [ 65793.958578643767396, 2994.9 ], [ 65686.0, 2994.9 ], [ 65685.990198285973747, 2994.900481527332886 ], [ 65685.980490967791411, 2994.901921471959668 ], [ 65685.970971532267868, 2994.904305966426818 ], [ 65685.961731656760094, 2994.907612046748909 ], [ 65685.952860326317023, 2994.911807873565067 ], [ 65685.944442976702703, 2994.916853038769659 ], [ 65685.936560671587358, 2994.922698954663701 ], [ 65685.929289321880788, 2994.929289321881242 ], [ 65667.958578643767396, 3012.9 ], [ 65614.0, 3012.9 ], [ 65613.990198285973747, 3012.900481527332886 ], [ 65613.980490967791411, 3012.901921471959668 ], [ 65613.970971532267868, 3012.904305966426818 ], [ 65613.961731656760094, 3012.907612046748909 ], [ 65613.952860326317023, 3012.911807873565067 ], [ 65613.944442976702703, 3012.916853038769659 ], [ 65613.936560671587358, 3012.922698954663701 ], [ 65613.929289321880788, 3012.929289321881242 ], [ 65596.0, 3030.85857864376203 ], [ 65578.070710678119212, 3012.929289321881242 ], [ 65578.063439328412642, 3012.922698954663701 ], [ 65578.055557023297297, 3012.916853038770114 ], [ 65578.047139673682977, 3012.911807873565522 ], [ 65578.038268343239906, 3012.907612046748909 ], [ 65578.029028467732132, 3012.904305966426818 ], [ 65578.019509032208589, 3012.901921471959668 ], [ 65578.009801714026253, 3012.900481527332886 ], [ 65578.0, 3012.9 ], [ 65577.990198285973747, 3012.900481527332886 ], [ 65577.980490967791411, 3012.901921471959668 ], [ 65577.970971532267868, 3012.904305966426818 ], [ 65577.961731656760094, 3012.907612046748909 ], [ 65577.952860326317023, 3012.911807873565067 ], [ 65577.944442976702703, 3012.916853038769659 ], [ 65577.936560671587358, 3012.922698954663701 ], [ 65577.929289321880788, 3012.929289321881242 ], [ 65577.922698954658699, 3012.93656067158372 ], [ 65577.91685303876875, 3012.944442976698156 ], [ 65577.911807873562793, 3012.952860326317477 ], [ 65577.907612046750728, 3012.961731656763277 ], [ 65577.904305966425454, 3012.970971532274689 ], [ 65577.901921471959213, 3012.980490967798232 ], [ 65577.900481527336524, 3012.990198285966926 ], [ 65577.899999999994179, 3013.0 ], [ 65577.899999999994179, 3102.960242136444776 ], [ 65560.956895351075218, 3120.9 ], [ 64825.0, 3120.9 ], [ 64824.990198285966471, 3120.900481527332886 ], [ 64824.980490967798687, 3120.901921471959668 ], [ 64824.970971532275144, 3120.904305966426818 ], [ 64824.961731656760094, 3120.907612046748909 ], [ 64824.952860326317023, 3120.911807873565067 ], [ 64824.944442976695427, 3120.916853038769659 ], [ 64824.936560671580082, 3120.922698954663701 ], [ 64824.929289321880788, 3120.929289321881242 ], [ 64806.95857864376012, 3138.9 ], [ 64682.0, 3138.9 ], [ 64681.990553674142575, 3138.900447165144669 ], [ 64681.981191829632735, 3138.901784661445163 ], [ 64681.971998192289902, 3138.904000527267726 ], [ 64681.963054983592883, 3138.907074945452223 ], [ 64681.95444218537159, 3138.910980420545911 ], [ 64681.946236824485823, 3138.915682024701709 ], [ 64681.938512283959426, 3138.921137710050516 ], [ 64681.931337646703469, 3138.927298684744983 ], [ 64663.960242136432498, 3155.9 ], [ 64628.0, 3155.9 ], [ 64627.990198285966471, 3155.900481527332886 ], [ 64627.980490967798687, 3155.901921471959668 ], [ 64627.970971532275144, 3155.904305966426818 ], [ 64627.961731656760094, 3155.907612046748909 ], [ 64627.952860326317023, 3155.911807873565067 ], [ 64627.944442976695427, 3155.916853038769659 ], [ 64627.936560671580082, 3155.922698954663701 ], [ 64627.929289321880788, 3155.929289321881242 ], [ 64609.95857864376012, 3173.9 ], [ 64466.0, 3173.9 ], [ 64465.990198285966471, 3173.900481527332886 ], [ 64465.980490967798687, 3173.901921471959668 ], [ 64465.970971532275144, 3173.904305966426818 ], [ 64465.961731656760094, 3173.907612046748909 ], [ 64465.952860326317023, 3173.911807873565067 ], [ 64465.944442976695427, 3173.916853038769659 ], [ 64465.936560671580082, 3173.922698954663701 ], [ 64465.929289321880788, 3173.929289321881242 ], [ 64447.95857864376012, 3191.9 ], [ 64430.043104648924782, 3191.9 ], [ 64413.072701315257291, 3173.931337646703469 ], [ 64413.065486337291077, 3173.924425271232394 ], [ 64413.057617564416432, 3173.918267409983855 ], [ 64413.049173555977177, 3173.912925541099867 ], [ 64413.040238614281407, 3173.908452996113283 ], [ 64413.030901942976925, 3173.904894427500494 ], [ 64413.021256756423099, 3173.902285362886232 ], [ 64413.011399349132262, 3173.900651850347913 ], [ 64413.001428134339221, 3173.900010198358359 ], [ 64412.991442661506881, 3173.900366812968969 ], [ 64412.981542622437701, 3173.901718133852228 ], [ 64412.971826855995459, 3173.904050669846583 ], [ 64412.962392361325328, 3173.907341133649425 ], [ 64412.953333329445741, 3173.91155667430985 ], [ 64412.944740202859975, 3173.916655205200641 ], [ 64412.93669877263892, 3173.922585824200269 ], [ 64412.929289321880788, 3173.929289321881242 ], [ 64394.95857864376012, 3191.9 ], [ 64359.0, 3191.9 ], [ 64358.990198285966471, 3191.900481527332886 ], [ 64358.980490967798687, 3191.901921471959668 ], [ 64358.970971532275144, 3191.904305966426818 ], [ 64358.961731656760094, 3191.907612046748909 ], [ 64358.952860326317023, 3191.911807873565067 ], [ 64358.944442976695427, 3191.916853038769659 ], [ 64358.936560671580082, 3191.922698954663701 ], [ 64358.929289321880788, 3191.929289321881242 ], [ 64340.95857864376012, 3209.9 ], [ 64197.0, 3209.9 ], [ 64196.990198285966471, 3209.900481527332886 ], [ 64196.980490967798687, 3209.901921471959668 ], [ 64196.970971532275144, 3209.904305966426818 ], [ 64196.961731656760094, 3209.907612046748909 ], [ 64196.952860326317023, 3209.911807873565067 ], [ 64196.944442976695427, 3209.916853038769659 ], [ 64196.936560671580082, 3209.922698954663701 ], [ 64196.929289321880788, 3209.929289321881242 ], [ 64178.95857864376012, 3227.9 ], [ 64054.0, 3227.9 ], [ 64053.990198285966471, 3227.900481527332886 ], [ 64053.980490967798687, 3227.901921471959668 ], [ 64053.970971532275144, 3227.904305966426818 ], [ 64053.961731656760094, 3227.907612046748909 ], [ 64053.952860326317023, 3227.911807873565067 ], [ 64053.944442976695427, 3227.916853038769659 ], [ 64053.936560671580082, 3227.922698954663701 ], [ 64053.929289321880788, 3227.929289321881242 ], [ 64036.0, 3245.85857864376203 ], [ 64018.070710678119212, 3227.929289321881242 ], [ 64018.063439328419918, 3227.922698954663701 ], [ 64018.055557023304573, 3227.916853038769659 ], [ 64018.047139673682977, 3227.911807873565067 ], [ 64018.038268343239906, 3227.907612046748909 ], [ 64018.029028467724856, 3227.904305966426818 ], [ 64018.019509032201313, 3227.901921471959668 ], [ 64018.009801714033529, 3227.900481527332886 ], [ 64018.0, 3227.9 ], [ 64000.04142135623988, 3227.9 ], [ 63982.070710678119212, 3209.929289321881242 ], [ 63982.063439328419918, 3209.922698954663701 ], [ 63982.055557023304573, 3209.916853038769659 ], [ 63982.047139673682977, 3209.911807873565067 ], [ 63982.038268343239906, 3209.907612046748909 ], [ 63982.029028467724856, 3209.904305966426818 ], [ 63982.019509032201313, 3209.901921471959668 ], [ 63982.009801714033529, 3209.900481527332886 ], [ 63982.0, 3209.9 ], [ 63981.990198285966471, 3209.900481527332886 ], [ 63981.980490967798687, 3209.901921471959668 ], [ 63981.970971532275144, 3209.904305966426818 ], [ 63981.961731656760094, 3209.907612046748909 ], [ 63981.952860326317023, 3209.911807873565067 ], [ 63981.944442976695427, 3209.916853038769659 ], [ 63981.936560671580082, 3209.922698954663701 ], [ 63981.929289321880788, 3209.929289321881242 ], [ 63963.95857864376012, 3227.9 ], [ 63946.0, 3227.9 ], [ 63945.990198285966471, 3227.900481527332886 ], [ 63945.980490967798687, 3227.901921471959668 ], [ 63945.970971532275144, 3227.904305966426818 ], [ 63945.961731656760094, 3227.907612046748909 ], [ 63945.952860326317023, 3227.911807873565067 ], [ 63945.944442976695427, 3227.916853038769659 ], [ 63945.936560671580082, 3227.922698954663701 ], [ 63945.929289321880788, 3227.929289321881242 ], [ 63927.929289321880788, 3245.929289321881242 ], [ 63927.922698954665975, 3245.93656067158372 ], [ 63927.91685303876875, 3245.944442976698156 ], [ 63927.911807873562793, 3245.952860326317477 ], [ 63927.907612046750728, 3245.961731656763732 ], [ 63927.904305966425454, 3245.970971532274689 ], [ 63927.901921471959213, 3245.980490967798687 ], [ 63927.900481527329248, 3245.990198285966926 ], [ 63927.900000000001455, 3246.0 ], [ 63927.900000000001455, 3299.958578643760575 ], [ 63909.929289321880788, 3317.929289321881242 ], [ 63909.922698954665975, 3317.93656067158372 ], [ 63909.91685303876875, 3317.944442976698156 ], [ 63909.911807873562793, 3317.952860326317477 ], [ 63909.907612046750728, 3317.961731656763732 ], [ 63909.904305966425454, 3317.970971532274689 ], [ 63909.901921471959213, 3317.980490967798687 ], [ 63909.900481527329248, 3317.990198285966926 ], [ 63909.900000000001455, 3318.0 ], [ 63909.900000000001455, 3407.958578643760575 ], [ 63891.929289321880788, 3425.929289321881242 ], [ 63891.922698954665975, 3425.93656067158372 ], [ 63891.91685303876875, 3425.944442976698156 ], [ 63891.911807873562793, 3425.952860326317477 ], [ 63891.907612046750728, 3425.961731656763732 ], [ 63891.904305966425454, 3425.970971532274689 ], [ 63891.901921471959213, 3425.980490967798687 ], [ 63891.900481527329248, 3425.990198285966926 ], [ 63891.900000000001455, 3426.0 ], [ 63891.900000000001455, 3478.958578643760575 ], [ 63873.929289321880788, 3496.929289321881242 ], [ 63873.922698954665975, 3496.93656067158372 ], [ 63873.91685303876875, 3496.944442976698156 ], [ 63873.911807873562793, 3496.952860326317477 ], [ 63873.907612046750728, 3496.961731656763732 ], [ 63873.904305966425454, 3496.970971532274689 ], [ 63873.901921471959213, 3496.980490967798687 ], [ 63873.900481527329248, 3496.990198285966926 ], [ 63873.900000000001455, 3497.0 ], [ 63873.900000000001455, 3514.958578643760575 ], [ 63855.929289321880788, 3532.929289321881242 ], [ 63855.922698954665975, 3532.93656067158372 ], [ 63855.91685303876875, 3532.944442976698156 ], [ 63855.911807873562793, 3532.952860326317477 ], [ 63855.907612046750728, 3532.961731656763732 ], [ 63855.904305966425454, 3532.970971532274689 ], [ 63855.901921471959213, 3532.980490967798687 ], [ 63855.900481527329248, 3532.990198285966926 ], [ 63855.900000000001455, 3533.0 ], [ 63855.900000000001455, 3568.960242136429315 ], [ 63838.927298684742709, 3586.931337646703469 ], [ 63838.921137710050971, 3586.938512283960335 ], [ 63838.9156820247008, 3586.946236824484458 ], [ 63838.910980420543638, 3586.95444218537159 ], [ 63838.907074945454951, 3586.963054983594702 ], [ 63838.904000527269091, 3586.971998192289448 ], [ 63838.901784661444253, 3586.98119182963228 ], [ 63838.900447165142396, 3586.990553674139392 ], [ 63838.900000000001455, 3587.0 ], [ 63838.900000000001455, 3622.958578643760575 ], [ 63820.929289321880788, 3640.929289321881242 ], [ 63820.922698954665975, 3640.93656067158372 ], [ 63820.91685303876875, 3640.944442976698156 ], [ 63820.911807873562793, 3640.952860326317477 ], [ 63820.907612046750728, 3640.961731656763732 ], [ 63820.904305966425454, 3640.970971532274689 ], [ 63820.901921471959213, 3640.980490967798687 ], [ 63820.900481527329248, 3640.990198285966926 ], [ 63820.900000000001455, 3641.0 ], [ 63820.900000000001455, 3658.958578643760575 ], [ 63784.929289321880788, 3694.929289321881242 ], [ 63784.922698954665975, 3694.93656067158372 ], [ 63784.91685303876875, 3694.944442976698156 ], [ 63784.911807873562793, 3694.952860326317477 ], [ 63784.907612046750728, 3694.961731656763732 ], [ 63784.904305966425454, 3694.970971532274689 ], [ 63784.901921471959213, 3694.980490967798687 ], [ 63784.900481527329248, 3694.990198285966926 ], [ 63784.900000000001455, 3695.0 ], [ 63784.900000000001455, 3729.958578643760575 ], [ 63622.95857864376012, 3891.9 ], [ 63605.0, 3891.9 ], [ 63604.990198285966471, 3891.900481527332886 ], [ 63604.980490967798687, 3891.901921471959668 ], [ 63604.970971532275144, 3891.904305966426818 ], [ 63604.961731656760094, 3891.907612046748909 ], [ 63604.952860326317023, 3891.911807873565067 ], [ 63604.944442976695427, 3891.916853038769659 ], [ 63604.936560671580082, 3891.922698954663701 ], [ 63604.929289321880788, 3891.929289321881242 ], [ 63604.922698954665975, 3891.93656067158372 ], [ 63604.91685303876875, 3891.944442976698156 ], [ 63604.911807873562793, 3891.952860326317477 ], [ 63604.907612046750728, 3891.961731656763277 ], [ 63604.904305966425454, 3891.970971532274689 ], [ 63604.901921471959213, 3891.980490967798232 ], [ 63604.900481527329248, 3891.990198285966926 ], [ 63604.900000000001455, 3892.0 ], [ 63604.900000000001455, 3909.958578643760575 ], [ 63568.929289321880788, 3945.929289321881242 ], [ 63568.922698954665975, 3945.93656067158372 ], [ 63568.91685303876875, 3945.944442976698156 ], [ 63568.911807873562793, 3945.952860326317477 ], [ 63568.907612046750728, 3945.961731656763732 ], [ 63568.904305966425454, 3945.970971532274689 ], [ 63568.901921471959213, 3945.980490967798687 ], [ 63568.900481527329248, 3945.990198285966926 ], [ 63568.900000000001455, 3946.0 ], [ 63568.900000000001455, 3963.960242136429315 ], [ 63551.956895351075218, 3981.9 ], [ 63516.0, 3981.9 ], [ 63515.990198285966471, 3981.900481527332886 ], [ 63515.980490967798687, 3981.901921471959668 ], [ 63515.970971532275144, 3981.904305966426818 ], [ 63515.961731656760094, 3981.907612046748909 ], [ 63515.952860326317023, 3981.911807873565067 ], [ 63515.944442976695427, 3981.916853038769659 ], [ 63515.936560671580082, 3981.922698954663701 ], [ 63515.929289321880788, 3981.929289321881242 ], [ 63497.930299268351519, 3999.928279375414149 ], [ 63479.931337646703469, 4016.927298684744983 ], [ 63479.929289321880788, 4016.929289321881242 ], [ 63443.95857864376012, 4052.9 ], [ 63426.0, 4052.9 ], [ 63425.990198285966471, 4052.900481527332886 ], [ 63425.980490967798687, 4052.901921471959668 ], [ 63425.970971532275144, 4052.904305966426818 ], [ 63425.961731656760094, 4052.907612046748909 ], [ 63425.952860326317023, 4052.911807873565067 ], [ 63425.944442976695427, 4052.916853038769659 ], [ 63425.936560671580082, 4052.922698954663701 ], [ 63425.929289321880788, 4052.929289321881242 ], [ 63389.95857864376012, 4088.9 ], [ 63372.0, 4088.9 ], [ 63371.990198285966471, 4088.900481527332886 ], [ 63371.980490967798687, 4088.901921471959668 ], [ 63371.970971532275144, 4088.904305966426818 ], [ 63371.961731656760094, 4088.907612046748909 ], [ 63371.952860326317023, 4088.911807873565067 ], [ 63371.944442976695427, 4088.916853038769659 ], [ 63371.936560671580082, 4088.922698954663701 ], [ 63371.929289321880788, 4088.929289321881242 ], [ 63335.95857864376012, 4124.899999999999636 ], [ 63300.0, 4124.899999999999636 ], [ 63299.990198285966471, 4124.900481527332886 ], [ 63299.980490967798687, 4124.901921471960122 ], [ 63299.970971532275144, 4124.904305966427273 ], [ 63299.961731656760094, 4124.907612046748909 ], [ 63299.952860326317023, 4124.911807873565522 ], [ 63299.944442976695427, 4124.916853038769659 ], [ 63299.936560671580082, 4124.922698954664156 ], [ 63299.929289321880788, 4124.929289321881697 ], [ 63281.929289321880788, 4142.929289321881697 ], [ 63281.927298684742709, 4142.931337646703469 ], [ 63264.956895351075218, 4160.899999999999636 ], [ 63247.0, 4160.899999999999636 ], [ 63246.990198285966471, 4160.900481527332886 ], [ 63246.980490967798687, 4160.901921471960122 ], [ 63246.970971532275144, 4160.904305966427273 ], [ 63246.961731656760094, 4160.907612046748909 ], [ 63246.952860326317023, 4160.911807873565522 ], [ 63246.944442976695427, 4160.916853038769659 ], [ 63246.936560671580082, 4160.922698954664156 ], [ 63246.929289321880788, 4160.929289321881697 ], [ 63229.0, 4178.858578643762485 ], [ 63211.070710678119212, 4160.929289321881697 ], [ 63211.063439328419918, 4160.922698954664156 ], [ 63211.055557023304573, 4160.916853038769659 ], [ 63211.047139673682977, 4160.911807873565522 ], [ 63211.038268343239906, 4160.907612046748909 ], [ 63211.029028467724856, 4160.904305966427273 ], [ 63211.019509032201313, 4160.901921471960122 ], [ 63211.009801714033529, 4160.900481527332886 ], [ 63211.0, 4160.899999999999636 ], [ 63210.990198285966471, 4160.900481527332886 ], [ 63210.980490967798687, 4160.901921471960122 ], [ 63210.970971532275144, 4160.904305966427273 ], [ 63210.961731656760094, 4160.907612046748909 ], [ 63210.952860326317023, 4160.911807873565522 ], [ 63210.944442976695427, 4160.916853038769659 ], [ 63210.936560671580082, 4160.922698954664156 ], [ 63210.929289321880788, 4160.929289321881697 ], [ 63192.95857864376012, 4178.899999999999636 ], [ 63139.0, 4178.899999999999636 ], [ 63138.990198285966471, 4178.900481527332886 ], [ 63138.980490967798687, 4178.901921471960122 ], [ 63138.970971532275144, 4178.904305966427273 ], [ 63138.961731656760094, 4178.907612046748909 ], [ 63138.952860326317023, 4178.911807873565522 ], [ 63138.944442976695427, 4178.916853038769659 ], [ 63138.936560671580082, 4178.922698954664156 ], [ 63138.929289321880788, 4178.929289321881697 ], [ 63120.95857864376012, 4196.899999999999636 ], [ 63085.04142135623988, 4196.899999999999636 ], [ 63067.070710678119212, 4178.929289321881697 ], [ 63067.063439328419918, 4178.922698954664156 ], [ 63067.055557023304573, 4178.916853038769659 ], [ 63067.047139673682977, 4178.911807873565522 ], [ 63067.038268343239906, 4178.907612046748909 ], [ 63067.029028467724856, 4178.904305966427273 ], [ 63067.019509032201313, 4178.901921471960122 ], [ 63067.009801714033529, 4178.900481527332886 ], [ 63067.0, 4178.899999999999636 ], [ 63066.990198285966471, 4178.900481527332886 ], [ 63066.980490967798687, 4178.901921471960122 ], [ 63066.970971532275144, 4178.904305966427273 ], [ 63066.961731656760094, 4178.907612046748909 ], [ 63066.952860326317023, 4178.911807873565522 ], [ 63066.944442976695427, 4178.916853038769659 ], [ 63066.936560671580082, 4178.922698954664156 ], [ 63066.929289321880788, 4178.929289321881697 ], [ 63048.95857864376012, 4196.899999999999636 ], [ 63013.04142135623988, 4196.899999999999636 ], [ 62995.070710678119212, 4178.929289321881697 ], [ 62995.063439328419918, 4178.922698954664156 ], [ 62995.055557023304573, 4178.916853038769659 ], [ 62995.047139673682977, 4178.911807873565522 ], [ 62995.038268343239906, 4178.907612046748909 ], [ 62995.029028467724856, 4178.904305966427273 ], [ 62995.019509032201313, 4178.901921471960122 ], [ 62995.009801714033529, 4178.900481527332886 ], [ 62995.0, 4178.899999999999636 ], [ 62978.04142135623988, 4178.899999999999636 ], [ 62960.070710678119212, 4160.929289321881697 ], [ 62960.063439328419918, 4160.922698954664156 ], [ 62960.055557023304573, 4160.916853038769659 ], [ 62960.047139673682977, 4160.911807873565522 ], [ 62960.038268343239906, 4160.907612046748909 ], [ 62960.029028467724856, 4160.904305966427273 ], [ 62960.019509032201313, 4160.901921471960122 ], [ 62960.009801714033529, 4160.900481527332886 ], [ 62960.0, 4160.899999999999636 ], [ 62942.04142135623988, 4160.899999999999636 ], [ 62924.099999999998545, 4142.95857864376103 ], [ 62924.099999999998545, 4125.0 ], [ 62924.099518472670752, 4124.990198285967381 ], [ 62924.098078528040787, 4124.980490967798687 ], [ 62924.095694033574546, 4124.970971532274234 ], [ 62924.092387953249272, 4124.961731656763732 ], [ 62924.088192126437207, 4124.952860326317023 ], [ 62924.08314696123125, 4124.944442976698156 ], [ 62924.077301045334025, 4124.93656067158372 ], [ 62924.070710678119212, 4124.929289321881697 ], [ 62924.063439328419918, 4124.922698954664156 ], [ 62924.055557023304573, 4124.916853038769659 ], [ 62924.047139673682977, 4124.911807873565522 ], [ 62924.038268343239906, 4124.907612046748909 ], [ 62924.029028467724856, 4124.904305966426364 ], [ 62924.019509032201313, 4124.901921471960122 ], [ 62924.009801714033529, 4124.900481527332886 ], [ 62924.0, 4124.899999999999636 ], [ 62906.04142135623988, 4124.899999999999636 ], [ 62852.099999999998545, 4070.958578643760575 ], [ 62852.099999999998545, 4053.0 ], [ 62852.099518472670752, 4052.990198285966926 ], [ 62852.098078528040787, 4052.980490967798687 ], [ 62852.095694033574546, 4052.970971532274689 ], [ 62852.092387953249272, 4052.961731656763732 ], [ 62852.088192126437207, 4052.952860326317477 ], [ 62852.08314696123125, 4052.944442976698156 ], [ 62852.077301045334025, 4052.93656067158372 ], [ 62852.070710678119212, 4052.929289321881242 ], [ 62834.099999999998545, 4034.958578643760575 ], [ 62834.099999999998545, 4017.0 ], [ 62834.099482841804274, 4016.989843022748573 ], [ 62834.097936716265394, 4016.979791100778129 ], [ 62834.095377615209145, 4016.969948202765863 ], [ 62834.091832007841731, 4016.960416135418654 ], [ 62834.087336566968588, 4016.95129349047329 ], [ 62834.081937789662334, 4016.942674624940992 ], [ 62834.075691516358347, 4016.934648685160937 ], [ 62834.068662353296531, 4016.927298684744983 ], [ 62816.069700731648481, 3999.928279375414149 ], [ 62762.099999999998545, 3945.958578643760575 ], [ 62762.099999999998545, 3910.0 ], [ 62762.099518472670752, 3909.990198285966926 ], [ 62762.098078528040787, 3909.980490967798687 ], [ 62762.095694033574546, 3909.970971532274689 ], [ 62762.092387953249272, 3909.961731656763732 ], [ 62762.088192126437207, 3909.952860326317477 ], [ 62762.08314696123125, 3909.944442976698156 ], [ 62762.077301045334025, 3909.93656067158372 ], [ 62762.070710678119212, 3909.929289321881242 ], [ 62744.099999999998545, 3891.958578643760575 ], [ 62744.099999999998545, 3874.0 ], [ 62744.099518472670752, 3873.990198285966926 ], [ 62744.098078528040787, 3873.980490967798687 ], [ 62744.095694033574546, 3873.970971532274689 ], [ 62744.092387953249272, 3873.961731656763732 ], [ 62744.088192126437207, 3873.952860326317477 ], [ 62744.08314696123125, 3873.944442976698156 ], [ 62744.077301045334025, 3873.93656067158372 ], [ 62744.070710678119212, 3873.929289321881242 ], [ 62708.071720624626323, 3837.930299268388808 ], [ 62691.072701315257291, 3819.931337646703469 ], [ 62691.070710678119212, 3819.929289321881242 ], [ 62673.099999999998545, 3801.958578643760575 ], [ 62673.099999999998545, 3784.0 ], [ 62673.099518472670752, 3783.990198285966926 ], [ 62673.098078528040787, 3783.980490967798687 ], [ 62673.095694033574546, 3783.970971532274689 ], [ 62673.092387953249272, 3783.961731656763732 ], [ 62673.088192126437207, 3783.952860326317477 ], [ 62673.08314696123125, 3783.944442976698156 ], [ 62673.077301045334025, 3783.93656067158372 ], [ 62673.070710678119212, 3783.929289321881242 ], [ 62655.099999999998545, 3765.958578643760575 ], [ 62655.099999999998545, 3748.0 ], [ 62655.099518472670752, 3747.990198285966926 ], [ 62655.098078528040787, 3747.980490967798687 ], [ 62655.095694033574546, 3747.970971532274689 ], [ 62655.092387953249272, 3747.961731656763732 ], [ 62655.088192126437207, 3747.952860326317477 ], [ 62655.08314696123125, 3747.944442976698156 ], [ 62655.077301045334025, 3747.93656067158372 ], [ 62655.070710678119212, 3747.929289321881242 ], [ 62637.099999999998545, 3729.958578643760575 ], [ 62637.099999999998545, 3713.0 ], [ 62637.099518472670752, 3712.990198285966926 ], [ 62637.098078528040787, 3712.980490967798687 ], [ 62637.095694033574546, 3712.970971532274689 ], [ 62637.092387953249272, 3712.961731656763732 ], [ 62637.088192126437207, 3712.952860326317477 ], [ 62637.08314696123125, 3712.944442976698156 ], [ 62637.077301045334025, 3712.93656067158372 ], [ 62637.070710678119212, 3712.929289321881242 ], [ 62601.099999999998545, 3676.958578643760575 ], [ 62601.099999999998545, 3659.0 ], [ 62601.099518472670752, 3658.990198285966926 ], [ 62601.098078528040787, 3658.980490967798687 ], [ 62601.095694033574546, 3658.970971532274689 ], [ 62601.092387953249272, 3658.961731656763732 ], [ 62601.088192126437207, 3658.952860326317477 ], [ 62601.08314696123125, 3658.944442976698156 ], [ 62601.077301045334025, 3658.93656067158372 ], [ 62601.070710678119212, 3658.929289321881242 ], [ 62583.099999999998545, 3640.958578643760575 ], [ 62583.099999999998545, 3623.0 ], [ 62583.099518472670752, 3622.990198285966926 ], [ 62583.098078528040787, 3622.980490967798687 ], [ 62583.095694033574546, 3622.970971532274689 ], [ 62583.092387953249272, 3622.961731656763732 ], [ 62583.088192126437207, 3622.952860326317477 ], [ 62583.08314696123125, 3622.944442976698156 ], [ 62583.077301045334025, 3622.93656067158372 ], [ 62583.070710678119212, 3622.929289321881242 ], [ 62565.099999999998545, 3604.958578643760575 ], [ 62565.099999999998545, 3587.0 ], [ 62565.099518472670752, 3586.990198285966926 ], [ 62565.098078528040787, 3586.980490967798687 ], [ 62565.095694033574546, 3586.970971532274689 ], [ 62565.092387953249272, 3586.961731656763732 ], [ 62565.088192126437207, 3586.952860326317477 ], [ 62565.08314696123125, 3586.944442976698156 ], [ 62565.077301045334025, 3586.93656067158372 ], [ 62565.070710678119212, 3586.929289321881242 ], [ 62547.099999999998545, 3568.958578643760575 ], [ 62547.099999999998545, 3551.0 ], [ 62547.099518472670752, 3550.990198285966926 ], [ 62547.098078528040787, 3550.980490967798687 ], [ 62547.095694033574546, 3550.970971532274689 ], [ 62547.092387953249272, 3550.961731656763732 ], [ 62547.088192126437207, 3550.952860326317477 ], [ 62547.08314696123125, 3550.944442976698156 ], [ 62547.077301045334025, 3550.93656067158372 ], [ 62547.070710678119212, 3550.929289321881242 ], [ 62529.099999999998545, 3532.958578643760575 ], [ 62529.099999999998545, 3515.0 ], [ 62529.099518472670752, 3514.990198285966926 ], [ 62529.098078528040787, 3514.980490967798687 ], [ 62529.095694033574546, 3514.970971532274689 ], [ 62529.092387953249272, 3514.961731656763732 ], [ 62529.088192126437207, 3514.952860326317477 ], [ 62529.08314696123125, 3514.944442976698156 ], [ 62529.077301045334025, 3514.93656067158372 ], [ 62529.070710678119212, 3514.929289321881242 ], [ 62511.099999999998545, 3496.958578643760575 ], [ 62511.099999999998545, 3461.0 ], [ 62511.099518472670752, 3460.990198285966926 ], [ 62511.098078528040787, 3460.980490967798687 ], [ 62511.095694033574546, 3460.970971532274689 ], [ 62511.092387953249272, 3460.961731656763732 ], [ 62511.088192126437207, 3460.952860326317477 ], [ 62511.08314696123125, 3460.944442976698156 ], [ 62511.077301045334025, 3460.93656067158372 ], [ 62511.070710678119212, 3460.929289321881242 ], [ 62493.099999999998545, 3442.958578643760575 ], [ 62493.099999999998545, 3408.0 ], [ 62493.099518472670752, 3407.990198285966926 ], [ 62493.098078528040787, 3407.980490967798687 ], [ 62493.095694033574546, 3407.970971532274689 ], [ 62493.092387953249272, 3407.961731656763732 ], [ 62493.088192126437207, 3407.952860326317477 ], [ 62493.08314696123125, 3407.944442976698156 ], [ 62493.077301045334025, 3407.93656067158372 ], [ 62493.070710678119212, 3407.929289321881242 ], [ 62475.099999999998545, 3389.958578643760575 ], [ 62475.099999999998545, 3354.0 ], [ 62475.099518472670752, 3353.990198285966926 ], [ 62475.098078528040787, 3353.980490967798687 ], [ 62475.095694033574546, 3353.970971532274689 ], [ 62475.092387953249272, 3353.961731656763732 ], [ 62475.088192126437207, 3353.952860326317477 ], [ 62475.08314696123125, 3353.944442976698156 ], [ 62475.077301045334025, 3353.93656067158372 ], [ 62475.070710678119212, 3353.929289321881242 ], [ 62457.099999999998545, 3335.958578643760575 ], [ 62457.099999999998545, 3282.0 ], [ 62457.099518472670752, 3281.990198285966926 ], [ 62457.098078528040787, 3281.980490967798687 ], [ 62457.095694033574546, 3281.970971532274689 ], [ 62457.092387953249272, 3281.961731656763732 ], [ 62457.088192126437207, 3281.952860326317477 ], [ 62457.08314696123125, 3281.944442976698156 ], [ 62457.077301045334025, 3281.93656067158372 ], [ 62457.070710678119212, 3281.929289321881242 ], [ 62439.099999999998545, 3263.958578643760575 ], [ 62439.099999999998545, 3121.0 ], [ 62439.099518472670752, 3120.990198285966926 ], [ 62439.098078528040787, 3120.980490967798232 ], [ 62439.095694033574546, 3120.970971532274689 ], [ 62439.092387953249272, 3120.961731656763277 ], [ 62439.088192126437207, 3120.952860326317477 ], [ 62439.08314696123125, 3120.944442976698156 ], [ 62439.077301045334025, 3120.93656067158372 ], [ 62439.070710678119212, 3120.929289321881242 ], [ 62439.063439328419918, 3120.922698954663701 ], [ 62439.055557023304573, 3120.916853038769659 ], [ 62439.047139673682977, 3120.911807873565067 ], [ 62439.038268343239906, 3120.907612046748909 ], [ 62439.029028467724856, 3120.904305966426818 ], [ 62439.019509032201313, 3120.901921471959668 ], [ 62439.009801714033529, 3120.900481527332886 ], [ 62439.0, 3120.9 ], [ 62368.0, 3120.9 ], [ 62367.990198285966471, 3120.900481527332886 ], [ 62367.980490967798687, 3120.901921471959668 ], [ 62367.970971532275144, 3120.904305966426818 ], [ 62367.961731656760094, 3120.907612046748909 ], [ 62367.952860326317023, 3120.911807873565067 ], [ 62367.944442976695427, 3120.916853038769659 ], [ 62367.936560671580082, 3120.922698954663701 ], [ 62367.929289321880788, 3120.929289321881242 ], [ 62367.922698954665975, 3120.93656067158372 ], [ 62367.91685303876875, 3120.944442976698156 ], [ 62367.911807873562793, 3120.952860326317477 ], [ 62367.907612046750728, 3120.961731656763277 ], [ 62367.904305966425454, 3120.970971532274689 ], [ 62367.901921471959213, 3120.980490967798232 ], [ 62367.900481527329248, 3120.990198285966926 ], [ 62367.900000000001455, 3121.0 ], [ 62367.900000000001455, 3155.958578643760575 ], [ 62350.0, 3173.85857864376203 ], [ 62332.070710678119212, 3155.929289321881242 ], [ 62332.068662353296531, 3155.927298684744983 ], [ 62314.099999999998545, 3138.956895351074763 ], [ 62314.099999999998545, 3121.0 ], [ 62314.099518472670752, 3120.990198285966926 ], [ 62314.098078528040787, 3120.980490967798232 ], [ 62314.095694033574546, 3120.970971532274689 ], [ 62314.092387953249272, 3120.961731656763277 ], [ 62314.088192126437207, 3120.952860326317477 ], [ 62314.08314696123125, 3120.944442976698156 ], [ 62314.077301045334025, 3120.93656067158372 ], [ 62314.070710678119212, 3120.929289321881242 ], [ 62314.063439328419918, 3120.922698954663701 ], [ 62314.055557023304573, 3120.916853038769659 ], [ 62314.047139673682977, 3120.911807873565067 ], [ 62314.038268343239906, 3120.907612046748909 ], [ 62314.029028467724856, 3120.904305966426818 ], [ 62314.019509032201313, 3120.901921471959668 ], [ 62314.009801714033529, 3120.900481527332886 ], [ 62314.0, 3120.9 ], [ 61543.0, 3120.9 ], [ 61542.990198285966471, 3120.900481527332886 ], [ 61542.980490967798687, 3120.901921471959668 ], [ 61542.970971532275144, 3120.904305966426818 ], [ 61542.961731656760094, 3120.907612046748909 ], [ 61542.952860326317023, 3120.911807873565067 ], [ 61542.944442976695427, 3120.916853038769659 ], [ 61542.936560671580082, 3120.922698954663701 ], [ 61542.929289321880788, 3120.929289321881242 ], [ 61524.95857864376012, 3138.9 ], [ 61507.0, 3138.9 ], [ 61506.990553674142575, 3138.900447165144669 ], [ 61506.981191829632735, 3138.901784661445163 ], [ 61506.971998192289902, 3138.904000527267726 ], [ 61506.963054983592883, 3138.907074945452223 ], [ 61506.95444218537159, 3138.910980420545911 ], [ 61506.946236824485823, 3138.915682024701709 ], [ 61506.938512283959426, 3138.921137710050516 ], [ 61506.931337646703469, 3138.927298684744983 ], [ 61488.960242136432498, 3155.9 ], [ 61471.039757863567502, 3155.9 ], [ 61453.069700731648481, 3138.928279375414149 ], [ 61435.070710678119212, 3120.929289321881242 ], [ 61435.063439328419918, 3120.922698954663701 ], [ 61435.055557023304573, 3120.916853038769659 ], [ 61435.047139673682977, 3120.911807873565067 ], [ 61435.038268343239906, 3120.907612046748909 ], [ 61435.029028467724856, 3120.904305966426818 ], [ 61435.019509032201313, 3120.901921471959668 ], [ 61435.009801714033529, 3120.900481527332886 ], [ 61435.0, 3120.9 ], [ 60825.0, 3120.9 ], [ 60824.990198285966471, 3120.900481527332886 ], [ 60824.980490967798687, 3120.901921471959668 ], [ 60824.970971532275144, 3120.904305966426818 ], [ 60824.961731656760094, 3120.907612046748909 ], [ 60824.952860326317023, 3120.911807873565067 ], [ 60824.944442976695427, 3120.916853038769659 ], [ 60824.936560671580082, 3120.922698954663701 ], [ 60824.929289321880788, 3120.929289321881242 ], [ 60824.922698954665975, 3120.93656067158372 ], [ 60824.91685303876875, 3120.944442976698156 ], [ 60824.911807873562793, 3120.952860326317477 ], [ 60824.907612046750728, 3120.961731656763277 ], [ 60824.904305966425454, 3120.970971532274689 ], [ 60824.901921471959213, 3120.980490967798232 ], [ 60824.900481527329248, 3120.990198285966926 ], [ 60824.900000000001455, 3121.0 ], [ 60824.900000000001455, 3138.956895351074763 ], [ 60807.0, 3155.862450906631693 ], [ 60789.068662353296531, 3138.927298684744983 ], [ 60789.061487716040574, 3138.921137710050516 ], [ 60789.053763175514177, 3138.915682024701709 ], [ 60789.04555781462841, 3138.910980420545911 ], [ 60789.036945016407117, 3138.907074945452223 ], [ 60789.028001807710098, 3138.904000527267726 ], [ 60789.018808170367265, 3138.901784661445163 ], [ 60789.009446325857425, 3138.900447165144669 ], [ 60789.0, 3138.9 ], [ 60753.04142135623988, 3138.9 ], [ 60735.070710678119212, 3120.929289321881242 ], [ 60735.063439328419918, 3120.922698954663701 ], [ 60735.055557023304573, 3120.916853038769659 ], [ 60735.047139673682977, 3120.911807873565067 ], [ 60735.038268343239906, 3120.907612046748909 ], [ 60735.029028467724856, 3120.904305966426818 ], [ 60735.019509032201313, 3120.901921471959668 ], [ 60735.009801714033529, 3120.900481527332886 ], [ 60735.0, 3120.9 ], [ 60251.0, 3120.9 ], [ 60250.990198285966471, 3120.900481527332886 ], [ 60250.980490967798687, 3120.901921471959668 ], [ 60250.970971532275144, 3120.904305966426818 ], [ 60250.961731656760094, 3120.907612046748909 ], [ 60250.952860326317023, 3120.911807873565067 ], [ 60250.944442976695427, 3120.916853038769659 ], [ 60250.936560671580082, 3120.922698954663701 ], [ 60250.929289321880788, 3120.929289321881242 ], [ 60232.95857864376012, 3138.9 ], [ 60215.04142135623988, 3138.9 ], [ 60197.070710678119212, 3120.929289321881242 ], [ 60197.063439328419918, 3120.922698954663701 ], [ 60197.055557023304573, 3120.916853038769659 ], [ 60197.047139673682977, 3120.911807873565067 ], [ 60197.038268343239906, 3120.907612046748909 ], [ 60197.029028467724856, 3120.904305966426818 ], [ 60197.019509032201313, 3120.901921471959668 ], [ 60197.009801714033529, 3120.900481527332886 ], [ 60197.0, 3120.9 ], [ 60143.0, 3120.9 ], [ 60142.990198285966471, 3120.900481527332886 ], [ 60142.980490967798687, 3120.901921471959668 ], [ 60142.970971532275144, 3120.904305966426818 ], [ 60142.961731656760094, 3120.907612046748909 ], [ 60142.952860326317023, 3120.911807873565067 ], [ 60142.944442976695427, 3120.916853038769659 ], [ 60142.936560671580082, 3120.922698954663701 ], [ 60142.929289321880788, 3120.929289321881242 ], [ 60142.922698954665975, 3120.93656067158372 ], [ 60142.91685303876875, 3120.944442976698156 ], [ 60142.911807873562793, 3120.952860326317477 ], [ 60142.907612046750728, 3120.961731656763277 ], [ 60142.904305966425454, 3120.970971532274689 ], [ 60142.901921471959213, 3120.980490967798232 ], [ 60142.900481527329248, 3120.990198285966926 ], [ 60142.900000000001455, 3121.0 ], [ 60142.900000000001455, 3139.0 ], [ 60142.900481527329248, 3139.009801714033074 ], [ 60142.901921471959213, 3139.019509032201768 ], [ 60142.904305966425454, 3139.029028467725311 ], [ 60142.907612046750728, 3139.038268343236723 ], [ 60142.911807873562793, 3139.047139673682523 ], [ 60142.91685303876875, 3139.055557023301844 ], [ 60142.922698954665975, 3139.06343932841628 ], [ 60142.929289321880788, 3139.070710678118758 ], [ 60142.936560671580082, 3139.077301045336299 ], [ 60142.944442976695427, 3139.083146961230341 ], [ 60142.952860326317023, 3139.088192126434933 ], [ 60142.961731656760094, 3139.092387953251091 ], [ 60142.970971532275144, 3139.095694033573182 ], [ 60142.980490967798687, 3139.098078528040332 ], [ 60142.990198285966471, 3139.099518472667114 ], [ 60143.0, 3139.1 ], [ 60160.960242136432498, 3139.1 ], [ 60178.900000000001455, 3156.043104648925237 ], [ 60178.900000000001455, 3173.958578643760575 ], [ 60160.95857864376012, 3191.9 ], [ 60143.04142135623988, 3191.9 ], [ 60125.070710678119212, 3173.929289321881242 ], [ 60125.063439328419918, 3173.922698954663701 ], [ 60125.055557023304573, 3173.916853038769659 ], [ 60125.047139673682977, 3173.911807873565067 ], [ 60125.038268343239906, 3173.907612046748909 ], [ 60125.029028467724856, 3173.904305966426818 ], [ 60125.019509032201313, 3173.901921471959668 ], [ 60125.009801714033529, 3173.900481527332886 ], [ 60125.0, 3173.9 ], [ 60108.04142135623988, 3173.9 ], [ 60090.070710678119212, 3155.929289321881242 ], [ 60090.063439328419918, 3155.922698954663701 ], [ 60090.055557023304573, 3155.916853038769659 ], [ 60090.047139673682977, 3155.911807873565067 ], [ 60090.038268343239906, 3155.907612046748909 ], [ 60090.029028467724856, 3155.904305966426818 ], [ 60090.019509032201313, 3155.901921471959668 ], [ 60090.009801714033529, 3155.900481527332886 ], [ 60090.0, 3155.9 ], [ 60054.039757863567502, 3155.9 ], [ 60036.069700731648481, 3138.928279375414149 ], [ 60018.070710678119212, 3120.929289321881242 ], [ 60018.063439328419918, 3120.922698954663701 ], [ 60018.055557023304573, 3120.916853038769659 ], [ 60018.047139673682977, 3120.911807873565067 ], [ 60018.038268343239906, 3120.907612046748909 ], [ 60018.029028467724856, 3120.904305966426818 ], [ 60018.019509032201313, 3120.901921471959668 ], [ 60018.009801714033529, 3120.900481527332886 ], [ 60018.0, 3120.9 ], [ 59982.0, 3120.9 ], [ 59981.990198285966471, 3120.900481527332886 ], [ 59981.980490967798687, 3120.901921471959668 ], [ 59981.970971532275144, 3120.904305966426818 ], [ 59981.961731656760094, 3120.907612046748909 ], [ 59981.952860326317023, 3120.911807873565067 ], [ 59981.944442976695427, 3120.916853038769659 ], [ 59981.936560671580082, 3120.922698954663701 ], [ 59981.929289321880788, 3120.929289321881242 ], [ 59964.0, 3138.85857864376203 ], [ 59946.070710678119212, 3120.929289321881242 ], [ 59946.063439328419918, 3120.922698954663701 ], [ 59946.055557023304573, 3120.916853038769659 ], [ 59946.047139673682977, 3120.911807873565067 ], [ 59946.038268343239906, 3120.907612046748909 ], [ 59946.029028467724856, 3120.904305966426818 ], [ 59946.019509032201313, 3120.901921471959668 ], [ 59946.009801714033529, 3120.900481527332886 ], [ 59946.0, 3120.9 ], [ 59910.0, 3120.9 ], [ 59909.990198285966471, 3120.900481527332886 ], [ 59909.980490967798687, 3120.901921471959668 ], [ 59909.970971532275144, 3120.904305966426818 ], [ 59909.961731656760094, 3120.907612046748909 ], [ 59909.952860326317023, 3120.911807873565067 ], [ 59909.944442976695427, 3120.916853038769659 ], [ 59909.936560671580082, 3120.922698954663701 ], [ 59909.929289321880788, 3120.929289321881242 ], [ 59892.0, 3138.85857864376203 ], [ 59874.070710678119212, 3120.929289321881242 ], [ 59874.063439328419918, 3120.922698954663701 ], [ 59874.055557023304573, 3120.916853038769659 ], [ 59874.047139673682977, 3120.911807873565067 ], [ 59874.038268343239906, 3120.907612046748909 ], [ 59874.029028467724856, 3120.904305966426818 ], [ 59874.019509032201313, 3120.901921471959668 ], [ 59874.009801714033529, 3120.900481527332886 ], [ 59874.0, 3120.9 ], [ 59605.0, 3120.9 ], [ 59604.990198285966471, 3120.900481527332886 ], [ 59604.980490967798687, 3120.901921471959668 ], [ 59604.970971532275144, 3120.904305966426818 ], [ 59604.961731656760094, 3120.907612046748909 ], [ 59604.952860326317023, 3120.911807873565067 ], [ 59604.944442976695427, 3120.916853038769659 ], [ 59604.936560671580082, 3120.922698954663701 ], [ 59604.929289321880788, 3120.929289321881242 ], [ 59586.95857864376012, 3138.9 ], [ 59534.0, 3138.9 ], [ 59533.990553674142575, 3138.900447165144669 ], [ 59533.981191829632735, 3138.901784661445163 ], [ 59533.971998192289902, 3138.904000527267726 ], [ 59533.963054983592883, 3138.907074945452223 ], [ 59533.95444218537159, 3138.910980420545911 ], [ 59533.946236824485823, 3138.915682024701709 ], [ 59533.938512283959426, 3138.921137710050516 ], [ 59533.931337646703469, 3138.927298684744983 ], [ 59515.960242136432498, 3155.9 ], [ 59498.0, 3155.9 ], [ 59497.990198285966471, 3155.900481527332886 ], [ 59497.980490967798687, 3155.901921471959668 ], [ 59497.970971532275144, 3155.904305966426818 ], [ 59497.961731656760094, 3155.907612046748909 ], [ 59497.952860326317023, 3155.911807873565067 ], [ 59497.944442976695427, 3155.916853038769659 ], [ 59497.936560671580082, 3155.922698954663701 ], [ 59497.929289321880788, 3155.929289321881242 ], [ 59480.0, 3173.85857864376203 ], [ 59462.070710678119212, 3155.929289321881242 ], [ 59462.063439328419918, 3155.922698954663701 ], [ 59462.055557023304573, 3155.916853038769659 ], [ 59462.047139673682977, 3155.911807873565067 ], [ 59462.038268343239906, 3155.907612046748909 ], [ 59462.029028467724856, 3155.904305966426818 ], [ 59462.019509032201313, 3155.901921471959668 ], [ 59462.009801714033529, 3155.900481527332886 ], [ 59462.0, 3155.9 ], [ 59444.0, 3155.9 ], [ 59443.990198285966471, 3155.900481527332886 ], [ 59443.980490967798687, 3155.901921471959668 ], [ 59443.970971532275144, 3155.904305966426818 ], [ 59443.961731656760094, 3155.907612046748909 ], [ 59443.952860326317023, 3155.911807873565067 ], [ 59443.944442976695427, 3155.916853038769659 ], [ 59443.936560671580082, 3155.922698954663701 ], [ 59443.929289321880788, 3155.929289321881242 ], [ 59425.95857864376012, 3173.9 ], [ 59336.0, 3173.9 ], [ 59335.990198285966471, 3173.900481527332886 ], [ 59335.980490967798687, 3173.901921471959668 ], [ 59335.970971532275144, 3173.904305966426818 ], [ 59335.961731656760094, 3173.907612046748909 ], [ 59335.952860326317023, 3173.911807873565067 ], [ 59335.944442976695427, 3173.916853038769659 ], [ 59335.936560671580082, 3173.922698954663701 ], [ 59335.929289321880788, 3173.929289321881242 ], [ 59317.95857864376012, 3191.9 ], [ 59157.0, 3191.9 ], [ 59156.990198285966471, 3191.900481527332886 ], [ 59156.980490967798687, 3191.901921471959668 ], [ 59156.970971532275144, 3191.904305966426818 ], [ 59156.961731656760094, 3191.907612046748909 ], [ 59156.952860326317023, 3191.911807873565067 ], [ 59156.944442976695427, 3191.916853038769659 ], [ 59156.936560671580082, 3191.922698954663701 ], [ 59156.929289321880788, 3191.929289321881242 ], [ 59138.95857864376012, 3209.9 ], [ 59103.0, 3209.9 ], [ 59102.990198285966471, 3209.900481527332886 ], [ 59102.980490967798687, 3209.901921471959668 ], [ 59102.970971532275144, 3209.904305966426818 ], [ 59102.961731656760094, 3209.907612046748909 ], [ 59102.952860326317023, 3209.911807873565067 ], [ 59102.944442976695427, 3209.916853038769659 ], [ 59102.936560671580082, 3209.922698954663701 ], [ 59102.929289321880788, 3209.929289321881242 ], [ 59084.95857864376012, 3227.9 ], [ 59067.04142135623988, 3227.9 ], [ 59049.070710678119212, 3209.929289321881242 ], [ 59049.063439328419918, 3209.922698954663701 ], [ 59049.055557023304573, 3209.916853038769659 ], [ 59049.047139673682977, 3209.911807873565067 ], [ 59049.038268343239906, 3209.907612046748909 ], [ 59049.029028467724856, 3209.904305966426818 ], [ 59049.019509032201313, 3209.901921471959668 ], [ 59049.009801714033529, 3209.900481527332886 ], [ 59049.0, 3209.9 ], [ 59048.990198285966471, 3209.900481527332886 ], [ 59048.980490967798687, 3209.901921471959668 ], [ 59048.970971532275144, 3209.904305966426818 ], [ 59048.961731656760094, 3209.907612046748909 ], [ 59048.952860326317023, 3209.911807873565067 ], [ 59048.944442976695427, 3209.916853038769659 ], [ 59048.936560671580082, 3209.922698954663701 ], [ 59048.929289321880788, 3209.929289321881242 ], [ 59030.95857864376012, 3227.9 ], [ 58942.0, 3227.9 ], [ 58941.990198285966471, 3227.900481527332886 ], [ 58941.980490967798687, 3227.901921471959668 ], [ 58941.970971532275144, 3227.904305966426818 ], [ 58941.961731656760094, 3227.907612046748909 ], [ 58941.952860326317023, 3227.911807873565067 ], [ 58941.944442976695427, 3227.916853038769659 ], [ 58941.936560671580082, 3227.922698954663701 ], [ 58941.929289321880788, 3227.929289321881242 ], [ 58923.95857864376012, 3245.9 ], [ 58888.0, 3245.9 ], [ 58887.990198285966471, 3245.900481527332886 ], [ 58887.980490967798687, 3245.901921471959668 ], [ 58887.970971532275144, 3245.904305966426818 ], [ 58887.961731656760094, 3245.907612046748909 ], [ 58887.952860326317023, 3245.911807873565067 ], [ 58887.944442976695427, 3245.916853038769659 ], [ 58887.936560671580082, 3245.922698954663701 ], [ 58887.929289321880788, 3245.929289321881242 ], [ 58869.95857864376012, 3263.9 ], [ 58762.0, 3263.9 ], [ 58761.990198285966471, 3263.900481527332886 ], [ 58761.980490967798687, 3263.901921471959668 ], [ 58761.970971532275144, 3263.904305966426818 ], [ 58761.961731656760094, 3263.907612046748909 ], [ 58761.952860326317023, 3263.911807873565067 ], [ 58761.944442976695427, 3263.916853038769659 ], [ 58761.936560671580082, 3263.922698954663701 ], [ 58761.929289321880788, 3263.929289321881242 ], [ 58743.95857864376012, 3281.9 ], [ 58708.0, 3281.9 ], [ 58707.989843022747664, 3281.900517158197545 ], [ 58707.97979110077722, 3281.902063283737789 ], [ 58707.969948202764499, 3281.904622384790855 ], [ 58707.960416135414562, 3281.908167992155541 ], [ 58707.951293490470562, 3281.912663433032776 ], [ 58707.942674624937354, 3281.91806221034085 ], [ 58707.934648685157299, 3281.924308483641198 ], [ 58707.927298684742709, 3281.931337646703469 ], [ 58690.99795083929348, 3299.856529483058239 ], [ 58673.070710678119212, 3281.929289321881242 ], [ 58673.063439328419918, 3281.922698954663701 ], [ 58673.055557023304573, 3281.916853038769659 ], [ 58673.047139673682977, 3281.911807873565067 ], [ 58673.038268343239906, 3281.907612046748909 ], [ 58673.029028467724856, 3281.904305966426818 ], [ 58673.019509032201313, 3281.901921471959668 ], [ 58673.009801714033529, 3281.900481527332886 ], [ 58673.0, 3281.9 ], [ 58547.0, 3281.9 ], [ 58546.990198285966471, 3281.900481527332886 ], [ 58546.980490967798687, 3281.901921471959668 ], [ 58546.970971532275144, 3281.904305966426818 ], [ 58546.961731656760094, 3281.907612046748909 ], [ 58546.952860326317023, 3281.911807873565067 ], [ 58546.944442976695427, 3281.916853038769659 ], [ 58546.936560671580082, 3281.922698954663701 ], [ 58546.929289321880788, 3281.929289321881242 ], [ 58529.0, 3299.85857864376203 ], [ 58511.070710678119212, 3281.929289321881242 ], [ 58511.063439328419918, 3281.922698954663701 ], [ 58511.055557023304573, 3281.916853038769659 ], [ 58511.047139673682977, 3281.911807873565067 ], [ 58511.038268343239906, 3281.907612046748909 ], [ 58511.029028467724856, 3281.904305966426818 ], [ 58511.019509032201313, 3281.901921471959668 ], [ 58511.009801714033529, 3281.900481527332886 ], [ 58511.0, 3281.9 ], [ 58510.990198285966471, 3281.900481527332886 ], [ 58510.980490967798687, 3281.901921471959668 ], [ 58510.970971532275144, 3281.904305966426818 ], [ 58510.961731656760094, 3281.907612046748909 ], [ 58510.952860326317023, 3281.911807873565067 ], [ 58510.944442976695427, 3281.916853038769659 ], [ 58510.936560671580082, 3281.922698954663701 ], [ 58510.929289321880788, 3281.929289321881242 ], [ 58492.95857864376012, 3299.9 ], [ 58404.0, 3299.9 ], [ 58403.990198285966471, 3299.900481527332886 ], [ 58403.980490967798687, 3299.901921471959668 ], [ 58403.970971532275144, 3299.904305966426818 ], [ 58403.961731656760094, 3299.907612046748909 ], [ 58403.952860326317023, 3299.911807873565067 ], [ 58403.944442976695427, 3299.916853038769659 ], [ 58403.936560671580082, 3299.922698954663701 ], [ 58403.929289321880788, 3299.929289321881242 ], [ 58385.95857864376012, 3317.9 ], [ 58350.0, 3317.9 ], [ 58349.990198285966471, 3317.900481527332886 ], [ 58349.980490967798687, 3317.901921471959668 ], [ 58349.970971532275144, 3317.904305966426818 ], [ 58349.961731656760094, 3317.907612046748909 ], [ 58349.952860326317023, 3317.911807873565067 ], [ 58349.944442976695427, 3317.916853038769659 ], [ 58349.936560671580082, 3317.922698954663701 ], [ 58349.929289321880788, 3317.929289321881242 ], [ 58331.95857864376012, 3335.9 ], [ 58296.0, 3335.9 ], [ 58295.990198285966471, 3335.900481527332886 ], [ 58295.980490967798687, 3335.901921471959668 ], [ 58295.970971532275144, 3335.904305966426818 ], [ 58295.961731656760094, 3335.907612046748909 ], [ 58295.952860326317023, 3335.911807873565067 ], [ 58295.944442976695427, 3335.916853038769659 ], [ 58295.936560671580082, 3335.922698954663701 ], [ 58295.929289321880788, 3335.929289321881242 ], [ 58277.95857864376012, 3353.9 ], [ 58242.0, 3353.9 ], [ 58241.990198285966471, 3353.900481527332886 ], [ 58241.980490967798687, 3353.901921471959668 ], [ 58241.970971532275144, 3353.904305966426818 ], [ 58241.961731656760094, 3353.907612046748909 ], [ 58241.952860326317023, 3353.911807873565067 ], [ 58241.944442976695427, 3353.916853038769659 ], [ 58241.936560671580082, 3353.922698954663701 ], [ 58241.929289321880788, 3353.929289321881242 ], [ 58223.95857864376012, 3371.9 ], [ 58170.0, 3371.9 ], [ 58169.990198285966471, 3371.900481527332886 ], [ 58169.980490967798687, 3371.901921471959668 ], [ 58169.970971532275144, 3371.904305966426818 ], [ 58169.961731656760094, 3371.907612046748909 ], [ 58169.952860326317023, 3371.911807873565067 ], [ 58169.944442976695427, 3371.916853038769659 ], [ 58169.936560671580082, 3371.922698954663701 ], [ 58169.929289321880788, 3371.929289321881242 ], [ 58151.929289321880788, 3389.929289321881242 ], [ 58151.922698954665975, 3389.93656067158372 ], [ 58151.91685303876875, 3389.944442976698156 ], [ 58151.911807873562793, 3389.952860326317477 ], [ 58151.907612046750728, 3389.961731656763732 ], [ 58151.904305966425454, 3389.970971532274689 ], [ 58151.901921471959213, 3389.980490967798687 ], [ 58151.900481527329248, 3389.990198285966926 ], [ 58151.900000000001455, 3390.0 ], [ 58151.900000000001455, 3425.956895351074763 ], [ 58133.931337646703469, 3442.927298684744983 ], [ 58133.924308483641653, 3442.934648685160937 ], [ 58133.918062210337666, 3442.942674624940992 ], [ 58133.912663433031412, 3442.95129349047329 ], [ 58133.908167992158269, 3442.960416135418654 ], [ 58133.904622384790855, 3442.969948202765863 ], [ 58133.902063283734606, 3442.979791100778129 ], [ 58133.900517158195726, 3442.989843022748573 ], [ 58133.900000000001455, 3443.0 ], [ 58133.900000000001455, 3514.960242136429315 ], [ 58116.927298684742709, 3532.931337646703469 ], [ 58116.921137710050971, 3532.938512283960335 ], [ 58116.9156820247008, 3532.946236824484458 ], [ 58116.910980420543638, 3532.95444218537159 ], [ 58116.907074945454951, 3532.963054983594702 ], [ 58116.904000527269091, 3532.971998192289448 ], [ 58116.901784661444253, 3532.98119182963228 ], [ 58116.900447165142396, 3532.990553674139392 ], [ 58116.900000000001455, 3533.0 ], [ 58116.900000000001455, 3622.958578643760575 ], [ 58098.929289321880788, 3640.929289321881242 ], [ 58098.922698954665975, 3640.93656067158372 ], [ 58098.91685303876875, 3640.944442976698156 ], [ 58098.911807873562793, 3640.952860326317477 ], [ 58098.907612046750728, 3640.961731656763732 ], [ 58098.904305966425454, 3640.970971532274689 ], [ 58098.901921471959213, 3640.980490967798687 ], [ 58098.900481527329248, 3640.990198285966926 ], [ 58098.900000000001455, 3641.0 ], [ 58098.900000000001455, 3712.956895351074763 ], [ 58080.931337646703469, 3729.927298684744983 ], [ 58080.924308483641653, 3729.934648685160937 ], [ 58080.918062210337666, 3729.942674624940992 ], [ 58080.912663433031412, 3729.95129349047329 ], [ 58080.908167992158269, 3729.960416135418654 ], [ 58080.904622384790855, 3729.969948202765863 ], [ 58080.902063283734606, 3729.979791100778129 ], [ 58080.900517158195726, 3729.989843022748573 ], [ 58080.900000000001455, 3730.0 ], [ 58080.900000000001455, 3801.958578643760575 ], [ 58062.929289321880788, 3819.929289321881242 ], [ 58062.922698954665975, 3819.93656067158372 ], [ 58062.91685303876875, 3819.944442976698156 ], [ 58062.911807873562793, 3819.952860326317477 ], [ 58062.907612046750728, 3819.961731656763732 ], [ 58062.904305966425454, 3819.970971532274689 ], [ 58062.901921471959213, 3819.980490967798687 ], [ 58062.900481527329248, 3819.990198285966926 ], [ 58062.900000000001455, 3820.0 ], [ 58062.900000000001455, 3873.958578643760575 ], [ 58044.929289321880788, 3891.929289321881242 ], [ 58044.922698954665975, 3891.93656067158372 ], [ 58044.91685303876875, 3891.944442976698156 ], [ 58044.911807873562793, 3891.952860326317477 ], [ 58044.907612046750728, 3891.961731656763732 ], [ 58044.904305966425454, 3891.970971532274689 ], [ 58044.901921471959213, 3891.980490967798687 ], [ 58044.900481527329248, 3891.990198285966926 ], [ 58044.900000000001455, 3892.0 ], [ 58044.900000000001455, 3981.958578643760575 ], [ 58026.929289321880788, 3999.929289321881242 ], [ 58026.922698954665975, 3999.93656067158372 ], [ 58026.91685303876875, 3999.944442976698156 ], [ 58026.911807873562793, 3999.952860326317477 ], [ 58026.907612046750728, 3999.961731656763732 ], [ 58026.904305966425454, 3999.970971532274689 ], [ 58026.901921471959213, 3999.980490967798687 ], [ 58026.900481527329248, 3999.990198285966926 ], [ 58026.900000000001455, 4000.0 ], [ 58026.900000000001455, 4070.958578643760575 ], [ 58008.929289321880788, 4088.929289321881242 ], [ 58008.922698954665975, 4088.93656067158372 ], [ 58008.91685303876875, 4088.944442976698156 ], [ 58008.911807873562793, 4088.952860326317477 ], [ 58008.907612046750728, 4088.961731656763732 ], [ 58008.904305966425454, 4088.970971532274689 ], [ 58008.901921471959213, 4088.980490967798687 ], [ 58008.900481527329248, 4088.990198285966926 ], [ 58008.900000000001455, 4089.0 ], [ 58008.900000000001455, 4214.95857864376103 ], [ 57990.929289321880788, 4232.929289321881697 ], [ 57990.922698954665975, 4232.93656067158372 ], [ 57990.91685303876875, 4232.944442976698156 ], [ 57990.911807873562793, 4232.952860326317932 ], [ 57990.907612046750728, 4232.961731656763732 ], [ 57990.904305966425454, 4232.970971532275144 ], [ 57990.901921471959213, 4232.980490967798687 ], [ 57990.900481527329248, 4232.990198285967381 ], [ 57990.900000000001455, 4233.0 ], [ 57990.900000000001455, 4303.95857864376103 ], [ 57972.929289321880788, 4321.929289321881697 ], [ 57972.922698954665975, 4321.93656067158372 ], [ 57972.91685303876875, 4321.944442976698156 ], [ 57972.911807873562793, 4321.952860326317932 ], [ 57972.907612046750728, 4321.961731656763732 ], [ 57972.904305966425454, 4321.970971532275144 ], [ 57972.901921471959213, 4321.980490967798687 ], [ 57972.900481527329248, 4321.990198285967381 ], [ 57972.900000000001455, 4322.0 ], [ 57972.900000000001455, 4393.95857864376103 ], [ 57954.929289321880788, 4411.929289321881697 ], [ 57954.922698954665975, 4411.93656067158372 ], [ 57954.91685303876875, 4411.944442976698156 ], [ 57954.911807873562793, 4411.952860326317932 ], [ 57954.907612046750728, 4411.961731656763732 ], [ 57954.904305966425454, 4411.970971532275144 ], [ 57954.901921471959213, 4411.980490967798687 ], [ 57954.900481527329248, 4411.990198285967381 ], [ 57954.900000000001455, 4412.0 ], [ 57954.900000000001455, 4501.95857864376103 ], [ 57936.929289321880788, 4519.929289321881697 ], [ 57936.922698954665975, 4519.93656067158372 ], [ 57936.91685303876875, 4519.944442976698156 ], [ 57936.911807873562793, 4519.952860326317932 ], [ 57936.907612046750728, 4519.961731656763732 ], [ 57936.904305966425454, 4519.970971532275144 ], [ 57936.901921471959213, 4519.980490967798687 ], [ 57936.900481527329248, 4519.990198285967381 ], [ 57936.900000000001455, 4520.0 ], [ 57936.900000000001455, 4590.95857864376103 ], [ 57918.929289321880788, 4608.929289321881697 ], [ 57918.922698954665975, 4608.93656067158372 ], [ 57918.91685303876875, 4608.944442976698156 ], [ 57918.911807873562793, 4608.952860326317932 ], [ 57918.907612046750728, 4608.961731656763732 ], [ 57918.904305966425454, 4608.970971532275144 ], [ 57918.901921471959213, 4608.980490967798687 ], [ 57918.900481527329248, 4608.990198285967381 ], [ 57918.900000000001455, 4609.0 ], [ 57918.900000000001455, 4698.95857864376103 ], [ 57900.929289321880788, 4716.929289321881697 ], [ 57900.922698954665975, 4716.93656067158372 ], [ 57900.91685303876875, 4716.944442976698156 ], [ 57900.911807873562793, 4716.952860326317932 ], [ 57900.907612046750728, 4716.961731656763732 ], [ 57900.904305966425454, 4716.970971532275144 ], [ 57900.901921471959213, 4716.980490967798687 ], [ 57900.900481527329248, 4716.990198285967381 ], [ 57900.900000000001455, 4717.0 ], [ 57900.900000000001455, 4788.95857864376103 ], [ 57882.929289321880788, 4806.929289321881697 ], [ 57882.922698954665975, 4806.93656067158372 ], [ 57882.91685303876875, 4806.944442976698156 ], [ 57882.911807873562793, 4806.952860326317932 ], [ 57882.907612046750728, 4806.961731656763732 ], [ 57882.904305966425454, 4806.970971532275144 ], [ 57882.901921471959213, 4806.980490967798687 ], [ 57882.900481527329248, 4806.990198285967381 ], [ 57882.900000000001455, 4807.0 ], [ 57882.900000000001455, 4931.95857864376103 ], [ 57864.929289321880788, 4949.929289321881697 ], [ 57864.922698954665975, 4949.93656067158372 ], [ 57864.91685303876875, 4949.944442976698156 ], [ 57864.911807873562793, 4949.952860326317932 ], [ 57864.907612046750728, 4949.961731656763732 ], [ 57864.904305966425454, 4949.970971532275144 ], [ 57864.901921471959213, 4949.980490967798687 ], [ 57864.900481527329248, 4949.990198285967381 ], [ 57864.900000000001455, 4950.0 ], [ 57864.900000000001455, 5057.95857864376103 ], [ 57846.929289321880788, 5075.929289321881697 ], [ 57846.922698954665975, 5075.93656067158372 ], [ 57846.91685303876875, 5075.944442976698156 ], [ 57846.911807873562793, 5075.952860326317932 ], [ 57846.907612046750728, 5075.961731656763732 ], [ 57846.904305966425454, 5075.970971532275144 ], [ 57846.901921471959213, 5075.980490967798687 ], [ 57846.900481527329248, 5075.990198285967381 ], [ 57846.900000000001455, 5076.0 ], [ 57846.900000000001455, 5290.96024213642977 ], [ 57829.927298684742709, 5308.931337646703469 ], [ 57829.921137710050971, 5308.938512283960335 ], [ 57829.9156820247008, 5308.946236824484004 ], [ 57829.910980420543638, 5308.95444218537159 ], [ 57829.907074945454951, 5308.963054983594702 ], [ 57829.904000527269091, 5308.971998192288993 ], [ 57829.901784661444253, 5308.981191829631825 ], [ 57829.900447165142396, 5308.990553674138937 ], [ 57829.900000000001455, 5309.0 ], [ 57829.900000000001455, 5469.95857864376103 ], [ 57811.929289321880788, 5487.929289321881697 ], [ 57811.922698954665975, 5487.93656067158372 ], [ 57811.91685303876875, 5487.944442976698156 ], [ 57811.911807873562793, 5487.952860326317932 ], [ 57811.907612046750728, 5487.961731656763732 ], [ 57811.904305966425454, 5487.970971532275144 ], [ 57811.901921471959213, 5487.980490967798687 ], [ 57811.900481527329248, 5487.990198285967381 ], [ 57811.900000000001455, 5488.0 ], [ 57811.900000000001455, 5649.95857864376103 ], [ 57793.929289321880788, 5667.929289321881697 ], [ 57793.922698954665975, 5667.93656067158372 ], [ 57793.91685303876875, 5667.944442976698156 ], [ 57793.911807873562793, 5667.952860326317932 ], [ 57793.907612046750728, 5667.961731656763732 ], [ 57793.904305966425454, 5667.970971532275144 ], [ 57793.901921471959213, 5667.980490967798687 ], [ 57793.900481527329248, 5667.990198285967381 ], [ 57793.900000000001455, 5668.0 ], [ 57793.900000000001455, 5882.95857864376103 ], [ 57775.929289321880788, 5900.929289321881697 ], [ 57775.922698954665975, 5900.93656067158372 ], [ 57775.91685303876875, 5900.944442976698156 ], [ 57775.911807873562793, 5900.952860326317932 ], [ 57775.907612046750728, 5900.961731656763732 ], [ 57775.904305966425454, 5900.970971532275144 ], [ 57775.901921471959213, 5900.980490967798687 ], [ 57775.900481527329248, 5900.990198285967381 ], [ 57775.900000000001455, 5901.0 ], [ 57775.900000000001455, 6079.95857864376103 ], [ 57757.929289321880788, 6097.929289321881697 ], [ 57757.922698954665975, 6097.93656067158372 ], [ 57757.91685303876875, 6097.944442976698156 ], [ 57757.911807873562793, 6097.952860326317932 ], [ 57757.907612046750728, 6097.961731656763732 ], [ 57757.904305966425454, 6097.970971532275144 ], [ 57757.901921471959213, 6097.980490967798687 ], [ 57757.900481527329248, 6097.990198285967381 ], [ 57757.900000000001455, 6098.0 ], [ 57757.900000000001455, 6295.956895351075218 ], [ 57739.931337646703469, 6312.927298684745438 ], [ 57739.924308483641653, 6312.934648685160937 ], [ 57739.918062210337666, 6312.942674624940992 ], [ 57739.912663433031412, 6312.95129349047329 ], [ 57739.908167992158269, 6312.960416135419109 ], [ 57739.904622384790855, 6312.969948202765408 ], [ 57739.902063283734606, 6312.979791100778129 ], [ 57739.900517158195726, 6312.989843022748573 ], [ 57739.900000000001455, 6313.0 ], [ 57739.900000000001455, 6582.956895351075218 ], [ 57721.931337646703469, 6599.927298684745438 ], [ 57721.924425271230575, 6599.934513662710742 ], [ 57721.918267409979308, 6599.942382435585387 ], [ 57721.912925541102595, 6599.950826444025552 ], [ 57721.908452996111009, 6599.959761385718593 ], [ 57721.90489442749822, 6599.969098057027622 ], [ 57721.902285362884868, 6599.978743243575991 ], [ 57721.90065185034473, 6599.988600650866829 ], [ 57721.900010198361997, 6599.99857186565896 ], [ 57721.90036681296624, 6600.008557338493119 ], [ 57721.901718133849499, 6600.018457377562299 ], [ 57721.904050669843855, 6600.028173144004541 ], [ 57721.907341133650334, 6600.037607638673762 ], [ 57721.911556674313033, 6600.046666670556078 ], [ 57721.916655205197458, 6600.055259797139115 ], [ 57721.922585824198904, 6600.063301227359261 ], [ 57721.929289321880788, 6600.070710678118303 ], [ 57739.858578643761575, 6618.0 ], [ 57721.929289321880788, 6635.929289321881697 ], [ 57721.922698954665975, 6635.93656067158372 ], [ 57721.91685303876875, 6635.944442976698156 ], [ 57721.911807873562793, 6635.952860326317932 ], [ 57721.907612046750728, 6635.961731656763732 ], [ 57721.904305966425454, 6635.970971532275144 ], [ 57721.901921471959213, 6635.980490967798687 ], [ 57721.900481527329248, 6635.990198285967381 ], [ 57721.900000000001455, 6636.0 ], [ 57721.900000000001455, 8142.95857864376103 ], [ 57685.929289321880788, 8178.929289321881697 ], [ 57685.922698954665975, 8178.93656067158372 ], [ 57685.91685303876875, 8178.944442976698156 ], [ 57685.911807873562793, 8178.952860326317932 ], [ 57685.907612046750728, 8178.961731656763732 ], [ 57685.904305966425454, 8178.970971532275144 ], [ 57685.901921471959213, 8178.980490967798687 ], [ 57685.900481527329248, 8178.990198285967381 ], [ 57685.900000000001455, 8179.0 ], [ 57685.900000000001455, 8268.95857864376012 ], [ 57667.929289321880788, 8286.929289321880788 ], [ 57667.922698954665975, 8286.93656067158372 ], [ 57667.91685303876875, 8286.944442976697246 ], [ 57667.911807873562793, 8286.952860326317023 ], [ 57667.907612046750728, 8286.961731656763732 ], [ 57667.904305966425454, 8286.970971532275144 ], [ 57667.901921471959213, 8286.980490967798687 ], [ 57667.900481527329248, 8286.990198285966471 ], [ 57667.900000000001455, 8287.0 ], [ 57667.900000000001455, 8304.0 ], [ 57667.900481527329248, 8304.009801714033529 ], [ 57667.901921471959213, 8304.019509032201313 ], [ 57667.904305966425454, 8304.029028467724856 ], [ 57667.907612046750728, 8304.038268343236268 ], [ 57667.911807873562793, 8304.047139673682977 ], [ 57667.91685303876875, 8304.055557023302754 ], [ 57667.922698954665975, 8304.06343932841628 ], [ 57667.929289321880788, 8304.070710678119212 ], [ 57667.936560671580082, 8304.077301045335844 ], [ 57667.944442976695427, 8304.083146961229431 ], [ 57667.952860326317023, 8304.088192126435388 ], [ 57667.961731656760094, 8304.092387953251091 ], [ 57667.970971532275144, 8304.095694033572727 ], [ 57667.980490967798687, 8304.098078528040787 ], [ 57667.990198285966471, 8304.099518472667114 ], [ 57668.0, 8304.100000000000364 ], [ 57686.0, 8304.100000000000364 ], [ 57686.009801714033529, 8304.099518472667114 ], [ 57686.019509032201313, 8304.098078528040787 ], [ 57686.029028467724856, 8304.095694033572727 ], [ 57686.038268343239906, 8304.092387953251091 ], [ 57686.047139673682977, 8304.088192126435388 ], [ 57686.055557023304573, 8304.083146961229431 ], [ 57686.063439328419918, 8304.077301045335844 ], [ 57686.070710678119212, 8304.070710678119212 ], [ 57686.077301045334025, 8304.06343932841628 ], [ 57686.08314696123125, 8304.055557023302754 ], [ 57686.088192126437207, 8304.047139673682977 ], [ 57686.092387953249272, 8304.038268343236268 ], [ 57686.095694033574546, 8304.029028467724856 ], [ 57686.098078528040787, 8304.019509032201313 ], [ 57686.099518472670752, 8304.009801714033529 ], [ 57686.099999999998545, 8304.0 ], [ 57686.099999999998545, 8197.04142135623988 ], [ 57704.0, 8179.141421356237515 ], [ 57721.900000000001455, 8197.04142135623988 ], [ 57721.900000000001455, 8411.95857864376012 ], [ 57703.929289321880788, 8429.929289321880788 ], [ 57703.922698954665975, 8429.93656067158372 ], [ 57703.91685303876875, 8429.944442976697246 ], [ 57703.911807873562793, 8429.952860326317023 ], [ 57703.907612046750728, 8429.961731656763732 ], [ 57703.904305966425454, 8429.970971532275144 ], [ 57703.901921471959213, 8429.980490967798687 ], [ 57703.900481527329248, 8429.990198285966471 ], [ 57703.900000000001455, 8430.0 ], [ 57703.900481527329248, 8430.009801714033529 ], [ 57703.901921471959213, 8430.019509032201313 ], [ 57703.904305966425454, 8430.029028467724856 ], [ 57703.907612046750728, 8430.038268343236268 ], [ 57703.911807873562793, 8430.047139673682977 ], [ 57703.91685303876875, 8430.055557023302754 ], [ 57703.922698954665975, 8430.06343932841628 ], [ 57703.929289321880788, 8430.070710678119212 ], [ 57721.900000000001455, 8448.04142135623988 ], [ 57721.900000000001455, 8519.95857864376012 ], [ 57703.929289321880788, 8537.929289321880788 ], [ 57703.922698954665975, 8537.93656067158372 ], [ 57703.91685303876875, 8537.944442976697246 ], [ 57703.911807873562793, 8537.952860326317023 ], [ 57703.907612046750728, 8537.961731656763732 ], [ 57703.904305966425454, 8537.970971532275144 ], [ 57703.901921471959213, 8537.980490967798687 ], [ 57703.900481527329248, 8537.990198285966471 ], [ 57703.900000000001455, 8538.0 ], [ 57703.900481527329248, 8538.009801714033529 ], [ 57703.901921471959213, 8538.019509032201313 ], [ 57703.904305966425454, 8538.029028467724856 ], [ 57703.907612046750728, 8538.038268343236268 ], [ 57703.911807873562793, 8538.047139673682977 ], [ 57703.91685303876875, 8538.055557023302754 ], [ 57703.922698954665975, 8538.06343932841628 ], [ 57703.929289321880788, 8538.070710678119212 ], [ 57721.900000000001455, 8556.04142135623988 ], [ 57721.900000000001455, 9255.0 ], [ 57721.900481527329248, 9255.009801714033529 ], [ 57721.901921471959213, 9255.019509032201313 ], [ 57721.904305966425454, 9255.029028467724856 ], [ 57721.907612046750728, 9255.038268343236268 ], [ 57721.911807873562793, 9255.047139673682977 ], [ 57721.91685303876875, 9255.055557023302754 ], [ 57721.922698954665975, 9255.06343932841628 ], [ 57721.929289321880788, 9255.070710678119212 ], [ 57739.900000000001455, 9273.04142135623988 ], [ 57739.900000000001455, 9290.95857864376012 ], [ 57721.929289321880788, 9308.929289321880788 ], [ 57721.922698954665975, 9308.93656067158372 ], [ 57721.91685303876875, 9308.944442976697246 ], [ 57721.911807873562793, 9308.952860326317023 ], [ 57721.907612046750728, 9308.961731656763732 ], [ 57721.904305966425454, 9308.970971532275144 ], [ 57721.901921471959213, 9308.980490967798687 ], [ 57721.900481527329248, 9308.990198285966471 ], [ 57721.900000000001455, 9309.0 ], [ 57721.900000000001455, 9381.0 ], [ 57721.900481527329248, 9381.009801714033529 ], [ 57721.901921471959213, 9381.019509032201313 ], [ 57721.904305966425454, 9381.029028467724856 ], [ 57721.907612046750728, 9381.038268343236268 ], [ 57721.911807873562793, 9381.047139673682977 ], [ 57721.91685303876875, 9381.055557023302754 ], [ 57721.922698954665975, 9381.06343932841628 ], [ 57721.929289321880788, 9381.070710678119212 ], [ 57739.900000000001455, 9399.04142135623988 ], [ 57739.900000000001455, 10547.0 ], [ 57739.900481527329248, 10547.009801714033529 ], [ 57739.901921471959213, 10547.019509032201313 ], [ 57739.904305966425454, 10547.029028467724856 ], [ 57739.907612046750728, 10547.038268343236268 ], [ 57739.911807873562793, 10547.047139673682977 ], [ 57739.91685303876875, 10547.055557023302754 ], [ 57739.922698954665975, 10547.06343932841628 ], [ 57739.929289321880788, 10547.070710678119212 ], [ 57757.900000000001455, 10565.04142135623988 ], [ 57757.900000000001455, 10582.956895351073399 ], [ 57739.931337646703469, 10599.927298684744528 ], [ 57739.924308483641653, 10599.934648685160937 ], [ 57739.918062210337666, 10599.942674624940992 ], [ 57739.912663433031412, 10599.951293490472381 ], [ 57739.908167992158269, 10599.9604161354182 ], [ 57739.904622384790855, 10599.969948202766318 ], [ 57739.902063283734606, 10599.979791100779039 ], [ 57739.900517158195726, 10599.989843022749483 ], [ 57739.900000000001455, 10600.0 ], [ 57739.900000000001455, 10618.0 ], [ 57739.900481527329248, 10618.009801714033529 ], [ 57739.901921471959213, 10618.019509032201313 ], [ 57739.904305966425454, 10618.029028467724856 ], [ 57739.907612046750728, 10618.038268343236268 ], [ 57739.911807873562793, 10618.047139673682977 ], [ 57739.91685303876875, 10618.055557023302754 ], [ 57739.922698954665975, 10618.06343932841628 ], [ 57739.929289321880788, 10618.070710678119212 ], [ 57757.900000000001455, 10636.04142135623988 ], [ 57757.900000000001455, 11444.0 ], [ 57757.900517158195726, 11444.010156977250517 ], [ 57757.902063283734606, 11444.020208899220961 ], [ 57757.904622384790855, 11444.030051797233682 ], [ 57757.908167992158269, 11444.0395838645818 ], [ 57757.912663433031412, 11444.048706509527619 ], [ 57757.918062210337666, 11444.057325375059008 ], [ 57757.924308483641653, 11444.065351314839063 ], [ 57757.931337646703469, 11444.072701315255472 ], [ 57775.900000000001455, 11461.043104648926601 ], [ 57775.900000000001455, 11946.0 ], [ 57775.900481527329248, 11946.009801714033529 ], [ 57775.901921471959213, 11946.019509032201313 ], [ 57775.904305966425454, 11946.029028467724856 ], [ 57775.907612046750728, 11946.038268343236268 ], [ 57775.911807873562793, 11946.047139673682977 ], [ 57775.91685303876875, 11946.055557023302754 ], [ 57775.922698954665975, 11946.06343932841628 ], [ 57775.929289321880788, 11946.070710678119212 ], [ 57793.900000000001455, 11964.04142135623988 ], [ 57793.900000000001455, 11999.95857864376012 ], [ 57775.929289321880788, 12017.929289321880788 ], [ 57775.922698954665975, 12017.93656067158372 ], [ 57775.91685303876875, 12017.944442976697246 ], [ 57775.911807873562793, 12017.952860326317023 ], [ 57775.907612046750728, 12017.961731656763732 ], [ 57775.904305966425454, 12017.970971532275144 ], [ 57775.901921471959213, 12017.980490967798687 ], [ 57775.900481527329248, 12017.990198285966471 ], [ 57775.900000000001455, 12018.0 ], [ 57775.900000000001455, 12053.0 ], [ 57775.900481527329248, 12053.009801714033529 ], [ 57775.901921471959213, 12053.019509032201313 ], [ 57775.904305966425454, 12053.029028467724856 ], [ 57775.907612046750728, 12053.038268343236268 ], [ 57775.911807873562793, 12053.047139673682977 ], [ 57775.91685303876875, 12053.055557023302754 ], [ 57775.922698954665975, 12053.06343932841628 ], [ 57775.929289321880788, 12053.070710678119212 ], [ 57793.900000000001455, 12071.04142135623988 ], [ 57793.900000000001455, 12124.95857864376012 ], [ 57775.929289321880788, 12142.929289321880788 ], [ 57775.922698954665975, 12142.93656067158372 ], [ 57775.91685303876875, 12142.944442976697246 ], [ 57775.911807873562793, 12142.952860326317023 ], [ 57775.907612046750728, 12142.961731656763732 ], [ 57775.904305966425454, 12142.970971532275144 ], [ 57775.901921471959213, 12142.980490967798687 ], [ 57775.900481527329248, 12142.990198285966471 ], [ 57775.900000000001455, 12143.0 ], [ 57775.900481527329248, 12143.009801714033529 ], [ 57775.901921471959213, 12143.019509032201313 ], [ 57775.904305966425454, 12143.029028467724856 ], [ 57775.907612046750728, 12143.038268343236268 ], [ 57775.911807873562793, 12143.047139673682977 ], [ 57775.91685303876875, 12143.055557023302754 ], [ 57775.922698954665975, 12143.06343932841628 ], [ 57775.929289321880788, 12143.070710678119212 ], [ 57793.900000000001455, 12161.04142135623988 ], [ 57793.900000000001455, 12412.0 ], [ 57793.900481527329248, 12412.009801714033529 ], [ 57793.901921471959213, 12412.019509032201313 ], [ 57793.904305966425454, 12412.029028467724856 ], [ 57793.907612046750728, 12412.038268343236268 ], [ 57793.911807873562793, 12412.047139673682977 ], [ 57793.91685303876875, 12412.055557023302754 ], [ 57793.922698954665975, 12412.06343932841628 ], [ 57793.929289321880788, 12412.070710678119212 ], [ 57811.900000000001455, 12430.04142135623988 ], [ 57811.900000000001455, 12627.0 ], [ 57811.900481527329248, 12627.009801714033529 ], [ 57811.901921471959213, 12627.019509032201313 ], [ 57811.904305966425454, 12627.029028467724856 ], [ 57811.907612046750728, 12627.038268343236268 ], [ 57811.911807873562793, 12627.047139673682977 ], [ 57811.91685303876875, 12627.055557023302754 ], [ 57811.922698954665975, 12627.06343932841628 ], [ 57811.929289321880788, 12627.070710678119212 ], [ 57829.900000000001455, 12645.04142135623988 ], [ 57829.900000000001455, 12807.0 ], [ 57829.900447165142396, 12807.009446325861063 ], [ 57829.901784661444253, 12807.018808170367265 ], [ 57829.904000527269091, 12807.028001807710098 ], [ 57829.907074945454951, 12807.036945016405298 ], [ 57829.910980420543638, 12807.04555781462841 ], [ 57829.9156820247008, 12807.053763175515996 ], [ 57829.921137710050971, 12807.061487716040574 ], [ 57829.927298684742709, 12807.068662353296531 ], [ 57846.900000000001455, 12825.03975786357114 ], [ 57846.900000000001455, 12950.0 ], [ 57846.900481527329248, 12950.009801714033529 ], [ 57846.901921471959213, 12950.019509032201313 ], [ 57846.904305966425454, 12950.029028467724856 ], [ 57846.907612046750728, 12950.038268343236268 ], [ 57846.911807873562793, 12950.047139673682977 ], [ 57846.91685303876875, 12950.055557023302754 ], [ 57846.922698954665975, 12950.06343932841628 ], [ 57846.929289321880788, 12950.070710678119212 ], [ 57864.900000000001455, 12968.04142135623988 ], [ 57864.900000000001455, 13148.0 ], [ 57864.900481527329248, 13148.009801714033529 ], [ 57864.901921471959213, 13148.019509032201313 ], [ 57864.904305966425454, 13148.029028467724856 ], [ 57864.907612046750728, 13148.038268343236268 ], [ 57864.911807873562793, 13148.047139673682977 ], [ 57864.91685303876875, 13148.055557023302754 ], [ 57864.922698954665975, 13148.06343932841628 ], [ 57864.929289321880788, 13148.070710678119212 ], [ 57882.900000000001455, 13166.04142135623988 ], [ 57882.900000000001455, 13291.0 ], [ 57882.900481527329248, 13291.009801714033529 ], [ 57882.901921471959213, 13291.019509032201313 ], [ 57882.904305966425454, 13291.029028467724856 ], [ 57882.907612046750728, 13291.038268343236268 ], [ 57882.911807873562793, 13291.047139673682977 ], [ 57882.91685303876875, 13291.055557023302754 ], [ 57882.922698954665975, 13291.06343932841628 ], [ 57882.929289321880788, 13291.070710678119212 ], [ 57900.900000000001455, 13309.04142135623988 ], [ 57900.900000000001455, 13435.0 ], [ 57900.900481527329248, 13435.009801714033529 ], [ 57900.901921471959213, 13435.019509032201313 ], [ 57900.904305966425454, 13435.029028467724856 ], [ 57900.907612046750728, 13435.038268343236268 ], [ 57900.911807873562793, 13435.047139673682977 ], [ 57900.91685303876875, 13435.055557023302754 ], [ 57900.922698954665975, 13435.06343932841628 ], [ 57900.929289321880788, 13435.070710678119212 ], [ 57918.900000000001455, 13453.04142135623988 ], [ 57918.900000000001455, 13578.0 ], [ 57918.900481527329248, 13578.009801714033529 ], [ 57918.901921471959213, 13578.019509032201313 ], [ 57918.904305966425454, 13578.029028467724856 ], [ 57918.907612046750728, 13578.038268343236268 ], [ 57918.911807873562793, 13578.047139673682977 ], [ 57918.91685303876875, 13578.055557023302754 ], [ 57918.922698954665975, 13578.06343932841628 ], [ 57918.929289321880788, 13578.070710678119212 ], [ 57936.900000000001455, 13596.04142135623988 ], [ 57936.900000000001455, 13686.0 ], [ 57936.900481527329248, 13686.009801714033529 ], [ 57936.901921471959213, 13686.019509032201313 ], [ 57936.904305966425454, 13686.029028467724856 ], [ 57936.907612046750728, 13686.038268343236268 ], [ 57936.911807873562793, 13686.047139673682977 ], [ 57936.91685303876875, 13686.055557023302754 ], [ 57936.922698954665975, 13686.06343932841628 ], [ 57936.929289321880788, 13686.070710678119212 ], [ 57954.900000000001455, 13704.04142135623988 ], [ 57954.900000000001455, 13793.0 ], [ 57954.900481527329248, 13793.009801714033529 ], [ 57954.901921471959213, 13793.019509032201313 ], [ 57954.904305966425454, 13793.029028467724856 ], [ 57954.907612046750728, 13793.038268343236268 ], [ 57954.911807873562793, 13793.047139673682977 ], [ 57954.91685303876875, 13793.055557023302754 ], [ 57954.922698954665975, 13793.06343932841628 ], [ 57954.929289321880788, 13793.070710678119212 ], [ 57972.900000000001455, 13811.04142135623988 ], [ 57972.900000000001455, 13919.0 ], [ 57972.900481527329248, 13919.009801714033529 ], [ 57972.901921471959213, 13919.019509032201313 ], [ 57972.904305966425454, 13919.029028467724856 ], [ 57972.907612046750728, 13919.038268343236268 ], [ 57972.911807873562793, 13919.047139673682977 ], [ 57972.91685303876875, 13919.055557023302754 ], [ 57972.922698954665975, 13919.06343932841628 ], [ 57972.929289321880788, 13919.070710678119212 ], [ 57990.900000000001455, 13937.04142135623988 ], [ 57990.900000000001455, 14027.0 ], [ 57990.900517158195726, 14027.010156977250517 ], [ 57990.902063283734606, 14027.020208899220961 ], [ 57990.904622384790855, 14027.030051797233682 ], [ 57990.908167992158269, 14027.0395838645818 ], [ 57990.912663433031412, 14027.048706509527619 ], [ 57990.918062210337666, 14027.057325375059008 ], [ 57990.924308483641653, 14027.065351314839063 ], [ 57990.931337646703469, 14027.072701315255472 ], [ 58008.900000000001455, 14044.043104648926601 ], [ 58008.900000000001455, 14134.0 ], [ 58008.900481527329248, 14134.009801714033529 ], [ 58008.901921471959213, 14134.019509032201313 ], [ 58008.904305966425454, 14134.029028467724856 ], [ 58008.907612046750728, 14134.038268343236268 ], [ 58008.911807873562793, 14134.047139673682977 ], [ 58008.91685303876875, 14134.055557023302754 ], [ 58008.922698954665975, 14134.06343932841628 ], [ 58008.929289321880788, 14134.070710678119212 ], [ 58026.900000000001455, 14152.04142135623988 ], [ 58026.900000000001455, 14242.0 ], [ 58026.900481527329248, 14242.009801714033529 ], [ 58026.901921471959213, 14242.019509032201313 ], [ 58026.904305966425454, 14242.029028467724856 ], [ 58026.907612046750728, 14242.038268343236268 ], [ 58026.911807873562793, 14242.047139673682977 ], [ 58026.91685303876875, 14242.055557023302754 ], [ 58026.922698954665975, 14242.06343932841628 ], [ 58026.929289321880788, 14242.070710678119212 ], [ 58044.900000000001455, 14260.04142135623988 ], [ 58044.900000000001455, 14314.0 ], [ 58044.900517158195726, 14314.010156977250517 ], [ 58044.902063283734606, 14314.020208899220961 ], [ 58044.904622384790855, 14314.030051797233682 ], [ 58044.908167992158269, 14314.0395838645818 ], [ 58044.912663433031412, 14314.048706509527619 ], [ 58044.918062210337666, 14314.057325375059008 ], [ 58044.924308483641653, 14314.065351314839063 ], [ 58044.931337646703469, 14314.072701315255472 ], [ 58062.900000000001455, 14331.043104648926601 ], [ 58062.900000000001455, 14421.0 ], [ 58062.900481527329248, 14421.009801714033529 ], [ 58062.901921471959213, 14421.019509032201313 ], [ 58062.904305966425454, 14421.029028467724856 ], [ 58062.907612046750728, 14421.038268343236268 ], [ 58062.911807873562793, 14421.047139673682977 ], [ 58062.91685303876875, 14421.055557023302754 ], [ 58062.922698954665975, 14421.06343932841628 ], [ 58062.929289321880788, 14421.070710678119212 ], [ 58080.900000000001455, 14439.04142135623988 ], [ 58080.900000000001455, 14493.0 ], [ 58080.900481527329248, 14493.009801714033529 ], [ 58080.901921471959213, 14493.019509032201313 ], [ 58080.904305966425454, 14493.029028467724856 ], [ 58080.907612046750728, 14493.038268343236268 ], [ 58080.911807873562793, 14493.047139673682977 ], [ 58080.91685303876875, 14493.055557023302754 ], [ 58080.922698954665975, 14493.06343932841628 ], [ 58080.929289321880788, 14493.070710678119212 ], [ 58098.900000000001455, 14511.04142135623988 ], [ 58098.900000000001455, 14565.0 ], [ 58098.900481527329248, 14565.009801714033529 ], [ 58098.901921471959213, 14565.019509032201313 ], [ 58098.904305966425454, 14565.029028467724856 ], [ 58098.907612046750728, 14565.038268343236268 ], [ 58098.911807873562793, 14565.047139673682977 ], [ 58098.91685303876875, 14565.055557023302754 ], [ 58098.922698954665975, 14565.06343932841628 ], [ 58098.929289321880788, 14565.070710678119212 ], [ 58098.936560671580082, 14565.077301045335844 ], [ 58098.944442976695427, 14565.083146961229431 ], [ 58098.952860326317023, 14565.088192126435388 ], [ 58098.961731656760094, 14565.092387953251091 ], [ 58098.970971532275144, 14565.095694033572727 ], [ 58098.980490967798687, 14565.098078528040787 ], [ 58098.990198285966471, 14565.099518472667114 ], [ 58099.0, 14565.1 ], [ 58277.95857864376012, 14565.1 ], [ 58295.900000000001455, 14583.04142135623988 ], [ 58295.900000000001455, 15587.0 ], [ 58295.900481527329248, 15587.009801714033529 ], [ 58295.901921471959213, 15587.019509032201313 ], [ 58295.904305966425454, 15587.029028467724856 ], [ 58295.907612046750728, 15587.038268343236268 ], [ 58295.911807873562793, 15587.047139673682977 ], [ 58295.91685303876875, 15587.055557023302754 ], [ 58295.922698954665975, 15587.06343932841628 ], [ 58295.929289321880788, 15587.070710678119212 ], [ 58313.900000000001455, 15605.04142135623988 ], [ 58313.900000000001455, 15641.0 ], [ 58313.900481527329248, 15641.009801714033529 ], [ 58313.901921471959213, 15641.019509032201313 ], [ 58313.904305966425454, 15641.029028467724856 ], [ 58313.907612046750728, 15641.038268343236268 ], [ 58313.911807873562793, 15641.047139673682977 ], [ 58313.91685303876875, 15641.055557023302754 ], [ 58313.922698954665975, 15641.06343932841628 ], [ 58313.929289321880788, 15641.070710678119212 ], [ 58331.900000000001455, 15659.04142135623988 ], [ 58331.900000000001455, 15713.0 ], [ 58331.900481527329248, 15713.009801714033529 ], [ 58331.901921471959213, 15713.019509032201313 ], [ 58331.904305966425454, 15713.029028467724856 ], [ 58331.907612046750728, 15713.038268343236268 ], [ 58331.911807873562793, 15713.047139673682977 ], [ 58331.91685303876875, 15713.055557023302754 ], [ 58331.922698954665975, 15713.06343932841628 ], [ 58331.929289321880788, 15713.070710678119212 ], [ 58349.900000000001455, 15731.04142135623988 ], [ 58349.900000000001455, 15784.0 ], [ 58349.900481527329248, 15784.009801714033529 ], [ 58349.901921471959213, 15784.019509032201313 ], [ 58349.904305966425454, 15784.029028467724856 ], [ 58349.907612046750728, 15784.038268343236268 ], [ 58349.911807873562793, 15784.047139673682977 ], [ 58349.91685303876875, 15784.055557023302754 ], [ 58349.922698954665975, 15784.06343932841628 ], [ 58349.929289321880788, 15784.070710678119212 ], [ 58367.900000000001455, 15802.04142135623988 ], [ 58367.900000000001455, 15856.0 ], [ 58367.900481527329248, 15856.009801714033529 ], [ 58367.901921471959213, 15856.019509032201313 ], [ 58367.904305966425454, 15856.029028467724856 ], [ 58367.907612046750728, 15856.038268343236268 ], [ 58367.911807873562793, 15856.047139673682977 ], [ 58367.91685303876875, 15856.055557023302754 ], [ 58367.922698954665975, 15856.06343932841628 ], [ 58367.929289321880788, 15856.070710678119212 ], [ 58385.900000000001455, 15874.04142135623988 ], [ 58385.900000000001455, 15910.0 ], [ 58385.900481527329248, 15910.009801714033529 ], [ 58385.901921471959213, 15910.019509032201313 ], [ 58385.904305966425454, 15910.029028467724856 ], [ 58385.907612046750728, 15910.038268343236268 ], [ 58385.911807873562793, 15910.047139673682977 ], [ 58385.91685303876875, 15910.055557023302754 ], [ 58385.922698954665975, 15910.06343932841628 ], [ 58385.929289321880788, 15910.070710678119212 ], [ 58403.900000000001455, 15928.04142135623988 ], [ 58403.900000000001455, 15982.0 ], [ 58403.900447165142396, 15982.009446325861063 ], [ 58403.901784661444253, 15982.018808170367265 ], [ 58403.904000527269091, 15982.028001807710098 ], [ 58403.907074945454951, 15982.036945016405298 ], [ 58403.910980420543638, 15982.04555781462841 ], [ 58403.9156820247008, 15982.053763175515996 ], [ 58403.921137710050971, 15982.061487716040574 ], [ 58403.927298684742709, 15982.068662353296531 ], [ 58420.900000000001455, 16000.03975786357114 ], [ 58420.900000000001455, 16035.0 ], [ 58420.900481527329248, 16035.009801714033529 ], [ 58420.901921471959213, 16035.019509032201313 ], [ 58420.904305966425454, 16035.029028467724856 ], [ 58420.907612046750728, 16035.038268343236268 ], [ 58420.911807873562793, 16035.047139673682977 ], [ 58420.91685303876875, 16035.055557023302754 ], [ 58420.922698954665975, 16035.06343932841628 ], [ 58420.929289321880788, 16035.070710678119212 ], [ 58438.900000000001455, 16053.04142135623988 ], [ 58438.900000000001455, 16107.0 ], [ 58438.900481527329248, 16107.009801714033529 ], [ 58438.901921471959213, 16107.019509032201313 ], [ 58438.904305966425454, 16107.029028467724856 ], [ 58438.907612046750728, 16107.038268343236268 ], [ 58438.911807873562793, 16107.047139673682977 ], [ 58438.91685303876875, 16107.055557023302754 ], [ 58438.922698954665975, 16107.06343932841628 ], [ 58438.929289321880788, 16107.070710678119212 ], [ 58456.900000000001455, 16125.04142135623988 ], [ 58456.900000000001455, 16179.0 ], [ 58456.900481527329248, 16179.009801714033529 ], [ 58456.901921471959213, 16179.019509032201313 ], [ 58456.904305966425454, 16179.029028467724856 ], [ 58456.907612046750728, 16179.038268343236268 ], [ 58456.911807873562793, 16179.047139673682977 ], [ 58456.91685303876875, 16179.055557023302754 ], [ 58456.922698954665975, 16179.06343932841628 ], [ 58456.929289321880788, 16179.070710678119212 ], [ 58474.900000000001455, 16197.04142135623988 ], [ 58474.900000000001455, 16233.0 ], [ 58474.900481527329248, 16233.009801714033529 ], [ 58474.901921471959213, 16233.019509032201313 ], [ 58474.904305966425454, 16233.029028467724856 ], [ 58474.907612046750728, 16233.038268343236268 ], [ 58474.911807873562793, 16233.047139673682977 ], [ 58474.91685303876875, 16233.055557023302754 ], [ 58474.922698954665975, 16233.06343932841628 ], [ 58474.929289321880788, 16233.070710678119212 ], [ 58492.900000000001455, 16251.04142135623988 ], [ 58492.900000000001455, 16287.0 ], [ 58492.900481527329248, 16287.009801714033529 ], [ 58492.901921471959213, 16287.019509032201313 ], [ 58492.904305966425454, 16287.029028467724856 ], [ 58492.907612046750728, 16287.038268343236268 ], [ 58492.911807873562793, 16287.047139673682977 ], [ 58492.91685303876875, 16287.055557023302754 ], [ 58492.922698954665975, 16287.06343932841628 ], [ 58492.929289321880788, 16287.070710678119212 ], [ 58510.900000000001455, 16305.04142135623988 ], [ 58510.900000000001455, 16358.0 ], [ 58510.900481527329248, 16358.009801714033529 ], [ 58510.901921471959213, 16358.019509032201313 ], [ 58510.904305966425454, 16358.029028467724856 ], [ 58510.907612046750728, 16358.038268343236268 ], [ 58510.911807873562793, 16358.047139673682977 ], [ 58510.91685303876875, 16358.055557023302754 ], [ 58510.922698954665975, 16358.06343932841628 ], [ 58510.929289321880788, 16358.070710678119212 ], [ 58528.900000000001455, 16376.04142135623988 ], [ 58528.900000000001455, 16430.0 ], [ 58528.900481527329248, 16430.009801714033529 ], [ 58528.901921471959213, 16430.019509032201313 ], [ 58528.904305966425454, 16430.029028467724856 ], [ 58528.907612046750728, 16430.038268343236268 ], [ 58528.911807873562793, 16430.047139673682977 ], [ 58528.91685303876875, 16430.055557023300935 ], [ 58528.922698954665975, 16430.06343932841628 ], [ 58528.929289321880788, 16430.070710678119212 ], [ 58546.900000000001455, 16448.04142135623988 ], [ 58546.900000000001455, 16484.0 ], [ 58546.900481527329248, 16484.009801714033529 ], [ 58546.901921471959213, 16484.019509032201313 ], [ 58546.904305966425454, 16484.029028467724856 ], [ 58546.907612046750728, 16484.038268343236268 ], [ 58546.911807873562793, 16484.047139673682977 ], [ 58546.91685303876875, 16484.055557023300935 ], [ 58546.922698954665975, 16484.06343932841628 ], [ 58546.929289321880788, 16484.070710678119212 ], [ 58564.900000000001455, 16502.04142135623988 ], [ 58564.900000000001455, 16556.0 ], [ 58564.900481527329248, 16556.009801714033529 ], [ 58564.901921471959213, 16556.019509032201313 ], [ 58564.904305966425454, 16556.029028467724856 ], [ 58564.907612046750728, 16556.038268343236268 ], [ 58564.911807873562793, 16556.047139673682977 ], [ 58564.91685303876875, 16556.055557023300935 ], [ 58564.922698954665975, 16556.06343932841628 ], [ 58564.929289321880788, 16556.070710678119212 ], [ 58582.900000000001455, 16574.04142135623988 ], [ 58582.900000000001455, 16609.0 ], [ 58582.900481527329248, 16609.009801714033529 ], [ 58582.901921471959213, 16609.019509032201313 ], [ 58582.904305966425454, 16609.029028467724856 ], [ 58582.907612046750728, 16609.038268343236268 ], [ 58582.911807873562793, 16609.047139673682977 ], [ 58582.91685303876875, 16609.055557023300935 ], [ 58582.922698954665975, 16609.06343932841628 ], [ 58582.929289321880788, 16609.070710678119212 ], [ 58600.900000000001455, 16627.04142135623988 ], [ 58600.900000000001455, 16681.0 ], [ 58600.900481527329248, 16681.009801714033529 ], [ 58600.901921471959213, 16681.019509032201313 ], [ 58600.904305966425454, 16681.029028467724856 ], [ 58600.907612046750728, 16681.038268343236268 ], [ 58600.911807873562793, 16681.047139673682977 ], [ 58600.91685303876875, 16681.055557023300935 ], [ 58600.922698954665975, 16681.06343932841628 ], [ 58600.929289321880788, 16681.070710678119212 ], [ 58618.900000000001455, 16699.04142135623988 ], [ 58618.900000000001455, 16753.0 ], [ 58618.900481527329248, 16753.009801714033529 ], [ 58618.901921471959213, 16753.019509032201313 ], [ 58618.904305966425454, 16753.029028467724856 ], [ 58618.907612046750728, 16753.038268343236268 ], [ 58618.911807873562793, 16753.047139673682977 ], [ 58618.91685303876875, 16753.055557023300935 ], [ 58618.922698954665975, 16753.06343932841628 ], [ 58618.929289321880788, 16753.070710678119212 ], [ 58636.900000000001455, 16771.04142135623988 ], [ 58636.900000000001455, 16807.0 ], [ 58636.900481527329248, 16807.009801714033529 ], [ 58636.901921471959213, 16807.019509032201313 ], [ 58636.904305966425454, 16807.029028467724856 ], [ 58636.907612046750728, 16807.038268343236268 ], [ 58636.911807873562793, 16807.047139673682977 ], [ 58636.91685303876875, 16807.055557023300935 ], [ 58636.922698954665975, 16807.06343932841628 ], [ 58636.929289321880788, 16807.070710678119212 ], [ 58654.900000000001455, 16825.04142135623988 ], [ 58654.900000000001455, 16861.0 ], [ 58654.900481527329248, 16861.009801714033529 ], [ 58654.901921471959213, 16861.019509032201313 ], [ 58654.904305966425454, 16861.029028467724856 ], [ 58654.907612046750728, 16861.038268343236268 ], [ 58654.911807873562793, 16861.047139673682977 ], [ 58654.91685303876875, 16861.055557023300935 ], [ 58654.922698954665975, 16861.06343932841628 ], [ 58654.929289321880788, 16861.070710678119212 ], [ 58672.900000000001455, 16879.04142135623988 ], [ 58672.900000000001455, 16914.0 ], [ 58672.900481527329248, 16914.009801714033529 ], [ 58672.901921471959213, 16914.019509032201313 ], [ 58672.904305966425454, 16914.029028467724856 ], [ 58672.907612046750728, 16914.038268343236268 ], [ 58672.911807873562793, 16914.047139673682977 ], [ 58672.91685303876875, 16914.055557023300935 ], [ 58672.922698954665975, 16914.06343932841628 ], [ 58672.929289321880788, 16914.070710678119212 ], [ 58690.900000000001455, 16932.04142135623988 ], [ 58690.900000000001455, 16968.0 ], [ 58690.900447165142396, 16968.009446325861063 ], [ 58690.901784661444253, 16968.018808170367265 ], [ 58690.904000527269091, 16968.028001807710098 ], [ 58690.907074945454951, 16968.036945016407117 ], [ 58690.910980420543638, 16968.04555781462841 ], [ 58690.9156820247008, 16968.053763175514177 ], [ 58690.921137710050971, 16968.061487716040574 ], [ 58690.927298684742709, 16968.068662353296531 ], [ 58707.900000000001455, 16986.03975786357114 ], [ 58707.900000000001455, 17022.0 ], [ 58707.900481527329248, 17022.009801714033529 ], [ 58707.901921471959213, 17022.019509032201313 ], [ 58707.904305966425454, 17022.029028467724856 ], [ 58707.907612046750728, 17022.038268343236268 ], [ 58707.911807873562793, 17022.047139673682977 ], [ 58707.91685303876875, 17022.055557023300935 ], [ 58707.922698954665975, 17022.06343932841628 ], [ 58707.929289321880788, 17022.070710678119212 ], [ 58725.900000000001455, 17040.04142135623988 ], [ 58725.900000000001455, 17094.0 ], [ 58725.900481527329248, 17094.009801714033529 ], [ 58725.901921471959213, 17094.019509032201313 ], [ 58725.904305966425454, 17094.029028467724856 ], [ 58725.907612046750728, 17094.038268343236268 ], [ 58725.911807873562793, 17094.047139673682977 ], [ 58725.91685303876875, 17094.055557023300935 ], [ 58725.922698954665975, 17094.06343932841628 ], [ 58725.929289321880788, 17094.070710678119212 ], [ 58743.900000000001455, 17112.04142135623988 ], [ 58743.900000000001455, 17148.0 ], [ 58743.900481527329248, 17148.009801714033529 ], [ 58743.901921471959213, 17148.019509032201313 ], [ 58743.904305966425454, 17148.029028467724856 ], [ 58743.907612046750728, 17148.038268343236268 ], [ 58743.911807873562793, 17148.047139673682977 ], [ 58743.91685303876875, 17148.055557023300935 ], [ 58743.922698954665975, 17148.06343932841628 ], [ 58743.929289321880788, 17148.070710678119212 ], [ 58761.900000000001455, 17166.04142135623988 ], [ 58761.900000000001455, 17201.0 ], [ 58761.900481527329248, 17201.009801714033529 ], [ 58761.901921471959213, 17201.019509032201313 ], [ 58761.904305966425454, 17201.029028467724856 ], [ 58761.907612046750728, 17201.038268343236268 ], [ 58761.911807873562793, 17201.047139673682977 ], [ 58761.91685303876875, 17201.055557023300935 ], [ 58761.922698954665975, 17201.06343932841628 ], [ 58761.929289321880788, 17201.070710678119212 ], [ 58779.900000000001455, 17219.04142135623988 ], [ 58779.900000000001455, 17255.0 ], [ 58779.900481527329248, 17255.009801714033529 ], [ 58779.901921471959213, 17255.019509032201313 ], [ 58779.904305966425454, 17255.029028467724856 ], [ 58779.907612046750728, 17255.038268343236268 ], [ 58779.911807873562793, 17255.047139673682977 ], [ 58779.91685303876875, 17255.055557023300935 ], [ 58779.922698954665975, 17255.06343932841628 ], [ 58779.929289321880788, 17255.070710678119212 ], [ 58797.900000000001455, 17273.04142135623988 ], [ 58797.900000000001455, 17291.0 ], [ 58797.900481527329248, 17291.009801714033529 ], [ 58797.901921471959213, 17291.019509032201313 ], [ 58797.904305966425454, 17291.029028467724856 ], [ 58797.907612046750728, 17291.038268343236268 ], [ 58797.911807873562793, 17291.047139673682977 ], [ 58797.91685303876875, 17291.055557023300935 ], [ 58797.922698954665975, 17291.06343932841628 ], [ 58797.929289321880788, 17291.070710678119212 ], [ 58815.900000000001455, 17309.04142135623988 ], [ 58815.900000000001455, 17345.0 ], [ 58815.900481527329248, 17345.009801714033529 ], [ 58815.901921471959213, 17345.019509032201313 ], [ 58815.904305966425454, 17345.029028467724856 ], [ 58815.907612046750728, 17345.038268343236268 ], [ 58815.911807873562793, 17345.047139673682977 ], [ 58815.91685303876875, 17345.055557023300935 ], [ 58815.922698954665975, 17345.06343932841628 ], [ 58815.929289321880788, 17345.070710678119212 ], [ 58833.900000000001455, 17363.04142135623988 ], [ 58833.900000000001455, 17417.0 ], [ 58833.900481527329248, 17417.009801714033529 ], [ 58833.901921471959213, 17417.019509032201313 ], [ 58833.904305966425454, 17417.029028467724856 ], [ 58833.907612046750728, 17417.038268343236268 ], [ 58833.911807873562793, 17417.047139673682977 ], [ 58833.91685303876875, 17417.055557023300935 ], [ 58833.922698954665975, 17417.06343932841628 ], [ 58833.929289321880788, 17417.070710678119212 ], [ 58851.900000000001455, 17435.04142135623988 ], [ 58851.900000000001455, 17470.0 ], [ 58851.900481527329248, 17470.009801714033529 ], [ 58851.901921471959213, 17470.019509032201313 ], [ 58851.904305966425454, 17470.029028467724856 ], [ 58851.907612046750728, 17470.038268343236268 ], [ 58851.911807873562793, 17470.047139673682977 ], [ 58851.91685303876875, 17470.055557023300935 ], [ 58851.922698954665975, 17470.06343932841628 ], [ 58851.929289321880788, 17470.070710678119212 ], [ 58869.900000000001455, 17488.04142135623988 ], [ 58869.900000000001455, 17506.0 ], [ 58869.900481527329248, 17506.009801714033529 ], [ 58869.901921471959213, 17506.019509032201313 ], [ 58869.904305966425454, 17506.029028467724856 ], [ 58869.907612046750728, 17506.038268343236268 ], [ 58869.911807873562793, 17506.047139673682977 ], [ 58869.91685303876875, 17506.055557023300935 ], [ 58869.922698954665975, 17506.06343932841628 ], [ 58869.929289321880788, 17506.070710678119212 ], [ 58887.900000000001455, 17524.04142135623988 ], [ 58887.900000000001455, 17560.0 ], [ 58887.900481527329248, 17560.009801714033529 ], [ 58887.901921471959213, 17560.019509032201313 ], [ 58887.904305966425454, 17560.029028467724856 ], [ 58887.907612046750728, 17560.038268343236268 ], [ 58887.911807873562793, 17560.047139673682977 ], [ 58887.91685303876875, 17560.055557023300935 ], [ 58887.922698954665975, 17560.06343932841628 ], [ 58887.929289321880788, 17560.070710678119212 ], [ 58905.900000000001455, 17578.04142135623988 ], [ 58905.900000000001455, 17614.0 ], [ 58905.900481527329248, 17614.009801714033529 ], [ 58905.901921471959213, 17614.019509032201313 ], [ 58905.904305966425454, 17614.029028467724856 ], [ 58905.907612046750728, 17614.038268343236268 ], [ 58905.911807873562793, 17614.047139673682977 ], [ 58905.91685303876875, 17614.055557023300935 ], [ 58905.922698954665975, 17614.06343932841628 ], [ 58905.929289321880788, 17614.070710678119212 ], [ 58923.900000000001455, 17632.04142135623988 ], [ 58923.900000000001455, 17650.0 ], [ 58923.900481527329248, 17650.009801714033529 ], [ 58923.901921471959213, 17650.019509032201313 ], [ 58923.904305966425454, 17650.029028467724856 ], [ 58923.907612046750728, 17650.038268343236268 ], [ 58923.911807873562793, 17650.047139673682977 ], [ 58923.91685303876875, 17650.055557023300935 ], [ 58923.922698954665975, 17650.06343932841628 ], [ 58923.929289321880788, 17650.070710678119212 ], [ 58941.900000000001455, 17668.04142135623988 ], [ 58941.900000000001455, 17704.0 ], [ 58941.900481527329248, 17704.009801714033529 ], [ 58941.901921471959213, 17704.019509032201313 ], [ 58941.904305966425454, 17704.029028467724856 ], [ 58941.907612046750728, 17704.038268343236268 ], [ 58941.911807873562793, 17704.047139673682977 ], [ 58941.91685303876875, 17704.055557023300935 ], [ 58941.922698954665975, 17704.06343932841628 ], [ 58941.929289321880788, 17704.070710678119212 ], [ 58959.900000000001455, 17722.04142135623988 ], [ 58959.900000000001455, 17740.0 ], [ 58959.900481527329248, 17740.009801714033529 ], [ 58959.901921471959213, 17740.019509032201313 ], [ 58959.904305966425454, 17740.029028467724856 ], [ 58959.907612046750728, 17740.038268343236268 ], [ 58959.911807873562793, 17740.047139673682977 ], [ 58959.91685303876875, 17740.055557023300935 ], [ 58959.922698954665975, 17740.06343932841628 ], [ 58959.929289321880788, 17740.070710678119212 ], [ 58976.900000000001455, 17757.04142135623988 ], [ 58976.900000000001455, 17793.0 ], [ 58976.900481527329248, 17793.009801714033529 ], [ 58976.901921471959213, 17793.019509032201313 ], [ 58976.904305966425454, 17793.029028467724856 ], [ 58976.907612046750728, 17793.038268343236268 ], [ 58976.911807873562793, 17793.047139673682977 ], [ 58976.91685303876875, 17793.055557023300935 ], [ 58976.922698954665975, 17793.06343932841628 ], [ 58976.929289321880788, 17793.070710678119212 ], [ 58994.900000000001455, 17811.04142135623988 ], [ 58994.900000000001455, 17829.0 ], [ 58994.900481527329248, 17829.009801714033529 ], [ 58994.901921471959213, 17829.019509032201313 ], [ 58994.904305966425454, 17829.029028467724856 ], [ 58994.907612046750728, 17829.038268343236268 ], [ 58994.911807873562793, 17829.047139673682977 ], [ 58994.91685303876875, 17829.055557023300935 ], [ 58994.922698954665975, 17829.06343932841628 ], [ 58994.929289321880788, 17829.070710678119212 ], [ 59012.900000000001455, 17847.04142135623988 ], [ 59012.900000000001455, 17883.0 ], [ 59012.900481527329248, 17883.009801714033529 ], [ 59012.901921471959213, 17883.019509032201313 ], [ 59012.904305966425454, 17883.029028467724856 ], [ 59012.907612046750728, 17883.038268343236268 ], [ 59012.911807873562793, 17883.047139673682977 ], [ 59012.91685303876875, 17883.055557023300935 ], [ 59012.922698954665975, 17883.06343932841628 ], [ 59012.929289321880788, 17883.070710678119212 ], [ 59030.900000000001455, 17901.04142135623988 ], [ 59030.900000000001455, 17937.0 ], [ 59030.900481527329248, 17937.009801714033529 ], [ 59030.901921471959213, 17937.019509032201313 ], [ 59030.904305966425454, 17937.029028467724856 ], [ 59030.907612046750728, 17937.038268343236268 ], [ 59030.911807873562793, 17937.047139673682977 ], [ 59030.91685303876875, 17937.055557023300935 ], [ 59030.922698954665975, 17937.06343932841628 ], [ 59030.929289321880788, 17937.070710678119212 ], [ 59048.900000000001455, 17955.04142135623988 ], [ 59048.900000000001455, 17991.0 ], [ 59048.900481527329248, 17991.009801714033529 ], [ 59048.901921471959213, 17991.019509032201313 ], [ 59048.904305966425454, 17991.029028467724856 ], [ 59048.907612046750728, 17991.038268343236268 ], [ 59048.911807873562793, 17991.047139673682977 ], [ 59048.91685303876875, 17991.055557023300935 ], [ 59048.922698954665975, 17991.06343932841628 ], [ 59048.929289321880788, 17991.070710678119212 ], [ 59084.900000000001455, 18027.04142135623988 ], [ 59084.900000000001455, 18062.0 ], [ 59084.900481527329248, 18062.009801714033529 ], [ 59084.901921471959213, 18062.019509032201313 ], [ 59084.904305966425454, 18062.029028467724856 ], [ 59084.907612046750728, 18062.038268343236268 ], [ 59084.911807873562793, 18062.047139673682977 ], [ 59084.91685303876875, 18062.055557023300935 ], [ 59084.922698954665975, 18062.06343932841628 ], [ 59084.929289321880788, 18062.070710678119212 ], [ 59102.900000000001455, 18080.04142135623988 ], [ 59102.900000000001455, 18116.0 ], [ 59102.900481527329248, 18116.009801714033529 ], [ 59102.901921471959213, 18116.019509032201313 ], [ 59102.904305966425454, 18116.029028467724856 ], [ 59102.907612046750728, 18116.038268343236268 ], [ 59102.911807873562793, 18116.047139673682977 ], [ 59102.91685303876875, 18116.055557023300935 ], [ 59102.922698954665975, 18116.06343932841628 ], [ 59102.929289321880788, 18116.070710678119212 ], [ 59120.900000000001455, 18134.04142135623988 ], [ 59120.900000000001455, 18152.0 ], [ 59120.900481527329248, 18152.009801714033529 ], [ 59120.901921471959213, 18152.019509032201313 ], [ 59120.904305966425454, 18152.029028467724856 ], [ 59120.907612046750728, 18152.038268343236268 ], [ 59120.911807873562793, 18152.047139673682977 ], [ 59120.91685303876875, 18152.055557023300935 ], [ 59120.922698954665975, 18152.06343932841628 ], [ 59120.929289321880788, 18152.070710678119212 ], [ 59138.900000000001455, 18170.04142135623988 ], [ 59138.900000000001455, 18188.0 ], [ 59138.900481527329248, 18188.009801714033529 ], [ 59138.901921471959213, 18188.019509032201313 ], [ 59138.904305966425454, 18188.029028467724856 ], [ 59138.907612046750728, 18188.038268343236268 ], [ 59138.911807873562793, 18188.047139673682977 ], [ 59138.91685303876875, 18188.055557023300935 ], [ 59138.922698954665975, 18188.06343932841628 ], [ 59138.929289321880788, 18188.070710678119212 ], [ 59156.900000000001455, 18206.04142135623988 ], [ 59156.900000000001455, 18242.0 ], [ 59156.900481527329248, 18242.009801714033529 ], [ 59156.901921471959213, 18242.019509032201313 ], [ 59156.904305966425454, 18242.029028467724856 ], [ 59156.907612046750728, 18242.038268343236268 ], [ 59156.911807873562793, 18242.047139673682977 ], [ 59156.91685303876875, 18242.055557023300935 ], [ 59156.922698954665975, 18242.06343932841628 ], [ 59156.929289321880788, 18242.070710678119212 ], [ 59174.900000000001455, 18260.04142135623988 ], [ 59174.900000000001455, 18278.0 ], [ 59174.900481527329248, 18278.009801714033529 ], [ 59174.901921471959213, 18278.019509032201313 ], [ 59174.904305966425454, 18278.029028467724856 ], [ 59174.907612046750728, 18278.038268343236268 ], [ 59174.911807873562793, 18278.047139673682977 ], [ 59174.91685303876875, 18278.055557023300935 ], [ 59174.922698954665975, 18278.06343932841628 ], [ 59174.929289321880788, 18278.070710678119212 ], [ 59192.900000000001455, 18296.04142135623988 ], [ 59192.900000000001455, 18314.0 ], [ 59192.900517158195726, 18314.010156977252336 ], [ 59192.902063283734606, 18314.02020889922278 ], [ 59192.904622384790855, 18314.030051797235501 ], [ 59192.908167992158269, 18314.0395838645818 ], [ 59192.912663433031412, 18314.0487065095258 ], [ 59192.918062210337666, 18314.057325375059008 ], [ 59192.924308483641653, 18314.065351314839063 ], [ 59192.931337646703469, 18314.072701315253653 ], [ 59210.900000000001455, 18331.043104648924782 ], [ 59210.900000000001455, 18349.0 ], [ 59210.900481527329248, 18349.009801714033529 ], [ 59210.901921471959213, 18349.019509032201313 ], [ 59210.904305966425454, 18349.029028467724856 ], [ 59210.907612046750728, 18349.038268343236268 ], [ 59210.911807873562793, 18349.047139673682977 ], [ 59210.91685303876875, 18349.055557023300935 ], [ 59210.922698954665975, 18349.06343932841628 ], [ 59210.929289321880788, 18349.070710678119212 ], [ 59228.900000000001455, 18367.04142135623988 ], [ 59228.900000000001455, 18403.0 ], [ 59228.900481527329248, 18403.009801714033529 ], [ 59228.901921471959213, 18403.019509032201313 ], [ 59228.904305966425454, 18403.029028467724856 ], [ 59228.907612046750728, 18403.038268343236268 ], [ 59228.911807873562793, 18403.047139673682977 ], [ 59228.91685303876875, 18403.055557023300935 ], [ 59228.922698954665975, 18403.06343932841628 ], [ 59228.929289321880788, 18403.070710678119212 ], [ 59246.900000000001455, 18421.04142135623988 ], [ 59246.900000000001455, 18439.0 ], [ 59246.900447165142396, 18439.009446325861063 ], [ 59246.901784661444253, 18439.018808170367265 ], [ 59246.904000527269091, 18439.028001807710098 ], [ 59246.907074945454951, 18439.036945016407117 ], [ 59246.910980420543638, 18439.04555781462841 ], [ 59246.9156820247008, 18439.053763175514177 ], [ 59246.921137710050971, 18439.061487716040574 ], [ 59246.927298684742709, 18439.068662353296531 ], [ 59263.900000000001455, 18457.03975786357114 ], [ 59263.900000000001455, 18475.0 ], [ 59263.900481527329248, 18475.009801714033529 ], [ 59263.901921471959213, 18475.019509032201313 ], [ 59263.904305966425454, 18475.029028467724856 ], [ 59263.907612046750728, 18475.038268343236268 ], [ 59263.911807873562793, 18475.047139673682977 ], [ 59263.91685303876875, 18475.055557023300935 ], [ 59263.922698954665975, 18475.06343932841628 ], [ 59263.929289321880788, 18475.070710678119212 ], [ 59281.900000000001455, 18493.04142135623988 ], [ 59281.900000000001455, 18511.0 ], [ 59281.900481527329248, 18511.009801714033529 ], [ 59281.901921471959213, 18511.019509032201313 ], [ 59281.904305966425454, 18511.029028467724856 ], [ 59281.907612046750728, 18511.038268343236268 ], [ 59281.911807873562793, 18511.047139673682977 ], [ 59281.91685303876875, 18511.055557023300935 ], [ 59281.922698954665975, 18511.06343932841628 ], [ 59281.929289321880788, 18511.070710678119212 ], [ 59299.900000000001455, 18529.04142135623988 ], [ 59299.900000000001455, 18547.0 ], [ 59299.900481527329248, 18547.009801714033529 ], [ 59299.901921471959213, 18547.019509032201313 ], [ 59299.904305966425454, 18547.029028467724856 ], [ 59299.907612046750728, 18547.038268343236268 ], [ 59299.911807873562793, 18547.047139673682977 ], [ 59299.91685303876875, 18547.055557023300935 ], [ 59299.922698954665975, 18547.06343932841628 ], [ 59299.929289321880788, 18547.070710678119212 ], [ 59317.900000000001455, 18565.04142135623988 ], [ 59317.900000000001455, 18583.0 ], [ 59317.900481527329248, 18583.009801714033529 ], [ 59317.901921471959213, 18583.019509032201313 ], [ 59317.904305966425454, 18583.029028467724856 ], [ 59317.907612046750728, 18583.038268343236268 ], [ 59317.911807873562793, 18583.047139673682977 ], [ 59317.91685303876875, 18583.055557023300935 ], [ 59317.922698954665975, 18583.06343932841628 ], [ 59317.929289321880788, 18583.070710678119212 ], [ 59335.900000000001455, 18601.04142135623988 ], [ 59335.900000000001455, 18636.0 ], [ 59335.900481527329248, 18636.009801714033529 ], [ 59335.901921471959213, 18636.019509032201313 ], [ 59335.904305966425454, 18636.029028467724856 ], [ 59335.907612046750728, 18636.038268343236268 ], [ 59335.911807873562793, 18636.047139673682977 ], [ 59335.91685303876875, 18636.055557023300935 ], [ 59335.922698954665975, 18636.06343932841628 ], [ 59335.929289321880788, 18636.070710678119212 ], [ 59353.900000000001455, 18654.04142135623988 ], [ 59353.900000000001455, 18672.0 ], [ 59353.900481527329248, 18672.009801714033529 ], [ 59353.901921471959213, 18672.019509032201313 ], [ 59353.904305966425454, 18672.029028467724856 ], [ 59353.907612046750728, 18672.038268343236268 ], [ 59353.911807873562793, 18672.047139673682977 ], [ 59353.91685303876875, 18672.055557023300935 ], [ 59353.922698954665975, 18672.06343932841628 ], [ 59353.929289321880788, 18672.070710678119212 ], [ 59371.900000000001455, 18690.04142135623988 ], [ 59371.900000000001455, 18708.0 ], [ 59371.900481527329248, 18708.009801714033529 ], [ 59371.901921471959213, 18708.019509032201313 ], [ 59371.904305966425454, 18708.029028467724856 ], [ 59371.907612046750728, 18708.038268343236268 ], [ 59371.911807873562793, 18708.047139673682977 ], [ 59371.91685303876875, 18708.055557023300935 ], [ 59371.922698954665975, 18708.06343932841628 ], [ 59371.929289321880788, 18708.070710678119212 ], [ 59389.900000000001455, 18726.04142135623988 ], [ 59389.900000000001455, 18744.0 ], [ 59389.900481527329248, 18744.009801714033529 ], [ 59389.901921471959213, 18744.019509032201313 ], [ 59389.904305966425454, 18744.029028467724856 ], [ 59389.907612046750728, 18744.038268343236268 ], [ 59389.911807873562793, 18744.047139673682977 ], [ 59389.91685303876875, 18744.055557023300935 ], [ 59389.922698954665975, 18744.06343932841628 ], [ 59389.929289321880788, 18744.070710678119212 ], [ 59407.900000000001455, 18762.04142135623988 ], [ 59407.900000000001455, 18798.0 ], [ 59407.900481527329248, 18798.009801714033529 ], [ 59407.901921471959213, 18798.019509032201313 ], [ 59407.904305966425454, 18798.029028467724856 ], [ 59407.907612046750728, 18798.038268343236268 ], [ 59407.911807873562793, 18798.047139673682977 ], [ 59407.91685303876875, 18798.055557023300935 ], [ 59407.922698954665975, 18798.06343932841628 ], [ 59407.929289321880788, 18798.070710678119212 ], [ 59425.900000000001455, 18816.04142135623988 ], [ 59425.900000000001455, 18834.0 ], [ 59425.900481527329248, 18834.009801714033529 ], [ 59425.901921471959213, 18834.019509032201313 ], [ 59425.904305966425454, 18834.029028467724856 ], [ 59425.907612046750728, 18834.038268343236268 ], [ 59425.911807873562793, 18834.047139673682977 ], [ 59425.91685303876875, 18834.055557023300935 ], [ 59425.922698954665975, 18834.06343932841628 ], [ 59425.929289321880788, 18834.070710678119212 ], [ 59443.900000000001455, 18852.04142135623988 ], [ 59443.900000000001455, 18870.0 ], [ 59443.900481527329248, 18870.009801714033529 ], [ 59443.901921471959213, 18870.019509032201313 ], [ 59443.904305966425454, 18870.029028467724856 ], [ 59443.907612046750728, 18870.038268343236268 ], [ 59443.911807873562793, 18870.047139673682977 ], [ 59443.91685303876875, 18870.055557023300935 ], [ 59443.922698954665975, 18870.06343932841628 ], [ 59443.929289321880788, 18870.070710678119212 ], [ 59461.900000000001455, 18888.04142135623988 ], [ 59461.900000000001455, 18905.0 ], [ 59461.900481527329248, 18905.009801714033529 ], [ 59461.901921471959213, 18905.019509032201313 ], [ 59461.904305966425454, 18905.029028467724856 ], [ 59461.907612046750728, 18905.038268343236268 ], [ 59461.911807873562793, 18905.047139673682977 ], [ 59461.91685303876875, 18905.055557023300935 ], [ 59461.922698954665975, 18905.06343932841628 ], [ 59461.929289321880788, 18905.070710678119212 ], [ 59479.900000000001455, 18923.04142135623988 ], [ 59479.900000000001455, 18941.0 ], [ 59479.900481527329248, 18941.009801714033529 ], [ 59479.901921471959213, 18941.019509032201313 ], [ 59479.904305966425454, 18941.029028467724856 ], [ 59479.907612046750728, 18941.038268343236268 ], [ 59479.911807873562793, 18941.047139673682977 ], [ 59479.91685303876875, 18941.055557023300935 ], [ 59479.922698954665975, 18941.06343932841628 ], [ 59479.929289321880788, 18941.070710678119212 ], [ 59497.900000000001455, 18959.04142135623988 ], [ 59497.900000000001455, 18977.0 ], [ 59497.900481527329248, 18977.009801714033529 ], [ 59497.901921471959213, 18977.019509032201313 ], [ 59497.904305966425454, 18977.029028467724856 ], [ 59497.907612046750728, 18977.038268343236268 ], [ 59497.911807873562793, 18977.047139673682977 ], [ 59497.91685303876875, 18977.055557023300935 ], [ 59497.922698954665975, 18977.06343932841628 ], [ 59497.929289321880788, 18977.070710678119212 ], [ 59515.900000000001455, 18995.04142135623988 ], [ 59515.900000000001455, 19013.0 ], [ 59515.900481527329248, 19013.009801714033529 ], [ 59515.901921471959213, 19013.019509032201313 ], [ 59515.904305966425454, 19013.029028467724856 ], [ 59515.907612046750728, 19013.038268343236268 ], [ 59515.911807873562793, 19013.047139673682977 ], [ 59515.91685303876875, 19013.055557023300935 ], [ 59515.922698954665975, 19013.06343932841628 ], [ 59515.929289321880788, 19013.070710678119212 ], [ 59533.900000000001455, 19031.04142135623988 ], [ 59533.900000000001455, 19049.0 ], [ 59533.900447165142396, 19049.009446325861063 ], [ 59533.901784661444253, 19049.018808170367265 ], [ 59533.904000527269091, 19049.028001807710098 ], [ 59533.907074945454951, 19049.036945016407117 ], [ 59533.910980420543638, 19049.04555781462841 ], [ 59533.9156820247008, 19049.053763175514177 ], [ 59533.921137710050971, 19049.061487716040574 ], [ 59533.927298684742709, 19049.068662353296531 ], [ 59550.900000000001455, 19067.03975786357114 ], [ 59550.900000000001455, 19085.0 ], [ 59550.900481527329248, 19085.009801714033529 ], [ 59550.901921471959213, 19085.019509032201313 ], [ 59550.904305966425454, 19085.029028467724856 ], [ 59550.907612046750728, 19085.038268343236268 ], [ 59550.911807873562793, 19085.047139673682977 ], [ 59550.91685303876875, 19085.055557023300935 ], [ 59550.922698954665975, 19085.06343932841628 ], [ 59550.929289321880788, 19085.070710678119212 ], [ 59568.900000000001455, 19103.04142135623988 ], [ 59568.900000000001455, 19121.0 ], [ 59568.900481527329248, 19121.009801714033529 ], [ 59568.901921471959213, 19121.019509032201313 ], [ 59568.904305966425454, 19121.029028467724856 ], [ 59568.907612046750728, 19121.038268343236268 ], [ 59568.911807873562793, 19121.047139673682977 ], [ 59568.91685303876875, 19121.055557023300935 ], [ 59568.922698954665975, 19121.06343932841628 ], [ 59568.929289321880788, 19121.070710678119212 ], [ 59586.900000000001455, 19139.04142135623988 ], [ 59586.900000000001455, 19157.0 ], [ 59586.900481527329248, 19157.009801714033529 ], [ 59586.901921471959213, 19157.019509032201313 ], [ 59586.904305966425454, 19157.029028467724856 ], [ 59586.907612046750728, 19157.038268343236268 ], [ 59586.911807873562793, 19157.047139673682977 ], [ 59586.91685303876875, 19157.055557023300935 ], [ 59586.922698954665975, 19157.06343932841628 ], [ 59586.929289321880788, 19157.070710678119212 ], [ 59604.929289321880788, 19175.070710678119212 ], [ 59604.931337646703469, 19175.072701315253653 ], [ 59622.900000000001455, 19192.043104648924782 ], [ 59622.900000000001455, 19228.0 ], [ 59622.900481527329248, 19228.009801714033529 ], [ 59622.901921471959213, 19228.019509032201313 ], [ 59622.904305966425454, 19228.029028467724856 ], [ 59622.907612046750728, 19228.038268343236268 ], [ 59622.911807873562793, 19228.047139673682977 ], [ 59622.91685303876875, 19228.055557023300935 ], [ 59622.922698954665975, 19228.06343932841628 ], [ 59622.929289321880788, 19228.070710678119212 ], [ 59640.900000000001455, 19246.04142135623988 ], [ 59640.900000000001455, 19264.0 ], [ 59640.900481527329248, 19264.009801714033529 ], [ 59640.901921471959213, 19264.019509032201313 ], [ 59640.904305966425454, 19264.029028467724856 ], [ 59640.907612046750728, 19264.038268343236268 ], [ 59640.911807873562793, 19264.047139673682977 ], [ 59640.91685303876875, 19264.055557023300935 ], [ 59640.922698954665975, 19264.06343932841628 ], [ 59640.929289321880788, 19264.070710678119212 ], [ 59658.900000000001455, 19282.04142135623988 ], [ 59658.900000000001455, 19300.0 ], [ 59658.900481527329248, 19300.009801714033529 ], [ 59658.901921471959213, 19300.019509032201313 ], [ 59658.904305966425454, 19300.029028467724856 ], [ 59658.907612046750728, 19300.038268343236268 ], [ 59658.911807873562793, 19300.047139673682977 ], [ 59658.91685303876875, 19300.055557023300935 ], [ 59658.922698954665975, 19300.06343932841628 ], [ 59658.929289321880788, 19300.070710678119212 ], [ 59676.900000000001455, 19318.04142135623988 ], [ 59676.900000000001455, 19336.0 ], [ 59676.900481527329248, 19336.009801714033529 ], [ 59676.901921471959213, 19336.019509032201313 ], [ 59676.904305966425454, 19336.029028467724856 ], [ 59676.907612046750728, 19336.038268343236268 ], [ 59676.911807873562793, 19336.047139673682977 ], [ 59676.91685303876875, 19336.055557023300935 ], [ 59676.922698954665975, 19336.06343932841628 ], [ 59676.929289321880788, 19336.070710678119212 ], [ 59712.900000000001455, 19372.04142135623988 ], [ 59712.900000000001455, 19408.0 ], [ 59712.900481527329248, 19408.009801714033529 ], [ 59712.901921471959213, 19408.019509032201313 ], [ 59712.904305966425454, 19408.029028467724856 ], [ 59712.907612046750728, 19408.038268343236268 ], [ 59712.911807873562793, 19408.047139673682977 ], [ 59712.91685303876875, 19408.055557023300935 ], [ 59712.922698954665975, 19408.06343932841628 ], [ 59712.929289321880788, 19408.070710678119212 ], [ 59730.900000000001455, 19426.04142135623988 ], [ 59730.900000000001455, 19444.0 ], [ 59730.900481527329248, 19444.009801714033529 ], [ 59730.901921471959213, 19444.019509032201313 ], [ 59730.904305966425454, 19444.029028467724856 ], [ 59730.907612046750728, 19444.038268343236268 ], [ 59730.911807873562793, 19444.047139673682977 ], [ 59730.91685303876875, 19444.055557023300935 ], [ 59730.922698954665975, 19444.06343932841628 ], [ 59730.929289321880788, 19444.070710678119212 ], [ 59748.900000000001455, 19462.04142135623988 ], [ 59748.900000000001455, 19479.0 ], [ 59748.900481527329248, 19479.009801714033529 ], [ 59748.901921471959213, 19479.019509032201313 ], [ 59748.904305966425454, 19479.029028467724856 ], [ 59748.907612046750728, 19479.038268343236268 ], [ 59748.911807873562793, 19479.047139673682977 ], [ 59748.91685303876875, 19479.055557023300935 ], [ 59748.922698954665975, 19479.06343932841628 ], [ 59748.929289321880788, 19479.070710678119212 ], [ 59784.900000000001455, 19515.04142135623988 ], [ 59784.900000000001455, 19551.0 ], [ 59784.900481527329248, 19551.009801714033529 ], [ 59784.901921471959213, 19551.019509032201313 ], [ 59784.904305966425454, 19551.029028467724856 ], [ 59784.907612046750728, 19551.038268343236268 ], [ 59784.911807873562793, 19551.047139673682977 ], [ 59784.91685303876875, 19551.055557023300935 ], [ 59784.922698954665975, 19551.06343932841628 ], [ 59784.929289321880788, 19551.070710678119212 ], [ 59802.900000000001455, 19569.04142135623988 ], [ 59802.900000000001455, 19587.0 ], [ 59802.900481527329248, 19587.009801714033529 ], [ 59802.901921471959213, 19587.019509032201313 ], [ 59802.904305966425454, 19587.029028467724856 ], [ 59802.907612046750728, 19587.038268343236268 ], [ 59802.911807873562793, 19587.047139673682977 ], [ 59802.91685303876875, 19587.055557023300935 ], [ 59802.922698954665975, 19587.06343932841628 ], [ 59802.929289321880788, 19587.070710678119212 ], [ 59820.900000000001455, 19605.04142135623988 ], [ 59820.900000000001455, 19623.0 ], [ 59820.900447165142396, 19623.009446325861063 ], [ 59820.901784661444253, 19623.018808170367265 ], [ 59820.904000527269091, 19623.028001807710098 ], [ 59820.907074945454951, 19623.036945016407117 ], [ 59820.910980420543638, 19623.04555781462841 ], [ 59820.9156820247008, 19623.053763175514177 ], [ 59820.921137710050971, 19623.061487716040574 ], [ 59820.927298684742709, 19623.068662353296531 ], [ 59837.900000000001455, 19641.03975786357114 ], [ 59837.900000000001455, 19659.0 ], [ 59837.900481527329248, 19659.009801714033529 ], [ 59837.901921471959213, 19659.019509032201313 ], [ 59837.904305966425454, 19659.029028467724856 ], [ 59837.907612046750728, 19659.038268343236268 ], [ 59837.911807873562793, 19659.047139673682977 ], [ 59837.91685303876875, 19659.055557023300935 ], [ 59837.922698954665975, 19659.06343932841628 ], [ 59837.929289321880788, 19659.070710678119212 ], [ 59873.900000000001455, 19695.04142135623988 ], [ 59873.900000000001455, 19713.0 ], [ 59873.900481527329248, 19713.009801714033529 ], [ 59873.901921471959213, 19713.019509032201313 ], [ 59873.904305966425454, 19713.029028467724856 ], [ 59873.907612046750728, 19713.038268343236268 ], [ 59873.911807873562793, 19713.047139673682977 ], [ 59873.91685303876875, 19713.055557023300935 ], [ 59873.922698954665975, 19713.06343932841628 ], [ 59873.929289321880788, 19713.070710678119212 ], [ 59891.900000000001455, 19731.04142135623988 ], [ 59891.900000000001455, 19749.0 ], [ 59891.900517158195726, 19749.010156977252336 ], [ 59891.902063283734606, 19749.02020889922278 ], [ 59891.904622384790855, 19749.030051797235501 ], [ 59891.908167992158269, 19749.0395838645818 ], [ 59891.912663433031412, 19749.0487065095258 ], [ 59891.918062210337666, 19749.057325375059008 ], [ 59891.924308483641653, 19749.065351314839063 ], [ 59891.931337646703469, 19749.072701315253653 ], [ 59909.900000000001455, 19766.043104648924782 ], [ 59909.900000000001455, 19784.0 ], [ 59909.900481527329248, 19784.009801714033529 ], [ 59909.901921471959213, 19784.019509032201313 ], [ 59909.904305966425454, 19784.029028467724856 ], [ 59909.907612046750728, 19784.038268343236268 ], [ 59909.911807873562793, 19784.047139673682977 ], [ 59909.91685303876875, 19784.055557023300935 ], [ 59909.922698954665975, 19784.06343932841628 ], [ 59909.929289321880788, 19784.070710678119212 ], [ 59927.900000000001455, 19802.04142135623988 ], [ 59927.900000000001455, 19820.0 ], [ 59927.900481527329248, 19820.009801714033529 ], [ 59927.901921471959213, 19820.019509032201313 ], [ 59927.904305966425454, 19820.029028467724856 ], [ 59927.907612046750728, 19820.038268343236268 ], [ 59927.911807873562793, 19820.047139673682977 ], [ 59927.91685303876875, 19820.055557023300935 ], [ 59927.922698954665975, 19820.06343932841628 ], [ 59927.929289321880788, 19820.070710678119212 ], [ 59945.900000000001455, 19838.04142135623988 ], [ 59945.900000000001455, 19856.0 ], [ 59945.900481527329248, 19856.009801714033529 ], [ 59945.901921471959213, 19856.019509032201313 ], [ 59945.904305966425454, 19856.029028467724856 ], [ 59945.907612046750728, 19856.038268343236268 ], [ 59945.911807873562793, 19856.047139673682977 ], [ 59945.91685303876875, 19856.055557023300935 ], [ 59945.922698954665975, 19856.06343932841628 ], [ 59945.929289321880788, 19856.070710678119212 ], [ 59981.900000000001455, 19892.04142135623988 ], [ 59981.900000000001455, 19910.0 ], [ 59981.900481527329248, 19910.009801714033529 ], [ 59981.901921471959213, 19910.019509032201313 ], [ 59981.904305966425454, 19910.029028467724856 ], [ 59981.907612046750728, 19910.038268343236268 ], [ 59981.911807873562793, 19910.047139673682977 ], [ 59981.91685303876875, 19910.055557023300935 ], [ 59981.922698954665975, 19910.06343932841628 ], [ 59981.929289321880788, 19910.070710678119212 ], [ 59999.900000000001455, 19928.04142135623988 ], [ 59999.900000000001455, 19946.0 ], [ 59999.900481527329248, 19946.009801714033529 ], [ 59999.901921471959213, 19946.019509032201313 ], [ 59999.904305966425454, 19946.029028467724856 ], [ 59999.907612046750728, 19946.038268343236268 ], [ 59999.911807873562793, 19946.047139673682977 ], [ 59999.91685303876875, 19946.055557023300935 ], [ 59999.922698954665975, 19946.06343932841628 ], [ 59999.929289321880788, 19946.070710678119212 ], [ 60017.900000000001455, 19964.04142135623988 ], [ 60017.900000000001455, 19982.0 ], [ 60017.900481527329248, 19982.009801714033529 ], [ 60017.901921471959213, 19982.019509032201313 ], [ 60017.904305966425454, 19982.029028467724856 ], [ 60017.907612046750728, 19982.038268343236268 ], [ 60017.911807873562793, 19982.047139673682977 ], [ 60017.91685303876875, 19982.055557023300935 ], [ 60017.922698954665975, 19982.06343932841628 ], [ 60017.929289321880788, 19982.070710678119212 ], [ 60035.900000000001455, 20000.04142135623988 ], [ 60035.900000000001455, 20018.0 ], [ 60035.900481527329248, 20018.009801714033529 ], [ 60035.901921471959213, 20018.019509032201313 ], [ 60035.904305966425454, 20018.029028467724856 ], [ 60035.907612046750728, 20018.038268343236268 ], [ 60035.911807873562793, 20018.047139673682977 ], [ 60035.91685303876875, 20018.055557023300935 ], [ 60035.922698954665975, 20018.06343932841628 ], [ 60035.929289321880788, 20018.070710678119212 ], [ 60053.900000000001455, 20036.04142135623988 ], [ 60053.900000000001455, 20053.0 ], [ 60053.900481527329248, 20053.009801714033529 ], [ 60053.901921471959213, 20053.019509032201313 ], [ 60053.904305966425454, 20053.029028467724856 ], [ 60053.907612046750728, 20053.038268343236268 ], [ 60053.911807873562793, 20053.047139673682977 ], [ 60053.91685303876875, 20053.055557023300935 ], [ 60053.922698954665975, 20053.06343932841628 ], [ 60053.929289321880788, 20053.070710678119212 ], [ 60089.900000000001455, 20089.04142135623988 ], [ 60089.900000000001455, 20107.0 ], [ 60089.900481527329248, 20107.009801714033529 ], [ 60089.901921471959213, 20107.019509032201313 ], [ 60089.904305966425454, 20107.029028467724856 ], [ 60089.907612046750728, 20107.038268343236268 ], [ 60089.911807873562793, 20107.047139673682977 ], [ 60089.91685303876875, 20107.055557023300935 ], [ 60089.922698954665975, 20107.06343932841628 ], [ 60089.929289321880788, 20107.070710678119212 ], [ 60107.900000000001455, 20125.04142135623988 ], [ 60107.900000000001455, 20143.0 ], [ 60107.900447165142396, 20143.009446325861063 ], [ 60107.901784661444253, 20143.018808170367265 ], [ 60107.904000527269091, 20143.028001807710098 ], [ 60107.907074945454951, 20143.036945016407117 ], [ 60107.910980420543638, 20143.04555781462841 ], [ 60107.9156820247008, 20143.053763175514177 ], [ 60107.921137710050971, 20143.061487716040574 ], [ 60107.927298684742709, 20143.068662353296531 ], [ 60124.900000000001455, 20161.03975786357114 ], [ 60124.900000000001455, 20179.0 ], [ 60124.900481527329248, 20179.009801714033529 ], [ 60124.901921471959213, 20179.019509032201313 ], [ 60124.904305966425454, 20179.029028467724856 ], [ 60124.907612046750728, 20179.038268343236268 ], [ 60124.911807873562793, 20179.047139673682977 ], [ 60124.91685303876875, 20179.055557023300935 ], [ 60124.922698954665975, 20179.06343932841628 ], [ 60124.929289321880788, 20179.070710678119212 ], [ 60160.900000000001455, 20215.04142135623988 ], [ 60160.900000000001455, 20233.0 ], [ 60160.900481527329248, 20233.009801714033529 ], [ 60160.901921471959213, 20233.019509032201313 ], [ 60160.904305966425454, 20233.029028467724856 ], [ 60160.907612046750728, 20233.038268343236268 ], [ 60160.911807873562793, 20233.047139673682977 ], [ 60160.91685303876875, 20233.055557023300935 ], [ 60160.922698954665975, 20233.06343932841628 ], [ 60160.929289321880788, 20233.070710678119212 ], [ 60196.900000000001455, 20269.04142135623988 ], [ 60196.900000000001455, 20287.0 ], [ 60196.900481527329248, 20287.009801714033529 ], [ 60196.901921471959213, 20287.019509032201313 ], [ 60196.904305966425454, 20287.029028467724856 ], [ 60196.907612046750728, 20287.038268343236268 ], [ 60196.911807873562793, 20287.047139673682977 ], [ 60196.91685303876875, 20287.055557023300935 ], [ 60196.922698954665975, 20287.06343932841628 ], [ 60196.929289321880788, 20287.070710678119212 ], [ 60214.900000000001455, 20305.04142135623988 ], [ 60214.900000000001455, 20323.0 ], [ 60214.900517158195726, 20323.010156977252336 ], [ 60214.902063283734606, 20323.02020889922278 ], [ 60214.904622384790855, 20323.030051797235501 ], [ 60214.908167992158269, 20323.0395838645818 ], [ 60214.912663433031412, 20323.0487065095258 ], [ 60214.918062210337666, 20323.057325375059008 ], [ 60214.924308483641653, 20323.065351314839063 ], [ 60214.931337646703469, 20323.072701315253653 ], [ 60232.900000000001455, 20340.043104648924782 ], [ 60232.900000000001455, 20358.0 ], [ 60232.900481527329248, 20358.009801714033529 ], [ 60232.901921471959213, 20358.019509032201313 ], [ 60232.904305966425454, 20358.029028467724856 ], [ 60232.907612046750728, 20358.038268343236268 ], [ 60232.911807873562793, 20358.047139673682977 ], [ 60232.91685303876875, 20358.055557023300935 ], [ 60232.922698954665975, 20358.06343932841628 ], [ 60232.929289321880788, 20358.070710678119212 ], [ 60250.900000000001455, 20376.04142135623988 ], [ 60250.900000000001455, 20394.0 ], [ 60250.900481527329248, 20394.009801714033529 ], [ 60250.901921471959213, 20394.019509032201313 ], [ 60250.904305966425454, 20394.029028467724856 ], [ 60250.907612046750728, 20394.038268343236268 ], [ 60250.911807873562793, 20394.047139673682977 ], [ 60250.91685303876875, 20394.055557023300935 ], [ 60250.922698954665975, 20394.06343932841628 ], [ 60250.929289321880788, 20394.070710678119212 ], [ 60286.900000000001455, 20430.04142135623988 ], [ 60286.900000000001455, 20448.0 ], [ 60286.900481527329248, 20448.009801714033529 ], [ 60286.901921471959213, 20448.019509032201313 ], [ 60286.904305966425454, 20448.029028467724856 ], [ 60286.907612046750728, 20448.038268343236268 ], [ 60286.911807873562793, 20448.047139673682977 ], [ 60286.91685303876875, 20448.055557023300935 ], [ 60286.922698954665975, 20448.06343932841628 ], [ 60286.929289321880788, 20448.070710678119212 ], [ 60304.900000000001455, 20466.04142135623988 ], [ 60304.900000000001455, 20484.0 ], [ 60304.900481527329248, 20484.009801714033529 ], [ 60304.901921471959213, 20484.019509032201313 ], [ 60304.904305966425454, 20484.029028467724856 ], [ 60304.907612046750728, 20484.038268343236268 ], [ 60304.911807873562793, 20484.047139673682977 ], [ 60304.91685303876875, 20484.055557023300935 ], [ 60304.922698954665975, 20484.06343932841628 ], [ 60304.929289321880788, 20484.070710678119212 ], [ 60340.900000000001455, 20520.04142135623988 ], [ 60340.900000000001455, 20538.0 ], [ 60340.900481527329248, 20538.009801714033529 ], [ 60340.901921471959213, 20538.019509032201313 ], [ 60340.904305966425454, 20538.029028467724856 ], [ 60340.907612046750728, 20538.038268343236268 ], [ 60340.911807873562793, 20538.047139673682977 ], [ 60340.91685303876875, 20538.055557023300935 ], [ 60340.922698954665975, 20538.06343932841628 ], [ 60340.929289321880788, 20538.070710678119212 ], [ 60376.900000000001455, 20574.04142135623988 ], [ 60376.900000000001455, 20610.0 ], [ 60376.900517158195726, 20610.010156977252336 ], [ 60376.902063283734606, 20610.02020889922278 ], [ 60376.904622384790855, 20610.030051797235501 ], [ 60376.908167992158269, 20610.0395838645818 ], [ 60376.912663433031412, 20610.0487065095258 ], [ 60376.918062210337666, 20610.057325375059008 ], [ 60376.924308483641653, 20610.065351314839063 ], [ 60376.931337646703469, 20610.072701315253653 ], [ 60394.929260466233245, 20627.070739533701271 ], [ 60411.900000000001455, 20645.03975786357114 ], [ 60411.900000000001455, 20663.0 ], [ 60411.900481527329248, 20663.009801714033529 ], [ 60411.901921471959213, 20663.019509032201313 ], [ 60411.904305966425454, 20663.029028467724856 ], [ 60411.907612046750728, 20663.038268343236268 ], [ 60411.911807873562793, 20663.047139673682977 ], [ 60411.91685303876875, 20663.055557023300935 ], [ 60411.922698954665975, 20663.06343932841628 ], [ 60411.929289321880788, 20663.070710678119212 ], [ 60447.900000000001455, 20699.04142135623988 ], [ 60447.900000000001455, 20717.0 ], [ 60447.900481527329248, 20717.009801714033529 ], [ 60447.901921471959213, 20717.019509032201313 ], [ 60447.904305966425454, 20717.029028467724856 ], [ 60447.907612046750728, 20717.038268343236268 ], [ 60447.911807873562793, 20717.047139673682977 ], [ 60447.91685303876875, 20717.055557023300935 ], [ 60447.922698954665975, 20717.06343932841628 ], [ 60447.929289321880788, 20717.070710678119212 ], [ 60483.900000000001455, 20753.04142135623988 ], [ 60483.900000000001455, 20771.0 ], [ 60483.900481527329248, 20771.009801714033529 ], [ 60483.901921471959213, 20771.019509032201313 ], [ 60483.904305966425454, 20771.029028467724856 ], [ 60483.907612046750728, 20771.038268343236268 ], [ 60483.911807873562793, 20771.047139673682977 ], [ 60483.91685303876875, 20771.055557023300935 ], [ 60483.922698954665975, 20771.06343932841628 ], [ 60483.929289321880788, 20771.070710678119212 ], [ 60501.900000000001455, 20789.04142135623988 ], [ 60501.900000000001455, 20807.0 ], [ 60501.900481527329248, 20807.009801714033529 ], [ 60501.901921471959213, 20807.019509032201313 ], [ 60501.904305966425454, 20807.029028467724856 ], [ 60501.907612046750728, 20807.038268343236268 ], [ 60501.911807873562793, 20807.047139673682977 ], [ 60501.91685303876875, 20807.055557023300935 ], [ 60501.922698954665975, 20807.06343932841628 ], [ 60501.929289321880788, 20807.070710678119212 ], [ 60555.900000000001455, 20861.04142135623988 ], [ 60555.900000000001455, 20879.0 ], [ 60555.900481527329248, 20879.009801714033529 ], [ 60555.901921471959213, 20879.019509032201313 ], [ 60555.904305966425454, 20879.029028467724856 ], [ 60555.907612046750728, 20879.038268343236268 ], [ 60555.911807873562793, 20879.047139673682977 ], [ 60555.91685303876875, 20879.055557023300935 ], [ 60555.922698954665975, 20879.06343932841628 ], [ 60555.929289321880788, 20879.070710678119212 ], [ 60573.929289321880788, 20897.070710678119212 ], [ 60573.931337646703469, 20897.072701315253653 ], [ 60591.900000000001455, 20914.043104648924782 ], [ 60591.900000000001455, 20932.0 ], [ 60591.900481527329248, 20932.009801714033529 ], [ 60591.901921471959213, 20932.019509032201313 ], [ 60591.904305966425454, 20932.029028467724856 ], [ 60591.907612046750728, 20932.038268343236268 ], [ 60591.911807873562793, 20932.047139673682977 ], [ 60591.91685303876875, 20932.055557023300935 ], [ 60591.922698954665975, 20932.06343932841628 ], [ 60591.929289321880788, 20932.070710678119212 ], [ 60627.900000000001455, 20968.04142135623988 ], [ 60627.900000000001455, 20986.0 ], [ 60627.900481527329248, 20986.009801714033529 ], [ 60627.901921471959213, 20986.019509032201313 ], [ 60627.904305966425454, 20986.029028467724856 ], [ 60627.907612046750728, 20986.038268343236268 ], [ 60627.911807873562793, 20986.047139673682977 ], [ 60627.91685303876875, 20986.055557023300935 ], [ 60627.922698954665975, 20986.06343932841628 ], [ 60627.929289321880788, 20986.070710678119212 ], [ 60681.928279375380953, 21040.069700731619378 ], [ 60698.900000000001455, 21058.03975786357114 ], [ 60698.900000000001455, 21076.0 ], [ 60698.900481527329248, 21076.009801714033529 ], [ 60698.901921471959213, 21076.019509032201313 ], [ 60698.904305966425454, 21076.029028467724856 ], [ 60698.907612046750728, 21076.038268343236268 ], [ 60698.911807873562793, 21076.047139673682977 ], [ 60698.91685303876875, 21076.055557023300935 ], [ 60698.922698954665975, 21076.06343932841628 ], [ 60698.929289321880788, 21076.070710678119212 ], [ 60734.900000000001455, 21112.04142135623988 ], [ 60734.900000000001455, 21130.0 ], [ 60734.900481527329248, 21130.009801714033529 ], [ 60734.901921471959213, 21130.019509032201313 ], [ 60734.904305966425454, 21130.029028467724856 ], [ 60734.907612046750728, 21130.038268343236268 ], [ 60734.911807873562793, 21130.047139673682977 ], [ 60734.91685303876875, 21130.055557023300935 ], [ 60734.922698954665975, 21130.06343932841628 ], [ 60734.929289321880788, 21130.070710678119212 ], [ 60788.900000000001455, 21184.04142135623988 ], [ 60788.900000000001455, 21201.0 ], [ 60788.900481527329248, 21201.009801714033529 ], [ 60788.901921471959213, 21201.019509032201313 ], [ 60788.904305966425454, 21201.029028467724856 ], [ 60788.907612046750728, 21201.038268343236268 ], [ 60788.911807873562793, 21201.047139673682977 ], [ 60788.91685303876875, 21201.055557023300935 ], [ 60788.922698954665975, 21201.06343932841628 ], [ 60788.929289321880788, 21201.070710678119212 ], [ 60824.900000000001455, 21237.04142135623988 ], [ 60824.900000000001455, 21273.0 ], [ 60824.900481527329248, 21273.009801714033529 ], [ 60824.901921471959213, 21273.019509032201313 ], [ 60824.904305966425454, 21273.029028467724856 ], [ 60824.907612046750728, 21273.038268343236268 ], [ 60824.911807873562793, 21273.047139673682977 ], [ 60824.91685303876875, 21273.055557023300935 ], [ 60824.922698954665975, 21273.06343932841628 ], [ 60824.929289321880788, 21273.070710678119212 ], [ 60896.900000000001455, 21345.04142135623988 ], [ 60896.900000000001455, 21363.0 ], [ 60896.900481527329248, 21363.009801714033529 ], [ 60896.901921471959213, 21363.019509032201313 ], [ 60896.904305966425454, 21363.029028467724856 ], [ 60896.907612046750728, 21363.038268343236268 ], [ 60896.911807873562793, 21363.047139673682977 ], [ 60896.91685303876875, 21363.055557023300935 ], [ 60896.922698954665975, 21363.06343932841628 ], [ 60896.929289321880788, 21363.070710678119212 ], [ 60950.900000000001455, 21417.04142135623988 ], [ 60950.900000000001455, 21435.0 ], [ 60950.900481527329248, 21435.009801714033529 ], [ 60950.901921471959213, 21435.019509032201313 ], [ 60950.904305966425454, 21435.029028467724856 ], [ 60950.907612046750728, 21435.038268343236268 ], [ 60950.911807873562793, 21435.047139673682977 ], [ 60950.91685303876875, 21435.055557023300935 ], [ 60950.922698954665975, 21435.06343932841628 ], [ 60950.929289321880788, 21435.070710678119212 ], [ 60968.928279375380953, 21453.069700731619378 ], [ 60985.927298684742709, 21471.068662353296531 ], [ 60985.931337646703469, 21471.072701315253653 ], [ 61003.900000000001455, 21488.043104648924782 ], [ 61003.900000000001455, 21506.0 ], [ 61003.900481527329248, 21506.009801714033529 ], [ 61003.901921471959213, 21506.019509032201313 ], [ 61003.904305966425454, 21506.029028467724856 ], [ 61003.907612046750728, 21506.038268343236268 ], [ 61003.911807873562793, 21506.047139673682977 ], [ 61003.91685303876875, 21506.055557023300935 ], [ 61003.922698954665975, 21506.06343932841628 ], [ 61003.929289321880788, 21506.070710678119212 ], [ 61039.900000000001455, 21542.04142135623988 ], [ 61039.900000000001455, 21560.0 ], [ 61039.900481527329248, 21560.009801714033529 ], [ 61039.901921471959213, 21560.019509032201313 ], [ 61039.904305966425454, 21560.029028467724856 ], [ 61039.907612046750728, 21560.038268343236268 ], [ 61039.911807873562793, 21560.047139673682977 ], [ 61039.91685303876875, 21560.055557023300935 ], [ 61039.922698954665975, 21560.06343932841628 ], [ 61039.929289321880788, 21560.070710678119212 ], [ 61093.900000000001455, 21614.04142135623988 ], [ 61093.900000000001455, 21632.0 ], [ 61093.900481527329248, 21632.009801714033529 ], [ 61093.901921471959213, 21632.019509032201313 ], [ 61093.904305966425454, 21632.029028467724856 ], [ 61093.907612046750728, 21632.038268343236268 ], [ 61093.911807873562793, 21632.047139673682977 ], [ 61093.91685303876875, 21632.055557023300935 ], [ 61093.922698954665975, 21632.06343932841628 ], [ 61093.929289321880788, 21632.070710678119212 ], [ 61129.900000000001455, 21668.04142135623988 ], [ 61129.900000000001455, 21686.0 ], [ 61129.900481527329248, 21686.009801714033529 ], [ 61129.901921471959213, 21686.019509032201313 ], [ 61129.904305966425454, 21686.029028467724856 ], [ 61129.907612046750728, 21686.038268343236268 ], [ 61129.911807873562793, 21686.047139673682977 ], [ 61129.91685303876875, 21686.055557023300935 ], [ 61129.922698954665975, 21686.06343932841628 ], [ 61129.929289321880788, 21686.070710678119212 ], [ 61183.900000000001455, 21740.04142135623988 ], [ 61183.900000000001455, 21758.0 ], [ 61183.900517158195726, 21758.010156977252336 ], [ 61183.902063283734606, 21758.02020889922278 ], [ 61183.904622384790855, 21758.030051797235501 ], [ 61183.908167992158269, 21758.0395838645818 ], [ 61183.912663433031412, 21758.0487065095258 ], [ 61183.918062210337666, 21758.057325375059008 ], [ 61183.924308483641653, 21758.065351314839063 ], [ 61183.931337646703469, 21758.072701315253653 ], [ 61201.930299268315139, 21775.071720624553564 ], [ 61219.900000000001455, 21793.04142135623988 ], [ 61219.900000000001455, 21811.0 ], [ 61219.900481527329248, 21811.009801714033529 ], [ 61219.901921471959213, 21811.019509032201313 ], [ 61219.904305966425454, 21811.029028467724856 ], [ 61219.907612046750728, 21811.038268343236268 ], [ 61219.911807873562793, 21811.047139673682977 ], [ 61219.91685303876875, 21811.055557023300935 ], [ 61219.922698954665975, 21811.06343932841628 ], [ 61219.929289321880788, 21811.070710678119212 ], [ 61255.929289321880788, 21847.070710678119212 ], [ 61255.936560671580082, 21847.077301045337663 ], [ 61255.944442976695427, 21847.08314696123125 ], [ 61255.952860326317023, 21847.088192126433569 ], [ 61255.961731656760094, 21847.09238795325291 ], [ 61255.970971532275144, 21847.095694033574546 ], [ 61255.980490967798687, 21847.098078528040787 ], [ 61255.990198285966471, 21847.099518472667114 ], [ 61256.0, 21847.099999999998545 ], [ 61398.95857864376012, 21847.099999999998545 ], [ 61416.900000000001455, 21865.04142135623988 ], [ 61416.900000000001455, 22062.0 ], [ 61416.900481527329248, 22062.009801714033529 ], [ 61416.901921471959213, 22062.019509032201313 ], [ 61416.904305966425454, 22062.029028467724856 ], [ 61416.907612046750728, 22062.038268343236268 ], [ 61416.911807873562793, 22062.047139673682977 ], [ 61416.91685303876875, 22062.055557023300935 ], [ 61416.922698954665975, 22062.06343932841628 ], [ 61416.929289321880788, 22062.070710678119212 ], [ 61470.900000000001455, 22116.04142135623988 ], [ 61470.900000000001455, 22134.0 ], [ 61470.900481527329248, 22134.009801714033529 ], [ 61470.901921471959213, 22134.019509032201313 ], [ 61470.904305966425454, 22134.029028467724856 ], [ 61470.907612046750728, 22134.038268343236268 ], [ 61470.911807873562793, 22134.047139673682977 ], [ 61470.91685303876875, 22134.055557023300935 ], [ 61470.922698954665975, 22134.06343932841628 ], [ 61470.929289321880788, 22134.070710678119212 ], [ 61542.928279375380953, 22206.069700731619378 ], [ 61559.927298684742709, 22224.068662353296531 ], [ 61559.929289321880788, 22224.070710678119212 ], [ 61577.900000000001455, 22242.04142135623988 ], [ 61577.900000000001455, 22260.0 ], [ 61577.900481527329248, 22260.009801714033529 ], [ 61577.901921471959213, 22260.019509032201313 ], [ 61577.904305966425454, 22260.029028467724856 ], [ 61577.907612046750728, 22260.038268343236268 ], [ 61577.911807873562793, 22260.047139673682977 ], [ 61577.91685303876875, 22260.055557023300935 ], [ 61577.922698954665975, 22260.06343932841628 ], [ 61577.929289321880788, 22260.070710678119212 ], [ 61613.900000000001455, 22296.04142135623988 ], [ 61613.900000000001455, 22314.0 ], [ 61613.900517158195726, 22314.010156977252336 ], [ 61613.902063283734606, 22314.02020889922278 ], [ 61613.904622384790855, 22314.030051797235501 ], [ 61613.908167992158269, 22314.0395838645818 ], [ 61613.912663433031412, 22314.0487065095258 ], [ 61613.918062210337666, 22314.057325375059008 ], [ 61613.924308483641653, 22314.065351314839063 ], [ 61613.931337646703469, 22314.072701315253653 ], [ 61631.930299268315139, 22331.071720624553564 ], [ 61685.900000000001455, 22385.04142135623988 ], [ 61685.900000000001455, 22403.0 ], [ 61685.900481527329248, 22403.009801714033529 ], [ 61685.901921471959213, 22403.019509032201313 ], [ 61685.904305966425454, 22403.029028467724856 ], [ 61685.907612046750728, 22403.038268343236268 ], [ 61685.911807873562793, 22403.047139673682977 ], [ 61685.91685303876875, 22403.055557023300935 ], [ 61685.922698954665975, 22403.06343932841628 ], [ 61685.929289321880788, 22403.070710678119212 ], [ 61757.900000000001455, 22475.04142135623988 ], [ 61757.900000000001455, 22493.0 ], [ 61757.900481527329248, 22493.009801714033529 ], [ 61757.901921471959213, 22493.019509032201313 ], [ 61757.904305966425454, 22493.029028467724856 ], [ 61757.907612046750728, 22493.038268343236268 ], [ 61757.911807873562793, 22493.047139673682977 ], [ 61757.91685303876875, 22493.055557023300935 ], [ 61757.922698954665975, 22493.06343932841628 ], [ 61757.929289321880788, 22493.070710678119212 ], [ 61811.900000000001455, 22547.04142135623988 ], [ 61811.900000000001455, 22565.0 ], [ 61811.900481527329248, 22565.009801714033529 ], [ 61811.901921471959213, 22565.019509032201313 ], [ 61811.904305966425454, 22565.029028467724856 ], [ 61811.907612046750728, 22565.038268343236268 ], [ 61811.911807873562793, 22565.047139673682977 ], [ 61811.91685303876875, 22565.055557023300935 ], [ 61811.922698954665975, 22565.06343932841628 ], [ 61811.929289321880788, 22565.070710678119212 ], [ 61829.928279375380953, 22583.069700731619378 ], [ 61846.927298684742709, 22601.068662353296531 ], [ 61846.931337646703469, 22601.072701315253653 ], [ 61864.900000000001455, 22618.043104648924782 ], [ 61864.900000000001455, 22636.0 ], [ 61864.900481527329248, 22636.009801714033529 ], [ 61864.901921471959213, 22636.019509032201313 ], [ 61864.904305966425454, 22636.029028467724856 ], [ 61864.907612046750728, 22636.038268343236268 ], [ 61864.911807873562793, 22636.047139673682977 ], [ 61864.91685303876875, 22636.055557023300935 ], [ 61864.922698954665975, 22636.06343932841628 ], [ 61864.929289321880788, 22636.070710678119212 ], [ 61918.900000000001455, 22690.04142135623988 ], [ 61918.900000000001455, 22708.0 ], [ 61918.900481527329248, 22708.009801714033529 ], [ 61918.901921471959213, 22708.019509032201313 ], [ 61918.904305966425454, 22708.029028467724856 ], [ 61918.907612046750728, 22708.038268343236268 ], [ 61918.911807873562793, 22708.047139673682977 ], [ 61918.91685303876875, 22708.055557023300935 ], [ 61918.922698954665975, 22708.06343932841628 ], [ 61918.929289321880788, 22708.070710678119212 ], [ 61972.900000000001455, 22762.04142135623988 ], [ 61972.900000000001455, 22780.0 ], [ 61972.900481527329248, 22780.009801714033529 ], [ 61972.901921471959213, 22780.019509032201313 ], [ 61972.904305966425454, 22780.029028467724856 ], [ 61972.907612046750728, 22780.038268343236268 ], [ 61972.911807873562793, 22780.047139673682977 ], [ 61972.91685303876875, 22780.055557023300935 ], [ 61972.922698954665975, 22780.06343932841628 ], [ 61972.929289321880788, 22780.070710678119212 ], [ 62026.900000000001455, 22834.04142135623988 ], [ 62026.900000000001455, 22852.0 ], [ 62026.900481527329248, 22852.009801714033529 ], [ 62026.901921471959213, 22852.019509032201313 ], [ 62026.904305966425454, 22852.029028467724856 ], [ 62026.907612046750728, 22852.038268343236268 ], [ 62026.911807873562793, 22852.047139673682977 ], [ 62026.91685303876875, 22852.055557023300935 ], [ 62026.922698954665975, 22852.06343932841628 ], [ 62026.929289321880788, 22852.070710678119212 ], [ 62062.929289321880788, 22888.070710678119212 ], [ 62062.931337646703469, 22888.072701315253653 ], [ 62080.930299268315139, 22905.071720624553564 ], [ 62098.900000000001455, 22923.04142135623988 ], [ 62098.900000000001455, 22941.0 ], [ 62098.900481527329248, 22941.009801714033529 ], [ 62098.901921471959213, 22941.019509032201313 ], [ 62098.904305966425454, 22941.029028467724856 ], [ 62098.907612046750728, 22941.038268343236268 ], [ 62098.911807873562793, 22941.047139673682977 ], [ 62098.91685303876875, 22941.055557023300935 ], [ 62098.922698954665975, 22941.06343932841628 ], [ 62098.929289321880788, 22941.070710678119212 ], [ 62116.900000000001455, 22959.04142135623988 ], [ 62116.900000000001455, 22977.0 ], [ 62116.900447165142396, 22977.009446325861063 ], [ 62116.901784661444253, 22977.018808170367265 ], [ 62116.904000527269091, 22977.028001807710098 ], [ 62116.907074945454951, 22977.036945016407117 ], [ 62116.910980420543638, 22977.04555781462841 ], [ 62116.9156820247008, 22977.053763175514177 ], [ 62116.921137710050971, 22977.061487716040574 ], [ 62116.927298684742709, 22977.068662353296531 ], [ 62133.927298684742709, 22995.068662353296531 ], [ 62133.929289321880788, 22995.070710678119212 ], [ 62241.900000000001455, 23103.04142135623988 ], [ 62241.900000000001455, 23121.0 ], [ 62241.900481527329248, 23121.009801714033529 ], [ 62241.901921471959213, 23121.019509032201313 ], [ 62241.904305966425454, 23121.029028467724856 ], [ 62241.907612046750728, 23121.038268343236268 ], [ 62241.911807873562793, 23121.047139673682977 ], [ 62241.91685303876875, 23121.055557023300935 ], [ 62241.922698954665975, 23121.06343932841628 ], [ 62241.929289321880788, 23121.070710678119212 ], [ 62295.929289321880788, 23175.070710678119212 ], [ 62295.931337646703469, 23175.072701315253653 ], [ 62313.930299268315139, 23192.071720624553564 ], [ 62349.900000000001455, 23228.04142135623988 ], [ 62349.900000000001455, 23246.0 ], [ 62349.900481527329248, 23246.009801714033529 ], [ 62349.901921471959213, 23246.019509032201313 ], [ 62349.904305966425454, 23246.029028467724856 ], [ 62349.907612046750728, 23246.038268343236268 ], [ 62349.911807873562793, 23246.047139673682977 ], [ 62349.91685303876875, 23246.055557023300935 ], [ 62349.922698954665975, 23246.06343932841628 ], [ 62349.929289321880788, 23246.070710678119212 ], [ 62403.928279375380953, 23300.069700731619378 ], [ 62420.927298684742709, 23318.068662353296531 ], [ 62420.929289321880788, 23318.070710678119212 ], [ 62456.900000000001455, 23354.04142135623988 ], [ 62456.900000000001455, 23372.0 ], [ 62456.900481527329248, 23372.009801714033529 ], [ 62456.901921471959213, 23372.019509032201313 ], [ 62456.904305966425454, 23372.029028467724856 ], [ 62456.907612046750728, 23372.038268343236268 ], [ 62456.911807873562793, 23372.047139673682977 ], [ 62456.91685303876875, 23372.055557023300935 ], [ 62456.922698954665975, 23372.06343932841628 ], [ 62456.929289321880788, 23372.070710678119212 ], [ 62492.900000000001455, 23408.04142135623988 ], [ 62492.900000000001455, 23426.0 ], [ 62492.900481527329248, 23426.009801714033529 ], [ 62492.901921471959213, 23426.019509032201313 ], [ 62492.904305966425454, 23426.029028467724856 ], [ 62492.907612046750728, 23426.038268343236268 ], [ 62492.911807873562793, 23426.047139673682977 ], [ 62492.91685303876875, 23426.055557023300935 ], [ 62492.922698954665975, 23426.06343932841628 ], [ 62492.929289321880788, 23426.070710678119212 ], [ 62528.929289321880788, 23462.070710678119212 ], [ 62528.931337646703469, 23462.072701315253653 ], [ 62546.930299268315139, 23479.071720624553564 ], [ 62564.900000000001455, 23497.04142135623988 ], [ 62564.900000000001455, 23515.0 ], [ 62564.900481527329248, 23515.009801714033529 ], [ 62564.901921471959213, 23515.019509032201313 ], [ 62564.904305966425454, 23515.029028467724856 ], [ 62564.907612046750728, 23515.038268343236268 ], [ 62564.911807873562793, 23515.047139673682977 ], [ 62564.91685303876875, 23515.055557023300935 ], [ 62564.922698954665975, 23515.06343932841628 ], [ 62564.929289321880788, 23515.070710678119212 ], [ 62654.900000000001455, 23605.04142135623988 ], [ 62654.900000000001455, 23623.0 ], [ 62654.900481527329248, 23623.009801714033529 ], [ 62654.901921471959213, 23623.019509032201313 ], [ 62654.904305966425454, 23623.029028467724856 ], [ 62654.907612046750728, 23623.038268343236268 ], [ 62654.911807873562793, 23623.047139673682977 ], [ 62654.91685303876875, 23623.055557023300935 ], [ 62654.922698954665975, 23623.06343932841628 ], [ 62654.929289321880788, 23623.070710678119212 ], [ 62690.928279375380953, 23659.069700731619378 ], [ 62707.927298684742709, 23677.068662353296531 ], [ 62707.929289321880788, 23677.070710678119212 ], [ 62779.900000000001455, 23749.04142135623988 ], [ 62779.900000000001455, 23766.0 ], [ 62779.900481527329248, 23766.009801714033529 ], [ 62779.901921471959213, 23766.019509032201313 ], [ 62779.904305966425454, 23766.029028467724856 ], [ 62779.907612046750728, 23766.038268343236268 ], [ 62779.911807873562793, 23766.047139673682977 ], [ 62779.91685303876875, 23766.055557023300935 ], [ 62779.922698954665975, 23766.06343932841628 ], [ 62779.929289321880788, 23766.070710678119212 ], [ 62869.900000000001455, 23856.04142135623988 ], [ 62869.900000000001455, 23874.0 ], [ 62869.900481527329248, 23874.009801714033529 ], [ 62869.901921471959213, 23874.019509032201313 ], [ 62869.904305966425454, 23874.029028467724856 ], [ 62869.907612046750728, 23874.038268343236268 ], [ 62869.911807873562793, 23874.047139673682977 ], [ 62869.91685303876875, 23874.055557023300935 ], [ 62869.922698954665975, 23874.06343932841628 ], [ 62869.929289321880788, 23874.070710678119212 ], [ 62977.900000000001455, 23982.04142135623988 ], [ 62977.900000000001455, 24000.0 ], [ 62977.900447165142396, 24000.009446325861063 ], [ 62977.901784661444253, 24000.018808170367265 ], [ 62977.904000527269091, 24000.028001807710098 ], [ 62977.907074945454951, 24000.036945016407117 ], [ 62977.910980420543638, 24000.04555781462841 ], [ 62977.9156820247008, 24000.053763175514177 ], [ 62977.921137710050971, 24000.061487716040574 ], [ 62977.927298684742709, 24000.068662353296531 ], [ 62994.927298684742709, 24018.068662353296531 ], [ 62994.929289321880788, 24018.070710678119212 ], [ 63012.929289321880788, 24036.070710678119212 ], [ 63012.931337646703469, 24036.072701315253653 ], [ 63030.930299268315139, 24053.071720624553564 ], [ 63066.900000000001455, 24089.04142135623988 ], [ 63066.900000000001455, 24107.0 ], [ 63066.900481527329248, 24107.009801714033529 ], [ 63066.901921471959213, 24107.019509032201313 ], [ 63066.904305966425454, 24107.029028467724856 ], [ 63066.907612046750728, 24107.038268343236268 ], [ 63066.911807873562793, 24107.047139673682977 ], [ 63066.91685303876875, 24107.055557023300935 ], [ 63066.922698954665975, 24107.06343932841628 ], [ 63066.929289321880788, 24107.070710678119212 ], [ 63156.900000000001455, 24197.04142135623988 ], [ 63156.900000000001455, 24215.0 ], [ 63156.900481527329248, 24215.009801714033529 ], [ 63156.901921471959213, 24215.019509032201313 ], [ 63156.904305966425454, 24215.029028467724856 ], [ 63156.907612046750728, 24215.038268343236268 ], [ 63156.911807873562793, 24215.047139673682977 ], [ 63156.91685303876875, 24215.055557023300935 ], [ 63156.922698954665975, 24215.06343932841628 ], [ 63156.929289321880788, 24215.070710678119212 ], [ 63246.900000000001455, 24305.04142135623988 ], [ 63246.900000000001455, 24323.0 ], [ 63246.900517158195726, 24323.010156977252336 ], [ 63246.902063283734606, 24323.02020889922278 ], [ 63246.904622384790855, 24323.030051797235501 ], [ 63246.908167992158269, 24323.0395838645818 ], [ 63246.912663433031412, 24323.0487065095258 ], [ 63246.918062210337666, 24323.057325375059008 ], [ 63246.924308483641653, 24323.065351314839063 ], [ 63246.931337646703469, 24323.072701315253653 ], [ 63264.929260466233245, 24340.070739533701271 ], [ 63281.927298684742709, 24358.068662353296531 ], [ 63281.929289321880788, 24358.070710678119212 ], [ 63353.900000000001455, 24430.04142135623988 ], [ 63353.900000000001455, 24448.0 ], [ 63353.900481527329248, 24448.009801714033529 ], [ 63353.901921471959213, 24448.019509032201313 ], [ 63353.904305966425454, 24448.029028467724856 ], [ 63353.907612046750728, 24448.038268343236268 ], [ 63353.911807873562793, 24448.047139673682977 ], [ 63353.91685303876875, 24448.055557023300935 ], [ 63353.922698954665975, 24448.06343932841628 ], [ 63353.929289321880788, 24448.070710678119212 ], [ 63515.929289321880788, 24610.070710678119212 ], [ 63515.931337646703469, 24610.072701315253653 ], [ 63533.930299268315139, 24627.071720624553564 ], [ 63551.928279375380953, 24645.069700731619378 ], [ 63568.900000000001455, 24663.03975786357114 ], [ 63568.900000000001455, 24681.0 ], [ 63568.900481527329248, 24681.009801714033529 ], [ 63568.901921471959213, 24681.019509032201313 ], [ 63568.904305966425454, 24681.029028467724856 ], [ 63568.907612046750728, 24681.038268343236268 ], [ 63568.911807873562793, 24681.047139673682977 ], [ 63568.91685303876875, 24681.055557023300935 ], [ 63568.922698954665975, 24681.06343932841628 ], [ 63568.929289321880788, 24681.070710678119212 ], [ 63784.929289321880788, 24897.070710678119212 ], [ 63784.931337646703469, 24897.072701315253653 ], [ 63802.930299268315139, 24914.071720624553564 ], [ 63838.928279375380953, 24950.069700731619378 ], [ 63855.927298684742709, 24968.068662353296531 ], [ 63855.934648685157299, 24968.075691516358347 ], [ 63855.942674624937354, 24968.081937789658696 ], [ 63855.951293490470562, 24968.087336566968588 ], [ 63855.960416135414562, 24968.091832007845369 ], [ 63855.969948202764499, 24968.095377615209145 ], [ 63855.97979110077722, 24968.097936716261756 ], [ 63855.989843022747664, 24968.099482841804274 ], [ 63856.0, 24968.099999999998545 ], [ 63873.95857864376012, 24968.099999999998545 ], [ 63891.900000000001455, 24986.04142135623988 ], [ 63891.900000000001455, 25004.0 ], [ 63891.900481527329248, 25004.009801714033529 ], [ 63891.901921471959213, 25004.019509032201313 ], [ 63891.904305966425454, 25004.029028467724856 ], [ 63891.907612046750728, 25004.038268343236268 ], [ 63891.911807873562793, 25004.047139673682977 ], [ 63891.91685303876875, 25004.055557023300935 ], [ 63891.922698954665975, 25004.06343932841628 ], [ 63891.929289321880788, 25004.070710678119212 ], [ 63999.900000000001455, 25112.04142135623988 ], [ 63999.900000000001455, 25130.0 ], [ 63999.900481527329248, 25130.009801714033529 ], [ 63999.901921471959213, 25130.019509032201313 ], [ 63999.904305966425454, 25130.029028467724856 ], [ 63999.907612046750728, 25130.038268343236268 ], [ 63999.911807873562793, 25130.047139673682977 ], [ 63999.91685303876875, 25130.055557023300935 ], [ 63999.922698954665975, 25130.06343932841628 ], [ 63999.929289321880788, 25130.070710678119212 ], [ 63999.936560671580082, 25130.077301045337663 ], [ 63999.944442976695427, 25130.08314696123125 ], [ 63999.952860326317023, 25130.088192126433569 ], [ 63999.961731656760094, 25130.09238795325291 ], [ 63999.970971532275144, 25130.095694033574546 ], [ 63999.980490967798687, 25130.098078528040787 ], [ 63999.990198285966471, 25130.099518472667114 ], [ 64000.0, 25130.099999999998545 ], [ 64017.95857864376012, 25130.099999999998545 ], [ 64071.929289321880788, 25184.070710678119212 ], [ 64071.931337646703469, 25184.072701315253653 ], [ 64089.930299268315139, 25201.071720624553564 ], [ 64107.900000000001455, 25219.04142135623988 ], [ 64107.900000000001455, 25237.0 ], [ 64107.900481527329248, 25237.009801714033529 ], [ 64107.901921471959213, 25237.019509032201313 ], [ 64107.904305966425454, 25237.029028467724856 ], [ 64107.907612046750728, 25237.038268343236268 ], [ 64107.911807873562793, 25237.047139673682977 ], [ 64107.91685303876875, 25237.055557023300935 ], [ 64107.922698954665975, 25237.06343932841628 ], [ 64107.929289321880788, 25237.070710678119212 ], [ 64107.936560671580082, 25237.077301045337663 ], [ 64107.944442976695427, 25237.08314696123125 ], [ 64107.952860326317023, 25237.088192126433569 ], [ 64107.961731656760094, 25237.09238795325291 ], [ 64107.970971532275144, 25237.095694033574546 ], [ 64107.980490967798687, 25237.098078528040787 ], [ 64107.990198285966471, 25237.099518472667114 ], [ 64108.0, 25237.099999999998545 ], [ 64125.956895351075218, 25237.099999999998545 ], [ 64142.900000000001455, 25255.03975786357114 ], [ 64142.900000000001455, 25273.0 ], [ 64142.900481527329248, 25273.009801714033529 ], [ 64142.901921471959213, 25273.019509032201313 ], [ 64142.904305966425454, 25273.029028467724856 ], [ 64142.907612046750728, 25273.038268343236268 ], [ 64142.911807873562793, 25273.047139673682977 ], [ 64142.91685303876875, 25273.055557023300935 ], [ 64142.922698954665975, 25273.06343932841628 ], [ 64142.929289321880788, 25273.070710678119212 ], [ 64160.929289321880788, 25291.070710678119212 ], [ 64160.936560671580082, 25291.077301045337663 ], [ 64160.944442976695427, 25291.08314696123125 ], [ 64160.952860326317023, 25291.088192126433569 ], [ 64160.961731656760094, 25291.09238795325291 ], [ 64160.970971532275144, 25291.095694033574546 ], [ 64160.980490967798687, 25291.098078528040787 ], [ 64160.990198285966471, 25291.099518472667114 ], [ 64161.0, 25291.099999999998545 ], [ 64178.95857864376012, 25291.099999999998545 ], [ 64196.900000000001455, 25309.04142135623988 ], [ 64196.900000000001455, 25327.0 ], [ 64196.900481527329248, 25327.009801714033529 ], [ 64196.901921471959213, 25327.019509032201313 ], [ 64196.904305966425454, 25327.029028467724856 ], [ 64196.907612046750728, 25327.038268343236268 ], [ 64196.911807873562793, 25327.047139673682977 ], [ 64196.91685303876875, 25327.055557023300935 ], [ 64196.922698954665975, 25327.06343932841628 ], [ 64196.929289321880788, 25327.070710678119212 ], [ 64286.900000000001455, 25417.04142135623988 ], [ 64286.900000000001455, 25435.0 ], [ 64286.900481527329248, 25435.009801714033529 ], [ 64286.901921471959213, 25435.019509032201313 ], [ 64286.904305966425454, 25435.029028467724856 ], [ 64286.907612046750728, 25435.038268343236268 ], [ 64286.911807873562793, 25435.047139673682977 ], [ 64286.91685303876875, 25435.055557023300935 ], [ 64286.922698954665975, 25435.06343932841628 ], [ 64286.929289321880788, 25435.070710678119212 ], [ 64286.936560671580082, 25435.077301045337663 ], [ 64286.944442976695427, 25435.08314696123125 ], [ 64286.952860326317023, 25435.088192126433569 ], [ 64286.961731656760094, 25435.09238795325291 ], [ 64286.970971532275144, 25435.095694033574546 ], [ 64286.980490967798687, 25435.098078528040787 ], [ 64286.990198285966471, 25435.099518472667114 ], [ 64287.0, 25435.099999999998545 ], [ 64304.95857864376012, 25435.099999999998545 ], [ 64340.900000000001455, 25471.04142135623988 ], [ 64340.900000000001455, 25488.0 ], [ 64340.900481527329248, 25488.009801714033529 ], [ 64340.901921471959213, 25488.019509032201313 ], [ 64340.904305966425454, 25488.029028467724856 ], [ 64340.907612046750728, 25488.038268343236268 ], [ 64340.911807873562793, 25488.047139673682977 ], [ 64340.91685303876875, 25488.055557023300935 ], [ 64340.922698954665975, 25488.06343932841628 ], [ 64340.929289321880788, 25488.070710678119212 ], [ 64412.928279375380953, 25560.069700731619378 ], [ 64429.900000000001455, 25578.03975786357114 ], [ 64429.900000000001455, 25596.0 ], [ 64429.900481527329248, 25596.009801714033529 ], [ 64429.901921471959213, 25596.019509032201313 ], [ 64429.904305966425454, 25596.029028467724856 ], [ 64429.907612046750728, 25596.038268343236268 ], [ 64429.911807873562793, 25596.047139673682977 ], [ 64429.91685303876875, 25596.055557023300935 ], [ 64429.922698954665975, 25596.06343932841628 ], [ 64429.929289321880788, 25596.070710678119212 ], [ 64537.900000000001455, 25704.04142135623988 ], [ 64537.900000000001455, 25722.0 ], [ 64537.900481527329248, 25722.009801714033529 ], [ 64537.901921471959213, 25722.019509032201313 ], [ 64537.904305966425454, 25722.029028467724856 ], [ 64537.907612046750728, 25722.038268343236268 ], [ 64537.911807873562793, 25722.047139673682977 ], [ 64537.91685303876875, 25722.055557023300935 ], [ 64537.922698954665975, 25722.06343932841628 ], [ 64537.929289321880788, 25722.070710678119212 ], [ 64573.929289321880788, 25758.070710678119212 ], [ 64573.931337646703469, 25758.072701315253653 ], [ 64591.930299268315139, 25775.071720624553564 ], [ 64699.928279375380953, 25883.069700731619378 ], [ 64716.927298684742709, 25901.068662353296531 ], [ 64716.929289321880788, 25901.070710678119212 ], [ 64770.900000000001455, 25955.04142135623988 ], [ 64770.900000000001455, 25973.0 ], [ 64770.900481527329248, 25973.009801714033529 ], [ 64770.901921471959213, 25973.019509032201313 ], [ 64770.904305966425454, 25973.029028467724856 ], [ 64770.907612046750728, 25973.038268343236268 ], [ 64770.911807873562793, 25973.047139673682977 ], [ 64770.91685303876875, 25973.055557023300935 ], [ 64770.922698954665975, 25973.06343932841628 ], [ 64770.929289321880788, 25973.070710678119212 ], [ 64770.936560671580082, 25973.077301045337663 ], [ 64770.944442976695427, 25973.08314696123125 ], [ 64770.952860326317023, 25973.088192126433569 ], [ 64770.961731656760094, 25973.09238795325291 ], [ 64770.970971532275144, 25973.095694033574546 ], [ 64770.980490967798687, 25973.098078528040787 ], [ 64770.990198285966471, 25973.099518472667114 ], [ 64771.0, 25973.099999999998545 ], [ 64788.95857864376012, 25973.099999999998545 ], [ 64806.900000000001455, 25991.04142135623988 ], [ 64806.900000000001455, 26009.0 ], [ 64806.900481527329248, 26009.009801714033529 ], [ 64806.901921471959213, 26009.019509032201313 ], [ 64806.904305966425454, 26009.029028467724856 ], [ 64806.907612046750728, 26009.038268343236268 ], [ 64806.911807873562793, 26009.047139673682977 ], [ 64806.91685303876875, 26009.055557023300935 ], [ 64806.922698954665975, 26009.06343932841628 ], [ 64806.929289321880788, 26009.070710678119212 ], [ 64842.929289321880788, 26045.070710678119212 ], [ 64842.931337646703469, 26045.072701315253653 ], [ 64860.930299268315139, 26062.071720624553564 ], [ 64968.900000000001455, 26170.04142135623988 ], [ 64968.900000000001455, 26188.0 ], [ 64968.900481527329248, 26188.009801714033529 ], [ 64968.901921471959213, 26188.019509032201313 ], [ 64968.904305966425454, 26188.029028467724856 ], [ 64968.907612046750728, 26188.038268343236268 ], [ 64968.911807873562793, 26188.047139673682977 ], [ 64968.91685303876875, 26188.055557023300935 ], [ 64968.922698954665975, 26188.06343932841628 ], [ 64968.929289321880788, 26188.070710678119212 ], [ 64986.928279375380953, 26206.069700731619378 ], [ 65003.927298684742709, 26224.068662353296531 ], [ 65003.929289321880788, 26224.070710678119212 ], [ 65075.900000000001455, 26296.04142135623988 ], [ 65075.900000000001455, 26314.0 ], [ 65075.900481527329248, 26314.009801714033529 ], [ 65075.901921471959213, 26314.019509032201313 ], [ 65075.904305966425454, 26314.029028467724856 ], [ 65075.907612046750728, 26314.038268343236268 ], [ 65075.911807873562793, 26314.047139673682977 ], [ 65075.91685303876875, 26314.055557023300935 ], [ 65075.922698954665975, 26314.06343932841628 ], [ 65075.929289321880788, 26314.070710678119212 ], [ 65075.936560671580082, 26314.077301045337663 ], [ 65075.944442976695427, 26314.08314696123125 ], [ 65075.952860326317023, 26314.088192126433569 ], [ 65075.961731656760094, 26314.09238795325291 ], [ 65075.970971532275144, 26314.095694033574546 ], [ 65075.980490967798687, 26314.098078528040787 ], [ 65075.990198285966471, 26314.099518472667114 ], [ 65076.0, 26314.099999999998545 ], [ 65093.95857864376012, 26314.099999999998545 ], [ 65111.929289321880788, 26332.070710678119212 ], [ 65111.931337646703469, 26332.072701315253653 ], [ 65129.930299268315139, 26349.071720624553564 ], [ 65147.900000000001455, 26367.04142135623988 ], [ 65147.900000000001455, 26385.0 ], [ 65147.900481527329248, 26385.009801714033529 ], [ 65147.901921471959213, 26385.019509032201313 ], [ 65147.904305966425454, 26385.029028467724856 ], [ 65147.907612046750728, 26385.038268343236268 ], [ 65147.911807873562793, 26385.047139673682977 ], [ 65147.91685303876875, 26385.055557023300935 ], [ 65147.922698954665975, 26385.06343932841628 ], [ 65147.929289321880788, 26385.070710678119212 ], [ 65273.928279375380953, 26511.069700731619378 ], [ 65290.900000000001455, 26529.03975786357114 ], [ 65290.900000000001455, 26547.0 ], [ 65290.900481527329248, 26547.009801714033529 ], [ 65290.901921471959213, 26547.019509032201313 ], [ 65290.904305966425454, 26547.029028467724856 ], [ 65290.907612046750728, 26547.038268343236268 ], [ 65290.911807873562793, 26547.047139673682977 ], [ 65290.91685303876875, 26547.055557023300935 ], [ 65290.922698954665975, 26547.06343932841628 ], [ 65290.929289321880788, 26547.070710678119212 ], [ 65362.856529483062332, 26618.997950839297118 ], [ 65344.931337646703469, 26635.927298684746347 ], [ 65344.924425271230575, 26635.934513662712561 ], [ 65344.918267409979308, 26635.942382435587206 ], [ 65344.912925541102595, 26635.950826444026461 ], [ 65344.908452996111009, 26635.959761385718593 ], [ 65344.90489442749822, 26635.969098057026713 ], [ 65344.902285362884868, 26635.978743243576901 ], [ 65344.90065185034473, 26635.988600650867738 ], [ 65344.900010198361997, 26635.998571865660779 ], [ 65344.90036681296624, 26636.008557338493119 ], [ 65344.901718133849499, 26636.018457377562299 ], [ 65344.904050669843855, 26636.028173144004541 ], [ 65344.907341133650334, 26636.037607638674672 ], [ 65344.911556674313033, 26636.046666670557897 ], [ 65344.916655205197458, 26636.055259797140025 ], [ 65344.922585824198904, 26636.06330122736108 ], [ 65344.929289321880788, 26636.070710678119212 ], [ 65362.929289321880788, 26654.070710678119212 ], [ 65362.936560671580082, 26654.077301045337663 ], [ 65362.944442976695427, 26654.08314696123125 ], [ 65362.952860326317023, 26654.088192126433569 ], [ 65362.961731656760094, 26654.09238795325291 ], [ 65362.970971532275144, 26654.095694033574546 ], [ 65362.980490967798687, 26654.098078528040787 ], [ 65362.990198285966471, 26654.099518472667114 ], [ 65363.0, 26654.099999999998545 ], [ 65380.95857864376012, 26654.099999999998545 ], [ 65560.92827937551192, 26834.069700731750345 ], [ 65577.927298684749985, 26852.068662353296531 ], [ 65577.929289321880788, 26852.070710678119212 ], [ 65631.929289321880788, 26906.070710678119212 ], [ 65631.931337646703469, 26906.072701315253653 ], [ 65649.930299268307863, 26923.071720624553564 ], [ 65847.92827937551192, 27121.069700731750345 ], [ 65864.927298684749985, 27139.068662353296531 ], [ 65864.929289321880788, 27139.070710678119212 ], [ 65900.929289321880788, 27175.070710678119212 ], [ 65900.936560671587358, 27175.077301045337663 ], [ 65900.944442976702703, 27175.08314696123125 ], [ 65900.952860326317023, 27175.088192126433569 ], [ 65900.961731656760094, 27175.09238795325291 ], [ 65900.970971532267868, 27175.095694033574546 ], [ 65900.980490967791411, 27175.098078528040787 ], [ 65900.990198285973747, 27175.099518472667114 ], [ 65901.0, 27175.099999999998545 ], [ 65918.958578643767396, 27175.099999999998545 ], [ 65936.899999999994179, 27193.041421356232604 ], [ 65936.899999999994179, 27210.0 ], [ 65936.900481527336524, 27210.009801714033529 ], [ 65936.901921471959213, 27210.019509032201313 ], [ 65936.904305966425454, 27210.029028467724856 ], [ 65936.907612046750728, 27210.038268343236268 ], [ 65936.911807873562793, 27210.047139673682977 ], [ 65936.91685303876875, 27210.055557023300935 ], [ 65936.922698954658699, 27210.06343932841628 ], [ 65936.929289321880788, 27210.070710678119212 ], [ 65990.929289321880788, 27264.070710678119212 ], [ 65990.936560671587358, 27264.077301045337663 ], [ 65990.944442976702703, 27264.08314696123125 ], [ 65990.952860326317023, 27264.088192126433569 ], [ 65990.961731656760094, 27264.09238795325291 ], [ 65990.970971532267868, 27264.095694033574546 ], [ 65990.980490967791411, 27264.098078528040787 ], [ 65990.990198285973747, 27264.099518472667114 ], [ 65991.0, 27264.099999999998545 ], [ 66008.958578643767396, 27264.099999999998545 ], [ 66134.92827937551192, 27390.069700731750345 ], [ 66151.927298684749985, 27408.068662353296531 ], [ 66151.929289321880788, 27408.070710678119212 ], [ 66223.929289321880788, 27480.070710678119212 ], [ 66223.931337646703469, 27480.072701315253653 ], [ 66241.930299268307863, 27497.071720624553564 ], [ 66259.899999999994179, 27515.041421356232604 ], [ 66259.899999999994179, 27533.0 ], [ 66259.900481527336524, 27533.009801714033529 ], [ 66259.901921471959213, 27533.019509032201313 ], [ 66259.904305966425454, 27533.029028467724856 ], [ 66259.907612046750728, 27533.038268343236268 ], [ 66259.911807873562793, 27533.047139673682977 ], [ 66259.91685303876875, 27533.055557023300935 ], [ 66259.922698954658699, 27533.06343932841628 ], [ 66259.929289321880788, 27533.070710678119212 ], [ 66331.858578643761575, 27605.0 ], [ 66313.958578643767396, 27622.900000000001455 ], [ 66296.041421356232604, 27622.900000000001455 ], [ 66260.070710678119212, 27586.929289321880788 ], [ 66260.063439328412642, 27586.922698954662337 ], [ 66260.055557023297297, 27586.91685303876875 ], [ 66260.047139673682977, 27586.911807873566431 ], [ 66260.038268343239906, 27586.90761204674709 ], [ 66260.029028467732132, 27586.904305966425454 ], [ 66260.019509032208589, 27586.901921471959213 ], [ 66260.009801714026253, 27586.900481527332886 ], [ 66260.0, 27586.900000000001455 ], [ 66242.0, 27586.900000000001455 ], [ 66241.990198285973747, 27586.900481527332886 ], [ 66241.980490967791411, 27586.901921471959213 ], [ 66241.970971532267868, 27586.904305966425454 ], [ 66241.961731656760094, 27586.90761204674709 ], [ 66241.952860326317023, 27586.911807873566431 ], [ 66241.944442976702703, 27586.91685303876875 ], [ 66241.936560671587358, 27586.922698954662337 ], [ 66241.929289321880788, 27586.929289321880788 ], [ 66241.922698954658699, 27586.93656067158372 ], [ 66241.91685303876875, 27586.944442976699065 ], [ 66241.911807873562793, 27586.952860326317023 ], [ 66241.907612046750728, 27586.961731656763732 ], [ 66241.904305966425454, 27586.970971532275144 ], [ 66241.901921471959213, 27586.980490967798687 ], [ 66241.900481527336524, 27586.990198285966471 ], [ 66241.899999999994179, 27587.0 ], [ 66241.900481527336524, 27587.009801714033529 ], [ 66241.901921471959213, 27587.019509032201313 ], [ 66241.904305966425454, 27587.029028467724856 ], [ 66241.907612046750728, 27587.038268343236268 ], [ 66241.911807873562793, 27587.047139673682977 ], [ 66241.91685303876875, 27587.055557023300935 ], [ 66241.922698954658699, 27587.06343932841628 ], [ 66241.929289321880788, 27587.070710678119212 ], [ 66241.936560671587358, 27587.077301045337663 ], [ 66241.944442976702703, 27587.08314696123125 ], [ 66241.952860326317023, 27587.088192126433569 ], [ 66241.961731656760094, 27587.09238795325291 ], [ 66241.970971532267868, 27587.095694033574546 ], [ 66241.980490967791411, 27587.098078528040787 ], [ 66241.990198285973747, 27587.099518472667114 ], [ 66242.0, 27587.099999999998545 ], [ 66259.958578643767396, 27587.099999999998545 ], [ 66277.899999999994179, 27605.041421356232604 ], [ 66277.899999999994179, 27623.0 ], [ 66277.900481527336524, 27623.009801714033529 ], [ 66277.901921471959213, 27623.019509032201313 ], [ 66277.904305966425454, 27623.029028467724856 ], [ 66277.907612046750728, 27623.038268343236268 ], [ 66277.911807873562793, 27623.047139673682977 ], [ 66277.91685303876875, 27623.055557023300935 ], [ 66277.922698954658699, 27623.06343932841628 ], [ 66277.929289321880788, 27623.070710678119212 ], [ 66277.936560671587358, 27623.077301045337663 ], [ 66277.944442976702703, 27623.08314696123125 ], [ 66277.952860326317023, 27623.088192126433569 ], [ 66277.961731656760094, 27623.09238795325291 ], [ 66277.970971532267868, 27623.095694033574546 ], [ 66277.980490967791411, 27623.098078528040787 ], [ 66277.990198285973747, 27623.099518472667114 ], [ 66278.0, 27623.099999999998545 ], [ 66349.958578643767396, 27623.099999999998545 ], [ 66403.92827937551192, 27677.069700731750345 ], [ 66420.899999999994179, 27695.039757863556588 ], [ 66420.899999999994179, 27713.0 ], [ 66420.900481527336524, 27713.009801714033529 ], [ 66420.901921471959213, 27713.019509032201313 ], [ 66420.904305966425454, 27713.029028467724856 ], [ 66420.907612046750728, 27713.038268343236268 ], [ 66420.911807873562793, 27713.047139673682977 ], [ 66420.91685303876875, 27713.055557023300935 ], [ 66420.922698954658699, 27713.06343932841628 ], [ 66420.929289321880788, 27713.070710678119212 ], [ 66474.929289321880788, 27767.070710678119212 ], [ 66474.931337646703469, 27767.072701315253653 ], [ 66492.930299268307863, 27784.071720624553564 ], [ 66690.92827937551192, 27982.069700731750345 ], [ 66707.927298684749985, 28000.068662353296531 ], [ 66707.929289321880788, 28000.070710678119212 ], [ 66761.929289321880788, 28054.070710678119212 ], [ 66761.931337646703469, 28054.072701315253653 ], [ 66779.930299268307863, 28071.071720624553564 ], [ 66887.899999999994179, 28179.041421356232604 ], [ 66887.899999999994179, 28197.0 ], [ 66887.900481527336524, 28197.009801714033529 ], [ 66887.901921471959213, 28197.019509032201313 ], [ 66887.904305966425454, 28197.029028467724856 ], [ 66887.907612046750728, 28197.038268343236268 ], [ 66887.911807873562793, 28197.047139673682977 ], [ 66887.91685303876875, 28197.055557023300935 ], [ 66887.922698954658699, 28197.06343932841628 ], [ 66887.929289321880788, 28197.070710678119212 ], [ 66941.929289321880788, 28251.070710678119212 ], [ 66941.936560671587358, 28251.077301045337663 ], [ 66941.944442976702703, 28251.08314696123125 ], [ 66941.952860326317023, 28251.088192126433569 ], [ 66941.961731656760094, 28251.09238795325291 ], [ 66941.970971532267868, 28251.095694033574546 ], [ 66941.980490967791411, 28251.098078528040787 ], [ 66941.990198285973747, 28251.099518472667114 ], [ 66942.0, 28251.099999999998545 ], [ 66959.958578643767396, 28251.099999999998545 ], [ 66977.899999999994179, 28269.041421356232604 ], [ 66977.899999999994179, 28287.0 ], [ 66977.900481527336524, 28287.009801714033529 ], [ 66977.901921471959213, 28287.019509032201313 ], [ 66977.904305966425454, 28287.029028467724856 ], [ 66977.907612046750728, 28287.038268343236268 ], [ 66977.911807873562793, 28287.047139673682977 ], [ 66977.91685303876875, 28287.055557023300935 ], [ 66977.922698954658699, 28287.06343932841628 ], [ 66977.929289321880788, 28287.070710678119212 ], [ 66977.936560671587358, 28287.077301045337663 ], [ 66977.944442976702703, 28287.08314696123125 ], [ 66977.952860326317023, 28287.088192126433569 ], [ 66977.961731656760094, 28287.09238795325291 ], [ 66977.970971532267868, 28287.095694033574546 ], [ 66977.980490967791411, 28287.098078528040787 ], [ 66977.990198285973747, 28287.099518472667114 ], [ 66978.0, 28287.099999999998545 ], [ 66994.958578643767396, 28287.099999999998545 ], [ 67012.899999999994179, 28305.041421356232604 ], [ 67012.899999999994179, 28323.0 ], [ 67012.900481527336524, 28323.009801714033529 ], [ 67012.901921471959213, 28323.019509032201313 ], [ 67012.904305966425454, 28323.029028467724856 ], [ 67012.907612046750728, 28323.038268343236268 ], [ 67012.911807873562793, 28323.047139673682977 ], [ 67012.91685303876875, 28323.055557023300935 ], [ 67012.922698954658699, 28323.06343932841628 ], [ 67012.929289321880788, 28323.070710678119212 ], [ 67030.929289321880788, 28341.070710678119212 ], [ 67030.931337646703469, 28341.072701315253653 ], [ 67048.930299268307863, 28358.071720624553564 ], [ 67102.929289321880788, 28412.070710678119212 ], [ 67102.936560671587358, 28412.077301045337663 ], [ 67102.944442976702703, 28412.08314696123125 ], [ 67102.952860326317023, 28412.088192126433569 ], [ 67102.961731656760094, 28412.09238795325291 ], [ 67102.970971532267868, 28412.095694033574546 ], [ 67102.980490967791411, 28412.098078528040787 ], [ 67102.990198285973747, 28412.099518472667114 ], [ 67103.0, 28412.099999999998545 ], [ 67120.958578643767396, 28412.099999999998545 ], [ 67264.92827937551192, 28556.069700731750345 ], [ 67281.927298684749985, 28574.068662353296531 ], [ 67281.929289321880788, 28574.070710678119212 ], [ 67335.929289321880788, 28628.070710678119212 ], [ 67335.931337646703469, 28628.072701315253653 ], [ 67353.930299268307863, 28645.071720624553564 ], [ 67425.899999999994179, 28717.041421356232604 ], [ 67425.899999999994179, 28735.0 ], [ 67425.900481527336524, 28735.009801714033529 ], [ 67425.901921471959213, 28735.019509032201313 ], [ 67425.904305966425454, 28735.029028467724856 ], [ 67425.907612046750728, 28735.038268343236268 ], [ 67425.911807873562793, 28735.047139673682977 ], [ 67425.91685303876875, 28735.055557023300935 ], [ 67425.922698954658699, 28735.06343932841628 ], [ 67425.929289321880788, 28735.070710678119212 ], [ 67551.92827937551192, 28861.069700731750345 ], [ 67568.927298684749985, 28879.068662353296531 ], [ 67568.929289321880788, 28879.070710678119212 ], [ 67586.929289321880788, 28897.070710678119212 ], [ 67586.936560671587358, 28897.077301045337663 ], [ 67586.944442976702703, 28897.08314696123125 ], [ 67586.952860326317023, 28897.088192126433569 ], [ 67586.961731656760094, 28897.09238795325291 ], [ 67586.970971532267868, 28897.095694033574546 ], [ 67586.980490967791411, 28897.098078528040787 ], [ 67586.990198285973747, 28897.099518472667114 ], [ 67587.0, 28897.099999999998545 ], [ 67604.958578643767396, 28897.099999999998545 ], [ 67622.929289321880788, 28915.070710678119212 ], [ 67622.931337646703469, 28915.072701315253653 ], [ 67640.930299268307863, 28932.071720624553564 ], [ 67658.899999999994179, 28950.041421356232604 ], [ 67658.899999999994179, 28968.0 ], [ 67658.900481527336524, 28968.009801714033529 ], [ 67658.901921471959213, 28968.019509032201313 ], [ 67658.904305966425454, 28968.029028467724856 ], [ 67658.907612046750728, 28968.038268343236268 ], [ 67658.911807873562793, 28968.047139673682977 ], [ 67658.91685303876875, 28968.055557023300935 ], [ 67658.922698954658699, 28968.06343932841628 ], [ 67658.929289321880788, 28968.070710678119212 ], [ 67676.929289321880788, 28986.070710678119212 ], [ 67676.936560671587358, 28986.077301045337663 ], [ 67676.944442976702703, 28986.08314696123125 ], [ 67676.952860326317023, 28986.088192126433569 ], [ 67676.961731656760094, 28986.09238795325291 ], [ 67676.970971532267868, 28986.095694033574546 ], [ 67676.980490967791411, 28986.098078528040787 ], [ 67676.990198285973747, 28986.099518472667114 ], [ 67677.0, 28986.099999999998545 ], [ 67694.958578643767396, 28986.099999999998545 ], [ 67838.929289321880788, 29130.070710678119212 ], [ 67838.936560671587358, 29130.077301045337663 ], [ 67838.944442976702703, 29130.08314696123125 ], [ 67838.952860326317023, 29130.088192126433569 ], [ 67838.961731656760094, 29130.09238795325291 ], [ 67838.970971532267868, 29130.095694033574546 ], [ 67838.980490967791411, 29130.098078528040787 ], [ 67838.990198285973747, 29130.099518472667114 ], [ 67839.0, 29130.099999999998545 ], [ 67855.958578643767396, 29130.099999999998545 ], [ 67927.929289321880788, 29202.070710678119212 ], [ 67927.931337646703469, 29202.072701315253653 ], [ 67945.930299268307863, 29219.071720624553564 ], [ 67999.929289321880788, 29273.070710678119212 ], [ 67999.936560671587358, 29273.077301045337663 ], [ 67999.944442976702703, 29273.08314696123125 ], [ 67999.952860326317023, 29273.088192126433569 ], [ 67999.961731656760094, 29273.09238795325291 ], [ 67999.970971532267868, 29273.095694033574546 ], [ 67999.980490967791411, 29273.098078528040787 ], [ 67999.990198285973747, 29273.099518472667114 ], [ 68000.0, 29273.099999999998545 ], [ 68017.958578643767396, 29273.099999999998545 ], [ 68125.929289321880788, 29381.070710678119212 ], [ 68125.936560671587358, 29381.077301045337663 ], [ 68125.944442976702703, 29381.08314696123125 ], [ 68125.952860326317023, 29381.088192126433569 ], [ 68125.961731656760094, 29381.09238795325291 ], [ 68125.970971532267868, 29381.095694033574546 ], [ 68125.980490967791411, 29381.098078528040787 ], [ 68125.990198285973747, 29381.099518472667114 ], [ 68126.0, 29381.099999999998545 ], [ 68142.958578643767396, 29381.099999999998545 ], [ 68178.929289321880788, 29417.070710678119212 ], [ 68178.936560671587358, 29417.077301045337663 ], [ 68178.944442976702703, 29417.08314696123125 ], [ 68178.952860326317023, 29417.088192126433569 ], [ 68178.961731656760094, 29417.09238795325291 ], [ 68178.970971532267868, 29417.095694033574546 ], [ 68178.980490967791411, 29417.098078528040787 ], [ 68178.990198285973747, 29417.099518472667114 ], [ 68179.0, 29417.099999999998545 ], [ 68196.958578643767396, 29417.099999999998545 ], [ 68250.899999999994179, 29471.041421356232604 ], [ 68250.899999999994179, 29488.0 ], [ 68250.900481527336524, 29488.009801714033529 ], [ 68250.901921471959213, 29488.019509032201313 ], [ 68250.904305966425454, 29488.029028467724856 ], [ 68250.907612046750728, 29488.038268343236268 ], [ 68250.911807873562793, 29488.047139673682977 ], [ 68250.91685303876875, 29488.055557023300935 ], [ 68250.922698954658699, 29488.06343932841628 ], [ 68250.929289321880788, 29488.070710678119212 ], [ 68250.936560671587358, 29488.077301045337663 ], [ 68250.944442976702703, 29488.08314696123125 ], [ 68250.952860326317023, 29488.088192126433569 ], [ 68250.961731656760094, 29488.09238795325291 ], [ 68250.970971532267868, 29488.095694033574546 ], [ 68250.980490967791411, 29488.098078528040787 ], [ 68250.990198285973747, 29488.099518472667114 ], [ 68251.0, 29488.099999999998545 ], [ 68304.958578643767396, 29488.099999999998545 ], [ 68340.929289321880788, 29524.070710678119212 ], [ 68340.936560671587358, 29524.077301045337663 ], [ 68340.944442976702703, 29524.08314696123125 ], [ 68340.952860326317023, 29524.088192126433569 ], [ 68340.961731656760094, 29524.09238795325291 ], [ 68340.970971532267868, 29524.095694033574546 ], [ 68340.980490967791411, 29524.098078528040787 ], [ 68340.990198285973747, 29524.099518472667114 ], [ 68341.0, 29524.099999999998545 ], [ 68358.958578643767396, 29524.099999999998545 ], [ 68412.929289321880788, 29578.070710678119212 ], [ 68412.936560671587358, 29578.077301045337663 ], [ 68412.944442976702703, 29578.08314696123125 ], [ 68412.952860326317023, 29578.088192126433569 ], [ 68412.961731656760094, 29578.09238795325291 ], [ 68412.970971532267868, 29578.095694033574546 ], [ 68412.980490967791411, 29578.098078528040787 ], [ 68412.990198285973747, 29578.099518472667114 ], [ 68413.0, 29578.099999999998545 ], [ 68429.958578643767396, 29578.099999999998545 ], [ 68447.929289321880788, 29596.070710678119212 ], [ 68447.936560671587358, 29596.077301045337663 ], [ 68447.944442976702703, 29596.08314696123125 ], [ 68447.952860326317023, 29596.088192126433569 ], [ 68447.961731656760094, 29596.09238795325291 ], [ 68447.970971532267868, 29596.095694033574546 ], [ 68447.980490967791411, 29596.098078528040787 ], [ 68447.990198285973747, 29596.099518472667114 ], [ 68448.0, 29596.099999999998545 ], [ 68465.958578643767396, 29596.099999999998545 ], [ 68501.929289321880788, 29632.070710678119212 ], [ 68501.936560671587358, 29632.077301045337663 ], [ 68501.944442976702703, 29632.08314696123125 ], [ 68501.952860326317023, 29632.088192126433569 ], [ 68501.961731656760094, 29632.09238795325291 ], [ 68501.970971532267868, 29632.095694033574546 ], [ 68501.980490967791411, 29632.098078528040787 ], [ 68501.990198285973747, 29632.099518472667114 ], [ 68502.0, 29632.099999999998545 ], [ 68519.958578643767396, 29632.099999999998545 ], [ 68555.929289321880788, 29668.070710678119212 ], [ 68555.936560671587358, 29668.077301045337663 ], [ 68555.944442976702703, 29668.08314696123125 ], [ 68555.952860326317023, 29668.088192126433569 ], [ 68555.961731656760094, 29668.09238795325291 ], [ 68555.970971532267868, 29668.095694033574546 ], [ 68555.980490967791411, 29668.098078528040787 ], [ 68555.990198285973747, 29668.099518472667114 ], [ 68556.0, 29668.099999999998545 ], [ 68573.958578643767396, 29668.099999999998545 ], [ 68609.929289321880788, 29704.070710678119212 ], [ 68609.936560671587358, 29704.077301045337663 ], [ 68609.944442976702703, 29704.08314696123125 ], [ 68609.952860326317023, 29704.088192126433569 ], [ 68609.961731656760094, 29704.09238795325291 ], [ 68609.970971532267868, 29704.095694033574546 ], [ 68609.980490967791411, 29704.098078528040787 ], [ 68609.990198285973747, 29704.099518472667114 ], [ 68610.0, 29704.099999999998545 ], [ 68627.958578643767396, 29704.099999999998545 ], [ 68645.929289321880788, 29722.070710678119212 ], [ 68645.936560671587358, 29722.077301045337663 ], [ 68645.944442976702703, 29722.08314696123125 ], [ 68645.952860326317023, 29722.088192126433569 ], [ 68645.961731656760094, 29722.09238795325291 ], [ 68645.970971532267868, 29722.095694033574546 ], [ 68645.980490967791411, 29722.098078528040787 ], [ 68645.990198285973747, 29722.099518472667114 ], [ 68646.0, 29722.099999999998545 ], [ 68663.958578643767396, 29722.099999999998545 ], [ 68699.929289321880788, 29758.070710678119212 ], [ 68699.936560671587358, 29758.077301045337663 ], [ 68699.944442976702703, 29758.08314696123125 ], [ 68699.952860326317023, 29758.088192126433569 ], [ 68699.961731656760094, 29758.09238795325291 ], [ 68699.970971532267868, 29758.095694033574546 ], [ 68699.980490967791411, 29758.098078528040787 ], [ 68699.990198285973747, 29758.099518472667114 ], [ 68700.0, 29758.099999999998545 ], [ 68716.960242136439774, 29758.099999999998545 ], [ 68734.931337646703469, 29775.072701315253653 ], [ 68734.938512283959426, 29775.078862289949029 ], [ 68734.946236824485823, 29775.0843179752992 ], [ 68734.954442185364314, 29775.089019579452724 ], [ 68734.963054983600159, 29775.092925054548687 ], [ 68734.971998192282626, 29775.095999472730909 ], [ 68734.981191829632735, 29775.098215338555747 ], [ 68734.990553674142575, 29775.099552834853966 ], [ 68735.0, 29775.099999999998545 ], [ 68752.958578643767396, 29775.099999999998545 ], [ 68806.929289321880788, 29829.070710678119212 ], [ 68806.936560671587358, 29829.077301045337663 ], [ 68806.944442976702703, 29829.08314696123125 ], [ 68806.952860326317023, 29829.088192126433569 ], [ 68806.961731656760094, 29829.09238795325291 ], [ 68806.970971532267868, 29829.095694033574546 ], [ 68806.980490967791411, 29829.098078528040787 ], [ 68806.990198285973747, 29829.099518472667114 ], [ 68807.0, 29829.099999999998545 ], [ 68842.958578643767396, 29829.099999999998545 ], [ 68860.929289321880788, 29847.070710678119212 ], [ 68860.936560671587358, 29847.077301045337663 ], [ 68860.944442976702703, 29847.08314696123125 ], [ 68860.952860326317023, 29847.088192126433569 ], [ 68860.961731656760094, 29847.09238795325291 ], [ 68860.970971532267868, 29847.095694033574546 ], [ 68860.980490967791411, 29847.098078528040787 ], [ 68860.990198285973747, 29847.099518472667114 ], [ 68861.0, 29847.099999999998545 ], [ 68878.958578643767396, 29847.099999999998545 ], [ 68896.929289321880788, 29865.070710678119212 ], [ 68896.936560671587358, 29865.077301045337663 ], [ 68896.944442976702703, 29865.08314696123125 ], [ 68896.952860326317023, 29865.088192126433569 ], [ 68896.961731656760094, 29865.09238795325291 ], [ 68896.970971532267868, 29865.095694033574546 ], [ 68896.980490967791411, 29865.098078528040787 ], [ 68896.990198285973747, 29865.099518472667114 ], [ 68897.0, 29865.099999999998545 ], [ 68932.958578643767396, 29865.099999999998545 ], [ 68950.929289321880788, 29883.070710678119212 ], [ 68950.936560671587358, 29883.077301045337663 ], [ 68950.944442976702703, 29883.08314696123125 ], [ 68950.952860326317023, 29883.088192126433569 ], [ 68950.961731656760094, 29883.09238795325291 ], [ 68950.970971532267868, 29883.095694033574546 ], [ 68950.980490967791411, 29883.098078528040787 ], [ 68950.990198285973747, 29883.099518472667114 ], [ 68951.0, 29883.099999999998545 ], [ 69130.0, 29883.099999999998545 ], [ 69130.009801714026253, 29883.099518472667114 ], [ 69130.019509032208589, 29883.098078528040787 ], [ 69130.029028467732132, 29883.095694033574546 ], [ 69130.038268343239906, 29883.09238795325291 ], [ 69130.047139673682977, 29883.088192126433569 ], [ 69130.055557023297297, 29883.08314696123125 ], [ 69130.063439328412642, 29883.077301045337663 ], [ 69130.070710678119212, 29883.070710678119212 ], [ 69148.041421356232604, 29865.099999999998545 ], [ 69184.0, 29865.099999999998545 ], [ 69184.009801714026253, 29865.099518472667114 ], [ 69184.019509032208589, 29865.098078528040787 ], [ 69184.029028467732132, 29865.095694033574546 ], [ 69184.038268343239906, 29865.09238795325291 ], [ 69184.047139673682977, 29865.088192126433569 ], [ 69184.055557023297297, 29865.08314696123125 ], [ 69184.063439328412642, 29865.077301045337663 ], [ 69184.070710678119212, 29865.070710678119212 ], [ 69220.070710678119212, 29829.070710678119212 ], [ 69220.077301045341301, 29829.06343932841628 ], [ 69220.08314696123125, 29829.055557023300935 ], [ 69220.088192126437207, 29829.047139673682977 ], [ 69220.092387953249272, 29829.038268343236268 ], [ 69220.095694033574546, 29829.029028467724856 ], [ 69220.098078528040787, 29829.019509032201313 ], [ 69220.099518472663476, 29829.009801714033529 ], [ 69220.100000000005821, 29829.0 ], [ 69220.100000000005821, 29811.041421356232604 ], [ 69238.070710678119212, 29793.070710678119212 ], [ 69238.077301045341301, 29793.06343932841628 ], [ 69238.08314696123125, 29793.055557023300935 ], [ 69238.088192126437207, 29793.047139673682977 ], [ 69238.092387953249272, 29793.038268343236268 ], [ 69238.095694033574546, 29793.029028467724856 ], [ 69238.098078528040787, 29793.019509032201313 ], [ 69238.099518472663476, 29793.009801714033529 ], [ 69238.100000000005821, 29793.0 ], [ 69238.100000000005821, 29758.041421356232604 ], [ 69256.070710678119212, 29740.070710678119212 ], [ 69256.077301045341301, 29740.06343932841628 ], [ 69256.08314696123125, 29740.055557023300935 ], [ 69256.088192126437207, 29740.047139673682977 ], [ 69256.092387953249272, 29740.038268343236268 ], [ 69256.095694033574546, 29740.029028467724856 ], [ 69256.098078528040787, 29740.019509032201313 ], [ 69256.099518472663476, 29740.009801714033529 ], [ 69256.100000000005821, 29740.0 ], [ 69256.100000000005821, 29542.0 ], [ 69256.099518472663476, 29541.990198285966471 ], [ 69256.098078528040787, 29541.980490967798687 ], [ 69256.095694033574546, 29541.970971532275144 ], [ 69256.092387953249272, 29541.961731656763732 ], [ 69256.088192126437207, 29541.952860326317023 ], [ 69256.08314696123125, 29541.944442976699065 ], [ 69256.077301045341301, 29541.93656067158372 ], [ 69256.070710678119212, 29541.929289321880788 ], [ 69238.100000000005821, 29523.958578643767396 ], [ 69238.100000000005821, 29435.0 ], [ 69238.099518472663476, 29434.990198285966471 ], [ 69238.098078528040787, 29434.980490967798687 ], [ 69238.095694033574546, 29434.970971532275144 ], [ 69238.092387953249272, 29434.961731656763732 ], [ 69238.088192126437207, 29434.952860326317023 ], [ 69238.08314696123125, 29434.944442976699065 ], [ 69238.077301045341301, 29434.93656067158372 ], [ 69238.070710678119212, 29434.929289321880788 ], [ 69220.100000000005821, 29416.958578643767396 ], [ 69220.100000000005821, 29363.0 ], [ 69220.099518472663476, 29362.990198285966471 ], [ 69220.098078528040787, 29362.980490967798687 ], [ 69220.095694033574546, 29362.970971532275144 ], [ 69220.092387953249272, 29362.961731656763732 ], [ 69220.088192126437207, 29362.952860326317023 ], [ 69220.08314696123125, 29362.944442976699065 ], [ 69220.077301045341301, 29362.93656067158372 ], [ 69220.070710678119212, 29362.929289321880788 ], [ 69202.100000000005821, 29344.958578643767396 ], [ 69202.100000000005821, 29291.0 ], [ 69202.099518472663476, 29290.990198285966471 ], [ 69202.098078528040787, 29290.980490967798687 ], [ 69202.095694033574546, 29290.970971532275144 ], [ 69202.092387953249272, 29290.961731656763732 ], [ 69202.088192126437207, 29290.952860326317023 ], [ 69202.08314696123125, 29290.944442976699065 ], [ 69202.077301045341301, 29290.93656067158372 ], [ 69202.070710678119212, 29290.929289321880788 ], [ 69184.100000000005821, 29272.958578643767396 ], [ 69184.100000000005821, 29219.0 ], [ 69184.099482841804274, 29218.989843022747664 ], [ 69184.097936716265394, 29218.97979110077722 ], [ 69184.095377615216421, 29218.969948202764499 ], [ 69184.091832007849007, 29218.9604161354182 ], [ 69184.087336566968588, 29218.9512934904742 ], [ 69184.081937789655058, 29218.942674624940992 ], [ 69184.075691516365623, 29218.934648685160937 ], [ 69184.068662353296531, 29218.927298684746347 ], [ 69166.100000000005821, 29201.956895351082494 ], [ 69166.100000000005821, 29148.0 ], [ 69166.099518472663476, 29147.990198285966471 ], [ 69166.098078528040787, 29147.980490967798687 ], [ 69166.095694033574546, 29147.970971532275144 ], [ 69166.092387953249272, 29147.961731656763732 ], [ 69166.088192126437207, 29147.952860326317023 ], [ 69166.08314696123125, 29147.944442976699065 ], [ 69166.077301045341301, 29147.93656067158372 ], [ 69166.070710678119212, 29147.929289321880788 ], [ 69148.100000000005821, 29129.958578643767396 ], [ 69148.100000000005821, 29076.0 ], [ 69148.099518472663476, 29075.990198285966471 ], [ 69148.098078528040787, 29075.980490967798687 ], [ 69148.095694033574546, 29075.970971532275144 ], [ 69148.092387953249272, 29075.961731656763732 ], [ 69148.088192126437207, 29075.952860326317023 ], [ 69148.08314696123125, 29075.944442976699065 ], [ 69148.077301045341301, 29075.93656067158372 ], [ 69148.070710678119212, 29075.929289321880788 ], [ 69130.100000000005821, 29057.958578643767396 ], [ 69130.100000000005821, 28986.0 ], [ 69130.099518472663476, 28985.990198285966471 ], [ 69130.098078528040787, 28985.980490967798687 ], [ 69130.095694033574546, 28985.970971532275144 ], [ 69130.092387953249272, 28985.961731656763732 ], [ 69130.088192126437207, 28985.952860326317023 ], [ 69130.08314696123125, 28985.944442976699065 ], [ 69130.077301045341301, 28985.93656067158372 ], [ 69130.070710678119212, 28985.929289321880788 ], [ 69112.100000000005821, 28967.958578643767396 ], [ 69112.100000000005821, 28915.0 ], [ 69112.099518472663476, 28914.990198285966471 ], [ 69112.098078528040787, 28914.980490967798687 ], [ 69112.095694033574546, 28914.970971532275144 ], [ 69112.092387953249272, 28914.961731656763732 ], [ 69112.088192126437207, 28914.952860326317023 ], [ 69112.08314696123125, 28914.944442976699065 ], [ 69112.077301045341301, 28914.93656067158372 ], [ 69112.070710678119212, 28914.929289321880788 ], [ 69094.100000000005821, 28896.958578643767396 ], [ 69094.100000000005821, 28825.0 ], [ 69094.099518472663476, 28824.990198285966471 ], [ 69094.098078528040787, 28824.980490967798687 ], [ 69094.095694033574546, 28824.970971532275144 ], [ 69094.092387953249272, 28824.961731656763732 ], [ 69094.088192126437207, 28824.952860326317023 ], [ 69094.08314696123125, 28824.944442976699065 ], [ 69094.077301045341301, 28824.93656067158372 ], [ 69094.070710678119212, 28824.929289321880788 ], [ 69076.100000000005821, 28806.958578643767396 ], [ 69076.100000000005821, 28717.0 ], [ 69076.099518472663476, 28716.990198285966471 ], [ 69076.098078528040787, 28716.980490967798687 ], [ 69076.095694033574546, 28716.970971532275144 ], [ 69076.092387953249272, 28716.961731656763732 ], [ 69076.088192126437207, 28716.952860326317023 ], [ 69076.08314696123125, 28716.944442976699065 ], [ 69076.077301045341301, 28716.93656067158372 ], [ 69076.070710678119212, 28716.929289321880788 ], [ 69058.141421356238425, 28699.0 ], [ 69076.070710678119212, 28681.070710678119212 ], [ 69076.077301045341301, 28681.06343932841628 ], [ 69076.08314696123125, 28681.055557023300935 ], [ 69076.088192126437207, 28681.047139673682977 ], [ 69076.092387953249272, 28681.038268343236268 ], [ 69076.095694033574546, 28681.029028467724856 ], [ 69076.098078528040787, 28681.019509032201313 ], [ 69076.099518472663476, 28681.009801714033529 ], [ 69076.100000000005821, 28681.0 ], [ 69076.099518472663476, 28680.990198285966471 ], [ 69076.098078528040787, 28680.980490967798687 ], [ 69076.095694033574546, 28680.970971532275144 ], [ 69076.092387953249272, 28680.961731656763732 ], [ 69076.088192126437207, 28680.952860326317023 ], [ 69076.08314696123125, 28680.944442976699065 ], [ 69076.077301045341301, 28680.93656067158372 ], [ 69076.070710678119212, 28680.929289321880788 ], [ 69058.100000000005821, 28662.958578643767396 ], [ 69058.100000000005821, 28592.0 ], [ 69058.099518472663476, 28591.990198285966471 ], [ 69058.098078528040787, 28591.980490967798687 ], [ 69058.095694033574546, 28591.970971532275144 ], [ 69058.092387953249272, 28591.961731656763732 ], [ 69058.088192126437207, 28591.952860326317023 ], [ 69058.08314696123125, 28591.944442976699065 ], [ 69058.077301045341301, 28591.93656067158372 ], [ 69058.070710678119212, 28591.929289321880788 ], [ 69040.100000000005821, 28573.958578643767396 ], [ 69040.100000000005821, 28502.0 ], [ 69040.099518472663476, 28501.990198285966471 ], [ 69040.098078528040787, 28501.980490967798687 ], [ 69040.095694033574546, 28501.970971532275144 ], [ 69040.092387953249272, 28501.961731656763732 ], [ 69040.088192126437207, 28501.952860326317023 ], [ 69040.08314696123125, 28501.944442976699065 ], [ 69040.077301045341301, 28501.93656067158372 ], [ 69040.070710678119212, 28501.929289321880788 ], [ 69022.100000000005821, 28483.958578643767396 ], [ 69022.100000000005821, 28430.0 ], [ 69022.099518472663476, 28429.990198285966471 ], [ 69022.098078528040787, 28429.980490967798687 ], [ 69022.095694033574546, 28429.970971532275144 ], [ 69022.092387953249272, 28429.961731656763732 ], [ 69022.088192126437207, 28429.952860326317023 ], [ 69022.08314696123125, 28429.944442976699065 ], [ 69022.077301045341301, 28429.93656067158372 ], [ 69022.070710678119212, 28429.929289321880788 ], [ 69004.141421356238425, 28412.0 ], [ 69022.070710678119212, 28394.070710678119212 ], [ 69022.077301045341301, 28394.06343932841628 ], [ 69022.08314696123125, 28394.055557023300935 ], [ 69022.088192126437207, 28394.047139673682977 ], [ 69022.092387953249272, 28394.038268343236268 ], [ 69022.095694033574546, 28394.029028467724856 ], [ 69022.098078528040787, 28394.019509032201313 ], [ 69022.099518472663476, 28394.009801714033529 ], [ 69022.100000000005821, 28394.0 ], [ 69022.099518472663476, 28393.990198285966471 ], [ 69022.098078528040787, 28393.980490967798687 ], [ 69022.095694033574546, 28393.970971532275144 ], [ 69022.092387953249272, 28393.961731656763732 ], [ 69022.088192126437207, 28393.952860326317023 ], [ 69022.08314696123125, 28393.944442976699065 ], [ 69022.077301045341301, 28393.93656067158372 ], [ 69022.070710678119212, 28393.929289321880788 ], [ 69004.100000000005821, 28375.958578643767396 ], [ 69004.100000000005821, 28287.0 ], [ 69004.099552834857604, 28286.990553674138937 ], [ 69004.098215338555747, 28286.981191829632735 ], [ 69004.095999472730909, 28286.971998192286264 ], [ 69004.092925054545049, 28286.963054983592883 ], [ 69004.089019579449086, 28286.954442185367952 ], [ 69004.0843179752992, 28286.946236824482185 ], [ 69004.078862289941753, 28286.938512283955788 ], [ 69004.072701315250015, 28286.931337646703469 ], [ 68987.137549093356938, 28269.0 ], [ 69004.072701315250015, 28251.068662353296531 ], [ 69004.078862289941753, 28251.061487716044212 ], [ 69004.0843179752992, 28251.053763175517815 ], [ 69004.089019579449086, 28251.045557814632048 ], [ 69004.092925054545049, 28251.036945016407117 ], [ 69004.095999472730909, 28251.028001807713736 ], [ 69004.098215338555747, 28251.018808170367265 ], [ 69004.099552834857604, 28251.009446325861063 ], [ 69004.100000000005821, 28251.0 ], [ 69004.100000000005821, 28233.0 ], [ 69004.099552834857604, 28232.990553674138937 ], [ 69004.098215338555747, 28232.981191829632735 ], [ 69004.095999472730909, 28232.971998192286264 ], [ 69004.092925054545049, 28232.963054983592883 ], [ 69004.089019579449086, 28232.954442185367952 ], [ 69004.0843179752992, 28232.946236824482185 ], [ 69004.078862289941753, 28232.938512283955788 ], [ 69004.072701315250015, 28232.931337646703469 ], [ 68987.100000000005821, 28214.960242136443412 ], [ 68987.100000000005821, 28161.0 ], [ 68987.099518472663476, 28160.990198285966471 ], [ 68987.098078528040787, 28160.980490967798687 ], [ 68987.095694033574546, 28160.970971532275144 ], [ 68987.092387953249272, 28160.961731656763732 ], [ 68987.088192126437207, 28160.952860326317023 ], [ 68987.08314696123125, 28160.944442976699065 ], [ 68987.077301045341301, 28160.93656067158372 ], [ 68987.070710678119212, 28160.929289321880788 ], [ 68969.100000000005821, 28142.958578643767396 ], [ 68969.100000000005821, 28089.041421356232604 ], [ 68987.070710678119212, 28071.070710678119212 ], [ 68987.077301045341301, 28071.06343932841628 ], [ 68987.08314696123125, 28071.055557023300935 ], [ 68987.088192126437207, 28071.047139673682977 ], [ 68987.092387953249272, 28071.038268343236268 ], [ 68987.095694033574546, 28071.029028467724856 ], [ 68987.098078528040787, 28071.019509032201313 ], [ 68987.099518472663476, 28071.009801714033529 ], [ 68987.100000000005821, 28071.0 ], [ 68987.100000000005821, 28054.0 ], [ 68987.099518472663476, 28053.990198285966471 ], [ 68987.098078528040787, 28053.980490967798687 ], [ 68987.095694033574546, 28053.970971532275144 ], [ 68987.092387953249272, 28053.961731656763732 ], [ 68987.088192126437207, 28053.952860326317023 ], [ 68987.08314696123125, 28053.944442976699065 ], [ 68987.077301045341301, 28053.93656067158372 ], [ 68987.070710678119212, 28053.929289321880788 ], [ 68969.100000000005821, 28035.958578643767396 ], [ 68969.100000000005821, 27928.0 ], [ 68969.099518472663476, 27927.990198285966471 ], [ 68969.098078528040787, 27927.980490967798687 ], [ 68969.095694033574546, 27927.970971532275144 ], [ 68969.092387953249272, 27927.961731656763732 ], [ 68969.088192126437207, 27927.952860326317023 ], [ 68969.08314696123125, 27927.944442976699065 ], [ 68969.077301045341301, 27927.93656067158372 ], [ 68969.070710678119212, 27927.929289321880788 ], [ 68951.100000000005821, 27909.958578643767396 ], [ 68951.100000000005821, 27784.0 ], [ 68951.099482841804274, 27783.989843022747664 ], [ 68951.097936716265394, 27783.97979110077722 ], [ 68951.095377615216421, 27783.969948202764499 ], [ 68951.091832007849007, 27783.9604161354182 ], [ 68951.087336566968588, 27783.9512934904742 ], [ 68951.081937789655058, 27783.942674624940992 ], [ 68951.075691516365623, 27783.934648685160937 ], [ 68951.068662353296531, 27783.927298684746347 ], [ 68933.100000000005821, 27766.956895351082494 ], [ 68933.100000000005821, 27426.0 ], [ 68933.099518472663476, 27425.990198285966471 ], [ 68933.098078528040787, 27425.980490967798687 ], [ 68933.095694033574546, 27425.970971532275144 ], [ 68933.092387953249272, 27425.961731656763732 ], [ 68933.088192126437207, 27425.952860326317023 ], [ 68933.08314696123125, 27425.944442976699065 ], [ 68933.077301045341301, 27425.93656067158372 ], [ 68933.070710678119212, 27425.929289321880788 ], [ 68915.100000000005821, 27407.958578643767396 ], [ 68915.100000000005821, 27228.0 ], [ 68915.099518472663476, 27227.990198285966471 ], [ 68915.098078528040787, 27227.980490967798687 ], [ 68915.095694033574546, 27227.970971532275144 ], [ 68915.092387953249272, 27227.961731656763732 ], [ 68915.088192126437207, 27227.952860326317023 ], [ 68915.08314696123125, 27227.944442976699065 ], [ 68915.077301045341301, 27227.93656067158372 ], [ 68915.070710678119212, 27227.929289321880788 ], [ 68897.100000000005821, 27209.958578643767396 ], [ 68897.100000000005821, 27157.041421356232604 ], [ 68915.070710678119212, 27139.070710678119212 ], [ 68915.077301045341301, 27139.06343932841628 ], [ 68915.08314696123125, 27139.055557023300935 ], [ 68915.088192126437207, 27139.047139673682977 ], [ 68915.092387953249272, 27139.038268343236268 ], [ 68915.095694033574546, 27139.029028467724856 ], [ 68915.098078528040787, 27139.019509032201313 ], [ 68915.099518472663476, 27139.009801714033529 ], [ 68915.100000000005821, 27139.0 ], [ 68915.100000000005821, 27067.0 ], [ 68915.099518472663476, 27066.990198285966471 ], [ 68915.098078528040787, 27066.980490967798687 ], [ 68915.095694033574546, 27066.970971532275144 ], [ 68915.092387953249272, 27066.961731656763732 ], [ 68915.088192126437207, 27066.952860326317023 ], [ 68915.08314696123125, 27066.944442976699065 ], [ 68915.077301045341301, 27066.93656067158372 ], [ 68915.070710678119212, 27066.929289321880788 ], [ 68897.100000000005821, 27048.958578643767396 ], [ 68897.100000000005821, 24645.0 ], [ 68897.099518472663476, 24644.990198285966471 ], [ 68897.098078528040787, 24644.980490967798687 ], [ 68897.095694033574546, 24644.970971532275144 ], [ 68897.092387953249272, 24644.961731656763732 ], [ 68897.088192126437207, 24644.952860326317023 ], [ 68897.08314696123125, 24644.944442976699065 ], [ 68897.077301045341301, 24644.93656067158372 ], [ 68897.070710678119212, 24644.929289321880788 ], [ 68879.143470516937668, 24627.002049160702882 ], [ 68897.068662353296531, 24610.072701315253653 ], [ 68897.075691516365623, 24610.065351314839063 ], [ 68897.081937789655058, 24610.057325375059008 ], [ 68897.087336566968588, 24610.0487065095258 ], [ 68897.091832007849007, 24610.0395838645818 ], [ 68897.095377615216421, 24610.030051797235501 ], [ 68897.097936716265394, 24610.02020889922278 ], [ 68897.099482841804274, 24610.010156977252336 ], [ 68897.100000000005821, 24610.0 ], [ 68897.100000000005821, 24592.0 ], [ 68897.099518472663476, 24591.990198285966471 ], [ 68897.098078528040787, 24591.980490967798687 ], [ 68897.095694033574546, 24591.970971532275144 ], [ 68897.092387953249272, 24591.961731656763732 ], [ 68897.088192126437207, 24591.952860326317023 ], [ 68897.08314696123125, 24591.944442976699065 ], [ 68897.077301045341301, 24591.93656067158372 ], [ 68897.070710678119212, 24591.929289321880788 ], [ 68879.100000000005821, 24573.958578643767396 ], [ 68879.100000000005821, 24556.041421356232604 ], [ 68897.070710678119212, 24538.070710678119212 ], [ 68897.077301045341301, 24538.06343932841628 ], [ 68897.08314696123125, 24538.055557023300935 ], [ 68897.088192126437207, 24538.047139673682977 ], [ 68897.092387953249272, 24538.038268343236268 ], [ 68897.095694033574546, 24538.029028467724856 ], [ 68897.098078528040787, 24538.019509032201313 ], [ 68897.099518472663476, 24538.009801714033529 ], [ 68897.100000000005821, 24538.0 ], [ 68897.099518472663476, 24537.990198285966471 ], [ 68897.098078528040787, 24537.980490967798687 ], [ 68897.095694033574546, 24537.970971532275144 ], [ 68897.092387953249272, 24537.961731656763732 ], [ 68897.088192126437207, 24537.952860326317023 ], [ 68897.08314696123125, 24537.944442976699065 ], [ 68897.077301045341301, 24537.93656067158372 ], [ 68897.070710678119212, 24537.929289321880788 ], [ 68879.100000000005821, 24519.958578643767396 ], [ 68879.100000000005821, 24251.0 ], [ 68879.099518472663476, 24250.990198285966471 ], [ 68879.098078528040787, 24250.980490967798687 ], [ 68879.095694033574546, 24250.970971532275144 ], [ 68879.092387953249272, 24250.961731656763732 ], [ 68879.088192126437207, 24250.952860326317023 ], [ 68879.08314696123125, 24250.944442976699065 ], [ 68879.077301045341301, 24250.93656067158372 ], [ 68879.070710678119212, 24250.929289321880788 ], [ 68861.100000000005821, 24232.958578643767396 ], [ 68861.100000000005821, 24018.0 ], [ 68861.099518472663476, 24017.990198285966471 ], [ 68861.098078528040787, 24017.980490967798687 ], [ 68861.095694033574546, 24017.970971532275144 ], [ 68861.092387953249272, 24017.961731656763732 ], [ 68861.088192126437207, 24017.952860326317023 ], [ 68861.08314696123125, 24017.944442976699065 ], [ 68861.077301045341301, 24017.93656067158372 ], [ 68861.070710678119212, 24017.929289321880788 ], [ 68843.100000000005821, 23999.958578643767396 ], [ 68843.100000000005821, 23820.0 ], [ 68843.099518472663476, 23819.990198285966471 ], [ 68843.098078528040787, 23819.980490967798687 ], [ 68843.095694033574546, 23819.970971532275144 ], [ 68843.092387953249272, 23819.961731656763732 ], [ 68843.088192126437207, 23819.952860326317023 ], [ 68843.08314696123125, 23819.944442976699065 ], [ 68843.077301045341301, 23819.93656067158372 ], [ 68843.070710678119212, 23819.929289321880788 ], [ 68825.100000000005821, 23801.958578643767396 ], [ 68825.100000000005821, 23587.0 ], [ 68825.099518472663476, 23586.990198285966471 ], [ 68825.098078528040787, 23586.980490967798687 ], [ 68825.095694033574546, 23586.970971532275144 ], [ 68825.092387953249272, 23586.961731656763732 ], [ 68825.088192126437207, 23586.952860326317023 ], [ 68825.08314696123125, 23586.944442976699065 ], [ 68825.077301045341301, 23586.93656067158372 ], [ 68825.070710678119212, 23586.929289321880788 ], [ 68807.100000000005821, 23568.958578643767396 ], [ 68807.100000000005821, 23426.0 ], [ 68807.099518472663476, 23425.990198285966471 ], [ 68807.098078528040787, 23425.980490967798687 ], [ 68807.095694033574546, 23425.970971532275144 ], [ 68807.092387953249272, 23425.961731656763732 ], [ 68807.088192126437207, 23425.952860326317023 ], [ 68807.08314696123125, 23425.944442976699065 ], [ 68807.077301045341301, 23425.93656067158372 ], [ 68807.070710678119212, 23425.929289321880788 ], [ 68789.100000000005821, 23407.958578643767396 ], [ 68789.100000000005821, 23246.0 ], [ 68789.099518472663476, 23245.990198285966471 ], [ 68789.098078528040787, 23245.980490967798687 ], [ 68789.095694033574546, 23245.970971532275144 ], [ 68789.092387953249272, 23245.961731656763732 ], [ 68789.088192126437207, 23245.952860326317023 ], [ 68789.08314696123125, 23245.944442976699065 ], [ 68789.077301045341301, 23245.93656067158372 ], [ 68789.070710678119212, 23245.929289321880788 ], [ 68753.100000000005821, 23209.958578643767396 ], [ 68753.100000000005821, 23192.043104648917506 ], [ 68771.039757863560226, 23175.099999999998545 ], [ 68789.0, 23175.099999999998545 ], [ 68789.009801714026253, 23175.099518472667114 ], [ 68789.019509032208589, 23175.098078528040787 ], [ 68789.029028467732132, 23175.095694033574546 ], [ 68789.038268343239906, 23175.09238795325291 ], [ 68789.047139673682977, 23175.088192126433569 ], [ 68789.055557023297297, 23175.08314696123125 ], [ 68789.063439328412642, 23175.077301045337663 ], [ 68789.070710678119212, 23175.070710678119212 ], [ 68789.077301045341301, 23175.06343932841628 ], [ 68789.08314696123125, 23175.055557023300935 ], [ 68789.088192126437207, 23175.047139673682977 ], [ 68789.092387953249272, 23175.038268343236268 ], [ 68789.095694033574546, 23175.029028467724856 ], [ 68789.098078528040787, 23175.019509032201313 ], [ 68789.099518472663476, 23175.009801714033529 ], [ 68789.100000000005821, 23175.0 ], [ 68789.100000000005821, 23157.0 ], [ 68789.099518472663476, 23156.990198285966471 ], [ 68789.098078528040787, 23156.980490967798687 ], [ 68789.095694033574546, 23156.970971532275144 ], [ 68789.092387953249272, 23156.961731656763732 ], [ 68789.088192126437207, 23156.952860326317023 ], [ 68789.08314696123125, 23156.944442976699065 ], [ 68789.077301045341301, 23156.93656067158372 ], [ 68789.070710678119212, 23156.929289321880788 ], [ 68771.100000000005821, 23138.958578643767396 ], [ 68771.100000000005821, 22995.0 ], [ 68771.099518472663476, 22994.990198285966471 ], [ 68771.098078528040787, 22994.980490967798687 ], [ 68771.095694033574546, 22994.970971532275144 ], [ 68771.092387953249272, 22994.961731656763732 ], [ 68771.088192126437207, 22994.952860326317023 ], [ 68771.08314696123125, 22994.944442976699065 ], [ 68771.077301045341301, 22994.93656067158372 ], [ 68771.070710678119212, 22994.929289321880788 ], [ 68753.100000000005821, 22976.958578643767396 ], [ 68753.100000000005821, 22905.0 ], [ 68753.099518472663476, 22904.990198285966471 ], [ 68753.098078528040787, 22904.980490967798687 ], [ 68753.095694033574546, 22904.970971532275144 ], [ 68753.092387953249272, 22904.961731656763732 ], [ 68753.088192126437207, 22904.952860326317023 ], [ 68753.08314696123125, 22904.944442976699065 ], [ 68753.077301045341301, 22904.93656067158372 ], [ 68753.070710678119212, 22904.929289321880788 ], [ 68753.063439328412642, 22904.922698954662337 ], [ 68753.055557023297297, 22904.91685303876875 ], [ 68753.047139673682977, 22904.911807873566431 ], [ 68753.038268343239906, 22904.90761204674709 ], [ 68753.029028467732132, 22904.904305966425454 ], [ 68753.019509032208589, 22904.901921471959213 ], [ 68753.009801714026253, 22904.900481527332886 ], [ 68753.0, 22904.900000000001455 ], [ 68717.0, 22904.900000000001455 ], [ 68716.989843022747664, 22904.900517158195726 ], [ 68716.97979110077722, 22904.902063283738244 ], [ 68716.969948202764499, 22904.904622384790855 ], [ 68716.960416135421838, 22904.908167992154631 ], [ 68716.951293490477838, 22904.912663433031412 ], [ 68716.942674624937354, 22904.918062210337666 ], [ 68716.934648685157299, 22904.924308483638015 ], [ 68716.927298684749985, 22904.931337646703469 ], [ 68699.997950839300756, 22922.856529483062332 ], [ 68682.100000000005821, 22904.958578643767396 ], [ 68682.100000000005821, 21865.0 ], [ 68682.099518472663476, 21864.990198285966471 ], [ 68682.098078528040787, 21864.980490967798687 ], [ 68682.095694033574546, 21864.970971532275144 ], [ 68682.092387953249272, 21864.961731656763732 ], [ 68682.088192126437207, 21864.952860326317023 ], [ 68682.08314696123125, 21864.944442976699065 ], [ 68682.077301045341301, 21864.93656067158372 ], [ 68682.070710678119212, 21864.929289321880788 ], [ 68664.100000000005821, 21846.958578643767396 ], [ 68664.100000000005821, 21650.0 ], [ 68664.099518472663476, 21649.990198285966471 ], [ 68664.098078528040787, 21649.980490967798687 ], [ 68664.095694033574546, 21649.970971532275144 ], [ 68664.092387953249272, 21649.961731656763732 ], [ 68664.088192126437207, 21649.952860326317023 ], [ 68664.08314696123125, 21649.944442976699065 ], [ 68664.077301045341301, 21649.93656067158372 ], [ 68664.070710678119212, 21649.929289321880788 ], [ 68646.100000000005821, 21631.958578643767396 ], [ 68646.100000000005821, 21327.041421356232604 ], [ 68682.070710678119212, 21291.070710678119212 ], [ 68682.077301045341301, 21291.06343932841628 ], [ 68682.08314696123125, 21291.055557023300935 ], [ 68682.088192126437207, 21291.047139673682977 ], [ 68682.092387953249272, 21291.038268343236268 ], [ 68682.095694033574546, 21291.029028467724856 ], [ 68682.098078528040787, 21291.019509032201313 ], [ 68682.099518472663476, 21291.009801714033529 ], [ 68682.100000000005821, 21291.0 ], [ 68682.099518472663476, 21290.990198285966471 ], [ 68682.098078528040787, 21290.980490967798687 ], [ 68682.095694033574546, 21290.970971532275144 ], [ 68682.092387953249272, 21290.961731656763732 ], [ 68682.088192126437207, 21290.952860326317023 ], [ 68682.08314696123125, 21290.944442976699065 ], [ 68682.077301045341301, 21290.93656067158372 ], [ 68682.070710678119212, 21290.929289321880788 ], [ 68682.063439328412642, 21290.922698954662337 ], [ 68682.055557023297297, 21290.91685303876875 ], [ 68682.047139673682977, 21290.911807873566431 ], [ 68682.038268343239906, 21290.90761204674709 ], [ 68682.029028467732132, 21290.904305966425454 ], [ 68682.019509032208589, 21290.901921471959213 ], [ 68682.009801714026253, 21290.900481527332886 ], [ 68682.0, 21290.900000000001455 ], [ 68664.041421356232604, 21290.900000000001455 ], [ 68628.100000000005821, 21254.958578643767396 ], [ 68628.100000000005821, 21166.0 ], [ 68628.099518472663476, 21165.990198285966471 ], [ 68628.098078528040787, 21165.980490967798687 ], [ 68628.095694033574546, 21165.970971532275144 ], [ 68628.092387953249272, 21165.961731656763732 ], [ 68628.088192126437207, 21165.952860326317023 ], [ 68628.08314696123125, 21165.944442976699065 ], [ 68628.077301045341301, 21165.93656067158372 ], [ 68628.070710678119212, 21165.929289321880788 ], [ 68610.100000000005821, 21147.958578643767396 ], [ 68610.100000000005821, 20968.0 ], [ 68610.099518472663476, 20967.990198285966471 ], [ 68610.098078528040787, 20967.980490967798687 ], [ 68610.095694033574546, 20967.970971532275144 ], [ 68610.092387953249272, 20967.961731656763732 ], [ 68610.088192126437207, 20967.952860326317023 ], [ 68610.08314696123125, 20967.944442976699065 ], [ 68610.077301045341301, 20967.93656067158372 ], [ 68610.070710678119212, 20967.929289321880788 ], [ 68592.100000000005821, 20949.958578643767396 ], [ 68592.100000000005821, 20699.0 ], [ 68592.099518472663476, 20698.990198285966471 ], [ 68592.098078528040787, 20698.980490967798687 ], [ 68592.095694033574546, 20698.970971532275144 ], [ 68592.092387953249272, 20698.961731656763732 ], [ 68592.088192126437207, 20698.952860326317023 ], [ 68592.08314696123125, 20698.944442976699065 ], [ 68592.077301045341301, 20698.93656067158372 ], [ 68592.070710678119212, 20698.929289321880788 ], [ 68574.100000000005821, 20680.958578643767396 ], [ 68574.100000000005821, 20484.0 ], [ 68574.099518472663476, 20483.990198285966471 ], [ 68574.098078528040787, 20483.980490967798687 ], [ 68574.095694033574546, 20483.970971532275144 ], [ 68574.092387953249272, 20483.961731656763732 ], [ 68574.088192126437207, 20483.952860326317023 ], [ 68574.08314696123125, 20483.944442976699065 ], [ 68574.077301045341301, 20483.93656067158372 ], [ 68574.070710678119212, 20483.929289321880788 ], [ 68556.100000000005821, 20465.958578643767396 ], [ 68556.100000000005821, 20269.0 ], [ 68556.099518472663476, 20268.990198285966471 ], [ 68556.098078528040787, 20268.980490967798687 ], [ 68556.095694033574546, 20268.970971532275144 ], [ 68556.092387953249272, 20268.961731656763732 ], [ 68556.088192126437207, 20268.952860326317023 ], [ 68556.08314696123125, 20268.944442976699065 ], [ 68556.077301045341301, 20268.93656067158372 ], [ 68556.070710678119212, 20268.929289321880788 ], [ 68538.100000000005821, 20250.958578643767396 ], [ 68538.100000000005821, 20089.0 ], [ 68538.099518472663476, 20088.990198285966471 ], [ 68538.098078528040787, 20088.980490967798687 ], [ 68538.095694033574546, 20088.970971532275144 ], [ 68538.092387953249272, 20088.961731656763732 ], [ 68538.088192126437207, 20088.952860326317023 ], [ 68538.08314696123125, 20088.944442976699065 ], [ 68538.077301045341301, 20088.93656067158372 ], [ 68538.070710678119212, 20088.929289321880788 ], [ 68520.100000000005821, 20070.958578643767396 ], [ 68520.100000000005821, 19892.0 ], [ 68520.099518472663476, 19891.990198285966471 ], [ 68520.098078528040787, 19891.980490967798687 ], [ 68520.095694033574546, 19891.970971532275144 ], [ 68520.092387953249272, 19891.961731656763732 ], [ 68520.088192126437207, 19891.952860326317023 ], [ 68520.08314696123125, 19891.944442976699065 ], [ 68520.077301045341301, 19891.93656067158372 ], [ 68520.070710678119212, 19891.929289321880788 ], [ 68502.100000000005821, 19873.958578643767396 ], [ 68502.100000000005821, 19659.0 ], [ 68502.099518472663476, 19658.990198285966471 ], [ 68502.098078528040787, 19658.980490967798687 ], [ 68502.095694033574546, 19658.970971532275144 ], [ 68502.092387953249272, 19658.961731656763732 ], [ 68502.088192126437207, 19658.952860326317023 ], [ 68502.08314696123125, 19658.944442976699065 ], [ 68502.077301045341301, 19658.93656067158372 ], [ 68502.070710678119212, 19658.929289321880788 ], [ 68484.100000000005821, 19640.958578643767396 ], [ 68484.100000000005821, 19372.0 ], [ 68484.099518472663476, 19371.990198285966471 ], [ 68484.098078528040787, 19371.980490967798687 ], [ 68484.095694033574546, 19371.970971532275144 ], [ 68484.092387953249272, 19371.961731656763732 ], [ 68484.088192126437207, 19371.952860326317023 ], [ 68484.08314696123125, 19371.944442976699065 ], [ 68484.077301045341301, 19371.93656067158372 ], [ 68484.070710678119212, 19371.929289321880788 ], [ 68466.100000000005821, 19353.958578643767396 ], [ 68466.100000000005821, 19192.0 ], [ 68466.099482841804274, 19191.989843022747664 ], [ 68466.097936716265394, 19191.97979110077722 ], [ 68466.095377615216421, 19191.969948202764499 ], [ 68466.091832007849007, 19191.9604161354182 ], [ 68466.087336566968588, 19191.9512934904742 ], [ 68466.081937789655058, 19191.942674624940992 ], [ 68466.075691516365623, 19191.934648685160937 ], [ 68466.068662353296531, 19191.927298684746347 ], [ 68448.100000000005821, 19174.956895351082494 ], [ 68448.100000000005821, 19031.0 ], [ 68448.099518472663476, 19030.990198285966471 ], [ 68448.098078528040787, 19030.980490967798687 ], [ 68448.095694033574546, 19030.970971532275144 ], [ 68448.092387953249272, 19030.961731656763732 ], [ 68448.088192126437207, 19030.952860326317023 ], [ 68448.08314696123125, 19030.944442976699065 ], [ 68448.077301045341301, 19030.93656067158372 ], [ 68448.070710678119212, 19030.929289321880788 ], [ 68430.100000000005821, 19012.958578643767396 ], [ 68430.100000000005821, 18834.041421356232604 ], [ 68448.070710678119212, 18816.070710678119212 ], [ 68448.077301045341301, 18816.06343932841628 ], [ 68448.08314696123125, 18816.055557023300935 ], [ 68448.088192126437207, 18816.047139673682977 ], [ 68448.092387953249272, 18816.038268343236268 ], [ 68448.095694033574546, 18816.029028467724856 ], [ 68448.098078528040787, 18816.019509032201313 ], [ 68448.099518472663476, 18816.009801714033529 ], [ 68448.100000000005821, 18816.0 ], [ 68448.099518472663476, 18815.990198285966471 ], [ 68448.098078528040787, 18815.980490967798687 ], [ 68448.095694033574546, 18815.970971532275144 ], [ 68448.092387953249272, 18815.961731656763732 ], [ 68448.088192126437207, 18815.952860326317023 ], [ 68448.08314696123125, 18815.944442976699065 ], [ 68448.077301045341301, 18815.93656067158372 ], [ 68448.070710678119212, 18815.929289321880788 ], [ 68430.100000000005821, 18797.958578643767396 ], [ 68430.100000000005821, 18780.0 ], [ 68430.099552834857604, 18779.990553674138937 ], [ 68430.098215338555747, 18779.981191829632735 ], [ 68430.095999472730909, 18779.971998192286264 ], [ 68430.092925054545049, 18779.963054983592883 ], [ 68430.089019579449086, 18779.954442185367952 ], [ 68430.0843179752992, 18779.946236824482185 ], [ 68430.078862289941753, 18779.938512283955788 ], [ 68430.072701315250015, 18779.931337646703469 ], [ 68413.100000000005821, 18761.960242136443412 ], [ 68413.100000000005821, 18565.0 ], [ 68413.099518472663476, 18564.990198285966471 ], [ 68413.098078528040787, 18564.980490967798687 ], [ 68413.095694033574546, 18564.970971532275144 ], [ 68413.092387953249272, 18564.961731656763732 ], [ 68413.088192126437207, 18564.952860326317023 ], [ 68413.08314696123125, 18564.944442976699065 ], [ 68413.077301045341301, 18564.93656067158372 ], [ 68413.070710678119212, 18564.929289321880788 ], [ 68395.100000000005821, 18546.958578643767396 ], [ 68395.100000000005821, 18367.0 ], [ 68395.099518472663476, 18366.990198285966471 ], [ 68395.098078528040787, 18366.980490967798687 ], [ 68395.095694033574546, 18366.970971532275144 ], [ 68395.092387953249272, 18366.961731656763732 ], [ 68395.088192126437207, 18366.952860326317023 ], [ 68395.08314696123125, 18366.944442976699065 ], [ 68395.077301045341301, 18366.93656067158372 ], [ 68395.070710678119212, 18366.929289321880788 ], [ 68377.100000000005821, 18348.958578643767396 ], [ 68377.100000000005821, 18188.0 ], [ 68377.099518472663476, 18187.990198285966471 ], [ 68377.098078528040787, 18187.980490967798687 ], [ 68377.095694033574546, 18187.970971532275144 ], [ 68377.092387953249272, 18187.961731656763732 ], [ 68377.088192126437207, 18187.952860326317023 ], [ 68377.08314696123125, 18187.944442976699065 ], [ 68377.077301045341301, 18187.93656067158372 ], [ 68377.070710678119212, 18187.929289321880788 ], [ 68359.100000000005821, 18169.958578643767396 ], [ 68359.100000000005821, 17991.0 ], [ 68359.099518472663476, 17990.990198285966471 ], [ 68359.098078528040787, 17990.980490967798687 ], [ 68359.095694033574546, 17990.970971532275144 ], [ 68359.092387953249272, 17990.961731656763732 ], [ 68359.088192126437207, 17990.952860326317023 ], [ 68359.08314696123125, 17990.944442976699065 ], [ 68359.077301045341301, 17990.93656067158372 ], [ 68359.070710678119212, 17990.929289321880788 ], [ 68341.100000000005821, 17972.958578643767396 ], [ 68341.100000000005821, 17811.0 ], [ 68341.099518472663476, 17810.990198285966471 ], [ 68341.098078528040787, 17810.980490967798687 ], [ 68341.095694033574546, 17810.970971532275144 ], [ 68341.092387953249272, 17810.961731656763732 ], [ 68341.088192126437207, 17810.952860326317023 ], [ 68341.08314696123125, 17810.944442976699065 ], [ 68341.077301045341301, 17810.93656067158372 ], [ 68341.070710678119212, 17810.929289321880788 ], [ 68323.100000000005821, 17792.958578643767396 ], [ 68323.100000000005821, 17650.0 ], [ 68323.099518472663476, 17649.990198285966471 ], [ 68323.098078528040787, 17649.980490967798687 ], [ 68323.095694033574546, 17649.970971532275144 ], [ 68323.092387953249272, 17649.961731656763732 ], [ 68323.088192126437207, 17649.952860326317023 ], [ 68323.08314696123125, 17649.944442976699065 ], [ 68323.077301045341301, 17649.93656067158372 ], [ 68323.070710678119212, 17649.929289321880788 ], [ 68305.100000000005821, 17631.958578643767396 ], [ 68305.100000000005821, 17488.0 ], [ 68305.099518472663476, 17487.990198285966471 ], [ 68305.098078528040787, 17487.980490967798687 ], [ 68305.095694033574546, 17487.970971532275144 ], [ 68305.092387953249272, 17487.961731656763732 ], [ 68305.088192126437207, 17487.952860326317023 ], [ 68305.08314696123125, 17487.944442976699065 ], [ 68305.077301045341301, 17487.93656067158372 ], [ 68305.070710678119212, 17487.929289321880788 ], [ 68287.100000000005821, 17469.958578643767396 ], [ 68287.100000000005821, 17291.0 ], [ 68287.099518472663476, 17290.990198285966471 ], [ 68287.098078528040787, 17290.980490967798687 ], [ 68287.095694033574546, 17290.970971532275144 ], [ 68287.092387953249272, 17290.961731656763732 ], [ 68287.088192126437207, 17290.952860326317023 ], [ 68287.08314696123125, 17290.944442976699065 ], [ 68287.077301045341301, 17290.93656067158372 ], [ 68287.070710678119212, 17290.929289321880788 ], [ 68269.100000000005821, 17272.958578643767396 ], [ 68269.100000000005821, 17112.0 ], [ 68269.099518472663476, 17111.990198285966471 ], [ 68269.098078528040787, 17111.980490967798687 ], [ 68269.095694033574546, 17111.970971532275144 ], [ 68269.092387953249272, 17111.961731656763732 ], [ 68269.088192126437207, 17111.952860326317023 ], [ 68269.08314696123125, 17111.944442976699065 ], [ 68269.077301045341301, 17111.93656067158372 ], [ 68269.070710678119212, 17111.929289321880788 ], [ 68251.100000000005821, 17093.958578643767396 ], [ 68251.100000000005821, 16932.0 ], [ 68251.099518472663476, 16931.990198285966471 ], [ 68251.098078528040787, 16931.980490967798687 ], [ 68251.095694033574546, 16931.970971532275144 ], [ 68251.092387953249272, 16931.961731656763732 ], [ 68251.088192126437207, 16931.952860326317023 ], [ 68251.08314696123125, 16931.944442976699065 ], [ 68251.077301045341301, 16931.93656067158372 ], [ 68251.070710678119212, 16931.929289321880788 ], [ 68233.100000000005821, 16913.958578643767396 ], [ 68233.100000000005821, 16753.0 ], [ 68233.099518472663476, 16752.990198285966471 ], [ 68233.098078528040787, 16752.980490967798687 ], [ 68233.095694033574546, 16752.970971532275144 ], [ 68233.092387953249272, 16752.961731656763732 ], [ 68233.088192126437207, 16752.952860326317023 ], [ 68233.08314696123125, 16752.944442976699065 ], [ 68233.077301045341301, 16752.93656067158372 ], [ 68233.070710678119212, 16752.929289321880788 ], [ 68215.100000000005821, 16734.958578643767396 ], [ 68215.100000000005821, 16556.0 ], [ 68215.099518472663476, 16555.990198285966471 ], [ 68215.098078528040787, 16555.980490967798687 ], [ 68215.095694033574546, 16555.970971532275144 ], [ 68215.092387953249272, 16555.961731656763732 ], [ 68215.088192126437207, 16555.952860326317023 ], [ 68215.08314696123125, 16555.944442976699065 ], [ 68215.077301045341301, 16555.93656067158372 ], [ 68215.070710678119212, 16555.929289321880788 ], [ 68197.100000000005821, 16537.958578643767396 ], [ 68197.100000000005821, 16358.0 ], [ 68197.099518472663476, 16357.990198285966471 ], [ 68197.098078528040787, 16357.980490967798687 ], [ 68197.095694033574546, 16357.970971532275144 ], [ 68197.092387953249272, 16357.961731656763732 ], [ 68197.088192126437207, 16357.952860326317023 ], [ 68197.08314696123125, 16357.944442976697246 ], [ 68197.077301045341301, 16357.93656067158372 ], [ 68197.070710678119212, 16357.929289321880788 ], [ 68179.100000000005821, 16339.958578643767396 ], [ 68179.100000000005821, 16179.0 ], [ 68179.099518472663476, 16178.990198285966471 ], [ 68179.098078528040787, 16178.980490967798687 ], [ 68179.095694033574546, 16178.970971532275144 ], [ 68179.092387953249272, 16178.961731656763732 ], [ 68179.088192126437207, 16178.952860326317023 ], [ 68179.08314696123125, 16178.944442976697246 ], [ 68179.077301045341301, 16178.93656067158372 ], [ 68179.070710678119212, 16178.929289321880788 ], [ 68161.100000000005821, 16160.958578643767396 ], [ 68161.100000000005821, 15964.0 ], [ 68161.099518472663476, 15963.990198285966471 ], [ 68161.098078528040787, 15963.980490967798687 ], [ 68161.095694033574546, 15963.970971532275144 ], [ 68161.092387953249272, 15963.961731656763732 ], [ 68161.088192126437207, 15963.952860326317023 ], [ 68161.08314696123125, 15963.944442976697246 ], [ 68161.077301045341301, 15963.93656067158372 ], [ 68161.070710678119212, 15963.929289321880788 ], [ 68143.100000000005821, 15945.958578643767396 ], [ 68143.100000000005821, 15479.0 ], [ 68143.099552834857604, 15478.990553674138937 ], [ 68143.098215338555747, 15478.981191829630916 ], [ 68143.095999472730909, 15478.971998192288083 ], [ 68143.092925054545049, 15478.963054983592883 ], [ 68143.089019579449086, 15478.954442185369771 ], [ 68143.0843179752992, 15478.946236824480366 ], [ 68143.078862289941753, 15478.938512283957607 ], [ 68143.072701315250015, 15478.931337646703469 ], [ 68126.100000000005821, 15460.960242136445231 ], [ 68126.100000000005821, 15103.0 ], [ 68126.099518472663476, 15102.990198285966471 ], [ 68126.098078528040787, 15102.980490967798687 ], [ 68126.095694033574546, 15102.970971532275144 ], [ 68126.092387953249272, 15102.961731656763732 ], [ 68126.088192126437207, 15102.952860326317023 ], [ 68126.08314696123125, 15102.944442976697246 ], [ 68126.077301045341301, 15102.93656067158372 ], [ 68126.070710678119212, 15102.929289321880788 ], [ 68108.100000000005821, 15084.958578643767396 ], [ 68108.100000000005821, 14977.041421356232604 ], [ 68126.070710678119212, 14959.070710678119212 ], [ 68126.077301045341301, 14959.06343932841628 ], [ 68126.08314696123125, 14959.055557023302754 ], [ 68126.088192126437207, 14959.047139673682977 ], [ 68126.092387953249272, 14959.038268343236268 ], [ 68126.095694033574546, 14959.029028467724856 ], [ 68126.098078528040787, 14959.019509032201313 ], [ 68126.099518472663476, 14959.009801714033529 ], [ 68126.100000000005821, 14959.0 ], [ 68126.100000000005821, 14905.0 ], [ 68126.099518472663476, 14904.990198285966471 ], [ 68126.098078528040787, 14904.980490967798687 ], [ 68126.095694033574546, 14904.970971532275144 ], [ 68126.092387953249272, 14904.961731656763732 ], [ 68126.088192126437207, 14904.952860326317023 ], [ 68126.08314696123125, 14904.944442976697246 ], [ 68126.077301045341301, 14904.93656067158372 ], [ 68126.070710678119212, 14904.929289321880788 ], [ 68108.100000000005821, 14886.958578643767396 ], [ 68108.100000000005821, 14457.0 ], [ 68108.099518472663476, 14456.990198285966471 ], [ 68108.098078528040787, 14456.980490967798687 ], [ 68108.095694033574546, 14456.970971532275144 ], [ 68108.092387953249272, 14456.961731656763732 ], [ 68108.088192126437207, 14456.952860326317023 ], [ 68108.08314696123125, 14456.944442976697246 ], [ 68108.077301045341301, 14456.93656067158372 ], [ 68108.070710678119212, 14456.929289321880788 ], [ 68090.100000000005821, 14438.958578643767396 ], [ 68090.100000000005821, 14062.0 ], [ 68090.099518472663476, 14061.990198285966471 ], [ 68090.098078528040787, 14061.980490967798687 ], [ 68090.095694033574546, 14061.970971532275144 ], [ 68090.092387953249272, 14061.961731656763732 ], [ 68090.088192126437207, 14061.952860326317023 ], [ 68090.08314696123125, 14061.944442976697246 ], [ 68090.077301045341301, 14061.93656067158372 ], [ 68090.070710678119212, 14061.929289321880788 ], [ 68072.100000000005821, 14043.958578643767396 ], [ 68072.100000000005821, 14009.0 ], [ 68072.099518472663476, 14008.990198285966471 ], [ 68072.098078528040787, 14008.980490967798687 ], [ 68072.095694033574546, 14008.970971532275144 ], [ 68072.092387953249272, 14008.961731656763732 ], [ 68072.088192126437207, 14008.952860326317023 ], [ 68072.08314696123125, 14008.944442976697246 ], [ 68072.077301045341301, 14008.93656067158372 ], [ 68072.070710678119212, 14008.929289321880788 ], [ 68054.141421356238425, 13991.0 ], [ 68072.070710678119212, 13973.070710678119212 ], [ 68072.077301045341301, 13973.06343932841628 ], [ 68072.08314696123125, 13973.055557023302754 ], [ 68072.088192126437207, 13973.047139673682977 ], [ 68072.092387953249272, 13973.038268343236268 ], [ 68072.095694033574546, 13973.029028467724856 ], [ 68072.098078528040787, 13973.019509032201313 ], [ 68072.099518472663476, 13973.009801714033529 ], [ 68072.100000000005821, 13973.0 ], [ 68072.100000000005821, 13901.041421356232604 ], [ 68090.070710678119212, 13883.070710678119212 ], [ 68090.077301045341301, 13883.06343932841628 ], [ 68090.08314696123125, 13883.055557023302754 ], [ 68090.088192126437207, 13883.047139673682977 ], [ 68090.092387953249272, 13883.038268343236268 ], [ 68090.095694033574546, 13883.029028467724856 ], [ 68090.098078528040787, 13883.019509032201313 ], [ 68090.099518472663476, 13883.009801714033529 ], [ 68090.100000000005821, 13883.0 ], [ 68090.100000000005821, 13237.041421356232604 ], [ 68108.070710678119212, 13219.070710678119212 ], [ 68108.077301045341301, 13219.06343932841628 ], [ 68108.08314696123125, 13219.055557023302754 ], [ 68108.088192126437207, 13219.047139673682977 ], [ 68108.092387953249272, 13219.038268343236268 ], [ 68108.095694033574546, 13219.029028467724856 ], [ 68108.098078528040787, 13219.019509032201313 ], [ 68108.099518472663476, 13219.009801714033529 ], [ 68108.100000000005821, 13219.0 ], [ 68108.099518472663476, 13218.990198285966471 ], [ 68108.098078528040787, 13218.980490967798687 ], [ 68108.095694033574546, 13218.970971532275144 ], [ 68108.092387953249272, 13218.961731656763732 ], [ 68108.088192126437207, 13218.952860326317023 ], [ 68108.08314696123125, 13218.944442976697246 ], [ 68108.077301045341301, 13218.93656067158372 ], [ 68108.070710678119212, 13218.929289321880788 ], [ 68090.100000000005821, 13200.958578643767396 ], [ 68090.100000000005821, 13130.041421356232604 ], [ 68108.070710678119212, 13112.070710678119212 ], [ 68108.077301045341301, 13112.06343932841628 ], [ 68108.08314696123125, 13112.055557023302754 ], [ 68108.088192126437207, 13112.047139673682977 ], [ 68108.092387953249272, 13112.038268343236268 ], [ 68108.095694033574546, 13112.029028467724856 ], [ 68108.098078528040787, 13112.019509032201313 ], [ 68108.099518472663476, 13112.009801714033529 ], [ 68108.100000000005821, 13112.0 ], [ 68108.100000000005821, 13094.0 ], [ 68108.099518472663476, 13093.990198285966471 ], [ 68108.098078528040787, 13093.980490967798687 ], [ 68108.095694033574546, 13093.970971532275144 ], [ 68108.092387953249272, 13093.961731656763732 ], [ 68108.088192126437207, 13093.952860326317023 ], [ 68108.08314696123125, 13093.944442976697246 ], [ 68108.077301045341301, 13093.93656067158372 ], [ 68108.070710678119212, 13093.929289321880788 ], [ 68090.100000000005821, 13075.958578643767396 ], [ 68090.100000000005821, 13022.041421356232604 ], [ 68108.070710678119212, 13004.070710678119212 ], [ 68108.077301045341301, 13004.06343932841628 ], [ 68108.08314696123125, 13004.055557023302754 ], [ 68108.088192126437207, 13004.047139673682977 ], [ 68108.092387953249272, 13004.038268343236268 ], [ 68108.095694033574546, 13004.029028467724856 ], [ 68108.098078528040787, 13004.019509032201313 ], [ 68108.099518472663476, 13004.009801714033529 ], [ 68108.100000000005821, 13004.0 ], [ 68108.099518472663476, 13003.990198285966471 ], [ 68108.098078528040787, 13003.980490967798687 ], [ 68108.095694033574546, 13003.970971532275144 ], [ 68108.092387953249272, 13003.961731656763732 ], [ 68108.088192126437207, 13003.952860326317023 ], [ 68108.08314696123125, 13003.944442976697246 ], [ 68108.077301045341301, 13003.93656067158372 ], [ 68108.070710678119212, 13003.929289321880788 ], [ 68090.100000000005821, 12985.958578643767396 ], [ 68090.100000000005821, 12896.043104648919325 ], [ 68108.068662353296531, 12879.072701315255472 ], [ 68108.075691516365623, 12879.065351314839063 ], [ 68108.081937789655058, 12879.057325375059008 ], [ 68108.087336566968588, 12879.048706509527619 ], [ 68108.091832007849007, 12879.0395838645818 ], [ 68108.095377615201869, 12879.030051797233682 ], [ 68108.097936716265394, 12879.020208899220961 ], [ 68108.099482841804274, 12879.010156977250517 ], [ 68108.100000000005821, 12879.0 ], [ 68108.100000000005821, 12861.0 ], [ 68108.099518472663476, 12860.990198285966471 ], [ 68108.098078528040787, 12860.980490967798687 ], [ 68108.095694033574546, 12860.970971532275144 ], [ 68108.092387953249272, 12860.961731656763732 ], [ 68108.088192126437207, 12860.952860326317023 ], [ 68108.08314696123125, 12860.944442976697246 ], [ 68108.077301045341301, 12860.93656067158372 ], [ 68108.070710678119212, 12860.929289321880788 ], [ 68090.141421356238425, 12843.0 ], [ 68108.070710678119212, 12825.070710678119212 ], [ 68108.077301045341301, 12825.06343932841628 ], [ 68108.08314696123125, 12825.055557023302754 ], [ 68108.088192126437207, 12825.047139673682977 ], [ 68108.092387953249272, 12825.038268343236268 ], [ 68108.095694033574546, 12825.029028467724856 ], [ 68108.098078528040787, 12825.019509032201313 ], [ 68108.099518472663476, 12825.009801714033529 ], [ 68108.100000000005821, 12825.0 ], [ 68108.100000000005821, 12807.0 ], [ 68108.099518472663476, 12806.990198285966471 ], [ 68108.098078528040787, 12806.980490967798687 ], [ 68108.095694033574546, 12806.970971532275144 ], [ 68108.092387953249272, 12806.961731656763732 ], [ 68108.088192126437207, 12806.952860326317023 ], [ 68108.08314696123125, 12806.944442976697246 ], [ 68108.077301045341301, 12806.93656067158372 ], [ 68108.070710678119212, 12806.929289321880788 ], [ 68090.100000000005821, 12788.958578643767396 ], [ 68090.100000000005821, 12753.041421356232604 ], [ 68108.070710678119212, 12735.070710678119212 ], [ 68108.077301045341301, 12735.06343932841628 ], [ 68108.08314696123125, 12735.055557023302754 ], [ 68108.088192126437207, 12735.047139673682977 ], [ 68108.092387953249272, 12735.038268343236268 ], [ 68108.095694033574546, 12735.029028467724856 ], [ 68108.098078528040787, 12735.019509032201313 ], [ 68108.099518472663476, 12735.009801714033529 ], [ 68108.100000000005821, 12735.0 ], [ 68108.099518472663476, 12734.990198285966471 ], [ 68108.098078528040787, 12734.980490967798687 ], [ 68108.095694033574546, 12734.970971532275144 ], [ 68108.092387953249272, 12734.961731656763732 ], [ 68108.088192126437207, 12734.952860326317023 ], [ 68108.08314696123125, 12734.944442976697246 ], [ 68108.077301045341301, 12734.93656067158372 ], [ 68108.070710678119212, 12734.929289321880788 ], [ 68090.100000000005821, 12716.958578643767396 ], [ 68090.100000000005821, 11784.0 ], [ 68090.099518472663476, 11783.990198285966471 ], [ 68090.098078528040787, 11783.980490967798687 ], [ 68090.095694033574546, 11783.970971532275144 ], [ 68090.092387953249272, 11783.961731656763732 ], [ 68090.088192126437207, 11783.952860326317023 ], [ 68090.08314696123125, 11783.944442976697246 ], [ 68090.077301045341301, 11783.93656067158372 ], [ 68090.070710678119212, 11783.929289321880788 ], [ 68072.100000000005821, 11765.958578643767396 ], [ 68072.100000000005821, 11731.041421356232604 ], [ 68090.070710678119212, 11713.070710678119212 ], [ 68090.077301045341301, 11713.06343932841628 ], [ 68090.08314696123125, 11713.055557023302754 ], [ 68090.088192126437207, 11713.047139673682977 ], [ 68090.092387953249272, 11713.038268343236268 ], [ 68090.095694033574546, 11713.029028467724856 ], [ 68090.098078528040787, 11713.019509032201313 ], [ 68090.099518472663476, 11713.009801714033529 ], [ 68090.100000000005821, 11713.0 ], [ 68090.100000000005821, 11587.0 ], [ 68090.099518472663476, 11586.990198285966471 ], [ 68090.098078528040787, 11586.980490967798687 ], [ 68090.095694033574546, 11586.970971532275144 ], [ 68090.092387953249272, 11586.961731656763732 ], [ 68090.088192126437207, 11586.952860326317023 ], [ 68090.08314696123125, 11586.944442976697246 ], [ 68090.077301045341301, 11586.93656067158372 ], [ 68090.070710678119212, 11586.929289321880788 ], [ 68072.100000000005821, 11568.958578643767396 ], [ 68072.100000000005821, 11210.041421356232604 ], [ 68090.070710678119212, 11192.070710678119212 ], [ 68090.077301045341301, 11192.06343932841628 ], [ 68090.08314696123125, 11192.055557023302754 ], [ 68090.088192126437207, 11192.047139673682977 ], [ 68090.092387953249272, 11192.038268343236268 ], [ 68090.095694033574546, 11192.029028467724856 ], [ 68090.098078528040787, 11192.019509032201313 ], [ 68090.099518472663476, 11192.009801714033529 ], [ 68090.100000000005821, 11192.0 ], [ 68090.099518472663476, 11191.990198285966471 ], [ 68090.098078528040787, 11191.980490967798687 ], [ 68090.095694033574546, 11191.970971532275144 ], [ 68090.092387953249272, 11191.961731656763732 ], [ 68090.088192126437207, 11191.952860326317023 ], [ 68090.08314696123125, 11191.944442976697246 ], [ 68090.077301045341301, 11191.93656067158372 ], [ 68090.070710678119212, 11191.929289321880788 ], [ 68072.100000000005821, 11173.958578643767396 ], [ 68072.100000000005821, 10600.043104648919325 ], [ 68090.068662353296531, 10583.072701315255472 ], [ 68090.075574728762149, 10583.065486337289258 ], [ 68090.081732590013416, 10583.057617564414613 ], [ 68090.087074458904681, 10583.049173555975358 ], [ 68090.091547003888991, 10583.040238614281407 ], [ 68090.09510557250178, 10583.030901942973287 ], [ 68090.097714637115132, 10583.021256756424918 ], [ 68090.09934814965527, 10583.011399349134081 ], [ 68090.099989801645279, 10583.00142813434104 ], [ 68090.099633187026484, 10582.991442661506881 ], [ 68090.098281866143225, 10582.981542622437701 ], [ 68090.095949330148869, 10582.971826855995459 ], [ 68090.092658866356942, 10582.962392361325328 ], [ 68090.088443325686967, 10582.953333329443922 ], [ 68090.083344794795266, 10582.944740202859975 ], [ 68090.077414175801096, 10582.936698772640739 ], [ 68090.070710678119212, 10582.929289321880788 ], [ 68072.100000000005821, 10564.958578643767396 ], [ 68072.100000000005821, 10385.041421356232604 ], [ 68090.070710678119212, 10367.070710678119212 ], [ 68090.077301045341301, 10367.06343932841628 ], [ 68090.08314696123125, 10367.055557023302754 ], [ 68090.088192126437207, 10367.047139673682977 ], [ 68090.092387953249272, 10367.038268343236268 ], [ 68090.095694033574546, 10367.029028467724856 ], [ 68090.098078528040787, 10367.019509032201313 ], [ 68090.099518472663476, 10367.009801714033529 ], [ 68090.100000000005821, 10367.0 ], [ 68090.100000000005821, 10296.0 ], [ 68090.099518472663476, 10295.990198285966471 ], [ 68090.098078528040787, 10295.980490967798687 ], [ 68090.095694033574546, 10295.970971532275144 ], [ 68090.092387953249272, 10295.961731656763732 ], [ 68090.088192126437207, 10295.952860326317023 ], [ 68090.08314696123125, 10295.944442976697246 ], [ 68090.077301045341301, 10295.93656067158372 ], [ 68090.070710678119212, 10295.929289321880788 ], [ 68072.100000000005821, 10277.958578643767396 ], [ 68072.100000000005821, 10242.041421356232604 ], [ 68090.070710678119212, 10224.070710678119212 ], [ 68090.077301045341301, 10224.06343932841628 ], [ 68090.08314696123125, 10224.055557023302754 ], [ 68090.088192126437207, 10224.047139673682977 ], [ 68090.092387953249272, 10224.038268343236268 ], [ 68090.095694033574546, 10224.029028467724856 ], [ 68090.098078528040787, 10224.019509032201313 ], [ 68090.099518472663476, 10224.009801714033529 ], [ 68090.100000000005821, 10224.0 ], [ 68090.100000000005821, 10080.041421356232604 ], [ 68108.070710678119212, 10062.070710678119212 ], [ 68108.077301045341301, 10062.06343932841628 ], [ 68108.08314696123125, 10062.055557023302754 ], [ 68108.088192126437207, 10062.047139673682977 ], [ 68108.092387953249272, 10062.038268343236268 ], [ 68108.095694033574546, 10062.029028467724856 ], [ 68108.098078528040787, 10062.019509032201313 ], [ 68108.099518472663476, 10062.009801714033529 ], [ 68108.100000000005821, 10062.0 ], [ 68108.100000000005821, 9739.043104648919325 ], [ 68126.068662353296531, 9722.072701315255472 ], [ 68126.075574728762149, 9722.065486337289258 ], [ 68126.081732590013416, 9722.057617564414613 ], [ 68126.087074458904681, 9722.049173555975358 ], [ 68126.091547003888991, 9722.040238614281407 ], [ 68126.09510557250178, 9722.030901942973287 ], [ 68126.097714637115132, 9722.021256756424918 ], [ 68126.09934814965527, 9722.011399349134081 ], [ 68126.099989801645279, 9722.00142813434104 ], [ 68126.099633187026484, 9721.991442661506881 ], [ 68126.098281866143225, 9721.981542622437701 ], [ 68126.095949330148869, 9721.971826855995459 ], [ 68126.092658866356942, 9721.962392361325328 ], [ 68126.088443325686967, 9721.953333329443922 ], [ 68126.083344794795266, 9721.944740202859975 ], [ 68126.077414175801096, 9721.936698772640739 ], [ 68126.070710678119212, 9721.929289321880788 ], [ 68108.141421356238425, 9704.0 ], [ 68126.070710678119212, 9686.070710678119212 ], [ 68126.077301045341301, 9686.06343932841628 ], [ 68126.08314696123125, 9686.055557023302754 ], [ 68126.088192126437207, 9686.047139673682977 ], [ 68126.092387953249272, 9686.038268343236268 ], [ 68126.095694033574546, 9686.029028467724856 ], [ 68126.098078528040787, 9686.019509032201313 ], [ 68126.099518472663476, 9686.009801714033529 ], [ 68126.100000000005821, 9686.0 ], [ 68126.099518472663476, 9685.990198285966471 ], [ 68126.098078528040787, 9685.980490967798687 ], [ 68126.095694033574546, 9685.970971532275144 ], [ 68126.092387953249272, 9685.961731656763732 ], [ 68126.088192126437207, 9685.952860326317023 ], [ 68126.08314696123125, 9685.944442976697246 ], [ 68126.077301045341301, 9685.93656067158372 ], [ 68126.070710678119212, 9685.929289321880788 ], [ 68108.141421356238425, 9668.0 ], [ 68126.070710678119212, 9650.070710678119212 ], [ 68126.077301045341301, 9650.06343932841628 ], [ 68126.08314696123125, 9650.055557023302754 ], [ 68126.088192126437207, 9650.047139673682977 ], [ 68126.092387953249272, 9650.038268343236268 ], [ 68126.095694033574546, 9650.029028467724856 ], [ 68126.098078528040787, 9650.019509032201313 ], [ 68126.099518472663476, 9650.009801714033529 ], [ 68126.100000000005821, 9650.0 ], [ 68126.100000000005821, 9363.0 ], [ 68126.099518472663476, 9362.990198285966471 ], [ 68126.098078528040787, 9362.980490967798687 ], [ 68126.095694033574546, 9362.970971532275144 ], [ 68126.092387953249272, 9362.961731656763732 ], [ 68126.088192126437207, 9362.952860326317023 ], [ 68126.08314696123125, 9362.944442976697246 ], [ 68126.077301045341301, 9362.93656067158372 ], [ 68126.070710678119212, 9362.929289321880788 ], [ 68108.141421356238425, 9345.0 ], [ 68126.070710678119212, 9327.070710678119212 ], [ 68126.077301045341301, 9327.06343932841628 ], [ 68126.08314696123125, 9327.055557023302754 ], [ 68126.088192126437207, 9327.047139673682977 ], [ 68126.092387953249272, 9327.038268343236268 ], [ 68126.095694033574546, 9327.029028467724856 ], [ 68126.098078528040787, 9327.019509032201313 ], [ 68126.099518472663476, 9327.009801714033529 ], [ 68126.100000000005821, 9327.0 ], [ 68126.100000000005821, 9309.0 ], [ 68126.099518472663476, 9308.990198285966471 ], [ 68126.098078528040787, 9308.980490967798687 ], [ 68126.095694033574546, 9308.970971532275144 ], [ 68126.092387953249272, 9308.961731656763732 ], [ 68126.088192126437207, 9308.952860326317023 ], [ 68126.08314696123125, 9308.944442976697246 ], [ 68126.077301045341301, 9308.93656067158372 ], [ 68126.070710678119212, 9308.929289321880788 ], [ 68108.100000000005821, 9290.958578643767396 ], [ 68108.100000000005821, 8717.0 ], [ 68108.099518472663476, 8716.990198285966471 ], [ 68108.098078528040787, 8716.980490967798687 ], [ 68108.095694033574546, 8716.970971532275144 ], [ 68108.092387953249272, 8716.961731656763732 ], [ 68108.088192126437207, 8716.952860326317023 ], [ 68108.08314696123125, 8716.944442976697246 ], [ 68108.077301045341301, 8716.93656067158372 ], [ 68108.070710678119212, 8716.929289321880788 ], [ 68090.141421356238425, 8699.0 ], [ 68108.070710678119212, 8681.070710678119212 ], [ 68108.077301045341301, 8681.06343932841628 ], [ 68108.08314696123125, 8681.055557023302754 ], [ 68108.088192126437207, 8681.047139673682977 ], [ 68108.092387953249272, 8681.038268343236268 ], [ 68108.095694033574546, 8681.029028467724856 ], [ 68108.098078528040787, 8681.019509032201313 ], [ 68108.099518472663476, 8681.009801714033529 ], [ 68108.100000000005821, 8681.0 ], [ 68108.100000000005821, 8609.041421356232604 ], [ 68126.070710678119212, 8591.070710678119212 ], [ 68126.077414175801096, 8591.063301227359261 ], [ 68126.083344794795266, 8591.055259797140025 ], [ 68126.088443325686967, 8591.046666670556078 ], [ 68126.092658866356942, 8591.037607638674672 ], [ 68126.095949330148869, 8591.028173144004541 ], [ 68126.098281866143225, 8591.018457377562299 ], [ 68126.099633187026484, 8591.008557338493119 ], [ 68126.099989801645279, 8590.99857186565896 ], [ 68126.09934814965527, 8590.988600650865919 ], [ 68126.097714637115132, 8590.978743243575082 ], [ 68126.09510557250178, 8590.969098057026713 ], [ 68126.091547003888991, 8590.959761385718593 ], [ 68126.087074458904681, 8590.950826444024642 ], [ 68126.081732590013416, 8590.942382435585387 ], [ 68126.075574728762149, 8590.934513662710742 ], [ 68126.068662353296531, 8590.927298684744528 ], [ 68108.100000000005821, 8573.956895351080675 ], [ 68108.100000000005821, 8538.0 ], [ 68108.099518472663476, 8537.990198285966471 ], [ 68108.098078528040787, 8537.980490967798687 ], [ 68108.095694033574546, 8537.970971532275144 ], [ 68108.092387953249272, 8537.961731656763732 ], [ 68108.088192126437207, 8537.952860326317023 ], [ 68108.08314696123125, 8537.944442976697246 ], [ 68108.077301045341301, 8537.93656067158372 ], [ 68108.070710678119212, 8537.929289321880788 ], [ 68090.141421356238425, 8520.0 ], [ 68108.041421356232604, 8502.100000000000364 ], [ 68126.0, 8502.100000000000364 ], [ 68126.009801714026253, 8502.099518472667114 ], [ 68126.019509032208589, 8502.098078528040787 ], [ 68126.029028467732132, 8502.095694033572727 ], [ 68126.038268343239906, 8502.092387953251091 ], [ 68126.047139673682977, 8502.088192126435388 ], [ 68126.055557023297297, 8502.083146961229431 ], [ 68126.063439328412642, 8502.077301045335844 ], [ 68126.070710678119212, 8502.070710678119212 ], [ 68126.077301045341301, 8502.06343932841628 ], [ 68126.08314696123125, 8502.055557023302754 ], [ 68126.088192126437207, 8502.047139673682977 ], [ 68126.092387953249272, 8502.038268343236268 ], [ 68126.095694033574546, 8502.029028467724856 ], [ 68126.098078528040787, 8502.019509032201313 ], [ 68126.099518472663476, 8502.009801714033529 ], [ 68126.100000000005821, 8502.0 ], [ 68126.099518472663476, 8501.990198285966471 ], [ 68126.098078528040787, 8501.980490967798687 ], [ 68126.095694033574546, 8501.970971532275144 ], [ 68126.092387953249272, 8501.961731656763732 ], [ 68126.088192126437207, 8501.952860326317023 ], [ 68126.08314696123125, 8501.944442976697246 ], [ 68126.077301045341301, 8501.93656067158372 ], [ 68126.070710678119212, 8501.929289321880788 ], [ 68108.100000000005821, 8483.958578643767396 ], [ 68108.100000000005821, 8448.041421356232604 ], [ 68126.070710678119212, 8430.070710678119212 ], [ 68126.077301045341301, 8430.06343932841628 ], [ 68126.08314696123125, 8430.055557023302754 ], [ 68126.088192126437207, 8430.047139673682977 ], [ 68126.092387953249272, 8430.038268343236268 ], [ 68126.095694033574546, 8430.029028467724856 ], [ 68126.098078528040787, 8430.019509032201313 ], [ 68126.099518472663476, 8430.009801714033529 ], [ 68126.100000000005821, 8430.0 ], [ 68126.100000000005821, 8269.039757863554769 ], [ 68143.072701315250015, 8251.068662353296531 ], [ 68143.078862289941753, 8251.061487716042393 ], [ 68143.0843179752992, 8251.053763175519634 ], [ 68143.089019579449086, 8251.045557814630229 ], [ 68143.092925054545049, 8251.036945016407117 ], [ 68143.095999472730909, 8251.028001807711917 ], [ 68143.098215338555747, 8251.018808170369084 ], [ 68143.099552834857604, 8251.009446325861063 ], [ 68143.100000000005821, 8251.0 ], [ 68143.100000000005821, 7892.041421356231695 ], [ 68161.070710678119212, 7874.070710678118303 ], [ 68161.077301045341301, 7874.06343932841628 ], [ 68161.08314696123125, 7874.055557023301844 ], [ 68161.088192126437207, 7874.047139673682068 ], [ 68161.092387953249272, 7874.038268343236268 ], [ 68161.095694033574546, 7874.029028467724856 ], [ 68161.098078528040787, 7874.019509032201313 ], [ 68161.099518472663476, 7874.009801714032619 ], [ 68161.100000000005821, 7874.0 ], [ 68161.100000000005821, 7139.0 ], [ 68161.099518472663476, 7138.990198285967381 ], [ 68161.098078528040787, 7138.980490967798687 ], [ 68161.095694033574546, 7138.970971532275144 ], [ 68161.092387953249272, 7138.961731656763732 ], [ 68161.088192126437207, 7138.952860326317932 ], [ 68161.08314696123125, 7138.944442976698156 ], [ 68161.077301045341301, 7138.93656067158372 ], [ 68161.070710678119212, 7138.929289321881697 ], [ 68143.100000000005821, 7120.958578643768305 ], [ 68143.100000000005821, 6672.0 ], [ 68143.099552834857604, 6671.990553674138937 ], [ 68143.098215338555747, 6671.981191829630916 ], [ 68143.095999472730909, 6671.971998192287174 ], [ 68143.092925054545049, 6671.963054983591974 ], [ 68143.089019579449086, 6671.954442185368862 ], [ 68143.0843179752992, 6671.946236824481275 ], [ 68143.078862289941753, 6671.938512283956698 ], [ 68143.072701315250015, 6671.931337646703469 ], [ 68126.100000000005821, 6653.960242136445231 ], [ 68126.100000000005821, 6439.0 ], [ 68126.099518472663476, 6438.990198285967381 ], [ 68126.098078528040787, 6438.980490967798687 ], [ 68126.095694033574546, 6438.970971532275144 ], [ 68126.092387953249272, 6438.961731656763732 ], [ 68126.088192126437207, 6438.952860326317932 ], [ 68126.08314696123125, 6438.944442976698156 ], [ 68126.077301045341301, 6438.93656067158372 ], [ 68126.070710678119212, 6438.929289321881697 ], [ 68108.100000000005821, 6420.958578643768305 ], [ 68108.100000000005821, 6188.0 ], [ 68108.099518472663476, 6187.990198285967381 ], [ 68108.098078528040787, 6187.980490967798687 ], [ 68108.095694033574546, 6187.970971532275144 ], [ 68108.092387953249272, 6187.961731656763732 ], [ 68108.088192126437207, 6187.952860326317932 ], [ 68108.08314696123125, 6187.944442976698156 ], [ 68108.077301045341301, 6187.93656067158372 ], [ 68108.070710678119212, 6187.929289321881697 ], [ 68090.100000000005821, 6169.958578643768305 ], [ 68090.100000000005821, 6062.0 ], [ 68090.099518472663476, 6061.990198285967381 ], [ 68090.098078528040787, 6061.980490967798687 ], [ 68090.095694033574546, 6061.970971532275144 ], [ 68090.092387953249272, 6061.961731656763732 ], [ 68090.088192126437207, 6061.952860326317932 ], [ 68090.08314696123125, 6061.944442976698156 ], [ 68090.077301045341301, 6061.93656067158372 ], [ 68090.070710678119212, 6061.929289321881697 ], [ 68072.100000000005821, 6043.958578643768305 ], [ 68072.100000000005821, 5955.0 ], [ 68072.099518472663476, 5954.990198285967381 ], [ 68072.098078528040787, 5954.980490967798687 ], [ 68072.095694033574546, 5954.970971532275144 ], [ 68072.092387953249272, 5954.961731656763732 ], [ 68072.088192126437207, 5954.952860326317932 ], [ 68072.08314696123125, 5954.944442976698156 ], [ 68072.077301045341301, 5954.93656067158372 ], [ 68072.070710678119212, 5954.929289321881697 ], [ 68054.100000000005821, 5936.958578643768305 ], [ 68054.100000000005821, 5865.0 ], [ 68054.099518472663476, 5864.990198285967381 ], [ 68054.098078528040787, 5864.980490967798687 ], [ 68054.095694033574546, 5864.970971532275144 ], [ 68054.092387953249272, 5864.961731656763732 ], [ 68054.088192126437207, 5864.952860326317932 ], [ 68054.08314696123125, 5864.944442976698156 ], [ 68054.077301045341301, 5864.93656067158372 ], [ 68054.070710678119212, 5864.929289321881697 ], [ 68036.100000000005821, 5846.958578643768305 ], [ 68036.100000000005821, 5775.0 ], [ 68036.099518472663476, 5774.990198285967381 ], [ 68036.098078528040787, 5774.980490967798687 ], [ 68036.095694033574546, 5774.970971532275144 ], [ 68036.092387953249272, 5774.961731656763732 ], [ 68036.088192126437207, 5774.952860326317932 ], [ 68036.08314696123125, 5774.944442976698156 ], [ 68036.077301045341301, 5774.93656067158372 ], [ 68036.070710678119212, 5774.929289321881697 ], [ 68018.100000000005821, 5756.958578643768305 ], [ 68018.100000000005821, 5704.0 ], [ 68018.099518472663476, 5703.990198285967381 ], [ 68018.098078528040787, 5703.980490967798687 ], [ 68018.095694033574546, 5703.970971532275144 ], [ 68018.092387953249272, 5703.961731656763732 ], [ 68018.088192126437207, 5703.952860326317932 ], [ 68018.08314696123125, 5703.944442976698156 ], [ 68018.077301045341301, 5703.93656067158372 ], [ 68018.070710678119212, 5703.929289321881697 ], [ 68000.100000000005821, 5685.958578643768305 ], [ 68000.100000000005821, 5650.0 ], [ 68000.099518472663476, 5649.990198285967381 ], [ 68000.098078528040787, 5649.980490967798687 ], [ 68000.095694033574546, 5649.970971532275144 ], [ 68000.092387953249272, 5649.961731656763732 ], [ 68000.088192126437207, 5649.952860326317932 ], [ 68000.08314696123125, 5649.944442976698156 ], [ 68000.077301045341301, 5649.93656067158372 ], [ 68000.070710678119212, 5649.929289321881697 ], [ 67982.100000000005821, 5631.958578643768305 ], [ 67982.100000000005821, 5578.0 ], [ 67982.099518472663476, 5577.990198285967381 ], [ 67982.098078528040787, 5577.980490967798687 ], [ 67982.095694033574546, 5577.970971532275144 ], [ 67982.092387953249272, 5577.961731656763732 ], [ 67982.088192126437207, 5577.952860326317932 ], [ 67982.08314696123125, 5577.944442976698156 ], [ 67982.077301045341301, 5577.93656067158372 ], [ 67982.070710678119212, 5577.929289321881697 ], [ 67964.100000000005821, 5559.958578643768305 ], [ 67964.100000000005821, 5506.0 ], [ 67964.099518472663476, 5505.990198285967381 ], [ 67964.098078528040787, 5505.980490967798687 ], [ 67964.095694033574546, 5505.970971532275144 ], [ 67964.092387953249272, 5505.961731656763732 ], [ 67964.088192126437207, 5505.952860326317932 ], [ 67964.08314696123125, 5505.944442976698156 ], [ 67964.077301045341301, 5505.93656067158372 ], [ 67964.070710678119212, 5505.929289321881697 ], [ 67946.100000000005821, 5487.958578643768305 ], [ 67946.100000000005821, 5452.0 ], [ 67946.099482841804274, 5451.989843022748573 ], [ 67946.097936716265394, 5451.979791100778129 ], [ 67946.095377615216421, 5451.969948202765408 ], [ 67946.091832007849007, 5451.960416135419109 ], [ 67946.087336566968588, 5451.95129349047329 ], [ 67946.081937789655058, 5451.942674624940992 ], [ 67946.075691516365623, 5451.934648685160937 ], [ 67946.068662353296531, 5451.927298684745438 ], [ 67928.100000000005821, 5434.956895351081585 ], [ 67928.100000000005821, 5399.0 ], [ 67928.099518472663476, 5398.990198285967381 ], [ 67928.098078528040787, 5398.980490967798687 ], [ 67928.095694033574546, 5398.970971532275144 ], [ 67928.092387953249272, 5398.961731656763732 ], [ 67928.088192126437207, 5398.952860326317932 ], [ 67928.08314696123125, 5398.944442976698156 ], [ 67928.077301045341301, 5398.93656067158372 ], [ 67928.070710678119212, 5398.929289321881697 ], [ 67910.100000000005821, 5380.958578643768305 ], [ 67910.100000000005821, 5345.0 ], [ 67910.099518472663476, 5344.990198285967381 ], [ 67910.098078528040787, 5344.980490967798687 ], [ 67910.095694033574546, 5344.970971532275144 ], [ 67910.092387953249272, 5344.961731656763732 ], [ 67910.088192126437207, 5344.952860326317932 ], [ 67910.08314696123125, 5344.944442976698156 ], [ 67910.077301045341301, 5344.93656067158372 ], [ 67910.070710678119212, 5344.929289321881697 ], [ 67892.100000000005821, 5326.958578643768305 ], [ 67892.100000000005821, 5291.0 ], [ 67892.099518472663476, 5290.990198285967381 ], [ 67892.098078528040787, 5290.980490967798687 ], [ 67892.095694033574546, 5290.970971532275144 ], [ 67892.092387953249272, 5290.961731656763732 ], [ 67892.088192126437207, 5290.952860326317932 ], [ 67892.08314696123125, 5290.944442976698156 ], [ 67892.077301045341301, 5290.93656067158372 ], [ 67892.070710678119212, 5290.929289321881697 ], [ 67874.100000000005821, 5272.958578643768305 ], [ 67874.100000000005821, 5201.0 ], [ 67874.099518472663476, 5200.990198285967381 ], [ 67874.098078528040787, 5200.980490967798687 ], [ 67874.095694033574546, 5200.970971532274234 ], [ 67874.092387953249272, 5200.961731656763732 ], [ 67874.088192126437207, 5200.952860326317023 ], [ 67874.08314696123125, 5200.944442976698156 ], [ 67874.077301045341301, 5200.93656067158372 ], [ 67874.070710678119212, 5200.929289321881697 ], [ 67874.063439328412642, 5200.922698954664156 ], [ 67874.055557023297297, 5200.916853038769659 ], [ 67874.047139673682977, 5200.911807873565522 ], [ 67874.038268343239906, 5200.907612046748909 ], [ 67874.029028467732132, 5200.904305966426364 ], [ 67874.019509032208589, 5200.901921471960122 ], [ 67874.009801714026253, 5200.900481527332886 ], [ 67874.0, 5200.899999999999636 ], [ 67659.041421356232604, 5200.899999999999636 ], [ 67641.100000000005821, 5182.958578643768305 ], [ 67641.100000000005821, 4861.0 ], [ 67641.099518472663476, 4860.990198285967381 ], [ 67641.098078528040787, 4860.980490967798687 ], [ 67641.095694033574546, 4860.970971532275144 ], [ 67641.092387953249272, 4860.961731656763732 ], [ 67641.088192126437207, 4860.952860326317932 ], [ 67641.08314696123125, 4860.944442976698156 ], [ 67641.077301045341301, 4860.93656067158372 ], [ 67641.070710678119212, 4860.929289321881697 ], [ 67569.070710678119212, 4788.929289321881697 ], [ 67569.063439328412642, 4788.922698954664156 ], [ 67569.055557023297297, 4788.916853038769659 ], [ 67569.047139673682977, 4788.911807873565522 ], [ 67569.038268343239906, 4788.907612046748909 ], [ 67569.029028467732132, 4788.904305966427273 ], [ 67569.019509032208589, 4788.901921471960122 ], [ 67569.009801714026253, 4788.900481527332886 ], [ 67569.0, 4788.899999999999636 ], [ 67552.041421356232604, 4788.899999999999636 ], [ 67498.070710678119212, 4734.929289321881697 ], [ 67498.063439328412642, 4734.922698954664156 ], [ 67498.055557023297297, 4734.916853038769659 ], [ 67498.047139673682977, 4734.911807873565522 ], [ 67498.038268343239906, 4734.907612046748909 ], [ 67498.029028467732132, 4734.904305966427273 ], [ 67498.019509032208589, 4734.901921471960122 ], [ 67498.009801714026253, 4734.900481527332886 ], [ 67498.0, 4734.899999999999636 ], [ 67480.041421356232604, 4734.899999999999636 ], [ 67462.070710678119212, 4716.929289321881697 ], [ 67462.063439328412642, 4716.922698954664156 ], [ 67462.055557023297297, 4716.916853038769659 ], [ 67462.047139673682977, 4716.911807873565522 ], [ 67462.038268343239906, 4716.907612046748909 ], [ 67462.029028467732132, 4716.904305966427273 ], [ 67462.019509032208589, 4716.901921471960122 ], [ 67462.009801714026253, 4716.900481527332886 ], [ 67462.0, 4716.899999999999636 ], [ 67444.041421356232604, 4716.899999999999636 ], [ 67426.070710678119212, 4698.929289321881697 ], [ 67426.063439328412642, 4698.922698954664156 ], [ 67426.055557023297297, 4698.916853038769659 ], [ 67426.047139673682977, 4698.911807873565522 ], [ 67426.038268343239906, 4698.907612046748909 ], [ 67426.029028467732132, 4698.904305966427273 ], [ 67426.019509032208589, 4698.901921471960122 ], [ 67426.009801714026253, 4698.900481527332886 ], [ 67426.0, 4698.899999999999636 ], [ 67390.041421356232604, 4698.899999999999636 ], [ 67372.070710678119212, 4680.929289321881697 ], [ 67372.063439328412642, 4680.922698954664156 ], [ 67372.055557023297297, 4680.916853038769659 ], [ 67372.047139673682977, 4680.911807873565522 ], [ 67372.038268343239906, 4680.907612046748909 ], [ 67372.029028467732132, 4680.904305966427273 ], [ 67372.019509032208589, 4680.901921471960122 ], [ 67372.009801714026253, 4680.900481527332886 ], [ 67372.0, 4680.899999999999636 ], [ 67354.041421356232604, 4680.899999999999636 ], [ 67336.100000000005821, 4662.958578643768305 ], [ 67336.100000000005821, 4645.0 ], [ 67336.099518472663476, 4644.990198285967381 ], [ 67336.098078528040787, 4644.980490967798687 ], [ 67336.095694033574546, 4644.970971532275144 ], [ 67336.092387953249272, 4644.961731656763732 ], [ 67336.088192126437207, 4644.952860326317932 ], [ 67336.08314696123125, 4644.944442976698156 ], [ 67336.077301045341301, 4644.93656067158372 ], [ 67336.070710678119212, 4644.929289321881697 ], [ 67318.100000000005821, 4626.958578643768305 ], [ 67318.100000000005821, 4609.0 ], [ 67318.099518472663476, 4608.990198285967381 ], [ 67318.098078528040787, 4608.980490967798687 ], [ 67318.095694033574546, 4608.970971532274234 ], [ 67318.092387953249272, 4608.961731656763732 ], [ 67318.088192126437207, 4608.952860326317023 ], [ 67318.08314696123125, 4608.944442976698156 ], [ 67318.077301045341301, 4608.93656067158372 ], [ 67318.070710678119212, 4608.929289321881697 ], [ 67318.063439328412642, 4608.922698954664156 ], [ 67318.055557023297297, 4608.916853038769659 ], [ 67318.047139673682977, 4608.911807873565522 ], [ 67318.038268343239906, 4608.907612046748909 ], [ 67318.029028467732132, 4608.904305966426364 ], [ 67318.019509032208589, 4608.901921471960122 ], [ 67318.009801714026253, 4608.900481527332886 ], [ 67318.0, 4608.899999999999636 ], [ 67300.041421356232604, 4608.899999999999636 ], [ 67282.100000000005821, 4590.958578643768305 ], [ 67282.100000000005821, 4574.0 ], [ 67282.099552834857604, 4573.990553674138937 ], [ 67282.098215338555747, 4573.981191829630916 ], [ 67282.095999472730909, 4573.971998192287174 ], [ 67282.092925054545049, 4573.963054983591974 ], [ 67282.089019579449086, 4573.954442185368862 ], [ 67282.0843179752992, 4573.946236824481275 ], [ 67282.078862289941753, 4573.938512283956698 ], [ 67282.072701315250015, 4573.931337646703469 ], [ 67265.072701315250015, 4555.931337646703469 ], [ 67265.065351314842701, 4555.924308483638015 ], [ 67265.057325375062646, 4555.918062210338576 ], [ 67265.048706509522162, 4555.912663433031412 ], [ 67265.039583864578162, 4555.908167992154631 ], [ 67265.030051797235501, 4555.904622384790855 ], [ 67265.02020889922278, 4555.902063283737334 ], [ 67265.010156977252336, 4555.900517158197545 ], [ 67265.0, 4555.899999999999636 ], [ 67247.041421356232604, 4555.899999999999636 ], [ 67211.070710678119212, 4519.929289321881697 ], [ 67211.063439328412642, 4519.922698954664156 ], [ 67211.055557023297297, 4519.916853038769659 ], [ 67211.047139673682977, 4519.911807873565522 ], [ 67211.038268343239906, 4519.907612046748909 ], [ 67211.029028467732132, 4519.904305966427273 ], [ 67211.019509032208589, 4519.901921471960122 ], [ 67211.009801714026253, 4519.900481527332886 ], [ 67211.0, 4519.899999999999636 ], [ 67193.041421356232604, 4519.899999999999636 ], [ 67157.100000000005821, 4483.958578643768305 ], [ 67157.100000000005821, 4466.041421356231695 ], [ 67193.070710678119212, 4430.070710678118303 ], [ 67193.077301045341301, 4430.06343932841628 ], [ 67193.08314696123125, 4430.055557023301844 ], [ 67193.088192126437207, 4430.047139673682068 ], [ 67193.092387953249272, 4430.038268343236268 ], [ 67193.095694033574546, 4430.029028467724856 ], [ 67193.098078528040787, 4430.019509032201313 ], [ 67193.099518472663476, 4430.009801714032619 ], [ 67193.100000000005821, 4430.0 ], [ 67193.100000000005821, 4412.041421356231695 ], [ 67211.070710678119212, 4394.070710678118303 ], [ 67211.077301045341301, 4394.06343932841628 ], [ 67211.08314696123125, 4394.055557023301844 ], [ 67211.088192126437207, 4394.047139673682068 ], [ 67211.092387953249272, 4394.038268343236268 ], [ 67211.095694033574546, 4394.029028467724856 ], [ 67211.098078528040787, 4394.019509032201313 ], [ 67211.099518472663476, 4394.009801714032619 ], [ 67211.100000000005821, 4394.0 ], [ 67211.100000000005821, 4376.041421356231695 ], [ 67229.041421356232604, 4358.100000000000364 ], [ 67247.0, 4358.100000000000364 ], [ 67247.009801714026253, 4358.099518472667114 ], [ 67247.019509032208589, 4358.098078528040787 ], [ 67247.029028467732132, 4358.095694033573636 ], [ 67247.038268343239906, 4358.092387953251091 ], [ 67247.047139673682977, 4358.088192126434478 ], [ 67247.055557023297297, 4358.083146961230341 ], [ 67247.063439328412642, 4358.077301045336753 ], [ 67247.070710678119212, 4358.070710678119212 ], [ 67247.077301045341301, 4358.06343932841628 ], [ 67247.08314696123125, 4358.055557023301844 ], [ 67247.088192126437207, 4358.047139673682977 ], [ 67247.092387953249272, 4358.038268343237178 ], [ 67247.095694033574546, 4358.029028467725766 ], [ 67247.098078528040787, 4358.019509032202222 ], [ 67247.099518472663476, 4358.009801714033529 ], [ 67247.100000000005821, 4358.0 ], [ 67247.099518472663476, 4357.990198285967381 ], [ 67247.098078528040787, 4357.980490967798687 ], [ 67247.095694033574546, 4357.970971532275144 ], [ 67247.092387953249272, 4357.961731656763732 ], [ 67247.088192126437207, 4357.952860326317932 ], [ 67247.08314696123125, 4357.944442976698156 ], [ 67247.077301045341301, 4357.93656067158372 ], [ 67247.070710678119212, 4357.929289321881697 ], [ 67211.100000000005821, 4321.958578643768305 ], [ 67211.100000000005821, 4287.041421356231695 ], [ 67229.070710678119212, 4269.070710678118303 ], [ 67229.077301045341301, 4269.06343932841628 ], [ 67229.08314696123125, 4269.055557023301844 ], [ 67229.088192126437207, 4269.047139673682068 ], [ 67229.092387953249272, 4269.038268343236268 ], [ 67229.095694033574546, 4269.029028467724856 ], [ 67229.098078528040787, 4269.019509032201313 ], [ 67229.099518472663476, 4269.009801714032619 ], [ 67229.100000000005821, 4269.0 ], [ 67229.100000000005821, 4161.041421356231695 ], [ 67265.041421356232604, 4125.100000000000364 ], [ 67299.958578643767396, 4125.100000000000364 ], [ 67317.929289321880788, 4143.070710678118303 ], [ 67317.936560671587358, 4143.077301045335844 ], [ 67317.944442976702703, 4143.083146961230341 ], [ 67317.952860326317023, 4143.088192126434478 ], [ 67317.961731656760094, 4143.092387953251091 ], [ 67317.970971532267868, 4143.095694033572727 ], [ 67317.980490967791411, 4143.098078528039878 ], [ 67317.990198285973747, 4143.099518472667114 ], [ 67318.0, 4143.100000000000364 ], [ 67318.009801714026253, 4143.099518472667114 ], [ 67318.019509032208589, 4143.098078528039878 ], [ 67318.029028467732132, 4143.095694033572727 ], [ 67318.038268343239906, 4143.092387953251091 ], [ 67318.047139673682977, 4143.088192126434478 ], [ 67318.055557023297297, 4143.083146961230341 ], [ 67318.063439328412642, 4143.077301045335844 ], [ 67318.070710678119212, 4143.070710678118303 ], [ 67336.041421356232604, 4125.100000000000364 ], [ 67354.0, 4125.100000000000364 ], [ 67354.009801714026253, 4125.099518472667114 ], [ 67354.019509032208589, 4125.098078528039878 ], [ 67354.029028467732132, 4125.095694033573636 ], [ 67354.038268343239906, 4125.092387953251091 ], [ 67354.047139673682977, 4125.088192126434478 ], [ 67354.055557023297297, 4125.083146961230341 ], [ 67354.063439328412642, 4125.077301045335844 ], [ 67354.070710678119212, 4125.070710678118303 ], [ 67354.077301045341301, 4125.06343932841628 ], [ 67354.08314696123125, 4125.055557023301844 ], [ 67354.088192126437207, 4125.047139673682977 ], [ 67354.092387953249272, 4125.038268343236268 ], [ 67354.095694033574546, 4125.029028467725766 ], [ 67354.098078528040787, 4125.019509032201313 ], [ 67354.099518472663476, 4125.009801714032619 ], [ 67354.100000000005821, 4125.0 ], [ 67354.099518472663476, 4124.990198285967381 ], [ 67354.098078528040787, 4124.980490967798687 ], [ 67354.095694033574546, 4124.970971532274234 ], [ 67354.092387953249272, 4124.961731656763732 ], [ 67354.088192126437207, 4124.952860326317023 ], [ 67354.08314696123125, 4124.944442976698156 ], [ 67354.077301045341301, 4124.93656067158372 ], [ 67354.070710678119212, 4124.929289321881697 ], [ 67354.063439328412642, 4124.922698954664156 ], [ 67354.055557023297297, 4124.916853038769659 ], [ 67354.047139673682977, 4124.911807873565522 ], [ 67354.038268343239906, 4124.907612046748909 ], [ 67354.029028467732132, 4124.904305966426364 ], [ 67354.019509032208589, 4124.901921471960122 ], [ 67354.009801714026253, 4124.900481527332886 ], [ 67354.0, 4124.899999999999636 ], [ 67282.043104648924782, 4124.899999999999636 ], [ 67265.137549093356938, 4107.0 ], [ 67282.072701315250015, 4089.068662353296531 ], [ 67282.078862289941753, 4089.061487716043302 ], [ 67282.0843179752992, 4089.053763175518725 ], [ 67282.089019579449086, 4089.045557814631138 ], [ 67282.092925054545049, 4089.036945016407572 ], [ 67282.095999472730909, 4089.028001807712371 ], [ 67282.098215338555747, 4089.018808170369084 ], [ 67282.099552834857604, 4089.009446325861063 ], [ 67282.100000000005821, 4089.0 ], [ 67282.100000000005821, 4071.0 ], [ 67282.099552834857604, 4070.990553674138937 ], [ 67282.098215338555747, 4070.981191829630916 ], [ 67282.095999472730909, 4070.971998192287629 ], [ 67282.092925054545049, 4070.963054983592428 ], [ 67282.089019579449086, 4070.954442185368862 ], [ 67282.0843179752992, 4070.946236824481275 ], [ 67282.078862289941753, 4070.938512283956698 ], [ 67282.072701315250015, 4070.931337646703469 ], [ 67265.072701315250015, 4052.931337646703469 ], [ 67265.070710678119212, 4052.929289321881242 ], [ 67247.100000000005821, 4034.958578643767851 ], [ 67247.100000000005821, 3982.041421356232149 ], [ 67265.070710678119212, 3964.070710678118758 ], [ 67265.077301045341301, 3964.06343932841628 ], [ 67265.08314696123125, 3964.055557023301844 ], [ 67265.088192126437207, 3964.047139673682523 ], [ 67265.092387953249272, 3964.038268343236268 ], [ 67265.095694033574546, 3964.029028467725311 ], [ 67265.098078528040787, 3964.019509032201313 ], [ 67265.099518472663476, 3964.009801714033074 ], [ 67265.100000000005821, 3964.0 ], [ 67265.099518472663476, 3963.990198285966926 ], [ 67265.098078528040787, 3963.980490967798687 ], [ 67265.095694033574546, 3963.970971532274689 ], [ 67265.092387953249272, 3963.961731656763732 ], [ 67265.088192126437207, 3963.952860326317477 ], [ 67265.08314696123125, 3963.944442976698156 ], [ 67265.077301045341301, 3963.93656067158372 ], [ 67265.070710678119212, 3963.929289321881242 ], [ 67211.141421356238425, 3910.0 ], [ 67229.070710678119212, 3892.070710678118758 ], [ 67229.077301045341301, 3892.06343932841628 ], [ 67229.08314696123125, 3892.055557023301844 ], [ 67229.088192126437207, 3892.047139673682523 ], [ 67229.092387953249272, 3892.038268343236268 ], [ 67229.095694033574546, 3892.029028467725311 ], [ 67229.098078528040787, 3892.019509032201313 ], [ 67229.099518472663476, 3892.009801714033074 ], [ 67229.100000000005821, 3892.0 ], [ 67229.100000000005821, 3874.0 ], [ 67229.099518472663476, 3873.990198285966926 ], [ 67229.098078528040787, 3873.980490967798232 ], [ 67229.095694033574546, 3873.970971532274689 ], [ 67229.092387953249272, 3873.961731656763277 ], [ 67229.088192126437207, 3873.952860326317477 ], [ 67229.08314696123125, 3873.944442976698156 ], [ 67229.077301045341301, 3873.93656067158372 ], [ 67229.070710678119212, 3873.929289321881242 ], [ 67229.063439328412642, 3873.922698954663701 ], [ 67229.055557023297297, 3873.916853038769659 ], [ 67229.047139673682977, 3873.911807873565067 ], [ 67229.038268343239906, 3873.907612046748909 ], [ 67229.029028467732132, 3873.904305966426818 ], [ 67229.019509032208589, 3873.901921471959668 ], [ 67229.009801714026253, 3873.900481527332886 ], [ 67229.0, 3873.9 ], [ 67211.041421356232604, 3873.9 ], [ 67193.100000000005821, 3855.958578643767851 ], [ 67193.100000000005821, 3838.0 ], [ 67193.099518472663476, 3837.990198285966926 ], [ 67193.098078528040787, 3837.980490967798687 ], [ 67193.095694033574546, 3837.970971532274689 ], [ 67193.092387953249272, 3837.961731656763732 ], [ 67193.088192126437207, 3837.952860326317477 ], [ 67193.08314696123125, 3837.944442976698156 ], [ 67193.077301045341301, 3837.93656067158372 ], [ 67193.070710678119212, 3837.929289321881242 ], [ 67175.100000000005821, 3819.958578643767851 ], [ 67175.100000000005821, 3802.0 ], [ 67175.099518472663476, 3801.990198285966926 ], [ 67175.098078528040787, 3801.980490967798687 ], [ 67175.095694033574546, 3801.970971532274689 ], [ 67175.092387953249272, 3801.961731656763732 ], [ 67175.088192126437207, 3801.952860326317477 ], [ 67175.08314696123125, 3801.944442976698156 ], [ 67175.077301045341301, 3801.93656067158372 ], [ 67175.070710678119212, 3801.929289321881242 ], [ 67157.100000000005821, 3783.958578643767851 ], [ 67157.100000000005821, 3766.041421356232149 ], [ 67175.070710678119212, 3748.070710678118758 ], [ 67175.077301045341301, 3748.06343932841628 ], [ 67175.08314696123125, 3748.055557023301844 ], [ 67175.088192126437207, 3748.047139673682523 ], [ 67175.092387953249272, 3748.038268343236268 ], [ 67175.095694033574546, 3748.029028467725311 ], [ 67175.098078528040787, 3748.019509032201313 ], [ 67175.099518472663476, 3748.009801714033074 ], [ 67175.100000000005821, 3748.0 ], [ 67175.100000000005821, 3713.041421356232149 ], [ 67193.041421356232604, 3695.1 ], [ 67211.0, 3695.1 ], [ 67211.009801714026253, 3695.099518472667114 ], [ 67211.019509032208589, 3695.098078528040332 ], [ 67211.029028467732132, 3695.095694033573182 ], [ 67211.038268343239906, 3695.092387953251091 ], [ 67211.047139673682977, 3695.088192126434933 ], [ 67211.055557023297297, 3695.083146961230341 ], [ 67211.063439328412642, 3695.077301045336299 ], [ 67211.070710678119212, 3695.070710678118758 ], [ 67229.041421356232604, 3677.1 ], [ 67282.0, 3677.1 ], [ 67282.009801714026253, 3677.099518472667114 ], [ 67282.019509032208589, 3677.098078528040332 ], [ 67282.029028467732132, 3677.095694033573182 ], [ 67282.038268343239906, 3677.092387953251091 ], [ 67282.047139673682977, 3677.088192126434933 ], [ 67282.055557023297297, 3677.083146961230341 ], [ 67282.063439328412642, 3677.077301045336299 ], [ 67282.070710678119212, 3677.070710678118758 ], [ 67300.041421356232604, 3659.1 ], [ 67318.0, 3659.1 ], [ 67318.009801714026253, 3659.099518472667114 ], [ 67318.019509032208589, 3659.098078528040332 ], [ 67318.029028467732132, 3659.095694033573182 ], [ 67318.038268343239906, 3659.092387953251091 ], [ 67318.047139673682977, 3659.088192126434933 ], [ 67318.055557023297297, 3659.083146961230341 ], [ 67318.063439328412642, 3659.077301045336299 ], [ 67318.070710678119212, 3659.070710678118758 ], [ 67318.077301045341301, 3659.06343932841628 ], [ 67318.08314696123125, 3659.055557023301844 ], [ 67318.088192126437207, 3659.047139673682523 ], [ 67318.092387953249272, 3659.038268343236723 ], [ 67318.095694033574546, 3659.029028467725766 ], [ 67318.098078528040787, 3659.019509032201768 ], [ 67318.099518472663476, 3659.009801714033074 ], [ 67318.100000000005821, 3659.0 ], [ 67318.099518472663476, 3658.990198285967381 ], [ 67318.098078528040787, 3658.980490967798687 ], [ 67318.095694033574546, 3658.970971532274689 ], [ 67318.092387953249272, 3658.961731656763732 ], [ 67318.088192126437207, 3658.952860326317477 ], [ 67318.08314696123125, 3658.944442976698156 ], [ 67318.077301045341301, 3658.93656067158372 ], [ 67318.070710678119212, 3658.929289321881242 ], [ 67300.070710678119212, 3640.929289321881242 ], [ 67300.063439328412642, 3640.922698954663701 ], [ 67300.055557023297297, 3640.916853038770114 ], [ 67300.047139673682977, 3640.911807873565522 ], [ 67300.038268343239906, 3640.907612046748909 ], [ 67300.029028467732132, 3640.904305966426818 ], [ 67300.019509032208589, 3640.901921471959668 ], [ 67300.009801714026253, 3640.900481527332886 ], [ 67300.0, 3640.9 ], [ 67299.990198285973747, 3640.900481527332886 ], [ 67299.980490967791411, 3640.901921471959668 ], [ 67299.970971532267868, 3640.904305966426818 ], [ 67299.961731656760094, 3640.907612046748909 ], [ 67299.952860326317023, 3640.911807873565067 ], [ 67299.944442976702703, 3640.916853038769659 ], [ 67299.936560671587358, 3640.922698954663701 ], [ 67299.929289321880788, 3640.929289321881242 ], [ 67299.922698954658699, 3640.93656067158372 ], [ 67299.91685303876875, 3640.944442976698156 ], [ 67299.911807873562793, 3640.952860326317477 ], [ 67299.907612046750728, 3640.961731656763277 ], [ 67299.904305966425454, 3640.970971532274689 ], [ 67299.901921471959213, 3640.980490967798232 ], [ 67299.900481527336524, 3640.990198285966926 ], [ 67299.899999999994179, 3641.0 ], [ 67299.899999999994179, 3658.958578643767851 ], [ 67281.958578643767396, 3676.9 ], [ 67265.041421356232604, 3676.9 ], [ 67247.141421356238425, 3659.0 ], [ 67265.070710678119212, 3641.070710678118758 ], [ 67265.077301045341301, 3641.06343932841628 ], [ 67265.08314696123125, 3641.055557023301844 ], [ 67265.088192126437207, 3641.047139673682523 ], [ 67265.092387953249272, 3641.038268343236268 ], [ 67265.095694033574546, 3641.029028467725311 ], [ 67265.098078528040787, 3641.019509032201313 ], [ 67265.099518472663476, 3641.009801714033074 ], [ 67265.100000000005821, 3641.0 ], [ 67265.100000000005821, 3605.0 ], [ 67265.099518472663476, 3604.990198285966926 ], [ 67265.098078528040787, 3604.980490967798687 ], [ 67265.095694033574546, 3604.970971532274689 ], [ 67265.092387953249272, 3604.961731656763732 ], [ 67265.088192126437207, 3604.952860326317477 ], [ 67265.08314696123125, 3604.944442976698156 ], [ 67265.077301045341301, 3604.93656067158372 ], [ 67265.070710678119212, 3604.929289321881242 ], [ 67247.100000000005821, 3586.958578643767851 ], [ 67247.100000000005821, 3551.0 ], [ 67247.099518472663476, 3550.990198285966926 ], [ 67247.098078528040787, 3550.980490967798687 ], [ 67247.095694033574546, 3550.970971532274689 ], [ 67247.092387953249272, 3550.961731656763732 ], [ 67247.088192126437207, 3550.952860326317477 ], [ 67247.08314696123125, 3550.944442976698156 ], [ 67247.077301045341301, 3550.93656067158372 ], [ 67247.070710678119212, 3550.929289321881242 ], [ 67229.141421356238425, 3533.0 ], [ 67247.070710678119212, 3515.070710678118758 ], [ 67247.077301045341301, 3515.06343932841628 ], [ 67247.08314696123125, 3515.055557023301844 ], [ 67247.088192126437207, 3515.047139673682523 ], [ 67247.092387953249272, 3515.038268343236268 ], [ 67247.095694033574546, 3515.029028467725311 ], [ 67247.098078528040787, 3515.019509032201313 ], [ 67247.099518472663476, 3515.009801714033074 ], [ 67247.100000000005821, 3515.0 ], [ 67247.100000000005821, 3497.0 ], [ 67247.099518472663476, 3496.990198285966926 ], [ 67247.098078528040787, 3496.980490967798687 ], [ 67247.095694033574546, 3496.970971532274689 ], [ 67247.092387953249272, 3496.961731656763732 ], [ 67247.088192126437207, 3496.952860326317477 ], [ 67247.08314696123125, 3496.944442976698156 ], [ 67247.077301045341301, 3496.93656067158372 ], [ 67247.070710678119212, 3496.929289321881242 ], [ 67229.141421356238425, 3479.0 ], [ 67247.070710678119212, 3461.070710678118758 ], [ 67247.077301045341301, 3461.06343932841628 ], [ 67247.08314696123125, 3461.055557023301844 ], [ 67247.088192126437207, 3461.047139673682523 ], [ 67247.092387953249272, 3461.038268343236268 ], [ 67247.095694033574546, 3461.029028467725311 ], [ 67247.098078528040787, 3461.019509032201313 ], [ 67247.099518472663476, 3461.009801714033074 ], [ 67247.100000000005821, 3461.0 ], [ 67247.100000000005821, 3426.041421356232149 ], [ 67264.997950839300756, 3408.143470516937668 ], [ 67281.899999999994179, 3426.039757863555224 ], [ 67281.899999999994179, 3461.0 ], [ 67281.900481527336524, 3461.009801714033074 ], [ 67281.901921471959213, 3461.019509032201768 ], [ 67281.904305966425454, 3461.029028467725311 ], [ 67281.907612046750728, 3461.038268343236723 ], [ 67281.911807873562793, 3461.047139673682523 ], [ 67281.91685303876875, 3461.055557023301844 ], [ 67281.922698954658699, 3461.06343932841628 ], [ 67281.929289321880788, 3461.070710678118758 ], [ 67281.936560671587358, 3461.077301045336299 ], [ 67281.944442976702703, 3461.083146961230341 ], [ 67281.952860326317023, 3461.088192126434933 ], [ 67281.961731656760094, 3461.092387953251091 ], [ 67281.970971532267868, 3461.095694033573182 ], [ 67281.980490967791411, 3461.098078528040332 ], [ 67281.990198285973747, 3461.099518472667114 ], [ 67282.0, 3461.1 ], [ 67300.0, 3461.1 ], [ 67300.009801714026253, 3461.099518472667114 ], [ 67300.019509032208589, 3461.098078528040332 ], [ 67300.029028467732132, 3461.095694033573182 ], [ 67300.038268343239906, 3461.092387953251091 ], [ 67300.047139673682977, 3461.088192126434933 ], [ 67300.055557023297297, 3461.083146961230341 ], [ 67300.063439328412642, 3461.077301045336299 ], [ 67300.070710678119212, 3461.070710678118758 ], [ 67300.077301045341301, 3461.06343932841628 ], [ 67300.08314696123125, 3461.055557023301844 ], [ 67300.088192126437207, 3461.047139673682523 ], [ 67300.092387953249272, 3461.038268343236723 ], [ 67300.095694033574546, 3461.029028467725311 ], [ 67300.098078528040787, 3461.019509032201768 ], [ 67300.099518472663476, 3461.009801714033074 ], [ 67300.100000000005821, 3461.0 ], [ 67300.100000000005821, 3443.043104648918415 ], [ 67318.068662353296531, 3426.072701315255017 ], [ 67318.075691516365623, 3426.065351314839063 ], [ 67318.081937789655058, 3426.057325375059008 ], [ 67318.087336566968588, 3426.04870650952671 ], [ 67318.091832007849007, 3426.039583864581346 ], [ 67318.095377615216421, 3426.030051797234137 ], [ 67318.097936716265394, 3426.020208899221871 ], [ 67318.099482841804274, 3426.010156977251427 ], [ 67318.100000000005821, 3426.0 ], [ 67318.100000000005821, 3390.041421356232149 ], [ 67372.070710678119212, 3336.070710678118758 ], [ 67372.077301045341301, 3336.06343932841628 ], [ 67372.08314696123125, 3336.055557023301844 ], [ 67372.088192126437207, 3336.047139673682523 ], [ 67372.092387953249272, 3336.038268343236268 ], [ 67372.095694033574546, 3336.029028467725311 ], [ 67372.098078528040787, 3336.019509032201313 ], [ 67372.099518472663476, 3336.009801714033074 ], [ 67372.100000000005821, 3336.0 ], [ 67372.100000000005821, 3318.041421356232149 ], [ 67390.041421356232604, 3300.1 ], [ 67426.0, 3300.1 ], [ 67426.009801714026253, 3300.099518472667114 ], [ 67426.019509032208589, 3300.098078528040332 ], [ 67426.029028467732132, 3300.095694033573182 ], [ 67426.038268343239906, 3300.092387953251091 ], [ 67426.047139673682977, 3300.088192126434933 ], [ 67426.055557023297297, 3300.083146961230341 ], [ 67426.063439328412642, 3300.077301045336299 ], [ 67426.070710678119212, 3300.070710678118758 ], [ 67426.077301045341301, 3300.06343932841628 ], [ 67426.08314696123125, 3300.055557023301844 ], [ 67426.088192126437207, 3300.047139673682523 ], [ 67426.092387953249272, 3300.038268343236723 ], [ 67426.095694033574546, 3300.029028467725311 ], [ 67426.098078528040787, 3300.019509032201768 ], [ 67426.099518472663476, 3300.009801714033074 ], [ 67426.100000000005821, 3300.0 ], [ 67426.100000000005821, 3282.041421356232149 ], [ 67462.070710678119212, 3246.070710678118758 ], [ 67462.077301045341301, 3246.06343932841628 ], [ 67462.08314696123125, 3246.055557023301844 ], [ 67462.088192126437207, 3246.047139673682523 ], [ 67462.092387953249272, 3246.038268343236268 ], [ 67462.095694033574546, 3246.029028467725311 ], [ 67462.098078528040787, 3246.019509032201313 ], [ 67462.099518472663476, 3246.009801714033074 ], [ 67462.100000000005821, 3246.0 ], [ 67462.100000000005821, 3210.041421356232149 ], [ 67480.070710678119212, 3192.070710678118758 ], [ 67480.077301045341301, 3192.06343932841628 ], [ 67480.08314696123125, 3192.055557023301844 ], [ 67480.088192126437207, 3192.047139673682523 ], [ 67480.092387953249272, 3192.038268343236268 ], [ 67480.095694033574546, 3192.029028467725311 ], [ 67480.098078528040787, 3192.019509032201313 ], [ 67480.099518472663476, 3192.009801714033074 ], [ 67480.100000000005821, 3192.0 ], [ 67480.100000000005821, 3156.043104648918415 ], [ 67498.068662353296531, 3139.072701315255017 ], [ 67498.070710678119212, 3139.070710678118758 ], [ 67516.070710678119212, 3121.070710678118758 ], [ 67516.077301045341301, 3121.06343932841628 ], [ 67516.08314696123125, 3121.055557023301844 ], [ 67516.088192126437207, 3121.047139673682523 ], [ 67516.092387953249272, 3121.038268343236268 ], [ 67516.095694033574546, 3121.029028467725311 ], [ 67516.098078528040787, 3121.019509032201313 ], [ 67516.099518472663476, 3121.009801714033074 ], [ 67516.100000000005821, 3121.0 ], [ 67516.100000000005821, 3049.041421356232149 ], [ 67534.070710678119212, 3031.070710678118758 ], [ 67534.077301045341301, 3031.06343932841628 ], [ 67534.08314696123125, 3031.055557023301844 ], [ 67534.088192126437207, 3031.047139673682523 ], [ 67534.092387953249272, 3031.038268343236268 ], [ 67534.095694033574546, 3031.029028467725311 ], [ 67534.098078528040787, 3031.019509032201313 ], [ 67534.099518472663476, 3031.009801714033074 ], [ 67534.100000000005821, 3031.0 ], [ 67534.100000000005821, 2959.041421356232149 ], [ 67552.070710678119212, 2941.070710678118758 ], [ 67552.077301045341301, 2941.06343932841628 ], [ 67552.08314696123125, 2941.055557023301844 ], [ 67552.088192126437207, 2941.047139673682523 ], [ 67552.092387953249272, 2941.038268343236268 ], [ 67552.095694033574546, 2941.029028467725311 ], [ 67552.098078528040787, 2941.019509032201313 ], [ 67552.099518472663476, 2941.009801714033074 ], [ 67552.100000000005821, 2941.0 ], [ 67552.100000000005821, 2869.041421356232149 ], [ 67569.070710678119212, 2852.070710678118758 ], [ 67569.077187668517581, 2852.063577227288988 ], [ 67569.082948067691177, 2852.055853541214674 ], [ 67569.087938397540711, 2852.047611324686386 ], [ 67569.09211232906091, 2852.038927096401494 ], [ 67569.095431112524238, 2852.029881478587413 ], [ 67569.09786393714603, 2852.020558448521115 ], [ 67569.09938821720425, 2852.011044558905724 ], [ 67569.099989801645279, 2852.001428134339221 ], [ 67569.099663105502259, 2851.991798451326758 ], [ 67569.098411161758122, 2851.982244909462679 ], [ 67569.096245593158528, 2851.97285620146522 ], [ 67569.093186504265759, 2851.96371948977594 ], [ 67569.08926229494682, 2851.954919597365006 ], [ 67569.084509396561771, 2851.946538220256116 ], [ 67569.078971933849971, 2851.938653169080226 ], [ 67569.072701315250015, 2851.931337646703469 ], [ 67552.100000000005821, 2833.960242136444776 ], [ 67552.100000000005821, 2816.0 ], [ 67552.099518472663476, 2815.990198285966926 ], [ 67552.098078528040787, 2815.980490967798687 ], [ 67552.095694033574546, 2815.970971532274689 ], [ 67552.092387953249272, 2815.961731656763732 ], [ 67552.088192126437207, 2815.952860326317477 ], [ 67552.08314696123125, 2815.944442976698156 ], [ 67552.077301045341301, 2815.93656067158372 ], [ 67552.070710678119212, 2815.929289321881242 ], [ 67516.100000000005821, 2779.958578643767851 ], [ 67516.100000000005821, 2744.0 ], [ 67516.099518472663476, 2743.990198285966926 ], [ 67516.098078528040787, 2743.980490967798687 ], [ 67516.095694033574546, 2743.970971532274689 ], [ 67516.092387953249272, 2743.961731656763732 ], [ 67516.088192126437207, 2743.952860326317477 ], [ 67516.08314696123125, 2743.944442976698156 ], [ 67516.077301045341301, 2743.93656067158372 ], [ 67516.070710678119212, 2743.929289321881242 ], [ 67462.070710678119212, 2689.929289321881242 ], [ 67462.063439328412642, 2689.922698954663701 ], [ 67462.055557023297297, 2689.916853038769659 ], [ 67462.047139673682977, 2689.911807873565067 ], [ 67462.038268343239906, 2689.907612046748909 ], [ 67462.029028467732132, 2689.904305966426818 ], [ 67462.019509032208589, 2689.901921471959668 ], [ 67462.009801714026253, 2689.900481527332886 ], [ 67462.0, 2689.9 ], [ 67426.041421356232604, 2689.9 ], [ 67372.070710678119212, 2635.929289321881242 ], [ 67372.063439328412642, 2635.922698954663701 ], [ 67372.055557023297297, 2635.916853038769659 ], [ 67372.047139673682977, 2635.911807873565067 ], [ 67372.038268343239906, 2635.907612046748909 ], [ 67372.029028467732132, 2635.904305966426818 ], [ 67372.019509032208589, 2635.901921471959668 ], [ 67372.009801714026253, 2635.900481527332886 ], [ 67372.0, 2635.9 ], [ 67318.0, 2635.9 ] ] ] } },
{ "type": "Feature", "properties": { "tissue_id": 4 }, "geometry": { "type": "Polygon", "coordinates": [ [ [ 8304.0, 15964.0 ], [ 8322.0, 15964.0 ], [ 8340.0, 15964.0 ], [ 8358.0, 15964.0 ], [ 8376.0, 15982.0 ], [ 8394.0, 15982.0 ], [ 8412.0, 15982.0 ], [ 8430.0, 15982.0 ], [ 8448.0, 15982.0 ], [ 8466.0, 16000.0 ], [ 8484.0, 16000.0 ], [ 8502.0, 16000.0 ], [ 8520.0, 16000.0 ], [ 8538.0, 16018.0 ], [ 8556.0, 16018.0 ], [ 8574.0, 16018.0 ], [ 8591.0, 16018.0 ], [ 8609.0, 16035.0 ], [ 8627.0, 16035.0 ], [ 8645.0, 16035.0 ], [ 8663.0, 16035.0 ], [ 8681.0, 16035.0 ], [ 8699.0, 16053.0 ], [ 8717.0, 16053.0 ], [ 8735.0, 16053.0 ], [ 8753.0, 16053.0 ], [ 8771.0, 16071.0 ], [ 8789.0, 16071.0 ], [ 8807.0, 16071.0 ], [ 8825.0, 16071.0 ], [ 8843.0, 16089.0 ], [ 8861.0, 16089.0 ], [ 8878.0, 16089.0 ], [ 8896.0, 16089.0 ], [ 8914.0, 16107.0 ], [ 8932.0, 16107.0 ], [ 8950.0, 16107.0 ], [ 8968.0, 16107.0 ], [ 8986.0, 16107.0 ], [ 9004.0, 16107.0 ], [ 9022.0, 16107.0 ], [ 9040.0, 16125.0 ], [ 9058.0, 16143.0 ], [ 9076.0, 16143.0 ], [ 9094.0, 16143.0 ], [ 9112.0, 16143.0 ], [ 9130.0, 16161.0 ], [ 9148.0, 16161.0 ], [ 9165.0, 16161.0 ], [ 9183.0, 16179.0 ], [ 9201.0, 16179.0 ], [ 9219.0, 16179.0 ], [ 9237.0, 16197.0 ], [ 9255.0, 16197.0 ], [ 9273.0, 16197.0 ], [ 9291.0, 16197.0 ], [ 9309.0, 16215.0 ], [ 9327.0, 16215.0 ], [ 9345.0, 16215.0 ], [ 9363.0, 16233.0 ], [ 9381.0, 16233.0 ], [ 9399.0, 16233.0 ], [ 9417.0, 16251.0 ], [ 9435.0, 16251.0 ], [ 9452.0, 16251.0 ], [ 9470.0, 16251.0 ], [ 9488.0, 16269.0 ], [ 9506.0, 16269.0 ], [ 9524.0, 16287.0 ], [ 9542.0, 16287.0 ], [ 9560.0, 16287.0 ], [ 9578.0, 16305.0 ], [ 9596.0, 16305.0 ], [ 9614.0, 16305.0 ], [ 9632.0, 16305.0 ], [ 9650.0, 16322.0 ], [ 9668.0, 16322.0 ], [ 9686.0, 16322.0 ], [ 9704.0, 16340.0 ], [ 9722.0, 16340.0 ], [ 9739.0, 16358.0 ], [ 9757.0, 16358.0 ], [ 9775.0, 16358.0 ], [ 9793.0, 16376.0 ], [ 9811.0, 16376.0 ], [ 9829.0, 16376.0 ], [ 9847.0, 16394.0 ], [ 9865.0, 16394.0 ], [ 9883.0, 16394.0 ], [ 9901.0, 16412.0 ], [ 9919.0, 16412.0 ], [ 9937.0, 16430.0 ], [ 9955.0, 16430.0 ], [ 9973.0, 16430.0 ], [ 9991.0, 16430.0 ], [ 10009.0, 16412.0 ], [ 10026.0, 16394.0 ], [ 10044.0, 16412.0 ], [ 10062.0, 16430.0 ], [ 10044.0, 16448.0 ], [ 10062.0, 16466.0 ], [ 10080.0, 16466.0 ], [ 10098.0, 16466.0 ], [ 10116.0, 16448.0 ], [ 10134.0, 16430.0 ], [ 10152.0, 16430.0 ], [ 10170.0, 16448.0 ], [ 10170.0, 16466.0 ], [ 10170.0, 16484.0 ], [ 10170.0, 16502.0 ], [ 10188.0, 16502.0 ], [ 10206.0, 16520.0 ], [ 10224.0, 16538.0 ], [ 10242.0, 16538.0 ], [ 10260.0, 16538.0 ], [ 10278.0, 16538.0 ], [ 10296.0, 16556.0 ], [ 10313.0, 16556.0 ], [ 10331.0, 16556.0 ], [ 10349.0, 16574.0 ], [ 10367.0, 16574.0 ], [ 10385.0, 16574.0 ], [ 10403.0, 16592.0 ], [ 10421.0, 16592.0 ], [ 10439.0, 16609.0 ], [ 10457.0, 16609.0 ], [ 10475.0, 16609.0 ], [ 10493.0, 16609.0 ], [ 10511.0, 16627.0 ], [ 10529.0, 16627.0 ], [ 10547.0, 16645.0 ], [ 10565.0, 16645.0 ], [ 10583.0, 16645.0 ], [ 10600.0, 16645.0 ], [ 10618.0, 16645.0 ], [ 10636.0, 16645.0 ], [ 10654.0, 16645.0 ], [ 10672.0, 16645.0 ], [ 10690.0, 16663.0 ], [ 10672.0, 16681.0 ], [ 10690.0, 16699.0 ], [ 10708.0, 16699.0 ], [ 10726.0, 16699.0 ], [ 10744.0, 16717.0 ], [ 10762.0, 16735.0 ], [ 10780.0, 16735.0 ], [ 10798.0, 16753.0 ], [ 10816.0, 16753.0 ], [ 10834.0, 16771.0 ], [ 10852.0, 16771.0 ], [ 10870.0, 16771.0 ], [ 10887.0, 16789.0 ], [ 10905.0, 16789.0 ], [ 10923.0, 16807.0 ], [ 10941.0, 16807.0 ], [ 10959.0, 16825.0 ], [ 10977.0, 16825.0 ], [ 10995.0, 16843.0 ], [ 11013.0, 16843.0 ], [ 11031.0, 16861.0 ], [ 11049.0, 16861.0 ], [ 11067.0, 16879.0 ], [ 11085.0, 16879.0 ], [ 11103.0, 16896.0 ], [ 11121.0, 16896.0 ], [ 11139.0, 16914.0 ], [ 11157.0, 16914.0 ], [ 11174.0, 16932.0 ], [ 11192.0, 16932.0 ], [ 11210.0, 16950.0 ], [ 11228.0, 16950.0 ], [ 11246.0, 16968.0 ], [ 11264.0, 16968.0 ], [ 11282.0, 16986.0 ], [ 11300.0, 16986.0 ], [ 11318.0, 17004.0 ], [ 11336.0, 17004.0 ], [ 11354.0, 17004.0 ], [ 11372.0, 17022.0 ], [ 11390.0, 17022.0 ], [ 11408.0, 17040.0 ], [ 11426.0, 17040.0 ], [ 11444.0, 17058.0 ], [ 11461.0, 17058.0 ], [ 11479.0, 17076.0 ], [ 11497.0, 17076.0 ], [ 11515.0, 17094.0 ], [ 11533.0, 17094.0 ], [ 11551.0, 17094.0 ], [ 11569.0, 17112.0 ], [ 11587.0, 17112.0 ], [ 11605.0, 17130.0 ], [ 11623.0, 17148.0 ], [ 11641.0, 17148.0 ], [ 11659.0, 17148.0 ], [ 11677.0, 17166.0 ], [ 11695.0, 17166.0 ], [ 11713.0, 17183.0 ], [ 11731.0, 17183.0 ], [ 11748.0, 17201.0 ], [ 11766.0, 17201.0 ], [ 11784.0, 17219.0 ], [ 11802.0, 17219.0 ], [ 11820.0, 17237.0 ], [ 11838.0, 17237.0 ], [ 11856.0, 17255.0 ], [ 11874.0, 17255.0 ], [ 11892.0, 17273.0 ], [ 11910.0, 17273.0 ], [ 11928.0, 17291.0 ], [ 11946.0, 17291.0 ], [ 11964.0, 17309.0 ], [ 11982.0, 17309.0 ], [ 12000.0, 17327.0 ], [ 12018.0, 17327.0 ], [ 12035.0, 17345.0 ], [ 12053.0, 17345.0 ], [ 12071.0, 17345.0 ], [ 12089.0, 17363.0 ], [ 12107.0, 17363.0 ], [ 12125.0, 17381.0 ], [ 12143.0, 17381.0 ], [ 12161.0, 17399.0 ], [ 12179.0, 17417.0 ], [ 12197.0, 17417.0 ], [ 12215.0, 17435.0 ], [ 12233.0, 17435.0 ], [ 12251.0, 17453.0 ], [ 12269.0, 17453.0 ], [ 12287.0, 17470.0 ], [ 12305.0, 17488.0 ], [ 12322.0, 17488.0 ], [ 12340.0, 17488.0 ], [ 12358.0, 17506.0 ], [ 12376.0, 17506.0 ], [ 12394.0, 17524.0 ], [ 12412.0, 17524.0 ], [ 12430.0, 17542.0 ], [ 12448.0, 17542.0 ], [ 12466.0, 17560.0 ], [ 12484.0, 17560.0 ], [ 12502.0, 17578.0 ], [ 12520.0, 17578.0 ], [ 12538.0, 17596.0 ], [ 12556.0, 17596.0 ], [ 12574.0, 17596.0 ], [ 12592.0, 17614.0 ], [ 12609.0, 17614.0 ], [ 12627.0, 17632.0 ], [ 12645.0, 17632.0 ], [ 12663.0, 17650.0 ], [ 12681.0, 17650.0 ], [ 12699.0, 17668.0 ], [ 12717.0, 17668.0 ], [ 12735.0, 17686.0 ], [ 12753.0, 17686.0 ], [ 12771.0, 17686.0 ], [ 12789.0, 17704.0 ], [ 12807.0, 17722.0 ], [ 12825.0, 17722.0 ], [ 12843.0, 17740.0 ], [ 12861.0, 17740.0 ], [ 12879.0, 17757.0 ], [ 12896.0, 17757.0 ], [ 12914.0, 17775.0 ], [ 12932.0, 17775.0 ], [ 12950.0, 17793.0 ], [ 12968.0, 17793.0 ], [ 12986.0, 17811.0 ], [ 13004.0, 17811.0 ], [ 13022.0, 17829.0 ], [ 13040.0, 17829.0 ], [ 13058.0, 17847.0 ], [ 13076.0, 17865.0 ], [ 13094.0, 17865.0 ], [ 13112.0, 17883.0 ], [ 13130.0, 17883.0 ], [ 13148.0, 17901.0 ], [ 13166.0, 17901.0 ], [ 13183.0, 17919.0 ], [ 13201.0, 17919.0 ], [ 13219.0, 17937.0 ], [ 13237.0, 17937.0 ], [ 13255.0, 17955.0 ], [ 13273.0, 17973.0 ], [ 13291.0, 17973.0 ], [ 13309.0, 17973.0 ], [ 13327.0, 17991.0 ], [ 13345.0, 18009.0 ], [ 13363.0, 18009.0 ], [ 13381.0, 18027.0 ], [ 13399.0, 18027.0 ], [ 13417.0, 18044.0 ], [ 13435.0, 18044.0 ], [ 13453.0, 18062.0 ], [ 13470.0, 18062.0 ], [ 13488.0, 18062.0 ], [ 13506.0, 18080.0 ], [ 13524.0, 18098.0 ], [ 13542.0, 18098.0 ], [ 13560.0, 18098.0 ], [ 13578.0, 18098.0 ], [ 13596.0, 18116.0 ], [ 13614.0, 18116.0 ], [ 13632.0, 18134.0 ], [ 13650.0, 18134.0 ], [ 13668.0, 18134.0 ], [ 13686.0, 18152.0 ], [ 13704.0, 18152.0 ], [ 13722.0, 18152.0 ], [ 13740.0, 18170.0 ], [ 13757.0, 18170.0 ], [ 13775.0, 18170.0 ], [ 13793.0, 18170.0 ], [ 13811.0, 18188.0 ], [ 13829.0, 18188.0 ], [ 13847.0, 18188.0 ], [ 13865.0, 18206.0 ], [ 13883.0, 18206.0 ], [ 13901.0, 18206.0 ], [ 13919.0, 18224.0 ], [ 13937.0, 18224.0 ], [ 13955.0, 18224.0 ], [ 13973.0, 18224.0 ], [ 13991.0, 18224.0 ], [ 14009.0, 18242.0 ], [ 14027.0, 18242.0 ], [ 14044.0, 18242.0 ], [ 14062.0, 18242.0 ], [ 14080.0, 18242.0 ], [ 14098.0, 18242.0 ], [ 14116.0, 18242.0 ], [ 14134.0, 18242.0 ], [ 14152.0, 18242.0 ], [ 14170.0, 18242.0 ], [ 14188.0, 18242.0 ], [ 14206.0, 18242.0 ], [ 14224.0, 18242.0 ], [ 14242.0, 18242.0 ], [ 14260.0, 18242.0 ], [ 14278.0, 18242.0 ], [ 14296.0, 18224.0 ], [ 14314.0, 18224.0 ], [ 14331.0, 18224.0 ], [ 14349.0, 18224.0 ], [ 14367.0, 18224.0 ], [ 14385.0, 18206.0 ], [ 14403.0, 18206.0 ], [ 14421.0, 18206.0 ], [ 14439.0, 18188.0 ], [ 14457.0, 18188.0 ], [ 14475.0, 18188.0 ], [ 14493.0, 18170.0 ], [ 14511.0, 18170.0 ], [ 14529.0, 18170.0 ], [ 14547.0, 18152.0 ], [ 14565.0, 18152.0 ], [ 14565.0, 18134.0 ], [ 14565.0, 18116.0 ], [ 14565.0, 18098.0 ], [ 14565.0, 18080.0 ], [ 14565.0, 18062.0 ], [ 14565.0, 18044.0 ], [ 14565.0, 18027.0 ], [ 14565.0, 18009.0 ], [ 14565.0, 17991.0 ], [ 14565.0, 17973.0 ], [ 14565.0, 17955.0 ], [ 14565.0, 17937.0 ], [ 14565.0, 17919.0 ], [ 14565.0, 17901.0 ], [ 14565.0, 17883.0 ], [ 14565.0, 17865.0 ], [ 14565.0, 17847.0 ], [ 14565.0, 17829.0 ], [ 14565.0, 17811.0 ], [ 14565.0, 17793.0 ], [ 14565.0, 17775.0 ], [ 14565.0, 17757.0 ], [ 14565.0, 17740.0 ], [ 14565.0, 17722.0 ], [ 14565.0, 17704.0 ], [ 14583.0, 17686.0 ], [ 14601.0, 17686.0 ], [ 14618.0, 17686.0 ], [ 14636.0, 17686.0 ], [ 14654.0, 17686.0 ], [ 14672.0, 17686.0 ], [ 14690.0, 17686.0 ], [ 14708.0, 17686.0 ], [ 14726.0, 17686.0 ], [ 14744.0, 17686.0 ], [ 14762.0, 17686.0 ], [ 14780.0, 17686.0 ], [ 14798.0, 17686.0 ], [ 14816.0, 17686.0 ], [ 14834.0, 17686.0 ], [ 14852.0, 17686.0 ], [ 14870.0, 17686.0 ], [ 14887.0, 17686.0 ], [ 14905.0, 17686.0 ], [ 14923.0, 17686.0 ], [ 14941.0, 17686.0 ], [ 14959.0, 17686.0 ], [ 14977.0, 17668.0 ], [ 14977.0, 17650.0 ], [ 14977.0, 17632.0 ], [ 14995.0, 17614.0 ], [ 14995.0, 17596.0 ], [ 14995.0, 17578.0 ], [ 15013.0, 17560.0 ], [ 15013.0, 17542.0 ], [ 15031.0, 17524.0 ], [ 15031.0, 17506.0 ], [ 15031.0, 17488.0 ], [ 15049.0, 17470.0 ], [ 15049.0, 17453.0 ], [ 15049.0, 17435.0 ], [ 15067.0, 17417.0 ], [ 15067.0, 17399.0 ], [ 15067.0, 17381.0 ], [ 15067.0, 17363.0 ], [ 15085.0, 17345.0 ], [ 15085.0, 17327.0 ], [ 15085.0, 17309.0 ], [ 15085.0, 17291.0 ], [ 15085.0, 17273.0 ], [ 15103.0, 17255.0 ], [ 15103.0, 17237.0 ], [ 15103.0, 17219.0 ], [ 15103.0, 17201.0 ], [ 15121.0, 17183.0 ], [ 15121.0, 17166.0 ], [ 15121.0, 17148.0 ], [ 15121.0, 17130.0 ], [ 15121.0, 17112.0 ], [ 15121.0, 17094.0 ], [ 15139.0, 17076.0 ], [ 15139.0, 17058.0 ], [ 15139.0, 17040.0 ], [ 15139.0, 17022.0 ], [ 15139.0, 17004.0 ], [ 15139.0, 16986.0 ], [ 15139.0, 16968.0 ], [ 15139.0, 16950.0 ], [ 15139.0, 16932.0 ], [ 15139.0, 16914.0 ], [ 15139.0, 16896.0 ], [ 15139.0, 16879.0 ], [ 15139.0, 16861.0 ], [ 15121.0, 16843.0 ], [ 15139.0, 16825.0 ], [ 15157.0, 16825.0 ], [ 15157.0, 16807.0 ], [ 15157.0, 16789.0 ], [ 15157.0, 16771.0 ], [ 15157.0, 16753.0 ], [ 15174.0, 16735.0 ], [ 15174.0, 16717.0 ], [ 15174.0, 16699.0 ], [ 15174.0, 16681.0 ], [ 15174.0, 16663.0 ], [ 15174.0, 16645.0 ], [ 15174.0, 16627.0 ], [ 15174.0, 16609.0 ], [ 15174.0, 16592.0 ], [ 15174.0, 16574.0 ], [ 15174.0, 16556.0 ], [ 15174.0, 16538.0 ], [ 15174.0, 16520.0 ], [ 15174.0, 16502.0 ], [ 15174.0, 16484.0 ], [ 15174.0, 16466.0 ], [ 15174.0, 16448.0 ], [ 15174.0, 16430.0 ], [ 15174.0, 16412.0 ], [ 15174.0, 16394.0 ], [ 15174.0, 16376.0 ], [ 15174.0, 16358.0 ], [ 15174.0, 16340.0 ], [ 15174.0, 16322.0 ], [ 15174.0, 16305.0 ], [ 15157.0, 16287.0 ], [ 15157.0, 16269.0 ], [ 15157.0, 16251.0 ], [ 15157.0, 16233.0 ], [ 15157.0, 16215.0 ], [ 15157.0, 16197.0 ], [ 15157.0, 16179.0 ], [ 15157.0, 16161.0 ], [ 15157.0, 16143.0 ], [ 15157.0, 16125.0 ], [ 15157.0, 16107.0 ], [ 15157.0, 16089.0 ], [ 15157.0, 16071.0 ], [ 15157.0, 16053.0 ], [ 15139.0, 16035.0 ], [ 15139.0, 16018.0 ], [ 15121.0, 16000.0 ], [ 15139.0, 15982.0 ], [ 15157.0, 15964.0 ], [ 15139.0, 15946.0 ], [ 15139.0, 15928.0 ], [ 15139.0, 15910.0 ], [ 15139.0, 15892.0 ], [ 15139.0, 15874.0 ], [ 15121.0, 15856.0 ], [ 15121.0, 15838.0 ], [ 15121.0, 15820.0 ], [ 15121.0, 15802.0 ], [ 15121.0, 15784.0 ], [ 15121.0, 15766.0 ], [ 15121.0, 15748.0 ], [ 15121.0, 15731.0 ], [ 15103.0, 15713.0 ], [ 15103.0, 15695.0 ], [ 15103.0, 15677.0 ], [ 15103.0, 15659.0 ], [ 15103.0, 15641.0 ], [ 15103.0, 15623.0 ], [ 15085.0, 15605.0 ], [ 15085.0, 15587.0 ], [ 15085.0, 15569.0 ], [ 15085.0, 15551.0 ], [ 15085.0, 15533.0 ], [ 15085.0, 15515.0 ], [ 15067.0, 15497.0 ], [ 15067.0, 15479.0 ], [ 15067.0, 15461.0 ], [ 15067.0, 15444.0 ], [ 15067.0, 15426.0 ], [ 15049.0, 15408.0 ], [ 15049.0, 15390.0 ], [ 15049.0, 15372.0 ], [ 15049.0, 15354.0 ], [ 15049.0, 15336.0 ], [ 15049.0, 15318.0 ], [ 15031.0, 15300.0 ], [ 15031.0, 15282.0 ], [ 15031.0, 15264.0 ], [ 15031.0, 15246.0 ], [ 15031.0, 15228.0 ], [ 15031.0, 15210.0 ], [ 15013.0, 15192.0 ], [ 15013.0, 15174.0 ], [ 15013.0, 15157.0 ], [ 15013.0, 15139.0 ], [ 15013.0, 15121.0 ], [ 15013.0, 15103.0 ], [ 14995.0, 15085.0 ], [ 14995.0, 15067.0 ], [ 14995.0, 15049.0 ], [ 14995.0, 15031.0 ], [ 14995.0, 15013.0 ], [ 14977.0, 14995.0 ], [ 14977.0, 14977.0 ], [ 14977.0, 14959.0 ], [ 14977.0, 14941.0 ], [ 14977.0, 14923.0 ], [ 14959.0, 14905.0 ], [ 14959.0, 14887.0 ], [ 14959.0, 14870.0 ], [ 14959.0, 14852.0 ], [ 14959.0, 14834.0 ], [ 14959.0, 14816.0 ], [ 14941.0, 14798.0 ], [ 14941.0, 14780.0 ], [ 14941.0, 14762.0 ], [ 14941.0, 14744.0 ], [ 14941.0, 14726.0 ], [ 14923.0, 14708.0 ], [ 14923.0, 14690.0 ], [ 14923.0, 14672.0 ], [ 14923.0, 14654.0 ], [ 14905.0, 14636.0 ], [ 14905.0, 14618.0 ], [ 14905.0, 14601.0 ], [ 14887.0, 14583.0 ], [ 14887.0, 14565.0 ], [ 14887.0, 14547.0 ], [ 14887.0, 14529.0 ], [ 14870.0, 14511.0 ], [ 14870.0, 14493.0 ], [ 14870.0, 14475.0 ], [ 14870.0, 14457.0 ], [ 14852.0, 14439.0 ], [ 14852.0, 14421.0 ], [ 14852.0, 14403.0 ], [ 14852.0, 14385.0 ], [ 14852.0, 14367.0 ], [ 14834.0, 14349.0 ], [ 14834.0, 14331.0 ], [ 14816.0, 14314.0 ], [ 14816.0, 14296.0 ], [ 14816.0, 14278.0 ], [ 14816.0, 14260.0 ], [ 14798.0, 14242.0 ], [ 14798.0, 14224.0 ], [ 14798.0, 14206.0 ], [ 14780.0, 14188.0 ], [ 14780.0, 14170.0 ], [ 14780.0, 14152.0 ], [ 14780.0, 14134.0 ], [ 14780.0, 14116.0 ], [ 14780.0, 14098.0 ], [ 14762.0, 14080.0 ], [ 14762.0, 14062.0 ], [ 14762.0, 14044.0 ], [ 14744.0, 14027.0 ], [ 14744.0, 14009.0 ], [ 14744.0, 13991.0 ], [ 14744.0, 13973.0 ], [ 14726.0, 13955.0 ], [ 14726.0, 13937.0 ], [ 14726.0, 13919.0 ], [ 14726.0, 13901.0 ], [ 14708.0, 13883.0 ], [ 14708.0, 13865.0 ], [ 14708.0, 13847.0 ], [ 14690.0, 13829.0 ], [ 14690.0, 13811.0 ], [ 14690.0, 13793.0 ], [ 14690.0, 13775.0 ], [ 14672.0, 13757.0 ], [ 14672.0, 13740.0 ], [ 14672.0, 13722.0 ], [ 14672.0, 13704.0 ], [ 14654.0, 13686.0 ], [ 14654.0, 13668.0 ], [ 14654.0, 13650.0 ], [ 14654.0, 13632.0 ], [ 14636.0, 13614.0 ], [ 14636.0, 13596.0 ], [ 14636.0, 13578.0 ], [ 14618.0, 13560.0 ], [ 14618.0, 13542.0 ], [ 14618.0, 13524.0 ], [ 14601.0, 13524.0 ], [ 14583.0, 13524.0 ], [ 14565.0, 13506.0 ], [ 14565.0, 13488.0 ], [ 14565.0, 13470.0 ], [ 14565.0, 13453.0 ], [ 14565.0, 13435.0 ], [ 14565.0, 13417.0 ], [ 14565.0, 13399.0 ], [ 14565.0, 13381.0 ], [ 14565.0, 13363.0 ], [ 14565.0, 13345.0 ], [ 14565.0, 13327.0 ], [ 14565.0, 13309.0 ], [ 14547.0, 13291.0 ], [ 14547.0, 13273.0 ], [ 14529.0, 13255.0 ], [ 14529.0, 13237.0 ], [ 14529.0, 13219.0 ], [ 14529.0, 13201.0 ], [ 14511.0, 13183.0 ], [ 14511.0, 13166.0 ], [ 14493.0, 13148.0 ], [ 14493.0, 13130.0 ], [ 14493.0, 13112.0 ], [ 14493.0, 13094.0 ], [ 14475.0, 13076.0 ], [ 14475.0, 13058.0 ], [ 14475.0, 13040.0 ], [ 14457.0, 13022.0 ], [ 14457.0, 13004.0 ], [ 14457.0, 12986.0 ], [ 14457.0, 12968.0 ], [ 14439.0, 12950.0 ], [ 14439.0, 12932.0 ], [ 14439.0, 12914.0 ], [ 14439.0, 12896.0 ], [ 14439.0, 12879.0 ], [ 14421.0, 12861.0 ], [ 14421.0, 12843.0 ], [ 14421.0, 12825.0 ], [ 14403.0, 12807.0 ], [ 14403.0, 12789.0 ], [ 14403.0, 12771.0 ], [ 14385.0, 12753.0 ], [ 14385.0, 12735.0 ], [ 14385.0, 12717.0 ], [ 14385.0, 12699.0 ], [ 14367.0, 12681.0 ], [ 14367.0, 12663.0 ], [ 14367.0, 12645.0 ], [ 14367.0, 12627.0 ], [ 14349.0, 12609.0 ], [ 14349.0, 12592.0 ], [ 14349.0, 12574.0 ], [ 14349.0, 12556.0 ], [ 14331.0, 12538.0 ], [ 14331.0, 12520.0 ], [ 14331.0, 12502.0 ], [ 14331.0, 12484.0 ], [ 14314.0, 12466.0 ], [ 14314.0, 12448.0 ], [ 14314.0, 12430.0 ], [ 14296.0, 12412.0 ], [ 14296.0, 12394.0 ], [ 14296.0, 12376.0 ], [ 14296.0, 12358.0 ], [ 14278.0, 12340.0 ], [ 14278.0, 12322.0 ], [ 14278.0, 12305.0 ], [ 14260.0, 12287.0 ], [ 14260.0, 12269.0 ], [ 14260.0, 12251.0 ], [ 14260.0, 12233.0 ], [ 14242.0, 12215.0 ], [ 14242.0, 12197.0 ], [ 14242.0, 12179.0 ], [ 14242.0, 12161.0 ], [ 14224.0, 12143.0 ], [ 14224.0, 12125.0 ], [ 14224.0, 12107.0 ], [ 14206.0, 12089.0 ], [ 14206.0, 12071.0 ], [ 14206.0, 12053.0 ], [ 14206.0, 12035.0 ], [ 14188.0, 12018.0 ], [ 14188.0, 12000.0 ], [ 14170.0, 11982.0 ], [ 14170.0, 11964.0 ], [ 14170.0, 11946.0 ], [ 14170.0, 11928.0 ], [ 14152.0, 11910.0 ], [ 14152.0, 11892.0 ], [ 14152.0, 11874.0 ], [ 14152.0, 11856.0 ], [ 14134.0, 11838.0 ], [ 14134.0, 11820.0 ], [ 14134.0, 11802.0 ], [ 14134.0, 11784.0 ], [ 14134.0, 11766.0 ], [ 14116.0, 11748.0 ], [ 14116.0, 11731.0 ], [ 14116.0, 11713.0 ], [ 14116.0, 11695.0 ], [ 14116.0, 11677.0 ], [ 14098.0, 11659.0 ], [ 14098.0, 11641.0 ], [ 14098.0, 11623.0 ], [ 14098.0, 11605.0 ], [ 14080.0, 11587.0 ], [ 14080.0, 11569.0 ], [ 14080.0, 11551.0 ], [ 14080.0, 11533.0 ], [ 14080.0, 11515.0 ], [ 14080.0, 11497.0 ], [ 14062.0, 11479.0 ], [ 14062.0, 11461.0 ], [ 14062.0, 11444.0 ], [ 14062.0, 11426.0 ], [ 14062.0, 11408.0 ], [ 14062.0, 11390.0 ], [ 14044.0, 11372.0 ], [ 14044.0, 11354.0 ], [ 14044.0, 11336.0 ], [ 14044.0, 11318.0 ], [ 14027.0, 11300.0 ], [ 14027.0, 11282.0 ], [ 14027.0, 11264.0 ], [ 14027.0, 11246.0 ], [ 14009.0, 11228.0 ], [ 14009.0, 11210.0 ], [ 14009.0, 11192.0 ], [ 14009.0, 11174.0 ], [ 13991.0, 11157.0 ], [ 13991.0, 11139.0 ], [ 13991.0, 11121.0 ], [ 13991.0, 11103.0 ], [ 13973.0, 11085.0 ], [ 13973.0, 11067.0 ], [ 13973.0, 11049.0 ], [ 13973.0, 11031.0 ], [ 13955.0, 11013.0 ], [ 13955.0, 10995.0 ], [ 13955.0, 10977.0 ], [ 13937.0, 10959.0 ], [ 13937.0, 10941.0 ], [ 13937.0, 10923.0 ], [ 13937.0, 10905.0 ], [ 13919.0, 10887.0 ], [ 13919.0, 10870.0 ], [ 13919.0, 10852.0 ], [ 13901.0, 10834.0 ], [ 13901.0, 10816.0 ], [ 13901.0, 10798.0 ], [ 13901.0, 10780.0 ], [ 13901.0, 10762.0 ], [ 13883.0, 10744.0 ], [ 13883.0, 10726.0 ], [ 13883.0, 10708.0 ], [ 13883.0, 10690.0 ], [ 13883.0, 10672.0 ], [ 13883.0, 10654.0 ], [ 13865.0, 10636.0 ], [ 13865.0, 10618.0 ], [ 13865.0, 10600.0 ], [ 13865.0, 10583.0 ], [ 13865.0, 10565.0 ], [ 13847.0, 10547.0 ], [ 13847.0, 10529.0 ], [ 13847.0, 10511.0 ], [ 13847.0, 10493.0 ], [ 13829.0, 10475.0 ], [ 13829.0, 10457.0 ], [ 13829.0, 10439.0 ], [ 13829.0, 10421.0 ], [ 13829.0, 10403.0 ], [ 13811.0, 10385.0 ], [ 13811.0, 10367.0 ], [ 13811.0, 10349.0 ], [ 13811.0, 10331.0 ], [ 13811.0, 10313.0 ], [ 13793.0, 10296.0 ], [ 13793.0, 10278.0 ], [ 13793.0, 10260.0 ], [ 13793.0, 10242.0 ], [ 13775.0, 10224.0 ], [ 13775.0, 10206.0 ], [ 13775.0, 10188.0 ], [ 13757.0, 10170.0 ], [ 13757.0, 10152.0 ], [ 13757.0, 10134.0 ], [ 13757.0, 10116.0 ], [ 13740.0, 10098.0 ], [ 13740.0, 10080.0 ], [ 13740.0, 10062.0 ], [ 13740.0, 10044.0 ], [ 13740.0, 10026.0 ], [ 13722.0, 10009.0 ], [ 13722.0, 9991.0 ], [ 13722.0, 9973.0 ], [ 13722.0, 9955.0 ], [ 13704.0, 9937.0 ], [ 13704.0, 9919.0 ], [ 13704.0, 9901.0 ], [ 13704.0, 9883.0 ], [ 13704.0, 9865.0 ], [ 13686.0, 9847.0 ], [ 13686.0, 9829.0 ], [ 13686.0, 9811.0 ], [ 13686.0, 9793.0 ], [ 13686.0, 9775.0 ], [ 13668.0, 9757.0 ], [ 13668.0, 9739.0 ], [ 13668.0, 9722.0 ], [ 13668.0, 9704.0 ], [ 13650.0, 9686.0 ], [ 13650.0, 9668.0 ], [ 13650.0, 9650.0 ], [ 13650.0, 9632.0 ], [ 13650.0, 9614.0 ], [ 13650.0, 9596.0 ], [ 13632.0, 9578.0 ], [ 13632.0, 9560.0 ], [ 13632.0, 9542.0 ], [ 13632.0, 9524.0 ], [ 13632.0, 9506.0 ], [ 13614.0, 9488.0 ], [ 13614.0, 9470.0 ], [ 13614.0, 9452.0 ], [ 13614.0, 9435.0 ], [ 13614.0, 9417.0 ], [ 13596.0, 9399.0 ], [ 13596.0, 9381.0 ], [ 13596.0, 9363.0 ], [ 13578.0, 9363.0 ], [ 13560.0, 9363.0 ], [ 13542.0, 9363.0 ], [ 13524.0, 9363.0 ], [ 13506.0, 9345.0 ], [ 13506.0, 9327.0 ], [ 13506.0, 9309.0 ], [ 13506.0, 9291.0 ], [ 13506.0, 9273.0 ], [ 13506.0, 9255.0 ], [ 13506.0, 9237.0 ], [ 13506.0, 9219.0 ], [ 13506.0, 9201.0 ], [ 13506.0, 9183.0 ], [ 13506.0, 9165.0 ], [ 13506.0, 9148.0 ], [ 13506.0, 9130.0 ], [ 13506.0, 9112.0 ], [ 13506.0, 9094.0 ], [ 13506.0, 9076.0 ], [ 13506.0, 9058.0 ], [ 13506.0, 9040.0 ], [ 13506.0, 9022.0 ], [ 13506.0, 9004.0 ], [ 13506.0, 8986.0 ], [ 13506.0, 8968.0 ], [ 13506.0, 8950.0 ], [ 13506.0, 8932.0 ], [ 13506.0, 8914.0 ], [ 13506.0, 8896.0 ], [ 13506.0, 8878.0 ], [ 13506.0, 8861.0 ], [ 13506.0, 8843.0 ], [ 13506.0, 8825.0 ], [ 13506.0, 8807.0 ], [ 13506.0, 8789.0 ], [ 13488.0, 8771.0 ], [ 13488.0, 8753.0 ], [ 13488.0, 8735.0 ], [ 13488.0, 8717.0 ], [ 13488.0, 8699.0 ], [ 13470.0, 8681.0 ], [ 13470.0, 8663.0 ], [ 13470.0, 8645.0 ], [ 13470.0, 8627.0 ], [ 13470.0, 8609.0 ], [ 13470.0, 8591.0 ], [ 13470.0, 8574.0 ], [ 13470.0, 8556.0 ], [ 13470.0, 8538.0 ], [ 13470.0, 8520.0 ], [ 13470.0, 8502.0 ], [ 13470.0, 8484.0 ], [ 13453.0, 8466.0 ], [ 13453.0, 8448.0 ], [ 13453.0, 8430.0 ], [ 13453.0, 8412.0 ], [ 13453.0, 8394.0 ], [ 13453.0, 8376.0 ], [ 13453.0, 8358.0 ], [ 13453.0, 8340.0 ], [ 13453.0, 8322.0 ], [ 13453.0, 8304.0 ], [ 13453.0, 8287.0 ], [ 13453.0, 8269.0 ], [ 13453.0, 8251.0 ], [ 13453.0, 8233.0 ], [ 13453.0, 8215.0 ], [ 13453.0, 8197.0 ], [ 13453.0, 8179.0 ], [ 13453.0, 8161.0 ], [ 13453.0, 8143.0 ], [ 13453.0, 8125.0 ], [ 13453.0, 8107.0 ], [ 13453.0, 8089.0 ], [ 13453.0, 8071.0 ], [ 13453.0, 8053.0 ], [ 13453.0, 8035.0 ], [ 13435.0, 8017.0 ], [ 13435.0, 8000.0 ], [ 13435.0, 7982.0 ], [ 13435.0, 7964.0 ], [ 13435.0, 7946.0 ], [ 13435.0, 7928.0 ], [ 13435.0, 7910.0 ], [ 13435.0, 7892.0 ], [ 13435.0, 7874.0 ], [ 13417.0, 7856.0 ], [ 13417.0, 7838.0 ], [ 13417.0, 7820.0 ], [ 13417.0, 7802.0 ], [ 13417.0, 7784.0 ], [ 13417.0, 7766.0 ], [ 13417.0, 7748.0 ], [ 13417.0, 7730.0 ], [ 13417.0, 7713.0 ], [ 13417.0, 7695.0 ], [ 13417.0, 7677.0 ], [ 13417.0, 7659.0 ], [ 13399.0, 7641.0 ], [ 13399.0, 7623.0 ], [ 13399.0, 7605.0 ], [ 13399.0, 7587.0 ], [ 13399.0, 7569.0 ], [ 13399.0, 7551.0 ], [ 13399.0, 7533.0 ], [ 13399.0, 7515.0 ], [ 13381.0, 7497.0 ], [ 13381.0, 7479.0 ], [ 13381.0, 7461.0 ], [ 13381.0, 7443.0 ], [ 13381.0, 7426.0 ], [ 13381.0, 7408.0 ], [ 13381.0, 7390.0 ], [ 13381.0, 7372.0 ], [ 13381.0, 7354.0 ], [ 13381.0, 7336.0 ], [ 13381.0, 7318.0 ], [ 13381.0, 7300.0 ], [ 13381.0, 7282.0 ], [ 13363.0, 7264.0 ], [ 13363.0, 7246.0 ], [ 13363.0, 7228.0 ], [ 13363.0, 7210.0 ], [ 13363.0, 7192.0 ], [ 13363.0, 7174.0 ], [ 13363.0, 7157.0 ], [ 13363.0, 7139.0 ], [ 13363.0, 7121.0 ], [ 13363.0, 7103.0 ], [ 13345.0, 7085.0 ], [ 13363.0, 7067.0 ], [ 13345.0, 7049.0 ], [ 13345.0, 7031.0 ], [ 13345.0, 7013.0 ], [ 13345.0, 6995.0 ], [ 13345.0, 6977.0 ], [ 13345.0, 6959.0 ], [ 13345.0, 6941.0 ], [ 13345.0, 6923.0 ], [ 13345.0, 6905.0 ], [ 13345.0, 6887.0 ], [ 13345.0, 6870.0 ], [ 13327.0, 6852.0 ], [ 13345.0, 6834.0 ], [ 13345.0, 6816.0 ], [ 13345.0, 6798.0 ], [ 13345.0, 6780.0 ], [ 13345.0, 6762.0 ], [ 13345.0, 6744.0 ], [ 13345.0, 6726.0 ], [ 13327.0, 6708.0 ], [ 13327.0, 6690.0 ], [ 13345.0, 6672.0 ], [ 13327.0, 6654.0 ], [ 13327.0, 6636.0 ], [ 13327.0, 6618.0 ], [ 13327.0, 6600.0 ], [ 13327.0, 6583.0 ], [ 13327.0, 6565.0 ], [ 13327.0, 6547.0 ], [ 13327.0, 6529.0 ], [ 13327.0, 6511.0 ], [ 13327.0, 6493.0 ], [ 13327.0, 6475.0 ], [ 13327.0, 6457.0 ], [ 13327.0, 6439.0 ], [ 13327.0, 6421.0 ], [ 13327.0, 6403.0 ], [ 13309.0, 6385.0 ], [ 13309.0, 6367.0 ], [ 13327.0, 6349.0 ], [ 13309.0, 6331.0 ], [ 13309.0, 6313.0 ], [ 13309.0, 6296.0 ], [ 13309.0, 6278.0 ], [ 13327.0, 6260.0 ], [ 13327.0, 6242.0 ], [ 13327.0, 6224.0 ], [ 13327.0, 6206.0 ], [ 13327.0, 6188.0 ], [ 13327.0, 6170.0 ], [ 13327.0, 6152.0 ], [ 13327.0, 6134.0 ], [ 13327.0, 6116.0 ], [ 13327.0, 6098.0 ], [ 13327.0, 6080.0 ], [ 13327.0, 6062.0 ], [ 13327.0, 6044.0 ], [ 13327.0, 6026.0 ], [ 13327.0, 6009.0 ], [ 13327.0, 5991.0 ], [ 13327.0, 5973.0 ], [ 13327.0, 5955.0 ], [ 13327.0, 5937.0 ], [ 13327.0, 5919.0 ], [ 13327.0, 5901.0 ], [ 13327.0, 5883.0 ], [ 13327.0, 5865.0 ], [ 13327.0, 5847.0 ], [ 13327.0, 5829.0 ], [ 13327.0, 5811.0 ], [ 13327.0, 5793.0 ], [ 13309.0, 5775.0 ], [ 13309.0, 5757.0 ], [ 13309.0, 5739.0 ], [ 13309.0, 5722.0 ], [ 13309.0, 5704.0 ], [ 13309.0, 5686.0 ], [ 13309.0, 5668.0 ], [ 13309.0, 5650.0 ], [ 13309.0, 5632.0 ], [ 13309.0, 5614.0 ], [ 13309.0, 5596.0 ], [ 13309.0, 5578.0 ], [ 13309.0, 5560.0 ], [ 13309.0, 5542.0 ], [ 13309.0, 5524.0 ], [ 13309.0, 5506.0 ], [ 13309.0, 5488.0 ], [ 13309.0, 5470.0 ], [ 13309.0, 5452.0 ], [ 13291.0, 5435.0 ], [ 13291.0, 5417.0 ], [ 13309.0, 5399.0 ], [ 13291.0, 5381.0 ], [ 13309.0, 5363.0 ], [ 13309.0, 5345.0 ], [ 13309.0, 5327.0 ], [ 13309.0, 5309.0 ], [ 13309.0, 5291.0 ], [ 13309.0, 5273.0 ], [ 13309.0, 5255.0 ], [ 13309.0, 5237.0 ], [ 13309.0, 5219.0 ], [ 13309.0, 5201.0 ], [ 13309.0, 5183.0 ], [ 13309.0, 5165.0 ], [ 13309.0, 5148.0 ], [ 13309.0, 5130.0 ], [ 13309.0, 5112.0 ], [ 13309.0, 5094.0 ], [ 13309.0, 5076.0 ], [ 13309.0, 5058.0 ], [ 13309.0, 5040.0 ], [ 13309.0, 5022.0 ], [ 13309.0, 5004.0 ], [ 13309.0, 4986.0 ], [ 13309.0, 4968.0 ], [ 13309.0, 4950.0 ], [ 13309.0, 4932.0 ], [ 13309.0, 4914.0 ], [ 13309.0, 4896.0 ], [ 13309.0, 4878.0 ], [ 13309.0, 4861.0 ], [ 13309.0, 4843.0 ], [ 13309.0, 4825.0 ], [ 13309.0, 4807.0 ], [ 13309.0, 4789.0 ], [ 13309.0, 4771.0 ], [ 13309.0, 4753.0 ], [ 13309.0, 4735.0 ], [ 13309.0, 4717.0 ], [ 13327.0, 4699.0 ], [ 13327.0, 4681.0 ], [ 13309.0, 4663.0 ], [ 13309.0, 4645.0 ], [ 13309.0, 4627.0 ], [ 13309.0, 4609.0 ], [ 13309.0, 4591.0 ], [ 13309.0, 4574.0 ], [ 13309.0, 4556.0 ], [ 13309.0, 4538.0 ], [ 13309.0, 4520.0 ], [ 13309.0, 4502.0 ], [ 13309.0, 4484.0 ], [ 13309.0, 4466.0 ], [ 13309.0, 4448.0 ], [ 13309.0, 4430.0 ], [ 13309.0, 4412.0 ], [ 13309.0, 4394.0 ], [ 13309.0, 4376.0 ], [ 13309.0, 4358.0 ], [ 13309.0, 4340.0 ], [ 13309.0, 4322.0 ], [ 13309.0, 4304.0 ], [ 13309.0, 4287.0 ], [ 13309.0, 4269.0 ], [ 13309.0, 4251.0 ], [ 13309.0, 4233.0 ], [ 13309.0, 4215.0 ], [ 13309.0, 4197.0 ], [ 13309.0, 4179.0 ], [ 13309.0, 4161.0 ], [ 13309.0, 4143.0 ], [ 13309.0, 4125.0 ], [ 13309.0, 4107.0 ], [ 13327.0, 4089.0 ], [ 13327.0, 4071.0 ], [ 13327.0, 4053.0 ], [ 13327.0, 4035.0 ], [ 13327.0, 4017.0 ], [ 13327.0, 4000.0 ], [ 13327.0, 3982.0 ], [ 13327.0, 3964.0 ], [ 13327.0, 3946.0 ], [ 13327.0, 3928.0 ], [ 13327.0, 3910.0 ], [ 13327.0, 3892.0 ], [ 13345.0, 3874.0 ], [ 13345.0, 3856.0 ], [ 13345.0, 3838.0 ], [ 13345.0, 3820.0 ], [ 13345.0, 3802.0 ], [ 13345.0, 3784.0 ], [ 13363.0, 3766.0 ], [ 13363.0, 3748.0 ], [ 13363.0, 3730.0 ], [ 13363.0, 3713.0 ], [ 13363.0, 3695.0 ], [ 13363.0, 3677.0 ], [ 13363.0, 3659.0 ], [ 13363.0, 3641.0 ], [ 13363.0, 3623.0 ], [ 13363.0, 3605.0 ], [ 13363.0, 3587.0 ], [ 13381.0, 3569.0 ], [ 13381.0, 3551.0 ], [ 13381.0, 3533.0 ], [ 13381.0, 3515.0 ], [ 13381.0, 3497.0 ], [ 13381.0, 3479.0 ], [ 13381.0, 3461.0 ], [ 13381.0, 3443.0 ], [ 13381.0, 3426.0 ], [ 13381.0, 3408.0 ], [ 13381.0, 3390.0 ], [ 13381.0, 3372.0 ], [ 13381.0, 3354.0 ], [ 13381.0, 3336.0 ], [ 13381.0, 3318.0 ], [ 13381.0, 3300.0 ], [ 13381.0, 3282.0 ], [ 13381.0, 3264.0 ], [ 13381.0, 3246.0 ], [ 13381.0, 3228.0 ], [ 13381.0, 3210.0 ], [ 13381.0, 3192.0 ], [ 13381.0, 3174.0 ], [ 13381.0, 3156.0 ], [ 13381.0, 3139.0 ], [ 13381.0, 3121.0 ], [ 13381.0, 3103.0 ], [ 13381.0, 3085.0 ], [ 13381.0, 3067.0 ], [ 13381.0, 3049.0 ], [ 13381.0, 3031.0 ], [ 13381.0, 3013.0 ], [ 13381.0, 2995.0 ], [ 13381.0, 2977.0 ], [ 13399.0, 2959.0 ], [ 13399.0, 2941.0 ], [ 13399.0, 2923.0 ], [ 13399.0, 2905.0 ], [ 13399.0, 2887.0 ], [ 13399.0, 2869.0 ], [ 13417.0, 2852.0 ], [ 13417.0, 2834.0 ], [ 13417.0, 2816.0 ], [ 13417.0, 2798.0 ], [ 13435.0, 2780.0 ], [ 13435.0, 2762.0 ], [ 13435.0, 2744.0 ], [ 13435.0, 2726.0 ], [ 13453.0, 2708.0 ], [ 13453.0, 2690.0 ], [ 13453.0, 2672.0 ], [ 13453.0, 2654.0 ], [ 13453.0, 2636.0 ], [ 13470.0, 2618.0 ], [ 13470.0, 2600.0 ], [ 13470.0, 2582.0 ], [ 13470.0, 2565.0 ], [ 13470.0, 2547.0 ], [ 13470.0, 2529.0 ], [ 13470.0, 2511.0 ], [ 13470.0, 2493.0 ], [ 13488.0, 2475.0 ], [ 13488.0, 2457.0 ], [ 13488.0, 2439.0 ], [ 13488.0, 2421.0 ], [ 13488.0, 2403.0 ], [ 13488.0, 2385.0 ], [ 13488.0, 2367.0 ], [ 13488.0, 2349.0 ], [ 13506.0, 2331.0 ], [ 13506.0, 2313.0 ], [ 13506.0, 2295.0 ], [ 13506.0, 2278.0 ], [ 13506.0, 2260.0 ], [ 13506.0, 2242.0 ], [ 13506.0, 2224.0 ], [ 13506.0, 2206.0 ], [ 13506.0, 2188.0 ], [ 13506.0, 2170.0 ], [ 13506.0, 2152.0 ], [ 13506.0, 2134.0 ], [ 13506.0, 2116.0 ], [ 13506.0, 2098.0 ], [ 13506.0, 2080.0 ], [ 13506.0, 2062.0 ], [ 13506.0, 2044.0 ], [ 13506.0, 2026.0 ], [ 13506.0, 2008.0 ], [ 13506.0, 1991.0 ], [ 13506.0, 1973.0 ], [ 13506.0, 1955.0 ], [ 13506.0, 1937.0 ], [ 13506.0, 1919.0 ], [ 13506.0, 1901.0 ], [ 13506.0, 1883.0 ], [ 13506.0, 1865.0 ], [ 13506.0, 1847.0 ], [ 13506.0, 1829.0 ], [ 13506.0, 1811.0 ], [ 13506.0, 1793.0 ], [ 13506.0, 1775.0 ], [ 13506.0, 1757.0 ], [ 13506.0, 1739.0 ], [ 13506.0, 1721.0 ], [ 13506.0, 1704.0 ], [ 13506.0, 1686.0 ], [ 13506.0, 1668.0 ], [ 13506.0, 1650.0 ], [ 13506.0, 1632.0 ], [ 13506.0, 1614.0 ], [ 13506.0, 1596.0 ], [ 13506.0, 1578.0 ], [ 13506.0, 1560.0 ], [ 13506.0, 1542.0 ], [ 13488.0, 1542.0 ], [ 13470.0, 1542.0 ], [ 13453.0, 1524.0 ], [ 13435.0, 1524.0 ], [ 13417.0, 1524.0 ], [ 13399.0, 1524.0 ], [ 13381.0, 1506.0 ], [ 13363.0, 1524.0 ], [ 13345.0, 1506.0 ], [ 13327.0, 1488.0 ], [ 13309.0, 1488.0 ], [ 13291.0, 1488.0 ], [ 13273.0, 1488.0 ], [ 13255.0, 1488.0 ], [ 13237.0, 1488.0 ], [ 13219.0, 1488.0 ], [ 13201.0, 1488.0 ], [ 13183.0, 1488.0 ], [ 13166.0, 1488.0 ], [ 13148.0, 1488.0 ], [ 13130.0, 1488.0 ], [ 13112.0, 1488.0 ], [ 13094.0, 1470.0 ], [ 13076.0, 1470.0 ], [ 13058.0, 1470.0 ], [ 13040.0, 1470.0 ], [ 13022.0, 1470.0 ], [ 13004.0, 1470.0 ], [ 12986.0, 1470.0 ], [ 12968.0, 1452.0 ], [ 12950.0, 1452.0 ], [ 12932.0, 1452.0 ], [ 12914.0, 1452.0 ], [ 12896.0, 1452.0 ], [ 12879.0, 1452.0 ], [ 12861.0, 1452.0 ], [ 12843.0, 1452.0 ], [ 12825.0, 1452.0 ], [ 12807.0, 1452.0 ], [ 12789.0, 1452.0 ], [ 12771.0, 1452.0 ], [ 12753.0, 1434.0 ], [ 12735.0, 1434.0 ], [ 12717.0, 1434.0 ], [ 12699.0, 1434.0 ], [ 12681.0, 1434.0 ], [ 12663.0, 1434.0 ], [ 12645.0, 1434.0 ], [ 12627.0, 1434.0 ], [ 12609.0, 1434.0 ], [ 12592.0, 1434.0 ], [ 12574.0, 1417.0 ], [ 12556.0, 1434.0 ], [ 12538.0, 1434.0 ], [ 12520.0, 1417.0 ], [ 12502.0, 1417.0 ], [ 12484.0, 1417.0 ], [ 12466.0, 1417.0 ], [ 12448.0, 1417.0 ], [ 12430.0, 1417.0 ], [ 12412.0, 1417.0 ], [ 12394.0, 1417.0 ], [ 12376.0, 1417.0 ], [ 12358.0, 1417.0 ], [ 12340.0, 1417.0 ], [ 12322.0, 1417.0 ], [ 12305.0, 1399.0 ], [ 12287.0, 1399.0 ], [ 12269.0, 1399.0 ], [ 12251.0, 1417.0 ], [ 12233.0, 1417.0 ], [ 12215.0, 1417.0 ], [ 12197.0, 1417.0 ], [ 12179.0, 1417.0 ], [ 12161.0, 1417.0 ], [ 12143.0, 1417.0 ], [ 12125.0, 1417.0 ], [ 12107.0, 1417.0 ], [ 12089.0, 1417.0 ], [ 12071.0, 1417.0 ], [ 12053.0, 1417.0 ], [ 12035.0, 1417.0 ], [ 12018.0, 1417.0 ], [ 12000.0, 1417.0 ], [ 11982.0, 1417.0 ], [ 11964.0, 1417.0 ], [ 11946.0, 1417.0 ], [ 11928.0, 1417.0 ], [ 11910.0, 1417.0 ], [ 11892.0, 1417.0 ], [ 11874.0, 1417.0 ], [ 11856.0, 1417.0 ], [ 11838.0, 1417.0 ], [ 11820.0, 1399.0 ], [ 11802.0, 1417.0 ], [ 11784.0, 1417.0 ], [ 11766.0, 1399.0 ], [ 11748.0, 1417.0 ], [ 11731.0, 1417.0 ], [ 11713.0, 1399.0 ], [ 11695.0, 1399.0 ], [ 11677.0, 1399.0 ], [ 11659.0, 1399.0 ], [ 11641.0, 1417.0 ], [ 11623.0, 1417.0 ], [ 11605.0, 1417.0 ], [ 11587.0, 1417.0 ], [ 11569.0, 1399.0 ], [ 11551.0, 1399.0 ], [ 11533.0, 1399.0 ], [ 11515.0, 1399.0 ], [ 11497.0, 1399.0 ], [ 11479.0, 1417.0 ], [ 11461.0, 1399.0 ], [ 11444.0, 1399.0 ], [ 11426.0, 1399.0 ], [ 11408.0, 1381.0 ], [ 11390.0, 1399.0 ], [ 11372.0, 1417.0 ], [ 11354.0, 1417.0 ], [ 11336.0, 1417.0 ], [ 11318.0, 1417.0 ], [ 11300.0, 1417.0 ], [ 11282.0, 1417.0 ], [ 11264.0, 1399.0 ], [ 11246.0, 1417.0 ], [ 11228.0, 1417.0 ], [ 11210.0, 1417.0 ], [ 11192.0, 1417.0 ], [ 11174.0, 1417.0 ], [ 11157.0, 1417.0 ], [ 11139.0, 1417.0 ], [ 11121.0, 1417.0 ], [ 11103.0, 1417.0 ], [ 11085.0, 1417.0 ], [ 11067.0, 1417.0 ], [ 11049.0, 1399.0 ], [ 11031.0, 1381.0 ], [ 11013.0, 1399.0 ], [ 10995.0, 1417.0 ], [ 10977.0, 1417.0 ], [ 10959.0, 1417.0 ], [ 10941.0, 1417.0 ], [ 10923.0, 1417.0 ], [ 10905.0, 1399.0 ], [ 10887.0, 1399.0 ], [ 10870.0, 1399.0 ], [ 10852.0, 1399.0 ], [ 10834.0, 1417.0 ], [ 10816.0, 1399.0 ], [ 10798.0, 1399.0 ], [ 10780.0, 1399.0 ], [ 10762.0, 1399.0 ], [ 10744.0, 1399.0 ], [ 10726.0, 1399.0 ], [ 10708.0, 1417.0 ], [ 10690.0, 1417.0 ], [ 10672.0, 1417.0 ], [ 10654.0, 1417.0 ], [ 10636.0, 1399.0 ], [ 10618.0, 1399.0 ], [ 10600.0, 1417.0 ], [ 10583.0, 1417.0 ], [ 10565.0, 1417.0 ], [ 10547.0, 1417.0 ], [ 10529.0, 1417.0 ], [ 10511.0, 1417.0 ], [ 10493.0, 1417.0 ], [ 10475.0, 1417.0 ], [ 10457.0, 1417.0 ], [ 10439.0, 1434.0 ], [ 10421.0, 1417.0 ], [ 10403.0, 1417.0 ], [ 10385.0, 1417.0 ], [ 10367.0, 1417.0 ], [ 10349.0, 1417.0 ], [ 10331.0, 1417.0 ], [ 10313.0, 1417.0 ], [ 10296.0, 1417.0 ], [ 10278.0, 1417.0 ], [ 10260.0, 1417.0 ], [ 10242.0, 1417.0 ], [ 10224.0, 1434.0 ], [ 10206.0, 1434.0 ], [ 10188.0, 1434.0 ], [ 10170.0, 1434.0 ], [ 10152.0, 1434.0 ], [ 10134.0, 1434.0 ], [ 10116.0, 1452.0 ], [ 10098.0, 1434.0 ], [ 10080.0, 1434.0 ], [ 10062.0, 1434.0 ], [ 10044.0, 1434.0 ], [ 10026.0, 1434.0 ], [ 10009.0, 1434.0 ], [ 9991.0, 1434.0 ], [ 9973.0, 1434.0 ], [ 9955.0, 1452.0 ], [ 9937.0, 1434.0 ], [ 9919.0, 1434.0 ], [ 9901.0, 1452.0 ], [ 9883.0, 1452.0 ], [ 9865.0, 1452.0 ], [ 9847.0, 1452.0 ], [ 9829.0, 1452.0 ], [ 9811.0, 1452.0 ], [ 9793.0, 1470.0 ], [ 9775.0, 1452.0 ], [ 9757.0, 1452.0 ], [ 9739.0, 1452.0 ], [ 9722.0, 1452.0 ], [ 9704.0, 1452.0 ], [ 9686.0, 1452.0 ], [ 9668.0, 1452.0 ], [ 9650.0, 1452.0 ], [ 9632.0, 1452.0 ], [ 9614.0, 1452.0 ], [ 9596.0, 1452.0 ], [ 9578.0, 1452.0 ], [ 9560.0, 1452.0 ], [ 9542.0, 1470.0 ], [ 9524.0, 1470.0 ], [ 9506.0, 1470.0 ], [ 9488.0, 1470.0 ], [ 9470.0, 1470.0 ], [ 9452.0, 1470.0 ], [ 9435.0, 1470.0 ], [ 9417.0, 1470.0 ], [ 9399.0, 1470.0 ], [ 9381.0, 1488.0 ], [ 9363.0, 1470.0 ], [ 9345.0, 1488.0 ], [ 9327.0, 1488.0 ], [ 9309.0, 1488.0 ], [ 9291.0, 1470.0 ], [ 9273.0, 1488.0 ], [ 9255.0, 1488.0 ], [ 9237.0, 1488.0 ], [ 9219.0, 1488.0 ], [ 9201.0, 1488.0 ], [ 9183.0, 1488.0 ], [ 9165.0, 1488.0 ], [ 9148.0, 1488.0 ], [ 9130.0, 1506.0 ], [ 9112.0, 1488.0 ], [ 9094.0, 1488.0 ], [ 9076.0, 1488.0 ], [ 9058.0, 1506.0 ], [ 9040.0, 1506.0 ], [ 9022.0, 1488.0 ], [ 9004.0, 1506.0 ], [ 8986.0, 1506.0 ], [ 8968.0, 1506.0 ], [ 8950.0, 1506.0 ], [ 8932.0, 1506.0 ], [ 8914.0, 1506.0 ], [ 8896.0, 1506.0 ], [ 8878.0, 1506.0 ], [ 8861.0, 1506.0 ], [ 8843.0, 1506.0 ], [ 8825.0, 1506.0 ], [ 8807.0, 1506.0 ], [ 8789.0, 1506.0 ], [ 8771.0, 1524.0 ], [ 8753.0, 1524.0 ], [ 8735.0, 1524.0 ], [ 8717.0, 1524.0 ], [ 8699.0, 1524.0 ], [ 8681.0, 1524.0 ], [ 8663.0, 1524.0 ], [ 8645.0, 1524.0 ], [ 8627.0, 1524.0 ], [ 8609.0, 1524.0 ], [ 8591.0, 1524.0 ], [ 8574.0, 1524.0 ], [ 8556.0, 1524.0 ], [ 8538.0, 1524.0 ], [ 8520.0, 1542.0 ], [ 8502.0, 1542.0 ], [ 8484.0, 1542.0 ], [ 8466.0, 1542.0 ], [ 8448.0, 1542.0 ], [ 8430.0, 1542.0 ], [ 8412.0, 1542.0 ], [ 8394.0, 1542.0 ], [ 8376.0, 1542.0 ], [ 8358.0, 1542.0 ], [ 8340.0, 1542.0 ], [ 8322.0, 1542.0 ], [ 8304.0, 1542.0 ], [ 8287.0, 1560.0 ], [ 8269.0, 1560.0 ], [ 8251.0, 1560.0 ], [ 8233.0, 1560.0 ], [ 8215.0, 1560.0 ], [ 8197.0, 1560.0 ], [ 8179.0, 1560.0 ], [ 8161.0, 1560.0 ], [ 8143.0, 1560.0 ], [ 8125.0, 1578.0 ], [ 8107.0, 1578.0 ], [ 8089.0, 1578.0 ], [ 8071.0, 1578.0 ], [ 8053.0, 1578.0 ], [ 8035.0, 1578.0 ], [ 8017.0, 1578.0 ], [ 8000.0, 1578.0 ], [ 7982.0, 1578.0 ], [ 7964.0, 1578.0 ], [ 7946.0, 1596.0 ], [ 7928.0, 1596.0 ], [ 7910.0, 1596.0 ], [ 7892.0, 1596.0 ], [ 7874.0, 1596.0 ], [ 7856.0, 1596.0 ], [ 7838.0, 1596.0 ], [ 7820.0, 1596.0 ], [ 7802.0, 1614.0 ], [ 7784.0, 1614.0 ], [ 7766.0, 1614.0 ], [ 7748.0, 1614.0 ], [ 7730.0, 1614.0 ], [ 7713.0, 1614.0 ], [ 7695.0, 1614.0 ], [ 7677.0, 1632.0 ], [ 7659.0, 1632.0 ], [ 7641.0, 1632.0 ], [ 7623.0, 1632.0 ], [ 7605.0, 1632.0 ], [ 7587.0, 1632.0 ], [ 7569.0, 1632.0 ], [ 7551.0, 1632.0 ], [ 7533.0, 1650.0 ], [ 7515.0, 1632.0 ], [ 7497.0, 1650.0 ], [ 7479.0, 1650.0 ], [ 7461.0, 1650.0 ], [ 7443.0, 1650.0 ], [ 7426.0, 1650.0 ], [ 7408.0, 1650.0 ], [ 7390.0, 1650.0 ], [ 7390.0, 1668.0 ], [ 7390.0, 1686.0 ], [ 7372.0, 1704.0 ], [ 7372.0, 1721.0 ], [ 7354.0, 1739.0 ], [ 7354.0, 1757.0 ], [ 7336.0, 1775.0 ], [ 7336.0, 1793.0 ], [ 7318.0, 1811.0 ], [ 7300.0, 1829.0 ], [ 7300.0, 1847.0 ], [ 7282.0, 1865.0 ], [ 7282.0, 1883.0 ], [ 7282.0, 1901.0 ], [ 7282.0, 1919.0 ], [ 7282.0, 1937.0 ], [ 7282.0, 1955.0 ], [ 7282.0, 1973.0 ], [ 7282.0, 1991.0 ], [ 7282.0, 2008.0 ], [ 7282.0, 2026.0 ], [ 7282.0, 2044.0 ], [ 7282.0, 2062.0 ], [ 7264.0, 2080.0 ], [ 7246.0, 2080.0 ], [ 7228.0, 2080.0 ], [ 7210.0, 2080.0 ], [ 7192.0, 2080.0 ], [ 7174.0, 2080.0 ], [ 7157.0, 2098.0 ], [ 7139.0, 2116.0 ], [ 7139.0, 2134.0 ], [ 7121.0, 2152.0 ], [ 7121.0, 2170.0 ], [ 7103.0, 2188.0 ], [ 7085.0, 2206.0 ], [ 7085.0, 2224.0 ], [ 7067.0, 2242.0 ], [ 7067.0, 2260.0 ], [ 7049.0, 2278.0 ], [ 7031.0, 2295.0 ], [ 7031.0, 2313.0 ], [ 7013.0, 2331.0 ], [ 6995.0, 2349.0 ], [ 6995.0, 2367.0 ], [ 6977.0, 2385.0 ], [ 6977.0, 2403.0 ], [ 6959.0, 2421.0 ], [ 6959.0, 2439.0 ], [ 6941.0, 2457.0 ], [ 6941.0, 2475.0 ], [ 6923.0, 2493.0 ], [ 6905.0, 2511.0 ], [ 6905.0, 2529.0 ], [ 6887.0, 2547.0 ], [ 6887.0, 2565.0 ], [ 6870.0, 2582.0 ], [ 6870.0, 2600.0 ], [ 6852.0, 2618.0 ], [ 6834.0, 2636.0 ], [ 6834.0, 2654.0 ], [ 6834.0, 2672.0 ], [ 6816.0, 2690.0 ], [ 6798.0, 2708.0 ], [ 6798.0, 2726.0 ], [ 6780.0, 2744.0 ], [ 6780.0, 2762.0 ], [ 6762.0, 2780.0 ], [ 6762.0, 2798.0 ], [ 6744.0, 2816.0 ], [ 6744.0, 2834.0 ], [ 6726.0, 2852.0 ], [ 6726.0, 2869.0 ], [ 6708.0, 2887.0 ], [ 6690.0, 2905.0 ], [ 6690.0, 2923.0 ], [ 6672.0, 2941.0 ], [ 6672.0, 2959.0 ], [ 6654.0, 2977.0 ], [ 6654.0, 2995.0 ], [ 6636.0, 3013.0 ], [ 6636.0, 3031.0 ], [ 6618.0, 3049.0 ], [ 6618.0, 3067.0 ], [ 6600.0, 3085.0 ], [ 6600.0, 3103.0 ], [ 6583.0, 3121.0 ], [ 6583.0, 3139.0 ], [ 6565.0, 3156.0 ], [ 6565.0, 3174.0 ], [ 6547.0, 3192.0 ], [ 6547.0, 3210.0 ], [ 6529.0, 3228.0 ], [ 6529.0, 3246.0 ], [ 6511.0, 3264.0 ], [ 6511.0, 3282.0 ], [ 6493.0, 3300.0 ], [ 6493.0, 3318.0 ], [ 6475.0, 3336.0 ], [ 6475.0, 3354.0 ], [ 6457.0, 3372.0 ], [ 6457.0, 3390.0 ], [ 6457.0, 3408.0 ], [ 6439.0, 3426.0 ], [ 6439.0, 3443.0 ], [ 6421.0, 3461.0 ], [ 6421.0, 3479.0 ], [ 6403.0, 3497.0 ], [ 6403.0, 3515.0 ], [ 6385.0, 3533.0 ], [ 6385.0, 3551.0 ], [ 6385.0, 3569.0 ], [ 6367.0, 3587.0 ], [ 6367.0, 3605.0 ], [ 6349.0, 3623.0 ], [ 6349.0, 3641.0 ], [ 6331.0, 3659.0 ], [ 6331.0, 3677.0 ], [ 6313.0, 3695.0 ], [ 6313.0, 3713.0 ], [ 6296.0, 3730.0 ], [ 6296.0, 3748.0 ], [ 6278.0, 3766.0 ], [ 6278.0, 3784.0 ], [ 6278.0, 3802.0 ], [ 6260.0, 3820.0 ], [ 6260.0, 3838.0 ], [ 6242.0, 3856.0 ], [ 6242.0, 3874.0 ], [ 6242.0, 3892.0 ], [ 6242.0, 3910.0 ], [ 6242.0, 3928.0 ], [ 6242.0, 3946.0 ], [ 6242.0, 3964.0 ], [ 6242.0, 3982.0 ], [ 6242.0, 4000.0 ], [ 6242.0, 4017.0 ], [ 6242.0, 4035.0 ], [ 6242.0, 4053.0 ], [ 6242.0, 4071.0 ], [ 6242.0, 4089.0 ], [ 6242.0, 4107.0 ], [ 6242.0, 4125.0 ], [ 6242.0, 4143.0 ], [ 6224.0, 4161.0 ], [ 6206.0, 4161.0 ], [ 6188.0, 4161.0 ], [ 6170.0, 4161.0 ], [ 6152.0, 4161.0 ], [ 6134.0, 4161.0 ], [ 6116.0, 4161.0 ], [ 6098.0, 4161.0 ], [ 6080.0, 4179.0 ], [ 6080.0, 4197.0 ], [ 6062.0, 4215.0 ], [ 6062.0, 4233.0 ], [ 6062.0, 4251.0 ], [ 6044.0, 4269.0 ], [ 6044.0, 4287.0 ], [ 6026.0, 4304.0 ], [ 6026.0, 4322.0 ], [ 6009.0, 4340.0 ], [ 6009.0, 4358.0 ], [ 5991.0, 4376.0 ], [ 5991.0, 4394.0 ], [ 5973.0, 4412.0 ], [ 5973.0, 4430.0 ], [ 5955.0, 4448.0 ], [ 5955.0, 4466.0 ], [ 5937.0, 4484.0 ], [ 5937.0, 4502.0 ], [ 5919.0, 4520.0 ], [ 5919.0, 4538.0 ], [ 5901.0, 4556.0 ], [ 5901.0, 4574.0 ], [ 5883.0, 4591.0 ], [ 5883.0, 4609.0 ], [ 5865.0, 4627.0 ], [ 5865.0, 4645.0 ], [ 5847.0, 4663.0 ], [ 5847.0, 4681.0 ], [ 5829.0, 4699.0 ], [ 5829.0, 4717.0 ], [ 5811.0, 4735.0 ], [ 5811.0, 4753.0 ], [ 5793.0, 4771.0 ], [ 5793.0, 4789.0 ], [ 5775.0, 4807.0 ], [ 5775.0, 4825.0 ], [ 5775.0, 4843.0 ], [ 5757.0, 4861.0 ], [ 5757.0, 4878.0 ], [ 5739.0, 4896.0 ], [ 5739.0, 4914.0 ], [ 5739.0, 4932.0 ], [ 5722.0, 4950.0 ], [ 5722.0, 4968.0 ], [ 5704.0, 4986.0 ], [ 5704.0, 5004.0 ], [ 5686.0, 5022.0 ], [ 5686.0, 5040.0 ], [ 5668.0, 5058.0 ], [ 5668.0, 5076.0 ], [ 5650.0, 5094.0 ], [ 5650.0, 5112.0 ], [ 5650.0, 5130.0 ], [ 5632.0, 5148.0 ], [ 5632.0, 5165.0 ], [ 5614.0, 5183.0 ], [ 5614.0, 5201.0 ], [ 5614.0, 5219.0 ], [ 5596.0, 5237.0 ], [ 5578.0, 5255.0 ], [ 5578.0, 5273.0 ], [ 5578.0, 5291.0 ], [ 5560.0, 5309.0 ], [ 5560.0, 5327.0 ], [ 5560.0, 5345.0 ], [ 5542.0, 5363.0 ], [ 5542.0, 5381.0 ], [ 5524.0, 5399.0 ], [ 5524.0, 5417.0 ], [ 5524.0, 5435.0 ], [ 5506.0, 5452.0 ], [ 5506.0, 5470.0 ], [ 5488.0, 5488.0 ], [ 5488.0, 5506.0 ], [ 5470.0, 5524.0 ], [ 5470.0, 5542.0 ], [ 5452.0, 5560.0 ], [ 5452.0, 5578.0 ], [ 5452.0, 5596.0 ], [ 5435.0, 5614.0 ], [ 5435.0, 5632.0 ], [ 5417.0, 5650.0 ], [ 5417.0, 5668.0 ], [ 5399.0, 5686.0 ], [ 5399.0, 5704.0 ], [ 5399.0, 5722.0 ], [ 5381.0, 5739.0 ], [ 5381.0, 5757.0 ], [ 5381.0, 5775.0 ], [ 5363.0, 5793.0 ], [ 5363.0, 5811.0 ], [ 5345.0, 5829.0 ], [ 5345.0, 5847.0 ], [ 5345.0, 5865.0 ], [ 5327.0, 5883.0 ], [ 5327.0, 5901.0 ], [ 5327.0, 5919.0 ], [ 5309.0, 5937.0 ], [ 5309.0, 5955.0 ], [ 5291.0, 5973.0 ], [ 5291.0, 5991.0 ], [ 5291.0, 6009.0 ], [ 5273.0, 6026.0 ], [ 5273.0, 6044.0 ], [ 5273.0, 6062.0 ], [ 5255.0, 6080.0 ], [ 5255.0, 6098.0 ], [ 5255.0, 6116.0 ], [ 5237.0, 6134.0 ], [ 5237.0, 6152.0 ], [ 5219.0, 6170.0 ], [ 5219.0, 6188.0 ], [ 5201.0, 6206.0 ], [ 5201.0, 6224.0 ], [ 5201.0, 6242.0 ], [ 5183.0, 6260.0 ], [ 5183.0, 6278.0 ], [ 5183.0, 6296.0 ], [ 5165.0, 6313.0 ], [ 5165.0, 6331.0 ], [ 5165.0, 6349.0 ], [ 5148.0, 6367.0 ], [ 5148.0, 6385.0 ], [ 5130.0, 6403.0 ], [ 5130.0, 6421.0 ], [ 5130.0, 6439.0 ], [ 5112.0, 6457.0 ], [ 5112.0, 6475.0 ], [ 5112.0, 6493.0 ], [ 5094.0, 6511.0 ], [ 5094.0, 6529.0 ], [ 5094.0, 6547.0 ], [ 5076.0, 6565.0 ], [ 5076.0, 6583.0 ], [ 5058.0, 6600.0 ], [ 5058.0, 6618.0 ], [ 5058.0, 6636.0 ], [ 5058.0, 6654.0 ], [ 5040.0, 6672.0 ], [ 5040.0, 6690.0 ], [ 5022.0, 6708.0 ], [ 5022.0, 6726.0 ], [ 5022.0, 6744.0 ], [ 5004.0, 6762.0 ], [ 5004.0, 6780.0 ], [ 5004.0, 6798.0 ], [ 4986.0, 6816.0 ], [ 4986.0, 6834.0 ], [ 4986.0, 6852.0 ], [ 4986.0, 6870.0 ], [ 4968.0, 6887.0 ], [ 4968.0, 6905.0 ], [ 4950.0, 6923.0 ], [ 4950.0, 6941.0 ], [ 4950.0, 6959.0 ], [ 4932.0, 6977.0 ], [ 4932.0, 6995.0 ], [ 4932.0, 7013.0 ], [ 4914.0, 7031.0 ], [ 4914.0, 7049.0 ], [ 4914.0, 7067.0 ], [ 4896.0, 7085.0 ], [ 4896.0, 7103.0 ], [ 4896.0, 7121.0 ], [ 4896.0, 7139.0 ], [ 4878.0, 7157.0 ], [ 4878.0, 7174.0 ], [ 4878.0, 7192.0 ], [ 4861.0, 7210.0 ], [ 4861.0, 7228.0 ], [ 4861.0, 7246.0 ], [ 4861.0, 7264.0 ], [ 4843.0, 7282.0 ], [ 4843.0, 7300.0 ], [ 4843.0, 7318.0 ], [ 4825.0, 7336.0 ], [ 4825.0, 7354.0 ], [ 4825.0, 7372.0 ], [ 4807.0, 7390.0 ], [ 4807.0, 7408.0 ], [ 4807.0, 7426.0 ], [ 4807.0, 7443.0 ], [ 4789.0, 7461.0 ], [ 4789.0, 7479.0 ], [ 4789.0, 7497.0 ], [ 4771.0, 7515.0 ], [ 4771.0, 7533.0 ], [ 4771.0, 7551.0 ], [ 4753.0, 7569.0 ], [ 4753.0, 7587.0 ], [ 4753.0, 7605.0 ], [ 4753.0, 7623.0 ], [ 4753.0, 7641.0 ], [ 4735.0, 7659.0 ], [ 4735.0, 7677.0 ], [ 4735.0, 7695.0 ], [ 4717.0, 7713.0 ], [ 4717.0, 7730.0 ], [ 4717.0, 7748.0 ], [ 4699.0, 7766.0 ], [ 4699.0, 7784.0 ], [ 4699.0, 7802.0 ], [ 4699.0, 7820.0 ], [ 4699.0, 7838.0 ], [ 4681.0, 7856.0 ], [ 4681.0, 7874.0 ], [ 4681.0, 7892.0 ], [ 4663.0, 7910.0 ], [ 4663.0, 7928.0 ], [ 4663.0, 7946.0 ], [ 4663.0, 7964.0 ], [ 4645.0, 7982.0 ], [ 4645.0, 8000.0 ], [ 4645.0, 8017.0 ], [ 4627.0, 8035.0 ], [ 4627.0, 8053.0 ], [ 4627.0, 8071.0 ], [ 4627.0, 8089.0 ], [ 4609.0, 8107.0 ], [ 4609.0, 8125.0 ], [ 4609.0, 8143.0 ], [ 4591.0, 8161.0 ], [ 4591.0, 8179.0 ], [ 4591.0, 8197.0 ], [ 4574.0, 8215.0 ], [ 4574.0, 8233.0 ], [ 4574.0, 8251.0 ], [ 4574.0, 8269.0 ], [ 4556.0, 8287.0 ], [ 4556.0, 8304.0 ], [ 4538.0, 8322.0 ], [ 4538.0, 8340.0 ], [ 4538.0, 8358.0 ], [ 4520.0, 8376.0 ], [ 4520.0, 8394.0 ], [ 4520.0, 8412.0 ], [ 4520.0, 8430.0 ], [ 4502.0, 8448.0 ], [ 4502.0, 8466.0 ], [ 4502.0, 8484.0 ], [ 4484.0, 8502.0 ], [ 4484.0, 8520.0 ], [ 4484.0, 8538.0 ], [ 4484.0, 8556.0 ], [ 4466.0, 8574.0 ], [ 4466.0, 8591.0 ], [ 4466.0, 8609.0 ], [ 4448.0, 8627.0 ], [ 4448.0, 8645.0 ], [ 4448.0, 8663.0 ], [ 4430.0, 8681.0 ], [ 4430.0, 8699.0 ], [ 4430.0, 8717.0 ], [ 4412.0, 8735.0 ], [ 4412.0, 8753.0 ], [ 4412.0, 8771.0 ], [ 4412.0, 8789.0 ], [ 4394.0, 8807.0 ], [ 4394.0, 8825.0 ], [ 4394.0, 8843.0 ], [ 4394.0, 8861.0 ], [ 4376.0, 8878.0 ], [ 4376.0, 8896.0 ], [ 4376.0, 8914.0 ], [ 4358.0, 8932.0 ], [ 4358.0, 8950.0 ], [ 4358.0, 8968.0 ], [ 4358.0, 8986.0 ], [ 4340.0, 9004.0 ], [ 4340.0, 9022.0 ], [ 4322.0, 9040.0 ], [ 4322.0, 9058.0 ], [ 4322.0, 9076.0 ], [ 4322.0, 9094.0 ], [ 4304.0, 9112.0 ], [ 4304.0, 9130.0 ], [ 4304.0, 9148.0 ], [ 4287.0, 9165.0 ], [ 4287.0, 9183.0 ], [ 4287.0, 9201.0 ], [ 4287.0, 9219.0 ], [ 4269.0, 9237.0 ], [ 4269.0, 9255.0 ], [ 4269.0, 9273.0 ], [ 4269.0, 9291.0 ], [ 4251.0, 9309.0 ], [ 4251.0, 9327.0 ], [ 4251.0, 9345.0 ], [ 4233.0, 9363.0 ], [ 4233.0, 9381.0 ], [ 4233.0, 9399.0 ], [ 4215.0, 9417.0 ], [ 4215.0, 9435.0 ], [ 4215.0, 9452.0 ], [ 4197.0, 9470.0 ], [ 4197.0, 9488.0 ], [ 4197.0, 9506.0 ], [ 4197.0, 9524.0 ], [ 4179.0, 9542.0 ], [ 4179.0, 9560.0 ], [ 4179.0, 9578.0 ], [ 4161.0, 9596.0 ], [ 4161.0, 9614.0 ], [ 4161.0, 9632.0 ], [ 4161.0, 9650.0 ], [ 4161.0, 9668.0 ], [ 4161.0, 9686.0 ], [ 4161.0, 9704.0 ], [ 4161.0, 9722.0 ], [ 4161.0, 9739.0 ], [ 4143.0, 9757.0 ], [ 4125.0, 9757.0 ], [ 4107.0, 9775.0 ], [ 4107.0, 9793.0 ], [ 4107.0, 9811.0 ], [ 4089.0, 9829.0 ], [ 4089.0, 9847.0 ], [ 4089.0, 9865.0 ], [ 4071.0, 9883.0 ], [ 4071.0, 9901.0 ], [ 4071.0, 9919.0 ], [ 4053.0, 9937.0 ], [ 4053.0, 9955.0 ], [ 4053.0, 9973.0 ], [ 4035.0, 9991.0 ], [ 4035.0, 10009.0 ], [ 4035.0, 10026.0 ], [ 4017.0, 10044.0 ], [ 4017.0, 10062.0 ], [ 4017.0, 10080.0 ], [ 4000.0, 10098.0 ], [ 4000.0, 10116.0 ], [ 4000.0, 10134.0 ], [ 3982.0, 10152.0 ], [ 3982.0, 10170.0 ], [ 3982.0, 10188.0 ], [ 3964.0, 10206.0 ], [ 3964.0, 10224.0 ], [ 3964.0, 10242.0 ], [ 3964.0, 10260.0 ], [ 3946.0, 10278.0 ], [ 3946.0, 10296.0 ], [ 3928.0, 10313.0 ], [ 3928.0, 10331.0 ], [ 3928.0, 10349.0 ], [ 3910.0, 10367.0 ], [ 3910.0, 10385.0 ], [ 3910.0, 10403.0 ], [ 3892.0, 10421.0 ], [ 3892.0, 10439.0 ], [ 3892.0, 10457.0 ], [ 3892.0, 10475.0 ], [ 3874.0, 10493.0 ], [ 3874.0, 10511.0 ], [ 3874.0, 10529.0 ], [ 3874.0, 10547.0 ], [ 3856.0, 10565.0 ], [ 3856.0, 10583.0 ], [ 3838.0, 10600.0 ], [ 3838.0, 10618.0 ], [ 3838.0, 10636.0 ], [ 3838.0, 10654.0 ], [ 3820.0, 10672.0 ], [ 3820.0, 10690.0 ], [ 3820.0, 10708.0 ], [ 3802.0, 10726.0 ], [ 3802.0, 10744.0 ], [ 3802.0, 10762.0 ], [ 3802.0, 10780.0 ], [ 3784.0, 10798.0 ], [ 3784.0, 10816.0 ], [ 3784.0, 10834.0 ], [ 3784.0, 10852.0 ], [ 3766.0, 10870.0 ], [ 3766.0, 10887.0 ], [ 3766.0, 10905.0 ], [ 3766.0, 10923.0 ], [ 3748.0, 10941.0 ], [ 3748.0, 10959.0 ], [ 3748.0, 10977.0 ], [ 3730.0, 10995.0 ], [ 3730.0, 11013.0 ], [ 3730.0, 11031.0 ], [ 3730.0, 11049.0 ], [ 3713.0, 11067.0 ], [ 3713.0, 11085.0 ], [ 3713.0, 11103.0 ], [ 3713.0, 11121.0 ], [ 3713.0, 11139.0 ], [ 3695.0, 11157.0 ], [ 3695.0, 11174.0 ], [ 3695.0, 11192.0 ], [ 3695.0, 11210.0 ], [ 3677.0, 11228.0 ], [ 3677.0, 11246.0 ], [ 3677.0, 11264.0 ], [ 3677.0, 11282.0 ], [ 3677.0, 11300.0 ], [ 3659.0, 11318.0 ], [ 3659.0, 11336.0 ], [ 3659.0, 11354.0 ], [ 3641.0, 11372.0 ], [ 3641.0, 11390.0 ], [ 3641.0, 11408.0 ], [ 3641.0, 11426.0 ], [ 3623.0, 11444.0 ], [ 3623.0, 11461.0 ], [ 3623.0, 11479.0 ], [ 3623.0, 11497.0 ], [ 3623.0, 11515.0 ], [ 3605.0, 11533.0 ], [ 3605.0, 11551.0 ], [ 3605.0, 11569.0 ], [ 3605.0, 11587.0 ], [ 3587.0, 11605.0 ], [ 3587.0, 11623.0 ], [ 3587.0, 11641.0 ], [ 3587.0, 11659.0 ], [ 3569.0, 11677.0 ], [ 3569.0, 11695.0 ], [ 3569.0, 11713.0 ], [ 3569.0, 11731.0 ], [ 3569.0, 11748.0 ], [ 3551.0, 11766.0 ], [ 3551.0, 11784.0 ], [ 3551.0, 11802.0 ], [ 3551.0, 11820.0 ], [ 3533.0, 11838.0 ], [ 3533.0, 11856.0 ], [ 3533.0, 11874.0 ], [ 3533.0, 11892.0 ], [ 3533.0, 11910.0 ], [ 3515.0, 11928.0 ], [ 3515.0, 11946.0 ], [ 3515.0, 11964.0 ], [ 3515.0, 11982.0 ], [ 3515.0, 12000.0 ], [ 3497.0, 12018.0 ], [ 3497.0, 12035.0 ], [ 3497.0, 12053.0 ], [ 3497.0, 12071.0 ], [ 3497.0, 12089.0 ], [ 3479.0, 12107.0 ], [ 3479.0, 12125.0 ], [ 3479.0, 12143.0 ], [ 3479.0, 12161.0 ], [ 3479.0, 12179.0 ], [ 3461.0, 12197.0 ], [ 3461.0, 12215.0 ], [ 3461.0, 12233.0 ], [ 3443.0, 12251.0 ], [ 3443.0, 12269.0 ], [ 3443.0, 12287.0 ], [ 3443.0, 12305.0 ], [ 3426.0, 12322.0 ], [ 3426.0, 12340.0 ], [ 3426.0, 12358.0 ], [ 3426.0, 12376.0 ], [ 3408.0, 12394.0 ], [ 3408.0, 12412.0 ], [ 3408.0, 12430.0 ], [ 3408.0, 12448.0 ], [ 3390.0, 12466.0 ], [ 3390.0, 12484.0 ], [ 3390.0, 12502.0 ], [ 3390.0, 12520.0 ], [ 3372.0, 12538.0 ], [ 3372.0, 12556.0 ], [ 3372.0, 12574.0 ], [ 3372.0, 12592.0 ], [ 3354.0, 12609.0 ], [ 3354.0, 12627.0 ], [ 3354.0, 12645.0 ], [ 3354.0, 12663.0 ], [ 3336.0, 12681.0 ], [ 3336.0, 12699.0 ], [ 3336.0, 12717.0 ], [ 3336.0, 12735.0 ], [ 3318.0, 12753.0 ], [ 3318.0, 12771.0 ], [ 3318.0, 12789.0 ], [ 3318.0, 12807.0 ], [ 3300.0, 12825.0 ], [ 3300.0, 12843.0 ], [ 3300.0, 12861.0 ], [ 3300.0, 12879.0 ], [ 3282.0, 12896.0 ], [ 3282.0, 12914.0 ], [ 3282.0, 12932.0 ], [ 3282.0, 12950.0 ], [ 3282.0, 12968.0 ], [ 3282.0, 12986.0 ], [ 3264.0, 13004.0 ], [ 3264.0, 13022.0 ], [ 3264.0, 13040.0 ], [ 3264.0, 13058.0 ], [ 3264.0, 13076.0 ], [ 3264.0, 13094.0 ], [ 3246.0, 13112.0 ], [ 3246.0, 13130.0 ], [ 3246.0, 13148.0 ], [ 3246.0, 13166.0 ], [ 3246.0, 13183.0 ], [ 3246.0, 13201.0 ], [ 3246.0, 13219.0 ], [ 3228.0, 13237.0 ], [ 3228.0, 13255.0 ], [ 3228.0, 13273.0 ], [ 3228.0, 13291.0 ], [ 3228.0, 13309.0 ], [ 3228.0, 13327.0 ], [ 3228.0, 13345.0 ], [ 3228.0, 13363.0 ], [ 3210.0, 13381.0 ], [ 3210.0, 13399.0 ], [ 3210.0, 13417.0 ], [ 3210.0, 13435.0 ], [ 3210.0, 13453.0 ], [ 3210.0, 13470.0 ], [ 3210.0, 13488.0 ], [ 3210.0, 13506.0 ], [ 3210.0, 13524.0 ], [ 3210.0, 13542.0 ], [ 3210.0, 13560.0 ], [ 3210.0, 13578.0 ], [ 3192.0, 13596.0 ], [ 3210.0, 13614.0 ], [ 3210.0, 13632.0 ], [ 3192.0, 13650.0 ], [ 3210.0, 13668.0 ], [ 3210.0, 13686.0 ], [ 3192.0, 13704.0 ], [ 3210.0, 13722.0 ], [ 3210.0, 13740.0 ], [ 3210.0, 13757.0 ], [ 3210.0, 13775.0 ], [ 3210.0, 13793.0 ], [ 3210.0, 13811.0 ], [ 3210.0, 13829.0 ], [ 3210.0, 13847.0 ], [ 3210.0, 13865.0 ], [ 3210.0, 13883.0 ], [ 3210.0, 13901.0 ], [ 3210.0, 13919.0 ], [ 3210.0, 13937.0 ], [ 3210.0, 13955.0 ], [ 3210.0, 13973.0 ], [ 3210.0, 13991.0 ], [ 3210.0, 14009.0 ], [ 3210.0, 14027.0 ], [ 3210.0, 14044.0 ], [ 3210.0, 14062.0 ], [ 3228.0, 14080.0 ], [ 3228.0, 14098.0 ], [ 3228.0, 14116.0 ], [ 3228.0, 14134.0 ], [ 3228.0, 14152.0 ], [ 3246.0, 14170.0 ], [ 3246.0, 14188.0 ], [ 3246.0, 14206.0 ], [ 3246.0, 14224.0 ], [ 3246.0, 14242.0 ], [ 3264.0, 14260.0 ], [ 3264.0, 14278.0 ], [ 3264.0, 14296.0 ], [ 3282.0, 14314.0 ], [ 3282.0, 14331.0 ], [ 3282.0, 14349.0 ], [ 3300.0, 14367.0 ], [ 3300.0, 14385.0 ], [ 3318.0, 14403.0 ], [ 3318.0, 14421.0 ], [ 3336.0, 14439.0 ], [ 3336.0, 14457.0 ], [ 3354.0, 14475.0 ], [ 3354.0, 14493.0 ], [ 3372.0, 14511.0 ], [ 3390.0, 14529.0 ], [ 3390.0, 14547.0 ], [ 3408.0, 14565.0 ], [ 3426.0, 14583.0 ], [ 3426.0, 14601.0 ], [ 3443.0, 14618.0 ], [ 3461.0, 14636.0 ], [ 3479.0, 14654.0 ], [ 3497.0, 14672.0 ], [ 3515.0, 14690.0 ], [ 3533.0, 14708.0 ], [ 3551.0, 14726.0 ], [ 3569.0, 14744.0 ], [ 3587.0, 14762.0 ], [ 3605.0, 14780.0 ], [ 3623.0, 14798.0 ], [ 3641.0, 14816.0 ], [ 3659.0, 14834.0 ], [ 3677.0, 14852.0 ], [ 3695.0, 14870.0 ], [ 3713.0, 14887.0 ], [ 3730.0, 14887.0 ], [ 3748.0, 14905.0 ], [ 3766.0, 14923.0 ], [ 3784.0, 14941.0 ], [ 3802.0, 14941.0 ], [ 3820.0, 14959.0 ], [ 3838.0, 14977.0 ], [ 3856.0, 14995.0 ], [ 3874.0, 14995.0 ], [ 3892.0, 15013.0 ], [ 3910.0, 15013.0 ], [ 3928.0, 15031.0 ], [ 3946.0, 15031.0 ], [ 3964.0, 15049.0 ], [ 3982.0, 15067.0 ], [ 4000.0, 15067.0 ], [ 4017.0, 15085.0 ], [ 4035.0, 15085.0 ], [ 4053.0, 15103.0 ], [ 4071.0, 15103.0 ], [ 4089.0, 15121.0 ], [ 4107.0, 15121.0 ], [ 4125.0, 15139.0 ], [ 4143.0, 15139.0 ], [ 4161.0, 15139.0 ], [ 4179.0, 15157.0 ], [ 4197.0, 15157.0 ], [ 4215.0, 15174.0 ], [ 4233.0, 15174.0 ], [ 4251.0, 15174.0 ], [ 4269.0, 15192.0 ], [ 4287.0, 15192.0 ], [ 4304.0, 15192.0 ], [ 4322.0, 15210.0 ], [ 4340.0, 15210.0 ], [ 4358.0, 15210.0 ], [ 4376.0, 15210.0 ], [ 4394.0, 15228.0 ], [ 4412.0, 15228.0 ], [ 4430.0, 15228.0 ], [ 4448.0, 15228.0 ], [ 4466.0, 15246.0 ], [ 4484.0, 15246.0 ], [ 4502.0, 15246.0 ], [ 4520.0, 15246.0 ], [ 4538.0, 15246.0 ], [ 4556.0, 15264.0 ], [ 4574.0, 15264.0 ], [ 4591.0, 15264.0 ], [ 4609.0, 15282.0 ], [ 4627.0, 15282.0 ], [ 4645.0, 15282.0 ], [ 4663.0, 15282.0 ], [ 4681.0, 15282.0 ], [ 4699.0, 15282.0 ], [ 4717.0, 15300.0 ], [ 4735.0, 15300.0 ], [ 4753.0, 15300.0 ], [ 4771.0, 15300.0 ], [ 4789.0, 15300.0 ], [ 4807.0, 15300.0 ], [ 4825.0, 15300.0 ], [ 4843.0, 15318.0 ], [ 4861.0, 15318.0 ], [ 4878.0, 15318.0 ], [ 4896.0, 15318.0 ], [ 4914.0, 15318.0 ], [ 4932.0, 15318.0 ], [ 4950.0, 15318.0 ], [ 4968.0, 15336.0 ], [ 4986.0, 15336.0 ], [ 5004.0, 15336.0 ], [ 5022.0, 15336.0 ], [ 5040.0, 15336.0 ], [ 5058.0, 15336.0 ], [ 5076.0, 15354.0 ], [ 5094.0, 15354.0 ], [ 5112.0, 15354.0 ], [ 5130.0, 15354.0 ], [ 5148.0, 15354.0 ], [ 5165.0, 15372.0 ], [ 5183.0, 15372.0 ], [ 5201.0, 15372.0 ], [ 5219.0, 15372.0 ], [ 5237.0, 15372.0 ], [ 5255.0, 15372.0 ], [ 5273.0, 15372.0 ], [ 5291.0, 15372.0 ], [ 5309.0, 15372.0 ], [ 5327.0, 15390.0 ], [ 5345.0, 15390.0 ], [ 5363.0, 15390.0 ], [ 5381.0, 15390.0 ], [ 5399.0, 15390.0 ], [ 5417.0, 15390.0 ], [ 5435.0, 15390.0 ], [ 5452.0, 15408.0 ], [ 5470.0, 15408.0 ], [ 5488.0, 15408.0 ], [ 5506.0, 15408.0 ], [ 5524.0, 15408.0 ], [ 5542.0, 15408.0 ], [ 5560.0, 15408.0 ], [ 5578.0, 15426.0 ], [ 5596.0, 15426.0 ], [ 5614.0, 15426.0 ], [ 5632.0, 15426.0 ], [ 5650.0, 15426.0 ], [ 5668.0, 15426.0 ], [ 5686.0, 15426.0 ], [ 5704.0, 15444.0 ], [ 5722.0, 15444.0 ], [ 5739.0, 15444.0 ], [ 5757.0, 15444.0 ], [ 5775.0, 15444.0 ], [ 5793.0, 15444.0 ], [ 5811.0, 15444.0 ], [ 5829.0, 15444.0 ], [ 5847.0, 15444.0 ], [ 5865.0, 15444.0 ], [ 5883.0, 15461.0 ], [ 5901.0, 15461.0 ], [ 5919.0, 15461.0 ], [ 5937.0, 15461.0 ], [ 5955.0, 15461.0 ], [ 5973.0, 15461.0 ], [ 5991.0, 15479.0 ], [ 6009.0, 15479.0 ], [ 6026.0, 15479.0 ], [ 6044.0, 15479.0 ], [ 6062.0, 15479.0 ], [ 6080.0, 15479.0 ], [ 6098.0, 15479.0 ], [ 6116.0, 15479.0 ], [ 6134.0, 15479.0 ], [ 6152.0, 15497.0 ], [ 6170.0, 15497.0 ], [ 6188.0, 15497.0 ], [ 6206.0, 15497.0 ], [ 6224.0, 15497.0 ], [ 6242.0, 15497.0 ], [ 6260.0, 15497.0 ], [ 6278.0, 15497.0 ], [ 6296.0, 15515.0 ], [ 6313.0, 15515.0 ], [ 6331.0, 15515.0 ], [ 6349.0, 15515.0 ], [ 6367.0, 15515.0 ], [ 6385.0, 15515.0 ], [ 6403.0, 15533.0 ], [ 6421.0, 15533.0 ], [ 6439.0, 15533.0 ], [ 6457.0, 15533.0 ], [ 6475.0, 15533.0 ], [ 6493.0, 15533.0 ], [ 6511.0, 15551.0 ], [ 6529.0, 15551.0 ], [ 6547.0, 15551.0 ], [ 6565.0, 15551.0 ], [ 6583.0, 15551.0 ], [ 6600.0, 15569.0 ], [ 6618.0, 15569.0 ], [ 6636.0, 15569.0 ], [ 6654.0, 15569.0 ], [ 6672.0, 15569.0 ], [ 6690.0, 15587.0 ], [ 6708.0, 15587.0 ], [ 6726.0, 15587.0 ], [ 6744.0, 15587.0 ], [ 6762.0, 15587.0 ], [ 6780.0, 15605.0 ], [ 6798.0, 15605.0 ], [ 6816.0, 15605.0 ], [ 6834.0, 15605.0 ], [ 6852.0, 15605.0 ], [ 6870.0, 15605.0 ], [ 6887.0, 15605.0 ], [ 6905.0, 15605.0 ], [ 6923.0, 15605.0 ], [ 6941.0, 15605.0 ], [ 6959.0, 15623.0 ], [ 6977.0, 15623.0 ], [ 6995.0, 15623.0 ], [ 7013.0, 15623.0 ], [ 7031.0, 15641.0 ], [ 7049.0, 15641.0 ], [ 7067.0, 15641.0 ], [ 7085.0, 15641.0 ], [ 7103.0, 15659.0 ], [ 7121.0, 15659.0 ], [ 7139.0, 15659.0 ], [ 7157.0, 15659.0 ], [ 7174.0, 15659.0 ], [ 7192.0, 15659.0 ], [ 7210.0, 15677.0 ], [ 7228.0, 15677.0 ], [ 7246.0, 15677.0 ], [ 7264.0, 15677.0 ], [ 7282.0, 15677.0 ], [ 7300.0, 15695.0 ], [ 7318.0, 15695.0 ], [ 7336.0, 15695.0 ], [ 7354.0, 15695.0 ], [ 7372.0, 15695.0 ], [ 7390.0, 15713.0 ], [ 7408.0, 15713.0 ], [ 7426.0, 15713.0 ], [ 7443.0, 15713.0 ], [ 7461.0, 15713.0 ], [ 7479.0, 15713.0 ], [ 7497.0, 15731.0 ], [ 7515.0, 15731.0 ], [ 7533.0, 15731.0 ], [ 7551.0, 15731.0 ], [ 7569.0, 15748.0 ], [ 7587.0, 15748.0 ], [ 7605.0, 15748.0 ], [ 7623.0, 15766.0 ], [ 7641.0, 15766.0 ], [ 7659.0, 15766.0 ], [ 7677.0, 15766.0 ], [ 7695.0, 15784.0 ], [ 7713.0, 15784.0 ], [ 7730.0, 15784.0 ], [ 7748.0, 15784.0 ], [ 7766.0, 15802.0 ], [ 7784.0, 15802.0 ], [ 7802.0, 15802.0 ], [ 7820.0, 15820.0 ], [ 7838.0, 15820.0 ], [ 7856.0, 15820.0 ], [ 7874.0, 15820.0 ], [ 7892.0, 15838.0 ], [ 7910.0, 15838.0 ], [ 7928.0, 15838.0 ], [ 7946.0, 15838.0 ], [ 7964.0, 15856.0 ], [ 7982.0, 15856.0 ], [ 8000.0, 15856.0 ], [ 8017.0, 15874.0 ], [ 8035.0, 15874.0 ], [ 8053.0, 15874.0 ], [ 8071.0, 15874.0 ], [ 8089.0, 15892.0 ], [ 8107.0, 15892.0 ], [ 8125.0, 15892.0 ], [ 8143.0, 15910.0 ], [ 8161.0, 15910.0 ], [ 8179.0, 15910.0 ], [ 8197.0, 15928.0 ], [ 8215.0, 15928.0 ], [ 8233.0, 15928.0 ], [ 8251.0, 15928.0 ], [ 8269.0, 15946.0 ], [ 8287.0, 15946.0 ], [ 8304.0, 15964.0 ] ] ] } }
]
}
