{
"type": "FeatureCollection",
"name": "71360",
"crs": { "type": "name", "properties": { "name": "urn:ogc:def:crs:EPSG::3857" } },
"features": [
{ "type": "Feature", "properties": { "tissue_id": 0 }, "geometry": { "type": "Polygon", "coordinates": [ [ [ 21859.0, 19264.900000000001455 ], [ 21858.990198285966471, 19264.900481527332886 ], [ 21858.980490967798687, 19264.901921471959213 ], [ 21858.970971532275144, 19264.904305966425454 ], [ 21858.961731656763732, 19264.90761204674709 ], [ 21858.952860326317023, 19264.911807873566431 ], [ 21858.944442976699065, 19264.91685303876875 ], [ 21858.93656067158372, 19264.922698954662337 ], [ 21858.929289321880788, 19264.929289321880788 ], [ 21812.95857864376012, 19310.900000000001455 ], [ 21790.0, 19310.900000000001455 ], [ 21789.989921929412958, 19310.900509133618471 ], [ 21789.979946480521903, 19310.902031350135076 ], [ 21789.970175230046152, 19310.904551149313193 ], [ 21789.960707675429148, 19310.908042872870283 ], [ 21789.951640221683192, 19310.912470965726243 ], [ 21789.943065199717239, 19310.917790338058694 ], [ 21789.935069926166761, 19310.923946824445011 ], [ 21789.927735814286279, 19310.930877735401737 ], [ 21767.95727103945319, 19333.900000000001455 ], [ 21745.0, 19333.900000000001455 ], [ 21744.99047471812446, 19333.900454688682657 ], [ 21744.981036057008168, 19333.901814619894139 ], [ 21744.971769849697012, 19333.904067426730762 ], [ 21744.96276036098061, 19333.907192622675211 ], [ 21744.954089521113929, 19333.911161787902529 ], [ 21744.94583618075194, 19333.915938827725768 ], [ 21744.938075393900363, 19333.921480300818075 ], [ 21744.930877735401737, 19333.927735814286279 ], [ 21721.930877735401737, 19355.927735814286279 ], [ 21721.929289321880788, 19355.929289321880788 ], [ 21698.929289321880788, 19378.929289321880788 ], [ 21698.927735814286279, 19378.930877735401737 ], [ 21676.95727103945319, 19401.900000000001455 ], [ 21654.0, 19401.900000000001455 ], [ 21653.990198285966471, 19401.900481527332886 ], [ 21653.980490967798687, 19401.901921471959213 ], [ 21653.970971532275144, 19401.904305966425454 ], [ 21653.961731656763732, 19401.90761204674709 ], [ 21653.952860326317023, 19401.911807873566431 ], [ 21653.944442976699065, 19401.91685303876875 ], [ 21653.93656067158372, 19401.922698954662337 ], [ 21653.929289321880788, 19401.929289321880788 ], [ 21630.930074899093597, 19424.928503744667978 ], [ 21607.930877735401737, 19446.927735814286279 ], [ 21607.927735814286279, 19446.930877735401737 ], [ 21585.95727103945319, 19469.900000000001455 ], [ 21563.0, 19469.900000000001455 ], [ 21562.990198285966471, 19469.900481527332886 ], [ 21562.980490967798687, 19469.901921471959213 ], [ 21562.970971532275144, 19469.904305966425454 ], [ 21562.961731656763732, 19469.90761204674709 ], [ 21562.952860326317023, 19469.911807873566431 ], [ 21562.944442976699065, 19469.91685303876875 ], [ 21562.93656067158372, 19469.922698954662337 ], [ 21562.929289321880788, 19469.929289321880788 ], [ 21516.95857864376012, 19515.900000000001455 ], [ 21495.0, 19515.900000000001455 ], [ 21494.99047471812446, 19515.900454688682657 ], [ 21494.981036057008168, 19515.901814619894139 ], [ 21494.971769849697012, 19515.904067426730762 ], [ 21494.96276036098061, 19515.907192622675211 ], [ 21494.954089521113929, 19515.911161787902529 ], [ 21494.94583618075194, 19515.915938827725768 ], [ 21494.938075393900363, 19515.921480300818075 ], [ 21494.930877735401737, 19515.927735814286279 ], [ 21471.959874268519343, 19537.900000000001455 ], [ 21449.0, 19537.900000000001455 ], [ 21448.990198285966471, 19537.900481527332886 ], [ 21448.980490967798687, 19537.901921471959213 ], [ 21448.970971532275144, 19537.904305966425454 ], [ 21448.961731656763732, 19537.90761204674709 ], [ 21448.952860326317023, 19537.911807873566431 ], [ 21448.944442976699065, 19537.91685303876875 ], [ 21448.93656067158372, 19537.922698954662337 ], [ 21448.929289321880788, 19537.929289321880788 ], [ 21425.929289321880788, 19560.929289321880788 ], [ 21425.927735814286279, 19560.930877735401737 ], [ 21403.928503744667978, 19583.930074899093597 ], [ 21380.930074899093597, 19606.928503744667978 ], [ 21357.959874268519343, 19628.900000000001455 ], [ 21335.0, 19628.900000000001455 ], [ 21334.989921929412958, 19628.900509133618471 ], [ 21334.979946480521903, 19628.902031350135076 ], [ 21334.970175230046152, 19628.904551149313193 ], [ 21334.960707675429148, 19628.908042872870283 ], [ 21334.951640221683192, 19628.912470965726243 ], [ 21334.943065199717239, 19628.917790338058694 ], [ 21334.935069926166761, 19628.923946824445011 ], [ 21334.927735814286279, 19628.930877735401737 ], [ 21312.928503744667978, 19651.930074899093597 ], [ 21266.930074899093597, 19697.928503744667978 ], [ 21243.930877735401737, 19719.927735814286279 ], [ 21243.927735814286279, 19719.930877735401737 ], [ 21221.928503744667978, 19742.930074899093597 ], [ 21198.95857864376012, 19765.900000000001455 ], [ 21131.0, 19765.900000000001455 ], [ 21130.990198285966471, 19765.900481527332886 ], [ 21130.980490967798687, 19765.901921471959213 ], [ 21130.970971532275144, 19765.904305966425454 ], [ 21130.961731656763732, 19765.90761204674709 ], [ 21130.952860326317023, 19765.911807873566431 ], [ 21130.944442976699065, 19765.91685303876875 ], [ 21130.93656067158372, 19765.922698954662337 ], [ 21130.929289321880788, 19765.929289321880788 ], [ 21107.930074899093597, 19788.928503744667978 ], [ 21084.930877735401737, 19810.927735814286279 ], [ 21084.929289321880788, 19810.929289321880788 ], [ 21061.95857864376012, 19833.900000000001455 ], [ 21040.0, 19833.900000000001455 ], [ 21039.990198285966471, 19833.900481527332886 ], [ 21039.980490967798687, 19833.901921471959213 ], [ 21039.970971532275144, 19833.904305966425454 ], [ 21039.961731656763732, 19833.90761204674709 ], [ 21039.952860326317023, 19833.911807873566431 ], [ 21039.944442976699065, 19833.91685303876875 ], [ 21039.93656067158372, 19833.922698954662337 ], [ 21039.929289321880788, 19833.929289321880788 ], [ 20993.930074899093597, 19879.928503744667978 ], [ 20970.930877735401737, 19901.927735814286279 ], [ 20970.927735814286279, 19901.930877735401737 ], [ 20948.928503744667978, 19924.930074899093597 ], [ 20902.95857864376012, 19970.900000000001455 ], [ 20880.0, 19970.900000000001455 ], [ 20879.990198285966471, 19970.900481527332886 ], [ 20879.980490967798687, 19970.901921471959213 ], [ 20879.970971532275144, 19970.904305966425454 ], [ 20879.961731656763732, 19970.90761204674709 ], [ 20879.952860326317023, 19970.911807873566431 ], [ 20879.944442976699065, 19970.91685303876875 ], [ 20879.93656067158372, 19970.922698954662337 ], [ 20879.929289321880788, 19970.929289321880788 ], [ 20879.922698954662337, 19970.93656067158372 ], [ 20879.91685303876875, 19970.944442976699065 ], [ 20879.911807873566431, 19970.952860326317023 ], [ 20879.90761204674709, 19970.961731656763732 ], [ 20879.904305966425454, 19970.970971532275144 ], [ 20879.901921471959213, 19970.980490967798687 ], [ 20879.900481527332886, 19970.990198285966471 ], [ 20879.900000000001455, 19971.0 ], [ 20879.900000000001455, 19992.959874268519343 ], [ 20857.928503744667978, 20015.930074899093597 ], [ 20834.95857864376012, 20038.900000000001455 ], [ 20812.0, 20038.900000000001455 ], [ 20811.990198285966471, 20038.900481527332886 ], [ 20811.980490967798687, 20038.901921471959213 ], [ 20811.970971532275144, 20038.904305966425454 ], [ 20811.961731656763732, 20038.90761204674709 ], [ 20811.952860326317023, 20038.911807873566431 ], [ 20811.944442976699065, 20038.91685303876875 ], [ 20811.93656067158372, 20038.922698954662337 ], [ 20811.929289321880788, 20038.929289321880788 ], [ 20811.922698954662337, 20038.93656067158372 ], [ 20811.91685303876875, 20038.944442976699065 ], [ 20811.911807873566431, 20038.952860326317023 ], [ 20811.90761204674709, 20038.961731656763732 ], [ 20811.904305966425454, 20038.970971532275144 ], [ 20811.901921471959213, 20038.980490967798687 ], [ 20811.900481527332886, 20038.990198285966471 ], [ 20811.900000000001455, 20039.0 ], [ 20811.900000000001455, 20061.95727103945319 ], [ 20788.959874268519343, 20083.900000000001455 ], [ 20767.0, 20083.900000000001455 ], [ 20766.990198285966471, 20083.900481527332886 ], [ 20766.980490967798687, 20083.901921471959213 ], [ 20766.970971532275144, 20083.904305966425454 ], [ 20766.961731656763732, 20083.90761204674709 ], [ 20766.952860326317023, 20083.911807873566431 ], [ 20766.944442976699065, 20083.91685303876875 ], [ 20766.93656067158372, 20083.922698954662337 ], [ 20766.929289321880788, 20083.929289321880788 ], [ 20720.95857864376012, 20129.900000000001455 ], [ 20698.0, 20129.900000000001455 ], [ 20697.989921929412958, 20129.900509133618471 ], [ 20697.979946480521903, 20129.902031350135076 ], [ 20697.970175230046152, 20129.904551149313193 ], [ 20697.960707675429148, 20129.908042872870283 ], [ 20697.951640221683192, 20129.912470965726243 ], [ 20697.943065199717239, 20129.917790338058694 ], [ 20697.935069926166761, 20129.923946824445011 ], [ 20697.927735814286279, 20129.930877735401737 ], [ 20675.9292718646102, 20152.9292718646102 ], [ 20652.930877735401737, 20174.927735814286279 ], [ 20652.929289321880788, 20174.929289321880788 ], [ 20606.929289321880788, 20220.929289321880788 ], [ 20606.927735814286279, 20220.930877735401737 ], [ 20584.95727103945319, 20243.900000000001455 ], [ 20562.0, 20243.900000000001455 ], [ 20561.99047471812446, 20243.900454688682657 ], [ 20561.981036057008168, 20243.901814619894139 ], [ 20561.971769849697012, 20243.904067426730762 ], [ 20561.96276036098061, 20243.907192622675211 ], [ 20561.954089521113929, 20243.911161787902529 ], [ 20561.94583618075194, 20243.915938827725768 ], [ 20561.938075393900363, 20243.921480300818075 ], [ 20561.930877735401737, 20243.927735814286279 ], [ 20538.930877735401737, 20265.927735814286279 ], [ 20538.927735814286279, 20265.930877735401737 ], [ 20516.928503744667978, 20288.930074899093597 ], [ 20470.930074899093597, 20334.928503744667978 ], [ 20447.930877735401737, 20356.927735814286279 ], [ 20447.927735814286279, 20356.930877735401737 ], [ 20425.928503744667978, 20379.930074899093597 ], [ 20379.930074899093597, 20425.928503744667978 ], [ 20356.930877735401737, 20447.927735814286279 ], [ 20356.927735814286279, 20447.930877735401737 ], [ 20334.95727103945319, 20470.900000000001455 ], [ 20312.0, 20470.900000000001455 ], [ 20311.990198285966471, 20470.900481527332886 ], [ 20311.980490967798687, 20470.901921471959213 ], [ 20311.970971532275144, 20470.904305966425454 ], [ 20311.961731656763732, 20470.90761204674709 ], [ 20311.952860326317023, 20470.911807873566431 ], [ 20311.944442976699065, 20470.91685303876875 ], [ 20311.93656067158372, 20470.922698954662337 ], [ 20311.929289321880788, 20470.929289321880788 ], [ 20197.95857864376012, 20584.900000000001455 ], [ 20175.0, 20584.900000000001455 ], [ 20174.990198285966471, 20584.900481527332886 ], [ 20174.980490967798687, 20584.901921471959213 ], [ 20174.970971532275144, 20584.904305966425454 ], [ 20174.961731656763732, 20584.90761204674709 ], [ 20174.952860326317023, 20584.911807873566431 ], [ 20174.944442976699065, 20584.91685303876875 ], [ 20174.93656067158372, 20584.922698954662337 ], [ 20174.929289321880788, 20584.929289321880788 ], [ 20106.95857864376012, 20652.900000000001455 ], [ 20084.0, 20652.900000000001455 ], [ 20083.989921929412958, 20652.900509133618471 ], [ 20083.979946480521903, 20652.902031350135076 ], [ 20083.970175230046152, 20652.904551149313193 ], [ 20083.960707675429148, 20652.908042872870283 ], [ 20083.951640221683192, 20652.912470965726243 ], [ 20083.943065199717239, 20652.917790338058694 ], [ 20083.935069926166761, 20652.923946824445011 ], [ 20083.927735814286279, 20652.930877735401737 ], [ 20061.9292718646102, 20675.9292718646102 ], [ 20038.959874268519343, 20697.900000000001455 ], [ 20016.0, 20697.900000000001455 ], [ 20015.990198285966471, 20697.900481527332886 ], [ 20015.980490967798687, 20697.901921471959213 ], [ 20015.970971532275144, 20697.904305966425454 ], [ 20015.961731656763732, 20697.90761204674709 ], [ 20015.952860326317023, 20697.911807873566431 ], [ 20015.944442976699065, 20697.91685303876875 ], [ 20015.93656067158372, 20697.922698954662337 ], [ 20015.929289321880788, 20697.929289321880788 ], [ 19992.929289321880788, 20720.929289321880788 ], [ 19992.927735814286279, 20720.930877735401737 ], [ 19970.928503744667978, 20743.930074899093597 ], [ 19947.95857864376012, 20766.900000000001455 ], [ 19925.0, 20766.900000000001455 ], [ 19924.990198285966471, 20766.900481527332886 ], [ 19924.980490967798687, 20766.901921471959213 ], [ 19924.970971532275144, 20766.904305966425454 ], [ 19924.961731656763732, 20766.90761204674709 ], [ 19924.952860326317023, 20766.911807873566431 ], [ 19924.944442976699065, 20766.91685303876875 ], [ 19924.93656067158372, 20766.922698954662337 ], [ 19924.929289321880788, 20766.929289321880788 ], [ 19924.922698954662337, 20766.93656067158372 ], [ 19924.91685303876875, 20766.944442976699065 ], [ 19924.911807873566431, 20766.952860326317023 ], [ 19924.90761204674709, 20766.961731656763732 ], [ 19924.904305966425454, 20766.970971532275144 ], [ 19924.901921471959213, 20766.980490967798687 ], [ 19924.900481527332886, 20766.990198285966471 ], [ 19924.900000000001455, 20767.0 ], [ 19924.900000000001455, 20788.95857864376012 ], [ 19901.95857864376012, 20811.900000000001455 ], [ 19834.0, 20811.900000000001455 ], [ 19833.990198285966471, 20811.900481527332886 ], [ 19833.980490967798687, 20811.901921471959213 ], [ 19833.970971532275144, 20811.904305966425454 ], [ 19833.961731656763732, 20811.90761204674709 ], [ 19833.952860326317023, 20811.911807873566431 ], [ 19833.944442976699065, 20811.91685303876875 ], [ 19833.93656067158372, 20811.922698954662337 ], [ 19833.929289321880788, 20811.929289321880788 ], [ 19810.929289321880788, 20834.929289321880788 ], [ 19810.927735814286279, 20834.930877735401737 ], [ 19788.9292718646102, 20857.9292718646102 ], [ 19765.930877735401737, 20879.927735814286279 ], [ 19765.929289321880788, 20879.929289321880788 ], [ 19742.95857864376012, 20902.900000000001455 ], [ 19720.0, 20902.900000000001455 ], [ 19719.989921929412958, 20902.900509133618471 ], [ 19719.979946480521903, 20902.902031350135076 ], [ 19719.970175230046152, 20902.904551149313193 ], [ 19719.960707675429148, 20902.908042872870283 ], [ 19719.951640221683192, 20902.912470965726243 ], [ 19719.943065199717239, 20902.917790338058694 ], [ 19719.935069926166761, 20902.923946824445011 ], [ 19719.927735814286279, 20902.930877735401737 ], [ 19697.928503744667978, 20925.930074899093597 ], [ 19674.95857864376012, 20948.900000000001455 ], [ 19652.0, 20948.900000000001455 ], [ 19651.99047471812446, 20948.900454688682657 ], [ 19651.981036057008168, 20948.901814619894139 ], [ 19651.971769849697012, 20948.904067426730762 ], [ 19651.96276036098061, 20948.907192622675211 ], [ 19651.954089521113929, 20948.911161787902529 ], [ 19651.94583618075194, 20948.915938827725768 ], [ 19651.938075393900363, 20948.921480300818075 ], [ 19651.930877735401737, 20948.927735814286279 ], [ 19628.930877735401737, 20970.927735814286279 ], [ 19628.927735814286279, 20970.930877735401737 ], [ 19606.928503744667978, 20993.930074899093597 ], [ 19560.95857864376012, 21039.900000000001455 ], [ 19538.0, 21039.900000000001455 ], [ 19537.990198285966471, 21039.900481527332886 ], [ 19537.980490967798687, 21039.901921471959213 ], [ 19537.970971532275144, 21039.904305966425454 ], [ 19537.961731656763732, 21039.90761204674709 ], [ 19537.952860326317023, 21039.911807873566431 ], [ 19537.944442976699065, 21039.91685303876875 ], [ 19537.93656067158372, 21039.922698954662337 ], [ 19537.929289321880788, 21039.929289321880788 ], [ 19469.95857864376012, 21107.900000000001455 ], [ 19447.0, 21107.900000000001455 ], [ 19446.989921929412958, 21107.900509133618471 ], [ 19446.979946480521903, 21107.902031350135076 ], [ 19446.970175230046152, 21107.904551149313193 ], [ 19446.960707675429148, 21107.908042872870283 ], [ 19446.951640221683192, 21107.912470965726243 ], [ 19446.943065199717239, 21107.917790338058694 ], [ 19446.935069926166761, 21107.923946824445011 ], [ 19446.927735814286279, 21107.930877735401737 ], [ 19424.9292718646102, 21130.9292718646102 ], [ 19401.930877735401737, 21152.927735814286279 ], [ 19401.929289321880788, 21152.929289321880788 ], [ 19355.95857864376012, 21198.900000000001455 ], [ 19334.0, 21198.900000000001455 ], [ 19333.990198285966471, 21198.900481527332886 ], [ 19333.980490967798687, 21198.901921471959213 ], [ 19333.970971532275144, 21198.904305966425454 ], [ 19333.961731656763732, 21198.90761204674709 ], [ 19333.952860326317023, 21198.911807873566431 ], [ 19333.944442976699065, 21198.91685303876875 ], [ 19333.93656067158372, 21198.922698954662337 ], [ 19333.929289321880788, 21198.929289321880788 ], [ 19310.930074899093597, 21221.928503744667978 ], [ 19287.959874268519343, 21243.900000000001455 ], [ 19265.0, 21243.900000000001455 ], [ 19264.989921929412958, 21243.900509133618471 ], [ 19264.979946480521903, 21243.902031350135076 ], [ 19264.970175230046152, 21243.904551149313193 ], [ 19264.960707675429148, 21243.908042872870283 ], [ 19264.951640221683192, 21243.912470965726243 ], [ 19264.943065199717239, 21243.917790338058694 ], [ 19264.935069926166761, 21243.923946824445011 ], [ 19264.927735814286279, 21243.930877735401737 ], [ 19242.927735814286279, 21266.930877735401737 ], [ 19242.921480300818075, 21266.938075393900363 ], [ 19242.915938827725768, 21266.94583618075194 ], [ 19242.911161787902529, 21266.954089521113929 ], [ 19242.907192622675211, 21266.96276036098061 ], [ 19242.904067426730762, 21266.971769849697012 ], [ 19242.901814619894139, 21266.981036057008168 ], [ 19242.900454688682657, 21266.99047471812446 ], [ 19242.900000000001455, 21267.0 ], [ 19242.900000000001455, 21289.95857864376012 ], [ 19219.95857864376012, 21312.900000000001455 ], [ 19174.0, 21312.900000000001455 ], [ 19173.990198285966471, 21312.900481527332886 ], [ 19173.980490967798687, 21312.901921471959213 ], [ 19173.970971532275144, 21312.904305966425454 ], [ 19173.961731656763732, 21312.90761204674709 ], [ 19173.952860326317023, 21312.911807873566431 ], [ 19173.944442976699065, 21312.91685303876875 ], [ 19173.93656067158372, 21312.922698954662337 ], [ 19173.929289321880788, 21312.929289321880788 ], [ 19151.95857864376012, 21334.900000000001455 ], [ 19129.0, 21334.900000000001455 ], [ 19128.990198285966471, 21334.900481527332886 ], [ 19128.980490967798687, 21334.901921471959213 ], [ 19128.970971532275144, 21334.904305966425454 ], [ 19128.961731656763732, 21334.90761204674709 ], [ 19128.952860326317023, 21334.911807873566431 ], [ 19128.944442976699065, 21334.91685303876875 ], [ 19128.93656067158372, 21334.922698954662337 ], [ 19128.929289321880788, 21334.929289321880788 ], [ 19128.922698954662337, 21334.93656067158372 ], [ 19128.91685303876875, 21334.944442976699065 ], [ 19128.911807873566431, 21334.952860326317023 ], [ 19128.90761204674709, 21334.961731656763732 ], [ 19128.904305966425454, 21334.970971532275144 ], [ 19128.901921471959213, 21334.980490967798687 ], [ 19128.900481527332886, 21334.990198285966471 ], [ 19128.900000000001455, 21335.0 ], [ 19128.900000000001455, 21357.95857864376012 ], [ 19105.95857864376012, 21380.900000000001455 ], [ 19061.0, 21380.900000000001455 ], [ 19060.990198285966471, 21380.900481527332886 ], [ 19060.980490967798687, 21380.901921471959213 ], [ 19060.970971532275144, 21380.904305966425454 ], [ 19060.961731656763732, 21380.90761204674709 ], [ 19060.952860326317023, 21380.911807873566431 ], [ 19060.944442976699065, 21380.91685303876875 ], [ 19060.93656067158372, 21380.922698954662337 ], [ 19060.929289321880788, 21380.929289321880788 ], [ 19037.930074899093597, 21403.928503744667978 ], [ 19014.959874268519343, 21425.900000000001455 ], [ 18993.0, 21425.900000000001455 ], [ 18992.990198285966471, 21425.900481527332886 ], [ 18992.980490967798687, 21425.901921471959213 ], [ 18992.970971532275144, 21425.904305966425454 ], [ 18992.961731656763732, 21425.90761204674709 ], [ 18992.952860326317023, 21425.911807873566431 ], [ 18992.944442976699065, 21425.91685303876875 ], [ 18992.93656067158372, 21425.922698954662337 ], [ 18992.929289321880788, 21425.929289321880788 ], [ 18946.95857864376012, 21471.900000000001455 ], [ 18924.0, 21471.900000000001455 ], [ 18923.989921929412958, 21471.900509133618471 ], [ 18923.979946480521903, 21471.902031350135076 ], [ 18923.970175230046152, 21471.904551149313193 ], [ 18923.960707675429148, 21471.908042872870283 ], [ 18923.951640221683192, 21471.912470965726243 ], [ 18923.943065199717239, 21471.917790338058694 ], [ 18923.935069926166761, 21471.923946824445011 ], [ 18923.927735814286279, 21471.930877735401737 ], [ 18901.9292718646102, 21494.9292718646102 ], [ 18878.930877735401737, 21516.927735814286279 ], [ 18878.929289321880788, 21516.929289321880788 ], [ 18855.95857864376012, 21539.900000000001455 ], [ 18833.0, 21539.900000000001455 ], [ 18832.989921929412958, 21539.900509133618471 ], [ 18832.979946480521903, 21539.902031350135076 ], [ 18832.970175230046152, 21539.904551149313193 ], [ 18832.960707675429148, 21539.908042872870283 ], [ 18832.951640221683192, 21539.912470965726243 ], [ 18832.943065199717239, 21539.917790338058694 ], [ 18832.935069926166761, 21539.923946824445011 ], [ 18832.927735814286279, 21539.930877735401737 ], [ 18810.928503744667978, 21562.930074899093597 ], [ 18787.95857864376012, 21585.900000000001455 ], [ 18765.0, 21585.900000000001455 ], [ 18764.99047471812446, 21585.900454688682657 ], [ 18764.981036057008168, 21585.901814619894139 ], [ 18764.971769849697012, 21585.904067426730762 ], [ 18764.96276036098061, 21585.907192622675211 ], [ 18764.954089521113929, 21585.911161787902529 ], [ 18764.94583618075194, 21585.915938827725768 ], [ 18764.938075393900363, 21585.921480300818075 ], [ 18764.930877735401737, 21585.927735814286279 ], [ 18741.930877735401737, 21607.927735814286279 ], [ 18741.923946824445011, 21607.935069926166761 ], [ 18741.917790338058694, 21607.943065199717239 ], [ 18741.912470965726243, 21607.951640221683192 ], [ 18741.908042872870283, 21607.960707675429148 ], [ 18741.904551149313193, 21607.970175230046152 ], [ 18741.902031350135076, 21607.979946480521903 ], [ 18741.900509133618471, 21607.989921929412958 ], [ 18741.900000000001455, 21608.0 ], [ 18741.900000000001455, 21630.959874268519343 ], [ 18719.928503744667978, 21653.930074899093597 ], [ 18696.930074899093597, 21676.928503744667978 ], [ 18673.959874268519343, 21698.900000000001455 ], [ 18629.0, 21698.900000000001455 ], [ 18628.990198285966471, 21698.900481527332886 ], [ 18628.980490967798687, 21698.901921471959213 ], [ 18628.970971532275144, 21698.904305966425454 ], [ 18628.961731656763732, 21698.90761204674709 ], [ 18628.952860326317023, 21698.911807873566431 ], [ 18628.944442976699065, 21698.91685303876875 ], [ 18628.93656067158372, 21698.922698954662337 ], [ 18628.929289321880788, 21698.929289321880788 ], [ 18582.95857864376012, 21744.900000000001455 ], [ 18560.0, 21744.900000000001455 ], [ 18559.989921929412958, 21744.900509133618471 ], [ 18559.979946480521903, 21744.902031350135076 ], [ 18559.970175230046152, 21744.904551149313193 ], [ 18559.960707675429148, 21744.908042872870283 ], [ 18559.951640221683192, 21744.912470965726243 ], [ 18559.943065199717239, 21744.917790338058694 ], [ 18559.935069926166761, 21744.923946824445011 ], [ 18559.927735814286279, 21744.930877735401737 ], [ 18537.927735814286279, 21767.930877735401737 ], [ 18537.921480300818075, 21767.938075393900363 ], [ 18537.915938827725768, 21767.94583618075194 ], [ 18537.911161787902529, 21767.954089521113929 ], [ 18537.907192622675211, 21767.96276036098061 ], [ 18537.904067426730762, 21767.971769849697012 ], [ 18537.901814619894139, 21767.981036057008168 ], [ 18537.900454688682657, 21767.99047471812446 ], [ 18537.900000000001455, 21768.0 ], [ 18537.900000000001455, 21789.95857864376012 ], [ 18514.929289321880788, 21812.929289321880788 ], [ 18514.922698954662337, 21812.93656067158372 ], [ 18514.91685303876875, 21812.944442976699065 ], [ 18514.911807873566431, 21812.952860326317023 ], [ 18514.90761204674709, 21812.961731656763732 ], [ 18514.904305966425454, 21812.970971532275144 ], [ 18514.901921471959213, 21812.980490967798687 ], [ 18514.900481527332886, 21812.990198285966471 ], [ 18514.900000000001455, 21813.0 ], [ 18514.900000000001455, 21835.95857864376012 ], [ 18491.95857864376012, 21858.900000000001455 ], [ 18424.0, 21858.900000000001455 ], [ 18423.99047471812446, 21858.900454688682657 ], [ 18423.981036057008168, 21858.901814619894139 ], [ 18423.971769849697012, 21858.904067426730762 ], [ 18423.96276036098061, 21858.907192622675211 ], [ 18423.954089521113929, 21858.911161787902529 ], [ 18423.94583618075194, 21858.915938827725768 ], [ 18423.938075393900363, 21858.921480300818075 ], [ 18423.930877735401737, 21858.927735814286279 ], [ 18400.959874268519343, 21880.900000000001455 ], [ 18378.0, 21880.900000000001455 ], [ 18377.989921929412958, 21880.900509133618471 ], [ 18377.979946480521903, 21880.902031350135076 ], [ 18377.970175230046152, 21880.904551149313193 ], [ 18377.960707675429148, 21880.908042872870283 ], [ 18377.951640221683192, 21880.912470965726243 ], [ 18377.943065199717239, 21880.917790338058694 ], [ 18377.935069926166761, 21880.923946824445011 ], [ 18377.927735814286279, 21880.930877735401737 ], [ 18355.95727103945319, 21903.900000000001455 ], [ 18333.0, 21903.900000000001455 ], [ 18332.990198285966471, 21903.900481527332886 ], [ 18332.980490967798687, 21903.901921471959213 ], [ 18332.970971532275144, 21903.904305966425454 ], [ 18332.961731656763732, 21903.90761204674709 ], [ 18332.952860326317023, 21903.911807873566431 ], [ 18332.944442976699065, 21903.91685303876875 ], [ 18332.93656067158372, 21903.922698954662337 ], [ 18332.929289321880788, 21903.929289321880788 ], [ 18264.95857864376012, 21971.900000000001455 ], [ 18242.0, 21971.900000000001455 ], [ 18241.990198285966471, 21971.900481527332886 ], [ 18241.980490967798687, 21971.901921471959213 ], [ 18241.970971532275144, 21971.904305966425454 ], [ 18241.961731656763732, 21971.90761204674709 ], [ 18241.952860326317023, 21971.911807873566431 ], [ 18241.944442976699065, 21971.91685303876875 ], [ 18241.93656067158372, 21971.922698954662337 ], [ 18241.929289321880788, 21971.929289321880788 ], [ 18195.95857864376012, 22017.900000000001455 ], [ 18174.0, 22017.900000000001455 ], [ 18173.990198285966471, 22017.900481527332886 ], [ 18173.980490967798687, 22017.901921471959213 ], [ 18173.970971532275144, 22017.904305966425454 ], [ 18173.961731656763732, 22017.90761204674709 ], [ 18173.952860326317023, 22017.911807873566431 ], [ 18173.944442976699065, 22017.91685303876875 ], [ 18173.93656067158372, 22017.922698954662337 ], [ 18173.929289321880788, 22017.929289321880788 ], [ 18150.95857864376012, 22040.900000000001455 ], [ 18128.0, 22040.900000000001455 ], [ 18127.99047471812446, 22040.900454688682657 ], [ 18127.981036057008168, 22040.901814619894139 ], [ 18127.971769849697012, 22040.904067426730762 ], [ 18127.96276036098061, 22040.907192622675211 ], [ 18127.954089521113929, 22040.911161787902529 ], [ 18127.94583618075194, 22040.915938827725768 ], [ 18127.938075393900363, 22040.921480300818075 ], [ 18127.930877735401737, 22040.927735814286279 ], [ 18104.930877735401737, 22062.927735814286279 ], [ 18104.927735814286279, 22062.930877735401737 ], [ 18082.928503744667978, 22085.930074899093597 ], [ 18059.930074899093597, 22108.928503744667978 ], [ 18036.959874268519343, 22130.900000000001455 ], [ 17992.0, 22130.900000000001455 ], [ 17991.990198285966471, 22130.900481527332886 ], [ 17991.980490967798687, 22130.901921471959213 ], [ 17991.970971532275144, 22130.904305966425454 ], [ 17991.961731656763732, 22130.90761204674709 ], [ 17991.952860326317023, 22130.911807873566431 ], [ 17991.944442976699065, 22130.91685303876875 ], [ 17991.93656067158372, 22130.922698954662337 ], [ 17991.929289321880788, 22130.929289321880788 ], [ 17945.95857864376012, 22176.900000000001455 ], [ 17923.0, 22176.900000000001455 ], [ 17922.989921929412958, 22176.900509133618471 ], [ 17922.979946480521903, 22176.902031350135076 ], [ 17922.970175230046152, 22176.904551149313193 ], [ 17922.960707675429148, 22176.908042872870283 ], [ 17922.951640221683192, 22176.912470965726243 ], [ 17922.943065199717239, 22176.917790338058694 ], [ 17922.935069926166761, 22176.923946824445011 ], [ 17922.927735814286279, 22176.930877735401737 ], [ 17900.95727103945319, 22199.900000000001455 ], [ 17878.0, 22199.900000000001455 ], [ 17877.99047471812446, 22199.900454688682657 ], [ 17877.981036057008168, 22199.901814619894139 ], [ 17877.971769849697012, 22199.904067426730762 ], [ 17877.96276036098061, 22199.907192622675211 ], [ 17877.954089521113929, 22199.911161787902529 ], [ 17877.94583618075194, 22199.915938827725768 ], [ 17877.938075393900363, 22199.921480300818075 ], [ 17877.930877735401737, 22199.927735814286279 ], [ 17854.930877735401737, 22221.927735814286279 ], [ 17854.929289321880788, 22221.929289321880788 ], [ 17831.95857864376012, 22244.900000000001455 ], [ 17810.0, 22244.900000000001455 ], [ 17809.990198285966471, 22244.900481527332886 ], [ 17809.980490967798687, 22244.901921471959213 ], [ 17809.970971532275144, 22244.904305966425454 ], [ 17809.961731656763732, 22244.90761204674709 ], [ 17809.952860326317023, 22244.911807873566431 ], [ 17809.944442976699065, 22244.91685303876875 ], [ 17809.93656067158372, 22244.922698954662337 ], [ 17809.929289321880788, 22244.929289321880788 ], [ 17763.95857864376012, 22290.900000000001455 ], [ 17741.0, 22290.900000000001455 ], [ 17740.990198285966471, 22290.900481527332886 ], [ 17740.980490967798687, 22290.901921471959213 ], [ 17740.970971532275144, 22290.904305966425454 ], [ 17740.961731656763732, 22290.90761204674709 ], [ 17740.952860326317023, 22290.911807873566431 ], [ 17740.944442976699065, 22290.91685303876875 ], [ 17740.93656067158372, 22290.922698954662337 ], [ 17740.929289321880788, 22290.929289321880788 ], [ 17672.95857864376012, 22358.900000000001455 ], [ 17651.0, 22358.900000000001455 ], [ 17650.990198285966471, 22358.900481527332886 ], [ 17650.980490967798687, 22358.901921471959213 ], [ 17650.970971532275144, 22358.904305966425454 ], [ 17650.961731656763732, 22358.90761204674709 ], [ 17650.952860326317023, 22358.911807873566431 ], [ 17650.944442976699065, 22358.91685303876875 ], [ 17650.93656067158372, 22358.922698954662337 ], [ 17650.929289321880788, 22358.929289321880788 ], [ 17627.930074899093597, 22381.928503744667978 ], [ 17604.959874268519343, 22403.900000000001455 ], [ 17582.0, 22403.900000000001455 ], [ 17581.989921929412958, 22403.900509133618471 ], [ 17581.979946480521903, 22403.902031350135076 ], [ 17581.970175230046152, 22403.904551149313193 ], [ 17581.960707675429148, 22403.908042872870283 ], [ 17581.951640221683192, 22403.912470965726243 ], [ 17581.943065199717239, 22403.917790338058694 ], [ 17581.935069926166761, 22403.923946824445011 ], [ 17581.927735814286279, 22403.930877735401737 ], [ 17559.95727103945319, 22426.900000000001455 ], [ 17537.0, 22426.900000000001455 ], [ 17536.990198285966471, 22426.900481527332886 ], [ 17536.980490967798687, 22426.901921471959213 ], [ 17536.970971532275144, 22426.904305966425454 ], [ 17536.961731656763732, 22426.90761204674709 ], [ 17536.952860326317023, 22426.911807873566431 ], [ 17536.944442976699065, 22426.91685303876875 ], [ 17536.93656067158372, 22426.922698954662337 ], [ 17536.929289321880788, 22426.929289321880788 ], [ 17490.95857864376012, 22472.900000000001455 ], [ 17469.0, 22472.900000000001455 ], [ 17468.99047471812446, 22472.900454688682657 ], [ 17468.981036057008168, 22472.901814619894139 ], [ 17468.971769849697012, 22472.904067426730762 ], [ 17468.96276036098061, 22472.907192622675211 ], [ 17468.954089521113929, 22472.911161787902529 ], [ 17468.94583618075194, 22472.915938827725768 ], [ 17468.938075393900363, 22472.921480300818075 ], [ 17468.930877735401737, 22472.927735814286279 ], [ 17445.930877735401737, 22494.927735814286279 ], [ 17445.929289321880788, 22494.929289321880788 ], [ 17422.95857864376012, 22517.900000000001455 ], [ 17400.0, 22517.900000000001455 ], [ 17399.989921929412958, 22517.900509133618471 ], [ 17399.979946480521903, 22517.902031350135076 ], [ 17399.970175230046152, 22517.904551149313193 ], [ 17399.960707675429148, 22517.908042872870283 ], [ 17399.951640221683192, 22517.912470965726243 ], [ 17399.943065199717239, 22517.917790338058694 ], [ 17399.935069926166761, 22517.923946824445011 ], [ 17399.927735814286279, 22517.930877735401737 ], [ 17377.928503744667978, 22540.930074899093597 ], [ 17354.95857864376012, 22563.900000000001455 ], [ 17332.0, 22563.900000000001455 ], [ 17331.99047471812446, 22563.900454688682657 ], [ 17331.981036057008168, 22563.901814619894139 ], [ 17331.971769849697012, 22563.904067426730762 ], [ 17331.96276036098061, 22563.907192622675211 ], [ 17331.954089521113929, 22563.911161787902529 ], [ 17331.94583618075194, 22563.915938827725768 ], [ 17331.938075393900363, 22563.921480300818075 ], [ 17331.930877735401737, 22563.927735814286279 ], [ 17308.959874268519343, 22585.900000000001455 ], [ 17287.0, 22585.900000000001455 ], [ 17286.990198285966471, 22585.900481527332886 ], [ 17286.980490967798687, 22585.901921471959213 ], [ 17286.970971532275144, 22585.904305966425454 ], [ 17286.961731656763732, 22585.90761204674709 ], [ 17286.952860326317023, 22585.911807873566431 ], [ 17286.944442976699065, 22585.91685303876875 ], [ 17286.93656067158372, 22585.922698954662337 ], [ 17286.929289321880788, 22585.929289321880788 ], [ 17240.95857864376012, 22631.900000000001455 ], [ 17218.0, 22631.900000000001455 ], [ 17217.989921929412958, 22631.900509133618471 ], [ 17217.979946480521903, 22631.902031350135076 ], [ 17217.970175230046152, 22631.904551149313193 ], [ 17217.960707675429148, 22631.908042872870283 ], [ 17217.951640221683192, 22631.912470965726243 ], [ 17217.943065199717239, 22631.917790338058694 ], [ 17217.935069926166761, 22631.923946824445011 ], [ 17217.927735814286279, 22631.930877735401737 ], [ 17195.95727103945319, 22654.900000000001455 ], [ 17173.0, 22654.900000000001455 ], [ 17172.99047471812446, 22654.900454688682657 ], [ 17172.981036057008168, 22654.901814619894139 ], [ 17172.971769849697012, 22654.904067426730762 ], [ 17172.96276036098061, 22654.907192622675211 ], [ 17172.954089521113929, 22654.911161787902529 ], [ 17172.94583618075194, 22654.915938827725768 ], [ 17172.938075393900363, 22654.921480300818075 ], [ 17172.930877735401737, 22654.927735814286279 ], [ 17149.930877735401737, 22676.927735814286279 ], [ 17149.929289321880788, 22676.929289321880788 ], [ 17126.95857864376012, 22699.900000000001455 ], [ 17082.0, 22699.900000000001455 ], [ 17081.990198285966471, 22699.900481527332886 ], [ 17081.980490967798687, 22699.901921471959213 ], [ 17081.970971532275144, 22699.904305966425454 ], [ 17081.961731656763732, 22699.90761204674709 ], [ 17081.952860326317023, 22699.911807873566431 ], [ 17081.944442976699065, 22699.91685303876875 ], [ 17081.93656067158372, 22699.922698954662337 ], [ 17081.929289321880788, 22699.929289321880788 ], [ 17058.95857864376012, 22722.900000000001455 ], [ 17036.0, 22722.900000000001455 ], [ 17035.989921929412958, 22722.900509133618471 ], [ 17035.979946480521903, 22722.902031350135076 ], [ 17035.970175230046152, 22722.904551149313193 ], [ 17035.960707675429148, 22722.908042872870283 ], [ 17035.951640221683192, 22722.912470965726243 ], [ 17035.943065199717239, 22722.917790338058694 ], [ 17035.935069926166761, 22722.923946824445011 ], [ 17035.927735814286279, 22722.930877735401737 ], [ 17013.9292718646102, 22745.9292718646102 ], [ 16990.959874268519343, 22767.900000000001455 ], [ 16968.0, 22767.900000000001455 ], [ 16967.990198285966471, 22767.900481527332886 ], [ 16967.980490967798687, 22767.901921471959213 ], [ 16967.970971532275144, 22767.904305966425454 ], [ 16967.961731656763732, 22767.90761204674709 ], [ 16967.952860326317023, 22767.911807873566431 ], [ 16967.944442976699065, 22767.91685303876875 ], [ 16967.93656067158372, 22767.922698954662337 ], [ 16967.929289321880788, 22767.929289321880788 ], [ 16944.929289321880788, 22790.929289321880788 ], [ 16944.927735814286279, 22790.930877735401737 ], [ 16922.95727103945319, 22813.900000000001455 ], [ 16900.0, 22813.900000000001455 ], [ 16899.990198285966471, 22813.900481527332886 ], [ 16899.980490967798687, 22813.901921471959213 ], [ 16899.970971532275144, 22813.904305966425454 ], [ 16899.961731656763732, 22813.90761204674709 ], [ 16899.952860326317023, 22813.911807873566431 ], [ 16899.944442976699065, 22813.91685303876875 ], [ 16899.93656067158372, 22813.922698954662337 ], [ 16899.929289321880788, 22813.929289321880788 ], [ 16877.0, 22836.858578643761575 ], [ 16854.070710678119212, 22813.929289321880788 ], [ 16854.063331922388898, 22813.922610933546821 ], [ 16854.055325883557089, 22813.916699059976963 ], [ 16854.04677185896071, 22813.911612256451917 ], [ 16854.037754573568236, 22813.907400906187831 ], [ 16854.02836334080348, 22813.904106721307471 ], [ 16854.018691177920118, 22813.901762329689518 ], [ 16854.008833884701744, 22813.90039095181055 ], [ 16853.998889094586048, 22813.900006170744746 ], [ 16853.988955307646393, 22813.900611797627789 ], [ 16853.979130914965936, 22813.902201833912841 ], [ 16853.969513224121329, 22813.904760530786007 ], [ 16853.960197495358443, 22813.908262545137404 ], [ 16853.951275998097117, 22813.912673190607165 ], [ 16853.942837097001757, 22813.9179487811125 ], [ 16853.934964376778225, 22813.924037063563446 ], [ 16853.927735814286279, 22813.930877735401737 ], [ 16831.9292718646102, 22836.9292718646102 ], [ 16808.959874268519343, 22858.900000000001455 ], [ 16786.0, 22858.900000000001455 ], [ 16785.990198285966471, 22858.900481527332886 ], [ 16785.980490967798687, 22858.901921471959213 ], [ 16785.970971532275144, 22858.904305966425454 ], [ 16785.961731656763732, 22858.90761204674709 ], [ 16785.952860326317023, 22858.911807873566431 ], [ 16785.944442976699065, 22858.91685303876875 ], [ 16785.93656067158372, 22858.922698954662337 ], [ 16785.929289321880788, 22858.929289321880788 ], [ 16785.922698954662337, 22858.93656067158372 ], [ 16785.91685303876875, 22858.944442976699065 ], [ 16785.911807873566431, 22858.952860326317023 ], [ 16785.90761204674709, 22858.961731656763732 ], [ 16785.904305966425454, 22858.970971532275144 ], [ 16785.901921471959213, 22858.980490967798687 ], [ 16785.900481527332886, 22858.990198285966471 ], [ 16785.900000000001455, 22859.0 ], [ 16785.900000000001455, 22881.95857864376012 ], [ 16762.95857864376012, 22904.900000000001455 ], [ 16695.0, 22904.900000000001455 ], [ 16694.990198285966471, 22904.900481527332886 ], [ 16694.980490967798687, 22904.901921471959213 ], [ 16694.970971532275144, 22904.904305966425454 ], [ 16694.961731656763732, 22904.90761204674709 ], [ 16694.952860326317023, 22904.911807873566431 ], [ 16694.944442976699065, 22904.91685303876875 ], [ 16694.93656067158372, 22904.922698954662337 ], [ 16694.929289321880788, 22904.929289321880788 ], [ 16671.95857864376012, 22927.900000000001455 ], [ 16650.0, 22927.900000000001455 ], [ 16649.99047471812446, 22927.900454688682657 ], [ 16649.981036057008168, 22927.901814619894139 ], [ 16649.971769849697012, 22927.904067426730762 ], [ 16649.96276036098061, 22927.907192622675211 ], [ 16649.954089521113929, 22927.911161787902529 ], [ 16649.94583618075194, 22927.915938827725768 ], [ 16649.938075393900363, 22927.921480300818075 ], [ 16649.930877735401737, 22927.927735814286279 ], [ 16626.959874268519343, 22949.900000000001455 ], [ 16604.0, 22949.900000000001455 ], [ 16603.990198285966471, 22949.900481527332886 ], [ 16603.980490967798687, 22949.901921471959213 ], [ 16603.970971532275144, 22949.904305966425454 ], [ 16603.961731656763732, 22949.90761204674709 ], [ 16603.952860326317023, 22949.911807873566431 ], [ 16603.944442976699065, 22949.91685303876875 ], [ 16603.93656067158372, 22949.922698954662337 ], [ 16603.929289321880788, 22949.929289321880788 ], [ 16580.929289321880788, 22972.929289321880788 ], [ 16580.927735814286279, 22972.930877735401737 ], [ 16558.95727103945319, 22995.900000000001455 ], [ 16536.0, 22995.900000000001455 ], [ 16535.990198285966471, 22995.900481527332886 ], [ 16535.980490967798687, 22995.901921471959213 ], [ 16535.970971532275144, 22995.904305966425454 ], [ 16535.961731656763732, 22995.90761204674709 ], [ 16535.952860326317023, 22995.911807873566431 ], [ 16535.944442976699065, 22995.91685303876875 ], [ 16535.93656067158372, 22995.922698954662337 ], [ 16535.929289321880788, 22995.929289321880788 ], [ 16535.922698954662337, 22995.93656067158372 ], [ 16535.91685303876875, 22995.944442976699065 ], [ 16535.911807873566431, 22995.952860326317023 ], [ 16535.90761204674709, 22995.961731656763732 ], [ 16535.904305966425454, 22995.970971532275144 ], [ 16535.901921471959213, 22995.980490967798687 ], [ 16535.900481527332886, 22995.990198285966471 ], [ 16535.900000000001455, 22996.0 ], [ 16535.900000000001455, 23018.95727103945319 ], [ 16512.959874268519343, 23040.900000000001455 ], [ 16468.0, 23040.900000000001455 ], [ 16467.990198285966471, 23040.900481527332886 ], [ 16467.980490967798687, 23040.901921471959213 ], [ 16467.970971532275144, 23040.904305966425454 ], [ 16467.961731656763732, 23040.90761204674709 ], [ 16467.952860326317023, 23040.911807873566431 ], [ 16467.944442976699065, 23040.91685303876875 ], [ 16467.93656067158372, 23040.922698954662337 ], [ 16467.929289321880788, 23040.929289321880788 ], [ 16444.95857864376012, 23063.900000000001455 ], [ 16422.0, 23063.900000000001455 ], [ 16421.990198285966471, 23063.900481527332886 ], [ 16421.980490967798687, 23063.901921471959213 ], [ 16421.970971532275144, 23063.904305966425454 ], [ 16421.961731656763732, 23063.90761204674709 ], [ 16421.952860326317023, 23063.911807873566431 ], [ 16421.944442976699065, 23063.91685303876875 ], [ 16421.93656067158372, 23063.922698954662337 ], [ 16421.929289321880788, 23063.929289321880788 ], [ 16398.95857864376012, 23086.900000000001455 ], [ 16377.0, 23086.900000000001455 ], [ 16376.990198285966471, 23086.900481527332886 ], [ 16376.980490967798687, 23086.901921471959213 ], [ 16376.970971532275144, 23086.904305966425454 ], [ 16376.961731656763732, 23086.90761204674709 ], [ 16376.952860326317023, 23086.911807873566431 ], [ 16376.944442976697246, 23086.91685303876875 ], [ 16376.93656067158372, 23086.922698954662337 ], [ 16376.929289321880788, 23086.929289321880788 ], [ 16353.95857864376012, 23109.900000000001455 ], [ 16308.0, 23109.900000000001455 ], [ 16307.990198285966471, 23109.900481527332886 ], [ 16307.980490967798687, 23109.901921471959213 ], [ 16307.970971532275144, 23109.904305966425454 ], [ 16307.961731656763732, 23109.90761204674709 ], [ 16307.952860326317023, 23109.911807873566431 ], [ 16307.944442976697246, 23109.91685303876875 ], [ 16307.93656067158372, 23109.922698954662337 ], [ 16307.929289321880788, 23109.929289321880788 ], [ 16285.95857864376012, 23131.900000000001455 ], [ 16263.0, 23131.900000000001455 ], [ 16262.990198285966471, 23131.900481527332886 ], [ 16262.980490967798687, 23131.901921471959213 ], [ 16262.970971532275144, 23131.904305966425454 ], [ 16262.961731656763732, 23131.90761204674709 ], [ 16262.952860326317023, 23131.911807873566431 ], [ 16262.944442976697246, 23131.91685303876875 ], [ 16262.93656067158372, 23131.922698954662337 ], [ 16262.929289321880788, 23131.929289321880788 ], [ 16239.95857864376012, 23154.900000000001455 ], [ 16217.0, 23154.900000000001455 ], [ 16216.989921929414777, 23154.900509133618471 ], [ 16216.979946480520084, 23154.902031350135076 ], [ 16216.970175230044333, 23154.904551149316831 ], [ 16216.960707675429148, 23154.908042872870283 ], [ 16216.951640221683192, 23154.912470965726243 ], [ 16216.94306519971542, 23154.917790338058694 ], [ 16216.935069926166761, 23154.923946824445011 ], [ 16216.927735814284461, 23154.930877735401737 ], [ 16194.957271039449552, 23177.900000000001455 ], [ 16172.0, 23177.900000000001455 ], [ 16171.990198285966471, 23177.900481527332886 ], [ 16171.980490967798687, 23177.901921471959213 ], [ 16171.970971532275144, 23177.904305966425454 ], [ 16171.961731656763732, 23177.90761204674709 ], [ 16171.952860326317023, 23177.911807873566431 ], [ 16171.944442976697246, 23177.91685303876875 ], [ 16171.93656067158372, 23177.922698954662337 ], [ 16171.929289321880788, 23177.929289321880788 ], [ 16148.95857864376012, 23200.900000000001455 ], [ 16127.0, 23200.900000000001455 ], [ 16126.99047471812446, 23200.900454688682657 ], [ 16126.981036057008168, 23200.901814619894139 ], [ 16126.971769849695193, 23200.904067426730762 ], [ 16126.96276036098061, 23200.907192622675211 ], [ 16126.954089521113929, 23200.911161787902529 ], [ 16126.94583618075194, 23200.915938827725768 ], [ 16126.938075393900363, 23200.921480300818075 ], [ 16126.930877735403556, 23200.927735814286279 ], [ 16103.930877735403556, 23222.927735814286279 ], [ 16103.929289321880788, 23222.929289321880788 ], [ 16080.95857864376012, 23245.900000000001455 ], [ 16036.04142135623988, 23245.900000000001455 ], [ 16013.070710678119212, 23222.929289321880788 ], [ 16013.06343932841628, 23222.922698954662337 ], [ 16013.055557023302754, 23222.91685303876875 ], [ 16013.047139673682977, 23222.911807873566431 ], [ 16013.038268343236268, 23222.90761204674709 ], [ 16013.029028467724856, 23222.904305966425454 ], [ 16013.019509032201313, 23222.901921471959213 ], [ 16013.009801714033529, 23222.900481527332886 ], [ 16013.0, 23222.900000000001455 ], [ 15467.0, 23222.900000000001455 ], [ 15466.990198285966471, 23222.900481527332886 ], [ 15466.980490967798687, 23222.901921471959213 ], [ 15466.970971532275144, 23222.904305966425454 ], [ 15466.961731656763732, 23222.90761204674709 ], [ 15466.952860326317023, 23222.911807873566431 ], [ 15466.944442976697246, 23222.91685303876875 ], [ 15466.93656067158372, 23222.922698954662337 ], [ 15466.929289321880788, 23222.929289321880788 ], [ 15443.95857864376012, 23245.900000000001455 ], [ 15262.0, 23245.900000000001455 ], [ 15261.990198285966471, 23245.900481527332886 ], [ 15261.980490967798687, 23245.901921471959213 ], [ 15261.970971532275144, 23245.904305966425454 ], [ 15261.961731656763732, 23245.90761204674709 ], [ 15261.952860326317023, 23245.911807873566431 ], [ 15261.944442976697246, 23245.91685303876875 ], [ 15261.93656067158372, 23245.922698954662337 ], [ 15261.929289321880788, 23245.929289321880788 ], [ 15238.95857864376012, 23268.900000000001455 ], [ 15057.0, 23268.900000000001455 ], [ 15056.989921929414777, 23268.900509133618471 ], [ 15056.979946480520084, 23268.902031350135076 ], [ 15056.970175230044333, 23268.904551149316831 ], [ 15056.960707675429148, 23268.908042872870283 ], [ 15056.951640221683192, 23268.912470965726243 ], [ 15056.94306519971542, 23268.917790338058694 ], [ 15056.935069926166761, 23268.923946824445011 ], [ 15056.927735814284461, 23268.930877735401737 ], [ 15034.957271039449552, 23291.900000000001455 ], [ 14898.0, 23291.900000000001455 ], [ 14897.99047471812446, 23291.900454688682657 ], [ 14897.981036057008168, 23291.901814619894139 ], [ 14897.971769849695193, 23291.904067426730762 ], [ 14897.96276036098061, 23291.907192622675211 ], [ 14897.954089521113929, 23291.911161787902529 ], [ 14897.94583618075194, 23291.915938827725768 ], [ 14897.938075393900363, 23291.921480300818075 ], [ 14897.930877735403556, 23291.927735814286279 ], [ 14874.959874268519343, 23313.900000000001455 ], [ 14762.0, 23313.900000000001455 ], [ 14761.990198285966471, 23313.900481527332886 ], [ 14761.980490967798687, 23313.901921471959213 ], [ 14761.970971532275144, 23313.904305966425454 ], [ 14761.961731656763732, 23313.90761204674709 ], [ 14761.952860326317023, 23313.911807873566431 ], [ 14761.944442976697246, 23313.91685303876875 ], [ 14761.93656067158372, 23313.922698954662337 ], [ 14761.929289321880788, 23313.929289321880788 ], [ 14738.95857864376012, 23336.900000000001455 ], [ 14625.0, 23336.900000000001455 ], [ 14624.989921929414777, 23336.900509133618471 ], [ 14624.979946480520084, 23336.902031350135076 ], [ 14624.970175230044333, 23336.904551149316831 ], [ 14624.960707675429148, 23336.908042872870283 ], [ 14624.951640221683192, 23336.912470965726243 ], [ 14624.94306519971542, 23336.917790338058694 ], [ 14624.935069926166761, 23336.923946824445011 ], [ 14624.927735814284461, 23336.930877735401737 ], [ 14602.957271039449552, 23359.900000000001455 ], [ 14443.0, 23359.900000000001455 ], [ 14442.989921929414777, 23359.900509133618471 ], [ 14442.979946480520084, 23359.902031350135076 ], [ 14442.970175230044333, 23359.904551149316831 ], [ 14442.960707675429148, 23359.908042872870283 ], [ 14442.951640221683192, 23359.912470965726243 ], [ 14442.94306519971542, 23359.917790338058694 ], [ 14442.935069926166761, 23359.923946824445011 ], [ 14442.927735814284461, 23359.930877735401737 ], [ 14420.927735814284461, 23382.930877735401737 ], [ 14420.921394384309679, 23382.938184490765707 ], [ 14420.915788721826175, 23382.94606985417704 ], [ 14420.910971297184005, 23382.954460016742814 ], [ 14420.906987202639357, 23382.963276444519579 ], [ 14420.903873730276246, 23382.972436613617901 ], [ 14420.90166002294427, 23382.981854782647133 ], [ 14420.900366801479322, 23382.991442795282637 ], [ 14420.900006170744746, 23383.001110905413952 ], [ 14420.900581506330127, 23383.010768617205031 ], [ 14420.902087422957266, 23383.020325532143033 ], [ 14420.904509824884371, 23383.029692195210373 ], [ 14420.907826037844643, 23383.038780932176451 ], [ 14420.91200502128595, 23383.047506670278381 ], [ 14420.91700765891801, 23383.055787734509067 ], [ 14420.922787124847673, 23383.063546612109349 ], [ 14420.929289321880788, 23383.070710678119212 ], [ 14465.929289321880788, 23428.070710678119212 ], [ 14465.93656067158372, 23428.077301045337663 ], [ 14465.944442976697246, 23428.08314696123125 ], [ 14465.952860326317023, 23428.088192126433569 ], [ 14465.961731656763732, 23428.09238795325291 ], [ 14465.970971532275144, 23428.095694033574546 ], [ 14465.980490967798687, 23428.098078528040787 ], [ 14465.990198285966471, 23428.099518472667114 ], [ 14466.0, 23428.099999999998545 ], [ 14488.95857864376012, 23428.099999999998545 ], [ 14511.928503744626141, 23451.069925100862747 ], [ 14533.9, 23474.040125731480657 ], [ 14533.9, 23496.0 ], [ 14533.900481527332886, 23496.009801714033529 ], [ 14533.901921471959213, 23496.019509032201313 ], [ 14533.904305966427273, 23496.029028467724856 ], [ 14533.907612046748909, 23496.038268343236268 ], [ 14533.911807873564612, 23496.047139673682977 ], [ 14533.916853038770569, 23496.055557023300935 ], [ 14533.922698954664156, 23496.06343932841628 ], [ 14533.929289321880788, 23496.070710678119212 ], [ 14579.929289321880788, 23542.070710678119212 ], [ 14579.930877735403556, 23542.072264185713721 ], [ 14602.929271864568364, 23564.070728135349782 ], [ 14624.927735814284461, 23587.069122264598263 ], [ 14624.929289321880788, 23587.070710678119212 ], [ 14670.929289321880788, 23633.070710678119212 ], [ 14670.930877735403556, 23633.072264185713721 ], [ 14693.929271864568364, 23655.070728135349782 ], [ 14715.927735814284461, 23678.069122264598263 ], [ 14715.929289321880788, 23678.070710678119212 ], [ 14897.9, 23860.04142135623988 ], [ 14897.9, 23883.0 ], [ 14897.900481527332886, 23883.009801714033529 ], [ 14897.901921471959213, 23883.019509032201313 ], [ 14897.904305966427273, 23883.029028467724856 ], [ 14897.907612046748909, 23883.038268343236268 ], [ 14897.911807873564612, 23883.047139673682977 ], [ 14897.916853038770569, 23883.055557023300935 ], [ 14897.922698954664156, 23883.06343932841628 ], [ 14897.929289321880788, 23883.070710678119212 ], [ 14897.93656067158372, 23883.077301045337663 ], [ 14897.944442976697246, 23883.08314696123125 ], [ 14897.952860326317023, 23883.088192126433569 ], [ 14897.961731656763732, 23883.09238795325291 ], [ 14897.970971532275144, 23883.095694033574546 ], [ 14897.980490967798687, 23883.098078528040787 ], [ 14897.990198285966471, 23883.099518472667114 ], [ 14898.0, 23883.099999999998545 ], [ 14920.95857864376012, 23883.099999999998545 ], [ 14943.9, 23906.04142135623988 ], [ 14943.9, 23928.0 ], [ 14943.900481527332886, 23928.009801714033529 ], [ 14943.901921471959213, 23928.019509032201313 ], [ 14943.904305966427273, 23928.029028467724856 ], [ 14943.907612046748909, 23928.038268343236268 ], [ 14943.911807873564612, 23928.047139673682977 ], [ 14943.916853038770569, 23928.055557023300935 ], [ 14943.922698954664156, 23928.06343932841628 ], [ 14943.929289321880788, 23928.070710678119212 ], [ 14943.93656067158372, 23928.077301045337663 ], [ 14943.944442976697246, 23928.08314696123125 ], [ 14943.952860326317023, 23928.088192126433569 ], [ 14943.961731656763732, 23928.09238795325291 ], [ 14943.970971532275144, 23928.095694033574546 ], [ 14943.980490967798687, 23928.098078528040787 ], [ 14943.990198285966471, 23928.099518472667114 ], [ 14944.0, 23928.099999999998545 ], [ 14965.95857864376012, 23928.099999999998545 ], [ 14988.9, 23951.04142135623988 ], [ 14988.9, 23974.0 ], [ 14988.900481527332886, 23974.009801714033529 ], [ 14988.901921471959213, 23974.019509032201313 ], [ 14988.904305966427273, 23974.029028467724856 ], [ 14988.907612046748909, 23974.038268343236268 ], [ 14988.911807873564612, 23974.047139673682977 ], [ 14988.916853038770569, 23974.055557023300935 ], [ 14988.922698954664156, 23974.06343932841628 ], [ 14988.929289321880788, 23974.070710678119212 ], [ 15011.929289321880788, 23997.070710678119212 ], [ 15011.930877735403556, 23997.072264185713721 ], [ 15034.929271864568364, 24019.070728135349782 ], [ 15056.927735814284461, 24042.069122264598263 ], [ 15056.929289321880788, 24042.070710678119212 ], [ 15102.929289321880788, 24088.070710678119212 ], [ 15102.930877735403556, 24088.072264185713721 ], [ 15125.929271864568364, 24110.070728135349782 ], [ 15147.927735814284461, 24133.069122264598263 ], [ 15147.929289321880788, 24133.070710678119212 ], [ 15193.929289321880788, 24179.070710678119212 ], [ 15193.930877735403556, 24179.072264185713721 ], [ 15216.929271864568364, 24201.070728135349782 ], [ 15238.927735814284461, 24224.069122264598263 ], [ 15238.929289321880788, 24224.070710678119212 ], [ 15284.929289321880788, 24270.070710678119212 ], [ 15284.930877735403556, 24270.072264185713721 ], [ 15307.929271864568364, 24292.070728135349782 ], [ 15329.927735814284461, 24315.069122264598263 ], [ 15329.929289321880788, 24315.070710678119212 ], [ 15375.929289321880788, 24361.070710678119212 ], [ 15375.930877735403556, 24361.072264185713721 ], [ 15398.929271864568364, 24383.070728135349782 ], [ 15420.927735814284461, 24406.069122264598263 ], [ 15420.929289321880788, 24406.070710678119212 ], [ 15466.929289321880788, 24452.070710678119212 ], [ 15466.930877735403556, 24452.072264185713721 ], [ 15489.929271864568364, 24474.070728135349782 ], [ 15511.927735814284461, 24497.069122264598263 ], [ 15511.929289321880788, 24497.070710678119212 ], [ 15557.929289321880788, 24543.070710678119212 ], [ 15557.930877735403556, 24543.072264185713721 ], [ 15580.929271864568364, 24565.070728135349782 ], [ 15602.927735814284461, 24588.069122264598263 ], [ 15602.929289321880788, 24588.070710678119212 ], [ 15648.929289321880788, 24634.070710678119212 ], [ 15648.930877735403556, 24634.072264185713721 ], [ 15671.929271864568364, 24656.070728135349782 ], [ 15693.927735814284461, 24679.069122264598263 ], [ 15693.929289321880788, 24679.070710678119212 ], [ 15739.929289321880788, 24725.070710678119212 ], [ 15739.930877735403556, 24725.072264185713721 ], [ 15762.929271864568364, 24747.070728135349782 ], [ 15784.927735814284461, 24770.069122264598263 ], [ 15784.929289321880788, 24770.070710678119212 ], [ 15830.9, 24816.04142135623988 ], [ 15830.9, 24838.0 ], [ 15830.900481527332886, 24838.009801714033529 ], [ 15830.901921471959213, 24838.019509032201313 ], [ 15830.904305966427273, 24838.029028467724856 ], [ 15830.907612046748909, 24838.038268343236268 ], [ 15830.911807873564612, 24838.047139673682977 ], [ 15830.916853038770569, 24838.055557023300935 ], [ 15830.922698954664156, 24838.06343932841628 ], [ 15830.929289321880788, 24838.070710678119212 ], [ 15853.928503744626141, 24861.069925100862747 ], [ 15875.927735814284461, 24884.069122264598263 ], [ 15875.929289321880788, 24884.070710678119212 ], [ 15898.929289321880788, 24907.070710678119212 ], [ 15898.930877735403556, 24907.072264185713721 ], [ 15921.930074899053579, 24929.071496255292004 ], [ 15944.928503744626141, 24952.069925100862747 ], [ 15966.927735814284461, 24975.069122264598263 ], [ 15966.929289321880788, 24975.070710678119212 ], [ 15989.929289321880788, 24998.070710678119212 ], [ 15989.930877735403556, 24998.072264185713721 ], [ 16012.9, 25020.042728960543172 ], [ 16012.9, 25042.95857864376012 ], [ 15989.95857864376012, 25065.900000000001455 ], [ 15967.042728960550448, 25065.900000000001455 ], [ 15945.072264185715539, 25042.930877735401737 ], [ 15945.070710678119212, 25042.929289321880788 ], [ 15922.070710678119212, 25019.929289321880788 ], [ 15922.06343932841628, 25019.922698954662337 ], [ 15922.055557023302754, 25019.91685303876875 ], [ 15922.047139673682977, 25019.911807873566431 ], [ 15922.038268343236268, 25019.90761204674709 ], [ 15922.029028467724856, 25019.904305966425454 ], [ 15922.019509032201313, 25019.901921471959213 ], [ 15922.009801714033529, 25019.900481527332886 ], [ 15922.0, 25019.900000000001455 ], [ 15899.040125731480657, 25019.900000000001455 ], [ 15876.070728135431636, 24997.929271864650218 ], [ 15854.072264185715539, 24974.930877735401737 ], [ 15854.064930073833239, 24974.923946824445011 ], [ 15854.05693480028458, 24974.917790338058694 ], [ 15854.048359778316808, 24974.912470965726243 ], [ 15854.039292324570852, 24974.908042872870283 ], [ 15854.029824769955667, 24974.904551149316831 ], [ 15854.020053519479916, 24974.902031350135076 ], [ 15854.010078070585223, 24974.900509133618471 ], [ 15854.0, 24974.900000000001455 ], [ 15831.04142135623988, 24974.900000000001455 ], [ 15785.070710678119212, 24928.929289321880788 ], [ 15785.06343932841628, 24928.922698954662337 ], [ 15785.055557023302754, 24928.91685303876875 ], [ 15785.047139673682977, 24928.911807873566431 ], [ 15785.038268343236268, 24928.90761204674709 ], [ 15785.029028467724856, 24928.904305966425454 ], [ 15785.019509032201313, 24928.901921471959213 ], [ 15785.009801714033529, 24928.900481527332886 ], [ 15785.0, 24928.900000000001455 ], [ 15763.040125731480657, 24928.900000000001455 ], [ 15740.069925100946421, 24906.928503744707996 ], [ 15717.070710678119212, 24883.929289321880788 ], [ 15717.06343932841628, 24883.922698954662337 ], [ 15717.055557023302754, 24883.91685303876875 ], [ 15717.047139673682977, 24883.911807873566431 ], [ 15717.038268343236268, 24883.90761204674709 ], [ 15717.029028467724856, 24883.904305966425454 ], [ 15717.019509032201313, 24883.901921471959213 ], [ 15717.009801714033529, 24883.900481527332886 ], [ 15717.0, 24883.900000000001455 ], [ 15694.042728960550448, 24883.900000000001455 ], [ 15672.072264185715539, 24860.930877735401737 ], [ 15672.070710678119212, 24860.929289321880788 ], [ 15649.070710678119212, 24837.929289321880788 ], [ 15649.06343932841628, 24837.922698954662337 ], [ 15649.055557023302754, 24837.91685303876875 ], [ 15649.047139673682977, 24837.911807873566431 ], [ 15649.038268343236268, 24837.90761204674709 ], [ 15649.029028467724856, 24837.904305966425454 ], [ 15649.019509032201313, 24837.901921471959213 ], [ 15649.009801714033529, 24837.900481527332886 ], [ 15649.0, 24837.900000000001455 ], [ 15626.040125731480657, 24837.900000000001455 ], [ 15603.070728135431636, 24815.929271864650218 ], [ 15581.072264185715539, 24792.930877735401737 ], [ 15581.064930073833239, 24792.923946824445011 ], [ 15581.05693480028458, 24792.917790338058694 ], [ 15581.048359778316808, 24792.912470965726243 ], [ 15581.039292324570852, 24792.908042872870283 ], [ 15581.029824769955667, 24792.904551149316831 ], [ 15581.020053519479916, 24792.902031350135076 ], [ 15581.010078070585223, 24792.900509133618471 ], [ 15581.0, 24792.900000000001455 ], [ 15558.04142135623988, 24792.900000000001455 ], [ 15512.070710678119212, 24746.929289321880788 ], [ 15512.06343932841628, 24746.922698954662337 ], [ 15512.055557023302754, 24746.91685303876875 ], [ 15512.047139673682977, 24746.911807873566431 ], [ 15512.038268343236268, 24746.90761204674709 ], [ 15512.029028467724856, 24746.904305966425454 ], [ 15512.019509032201313, 24746.901921471959213 ], [ 15512.009801714033529, 24746.900481527332886 ], [ 15512.0, 24746.900000000001455 ], [ 15490.040125731480657, 24746.900000000001455 ], [ 15467.069925100946421, 24724.928503744707996 ], [ 15444.070710678119212, 24701.929289321880788 ], [ 15444.06343932841628, 24701.922698954662337 ], [ 15444.055557023302754, 24701.91685303876875 ], [ 15444.047139673682977, 24701.911807873566431 ], [ 15444.038268343236268, 24701.90761204674709 ], [ 15444.029028467724856, 24701.904305966425454 ], [ 15444.019509032201313, 24701.901921471959213 ], [ 15444.009801714033529, 24701.900481527332886 ], [ 15444.0, 24701.900000000001455 ], [ 15421.042728960550448, 24701.900000000001455 ], [ 15399.072264185715539, 24678.930877735401737 ], [ 15399.070710678119212, 24678.929289321880788 ], [ 15376.070710678119212, 24655.929289321880788 ], [ 15376.06343932841628, 24655.922698954662337 ], [ 15376.055557023302754, 24655.91685303876875 ], [ 15376.047139673682977, 24655.911807873566431 ], [ 15376.038268343236268, 24655.90761204674709 ], [ 15376.029028467724856, 24655.904305966425454 ], [ 15376.019509032201313, 24655.901921471959213 ], [ 15376.009801714033529, 24655.900481527332886 ], [ 15376.0, 24655.900000000001455 ], [ 15353.040125731480657, 24655.900000000001455 ], [ 15330.070728135431636, 24633.929271864650218 ], [ 15308.072264185715539, 24610.930877735401737 ], [ 15308.064930073833239, 24610.923946824445011 ], [ 15308.05693480028458, 24610.917790338058694 ], [ 15308.048359778316808, 24610.912470965726243 ], [ 15308.039292324570852, 24610.908042872870283 ], [ 15308.029824769955667, 24610.904551149316831 ], [ 15308.020053519479916, 24610.902031350135076 ], [ 15308.010078070585223, 24610.900509133618471 ], [ 15308.0, 24610.900000000001455 ], [ 15285.04142135623988, 24610.900000000001455 ], [ 15239.070710678119212, 24564.929289321880788 ], [ 15239.06343932841628, 24564.922698954662337 ], [ 15239.055557023302754, 24564.91685303876875 ], [ 15239.047139673682977, 24564.911807873566431 ], [ 15239.038268343236268, 24564.90761204674709 ], [ 15239.029028467724856, 24564.904305966425454 ], [ 15239.019509032201313, 24564.901921471959213 ], [ 15239.009801714033529, 24564.900481527332886 ], [ 15239.0, 24564.900000000001455 ], [ 15217.040125731480657, 24564.900000000001455 ], [ 15194.069122264596444, 24542.927735814286279 ], [ 15194.061924606099637, 24542.921480300818075 ], [ 15194.05416381924806, 24542.915938827725768 ], [ 15194.045910478886071, 24542.911161787902529 ], [ 15194.03723963901939, 24542.907192622675211 ], [ 15194.028230150304807, 24542.904067426730762 ], [ 15194.018963942991832, 24542.901814619894139 ], [ 15194.00952528187554, 24542.900454688682657 ], [ 15194.0, 24542.900000000001455 ], [ 15171.04142135623988, 24542.900000000001455 ], [ 15148.071496255373859, 24519.930074899137253 ], [ 15126.072264185715539, 24496.930877735401737 ], [ 15126.064930073833239, 24496.923946824445011 ], [ 15126.05693480028458, 24496.917790338058694 ], [ 15126.048359778316808, 24496.912470965726243 ], [ 15126.039292324570852, 24496.908042872870283 ], [ 15126.029824769955667, 24496.904551149316831 ], [ 15126.020053519479916, 24496.902031350135076 ], [ 15126.010078070585223, 24496.900509133618471 ], [ 15126.0, 24496.900000000001455 ], [ 15103.04142135623988, 24496.900000000001455 ], [ 15080.070710678119212, 24473.929289321880788 ], [ 15080.06343932841628, 24473.922698954662337 ], [ 15080.055557023302754, 24473.91685303876875 ], [ 15080.047139673682977, 24473.911807873566431 ], [ 15080.038268343236268, 24473.90761204674709 ], [ 15080.029028467724856, 24473.904305966425454 ], [ 15080.019509032201313, 24473.901921471959213 ], [ 15080.009801714033529, 24473.900481527332886 ], [ 15080.0, 24473.900000000001455 ], [ 15057.04142135623988, 24473.900000000001455 ], [ 14989.070710678119212, 24405.929289321880788 ], [ 14989.06343932841628, 24405.922698954662337 ], [ 14989.055557023302754, 24405.91685303876875 ], [ 14989.047139673682977, 24405.911807873566431 ], [ 14989.038268343236268, 24405.90761204674709 ], [ 14989.029028467724856, 24405.904305966425454 ], [ 14989.019509032201313, 24405.901921471959213 ], [ 14989.009801714033529, 24405.900481527332886 ], [ 14989.0, 24405.900000000001455 ], [ 14966.042728960550448, 24405.900000000001455 ], [ 14944.072264185715539, 24382.930877735401737 ], [ 14944.069122264596444, 24382.927735814286279 ], [ 14921.069122264596444, 24360.927735814286279 ], [ 14921.061924606099637, 24360.921480300818075 ], [ 14921.05416381924806, 24360.915938827725768 ], [ 14921.045910478886071, 24360.911161787902529 ], [ 14921.03723963901939, 24360.907192622675211 ], [ 14921.028230150304807, 24360.904067426730762 ], [ 14921.018963942991832, 24360.901814619894139 ], [ 14921.00952528187554, 24360.900454688682657 ], [ 14921.0, 24360.900000000001455 ], [ 14898.04142135623988, 24360.900000000001455 ], [ 14875.071496255373859, 24337.930074899137253 ], [ 14853.072264185715539, 24314.930877735401737 ], [ 14853.064930073833239, 24314.923946824445011 ], [ 14853.05693480028458, 24314.917790338058694 ], [ 14853.048359778316808, 24314.912470965726243 ], [ 14853.039292324570852, 24314.908042872870283 ], [ 14853.029824769955667, 24314.904551149316831 ], [ 14853.020053519479916, 24314.902031350135076 ], [ 14853.010078070585223, 24314.900509133618471 ], [ 14853.0, 24314.900000000001455 ], [ 14830.04142135623988, 24314.900000000001455 ], [ 14807.070710678119212, 24291.929289321880788 ], [ 14807.069122264596444, 24291.927735814286279 ], [ 14784.069122264596444, 24269.927735814286279 ], [ 14784.061924606099637, 24269.921480300818075 ], [ 14784.05416381924806, 24269.915938827725768 ], [ 14784.045910478886071, 24269.911161787902529 ], [ 14784.03723963901939, 24269.907192622675211 ], [ 14784.028230150304807, 24269.904067426730762 ], [ 14784.018963942991832, 24269.901814619894139 ], [ 14784.00952528187554, 24269.900454688682657 ], [ 14784.0, 24269.900000000001455 ], [ 14762.04142135623988, 24269.900000000001455 ], [ 14739.070710678119212, 24246.929289321880788 ], [ 14739.06343932841628, 24246.922698954662337 ], [ 14739.055557023302754, 24246.91685303876875 ], [ 14739.047139673682977, 24246.911807873566431 ], [ 14739.038268343236268, 24246.90761204674709 ], [ 14739.029028467724856, 24246.904305966425454 ], [ 14739.019509032201313, 24246.901921471959213 ], [ 14739.009801714033529, 24246.900481527332886 ], [ 14739.0, 24246.900000000001455 ], [ 14716.042728960550448, 24246.900000000001455 ], [ 14694.072264185715539, 24223.930877735401737 ], [ 14694.070710678119212, 24223.929289321880788 ], [ 14671.070710678119212, 24200.929289321880788 ], [ 14671.06343932841628, 24200.922698954662337 ], [ 14671.055557023302754, 24200.91685303876875 ], [ 14671.047139673682977, 24200.911807873566431 ], [ 14671.038268343236268, 24200.90761204674709 ], [ 14671.029028467724856, 24200.904305966425454 ], [ 14671.019509032201313, 24200.901921471959213 ], [ 14671.009801714033529, 24200.900481527332886 ], [ 14671.0, 24200.900000000001455 ], [ 14648.040125731480657, 24200.900000000001455 ], [ 14625.070728135431636, 24178.929271864650218 ], [ 14603.072264185715539, 24155.930877735401737 ], [ 14603.064930073833239, 24155.923946824445011 ], [ 14603.05693480028458, 24155.917790338058694 ], [ 14603.048359778316808, 24155.912470965726243 ], [ 14603.039292324570852, 24155.908042872870283 ], [ 14603.029824769955667, 24155.904551149316831 ], [ 14603.020053519479916, 24155.902031350135076 ], [ 14603.010078070585223, 24155.900509133618471 ], [ 14603.0, 24155.900000000001455 ], [ 14580.04142135623988, 24155.900000000001455 ], [ 14534.070710678119212, 24109.929289321880788 ], [ 14534.06343932841628, 24109.922698954662337 ], [ 14534.055557023302754, 24109.91685303876875 ], [ 14534.047139673682977, 24109.911807873566431 ], [ 14534.038268343236268, 24109.90761204674709 ], [ 14534.029028467724856, 24109.904305966425454 ], [ 14534.019509032201313, 24109.901921471959213 ], [ 14534.009801714033529, 24109.900481527332886 ], [ 14534.0, 24109.900000000001455 ], [ 14512.040125731480657, 24109.900000000001455 ], [ 14489.069122264596444, 24087.927735814286279 ], [ 14489.061924606099637, 24087.921480300818075 ], [ 14489.05416381924806, 24087.915938827725768 ], [ 14489.045910478886071, 24087.911161787902529 ], [ 14489.03723963901939, 24087.907192622675211 ], [ 14489.028230150304807, 24087.904067426730762 ], [ 14489.018963942991832, 24087.901814619894139 ], [ 14489.00952528187554, 24087.900454688682657 ], [ 14489.0, 24087.900000000001455 ], [ 14466.04142135623988, 24087.900000000001455 ], [ 14443.071496255373859, 24064.930074899137253 ], [ 14421.072264185715539, 24041.930877735401737 ], [ 14421.064930073833239, 24041.923946824445011 ], [ 14421.05693480028458, 24041.917790338058694 ], [ 14421.048359778316808, 24041.912470965726243 ], [ 14421.039292324570852, 24041.908042872870283 ], [ 14421.029824769955667, 24041.904551149316831 ], [ 14421.020053519479916, 24041.902031350135076 ], [ 14421.010078070585223, 24041.900509133618471 ], [ 14421.0, 24041.900000000001455 ], [ 14398.04142135623988, 24041.900000000001455 ], [ 14375.070710678119212, 24018.929289321880788 ], [ 14375.069122264596444, 24018.927735814286279 ], [ 14352.069122264596444, 23996.927735814286279 ], [ 14352.061924606099637, 23996.921480300818075 ], [ 14352.05416381924806, 23996.915938827725768 ], [ 14352.045910478886071, 23996.911161787902529 ], [ 14352.03723963901939, 23996.907192622675211 ], [ 14352.028230150304807, 23996.904067426730762 ], [ 14352.018963942991832, 23996.901814619894139 ], [ 14352.00952528187554, 23996.900454688682657 ], [ 14352.0, 23996.900000000001455 ], [ 14330.04142135623988, 23996.900000000001455 ], [ 14307.070710678119212, 23973.929289321880788 ], [ 14307.06343932841628, 23973.922698954662337 ], [ 14307.055557023302754, 23973.91685303876875 ], [ 14307.047139673682977, 23973.911807873566431 ], [ 14307.038268343236268, 23973.90761204674709 ], [ 14307.029028467724856, 23973.904305966425454 ], [ 14307.019509032201313, 23973.901921471959213 ], [ 14307.009801714033529, 23973.900481527332886 ], [ 14307.0, 23973.900000000001455 ], [ 14284.04142135623988, 23973.900000000001455 ], [ 14261.070710678119212, 23950.929289321880788 ], [ 14261.06343932841628, 23950.922698954662337 ], [ 14261.055557023302754, 23950.91685303876875 ], [ 14261.047139673682977, 23950.911807873566431 ], [ 14261.038268343236268, 23950.90761204674709 ], [ 14261.029028467724856, 23950.904305966425454 ], [ 14261.019509032201313, 23950.901921471959213 ], [ 14261.009801714033529, 23950.900481527332886 ], [ 14261.0, 23950.900000000001455 ], [ 14239.04142135623988, 23950.900000000001455 ], [ 14216.070710678119212, 23927.929289321880788 ], [ 14216.06343932841628, 23927.922698954662337 ], [ 14216.055557023302754, 23927.91685303876875 ], [ 14216.047139673682977, 23927.911807873566431 ], [ 14216.038268343236268, 23927.90761204674709 ], [ 14216.029028467724856, 23927.904305966425454 ], [ 14216.019509032201313, 23927.901921471959213 ], [ 14216.009801714033529, 23927.900481527332886 ], [ 14216.0, 23927.900000000001455 ], [ 14193.040125731480657, 23927.900000000001455 ], [ 14170.070728135431636, 23905.929271864650218 ], [ 14148.072264185715539, 23882.930877735401737 ], [ 14148.064930073833239, 23882.923946824445011 ], [ 14148.05693480028458, 23882.917790338058694 ], [ 14148.048359778316808, 23882.912470965726243 ], [ 14148.039292324570852, 23882.908042872870283 ], [ 14148.029824769955667, 23882.904551149316831 ], [ 14148.020053519479916, 23882.902031350135076 ], [ 14148.010078070585223, 23882.900509133618471 ], [ 14148.0, 23882.900000000001455 ], [ 14125.04142135623988, 23882.900000000001455 ], [ 14102.070710678119212, 23859.929289321880788 ], [ 14102.06343932841628, 23859.922698954662337 ], [ 14102.055557023302754, 23859.91685303876875 ], [ 14102.047139673682977, 23859.911807873566431 ], [ 14102.038268343236268, 23859.90761204674709 ], [ 14102.029028467724856, 23859.904305966425454 ], [ 14102.019509032201313, 23859.901921471959213 ], [ 14102.009801714033529, 23859.900481527332886 ], [ 14102.0, 23859.900000000001455 ], [ 14079.042728960550448, 23859.900000000001455 ], [ 14057.072264185715539, 23836.930877735401737 ], [ 14057.064930073833239, 23836.923946824445011 ], [ 14057.05693480028458, 23836.917790338058694 ], [ 14057.048359778316808, 23836.912470965726243 ], [ 14057.039292324570852, 23836.908042872870283 ], [ 14057.029824769955667, 23836.904551149316831 ], [ 14057.020053519479916, 23836.902031350135076 ], [ 14057.010078070585223, 23836.900509133618471 ], [ 14057.0, 23836.900000000001455 ], [ 14034.040125731480657, 23836.900000000001455 ], [ 14011.069122264596444, 23814.927735814286279 ], [ 14011.061924606099637, 23814.921480300818075 ], [ 14011.05416381924806, 23814.915938827725768 ], [ 14011.045910478886071, 23814.911161787902529 ], [ 14011.03723963901939, 23814.907192622675211 ], [ 14011.028230150304807, 23814.904067426730762 ], [ 14011.018963942991832, 23814.901814619894139 ], [ 14011.00952528187554, 23814.900454688682657 ], [ 14011.0, 23814.900000000001455 ], [ 13988.042728960550448, 23814.900000000001455 ], [ 13966.072264185715539, 23791.930877735401737 ], [ 13966.064930073833239, 23791.923946824445011 ], [ 13966.05693480028458, 23791.917790338058694 ], [ 13966.048359778316808, 23791.912470965726243 ], [ 13966.039292324570852, 23791.908042872870283 ], [ 13966.029824769955667, 23791.904551149316831 ], [ 13966.020053519479916, 23791.902031350135076 ], [ 13966.010078070585223, 23791.900509133618471 ], [ 13966.0, 23791.900000000001455 ], [ 13943.04142135623988, 23791.900000000001455 ], [ 13897.070710678119212, 23745.929289321880788 ], [ 13897.06343932841628, 23745.922698954662337 ], [ 13897.055557023302754, 23745.91685303876875 ], [ 13897.047139673682977, 23745.911807873566431 ], [ 13897.038268343236268, 23745.90761204674709 ], [ 13897.029028467724856, 23745.904305966425454 ], [ 13897.019509032201313, 23745.901921471959213 ], [ 13897.009801714033529, 23745.900481527332886 ], [ 13897.0, 23745.900000000001455 ], [ 13875.040125731480657, 23745.900000000001455 ], [ 13852.069122264596444, 23723.927735814286279 ], [ 13852.061924606099637, 23723.921480300818075 ], [ 13852.05416381924806, 23723.915938827725768 ], [ 13852.045910478886071, 23723.911161787902529 ], [ 13852.03723963901939, 23723.907192622675211 ], [ 13852.028230150304807, 23723.904067426730762 ], [ 13852.018963942991832, 23723.901814619894139 ], [ 13852.00952528187554, 23723.900454688682657 ], [ 13852.0, 23723.900000000001455 ], [ 13829.04142135623988, 23723.900000000001455 ], [ 13806.070710678119212, 23700.929289321880788 ], [ 13806.06343932841628, 23700.922698954662337 ], [ 13806.055557023302754, 23700.91685303876875 ], [ 13806.047139673682977, 23700.911807873566431 ], [ 13806.038268343236268, 23700.90761204674709 ], [ 13806.029028467724856, 23700.904305966425454 ], [ 13806.019509032201313, 23700.901921471959213 ], [ 13806.009801714033529, 23700.900481527332886 ], [ 13806.0, 23700.900000000001455 ], [ 13784.04142135623988, 23700.900000000001455 ], [ 13761.070710678119212, 23677.929289321880788 ], [ 13761.06343932841628, 23677.922698954662337 ], [ 13761.055557023302754, 23677.91685303876875 ], [ 13761.047139673682977, 23677.911807873566431 ], [ 13761.038268343236268, 23677.90761204674709 ], [ 13761.029028467724856, 23677.904305966425454 ], [ 13761.019509032201313, 23677.901921471959213 ], [ 13761.009801714033529, 23677.900481527332886 ], [ 13761.0, 23677.900000000001455 ], [ 13738.04142135623988, 23677.900000000001455 ], [ 13715.070710678119212, 23654.929289321880788 ], [ 13715.06343932841628, 23654.922698954662337 ], [ 13715.055557023302754, 23654.91685303876875 ], [ 13715.047139673682977, 23654.911807873566431 ], [ 13715.038268343236268, 23654.90761204674709 ], [ 13715.029028467724856, 23654.904305966425454 ], [ 13715.019509032201313, 23654.901921471959213 ], [ 13715.009801714033529, 23654.900481527332886 ], [ 13715.0, 23654.900000000001455 ], [ 13693.040125731480657, 23654.900000000001455 ], [ 13670.069122264596444, 23632.927735814286279 ], [ 13670.061924606099637, 23632.921480300818075 ], [ 13670.05416381924806, 23632.915938827725768 ], [ 13670.045910478886071, 23632.911161787902529 ], [ 13670.03723963901939, 23632.907192622675211 ], [ 13670.028230150304807, 23632.904067426730762 ], [ 13670.018963942991832, 23632.901814619894139 ], [ 13670.00952528187554, 23632.900454688682657 ], [ 13670.0, 23632.900000000001455 ], [ 13647.04142135623988, 23632.900000000001455 ], [ 13624.070710678119212, 23609.929289321880788 ], [ 13624.06343932841628, 23609.922698954662337 ], [ 13624.055557023302754, 23609.91685303876875 ], [ 13624.047139673682977, 23609.911807873566431 ], [ 13624.038268343236268, 23609.90761204674709 ], [ 13624.029028467724856, 23609.904305966425454 ], [ 13624.019509032201313, 23609.901921471959213 ], [ 13624.009801714033529, 23609.900481527332886 ], [ 13624.0, 23609.900000000001455 ], [ 13579.04142135623988, 23609.900000000001455 ], [ 13556.070710678119212, 23586.929289321880788 ], [ 13556.06343932841628, 23586.922698954662337 ], [ 13556.055557023302754, 23586.91685303876875 ], [ 13556.047139673682977, 23586.911807873566431 ], [ 13556.038268343236268, 23586.90761204674709 ], [ 13556.029028467724856, 23586.904305966425454 ], [ 13556.019509032201313, 23586.901921471959213 ], [ 13556.009801714033529, 23586.900481527332886 ], [ 13556.0, 23586.900000000001455 ], [ 13533.042728960550448, 23586.900000000001455 ], [ 13511.072264185715539, 23563.930877735401737 ], [ 13511.064930073833239, 23563.923946824445011 ], [ 13511.05693480028458, 23563.917790338058694 ], [ 13511.048359778316808, 23563.912470965726243 ], [ 13511.039292324570852, 23563.908042872870283 ], [ 13511.029824769955667, 23563.904551149316831 ], [ 13511.020053519479916, 23563.902031350135076 ], [ 13511.010078070585223, 23563.900509133618471 ], [ 13511.0, 23563.900000000001455 ], [ 13465.040125731480657, 23563.900000000001455 ], [ 13442.070728135431636, 23541.929271864650218 ], [ 13420.072264185715539, 23518.930877735401737 ], [ 13420.064930073833239, 23518.923946824445011 ], [ 13420.05693480028458, 23518.917790338058694 ], [ 13420.048359778316808, 23518.912470965726243 ], [ 13420.039292324570852, 23518.908042872870283 ], [ 13420.029824769955667, 23518.904551149316831 ], [ 13420.020053519479916, 23518.902031350135076 ], [ 13420.010078070585223, 23518.900509133618471 ], [ 13420.0, 23518.900000000001455 ], [ 13397.04142135623988, 23518.900000000001455 ], [ 13374.070710678119212, 23495.929289321880788 ], [ 13374.069122264596444, 23495.927735814286279 ], [ 13351.069122264596444, 23473.927735814286279 ], [ 13351.061924606099637, 23473.921480300818075 ], [ 13351.05416381924806, 23473.915938827725768 ], [ 13351.045910478886071, 23473.911161787902529 ], [ 13351.03723963901939, 23473.907192622675211 ], [ 13351.028230150304807, 23473.904067426730762 ], [ 13351.018963942991832, 23473.901814619894139 ], [ 13351.00952528187554, 23473.900454688682657 ], [ 13351.0, 23473.900000000001455 ], [ 13329.04142135623988, 23473.900000000001455 ], [ 13283.070710678119212, 23427.929289321880788 ], [ 13283.06343932841628, 23427.922698954662337 ], [ 13283.055557023302754, 23427.91685303876875 ], [ 13283.047139673682977, 23427.911807873566431 ], [ 13283.038268343236268, 23427.90761204674709 ], [ 13283.029028467724856, 23427.904305966425454 ], [ 13283.019509032201313, 23427.901921471959213 ], [ 13283.009801714033529, 23427.900481527332886 ], [ 13283.0, 23427.900000000001455 ], [ 13260.042728960550448, 23427.900000000001455 ], [ 13238.072264185715539, 23404.930877735401737 ], [ 13238.069122264596444, 23404.927735814286279 ], [ 13215.069122264596444, 23382.927735814286279 ], [ 13215.061924606099637, 23382.921480300818075 ], [ 13215.05416381924806, 23382.915938827725768 ], [ 13215.045910478886071, 23382.911161787902529 ], [ 13215.03723963901939, 23382.907192622675211 ], [ 13215.028230150304807, 23382.904067426730762 ], [ 13215.018963942991832, 23382.901814619894139 ], [ 13215.00952528187554, 23382.900454688682657 ], [ 13215.0, 23382.900000000001455 ], [ 13192.042728960550448, 23382.900000000001455 ], [ 13170.072264185715539, 23359.930877735401737 ], [ 13170.064930073833239, 23359.923946824445011 ], [ 13170.05693480028458, 23359.917790338058694 ], [ 13170.048359778316808, 23359.912470965726243 ], [ 13170.039292324570852, 23359.908042872870283 ], [ 13170.029824769955667, 23359.904551149316831 ], [ 13170.020053519479916, 23359.902031350135076 ], [ 13170.010078070585223, 23359.900509133618471 ], [ 13170.0, 23359.900000000001455 ], [ 13147.04142135623988, 23359.900000000001455 ], [ 13101.070710678119212, 23313.929289321880788 ], [ 13101.06343932841628, 23313.922698954662337 ], [ 13101.055557023302754, 23313.91685303876875 ], [ 13101.047139673682977, 23313.911807873566431 ], [ 13101.038268343236268, 23313.90761204674709 ], [ 13101.029028467724856, 23313.904305966425454 ], [ 13101.019509032201313, 23313.901921471959213 ], [ 13101.009801714033529, 23313.900481527332886 ], [ 13101.0, 23313.900000000001455 ], [ 13079.040125731480657, 23313.900000000001455 ], [ 13056.069122264596444, 23291.927735814286279 ], [ 13056.061924606099637, 23291.921480300818075 ], [ 13056.05416381924806, 23291.915938827725768 ], [ 13056.045910478886071, 23291.911161787902529 ], [ 13056.03723963901939, 23291.907192622675211 ], [ 13056.028230150304807, 23291.904067426730762 ], [ 13056.018963942991832, 23291.901814619894139 ], [ 13056.00952528187554, 23291.900454688682657 ], [ 13056.0, 23291.900000000001455 ], [ 13033.04142135623988, 23291.900000000001455 ], [ 13010.070710678119212, 23268.929289321880788 ], [ 13010.06343932841628, 23268.922698954662337 ], [ 13010.055557023302754, 23268.91685303876875 ], [ 13010.047139673682977, 23268.911807873566431 ], [ 13010.038268343236268, 23268.90761204674709 ], [ 13010.029028467724856, 23268.904305966425454 ], [ 13010.019509032201313, 23268.901921471959213 ], [ 13010.009801714033529, 23268.900481527332886 ], [ 13010.0, 23268.900000000001455 ], [ 12988.04142135623988, 23268.900000000001455 ], [ 12965.070710678119212, 23245.929289321880788 ], [ 12965.06343932841628, 23245.922698954662337 ], [ 12965.055557023302754, 23245.91685303876875 ], [ 12965.047139673682977, 23245.911807873566431 ], [ 12965.038268343236268, 23245.90761204674709 ], [ 12965.029028467724856, 23245.904305966425454 ], [ 12965.019509032201313, 23245.901921471959213 ], [ 12965.009801714033529, 23245.900481527332886 ], [ 12965.0, 23245.900000000001455 ], [ 12942.04142135623988, 23245.900000000001455 ], [ 12919.070710678119212, 23222.929289321880788 ], [ 12919.06343932841628, 23222.922698954662337 ], [ 12919.055557023302754, 23222.91685303876875 ], [ 12919.047139673682977, 23222.911807873566431 ], [ 12919.038268343236268, 23222.90761204674709 ], [ 12919.029028467724856, 23222.904305966425454 ], [ 12919.019509032201313, 23222.901921471959213 ], [ 12919.009801714033529, 23222.900481527332886 ], [ 12919.0, 23222.900000000001455 ], [ 12897.040125731480657, 23222.900000000001455 ], [ 12874.069122264596444, 23200.927735814286279 ], [ 12874.061924606099637, 23200.921480300818075 ], [ 12874.05416381924806, 23200.915938827725768 ], [ 12874.045910478886071, 23200.911161787902529 ], [ 12874.03723963901939, 23200.907192622675211 ], [ 12874.028230150304807, 23200.904067426730762 ], [ 12874.018963942991832, 23200.901814619894139 ], [ 12874.00952528187554, 23200.900454688682657 ], [ 12874.0, 23200.900000000001455 ], [ 12851.04142135623988, 23200.900000000001455 ], [ 12828.070710678119212, 23177.929289321880788 ], [ 12828.06343932841628, 23177.922698954662337 ], [ 12828.055557023302754, 23177.91685303876875 ], [ 12828.047139673682977, 23177.911807873566431 ], [ 12828.038268343236268, 23177.90761204674709 ], [ 12828.029028467724856, 23177.904305966425454 ], [ 12828.019509032201313, 23177.901921471959213 ], [ 12828.009801714033529, 23177.900481527332886 ], [ 12828.0, 23177.900000000001455 ], [ 12806.04142135623988, 23177.900000000001455 ], [ 12783.070710678119212, 23154.929289321880788 ], [ 12783.06343932841628, 23154.922698954662337 ], [ 12783.055557023302754, 23154.91685303876875 ], [ 12783.047139673682977, 23154.911807873566431 ], [ 12783.038268343236268, 23154.90761204674709 ], [ 12783.029028467724856, 23154.904305966425454 ], [ 12783.019509032201313, 23154.901921471959213 ], [ 12783.009801714033529, 23154.900481527332886 ], [ 12783.0, 23154.900000000001455 ], [ 12760.04142135623988, 23154.900000000001455 ], [ 12737.070710678119212, 23131.929289321880788 ], [ 12737.06343932841628, 23131.922698954662337 ], [ 12737.055557023302754, 23131.91685303876875 ], [ 12737.047139673682977, 23131.911807873566431 ], [ 12737.038268343236268, 23131.90761204674709 ], [ 12737.029028467724856, 23131.904305966425454 ], [ 12737.019509032201313, 23131.901921471959213 ], [ 12737.009801714033529, 23131.900481527332886 ], [ 12737.0, 23131.900000000001455 ], [ 12715.040125731480657, 23131.900000000001455 ], [ 12692.069122264596444, 23109.927735814286279 ], [ 12692.061924606099637, 23109.921480300818075 ], [ 12692.05416381924806, 23109.915938827725768 ], [ 12692.045910478886071, 23109.911161787902529 ], [ 12692.03723963901939, 23109.907192622675211 ], [ 12692.028230150304807, 23109.904067426730762 ], [ 12692.018963942991832, 23109.901814619894139 ], [ 12692.00952528187554, 23109.900454688682657 ], [ 12692.0, 23109.900000000001455 ], [ 12669.04142135623988, 23109.900000000001455 ], [ 12646.070710678119212, 23086.929289321880788 ], [ 12646.06343932841628, 23086.922698954662337 ], [ 12646.055557023302754, 23086.91685303876875 ], [ 12646.047139673682977, 23086.911807873566431 ], [ 12646.038268343236268, 23086.90761204674709 ], [ 12646.029028467724856, 23086.904305966425454 ], [ 12646.019509032201313, 23086.901921471959213 ], [ 12646.009801714033529, 23086.900481527332886 ], [ 12646.0, 23086.900000000001455 ], [ 12624.04142135623988, 23086.900000000001455 ], [ 12601.070710678119212, 23063.929289321880788 ], [ 12601.06343932841628, 23063.922698954662337 ], [ 12601.055557023302754, 23063.91685303876875 ], [ 12601.047139673682977, 23063.911807873566431 ], [ 12601.038268343236268, 23063.90761204674709 ], [ 12601.029028467724856, 23063.904305966425454 ], [ 12601.019509032201313, 23063.901921471959213 ], [ 12601.009801714033529, 23063.900481527332886 ], [ 12601.0, 23063.900000000001455 ], [ 12578.04142135623988, 23063.900000000001455 ], [ 12555.070710678119212, 23040.929289321880788 ], [ 12555.06343932841628, 23040.922698954662337 ], [ 12555.055557023302754, 23040.91685303876875 ], [ 12555.047139673682977, 23040.911807873566431 ], [ 12555.038268343236268, 23040.90761204674709 ], [ 12555.029028467724856, 23040.904305966425454 ], [ 12555.019509032201313, 23040.901921471959213 ], [ 12555.009801714033529, 23040.900481527332886 ], [ 12555.0, 23040.900000000001455 ], [ 12533.040125731480657, 23040.900000000001455 ], [ 12510.069122264596444, 23018.927735814286279 ], [ 12510.061924606099637, 23018.921480300818075 ], [ 12510.05416381924806, 23018.915938827725768 ], [ 12510.045910478886071, 23018.911161787902529 ], [ 12510.03723963901939, 23018.907192622675211 ], [ 12510.028230150304807, 23018.904067426730762 ], [ 12510.018963942991832, 23018.901814619894139 ], [ 12510.00952528187554, 23018.900454688682657 ], [ 12510.0, 23018.900000000001455 ], [ 12487.04142135623988, 23018.900000000001455 ], [ 12464.070710678119212, 22995.929289321880788 ], [ 12464.06343932841628, 22995.922698954662337 ], [ 12464.055557023302754, 22995.91685303876875 ], [ 12464.047139673682977, 22995.911807873566431 ], [ 12464.038268343236268, 22995.90761204674709 ], [ 12464.029028467724856, 22995.904305966425454 ], [ 12464.019509032201313, 22995.901921471959213 ], [ 12464.009801714033529, 22995.900481527332886 ], [ 12464.0, 22995.900000000001455 ], [ 12442.04142135623988, 22995.900000000001455 ], [ 12419.070710678119212, 22972.929289321880788 ], [ 12419.06343932841628, 22972.922698954662337 ], [ 12419.055557023302754, 22972.91685303876875 ], [ 12419.047139673682977, 22972.911807873566431 ], [ 12419.038268343236268, 22972.90761204674709 ], [ 12419.029028467724856, 22972.904305966425454 ], [ 12419.019509032201313, 22972.901921471959213 ], [ 12419.009801714033529, 22972.900481527332886 ], [ 12419.0, 22972.900000000001455 ], [ 12396.04142135623988, 22972.900000000001455 ], [ 12373.070710678119212, 22949.929289321880788 ], [ 12373.06343932841628, 22949.922698954662337 ], [ 12373.055557023302754, 22949.91685303876875 ], [ 12373.047139673682977, 22949.911807873566431 ], [ 12373.038268343236268, 22949.90761204674709 ], [ 12373.029028467724856, 22949.904305966425454 ], [ 12373.019509032201313, 22949.901921471959213 ], [ 12373.009801714033529, 22949.900481527332886 ], [ 12373.0, 22949.900000000001455 ], [ 12351.040125731480657, 22949.900000000001455 ], [ 12328.069122264596444, 22927.927735814286279 ], [ 12328.061924606099637, 22927.921480300818075 ], [ 12328.05416381924806, 22927.915938827725768 ], [ 12328.045910478886071, 22927.911161787902529 ], [ 12328.03723963901939, 22927.907192622675211 ], [ 12328.028230150304807, 22927.904067426730762 ], [ 12328.018963942991832, 22927.901814619894139 ], [ 12328.00952528187554, 22927.900454688682657 ], [ 12328.0, 22927.900000000001455 ], [ 12282.042728960550448, 22927.900000000001455 ], [ 12260.072264185715539, 22904.930877735401737 ], [ 12260.064930073833239, 22904.923946824445011 ], [ 12260.05693480028458, 22904.917790338058694 ], [ 12260.048359778316808, 22904.912470965726243 ], [ 12260.039292324570852, 22904.908042872870283 ], [ 12260.029824769955667, 22904.904551149316831 ], [ 12260.020053519479916, 22904.902031350135076 ], [ 12260.010078070585223, 22904.900509133618471 ], [ 12260.0, 22904.900000000001455 ], [ 12191.042728960550448, 22904.900000000001455 ], [ 12169.1, 22881.959874268519343 ], [ 12169.1, 22859.0 ], [ 12169.099518472667114, 22858.990198285966471 ], [ 12169.098078528040787, 22858.980490967798687 ], [ 12169.095694033572727, 22858.970971532275144 ], [ 12169.092387953251091, 22858.961731656763732 ], [ 12169.088192126435388, 22858.952860326317023 ], [ 12169.083146961229431, 22858.944442976699065 ], [ 12169.077301045335844, 22858.93656067158372 ], [ 12169.070710678119212, 22858.929289321880788 ], [ 12169.06343932841628, 22858.922698954662337 ], [ 12169.055557023302754, 22858.91685303876875 ], [ 12169.047139673682977, 22858.911807873566431 ], [ 12169.038268343236268, 22858.90761204674709 ], [ 12169.029028467724856, 22858.904305966425454 ], [ 12169.019509032201313, 22858.901921471959213 ], [ 12169.009801714033529, 22858.900481527332886 ], [ 12169.0, 22858.900000000001455 ], [ 12146.040125731480657, 22858.900000000001455 ], [ 12123.069122264596444, 22836.927735814286279 ], [ 12123.061924606099637, 22836.921480300818075 ], [ 12123.05416381924806, 22836.915938827725768 ], [ 12123.045910478886071, 22836.911161787902529 ], [ 12123.03723963901939, 22836.907192622675211 ], [ 12123.028230150304807, 22836.904067426730762 ], [ 12123.018963942991832, 22836.901814619894139 ], [ 12123.00952528187554, 22836.900454688682657 ], [ 12123.0, 22836.900000000001455 ], [ 12100.042728960550448, 22836.900000000001455 ], [ 12078.072264185715539, 22813.930877735401737 ], [ 12078.064930073833239, 22813.923946824445011 ], [ 12078.05693480028458, 22813.917790338058694 ], [ 12078.048359778316808, 22813.912470965726243 ], [ 12078.039292324570852, 22813.908042872870283 ], [ 12078.029824769955667, 22813.904551149316831 ], [ 12078.020053519479916, 22813.902031350135076 ], [ 12078.010078070585223, 22813.900509133618471 ], [ 12078.0, 22813.900000000001455 ], [ 12055.04142135623988, 22813.900000000001455 ], [ 12032.070710678119212, 22790.929289321880788 ], [ 12032.06343932841628, 22790.922698954662337 ], [ 12032.055557023302754, 22790.91685303876875 ], [ 12032.047139673682977, 22790.911807873566431 ], [ 12032.038268343236268, 22790.90761204674709 ], [ 12032.029028467724856, 22790.904305966425454 ], [ 12032.019509032201313, 22790.901921471959213 ], [ 12032.009801714033529, 22790.900481527332886 ], [ 12032.0, 22790.900000000001455 ], [ 12009.042728960550448, 22790.900000000001455 ], [ 11987.072264185715539, 22767.930877735401737 ], [ 11987.069122264596444, 22767.927735814286279 ], [ 11964.069122264596444, 22745.927735814286279 ], [ 11964.061924606099637, 22745.921480300818075 ], [ 11964.05416381924806, 22745.915938827725768 ], [ 11964.045910478886071, 22745.911161787902529 ], [ 11964.03723963901939, 22745.907192622675211 ], [ 11964.028230150304807, 22745.904067426730762 ], [ 11964.018963942991832, 22745.901814619894139 ], [ 11964.00952528187554, 22745.900454688682657 ], [ 11964.0, 22745.900000000001455 ], [ 11941.04142135623988, 22745.900000000001455 ], [ 11918.070710678119212, 22722.929289321880788 ], [ 11918.06343932841628, 22722.922698954662337 ], [ 11918.055557023302754, 22722.91685303876875 ], [ 11918.047139673682977, 22722.911807873566431 ], [ 11918.038268343236268, 22722.90761204674709 ], [ 11918.029028467724856, 22722.904305966425454 ], [ 11918.019509032201313, 22722.901921471959213 ], [ 11918.009801714033529, 22722.900481527332886 ], [ 11918.0, 22722.900000000001455 ], [ 11896.04142135623988, 22722.900000000001455 ], [ 11873.070710678119212, 22699.929289321880788 ], [ 11873.06343932841628, 22699.922698954662337 ], [ 11873.055557023302754, 22699.91685303876875 ], [ 11873.047139673682977, 22699.911807873566431 ], [ 11873.038268343236268, 22699.90761204674709 ], [ 11873.029028467724856, 22699.904305966425454 ], [ 11873.019509032201313, 22699.901921471959213 ], [ 11873.009801714033529, 22699.900481527332886 ], [ 11873.0, 22699.900000000001455 ], [ 11850.04142135623988, 22699.900000000001455 ], [ 11827.070710678119212, 22676.929289321880788 ], [ 11827.06343932841628, 22676.922698954662337 ], [ 11827.055557023302754, 22676.91685303876875 ], [ 11827.047139673682977, 22676.911807873566431 ], [ 11827.038268343236268, 22676.90761204674709 ], [ 11827.029028467724856, 22676.904305966425454 ], [ 11827.019509032201313, 22676.901921471959213 ], [ 11827.009801714033529, 22676.900481527332886 ], [ 11827.0, 22676.900000000001455 ], [ 11805.040125731480657, 22676.900000000001455 ], [ 11782.069122264596444, 22654.927735814286279 ], [ 11782.061924606099637, 22654.921480300818075 ], [ 11782.05416381924806, 22654.915938827725768 ], [ 11782.045910478886071, 22654.911161787902529 ], [ 11782.03723963901939, 22654.907192622675211 ], [ 11782.028230150304807, 22654.904067426730762 ], [ 11782.018963942991832, 22654.901814619894139 ], [ 11782.00952528187554, 22654.900454688682657 ], [ 11782.0, 22654.900000000001455 ], [ 11759.042728960550448, 22654.900000000001455 ], [ 11737.072264185715539, 22631.930877735401737 ], [ 11737.064930073833239, 22631.923946824445011 ], [ 11737.05693480028458, 22631.917790338058694 ], [ 11737.048359778316808, 22631.912470965726243 ], [ 11737.039292324570852, 22631.908042872870283 ], [ 11737.029824769955667, 22631.904551149316831 ], [ 11737.020053519479916, 22631.902031350135076 ], [ 11737.010078070585223, 22631.900509133618471 ], [ 11737.0, 22631.900000000001455 ], [ 11714.04142135623988, 22631.900000000001455 ], [ 11691.070710678119212, 22608.929289321880788 ], [ 11691.06343932841628, 22608.922698954662337 ], [ 11691.055557023302754, 22608.91685303876875 ], [ 11691.047139673682977, 22608.911807873566431 ], [ 11691.038268343236268, 22608.90761204674709 ], [ 11691.029028467724856, 22608.904305966425454 ], [ 11691.019509032201313, 22608.901921471959213 ], [ 11691.009801714033529, 22608.900481527332886 ], [ 11691.0, 22608.900000000001455 ], [ 11668.042728960550448, 22608.900000000001455 ], [ 11646.072264185715539, 22585.930877735401737 ], [ 11646.064930073833239, 22585.923946824445011 ], [ 11646.05693480028458, 22585.917790338058694 ], [ 11646.048359778316808, 22585.912470965726243 ], [ 11646.039292324570852, 22585.908042872870283 ], [ 11646.029824769955667, 22585.904551149316831 ], [ 11646.020053519479916, 22585.902031350135076 ], [ 11646.010078070585223, 22585.900509133618471 ], [ 11646.0, 22585.900000000001455 ], [ 11623.040125731480657, 22585.900000000001455 ], [ 11600.069122264596444, 22563.927735814286279 ], [ 11600.061924606099637, 22563.921480300818075 ], [ 11600.05416381924806, 22563.915938827725768 ], [ 11600.045910478886071, 22563.911161787902529 ], [ 11600.03723963901939, 22563.907192622675211 ], [ 11600.028230150304807, 22563.904067426730762 ], [ 11600.018963942991832, 22563.901814619894139 ], [ 11600.00952528187554, 22563.900454688682657 ], [ 11600.0, 22563.900000000001455 ], [ 11577.042728960550448, 22563.900000000001455 ], [ 11555.072264185715539, 22540.930877735401737 ], [ 11555.070710678119212, 22540.929289321880788 ], [ 11532.070710678119212, 22517.929289321880788 ], [ 11532.06343932841628, 22517.922698954662337 ], [ 11532.055557023302754, 22517.91685303876875 ], [ 11532.047139673682977, 22517.911807873566431 ], [ 11532.038268343236268, 22517.90761204674709 ], [ 11532.029028467724856, 22517.904305966425454 ], [ 11532.019509032201313, 22517.901921471959213 ], [ 11532.009801714033529, 22517.900481527332886 ], [ 11532.0, 22517.900000000001455 ], [ 11509.04142135623988, 22517.900000000001455 ], [ 11486.070710678119212, 22494.929289321880788 ], [ 11486.06343932841628, 22494.922698954662337 ], [ 11486.055557023302754, 22494.91685303876875 ], [ 11486.047139673682977, 22494.911807873566431 ], [ 11486.038268343236268, 22494.90761204674709 ], [ 11486.029028467724856, 22494.904305966425454 ], [ 11486.019509032201313, 22494.901921471959213 ], [ 11486.009801714033529, 22494.900481527332886 ], [ 11486.0, 22494.900000000001455 ], [ 11464.040125731480657, 22494.900000000001455 ], [ 11441.069122264596444, 22472.927735814286279 ], [ 11441.061924606099637, 22472.921480300818075 ], [ 11441.05416381924806, 22472.915938827725768 ], [ 11441.045910478886071, 22472.911161787902529 ], [ 11441.03723963901939, 22472.907192622675211 ], [ 11441.028230150304807, 22472.904067426730762 ], [ 11441.018963942991832, 22472.901814619894139 ], [ 11441.00952528187554, 22472.900454688682657 ], [ 11441.0, 22472.900000000001455 ], [ 11418.04142135623988, 22472.900000000001455 ], [ 11395.070710678119212, 22449.929289321880788 ], [ 11395.06343932841628, 22449.922698954662337 ], [ 11395.055557023302754, 22449.91685303876875 ], [ 11395.047139673682977, 22449.911807873566431 ], [ 11395.038268343236268, 22449.90761204674709 ], [ 11395.029028467724856, 22449.904305966425454 ], [ 11395.019509032201313, 22449.901921471959213 ], [ 11395.009801714033529, 22449.900481527332886 ], [ 11395.0, 22449.900000000001455 ], [ 11373.04142135623988, 22449.900000000001455 ], [ 11350.070710678119212, 22426.929289321880788 ], [ 11350.06343932841628, 22426.922698954662337 ], [ 11350.055557023302754, 22426.91685303876875 ], [ 11350.047139673682977, 22426.911807873566431 ], [ 11350.038268343236268, 22426.90761204674709 ], [ 11350.029028467724856, 22426.904305966425454 ], [ 11350.019509032201313, 22426.901921471959213 ], [ 11350.009801714033529, 22426.900481527332886 ], [ 11350.0, 22426.900000000001455 ], [ 11327.04142135623988, 22426.900000000001455 ], [ 11304.070710678119212, 22403.929289321880788 ], [ 11304.06343932841628, 22403.922698954662337 ], [ 11304.055557023302754, 22403.91685303876875 ], [ 11304.047139673682977, 22403.911807873566431 ], [ 11304.038268343236268, 22403.90761204674709 ], [ 11304.029028467724856, 22403.904305966425454 ], [ 11304.019509032201313, 22403.901921471959213 ], [ 11304.009801714033529, 22403.900481527332886 ], [ 11304.0, 22403.900000000001455 ], [ 11282.040125731480657, 22403.900000000001455 ], [ 11259.069122264596444, 22381.927735814286279 ], [ 11259.061924606099637, 22381.921480300818075 ], [ 11259.05416381924806, 22381.915938827725768 ], [ 11259.045910478886071, 22381.911161787902529 ], [ 11259.03723963901939, 22381.907192622675211 ], [ 11259.028230150304807, 22381.904067426730762 ], [ 11259.018963942991832, 22381.901814619894139 ], [ 11259.00952528187554, 22381.900454688682657 ], [ 11259.0, 22381.900000000001455 ], [ 11236.04142135623988, 22381.900000000001455 ], [ 11213.070710678119212, 22358.929289321880788 ], [ 11213.06343932841628, 22358.922698954662337 ], [ 11213.055557023302754, 22358.91685303876875 ], [ 11213.047139673682977, 22358.911807873566431 ], [ 11213.038268343236268, 22358.90761204674709 ], [ 11213.029028467724856, 22358.904305966425454 ], [ 11213.019509032201313, 22358.901921471959213 ], [ 11213.009801714033529, 22358.900481527332886 ], [ 11213.0, 22358.900000000001455 ], [ 11191.04142135623988, 22358.900000000001455 ], [ 11168.070710678119212, 22335.929289321880788 ], [ 11168.06343932841628, 22335.922698954662337 ], [ 11168.055557023302754, 22335.91685303876875 ], [ 11168.047139673682977, 22335.911807873566431 ], [ 11168.038268343236268, 22335.90761204674709 ], [ 11168.029028467724856, 22335.904305966425454 ], [ 11168.019509032201313, 22335.901921471959213 ], [ 11168.009801714033529, 22335.900481527332886 ], [ 11168.0, 22335.900000000001455 ], [ 11145.04142135623988, 22335.900000000001455 ], [ 11122.070710678119212, 22312.929289321880788 ], [ 11122.06343932841628, 22312.922698954662337 ], [ 11122.055557023302754, 22312.91685303876875 ], [ 11122.047139673682977, 22312.911807873566431 ], [ 11122.038268343236268, 22312.90761204674709 ], [ 11122.029028467724856, 22312.904305966425454 ], [ 11122.019509032201313, 22312.901921471959213 ], [ 11122.009801714033529, 22312.900481527332886 ], [ 11122.0, 22312.900000000001455 ], [ 11100.040125731480657, 22312.900000000001455 ], [ 11077.069122264596444, 22290.927735814286279 ], [ 11077.061924606099637, 22290.921480300818075 ], [ 11077.05416381924806, 22290.915938827725768 ], [ 11077.045910478886071, 22290.911161787902529 ], [ 11077.03723963901939, 22290.907192622675211 ], [ 11077.028230150304807, 22290.904067426730762 ], [ 11077.018963942991832, 22290.901814619894139 ], [ 11077.00952528187554, 22290.900454688682657 ], [ 11077.0, 22290.900000000001455 ], [ 11054.04142135623988, 22290.900000000001455 ], [ 11031.070710678119212, 22267.929289321880788 ], [ 11031.06343932841628, 22267.922698954662337 ], [ 11031.055557023302754, 22267.91685303876875 ], [ 11031.047139673682977, 22267.911807873566431 ], [ 11031.038268343236268, 22267.90761204674709 ], [ 11031.029028467724856, 22267.904305966425454 ], [ 11031.019509032201313, 22267.901921471959213 ], [ 11031.009801714033529, 22267.900481527332886 ], [ 11031.0, 22267.900000000001455 ], [ 10986.04142135623988, 22267.900000000001455 ], [ 10963.070710678119212, 22244.929289321880788 ], [ 10963.06343932841628, 22244.922698954662337 ], [ 10963.055557023302754, 22244.91685303876875 ], [ 10963.047139673682977, 22244.911807873566431 ], [ 10963.038268343236268, 22244.90761204674709 ], [ 10963.029028467724856, 22244.904305966425454 ], [ 10963.019509032201313, 22244.901921471959213 ], [ 10963.009801714033529, 22244.900481527332886 ], [ 10963.0, 22244.900000000001455 ], [ 10940.042728960550448, 22244.900000000001455 ], [ 10918.072264185715539, 22221.930877735401737 ], [ 10918.064930073833239, 22221.923946824445011 ], [ 10918.05693480028458, 22221.917790338058694 ], [ 10918.048359778316808, 22221.912470965726243 ], [ 10918.039292324570852, 22221.908042872870283 ], [ 10918.029824769955667, 22221.904551149316831 ], [ 10918.020053519479916, 22221.902031350135076 ], [ 10918.010078070585223, 22221.900509133618471 ], [ 10918.0, 22221.900000000001455 ], [ 10872.040125731480657, 22221.900000000001455 ], [ 10849.070728135431636, 22199.929271864650218 ], [ 10827.072264185715539, 22176.930877735401737 ], [ 10827.064930073833239, 22176.923946824445011 ], [ 10827.05693480028458, 22176.917790338058694 ], [ 10827.048359778316808, 22176.912470965726243 ], [ 10827.039292324570852, 22176.908042872870283 ], [ 10827.029824769955667, 22176.904551149316831 ], [ 10827.020053519479916, 22176.902031350135076 ], [ 10827.010078070585223, 22176.900509133618471 ], [ 10827.0, 22176.900000000001455 ], [ 10781.04142135623988, 22176.900000000001455 ], [ 10758.070710678119212, 22153.929289321880788 ], [ 10758.06343932841628, 22153.922698954662337 ], [ 10758.055557023302754, 22153.91685303876875 ], [ 10758.047139673682977, 22153.911807873566431 ], [ 10758.038268343236268, 22153.90761204674709 ], [ 10758.029028467724856, 22153.904305966425454 ], [ 10758.019509032201313, 22153.901921471959213 ], [ 10758.009801714033529, 22153.900481527332886 ], [ 10758.0, 22153.900000000001455 ], [ 10713.04142135623988, 22153.900000000001455 ], [ 10690.070710678119212, 22130.929289321880788 ], [ 10690.06343932841628, 22130.922698954662337 ], [ 10690.055557023302754, 22130.91685303876875 ], [ 10690.047139673682977, 22130.911807873566431 ], [ 10690.038268343236268, 22130.90761204674709 ], [ 10690.029028467724856, 22130.904305966425454 ], [ 10690.019509032201313, 22130.901921471959213 ], [ 10690.009801714033529, 22130.900481527332886 ], [ 10690.0, 22130.900000000001455 ], [ 10667.04142135623988, 22130.900000000001455 ], [ 10645.070710678119212, 22108.929289321880788 ], [ 10645.06343932841628, 22108.922698954662337 ], [ 10645.055557023302754, 22108.91685303876875 ], [ 10645.047139673682977, 22108.911807873566431 ], [ 10645.038268343236268, 22108.90761204674709 ], [ 10645.029028467724856, 22108.904305966425454 ], [ 10645.019509032201313, 22108.901921471959213 ], [ 10645.009801714033529, 22108.900481527332886 ], [ 10645.0, 22108.900000000001455 ], [ 10622.04142135623988, 22108.900000000001455 ], [ 10599.070710678119212, 22085.929289321880788 ], [ 10599.06343932841628, 22085.922698954662337 ], [ 10599.055557023302754, 22085.91685303876875 ], [ 10599.047139673682977, 22085.911807873566431 ], [ 10599.038268343236268, 22085.90761204674709 ], [ 10599.029028467724856, 22085.904305966425454 ], [ 10599.019509032201313, 22085.901921471959213 ], [ 10599.009801714033529, 22085.900481527332886 ], [ 10599.0, 22085.900000000001455 ], [ 10554.04142135623988, 22085.900000000001455 ], [ 10531.070710678119212, 22062.929289321880788 ], [ 10531.06343932841628, 22062.922698954662337 ], [ 10531.055557023302754, 22062.91685303876875 ], [ 10531.047139673682977, 22062.911807873566431 ], [ 10531.038268343236268, 22062.90761204674709 ], [ 10531.029028467724856, 22062.904305966425454 ], [ 10531.019509032201313, 22062.901921471959213 ], [ 10531.009801714033529, 22062.900481527332886 ], [ 10531.0, 22062.900000000001455 ], [ 10508.040125731480657, 22062.900000000001455 ], [ 10485.069122264596444, 22040.927735814286279 ], [ 10485.061924606099637, 22040.921480300818075 ], [ 10485.05416381924806, 22040.915938827725768 ], [ 10485.045910478886071, 22040.911161787902529 ], [ 10485.03723963901939, 22040.907192622675211 ], [ 10485.028230150304807, 22040.904067426730762 ], [ 10485.018963942991832, 22040.901814619894139 ], [ 10485.00952528187554, 22040.900454688682657 ], [ 10485.0, 22040.900000000001455 ], [ 10463.04142135623988, 22040.900000000001455 ], [ 10440.070710678119212, 22017.929289321880788 ], [ 10440.06343932841628, 22017.922698954662337 ], [ 10440.055557023302754, 22017.91685303876875 ], [ 10440.047139673682977, 22017.911807873566431 ], [ 10440.038268343236268, 22017.90761204674709 ], [ 10440.029028467724856, 22017.904305966425454 ], [ 10440.019509032201313, 22017.901921471959213 ], [ 10440.009801714033529, 22017.900481527332886 ], [ 10440.0, 22017.900000000001455 ], [ 10417.04142135623988, 22017.900000000001455 ], [ 10394.070710678119212, 21994.929289321880788 ], [ 10394.06343932841628, 21994.922698954662337 ], [ 10394.055557023302754, 21994.91685303876875 ], [ 10394.047139673682977, 21994.911807873566431 ], [ 10394.038268343236268, 21994.90761204674709 ], [ 10394.029028467724856, 21994.904305966425454 ], [ 10394.019509032201313, 21994.901921471959213 ], [ 10394.009801714033529, 21994.900481527332886 ], [ 10394.0, 21994.900000000001455 ], [ 10372.04142135623988, 21994.900000000001455 ], [ 10349.070710678119212, 21971.929289321880788 ], [ 10349.06343932841628, 21971.922698954662337 ], [ 10349.055557023302754, 21971.91685303876875 ], [ 10349.047139673682977, 21971.911807873566431 ], [ 10349.038268343236268, 21971.90761204674709 ], [ 10349.029028467724856, 21971.904305966425454 ], [ 10349.019509032201313, 21971.901921471959213 ], [ 10349.009801714033529, 21971.900481527332886 ], [ 10349.0, 21971.900000000001455 ], [ 10326.040125731480657, 21971.900000000001455 ], [ 10303.069122264596444, 21949.927735814286279 ], [ 10303.061924606099637, 21949.921480300818075 ], [ 10303.05416381924806, 21949.915938827725768 ], [ 10303.045910478886071, 21949.911161787902529 ], [ 10303.03723963901939, 21949.907192622675211 ], [ 10303.028230150304807, 21949.904067426730762 ], [ 10303.018963942991832, 21949.901814619894139 ], [ 10303.00952528187554, 21949.900454688682657 ], [ 10303.0, 21949.900000000001455 ], [ 10281.04142135623988, 21949.900000000001455 ], [ 10258.070710678119212, 21926.929289321880788 ], [ 10258.06343932841628, 21926.922698954662337 ], [ 10258.055557023302754, 21926.91685303876875 ], [ 10258.047139673682977, 21926.911807873566431 ], [ 10258.038268343236268, 21926.90761204674709 ], [ 10258.029028467724856, 21926.904305966425454 ], [ 10258.019509032201313, 21926.901921471959213 ], [ 10258.009801714033529, 21926.900481527332886 ], [ 10258.0, 21926.900000000001455 ], [ 10235.042728960550448, 21926.900000000001455 ], [ 10213.072264185715539, 21903.930877735401737 ], [ 10213.064930073833239, 21903.923946824445011 ], [ 10213.05693480028458, 21903.917790338058694 ], [ 10213.048359778316808, 21903.912470965726243 ], [ 10213.039292324570852, 21903.908042872870283 ], [ 10213.029824769955667, 21903.904551149316831 ], [ 10213.020053519479916, 21903.902031350135076 ], [ 10213.010078070585223, 21903.900509133618471 ], [ 10213.0, 21903.900000000001455 ], [ 10190.04142135623988, 21903.900000000001455 ], [ 10167.070710678119212, 21880.929289321880788 ], [ 10167.069122264596444, 21880.927735814286279 ], [ 10144.069122264596444, 21858.927735814286279 ], [ 10144.061924606099637, 21858.921480300818075 ], [ 10144.05416381924806, 21858.915938827725768 ], [ 10144.045910478886071, 21858.911161787902529 ], [ 10144.03723963901939, 21858.907192622675211 ], [ 10144.028230150304807, 21858.904067426730762 ], [ 10144.018963942991832, 21858.901814619894139 ], [ 10144.00952528187554, 21858.900454688682657 ], [ 10144.0, 21858.900000000001455 ], [ 10122.04142135623988, 21858.900000000001455 ], [ 10099.070710678119212, 21835.929289321880788 ], [ 10099.06343932841628, 21835.922698954662337 ], [ 10099.055557023302754, 21835.91685303876875 ], [ 10099.047139673682977, 21835.911807873566431 ], [ 10099.038268343236268, 21835.90761204674709 ], [ 10099.029028467724856, 21835.904305966425454 ], [ 10099.019509032201313, 21835.901921471959213 ], [ 10099.009801714033529, 21835.900481527332886 ], [ 10099.0, 21835.900000000001455 ], [ 10076.04142135623988, 21835.900000000001455 ], [ 10053.070710678119212, 21812.929289321880788 ], [ 10053.06343932841628, 21812.922698954662337 ], [ 10053.055557023302754, 21812.91685303876875 ], [ 10053.047139673682977, 21812.911807873566431 ], [ 10053.038268343236268, 21812.90761204674709 ], [ 10053.029028467724856, 21812.904305966425454 ], [ 10053.019509032201313, 21812.901921471959213 ], [ 10053.009801714033529, 21812.900481527332886 ], [ 10053.0, 21812.900000000001455 ], [ 10031.04142135623988, 21812.900000000001455 ], [ 10008.143010161911661, 21790.001588805673236 ], [ 10031.040125731480657, 21768.099999999998545 ], [ 10098.959874268519343, 21768.099999999998545 ], [ 10121.930877735403556, 21790.072264185713721 ], [ 10121.938075393900363, 21790.078519699181925 ], [ 10121.94583618075194, 21790.084061172274232 ], [ 10121.954089521113929, 21790.088838212097471 ], [ 10121.96276036098061, 21790.092807377324789 ], [ 10121.971769849695193, 21790.095932573269238 ], [ 10121.981036057008168, 21790.098185380105861 ], [ 10121.99047471812446, 21790.099545311317343 ], [ 10122.0, 21790.099999999998545 ], [ 10234.95857864376012, 21790.099999999998545 ], [ 10257.929289321880788, 21813.070710678119212 ], [ 10257.93656067158372, 21813.077301045337663 ], [ 10257.944442976697246, 21813.08314696123125 ], [ 10257.952860326317023, 21813.088192126433569 ], [ 10257.961731656763732, 21813.09238795325291 ], [ 10257.970971532275144, 21813.095694033574546 ], [ 10257.980490967798687, 21813.098078528040787 ], [ 10257.990198285966471, 21813.099518472667114 ], [ 10258.0, 21813.099999999998545 ], [ 10325.95857864376012, 21813.099999999998545 ], [ 10348.929289321880788, 21836.070710678119212 ], [ 10348.93656067158372, 21836.077301045337663 ], [ 10348.944442976697246, 21836.08314696123125 ], [ 10348.952860326317023, 21836.088192126433569 ], [ 10348.961731656763732, 21836.09238795325291 ], [ 10348.970971532275144, 21836.095694033574546 ], [ 10348.980490967798687, 21836.098078528040787 ], [ 10348.990198285966471, 21836.099518472667114 ], [ 10349.0, 21836.099999999998545 ], [ 10393.95857864376012, 21836.099999999998545 ], [ 10416.929289321880788, 21859.070710678119212 ], [ 10416.93656067158372, 21859.077301045337663 ], [ 10416.944442976697246, 21859.08314696123125 ], [ 10416.952860326317023, 21859.088192126433569 ], [ 10416.961731656763732, 21859.09238795325291 ], [ 10416.970971532275144, 21859.095694033574546 ], [ 10416.980490967798687, 21859.098078528040787 ], [ 10416.990198285966471, 21859.099518472667114 ], [ 10417.0, 21859.099999999998545 ], [ 10484.959874268519343, 21859.099999999998545 ], [ 10507.930877735403556, 21881.072264185713721 ], [ 10507.938075393900363, 21881.078519699181925 ], [ 10507.94583618075194, 21881.084061172274232 ], [ 10507.954089521113929, 21881.088838212097471 ], [ 10507.96276036098061, 21881.092807377324789 ], [ 10507.971769849695193, 21881.095932573269238 ], [ 10507.981036057008168, 21881.098185380105861 ], [ 10507.99047471812446, 21881.099545311317343 ], [ 10508.0, 21881.099999999998545 ], [ 10553.957271039449552, 21881.099999999998545 ], [ 10575.927735814284461, 21904.069122264598263 ], [ 10575.935069926166761, 21904.076053175554989 ], [ 10575.94306519971542, 21904.082209661941306 ], [ 10575.951640221683192, 21904.087529034273757 ], [ 10575.960707675429148, 21904.091957127129717 ], [ 10575.970175230044333, 21904.095448850683169 ], [ 10575.979946480520084, 21904.097968649864924 ], [ 10575.989921929414777, 21904.099490866381529 ], [ 10576.0, 21904.099999999998545 ], [ 10598.95857864376012, 21904.099999999998545 ], [ 10621.929289321880788, 21927.070710678119212 ], [ 10621.93656067158372, 21927.077301045337663 ], [ 10621.944442976697246, 21927.08314696123125 ], [ 10621.952860326317023, 21927.088192126433569 ], [ 10621.961731656763732, 21927.09238795325291 ], [ 10621.970971532275144, 21927.095694033574546 ], [ 10621.980490967798687, 21927.098078528040787 ], [ 10621.990198285966471, 21927.099518472667114 ], [ 10622.0, 21927.099999999998545 ], [ 10666.95857864376012, 21927.099999999998545 ], [ 10689.929289321880788, 21950.070710678119212 ], [ 10689.930877735403556, 21950.072264185713721 ], [ 10712.930877735403556, 21972.072264185713721 ], [ 10712.938075393900363, 21972.078519699181925 ], [ 10712.94583618075194, 21972.084061172274232 ], [ 10712.954089521113929, 21972.088838212097471 ], [ 10712.96276036098061, 21972.092807377324789 ], [ 10712.971769849695193, 21972.095932573269238 ], [ 10712.981036057008168, 21972.098185380105861 ], [ 10712.99047471812446, 21972.099545311317343 ], [ 10713.0, 21972.099999999998545 ], [ 10804.0, 21972.099999999998545 ], [ 10804.00952528187554, 21972.099545311317343 ], [ 10804.018963942991832, 21972.098185380105861 ], [ 10804.028230150304807, 21972.095932573269238 ], [ 10804.03723963901939, 21972.092807377324789 ], [ 10804.045910478886071, 21972.088838212097471 ], [ 10804.05416381924806, 21972.084061172274232 ], [ 10804.061924606099637, 21972.078519699181925 ], [ 10804.069122264596444, 21972.072264185713721 ], [ 10827.069122264596444, 21950.072264185713721 ], [ 10827.072264185715539, 21950.069122264598263 ], [ 10849.042728960550448, 21927.099999999998545 ], [ 10871.95857864376012, 21927.099999999998545 ], [ 10894.9, 21950.04142135623988 ], [ 10894.9, 21972.0 ], [ 10894.900481527332886, 21972.009801714033529 ], [ 10894.901921471959213, 21972.019509032201313 ], [ 10894.904305966427273, 21972.029028467724856 ], [ 10894.907612046748909, 21972.038268343236268 ], [ 10894.911807873564612, 21972.047139673682977 ], [ 10894.916853038770569, 21972.055557023300935 ], [ 10894.922698954664156, 21972.06343932841628 ], [ 10894.929289321880788, 21972.070710678119212 ], [ 10917.928503744626141, 21995.069925100862747 ], [ 10939.9, 22018.040125731480657 ], [ 10939.9, 22041.0 ], [ 10939.900509133618471, 22041.010078070587042 ], [ 10939.902031350135076, 22041.020053519481735 ], [ 10939.904551149315012, 22041.029824769957486 ], [ 10939.908042872870283, 22041.039292324570852 ], [ 10939.912470965724424, 22041.048359778316808 ], [ 10939.917790338058694, 22041.056934800286399 ], [ 10939.923946824445011, 22041.064930073833239 ], [ 10939.930877735403556, 22041.072264185713721 ], [ 10962.930074899053579, 22063.071496255292004 ], [ 10985.929289321880788, 22086.070710678119212 ], [ 10985.93656067158372, 22086.077301045337663 ], [ 10985.944442976697246, 22086.08314696123125 ], [ 10985.952860326317023, 22086.088192126433569 ], [ 10985.961731656763732, 22086.09238795325291 ], [ 10985.970971532275144, 22086.095694033574546 ], [ 10985.980490967798687, 22086.098078528040787 ], [ 10985.990198285966471, 22086.099518472667114 ], [ 10986.0, 22086.099999999998545 ], [ 11076.95857864376012, 22086.099999999998545 ], [ 11144.929289321880788, 22154.070710678119212 ], [ 11144.93656067158372, 22154.077301045337663 ], [ 11144.944442976697246, 22154.08314696123125 ], [ 11144.952860326317023, 22154.088192126433569 ], [ 11144.961731656763732, 22154.09238795325291 ], [ 11144.970971532275144, 22154.095694033574546 ], [ 11144.980490967798687, 22154.098078528040787 ], [ 11144.990198285966471, 22154.099518472667114 ], [ 11145.0, 22154.099999999998545 ], [ 11167.95857864376012, 22154.099999999998545 ], [ 11190.929289321880788, 22177.070710678119212 ], [ 11190.93656067158372, 22177.077301045337663 ], [ 11190.944442976697246, 22177.08314696123125 ], [ 11190.952860326317023, 22177.088192126433569 ], [ 11190.961731656763732, 22177.09238795325291 ], [ 11190.970971532275144, 22177.095694033574546 ], [ 11190.980490967798687, 22177.098078528040787 ], [ 11190.990198285966471, 22177.099518472667114 ], [ 11191.0, 22177.099999999998545 ], [ 11236.0, 22177.099999999998545 ], [ 11236.009801714033529, 22177.099518472667114 ], [ 11236.019509032201313, 22177.098078528040787 ], [ 11236.029028467724856, 22177.095694033574546 ], [ 11236.038268343236268, 22177.09238795325291 ], [ 11236.047139673682977, 22177.088192126433569 ], [ 11236.055557023302754, 22177.08314696123125 ], [ 11236.06343932841628, 22177.077301045337663 ], [ 11236.070710678119212, 22177.070710678119212 ], [ 11259.070710678119212, 22154.070710678119212 ], [ 11259.077301045335844, 22154.06343932841628 ], [ 11259.083146961229431, 22154.055557023300935 ], [ 11259.088192126435388, 22154.047139673682977 ], [ 11259.092387953251091, 22154.038268343236268 ], [ 11259.095694033572727, 22154.029028467724856 ], [ 11259.098078528040787, 22154.019509032201313 ], [ 11259.099518472667114, 22154.009801714033529 ], [ 11259.1, 22154.0 ], [ 11259.1, 22131.042728960543172 ], [ 11282.040125731480657, 22109.099999999998545 ], [ 11327.0, 22109.099999999998545 ], [ 11327.009801714033529, 22109.099518472667114 ], [ 11327.019509032201313, 22109.098078528040787 ], [ 11327.029028467724856, 22109.095694033574546 ], [ 11327.038268343236268, 22109.09238795325291 ], [ 11327.047139673682977, 22109.088192126433569 ], [ 11327.055557023302754, 22109.08314696123125 ], [ 11327.06343932841628, 22109.077301045337663 ], [ 11327.070710678119212, 22109.070710678119212 ], [ 11327.077301045335844, 22109.06343932841628 ], [ 11327.083146961229431, 22109.055557023300935 ], [ 11327.088192126435388, 22109.047139673682977 ], [ 11327.092387953251091, 22109.038268343236268 ], [ 11327.095694033572727, 22109.029028467724856 ], [ 11327.098078528040787, 22109.019509032201313 ], [ 11327.099518472667114, 22109.009801714033529 ], [ 11327.1, 22109.0 ], [ 11327.1, 22086.0 ], [ 11327.099518472667114, 22085.990198285966471 ], [ 11327.098078528040787, 22085.980490967798687 ], [ 11327.095694033572727, 22085.970971532275144 ], [ 11327.092387953251091, 22085.961731656763732 ], [ 11327.088192126435388, 22085.952860326317023 ], [ 11327.083146961229431, 22085.944442976699065 ], [ 11327.077301045335844, 22085.93656067158372 ], [ 11327.070710678119212, 22085.929289321880788 ], [ 11304.070710678119212, 22062.929289321880788 ], [ 11304.06343932841628, 22062.922698954662337 ], [ 11304.055557023302754, 22062.91685303876875 ], [ 11304.047139673682977, 22062.911807873566431 ], [ 11304.038268343236268, 22062.90761204674709 ], [ 11304.029028467724856, 22062.904305966425454 ], [ 11304.019509032201313, 22062.901921471959213 ], [ 11304.009801714033529, 22062.900481527332886 ], [ 11304.0, 22062.900000000001455 ], [ 11282.040125731480657, 22062.900000000001455 ], [ 11259.069122264596444, 22040.927735814286279 ], [ 11259.061924606099637, 22040.921480300818075 ], [ 11259.05416381924806, 22040.915938827725768 ], [ 11259.045910478886071, 22040.911161787902529 ], [ 11259.03723963901939, 22040.907192622675211 ], [ 11259.028230150304807, 22040.904067426730762 ], [ 11259.018963942991832, 22040.901814619894139 ], [ 11259.00952528187554, 22040.900454688682657 ], [ 11259.0, 22040.900000000001455 ], [ 11213.042728960550448, 22040.900000000001455 ], [ 11191.1, 22017.959874268519343 ], [ 11191.1, 21995.0 ], [ 11191.099518472667114, 21994.990198285966471 ], [ 11191.098078528040787, 21994.980490967798687 ], [ 11191.095694033572727, 21994.970971532275144 ], [ 11191.092387953251091, 21994.961731656763732 ], [ 11191.088192126435388, 21994.952860326317023 ], [ 11191.083146961229431, 21994.944442976699065 ], [ 11191.077301045335844, 21994.93656067158372 ], [ 11191.070710678119212, 21994.929289321880788 ], [ 11168.070710678119212, 21971.929289321880788 ], [ 11168.069122264596444, 21971.927735814286279 ], [ 11145.069925100946421, 21949.928503744707996 ], [ 11122.141421356238425, 21927.0 ], [ 11145.04142135623988, 21904.099999999998545 ], [ 11167.95857864376012, 21904.099999999998545 ], [ 11190.929289321880788, 21927.070710678119212 ], [ 11190.93656067158372, 21927.077301045337663 ], [ 11190.944442976697246, 21927.08314696123125 ], [ 11190.952860326317023, 21927.088192126433569 ], [ 11190.961731656763732, 21927.09238795325291 ], [ 11190.970971532275144, 21927.095694033574546 ], [ 11190.980490967798687, 21927.098078528040787 ], [ 11190.990198285966471, 21927.099518472667114 ], [ 11191.0, 21927.099999999998545 ], [ 11212.95857864376012, 21927.099999999998545 ], [ 11235.929289321880788, 21950.070710678119212 ], [ 11235.93656067158372, 21950.077301045337663 ], [ 11235.944442976697246, 21950.08314696123125 ], [ 11235.952860326317023, 21950.088192126433569 ], [ 11235.961731656763732, 21950.09238795325291 ], [ 11235.970971532275144, 21950.095694033574546 ], [ 11235.980490967798687, 21950.098078528040787 ], [ 11235.990198285966471, 21950.099518472667114 ], [ 11236.0, 21950.099999999998545 ], [ 11258.959874268519343, 21950.099999999998545 ], [ 11281.930877735403556, 21972.072264185713721 ], [ 11281.938184490763888, 21972.078605615690321 ], [ 11281.946069854178859, 21972.084211278175644 ], [ 11281.954460016744633, 21972.089028702815995 ], [ 11281.963276444519579, 21972.093012797358824 ], [ 11281.972436613616082, 21972.096126269723754 ], [ 11281.981854782647133, 21972.09833997705573 ], [ 11281.991442795282637, 21972.099633198518859 ], [ 11282.001110905415771, 21972.099993829255254 ], [ 11282.010768617205031, 21972.099418493668054 ], [ 11282.020325532144852, 21972.097912577042734 ], [ 11282.029692195208554, 21972.095490175117448 ], [ 11282.038780932176451, 21972.092173962155357 ], [ 11282.0475066702802, 21972.087994978715869 ], [ 11282.055787734509067, 21972.08299234108199 ], [ 11282.063546612109349, 21972.077212875152327 ], [ 11282.070710678119212, 21972.070710678119212 ], [ 11304.04142135623988, 21950.099999999998545 ], [ 11395.0, 21950.099999999998545 ], [ 11395.009801714033529, 21950.099518472667114 ], [ 11395.019509032201313, 21950.098078528040787 ], [ 11395.029028467724856, 21950.095694033574546 ], [ 11395.038268343236268, 21950.09238795325291 ], [ 11395.047139673682977, 21950.088192126433569 ], [ 11395.055557023302754, 21950.08314696123125 ], [ 11395.06343932841628, 21950.077301045337663 ], [ 11395.070710678119212, 21950.070710678119212 ], [ 11395.077301045335844, 21950.06343932841628 ], [ 11395.083146961229431, 21950.055557023300935 ], [ 11395.088192126435388, 21950.047139673682977 ], [ 11395.092387953251091, 21950.038268343236268 ], [ 11395.095694033572727, 21950.029028467724856 ], [ 11395.098078528040787, 21950.019509032201313 ], [ 11395.099518472667114, 21950.009801714033529 ], [ 11395.1, 21950.0 ], [ 11395.1, 21836.04142135623988 ], [ 11418.070710678119212, 21813.070710678119212 ], [ 11418.077301045335844, 21813.06343932841628 ], [ 11418.083146961229431, 21813.055557023300935 ], [ 11418.088192126435388, 21813.047139673682977 ], [ 11418.092387953251091, 21813.038268343236268 ], [ 11418.095694033572727, 21813.029028467724856 ], [ 11418.098078528040787, 21813.019509032201313 ], [ 11418.099518472667114, 21813.009801714033529 ], [ 11418.1, 21813.0 ], [ 11418.1, 21745.0 ], [ 11418.099518472667114, 21744.990198285966471 ], [ 11418.098078528040787, 21744.980490967798687 ], [ 11418.095694033572727, 21744.970971532275144 ], [ 11418.092387953251091, 21744.961731656763732 ], [ 11418.088192126435388, 21744.952860326317023 ], [ 11418.083146961229431, 21744.944442976699065 ], [ 11418.077301045335844, 21744.93656067158372 ], [ 11418.070710678119212, 21744.929289321880788 ], [ 11395.070710678119212, 21721.929289321880788 ], [ 11395.06343932841628, 21721.922698954662337 ], [ 11395.055557023302754, 21721.91685303876875 ], [ 11395.047139673682977, 21721.911807873566431 ], [ 11395.038268343236268, 21721.90761204674709 ], [ 11395.029028467724856, 21721.904305966425454 ], [ 11395.019509032201313, 21721.901921471959213 ], [ 11395.009801714033529, 21721.900481527332886 ], [ 11395.0, 21721.900000000001455 ], [ 11373.04142135623988, 21721.900000000001455 ], [ 11350.070710678119212, 21698.929289321880788 ], [ 11350.069122264596444, 21698.927735814286279 ], [ 11327.069122264596444, 21676.927735814286279 ], [ 11327.061924606099637, 21676.921480300818075 ], [ 11327.05416381924806, 21676.915938827725768 ], [ 11327.045910478886071, 21676.911161787902529 ], [ 11327.03723963901939, 21676.907192622675211 ], [ 11327.028230150304807, 21676.904067426730762 ], [ 11327.018963942991832, 21676.901814619894139 ], [ 11327.00952528187554, 21676.900454688682657 ], [ 11327.0, 21676.900000000001455 ], [ 11282.04142135623988, 21676.900000000001455 ], [ 11259.1, 21653.95857864376012 ], [ 11259.1, 21631.04142135623988 ], [ 11282.04142135623988, 21608.099999999998545 ], [ 11304.0, 21608.099999999998545 ], [ 11304.00952528187554, 21608.099545311317343 ], [ 11304.018963942991832, 21608.098185380105861 ], [ 11304.028230150304807, 21608.095932573269238 ], [ 11304.03723963901939, 21608.092807377324789 ], [ 11304.045910478886071, 21608.088838212097471 ], [ 11304.05416381924806, 21608.084061172274232 ], [ 11304.061924606099637, 21608.078519699181925 ], [ 11304.069122264596444, 21608.072264185713721 ], [ 11327.069122264596444, 21586.072264185713721 ], [ 11327.076053175554989, 21586.064930073833239 ], [ 11327.082209661941306, 21586.056934800286399 ], [ 11327.087529034275576, 21586.048359778316808 ], [ 11327.091957127129717, 21586.039292324570852 ], [ 11327.095448850684988, 21586.029824769957486 ], [ 11327.097968649864924, 21586.020053519481735 ], [ 11327.099490866381529, 21586.010078070587042 ], [ 11327.1, 21586.0 ], [ 11327.1, 21472.0 ], [ 11327.099518472667114, 21471.990198285966471 ], [ 11327.098078528040787, 21471.980490967798687 ], [ 11327.095694033572727, 21471.970971532275144 ], [ 11327.092387953251091, 21471.961731656763732 ], [ 11327.088192126435388, 21471.952860326317023 ], [ 11327.083146961229431, 21471.944442976699065 ], [ 11327.077301045335844, 21471.93656067158372 ], [ 11327.070710678119212, 21471.929289321880788 ], [ 11304.071496255373859, 21448.930074899137253 ], [ 11282.072264185715539, 21425.930877735401737 ], [ 11282.069122264596444, 21425.927735814286279 ], [ 11259.069925100946421, 21403.928503744707996 ], [ 11236.1, 21380.95857864376012 ], [ 11236.1, 21358.0 ], [ 11236.099518472667114, 21357.990198285966471 ], [ 11236.098078528040787, 21357.980490967798687 ], [ 11236.095694033572727, 21357.970971532275144 ], [ 11236.092387953251091, 21357.961731656763732 ], [ 11236.088192126435388, 21357.952860326317023 ], [ 11236.083146961229431, 21357.944442976699065 ], [ 11236.077301045335844, 21357.93656067158372 ], [ 11236.070710678119212, 21357.929289321880788 ], [ 11077.070710678119212, 21198.929289321880788 ], [ 11077.06343932841628, 21198.922698954662337 ], [ 11077.055557023302754, 21198.91685303876875 ], [ 11077.047139673682977, 21198.911807873566431 ], [ 11077.038268343236268, 21198.90761204674709 ], [ 11077.029028467724856, 21198.904305966425454 ], [ 11077.019509032201313, 21198.901921471959213 ], [ 11077.009801714033529, 21198.900481527332886 ], [ 11077.0, 21198.900000000001455 ], [ 11054.04142135623988, 21198.900000000001455 ], [ 11031.071496255373859, 21175.930074899137253 ], [ 11009.072264185715539, 21152.930877735401737 ], [ 11009.064930073833239, 21152.923946824445011 ], [ 11009.05693480028458, 21152.917790338058694 ], [ 11009.048359778316808, 21152.912470965726243 ], [ 11009.039292324570852, 21152.908042872870283 ], [ 11009.029824769955667, 21152.904551149316831 ], [ 11009.020053519479916, 21152.902031350135076 ], [ 11009.010078070585223, 21152.900509133618471 ], [ 11009.0, 21152.900000000001455 ], [ 10940.04142135623988, 21152.900000000001455 ], [ 10895.070710678119212, 21107.929289321880788 ], [ 10895.06343932841628, 21107.922698954662337 ], [ 10895.055557023302754, 21107.91685303876875 ], [ 10895.047139673682977, 21107.911807873566431 ], [ 10895.038268343236268, 21107.90761204674709 ], [ 10895.029028467724856, 21107.904305966425454 ], [ 10895.019509032201313, 21107.901921471959213 ], [ 10895.009801714033529, 21107.900481527332886 ], [ 10895.0, 21107.900000000001455 ], [ 10872.04142135623988, 21107.900000000001455 ], [ 10849.070710678119212, 21084.929289321880788 ], [ 10849.06343932841628, 21084.922698954662337 ], [ 10849.055557023302754, 21084.91685303876875 ], [ 10849.047139673682977, 21084.911807873566431 ], [ 10849.038268343236268, 21084.90761204674709 ], [ 10849.029028467724856, 21084.904305966425454 ], [ 10849.019509032201313, 21084.901921471959213 ], [ 10849.009801714033529, 21084.900481527332886 ], [ 10849.0, 21084.900000000001455 ], [ 10827.04142135623988, 21084.900000000001455 ], [ 10804.070710678119212, 21061.929289321880788 ], [ 10804.06343932841628, 21061.922698954662337 ], [ 10804.055557023302754, 21061.91685303876875 ], [ 10804.047139673682977, 21061.911807873566431 ], [ 10804.038268343236268, 21061.90761204674709 ], [ 10804.029028467724856, 21061.904305966425454 ], [ 10804.019509032201313, 21061.901921471959213 ], [ 10804.009801714033529, 21061.900481527332886 ], [ 10804.0, 21061.900000000001455 ], [ 10736.040125731480657, 21061.900000000001455 ], [ 10713.069122264596444, 21039.927735814286279 ], [ 10713.061924606099637, 21039.921480300818075 ], [ 10713.05416381924806, 21039.915938827725768 ], [ 10713.045910478886071, 21039.911161787902529 ], [ 10713.03723963901939, 21039.907192622675211 ], [ 10713.028230150304807, 21039.904067426730762 ], [ 10713.018963942991832, 21039.901814619894139 ], [ 10713.00952528187554, 21039.900454688682657 ], [ 10713.0, 21039.900000000001455 ], [ 10667.042728960550448, 21039.900000000001455 ], [ 10645.072264185715539, 21016.930877735401737 ], [ 10645.064930073833239, 21016.923946824445011 ], [ 10645.05693480028458, 21016.917790338058694 ], [ 10645.048359778316808, 21016.912470965726243 ], [ 10645.039292324570852, 21016.908042872870283 ], [ 10645.029824769955667, 21016.904551149316831 ], [ 10645.020053519479916, 21016.902031350135076 ], [ 10645.010078070585223, 21016.900509133618471 ], [ 10645.0, 21016.900000000001455 ], [ 10599.04142135623988, 21016.900000000001455 ], [ 10576.070710678119212, 20993.929289321880788 ], [ 10576.06343932841628, 20993.922698954662337 ], [ 10576.055557023302754, 20993.91685303876875 ], [ 10576.047139673682977, 20993.911807873566431 ], [ 10576.038268343236268, 20993.90761204674709 ], [ 10576.029028467724856, 20993.904305966425454 ], [ 10576.019509032201313, 20993.901921471959213 ], [ 10576.009801714033529, 20993.900481527332886 ], [ 10576.0, 20993.900000000001455 ], [ 10485.0, 20993.900000000001455 ], [ 10484.989921929414777, 20993.900509133618471 ], [ 10484.979946480520084, 20993.902031350135076 ], [ 10484.970175230044333, 20993.904551149316831 ], [ 10484.960707675429148, 20993.908042872870283 ], [ 10484.951640221683192, 20993.912470965726243 ], [ 10484.94306519971542, 20993.917790338058694 ], [ 10484.935069926166761, 20993.923946824445011 ], [ 10484.927735814284461, 20993.930877735401737 ], [ 10462.957271039449552, 21016.900000000001455 ], [ 10417.0, 21016.900000000001455 ], [ 10416.990198285966471, 21016.900481527332886 ], [ 10416.980490967798687, 21016.901921471959213 ], [ 10416.970971532275144, 21016.904305966425454 ], [ 10416.961731656763732, 21016.90761204674709 ], [ 10416.952860326317023, 21016.911807873566431 ], [ 10416.944442976697246, 21016.91685303876875 ], [ 10416.93656067158372, 21016.922698954662337 ], [ 10416.929289321880788, 21016.929289321880788 ], [ 10416.922698954664156, 21016.93656067158372 ], [ 10416.916853038770569, 21016.944442976699065 ], [ 10416.911807873564612, 21016.952860326317023 ], [ 10416.907612046748909, 21016.961731656763732 ], [ 10416.904305966427273, 21016.970971532275144 ], [ 10416.901921471959213, 21016.980490967798687 ], [ 10416.900481527332886, 21016.990198285966471 ], [ 10416.9, 21017.0 ], [ 10416.9, 21039.957271039456828 ], [ 10393.930877735403556, 21061.927735814286279 ], [ 10393.927735814284461, 21061.930877735401737 ], [ 10371.927735814284461, 21084.930877735401737 ], [ 10371.921480300818075, 21084.938075393900363 ], [ 10371.915938827723949, 21084.94583618075194 ], [ 10371.911161787904348, 21084.954089521113929 ], [ 10371.90719262267703, 21084.96276036098061 ], [ 10371.904067426732581, 21084.971769849697012 ], [ 10371.901814619895958, 21084.981036057008168 ], [ 10371.900454688682657, 21084.99047471812446 ], [ 10371.9, 21085.0 ], [ 10371.9, 21107.95857864376012 ], [ 10348.930074899053579, 21130.928503744707996 ], [ 10325.930877735403556, 21152.927735814286279 ], [ 10325.929289321880788, 21152.929289321880788 ], [ 10302.929289321880788, 21175.929289321880788 ], [ 10302.927735814284461, 21175.930877735401737 ], [ 10280.928503744626141, 21198.930074899137253 ], [ 10257.929289321880788, 21221.929289321880788 ], [ 10257.922610933546821, 21221.936668077611102 ], [ 10257.916699059976963, 21221.944674116442911 ], [ 10257.911612256451917, 21221.95322814103929 ], [ 10257.907400906187831, 21221.962245426431764 ], [ 10257.904106721305652, 21221.971636659200158 ], [ 10257.901762329689518, 21221.981308822079882 ], [ 10257.90039095181055, 21221.991166115301894 ], [ 10257.900006170744746, 21222.001110905413952 ], [ 10257.900611797627789, 21222.011044692353607 ], [ 10257.902201833912841, 21222.020869085034064 ], [ 10257.904760530784188, 21222.030486775878671 ], [ 10257.908262545139223, 21222.039802504641557 ], [ 10257.912673190608984, 21222.048724001902883 ], [ 10257.917948781114319, 21222.057162903001881 ], [ 10257.924037063563446, 21222.065035623221775 ], [ 10257.930877735403556, 21222.072264185713721 ], [ 10280.9, 21244.042728960543172 ], [ 10280.9, 21335.0 ], [ 10280.900454688682657, 21335.00952528187554 ], [ 10280.901814619895958, 21335.018963942991832 ], [ 10280.904067426732581, 21335.028230150302988 ], [ 10280.90719262267703, 21335.03723963901939 ], [ 10280.911161787904348, 21335.045910478886071 ], [ 10280.915938827723949, 21335.05416381924806 ], [ 10280.921480300818075, 21335.061924606099637 ], [ 10280.927735814284461, 21335.069122264598263 ], [ 10302.9, 21358.040125731480657 ], [ 10302.9, 21381.0 ], [ 10302.900481527332886, 21381.009801714033529 ], [ 10302.901921471959213, 21381.019509032201313 ], [ 10302.904305966427273, 21381.029028467724856 ], [ 10302.907612046748909, 21381.038268343236268 ], [ 10302.911807873564612, 21381.047139673682977 ], [ 10302.916853038770569, 21381.055557023300935 ], [ 10302.922698954664156, 21381.06343932841628 ], [ 10302.929289321880788, 21381.070710678119212 ], [ 10302.93656067158372, 21381.077301045337663 ], [ 10302.944442976697246, 21381.08314696123125 ], [ 10302.952860326317023, 21381.088192126433569 ], [ 10302.961731656763732, 21381.09238795325291 ], [ 10302.970971532275144, 21381.095694033574546 ], [ 10302.980490967798687, 21381.098078528040787 ], [ 10302.990198285966471, 21381.099518472667114 ], [ 10303.0, 21381.099999999998545 ], [ 10325.95857864376012, 21381.099999999998545 ], [ 10348.929289321880788, 21404.070710678119212 ], [ 10348.930877735403556, 21404.072264185713721 ], [ 10371.930877735403556, 21426.072264185713721 ], [ 10371.938075393900363, 21426.078519699181925 ], [ 10371.94583618075194, 21426.084061172274232 ], [ 10371.954089521113929, 21426.088838212097471 ], [ 10371.96276036098061, 21426.092807377324789 ], [ 10371.971769849695193, 21426.095932573269238 ], [ 10371.981036057008168, 21426.098185380105861 ], [ 10371.99047471812446, 21426.099545311317343 ], [ 10372.0, 21426.099999999998545 ], [ 10393.95857864376012, 21426.099999999998545 ], [ 10416.929289321880788, 21449.070710678119212 ], [ 10416.93656067158372, 21449.077301045337663 ], [ 10416.944442976697246, 21449.08314696123125 ], [ 10416.952860326317023, 21449.088192126433569 ], [ 10416.961731656763732, 21449.09238795325291 ], [ 10416.970971532275144, 21449.095694033574546 ], [ 10416.980490967798687, 21449.098078528040787 ], [ 10416.990198285966471, 21449.099518472667114 ], [ 10417.0, 21449.099999999998545 ], [ 10439.95857864376012, 21449.099999999998545 ], [ 10462.929289321880788, 21472.070710678119212 ], [ 10462.93656067158372, 21472.077301045337663 ], [ 10462.944442976697246, 21472.08314696123125 ], [ 10462.952860326317023, 21472.088192126433569 ], [ 10462.961731656763732, 21472.09238795325291 ], [ 10462.970971532275144, 21472.095694033574546 ], [ 10462.980490967798687, 21472.098078528040787 ], [ 10462.990198285966471, 21472.099518472667114 ], [ 10463.0, 21472.099999999998545 ], [ 10485.0, 21472.099999999998545 ], [ 10485.009801714033529, 21472.099518472667114 ], [ 10485.019509032201313, 21472.098078528040787 ], [ 10485.029028467724856, 21472.095694033574546 ], [ 10485.038268343236268, 21472.09238795325291 ], [ 10485.047139673682977, 21472.088192126433569 ], [ 10485.055557023302754, 21472.08314696123125 ], [ 10485.06343932841628, 21472.077301045337663 ], [ 10485.070710678119212, 21472.070710678119212 ], [ 10531.070710678119212, 21426.070710678119212 ], [ 10531.077301045335844, 21426.06343932841628 ], [ 10531.083146961229431, 21426.055557023300935 ], [ 10531.088192126435388, 21426.047139673682977 ], [ 10531.092387953251091, 21426.038268343236268 ], [ 10531.095694033572727, 21426.029028467724856 ], [ 10531.098078528040787, 21426.019509032201313 ], [ 10531.099518472667114, 21426.009801714033529 ], [ 10531.1, 21426.0 ], [ 10531.1, 21404.04142135623988 ], [ 10553.998411194324945, 21381.143010161911661 ], [ 10575.927735814284461, 21404.069122264598263 ], [ 10575.930877735403556, 21404.072264185713721 ], [ 10598.930877735403556, 21426.072264185713721 ], [ 10598.938075393900363, 21426.078519699181925 ], [ 10598.94583618075194, 21426.084061172274232 ], [ 10598.954089521113929, 21426.088838212097471 ], [ 10598.96276036098061, 21426.092807377324789 ], [ 10598.971769849695193, 21426.095932573269238 ], [ 10598.981036057008168, 21426.098185380105861 ], [ 10598.99047471812446, 21426.099545311317343 ], [ 10599.0, 21426.099999999998545 ], [ 10621.95857864376012, 21426.099999999998545 ], [ 10644.929289321880788, 21449.070710678119212 ], [ 10644.93656067158372, 21449.077301045337663 ], [ 10644.944442976697246, 21449.08314696123125 ], [ 10644.952860326317023, 21449.088192126433569 ], [ 10644.961731656763732, 21449.09238795325291 ], [ 10644.970971532275144, 21449.095694033574546 ], [ 10644.980490967798687, 21449.098078528040787 ], [ 10644.990198285966471, 21449.099518472667114 ], [ 10645.0, 21449.099999999998545 ], [ 10666.95857864376012, 21449.099999999998545 ], [ 10689.929289321880788, 21472.070710678119212 ], [ 10689.93656067158372, 21472.077301045337663 ], [ 10689.944442976697246, 21472.08314696123125 ], [ 10689.952860326317023, 21472.088192126433569 ], [ 10689.961731656763732, 21472.09238795325291 ], [ 10689.970971532275144, 21472.095694033574546 ], [ 10689.980490967798687, 21472.098078528040787 ], [ 10689.990198285966471, 21472.099518472667114 ], [ 10690.0, 21472.099999999998545 ], [ 10758.0, 21472.099999999998545 ], [ 10758.009801714033529, 21472.099518472667114 ], [ 10758.019509032201313, 21472.098078528040787 ], [ 10758.029028467724856, 21472.095694033574546 ], [ 10758.038268343236268, 21472.09238795325291 ], [ 10758.047139673682977, 21472.088192126433569 ], [ 10758.055557023302754, 21472.08314696123125 ], [ 10758.06343932841628, 21472.077301045337663 ], [ 10758.070710678119212, 21472.070710678119212 ], [ 10758.077301045335844, 21472.06343932841628 ], [ 10758.083146961229431, 21472.055557023300935 ], [ 10758.088192126435388, 21472.047139673682977 ], [ 10758.092387953251091, 21472.038268343236268 ], [ 10758.095694033572727, 21472.029028467724856 ], [ 10758.098078528040787, 21472.019509032201313 ], [ 10758.099518472667114, 21472.009801714033529 ], [ 10758.1, 21472.0 ], [ 10758.1, 21404.04142135623988 ], [ 10781.0, 21381.141421356238425 ], [ 10803.9, 21404.04142135623988 ], [ 10803.9, 21426.0 ], [ 10803.900481527332886, 21426.009801714033529 ], [ 10803.901921471959213, 21426.019509032201313 ], [ 10803.904305966427273, 21426.029028467724856 ], [ 10803.907612046748909, 21426.038268343236268 ], [ 10803.911807873564612, 21426.047139673682977 ], [ 10803.916853038770569, 21426.055557023300935 ], [ 10803.922698954664156, 21426.06343932841628 ], [ 10803.929289321880788, 21426.070710678119212 ], [ 10803.93656067158372, 21426.077301045337663 ], [ 10803.944442976697246, 21426.08314696123125 ], [ 10803.952860326317023, 21426.088192126433569 ], [ 10803.961731656763732, 21426.09238795325291 ], [ 10803.970971532275144, 21426.095694033574546 ], [ 10803.980490967798687, 21426.098078528040787 ], [ 10803.990198285966471, 21426.099518472667114 ], [ 10804.0, 21426.099999999998545 ], [ 10826.957271039449552, 21426.099999999998545 ], [ 10848.9, 21449.040125731480657 ], [ 10848.9, 21586.0 ], [ 10848.900509133618471, 21586.010078070587042 ], [ 10848.902031350135076, 21586.020053519481735 ], [ 10848.904551149315012, 21586.029824769957486 ], [ 10848.908042872870283, 21586.039292324570852 ], [ 10848.912470965724424, 21586.048359778316808 ], [ 10848.917790338058694, 21586.056934800286399 ], [ 10848.923946824445011, 21586.064930073833239 ], [ 10848.930877735403556, 21586.072264185713721 ], [ 10871.9, 21608.042728960543172 ], [ 10871.9, 21677.0 ], [ 10871.900481527332886, 21677.009801714033529 ], [ 10871.901921471959213, 21677.019509032201313 ], [ 10871.904305966427273, 21677.029028467724856 ], [ 10871.907612046748909, 21677.038268343236268 ], [ 10871.911807873564612, 21677.047139673682977 ], [ 10871.916853038770569, 21677.055557023300935 ], [ 10871.922698954664156, 21677.06343932841628 ], [ 10871.929289321880788, 21677.070710678119212 ], [ 10871.93656067158372, 21677.077301045337663 ], [ 10871.944442976697246, 21677.08314696123125 ], [ 10871.952860326317023, 21677.088192126433569 ], [ 10871.961731656763732, 21677.09238795325291 ], [ 10871.970971532275144, 21677.095694033574546 ], [ 10871.980490967798687, 21677.098078528040787 ], [ 10871.990198285966471, 21677.099518472667114 ], [ 10872.0, 21677.099999999998545 ], [ 10894.959874268519343, 21677.099999999998545 ], [ 10917.929271864568364, 21699.070728135349782 ], [ 10939.927735814284461, 21722.069122264598263 ], [ 10939.935069926166761, 21722.076053175554989 ], [ 10939.94306519971542, 21722.082209661941306 ], [ 10939.951640221683192, 21722.087529034273757 ], [ 10939.960707675429148, 21722.091957127129717 ], [ 10939.970175230044333, 21722.095448850683169 ], [ 10939.979946480520084, 21722.097968649864924 ], [ 10939.989921929414777, 21722.099490866381529 ], [ 10940.0, 21722.099999999998545 ], [ 11008.957271039449552, 21722.099999999998545 ], [ 11030.861618865537821, 21745.0 ], [ 11008.929271864568364, 21767.929271864650218 ], [ 10985.930877735403556, 21789.927735814286279 ], [ 10985.924067175830714, 21789.934929221504717 ], [ 10985.9180017361723, 21789.942761160658847 ], [ 10985.912740935875263, 21789.951154777838383 ], [ 10985.908336398557367, 21789.960027707464178 ], [ 10985.904831345429557, 21789.96929288051615 ], [ 10985.902260171164016, 21789.97885937893443 ], [ 10985.900648106395238, 21789.98863332779365 ], [ 10985.90001097012464, 21789.998518816475553 ], [ 10985.900355014497109, 21790.008418839839578 ], [ 10985.901676863446482, 21790.018236250114569 ], [ 10985.903963545821171, 21790.027874710198375 ], [ 10985.90719262267703, 21790.03723963901939 ], [ 10985.911332407458758, 21790.046239139621321 ], [ 10985.916342276945215, 21790.05478490095993 ], [ 10985.92217306987186, 21790.062793064480502 ], [ 10985.928767569350384, 21790.070185047010455 ], [ 10985.936061064332534, 21790.076888311890798 ], [ 10985.943981984602942, 21790.082837080772151 ], [ 10985.952452603100028, 21790.087972979079495 ], [ 10985.961389798634627, 21790.09224560884104 ], [ 10985.970705871555765, 21790.095613043245976 ], [ 10985.980309404327272, 21790.098042238052585 ], [ 10985.990106158609706, 21790.099509355855844 ], [ 10986.0, 21790.099999999998545 ], [ 11076.95857864376012, 21790.099999999998545 ], [ 11099.9, 21813.04142135623988 ], [ 11099.9, 21880.95857864376012 ], [ 11076.929289321880788, 21903.929289321880788 ], [ 11076.922698954664156, 21903.93656067158372 ], [ 11076.916853038770569, 21903.944442976699065 ], [ 11076.911807873564612, 21903.952860326317023 ], [ 11076.907612046748909, 21903.961731656763732 ], [ 11076.904305966427273, 21903.970971532275144 ], [ 11076.901921471959213, 21903.980490967798687 ], [ 11076.900481527332886, 21903.990198285966471 ], [ 11076.9, 21904.0 ], [ 11076.9, 21927.0 ], [ 11076.900481527332886, 21927.009801714033529 ], [ 11076.901921471959213, 21927.019509032201313 ], [ 11076.904305966427273, 21927.029028467724856 ], [ 11076.907612046748909, 21927.038268343236268 ], [ 11076.911807873564612, 21927.047139673682977 ], [ 11076.916853038770569, 21927.055557023300935 ], [ 11076.922698954664156, 21927.06343932841628 ], [ 11076.929289321880788, 21927.070710678119212 ], [ 11144.9, 21995.04142135623988 ], [ 11144.9, 22018.0 ], [ 11144.900481527332886, 22018.009801714033529 ], [ 11144.901921471959213, 22018.019509032201313 ], [ 11144.904305966427273, 22018.029028467724856 ], [ 11144.907612046748909, 22018.038268343236268 ], [ 11144.911807873564612, 22018.047139673682977 ], [ 11144.916853038770569, 22018.055557023300935 ], [ 11144.922698954664156, 22018.06343932841628 ], [ 11144.929289321880788, 22018.070710678119212 ], [ 11167.929289321880788, 22041.070710678119212 ], [ 11167.930877735403556, 22041.072264185713721 ], [ 11190.929271864568364, 22063.070728135349782 ], [ 11212.927735814284461, 22086.069122264598263 ], [ 11212.929289321880788, 22086.070710678119212 ], [ 11235.9, 22109.04142135623988 ], [ 11235.9, 22130.95857864376012 ], [ 11212.95857864376012, 22153.900000000001455 ], [ 11168.04142135623988, 22153.900000000001455 ], [ 11145.070710678119212, 22130.929289321880788 ], [ 11145.069122264596444, 22130.927735814286279 ], [ 11122.070728135431636, 22108.929271864650218 ], [ 11100.072264185715539, 22085.930877735401737 ], [ 11100.070710678119212, 22085.929289321880788 ], [ 11077.070710678119212, 22062.929289321880788 ], [ 11077.069122264596444, 22062.927735814286279 ], [ 11054.069122264596444, 22040.927735814286279 ], [ 11054.061924606099637, 22040.921480300818075 ], [ 11054.05416381924806, 22040.915938827725768 ], [ 11054.045910478886071, 22040.911161787902529 ], [ 11054.03723963901939, 22040.907192622675211 ], [ 11054.028230150304807, 22040.904067426730762 ], [ 11054.018963942991832, 22040.901814619894139 ], [ 11054.00952528187554, 22040.900454688682657 ], [ 11054.0, 22040.900000000001455 ], [ 11053.99047471812446, 22040.900454688682657 ], [ 11053.981036057008168, 22040.901814619894139 ], [ 11053.971769849695193, 22040.904067426730762 ], [ 11053.96276036098061, 22040.907192622675211 ], [ 11053.954089521113929, 22040.911161787902529 ], [ 11053.94583618075194, 22040.915938827725768 ], [ 11053.938075393900363, 22040.921480300818075 ], [ 11053.930877735403556, 22040.927735814286279 ], [ 11030.959874268519343, 22062.900000000001455 ], [ 11009.040125731480657, 22062.900000000001455 ], [ 10986.069925100946421, 22040.928503744707996 ], [ 10940.1, 21994.95857864376012 ], [ 10940.1, 21972.0 ], [ 10940.099518472667114, 21971.990198285966471 ], [ 10940.098078528040787, 21971.980490967798687 ], [ 10940.095694033572727, 21971.970971532275144 ], [ 10940.092387953251091, 21971.961731656763732 ], [ 10940.088192126435388, 21971.952860326317023 ], [ 10940.083146961229431, 21971.944442976699065 ], [ 10940.077301045335844, 21971.93656067158372 ], [ 10940.070710678119212, 21971.929289321880788 ], [ 10872.070710678119212, 21903.929289321880788 ], [ 10872.06343932841628, 21903.922698954662337 ], [ 10872.055557023302754, 21903.91685303876875 ], [ 10872.047139673682977, 21903.911807873566431 ], [ 10872.038268343236268, 21903.90761204674709 ], [ 10872.029028467724856, 21903.904305966425454 ], [ 10872.019509032201313, 21903.901921471959213 ], [ 10872.009801714033529, 21903.900481527332886 ], [ 10872.0, 21903.900000000001455 ], [ 10849.0, 21903.900000000001455 ], [ 10848.989921929414777, 21903.900509133618471 ], [ 10848.979946480520084, 21903.902031350135076 ], [ 10848.970175230044333, 21903.904551149316831 ], [ 10848.960707675429148, 21903.908042872870283 ], [ 10848.951640221683192, 21903.912470965726243 ], [ 10848.94306519971542, 21903.917790338058694 ], [ 10848.935069926166761, 21903.923946824445011 ], [ 10848.927735814284461, 21903.930877735401737 ], [ 10826.957271039449552, 21926.900000000001455 ], [ 10804.0, 21926.900000000001455 ], [ 10803.990198285966471, 21926.900481527332886 ], [ 10803.980490967798687, 21926.901921471959213 ], [ 10803.970971532275144, 21926.904305966425454 ], [ 10803.961731656763732, 21926.90761204674709 ], [ 10803.952860326317023, 21926.911807873566431 ], [ 10803.944442976697246, 21926.91685303876875 ], [ 10803.93656067158372, 21926.922698954662337 ], [ 10803.929289321880788, 21926.929289321880788 ], [ 10780.930074899053579, 21949.928503744707996 ], [ 10758.001553891132062, 21971.860132534893637 ], [ 10736.070710678119212, 21949.929289321880788 ], [ 10736.06343932841628, 21949.922698954662337 ], [ 10736.055557023302754, 21949.91685303876875 ], [ 10736.047139673682977, 21949.911807873566431 ], [ 10736.038268343236268, 21949.90761204674709 ], [ 10736.029028467724856, 21949.904305966425454 ], [ 10736.019509032201313, 21949.901921471959213 ], [ 10736.009801714033529, 21949.900481527332886 ], [ 10736.0, 21949.900000000001455 ], [ 10713.04142135623988, 21949.900000000001455 ], [ 10690.1, 21926.95857864376012 ], [ 10690.1, 21904.0 ], [ 10690.099518472667114, 21903.990198285966471 ], [ 10690.098078528040787, 21903.980490967798687 ], [ 10690.095694033572727, 21903.970971532275144 ], [ 10690.092387953251091, 21903.961731656763732 ], [ 10690.088192126435388, 21903.952860326317023 ], [ 10690.083146961229431, 21903.944442976699065 ], [ 10690.077301045335844, 21903.93656067158372 ], [ 10690.070710678119212, 21903.929289321880788 ], [ 10667.070710678119212, 21880.929289321880788 ], [ 10667.06343932841628, 21880.922698954662337 ], [ 10667.055557023302754, 21880.91685303876875 ], [ 10667.047139673682977, 21880.911807873566431 ], [ 10667.038268343236268, 21880.90761204674709 ], [ 10667.029028467724856, 21880.904305966425454 ], [ 10667.019509032201313, 21880.901921471959213 ], [ 10667.009801714033529, 21880.900481527332886 ], [ 10667.0, 21880.900000000001455 ], [ 10622.040125731480657, 21880.900000000001455 ], [ 10599.069925100946421, 21858.928503744707996 ], [ 10576.071496255373859, 21835.930074899137253 ], [ 10554.072264185715539, 21812.930877735401737 ], [ 10554.064930073833239, 21812.923946824445011 ], [ 10554.05693480028458, 21812.917790338058694 ], [ 10554.048359778316808, 21812.912470965726243 ], [ 10554.039292324570852, 21812.908042872870283 ], [ 10554.029824769955667, 21812.904551149316831 ], [ 10554.020053519479916, 21812.902031350135076 ], [ 10554.010078070585223, 21812.900509133618471 ], [ 10554.0, 21812.900000000001455 ], [ 10508.04142135623988, 21812.900000000001455 ], [ 10485.070710678119212, 21789.929289321880788 ], [ 10485.06343932841628, 21789.922698954662337 ], [ 10485.055557023302754, 21789.91685303876875 ], [ 10485.047139673682977, 21789.911807873566431 ], [ 10485.038268343236268, 21789.90761204674709 ], [ 10485.029028467724856, 21789.904305966425454 ], [ 10485.019509032201313, 21789.901921471959213 ], [ 10485.009801714033529, 21789.900481527332886 ], [ 10485.0, 21789.900000000001455 ], [ 10372.040125731480657, 21789.900000000001455 ], [ 10349.069122264596444, 21767.927735814286279 ], [ 10349.061924606099637, 21767.921480300818075 ], [ 10349.05416381924806, 21767.915938827725768 ], [ 10349.045910478886071, 21767.911161787902529 ], [ 10349.03723963901939, 21767.907192622675211 ], [ 10349.028230150304807, 21767.904067426730762 ], [ 10349.018963942991832, 21767.901814619894139 ], [ 10349.00952528187554, 21767.900454688682657 ], [ 10349.0, 21767.900000000001455 ], [ 10235.042728960550448, 21767.900000000001455 ], [ 10213.072264185715539, 21744.930877735401737 ], [ 10213.064930073833239, 21744.923946824445011 ], [ 10213.05693480028458, 21744.917790338058694 ], [ 10213.048359778316808, 21744.912470965726243 ], [ 10213.039292324570852, 21744.908042872870283 ], [ 10213.029824769955667, 21744.904551149316831 ], [ 10213.020053519479916, 21744.902031350135076 ], [ 10213.010078070585223, 21744.900509133618471 ], [ 10213.0, 21744.900000000001455 ], [ 10167.04142135623988, 21744.900000000001455 ], [ 10144.070710678119212, 21721.929289321880788 ], [ 10144.06343932841628, 21721.922698954662337 ], [ 10144.055557023302754, 21721.91685303876875 ], [ 10144.047139673682977, 21721.911807873566431 ], [ 10144.038268343236268, 21721.90761204674709 ], [ 10144.029028467724856, 21721.904305966425454 ], [ 10144.019509032201313, 21721.901921471959213 ], [ 10144.009801714033529, 21721.900481527332886 ], [ 10144.0, 21721.900000000001455 ], [ 10099.04142135623988, 21721.900000000001455 ], [ 10076.070710678119212, 21698.929289321880788 ], [ 10076.06343932841628, 21698.922698954662337 ], [ 10076.055557023302754, 21698.91685303876875 ], [ 10076.047139673682977, 21698.911807873566431 ], [ 10076.038268343236268, 21698.90761204674709 ], [ 10076.029028467724856, 21698.904305966425454 ], [ 10076.019509032201313, 21698.901921471959213 ], [ 10076.009801714033529, 21698.900481527332886 ], [ 10076.0, 21698.900000000001455 ], [ 10031.040125731480657, 21698.900000000001455 ], [ 10008.069122264596444, 21676.927735814286279 ], [ 10008.061924606099637, 21676.921480300818075 ], [ 10008.05416381924806, 21676.915938827725768 ], [ 10008.045910478886071, 21676.911161787902529 ], [ 10008.03723963901939, 21676.907192622675211 ], [ 10008.028230150304807, 21676.904067426730762 ], [ 10008.018963942991832, 21676.901814619894139 ], [ 10008.00952528187554, 21676.900454688682657 ], [ 10008.0, 21676.900000000001455 ], [ 9962.042728960550448, 21676.900000000001455 ], [ 9940.072264185715539, 21653.930877735401737 ], [ 9940.070710678119212, 21653.929289321880788 ], [ 9917.070710678119212, 21630.929289321880788 ], [ 9917.06343932841628, 21630.922698954662337 ], [ 9917.055557023302754, 21630.91685303876875 ], [ 9917.047139673682977, 21630.911807873566431 ], [ 9917.038268343236268, 21630.90761204674709 ], [ 9917.029028467724856, 21630.904305966425454 ], [ 9917.019509032201313, 21630.901921471959213 ], [ 9917.009801714033529, 21630.900481527332886 ], [ 9917.0, 21630.900000000001455 ], [ 9871.0, 21630.900000000001455 ], [ 9870.990198285966471, 21630.900481527332886 ], [ 9870.980490967798687, 21630.901921471959213 ], [ 9870.970971532275144, 21630.904305966425454 ], [ 9870.961731656763732, 21630.90761204674709 ], [ 9870.952860326317023, 21630.911807873566431 ], [ 9870.944442976697246, 21630.91685303876875 ], [ 9870.93656067158372, 21630.922698954662337 ], [ 9870.929289321880788, 21630.929289321880788 ], [ 9870.922698954664156, 21630.93656067158372 ], [ 9870.916853038770569, 21630.944442976699065 ], [ 9870.911807873564612, 21630.952860326317023 ], [ 9870.907612046748909, 21630.961731656763732 ], [ 9870.904305966427273, 21630.970971532275144 ], [ 9870.901921471959213, 21630.980490967798687 ], [ 9870.900481527332886, 21630.990198285966471 ], [ 9870.899999999999636, 21631.0 ], [ 9870.899999999999636, 21653.959874268519343 ], [ 9848.957271039449552, 21676.900000000001455 ], [ 9439.04142135623988, 21676.900000000001455 ], [ 9416.070710678119212, 21653.929289321880788 ], [ 9416.06343932841628, 21653.922698954662337 ], [ 9416.055557023302754, 21653.91685303876875 ], [ 9416.047139673682977, 21653.911807873566431 ], [ 9416.038268343236268, 21653.90761204674709 ], [ 9416.029028467724856, 21653.904305966425454 ], [ 9416.019509032201313, 21653.901921471959213 ], [ 9416.009801714033529, 21653.900481527332886 ], [ 9416.0, 21653.900000000001455 ], [ 9234.042728960550448, 21653.900000000001455 ], [ 9212.072264185715539, 21630.930877735401737 ], [ 9212.064930073833239, 21630.923946824445011 ], [ 9212.05693480028458, 21630.917790338058694 ], [ 9212.048359778316808, 21630.912470965726243 ], [ 9212.039292324570852, 21630.908042872870283 ], [ 9212.029824769955667, 21630.904551149316831 ], [ 9212.020053519479916, 21630.902031350135076 ], [ 9212.010078070585223, 21630.900509133618471 ], [ 9212.0, 21630.900000000001455 ], [ 9052.042728960550448, 21630.900000000001455 ], [ 9030.072264185715539, 21607.930877735401737 ], [ 9030.064930073833239, 21607.923946824445011 ], [ 9030.05693480028458, 21607.917790338058694 ], [ 9030.048359778316808, 21607.912470965726243 ], [ 9030.039292324570852, 21607.908042872870283 ], [ 9030.029824769955667, 21607.904551149316831 ], [ 9030.020053519479916, 21607.902031350135076 ], [ 9030.010078070585223, 21607.900509133618471 ], [ 9030.0, 21607.900000000001455 ], [ 8893.040125731480657, 21607.900000000001455 ], [ 8870.069122264596444, 21585.927735814286279 ], [ 8870.061924606099637, 21585.921480300818075 ], [ 8870.05416381924806, 21585.915938827725768 ], [ 8870.045910478886071, 21585.911161787902529 ], [ 8870.03723963901939, 21585.907192622675211 ], [ 8870.028230150304807, 21585.904067426730762 ], [ 8870.018963942991832, 21585.901814619894139 ], [ 8870.00952528187554, 21585.900454688682657 ], [ 8870.0, 21585.900000000001455 ], [ 8757.04142135623988, 21585.900000000001455 ], [ 8734.070710678119212, 21562.929289321880788 ], [ 8734.06343932841628, 21562.922698954662337 ], [ 8734.055557023302754, 21562.91685303876875 ], [ 8734.047139673682977, 21562.911807873566431 ], [ 8734.038268343236268, 21562.90761204674709 ], [ 8734.029028467724856, 21562.904305966425454 ], [ 8734.019509032201313, 21562.901921471959213 ], [ 8734.009801714033529, 21562.900481527332886 ], [ 8734.0, 21562.900000000001455 ], [ 8575.04142135623988, 21562.900000000001455 ], [ 8552.070710678119212, 21539.929289321880788 ], [ 8552.06343932841628, 21539.922698954662337 ], [ 8552.055557023302754, 21539.91685303876875 ], [ 8552.047139673682977, 21539.911807873566431 ], [ 8552.038268343236268, 21539.90761204674709 ], [ 8552.029028467724856, 21539.904305966425454 ], [ 8552.019509032201313, 21539.901921471959213 ], [ 8552.009801714033529, 21539.900481527332886 ], [ 8552.0, 21539.900000000001455 ], [ 8234.04142135623988, 21539.900000000001455 ], [ 8211.070710678119212, 21516.929289321880788 ], [ 8211.06343932841628, 21516.922698954662337 ], [ 8211.055557023302754, 21516.91685303876875 ], [ 8211.047139673682977, 21516.911807873566431 ], [ 8211.038268343236268, 21516.90761204674709 ], [ 8211.029028467724856, 21516.904305966425454 ], [ 8211.019509032201313, 21516.901921471959213 ], [ 8211.009801714033529, 21516.900481527332886 ], [ 8211.0, 21516.900000000001455 ], [ 7824.040125731480657, 21516.900000000001455 ], [ 7801.069122264596444, 21494.927735814286279 ], [ 7801.061924606098728, 21494.921480300818075 ], [ 7801.05416381924897, 21494.915938827725768 ], [ 7801.045910478886071, 21494.911161787902529 ], [ 7801.03723963901939, 21494.907192622675211 ], [ 7801.028230150303898, 21494.904067426730762 ], [ 7801.018963942991832, 21494.901814619894139 ], [ 7801.00952528187463, 21494.900454688682657 ], [ 7801.0, 21494.900000000001455 ], [ 7665.04142135623897, 21494.900000000001455 ], [ 7642.070710678118303, 21471.929289321880788 ], [ 7642.06343932841628, 21471.922698954662337 ], [ 7642.055557023301844, 21471.91685303876875 ], [ 7642.047139673682068, 21471.911807873566431 ], [ 7642.038268343236268, 21471.90761204674709 ], [ 7642.029028467724856, 21471.904305966425454 ], [ 7642.019509032201313, 21471.901921471959213 ], [ 7642.009801714032619, 21471.900481527332886 ], [ 7642.0, 21471.900000000001455 ], [ 7142.0, 21471.900000000001455 ], [ 7141.990198285967381, 21471.900481527332886 ], [ 7141.980490967798687, 21471.901921471959213 ], [ 7141.970971532275144, 21471.904305966425454 ], [ 7141.961731656763732, 21471.90761204674709 ], [ 7141.952860326317932, 21471.911807873566431 ], [ 7141.944442976698156, 21471.91685303876875 ], [ 7141.93656067158372, 21471.922698954662337 ], [ 7141.929289321881697, 21471.929289321880788 ], [ 7118.95857864376103, 21494.900000000001455 ], [ 7005.0, 21494.900000000001455 ], [ 7004.990198285967381, 21494.900481527332886 ], [ 7004.980490967798687, 21494.901921471959213 ], [ 7004.970971532275144, 21494.904305966425454 ], [ 7004.961731656763732, 21494.90761204674709 ], [ 7004.952860326317932, 21494.911807873566431 ], [ 7004.944442976698156, 21494.91685303876875 ], [ 7004.93656067158372, 21494.922698954662337 ], [ 7004.929289321881697, 21494.929289321880788 ], [ 6982.998446108867938, 21516.860132534893637 ], [ 6960.069122264596444, 21494.927735814286279 ], [ 6960.061924606098728, 21494.921480300818075 ], [ 6960.05416381924897, 21494.915938827725768 ], [ 6960.045910478886071, 21494.911161787902529 ], [ 6960.03723963901939, 21494.907192622675211 ], [ 6960.028230150303898, 21494.904067426730762 ], [ 6960.018963942991832, 21494.901814619894139 ], [ 6960.00952528187463, 21494.900454688682657 ], [ 6960.0, 21494.900000000001455 ], [ 6959.99047471812537, 21494.900454688682657 ], [ 6959.981036057008168, 21494.901814619894139 ], [ 6959.971769849696102, 21494.904067426730762 ], [ 6959.96276036098061, 21494.907192622675211 ], [ 6959.954089521113929, 21494.911161787902529 ], [ 6959.94583618075103, 21494.915938827725768 ], [ 6959.938075393901272, 21494.921480300818075 ], [ 6959.930877735403556, 21494.927735814286279 ], [ 6936.959874268519343, 21516.900000000001455 ], [ 6869.0, 21516.900000000001455 ], [ 6868.990198285967381, 21516.900481527332886 ], [ 6868.980490967798687, 21516.901921471959213 ], [ 6868.970971532275144, 21516.904305966425454 ], [ 6868.961731656763732, 21516.90761204674709 ], [ 6868.952860326317932, 21516.911807873566431 ], [ 6868.944442976698156, 21516.91685303876875 ], [ 6868.93656067158372, 21516.922698954662337 ], [ 6868.929289321881697, 21516.929289321880788 ], [ 6845.95857864376103, 21539.900000000001455 ], [ 6710.0, 21539.900000000001455 ], [ 6709.990198285967381, 21539.900481527332886 ], [ 6709.980490967798687, 21539.901921471959213 ], [ 6709.970971532275144, 21539.904305966425454 ], [ 6709.961731656763732, 21539.90761204674709 ], [ 6709.952860326317932, 21539.911807873566431 ], [ 6709.944442976698156, 21539.91685303876875 ], [ 6709.93656067158372, 21539.922698954662337 ], [ 6709.929289321881697, 21539.929289321880788 ], [ 6686.95857864376103, 21562.900000000001455 ], [ 6482.0, 21562.900000000001455 ], [ 6481.990198285967381, 21562.900481527332886 ], [ 6481.980490967798687, 21562.901921471959213 ], [ 6481.970971532275144, 21562.904305966425454 ], [ 6481.961731656763732, 21562.90761204674709 ], [ 6481.952860326317932, 21562.911807873566431 ], [ 6481.944442976698156, 21562.91685303876875 ], [ 6481.93656067158372, 21562.922698954662337 ], [ 6481.929289321881697, 21562.929289321880788 ], [ 6458.95857864376103, 21585.900000000001455 ], [ 6346.0, 21585.900000000001455 ], [ 6345.99047471812537, 21585.900454688682657 ], [ 6345.981036057008168, 21585.901814619894139 ], [ 6345.971769849696102, 21585.904067426730762 ], [ 6345.96276036098061, 21585.907192622675211 ], [ 6345.954089521113929, 21585.911161787902529 ], [ 6345.94583618075103, 21585.915938827725768 ], [ 6345.938075393901272, 21585.921480300818075 ], [ 6345.930877735403556, 21585.927735814286279 ], [ 6323.0, 21607.861618865543278 ], [ 6300.069122264596444, 21585.927735814286279 ], [ 6300.061924606098728, 21585.921480300818075 ], [ 6300.05416381924897, 21585.915938827725768 ], [ 6300.045910478886071, 21585.911161787902529 ], [ 6300.03723963901939, 21585.907192622675211 ], [ 6300.028230150303898, 21585.904067426730762 ], [ 6300.018963942991832, 21585.901814619894139 ], [ 6300.00952528187463, 21585.900454688682657 ], [ 6300.0, 21585.900000000001455 ], [ 6255.0, 21585.900000000001455 ], [ 6254.99047471812537, 21585.900454688682657 ], [ 6254.981036057008168, 21585.901814619894139 ], [ 6254.971769849696102, 21585.904067426730762 ], [ 6254.96276036098061, 21585.907192622675211 ], [ 6254.954089521113929, 21585.911161787902529 ], [ 6254.94583618075103, 21585.915938827725768 ], [ 6254.938075393901272, 21585.921480300818075 ], [ 6254.930877735403556, 21585.927735814286279 ], [ 6232.0, 21607.861618865543278 ], [ 6209.069122264596444, 21585.927735814286279 ], [ 6209.061924606098728, 21585.921480300818075 ], [ 6209.05416381924897, 21585.915938827725768 ], [ 6209.045910478886071, 21585.911161787902529 ], [ 6209.03723963901939, 21585.907192622675211 ], [ 6209.028230150303898, 21585.904067426730762 ], [ 6209.018963942991832, 21585.901814619894139 ], [ 6209.00952528187463, 21585.900454688682657 ], [ 6209.0, 21585.900000000001455 ], [ 6164.0, 21585.900000000001455 ], [ 6163.99047471812537, 21585.900454688682657 ], [ 6163.981036057008168, 21585.901814619894139 ], [ 6163.971769849696102, 21585.904067426730762 ], [ 6163.96276036098061, 21585.907192622675211 ], [ 6163.954089521113929, 21585.911161787902529 ], [ 6163.94583618075103, 21585.915938827725768 ], [ 6163.938075393901272, 21585.921480300818075 ], [ 6163.930877735403556, 21585.927735814286279 ], [ 6140.959874268519343, 21607.900000000001455 ], [ 6095.0, 21607.900000000001455 ], [ 6094.989921929414777, 21607.900509133618471 ], [ 6094.979946480520084, 21607.902031350135076 ], [ 6094.970175230044333, 21607.904551149313193 ], [ 6094.960707675430058, 21607.908042872870283 ], [ 6094.951640221683192, 21607.912470965726243 ], [ 6094.94306519971542, 21607.917790338058694 ], [ 6094.935069926166761, 21607.923946824445011 ], [ 6094.92773581428537, 21607.930877735401737 ], [ 6072.998411194324945, 21630.856989838088339 ], [ 6050.070710678118303, 21607.929289321880788 ], [ 6050.06343932841628, 21607.922698954662337 ], [ 6050.055557023301844, 21607.91685303876875 ], [ 6050.047139673682068, 21607.911807873566431 ], [ 6050.038268343236268, 21607.90761204674709 ], [ 6050.029028467724856, 21607.904305966425454 ], [ 6050.019509032201313, 21607.901921471959213 ], [ 6050.009801714032619, 21607.900481527332886 ], [ 6050.0, 21607.900000000001455 ], [ 6049.990198285967381, 21607.900481527332886 ], [ 6049.980490967798687, 21607.901921471959213 ], [ 6049.970971532275144, 21607.904305966425454 ], [ 6049.961731656763732, 21607.90761204674709 ], [ 6049.952860326317932, 21607.911807873566431 ], [ 6049.944442976698156, 21607.91685303876875 ], [ 6049.93656067158372, 21607.922698954662337 ], [ 6049.929289321881697, 21607.929289321880788 ], [ 6027.0, 21630.858578643761575 ], [ 6004.070710678118303, 21607.929289321880788 ], [ 6004.06343932841628, 21607.922698954662337 ], [ 6004.055557023301844, 21607.91685303876875 ], [ 6004.047139673682068, 21607.911807873566431 ], [ 6004.038268343236268, 21607.90761204674709 ], [ 6004.029028467724856, 21607.904305966425454 ], [ 6004.019509032201313, 21607.901921471959213 ], [ 6004.009801714032619, 21607.900481527332886 ], [ 6004.0, 21607.900000000001455 ], [ 5982.0, 21607.900000000001455 ], [ 5981.990198285967381, 21607.900481527332886 ], [ 5981.980490967798687, 21607.901921471959213 ], [ 5981.970971532275144, 21607.904305966425454 ], [ 5981.961731656763732, 21607.90761204674709 ], [ 5981.952860326317932, 21607.911807873566431 ], [ 5981.944442976698156, 21607.91685303876875 ], [ 5981.93656067158372, 21607.922698954662337 ], [ 5981.929289321881697, 21607.929289321880788 ], [ 5958.95857864376103, 21630.900000000001455 ], [ 5936.0, 21630.900000000001455 ], [ 5935.990198285967381, 21630.900481527332886 ], [ 5935.980490967798687, 21630.901921471959213 ], [ 5935.970971532275144, 21630.904305966425454 ], [ 5935.961731656763732, 21630.90761204674709 ], [ 5935.952860326317932, 21630.911807873566431 ], [ 5935.944442976698156, 21630.91685303876875 ], [ 5935.93656067158372, 21630.922698954662337 ], [ 5935.929289321881697, 21630.929289321880788 ], [ 5913.001588805675055, 21653.856989838088339 ], [ 5891.07226418571463, 21630.930877735401737 ], [ 5891.065035623222684, 21630.924037063563446 ], [ 5891.057162903000062, 21630.917948781116138 ], [ 5891.048724001904702, 21630.912673190607165 ], [ 5891.039802504640647, 21630.908262545137404 ], [ 5891.030486775879581, 21630.904760530786007 ], [ 5891.020869085033155, 21630.902201833912841 ], [ 5891.011044692355426, 21630.900611797627789 ], [ 5891.001110905414862, 21630.900006170744746 ], [ 5890.991166115300985, 21630.90039095181055 ], [ 5890.981308822081701, 21630.901762329689518 ], [ 5890.971636659199248, 21630.904106721307471 ], [ 5890.962245426433583, 21630.907400906187831 ], [ 5890.953228141041109, 21630.911612256451917 ], [ 5890.94467411644473, 21630.916699059976963 ], [ 5890.936668077612012, 21630.922610933546821 ], [ 5890.929289321881697, 21630.929289321880788 ], [ 5867.95857864376103, 21653.900000000001455 ], [ 5823.0, 21653.900000000001455 ], [ 5822.990198285967381, 21653.900481527332886 ], [ 5822.980490967798687, 21653.901921471959213 ], [ 5822.970971532275144, 21653.904305966425454 ], [ 5822.961731656763732, 21653.90761204674709 ], [ 5822.952860326317932, 21653.911807873566431 ], [ 5822.944442976698156, 21653.91685303876875 ], [ 5822.93656067158372, 21653.922698954662337 ], [ 5822.929289321881697, 21653.929289321880788 ], [ 5799.95857864376103, 21676.900000000001455 ], [ 5777.0, 21676.900000000001455 ], [ 5776.99047471812537, 21676.900454688682657 ], [ 5776.981036057008168, 21676.901814619894139 ], [ 5776.971769849696102, 21676.904067426730762 ], [ 5776.96276036098061, 21676.907192622675211 ], [ 5776.954089521113929, 21676.911161787902529 ], [ 5776.94583618075103, 21676.915938827725768 ], [ 5776.938075393901272, 21676.921480300818075 ], [ 5776.930877735403556, 21676.927735814286279 ], [ 5754.001553891132062, 21698.860132534893637 ], [ 5732.070710678118303, 21676.929289321880788 ], [ 5732.063546612109349, 21676.922787124847673 ], [ 5732.055787734508158, 21676.91700765891801 ], [ 5732.04750667027929, 21676.912005021284131 ], [ 5732.038780932175541, 21676.907826037844643 ], [ 5732.029692195208554, 21676.904509824882552 ], [ 5732.020325532143943, 21676.902087422957266 ], [ 5732.010768617205031, 21676.900581506331946 ], [ 5732.001110905414862, 21676.900006170744746 ], [ 5731.991442795282637, 21676.900366801481141 ], [ 5731.981854782647133, 21676.90166002294427 ], [ 5731.972436613616082, 21676.903873730276246 ], [ 5731.963276444518669, 21676.906987202641176 ], [ 5731.954460016743724, 21676.910971297184005 ], [ 5731.946069854178859, 21676.915788721824356 ], [ 5731.938184490764797, 21676.921394384309679 ], [ 5731.930877735403556, 21676.927735814286279 ], [ 5708.930877735403556, 21698.927735814286279 ], [ 5708.929289321881697, 21698.929289321880788 ], [ 5686.0, 21721.858578643761575 ], [ 5663.070710678118303, 21698.929289321880788 ], [ 5663.063331922387988, 21698.922610933546821 ], [ 5663.05532588355527, 21698.916699059976963 ], [ 5663.046771858958891, 21698.911612256451917 ], [ 5663.037754573566417, 21698.907400906187831 ], [ 5663.028363340800752, 21698.904106721307471 ], [ 5663.018691177918299, 21698.901762329689518 ], [ 5663.008833884699015, 21698.90039095181055 ], [ 5662.998889094585138, 21698.900006170744746 ], [ 5662.988955307644574, 21698.900611797627789 ], [ 5662.979130914966845, 21698.902201833912841 ], [ 5662.969513224120419, 21698.904760530786007 ], [ 5662.960197495359353, 21698.908262545137404 ], [ 5662.951275998095298, 21698.912673190607165 ], [ 5662.942837096999938, 21698.917948781116138 ], [ 5662.934964376777316, 21698.924037063563446 ], [ 5662.92773581428537, 21698.930877735401737 ], [ 5640.957271039450461, 21721.900000000001455 ], [ 5618.0, 21721.900000000001455 ], [ 5617.990198285967381, 21721.900481527332886 ], [ 5617.980490967798687, 21721.901921471959213 ], [ 5617.970971532275144, 21721.904305966425454 ], [ 5617.961731656763732, 21721.90761204674709 ], [ 5617.952860326317932, 21721.911807873566431 ], [ 5617.944442976698156, 21721.91685303876875 ], [ 5617.93656067158372, 21721.922698954662337 ], [ 5617.929289321881697, 21721.929289321880788 ], [ 5594.95857864376103, 21744.900000000001455 ], [ 5572.0, 21744.900000000001455 ], [ 5571.989921929414777, 21744.900509133618471 ], [ 5571.979946480520084, 21744.902031350135076 ], [ 5571.970175230044333, 21744.904551149313193 ], [ 5571.960707675430058, 21744.908042872870283 ], [ 5571.951640221683192, 21744.912470965726243 ], [ 5571.94306519971542, 21744.917790338058694 ], [ 5571.935069926166761, 21744.923946824445011 ], [ 5571.92773581428537, 21744.930877735401737 ], [ 5549.957271039450461, 21767.900000000001455 ], [ 5504.0, 21767.900000000001455 ], [ 5503.99047471812537, 21767.900454688682657 ], [ 5503.981036057008168, 21767.901814619894139 ], [ 5503.971769849696102, 21767.904067426730762 ], [ 5503.96276036098061, 21767.907192622675211 ], [ 5503.954089521113929, 21767.911161787902529 ], [ 5503.94583618075103, 21767.915938827725768 ], [ 5503.938075393901272, 21767.921480300818075 ], [ 5503.930877735403556, 21767.927735814286279 ], [ 5480.959874268519343, 21789.900000000001455 ], [ 5459.0, 21789.900000000001455 ], [ 5458.990198285967381, 21789.900481527332886 ], [ 5458.980490967798687, 21789.901921471959213 ], [ 5458.970971532275144, 21789.904305966425454 ], [ 5458.961731656763732, 21789.90761204674709 ], [ 5458.952860326317932, 21789.911807873566431 ], [ 5458.944442976698156, 21789.91685303876875 ], [ 5458.93656067158372, 21789.922698954662337 ], [ 5458.929289321881697, 21789.929289321880788 ], [ 5435.95857864376103, 21812.900000000001455 ], [ 5413.0, 21812.900000000001455 ], [ 5412.990198285967381, 21812.900481527332886 ], [ 5412.980490967798687, 21812.901921471959213 ], [ 5412.970971532275144, 21812.904305966425454 ], [ 5412.961731656763732, 21812.90761204674709 ], [ 5412.952860326317932, 21812.911807873566431 ], [ 5412.944442976698156, 21812.91685303876875 ], [ 5412.93656067158372, 21812.922698954662337 ], [ 5412.929289321881697, 21812.929289321880788 ], [ 5389.95857864376103, 21835.900000000001455 ], [ 5368.0, 21835.900000000001455 ], [ 5367.990198285967381, 21835.900481527332886 ], [ 5367.980490967798687, 21835.901921471959213 ], [ 5367.970971532275144, 21835.904305966425454 ], [ 5367.961731656763732, 21835.90761204674709 ], [ 5367.952860326317932, 21835.911807873566431 ], [ 5367.944442976698156, 21835.91685303876875 ], [ 5367.93656067158372, 21835.922698954662337 ], [ 5367.929289321881697, 21835.929289321880788 ], [ 5344.930074899074498, 21858.928503744689806 ], [ 5321.959874268519343, 21880.900000000001455 ], [ 5299.0, 21880.900000000001455 ], [ 5298.989921929414777, 21880.900509133618471 ], [ 5298.979946480520084, 21880.902031350135076 ], [ 5298.970175230044333, 21880.904551149313193 ], [ 5298.960707675430058, 21880.908042872870283 ], [ 5298.951640221683192, 21880.912470965726243 ], [ 5298.94306519971542, 21880.917790338058694 ], [ 5298.935069926166761, 21880.923946824445011 ], [ 5298.92773581428537, 21880.930877735401737 ], [ 5276.928503744627051, 21903.930074899137253 ], [ 5253.95857864376103, 21926.900000000001455 ], [ 5231.0, 21926.900000000001455 ], [ 5230.990198285967381, 21926.900481527332886 ], [ 5230.980490967798687, 21926.901921471959213 ], [ 5230.970971532275144, 21926.904305966425454 ], [ 5230.961731656763732, 21926.90761204674709 ], [ 5230.952860326317932, 21926.911807873566431 ], [ 5230.944442976698156, 21926.91685303876875 ], [ 5230.93656067158372, 21926.922698954662337 ], [ 5230.929289321881697, 21926.929289321880788 ], [ 5162.95857864376103, 21994.900000000001455 ], [ 5140.0, 21994.900000000001455 ], [ 5139.990198285967381, 21994.900481527332886 ], [ 5139.980490967798687, 21994.901921471959213 ], [ 5139.970971532275144, 21994.904305966425454 ], [ 5139.961731656763732, 21994.90761204674709 ], [ 5139.952860326317932, 21994.911807873566431 ], [ 5139.944442976698156, 21994.91685303876875 ], [ 5139.93656067158372, 21994.922698954662337 ], [ 5139.929289321881697, 21994.929289321880788 ], [ 5116.929289321881697, 22017.929289321880788 ], [ 5116.92773581428537, 22017.930877735401737 ], [ 5094.929271864579277, 22040.929271864639304 ], [ 5071.930877735403556, 22062.927735814286279 ], [ 5071.929289321881697, 22062.929289321880788 ], [ 5048.95857864376103, 22085.900000000001455 ], [ 5026.0, 22085.900000000001455 ], [ 5025.989921929414777, 22085.900509133618471 ], [ 5025.979946480520084, 22085.902031350135076 ], [ 5025.970175230044333, 22085.904551149313193 ], [ 5025.960707675430058, 22085.908042872870283 ], [ 5025.951640221683192, 22085.912470965726243 ], [ 5025.94306519971542, 22085.917790338058694 ], [ 5025.935069926166761, 22085.923946824445011 ], [ 5025.92773581428537, 22085.930877735401737 ], [ 5003.929271864579277, 22108.929271864639304 ], [ 4980.930877735403556, 22130.927735814286279 ], [ 4980.929289321881697, 22130.929289321880788 ], [ 4934.929289321881697, 22176.929289321880788 ], [ 4934.92773581428537, 22176.930877735401737 ], [ 4912.929271864579277, 22199.929271864639304 ], [ 4889.930877735403556, 22221.927735814286279 ], [ 4889.929289321881697, 22221.929289321880788 ], [ 4843.929289321881697, 22267.929289321880788 ], [ 4843.92773581428537, 22267.930877735401737 ], [ 4821.929271864579277, 22290.929271864639304 ], [ 4798.930877735403556, 22312.927735814286279 ], [ 4798.929289321881697, 22312.929289321880788 ], [ 4775.929289321881697, 22335.929289321880788 ], [ 4775.922698954664156, 22335.93656067158372 ], [ 4775.916853038769659, 22335.944442976699065 ], [ 4775.911807873565522, 22335.952860326317023 ], [ 4775.907612046748909, 22335.961731656763732 ], [ 4775.904305966427273, 22335.970971532275144 ], [ 4775.901921471960122, 22335.980490967798687 ], [ 4775.900481527332886, 22335.990198285966471 ], [ 4775.899999999999636, 22336.0 ], [ 4775.899999999999636, 22358.958578643763758 ], [ 4684.929289321881697, 22449.929289321880788 ], [ 4684.922698954664156, 22449.93656067158372 ], [ 4684.916853038769659, 22449.944442976699065 ], [ 4684.911807873565522, 22449.952860326317023 ], [ 4684.907612046748909, 22449.961731656763732 ], [ 4684.904305966427273, 22449.970971532275144 ], [ 4684.901921471960122, 22449.980490967798687 ], [ 4684.900481527332886, 22449.990198285966471 ], [ 4684.899999999999636, 22450.0 ], [ 4684.899999999999636, 22472.957271039456828 ], [ 4661.930877735403556, 22494.927735814286279 ], [ 4661.92773581428537, 22494.930877735401737 ], [ 4639.92773581428537, 22517.930877735401737 ], [ 4639.921480300818985, 22517.938075393900363 ], [ 4639.915938827723949, 22517.94583618075194 ], [ 4639.911161787903438, 22517.954089521113929 ], [ 4639.907192622676121, 22517.96276036098061 ], [ 4639.904067426732581, 22517.971769849697012 ], [ 4639.901814619895958, 22517.981036057008168 ], [ 4639.900454688682657, 22517.99047471812446 ], [ 4639.899999999999636, 22518.0 ], [ 4639.899999999999636, 22540.958578643763758 ], [ 4616.930074899074498, 22563.928503744689806 ], [ 4593.930877735403556, 22585.927735814286279 ], [ 4593.92394682444592, 22585.935069926166761 ], [ 4593.917790338058694, 22585.943065199713601 ], [ 4593.912470965724424, 22585.951640221683192 ], [ 4593.908042872871192, 22585.960707675429148 ], [ 4593.904551149315012, 22585.970175230042514 ], [ 4593.902031350134166, 22585.979946480518265 ], [ 4593.900509133618471, 22585.989921929412958 ], [ 4593.899999999999636, 22586.0 ], [ 4593.899999999999636, 22654.957271039456828 ], [ 4570.930877735403556, 22676.927735814286279 ], [ 4570.92394682444592, 22676.935069926166761 ], [ 4570.917790338058694, 22676.943065199713601 ], [ 4570.912470965724424, 22676.951640221683192 ], [ 4570.908042872871192, 22676.960707675429148 ], [ 4570.904551149315012, 22676.970175230042514 ], [ 4570.902031350134166, 22676.979946480518265 ], [ 4570.900509133618471, 22676.989921929412958 ], [ 4570.899999999999636, 22677.0 ], [ 4570.899999999999636, 22699.959874268519343 ], [ 4548.92773581428537, 22722.930877735401737 ], [ 4548.921480300818985, 22722.938075393900363 ], [ 4548.915938827723949, 22722.94583618075194 ], [ 4548.911161787903438, 22722.954089521113929 ], [ 4548.907192622676121, 22722.96276036098061 ], [ 4548.904067426732581, 22722.971769849697012 ], [ 4548.901814619895958, 22722.981036057008168 ], [ 4548.900454688682657, 22722.99047471812446 ], [ 4548.899999999999636, 22723.0 ], [ 4548.899999999999636, 22745.957271039456828 ], [ 4525.930877735403556, 22767.927735814286279 ], [ 4525.92394682444592, 22767.935069926166761 ], [ 4525.917790338058694, 22767.943065199713601 ], [ 4525.912470965724424, 22767.951640221683192 ], [ 4525.908042872871192, 22767.960707675429148 ], [ 4525.904551149315012, 22767.970175230042514 ], [ 4525.902031350134166, 22767.979946480518265 ], [ 4525.900509133618471, 22767.989921929412958 ], [ 4525.899999999999636, 22768.0 ], [ 4525.899999999999636, 22790.958578643763758 ], [ 4502.929289321881697, 22813.929289321880788 ], [ 4502.922698954664156, 22813.93656067158372 ], [ 4502.916853038769659, 22813.944442976699065 ], [ 4502.911807873565522, 22813.952860326317023 ], [ 4502.907612046748909, 22813.961731656763732 ], [ 4502.904305966427273, 22813.970971532275144 ], [ 4502.901921471960122, 22813.980490967798687 ], [ 4502.900481527332886, 22813.990198285966471 ], [ 4502.899999999999636, 22814.0 ], [ 4502.899999999999636, 22836.957271039456828 ], [ 4479.930877735403556, 22858.927735814286279 ], [ 4479.92394682444592, 22858.935069926166761 ], [ 4479.917790338058694, 22858.943065199713601 ], [ 4479.912470965724424, 22858.951640221683192 ], [ 4479.908042872871192, 22858.960707675429148 ], [ 4479.904551149315012, 22858.970175230042514 ], [ 4479.902031350134166, 22858.979946480518265 ], [ 4479.900509133618471, 22858.989921929412958 ], [ 4479.899999999999636, 22859.0 ], [ 4479.899999999999636, 22881.959874268519343 ], [ 4457.92773581428537, 22904.930877735401737 ], [ 4457.921480300818985, 22904.938075393900363 ], [ 4457.915938827723949, 22904.94583618075194 ], [ 4457.911161787903438, 22904.954089521113929 ], [ 4457.907192622676121, 22904.96276036098061 ], [ 4457.904067426732581, 22904.971769849697012 ], [ 4457.901814619895958, 22904.981036057008168 ], [ 4457.900454688682657, 22904.99047471812446 ], [ 4457.899999999999636, 22905.0 ], [ 4457.899999999999636, 22927.957271039456828 ], [ 4434.930877735403556, 22949.927735814286279 ], [ 4434.92394682444592, 22949.935069926166761 ], [ 4434.917790338058694, 22949.943065199713601 ], [ 4434.912470965724424, 22949.951640221683192 ], [ 4434.908042872871192, 22949.960707675429148 ], [ 4434.904551149315012, 22949.970175230042514 ], [ 4434.902031350134166, 22949.979946480518265 ], [ 4434.900509133618471, 22949.989921929412958 ], [ 4434.899999999999636, 22950.0 ], [ 4434.899999999999636, 22972.958578643763758 ], [ 4411.929289321881697, 22995.929289321880788 ], [ 4411.922698954664156, 22995.93656067158372 ], [ 4411.916853038769659, 22995.944442976699065 ], [ 4411.911807873565522, 22995.952860326317023 ], [ 4411.907612046748909, 22995.961731656763732 ], [ 4411.904305966427273, 22995.970971532275144 ], [ 4411.901921471960122, 22995.980490967798687 ], [ 4411.900481527332886, 22995.990198285966471 ], [ 4411.899999999999636, 22996.0 ], [ 4411.899999999999636, 23018.958578643763758 ], [ 4389.929289321881697, 23040.929289321880788 ], [ 4389.922698954664156, 23040.93656067158372 ], [ 4389.916853038769659, 23040.944442976699065 ], [ 4389.911807873565522, 23040.952860326317023 ], [ 4389.907612046748909, 23040.961731656763732 ], [ 4389.904305966427273, 23040.970971532275144 ], [ 4389.901921471960122, 23040.980490967798687 ], [ 4389.900481527332886, 23040.990198285966471 ], [ 4389.899999999999636, 23041.0 ], [ 4389.899999999999636, 23086.958578643763758 ], [ 4366.929289321881697, 23109.929289321880788 ], [ 4366.922698954664156, 23109.93656067158372 ], [ 4366.916853038769659, 23109.944442976699065 ], [ 4366.911807873565522, 23109.952860326317023 ], [ 4366.907612046748909, 23109.961731656763732 ], [ 4366.904305966427273, 23109.970971532275144 ], [ 4366.901921471960122, 23109.980490967798687 ], [ 4366.900481527332886, 23109.990198285966471 ], [ 4366.899999999999636, 23110.0 ], [ 4366.899999999999636, 23131.958578643763758 ], [ 4343.929289321881697, 23154.929289321880788 ], [ 4343.922698954664156, 23154.93656067158372 ], [ 4343.916853038769659, 23154.944442976699065 ], [ 4343.911807873565522, 23154.952860326317023 ], [ 4343.907612046748909, 23154.961731656763732 ], [ 4343.904305966427273, 23154.970971532275144 ], [ 4343.901921471960122, 23154.980490967798687 ], [ 4343.900481527332886, 23154.990198285966471 ], [ 4343.899999999999636, 23155.0 ], [ 4343.899999999999636, 23200.957271039456828 ], [ 4320.930877735403556, 23222.927735814286279 ], [ 4320.92394682444592, 23222.935069926166761 ], [ 4320.917790338058694, 23222.943065199713601 ], [ 4320.912470965724424, 23222.951640221683192 ], [ 4320.908042872871192, 23222.960707675429148 ], [ 4320.904551149315012, 23222.970175230042514 ], [ 4320.902031350134166, 23222.979946480518265 ], [ 4320.900509133618471, 23222.989921929412958 ], [ 4320.899999999999636, 23223.0 ], [ 4320.899999999999636, 23245.959874268519343 ], [ 4298.92773581428537, 23268.930877735401737 ], [ 4298.921480300818985, 23268.938075393900363 ], [ 4298.915938827723949, 23268.94583618075194 ], [ 4298.911161787903438, 23268.954089521113929 ], [ 4298.907192622676121, 23268.96276036098061 ], [ 4298.904067426732581, 23268.971769849697012 ], [ 4298.901814619895958, 23268.981036057008168 ], [ 4298.900454688682657, 23268.99047471812446 ], [ 4298.899999999999636, 23269.0 ], [ 4298.899999999999636, 23313.958578643763758 ], [ 4275.929289321881697, 23336.929289321880788 ], [ 4275.922698954664156, 23336.93656067158372 ], [ 4275.916853038769659, 23336.944442976699065 ], [ 4275.911807873565522, 23336.952860326317023 ], [ 4275.907612046748909, 23336.961731656763732 ], [ 4275.904305966427273, 23336.970971532275144 ], [ 4275.901921471960122, 23336.980490967798687 ], [ 4275.900481527332886, 23336.990198285966471 ], [ 4275.899999999999636, 23337.0 ], [ 4275.899999999999636, 23382.957271039456828 ], [ 4252.930877735403556, 23404.927735814286279 ], [ 4252.92394682444592, 23404.935069926166761 ], [ 4252.917790338058694, 23404.943065199713601 ], [ 4252.912470965724424, 23404.951640221683192 ], [ 4252.908042872871192, 23404.960707675429148 ], [ 4252.904551149315012, 23404.970175230042514 ], [ 4252.902031350134166, 23404.979946480518265 ], [ 4252.900509133618471, 23404.989921929412958 ], [ 4252.899999999999636, 23405.0 ], [ 4252.899999999999636, 23427.958578643763758 ], [ 4229.929289321881697, 23450.929289321880788 ], [ 4229.922698954664156, 23450.93656067158372 ], [ 4229.916853038769659, 23450.944442976699065 ], [ 4229.911807873565522, 23450.952860326317023 ], [ 4229.907612046748909, 23450.961731656763732 ], [ 4229.904305966427273, 23450.970971532275144 ], [ 4229.901921471960122, 23450.980490967798687 ], [ 4229.900481527332886, 23450.990198285966471 ], [ 4229.899999999999636, 23451.0 ], [ 4229.899999999999636, 23518.959874268519343 ], [ 4207.92773581428537, 23541.930877735401737 ], [ 4207.921480300818985, 23541.938075393900363 ], [ 4207.915938827723949, 23541.94583618075194 ], [ 4207.911161787903438, 23541.954089521113929 ], [ 4207.907192622676121, 23541.96276036098061 ], [ 4207.904067426732581, 23541.971769849697012 ], [ 4207.901814619895958, 23541.981036057008168 ], [ 4207.900454688682657, 23541.99047471812446 ], [ 4207.899999999999636, 23542.0 ], [ 4207.899999999999636, 23586.958578643763758 ], [ 4184.929289321881697, 23609.929289321880788 ], [ 4184.922698954664156, 23609.93656067158372 ], [ 4184.916853038769659, 23609.944442976699065 ], [ 4184.911807873565522, 23609.952860326317023 ], [ 4184.907612046748909, 23609.961731656763732 ], [ 4184.904305966427273, 23609.970971532275144 ], [ 4184.901921471960122, 23609.980490967798687 ], [ 4184.900481527332886, 23609.990198285966471 ], [ 4184.899999999999636, 23610.0 ], [ 4184.899999999999636, 23654.958578643763758 ], [ 4161.929289321881697, 23677.929289321880788 ], [ 4161.922698954664156, 23677.93656067158372 ], [ 4161.916853038769659, 23677.944442976699065 ], [ 4161.911807873565522, 23677.952860326317023 ], [ 4161.907612046748909, 23677.961731656763732 ], [ 4161.904305966427273, 23677.970971532275144 ], [ 4161.901921471960122, 23677.980490967798687 ], [ 4161.900481527332886, 23677.990198285966471 ], [ 4161.899999999999636, 23678.0 ], [ 4161.899999999999636, 23927.958578643763758 ], [ 4138.95857864376103, 23950.900000000001455 ], [ 4094.0, 23950.900000000001455 ], [ 4093.990198285966926, 23950.900481527332886 ], [ 4093.980490967798232, 23950.901921471959213 ], [ 4093.970971532274689, 23950.904305966425454 ], [ 4093.961731656763277, 23950.90761204674709 ], [ 4093.952860326317477, 23950.911807873566431 ], [ 4093.944442976698156, 23950.91685303876875 ], [ 4093.93656067158372, 23950.922698954662337 ], [ 4093.929289321881242, 23950.929289321880788 ], [ 4093.922698954663701, 23950.93656067158372 ], [ 4093.916853038769659, 23950.944442976699065 ], [ 4093.911807873565067, 23950.952860326317023 ], [ 4093.907612046748909, 23950.961731656763732 ], [ 4093.904305966426818, 23950.970971532275144 ], [ 4093.901921471959668, 23950.980490967798687 ], [ 4093.900481527332886, 23950.990198285966471 ], [ 4093.9, 23951.0 ], [ 4093.9, 23973.95857864376012 ], [ 4070.929289321881242, 23996.929289321880788 ], [ 4070.922698954663701, 23996.93656067158372 ], [ 4070.916853038769659, 23996.944442976699065 ], [ 4070.911807873565067, 23996.952860326317023 ], [ 4070.907612046748909, 23996.961731656763732 ], [ 4070.904305966426818, 23996.970971532275144 ], [ 4070.901921471959668, 23996.980490967798687 ], [ 4070.900481527332886, 23996.990198285966471 ], [ 4070.9, 23997.0 ], [ 4070.9, 24019.0 ], [ 4070.900481527332886, 24019.009801714033529 ], [ 4070.901921471959668, 24019.019509032201313 ], [ 4070.904305966426818, 24019.029028467724856 ], [ 4070.907612046748909, 24019.038268343236268 ], [ 4070.911807873565067, 24019.047139673682977 ], [ 4070.916853038769659, 24019.055557023300935 ], [ 4070.922698954663701, 24019.06343932841628 ], [ 4070.929289321881242, 24019.070710678119212 ], [ 4093.85857864376203, 24042.0 ], [ 4070.929289321881242, 24064.929289321880788 ], [ 4070.922698954663701, 24064.93656067158372 ], [ 4070.916853038769659, 24064.944442976699065 ], [ 4070.911807873565067, 24064.952860326317023 ], [ 4070.907612046748909, 24064.961731656763732 ], [ 4070.904305966426818, 24064.970971532275144 ], [ 4070.901921471959668, 24064.980490967798687 ], [ 4070.900481527332886, 24064.990198285966471 ], [ 4070.9, 24065.0 ], [ 4070.9, 24087.95727103945319 ], [ 4047.930877735403101, 24109.927735814286279 ], [ 4047.923946824445466, 24109.935069926166761 ], [ 4047.917790338058239, 24109.943065199717239 ], [ 4047.912470965724879, 24109.951640221683192 ], [ 4047.908042872870737, 24109.960707675429148 ], [ 4047.904551149315012, 24109.970175230042514 ], [ 4047.902031350134621, 24109.979946480518265 ], [ 4047.900509133618925, 24109.989921929412958 ], [ 4047.9, 24110.0 ], [ 4047.9, 24200.959874268519343 ], [ 4025.92773581428537, 24223.930877735401737 ], [ 4025.921480300818985, 24223.938075393900363 ], [ 4025.915938827724403, 24223.94583618075194 ], [ 4025.911161787903893, 24223.954089521113929 ], [ 4025.907192622676121, 24223.96276036098061 ], [ 4025.904067426732126, 24223.971769849697012 ], [ 4025.901814619895958, 24223.981036057008168 ], [ 4025.900454688683112, 24223.99047471812446 ], [ 4025.9, 24224.0 ], [ 4025.9, 24291.95857864376012 ], [ 4002.929289321881242, 24314.929289321880788 ], [ 4002.922698954663701, 24314.93656067158372 ], [ 4002.916853038769659, 24314.944442976699065 ], [ 4002.911807873565067, 24314.952860326317023 ], [ 4002.907612046748909, 24314.961731656763732 ], [ 4002.904305966426818, 24314.970971532275144 ], [ 4002.901921471959668, 24314.980490967798687 ], [ 4002.900481527332886, 24314.990198285966471 ], [ 4002.9, 24315.0 ], [ 4002.9, 24428.95857864376012 ], [ 3979.930074899074043, 24451.928503744689806 ], [ 3956.930877735403101, 24473.927735814286279 ], [ 3956.924037063563901, 24473.934964376778225 ], [ 3956.917948781114774, 24473.942837096998119 ], [ 3956.912673190608984, 24473.951275998097117 ], [ 3956.908262545139223, 24473.960197495358443 ], [ 3956.904760530784188, 24473.969513224121329 ], [ 3956.90220183391375, 24473.979130914965936 ], [ 3956.900611797627789, 24473.988955307646393 ], [ 3956.900006170744746, 24473.998889094586048 ], [ 3956.900390951811005, 24474.008833884698106 ], [ 3956.901762329689518, 24474.018691177920118 ], [ 3956.904106721306562, 24474.02836334080348 ], [ 3956.907400906188286, 24474.037754573568236 ], [ 3956.911612256452372, 24474.04677185896071 ], [ 3956.916699059976509, 24474.055325883557089 ], [ 3956.922610933545911, 24474.063331922388898 ], [ 3956.929289321881242, 24474.070710678119212 ], [ 3979.9, 24497.04142135623988 ], [ 3979.9, 24519.95857864376012 ], [ 3956.929289321881242, 24542.929289321880788 ], [ 3956.922698954663701, 24542.93656067158372 ], [ 3956.916853038769659, 24542.944442976699065 ], [ 3956.911807873565067, 24542.952860326317023 ], [ 3956.907612046748909, 24542.961731656763732 ], [ 3956.904305966426818, 24542.970971532275144 ], [ 3956.901921471959668, 24542.980490967798687 ], [ 3956.900481527332886, 24542.990198285966471 ], [ 3956.9, 24543.0 ], [ 3956.9, 24746.959874268519343 ], [ 3934.92773581428537, 24769.930877735401737 ], [ 3934.921480300818985, 24769.938075393900363 ], [ 3934.915938827724403, 24769.94583618075194 ], [ 3934.911161787903893, 24769.954089521113929 ], [ 3934.907192622676121, 24769.96276036098061 ], [ 3934.904067426732126, 24769.971769849697012 ], [ 3934.901814619895958, 24769.981036057008168 ], [ 3934.900454688683112, 24769.99047471812446 ], [ 3934.9, 24770.0 ], [ 3934.9, 25087.95857864376012 ], [ 3911.929289321881242, 25110.929289321880788 ], [ 3911.922698954663701, 25110.93656067158372 ], [ 3911.916853038769659, 25110.944442976699065 ], [ 3911.911807873565067, 25110.952860326317023 ], [ 3911.907612046748909, 25110.961731656763732 ], [ 3911.904305966426818, 25110.970971532275144 ], [ 3911.901921471959668, 25110.980490967798687 ], [ 3911.900481527332886, 25110.990198285966471 ], [ 3911.9, 25111.0 ], [ 3911.9, 25156.95727103945319 ], [ 3888.930877735403101, 25178.927735814286279 ], [ 3888.923946824445466, 25178.935069926166761 ], [ 3888.917790338058239, 25178.943065199717239 ], [ 3888.912470965724879, 25178.951640221683192 ], [ 3888.908042872870737, 25178.960707675429148 ], [ 3888.904551149315012, 25178.970175230042514 ], [ 3888.902031350134621, 25178.979946480518265 ], [ 3888.900509133618925, 25178.989921929412958 ], [ 3888.9, 25179.0 ], [ 3888.9, 25224.95857864376012 ], [ 3865.929289321881242, 25247.929289321880788 ], [ 3865.922698954663701, 25247.93656067158372 ], [ 3865.916853038769659, 25247.944442976699065 ], [ 3865.911807873565067, 25247.952860326317023 ], [ 3865.907612046748909, 25247.961731656763732 ], [ 3865.904305966426818, 25247.970971532275144 ], [ 3865.901921471959668, 25247.980490967798687 ], [ 3865.900481527332886, 25247.990198285966471 ], [ 3865.9, 25248.0 ], [ 3865.9, 25315.959874268519343 ], [ 3843.92773581428537, 25338.930877735401737 ], [ 3843.921480300818985, 25338.938075393900363 ], [ 3843.915938827724403, 25338.94583618075194 ], [ 3843.911161787903893, 25338.954089521113929 ], [ 3843.907192622676121, 25338.96276036098061 ], [ 3843.904067426732126, 25338.971769849697012 ], [ 3843.901814619895958, 25338.981036057008168 ], [ 3843.900454688683112, 25338.99047471812446 ], [ 3843.9, 25339.0 ], [ 3843.9, 25451.95857864376012 ], [ 3820.929289321881242, 25474.929289321880788 ], [ 3820.922698954663701, 25474.93656067158372 ], [ 3820.916853038769659, 25474.944442976699065 ], [ 3820.911807873565067, 25474.952860326317023 ], [ 3820.907612046748909, 25474.961731656763732 ], [ 3820.904305966426818, 25474.970971532275144 ], [ 3820.901921471959668, 25474.980490967798687 ], [ 3820.900481527332886, 25474.990198285966471 ], [ 3820.9, 25475.0 ], [ 3820.9, 25679.95857864376012 ], [ 3797.929289321881242, 25702.929289321880788 ], [ 3797.922698954663701, 25702.93656067158372 ], [ 3797.916853038769659, 25702.944442976699065 ], [ 3797.911807873565067, 25702.952860326317023 ], [ 3797.907612046748909, 25702.961731656763732 ], [ 3797.904305966426818, 25702.970971532275144 ], [ 3797.901921471959668, 25702.980490967798687 ], [ 3797.900481527332886, 25702.990198285966471 ], [ 3797.9, 25703.0 ], [ 3797.9, 25861.95857864376012 ], [ 3774.929289321881242, 25884.929289321880788 ], [ 3774.922698954663701, 25884.93656067158372 ], [ 3774.916853038769659, 25884.944442976699065 ], [ 3774.911807873565067, 25884.952860326317023 ], [ 3774.907612046748909, 25884.961731656763732 ], [ 3774.904305966426818, 25884.970971532275144 ], [ 3774.901921471959668, 25884.980490967798687 ], [ 3774.900481527332886, 25884.990198285966471 ], [ 3774.9, 25885.0 ], [ 3774.9, 26088.959874268519343 ], [ 3752.92773581428537, 26111.930877735401737 ], [ 3752.921480300818985, 26111.938075393900363 ], [ 3752.915938827724403, 26111.94583618075194 ], [ 3752.911161787903893, 26111.954089521113929 ], [ 3752.907192622676121, 26111.96276036098061 ], [ 3752.904067426732126, 26111.971769849697012 ], [ 3752.901814619895958, 26111.981036057008168 ], [ 3752.900454688683112, 26111.99047471812446 ], [ 3752.9, 26112.0 ], [ 3752.900454688683112, 26112.00952528187554 ], [ 3752.901814619895958, 26112.018963942991832 ], [ 3752.904067426732126, 26112.028230150302988 ], [ 3752.907192622676121, 26112.03723963901939 ], [ 3752.911161787903893, 26112.045910478886071 ], [ 3752.915938827724403, 26112.05416381924806 ], [ 3752.921480300818985, 26112.061924606099637 ], [ 3752.92773581428537, 26112.069122264598263 ], [ 3774.861618865539185, 26135.0 ], [ 3752.92773581428537, 26157.930877735401737 ], [ 3752.921480300818985, 26157.938075393900363 ], [ 3752.915938827724403, 26157.94583618075194 ], [ 3752.911161787903893, 26157.954089521113929 ], [ 3752.907192622676121, 26157.96276036098061 ], [ 3752.904067426732126, 26157.971769849697012 ], [ 3752.901814619895958, 26157.981036057008168 ], [ 3752.900454688683112, 26157.99047471812446 ], [ 3752.9, 26158.0 ], [ 3752.9, 26293.95857864376012 ], [ 3729.929289321881242, 26316.929289321880788 ], [ 3729.922698954663701, 26316.93656067158372 ], [ 3729.916853038769659, 26316.944442976699065 ], [ 3729.911807873565067, 26316.952860326317023 ], [ 3729.907612046748909, 26316.961731656763732 ], [ 3729.904305966426818, 26316.970971532275144 ], [ 3729.901921471959668, 26316.980490967798687 ], [ 3729.900481527332886, 26316.990198285966471 ], [ 3729.9, 26317.0 ], [ 3729.9, 26520.95857864376012 ], [ 3706.929289321881242, 26543.929289321880788 ], [ 3706.922698954663701, 26543.93656067158372 ], [ 3706.916853038769659, 26543.944442976699065 ], [ 3706.911807873565067, 26543.952860326317023 ], [ 3706.907612046748909, 26543.961731656763732 ], [ 3706.904305966426818, 26543.970971532275144 ], [ 3706.901921471959668, 26543.980490967798687 ], [ 3706.900481527332886, 26543.990198285966471 ], [ 3706.9, 26544.0 ], [ 3706.9, 26839.95857864376012 ], [ 3683.929289321881242, 26862.929289321880788 ], [ 3683.922610933545911, 26862.936668077611102 ], [ 3683.916699059976509, 26862.944674116442911 ], [ 3683.911612256452372, 26862.95322814103929 ], [ 3683.907400906188286, 26862.962245426431764 ], [ 3683.904106721306562, 26862.97163665919652 ], [ 3683.901762329689518, 26862.981308822079882 ], [ 3683.900390951811005, 26862.991166115301894 ], [ 3683.900006170744746, 26863.001110905413952 ], [ 3683.900611797627789, 26863.011044692353607 ], [ 3683.90220183391375, 26863.020869085034064 ], [ 3683.904760530784188, 26863.030486775878671 ], [ 3683.908262545139223, 26863.039802504641557 ], [ 3683.912673190608984, 26863.048724001902883 ], [ 3683.917948781114774, 26863.057162903001881 ], [ 3683.924037063563901, 26863.065035623221775 ], [ 3683.930877735403101, 26863.072264185713721 ], [ 3706.9, 26885.04272896054681 ], [ 3706.9, 26930.95857864376012 ], [ 3683.929289321881242, 26953.929289321880788 ], [ 3683.922698954663701, 26953.93656067158372 ], [ 3683.916853038769659, 26953.944442976699065 ], [ 3683.911807873565067, 26953.952860326317023 ], [ 3683.907612046748909, 26953.961731656763732 ], [ 3683.904305966426818, 26953.970971532275144 ], [ 3683.901921471959668, 26953.980490967798687 ], [ 3683.900481527332886, 26953.990198285966471 ], [ 3683.9, 26954.0 ], [ 3683.9, 27591.0 ], [ 3683.900509133618925, 27591.010078070587042 ], [ 3683.902031350134621, 27591.020053519481735 ], [ 3683.904551149315012, 27591.029824769957486 ], [ 3683.908042872870737, 27591.039292324570852 ], [ 3683.912470965724879, 27591.048359778316808 ], [ 3683.917790338058239, 27591.056934800282761 ], [ 3683.923946824445466, 27591.064930073833239 ], [ 3683.930877735403101, 27591.072264185713721 ], [ 3706.856989838088339, 27613.001588805673236 ], [ 3683.929289321881242, 27635.929289321880788 ], [ 3683.922698954663701, 27635.93656067158372 ], [ 3683.916853038769659, 27635.944442976699065 ], [ 3683.911807873565067, 27635.952860326317023 ], [ 3683.907612046748909, 27635.961731656763732 ], [ 3683.904305966426818, 27635.970971532275144 ], [ 3683.901921471959668, 27635.980490967798687 ], [ 3683.900481527332886, 27635.990198285966471 ], [ 3683.9, 27636.0 ], [ 3683.9, 27659.0 ], [ 3683.900481527332886, 27659.009801714033529 ], [ 3683.901921471959668, 27659.019509032201313 ], [ 3683.904305966426818, 27659.029028467724856 ], [ 3683.907612046748909, 27659.038268343236268 ], [ 3683.911807873565067, 27659.047139673682977 ], [ 3683.916853038769659, 27659.055557023300935 ], [ 3683.922698954663701, 27659.06343932841628 ], [ 3683.929289321881242, 27659.070710678119212 ], [ 3706.856989838088339, 27681.998411194326764 ], [ 3683.930877735403101, 27703.927735814286279 ], [ 3683.923946824445466, 27703.935069926166761 ], [ 3683.917790338058239, 27703.943065199717239 ], [ 3683.912470965724879, 27703.951640221683192 ], [ 3683.908042872870737, 27703.960707675429148 ], [ 3683.904551149315012, 27703.970175230042514 ], [ 3683.902031350134621, 27703.979946480518265 ], [ 3683.900509133618925, 27703.989921929412958 ], [ 3683.9, 27704.0 ], [ 3683.9, 27750.0 ], [ 3683.900481527332886, 27750.009801714033529 ], [ 3683.901921471959668, 27750.019509032201313 ], [ 3683.904305966426818, 27750.029028467724856 ], [ 3683.907612046748909, 27750.038268343236268 ], [ 3683.911807873565067, 27750.047139673682977 ], [ 3683.916853038769659, 27750.055557023300935 ], [ 3683.922698954663701, 27750.06343932841628 ], [ 3683.929289321881242, 27750.070710678119212 ], [ 3706.9, 27773.04142135623988 ], [ 3706.9, 28158.95857864376012 ], [ 3683.929289321881242, 28181.929289321880788 ], [ 3683.922698954663701, 28181.93656067158372 ], [ 3683.916853038769659, 28181.944442976699065 ], [ 3683.911807873565067, 28181.952860326317023 ], [ 3683.907612046748909, 28181.961731656763732 ], [ 3683.904305966426818, 28181.970971532275144 ], [ 3683.901921471959668, 28181.980490967798687 ], [ 3683.900481527332886, 28181.990198285966471 ], [ 3683.9, 28182.0 ], [ 3683.9, 28205.0 ], [ 3683.900509133618925, 28205.010078070587042 ], [ 3683.902031350134621, 28205.020053519481735 ], [ 3683.904551149315012, 28205.029824769957486 ], [ 3683.908042872870737, 28205.039292324570852 ], [ 3683.912470965724879, 28205.048359778316808 ], [ 3683.917790338058239, 28205.056934800282761 ], [ 3683.923946824445466, 28205.064930073833239 ], [ 3683.930877735403101, 28205.072264185713721 ], [ 3706.9, 28227.04272896054681 ], [ 3706.9, 28478.0 ], [ 3706.900509133618925, 28478.010078070587042 ], [ 3706.902031350134621, 28478.020053519481735 ], [ 3706.904551149315012, 28478.029824769957486 ], [ 3706.908042872870737, 28478.039292324570852 ], [ 3706.912470965724879, 28478.048359778316808 ], [ 3706.917790338058239, 28478.056934800282761 ], [ 3706.923946824445466, 28478.064930073833239 ], [ 3706.930877735403101, 28478.072264185713721 ], [ 3729.9, 28500.04272896054681 ], [ 3729.9, 28795.95857864376012 ], [ 3706.929289321881242, 28818.929289321880788 ], [ 3706.922698954663701, 28818.93656067158372 ], [ 3706.916853038769659, 28818.944442976699065 ], [ 3706.911807873565067, 28818.952860326317023 ], [ 3706.907612046748909, 28818.961731656763732 ], [ 3706.904305966426818, 28818.970971532275144 ], [ 3706.901921471959668, 28818.980490967798687 ], [ 3706.900481527332886, 28818.990198285966471 ], [ 3706.9, 28819.0 ], [ 3706.9, 28842.0 ], [ 3706.900509133618925, 28842.010078070587042 ], [ 3706.902031350134621, 28842.020053519481735 ], [ 3706.904551149315012, 28842.029824769957486 ], [ 3706.908042872870737, 28842.039292324570852 ], [ 3706.912470965724879, 28842.048359778316808 ], [ 3706.917790338058239, 28842.056934800282761 ], [ 3706.923946824445466, 28842.064930073833239 ], [ 3706.930877735403101, 28842.072264185713721 ], [ 3729.9, 28864.04272896054681 ], [ 3729.9, 28910.0 ], [ 3729.900481527332886, 28910.009801714033529 ], [ 3729.901921471959668, 28910.019509032201313 ], [ 3729.904305966426818, 28910.029028467724856 ], [ 3729.907612046748909, 28910.038268343236268 ], [ 3729.911807873565067, 28910.047139673682977 ], [ 3729.916853038769659, 28910.055557023300935 ], [ 3729.922698954663701, 28910.06343932841628 ], [ 3729.929289321881242, 28910.070710678119212 ], [ 3752.9, 28933.04142135623988 ], [ 3752.9, 29206.0 ], [ 3752.900481527332886, 29206.009801714033529 ], [ 3752.901921471959668, 29206.019509032201313 ], [ 3752.904305966426818, 29206.029028467724856 ], [ 3752.907612046748909, 29206.038268343236268 ], [ 3752.911807873565067, 29206.047139673682977 ], [ 3752.916853038769659, 29206.055557023300935 ], [ 3752.922698954663701, 29206.06343932841628 ], [ 3752.929289321881242, 29206.070710678119212 ], [ 3774.9, 29228.04142135623988 ], [ 3774.9, 29250.959874268519343 ], [ 3752.92773581428537, 29273.930877735401737 ], [ 3752.921480300818985, 29273.938075393900363 ], [ 3752.915938827724403, 29273.94583618075194 ], [ 3752.911161787903893, 29273.954089521113929 ], [ 3752.907192622676121, 29273.96276036098061 ], [ 3752.904067426732126, 29273.971769849697012 ], [ 3752.901814619895958, 29273.981036057008168 ], [ 3752.900454688683112, 29273.99047471812446 ], [ 3752.9, 29274.0 ], [ 3752.900454688683112, 29274.00952528187554 ], [ 3752.901814619895958, 29274.018963942991832 ], [ 3752.904067426732126, 29274.028230150302988 ], [ 3752.907192622676121, 29274.03723963901939 ], [ 3752.911161787903893, 29274.045910478886071 ], [ 3752.915938827724403, 29274.05416381924806 ], [ 3752.921480300818985, 29274.061924606099637 ], [ 3752.92773581428537, 29274.069122264598263 ], [ 3774.9, 29297.040125731480657 ], [ 3774.9, 29524.0 ], [ 3774.900481527332886, 29524.009801714033529 ], [ 3774.901921471959668, 29524.019509032201313 ], [ 3774.904305966426818, 29524.029028467724856 ], [ 3774.907612046748909, 29524.038268343236268 ], [ 3774.911807873565067, 29524.047139673682977 ], [ 3774.916853038769659, 29524.055557023300935 ], [ 3774.922698954663701, 29524.06343932841628 ], [ 3774.929289321881242, 29524.070710678119212 ], [ 3797.9, 29547.04142135623988 ], [ 3797.9, 29842.0 ], [ 3797.900481527332886, 29842.009801714033529 ], [ 3797.901921471959668, 29842.019509032201313 ], [ 3797.904305966426818, 29842.029028467724856 ], [ 3797.907612046748909, 29842.038268343236268 ], [ 3797.911807873565067, 29842.047139673682977 ], [ 3797.916853038769659, 29842.055557023300935 ], [ 3797.922698954663701, 29842.06343932841628 ], [ 3797.929289321881242, 29842.070710678119212 ], [ 3820.9, 29865.04142135623988 ], [ 3820.9, 30047.0 ], [ 3820.900481527332886, 30047.009801714033529 ], [ 3820.901921471959668, 30047.019509032201313 ], [ 3820.904305966426818, 30047.029028467724856 ], [ 3820.907612046748909, 30047.038268343236268 ], [ 3820.911807873565067, 30047.047139673682977 ], [ 3820.916853038769659, 30047.055557023300935 ], [ 3820.922698954663701, 30047.06343932841628 ], [ 3820.929289321881242, 30047.070710678119212 ], [ 3843.9, 30070.04142135623988 ], [ 3843.9, 30275.0 ], [ 3843.900481527332886, 30275.009801714033529 ], [ 3843.901921471959668, 30275.019509032201313 ], [ 3843.904305966426818, 30275.029028467724856 ], [ 3843.907612046748909, 30275.038268343236268 ], [ 3843.911807873565067, 30275.047139673682977 ], [ 3843.916853038769659, 30275.055557023300935 ], [ 3843.922698954663701, 30275.06343932841628 ], [ 3843.929289321881242, 30275.070710678119212 ], [ 3865.9, 30297.04142135623988 ], [ 3865.9, 30457.0 ], [ 3865.900509133618925, 30457.010078070587042 ], [ 3865.902031350134621, 30457.020053519481735 ], [ 3865.904551149315012, 30457.029824769957486 ], [ 3865.908042872870737, 30457.039292324570852 ], [ 3865.912470965724879, 30457.048359778316808 ], [ 3865.917790338058239, 30457.056934800282761 ], [ 3865.923946824445466, 30457.064930073833239 ], [ 3865.930877735403101, 30457.072264185713721 ], [ 3888.9, 30479.04272896054681 ], [ 3888.9, 30639.0 ], [ 3888.900509133618925, 30639.010078070587042 ], [ 3888.902031350134621, 30639.020053519481735 ], [ 3888.904551149315012, 30639.029824769957486 ], [ 3888.908042872870737, 30639.039292324570852 ], [ 3888.912470965724879, 30639.048359778316808 ], [ 3888.917790338058239, 30639.056934800282761 ], [ 3888.923946824445466, 30639.064930073833239 ], [ 3888.930877735403101, 30639.072264185713721 ], [ 3911.9, 30661.04272896054681 ], [ 3911.9, 30843.0 ], [ 3911.900481527332886, 30843.009801714033529 ], [ 3911.901921471959668, 30843.019509032201313 ], [ 3911.904305966426818, 30843.029028467724856 ], [ 3911.907612046748909, 30843.038268343236268 ], [ 3911.911807873565067, 30843.047139673682977 ], [ 3911.916853038769659, 30843.055557023300935 ], [ 3911.922698954663701, 30843.06343932841628 ], [ 3911.929289321881242, 30843.070710678119212 ], [ 3934.9, 30866.04142135623988 ], [ 3934.9, 31207.0 ], [ 3934.900481527332886, 31207.009801714033529 ], [ 3934.901921471959668, 31207.019509032201313 ], [ 3934.904305966426818, 31207.029028467724856 ], [ 3934.907612046748909, 31207.038268343236268 ], [ 3934.911807873565067, 31207.047139673682977 ], [ 3934.916853038769659, 31207.055557023300935 ], [ 3934.922698954663701, 31207.06343932841628 ], [ 3934.929289321881242, 31207.070710678119212 ], [ 3934.93656067158372, 31207.077301045337663 ], [ 3934.944442976698156, 31207.08314696123125 ], [ 3934.952860326317477, 31207.088192126433569 ], [ 3934.961731656763277, 31207.09238795325291 ], [ 3934.970971532274689, 31207.095694033574546 ], [ 3934.980490967798232, 31207.098078528040787 ], [ 3934.990198285966926, 31207.099518472667114 ], [ 3935.0, 31207.099999999998545 ], [ 4138.95857864376103, 31207.099999999998545 ], [ 4161.899999999999636, 31230.041421356236242 ], [ 4161.899999999999636, 32458.0 ], [ 4161.900481527332886, 32458.009801714033529 ], [ 4161.901921471960122, 32458.019509032201313 ], [ 4161.904305966427273, 32458.029028467724856 ], [ 4161.907612046748909, 32458.038268343236268 ], [ 4161.911807873565522, 32458.047139673682977 ], [ 4161.916853038769659, 32458.055557023300935 ], [ 4161.922698954664156, 32458.06343932841628 ], [ 4161.929289321881697, 32458.070710678119212 ], [ 4184.899999999999636, 32481.041421356236242 ], [ 4184.899999999999636, 32549.0 ], [ 4184.900481527332886, 32549.009801714033529 ], [ 4184.901921471960122, 32549.019509032201313 ], [ 4184.904305966427273, 32549.029028467724856 ], [ 4184.907612046748909, 32549.038268343236268 ], [ 4184.911807873565522, 32549.047139673682977 ], [ 4184.916853038769659, 32549.055557023300935 ], [ 4184.922698954664156, 32549.06343932841628 ], [ 4184.929289321881697, 32549.070710678119212 ], [ 4207.899999999999636, 32572.041421356236242 ], [ 4207.899999999999636, 32663.0 ], [ 4207.900454688682657, 32663.00952528187554 ], [ 4207.901814619895958, 32663.018963942991832 ], [ 4207.904067426732581, 32663.028230150302988 ], [ 4207.907192622676121, 32663.03723963901939 ], [ 4207.911161787903438, 32663.045910478886071 ], [ 4207.915938827723949, 32663.05416381924806 ], [ 4207.921480300818985, 32663.061924606099637 ], [ 4207.92773581428537, 32663.069122264598263 ], [ 4229.899999999999636, 32686.040125731480657 ], [ 4229.899999999999636, 32754.0 ], [ 4229.900481527332886, 32754.009801714033529 ], [ 4229.901921471960122, 32754.019509032201313 ], [ 4229.904305966427273, 32754.029028467724856 ], [ 4229.907612046748909, 32754.038268343236268 ], [ 4229.911807873565522, 32754.047139673682977 ], [ 4229.916853038769659, 32754.055557023300935 ], [ 4229.922698954664156, 32754.06343932841628 ], [ 4229.929289321881697, 32754.070710678119212 ], [ 4252.899999999999636, 32777.04142135623988 ], [ 4252.899999999999636, 32845.0 ], [ 4252.900481527332886, 32845.009801714033529 ], [ 4252.901921471960122, 32845.019509032201313 ], [ 4252.904305966427273, 32845.029028467724856 ], [ 4252.907612046748909, 32845.038268343239906 ], [ 4252.911807873565522, 32845.047139673682977 ], [ 4252.916853038769659, 32845.055557023304573 ], [ 4252.922698954664156, 32845.063439328419918 ], [ 4252.929289321881697, 32845.070710678119212 ], [ 4275.899999999999636, 32868.04142135623988 ], [ 4275.899999999999636, 32913.0 ], [ 4275.900481527332886, 32913.009801714033529 ], [ 4275.901921471960122, 32913.019509032201313 ], [ 4275.904305966427273, 32913.029028467724856 ], [ 4275.907612046748909, 32913.038268343239906 ], [ 4275.911807873565522, 32913.047139673682977 ], [ 4275.916853038769659, 32913.055557023304573 ], [ 4275.922698954664156, 32913.063439328419918 ], [ 4275.929289321881697, 32913.070710678119212 ], [ 4298.899999999999636, 32936.04142135623988 ], [ 4298.899999999999636, 33027.0 ], [ 4298.900454688682657, 33027.009525281871902 ], [ 4298.901814619895958, 33027.01896394299547 ], [ 4298.904067426732581, 33027.028230150302988 ], [ 4298.907192622676121, 33027.037239639023028 ], [ 4298.911161787903438, 33027.045910478882433 ], [ 4298.915938827723949, 33027.054163819251698 ], [ 4298.921480300818985, 33027.061924606095999 ], [ 4298.92773581428537, 33027.069122264598263 ], [ 4320.860132534892728, 33049.998446108867938 ], [ 4298.929289321881697, 33071.929289321880788 ], [ 4298.922787124847673, 33071.936453387890651 ], [ 4298.91700765891801, 33071.944212265487295 ], [ 4298.91200502128595, 33071.952493329721619 ], [ 4298.907826037843734, 33071.961219067823549 ], [ 4298.904509824884371, 33071.970307804789627 ], [ 4298.902087422958175, 33071.979674467853329 ], [ 4298.900581506331037, 33071.989231382794969 ], [ 4298.900006170744746, 33071.99888909458241 ], [ 4298.900366801479322, 33072.008557204717363 ], [ 4298.90166002294427, 33072.018145217349229 ], [ 4298.903873730276246, 33072.027563386385737 ], [ 4298.906987202639357, 33072.036723555480421 ], [ 4298.910971297184915, 33072.045539983257186 ], [ 4298.915788721826175, 33072.053930145819322 ], [ 4298.921394384310588, 33072.061815509237931 ], [ 4298.92773581428537, 33072.069122264598263 ], [ 4320.899999999999636, 33095.040125731480657 ], [ 4320.899999999999636, 33141.0 ], [ 4320.900509133618471, 33141.010078070583404 ], [ 4320.902031350134166, 33141.020053519481735 ], [ 4320.904551149315012, 33141.029824769953848 ], [ 4320.908042872871192, 33141.039292324567214 ], [ 4320.912470965724424, 33141.048359778316808 ], [ 4320.917790338058694, 33141.056934800282761 ], [ 4320.92394682444592, 33141.064930073836877 ], [ 4320.930877735403556, 33141.072264185713721 ], [ 4343.899999999999636, 33163.042728960543172 ], [ 4343.899999999999636, 33209.0 ], [ 4343.900481527332886, 33209.009801714033529 ], [ 4343.901921471960122, 33209.019509032201313 ], [ 4343.904305966427273, 33209.029028467724856 ], [ 4343.907612046748909, 33209.038268343239906 ], [ 4343.911807873565522, 33209.047139673682977 ], [ 4343.916853038769659, 33209.055557023304573 ], [ 4343.922698954664156, 33209.063439328419918 ], [ 4343.929289321881697, 33209.070710678119212 ], [ 4366.899999999999636, 33232.04142135623988 ], [ 4366.899999999999636, 33254.0 ], [ 4366.900481527332886, 33254.009801714033529 ], [ 4366.901921471960122, 33254.019509032201313 ], [ 4366.904305966427273, 33254.029028467724856 ], [ 4366.907612046748909, 33254.038268343239906 ], [ 4366.911807873565522, 33254.047139673682977 ], [ 4366.916853038769659, 33254.055557023304573 ], [ 4366.922698954664156, 33254.063439328419918 ], [ 4366.929289321881697, 33254.070710678119212 ], [ 4389.899999999999636, 33277.04142135623988 ], [ 4389.899999999999636, 33323.0 ], [ 4389.900481527332886, 33323.009801714033529 ], [ 4389.901921471960122, 33323.019509032201313 ], [ 4389.904305966427273, 33323.029028467724856 ], [ 4389.907612046748909, 33323.038268343239906 ], [ 4389.911807873565522, 33323.047139673682977 ], [ 4389.916853038769659, 33323.055557023304573 ], [ 4389.922698954664156, 33323.063439328419918 ], [ 4389.929289321881697, 33323.070710678119212 ], [ 4411.899999999999636, 33345.04142135623988 ], [ 4411.899999999999636, 33391.0 ], [ 4411.900481527332886, 33391.009801714033529 ], [ 4411.901921471960122, 33391.019509032201313 ], [ 4411.904305966427273, 33391.029028467724856 ], [ 4411.907612046748909, 33391.038268343239906 ], [ 4411.911807873565522, 33391.047139673682977 ], [ 4411.916853038769659, 33391.055557023304573 ], [ 4411.922698954664156, 33391.063439328419918 ], [ 4411.929289321881697, 33391.070710678119212 ], [ 4434.899999999999636, 33414.04142135623988 ], [ 4434.899999999999636, 33459.0 ], [ 4434.900481527332886, 33459.009801714033529 ], [ 4434.901921471960122, 33459.019509032201313 ], [ 4434.904305966427273, 33459.029028467724856 ], [ 4434.907612046748909, 33459.038268343239906 ], [ 4434.911807873565522, 33459.047139673682977 ], [ 4434.916853038769659, 33459.055557023304573 ], [ 4434.922698954664156, 33459.063439328419918 ], [ 4434.929289321881697, 33459.070710678119212 ], [ 4457.899999999999636, 33482.04142135623988 ], [ 4457.899999999999636, 33527.0 ], [ 4457.900454688682657, 33527.009525281871902 ], [ 4457.901814619895958, 33527.01896394299547 ], [ 4457.904067426732581, 33527.028230150302988 ], [ 4457.907192622676121, 33527.037239639023028 ], [ 4457.911161787903438, 33527.045910478882433 ], [ 4457.915938827723949, 33527.054163819251698 ], [ 4457.921480300818985, 33527.061924606095999 ], [ 4457.92773581428537, 33527.069122264598263 ], [ 4479.899999999999636, 33550.040125731480657 ], [ 4479.899999999999636, 33641.0 ], [ 4479.900481527332886, 33641.009801714033529 ], [ 4479.901921471960122, 33641.019509032201313 ], [ 4479.904305966427273, 33641.029028467724856 ], [ 4479.907612046748909, 33641.038268343239906 ], [ 4479.911807873565522, 33641.047139673682977 ], [ 4479.916853038769659, 33641.055557023304573 ], [ 4479.922698954664156, 33641.063439328419918 ], [ 4479.929289321881697, 33641.070710678119212 ], [ 4502.899999999999636, 33664.04142135623988 ], [ 4502.899999999999636, 33709.0 ], [ 4502.900481527332886, 33709.009801714033529 ], [ 4502.901921471960122, 33709.019509032201313 ], [ 4502.904305966427273, 33709.029028467724856 ], [ 4502.907612046748909, 33709.038268343239906 ], [ 4502.911807873565522, 33709.047139673682977 ], [ 4502.916853038769659, 33709.055557023304573 ], [ 4502.922698954664156, 33709.063439328419918 ], [ 4502.929289321881697, 33709.070710678119212 ], [ 4525.899999999999636, 33732.04142135623988 ], [ 4525.899999999999636, 33800.0 ], [ 4525.900481527332886, 33800.009801714033529 ], [ 4525.901921471960122, 33800.019509032201313 ], [ 4525.904305966427273, 33800.029028467724856 ], [ 4525.907612046748909, 33800.038268343239906 ], [ 4525.911807873565522, 33800.047139673682977 ], [ 4525.916853038769659, 33800.055557023304573 ], [ 4525.922698954664156, 33800.063439328419918 ], [ 4525.929289321881697, 33800.070710678119212 ], [ 4548.899999999999636, 33823.04142135623988 ], [ 4548.899999999999636, 33868.0 ], [ 4548.900454688682657, 33868.009525281871902 ], [ 4548.901814619895958, 33868.01896394299547 ], [ 4548.904067426732581, 33868.028230150302988 ], [ 4548.907192622676121, 33868.037239639023028 ], [ 4548.911161787903438, 33868.045910478882433 ], [ 4548.915938827723949, 33868.054163819251698 ], [ 4548.921480300818985, 33868.061924606095999 ], [ 4548.92773581428537, 33868.069122264598263 ], [ 4570.899999999999636, 33891.040125731480657 ], [ 4570.899999999999636, 33959.0 ], [ 4570.900481527332886, 33959.009801714033529 ], [ 4570.901921471960122, 33959.019509032201313 ], [ 4570.904305966427273, 33959.029028467724856 ], [ 4570.907612046748909, 33959.038268343239906 ], [ 4570.911807873565522, 33959.047139673682977 ], [ 4570.916853038769659, 33959.055557023304573 ], [ 4570.922698954664156, 33959.063439328419918 ], [ 4570.929289321881697, 33959.070710678119212 ], [ 4593.899999999999636, 33982.04142135623988 ], [ 4593.899999999999636, 34050.0 ], [ 4593.900481527332886, 34050.009801714033529 ], [ 4593.901921471960122, 34050.019509032201313 ], [ 4593.904305966427273, 34050.029028467724856 ], [ 4593.907612046748909, 34050.038268343239906 ], [ 4593.911807873565522, 34050.047139673682977 ], [ 4593.916853038769659, 34050.055557023304573 ], [ 4593.922698954664156, 34050.063439328419918 ], [ 4593.929289321881697, 34050.070710678119212 ], [ 4616.899999999999636, 34073.04142135623988 ], [ 4616.899999999999636, 34119.0 ], [ 4616.900509133618471, 34119.010078070583404 ], [ 4616.902031350134166, 34119.020053519481735 ], [ 4616.904551149315012, 34119.029824769953848 ], [ 4616.908042872871192, 34119.039292324567214 ], [ 4616.912470965724424, 34119.048359778316808 ], [ 4616.917790338058694, 34119.056934800282761 ], [ 4616.92394682444592, 34119.064930073836877 ], [ 4616.930877735403556, 34119.072264185713721 ], [ 4639.899999999999636, 34141.042728960543172 ], [ 4639.899999999999636, 34210.0 ], [ 4639.900481527332886, 34210.009801714033529 ], [ 4639.901921471960122, 34210.019509032201313 ], [ 4639.904305966427273, 34210.029028467724856 ], [ 4639.907612046748909, 34210.038268343239906 ], [ 4639.911807873565522, 34210.047139673682977 ], [ 4639.916853038769659, 34210.055557023304573 ], [ 4639.922698954664156, 34210.063439328419918 ], [ 4639.929289321881697, 34210.070710678119212 ], [ 4661.899999999999636, 34232.04142135623988 ], [ 4661.899999999999636, 34301.0 ], [ 4661.900509133618471, 34301.010078070583404 ], [ 4661.902031350134166, 34301.020053519481735 ], [ 4661.904551149315012, 34301.029824769953848 ], [ 4661.908042872871192, 34301.039292324567214 ], [ 4661.912470965724424, 34301.048359778316808 ], [ 4661.917790338058694, 34301.056934800282761 ], [ 4661.92394682444592, 34301.064930073836877 ], [ 4661.930877735403556, 34301.072264185713721 ], [ 4684.930074899074498, 34323.071496255310194 ], [ 4707.899999999999636, 34346.04142135623988 ], [ 4707.899999999999636, 34483.0 ], [ 4707.900509133618471, 34483.010078070583404 ], [ 4707.902031350134166, 34483.020053519481735 ], [ 4707.904551149315012, 34483.029824769953848 ], [ 4707.908042872871192, 34483.039292324567214 ], [ 4707.912470965724424, 34483.048359778316808 ], [ 4707.917790338058694, 34483.056934800282761 ], [ 4707.92394682444592, 34483.064930073836877 ], [ 4707.930877735403556, 34483.072264185713721 ], [ 4730.899999999999636, 34505.042728960543172 ], [ 4730.899999999999636, 34551.0 ], [ 4730.900454688682657, 34551.009525281871902 ], [ 4730.901814619895958, 34551.01896394299547 ], [ 4730.904067426732581, 34551.028230150302988 ], [ 4730.907192622676121, 34551.037239639023028 ], [ 4730.911161787903438, 34551.045910478882433 ], [ 4730.915938827723949, 34551.054163819251698 ], [ 4730.921480300818985, 34551.061924606095999 ], [ 4730.92773581428537, 34551.069122264598263 ], [ 4752.899999999999636, 34574.040125731480657 ], [ 4752.899999999999636, 34619.0 ], [ 4752.900481527332886, 34619.009801714033529 ], [ 4752.901921471960122, 34619.019509032201313 ], [ 4752.904305966427273, 34619.029028467724856 ], [ 4752.907612046748909, 34619.038268343239906 ], [ 4752.911807873565522, 34619.047139673682977 ], [ 4752.916853038769659, 34619.055557023304573 ], [ 4752.922698954664156, 34619.063439328419918 ], [ 4752.929289321881697, 34619.070710678119212 ], [ 4775.899999999999636, 34642.04142135623988 ], [ 4775.899999999999636, 34687.0 ], [ 4775.900481527332886, 34687.009801714033529 ], [ 4775.901921471960122, 34687.019509032201313 ], [ 4775.904305966427273, 34687.029028467724856 ], [ 4775.907612046748909, 34687.038268343239906 ], [ 4775.911807873565522, 34687.047139673682977 ], [ 4775.916853038769659, 34687.055557023304573 ], [ 4775.922698954664156, 34687.063439328419918 ], [ 4775.929289321881697, 34687.070710678119212 ], [ 4798.899999999999636, 34710.04142135623988 ], [ 4798.899999999999636, 34756.0 ], [ 4798.900509133618471, 34756.010078070583404 ], [ 4798.902031350134166, 34756.020053519481735 ], [ 4798.904551149315012, 34756.029824769953848 ], [ 4798.908042872871192, 34756.039292324567214 ], [ 4798.912470965724424, 34756.048359778316808 ], [ 4798.917790338058694, 34756.056934800282761 ], [ 4798.92394682444592, 34756.064930073836877 ], [ 4798.930877735403556, 34756.072264185713721 ], [ 4821.899999999999636, 34778.042728960543172 ], [ 4821.899999999999636, 34847.0 ], [ 4821.900481527332886, 34847.009801714033529 ], [ 4821.901921471960122, 34847.019509032201313 ], [ 4821.904305966427273, 34847.029028467724856 ], [ 4821.907612046748909, 34847.038268343239906 ], [ 4821.911807873565522, 34847.047139673682977 ], [ 4821.916853038769659, 34847.055557023304573 ], [ 4821.922698954664156, 34847.063439328419918 ], [ 4821.929289321881697, 34847.070710678119212 ], [ 4843.899999999999636, 34869.04142135623988 ], [ 4843.899999999999636, 34892.0 ], [ 4843.900481527332886, 34892.009801714033529 ], [ 4843.901921471960122, 34892.019509032201313 ], [ 4843.904305966427273, 34892.029028467724856 ], [ 4843.907612046748909, 34892.038268343239906 ], [ 4843.911807873565522, 34892.047139673682977 ], [ 4843.916853038769659, 34892.055557023304573 ], [ 4843.922698954664156, 34892.063439328419918 ], [ 4843.929289321881697, 34892.070710678119212 ], [ 4866.899999999999636, 34915.04142135623988 ], [ 4866.899999999999636, 34960.0 ], [ 4866.900481527332886, 34960.009801714033529 ], [ 4866.901921471960122, 34960.019509032201313 ], [ 4866.904305966427273, 34960.029028467724856 ], [ 4866.907612046748909, 34960.038268343239906 ], [ 4866.911807873565522, 34960.047139673682977 ], [ 4866.916853038769659, 34960.055557023304573 ], [ 4866.922698954664156, 34960.063439328419918 ], [ 4866.929289321881697, 34960.070710678119212 ], [ 4889.899999999999636, 34983.04142135623988 ], [ 4889.899999999999636, 35029.0 ], [ 4889.900509133618471, 35029.010078070583404 ], [ 4889.902031350134166, 35029.020053519481735 ], [ 4889.904551149315012, 35029.029824769953848 ], [ 4889.908042872871192, 35029.039292324567214 ], [ 4889.912470965724424, 35029.048359778316808 ], [ 4889.917790338058694, 35029.056934800282761 ], [ 4889.92394682444592, 35029.064930073836877 ], [ 4889.930877735403556, 35029.072264185713721 ], [ 4912.899999999999636, 35051.042728960543172 ], [ 4912.899999999999636, 35074.0 ], [ 4912.900454688682657, 35074.009525281871902 ], [ 4912.901814619895958, 35074.01896394299547 ], [ 4912.904067426732581, 35074.028230150302988 ], [ 4912.907192622676121, 35074.037239639023028 ], [ 4912.911161787903438, 35074.045910478882433 ], [ 4912.915938827723949, 35074.054163819251698 ], [ 4912.921480300818985, 35074.061924606095999 ], [ 4912.92773581428537, 35074.069122264598263 ], [ 4934.899999999999636, 35097.040125731480657 ], [ 4934.899999999999636, 35165.0 ], [ 4934.900481527332886, 35165.009801714033529 ], [ 4934.901921471960122, 35165.019509032201313 ], [ 4934.904305966427273, 35165.029028467724856 ], [ 4934.907612046748909, 35165.038268343239906 ], [ 4934.911807873565522, 35165.047139673682977 ], [ 4934.916853038769659, 35165.055557023304573 ], [ 4934.922698954664156, 35165.063439328419918 ], [ 4934.929289321881697, 35165.070710678119212 ], [ 4957.899999999999636, 35188.04142135623988 ], [ 4957.899999999999636, 35233.0 ], [ 4957.900481527332886, 35233.009801714033529 ], [ 4957.901921471960122, 35233.019509032201313 ], [ 4957.904305966427273, 35233.029028467724856 ], [ 4957.907612046748909, 35233.038268343239906 ], [ 4957.911807873565522, 35233.047139673682977 ], [ 4957.916853038769659, 35233.055557023304573 ], [ 4957.922698954664156, 35233.063439328419918 ], [ 4957.929289321881697, 35233.070710678119212 ], [ 4980.899999999999636, 35256.04142135623988 ], [ 4980.899999999999636, 35302.0 ], [ 4980.900509133618471, 35302.010078070583404 ], [ 4980.902031350134166, 35302.020053519481735 ], [ 4980.904551149315012, 35302.029824769953848 ], [ 4980.908042872871192, 35302.039292324567214 ], [ 4980.912470965724424, 35302.048359778316808 ], [ 4980.917790338058694, 35302.056934800282761 ], [ 4980.92394682444592, 35302.064930073836877 ], [ 4980.930877735403556, 35302.072264185713721 ], [ 5003.899999999999636, 35324.042728960543172 ], [ 5003.899999999999636, 35347.0 ], [ 5003.900454688682657, 35347.009525281871902 ], [ 5003.901814619895958, 35347.01896394299547 ], [ 5003.904067426732581, 35347.028230150302988 ], [ 5003.907192622676121, 35347.037239639023028 ], [ 5003.911161787903438, 35347.045910478882433 ], [ 5003.915938827723949, 35347.054163819251698 ], [ 5003.921480300818985, 35347.061924606095999 ], [ 5003.92773581428537, 35347.069122264598263 ], [ 5025.92773581428537, 35370.069122264598263 ], [ 5025.935069926166761, 35370.076053175551351 ], [ 5025.94306519971542, 35370.082209661944944 ], [ 5025.951640221683192, 35370.087529034273757 ], [ 5025.960707675430058, 35370.091957127129717 ], [ 5025.970175230044333, 35370.095448850683169 ], [ 5025.979946480520084, 35370.097968649868562 ], [ 5025.989921929414777, 35370.099490866377892 ], [ 5026.0, 35370.099999999998545 ], [ 5185.95857864376103, 35370.099999999998545 ], [ 5207.899999999999636, 35392.04142135623988 ], [ 5207.899999999999636, 35961.0 ], [ 5207.900481527332886, 35961.009801714033529 ], [ 5207.901921471960122, 35961.019509032201313 ], [ 5207.904305966427273, 35961.029028467724856 ], [ 5207.907612046748909, 35961.038268343239906 ], [ 5207.911807873565522, 35961.047139673682977 ], [ 5207.916853038769659, 35961.055557023304573 ], [ 5207.922698954664156, 35961.063439328419918 ], [ 5207.929289321881697, 35961.070710678119212 ], [ 5230.899999999999636, 35984.04142135623988 ], [ 5230.899999999999636, 36029.0 ], [ 5230.900481527332886, 36029.009801714033529 ], [ 5230.901921471960122, 36029.019509032201313 ], [ 5230.904305966427273, 36029.029028467724856 ], [ 5230.907612046748909, 36029.038268343239906 ], [ 5230.911807873565522, 36029.047139673682977 ], [ 5230.916853038769659, 36029.055557023304573 ], [ 5230.922698954664156, 36029.063439328419918 ], [ 5230.929289321881697, 36029.070710678119212 ], [ 5253.899999999999636, 36052.04142135623988 ], [ 5253.899999999999636, 36075.0 ], [ 5253.900481527332886, 36075.009801714033529 ], [ 5253.901921471960122, 36075.019509032201313 ], [ 5253.904305966427273, 36075.029028467724856 ], [ 5253.907612046748909, 36075.038268343239906 ], [ 5253.911807873565522, 36075.047139673682977 ], [ 5253.916853038769659, 36075.055557023304573 ], [ 5253.922698954664156, 36075.063439328419918 ], [ 5253.929289321881697, 36075.070710678119212 ], [ 5276.899999999999636, 36098.04142135623988 ], [ 5276.899999999999636, 36120.0 ], [ 5276.900454688682657, 36120.009525281871902 ], [ 5276.901814619895958, 36120.01896394299547 ], [ 5276.904067426732581, 36120.028230150302988 ], [ 5276.907192622676121, 36120.037239639023028 ], [ 5276.911161787903438, 36120.045910478882433 ], [ 5276.915938827723949, 36120.054163819251698 ], [ 5276.921480300818985, 36120.061924606095999 ], [ 5276.92773581428537, 36120.069122264598263 ], [ 5298.899999999999636, 36143.040125731480657 ], [ 5298.899999999999636, 36166.0 ], [ 5298.900481527332886, 36166.009801714033529 ], [ 5298.901921471960122, 36166.019509032201313 ], [ 5298.904305966427273, 36166.029028467724856 ], [ 5298.907612046748909, 36166.038268343239906 ], [ 5298.911807873565522, 36166.047139673682977 ], [ 5298.916853038769659, 36166.055557023304573 ], [ 5298.922698954664156, 36166.063439328419918 ], [ 5298.929289321881697, 36166.070710678119212 ], [ 5321.899999999999636, 36189.04142135623988 ], [ 5321.899999999999636, 36234.0 ], [ 5321.900481527332886, 36234.009801714033529 ], [ 5321.901921471960122, 36234.019509032201313 ], [ 5321.904305966427273, 36234.029028467724856 ], [ 5321.907612046748909, 36234.038268343239906 ], [ 5321.911807873565522, 36234.047139673682977 ], [ 5321.916853038769659, 36234.055557023304573 ], [ 5321.922698954664156, 36234.063439328419918 ], [ 5321.929289321881697, 36234.070710678119212 ], [ 5344.899999999999636, 36257.04142135623988 ], [ 5344.899999999999636, 36302.0 ], [ 5344.900481527332886, 36302.009801714033529 ], [ 5344.901921471960122, 36302.019509032201313 ], [ 5344.904305966427273, 36302.029028467724856 ], [ 5344.907612046748909, 36302.038268343239906 ], [ 5344.911807873565522, 36302.047139673682977 ], [ 5344.916853038769659, 36302.055557023304573 ], [ 5344.922698954664156, 36302.063439328419918 ], [ 5344.929289321881697, 36302.070710678119212 ], [ 5367.899999999999636, 36325.04142135623988 ], [ 5367.899999999999636, 36348.0 ], [ 5367.900454688682657, 36348.009525281871902 ], [ 5367.901814619895958, 36348.01896394299547 ], [ 5367.904067426732581, 36348.028230150302988 ], [ 5367.907192622676121, 36348.037239639023028 ], [ 5367.911161787903438, 36348.045910478882433 ], [ 5367.915938827723949, 36348.054163819251698 ], [ 5367.921480300818985, 36348.061924606095999 ], [ 5367.92773581428537, 36348.069122264598263 ], [ 5389.899999999999636, 36371.040125731480657 ], [ 5389.899999999999636, 36416.0 ], [ 5389.900481527332886, 36416.009801714033529 ], [ 5389.901921471960122, 36416.019509032201313 ], [ 5389.904305966427273, 36416.029028467724856 ], [ 5389.907612046748909, 36416.038268343239906 ], [ 5389.911807873565522, 36416.047139673682977 ], [ 5389.916853038769659, 36416.055557023304573 ], [ 5389.922698954664156, 36416.063439328419918 ], [ 5389.929289321881697, 36416.070710678119212 ], [ 5412.899999999999636, 36439.04142135623988 ], [ 5412.899999999999636, 36462.0 ], [ 5412.900509133618471, 36462.010078070583404 ], [ 5412.902031350134166, 36462.020053519481735 ], [ 5412.904551149315012, 36462.029824769953848 ], [ 5412.908042872871192, 36462.039292324567214 ], [ 5412.912470965724424, 36462.048359778316808 ], [ 5412.917790338058694, 36462.056934800282761 ], [ 5412.92394682444592, 36462.064930073836877 ], [ 5412.930877735403556, 36462.072264185713721 ], [ 5435.899999999999636, 36484.042728960543172 ], [ 5435.899999999999636, 36530.0 ], [ 5435.900481527332886, 36530.009801714033529 ], [ 5435.901921471960122, 36530.019509032201313 ], [ 5435.904305966427273, 36530.029028467724856 ], [ 5435.907612046748909, 36530.038268343239906 ], [ 5435.911807873565522, 36530.047139673682977 ], [ 5435.916853038769659, 36530.055557023304573 ], [ 5435.922698954664156, 36530.063439328419918 ], [ 5435.929289321881697, 36530.070710678119212 ], [ 5458.899999999999636, 36553.04142135623988 ], [ 5458.899999999999636, 36598.0 ], [ 5458.900454688682657, 36598.009525281871902 ], [ 5458.901814619895958, 36598.01896394299547 ], [ 5458.904067426732581, 36598.028230150302988 ], [ 5458.907192622676121, 36598.037239639023028 ], [ 5458.911161787903438, 36598.045910478882433 ], [ 5458.915938827723949, 36598.054163819251698 ], [ 5458.921480300818985, 36598.061924606095999 ], [ 5458.92773581428537, 36598.069122264598263 ], [ 5480.899999999999636, 36621.040125731480657 ], [ 5480.899999999999636, 36644.0 ], [ 5480.900509133618471, 36644.010078070583404 ], [ 5480.902031350134166, 36644.020053519481735 ], [ 5480.904551149315012, 36644.029824769953848 ], [ 5480.908042872871192, 36644.039292324567214 ], [ 5480.912470965724424, 36644.048359778316808 ], [ 5480.917790338058694, 36644.056934800282761 ], [ 5480.92394682444592, 36644.064930073836877 ], [ 5480.930877735403556, 36644.072264185713721 ], [ 5503.899999999999636, 36666.042728960543172 ], [ 5503.899999999999636, 36712.0 ], [ 5503.900481527332886, 36712.009801714033529 ], [ 5503.901921471960122, 36712.019509032201313 ], [ 5503.904305966427273, 36712.029028467724856 ], [ 5503.907612046748909, 36712.038268343239906 ], [ 5503.911807873565522, 36712.047139673682977 ], [ 5503.916853038769659, 36712.055557023304573 ], [ 5503.922698954664156, 36712.063439328419918 ], [ 5503.929289321881697, 36712.070710678119212 ], [ 5526.899999999999636, 36735.04142135623988 ], [ 5526.899999999999636, 36757.0 ], [ 5526.900481527332886, 36757.009801714033529 ], [ 5526.901921471960122, 36757.019509032201313 ], [ 5526.904305966427273, 36757.029028467724856 ], [ 5526.907612046748909, 36757.038268343239906 ], [ 5526.911807873565522, 36757.047139673682977 ], [ 5526.916853038769659, 36757.055557023304573 ], [ 5526.922698954664156, 36757.063439328419918 ], [ 5526.929289321881697, 36757.070710678119212 ], [ 5549.899999999999636, 36780.04142135623988 ], [ 5549.899999999999636, 36825.0 ], [ 5549.900454688682657, 36825.009525281871902 ], [ 5549.901814619895958, 36825.01896394299547 ], [ 5549.904067426732581, 36825.028230150302988 ], [ 5549.907192622676121, 36825.037239639023028 ], [ 5549.911161787903438, 36825.045910478882433 ], [ 5549.915938827723949, 36825.054163819251698 ], [ 5549.921480300818985, 36825.061924606095999 ], [ 5549.92773581428537, 36825.069122264598263 ], [ 5571.899999999999636, 36848.040125731480657 ], [ 5571.899999999999636, 36871.0 ], [ 5571.900481527332886, 36871.009801714033529 ], [ 5571.901921471960122, 36871.019509032201313 ], [ 5571.904305966427273, 36871.029028467724856 ], [ 5571.907612046748909, 36871.038268343239906 ], [ 5571.911807873565522, 36871.047139673682977 ], [ 5571.916853038769659, 36871.055557023304573 ], [ 5571.922698954664156, 36871.063439328419918 ], [ 5571.929289321881697, 36871.070710678119212 ], [ 5594.899999999999636, 36894.04142135623988 ], [ 5594.899999999999636, 36939.0 ], [ 5594.900481527332886, 36939.009801714033529 ], [ 5594.901921471960122, 36939.019509032201313 ], [ 5594.904305966427273, 36939.029028467724856 ], [ 5594.907612046748909, 36939.038268343239906 ], [ 5594.911807873565522, 36939.047139673682977 ], [ 5594.916853038769659, 36939.055557023304573 ], [ 5594.922698954664156, 36939.063439328419918 ], [ 5594.929289321881697, 36939.070710678119212 ], [ 5617.899999999999636, 36962.04142135623988 ], [ 5617.899999999999636, 37007.0 ], [ 5617.900481527332886, 37007.009801714033529 ], [ 5617.901921471960122, 37007.019509032201313 ], [ 5617.904305966427273, 37007.029028467724856 ], [ 5617.907612046748909, 37007.038268343239906 ], [ 5617.911807873565522, 37007.047139673682977 ], [ 5617.916853038769659, 37007.055557023304573 ], [ 5617.922698954664156, 37007.063439328419918 ], [ 5617.929289321881697, 37007.070710678119212 ], [ 5640.899999999999636, 37030.04142135623988 ], [ 5640.899999999999636, 37076.0 ], [ 5640.900481527332886, 37076.009801714033529 ], [ 5640.901921471960122, 37076.019509032201313 ], [ 5640.904305966427273, 37076.029028467724856 ], [ 5640.907612046748909, 37076.038268343239906 ], [ 5640.911807873565522, 37076.047139673682977 ], [ 5640.916853038769659, 37076.055557023304573 ], [ 5640.922698954664156, 37076.063439328419918 ], [ 5640.929289321881697, 37076.070710678119212 ], [ 5662.899999999999636, 37098.04142135623988 ], [ 5662.899999999999636, 37144.0 ], [ 5662.900481527332886, 37144.009801714033529 ], [ 5662.901921471960122, 37144.019509032201313 ], [ 5662.904305966427273, 37144.029028467724856 ], [ 5662.907612046748909, 37144.038268343239906 ], [ 5662.911807873565522, 37144.047139673682977 ], [ 5662.916853038769659, 37144.055557023304573 ], [ 5662.922698954664156, 37144.063439328419918 ], [ 5662.929289321881697, 37144.070710678119212 ], [ 5685.899999999999636, 37167.04142135623988 ], [ 5685.899999999999636, 37212.0 ], [ 5685.900481527332886, 37212.009801714033529 ], [ 5685.901921471960122, 37212.019509032201313 ], [ 5685.904305966427273, 37212.029028467724856 ], [ 5685.907612046748909, 37212.038268343239906 ], [ 5685.911807873565522, 37212.047139673682977 ], [ 5685.916853038769659, 37212.055557023304573 ], [ 5685.922698954664156, 37212.063439328419918 ], [ 5685.929289321881697, 37212.070710678119212 ], [ 5708.899999999999636, 37235.04142135623988 ], [ 5708.899999999999636, 37280.0 ], [ 5708.900481527332886, 37280.009801714033529 ], [ 5708.901921471960122, 37280.019509032201313 ], [ 5708.904305966427273, 37280.029028467724856 ], [ 5708.907612046748909, 37280.038268343239906 ], [ 5708.911807873565522, 37280.047139673682977 ], [ 5708.916853038769659, 37280.055557023304573 ], [ 5708.922698954664156, 37280.063439328419918 ], [ 5708.929289321881697, 37280.070710678119212 ], [ 5731.899999999999636, 37303.04142135623988 ], [ 5731.899999999999636, 37349.0 ], [ 5731.900481527332886, 37349.009801714033529 ], [ 5731.901921471960122, 37349.019509032201313 ], [ 5731.904305966427273, 37349.029028467724856 ], [ 5731.907612046748909, 37349.038268343239906 ], [ 5731.911807873565522, 37349.047139673682977 ], [ 5731.916853038769659, 37349.055557023304573 ], [ 5731.922698954664156, 37349.063439328419918 ], [ 5731.929289321881697, 37349.070710678119212 ], [ 5753.899999999999636, 37371.04142135623988 ], [ 5753.899999999999636, 37417.0 ], [ 5753.900481527332886, 37417.009801714033529 ], [ 5753.901921471960122, 37417.019509032201313 ], [ 5753.904305966427273, 37417.029028467724856 ], [ 5753.907612046748909, 37417.038268343239906 ], [ 5753.911807873565522, 37417.047139673682977 ], [ 5753.916853038769659, 37417.055557023304573 ], [ 5753.922698954664156, 37417.063439328419918 ], [ 5753.929289321881697, 37417.070710678119212 ], [ 5776.899999999999636, 37440.04142135623988 ], [ 5776.899999999999636, 37462.0 ], [ 5776.900481527332886, 37462.009801714033529 ], [ 5776.901921471960122, 37462.019509032201313 ], [ 5776.904305966427273, 37462.029028467724856 ], [ 5776.907612046748909, 37462.038268343239906 ], [ 5776.911807873565522, 37462.047139673682977 ], [ 5776.916853038769659, 37462.055557023304573 ], [ 5776.922698954664156, 37462.063439328419918 ], [ 5776.929289321881697, 37462.070710678119212 ], [ 5799.899999999999636, 37485.04142135623988 ], [ 5799.899999999999636, 37531.0 ], [ 5799.900509133618471, 37531.010078070583404 ], [ 5799.902031350134166, 37531.020053519481735 ], [ 5799.904551149315012, 37531.029824769953848 ], [ 5799.908042872871192, 37531.039292324567214 ], [ 5799.912470965724424, 37531.048359778316808 ], [ 5799.917790338058694, 37531.056934800282761 ], [ 5799.92394682444592, 37531.064930073836877 ], [ 5799.930877735403556, 37531.072264185713721 ], [ 5822.899999999999636, 37553.042728960543172 ], [ 5822.899999999999636, 37599.0 ], [ 5822.900454688682657, 37599.009525281871902 ], [ 5822.901814619895958, 37599.01896394299547 ], [ 5822.904067426732581, 37599.028230150302988 ], [ 5822.907192622676121, 37599.037239639023028 ], [ 5822.911161787903438, 37599.045910478882433 ], [ 5822.915938827723949, 37599.054163819251698 ], [ 5822.921480300818985, 37599.061924606095999 ], [ 5822.92773581428537, 37599.069122264598263 ], [ 5844.899999999999636, 37622.040125731480657 ], [ 5844.899999999999636, 37667.0 ], [ 5844.900481527332886, 37667.009801714033529 ], [ 5844.901921471960122, 37667.019509032201313 ], [ 5844.904305966427273, 37667.029028467724856 ], [ 5844.907612046748909, 37667.038268343239906 ], [ 5844.911807873565522, 37667.047139673682977 ], [ 5844.916853038769659, 37667.055557023304573 ], [ 5844.922698954664156, 37667.063439328419918 ], [ 5844.929289321881697, 37667.070710678119212 ], [ 5867.899999999999636, 37690.04142135623988 ], [ 5867.899999999999636, 37713.0 ], [ 5867.900509133618471, 37713.010078070583404 ], [ 5867.902031350134166, 37713.020053519481735 ], [ 5867.904551149315012, 37713.029824769953848 ], [ 5867.908042872871192, 37713.039292324567214 ], [ 5867.912470965724424, 37713.048359778316808 ], [ 5867.917790338058694, 37713.056934800282761 ], [ 5867.92394682444592, 37713.064930073836877 ], [ 5867.930877735403556, 37713.072264185713721 ], [ 5890.899999999999636, 37735.042728960543172 ], [ 5890.899999999999636, 37781.0 ], [ 5890.900454688682657, 37781.009525281871902 ], [ 5890.901814619895958, 37781.01896394299547 ], [ 5890.904067426732581, 37781.028230150302988 ], [ 5890.907192622676121, 37781.037239639023028 ], [ 5890.911161787903438, 37781.045910478882433 ], [ 5890.915938827723949, 37781.054163819251698 ], [ 5890.921480300818985, 37781.061924606095999 ], [ 5890.92773581428537, 37781.069122264598263 ], [ 5912.899999999999636, 37804.040125731480657 ], [ 5912.899999999999636, 37849.0 ], [ 5912.900481527332886, 37849.009801714033529 ], [ 5912.901921471960122, 37849.019509032201313 ], [ 5912.904305966427273, 37849.029028467724856 ], [ 5912.907612046748909, 37849.038268343239906 ], [ 5912.911807873565522, 37849.047139673682977 ], [ 5912.916853038769659, 37849.055557023304573 ], [ 5912.922698954664156, 37849.063439328419918 ], [ 5912.929289321881697, 37849.070710678119212 ], [ 5935.899999999999636, 37872.04142135623988 ], [ 5935.899999999999636, 37917.0 ], [ 5935.900481527332886, 37917.009801714033529 ], [ 5935.901921471960122, 37917.019509032201313 ], [ 5935.904305966427273, 37917.029028467724856 ], [ 5935.907612046748909, 37917.038268343239906 ], [ 5935.911807873565522, 37917.047139673682977 ], [ 5935.916853038769659, 37917.055557023304573 ], [ 5935.922698954664156, 37917.063439328419918 ], [ 5935.929289321881697, 37917.070710678119212 ], [ 5958.899999999999636, 37940.04142135623988 ], [ 5958.899999999999636, 37986.0 ], [ 5958.900509133618471, 37986.010078070583404 ], [ 5958.902031350134166, 37986.020053519481735 ], [ 5958.904551149315012, 37986.029824769953848 ], [ 5958.908042872871192, 37986.039292324567214 ], [ 5958.912470965724424, 37986.048359778316808 ], [ 5958.917790338058694, 37986.056934800282761 ], [ 5958.92394682444592, 37986.064930073836877 ], [ 5958.930877735403556, 37986.072264185713721 ], [ 5981.899999999999636, 38008.042728960543172 ], [ 5981.899999999999636, 38054.0 ], [ 5981.900454688682657, 38054.009525281871902 ], [ 5981.901814619895958, 38054.01896394299547 ], [ 5981.904067426732581, 38054.028230150302988 ], [ 5981.907192622676121, 38054.037239639023028 ], [ 5981.911161787903438, 38054.045910478882433 ], [ 5981.915938827723949, 38054.054163819251698 ], [ 5981.921480300818985, 38054.061924606095999 ], [ 5981.92773581428537, 38054.069122264598263 ], [ 6003.899999999999636, 38077.040125731480657 ], [ 6003.899999999999636, 38122.0 ], [ 6003.900481527332886, 38122.009801714033529 ], [ 6003.901921471960122, 38122.019509032201313 ], [ 6003.904305966427273, 38122.029028467724856 ], [ 6003.907612046748909, 38122.038268343239906 ], [ 6003.911807873565522, 38122.047139673682977 ], [ 6003.916853038769659, 38122.055557023304573 ], [ 6003.922698954664156, 38122.063439328419918 ], [ 6003.929289321881697, 38122.070710678119212 ], [ 6026.899999999999636, 38145.04142135623988 ], [ 6026.899999999999636, 38190.0 ], [ 6026.900481527332886, 38190.009801714033529 ], [ 6026.901921471960122, 38190.019509032201313 ], [ 6026.904305966427273, 38190.029028467724856 ], [ 6026.907612046748909, 38190.038268343239906 ], [ 6026.911807873565522, 38190.047139673682977 ], [ 6026.916853038769659, 38190.055557023304573 ], [ 6026.922698954664156, 38190.063439328419918 ], [ 6026.929289321881697, 38190.070710678119212 ], [ 6049.899999999999636, 38213.04142135623988 ], [ 6049.899999999999636, 38281.0 ], [ 6049.900481527332886, 38281.009801714033529 ], [ 6049.901921471960122, 38281.019509032201313 ], [ 6049.904305966427273, 38281.029028467724856 ], [ 6049.907612046748909, 38281.038268343239906 ], [ 6049.911807873565522, 38281.047139673682977 ], [ 6049.916853038769659, 38281.055557023304573 ], [ 6049.922698954664156, 38281.063439328419918 ], [ 6049.929289321881697, 38281.070710678119212 ], [ 6072.899999999999636, 38304.04142135623988 ], [ 6072.899999999999636, 38349.0 ], [ 6072.900454688682657, 38349.009525281871902 ], [ 6072.901814619895958, 38349.01896394299547 ], [ 6072.904067426732581, 38349.028230150302988 ], [ 6072.907192622676121, 38349.037239639023028 ], [ 6072.911161787903438, 38349.045910478882433 ], [ 6072.915938827723949, 38349.054163819251698 ], [ 6072.921480300818985, 38349.061924606095999 ], [ 6072.92773581428537, 38349.069122264598263 ], [ 6094.899999999999636, 38372.040125731480657 ], [ 6094.899999999999636, 38418.0 ], [ 6094.900509133618471, 38418.010078070583404 ], [ 6094.902031350134166, 38418.020053519481735 ], [ 6094.904551149315012, 38418.029824769953848 ], [ 6094.908042872871192, 38418.039292324567214 ], [ 6094.912470965724424, 38418.048359778316808 ], [ 6094.917790338058694, 38418.056934800282761 ], [ 6094.92394682444592, 38418.064930073836877 ], [ 6094.930877735403556, 38418.072264185713721 ], [ 6117.899999999999636, 38440.042728960543172 ], [ 6117.899999999999636, 38486.0 ], [ 6117.900481527332886, 38486.009801714033529 ], [ 6117.901921471960122, 38486.019509032201313 ], [ 6117.904305966426364, 38486.029028467724856 ], [ 6117.907612046748909, 38486.038268343239906 ], [ 6117.911807873565522, 38486.047139673682977 ], [ 6117.916853038769659, 38486.055557023304573 ], [ 6117.922698954664156, 38486.063439328419918 ], [ 6117.929289321881697, 38486.070710678119212 ], [ 6117.93656067158372, 38486.077301045334025 ], [ 6117.944442976698156, 38486.08314696123125 ], [ 6117.952860326317023, 38486.088192126437207 ], [ 6117.961731656763732, 38486.092387953249272 ], [ 6117.970971532274234, 38486.095694033574546 ], [ 6117.980490967798687, 38486.098078528040787 ], [ 6117.990198285967381, 38486.099518472670752 ], [ 6118.0, 38486.099999999998545 ], [ 6231.95857864376103, 38486.099999999998545 ], [ 6254.899999999999636, 38509.04142135623988 ], [ 6254.899999999999636, 38873.0 ], [ 6254.900481527332886, 38873.009801714033529 ], [ 6254.901921471960122, 38873.019509032201313 ], [ 6254.904305966427273, 38873.029028467724856 ], [ 6254.907612046748909, 38873.038268343239906 ], [ 6254.911807873565522, 38873.047139673682977 ], [ 6254.916853038769659, 38873.055557023304573 ], [ 6254.922698954664156, 38873.063439328419918 ], [ 6254.929289321881697, 38873.070710678119212 ], [ 6276.899999999999636, 38895.04142135623988 ], [ 6276.899999999999636, 38941.0 ], [ 6276.900481527332886, 38941.009801714033529 ], [ 6276.901921471960122, 38941.019509032201313 ], [ 6276.904305966427273, 38941.029028467724856 ], [ 6276.907612046748909, 38941.038268343239906 ], [ 6276.911807873565522, 38941.047139673682977 ], [ 6276.916853038769659, 38941.055557023304573 ], [ 6276.922698954664156, 38941.063439328419918 ], [ 6276.929289321881697, 38941.070710678119212 ], [ 6299.899999999999636, 38964.04142135623988 ], [ 6299.899999999999636, 39032.0 ], [ 6299.900481527332886, 39032.009801714033529 ], [ 6299.901921471960122, 39032.019509032201313 ], [ 6299.904305966427273, 39032.029028467724856 ], [ 6299.907612046748909, 39032.038268343239906 ], [ 6299.911807873565522, 39032.047139673682977 ], [ 6299.916853038769659, 39032.055557023304573 ], [ 6299.922698954664156, 39032.063439328419918 ], [ 6299.929289321881697, 39032.070710678119212 ], [ 6322.899999999999636, 39055.04142135623988 ], [ 6322.899999999999636, 39100.0 ], [ 6322.900481527332886, 39100.009801714033529 ], [ 6322.901921471960122, 39100.019509032201313 ], [ 6322.904305966427273, 39100.029028467724856 ], [ 6322.907612046748909, 39100.038268343239906 ], [ 6322.911807873565522, 39100.047139673682977 ], [ 6322.916853038769659, 39100.055557023304573 ], [ 6322.922698954664156, 39100.063439328419918 ], [ 6322.929289321881697, 39100.070710678119212 ], [ 6345.899999999999636, 39123.04142135623988 ], [ 6345.899999999999636, 39191.0 ], [ 6345.900454688682657, 39191.009525281871902 ], [ 6345.901814619895958, 39191.01896394299547 ], [ 6345.904067426732581, 39191.028230150302988 ], [ 6345.907192622676121, 39191.037239639023028 ], [ 6345.911161787903438, 39191.045910478882433 ], [ 6345.915938827723949, 39191.054163819251698 ], [ 6345.921480300818985, 39191.061924606095999 ], [ 6345.92773581428537, 39191.069122264598263 ], [ 6367.899999999999636, 39214.040125731480657 ], [ 6367.899999999999636, 39259.0 ], [ 6367.900481527332886, 39259.009801714033529 ], [ 6367.901921471960122, 39259.019509032201313 ], [ 6367.904305966427273, 39259.029028467724856 ], [ 6367.907612046748909, 39259.038268343239906 ], [ 6367.911807873565522, 39259.047139673682977 ], [ 6367.916853038769659, 39259.055557023304573 ], [ 6367.922698954664156, 39259.063439328419918 ], [ 6367.929289321881697, 39259.070710678119212 ], [ 6390.899999999999636, 39282.04142135623988 ], [ 6390.899999999999636, 39328.0 ], [ 6390.900509133618471, 39328.010078070583404 ], [ 6390.902031350134166, 39328.020053519481735 ], [ 6390.904551149315012, 39328.029824769953848 ], [ 6390.908042872871192, 39328.039292324567214 ], [ 6390.912470965724424, 39328.048359778316808 ], [ 6390.917790338058694, 39328.056934800282761 ], [ 6390.92394682444592, 39328.064930073836877 ], [ 6390.930877735403556, 39328.072264185713721 ], [ 6413.899999999999636, 39350.042728960543172 ], [ 6413.899999999999636, 39396.0 ], [ 6413.900481527332886, 39396.009801714033529 ], [ 6413.901921471960122, 39396.019509032201313 ], [ 6413.904305966427273, 39396.029028467724856 ], [ 6413.907612046748909, 39396.038268343239906 ], [ 6413.911807873565522, 39396.047139673682977 ], [ 6413.916853038769659, 39396.055557023304573 ], [ 6413.922698954664156, 39396.063439328419918 ], [ 6413.929289321881697, 39396.070710678119212 ], [ 6436.899999999999636, 39419.04142135623988 ], [ 6436.899999999999636, 39464.0 ], [ 6436.900454688682657, 39464.009525281871902 ], [ 6436.901814619895958, 39464.01896394299547 ], [ 6436.904067426732581, 39464.028230150302988 ], [ 6436.907192622676121, 39464.037239639023028 ], [ 6436.911161787903438, 39464.045910478882433 ], [ 6436.915938827723949, 39464.054163819251698 ], [ 6436.921480300818985, 39464.061924606095999 ], [ 6436.92773581428537, 39464.069122264598263 ], [ 6458.899999999999636, 39487.040125731480657 ], [ 6458.899999999999636, 39532.0 ], [ 6458.900481527332886, 39532.009801714033529 ], [ 6458.901921471960122, 39532.019509032201313 ], [ 6458.904305966427273, 39532.029028467724856 ], [ 6458.907612046748909, 39532.038268343239906 ], [ 6458.911807873565522, 39532.047139673682977 ], [ 6458.916853038769659, 39532.055557023304573 ], [ 6458.922698954664156, 39532.063439328419918 ], [ 6458.929289321881697, 39532.070710678119212 ], [ 6481.899999999999636, 39555.04142135623988 ], [ 6481.899999999999636, 39601.0 ], [ 6481.900509133618471, 39601.010078070583404 ], [ 6481.902031350134166, 39601.020053519481735 ], [ 6481.904551149315012, 39601.029824769953848 ], [ 6481.908042872871192, 39601.039292324567214 ], [ 6481.912470965724424, 39601.048359778316808 ], [ 6481.917790338058694, 39601.056934800282761 ], [ 6481.92394682444592, 39601.064930073836877 ], [ 6481.930877735403556, 39601.072264185713721 ], [ 6504.899999999999636, 39623.042728960543172 ], [ 6504.899999999999636, 39669.0 ], [ 6504.900481527332886, 39669.009801714033529 ], [ 6504.901921471960122, 39669.019509032201313 ], [ 6504.904305966427273, 39669.029028467724856 ], [ 6504.907612046748909, 39669.038268343239906 ], [ 6504.911807873565522, 39669.047139673682977 ], [ 6504.916853038769659, 39669.055557023304573 ], [ 6504.922698954664156, 39669.063439328419918 ], [ 6504.929289321881697, 39669.070710678119212 ], [ 6527.899999999999636, 39692.04142135623988 ], [ 6527.899999999999636, 39737.0 ], [ 6527.900454688682657, 39737.009525281871902 ], [ 6527.901814619895958, 39737.01896394299547 ], [ 6527.904067426732581, 39737.028230150302988 ], [ 6527.907192622676121, 39737.037239639023028 ], [ 6527.911161787903438, 39737.045910478882433 ], [ 6527.915938827723949, 39737.054163819251698 ], [ 6527.921480300818985, 39737.061924606095999 ], [ 6527.92773581428537, 39737.069122264598263 ], [ 6549.899999999999636, 39760.040125731480657 ], [ 6549.899999999999636, 39828.0 ], [ 6549.900481527332886, 39828.009801714033529 ], [ 6549.901921471960122, 39828.019509032201313 ], [ 6549.904305966427273, 39828.029028467724856 ], [ 6549.907612046748909, 39828.038268343239906 ], [ 6549.911807873565522, 39828.047139673682977 ], [ 6549.916853038769659, 39828.055557023304573 ], [ 6549.922698954664156, 39828.063439328419918 ], [ 6549.929289321881697, 39828.070710678119212 ], [ 6572.899999999999636, 39851.04142135623988 ], [ 6572.899999999999636, 39896.0 ], [ 6572.900481527332886, 39896.009801714033529 ], [ 6572.901921471960122, 39896.019509032201313 ], [ 6572.904305966427273, 39896.029028467724856 ], [ 6572.907612046748909, 39896.038268343239906 ], [ 6572.911807873565522, 39896.047139673682977 ], [ 6572.916853038769659, 39896.055557023304573 ], [ 6572.922698954664156, 39896.063439328419918 ], [ 6572.929289321881697, 39896.070710678119212 ], [ 6595.899999999999636, 39919.04142135623988 ], [ 6595.899999999999636, 39942.0 ], [ 6595.900509133618471, 39942.010078070583404 ], [ 6595.902031350134166, 39942.020053519481735 ], [ 6595.904551149315012, 39942.029824769953848 ], [ 6595.908042872871192, 39942.039292324567214 ], [ 6595.912470965724424, 39942.048359778316808 ], [ 6595.917790338058694, 39942.056934800282761 ], [ 6595.92394682444592, 39942.064930073836877 ], [ 6595.930877735403556, 39942.072264185713721 ], [ 6618.899999999999636, 39964.042728960543172 ], [ 6618.899999999999636, 40033.0 ], [ 6618.900481527332886, 40033.009801714033529 ], [ 6618.901921471960122, 40033.019509032201313 ], [ 6618.904305966427273, 40033.029028467724856 ], [ 6618.907612046748909, 40033.038268343239906 ], [ 6618.911807873565522, 40033.047139673682977 ], [ 6618.916853038769659, 40033.055557023304573 ], [ 6618.922698954664156, 40033.063439328419918 ], [ 6618.929289321881697, 40033.070710678119212 ], [ 6640.899999999999636, 40055.04142135623988 ], [ 6640.899999999999636, 40124.0 ], [ 6640.900509133618471, 40124.010078070583404 ], [ 6640.902031350134166, 40124.020053519481735 ], [ 6640.904551149315012, 40124.029824769953848 ], [ 6640.908042872871192, 40124.039292324567214 ], [ 6640.912470965724424, 40124.048359778316808 ], [ 6640.917790338058694, 40124.056934800282761 ], [ 6640.92394682444592, 40124.064930073836877 ], [ 6640.930877735403556, 40124.072264185713721 ], [ 6663.899999999999636, 40146.042728960543172 ], [ 6663.899999999999636, 40192.0 ], [ 6663.900481527332886, 40192.009801714033529 ], [ 6663.901921471960122, 40192.019509032201313 ], [ 6663.904305966427273, 40192.029028467724856 ], [ 6663.907612046748909, 40192.038268343239906 ], [ 6663.911807873565522, 40192.047139673682977 ], [ 6663.916853038769659, 40192.055557023304573 ], [ 6663.922698954664156, 40192.063439328419918 ], [ 6663.929289321881697, 40192.070710678119212 ], [ 6686.899999999999636, 40215.04142135623988 ], [ 6686.899999999999636, 40260.0 ], [ 6686.900481527332886, 40260.009801714033529 ], [ 6686.901921471960122, 40260.019509032201313 ], [ 6686.904305966427273, 40260.029028467724856 ], [ 6686.907612046748909, 40260.038268343239906 ], [ 6686.911807873565522, 40260.047139673682977 ], [ 6686.916853038769659, 40260.055557023304573 ], [ 6686.922698954664156, 40260.063439328419918 ], [ 6686.929289321881697, 40260.070710678119212 ], [ 6709.899999999999636, 40283.04142135623988 ], [ 6709.899999999999636, 40328.0 ], [ 6709.900454688682657, 40328.009525281871902 ], [ 6709.901814619895958, 40328.01896394299547 ], [ 6709.904067426732581, 40328.028230150302988 ], [ 6709.907192622676121, 40328.037239639023028 ], [ 6709.911161787903438, 40328.045910478882433 ], [ 6709.915938827723949, 40328.054163819251698 ], [ 6709.921480300818985, 40328.061924606095999 ], [ 6709.92773581428537, 40328.069122264598263 ], [ 6731.899999999999636, 40351.040125731480657 ], [ 6731.899999999999636, 40419.0 ], [ 6731.900481527332886, 40419.009801714033529 ], [ 6731.901921471960122, 40419.019509032201313 ], [ 6731.904305966427273, 40419.029028467724856 ], [ 6731.907612046748909, 40419.038268343239906 ], [ 6731.911807873565522, 40419.047139673682977 ], [ 6731.916853038769659, 40419.055557023304573 ], [ 6731.922698954664156, 40419.063439328419918 ], [ 6731.929289321881697, 40419.070710678119212 ], [ 6754.899999999999636, 40442.04142135623988 ], [ 6754.899999999999636, 40488.0 ], [ 6754.900509133618471, 40488.010078070583404 ], [ 6754.902031350134166, 40488.020053519481735 ], [ 6754.904551149315012, 40488.029824769953848 ], [ 6754.908042872871192, 40488.039292324567214 ], [ 6754.912470965724424, 40488.048359778316808 ], [ 6754.917790338058694, 40488.056934800282761 ], [ 6754.92394682444592, 40488.064930073836877 ], [ 6754.930877735403556, 40488.072264185713721 ], [ 6777.899999999999636, 40510.042728960543172 ], [ 6777.899999999999636, 40556.0 ], [ 6777.900481527332886, 40556.009801714033529 ], [ 6777.901921471960122, 40556.019509032201313 ], [ 6777.904305966427273, 40556.029028467724856 ], [ 6777.907612046748909, 40556.038268343239906 ], [ 6777.911807873565522, 40556.047139673682977 ], [ 6777.916853038769659, 40556.055557023304573 ], [ 6777.922698954664156, 40556.063439328419918 ], [ 6777.929289321881697, 40556.070710678119212 ], [ 6822.860132534892728, 40601.001553891132062 ], [ 6800.92773581428537, 40623.930877735401737 ], [ 6800.921480300818985, 40623.938075393904001 ], [ 6800.915938827723949, 40623.945836180748302 ], [ 6800.911161787903438, 40623.954089521117567 ], [ 6800.907192622676121, 40623.962760360976972 ], [ 6800.904067426732581, 40623.971769849697012 ], [ 6800.901814619895958, 40623.98103605700453 ], [ 6800.900454688682657, 40623.990474718128098 ], [ 6800.899999999999636, 40624.0 ], [ 6800.900454688682657, 40624.009525281871902 ], [ 6800.901814619895958, 40624.01896394299547 ], [ 6800.904067426732581, 40624.028230150302988 ], [ 6800.907192622676121, 40624.037239639023028 ], [ 6800.911161787903438, 40624.045910478882433 ], [ 6800.915938827723949, 40624.054163819251698 ], [ 6800.921480300818985, 40624.061924606095999 ], [ 6800.92773581428537, 40624.069122264598263 ], [ 6822.899999999999636, 40647.040125731480657 ], [ 6822.899999999999636, 40670.0 ], [ 6822.900509133618471, 40670.010078070583404 ], [ 6822.902031350134166, 40670.020053519481735 ], [ 6822.904551149315012, 40670.029824769953848 ], [ 6822.908042872871192, 40670.039292324567214 ], [ 6822.912470965724424, 40670.048359778316808 ], [ 6822.917790338058694, 40670.056934800282761 ], [ 6822.92394682444592, 40670.064930073836877 ], [ 6822.930877735403556, 40670.072264185713721 ], [ 6845.899999999999636, 40692.042728960543172 ], [ 6845.899999999999636, 40783.0 ], [ 6845.900481527332886, 40783.009801714033529 ], [ 6845.901921471960122, 40783.019509032201313 ], [ 6845.904305966427273, 40783.029028467724856 ], [ 6845.907612046748909, 40783.038268343239906 ], [ 6845.911807873565522, 40783.047139673682977 ], [ 6845.916853038769659, 40783.055557023304573 ], [ 6845.922698954664156, 40783.063439328419918 ], [ 6845.929289321881697, 40783.070710678119212 ], [ 6868.899999999999636, 40806.04142135623988 ], [ 6868.899999999999636, 40829.0 ], [ 6868.900481527332886, 40829.009801714033529 ], [ 6868.901921471960122, 40829.019509032201313 ], [ 6868.904305966427273, 40829.029028467724856 ], [ 6868.907612046748909, 40829.038268343239906 ], [ 6868.911807873565522, 40829.047139673682977 ], [ 6868.916853038769659, 40829.055557023304573 ], [ 6868.922698954664156, 40829.063439328419918 ], [ 6868.929289321881697, 40829.070710678119212 ], [ 6891.899999999999636, 40852.04142135623988 ], [ 6891.899999999999636, 40920.0 ], [ 6891.900454688682657, 40920.009525281871902 ], [ 6891.901814619895958, 40920.01896394299547 ], [ 6891.904067426732581, 40920.028230150302988 ], [ 6891.907192622676121, 40920.037239639023028 ], [ 6891.911161787903438, 40920.045910478882433 ], [ 6891.915938827723949, 40920.054163819251698 ], [ 6891.921480300818985, 40920.061924606095999 ], [ 6891.92773581428537, 40920.069122264598263 ], [ 6913.899999999999636, 40943.040125731480657 ], [ 6913.899999999999636, 40988.0 ], [ 6913.900481527332886, 40988.009801714033529 ], [ 6913.901921471960122, 40988.019509032201313 ], [ 6913.904305966427273, 40988.029028467724856 ], [ 6913.907612046748909, 40988.038268343239906 ], [ 6913.911807873565522, 40988.047139673682977 ], [ 6913.916853038769659, 40988.055557023304573 ], [ 6913.922698954664156, 40988.063439328419918 ], [ 6913.929289321881697, 40988.070710678119212 ], [ 6936.899999999999636, 41011.04142135623988 ], [ 6936.899999999999636, 41079.0 ], [ 6936.900481527332886, 41079.009801714033529 ], [ 6936.901921471960122, 41079.019509032201313 ], [ 6936.904305966427273, 41079.029028467724856 ], [ 6936.907612046748909, 41079.038268343239906 ], [ 6936.911807873565522, 41079.047139673682977 ], [ 6936.916853038769659, 41079.055557023304573 ], [ 6936.922698954664156, 41079.063439328419918 ], [ 6936.929289321881697, 41079.070710678119212 ], [ 6959.899999999999636, 41102.04142135623988 ], [ 6959.899999999999636, 41147.0 ], [ 6959.900481527332886, 41147.009801714033529 ], [ 6959.901921471960122, 41147.019509032201313 ], [ 6959.904305966427273, 41147.029028467724856 ], [ 6959.907612046748909, 41147.038268343239906 ], [ 6959.911807873565522, 41147.047139673682977 ], [ 6959.916853038769659, 41147.055557023304573 ], [ 6959.922698954664156, 41147.063439328419918 ], [ 6959.929289321881697, 41147.070710678119212 ], [ 6982.899999999999636, 41170.04142135623988 ], [ 6982.899999999999636, 41215.0 ], [ 6982.900454688682657, 41215.009525281871902 ], [ 6982.901814619895958, 41215.01896394299547 ], [ 6982.904067426732581, 41215.028230150302988 ], [ 6982.907192622676121, 41215.037239639023028 ], [ 6982.911161787903438, 41215.045910478882433 ], [ 6982.915938827723949, 41215.054163819251698 ], [ 6982.921480300818985, 41215.061924606095999 ], [ 6982.92773581428537, 41215.069122264598263 ], [ 7004.899999999999636, 41238.040125731480657 ], [ 7004.899999999999636, 41306.0 ], [ 7004.900481527332886, 41306.009801714033529 ], [ 7004.901921471960122, 41306.019509032201313 ], [ 7004.904305966427273, 41306.029028467724856 ], [ 7004.907612046748909, 41306.038268343239906 ], [ 7004.911807873565522, 41306.047139673682977 ], [ 7004.916853038769659, 41306.055557023304573 ], [ 7004.922698954664156, 41306.063439328419918 ], [ 7004.929289321881697, 41306.070710678119212 ], [ 7027.899999999999636, 41329.04142135623988 ], [ 7027.899999999999636, 41397.0 ], [ 7027.900481527332886, 41397.009801714033529 ], [ 7027.901921471960122, 41397.019509032201313 ], [ 7027.904305966427273, 41397.029028467724856 ], [ 7027.907612046748909, 41397.038268343239906 ], [ 7027.911807873565522, 41397.047139673682977 ], [ 7027.916853038769659, 41397.055557023304573 ], [ 7027.922698954664156, 41397.063439328419918 ], [ 7027.929289321881697, 41397.070710678119212 ], [ 7050.899999999999636, 41420.04142135623988 ], [ 7050.899999999999636, 41466.0 ], [ 7050.900509133618471, 41466.010078070583404 ], [ 7050.902031350134166, 41466.020053519481735 ], [ 7050.904551149315012, 41466.029824769953848 ], [ 7050.908042872871192, 41466.039292324567214 ], [ 7050.912470965724424, 41466.048359778316808 ], [ 7050.917790338058694, 41466.056934800282761 ], [ 7050.92394682444592, 41466.064930073836877 ], [ 7050.930877735403556, 41466.072264185713721 ], [ 7073.899999999999636, 41488.042728960543172 ], [ 7073.899999999999636, 41534.0 ], [ 7073.900454688682657, 41534.009525281871902 ], [ 7073.901814619895958, 41534.01896394299547 ], [ 7073.904067426732581, 41534.028230150302988 ], [ 7073.907192622676121, 41534.037239639023028 ], [ 7073.911161787903438, 41534.045910478882433 ], [ 7073.915938827723949, 41534.054163819251698 ], [ 7073.921480300818985, 41534.061924606095999 ], [ 7073.92773581428537, 41534.069122264598263 ], [ 7095.899999999999636, 41557.040125731480657 ], [ 7095.899999999999636, 41602.0 ], [ 7095.900481527332886, 41602.009801714033529 ], [ 7095.901921471960122, 41602.019509032201313 ], [ 7095.904305966427273, 41602.029028467724856 ], [ 7095.907612046748909, 41602.038268343239906 ], [ 7095.911807873565522, 41602.047139673682977 ], [ 7095.916853038769659, 41602.055557023304573 ], [ 7095.922698954664156, 41602.063439328419918 ], [ 7095.929289321881697, 41602.070710678119212 ], [ 7118.929289321881697, 41625.070710678119212 ], [ 7118.93656067158372, 41625.077301045334025 ], [ 7118.944442976698156, 41625.08314696123125 ], [ 7118.952860326317932, 41625.088192126437207 ], [ 7118.961731656763732, 41625.092387953249272 ], [ 7118.970971532275144, 41625.095694033574546 ], [ 7118.980490967798687, 41625.098078528040787 ], [ 7118.990198285967381, 41625.099518472670752 ], [ 7119.0, 41625.099999999998545 ], [ 7255.957271039450461, 41625.099999999998545 ], [ 7277.899999999999636, 41648.040125731480657 ], [ 7277.899999999999636, 42148.0 ], [ 7277.900481527332886, 42148.009801714033529 ], [ 7277.901921471960122, 42148.019509032201313 ], [ 7277.904305966427273, 42148.029028467724856 ], [ 7277.907612046748909, 42148.038268343239906 ], [ 7277.911807873565522, 42148.047139673682977 ], [ 7277.916853038769659, 42148.055557023304573 ], [ 7277.922698954664156, 42148.063439328419918 ], [ 7277.929289321881697, 42148.070710678119212 ], [ 7300.899999999999636, 42171.04142135623988 ], [ 7300.899999999999636, 42194.0 ], [ 7300.900509133618471, 42194.010078070583404 ], [ 7300.902031350134166, 42194.020053519481735 ], [ 7300.904551149315012, 42194.029824769953848 ], [ 7300.908042872871192, 42194.039292324567214 ], [ 7300.912470965724424, 42194.048359778316808 ], [ 7300.917790338058694, 42194.056934800282761 ], [ 7300.92394682444592, 42194.064930073836877 ], [ 7300.930877735403556, 42194.072264185713721 ], [ 7323.899999999999636, 42216.042728960543172 ], [ 7323.899999999999636, 42262.0 ], [ 7323.900481527332886, 42262.009801714033529 ], [ 7323.901921471960122, 42262.019509032201313 ], [ 7323.904305966427273, 42262.029028467724856 ], [ 7323.907612046748909, 42262.038268343239906 ], [ 7323.911807873565522, 42262.047139673682977 ], [ 7323.916853038769659, 42262.055557023304573 ], [ 7323.922698954664156, 42262.063439328419918 ], [ 7323.929289321881697, 42262.070710678119212 ], [ 7346.899999999999636, 42285.04142135623988 ], [ 7346.899999999999636, 42330.0 ], [ 7346.900454688682657, 42330.009525281871902 ], [ 7346.901814619895958, 42330.01896394299547 ], [ 7346.904067426732581, 42330.028230150302988 ], [ 7346.907192622676121, 42330.037239639023028 ], [ 7346.911161787903438, 42330.045910478882433 ], [ 7346.915938827723949, 42330.054163819251698 ], [ 7346.921480300818985, 42330.061924606095999 ], [ 7346.92773581428537, 42330.069122264598263 ], [ 7368.899999999999636, 42353.040125731480657 ], [ 7368.899999999999636, 42376.0 ], [ 7368.900509133618471, 42376.010078070583404 ], [ 7368.902031350134166, 42376.020053519481735 ], [ 7368.904551149315012, 42376.029824769953848 ], [ 7368.908042872871192, 42376.039292324567214 ], [ 7368.912470965724424, 42376.048359778316808 ], [ 7368.917790338058694, 42376.056934800282761 ], [ 7368.92394682444592, 42376.064930073836877 ], [ 7368.930877735403556, 42376.072264185713721 ], [ 7391.899999999999636, 42398.042728960543172 ], [ 7391.899999999999636, 42421.0 ], [ 7391.900481527332886, 42421.009801714033529 ], [ 7391.901921471960122, 42421.019509032201313 ], [ 7391.904305966427273, 42421.029028467724856 ], [ 7391.907612046748909, 42421.038268343239906 ], [ 7391.911807873565522, 42421.047139673682977 ], [ 7391.916853038769659, 42421.055557023304573 ], [ 7391.922698954664156, 42421.063439328419918 ], [ 7391.929289321881697, 42421.070710678119212 ], [ 7414.899999999999636, 42444.04142135623988 ], [ 7414.899999999999636, 42467.0 ], [ 7414.900481527332886, 42467.009801714033529 ], [ 7414.901921471960122, 42467.019509032201313 ], [ 7414.904305966427273, 42467.029028467724856 ], [ 7414.907612046748909, 42467.038268343239906 ], [ 7414.911807873565522, 42467.047139673682977 ], [ 7414.916853038769659, 42467.055557023304573 ], [ 7414.922698954664156, 42467.063439328419918 ], [ 7414.929289321881697, 42467.070710678119212 ], [ 7436.899999999999636, 42489.04142135623988 ], [ 7436.899999999999636, 42512.0 ], [ 7436.900481527332886, 42512.009801714033529 ], [ 7436.901921471960122, 42512.019509032201313 ], [ 7436.904305966427273, 42512.029028467724856 ], [ 7436.907612046748909, 42512.038268343239906 ], [ 7436.911807873565522, 42512.047139673682977 ], [ 7436.916853038769659, 42512.055557023304573 ], [ 7436.922698954664156, 42512.063439328419918 ], [ 7436.929289321881697, 42512.070710678119212 ], [ 7459.899999999999636, 42535.04142135623988 ], [ 7459.899999999999636, 42580.0 ], [ 7459.900481527332886, 42580.009801714033529 ], [ 7459.901921471960122, 42580.019509032201313 ], [ 7459.904305966427273, 42580.029028467724856 ], [ 7459.907612046748909, 42580.038268343239906 ], [ 7459.911807873565522, 42580.047139673682977 ], [ 7459.916853038769659, 42580.055557023304573 ], [ 7459.922698954664156, 42580.063439328419918 ], [ 7459.929289321881697, 42580.070710678119212 ], [ 7482.899999999999636, 42603.04142135623988 ], [ 7482.899999999999636, 42649.0 ], [ 7482.900481527332886, 42649.009801714033529 ], [ 7482.901921471960122, 42649.019509032201313 ], [ 7482.904305966426364, 42649.029028467724856 ], [ 7482.907612046748909, 42649.038268343239906 ], [ 7482.911807873565522, 42649.047139673682977 ], [ 7482.916853038769659, 42649.055557023304573 ], [ 7482.922698954664156, 42649.063439328419918 ], [ 7482.929289321881697, 42649.070710678119212 ], [ 7482.93656067158372, 42649.077301045334025 ], [ 7482.944442976698156, 42649.08314696123125 ], [ 7482.952860326317023, 42649.088192126437207 ], [ 7482.961731656763732, 42649.092387953249272 ], [ 7482.970971532274234, 42649.095694033574546 ], [ 7482.980490967798687, 42649.098078528040787 ], [ 7482.990198285967381, 42649.099518472670752 ], [ 7483.0, 42649.099999999998545 ], [ 7505.95857864376103, 42649.099999999998545 ], [ 7527.899999999999636, 42671.04142135623988 ], [ 7527.899999999999636, 42739.0 ], [ 7527.900481527332886, 42739.009801714033529 ], [ 7527.901921471960122, 42739.019509032201313 ], [ 7527.904305966427273, 42739.029028467724856 ], [ 7527.907612046748909, 42739.038268343239906 ], [ 7527.911807873565522, 42739.047139673682977 ], [ 7527.916853038769659, 42739.055557023304573 ], [ 7527.922698954664156, 42739.063439328419918 ], [ 7527.929289321881697, 42739.070710678119212 ], [ 7550.899999999999636, 42762.04142135623988 ], [ 7550.899999999999636, 42785.0 ], [ 7550.900481527332886, 42785.009801714033529 ], [ 7550.901921471960122, 42785.019509032201313 ], [ 7550.904305966427273, 42785.029028467724856 ], [ 7550.907612046748909, 42785.038268343239906 ], [ 7550.911807873565522, 42785.047139673682977 ], [ 7550.916853038769659, 42785.055557023304573 ], [ 7550.922698954664156, 42785.063439328419918 ], [ 7550.929289321881697, 42785.070710678119212 ], [ 7573.899999999999636, 42808.04142135623988 ], [ 7573.899999999999636, 42830.0 ], [ 7573.900481527332886, 42830.009801714033529 ], [ 7573.901921471960122, 42830.019509032201313 ], [ 7573.904305966427273, 42830.029028467724856 ], [ 7573.907612046748909, 42830.038268343239906 ], [ 7573.911807873565522, 42830.047139673682977 ], [ 7573.916853038769659, 42830.055557023304573 ], [ 7573.922698954664156, 42830.063439328419918 ], [ 7573.929289321881697, 42830.070710678119212 ], [ 7596.899999999999636, 42853.04142135623988 ], [ 7596.899999999999636, 42899.0 ], [ 7596.900481527332886, 42899.009801714033529 ], [ 7596.901921471960122, 42899.019509032201313 ], [ 7596.904305966427273, 42899.029028467724856 ], [ 7596.907612046748909, 42899.038268343239906 ], [ 7596.911807873565522, 42899.047139673682977 ], [ 7596.916853038769659, 42899.055557023304573 ], [ 7596.922698954664156, 42899.063439328419918 ], [ 7596.929289321881697, 42899.070710678119212 ], [ 7618.899999999999636, 42921.04142135623988 ], [ 7618.899999999999636, 42944.0 ], [ 7618.900481527332886, 42944.009801714033529 ], [ 7618.901921471960122, 42944.019509032201313 ], [ 7618.904305966427273, 42944.029028467724856 ], [ 7618.907612046748909, 42944.038268343239906 ], [ 7618.911807873565522, 42944.047139673682977 ], [ 7618.916853038769659, 42944.055557023304573 ], [ 7618.922698954664156, 42944.063439328419918 ], [ 7618.929289321881697, 42944.070710678119212 ], [ 7641.899999999999636, 42967.04142135623988 ], [ 7641.899999999999636, 42990.0 ], [ 7641.900509133618471, 42990.010078070583404 ], [ 7641.902031350134166, 42990.020053519481735 ], [ 7641.904551149315012, 42990.029824769953848 ], [ 7641.908042872871192, 42990.039292324567214 ], [ 7641.912470965724424, 42990.048359778316808 ], [ 7641.917790338058694, 42990.056934800282761 ], [ 7641.92394682444592, 42990.064930073836877 ], [ 7641.930877735403556, 42990.072264185713721 ], [ 7664.899999999999636, 43012.042728960543172 ], [ 7664.899999999999636, 43035.0 ], [ 7664.900481527332886, 43035.009801714033529 ], [ 7664.901921471960122, 43035.019509032201313 ], [ 7664.904305966427273, 43035.029028467724856 ], [ 7664.907612046748909, 43035.038268343239906 ], [ 7664.911807873565522, 43035.047139673682977 ], [ 7664.916853038769659, 43035.055557023304573 ], [ 7664.922698954664156, 43035.063439328419918 ], [ 7664.929289321881697, 43035.070710678119212 ], [ 7687.899999999999636, 43058.04142135623988 ], [ 7687.899999999999636, 43081.0 ], [ 7687.900481527332886, 43081.009801714033529 ], [ 7687.901921471960122, 43081.019509032201313 ], [ 7687.904305966427273, 43081.029028467724856 ], [ 7687.907612046748909, 43081.038268343239906 ], [ 7687.911807873565522, 43081.047139673682977 ], [ 7687.916853038769659, 43081.055557023304573 ], [ 7687.922698954664156, 43081.063439328419918 ], [ 7687.929289321881697, 43081.070710678119212 ], [ 7709.899999999999636, 43103.04142135623988 ], [ 7709.899999999999636, 43126.0 ], [ 7709.900481527332886, 43126.009801714033529 ], [ 7709.901921471960122, 43126.019509032201313 ], [ 7709.904305966427273, 43126.029028467724856 ], [ 7709.907612046748909, 43126.038268343239906 ], [ 7709.911807873565522, 43126.047139673682977 ], [ 7709.916853038769659, 43126.055557023304573 ], [ 7709.922698954664156, 43126.063439328419918 ], [ 7709.929289321881697, 43126.070710678119212 ], [ 7732.899999999999636, 43149.04142135623988 ], [ 7732.899999999999636, 43172.0 ], [ 7732.900509133618471, 43172.010078070583404 ], [ 7732.902031350134166, 43172.020053519481735 ], [ 7732.904551149315012, 43172.029824769953848 ], [ 7732.908042872871192, 43172.039292324567214 ], [ 7732.912470965724424, 43172.048359778316808 ], [ 7732.917790338058694, 43172.056934800282761 ], [ 7732.92394682444592, 43172.064930073836877 ], [ 7732.930877735403556, 43172.072264185713721 ], [ 7755.899999999999636, 43194.042728960543172 ], [ 7755.899999999999636, 43217.0 ], [ 7755.900481527332886, 43217.009801714033529 ], [ 7755.901921471960122, 43217.019509032201313 ], [ 7755.904305966427273, 43217.029028467724856 ], [ 7755.907612046748909, 43217.038268343239906 ], [ 7755.911807873565522, 43217.047139673682977 ], [ 7755.916853038769659, 43217.055557023304573 ], [ 7755.922698954664156, 43217.063439328419918 ], [ 7755.929289321881697, 43217.070710678119212 ], [ 7778.928503744627051, 43240.069925100862747 ], [ 7800.899999999999636, 43263.040125731480657 ], [ 7800.899999999999636, 43308.0 ], [ 7800.900481527332886, 43308.009801714033529 ], [ 7800.901921471960122, 43308.019509032201313 ], [ 7800.904305966427273, 43308.029028467724856 ], [ 7800.907612046748909, 43308.038268343239906 ], [ 7800.911807873565522, 43308.047139673682977 ], [ 7800.916853038769659, 43308.055557023304573 ], [ 7800.922698954664156, 43308.063439328419918 ], [ 7800.929289321881697, 43308.070710678119212 ], [ 7846.899999999999636, 43354.04142135623988 ], [ 7846.899999999999636, 43376.0 ], [ 7846.900481527332886, 43376.009801714033529 ], [ 7846.901921471960122, 43376.019509032201313 ], [ 7846.904305966426364, 43376.029028467724856 ], [ 7846.907612046748909, 43376.038268343239906 ], [ 7846.911807873565522, 43376.047139673682977 ], [ 7846.916853038769659, 43376.055557023304573 ], [ 7846.922698954664156, 43376.063439328419918 ], [ 7846.929289321881697, 43376.070710678119212 ], [ 7846.93656067158372, 43376.077301045334025 ], [ 7846.944442976698156, 43376.08314696123125 ], [ 7846.952860326317023, 43376.088192126437207 ], [ 7846.961731656763732, 43376.092387953249272 ], [ 7846.970971532274234, 43376.095694033574546 ], [ 7846.980490967798687, 43376.098078528040787 ], [ 7846.990198285967381, 43376.099518472670752 ], [ 7847.0, 43376.099999999998545 ], [ 7891.95857864376103, 43376.099999999998545 ], [ 7914.929289321881697, 43399.070710678119212 ], [ 7914.93656067158372, 43399.077301045334025 ], [ 7914.944442976698156, 43399.08314696123125 ], [ 7914.952860326317932, 43399.088192126437207 ], [ 7914.961731656763732, 43399.092387953249272 ], [ 7914.970971532275144, 43399.095694033574546 ], [ 7914.980490967798687, 43399.098078528040787 ], [ 7914.990198285967381, 43399.099518472670752 ], [ 7915.0, 43399.099999999998545 ], [ 8187.95857864376103, 43399.099999999998545 ], [ 8210.929289321880788, 43422.070710678119212 ], [ 8210.93656067158372, 43422.077301045334025 ], [ 8210.944442976697246, 43422.08314696123125 ], [ 8210.952860326317023, 43422.088192126437207 ], [ 8210.961731656763732, 43422.092387953249272 ], [ 8210.970971532275144, 43422.095694033574546 ], [ 8210.980490967798687, 43422.098078528040787 ], [ 8210.990198285966471, 43422.099518472670752 ], [ 8211.0, 43422.099999999998545 ], [ 8393.0, 43422.099999999998545 ], [ 8393.009801714033529, 43422.099518472670752 ], [ 8393.019509032201313, 43422.098078528040787 ], [ 8393.029028467724856, 43422.095694033574546 ], [ 8393.038268343236268, 43422.092387953249272 ], [ 8393.047139673682977, 43422.088192126437207 ], [ 8393.055557023302754, 43422.08314696123125 ], [ 8393.06343932841628, 43422.077301045334025 ], [ 8393.070710678119212, 43422.070710678119212 ], [ 8416.04142135623988, 43399.099999999998545 ], [ 8461.0, 43399.099999999998545 ], [ 8461.009801714033529, 43399.099518472670752 ], [ 8461.019509032201313, 43399.098078528040787 ], [ 8461.029028467724856, 43399.095694033574546 ], [ 8461.038268343236268, 43399.092387953249272 ], [ 8461.047139673682977, 43399.088192126437207 ], [ 8461.055557023302754, 43399.08314696123125 ], [ 8461.06343932841628, 43399.077301045334025 ], [ 8461.070710678119212, 43399.070710678119212 ], [ 8484.04142135623988, 43376.099999999998545 ], [ 8506.957271039449552, 43376.099999999998545 ], [ 8528.899999999999636, 43399.040125731480657 ], [ 8528.899999999999636, 43422.0 ], [ 8528.900481527332886, 43422.009801714033529 ], [ 8528.901921471959213, 43422.019509032201313 ], [ 8528.904305966427273, 43422.029028467724856 ], [ 8528.907612046748909, 43422.038268343239906 ], [ 8528.911807873564612, 43422.047139673682977 ], [ 8528.916853038770569, 43422.055557023304573 ], [ 8528.922698954664156, 43422.063439328419918 ], [ 8528.929289321880788, 43422.070710678119212 ], [ 8528.93656067158372, 43422.077301045334025 ], [ 8528.944442976697246, 43422.08314696123125 ], [ 8528.952860326317023, 43422.088192126437207 ], [ 8528.961731656763732, 43422.092387953249272 ], [ 8528.970971532275144, 43422.095694033574546 ], [ 8528.980490967798687, 43422.098078528040787 ], [ 8528.990198285966471, 43422.099518472670752 ], [ 8529.0, 43422.099999999998545 ], [ 8552.0, 43422.099999999998545 ], [ 8552.009801714033529, 43422.099518472670752 ], [ 8552.019509032201313, 43422.098078528040787 ], [ 8552.029028467724856, 43422.095694033574546 ], [ 8552.038268343236268, 43422.092387953249272 ], [ 8552.047139673682977, 43422.088192126437207 ], [ 8552.055557023302754, 43422.08314696123125 ], [ 8552.06343932841628, 43422.077301045334025 ], [ 8552.070710678119212, 43422.070710678119212 ], [ 8575.04142135623988, 43399.099999999998545 ], [ 8620.0, 43399.099999999998545 ], [ 8620.009801714033529, 43399.099518472670752 ], [ 8620.019509032201313, 43399.098078528040787 ], [ 8620.029028467724856, 43399.095694033574546 ], [ 8620.038268343236268, 43399.092387953249272 ], [ 8620.047139673682977, 43399.088192126437207 ], [ 8620.055557023302754, 43399.08314696123125 ], [ 8620.06343932841628, 43399.077301045334025 ], [ 8620.070710678119212, 43399.070710678119212 ], [ 8643.0, 43376.141421356238425 ], [ 8665.929289321880788, 43399.070710678119212 ], [ 8665.93656067158372, 43399.077301045334025 ], [ 8665.944442976697246, 43399.08314696123125 ], [ 8665.952860326317023, 43399.088192126437207 ], [ 8665.961731656763732, 43399.092387953249272 ], [ 8665.970971532275144, 43399.095694033574546 ], [ 8665.980490967798687, 43399.098078528040787 ], [ 8665.990198285966471, 43399.099518472670752 ], [ 8666.0, 43399.099999999998545 ], [ 8666.009801714033529, 43399.099518472670752 ], [ 8666.019509032201313, 43399.098078528040787 ], [ 8666.029028467724856, 43399.095694033574546 ], [ 8666.038268343236268, 43399.092387953249272 ], [ 8666.047139673682977, 43399.088192126437207 ], [ 8666.055557023302754, 43399.08314696123125 ], [ 8666.06343932841628, 43399.077301045334025 ], [ 8666.070710678119212, 43399.070710678119212 ], [ 8689.04142135623988, 43376.099999999998545 ], [ 8710.95857864376012, 43376.099999999998545 ], [ 8733.929289321880788, 43399.070710678119212 ], [ 8733.93656067158372, 43399.077301045334025 ], [ 8733.944442976697246, 43399.08314696123125 ], [ 8733.952860326317023, 43399.088192126437207 ], [ 8733.961731656763732, 43399.092387953249272 ], [ 8733.970971532275144, 43399.095694033574546 ], [ 8733.980490967798687, 43399.098078528040787 ], [ 8733.990198285966471, 43399.099518472670752 ], [ 8734.0, 43399.099999999998545 ], [ 8757.0, 43399.099999999998545 ], [ 8757.009801714033529, 43399.099518472670752 ], [ 8757.019509032201313, 43399.098078528040787 ], [ 8757.029028467724856, 43399.095694033574546 ], [ 8757.038268343236268, 43399.092387953249272 ], [ 8757.047139673682977, 43399.088192126437207 ], [ 8757.055557023302754, 43399.08314696123125 ], [ 8757.06343932841628, 43399.077301045334025 ], [ 8757.070710678119212, 43399.070710678119212 ], [ 8780.04142135623988, 43376.099999999998545 ], [ 8825.0, 43376.099999999998545 ], [ 8825.00952528187554, 43376.099545311313705 ], [ 8825.018963942991832, 43376.098185380105861 ], [ 8825.028230150304807, 43376.095932573269238 ], [ 8825.03723963901939, 43376.092807377324789 ], [ 8825.045910478886071, 43376.088838212097471 ], [ 8825.05416381924806, 43376.084061172274232 ], [ 8825.061924606099637, 43376.078519699178287 ], [ 8825.069122264596444, 43376.072264185713721 ], [ 8848.040125731480657, 43354.099999999998545 ], [ 8916.0, 43354.099999999998545 ], [ 8916.009801714033529, 43354.099518472670752 ], [ 8916.019509032201313, 43354.098078528040787 ], [ 8916.029028467724856, 43354.095694033574546 ], [ 8916.038268343236268, 43354.092387953249272 ], [ 8916.047139673682977, 43354.088192126437207 ], [ 8916.055557023302754, 43354.08314696123125 ], [ 8916.06343932841628, 43354.077301045334025 ], [ 8916.070710678119212, 43354.070710678119212 ], [ 8939.04142135623988, 43331.099999999998545 ], [ 8983.95857864376012, 43331.099999999998545 ], [ 9006.929289321880788, 43354.070710678119212 ], [ 9006.930877735403556, 43354.072264185713721 ], [ 9029.899999999999636, 43376.042728960543172 ], [ 9029.899999999999636, 43422.0 ], [ 9029.900454688682657, 43422.009525281871902 ], [ 9029.901814619895958, 43422.01896394299547 ], [ 9029.904067426732581, 43422.028230150302988 ], [ 9029.90719262267703, 43422.037239639015752 ], [ 9029.911161787904348, 43422.045910478882433 ], [ 9029.915938827723949, 43422.054163819251698 ], [ 9029.921480300818075, 43422.061924606095999 ], [ 9029.927735814284461, 43422.069122264598263 ], [ 9051.899999999999636, 43445.040125731480657 ], [ 9051.899999999999636, 43467.0 ], [ 9051.900481527332886, 43467.009801714033529 ], [ 9051.901921471959213, 43467.019509032201313 ], [ 9051.904305966427273, 43467.029028467724856 ], [ 9051.907612046748909, 43467.038268343239906 ], [ 9051.911807873564612, 43467.047139673682977 ], [ 9051.916853038770569, 43467.055557023304573 ], [ 9051.922698954664156, 43467.063439328419918 ], [ 9051.929289321880788, 43467.070710678119212 ], [ 9051.93656067158372, 43467.077301045334025 ], [ 9051.944442976697246, 43467.08314696123125 ], [ 9051.952860326317023, 43467.088192126437207 ], [ 9051.961731656763732, 43467.092387953249272 ], [ 9051.970971532275144, 43467.095694033574546 ], [ 9051.980490967798687, 43467.098078528040787 ], [ 9051.990198285966471, 43467.099518472670752 ], [ 9052.0, 43467.099999999998545 ], [ 9074.95857864376012, 43467.099999999998545 ], [ 9097.929289321880788, 43490.070710678119212 ], [ 9097.93656067158372, 43490.077301045334025 ], [ 9097.944442976697246, 43490.08314696123125 ], [ 9097.952860326317023, 43490.088192126437207 ], [ 9097.961731656763732, 43490.092387953249272 ], [ 9097.970971532275144, 43490.095694033574546 ], [ 9097.980490967798687, 43490.098078528040787 ], [ 9097.990198285966471, 43490.099518472670752 ], [ 9098.0, 43490.099999999998545 ], [ 9121.0, 43490.099999999998545 ], [ 9121.010078070585223, 43490.099490866377892 ], [ 9121.020053519479916, 43490.097968649868562 ], [ 9121.029824769955667, 43490.095448850683169 ], [ 9121.039292324570852, 43490.091957127129717 ], [ 9121.048359778316808, 43490.087529034273757 ], [ 9121.05693480028458, 43490.082209661944944 ], [ 9121.064930073833239, 43490.076053175551351 ], [ 9121.072264185715539, 43490.069122264598263 ], [ 9143.042728960550448, 43467.099999999998545 ], [ 9212.0, 43467.099999999998545 ], [ 9212.009801714033529, 43467.099518472670752 ], [ 9212.019509032201313, 43467.098078528040787 ], [ 9212.029028467724856, 43467.095694033574546 ], [ 9212.038268343236268, 43467.092387953249272 ], [ 9212.047139673682977, 43467.088192126437207 ], [ 9212.055557023302754, 43467.08314696123125 ], [ 9212.06343932841628, 43467.077301045334025 ], [ 9212.070710678119212, 43467.070710678119212 ], [ 9257.070710678119212, 43422.070710678119212 ], [ 9257.077301045335844, 43422.063439328419918 ], [ 9257.083146961229431, 43422.055557023304573 ], [ 9257.088192126435388, 43422.047139673682977 ], [ 9257.092387953251091, 43422.038268343239906 ], [ 9257.095694033572727, 43422.029028467724856 ], [ 9257.098078528040787, 43422.019509032201313 ], [ 9257.099518472667114, 43422.009801714033529 ], [ 9257.100000000000364, 43422.0 ], [ 9257.100000000000364, 43399.04142135623988 ], [ 9280.070710678119212, 43376.070710678119212 ], [ 9280.077301045335844, 43376.063439328419918 ], [ 9280.083146961229431, 43376.055557023304573 ], [ 9280.088192126435388, 43376.047139673682977 ], [ 9280.092387953251091, 43376.038268343239906 ], [ 9280.095694033572727, 43376.029028467724856 ], [ 9280.098078528040787, 43376.019509032201313 ], [ 9280.099518472667114, 43376.009801714033529 ], [ 9280.100000000000364, 43376.0 ], [ 9280.100000000000364, 43354.0 ], [ 9280.099518472667114, 43353.990198285966471 ], [ 9280.098078528040787, 43353.980490967798687 ], [ 9280.095694033572727, 43353.970971532275144 ], [ 9280.092387953251091, 43353.961731656760094 ], [ 9280.088192126435388, 43353.952860326317023 ], [ 9280.083146961229431, 43353.944442976695427 ], [ 9280.077301045335844, 43353.936560671580082 ], [ 9280.070710678119212, 43353.929289321880788 ], [ 9257.141421356238425, 43331.0 ], [ 9280.04142135623988, 43308.099999999998545 ], [ 9303.0, 43308.099999999998545 ], [ 9303.010078070585223, 43308.099490866377892 ], [ 9303.020053519479916, 43308.097968649868562 ], [ 9303.029824769955667, 43308.095448850683169 ], [ 9303.039292324570852, 43308.091957127129717 ], [ 9303.048359778316808, 43308.087529034273757 ], [ 9303.05693480028458, 43308.082209661944944 ], [ 9303.064930073833239, 43308.076053175551351 ], [ 9303.072264185715539, 43308.069122264598263 ], [ 9325.042728960550448, 43285.099999999998545 ], [ 9416.0, 43285.099999999998545 ], [ 9416.00952528187554, 43285.099545311313705 ], [ 9416.018963942991832, 43285.098185380105861 ], [ 9416.028230150304807, 43285.095932573269238 ], [ 9416.03723963901939, 43285.092807377324789 ], [ 9416.045910478886071, 43285.088838212097471 ], [ 9416.05416381924806, 43285.084061172274232 ], [ 9416.061924606099637, 43285.078519699178287 ], [ 9416.069122264596444, 43285.072264185713721 ], [ 9439.040125731480657, 43263.099999999998545 ], [ 9507.0, 43263.099999999998545 ], [ 9507.009801714033529, 43263.099518472670752 ], [ 9507.019509032201313, 43263.098078528040787 ], [ 9507.029028467724856, 43263.095694033574546 ], [ 9507.038268343236268, 43263.092387953249272 ], [ 9507.047139673682977, 43263.088192126437207 ], [ 9507.055557023302754, 43263.08314696123125 ], [ 9507.06343932841628, 43263.077301045334025 ], [ 9507.070710678119212, 43263.070710678119212 ], [ 9553.04142135623988, 43217.099999999998545 ], [ 9576.0, 43217.099999999998545 ], [ 9576.009801714033529, 43217.099518472670752 ], [ 9576.019509032201313, 43217.098078528040787 ], [ 9576.029028467724856, 43217.095694033574546 ], [ 9576.038268343236268, 43217.092387953249272 ], [ 9576.047139673682977, 43217.088192126437207 ], [ 9576.055557023302754, 43217.08314696123125 ], [ 9576.06343932841628, 43217.077301045334025 ], [ 9576.070710678119212, 43217.070710678119212 ], [ 9576.077301045335844, 43217.063439328419918 ], [ 9576.083146961229431, 43217.055557023304573 ], [ 9576.088192126435388, 43217.047139673682977 ], [ 9576.092387953251091, 43217.038268343239906 ], [ 9576.095694033572727, 43217.029028467724856 ], [ 9576.098078528040787, 43217.019509032201313 ], [ 9576.099518472667114, 43217.009801714033529 ], [ 9576.100000000000364, 43217.0 ], [ 9576.100000000000364, 43172.040125731480657 ], [ 9598.071496255373859, 43149.069925100862747 ], [ 9644.04142135623988, 43103.099999999998545 ], [ 9734.95857864376012, 43103.099999999998545 ], [ 9757.929289321880788, 43126.070710678119212 ], [ 9757.936668077611102, 43126.077389066456817 ], [ 9757.94467411644473, 43126.083300940023037 ], [ 9757.953228141041109, 43126.088387743548083 ], [ 9757.962245426433583, 43126.092599093812169 ], [ 9757.971636659198339, 43126.095893278696167 ], [ 9757.981308822081701, 43126.098237670310482 ], [ 9757.991166115300075, 43126.099609048185812 ], [ 9758.001110905415771, 43126.099993829258892 ], [ 9758.011044692355426, 43126.099388202375849 ], [ 9758.020869085034064, 43126.097798166083521 ], [ 9758.03048677588049, 43126.095239469213993 ], [ 9758.039802504641557, 43126.091737454858958 ], [ 9758.048724001904702, 43126.087326809392835 ], [ 9758.057162903000062, 43126.0820512188875 ], [ 9758.065035623223594, 43126.075962936432916 ], [ 9758.072264185715539, 43126.069122264598263 ], [ 9780.042728960550448, 43103.099999999998545 ], [ 10122.0, 43103.099999999998545 ], [ 10122.009801714033529, 43103.099518472670752 ], [ 10122.019509032201313, 43103.098078528040787 ], [ 10122.029028467724856, 43103.095694033574546 ], [ 10122.038268343236268, 43103.092387953249272 ], [ 10122.047139673682977, 43103.088192126437207 ], [ 10122.055557023302754, 43103.08314696123125 ], [ 10122.06343932841628, 43103.077301045334025 ], [ 10122.070710678119212, 43103.070710678119212 ], [ 10144.04142135623988, 43081.099999999998545 ], [ 10212.95857864376012, 43081.099999999998545 ], [ 10234.929289321880788, 43103.070710678119212 ], [ 10234.936453387890651, 43103.077212875155965 ], [ 10234.944212265490933, 43103.082992341085628 ], [ 10234.9524933297198, 43103.087994978712231 ], [ 10234.961219067823549, 43103.092173962155357 ], [ 10234.970307804791446, 43103.095490175117448 ], [ 10234.979674467855148, 43103.097912577039097 ], [ 10234.989231382794969, 43103.099418493671692 ], [ 10234.998889094584229, 43103.099993829258892 ], [ 10235.008557204717363, 43103.099633198522497 ], [ 10235.018145217352867, 43103.09833997705573 ], [ 10235.027563386383918, 43103.096126269723754 ], [ 10235.036723555480421, 43103.093012797362462 ], [ 10235.045539983255367, 43103.089028702815995 ], [ 10235.053930145821141, 43103.084211278175644 ], [ 10235.061815509236112, 43103.078605615686683 ], [ 10235.069122264596444, 43103.072264185713721 ], [ 10258.040125731480657, 43081.099999999998545 ], [ 10326.0, 43081.099999999998545 ], [ 10326.009801714033529, 43081.099518472670752 ], [ 10326.019509032201313, 43081.098078528040787 ], [ 10326.029028467724856, 43081.095694033574546 ], [ 10326.038268343236268, 43081.092387953249272 ], [ 10326.047139673682977, 43081.088192126437207 ], [ 10326.055557023302754, 43081.08314696123125 ], [ 10326.06343932841628, 43081.077301045334025 ], [ 10326.070710678119212, 43081.070710678119212 ], [ 10349.04142135623988, 43058.099999999998545 ], [ 10440.0, 43058.099999999998545 ], [ 10440.009801714033529, 43058.099518472670752 ], [ 10440.019509032201313, 43058.098078528040787 ], [ 10440.029028467724856, 43058.095694033574546 ], [ 10440.038268343236268, 43058.092387953249272 ], [ 10440.047139673682977, 43058.088192126437207 ], [ 10440.055557023302754, 43058.08314696123125 ], [ 10440.06343932841628, 43058.077301045334025 ], [ 10440.070710678119212, 43058.070710678119212 ], [ 10462.998411194324945, 43035.143010161911661 ], [ 10484.927735814284461, 43058.069122264598263 ], [ 10484.934964376776406, 43058.075962936432916 ], [ 10484.942837096999938, 43058.0820512188875 ], [ 10484.951275998095298, 43058.087326809392835 ], [ 10484.960197495358443, 43058.091737454858958 ], [ 10484.96951322411951, 43058.095239469213993 ], [ 10484.979130914965936, 43058.097798166083521 ], [ 10484.988955307644574, 43058.099388202375849 ], [ 10484.998889094584229, 43058.099993829258892 ], [ 10485.008833884699925, 43058.099609048185812 ], [ 10485.018691177918299, 43058.098237670310482 ], [ 10485.028363340801661, 43058.095893278696167 ], [ 10485.037754573566417, 43058.092599093812169 ], [ 10485.046771858958891, 43058.088387743548083 ], [ 10485.05532588355527, 43058.083300940023037 ], [ 10485.063331922388898, 43058.077389066456817 ], [ 10485.070710678119212, 43058.070710678119212 ], [ 10508.04142135623988, 43035.099999999998545 ], [ 10531.0, 43035.099999999998545 ], [ 10531.009801714033529, 43035.099518472670752 ], [ 10531.019509032201313, 43035.098078528040787 ], [ 10531.029028467724856, 43035.095694033574546 ], [ 10531.038268343236268, 43035.092387953249272 ], [ 10531.047139673682977, 43035.088192126437207 ], [ 10531.055557023302754, 43035.08314696123125 ], [ 10531.06343932841628, 43035.077301045334025 ], [ 10531.070710678119212, 43035.070710678119212 ], [ 10554.04142135623988, 43012.099999999998545 ], [ 10576.0, 43012.099999999998545 ], [ 10576.009801714033529, 43012.099518472670752 ], [ 10576.019509032201313, 43012.098078528040787 ], [ 10576.029028467724856, 43012.095694033574546 ], [ 10576.038268343236268, 43012.092387953249272 ], [ 10576.047139673682977, 43012.088192126437207 ], [ 10576.055557023302754, 43012.08314696123125 ], [ 10576.06343932841628, 43012.077301045334025 ], [ 10576.070710678119212, 43012.070710678119212 ], [ 10576.077301045335844, 43012.063439328419918 ], [ 10576.083146961229431, 43012.055557023304573 ], [ 10576.088192126435388, 43012.047139673682977 ], [ 10576.092387953251091, 43012.038268343239906 ], [ 10576.095694033572727, 43012.029028467724856 ], [ 10576.098078528040787, 43012.019509032201313 ], [ 10576.099518472667114, 43012.009801714033529 ], [ 10576.1, 43012.0 ], [ 10576.1, 42899.04142135623988 ], [ 10622.0, 42853.141421356238425 ], [ 10644.9, 42876.04142135623988 ], [ 10644.9, 42921.0 ], [ 10644.900481527332886, 42921.009801714033529 ], [ 10644.901921471959213, 42921.019509032201313 ], [ 10644.904305966427273, 42921.029028467724856 ], [ 10644.907612046748909, 42921.038268343239906 ], [ 10644.911807873564612, 42921.047139673682977 ], [ 10644.916853038770569, 42921.055557023304573 ], [ 10644.922698954664156, 42921.063439328419918 ], [ 10644.929289321880788, 42921.070710678119212 ], [ 10644.93656067158372, 42921.077301045334025 ], [ 10644.944442976697246, 42921.08314696123125 ], [ 10644.952860326317023, 42921.088192126437207 ], [ 10644.961731656763732, 42921.092387953249272 ], [ 10644.970971532275144, 42921.095694033574546 ], [ 10644.980490967798687, 42921.098078528040787 ], [ 10644.990198285966471, 42921.099518472670752 ], [ 10645.0, 42921.099999999998545 ], [ 10712.95857864376012, 42921.099999999998545 ], [ 10735.929289321880788, 42944.070710678119212 ], [ 10735.936668077611102, 42944.077389066456817 ], [ 10735.94467411644473, 42944.083300940023037 ], [ 10735.953228141041109, 42944.088387743548083 ], [ 10735.962245426433583, 42944.092599093812169 ], [ 10735.971636659198339, 42944.095893278696167 ], [ 10735.981308822081701, 42944.098237670310482 ], [ 10735.991166115300075, 42944.099609048185812 ], [ 10736.001110905415771, 42944.099993829258892 ], [ 10736.011044692355426, 42944.099388202375849 ], [ 10736.020869085034064, 42944.097798166083521 ], [ 10736.03048677588049, 42944.095239469213993 ], [ 10736.039802504641557, 42944.091737454858958 ], [ 10736.048724001904702, 42944.087326809392835 ], [ 10736.057162903000062, 42944.0820512188875 ], [ 10736.065035623223594, 42944.075962936432916 ], [ 10736.072264185715539, 42944.069122264598263 ], [ 10758.042728960550448, 42921.099999999998545 ], [ 10781.0, 42921.099999999998545 ], [ 10781.009801714033529, 42921.099518472670752 ], [ 10781.019509032201313, 42921.098078528040787 ], [ 10781.029028467724856, 42921.095694033574546 ], [ 10781.038268343236268, 42921.092387953249272 ], [ 10781.047139673682977, 42921.088192126437207 ], [ 10781.055557023302754, 42921.08314696123125 ], [ 10781.06343932841628, 42921.077301045334025 ], [ 10781.070710678119212, 42921.070710678119212 ], [ 10781.077301045335844, 42921.063439328419918 ], [ 10781.083146961229431, 42921.055557023304573 ], [ 10781.088192126435388, 42921.047139673682977 ], [ 10781.092387953251091, 42921.038268343239906 ], [ 10781.095694033572727, 42921.029028467724856 ], [ 10781.098078528040787, 42921.019509032201313 ], [ 10781.099518472667114, 42921.009801714033529 ], [ 10781.1, 42921.0 ], [ 10781.1, 42899.04142135623988 ], [ 10804.04142135623988, 42876.099999999998545 ], [ 10826.957271039449552, 42876.099999999998545 ], [ 10848.9, 42899.040125731480657 ], [ 10848.9, 42966.959874268519343 ], [ 10826.927735814284461, 42989.930877735401737 ], [ 10826.921480300818075, 42989.938075393904001 ], [ 10826.915938827723949, 42989.945836180748302 ], [ 10826.911161787904348, 42989.954089521117567 ], [ 10826.90719262267703, 42989.962760360984248 ], [ 10826.904067426732581, 42989.971769849697012 ], [ 10826.901814619895958, 42989.98103605700453 ], [ 10826.900454688682657, 42989.990474718128098 ], [ 10826.9, 42990.0 ], [ 10826.9, 43012.0 ], [ 10826.900481527332886, 43012.009801714033529 ], [ 10826.901921471959213, 43012.019509032201313 ], [ 10826.904305966427273, 43012.029028467724856 ], [ 10826.907612046748909, 43012.038268343239906 ], [ 10826.911807873564612, 43012.047139673682977 ], [ 10826.916853038770569, 43012.055557023304573 ], [ 10826.922698954664156, 43012.063439328419918 ], [ 10826.929289321880788, 43012.070710678119212 ], [ 10826.93656067158372, 43012.077301045334025 ], [ 10826.944442976697246, 43012.08314696123125 ], [ 10826.952860326317023, 43012.088192126437207 ], [ 10826.961731656763732, 43012.092387953249272 ], [ 10826.970971532275144, 43012.095694033574546 ], [ 10826.980490967798687, 43012.098078528040787 ], [ 10826.990198285966471, 43012.099518472670752 ], [ 10827.0, 43012.099999999998545 ], [ 10827.009801714033529, 43012.099518472670752 ], [ 10827.019509032201313, 43012.098078528040787 ], [ 10827.029028467724856, 43012.095694033574546 ], [ 10827.038268343236268, 43012.092387953249272 ], [ 10827.047139673682977, 43012.088192126437207 ], [ 10827.055557023302754, 43012.08314696123125 ], [ 10827.06343932841628, 43012.077301045334025 ], [ 10827.070710678119212, 43012.070710678119212 ], [ 10827.077301045335844, 43012.063439328419918 ], [ 10827.083146961229431, 43012.055557023304573 ], [ 10827.088192126435388, 43012.047139673682977 ], [ 10827.092387953251091, 43012.038268343239906 ], [ 10827.095694033572727, 43012.029028467724856 ], [ 10827.098078528040787, 43012.019509032201313 ], [ 10827.099518472667114, 43012.009801714033529 ], [ 10827.1, 43012.0 ], [ 10827.1, 42990.040125731480657 ], [ 10849.042728960550448, 42967.099999999998545 ], [ 10871.95857864376012, 42967.099999999998545 ], [ 10894.929289321880788, 42990.070710678119212 ], [ 10894.93656067158372, 42990.077301045334025 ], [ 10894.944442976697246, 42990.08314696123125 ], [ 10894.952860326317023, 42990.088192126437207 ], [ 10894.961731656763732, 42990.092387953249272 ], [ 10894.970971532275144, 42990.095694033574546 ], [ 10894.980490967798687, 42990.098078528040787 ], [ 10894.990198285966471, 42990.099518472670752 ], [ 10895.0, 42990.099999999998545 ], [ 10918.0, 42990.099999999998545 ], [ 10918.010078070585223, 42990.099490866377892 ], [ 10918.020053519479916, 42990.097968649868562 ], [ 10918.029824769955667, 42990.095448850683169 ], [ 10918.039292324570852, 42990.091957127129717 ], [ 10918.048359778316808, 42990.087529034273757 ], [ 10918.05693480028458, 42990.082209661944944 ], [ 10918.064930073833239, 42990.076053175551351 ], [ 10918.072264185715539, 42990.069122264598263 ], [ 10940.042728960550448, 42967.099999999998545 ], [ 10962.95857864376012, 42967.099999999998545 ], [ 10985.929289321880788, 42990.070710678119212 ], [ 10985.93656067158372, 42990.077301045334025 ], [ 10985.944442976697246, 42990.08314696123125 ], [ 10985.952860326317023, 42990.088192126437207 ], [ 10985.961731656763732, 42990.092387953249272 ], [ 10985.970971532275144, 42990.095694033574546 ], [ 10985.980490967798687, 42990.098078528040787 ], [ 10985.990198285966471, 42990.099518472670752 ], [ 10986.0, 42990.099999999998545 ], [ 11009.0, 42990.099999999998545 ], [ 11009.010078070585223, 42990.099490866377892 ], [ 11009.020053519479916, 42990.097968649868562 ], [ 11009.029824769955667, 42990.095448850683169 ], [ 11009.039292324570852, 42990.091957127129717 ], [ 11009.048359778316808, 42990.087529034273757 ], [ 11009.05693480028458, 42990.082209661944944 ], [ 11009.064930073833239, 42990.076053175551351 ], [ 11009.072264185715539, 42990.069122264598263 ], [ 11031.071496255373859, 42967.069925100862747 ], [ 11054.0, 42944.141421356238425 ], [ 11076.929289321880788, 42967.070710678119212 ], [ 11076.93656067158372, 42967.077301045334025 ], [ 11076.944442976697246, 42967.08314696123125 ], [ 11076.952860326317023, 42967.088192126437207 ], [ 11076.961731656763732, 42967.092387953249272 ], [ 11076.970971532275144, 42967.095694033574546 ], [ 11076.980490967798687, 42967.098078528040787 ], [ 11076.990198285966471, 42967.099518472670752 ], [ 11077.0, 42967.099999999998545 ], [ 11077.009801714033529, 42967.099518472670752 ], [ 11077.019509032201313, 42967.098078528040787 ], [ 11077.029028467724856, 42967.095694033574546 ], [ 11077.038268343236268, 42967.092387953249272 ], [ 11077.047139673682977, 42967.088192126437207 ], [ 11077.055557023302754, 42967.08314696123125 ], [ 11077.06343932841628, 42967.077301045334025 ], [ 11077.070710678119212, 42967.070710678119212 ], [ 11077.077301045335844, 42967.063439328419918 ], [ 11077.083146961229431, 42967.055557023304573 ], [ 11077.088192126435388, 42967.047139673682977 ], [ 11077.092387953251091, 42967.038268343239906 ], [ 11077.095694033572727, 42967.029028467724856 ], [ 11077.098078528040787, 42967.019509032201313 ], [ 11077.099518472667114, 42967.009801714033529 ], [ 11077.1, 42967.0 ], [ 11077.1, 42944.04142135623988 ], [ 11100.04142135623988, 42921.099999999998545 ], [ 11122.0, 42921.099999999998545 ], [ 11122.00952528187554, 42921.099545311313705 ], [ 11122.018963942991832, 42921.098185380105861 ], [ 11122.028230150304807, 42921.095932573269238 ], [ 11122.03723963901939, 42921.092807377324789 ], [ 11122.045910478886071, 42921.088838212097471 ], [ 11122.05416381924806, 42921.084061172274232 ], [ 11122.061924606099637, 42921.078519699178287 ], [ 11122.069122264596444, 42921.072264185713721 ], [ 11145.0, 42899.138381134456722 ], [ 11167.930877735403556, 42921.072264185713721 ], [ 11167.938075393900363, 42921.078519699178287 ], [ 11167.94583618075194, 42921.084061172274232 ], [ 11167.954089521113929, 42921.088838212097471 ], [ 11167.96276036098061, 42921.092807377324789 ], [ 11167.971769849695193, 42921.095932573269238 ], [ 11167.981036057008168, 42921.098185380105861 ], [ 11167.99047471812446, 42921.099545311313705 ], [ 11168.0, 42921.099999999998545 ], [ 11191.0, 42921.099999999998545 ], [ 11191.009801714033529, 42921.099518472670752 ], [ 11191.019509032201313, 42921.098078528040787 ], [ 11191.029028467724856, 42921.095694033574546 ], [ 11191.038268343236268, 42921.092387953249272 ], [ 11191.047139673682977, 42921.088192126437207 ], [ 11191.055557023302754, 42921.08314696123125 ], [ 11191.06343932841628, 42921.077301045334025 ], [ 11191.070710678119212, 42921.070710678119212 ], [ 11213.04142135623988, 42899.099999999998545 ], [ 11236.0, 42899.099999999998545 ], [ 11236.009801714033529, 42899.099518472670752 ], [ 11236.019509032201313, 42899.098078528040787 ], [ 11236.029028467724856, 42899.095694033574546 ], [ 11236.038268343236268, 42899.092387953249272 ], [ 11236.047139673682977, 42899.088192126437207 ], [ 11236.055557023302754, 42899.08314696123125 ], [ 11236.06343932841628, 42899.077301045334025 ], [ 11236.070710678119212, 42899.070710678119212 ], [ 11259.0, 42876.141421356238425 ], [ 11281.929289321880788, 42899.070710678119212 ], [ 11281.93656067158372, 42899.077301045334025 ], [ 11281.944442976697246, 42899.08314696123125 ], [ 11281.952860326317023, 42899.088192126437207 ], [ 11281.961731656763732, 42899.092387953249272 ], [ 11281.970971532275144, 42899.095694033574546 ], [ 11281.980490967798687, 42899.098078528040787 ], [ 11281.990198285966471, 42899.099518472670752 ], [ 11282.0, 42899.099999999998545 ], [ 11532.0, 42899.099999999998545 ], [ 11532.009801714033529, 42899.099518472670752 ], [ 11532.019509032201313, 42899.098078528040787 ], [ 11532.029028467724856, 42899.095694033574546 ], [ 11532.038268343236268, 42899.092387953249272 ], [ 11532.047139673682977, 42899.088192126437207 ], [ 11532.055557023302754, 42899.08314696123125 ], [ 11532.06343932841628, 42899.077301045334025 ], [ 11532.070710678119212, 42899.070710678119212 ], [ 11555.04142135623988, 42876.099999999998545 ], [ 11623.0, 42876.099999999998545 ], [ 11623.009801714033529, 42876.099518472670752 ], [ 11623.019509032201313, 42876.098078528040787 ], [ 11623.029028467724856, 42876.095694033574546 ], [ 11623.038268343236268, 42876.092387953249272 ], [ 11623.047139673682977, 42876.088192126437207 ], [ 11623.055557023302754, 42876.08314696123125 ], [ 11623.06343932841628, 42876.077301045334025 ], [ 11623.070710678119212, 42876.070710678119212 ], [ 11646.04142135623988, 42853.099999999998545 ], [ 11714.0, 42853.099999999998545 ], [ 11714.009801714033529, 42853.099518472670752 ], [ 11714.019509032201313, 42853.098078528040787 ], [ 11714.029028467724856, 42853.095694033574546 ], [ 11714.038268343236268, 42853.092387953249272 ], [ 11714.047139673682977, 42853.088192126437207 ], [ 11714.055557023302754, 42853.08314696123125 ], [ 11714.06343932841628, 42853.077301045334025 ], [ 11714.070710678119212, 42853.070710678119212 ], [ 11737.04142135623988, 42830.099999999998545 ], [ 11805.0, 42830.099999999998545 ], [ 11805.009801714033529, 42830.099518472670752 ], [ 11805.019509032201313, 42830.098078528040787 ], [ 11805.029028467724856, 42830.095694033574546 ], [ 11805.038268343236268, 42830.092387953249272 ], [ 11805.047139673682977, 42830.088192126437207 ], [ 11805.055557023302754, 42830.08314696123125 ], [ 11805.06343932841628, 42830.077301045334025 ], [ 11805.070710678119212, 42830.070710678119212 ], [ 11850.04142135623988, 42785.099999999998545 ], [ 11895.957271039449552, 42785.099999999998545 ], [ 11917.927735814284461, 42808.069122264598263 ], [ 11917.934964376776406, 42808.075962936432916 ], [ 11917.942837096999938, 42808.0820512188875 ], [ 11917.951275998095298, 42808.087326809392835 ], [ 11917.960197495358443, 42808.091737454858958 ], [ 11917.96951322411951, 42808.095239469213993 ], [ 11917.979130914965936, 42808.097798166083521 ], [ 11917.988955307644574, 42808.099388202375849 ], [ 11917.998889094584229, 42808.099993829258892 ], [ 11918.008833884699925, 42808.099609048185812 ], [ 11918.018691177918299, 42808.098237670310482 ], [ 11918.028363340801661, 42808.095893278696167 ], [ 11918.037754573566417, 42808.092599093812169 ], [ 11918.046771858958891, 42808.088387743548083 ], [ 11918.05532588355527, 42808.083300940023037 ], [ 11918.063331922388898, 42808.077389066456817 ], [ 11918.070710678119212, 42808.070710678119212 ], [ 11941.04142135623988, 42785.099999999998545 ], [ 12031.95857864376012, 42785.099999999998545 ], [ 12054.929289321880788, 42808.070710678119212 ], [ 12054.93656067158372, 42808.077301045334025 ], [ 12054.944442976697246, 42808.08314696123125 ], [ 12054.952860326317023, 42808.088192126437207 ], [ 12054.961731656763732, 42808.092387953249272 ], [ 12054.970971532275144, 42808.095694033574546 ], [ 12054.980490967798687, 42808.098078528040787 ], [ 12054.990198285966471, 42808.099518472670752 ], [ 12055.0, 42808.099999999998545 ], [ 12099.959874268519343, 42808.099999999998545 ], [ 12122.930877735403556, 42830.072264185713721 ], [ 12122.938075393900363, 42830.078519699178287 ], [ 12122.94583618075194, 42830.084061172274232 ], [ 12122.954089521113929, 42830.088838212097471 ], [ 12122.96276036098061, 42830.092807377324789 ], [ 12122.971769849695193, 42830.095932573269238 ], [ 12122.981036057008168, 42830.098185380105861 ], [ 12122.99047471812446, 42830.099545311313705 ], [ 12123.0, 42830.099999999998545 ], [ 12123.00952528187554, 42830.099545311313705 ], [ 12123.018963942991832, 42830.098185380105861 ], [ 12123.028230150304807, 42830.095932573269238 ], [ 12123.03723963901939, 42830.092807377324789 ], [ 12123.045910478886071, 42830.088838212097471 ], [ 12123.05416381924806, 42830.084061172274232 ], [ 12123.061924606099637, 42830.078519699178287 ], [ 12123.069122264596444, 42830.072264185713721 ], [ 12146.0, 42808.138381134456722 ], [ 12168.930877735403556, 42830.072264185713721 ], [ 12168.938184490763888, 42830.078605615686683 ], [ 12168.946069854178859, 42830.084211278175644 ], [ 12168.954460016744633, 42830.089028702815995 ], [ 12168.963276444519579, 42830.093012797362462 ], [ 12168.972436613616082, 42830.096126269723754 ], [ 12168.981854782647133, 42830.09833997705573 ], [ 12168.991442795282637, 42830.099633198522497 ], [ 12169.001110905415771, 42830.099993829258892 ], [ 12169.010768617205031, 42830.099418493671692 ], [ 12169.020325532144852, 42830.097912577039097 ], [ 12169.029692195208554, 42830.095490175117448 ], [ 12169.038780932176451, 42830.092173962155357 ], [ 12169.0475066702802, 42830.087994978712231 ], [ 12169.055787734509067, 42830.082992341085628 ], [ 12169.063546612109349, 42830.077212875155965 ], [ 12169.070710678119212, 42830.070710678119212 ], [ 12191.04142135623988, 42808.099999999998545 ], [ 12213.959874268519343, 42808.099999999998545 ], [ 12236.930877735403556, 42830.072264185713721 ], [ 12236.938075393900363, 42830.078519699178287 ], [ 12236.94583618075194, 42830.084061172274232 ], [ 12236.954089521113929, 42830.088838212097471 ], [ 12236.96276036098061, 42830.092807377324789 ], [ 12236.971769849695193, 42830.095932573269238 ], [ 12236.981036057008168, 42830.098185380105861 ], [ 12236.99047471812446, 42830.099545311313705 ], [ 12237.0, 42830.099999999998545 ], [ 12237.00952528187554, 42830.099545311313705 ], [ 12237.018963942991832, 42830.098185380105861 ], [ 12237.028230150304807, 42830.095932573269238 ], [ 12237.03723963901939, 42830.092807377324789 ], [ 12237.045910478886071, 42830.088838212097471 ], [ 12237.05416381924806, 42830.084061172274232 ], [ 12237.061924606099637, 42830.078519699178287 ], [ 12237.069122264596444, 42830.072264185713721 ], [ 12260.040125731480657, 42808.099999999998545 ], [ 12281.959874268519343, 42808.099999999998545 ], [ 12304.930877735403556, 42830.072264185713721 ], [ 12304.938075393900363, 42830.078519699178287 ], [ 12304.94583618075194, 42830.084061172274232 ], [ 12304.954089521113929, 42830.088838212097471 ], [ 12304.96276036098061, 42830.092807377324789 ], [ 12304.971769849695193, 42830.095932573269238 ], [ 12304.981036057008168, 42830.098185380105861 ], [ 12304.99047471812446, 42830.099545311313705 ], [ 12305.0, 42830.099999999998545 ], [ 12305.00952528187554, 42830.099545311313705 ], [ 12305.018963942991832, 42830.098185380105861 ], [ 12305.028230150304807, 42830.095932573269238 ], [ 12305.03723963901939, 42830.092807377324789 ], [ 12305.045910478886071, 42830.088838212097471 ], [ 12305.05416381924806, 42830.084061172274232 ], [ 12305.061924606099637, 42830.078519699178287 ], [ 12305.069122264596444, 42830.072264185713721 ], [ 12328.040125731480657, 42808.099999999998545 ], [ 12372.959874268519343, 42808.099999999998545 ], [ 12395.930877735403556, 42830.072264185713721 ], [ 12395.938075393900363, 42830.078519699178287 ], [ 12395.94583618075194, 42830.084061172274232 ], [ 12395.954089521113929, 42830.088838212097471 ], [ 12395.96276036098061, 42830.092807377324789 ], [ 12395.971769849695193, 42830.095932573269238 ], [ 12395.981036057008168, 42830.098185380105861 ], [ 12395.99047471812446, 42830.099545311313705 ], [ 12396.0, 42830.099999999998545 ], [ 12442.0, 42830.099999999998545 ], [ 12442.009801714033529, 42830.099518472670752 ], [ 12442.019509032201313, 42830.098078528040787 ], [ 12442.029028467724856, 42830.095694033574546 ], [ 12442.038268343236268, 42830.092387953249272 ], [ 12442.047139673682977, 42830.088192126437207 ], [ 12442.055557023302754, 42830.08314696123125 ], [ 12442.06343932841628, 42830.077301045334025 ], [ 12442.070710678119212, 42830.070710678119212 ], [ 12464.070710678119212, 42808.070710678119212 ], [ 12464.077301045335844, 42808.063439328419918 ], [ 12464.083146961229431, 42808.055557023304573 ], [ 12464.088192126435388, 42808.047139673682977 ], [ 12464.092387953251091, 42808.038268343239906 ], [ 12464.095694033572727, 42808.029028467724856 ], [ 12464.098078528040787, 42808.019509032201313 ], [ 12464.099518472667114, 42808.009801714033529 ], [ 12464.1, 42808.0 ], [ 12464.1, 42671.042728960543172 ], [ 12487.040125731480657, 42649.099999999998545 ], [ 13693.0, 42649.099999999998545 ], [ 13693.010078070585223, 42649.099490866377892 ], [ 13693.020053519479916, 42649.097968649868562 ], [ 13693.029824769955667, 42649.095448850683169 ], [ 13693.039292324570852, 42649.091957127129717 ], [ 13693.048359778316808, 42649.087529034273757 ], [ 13693.05693480028458, 42649.082209661944944 ], [ 13693.064930073833239, 42649.076053175551351 ], [ 13693.072264185715539, 42649.069122264598263 ], [ 13715.042728960550448, 42626.099999999998545 ], [ 13852.0, 42626.099999999998545 ], [ 13852.009801714033529, 42626.099518472670752 ], [ 13852.019509032201313, 42626.098078528040787 ], [ 13852.029028467724856, 42626.095694033574546 ], [ 13852.038268343236268, 42626.092387953249272 ], [ 13852.047139673682977, 42626.088192126437207 ], [ 13852.055557023302754, 42626.08314696123125 ], [ 13852.06343932841628, 42626.077301045334025 ], [ 13852.070710678119212, 42626.070710678119212 ], [ 13875.04142135623988, 42603.099999999998545 ], [ 14034.0, 42603.099999999998545 ], [ 14034.009801714033529, 42603.099518472670752 ], [ 14034.019509032201313, 42603.098078528040787 ], [ 14034.029028467724856, 42603.095694033574546 ], [ 14034.038268343236268, 42603.092387953249272 ], [ 14034.047139673682977, 42603.088192126437207 ], [ 14034.055557023302754, 42603.08314696123125 ], [ 14034.06343932841628, 42603.077301045334025 ], [ 14034.070710678119212, 42603.070710678119212 ], [ 14057.04142135623988, 42580.099999999998545 ], [ 14261.0, 42580.099999999998545 ], [ 14261.00952528187554, 42580.099545311313705 ], [ 14261.018963942991832, 42580.098185380105861 ], [ 14261.028230150304807, 42580.095932573269238 ], [ 14261.03723963901939, 42580.092807377324789 ], [ 14261.045910478886071, 42580.088838212097471 ], [ 14261.05416381924806, 42580.084061172274232 ], [ 14261.061924606099637, 42580.078519699178287 ], [ 14261.069122264596444, 42580.072264185713721 ], [ 14284.0, 42558.138381134456722 ], [ 14306.930877735403556, 42580.072264185713721 ], [ 14306.938075393900363, 42580.078519699178287 ], [ 14306.94583618075194, 42580.084061172274232 ], [ 14306.954089521113929, 42580.088838212097471 ], [ 14306.96276036098061, 42580.092807377324789 ], [ 14306.971769849695193, 42580.095932573269238 ], [ 14306.981036057008168, 42580.098185380105861 ], [ 14306.99047471812446, 42580.099545311313705 ], [ 14307.0, 42580.099999999998545 ], [ 14307.00952528187554, 42580.099545311313705 ], [ 14307.018963942991832, 42580.098185380105861 ], [ 14307.028230150304807, 42580.095932573269238 ], [ 14307.03723963901939, 42580.092807377324789 ], [ 14307.045910478886071, 42580.088838212097471 ], [ 14307.05416381924806, 42580.084061172274232 ], [ 14307.061924606099637, 42580.078519699178287 ], [ 14307.069122264596444, 42580.072264185713721 ], [ 14330.069122264596444, 42558.072264185713721 ], [ 14330.072264185715539, 42558.069122264598263 ], [ 14352.042728960550448, 42535.099999999998545 ], [ 14420.957271039449552, 42535.099999999998545 ], [ 14442.927735814284461, 42558.069122264598263 ], [ 14442.935069926166761, 42558.076053175551351 ], [ 14442.94306519971542, 42558.082209661944944 ], [ 14442.951640221683192, 42558.087529034273757 ], [ 14442.960707675429148, 42558.091957127129717 ], [ 14442.970175230044333, 42558.095448850683169 ], [ 14442.979946480520084, 42558.097968649868562 ], [ 14442.989921929414777, 42558.099490866377892 ], [ 14443.0, 42558.099999999998545 ], [ 14557.0, 42558.099999999998545 ], [ 14557.009801714033529, 42558.099518472670752 ], [ 14557.019509032201313, 42558.098078528040787 ], [ 14557.029028467724856, 42558.095694033574546 ], [ 14557.038268343236268, 42558.092387953249272 ], [ 14557.047139673682977, 42558.088192126437207 ], [ 14557.055557023302754, 42558.08314696123125 ], [ 14557.06343932841628, 42558.077301045334025 ], [ 14557.070710678119212, 42558.070710678119212 ], [ 14580.04142135623988, 42535.099999999998545 ], [ 14694.0, 42535.099999999998545 ], [ 14694.010078070585223, 42535.099490866377892 ], [ 14694.020053519479916, 42535.097968649868562 ], [ 14694.029824769955667, 42535.095448850683169 ], [ 14694.039292324570852, 42535.091957127129717 ], [ 14694.048359778316808, 42535.087529034273757 ], [ 14694.05693480028458, 42535.082209661944944 ], [ 14694.064930073833239, 42535.076053175551351 ], [ 14694.072264185715539, 42535.069122264598263 ], [ 14716.042728960550448, 42512.099999999998545 ], [ 14853.0, 42512.099999999998545 ], [ 14853.010078070585223, 42512.099490866377892 ], [ 14853.020053519479916, 42512.097968649868562 ], [ 14853.029824769955667, 42512.095448850683169 ], [ 14853.039292324570852, 42512.091957127129717 ], [ 14853.048359778316808, 42512.087529034273757 ], [ 14853.05693480028458, 42512.082209661944944 ], [ 14853.064930073833239, 42512.076053175551351 ], [ 14853.072264185715539, 42512.069122264598263 ], [ 14875.042728960550448, 42489.099999999998545 ], [ 14921.0, 42489.099999999998545 ], [ 14921.00952528187554, 42489.099545311313705 ], [ 14921.018963942991832, 42489.098185380105861 ], [ 14921.028230150304807, 42489.095932573269238 ], [ 14921.03723963901939, 42489.092807377324789 ], [ 14921.045910478886071, 42489.088838212097471 ], [ 14921.05416381924806, 42489.084061172274232 ], [ 14921.061924606099637, 42489.078519699178287 ], [ 14921.069122264596444, 42489.072264185713721 ], [ 14943.998446108867938, 42467.139867465106363 ], [ 14965.929289321880788, 42489.070710678119212 ], [ 14965.936453387890651, 42489.077212875155965 ], [ 14965.944212265490933, 42489.082992341085628 ], [ 14965.9524933297198, 42489.087994978712231 ], [ 14965.961219067823549, 42489.092173962155357 ], [ 14965.970307804791446, 42489.095490175117448 ], [ 14965.979674467855148, 42489.097912577039097 ], [ 14965.989231382794969, 42489.099418493671692 ], [ 14965.998889094584229, 42489.099993829258892 ], [ 14966.008557204717363, 42489.099633198522497 ], [ 14966.018145217352867, 42489.09833997705573 ], [ 14966.027563386383918, 42489.096126269723754 ], [ 14966.036723555480421, 42489.093012797362462 ], [ 14966.045539983255367, 42489.089028702815995 ], [ 14966.053930145821141, 42489.084211278175644 ], [ 14966.061815509236112, 42489.078605615686683 ], [ 14966.069122264596444, 42489.072264185713721 ], [ 14989.040125731480657, 42467.099999999998545 ], [ 15035.0, 42467.099999999998545 ], [ 15035.010078070585223, 42467.099490866377892 ], [ 15035.020053519479916, 42467.097968649868562 ], [ 15035.029824769955667, 42467.095448850683169 ], [ 15035.039292324570852, 42467.091957127129717 ], [ 15035.048359778316808, 42467.087529034273757 ], [ 15035.05693480028458, 42467.082209661944944 ], [ 15035.064930073833239, 42467.076053175551351 ], [ 15035.072264185715539, 42467.069122264598263 ], [ 15057.042728960550448, 42444.099999999998545 ], [ 15148.0, 42444.099999999998545 ], [ 15148.009801714033529, 42444.099518472670752 ], [ 15148.019509032201313, 42444.098078528040787 ], [ 15148.029028467724856, 42444.095694033574546 ], [ 15148.038268343236268, 42444.092387953249272 ], [ 15148.047139673682977, 42444.088192126437207 ], [ 15148.055557023302754, 42444.08314696123125 ], [ 15148.06343932841628, 42444.077301045334025 ], [ 15148.070710678119212, 42444.070710678119212 ], [ 15194.069925100946421, 42398.071496255288366 ], [ 15216.998446108867938, 42376.139867465106363 ], [ 15238.929289321880788, 42398.070710678119212 ], [ 15238.936453387890651, 42398.077212875155965 ], [ 15238.944212265490933, 42398.082992341085628 ], [ 15238.9524933297198, 42398.087994978712231 ], [ 15238.961219067823549, 42398.092173962155357 ], [ 15238.970307804791446, 42398.095490175117448 ], [ 15238.979674467855148, 42398.097912577039097 ], [ 15238.989231382794969, 42398.099418493671692 ], [ 15238.998889094584229, 42398.099993829258892 ], [ 15239.008557204717363, 42398.099633198522497 ], [ 15239.018145217352867, 42398.09833997705573 ], [ 15239.027563386383918, 42398.096126269723754 ], [ 15239.036723555480421, 42398.093012797362462 ], [ 15239.045539983255367, 42398.089028702815995 ], [ 15239.053930145821141, 42398.084211278175644 ], [ 15239.061815509236112, 42398.078605615686683 ], [ 15239.069122264596444, 42398.072264185713721 ], [ 15262.040125731480657, 42376.099999999998545 ], [ 15284.959874268519343, 42376.099999999998545 ], [ 15307.9, 42398.042728960543172 ], [ 15307.9, 42420.95857864376012 ], [ 15284.929289321880788, 42443.929289321880788 ], [ 15284.922698954664156, 42443.936560671580082 ], [ 15284.916853038770569, 42443.944442976695427 ], [ 15284.911807873564612, 42443.952860326317023 ], [ 15284.907612046748909, 42443.961731656760094 ], [ 15284.904305966427273, 42443.970971532275144 ], [ 15284.901921471959213, 42443.980490967798687 ], [ 15284.900481527332886, 42443.990198285966471 ], [ 15284.9, 42444.0 ], [ 15284.9, 42467.0 ], [ 15284.900481527332886, 42467.009801714033529 ], [ 15284.901921471959213, 42467.019509032201313 ], [ 15284.904305966427273, 42467.029028467724856 ], [ 15284.907612046748909, 42467.038268343239906 ], [ 15284.911807873564612, 42467.047139673682977 ], [ 15284.916853038770569, 42467.055557023304573 ], [ 15284.922698954664156, 42467.063439328419918 ], [ 15284.929289321880788, 42467.070710678119212 ], [ 15284.93656067158372, 42467.077301045334025 ], [ 15284.944442976697246, 42467.08314696123125 ], [ 15284.952860326317023, 42467.088192126437207 ], [ 15284.961731656763732, 42467.092387953249272 ], [ 15284.970971532275144, 42467.095694033574546 ], [ 15284.980490967798687, 42467.098078528040787 ], [ 15284.990198285966471, 42467.099518472670752 ], [ 15285.0, 42467.099999999998545 ], [ 15308.0, 42467.099999999998545 ], [ 15308.010078070585223, 42467.099490866377892 ], [ 15308.020053519479916, 42467.097968649868562 ], [ 15308.029824769955667, 42467.095448850683169 ], [ 15308.039292324570852, 42467.091957127129717 ], [ 15308.048359778316808, 42467.087529034273757 ], [ 15308.05693480028458, 42467.082209661944944 ], [ 15308.064930073833239, 42467.076053175551351 ], [ 15308.072264185715539, 42467.069122264598263 ], [ 15330.072264185715539, 42444.069122264598263 ], [ 15330.078519699181925, 42444.061924606095999 ], [ 15330.084061172276051, 42444.054163819251698 ], [ 15330.088838212095652, 42444.045910478882433 ], [ 15330.09280737732297, 42444.037239639015752 ], [ 15330.095932573267419, 42444.028230150302988 ], [ 15330.098185380104042, 42444.01896394299547 ], [ 15330.099545311317343, 42444.009525281871902 ], [ 15330.1, 42444.0 ], [ 15330.1, 42421.04142135623988 ], [ 15353.04142135623988, 42398.099999999998545 ], [ 15376.0, 42398.099999999998545 ], [ 15376.009801714033529, 42398.099518472670752 ], [ 15376.019509032201313, 42398.098078528040787 ], [ 15376.029028467724856, 42398.095694033574546 ], [ 15376.038268343236268, 42398.092387953249272 ], [ 15376.047139673682977, 42398.088192126437207 ], [ 15376.055557023302754, 42398.08314696123125 ], [ 15376.06343932841628, 42398.077301045334025 ], [ 15376.070710678119212, 42398.070710678119212 ], [ 15376.077301045335844, 42398.063439328419918 ], [ 15376.083146961229431, 42398.055557023304573 ], [ 15376.088192126435388, 42398.047139673682977 ], [ 15376.092387953251091, 42398.038268343239906 ], [ 15376.095694033572727, 42398.029028467724856 ], [ 15376.098078528040787, 42398.019509032201313 ], [ 15376.099518472667114, 42398.009801714033529 ], [ 15376.1, 42398.0 ], [ 15376.1, 42353.04142135623988 ], [ 15399.04142135623988, 42330.099999999998545 ], [ 15444.0, 42330.099999999998545 ], [ 15444.009801714033529, 42330.099518472670752 ], [ 15444.019509032201313, 42330.098078528040787 ], [ 15444.029028467724856, 42330.095694033574546 ], [ 15444.038268343236268, 42330.092387953249272 ], [ 15444.047139673682977, 42330.088192126437207 ], [ 15444.055557023302754, 42330.08314696123125 ], [ 15444.06343932841628, 42330.077301045334025 ], [ 15444.070710678119212, 42330.070710678119212 ], [ 15467.069925100946421, 42307.071496255288366 ], [ 15490.069122264596444, 42285.072264185713721 ], [ 15490.072264185715539, 42285.069122264598263 ], [ 15512.072264185715539, 42262.069122264598263 ], [ 15512.078519699181925, 42262.061924606095999 ], [ 15512.084061172276051, 42262.054163819251698 ], [ 15512.088838212095652, 42262.045910478882433 ], [ 15512.09280737732297, 42262.037239639015752 ], [ 15512.095932573267419, 42262.028230150302988 ], [ 15512.098185380104042, 42262.01896394299547 ], [ 15512.099545311317343, 42262.009525281871902 ], [ 15512.1, 42262.0 ], [ 15512.1, 42239.04142135623988 ], [ 15535.070710678119212, 42216.070710678119212 ], [ 15535.077389066453179, 42216.06333192238526 ], [ 15535.083300940023037, 42216.055325883557089 ], [ 15535.088387743548083, 42216.046771858957072 ], [ 15535.092599093812169, 42216.037754573568236 ], [ 15535.095893278694348, 42216.02836334080348 ], [ 15535.098237670310482, 42216.01869117791648 ], [ 15535.09960904818945, 42216.008833884698106 ], [ 15535.099993829255254, 42215.99888909458241 ], [ 15535.099388202372211, 42215.988955307642755 ], [ 15535.097798166087159, 42215.979130914965936 ], [ 15535.095239469215812, 42215.969513224117691 ], [ 15535.091737454860777, 42215.960197495362081 ], [ 15535.087326809391016, 42215.951275998093479 ], [ 15535.082051218885681, 42215.942837096998119 ], [ 15535.075962936436554, 42215.934964376778225 ], [ 15535.069122264596444, 42215.927735814286279 ], [ 15512.1, 42193.957271039456828 ], [ 15512.1, 42171.0 ], [ 15512.099518472667114, 42170.990198285966471 ], [ 15512.098078528040787, 42170.980490967798687 ], [ 15512.095694033572727, 42170.970971532275144 ], [ 15512.092387953251091, 42170.961731656760094 ], [ 15512.088192126435388, 42170.952860326317023 ], [ 15512.083146961229431, 42170.944442976695427 ], [ 15512.077301045335844, 42170.936560671580082 ], [ 15512.070710678119212, 42170.929289321880788 ], [ 15512.06343932841628, 42170.922698954665975 ], [ 15512.055557023302754, 42170.91685303876875 ], [ 15512.047139673682977, 42170.911807873562793 ], [ 15512.038268343236268, 42170.907612046750728 ], [ 15512.029028467724856, 42170.904305966425454 ], [ 15512.019509032201313, 42170.901921471959213 ], [ 15512.009801714033529, 42170.900481527329248 ], [ 15512.0, 42170.900000000001455 ], [ 15490.04142135623988, 42170.900000000001455 ], [ 15467.1, 42147.95857864376012 ], [ 15467.1, 42103.04142135623988 ], [ 15490.04142135623988, 42080.099999999998545 ], [ 15534.95857864376012, 42080.099999999998545 ], [ 15557.929289321880788, 42103.070710678119212 ], [ 15557.930877735403556, 42103.072264185713721 ], [ 15580.929271864568364, 42125.070728135346144 ], [ 15602.9, 42148.040125731480657 ], [ 15602.9, 42171.0 ], [ 15602.900481527332886, 42171.009801714033529 ], [ 15602.901921471959213, 42171.019509032201313 ], [ 15602.904305966427273, 42171.029028467724856 ], [ 15602.907612046748909, 42171.038268343239906 ], [ 15602.911807873564612, 42171.047139673682977 ], [ 15602.916853038770569, 42171.055557023304573 ], [ 15602.922698954664156, 42171.063439328419918 ], [ 15602.929289321880788, 42171.070710678119212 ], [ 15602.93656067158372, 42171.077301045334025 ], [ 15602.944442976697246, 42171.08314696123125 ], [ 15602.952860326317023, 42171.088192126437207 ], [ 15602.961731656763732, 42171.092387953249272 ], [ 15602.970971532275144, 42171.095694033574546 ], [ 15602.980490967798687, 42171.098078528040787 ], [ 15602.990198285966471, 42171.099518472670752 ], [ 15603.0, 42171.099999999998545 ], [ 15603.009801714033529, 42171.099518472670752 ], [ 15603.019509032201313, 42171.098078528040787 ], [ 15603.029028467724856, 42171.095694033574546 ], [ 15603.038268343236268, 42171.092387953249272 ], [ 15603.047139673682977, 42171.088192126437207 ], [ 15603.055557023302754, 42171.08314696123125 ], [ 15603.06343932841628, 42171.077301045334025 ], [ 15603.070710678119212, 42171.070710678119212 ], [ 15603.077301045335844, 42171.063439328419918 ], [ 15603.083146961229431, 42171.055557023304573 ], [ 15603.088192126435388, 42171.047139673682977 ], [ 15603.092387953251091, 42171.038268343239906 ], [ 15603.095694033572727, 42171.029028467724856 ], [ 15603.098078528040787, 42171.019509032201313 ], [ 15603.099518472667114, 42171.009801714033529 ], [ 15603.1, 42171.0 ], [ 15603.1, 42148.0 ], [ 15603.099545311317343, 42147.990474718128098 ], [ 15603.098185380104042, 42147.98103605700453 ], [ 15603.095932573267419, 42147.971769849697012 ], [ 15603.09280737732297, 42147.962760360984248 ], [ 15603.088838212095652, 42147.954089521117567 ], [ 15603.084061172276051, 42147.945836180748302 ], [ 15603.078519699181925, 42147.938075393904001 ], [ 15603.072264185715539, 42147.930877735401737 ], [ 15581.1, 42124.959874268519343 ], [ 15581.1, 42103.040125731480657 ], [ 15603.042728960550448, 42080.099999999998545 ], [ 15626.0, 42080.099999999998545 ], [ 15626.009801714033529, 42080.099518472670752 ], [ 15626.019509032201313, 42080.098078528040787 ], [ 15626.029028467724856, 42080.095694033574546 ], [ 15626.038268343236268, 42080.092387953249272 ], [ 15626.047139673682977, 42080.088192126437207 ], [ 15626.055557023302754, 42080.08314696123125 ], [ 15626.06343932841628, 42080.077301045334025 ], [ 15626.070710678119212, 42080.070710678119212 ], [ 15649.0, 42057.141421356238425 ], [ 15671.928503744626141, 42080.069925100862747 ], [ 15693.9, 42103.040125731480657 ], [ 15693.9, 42125.0 ], [ 15693.900481527332886, 42125.009801714033529 ], [ 15693.901921471959213, 42125.019509032201313 ], [ 15693.904305966427273, 42125.029028467724856 ], [ 15693.907612046748909, 42125.038268343239906 ], [ 15693.911807873564612, 42125.047139673682977 ], [ 15693.916853038770569, 42125.055557023304573 ], [ 15693.922698954664156, 42125.063439328419918 ], [ 15693.929289321880788, 42125.070710678119212 ], [ 15716.9, 42148.04142135623988 ], [ 15716.9, 42193.957271039456828 ], [ 15693.930877735403556, 42215.927735814286279 ], [ 15693.924037063563446, 42215.934964376778225 ], [ 15693.917948781114319, 42215.942837096998119 ], [ 15693.912673190608984, 42215.951275998093479 ], [ 15693.908262545139223, 42215.960197495362081 ], [ 15693.904760530784188, 42215.969513224117691 ], [ 15693.902201833912841, 42215.979130914965936 ], [ 15693.900611797627789, 42215.988955307642755 ], [ 15693.900006170744746, 42215.99888909458241 ], [ 15693.90039095181055, 42216.008833884698106 ], [ 15693.901762329689518, 42216.01869117791648 ], [ 15693.904106721305652, 42216.02836334080348 ], [ 15693.907400906187831, 42216.037754573568236 ], [ 15693.911612256451917, 42216.046771858957072 ], [ 15693.916699059976963, 42216.055325883557089 ], [ 15693.922610933546821, 42216.06333192238526 ], [ 15693.929289321880788, 42216.070710678119212 ], [ 15716.9, 42239.04142135623988 ], [ 15716.9, 42262.0 ], [ 15716.900481527332886, 42262.009801714033529 ], [ 15716.901921471959213, 42262.019509032201313 ], [ 15716.904305966427273, 42262.029028467724856 ], [ 15716.907612046748909, 42262.038268343239906 ], [ 15716.911807873564612, 42262.047139673682977 ], [ 15716.916853038770569, 42262.055557023304573 ], [ 15716.922698954664156, 42262.063439328419918 ], [ 15716.929289321880788, 42262.070710678119212 ], [ 15716.93656067158372, 42262.077301045334025 ], [ 15716.944442976697246, 42262.08314696123125 ], [ 15716.952860326317023, 42262.088192126437207 ], [ 15716.961731656763732, 42262.092387953249272 ], [ 15716.970971532275144, 42262.095694033574546 ], [ 15716.980490967798687, 42262.098078528040787 ], [ 15716.990198285966471, 42262.099518472670752 ], [ 15717.0, 42262.099999999998545 ], [ 15717.009801714033529, 42262.099518472670752 ], [ 15717.019509032201313, 42262.098078528040787 ], [ 15717.029028467724856, 42262.095694033574546 ], [ 15717.038268343236268, 42262.092387953249272 ], [ 15717.047139673682977, 42262.088192126437207 ], [ 15717.055557023302754, 42262.08314696123125 ], [ 15717.06343932841628, 42262.077301045334025 ], [ 15717.070710678119212, 42262.070710678119212 ], [ 15740.04142135623988, 42239.099999999998545 ], [ 15763.0, 42239.099999999998545 ], [ 15763.010078070585223, 42239.099490866377892 ], [ 15763.020053519479916, 42239.097968649868562 ], [ 15763.029824769955667, 42239.095448850683169 ], [ 15763.039292324570852, 42239.091957127129717 ], [ 15763.048359778316808, 42239.087529034273757 ], [ 15763.05693480028458, 42239.082209661944944 ], [ 15763.064930073833239, 42239.076053175551351 ], [ 15763.072264185715539, 42239.069122264598263 ], [ 15785.042728960550448, 42216.099999999998545 ], [ 15831.0, 42216.099999999998545 ], [ 15831.00952528187554, 42216.099545311313705 ], [ 15831.018963942991832, 42216.098185380105861 ], [ 15831.028230150304807, 42216.095932573269238 ], [ 15831.03723963901939, 42216.092807377324789 ], [ 15831.045910478886071, 42216.088838212097471 ], [ 15831.05416381924806, 42216.084061172274232 ], [ 15831.061924606099637, 42216.078519699178287 ], [ 15831.069122264596444, 42216.072264185713721 ], [ 15854.040125731480657, 42194.099999999998545 ], [ 15899.0, 42194.099999999998545 ], [ 15899.009801714033529, 42194.099518472670752 ], [ 15899.019509032201313, 42194.098078528040787 ], [ 15899.029028467724856, 42194.095694033574546 ], [ 15899.038268343236268, 42194.092387953249272 ], [ 15899.047139673682977, 42194.088192126437207 ], [ 15899.055557023302754, 42194.08314696123125 ], [ 15899.06343932841628, 42194.077301045334025 ], [ 15899.070710678119212, 42194.070710678119212 ], [ 15922.0, 42171.141421356238425 ], [ 15944.929289321880788, 42194.070710678119212 ], [ 15944.93656067158372, 42194.077301045334025 ], [ 15944.944442976697246, 42194.08314696123125 ], [ 15944.952860326317023, 42194.088192126437207 ], [ 15944.961731656763732, 42194.092387953249272 ], [ 15944.970971532275144, 42194.095694033574546 ], [ 15944.980490967798687, 42194.098078528040787 ], [ 15944.990198285966471, 42194.099518472670752 ], [ 15945.0, 42194.099999999998545 ], [ 15967.0, 42194.099999999998545 ], [ 15967.009801714033529, 42194.099518472670752 ], [ 15967.019509032201313, 42194.098078528040787 ], [ 15967.029028467724856, 42194.095694033574546 ], [ 15967.038268343236268, 42194.092387953249272 ], [ 15967.047139673682977, 42194.088192126437207 ], [ 15967.055557023302754, 42194.08314696123125 ], [ 15967.06343932841628, 42194.077301045334025 ], [ 15967.070710678119212, 42194.070710678119212 ], [ 16013.04142135623988, 42148.099999999998545 ], [ 16036.0, 42148.099999999998545 ], [ 16036.010078070585223, 42148.099490866377892 ], [ 16036.020053519479916, 42148.097968649868562 ], [ 16036.029824769955667, 42148.095448850683169 ], [ 16036.039292324570852, 42148.091957127129717 ], [ 16036.048359778316808, 42148.087529034273757 ], [ 16036.05693480028458, 42148.082209661944944 ], [ 16036.064930073833239, 42148.076053175551351 ], [ 16036.072264185715539, 42148.069122264598263 ], [ 16058.042728960550448, 42125.099999999998545 ], [ 16103.95857864376012, 42125.099999999998545 ], [ 16126.929289321880788, 42148.070710678119212 ], [ 16126.93656067158372, 42148.077301045334025 ], [ 16126.944442976697246, 42148.08314696123125 ], [ 16126.952860326317023, 42148.088192126437207 ], [ 16126.961731656763732, 42148.092387953249272 ], [ 16126.970971532275144, 42148.095694033574546 ], [ 16126.980490967798687, 42148.098078528040787 ], [ 16126.990198285966471, 42148.099518472670752 ], [ 16127.0, 42148.099999999998545 ], [ 16149.0, 42148.099999999998545 ], [ 16149.009801714033529, 42148.099518472670752 ], [ 16149.019509032201313, 42148.098078528040787 ], [ 16149.029028467724856, 42148.095694033574546 ], [ 16149.038268343236268, 42148.092387953249272 ], [ 16149.047139673682977, 42148.088192126437207 ], [ 16149.055557023302754, 42148.08314696123125 ], [ 16149.06343932841628, 42148.077301045334025 ], [ 16149.070710678119212, 42148.070710678119212 ], [ 16172.04142135623988, 42125.099999999998545 ], [ 16195.0, 42125.099999999998545 ], [ 16195.009801714033529, 42125.099518472670752 ], [ 16195.019509032201313, 42125.098078528040787 ], [ 16195.029028467724856, 42125.095694033574546 ], [ 16195.038268343236268, 42125.092387953249272 ], [ 16195.047139673682977, 42125.088192126437207 ], [ 16195.055557023302754, 42125.08314696123125 ], [ 16195.06343932841628, 42125.077301045334025 ], [ 16195.070710678119212, 42125.070710678119212 ], [ 16217.001553891132062, 42103.139867465106363 ], [ 16239.930877735403556, 42125.072264185713721 ], [ 16239.938075393900363, 42125.078519699178287 ], [ 16239.94583618075194, 42125.084061172274232 ], [ 16239.954089521113929, 42125.088838212097471 ], [ 16239.96276036098061, 42125.092807377324789 ], [ 16239.971769849695193, 42125.095932573269238 ], [ 16239.981036057008168, 42125.098185380105861 ], [ 16239.99047471812446, 42125.099545311313705 ], [ 16240.0, 42125.099999999998545 ], [ 16262.95857864376012, 42125.099999999998545 ], [ 16285.929289321880788, 42148.070710678119212 ], [ 16285.936668077611102, 42148.077389066456817 ], [ 16285.94467411644473, 42148.083300940023037 ], [ 16285.953228141041109, 42148.088387743548083 ], [ 16285.962245426433583, 42148.092599093812169 ], [ 16285.971636659198339, 42148.095893278696167 ], [ 16285.981308822081701, 42148.098237670310482 ], [ 16285.991166115300075, 42148.099609048185812 ], [ 16286.001110905415771, 42148.099993829258892 ], [ 16286.011044692355426, 42148.099388202375849 ], [ 16286.020869085034064, 42148.097798166083521 ], [ 16286.03048677588049, 42148.095239469213993 ], [ 16286.039802504641557, 42148.091737454858958 ], [ 16286.048724001904702, 42148.087326809392835 ], [ 16286.057162903000062, 42148.0820512188875 ], [ 16286.065035623223594, 42148.075962936432916 ], [ 16286.072264185715539, 42148.069122264598263 ], [ 16308.001588805675055, 42125.143010161911661 ], [ 16330.929289321880788, 42148.070710678119212 ], [ 16330.93656067158372, 42148.077301045334025 ], [ 16330.944442976697246, 42148.08314696123125 ], [ 16330.952860326317023, 42148.088192126437207 ], [ 16330.961731656763732, 42148.092387953249272 ], [ 16330.970971532275144, 42148.095694033574546 ], [ 16330.980490967798687, 42148.098078528040787 ], [ 16330.990198285966471, 42148.099518472670752 ], [ 16331.0, 42148.099999999998545 ], [ 16354.0, 42148.099999999998545 ], [ 16354.009801714033529, 42148.099518472670752 ], [ 16354.019509032201313, 42148.098078528040787 ], [ 16354.029028467724856, 42148.095694033574546 ], [ 16354.038268343236268, 42148.092387953249272 ], [ 16354.047139673682977, 42148.088192126437207 ], [ 16354.055557023302754, 42148.08314696123125 ], [ 16354.06343932841628, 42148.077301045334025 ], [ 16354.070710678119212, 42148.070710678119212 ], [ 16377.04142135623988, 42125.099999999998545 ], [ 16398.95857864376012, 42125.099999999998545 ], [ 16421.929289321880788, 42148.070710678119212 ], [ 16421.93656067158372, 42148.077301045334025 ], [ 16421.944442976699065, 42148.08314696123125 ], [ 16421.952860326317023, 42148.088192126437207 ], [ 16421.961731656763732, 42148.092387953249272 ], [ 16421.970971532275144, 42148.095694033574546 ], [ 16421.980490967798687, 42148.098078528040787 ], [ 16421.990198285966471, 42148.099518472670752 ], [ 16422.0, 42148.099999999998545 ], [ 16489.95857864376012, 42148.099999999998545 ], [ 16535.929289321880788, 42194.070710678119212 ], [ 16535.93656067158372, 42194.077301045334025 ], [ 16535.944442976699065, 42194.08314696123125 ], [ 16535.952860326317023, 42194.088192126437207 ], [ 16535.961731656763732, 42194.092387953249272 ], [ 16535.970971532275144, 42194.095694033574546 ], [ 16535.980490967798687, 42194.098078528040787 ], [ 16535.990198285966471, 42194.099518472670752 ], [ 16536.0, 42194.099999999998545 ], [ 16536.009801714033529, 42194.099518472670752 ], [ 16536.019509032201313, 42194.098078528040787 ], [ 16536.029028467724856, 42194.095694033574546 ], [ 16536.038268343236268, 42194.092387953249272 ], [ 16536.047139673682977, 42194.088192126437207 ], [ 16536.055557023300935, 42194.08314696123125 ], [ 16536.06343932841628, 42194.077301045334025 ], [ 16536.070710678119212, 42194.070710678119212 ], [ 16559.04142135623988, 42171.099999999998545 ], [ 16580.95857864376012, 42171.099999999998545 ], [ 16603.929289321880788, 42194.070710678119212 ], [ 16603.93656067158372, 42194.077301045334025 ], [ 16603.944442976699065, 42194.08314696123125 ], [ 16603.952860326317023, 42194.088192126437207 ], [ 16603.961731656763732, 42194.092387953249272 ], [ 16603.970971532275144, 42194.095694033574546 ], [ 16603.980490967798687, 42194.098078528040787 ], [ 16603.990198285966471, 42194.099518472670752 ], [ 16604.0, 42194.099999999998545 ], [ 16604.009801714033529, 42194.099518472670752 ], [ 16604.019509032201313, 42194.098078528040787 ], [ 16604.029028467724856, 42194.095694033574546 ], [ 16604.038268343236268, 42194.092387953249272 ], [ 16604.047139673682977, 42194.088192126437207 ], [ 16604.055557023300935, 42194.08314696123125 ], [ 16604.06343932841628, 42194.077301045334025 ], [ 16604.070710678119212, 42194.070710678119212 ], [ 16627.0, 42171.141421356238425 ], [ 16671.929289321880788, 42216.070710678119212 ], [ 16671.93656067158372, 42216.077301045334025 ], [ 16671.944442976699065, 42216.08314696123125 ], [ 16671.952860326317023, 42216.088192126437207 ], [ 16671.961731656763732, 42216.092387953249272 ], [ 16671.970971532275144, 42216.095694033574546 ], [ 16671.980490967798687, 42216.098078528040787 ], [ 16671.990198285966471, 42216.099518472670752 ], [ 16672.0, 42216.099999999998545 ], [ 16694.95857864376012, 42216.099999999998545 ], [ 16717.929289321880788, 42239.070710678119212 ], [ 16717.93656067158372, 42239.077301045334025 ], [ 16717.944442976699065, 42239.08314696123125 ], [ 16717.952860326317023, 42239.088192126437207 ], [ 16717.961731656763732, 42239.092387953249272 ], [ 16717.970971532275144, 42239.095694033574546 ], [ 16717.980490967798687, 42239.098078528040787 ], [ 16717.990198285966471, 42239.099518472670752 ], [ 16718.0, 42239.099999999998545 ], [ 16762.95857864376012, 42239.099999999998545 ], [ 16785.929289321880788, 42262.070710678119212 ], [ 16785.93656067158372, 42262.077301045334025 ], [ 16785.944442976699065, 42262.08314696123125 ], [ 16785.952860326317023, 42262.088192126437207 ], [ 16785.961731656763732, 42262.092387953249272 ], [ 16785.970971532275144, 42262.095694033574546 ], [ 16785.980490967798687, 42262.098078528040787 ], [ 16785.990198285966471, 42262.099518472670752 ], [ 16786.0, 42262.099999999998545 ], [ 16853.95857864376012, 42262.099999999998545 ], [ 16876.929289321880788, 42285.070710678119212 ], [ 16876.93656067158372, 42285.077301045334025 ], [ 16876.944442976699065, 42285.08314696123125 ], [ 16876.952860326317023, 42285.088192126437207 ], [ 16876.961731656763732, 42285.092387953249272 ], [ 16876.970971532275144, 42285.095694033574546 ], [ 16876.980490967798687, 42285.098078528040787 ], [ 16876.990198285966471, 42285.099518472670752 ], [ 16877.0, 42285.099999999998545 ], [ 16922.95857864376012, 42285.099999999998545 ], [ 16944.929289321880788, 42307.070710678119212 ], [ 16944.93656067158372, 42307.077301045334025 ], [ 16944.944442976699065, 42307.08314696123125 ], [ 16944.952860326317023, 42307.088192126437207 ], [ 16944.961731656763732, 42307.092387953249272 ], [ 16944.970971532275144, 42307.095694033574546 ], [ 16944.980490967798687, 42307.098078528040787 ], [ 16944.990198285966471, 42307.099518472670752 ], [ 16945.0, 42307.099999999998545 ], [ 17035.95857864376012, 42307.099999999998545 ], [ 17058.929289321880788, 42330.070710678119212 ], [ 17058.93656067158372, 42330.077301045334025 ], [ 17058.944442976699065, 42330.08314696123125 ], [ 17058.952860326317023, 42330.088192126437207 ], [ 17058.961731656763732, 42330.092387953249272 ], [ 17058.970971532275144, 42330.095694033574546 ], [ 17058.980490967798687, 42330.098078528040787 ], [ 17058.990198285966471, 42330.099518472670752 ], [ 17059.0, 42330.099999999998545 ], [ 17126.95857864376012, 42330.099999999998545 ], [ 17149.929289321880788, 42353.070710678119212 ], [ 17149.93656067158372, 42353.077301045334025 ], [ 17149.944442976699065, 42353.08314696123125 ], [ 17149.952860326317023, 42353.088192126437207 ], [ 17149.961731656763732, 42353.092387953249272 ], [ 17149.970971532275144, 42353.095694033574546 ], [ 17149.980490967798687, 42353.098078528040787 ], [ 17149.990198285966471, 42353.099518472670752 ], [ 17150.0, 42353.099999999998545 ], [ 17217.95857864376012, 42353.099999999998545 ], [ 17240.929289321880788, 42376.070710678119212 ], [ 17240.93656067158372, 42376.077301045334025 ], [ 17240.944442976699065, 42376.08314696123125 ], [ 17240.952860326317023, 42376.088192126437207 ], [ 17240.961731656763732, 42376.092387953249272 ], [ 17240.970971532275144, 42376.095694033574546 ], [ 17240.980490967798687, 42376.098078528040787 ], [ 17240.990198285966471, 42376.099518472670752 ], [ 17241.0, 42376.099999999998545 ], [ 17286.95857864376012, 42376.099999999998545 ], [ 17308.929289321880788, 42398.070710678119212 ], [ 17308.93656067158372, 42398.077301045334025 ], [ 17308.944442976699065, 42398.08314696123125 ], [ 17308.952860326317023, 42398.088192126437207 ], [ 17308.961731656763732, 42398.092387953249272 ], [ 17308.970971532275144, 42398.095694033574546 ], [ 17308.980490967798687, 42398.098078528040787 ], [ 17308.990198285966471, 42398.099518472670752 ], [ 17309.0, 42398.099999999998545 ], [ 17377.95727103945319, 42398.099999999998545 ], [ 17399.927735814286279, 42421.069122264598263 ], [ 17399.935069926166761, 42421.076053175558627 ], [ 17399.943065199717239, 42421.082209661944944 ], [ 17399.951640221683192, 42421.087529034273757 ], [ 17399.960707675429148, 42421.091957127129717 ], [ 17399.970175230046152, 42421.095448850683169 ], [ 17399.979946480521903, 42421.097968649868562 ], [ 17399.989921929412958, 42421.099490866377892 ], [ 17400.0, 42421.099999999998545 ], [ 17445.95857864376012, 42421.099999999998545 ], [ 17468.929289321880788, 42444.070710678119212 ], [ 17468.93656067158372, 42444.077301045334025 ], [ 17468.944442976699065, 42444.08314696123125 ], [ 17468.952860326317023, 42444.088192126437207 ], [ 17468.961731656763732, 42444.092387953249272 ], [ 17468.970971532275144, 42444.095694033574546 ], [ 17468.980490967798687, 42444.098078528040787 ], [ 17468.990198285966471, 42444.099518472670752 ], [ 17469.0, 42444.099999999998545 ], [ 17651.0, 42444.099999999998545 ], [ 17651.010078070587042, 42444.099490866377892 ], [ 17651.020053519478097, 42444.097968649868562 ], [ 17651.029824769953848, 42444.095448850683169 ], [ 17651.039292324570852, 42444.091957127129717 ], [ 17651.048359778316808, 42444.087529034273757 ], [ 17651.056934800282761, 42444.082209661944944 ], [ 17651.064930073833239, 42444.076053175558627 ], [ 17651.072264185713721, 42444.069122264598263 ], [ 17673.001588805673236, 42421.143010161911661 ], [ 17718.929289321880788, 42467.070710678119212 ], [ 17718.93656067158372, 42467.077301045334025 ], [ 17718.944442976699065, 42467.08314696123125 ], [ 17718.952860326317023, 42467.088192126437207 ], [ 17718.961731656763732, 42467.092387953249272 ], [ 17718.970971532275144, 42467.095694033574546 ], [ 17718.980490967798687, 42467.098078528040787 ], [ 17718.990198285966471, 42467.099518472670752 ], [ 17719.0, 42467.099999999998545 ], [ 17832.0, 42467.099999999998545 ], [ 17832.009801714033529, 42467.099518472670752 ], [ 17832.019509032201313, 42467.098078528040787 ], [ 17832.029028467724856, 42467.095694033574546 ], [ 17832.038268343236268, 42467.092387953249272 ], [ 17832.047139673682977, 42467.088192126437207 ], [ 17832.055557023300935, 42467.08314696123125 ], [ 17832.06343932841628, 42467.077301045334025 ], [ 17832.070710678119212, 42467.070710678119212 ], [ 17832.077301045337663, 42467.063439328419918 ], [ 17832.08314696123125, 42467.055557023304573 ], [ 17832.088192126433569, 42467.047139673682977 ], [ 17832.09238795325291, 42467.038268343239906 ], [ 17832.095694033574546, 42467.029028467724856 ], [ 17832.098078528040787, 42467.019509032201313 ], [ 17832.099518472667114, 42467.009801714033529 ], [ 17832.099999999998545, 42467.0 ], [ 17832.099999999998545, 42444.04142135623988 ], [ 17855.04142135623988, 42421.099999999998545 ], [ 17900.95727103945319, 42421.099999999998545 ], [ 17922.927735814286279, 42444.069122264598263 ], [ 17922.935069926166761, 42444.076053175558627 ], [ 17922.943065199717239, 42444.082209661944944 ], [ 17922.951640221683192, 42444.087529034273757 ], [ 17922.960707675429148, 42444.091957127129717 ], [ 17922.970175230046152, 42444.095448850683169 ], [ 17922.979946480521903, 42444.097968649868562 ], [ 17922.989921929412958, 42444.099490866377892 ], [ 17923.0, 42444.099999999998545 ], [ 18060.0, 42444.099999999998545 ], [ 18060.009801714033529, 42444.099518472670752 ], [ 18060.019509032201313, 42444.098078528040787 ], [ 18060.029028467724856, 42444.095694033574546 ], [ 18060.038268343236268, 42444.092387953249272 ], [ 18060.047139673682977, 42444.088192126437207 ], [ 18060.055557023300935, 42444.08314696123125 ], [ 18060.06343932841628, 42444.077301045334025 ], [ 18060.070710678119212, 42444.070710678119212 ], [ 18060.077301045337663, 42444.063439328419918 ], [ 18060.08314696123125, 42444.055557023304573 ], [ 18060.088192126433569, 42444.047139673682977 ], [ 18060.09238795325291, 42444.038268343239906 ], [ 18060.095694033574546, 42444.029028467724856 ], [ 18060.098078528040787, 42444.019509032201313 ], [ 18060.099518472667114, 42444.009801714033529 ], [ 18060.099999999998545, 42444.0 ], [ 18060.099999999998545, 42398.0 ], [ 18060.099490866381529, 42397.989921929416596 ], [ 18060.097968649864924, 42397.979946480518265 ], [ 18060.095448850686807, 42397.970175230046152 ], [ 18060.091957127129717, 42397.960707675432786 ], [ 18060.087529034273757, 42397.951640221683192 ], [ 18060.082209661941306, 42397.943065199717239 ], [ 18060.076053175554989, 42397.935069926163123 ], [ 18060.069122264598263, 42397.927735814286279 ], [ 18037.143010161911661, 42375.998411194326764 ], [ 18060.04142135623988, 42353.099999999998545 ], [ 18083.0, 42353.099999999998545 ], [ 18083.009801714033529, 42353.099518472670752 ], [ 18083.019509032201313, 42353.098078528040787 ], [ 18083.029028467724856, 42353.095694033574546 ], [ 18083.038268343236268, 42353.092387953249272 ], [ 18083.047139673682977, 42353.088192126437207 ], [ 18083.055557023300935, 42353.08314696123125 ], [ 18083.06343932841628, 42353.077301045334025 ], [ 18083.070710678119212, 42353.070710678119212 ], [ 18083.077301045337663, 42353.063439328419918 ], [ 18083.08314696123125, 42353.055557023304573 ], [ 18083.088192126433569, 42353.047139673682977 ], [ 18083.09238795325291, 42353.038268343239906 ], [ 18083.095694033574546, 42353.029028467724856 ], [ 18083.098078528040787, 42353.019509032201313 ], [ 18083.099518472667114, 42353.009801714033529 ], [ 18083.099999999998545, 42353.0 ], [ 18083.099999999998545, 42330.0 ], [ 18083.099518472667114, 42329.990198285966471 ], [ 18083.098078528040787, 42329.980490967798687 ], [ 18083.095694033574546, 42329.970971532275144 ], [ 18083.09238795325291, 42329.961731656760094 ], [ 18083.088192126433569, 42329.952860326317023 ], [ 18083.08314696123125, 42329.944442976695427 ], [ 18083.077301045337663, 42329.936560671580082 ], [ 18083.070710678119212, 42329.929289321880788 ], [ 18060.143010161911661, 42307.001588805673236 ], [ 18083.069122264598263, 42285.072264185713721 ], [ 18083.076053175554989, 42285.064930073836877 ], [ 18083.082209661941306, 42285.056934800282761 ], [ 18083.087529034273757, 42285.048359778316808 ], [ 18083.091957127129717, 42285.039292324567214 ], [ 18083.095448850686807, 42285.029824769953848 ], [ 18083.097968649864924, 42285.020053519481735 ], [ 18083.099490866381529, 42285.010078070583404 ], [ 18083.099999999998545, 42285.0 ], [ 18083.099999999998545, 42262.0 ], [ 18083.099518472667114, 42261.990198285966471 ], [ 18083.098078528040787, 42261.980490967798687 ], [ 18083.095694033574546, 42261.970971532275144 ], [ 18083.09238795325291, 42261.961731656760094 ], [ 18083.088192126433569, 42261.952860326317023 ], [ 18083.08314696123125, 42261.944442976695427 ], [ 18083.077301045337663, 42261.936560671580082 ], [ 18083.070710678119212, 42261.929289321880788 ], [ 18060.141421356238425, 42239.0 ], [ 18083.04142135623988, 42216.099999999998545 ], [ 18104.95857864376012, 42216.099999999998545 ], [ 18127.900000000001455, 42239.04142135623988 ], [ 18127.900000000001455, 42285.0 ], [ 18127.900509133618471, 42285.010078070583404 ], [ 18127.902031350135076, 42285.020053519481735 ], [ 18127.904551149313193, 42285.029824769953848 ], [ 18127.908042872870283, 42285.039292324567214 ], [ 18127.912470965726243, 42285.048359778316808 ], [ 18127.917790338058694, 42285.056934800282761 ], [ 18127.923946824445011, 42285.064930073836877 ], [ 18127.930877735401737, 42285.072264185713721 ], [ 18150.900000000001455, 42307.042728960550448 ], [ 18150.900000000001455, 42352.95857864376012 ], [ 18127.929289321880788, 42375.929289321880788 ], [ 18127.922610933546821, 42375.93666807761474 ], [ 18127.916699059976963, 42375.944674116442911 ], [ 18127.911612256451917, 42375.953228141042928 ], [ 18127.907400906187831, 42375.962245426431764 ], [ 18127.904106721307471, 42375.97163665919652 ], [ 18127.901762329689518, 42375.98130882208352 ], [ 18127.90039095181055, 42375.991166115301894 ], [ 18127.900006170744746, 42376.00111090541759 ], [ 18127.900611797627789, 42376.011044692357245 ], [ 18127.902201833912841, 42376.020869085034064 ], [ 18127.904760530786007, 42376.030486775882309 ], [ 18127.908262545137404, 42376.039802504637919 ], [ 18127.912673190607165, 42376.048724001906521 ], [ 18127.9179487811125, 42376.057162903001881 ], [ 18127.924037063563446, 42376.065035623221775 ], [ 18127.930877735401737, 42376.072264185713721 ], [ 18150.930074899093597, 42398.071496255332022 ], [ 18173.929289321880788, 42421.070710678119212 ], [ 18173.93656067158372, 42421.077301045334025 ], [ 18173.944442976699065, 42421.08314696123125 ], [ 18173.952860326317023, 42421.088192126437207 ], [ 18173.961731656763732, 42421.092387953249272 ], [ 18173.970971532275144, 42421.095694033574546 ], [ 18173.980490967798687, 42421.098078528040787 ], [ 18173.990198285966471, 42421.099518472670752 ], [ 18174.0, 42421.099999999998545 ], [ 18219.0, 42421.099999999998545 ], [ 18219.009801714033529, 42421.099518472670752 ], [ 18219.019509032201313, 42421.098078528040787 ], [ 18219.029028467724856, 42421.095694033574546 ], [ 18219.038268343236268, 42421.092387953249272 ], [ 18219.047139673682977, 42421.088192126437207 ], [ 18219.055557023300935, 42421.08314696123125 ], [ 18219.06343932841628, 42421.077301045334025 ], [ 18219.070710678119212, 42421.070710678119212 ], [ 18242.070710678119212, 42398.070710678119212 ], [ 18242.077301045337663, 42398.063439328419918 ], [ 18242.08314696123125, 42398.055557023304573 ], [ 18242.088192126433569, 42398.047139673682977 ], [ 18242.09238795325291, 42398.038268343239906 ], [ 18242.095694033574546, 42398.029028467724856 ], [ 18242.098078528040787, 42398.019509032201313 ], [ 18242.099518472667114, 42398.009801714033529 ], [ 18242.099999999998545, 42398.0 ], [ 18242.099999999998545, 42376.04142135623988 ], [ 18265.04142135623988, 42353.099999999998545 ], [ 18286.95857864376012, 42353.099999999998545 ], [ 18309.900000000001455, 42376.04142135623988 ], [ 18309.900000000001455, 42398.0 ], [ 18309.900481527332886, 42398.009801714033529 ], [ 18309.901921471959213, 42398.019509032201313 ], [ 18309.904305966425454, 42398.029028467724856 ], [ 18309.90761204674709, 42398.038268343239906 ], [ 18309.911807873566431, 42398.047139673682977 ], [ 18309.91685303876875, 42398.055557023304573 ], [ 18309.922698954662337, 42398.063439328419918 ], [ 18309.929289321880788, 42398.070710678119212 ], [ 18309.93656067158372, 42398.077301045334025 ], [ 18309.944442976699065, 42398.08314696123125 ], [ 18309.952860326317023, 42398.088192126437207 ], [ 18309.961731656763732, 42398.092387953249272 ], [ 18309.970971532275144, 42398.095694033574546 ], [ 18309.980490967798687, 42398.098078528040787 ], [ 18309.990198285966471, 42398.099518472670752 ], [ 18310.0, 42398.099999999998545 ], [ 18332.95857864376012, 42398.099999999998545 ], [ 18355.900000000001455, 42421.04142135623988 ], [ 18355.900000000001455, 42467.0 ], [ 18355.900481527332886, 42467.009801714033529 ], [ 18355.901921471959213, 42467.019509032201313 ], [ 18355.904305966425454, 42467.029028467724856 ], [ 18355.90761204674709, 42467.038268343239906 ], [ 18355.911807873566431, 42467.047139673682977 ], [ 18355.91685303876875, 42467.055557023304573 ], [ 18355.922698954662337, 42467.063439328419918 ], [ 18355.929289321880788, 42467.070710678119212 ], [ 18400.900000000001455, 42512.04142135623988 ], [ 18400.900000000001455, 42558.0 ], [ 18400.900481527332886, 42558.009801714033529 ], [ 18400.901921471959213, 42558.019509032201313 ], [ 18400.904305966425454, 42558.029028467724856 ], [ 18400.90761204674709, 42558.038268343239906 ], [ 18400.911807873566431, 42558.047139673682977 ], [ 18400.91685303876875, 42558.055557023304573 ], [ 18400.922698954662337, 42558.063439328419918 ], [ 18400.929289321880788, 42558.070710678119212 ], [ 18400.93656067158372, 42558.077301045334025 ], [ 18400.944442976699065, 42558.08314696123125 ], [ 18400.952860326317023, 42558.088192126437207 ], [ 18400.961731656763732, 42558.092387953249272 ], [ 18400.970971532275144, 42558.095694033574546 ], [ 18400.980490967798687, 42558.098078528040787 ], [ 18400.990198285966471, 42558.099518472670752 ], [ 18401.0, 42558.099999999998545 ], [ 18423.959874268519343, 42558.099999999998545 ], [ 18446.930877735401737, 42580.072264185713721 ], [ 18446.938075393900363, 42580.078519699178287 ], [ 18446.94583618075194, 42580.084061172274232 ], [ 18446.954089521113929, 42580.088838212097471 ], [ 18446.96276036098061, 42580.092807377324789 ], [ 18446.971769849697012, 42580.095932573269238 ], [ 18446.981036057008168, 42580.098185380105861 ], [ 18446.99047471812446, 42580.099545311313705 ], [ 18447.0, 42580.099999999998545 ], [ 18469.0, 42580.099999999998545 ], [ 18469.00952528187554, 42580.099545311313705 ], [ 18469.018963942991832, 42580.098185380105861 ], [ 18469.028230150302988, 42580.095932573269238 ], [ 18469.03723963901939, 42580.092807377324789 ], [ 18469.045910478886071, 42580.088838212097471 ], [ 18469.05416381924806, 42580.084061172274232 ], [ 18469.061924606099637, 42580.078519699178287 ], [ 18469.069122264598263, 42580.072264185713721 ], [ 18492.040125731480657, 42558.099999999998545 ], [ 18537.95857864376012, 42558.099999999998545 ], [ 18582.900000000001455, 42603.04142135623988 ], [ 18582.900000000001455, 42625.95857864376012 ], [ 18559.95857864376012, 42648.900000000001455 ], [ 18538.0, 42648.900000000001455 ], [ 18537.990198285966471, 42648.900481527329248 ], [ 18537.980490967798687, 42648.901921471959213 ], [ 18537.970971532275144, 42648.904305966425454 ], [ 18537.961731656763732, 42648.907612046750728 ], [ 18537.952860326317023, 42648.911807873562793 ], [ 18537.944442976699065, 42648.91685303876875 ], [ 18537.93656067158372, 42648.922698954665975 ], [ 18537.929289321880788, 42648.929289321880788 ], [ 18537.922698954662337, 42648.936560671580082 ], [ 18537.91685303876875, 42648.944442976695427 ], [ 18537.911807873566431, 42648.952860326317023 ], [ 18537.90761204674709, 42648.961731656760094 ], [ 18537.904305966425454, 42648.970971532275144 ], [ 18537.901921471959213, 42648.980490967798687 ], [ 18537.900481527332886, 42648.990198285966471 ], [ 18537.900000000001455, 42649.0 ], [ 18537.900481527332886, 42649.009801714033529 ], [ 18537.901921471959213, 42649.019509032201313 ], [ 18537.904305966425454, 42649.029028467724856 ], [ 18537.90761204674709, 42649.038268343239906 ], [ 18537.911807873566431, 42649.047139673682977 ], [ 18537.91685303876875, 42649.055557023304573 ], [ 18537.922698954662337, 42649.063439328419918 ], [ 18537.929289321880788, 42649.070710678119212 ], [ 18537.93656067158372, 42649.077301045334025 ], [ 18537.944442976699065, 42649.08314696123125 ], [ 18537.952860326317023, 42649.088192126437207 ], [ 18537.961731656763732, 42649.092387953249272 ], [ 18537.970971532275144, 42649.095694033574546 ], [ 18537.980490967798687, 42649.098078528040787 ], [ 18537.990198285966471, 42649.099518472670752 ], [ 18538.0, 42649.099999999998545 ], [ 19561.0, 42649.099999999998545 ], [ 19561.009801714033529, 42649.099518472670752 ], [ 19561.019509032201313, 42649.098078528040787 ], [ 19561.029028467724856, 42649.095694033574546 ], [ 19561.038268343236268, 42649.092387953249272 ], [ 19561.047139673682977, 42649.088192126437207 ], [ 19561.055557023300935, 42649.08314696123125 ], [ 19561.06343932841628, 42649.077301045334025 ], [ 19561.070710678119212, 42649.070710678119212 ], [ 19584.04142135623988, 42626.099999999998545 ], [ 19629.0, 42626.099999999998545 ], [ 19629.009801714033529, 42626.099518472670752 ], [ 19629.019509032201313, 42626.098078528040787 ], [ 19629.029028467724856, 42626.095694033574546 ], [ 19629.038268343236268, 42626.092387953249272 ], [ 19629.047139673682977, 42626.088192126437207 ], [ 19629.055557023300935, 42626.08314696123125 ], [ 19629.06343932841628, 42626.077301045334025 ], [ 19629.070710678119212, 42626.070710678119212 ], [ 19652.04142135623988, 42603.099999999998545 ], [ 19675.0, 42603.099999999998545 ], [ 19675.009801714033529, 42603.099518472670752 ], [ 19675.019509032201313, 42603.098078528040787 ], [ 19675.029028467724856, 42603.095694033574546 ], [ 19675.038268343236268, 42603.092387953249272 ], [ 19675.047139673682977, 42603.088192126437207 ], [ 19675.055557023300935, 42603.08314696123125 ], [ 19675.06343932841628, 42603.077301045334025 ], [ 19675.070710678119212, 42603.070710678119212 ], [ 19675.077301045337663, 42603.063439328419918 ], [ 19675.08314696123125, 42603.055557023304573 ], [ 19675.088192126433569, 42603.047139673682977 ], [ 19675.09238795325291, 42603.038268343239906 ], [ 19675.095694033574546, 42603.029028467724856 ], [ 19675.098078528040787, 42603.019509032201313 ], [ 19675.099518472667114, 42603.009801714033529 ], [ 19675.099999999998545, 42603.0 ], [ 19675.099518472667114, 42602.990198285966471 ], [ 19675.098078528040787, 42602.980490967798687 ], [ 19675.095694033574546, 42602.970971532275144 ], [ 19675.09238795325291, 42602.961731656760094 ], [ 19675.088192126433569, 42602.952860326317023 ], [ 19675.08314696123125, 42602.944442976695427 ], [ 19675.077301045337663, 42602.936560671580082 ], [ 19675.070710678119212, 42602.929289321880788 ], [ 19675.06343932841628, 42602.922698954665975 ], [ 19675.055557023300935, 42602.91685303876875 ], [ 19675.047139673682977, 42602.911807873562793 ], [ 19675.038268343236268, 42602.907612046750728 ], [ 19675.029028467724856, 42602.904305966425454 ], [ 19675.019509032201313, 42602.901921471959213 ], [ 19675.009801714033529, 42602.900481527329248 ], [ 19675.0, 42602.900000000001455 ], [ 19629.04272896054681, 42602.900000000001455 ], [ 19607.072264185713721, 42579.930877735401737 ], [ 19607.065035623221775, 42579.924037063559808 ], [ 19607.057162902998243, 42579.9179487811125 ], [ 19607.048724001902883, 42579.912673190607165 ], [ 19607.039802504641557, 42579.908262545141042 ], [ 19607.030486775878671, 42579.904760530786007 ], [ 19607.020869085034064, 42579.902201833916479 ], [ 19607.011044692353607, 42579.900611797624151 ], [ 19607.001110905413952, 42579.900006170741108 ], [ 19606.991166115298256, 42579.900390951814188 ], [ 19606.981308822079882, 42579.901762329689518 ], [ 19606.97163665919652, 42579.904106721303833 ], [ 19606.962245426431764, 42579.907400906187831 ], [ 19606.95322814103929, 42579.911612256451917 ], [ 19606.944674116442911, 42579.916699059976963 ], [ 19606.936668077611102, 42579.922610933543183 ], [ 19606.929289321880788, 42579.929289321880788 ], [ 19583.95857864376012, 42602.900000000001455 ], [ 19516.0, 42602.900000000001455 ], [ 19515.990198285966471, 42602.900481527329248 ], [ 19515.980490967798687, 42602.901921471959213 ], [ 19515.970971532275144, 42602.904305966425454 ], [ 19515.961731656763732, 42602.907612046750728 ], [ 19515.952860326317023, 42602.911807873562793 ], [ 19515.944442976699065, 42602.91685303876875 ], [ 19515.93656067158372, 42602.922698954665975 ], [ 19515.929289321880788, 42602.929289321880788 ], [ 19493.0, 42625.858578643761575 ], [ 19470.099999999998545, 42602.95857864376012 ], [ 19470.099999999998545, 42558.0 ], [ 19470.099518472667114, 42557.990198285966471 ], [ 19470.098078528040787, 42557.980490967798687 ], [ 19470.095694033574546, 42557.970971532275144 ], [ 19470.09238795325291, 42557.961731656760094 ], [ 19470.088192126433569, 42557.952860326317023 ], [ 19470.08314696123125, 42557.944442976695427 ], [ 19470.077301045337663, 42557.936560671580082 ], [ 19470.070710678119212, 42557.929289321880788 ], [ 19447.099999999998545, 42534.95857864376012 ], [ 19447.099999999998545, 42512.04142135623988 ], [ 19470.0, 42489.141421356238425 ], [ 19492.929289321880788, 42512.070710678119212 ], [ 19492.93656067158372, 42512.077301045334025 ], [ 19492.944442976699065, 42512.08314696123125 ], [ 19492.952860326317023, 42512.088192126437207 ], [ 19492.961731656763732, 42512.092387953249272 ], [ 19492.970971532275144, 42512.095694033574546 ], [ 19492.980490967798687, 42512.098078528040787 ], [ 19492.990198285966471, 42512.099518472670752 ], [ 19493.0, 42512.099999999998545 ], [ 19516.0, 42512.099999999998545 ], [ 19516.010078070587042, 42512.099490866377892 ], [ 19516.020053519478097, 42512.097968649868562 ], [ 19516.029824769953848, 42512.095448850683169 ], [ 19516.039292324570852, 42512.091957127129717 ], [ 19516.048359778316808, 42512.087529034273757 ], [ 19516.056934800282761, 42512.082209661944944 ], [ 19516.064930073833239, 42512.076053175558627 ], [ 19516.072264185713721, 42512.069122264598263 ], [ 19538.04272896054681, 42489.099999999998545 ], [ 19583.95857864376012, 42489.099999999998545 ], [ 19606.929289321880788, 42512.070710678119212 ], [ 19606.93656067158372, 42512.077301045334025 ], [ 19606.944442976699065, 42512.08314696123125 ], [ 19606.952860326317023, 42512.088192126437207 ], [ 19606.961731656763732, 42512.092387953249272 ], [ 19606.970971532275144, 42512.095694033574546 ], [ 19606.980490967798687, 42512.098078528040787 ], [ 19606.990198285966471, 42512.099518472670752 ], [ 19607.0, 42512.099999999998545 ], [ 19652.0, 42512.099999999998545 ], [ 19652.009801714033529, 42512.099518472670752 ], [ 19652.019509032201313, 42512.098078528040787 ], [ 19652.029028467724856, 42512.095694033574546 ], [ 19652.038268343236268, 42512.092387953249272 ], [ 19652.047139673682977, 42512.088192126437207 ], [ 19652.055557023300935, 42512.08314696123125 ], [ 19652.06343932841628, 42512.077301045334025 ], [ 19652.070710678119212, 42512.070710678119212 ], [ 19675.0, 42489.141421356238425 ], [ 19697.928503744667978, 42512.069925100906403 ], [ 19719.86161886553964, 42535.0 ], [ 19697.95727103945319, 42557.900000000001455 ], [ 19675.0, 42557.900000000001455 ], [ 19674.990198285966471, 42557.900481527329248 ], [ 19674.980490967798687, 42557.901921471959213 ], [ 19674.970971532275144, 42557.904305966425454 ], [ 19674.961731656763732, 42557.907612046750728 ], [ 19674.952860326317023, 42557.911807873562793 ], [ 19674.944442976699065, 42557.91685303876875 ], [ 19674.93656067158372, 42557.922698954665975 ], [ 19674.929289321880788, 42557.929289321880788 ], [ 19674.922698954662337, 42557.936560671580082 ], [ 19674.91685303876875, 42557.944442976695427 ], [ 19674.911807873566431, 42557.952860326317023 ], [ 19674.90761204674709, 42557.961731656760094 ], [ 19674.904305966425454, 42557.970971532275144 ], [ 19674.901921471959213, 42557.980490967798687 ], [ 19674.900481527332886, 42557.990198285966471 ], [ 19674.900000000001455, 42558.0 ], [ 19674.900481527332886, 42558.009801714033529 ], [ 19674.901921471959213, 42558.019509032201313 ], [ 19674.904305966425454, 42558.029028467724856 ], [ 19674.90761204674709, 42558.038268343239906 ], [ 19674.911807873566431, 42558.047139673682977 ], [ 19674.91685303876875, 42558.055557023304573 ], [ 19674.922698954662337, 42558.063439328419918 ], [ 19674.929289321880788, 42558.070710678119212 ], [ 19674.93656067158372, 42558.077301045334025 ], [ 19674.944442976699065, 42558.08314696123125 ], [ 19674.952860326317023, 42558.088192126437207 ], [ 19674.961731656763732, 42558.092387953249272 ], [ 19674.970971532275144, 42558.095694033574546 ], [ 19674.980490967798687, 42558.098078528040787 ], [ 19674.990198285966471, 42558.099518472670752 ], [ 19675.0, 42558.099999999998545 ], [ 19697.95857864376012, 42558.099999999998545 ], [ 19719.929289321880788, 42580.070710678119212 ], [ 19719.93656067158372, 42580.077301045334025 ], [ 19719.944442976699065, 42580.08314696123125 ], [ 19719.952860326317023, 42580.088192126437207 ], [ 19719.961731656763732, 42580.092387953249272 ], [ 19719.970971532275144, 42580.095694033574546 ], [ 19719.980490967798687, 42580.098078528040787 ], [ 19719.990198285966471, 42580.099518472670752 ], [ 19720.0, 42580.099999999998545 ], [ 19765.95857864376012, 42580.099999999998545 ], [ 19788.858578643761575, 42603.0 ], [ 19742.929289321880788, 42648.929289321880788 ], [ 19742.922698954662337, 42648.936560671580082 ], [ 19742.91685303876875, 42648.944442976695427 ], [ 19742.911807873566431, 42648.952860326317023 ], [ 19742.90761204674709, 42648.961731656760094 ], [ 19742.904305966425454, 42648.970971532275144 ], [ 19742.901921471959213, 42648.980490967798687 ], [ 19742.900481527332886, 42648.990198285966471 ], [ 19742.900000000001455, 42649.0 ], [ 19742.900481527332886, 42649.009801714033529 ], [ 19742.901921471959213, 42649.019509032201313 ], [ 19742.904305966425454, 42649.029028467724856 ], [ 19742.90761204674709, 42649.038268343239906 ], [ 19742.911807873566431, 42649.047139673682977 ], [ 19742.91685303876875, 42649.055557023304573 ], [ 19742.922698954662337, 42649.063439328419918 ], [ 19742.929289321880788, 42649.070710678119212 ], [ 19742.93656067158372, 42649.077301045334025 ], [ 19742.944442976699065, 42649.08314696123125 ], [ 19742.952860326317023, 42649.088192126437207 ], [ 19742.961731656763732, 42649.092387953249272 ], [ 19742.970971532275144, 42649.095694033574546 ], [ 19742.980490967798687, 42649.098078528040787 ], [ 19742.990198285966471, 42649.099518472670752 ], [ 19743.0, 42649.099999999998545 ], [ 19766.0, 42649.099999999998545 ], [ 19766.009801714033529, 42649.099518472670752 ], [ 19766.019509032201313, 42649.098078528040787 ], [ 19766.029028467724856, 42649.095694033574546 ], [ 19766.038268343236268, 42649.092387953249272 ], [ 19766.047139673682977, 42649.088192126437207 ], [ 19766.055557023300935, 42649.08314696123125 ], [ 19766.06343932841628, 42649.077301045334025 ], [ 19766.070710678119212, 42649.070710678119212 ], [ 19766.077301045337663, 42649.063439328419918 ], [ 19766.08314696123125, 42649.055557023304573 ], [ 19766.088192126433569, 42649.047139673682977 ], [ 19766.09238795325291, 42649.038268343239906 ], [ 19766.095694033574546, 42649.029028467724856 ], [ 19766.098078528040787, 42649.019509032201313 ], [ 19766.099518472667114, 42649.009801714033529 ], [ 19766.099999999998545, 42649.0 ], [ 19766.099999999998545, 42626.04142135623988 ], [ 19789.070710678119212, 42603.070710678119212 ], [ 19789.077301045337663, 42603.063439328419918 ], [ 19789.08314696123125, 42603.055557023304573 ], [ 19789.088192126433569, 42603.047139673682977 ], [ 19789.09238795325291, 42603.038268343239906 ], [ 19789.095694033574546, 42603.029028467724856 ], [ 19789.098078528040787, 42603.019509032201313 ], [ 19789.099518472667114, 42603.009801714033529 ], [ 19789.099999999998545, 42603.0 ], [ 19789.099999999998545, 42580.0 ], [ 19789.099518472667114, 42579.990198285966471 ], [ 19789.098078528040787, 42579.980490967798687 ], [ 19789.095694033574546, 42579.970971532275144 ], [ 19789.09238795325291, 42579.961731656760094 ], [ 19789.088192126433569, 42579.952860326317023 ], [ 19789.08314696123125, 42579.944442976695427 ], [ 19789.077301045337663, 42579.936560671580082 ], [ 19789.070710678119212, 42579.929289321880788 ], [ 19789.06343932841628, 42579.922698954665975 ], [ 19789.055557023300935, 42579.91685303876875 ], [ 19789.047139673682977, 42579.911807873562793 ], [ 19789.038268343236268, 42579.907612046750728 ], [ 19789.029028467724856, 42579.904305966425454 ], [ 19789.019509032201313, 42579.901921471959213 ], [ 19789.009801714033529, 42579.900481527329248 ], [ 19789.0, 42579.900000000001455 ], [ 19766.040125731480657, 42579.900000000001455 ], [ 19743.099999999998545, 42557.957271039449552 ], [ 19743.099999999998545, 42535.04142135623988 ], [ 19766.0, 42512.141421356238425 ], [ 19788.929289321880788, 42535.070710678119212 ], [ 19788.93656067158372, 42535.077301045334025 ], [ 19788.944442976699065, 42535.08314696123125 ], [ 19788.952860326317023, 42535.088192126437207 ], [ 19788.961731656763732, 42535.092387953249272 ], [ 19788.970971532275144, 42535.095694033574546 ], [ 19788.980490967798687, 42535.098078528040787 ], [ 19788.990198285966471, 42535.099518472670752 ], [ 19789.0, 42535.099999999998545 ], [ 19833.95857864376012, 42535.099999999998545 ], [ 19856.900000000001455, 42558.04142135623988 ], [ 19856.900000000001455, 42625.95857864376012 ], [ 19833.929289321880788, 42648.929289321880788 ], [ 19833.922698954662337, 42648.936560671580082 ], [ 19833.91685303876875, 42648.944442976695427 ], [ 19833.911807873566431, 42648.952860326317023 ], [ 19833.90761204674709, 42648.961731656760094 ], [ 19833.904305966425454, 42648.970971532275144 ], [ 19833.901921471959213, 42648.980490967798687 ], [ 19833.900481527332886, 42648.990198285966471 ], [ 19833.900000000001455, 42649.0 ], [ 19833.900481527332886, 42649.009801714033529 ], [ 19833.901921471959213, 42649.019509032201313 ], [ 19833.904305966425454, 42649.029028467724856 ], [ 19833.90761204674709, 42649.038268343239906 ], [ 19833.911807873566431, 42649.047139673682977 ], [ 19833.91685303876875, 42649.055557023304573 ], [ 19833.922698954662337, 42649.063439328419918 ], [ 19833.929289321880788, 42649.070710678119212 ], [ 19833.93656067158372, 42649.077301045334025 ], [ 19833.944442976699065, 42649.08314696123125 ], [ 19833.952860326317023, 42649.088192126437207 ], [ 19833.961731656763732, 42649.092387953249272 ], [ 19833.970971532275144, 42649.095694033574546 ], [ 19833.980490967798687, 42649.098078528040787 ], [ 19833.990198285966471, 42649.099518472670752 ], [ 19834.0, 42649.099999999998545 ], [ 20175.0, 42649.099999999998545 ], [ 20175.009801714033529, 42649.099518472670752 ], [ 20175.019509032201313, 42649.098078528040787 ], [ 20175.029028467724856, 42649.095694033574546 ], [ 20175.038268343236268, 42649.092387953249272 ], [ 20175.047139673682977, 42649.088192126437207 ], [ 20175.055557023300935, 42649.08314696123125 ], [ 20175.06343932841628, 42649.077301045334025 ], [ 20175.070710678119212, 42649.070710678119212 ], [ 20198.04142135623988, 42626.099999999998545 ], [ 20266.0, 42626.099999999998545 ], [ 20266.009801714033529, 42626.099518472670752 ], [ 20266.019509032201313, 42626.098078528040787 ], [ 20266.029028467724856, 42626.095694033574546 ], [ 20266.038268343236268, 42626.092387953249272 ], [ 20266.047139673682977, 42626.088192126437207 ], [ 20266.055557023300935, 42626.08314696123125 ], [ 20266.06343932841628, 42626.077301045334025 ], [ 20266.070710678119212, 42626.070710678119212 ], [ 20289.04142135623988, 42603.099999999998545 ], [ 20357.0, 42603.099999999998545 ], [ 20357.009801714033529, 42603.099518472670752 ], [ 20357.019509032201313, 42603.098078528040787 ], [ 20357.029028467724856, 42603.095694033574546 ], [ 20357.038268343236268, 42603.092387953249272 ], [ 20357.047139673682977, 42603.088192126437207 ], [ 20357.055557023300935, 42603.08314696123125 ], [ 20357.06343932841628, 42603.077301045334025 ], [ 20357.070710678119212, 42603.070710678119212 ], [ 20380.04142135623988, 42580.099999999998545 ], [ 20448.0, 42580.099999999998545 ], [ 20448.00952528187554, 42580.099545311313705 ], [ 20448.018963942991832, 42580.098185380105861 ], [ 20448.028230150302988, 42580.095932573269238 ], [ 20448.03723963901939, 42580.092807377324789 ], [ 20448.045910478886071, 42580.088838212097471 ], [ 20448.05416381924806, 42580.084061172274232 ], [ 20448.061924606099637, 42580.078519699178287 ], [ 20448.069122264598263, 42580.072264185713721 ], [ 20471.040125731480657, 42558.099999999998545 ], [ 20494.0, 42558.099999999998545 ], [ 20494.009801714033529, 42558.099518472670752 ], [ 20494.019509032201313, 42558.098078528040787 ], [ 20494.029028467724856, 42558.095694033574546 ], [ 20494.038268343236268, 42558.092387953249272 ], [ 20494.047139673682977, 42558.088192126437207 ], [ 20494.055557023300935, 42558.08314696123125 ], [ 20494.06343932841628, 42558.077301045334025 ], [ 20494.070710678119212, 42558.070710678119212 ], [ 20517.04142135623988, 42535.099999999998545 ], [ 20676.0, 42535.099999999998545 ], [ 20676.010078070587042, 42535.099490866377892 ], [ 20676.020053519478097, 42535.097968649868562 ], [ 20676.029824769953848, 42535.095448850683169 ], [ 20676.039292324570852, 42535.091957127129717 ], [ 20676.048359778316808, 42535.087529034273757 ], [ 20676.056934800282761, 42535.082209661944944 ], [ 20676.064930073833239, 42535.076053175558627 ], [ 20676.072264185713721, 42535.069122264598263 ], [ 20698.04272896054681, 42512.099999999998545 ], [ 20744.0, 42512.099999999998545 ], [ 20744.009801714033529, 42512.099518472670752 ], [ 20744.019509032201313, 42512.098078528040787 ], [ 20744.029028467724856, 42512.095694033574546 ], [ 20744.038268343236268, 42512.092387953249272 ], [ 20744.047139673682977, 42512.088192126437207 ], [ 20744.055557023300935, 42512.08314696123125 ], [ 20744.06343932841628, 42512.077301045334025 ], [ 20744.070710678119212, 42512.070710678119212 ], [ 20766.998411194326764, 42489.143010161911661 ], [ 20788.927735814286279, 42512.069122264598263 ], [ 20788.935069926166761, 42512.076053175558627 ], [ 20788.943065199717239, 42512.082209661944944 ], [ 20788.951640221683192, 42512.087529034273757 ], [ 20788.960707675429148, 42512.091957127129717 ], [ 20788.970175230046152, 42512.095448850683169 ], [ 20788.979946480521903, 42512.097968649868562 ], [ 20788.989921929412958, 42512.099490866377892 ], [ 20789.0, 42512.099999999998545 ], [ 20812.0, 42512.099999999998545 ], [ 20812.009801714033529, 42512.099518472670752 ], [ 20812.019509032201313, 42512.098078528040787 ], [ 20812.029028467724856, 42512.095694033574546 ], [ 20812.038268343236268, 42512.092387953249272 ], [ 20812.047139673682977, 42512.088192126437207 ], [ 20812.055557023300935, 42512.08314696123125 ], [ 20812.06343932841628, 42512.077301045334025 ], [ 20812.070710678119212, 42512.070710678119212 ], [ 20835.04142135623988, 42489.099999999998545 ], [ 20903.0, 42489.099999999998545 ], [ 20903.00952528187554, 42489.099545311313705 ], [ 20903.018963942991832, 42489.098185380105861 ], [ 20903.028230150302988, 42489.095932573269238 ], [ 20903.03723963901939, 42489.092807377324789 ], [ 20903.045910478886071, 42489.088838212097471 ], [ 20903.05416381924806, 42489.084061172274232 ], [ 20903.061924606099637, 42489.078519699178287 ], [ 20903.069122264598263, 42489.072264185713721 ], [ 20926.0, 42467.138381134456722 ], [ 20948.930877735401737, 42489.072264185713721 ], [ 20948.938184490762069, 42489.078605615686683 ], [ 20948.94606985417704, 42489.084211278175644 ], [ 20948.954460016742814, 42489.089028702815995 ], [ 20948.963276444519579, 42489.093012797362462 ], [ 20948.972436613614263, 42489.096126269723754 ], [ 20948.981854782647133, 42489.09833997705573 ], [ 20948.991442795282637, 42489.099633198522497 ], [ 20949.001110905413952, 42489.099993829258892 ], [ 20949.010768617205031, 42489.099418493671692 ], [ 20949.020325532143033, 42489.097912577039097 ], [ 20949.029692195210373, 42489.095490175117448 ], [ 20949.038780932176451, 42489.092173962155357 ], [ 20949.047506670278381, 42489.087994978712231 ], [ 20949.055787734509067, 42489.082992341085628 ], [ 20949.063546612109349, 42489.077212875155965 ], [ 20949.070710678119212, 42489.070710678119212 ], [ 20971.04142135623988, 42467.099999999998545 ], [ 20994.0, 42467.099999999998545 ], [ 20994.009801714033529, 42467.099518472670752 ], [ 20994.019509032201313, 42467.098078528040787 ], [ 20994.029028467724856, 42467.095694033574546 ], [ 20994.038268343236268, 42467.092387953249272 ], [ 20994.047139673682977, 42467.088192126437207 ], [ 20994.055557023300935, 42467.08314696123125 ], [ 20994.06343932841628, 42467.077301045334025 ], [ 20994.070710678119212, 42467.070710678119212 ], [ 21017.04142135623988, 42444.099999999998545 ], [ 21108.0, 42444.099999999998545 ], [ 21108.009801714033529, 42444.099518472670752 ], [ 21108.019509032201313, 42444.098078528040787 ], [ 21108.029028467724856, 42444.095694033574546 ], [ 21108.038268343236268, 42444.092387953249272 ], [ 21108.047139673682977, 42444.088192126437207 ], [ 21108.055557023300935, 42444.08314696123125 ], [ 21108.06343932841628, 42444.077301045334025 ], [ 21108.070710678119212, 42444.070710678119212 ], [ 21131.04142135623988, 42421.099999999998545 ], [ 21153.0, 42421.099999999998545 ], [ 21153.009801714033529, 42421.099518472670752 ], [ 21153.019509032201313, 42421.098078528040787 ], [ 21153.029028467724856, 42421.095694033574546 ], [ 21153.038268343236268, 42421.092387953249272 ], [ 21153.047139673682977, 42421.088192126437207 ], [ 21153.055557023300935, 42421.08314696123125 ], [ 21153.06343932841628, 42421.077301045334025 ], [ 21153.070710678119212, 42421.070710678119212 ], [ 21176.04142135623988, 42398.099999999998545 ], [ 21267.0, 42398.099999999998545 ], [ 21267.00952528187554, 42398.099545311313705 ], [ 21267.018963942991832, 42398.098185380105861 ], [ 21267.028230150302988, 42398.095932573269238 ], [ 21267.03723963901939, 42398.092807377324789 ], [ 21267.045910478886071, 42398.088838212097471 ], [ 21267.05416381924806, 42398.084061172274232 ], [ 21267.061924606099637, 42398.078519699178287 ], [ 21267.069122264598263, 42398.072264185713721 ], [ 21290.040125731480657, 42376.099999999998545 ], [ 21358.0, 42376.099999999998545 ], [ 21358.009801714033529, 42376.099518472670752 ], [ 21358.019509032201313, 42376.098078528040787 ], [ 21358.029028467724856, 42376.095694033574546 ], [ 21358.038268343236268, 42376.092387953249272 ], [ 21358.047139673682977, 42376.088192126437207 ], [ 21358.055557023300935, 42376.08314696123125 ], [ 21358.06343932841628, 42376.077301045334025 ], [ 21358.070710678119212, 42376.070710678119212 ], [ 21381.04142135623988, 42353.099999999998545 ], [ 21472.0, 42353.099999999998545 ], [ 21472.009801714033529, 42353.099518472670752 ], [ 21472.019509032201313, 42353.098078528040787 ], [ 21472.029028467724856, 42353.095694033574546 ], [ 21472.038268343236268, 42353.092387953249272 ], [ 21472.047139673682977, 42353.088192126437207 ], [ 21472.055557023300935, 42353.08314696123125 ], [ 21472.06343932841628, 42353.077301045334025 ], [ 21472.070710678119212, 42353.070710678119212 ], [ 21494.998411194326764, 42330.143010161911661 ], [ 21516.927735814286279, 42353.069122264598263 ], [ 21516.935069926166761, 42353.076053175558627 ], [ 21516.943065199717239, 42353.082209661944944 ], [ 21516.951640221683192, 42353.087529034273757 ], [ 21516.960707675429148, 42353.091957127129717 ], [ 21516.970175230046152, 42353.095448850683169 ], [ 21516.979946480521903, 42353.097968649868562 ], [ 21516.989921929412958, 42353.099490866377892 ], [ 21517.0, 42353.099999999998545 ], [ 21540.0, 42353.099999999998545 ], [ 21540.009801714033529, 42353.099518472670752 ], [ 21540.019509032201313, 42353.098078528040787 ], [ 21540.029028467724856, 42353.095694033574546 ], [ 21540.038268343236268, 42353.092387953249272 ], [ 21540.047139673682977, 42353.088192126437207 ], [ 21540.055557023300935, 42353.08314696123125 ], [ 21540.06343932841628, 42353.077301045334025 ], [ 21540.070710678119212, 42353.070710678119212 ], [ 21563.0, 42330.141421356238425 ], [ 21585.929289321880788, 42353.070710678119212 ], [ 21585.93656067158372, 42353.077301045334025 ], [ 21585.944442976699065, 42353.08314696123125 ], [ 21585.952860326317023, 42353.088192126437207 ], [ 21585.961731656763732, 42353.092387953249272 ], [ 21585.970971532275144, 42353.095694033574546 ], [ 21585.980490967798687, 42353.098078528040787 ], [ 21585.990198285966471, 42353.099518472670752 ], [ 21586.0, 42353.099999999998545 ], [ 21790.0, 42353.099999999998545 ], [ 21790.009801714033529, 42353.099518472670752 ], [ 21790.019509032201313, 42353.098078528040787 ], [ 21790.029028467724856, 42353.095694033574546 ], [ 21790.038268343236268, 42353.092387953249272 ], [ 21790.047139673682977, 42353.088192126437207 ], [ 21790.055557023300935, 42353.08314696123125 ], [ 21790.06343932841628, 42353.077301045334025 ], [ 21790.070710678119212, 42353.070710678119212 ], [ 21813.04142135623988, 42330.099999999998545 ], [ 21927.0, 42330.099999999998545 ], [ 21927.009801714033529, 42330.099518472670752 ], [ 21927.019509032201313, 42330.098078528040787 ], [ 21927.029028467724856, 42330.095694033574546 ], [ 21927.038268343236268, 42330.092387953249272 ], [ 21927.047139673682977, 42330.088192126437207 ], [ 21927.055557023300935, 42330.08314696123125 ], [ 21927.06343932841628, 42330.077301045334025 ], [ 21927.070710678119212, 42330.070710678119212 ], [ 21950.04142135623988, 42307.099999999998545 ], [ 22041.0, 42307.099999999998545 ], [ 22041.009801714033529, 42307.099518472670752 ], [ 22041.019509032201313, 42307.098078528040787 ], [ 22041.029028467724856, 42307.095694033574546 ], [ 22041.038268343236268, 42307.092387953249272 ], [ 22041.047139673682977, 42307.088192126437207 ], [ 22041.055557023300935, 42307.08314696123125 ], [ 22041.06343932841628, 42307.077301045334025 ], [ 22041.070710678119212, 42307.070710678119212 ], [ 22063.04142135623988, 42285.099999999998545 ], [ 22268.0, 42285.099999999998545 ], [ 22268.009801714033529, 42285.099518472670752 ], [ 22268.019509032201313, 42285.098078528040787 ], [ 22268.029028467724856, 42285.095694033574546 ], [ 22268.038268343236268, 42285.092387953249272 ], [ 22268.047139673682977, 42285.088192126437207 ], [ 22268.055557023300935, 42285.08314696123125 ], [ 22268.06343932841628, 42285.077301045334025 ], [ 22268.070710678119212, 42285.070710678119212 ], [ 22291.04142135623988, 42262.099999999998545 ], [ 22359.0, 42262.099999999998545 ], [ 22359.009801714033529, 42262.099518472670752 ], [ 22359.019509032201313, 42262.098078528040787 ], [ 22359.029028467724856, 42262.095694033574546 ], [ 22359.038268343236268, 42262.092387953249272 ], [ 22359.047139673682977, 42262.088192126437207 ], [ 22359.055557023300935, 42262.08314696123125 ], [ 22359.06343932841628, 42262.077301045334025 ], [ 22359.070710678119212, 42262.070710678119212 ], [ 22382.04142135623988, 42239.099999999998545 ], [ 22518.0, 42239.099999999998545 ], [ 22518.009801714033529, 42239.099518472670752 ], [ 22518.019509032201313, 42239.098078528040787 ], [ 22518.029028467724856, 42239.095694033574546 ], [ 22518.038268343236268, 42239.092387953249272 ], [ 22518.047139673682977, 42239.088192126437207 ], [ 22518.055557023300935, 42239.08314696123125 ], [ 22518.06343932841628, 42239.077301045334025 ], [ 22518.070710678119212, 42239.070710678119212 ], [ 22541.04142135623988, 42216.099999999998545 ], [ 22632.0, 42216.099999999998545 ], [ 22632.00952528187554, 42216.099545311313705 ], [ 22632.018963942991832, 42216.098185380105861 ], [ 22632.028230150302988, 42216.095932573269238 ], [ 22632.03723963901939, 42216.092807377324789 ], [ 22632.045910478886071, 42216.088838212097471 ], [ 22632.05416381924806, 42216.084061172274232 ], [ 22632.061924606099637, 42216.078519699178287 ], [ 22632.069122264598263, 42216.072264185713721 ], [ 22655.040125731480657, 42194.099999999998545 ], [ 22746.0, 42194.099999999998545 ], [ 22746.010078070587042, 42194.099490866377892 ], [ 22746.020053519478097, 42194.097968649868562 ], [ 22746.029824769953848, 42194.095448850683169 ], [ 22746.039292324570852, 42194.091957127129717 ], [ 22746.048359778316808, 42194.087529034273757 ], [ 22746.056934800282761, 42194.082209661944944 ], [ 22746.064930073833239, 42194.076053175558627 ], [ 22746.072264185713721, 42194.069122264598263 ], [ 22768.04272896054681, 42171.099999999998545 ], [ 22814.0, 42171.099999999998545 ], [ 22814.009801714033529, 42171.099518472670752 ], [ 22814.019509032201313, 42171.098078528040787 ], [ 22814.029028467724856, 42171.095694033574546 ], [ 22814.038268343236268, 42171.092387953249272 ], [ 22814.047139673682977, 42171.088192126437207 ], [ 22814.055557023300935, 42171.08314696123125 ], [ 22814.06343932841628, 42171.077301045334025 ], [ 22814.070710678119212, 42171.070710678119212 ], [ 22837.04142135623988, 42148.099999999998545 ], [ 22882.0, 42148.099999999998545 ], [ 22882.009801714033529, 42148.099518472670752 ], [ 22882.019509032201313, 42148.098078528040787 ], [ 22882.029028467724856, 42148.095694033574546 ], [ 22882.038268343236268, 42148.092387953249272 ], [ 22882.047139673682977, 42148.088192126437207 ], [ 22882.055557023300935, 42148.08314696123125 ], [ 22882.06343932841628, 42148.077301045334025 ], [ 22882.070710678119212, 42148.070710678119212 ], [ 22882.077301045337663, 42148.063439328419918 ], [ 22882.08314696123125, 42148.055557023304573 ], [ 22882.088192126433569, 42148.047139673682977 ], [ 22882.09238795325291, 42148.038268343239906 ], [ 22882.095694033574546, 42148.029028467724856 ], [ 22882.098078528040787, 42148.019509032201313 ], [ 22882.099518472667114, 42148.009801714033529 ], [ 22882.099999999998545, 42148.0 ], [ 22882.099999999998545, 42125.042728960550448 ], [ 22905.0, 42103.138381134456722 ], [ 22927.930877735401737, 42125.072264185713721 ], [ 22927.938075393900363, 42125.078519699178287 ], [ 22927.94583618075194, 42125.084061172274232 ], [ 22927.954089521113929, 42125.088838212097471 ], [ 22927.96276036098061, 42125.092807377324789 ], [ 22927.971769849697012, 42125.095932573269238 ], [ 22927.981036057008168, 42125.098185380105861 ], [ 22927.99047471812446, 42125.099545311313705 ], [ 22928.0, 42125.099999999998545 ], [ 22950.0, 42125.099999999998545 ], [ 22950.00952528187554, 42125.099545311313705 ], [ 22950.018963942991832, 42125.098185380105861 ], [ 22950.028230150302988, 42125.095932573269238 ], [ 22950.03723963901939, 42125.092807377324789 ], [ 22950.045910478886071, 42125.088838212097471 ], [ 22950.05416381924806, 42125.084061172274232 ], [ 22950.061924606099637, 42125.078519699178287 ], [ 22950.069122264598263, 42125.072264185713721 ], [ 22973.040125731480657, 42103.099999999998545 ], [ 22996.0, 42103.099999999998545 ], [ 22996.009801714033529, 42103.099518472670752 ], [ 22996.019509032201313, 42103.098078528040787 ], [ 22996.029028467724856, 42103.095694033574546 ], [ 22996.038268343236268, 42103.092387953249272 ], [ 22996.047139673682977, 42103.088192126437207 ], [ 22996.055557023300935, 42103.08314696123125 ], [ 22996.06343932841628, 42103.077301045334025 ], [ 22996.070710678119212, 42103.070710678119212 ], [ 23019.04142135623988, 42080.099999999998545 ], [ 23064.0, 42080.099999999998545 ], [ 23064.009801714033529, 42080.099518472670752 ], [ 23064.019509032201313, 42080.098078528040787 ], [ 23064.029028467724856, 42080.095694033574546 ], [ 23064.038268343236268, 42080.092387953249272 ], [ 23064.047139673682977, 42080.088192126437207 ], [ 23064.055557023300935, 42080.08314696123125 ], [ 23064.06343932841628, 42080.077301045334025 ], [ 23064.070710678119212, 42080.070710678119212 ], [ 23110.04142135623988, 42034.099999999998545 ], [ 23132.0, 42034.099999999998545 ], [ 23132.00952528187554, 42034.099545311313705 ], [ 23132.018963942991832, 42034.098185380105861 ], [ 23132.028230150302988, 42034.095932573269238 ], [ 23132.03723963901939, 42034.092807377324789 ], [ 23132.045910478886071, 42034.088838212097471 ], [ 23132.05416381924806, 42034.084061172274232 ], [ 23132.061924606099637, 42034.078519699178287 ], [ 23132.069122264598263, 42034.072264185713721 ], [ 23155.069122264598263, 42012.072264185713721 ], [ 23155.070710678119212, 42012.070710678119212 ], [ 23201.070710678119212, 41966.070710678119212 ], [ 23201.077301045337663, 41966.063439328419918 ], [ 23201.08314696123125, 41966.055557023304573 ], [ 23201.088192126433569, 41966.047139673682977 ], [ 23201.09238795325291, 41966.038268343239906 ], [ 23201.095694033574546, 41966.029028467724856 ], [ 23201.098078528040787, 41966.019509032201313 ], [ 23201.099518472667114, 41966.009801714033529 ], [ 23201.099999999998545, 41966.0 ], [ 23201.099999999998545, 41852.04142135623988 ], [ 23223.070710678119212, 41830.070710678119212 ], [ 23223.077301045337663, 41830.063439328419918 ], [ 23223.08314696123125, 41830.055557023304573 ], [ 23223.088192126433569, 41830.047139673682977 ], [ 23223.09238795325291, 41830.038268343239906 ], [ 23223.095694033574546, 41830.029028467724856 ], [ 23223.098078528040787, 41830.019509032201313 ], [ 23223.099518472667114, 41830.009801714033529 ], [ 23223.099999999998545, 41830.0 ], [ 23223.099999999998545, 41739.0 ], [ 23223.099518472667114, 41738.990198285966471 ], [ 23223.098078528040787, 41738.980490967798687 ], [ 23223.095694033574546, 41738.970971532275144 ], [ 23223.09238795325291, 41738.961731656760094 ], [ 23223.088192126433569, 41738.952860326317023 ], [ 23223.08314696123125, 41738.944442976695427 ], [ 23223.077301045337663, 41738.936560671580082 ], [ 23223.070710678119212, 41738.929289321880788 ], [ 23223.06343932841628, 41738.922698954665975 ], [ 23223.055557023300935, 41738.91685303876875 ], [ 23223.047139673682977, 41738.911807873562793 ], [ 23223.038268343236268, 41738.907612046750728 ], [ 23223.029028467724856, 41738.904305966425454 ], [ 23223.019509032201313, 41738.901921471959213 ], [ 23223.009801714033529, 41738.900481527329248 ], [ 23223.0, 41738.900000000001455 ], [ 23222.990198285966471, 41738.900481527329248 ], [ 23222.980490967798687, 41738.901921471959213 ], [ 23222.970971532275144, 41738.904305966425454 ], [ 23222.961731656763732, 41738.907612046750728 ], [ 23222.952860326317023, 41738.911807873562793 ], [ 23222.944442976699065, 41738.91685303876875 ], [ 23222.93656067158372, 41738.922698954665975 ], [ 23222.929289321880788, 41738.929289321880788 ], [ 23222.922698954662337, 41738.936560671580082 ], [ 23222.91685303876875, 41738.944442976695427 ], [ 23222.911807873566431, 41738.952860326317023 ], [ 23222.90761204674709, 41738.961731656760094 ], [ 23222.904305966425454, 41738.970971532275144 ], [ 23222.901921471959213, 41738.980490967798687 ], [ 23222.900481527332886, 41738.990198285966471 ], [ 23222.900000000001455, 41739.0 ], [ 23222.900000000001455, 41829.95857864376012 ], [ 23178.0, 41874.858578643761575 ], [ 23155.099999999998545, 41851.95857864376012 ], [ 23155.099999999998545, 41807.0 ], [ 23155.099518472667114, 41806.990198285966471 ], [ 23155.098078528040787, 41806.980490967798687 ], [ 23155.095694033574546, 41806.970971532275144 ], [ 23155.09238795325291, 41806.961731656760094 ], [ 23155.088192126433569, 41806.952860326317023 ], [ 23155.08314696123125, 41806.944442976695427 ], [ 23155.077301045337663, 41806.936560671580082 ], [ 23155.070710678119212, 41806.929289321880788 ], [ 23132.099999999998545, 41783.95857864376012 ], [ 23132.099999999998545, 41693.04142135623988 ], [ 23155.0, 41670.141421356238425 ], [ 23177.929289321880788, 41693.070710678119212 ], [ 23177.93656067158372, 41693.077301045334025 ], [ 23177.944442976699065, 41693.08314696123125 ], [ 23177.952860326317023, 41693.088192126437207 ], [ 23177.961731656763732, 41693.092387953249272 ], [ 23177.970971532275144, 41693.095694033574546 ], [ 23177.980490967798687, 41693.098078528040787 ], [ 23177.990198285966471, 41693.099518472670752 ], [ 23178.0, 41693.099999999998545 ], [ 23178.009801714033529, 41693.099518472670752 ], [ 23178.019509032201313, 41693.098078528040787 ], [ 23178.029028467724856, 41693.095694033574546 ], [ 23178.038268343236268, 41693.092387953249272 ], [ 23178.047139673682977, 41693.088192126437207 ], [ 23178.055557023300935, 41693.08314696123125 ], [ 23178.06343932841628, 41693.077301045334025 ], [ 23178.070710678119212, 41693.070710678119212 ], [ 23201.070710678119212, 41670.070710678119212 ], [ 23201.077389066453179, 41670.06333192238526 ], [ 23201.083300940023037, 41670.055325883557089 ], [ 23201.088387743548083, 41670.046771858957072 ], [ 23201.092599093812169, 41670.037754573568236 ], [ 23201.095893278692529, 41670.02836334080348 ], [ 23201.098237670310482, 41670.01869117791648 ], [ 23201.09960904818945, 41670.008833884698106 ], [ 23201.099993829255254, 41669.99888909458241 ], [ 23201.099388202372211, 41669.988955307642755 ], [ 23201.097798166087159, 41669.979130914965936 ], [ 23201.095239469213993, 41669.969513224117691 ], [ 23201.091737454862596, 41669.960197495362081 ], [ 23201.087326809392835, 41669.951275998093479 ], [ 23201.0820512188875, 41669.942837096998119 ], [ 23201.075962936436554, 41669.934964376778225 ], [ 23201.069122264598263, 41669.927735814286279 ], [ 23178.099999999998545, 41647.957271039449552 ], [ 23178.099999999998545, 41602.0 ], [ 23178.099518472667114, 41601.990198285966471 ], [ 23178.098078528040787, 41601.980490967798687 ], [ 23178.095694033574546, 41601.970971532275144 ], [ 23178.09238795325291, 41601.961731656760094 ], [ 23178.088192126433569, 41601.952860326317023 ], [ 23178.08314696123125, 41601.944442976695427 ], [ 23178.077301045337663, 41601.936560671580082 ], [ 23178.070710678119212, 41601.929289321880788 ], [ 23155.099999999998545, 41578.95857864376012 ], [ 23155.099999999998545, 41511.0 ], [ 23155.099518472667114, 41510.990198285966471 ], [ 23155.098078528040787, 41510.980490967798687 ], [ 23155.095694033574546, 41510.970971532275144 ], [ 23155.09238795325291, 41510.961731656760094 ], [ 23155.088192126433569, 41510.952860326317023 ], [ 23155.08314696123125, 41510.944442976695427 ], [ 23155.077301045337663, 41510.936560671580082 ], [ 23155.070710678119212, 41510.929289321880788 ], [ 23132.099999999998545, 41487.95857864376012 ], [ 23132.099999999998545, 41466.0 ], [ 23132.099545311317343, 41465.990474718128098 ], [ 23132.098185380105861, 41465.98103605700453 ], [ 23132.095932573269238, 41465.971769849697012 ], [ 23132.092807377324789, 41465.962760360976972 ], [ 23132.088838212097471, 41465.954089521110291 ], [ 23132.084061172274232, 41465.945836180748302 ], [ 23132.078519699181925, 41465.938075393896725 ], [ 23132.072264185713721, 41465.930877735401737 ], [ 23110.099999999998545, 41442.959874268519343 ], [ 23110.099999999998545, 41306.0 ], [ 23110.099490866381529, 41305.989921929416596 ], [ 23110.097968649864924, 41305.979946480518265 ], [ 23110.095448850686807, 41305.970175230046152 ], [ 23110.091957127129717, 41305.960707675432786 ], [ 23110.087529034273757, 41305.951640221683192 ], [ 23110.082209661941306, 41305.943065199717239 ], [ 23110.076053175554989, 41305.935069926163123 ], [ 23110.069122264598263, 41305.927735814286279 ], [ 23087.143010161911661, 41283.998411194326764 ], [ 23110.070710678119212, 41261.070710678119212 ], [ 23110.077301045337663, 41261.063439328419918 ], [ 23110.08314696123125, 41261.055557023304573 ], [ 23110.088192126433569, 41261.047139673682977 ], [ 23110.09238795325291, 41261.038268343239906 ], [ 23110.095694033574546, 41261.029028467724856 ], [ 23110.098078528040787, 41261.019509032201313 ], [ 23110.099518472667114, 41261.009801714033529 ], [ 23110.099999999998545, 41261.0 ], [ 23110.099999999998545, 41238.0 ], [ 23110.099518472667114, 41237.990198285966471 ], [ 23110.098078528040787, 41237.980490967798687 ], [ 23110.095694033574546, 41237.970971532275144 ], [ 23110.09238795325291, 41237.961731656760094 ], [ 23110.088192126433569, 41237.952860326317023 ], [ 23110.08314696123125, 41237.944442976695427 ], [ 23110.077301045337663, 41237.936560671580082 ], [ 23110.070710678119212, 41237.929289321880788 ], [ 23087.099999999998545, 41214.95857864376012 ], [ 23087.099999999998545, 40897.04142135623988 ], [ 23110.070710678119212, 40874.070710678119212 ], [ 23110.077389066453179, 40874.06333192238526 ], [ 23110.083300940023037, 40874.055325883557089 ], [ 23110.088387743548083, 40874.046771858957072 ], [ 23110.092599093812169, 40874.037754573568236 ], [ 23110.095893278692529, 40874.02836334080348 ], [ 23110.098237670310482, 40874.01869117791648 ], [ 23110.09960904818945, 40874.008833884698106 ], [ 23110.099993829255254, 40873.99888909458241 ], [ 23110.099388202372211, 40873.988955307642755 ], [ 23110.097798166087159, 40873.979130914965936 ], [ 23110.095239469213993, 40873.969513224117691 ], [ 23110.091737454862596, 40873.960197495362081 ], [ 23110.087326809392835, 40873.951275998093479 ], [ 23110.0820512188875, 40873.942837096998119 ], [ 23110.075962936436554, 40873.934964376778225 ], [ 23110.069122264598263, 40873.927735814286279 ], [ 23087.143010161911661, 40851.998411194326764 ], [ 23110.070710678119212, 40829.070710678119212 ], [ 23110.077301045337663, 40829.063439328419918 ], [ 23110.08314696123125, 40829.055557023304573 ], [ 23110.088192126433569, 40829.047139673682977 ], [ 23110.09238795325291, 40829.038268343239906 ], [ 23110.095694033574546, 40829.029028467724856 ], [ 23110.098078528040787, 40829.019509032201313 ], [ 23110.099518472667114, 40829.009801714033529 ], [ 23110.099999999998545, 40829.0 ], [ 23110.099518472667114, 40828.990198285966471 ], [ 23110.098078528040787, 40828.980490967798687 ], [ 23110.095694033574546, 40828.970971532275144 ], [ 23110.09238795325291, 40828.961731656760094 ], [ 23110.088192126433569, 40828.952860326317023 ], [ 23110.08314696123125, 40828.944442976695427 ], [ 23110.077301045337663, 40828.936560671580082 ], [ 23110.070710678119212, 40828.929289321880788 ], [ 23087.099999999998545, 40805.95857864376012 ], [ 23087.099999999998545, 40738.04142135623988 ], [ 23110.070710678119212, 40715.070710678119212 ], [ 23110.077301045337663, 40715.063439328419918 ], [ 23110.08314696123125, 40715.055557023304573 ], [ 23110.088192126433569, 40715.047139673682977 ], [ 23110.09238795325291, 40715.038268343239906 ], [ 23110.095694033574546, 40715.029028467724856 ], [ 23110.098078528040787, 40715.019509032201313 ], [ 23110.099518472667114, 40715.009801714033529 ], [ 23110.099999999998545, 40715.0 ], [ 23110.099518472667114, 40714.990198285966471 ], [ 23110.098078528040787, 40714.980490967798687 ], [ 23110.095694033574546, 40714.970971532275144 ], [ 23110.09238795325291, 40714.961731656760094 ], [ 23110.088192126433569, 40714.952860326317023 ], [ 23110.08314696123125, 40714.944442976695427 ], [ 23110.077301045337663, 40714.936560671580082 ], [ 23110.070710678119212, 40714.929289321880788 ], [ 23087.099999999998545, 40691.95857864376012 ], [ 23087.099999999998545, 40078.0 ], [ 23087.099518472667114, 40077.990198285966471 ], [ 23087.098078528040787, 40077.980490967798687 ], [ 23087.095694033574546, 40077.970971532275144 ], [ 23087.09238795325291, 40077.961731656760094 ], [ 23087.088192126433569, 40077.952860326317023 ], [ 23087.08314696123125, 40077.944442976695427 ], [ 23087.077301045337663, 40077.936560671580082 ], [ 23087.070710678119212, 40077.929289321880788 ], [ 23064.099999999998545, 40054.95857864376012 ], [ 23064.099999999998545, 39828.0 ], [ 23064.099518472667114, 39827.990198285966471 ], [ 23064.098078528040787, 39827.980490967798687 ], [ 23064.095694033574546, 39827.970971532275144 ], [ 23064.09238795325291, 39827.961731656760094 ], [ 23064.088192126433569, 39827.952860326317023 ], [ 23064.08314696123125, 39827.944442976695427 ], [ 23064.077301045337663, 39827.936560671580082 ], [ 23064.070710678119212, 39827.929289321880788 ], [ 23041.099999999998545, 39804.95857864376012 ], [ 23041.099999999998545, 39623.0 ], [ 23041.099518472667114, 39622.990198285966471 ], [ 23041.098078528040787, 39622.980490967798687 ], [ 23041.095694033574546, 39622.970971532275144 ], [ 23041.09238795325291, 39622.961731656760094 ], [ 23041.088192126433569, 39622.952860326317023 ], [ 23041.08314696123125, 39622.944442976695427 ], [ 23041.077301045337663, 39622.936560671580082 ], [ 23041.070710678119212, 39622.929289321880788 ], [ 23019.099999999998545, 39600.95857864376012 ], [ 23019.099999999998545, 39555.0 ], [ 23019.099518472667114, 39554.990198285966471 ], [ 23019.098078528040787, 39554.980490967798687 ], [ 23019.095694033574546, 39554.970971532275144 ], [ 23019.09238795325291, 39554.961731656760094 ], [ 23019.088192126433569, 39554.952860326317023 ], [ 23019.08314696123125, 39554.944442976695427 ], [ 23019.077301045337663, 39554.936560671580082 ], [ 23019.070710678119212, 39554.929289321880788 ], [ 23019.06343932841628, 39554.922698954665975 ], [ 23019.055557023300935, 39554.91685303876875 ], [ 23019.047139673682977, 39554.911807873562793 ], [ 23019.038268343236268, 39554.907612046750728 ], [ 23019.029028467724856, 39554.904305966425454 ], [ 23019.019509032201313, 39554.901921471959213 ], [ 23019.009801714033529, 39554.900481527329248 ], [ 23019.0, 39554.900000000001455 ], [ 22905.04142135623988, 39554.900000000001455 ], [ 22882.099999999998545, 39531.95857864376012 ], [ 22882.099999999998545, 37940.0 ], [ 22882.099518472667114, 37939.990198285966471 ], [ 22882.098078528040787, 37939.980490967798687 ], [ 22882.095694033574546, 37939.970971532275144 ], [ 22882.09238795325291, 37939.961731656760094 ], [ 22882.088192126433569, 37939.952860326317023 ], [ 22882.08314696123125, 37939.944442976695427 ], [ 22882.077301045337663, 37939.936560671580082 ], [ 22882.070710678119212, 37939.929289321880788 ], [ 22859.099999999998545, 37916.95857864376012 ], [ 22859.099999999998545, 37826.0 ], [ 22859.099518472667114, 37825.990198285966471 ], [ 22859.098078528040787, 37825.980490967798687 ], [ 22859.095694033574546, 37825.970971532275144 ], [ 22859.09238795325291, 37825.961731656760094 ], [ 22859.088192126433569, 37825.952860326317023 ], [ 22859.08314696123125, 37825.944442976695427 ], [ 22859.077301045337663, 37825.936560671580082 ], [ 22859.070710678119212, 37825.929289321880788 ], [ 22837.099999999998545, 37803.95857864376012 ], [ 22837.099999999998545, 37690.0 ], [ 22837.099518472667114, 37689.990198285966471 ], [ 22837.098078528040787, 37689.980490967798687 ], [ 22837.095694033574546, 37689.970971532275144 ], [ 22837.09238795325291, 37689.961731656760094 ], [ 22837.088192126433569, 37689.952860326317023 ], [ 22837.08314696123125, 37689.944442976695427 ], [ 22837.077301045337663, 37689.936560671580082 ], [ 22837.070710678119212, 37689.929289321880788 ], [ 22814.099999999998545, 37666.95857864376012 ], [ 22814.099999999998545, 37622.0 ], [ 22814.099518472667114, 37621.990198285966471 ], [ 22814.098078528040787, 37621.980490967798687 ], [ 22814.095694033574546, 37621.970971532275144 ], [ 22814.09238795325291, 37621.961731656760094 ], [ 22814.088192126433569, 37621.952860326317023 ], [ 22814.08314696123125, 37621.944442976695427 ], [ 22814.077301045337663, 37621.936560671580082 ], [ 22814.070710678119212, 37621.929289321880788 ], [ 22791.099999999998545, 37598.95857864376012 ], [ 22791.099999999998545, 37531.0 ], [ 22791.099518472667114, 37530.990198285966471 ], [ 22791.098078528040787, 37530.980490967798687 ], [ 22791.095694033574546, 37530.970971532275144 ], [ 22791.09238795325291, 37530.961731656760094 ], [ 22791.088192126433569, 37530.952860326317023 ], [ 22791.08314696123125, 37530.944442976695427 ], [ 22791.077301045337663, 37530.936560671580082 ], [ 22791.070710678119212, 37530.929289321880788 ], [ 22768.099999999998545, 37507.95857864376012 ], [ 22768.099999999998545, 37485.0 ], [ 22768.099545311317343, 37484.990474718128098 ], [ 22768.098185380105861, 37484.98103605700453 ], [ 22768.095932573269238, 37484.971769849697012 ], [ 22768.092807377324789, 37484.962760360976972 ], [ 22768.088838212097471, 37484.954089521110291 ], [ 22768.084061172274232, 37484.945836180748302 ], [ 22768.078519699181925, 37484.938075393896725 ], [ 22768.072264185713721, 37484.930877735401737 ], [ 22746.099999999998545, 37461.959874268519343 ], [ 22746.099999999998545, 37394.0 ], [ 22746.099518472667114, 37393.990198285966471 ], [ 22746.098078528040787, 37393.980490967798687 ], [ 22746.095694033574546, 37393.970971532275144 ], [ 22746.09238795325291, 37393.961731656760094 ], [ 22746.088192126433569, 37393.952860326317023 ], [ 22746.08314696123125, 37393.944442976695427 ], [ 22746.077301045337663, 37393.936560671580082 ], [ 22746.070710678119212, 37393.929289321880788 ], [ 22723.099999999998545, 37370.95857864376012 ], [ 22723.099999999998545, 37303.0 ], [ 22723.099518472667114, 37302.990198285966471 ], [ 22723.098078528040787, 37302.980490967798687 ], [ 22723.095694033574546, 37302.970971532275144 ], [ 22723.09238795325291, 37302.961731656760094 ], [ 22723.088192126433569, 37302.952860326317023 ], [ 22723.08314696123125, 37302.944442976695427 ], [ 22723.077301045337663, 37302.936560671580082 ], [ 22723.070710678119212, 37302.929289321880788 ], [ 22700.099999999998545, 37279.95857864376012 ], [ 22700.099999999998545, 37258.0 ], [ 22700.099518472667114, 37257.990198285966471 ], [ 22700.098078528040787, 37257.980490967798687 ], [ 22700.095694033574546, 37257.970971532275144 ], [ 22700.09238795325291, 37257.961731656760094 ], [ 22700.088192126433569, 37257.952860326317023 ], [ 22700.08314696123125, 37257.944442976695427 ], [ 22700.077301045337663, 37257.936560671580082 ], [ 22700.070710678119212, 37257.929289321880788 ], [ 22677.099999999998545, 37234.95857864376012 ], [ 22677.099999999998545, 37212.0 ], [ 22677.099545311317343, 37211.990474718128098 ], [ 22677.098185380105861, 37211.98103605700453 ], [ 22677.095932573269238, 37211.971769849697012 ], [ 22677.092807377324789, 37211.962760360976972 ], [ 22677.088838212097471, 37211.954089521110291 ], [ 22677.084061172274232, 37211.945836180748302 ], [ 22677.078519699181925, 37211.938075393896725 ], [ 22677.072264185713721, 37211.930877735401737 ], [ 22655.099999999998545, 37188.959874268519343 ], [ 22655.099999999998545, 37144.0 ], [ 22655.099518472667114, 37143.990198285966471 ], [ 22655.098078528040787, 37143.980490967798687 ], [ 22655.095694033574546, 37143.970971532275144 ], [ 22655.09238795325291, 37143.961731656760094 ], [ 22655.088192126433569, 37143.952860326317023 ], [ 22655.08314696123125, 37143.944442976695427 ], [ 22655.077301045337663, 37143.936560671580082 ], [ 22655.070710678119212, 37143.929289321880788 ], [ 22609.099999999998545, 37097.95857864376012 ], [ 22609.099999999998545, 37076.0 ], [ 22609.099518472667114, 37075.990198285966471 ], [ 22609.098078528040787, 37075.980490967798687 ], [ 22609.095694033574546, 37075.970971532275144 ], [ 22609.09238795325291, 37075.961731656760094 ], [ 22609.088192126433569, 37075.952860326317023 ], [ 22609.08314696123125, 37075.944442976695427 ], [ 22609.077301045337663, 37075.936560671580082 ], [ 22609.070710678119212, 37075.929289321880788 ], [ 22586.071496255332022, 37052.930074899093597 ], [ 22564.072264185713721, 37029.930877735401737 ], [ 22564.070710678119212, 37029.929289321880788 ], [ 22541.099999999998545, 37006.95857864376012 ], [ 22541.099999999998545, 36985.0 ], [ 22541.099518472667114, 36984.990198285966471 ], [ 22541.098078528040787, 36984.980490967798687 ], [ 22541.095694033574546, 36984.970971532275144 ], [ 22541.09238795325291, 36984.961731656760094 ], [ 22541.088192126433569, 36984.952860326317023 ], [ 22541.08314696123125, 36984.944442976695427 ], [ 22541.077301045337663, 36984.936560671580082 ], [ 22541.070710678119212, 36984.929289321880788 ], [ 22495.071496255332022, 36938.930074899093597 ], [ 22473.072264185713721, 36915.930877735401737 ], [ 22473.069122264598263, 36915.927735814286279 ], [ 22450.069122264598263, 36893.927735814286279 ], [ 22450.061924606099637, 36893.921480300821713 ], [ 22450.05416381924806, 36893.915938827725768 ], [ 22450.045910478886071, 36893.911161787902529 ], [ 22450.03723963901939, 36893.907192622675211 ], [ 22450.028230150302988, 36893.904067426730762 ], [ 22450.018963942991832, 36893.901814619894139 ], [ 22450.00952528187554, 36893.900454688686295 ], [ 22450.0, 36893.900000000001455 ], [ 22427.04142135623988, 36893.900000000001455 ], [ 22404.071496255332022, 36870.930074899093597 ], [ 22382.072264185713721, 36847.930877735401737 ], [ 22382.070710678119212, 36847.929289321880788 ], [ 22359.070710678119212, 36824.929289321880788 ], [ 22359.069122264598263, 36824.927735814286279 ], [ 22336.069122264598263, 36802.927735814286279 ], [ 22336.061924606099637, 36802.921480300821713 ], [ 22336.05416381924806, 36802.915938827725768 ], [ 22336.045910478886071, 36802.911161787902529 ], [ 22336.03723963901939, 36802.907192622675211 ], [ 22336.028230150302988, 36802.904067426730762 ], [ 22336.018963942991832, 36802.901814619894139 ], [ 22336.00952528187554, 36802.900454688686295 ], [ 22336.0, 36802.900000000001455 ], [ 22313.04272896054681, 36802.900000000001455 ], [ 22291.072264185713721, 36779.930877735401737 ], [ 22291.070710678119212, 36779.929289321880788 ], [ 22268.070710678119212, 36756.929289321880788 ], [ 22268.069122264598263, 36756.927735814286279 ], [ 22245.069122264598263, 36734.927735814286279 ], [ 22245.061924606099637, 36734.921480300821713 ], [ 22245.05416381924806, 36734.915938827725768 ], [ 22245.045910478886071, 36734.911161787902529 ], [ 22245.03723963901939, 36734.907192622675211 ], [ 22245.028230150302988, 36734.904067426730762 ], [ 22245.018963942991832, 36734.901814619894139 ], [ 22245.00952528187554, 36734.900454688686295 ], [ 22245.0, 36734.900000000001455 ], [ 22222.04272896054681, 36734.900000000001455 ], [ 22200.072264185713721, 36711.930877735401737 ], [ 22200.070710678119212, 36711.929289321880788 ], [ 22154.070710678119212, 36665.929289321880788 ], [ 22154.06343932841628, 36665.922698954665975 ], [ 22154.055557023300935, 36665.91685303876875 ], [ 22154.047139673682977, 36665.911807873562793 ], [ 22154.038268343236268, 36665.907612046750728 ], [ 22154.029028467724856, 36665.904305966425454 ], [ 22154.019509032201313, 36665.901921471959213 ], [ 22154.009801714033529, 36665.900481527329248 ], [ 22154.0, 36665.900000000001455 ], [ 22131.04142135623988, 36665.900000000001455 ], [ 22109.070710678119212, 36643.929289321880788 ], [ 22109.06343932841628, 36643.922698954665975 ], [ 22109.055557023300935, 36643.91685303876875 ], [ 22109.047139673682977, 36643.911807873562793 ], [ 22109.038268343236268, 36643.907612046750728 ], [ 22109.029028467724856, 36643.904305966425454 ], [ 22109.019509032201313, 36643.901921471959213 ], [ 22109.009801714033529, 36643.900481527329248 ], [ 22109.0, 36643.900000000001455 ], [ 22086.04142135623988, 36643.900000000001455 ], [ 22063.071496255332022, 36620.930074899093597 ], [ 22041.072264185713721, 36597.930877735401737 ], [ 22041.064930073833239, 36597.923946824441373 ], [ 22041.056934800282761, 36597.917790338055056 ], [ 22041.048359778316808, 36597.912470965726243 ], [ 22041.039292324570852, 36597.908042872870283 ], [ 22041.029824769953848, 36597.904551149316831 ], [ 22041.020053519478097, 36597.902031350131438 ], [ 22041.010078070587042, 36597.900509133622108 ], [ 22041.0, 36597.900000000001455 ], [ 22018.04142135623988, 36597.900000000001455 ], [ 21995.070710678119212, 36574.929289321880788 ], [ 21995.069122264598263, 36574.927735814286279 ], [ 21972.069122264598263, 36552.927735814286279 ], [ 21972.061924606099637, 36552.921480300821713 ], [ 21972.05416381924806, 36552.915938827725768 ], [ 21972.045910478886071, 36552.911161787902529 ], [ 21972.03723963901939, 36552.907192622675211 ], [ 21972.028230150302988, 36552.904067426730762 ], [ 21972.018963942991832, 36552.901814619894139 ], [ 21972.00952528187554, 36552.900454688686295 ], [ 21972.0, 36552.900000000001455 ], [ 21950.04142135623988, 36552.900000000001455 ], [ 21904.070710678119212, 36506.929289321880788 ], [ 21904.06343932841628, 36506.922698954665975 ], [ 21904.055557023300935, 36506.91685303876875 ], [ 21904.047139673682977, 36506.911807873562793 ], [ 21904.038268343236268, 36506.907612046750728 ], [ 21904.029028467724856, 36506.904305966425454 ], [ 21904.019509032201313, 36506.901921471959213 ], [ 21904.009801714033529, 36506.900481527329248 ], [ 21904.0, 36506.900000000001455 ], [ 21881.04272896054681, 36506.900000000001455 ], [ 21859.072264185713721, 36483.930877735401737 ], [ 21859.064930073833239, 36483.923946824441373 ], [ 21859.056934800282761, 36483.917790338055056 ], [ 21859.048359778316808, 36483.912470965726243 ], [ 21859.039292324570852, 36483.908042872870283 ], [ 21859.029824769953848, 36483.904551149316831 ], [ 21859.020053519478097, 36483.902031350131438 ], [ 21859.010078070587042, 36483.900509133622108 ], [ 21859.0, 36483.900000000001455 ], [ 21836.040125731480657, 36483.900000000001455 ], [ 21813.069925100906403, 36461.928503744667978 ], [ 21790.070710678119212, 36438.929289321880788 ], [ 21790.06343932841628, 36438.922698954665975 ], [ 21790.055557023300935, 36438.91685303876875 ], [ 21790.047139673682977, 36438.911807873562793 ], [ 21790.038268343236268, 36438.907612046750728 ], [ 21790.029028467724856, 36438.904305966425454 ], [ 21790.019509032201313, 36438.901921471959213 ], [ 21790.009801714033529, 36438.900481527329248 ], [ 21790.0, 36438.900000000001455 ], [ 21768.04142135623988, 36438.900000000001455 ], [ 21745.070710678119212, 36415.929289321880788 ], [ 21745.06343932841628, 36415.922698954665975 ], [ 21745.055557023300935, 36415.91685303876875 ], [ 21745.047139673682977, 36415.911807873562793 ], [ 21745.038268343236268, 36415.907612046750728 ], [ 21745.029028467724856, 36415.904305966425454 ], [ 21745.019509032201313, 36415.901921471959213 ], [ 21745.009801714033529, 36415.900481527329248 ], [ 21745.0, 36415.900000000001455 ], [ 21722.04142135623988, 36415.900000000001455 ], [ 21677.070710678119212, 36370.929289321880788 ], [ 21677.06343932841628, 36370.922698954665975 ], [ 21677.055557023300935, 36370.91685303876875 ], [ 21677.047139673682977, 36370.911807873562793 ], [ 21677.038268343236268, 36370.907612046750728 ], [ 21677.029028467724856, 36370.904305966425454 ], [ 21677.019509032201313, 36370.901921471959213 ], [ 21677.009801714033529, 36370.900481527329248 ], [ 21677.0, 36370.900000000001455 ], [ 21654.04142135623988, 36370.900000000001455 ], [ 21608.070710678119212, 36324.929289321880788 ], [ 21608.06343932841628, 36324.922698954665975 ], [ 21608.055557023300935, 36324.91685303876875 ], [ 21608.047139673682977, 36324.911807873562793 ], [ 21608.038268343236268, 36324.907612046750728 ], [ 21608.029028467724856, 36324.904305966425454 ], [ 21608.019509032201313, 36324.901921471959213 ], [ 21608.009801714033529, 36324.900481527329248 ], [ 21608.0, 36324.900000000001455 ], [ 21586.04142135623988, 36324.900000000001455 ], [ 21563.070710678119212, 36301.929289321880788 ], [ 21563.069122264598263, 36301.927735814286279 ], [ 21540.069925100906403, 36279.928503744667978 ], [ 21517.070710678119212, 36256.929289321880788 ], [ 21517.06343932841628, 36256.922698954665975 ], [ 21517.055557023300935, 36256.91685303876875 ], [ 21517.047139673682977, 36256.911807873562793 ], [ 21517.038268343236268, 36256.907612046750728 ], [ 21517.029028467724856, 36256.904305966425454 ], [ 21517.019509032201313, 36256.901921471959213 ], [ 21517.009801714033529, 36256.900481527329248 ], [ 21517.0, 36256.900000000001455 ], [ 21495.04142135623988, 36256.900000000001455 ], [ 21449.070710678119212, 36210.929289321880788 ], [ 21449.06343932841628, 36210.922698954665975 ], [ 21449.055557023300935, 36210.91685303876875 ], [ 21449.047139673682977, 36210.911807873562793 ], [ 21449.038268343236268, 36210.907612046750728 ], [ 21449.029028467724856, 36210.904305966425454 ], [ 21449.019509032201313, 36210.901921471959213 ], [ 21449.009801714033529, 36210.900481527329248 ], [ 21449.0, 36210.900000000001455 ], [ 21426.04142135623988, 36210.900000000001455 ], [ 21381.070710678119212, 36165.929289321880788 ], [ 21381.06343932841628, 36165.922698954665975 ], [ 21381.055557023300935, 36165.91685303876875 ], [ 21381.047139673682977, 36165.911807873562793 ], [ 21381.038268343236268, 36165.907612046750728 ], [ 21381.029028467724856, 36165.904305966425454 ], [ 21381.019509032201313, 36165.901921471959213 ], [ 21381.009801714033529, 36165.900481527329248 ], [ 21381.0, 36165.900000000001455 ], [ 21358.04142135623988, 36165.900000000001455 ], [ 21335.071496255332022, 36142.930074899093597 ], [ 21313.072264185713721, 36119.930877735401737 ], [ 21313.064930073833239, 36119.923946824441373 ], [ 21313.056934800282761, 36119.917790338055056 ], [ 21313.048359778316808, 36119.912470965726243 ], [ 21313.039292324570852, 36119.908042872870283 ], [ 21313.029824769953848, 36119.904551149316831 ], [ 21313.020053519478097, 36119.902031350131438 ], [ 21313.010078070587042, 36119.900509133622108 ], [ 21313.0, 36119.900000000001455 ], [ 21290.040125731480657, 36119.900000000001455 ], [ 21267.069925100906403, 36097.928503744667978 ], [ 21244.071496255332022, 36074.930074899093597 ], [ 21222.072264185713721, 36051.930877735401737 ], [ 21222.064930073833239, 36051.923946824441373 ], [ 21222.056934800282761, 36051.917790338055056 ], [ 21222.048359778316808, 36051.912470965726243 ], [ 21222.039292324570852, 36051.908042872870283 ], [ 21222.029824769953848, 36051.904551149316831 ], [ 21222.020053519478097, 36051.902031350131438 ], [ 21222.010078070587042, 36051.900509133622108 ], [ 21222.0, 36051.900000000001455 ], [ 21199.04142135623988, 36051.900000000001455 ], [ 21176.070710678119212, 36028.929289321880788 ], [ 21176.069122264598263, 36028.927735814286279 ], [ 21153.0707281353898, 36006.9292718646102 ], [ 21131.072264185713721, 35983.930877735401737 ], [ 21131.064930073833239, 35983.923946824441373 ], [ 21131.056934800282761, 35983.917790338055056 ], [ 21131.048359778316808, 35983.912470965726243 ], [ 21131.039292324570852, 35983.908042872870283 ], [ 21131.029824769953848, 35983.904551149316831 ], [ 21131.020053519478097, 35983.902031350131438 ], [ 21131.010078070587042, 35983.900509133622108 ], [ 21131.0, 35983.900000000001455 ], [ 21108.04142135623988, 35983.900000000001455 ], [ 21017.070710678119212, 35892.929289321880788 ], [ 21017.06343932841628, 35892.922698954665975 ], [ 21017.055557023300935, 35892.91685303876875 ], [ 21017.047139673682977, 35892.911807873562793 ], [ 21017.038268343236268, 35892.907612046750728 ], [ 21017.029028467724856, 35892.904305966425454 ], [ 21017.019509032201313, 35892.901921471959213 ], [ 21017.009801714033529, 35892.900481527329248 ], [ 21017.0, 35892.900000000001455 ], [ 20994.04142135623988, 35892.900000000001455 ], [ 20971.071496255332022, 35869.930074899093597 ], [ 20949.072264185713721, 35846.930877735401737 ], [ 20949.069122264598263, 35846.927735814286279 ], [ 20926.069925100906403, 35824.928503744667978 ], [ 20903.070710678119212, 35801.929289321880788 ], [ 20903.06343932841628, 35801.922698954665975 ], [ 20903.055557023300935, 35801.91685303876875 ], [ 20903.047139673682977, 35801.911807873562793 ], [ 20903.038268343236268, 35801.907612046750728 ], [ 20903.029028467724856, 35801.904305966425454 ], [ 20903.019509032201313, 35801.901921471959213 ], [ 20903.009801714033529, 35801.900481527329248 ], [ 20903.0, 35801.900000000001455 ], [ 20880.04272896054681, 35801.900000000001455 ], [ 20858.072264185713721, 35778.930877735401737 ], [ 20858.070710678119212, 35778.929289321880788 ], [ 20835.070710678119212, 35755.929289321880788 ], [ 20835.069122264598263, 35755.927735814286279 ], [ 20812.069925100906403, 35733.928503744667978 ], [ 20789.070710678119212, 35710.929289321880788 ], [ 20789.06343932841628, 35710.922698954665975 ], [ 20789.055557023300935, 35710.91685303876875 ], [ 20789.047139673682977, 35710.911807873562793 ], [ 20789.038268343236268, 35710.907612046750728 ], [ 20789.029028467724856, 35710.904305966425454 ], [ 20789.019509032201313, 35710.901921471959213 ], [ 20789.009801714033529, 35710.900481527329248 ], [ 20789.0, 35710.900000000001455 ], [ 20767.04142135623988, 35710.900000000001455 ], [ 20721.070710678119212, 35664.929289321880788 ], [ 20721.069122264598263, 35664.927735814286279 ], [ 20698.0707281353898, 35642.9292718646102 ], [ 20676.072264185713721, 35619.930877735401737 ], [ 20676.064930073833239, 35619.923946824441373 ], [ 20676.056934800282761, 35619.917790338055056 ], [ 20676.048359778316808, 35619.912470965726243 ], [ 20676.039292324570852, 35619.908042872870283 ], [ 20676.029824769953848, 35619.904551149316831 ], [ 20676.020053519478097, 35619.902031350131438 ], [ 20676.010078070587042, 35619.900509133622108 ], [ 20676.0, 35619.900000000001455 ], [ 20653.04142135623988, 35619.900000000001455 ], [ 20585.070710678119212, 35551.929289321880788 ], [ 20585.06343932841628, 35551.922698954665975 ], [ 20585.055557023300935, 35551.91685303876875 ], [ 20585.047139673682977, 35551.911807873562793 ], [ 20585.038268343236268, 35551.907612046750728 ], [ 20585.029028467724856, 35551.904305966425454 ], [ 20585.019509032201313, 35551.901921471959213 ], [ 20585.009801714033529, 35551.900481527329248 ], [ 20585.0, 35551.900000000001455 ], [ 20562.04142135623988, 35551.900000000001455 ], [ 20539.071496255332022, 35528.930074899093597 ], [ 20517.072264185713721, 35505.930877735401737 ], [ 20517.070710678119212, 35505.929289321880788 ], [ 20494.070710678119212, 35482.929289321880788 ], [ 20494.069122264598263, 35482.927735814286279 ], [ 20471.069925100906403, 35460.928503744667978 ], [ 20448.071496255332022, 35437.930074899093597 ], [ 20426.072264185713721, 35414.930877735401737 ], [ 20426.070710678119212, 35414.929289321880788 ], [ 20403.070710678119212, 35391.929289321880788 ], [ 20403.069122264598263, 35391.927735814286279 ], [ 20380.069925100906403, 35369.928503744667978 ], [ 20357.070710678119212, 35346.929289321880788 ], [ 20357.06343932841628, 35346.922698954665975 ], [ 20357.055557023300935, 35346.91685303876875 ], [ 20357.047139673682977, 35346.911807873562793 ], [ 20357.038268343236268, 35346.907612046750728 ], [ 20357.029028467724856, 35346.904305966425454 ], [ 20357.019509032201313, 35346.901921471959213 ], [ 20357.009801714033529, 35346.900481527329248 ], [ 20357.0, 35346.900000000001455 ], [ 20335.04142135623988, 35346.900000000001455 ], [ 20312.070710678119212, 35323.929289321880788 ], [ 20312.069122264598263, 35323.927735814286279 ], [ 20289.069925100906403, 35301.928503744667978 ], [ 20266.071496255332022, 35278.930074899093597 ], [ 20244.072264185713721, 35255.930877735401737 ], [ 20244.070710678119212, 35255.929289321880788 ], [ 20221.070710678119212, 35232.929289321880788 ], [ 20221.069122264598263, 35232.927735814286279 ], [ 20198.069925100906403, 35210.928503744667978 ], [ 20175.070710678119212, 35187.929289321880788 ], [ 20175.06343932841628, 35187.922698954665975 ], [ 20175.055557023300935, 35187.91685303876875 ], [ 20175.047139673682977, 35187.911807873562793 ], [ 20175.038268343236268, 35187.907612046750728 ], [ 20175.029028467724856, 35187.904305966425454 ], [ 20175.019509032201313, 35187.901921471959213 ], [ 20175.009801714033529, 35187.900481527329248 ], [ 20175.0, 35187.900000000001455 ], [ 20153.04142135623988, 35187.900000000001455 ], [ 20107.070710678119212, 35141.929289321880788 ], [ 20107.069122264598263, 35141.927735814286279 ], [ 20084.069122264598263, 35119.927735814286279 ], [ 20084.061924606099637, 35119.921480300821713 ], [ 20084.05416381924806, 35119.915938827725768 ], [ 20084.045910478886071, 35119.911161787902529 ], [ 20084.03723963901939, 35119.907192622675211 ], [ 20084.028230150302988, 35119.904067426730762 ], [ 20084.018963942991832, 35119.901814619894139 ], [ 20084.00952528187554, 35119.900454688686295 ], [ 20084.0, 35119.900000000001455 ], [ 20039.04142135623988, 35119.900000000001455 ], [ 20016.070710678119212, 35096.929289321880788 ], [ 20016.06343932841628, 35096.922698954665975 ], [ 20016.055557023300935, 35096.91685303876875 ], [ 20016.047139673682977, 35096.911807873562793 ], [ 20016.038268343236268, 35096.907612046750728 ], [ 20016.029028467724856, 35096.904305966425454 ], [ 20016.019509032201313, 35096.901921471959213 ], [ 20016.009801714033529, 35096.900481527329248 ], [ 20016.0, 35096.900000000001455 ], [ 19993.04272896054681, 35096.900000000001455 ], [ 19971.099999999998545, 35073.959874268519343 ], [ 19971.099999999998545, 35051.0 ], [ 19971.099518472667114, 35050.990198285966471 ], [ 19971.098078528040787, 35050.980490967798687 ], [ 19971.095694033574546, 35050.970971532275144 ], [ 19971.09238795325291, 35050.961731656760094 ], [ 19971.088192126433569, 35050.952860326317023 ], [ 19971.08314696123125, 35050.944442976695427 ], [ 19971.077301045337663, 35050.936560671580082 ], [ 19971.070710678119212, 35050.929289321880788 ], [ 19971.06343932841628, 35050.922698954665975 ], [ 19971.055557023300935, 35050.91685303876875 ], [ 19971.047139673682977, 35050.911807873562793 ], [ 19971.038268343236268, 35050.907612046750728 ], [ 19971.029028467724856, 35050.904305966425454 ], [ 19971.019509032201313, 35050.901921471959213 ], [ 19971.009801714033529, 35050.900481527329248 ], [ 19971.0, 35050.900000000001455 ], [ 19948.040125731480657, 35050.900000000001455 ], [ 19925.069122264598263, 35028.927735814286279 ], [ 19925.061924606099637, 35028.921480300821713 ], [ 19925.05416381924806, 35028.915938827725768 ], [ 19925.045910478886071, 35028.911161787902529 ], [ 19925.03723963901939, 35028.907192622675211 ], [ 19925.028230150302988, 35028.904067426730762 ], [ 19925.018963942991832, 35028.901814619894139 ], [ 19925.00952528187554, 35028.900454688686295 ], [ 19925.0, 35028.900000000001455 ], [ 19902.04272896054681, 35028.900000000001455 ], [ 19880.13838113446036, 35006.0 ], [ 19902.04272896054681, 34983.099999999998545 ], [ 19925.0, 34983.099999999998545 ], [ 19925.009801714033529, 34983.099518472670752 ], [ 19925.019509032201313, 34983.098078528040787 ], [ 19925.029028467724856, 34983.095694033574546 ], [ 19925.038268343236268, 34983.092387953249272 ], [ 19925.047139673682977, 34983.088192126437207 ], [ 19925.055557023300935, 34983.08314696123125 ], [ 19925.06343932841628, 34983.077301045334025 ], [ 19925.070710678119212, 34983.070710678119212 ], [ 19948.04142135623988, 34960.099999999998545 ], [ 19971.0, 34960.099999999998545 ], [ 19971.009801714033529, 34960.099518472670752 ], [ 19971.019509032201313, 34960.098078528040787 ], [ 19971.029028467724856, 34960.095694033574546 ], [ 19971.038268343236268, 34960.092387953249272 ], [ 19971.047139673682977, 34960.088192126437207 ], [ 19971.055557023300935, 34960.08314696123125 ], [ 19971.06343932841628, 34960.077301045334025 ], [ 19971.070710678119212, 34960.070710678119212 ], [ 19993.04142135623988, 34938.099999999998545 ], [ 20129.959874268519343, 34938.099999999998545 ], [ 20152.9292718646102, 34960.0707281353898 ], [ 20174.927735814286279, 34983.069122264598263 ], [ 20174.929289321880788, 34983.070710678119212 ], [ 20220.929289321880788, 35029.070710678119212 ], [ 20220.93656067158372, 35029.077301045334025 ], [ 20220.944442976699065, 35029.08314696123125 ], [ 20220.952860326317023, 35029.088192126437207 ], [ 20220.961731656763732, 35029.092387953249272 ], [ 20220.970971532275144, 35029.095694033574546 ], [ 20220.980490967798687, 35029.098078528040787 ], [ 20220.990198285966471, 35029.099518472670752 ], [ 20221.0, 35029.099999999998545 ], [ 20243.95857864376012, 35029.099999999998545 ], [ 20334.929289321880788, 35120.070710678119212 ], [ 20334.93656067158372, 35120.077301045334025 ], [ 20334.944442976699065, 35120.08314696123125 ], [ 20334.952860326317023, 35120.088192126437207 ], [ 20334.961731656763732, 35120.092387953249272 ], [ 20334.970971532275144, 35120.095694033574546 ], [ 20334.980490967798687, 35120.098078528040787 ], [ 20334.990198285966471, 35120.099518472670752 ], [ 20335.0, 35120.099999999998545 ], [ 20356.959874268519343, 35120.099999999998545 ], [ 20379.930074899093597, 35142.071496255332022 ], [ 20402.929289321880788, 35165.070710678119212 ], [ 20402.93656067158372, 35165.077301045334025 ], [ 20402.944442976699065, 35165.08314696123125 ], [ 20402.952860326317023, 35165.088192126437207 ], [ 20402.961731656763732, 35165.092387953249272 ], [ 20402.970971532275144, 35165.095694033574546 ], [ 20402.980490967798687, 35165.098078528040787 ], [ 20402.990198285966471, 35165.099518472670752 ], [ 20403.0, 35165.099999999998545 ], [ 20425.95727103945319, 35165.099999999998545 ], [ 20447.927735814286279, 35188.069122264598263 ], [ 20447.929289321880788, 35188.070710678119212 ], [ 20470.929289321880788, 35211.070710678119212 ], [ 20470.93656067158372, 35211.077301045334025 ], [ 20470.944442976699065, 35211.08314696123125 ], [ 20470.952860326317023, 35211.088192126437207 ], [ 20470.961731656763732, 35211.092387953249272 ], [ 20470.970971532275144, 35211.095694033574546 ], [ 20470.980490967798687, 35211.098078528040787 ], [ 20470.990198285966471, 35211.099518472670752 ], [ 20471.0, 35211.099999999998545 ], [ 20493.959874268519343, 35211.099999999998545 ], [ 20516.930877735401737, 35233.072264185713721 ], [ 20516.938075393900363, 35233.078519699178287 ], [ 20516.94583618075194, 35233.084061172274232 ], [ 20516.954089521113929, 35233.088838212097471 ], [ 20516.96276036098061, 35233.092807377324789 ], [ 20516.971769849697012, 35233.095932573269238 ], [ 20516.981036057008168, 35233.098185380105861 ], [ 20516.99047471812446, 35233.099545311313705 ], [ 20517.0, 35233.099999999998545 ], [ 20538.95857864376012, 35233.099999999998545 ], [ 20584.929289321880788, 35279.070710678119212 ], [ 20584.93656067158372, 35279.077301045334025 ], [ 20584.944442976699065, 35279.08314696123125 ], [ 20584.952860326317023, 35279.088192126437207 ], [ 20584.961731656763732, 35279.092387953249272 ], [ 20584.970971532275144, 35279.095694033574546 ], [ 20584.980490967798687, 35279.098078528040787 ], [ 20584.990198285966471, 35279.099518472670752 ], [ 20585.0, 35279.099999999998545 ], [ 20606.95857864376012, 35279.099999999998545 ], [ 20629.929289321880788, 35302.070710678119212 ], [ 20629.930877735401737, 35302.072264185713721 ], [ 20652.930877735401737, 35324.072264185713721 ], [ 20652.938075393900363, 35324.078519699178287 ], [ 20652.94583618075194, 35324.084061172274232 ], [ 20652.954089521113929, 35324.088838212097471 ], [ 20652.96276036098061, 35324.092807377324789 ], [ 20652.971769849697012, 35324.095932573269238 ], [ 20652.981036057008168, 35324.098185380105861 ], [ 20652.99047471812446, 35324.099545311313705 ], [ 20653.0, 35324.099999999998545 ], [ 20675.95727103945319, 35324.099999999998545 ], [ 20697.927735814286279, 35347.069122264598263 ], [ 20697.935069926166761, 35347.076053175558627 ], [ 20697.943065199717239, 35347.082209661944944 ], [ 20697.951640221683192, 35347.087529034273757 ], [ 20697.960707675429148, 35347.091957127129717 ], [ 20697.970175230046152, 35347.095448850683169 ], [ 20697.979946480521903, 35347.097968649868562 ], [ 20697.989921929412958, 35347.099490866377892 ], [ 20698.0, 35347.099999999998545 ], [ 20720.95857864376012, 35347.099999999998545 ], [ 20743.929289321880788, 35370.070710678119212 ], [ 20743.93656067158372, 35370.077301045334025 ], [ 20743.944442976699065, 35370.08314696123125 ], [ 20743.952860326317023, 35370.088192126437207 ], [ 20743.961731656763732, 35370.092387953249272 ], [ 20743.970971532275144, 35370.095694033574546 ], [ 20743.980490967798687, 35370.098078528040787 ], [ 20743.990198285966471, 35370.099518472670752 ], [ 20744.0, 35370.099999999998545 ], [ 20788.959874268519343, 35370.099999999998545 ], [ 20811.930074899093597, 35392.071496255332022 ], [ 20834.929289321880788, 35415.070710678119212 ], [ 20834.93656067158372, 35415.077301045334025 ], [ 20834.944442976699065, 35415.08314696123125 ], [ 20834.952860326317023, 35415.088192126437207 ], [ 20834.961731656763732, 35415.092387953249272 ], [ 20834.970971532275144, 35415.095694033574546 ], [ 20834.980490967798687, 35415.098078528040787 ], [ 20834.990198285966471, 35415.099518472670752 ], [ 20835.0, 35415.099999999998545 ], [ 20879.95857864376012, 35415.099999999998545 ], [ 20902.929289321880788, 35438.070710678119212 ], [ 20902.93656067158372, 35438.077301045334025 ], [ 20902.944442976699065, 35438.08314696123125 ], [ 20902.952860326317023, 35438.088192126437207 ], [ 20902.961731656763732, 35438.092387953249272 ], [ 20902.970971532275144, 35438.095694033574546 ], [ 20902.980490967798687, 35438.098078528040787 ], [ 20902.990198285966471, 35438.099518472670752 ], [ 20903.0, 35438.099999999998545 ], [ 20948.95727103945319, 35438.099999999998545 ], [ 20970.927735814286279, 35461.069122264598263 ], [ 20970.935069926166761, 35461.076053175558627 ], [ 20970.943065199717239, 35461.082209661944944 ], [ 20970.951640221683192, 35461.087529034273757 ], [ 20970.960707675429148, 35461.091957127129717 ], [ 20970.970175230046152, 35461.095448850683169 ], [ 20970.979946480521903, 35461.097968649868562 ], [ 20970.989921929412958, 35461.099490866377892 ], [ 20971.0, 35461.099999999998545 ], [ 21107.959874268519343, 35461.099999999998545 ], [ 21130.930877735401737, 35483.072264185713721 ], [ 21130.938075393900363, 35483.078519699178287 ], [ 21130.94583618075194, 35483.084061172274232 ], [ 21130.954089521113929, 35483.088838212097471 ], [ 21130.96276036098061, 35483.092807377324789 ], [ 21130.971769849697012, 35483.095932573269238 ], [ 21130.981036057008168, 35483.098185380105861 ], [ 21130.99047471812446, 35483.099545311313705 ], [ 21131.0, 35483.099999999998545 ], [ 21152.95857864376012, 35483.099999999998545 ], [ 21198.900000000001455, 35529.04142135623988 ], [ 21198.900000000001455, 35552.0 ], [ 21198.900509133618471, 35552.010078070583404 ], [ 21198.902031350135076, 35552.020053519481735 ], [ 21198.904551149313193, 35552.029824769953848 ], [ 21198.908042872870283, 35552.039292324567214 ], [ 21198.912470965726243, 35552.048359778316808 ], [ 21198.917790338058694, 35552.056934800282761 ], [ 21198.923946824445011, 35552.064930073836877 ], [ 21198.930877735401737, 35552.072264185713721 ], [ 21221.9292718646102, 35574.0707281353898 ], [ 21243.927735814286279, 35597.069122264598263 ], [ 21243.929289321880788, 35597.070710678119212 ], [ 21289.929289321880788, 35643.070710678119212 ], [ 21289.930877735401737, 35643.072264185713721 ], [ 21312.9292718646102, 35665.0707281353898 ], [ 21334.927735814286279, 35688.069122264598263 ], [ 21334.929289321880788, 35688.070710678119212 ], [ 21380.929289321880788, 35734.070710678119212 ], [ 21380.930877735401737, 35734.072264185713721 ], [ 21403.9292718646102, 35756.0707281353898 ], [ 21425.927735814286279, 35779.069122264598263 ], [ 21425.935069926166761, 35779.076053175558627 ], [ 21425.943065199717239, 35779.082209661944944 ], [ 21425.951640221683192, 35779.087529034273757 ], [ 21425.960707675429148, 35779.091957127129717 ], [ 21425.970175230046152, 35779.095448850683169 ], [ 21425.979946480521903, 35779.097968649868562 ], [ 21425.989921929412958, 35779.099490866377892 ], [ 21426.0, 35779.099999999998545 ], [ 21448.95857864376012, 35779.099999999998545 ], [ 21539.929289321880788, 35870.070710678119212 ], [ 21539.93656067158372, 35870.077301045334025 ], [ 21539.944442976699065, 35870.08314696123125 ], [ 21539.952860326317023, 35870.088192126437207 ], [ 21539.961731656763732, 35870.092387953249272 ], [ 21539.970971532275144, 35870.095694033574546 ], [ 21539.980490967798687, 35870.098078528040787 ], [ 21539.990198285966471, 35870.099518472670752 ], [ 21540.0, 35870.099999999998545 ], [ 21562.95857864376012, 35870.099999999998545 ], [ 21585.928503744667978, 35893.069925100906403 ], [ 21607.927735814286279, 35916.069122264598263 ], [ 21607.930877735401737, 35916.072264185713721 ], [ 21630.930074899093597, 35938.071496255332022 ], [ 21653.929289321880788, 35961.070710678119212 ], [ 21653.93656067158372, 35961.077301045334025 ], [ 21653.944442976699065, 35961.08314696123125 ], [ 21653.952860326317023, 35961.088192126437207 ], [ 21653.961731656763732, 35961.092387953249272 ], [ 21653.970971532275144, 35961.095694033574546 ], [ 21653.980490967798687, 35961.098078528040787 ], [ 21653.990198285966471, 35961.099518472670752 ], [ 21654.0, 35961.099999999998545 ], [ 21676.95727103945319, 35961.099999999998545 ], [ 21698.927735814286279, 35984.069122264598263 ], [ 21698.929289321880788, 35984.070710678119212 ], [ 21721.929289321880788, 36007.070710678119212 ], [ 21721.93656067158372, 36007.077301045334025 ], [ 21721.944442976699065, 36007.08314696123125 ], [ 21721.952860326317023, 36007.088192126437207 ], [ 21721.961731656763732, 36007.092387953249272 ], [ 21721.970971532275144, 36007.095694033574546 ], [ 21721.980490967798687, 36007.098078528040787 ], [ 21721.990198285966471, 36007.099518472670752 ], [ 21722.0, 36007.099999999998545 ], [ 21744.959874268519343, 36007.099999999998545 ], [ 21767.9292718646102, 36029.0707281353898 ], [ 21789.927735814286279, 36052.069122264598263 ], [ 21789.929289321880788, 36052.070710678119212 ], [ 21812.929289321880788, 36075.070710678119212 ], [ 21812.93656067158372, 36075.077301045334025 ], [ 21812.944442976699065, 36075.08314696123125 ], [ 21812.952860326317023, 36075.088192126437207 ], [ 21812.961731656763732, 36075.092387953249272 ], [ 21812.970971532275144, 36075.095694033574546 ], [ 21812.980490967798687, 36075.098078528040787 ], [ 21812.990198285966471, 36075.099518472670752 ], [ 21813.0, 36075.099999999998545 ], [ 21835.95857864376012, 36075.099999999998545 ], [ 21880.929289321880788, 36120.070710678119212 ], [ 21880.93656067158372, 36120.077301045334025 ], [ 21880.944442976699065, 36120.08314696123125 ], [ 21880.952860326317023, 36120.088192126437207 ], [ 21880.961731656763732, 36120.092387953249272 ], [ 21880.970971532275144, 36120.095694033574546 ], [ 21880.980490967798687, 36120.098078528040787 ], [ 21880.990198285966471, 36120.099518472670752 ], [ 21881.0, 36120.099999999998545 ], [ 21903.95857864376012, 36120.099999999998545 ], [ 21926.929289321880788, 36143.070710678119212 ], [ 21926.93656067158372, 36143.077301045334025 ], [ 21926.944442976699065, 36143.08314696123125 ], [ 21926.952860326317023, 36143.088192126437207 ], [ 21926.961731656763732, 36143.092387953249272 ], [ 21926.970971532275144, 36143.095694033574546 ], [ 21926.980490967798687, 36143.098078528040787 ], [ 21926.990198285966471, 36143.099518472670752 ], [ 21927.0, 36143.099999999998545 ], [ 21949.95727103945319, 36143.099999999998545 ], [ 21971.927735814286279, 36166.069122264598263 ], [ 21971.929289321880788, 36166.070710678119212 ], [ 21994.929289321880788, 36189.070710678119212 ], [ 21994.93656067158372, 36189.077301045334025 ], [ 21994.944442976699065, 36189.08314696123125 ], [ 21994.952860326317023, 36189.088192126437207 ], [ 21994.961731656763732, 36189.092387953249272 ], [ 21994.970971532275144, 36189.095694033574546 ], [ 21994.980490967798687, 36189.098078528040787 ], [ 21994.990198285966471, 36189.099518472670752 ], [ 21995.0, 36189.099999999998545 ], [ 22017.959874268519343, 36189.099999999998545 ], [ 22040.930877735401737, 36211.072264185713721 ], [ 22040.938075393900363, 36211.078519699178287 ], [ 22040.94583618075194, 36211.084061172274232 ], [ 22040.954089521113929, 36211.088838212097471 ], [ 22040.96276036098061, 36211.092807377324789 ], [ 22040.971769849697012, 36211.095932573269238 ], [ 22040.981036057008168, 36211.098185380105861 ], [ 22040.99047471812446, 36211.099545311313705 ], [ 22041.0, 36211.099999999998545 ], [ 22062.95857864376012, 36211.099999999998545 ], [ 22085.929289321880788, 36234.070710678119212 ], [ 22085.93656067158372, 36234.077301045334025 ], [ 22085.944442976699065, 36234.08314696123125 ], [ 22085.952860326317023, 36234.088192126437207 ], [ 22085.961731656763732, 36234.092387953249272 ], [ 22085.970971532275144, 36234.095694033574546 ], [ 22085.980490967798687, 36234.098078528040787 ], [ 22085.990198285966471, 36234.099518472670752 ], [ 22086.0, 36234.099999999998545 ], [ 22108.95727103945319, 36234.099999999998545 ], [ 22130.927735814286279, 36257.069122264598263 ], [ 22130.929289321880788, 36257.070710678119212 ], [ 22153.929289321880788, 36280.070710678119212 ], [ 22153.93656067158372, 36280.077301045334025 ], [ 22153.944442976699065, 36280.08314696123125 ], [ 22153.952860326317023, 36280.088192126437207 ], [ 22153.961731656763732, 36280.092387953249272 ], [ 22153.970971532275144, 36280.095694033574546 ], [ 22153.980490967798687, 36280.098078528040787 ], [ 22153.990198285966471, 36280.099518472670752 ], [ 22154.0, 36280.099999999998545 ], [ 22176.959874268519343, 36280.099999999998545 ], [ 22199.9292718646102, 36302.0707281353898 ], [ 22221.927735814286279, 36325.069122264598263 ], [ 22221.935069926166761, 36325.076053175558627 ], [ 22221.943065199717239, 36325.082209661944944 ], [ 22221.951640221683192, 36325.087529034273757 ], [ 22221.960707675429148, 36325.091957127129717 ], [ 22221.970175230046152, 36325.095448850683169 ], [ 22221.979946480521903, 36325.097968649868562 ], [ 22221.989921929412958, 36325.099490866377892 ], [ 22222.0, 36325.099999999998545 ], [ 22244.95857864376012, 36325.099999999998545 ], [ 22267.929289321880788, 36348.070710678119212 ], [ 22267.93656067158372, 36348.077301045334025 ], [ 22267.944442976699065, 36348.08314696123125 ], [ 22267.952860326317023, 36348.088192126437207 ], [ 22267.961731656763732, 36348.092387953249272 ], [ 22267.970971532275144, 36348.095694033574546 ], [ 22267.980490967798687, 36348.098078528040787 ], [ 22267.990198285966471, 36348.099518472670752 ], [ 22268.0, 36348.099999999998545 ], [ 22290.95727103945319, 36348.099999999998545 ], [ 22312.927735814286279, 36371.069122264598263 ], [ 22312.930877735401737, 36371.072264185713721 ], [ 22335.930877735401737, 36393.072264185713721 ], [ 22335.938075393900363, 36393.078519699178287 ], [ 22335.94583618075194, 36393.084061172274232 ], [ 22335.954089521113929, 36393.088838212097471 ], [ 22335.96276036098061, 36393.092807377324789 ], [ 22335.971769849697012, 36393.095932573269238 ], [ 22335.981036057008168, 36393.098185380105861 ], [ 22335.99047471812446, 36393.099545311313705 ], [ 22336.0, 36393.099999999998545 ], [ 22358.95857864376012, 36393.099999999998545 ], [ 22381.929289321880788, 36416.070710678119212 ], [ 22381.93656067158372, 36416.077301045334025 ], [ 22381.944442976699065, 36416.08314696123125 ], [ 22381.952860326317023, 36416.088192126437207 ], [ 22381.961731656763732, 36416.092387953249272 ], [ 22381.970971532275144, 36416.095694033574546 ], [ 22381.980490967798687, 36416.098078528040787 ], [ 22381.990198285966471, 36416.099518472670752 ], [ 22382.0, 36416.099999999998545 ], [ 22403.95857864376012, 36416.099999999998545 ], [ 22426.929289321880788, 36439.070710678119212 ], [ 22426.93656067158372, 36439.077301045334025 ], [ 22426.944442976699065, 36439.08314696123125 ], [ 22426.952860326317023, 36439.088192126437207 ], [ 22426.961731656763732, 36439.092387953249272 ], [ 22426.970971532275144, 36439.095694033574546 ], [ 22426.980490967798687, 36439.098078528040787 ], [ 22426.990198285966471, 36439.099518472670752 ], [ 22427.0, 36439.099999999998545 ], [ 22449.95857864376012, 36439.099999999998545 ], [ 22472.929289321880788, 36462.070710678119212 ], [ 22472.93656067158372, 36462.077301045334025 ], [ 22472.944442976699065, 36462.08314696123125 ], [ 22472.952860326317023, 36462.088192126437207 ], [ 22472.961731656763732, 36462.092387953249272 ], [ 22472.970971532275144, 36462.095694033574546 ], [ 22472.980490967798687, 36462.098078528040787 ], [ 22472.990198285966471, 36462.099518472670752 ], [ 22473.0, 36462.099999999998545 ], [ 22494.959874268519343, 36462.099999999998545 ], [ 22517.930074899093597, 36484.071496255332022 ], [ 22540.929289321880788, 36507.070710678119212 ], [ 22540.93656067158372, 36507.077301045334025 ], [ 22540.944442976699065, 36507.08314696123125 ], [ 22540.952860326317023, 36507.088192126437207 ], [ 22540.961731656763732, 36507.092387953249272 ], [ 22540.970971532275144, 36507.095694033574546 ], [ 22540.980490967798687, 36507.098078528040787 ], [ 22540.990198285966471, 36507.099518472670752 ], [ 22541.0, 36507.099999999998545 ], [ 22563.95727103945319, 36507.099999999998545 ], [ 22585.927735814286279, 36530.069122264598263 ], [ 22585.935069926166761, 36530.076053175558627 ], [ 22585.943065199717239, 36530.082209661944944 ], [ 22585.951640221683192, 36530.087529034273757 ], [ 22585.960707675429148, 36530.091957127129717 ], [ 22585.970175230046152, 36530.095448850683169 ], [ 22585.979946480521903, 36530.097968649868562 ], [ 22585.989921929412958, 36530.099490866377892 ], [ 22586.0, 36530.099999999998545 ], [ 22608.95857864376012, 36530.099999999998545 ], [ 22631.929289321880788, 36553.070710678119212 ], [ 22631.93656067158372, 36553.077301045334025 ], [ 22631.944442976699065, 36553.08314696123125 ], [ 22631.952860326317023, 36553.088192126437207 ], [ 22631.961731656763732, 36553.092387953249272 ], [ 22631.970971532275144, 36553.095694033574546 ], [ 22631.980490967798687, 36553.098078528040787 ], [ 22631.990198285966471, 36553.099518472670752 ], [ 22632.0, 36553.099999999998545 ], [ 22654.95857864376012, 36553.099999999998545 ], [ 22676.929289321880788, 36575.070710678119212 ], [ 22676.93656067158372, 36575.077301045334025 ], [ 22676.944442976699065, 36575.08314696123125 ], [ 22676.952860326317023, 36575.088192126437207 ], [ 22676.961731656763732, 36575.092387953249272 ], [ 22676.970971532275144, 36575.095694033574546 ], [ 22676.980490967798687, 36575.098078528040787 ], [ 22676.990198285966471, 36575.099518472670752 ], [ 22677.0, 36575.099999999998545 ], [ 22699.95857864376012, 36575.099999999998545 ], [ 22722.929289321880788, 36598.070710678119212 ], [ 22722.93656067158372, 36598.077301045334025 ], [ 22722.944442976699065, 36598.08314696123125 ], [ 22722.952860326317023, 36598.088192126437207 ], [ 22722.961731656763732, 36598.092387953249272 ], [ 22722.970971532275144, 36598.095694033574546 ], [ 22722.980490967798687, 36598.098078528040787 ], [ 22722.990198285966471, 36598.099518472670752 ], [ 22723.0, 36598.099999999998545 ], [ 22767.95857864376012, 36598.099999999998545 ], [ 22790.929289321880788, 36621.070710678119212 ], [ 22790.93656067158372, 36621.077301045334025 ], [ 22790.944442976699065, 36621.08314696123125 ], [ 22790.952860326317023, 36621.088192126437207 ], [ 22790.961731656763732, 36621.092387953249272 ], [ 22790.970971532275144, 36621.095694033574546 ], [ 22790.980490967798687, 36621.098078528040787 ], [ 22790.990198285966471, 36621.099518472670752 ], [ 22791.0, 36621.099999999998545 ], [ 22858.95857864376012, 36621.099999999998545 ], [ 22881.929289321880788, 36644.070710678119212 ], [ 22881.93656067158372, 36644.077301045334025 ], [ 22881.944442976699065, 36644.08314696123125 ], [ 22881.952860326317023, 36644.088192126437207 ], [ 22881.961731656763732, 36644.092387953249272 ], [ 22881.970971532275144, 36644.095694033574546 ], [ 22881.980490967798687, 36644.098078528040787 ], [ 22881.990198285966471, 36644.099518472670752 ], [ 22882.0, 36644.099999999998545 ], [ 22882.009801714033529, 36644.099518472670752 ], [ 22882.019509032201313, 36644.098078528040787 ], [ 22882.029028467724856, 36644.095694033574546 ], [ 22882.038268343236268, 36644.092387953249272 ], [ 22882.047139673682977, 36644.088192126437207 ], [ 22882.055557023300935, 36644.08314696123125 ], [ 22882.06343932841628, 36644.077301045334025 ], [ 22882.070710678119212, 36644.070710678119212 ], [ 22882.077301045337663, 36644.063439328419918 ], [ 22882.08314696123125, 36644.055557023304573 ], [ 22882.088192126433569, 36644.047139673682977 ], [ 22882.09238795325291, 36644.038268343239906 ], [ 22882.095694033574546, 36644.029028467724856 ], [ 22882.098078528040787, 36644.019509032201313 ], [ 22882.099518472667114, 36644.009801714033529 ], [ 22882.099999999998545, 36644.0 ], [ 22882.099999999998545, 36439.04142135623988 ], [ 22905.04142135623988, 36416.099999999998545 ], [ 23110.0, 36416.099999999998545 ], [ 23110.009801714033529, 36416.099518472670752 ], [ 23110.019509032201313, 36416.098078528040787 ], [ 23110.029028467724856, 36416.095694033574546 ], [ 23110.038268343236268, 36416.092387953249272 ], [ 23110.047139673682977, 36416.088192126437207 ], [ 23110.055557023300935, 36416.08314696123125 ], [ 23110.06343932841628, 36416.077301045334025 ], [ 23110.070710678119212, 36416.070710678119212 ], [ 23110.077301045337663, 36416.063439328419918 ], [ 23110.08314696123125, 36416.055557023304573 ], [ 23110.088192126433569, 36416.047139673682977 ], [ 23110.09238795325291, 36416.038268343239906 ], [ 23110.095694033574546, 36416.029028467724856 ], [ 23110.098078528040787, 36416.019509032201313 ], [ 23110.099518472667114, 36416.009801714033529 ], [ 23110.099999999998545, 36416.0 ], [ 23110.099999999998545, 36120.04142135623988 ], [ 23132.070710678119212, 36098.070710678119212 ], [ 23132.077301045337663, 36098.063439328419918 ], [ 23132.08314696123125, 36098.055557023304573 ], [ 23132.088192126433569, 36098.047139673682977 ], [ 23132.09238795325291, 36098.038268343239906 ], [ 23132.095694033574546, 36098.029028467724856 ], [ 23132.098078528040787, 36098.019509032201313 ], [ 23132.099518472667114, 36098.009801714033529 ], [ 23132.099999999998545, 36098.0 ], [ 23132.099999999998545, 36075.0 ], [ 23132.099545311317343, 36074.990474718128098 ], [ 23132.098185380105861, 36074.98103605700453 ], [ 23132.095932573269238, 36074.971769849697012 ], [ 23132.092807377324789, 36074.962760360976972 ], [ 23132.088838212097471, 36074.954089521110291 ], [ 23132.084061172274232, 36074.945836180748302 ], [ 23132.078519699181925, 36074.938075393896725 ], [ 23132.072264185713721, 36074.930877735401737 ], [ 23110.099999999998545, 36051.959874268519343 ], [ 23110.099999999998545, 35802.0 ], [ 23110.099518472667114, 35801.990198285966471 ], [ 23110.098078528040787, 35801.980490967798687 ], [ 23110.095694033574546, 35801.970971532275144 ], [ 23110.09238795325291, 35801.961731656760094 ], [ 23110.088192126433569, 35801.952860326317023 ], [ 23110.08314696123125, 35801.944442976695427 ], [ 23110.077301045337663, 35801.936560671580082 ], [ 23110.070710678119212, 35801.929289321880788 ], [ 23087.099999999998545, 35778.95857864376012 ], [ 23087.099999999998545, 35711.0 ], [ 23087.099518472667114, 35710.990198285966471 ], [ 23087.098078528040787, 35710.980490967798687 ], [ 23087.095694033574546, 35710.970971532275144 ], [ 23087.09238795325291, 35710.961731656760094 ], [ 23087.088192126433569, 35710.952860326317023 ], [ 23087.08314696123125, 35710.944442976695427 ], [ 23087.077301045337663, 35710.936560671580082 ], [ 23087.070710678119212, 35710.929289321880788 ], [ 23064.099999999998545, 35687.95857864376012 ], [ 23064.099999999998545, 35597.0 ], [ 23064.099518472667114, 35596.990198285966471 ], [ 23064.098078528040787, 35596.980490967798687 ], [ 23064.095694033574546, 35596.970971532275144 ], [ 23064.09238795325291, 35596.961731656760094 ], [ 23064.088192126433569, 35596.952860326317023 ], [ 23064.08314696123125, 35596.944442976695427 ], [ 23064.077301045337663, 35596.936560671580082 ], [ 23064.070710678119212, 35596.929289321880788 ], [ 23041.099999999998545, 35573.95857864376012 ], [ 23041.099999999998545, 35392.0 ], [ 23041.099518472667114, 35391.990198285966471 ], [ 23041.098078528040787, 35391.980490967798687 ], [ 23041.095694033574546, 35391.970971532275144 ], [ 23041.09238795325291, 35391.961731656760094 ], [ 23041.088192126433569, 35391.952860326317023 ], [ 23041.08314696123125, 35391.944442976695427 ], [ 23041.077301045337663, 35391.936560671580082 ], [ 23041.070710678119212, 35391.929289321880788 ], [ 23041.06343932841628, 35391.922698954665975 ], [ 23041.055557023300935, 35391.91685303876875 ], [ 23041.047139673682977, 35391.911807873562793 ], [ 23041.038268343236268, 35391.907612046750728 ], [ 23041.029028467724856, 35391.904305966425454 ], [ 23041.019509032201313, 35391.901921471959213 ], [ 23041.009801714033529, 35391.900481527329248 ], [ 23041.0, 35391.900000000001455 ], [ 22905.040125731480657, 35391.900000000001455 ], [ 22882.099999999998545, 35369.957271039449552 ], [ 22882.099999999998545, 33482.0 ], [ 22882.099518472667114, 33481.990198285966471 ], [ 22882.098078528040787, 33481.980490967798687 ], [ 22882.095694033574546, 33481.970971532275144 ], [ 22882.09238795325291, 33481.961731656760094 ], [ 22882.088192126433569, 33481.952860326317023 ], [ 22882.08314696123125, 33481.944442976695427 ], [ 22882.077301045337663, 33481.936560671580082 ], [ 22882.070710678119212, 33481.929289321880788 ], [ 22859.099999999998545, 33458.95857864376012 ], [ 22859.099999999998545, 33414.0 ], [ 22859.099545311317343, 33413.990474718128098 ], [ 22859.098185380105861, 33413.98103605700453 ], [ 22859.095932573269238, 33413.971769849697012 ], [ 22859.092807377324789, 33413.962760360976972 ], [ 22859.088838212097471, 33413.954089521110291 ], [ 22859.084061172274232, 33413.945836180748302 ], [ 22859.078519699181925, 33413.938075393896725 ], [ 22859.072264185713721, 33413.930877735401737 ], [ 22837.099999999998545, 33390.959874268519343 ], [ 22837.099999999998545, 33323.0 ], [ 22837.099518472667114, 33322.990198285966471 ], [ 22837.098078528040787, 33322.980490967798687 ], [ 22837.095694033574546, 33322.970971532275144 ], [ 22837.09238795325291, 33322.961731656760094 ], [ 22837.088192126433569, 33322.952860326317023 ], [ 22837.08314696123125, 33322.944442976695427 ], [ 22837.077301045337663, 33322.936560671580082 ], [ 22837.070710678119212, 33322.929289321880788 ], [ 22814.099999999998545, 33299.95857864376012 ], [ 22814.099999999998545, 33254.0 ], [ 22814.099490866381529, 33253.989921929416596 ], [ 22814.097968649864924, 33253.979946480518265 ], [ 22814.095448850686807, 33253.970175230046152 ], [ 22814.091957127129717, 33253.960707675432786 ], [ 22814.087529034273757, 33253.951640221683192 ], [ 22814.082209661941306, 33253.943065199717239 ], [ 22814.076053175554989, 33253.935069926163123 ], [ 22814.069122264598263, 33253.927735814286279 ], [ 22791.099999999998545, 33231.957271039449552 ], [ 22791.099999999998545, 33186.0 ], [ 22791.099518472667114, 33185.990198285966471 ], [ 22791.098078528040787, 33185.980490967798687 ], [ 22791.095694033574546, 33185.970971532275144 ], [ 22791.09238795325291, 33185.961731656760094 ], [ 22791.088192126433569, 33185.952860326317023 ], [ 22791.08314696123125, 33185.944442976695427 ], [ 22791.077301045337663, 33185.936560671580082 ], [ 22791.070710678119212, 33185.929289321880788 ], [ 22768.099999999998545, 33162.95857864376012 ], [ 22768.099999999998545, 33118.0 ], [ 22768.099545311317343, 33117.990474718128098 ], [ 22768.098185380105861, 33117.98103605700453 ], [ 22768.095932573269238, 33117.971769849697012 ], [ 22768.092807377324789, 33117.962760360976972 ], [ 22768.088838212097471, 33117.954089521110291 ], [ 22768.084061172274232, 33117.945836180748302 ], [ 22768.078519699181925, 33117.938075393896725 ], [ 22768.072264185713721, 33117.930877735401737 ], [ 22746.099999999998545, 33094.959874268519343 ], [ 22746.099999999998545, 33027.0 ], [ 22746.099518472667114, 33026.990198285966471 ], [ 22746.098078528040787, 33026.980490967798687 ], [ 22746.095694033574546, 33026.970971532275144 ], [ 22746.09238795325291, 33026.961731656760094 ], [ 22746.088192126433569, 33026.952860326317023 ], [ 22746.08314696123125, 33026.944442976695427 ], [ 22746.077301045337663, 33026.936560671580082 ], [ 22746.070710678119212, 33026.929289321880788 ], [ 22723.099999999998545, 33003.95857864376012 ], [ 22723.099999999998545, 32936.0 ], [ 22723.099518472667114, 32935.990198285966471 ], [ 22723.098078528040787, 32935.980490967798687 ], [ 22723.095694033574546, 32935.970971532275144 ], [ 22723.09238795325291, 32935.961731656760094 ], [ 22723.088192126433569, 32935.952860326317023 ], [ 22723.08314696123125, 32935.944442976695427 ], [ 22723.077301045337663, 32935.936560671580082 ], [ 22723.070710678119212, 32935.929289321880788 ], [ 22700.099999999998545, 32912.95857864376012 ], [ 22700.099999999998545, 32822.0 ], [ 22700.099518472667114, 32821.990198285966471 ], [ 22700.098078528040787, 32821.980490967798687 ], [ 22700.095694033574546, 32821.970971532275144 ], [ 22700.09238795325291, 32821.961731656760094 ], [ 22700.088192126433569, 32821.952860326317023 ], [ 22700.08314696123125, 32821.944442976695427 ], [ 22700.077301045337663, 32821.936560671580082 ], [ 22700.070710678119212, 32821.929289321880788 ], [ 22677.099999999998545, 32798.95857864376012 ], [ 22677.099999999998545, 32708.0 ], [ 22677.099518472667114, 32707.990198285966471 ], [ 22677.098078528040787, 32707.980490967798687 ], [ 22677.095694033574546, 32707.970971532275144 ], [ 22677.09238795325291, 32707.961731656763732 ], [ 22677.088192126433569, 32707.952860326317023 ], [ 22677.08314696123125, 32707.944442976699065 ], [ 22677.077301045337663, 32707.93656067158372 ], [ 22677.070710678119212, 32707.929289321880788 ], [ 22655.099999999998545, 32685.95857864376012 ], [ 22655.099999999998545, 32595.0 ], [ 22655.099518472667114, 32594.990198285966471 ], [ 22655.098078528040787, 32594.980490967798687 ], [ 22655.095694033574546, 32594.970971532275144 ], [ 22655.09238795325291, 32594.961731656763732 ], [ 22655.088192126433569, 32594.952860326317023 ], [ 22655.08314696123125, 32594.944442976699065 ], [ 22655.077301045337663, 32594.93656067158372 ], [ 22655.070710678119212, 32594.929289321880788 ], [ 22632.099999999998545, 32571.95857864376012 ], [ 22632.099999999998545, 32504.0 ], [ 22632.099518472667114, 32503.990198285966471 ], [ 22632.098078528040787, 32503.980490967798687 ], [ 22632.095694033574546, 32503.970971532275144 ], [ 22632.09238795325291, 32503.961731656763732 ], [ 22632.088192126433569, 32503.952860326317023 ], [ 22632.08314696123125, 32503.944442976699065 ], [ 22632.077301045337663, 32503.93656067158372 ], [ 22632.070710678119212, 32503.929289321880788 ], [ 22609.099999999998545, 32480.95857864376012 ], [ 22609.099999999998545, 32435.0 ], [ 22609.099490866381529, 32434.989921929412958 ], [ 22609.097968649864924, 32434.979946480521903 ], [ 22609.095448850686807, 32434.970175230046152 ], [ 22609.091957127129717, 32434.960707675429148 ], [ 22609.087529034273757, 32434.951640221683192 ], [ 22609.082209661941306, 32434.943065199717239 ], [ 22609.076053175554989, 32434.935069926166761 ], [ 22609.069122264598263, 32434.927735814286279 ], [ 22586.099999999998545, 32412.95727103945319 ], [ 22586.099999999998545, 32367.0 ], [ 22586.099518472667114, 32366.990198285966471 ], [ 22586.098078528040787, 32366.980490967798687 ], [ 22586.095694033574546, 32366.970971532275144 ], [ 22586.09238795325291, 32366.961731656763732 ], [ 22586.088192126433569, 32366.952860326317023 ], [ 22586.08314696123125, 32366.944442976699065 ], [ 22586.077301045337663, 32366.93656067158372 ], [ 22586.070710678119212, 32366.929289321880788 ], [ 22564.099999999998545, 32344.95857864376012 ], [ 22564.099999999998545, 32276.0 ], [ 22564.099490866381529, 32275.989921929412958 ], [ 22564.097968649864924, 32275.979946480521903 ], [ 22564.095448850686807, 32275.970175230046152 ], [ 22564.091957127129717, 32275.960707675429148 ], [ 22564.087529034273757, 32275.951640221683192 ], [ 22564.082209661941306, 32275.943065199717239 ], [ 22564.076053175554989, 32275.935069926166761 ], [ 22564.069122264598263, 32275.927735814286279 ], [ 22541.099999999998545, 32253.95727103945319 ], [ 22541.099999999998545, 32231.0 ], [ 22541.099518472667114, 32230.990198285966471 ], [ 22541.098078528040787, 32230.980490967798687 ], [ 22541.095694033574546, 32230.970971532275144 ], [ 22541.09238795325291, 32230.961731656763732 ], [ 22541.088192126433569, 32230.952860326317023 ], [ 22541.08314696123125, 32230.944442976699065 ], [ 22541.077301045337663, 32230.93656067158372 ], [ 22541.070710678119212, 32230.929289321880788 ], [ 22518.099999999998545, 32207.95857864376012 ], [ 22518.099999999998545, 32163.0 ], [ 22518.099518472667114, 32162.990198285966471 ], [ 22518.098078528040787, 32162.980490967798687 ], [ 22518.095694033574546, 32162.970971532275144 ], [ 22518.09238795325291, 32162.961731656763732 ], [ 22518.088192126433569, 32162.952860326317023 ], [ 22518.08314696123125, 32162.944442976699065 ], [ 22518.077301045337663, 32162.93656067158372 ], [ 22518.070710678119212, 32162.929289321880788 ], [ 22495.099999999998545, 32139.95857864376012 ], [ 22495.099999999998545, 32094.0 ], [ 22495.099518472667114, 32093.990198285966471 ], [ 22495.098078528040787, 32093.980490967798687 ], [ 22495.095694033574546, 32093.970971532275144 ], [ 22495.09238795325291, 32093.961731656763732 ], [ 22495.088192126433569, 32093.952860326317023 ], [ 22495.08314696123125, 32093.944442976699065 ], [ 22495.077301045337663, 32093.93656067158372 ], [ 22495.070710678119212, 32093.929289321880788 ], [ 22473.099999999998545, 32071.95857864376012 ], [ 22473.099999999998545, 32049.0 ], [ 22473.099518472667114, 32048.990198285966471 ], [ 22473.098078528040787, 32048.980490967798687 ], [ 22473.095694033574546, 32048.970971532275144 ], [ 22473.09238795325291, 32048.961731656763732 ], [ 22473.088192126433569, 32048.952860326317023 ], [ 22473.08314696123125, 32048.944442976699065 ], [ 22473.077301045337663, 32048.93656067158372 ], [ 22473.070710678119212, 32048.929289321880788 ], [ 22450.099999999998545, 32025.95857864376012 ], [ 22450.099999999998545, 31981.0 ], [ 22450.099518472667114, 31980.990198285966471 ], [ 22450.098078528040787, 31980.980490967798687 ], [ 22450.095694033574546, 31980.970971532275144 ], [ 22450.09238795325291, 31980.961731656763732 ], [ 22450.088192126433569, 31980.952860326317023 ], [ 22450.08314696123125, 31980.944442976699065 ], [ 22450.077301045337663, 31980.93656067158372 ], [ 22450.070710678119212, 31980.929289321880788 ], [ 22427.099999999998545, 31957.95857864376012 ], [ 22427.099999999998545, 31935.0 ], [ 22427.099518472667114, 31934.990198285966471 ], [ 22427.098078528040787, 31934.980490967798687 ], [ 22427.095694033574546, 31934.970971532275144 ], [ 22427.09238795325291, 31934.961731656763732 ], [ 22427.088192126433569, 31934.952860326317023 ], [ 22427.08314696123125, 31934.944442976699065 ], [ 22427.077301045337663, 31934.93656067158372 ], [ 22427.070710678119212, 31934.929289321880788 ], [ 22404.099999999998545, 31911.95857864376012 ], [ 22404.099999999998545, 31867.0 ], [ 22404.099545311317343, 31866.99047471812446 ], [ 22404.098185380105861, 31866.981036057008168 ], [ 22404.095932573269238, 31866.971769849697012 ], [ 22404.092807377324789, 31866.96276036098061 ], [ 22404.088838212097471, 31866.954089521113929 ], [ 22404.084061172274232, 31866.94583618075194 ], [ 22404.078519699181925, 31866.938075393900363 ], [ 22404.072264185713721, 31866.930877735401737 ], [ 22382.099999999998545, 31843.959874268519343 ], [ 22382.099999999998545, 31821.0 ], [ 22382.099490866381529, 31820.989921929412958 ], [ 22382.097968649864924, 31820.979946480521903 ], [ 22382.095448850686807, 31820.970175230046152 ], [ 22382.091957127129717, 31820.960707675429148 ], [ 22382.087529034273757, 31820.951640221683192 ], [ 22382.082209661941306, 31820.943065199717239 ], [ 22382.076053175554989, 31820.935069926166761 ], [ 22382.069122264598263, 31820.927735814286279 ], [ 22359.099999999998545, 31798.95727103945319 ], [ 22359.099999999998545, 31776.0 ], [ 22359.099518472667114, 31775.990198285966471 ], [ 22359.098078528040787, 31775.980490967798687 ], [ 22359.095694033574546, 31775.970971532275144 ], [ 22359.09238795325291, 31775.961731656763732 ], [ 22359.088192126433569, 31775.952860326317023 ], [ 22359.08314696123125, 31775.944442976699065 ], [ 22359.077301045337663, 31775.93656067158372 ], [ 22359.070710678119212, 31775.929289321880788 ], [ 22336.099999999998545, 31752.95857864376012 ], [ 22336.099999999998545, 31730.0 ], [ 22336.099490866381529, 31729.989921929412958 ], [ 22336.097968649864924, 31729.979946480521903 ], [ 22336.095448850686807, 31729.970175230046152 ], [ 22336.091957127129717, 31729.960707675429148 ], [ 22336.087529034273757, 31729.951640221683192 ], [ 22336.082209661941306, 31729.943065199717239 ], [ 22336.076053175554989, 31729.935069926166761 ], [ 22336.069122264598263, 31729.927735814286279 ], [ 22313.099999999998545, 31707.95727103945319 ], [ 22313.099999999998545, 31662.0 ], [ 22313.099545311317343, 31661.99047471812446 ], [ 22313.098185380105861, 31661.981036057008168 ], [ 22313.095932573269238, 31661.971769849697012 ], [ 22313.092807377324789, 31661.96276036098061 ], [ 22313.088838212097471, 31661.954089521113929 ], [ 22313.084061172274232, 31661.94583618075194 ], [ 22313.078519699181925, 31661.938075393900363 ], [ 22313.072264185713721, 31661.930877735401737 ], [ 22291.072264185713721, 31638.930877735401737 ], [ 22291.069122264598263, 31638.927735814286279 ], [ 22268.099999999998545, 31616.95727103945319 ], [ 22268.099999999998545, 31571.0 ], [ 22268.099518472667114, 31570.990198285966471 ], [ 22268.098078528040787, 31570.980490967798687 ], [ 22268.095694033574546, 31570.970971532275144 ], [ 22268.09238795325291, 31570.961731656763732 ], [ 22268.088192126433569, 31570.952860326317023 ], [ 22268.08314696123125, 31570.944442976699065 ], [ 22268.077301045337663, 31570.93656067158372 ], [ 22268.070710678119212, 31570.929289321880788 ], [ 22245.099999999998545, 31547.95857864376012 ], [ 22245.099999999998545, 31526.0 ], [ 22245.099518472667114, 31525.990198285966471 ], [ 22245.098078528040787, 31525.980490967798687 ], [ 22245.095694033574546, 31525.970971532275144 ], [ 22245.09238795325291, 31525.961731656763732 ], [ 22245.088192126433569, 31525.952860326317023 ], [ 22245.08314696123125, 31525.944442976699065 ], [ 22245.077301045337663, 31525.93656067158372 ], [ 22245.070710678119212, 31525.929289321880788 ], [ 22222.071496255332022, 31502.930074899093597 ], [ 22200.099999999998545, 31479.959874268519343 ], [ 22200.099999999998545, 31457.0 ], [ 22200.099490866381529, 31456.989921929412958 ], [ 22200.097968649864924, 31456.979946480521903 ], [ 22200.095448850686807, 31456.970175230046152 ], [ 22200.091957127129717, 31456.960707675429148 ], [ 22200.087529034273757, 31456.951640221683192 ], [ 22200.082209661941306, 31456.943065199717239 ], [ 22200.076053175554989, 31456.935069926166761 ], [ 22200.069122264598263, 31456.927735814286279 ], [ 22177.099999999998545, 31434.95727103945319 ], [ 22177.099999999998545, 31389.0 ], [ 22177.099518472667114, 31388.990198285966471 ], [ 22177.098078528040787, 31388.980490967798687 ], [ 22177.095694033574546, 31388.970971532275144 ], [ 22177.09238795325291, 31388.961731656763732 ], [ 22177.088192126433569, 31388.952860326317023 ], [ 22177.08314696123125, 31388.944442976699065 ], [ 22177.077301045337663, 31388.93656067158372 ], [ 22177.070710678119212, 31388.929289321880788 ], [ 22154.099999999998545, 31365.95857864376012 ], [ 22154.099999999998545, 31344.0 ], [ 22154.099518472667114, 31343.990198285966471 ], [ 22154.098078528040787, 31343.980490967798687 ], [ 22154.095694033574546, 31343.970971532275144 ], [ 22154.09238795325291, 31343.961731656763732 ], [ 22154.088192126433569, 31343.952860326317023 ], [ 22154.08314696123125, 31343.944442976699065 ], [ 22154.077301045337663, 31343.93656067158372 ], [ 22154.070710678119212, 31343.929289321880788 ], [ 22131.099999999998545, 31320.95857864376012 ], [ 22131.099999999998545, 31298.0 ], [ 22131.099545311317343, 31297.99047471812446 ], [ 22131.098185380105861, 31297.981036057008168 ], [ 22131.095932573269238, 31297.971769849697012 ], [ 22131.092807377324789, 31297.96276036098061 ], [ 22131.088838212097471, 31297.954089521113929 ], [ 22131.084061172274232, 31297.94583618075194 ], [ 22131.078519699181925, 31297.938075393900363 ], [ 22131.072264185713721, 31297.930877735401737 ], [ 22109.099999999998545, 31274.959874268519343 ], [ 22109.099999999998545, 31253.0 ], [ 22109.099518472667114, 31252.990198285966471 ], [ 22109.098078528040787, 31252.980490967798687 ], [ 22109.095694033574546, 31252.970971532275144 ], [ 22109.09238795325291, 31252.961731656763732 ], [ 22109.088192126433569, 31252.952860326317023 ], [ 22109.08314696123125, 31252.944442976699065 ], [ 22109.077301045337663, 31252.93656067158372 ], [ 22109.070710678119212, 31252.929289321880788 ], [ 22086.070710678119212, 31229.929289321880788 ], [ 22086.06343932841628, 31229.922698954662337 ], [ 22086.055557023300935, 31229.91685303876875 ], [ 22086.047139673682977, 31229.911807873566431 ], [ 22086.038268343236268, 31229.90761204674709 ], [ 22086.029028467724856, 31229.904305966425454 ], [ 22086.019509032201313, 31229.901921471959213 ], [ 22086.009801714033529, 31229.900481527332886 ], [ 22086.0, 31229.900000000001455 ], [ 21859.04142135623988, 31229.900000000001455 ], [ 21836.099999999998545, 31206.95857864376012 ], [ 21836.099999999998545, 30798.0 ], [ 21836.099518472667114, 30797.990198285966471 ], [ 21836.098078528040787, 30797.980490967798687 ], [ 21836.095694033574546, 30797.970971532275144 ], [ 21836.09238795325291, 30797.961731656763732 ], [ 21836.088192126433569, 30797.952860326317023 ], [ 21836.08314696123125, 30797.944442976699065 ], [ 21836.077301045337663, 30797.93656067158372 ], [ 21836.070710678119212, 30797.929289321880788 ], [ 21768.099999999998545, 30729.95857864376012 ], [ 21768.099999999998545, 30707.0 ], [ 21768.099518472667114, 30706.990198285966471 ], [ 21768.098078528040787, 30706.980490967798687 ], [ 21768.095694033574546, 30706.970971532275144 ], [ 21768.09238795325291, 30706.961731656763732 ], [ 21768.088192126433569, 30706.952860326317023 ], [ 21768.08314696123125, 30706.944442976699065 ], [ 21768.077301045337663, 30706.93656067158372 ], [ 21768.070710678119212, 30706.929289321880788 ], [ 21745.099999999998545, 30683.95857864376012 ], [ 21745.099999999998545, 30661.0 ], [ 21745.099490866381529, 30660.989921929412958 ], [ 21745.097968649864924, 30660.979946480521903 ], [ 21745.095448850686807, 30660.970175230046152 ], [ 21745.091957127129717, 30660.960707675429148 ], [ 21745.087529034273757, 30660.951640221683192 ], [ 21745.082209661941306, 30660.943065199717239 ], [ 21745.076053175554989, 30660.935069926166761 ], [ 21745.069122264598263, 30660.927735814286279 ], [ 21722.069925100906403, 30638.928503744667978 ], [ 21699.099999999998545, 30615.95857864376012 ], [ 21699.099999999998545, 30593.0 ], [ 21699.099545311317343, 30592.99047471812446 ], [ 21699.098185380105861, 30592.981036057008168 ], [ 21699.095932573269238, 30592.971769849697012 ], [ 21699.092807377324789, 30592.96276036098061 ], [ 21699.088838212097471, 30592.954089521113929 ], [ 21699.084061172274232, 30592.94583618075194 ], [ 21699.078519699181925, 30592.938075393900363 ], [ 21699.072264185713721, 30592.930877735401737 ], [ 21677.072264185713721, 30569.930877735401737 ], [ 21677.069122264598263, 30569.927735814286279 ], [ 21654.099999999998545, 30547.95727103945319 ], [ 21654.099999999998545, 30525.0 ], [ 21654.099518472667114, 30524.990198285966471 ], [ 21654.098078528040787, 30524.980490967798687 ], [ 21654.095694033574546, 30524.970971532275144 ], [ 21654.09238795325291, 30524.961731656763732 ], [ 21654.088192126433569, 30524.952860326317023 ], [ 21654.08314696123125, 30524.944442976699065 ], [ 21654.077301045337663, 30524.93656067158372 ], [ 21654.070710678119212, 30524.929289321880788 ], [ 21608.099999999998545, 30478.95857864376012 ], [ 21608.099999999998545, 30457.0 ], [ 21608.099545311317343, 30456.99047471812446 ], [ 21608.098185380105861, 30456.981036057008168 ], [ 21608.095932573269238, 30456.971769849697012 ], [ 21608.092807377324789, 30456.96276036098061 ], [ 21608.088838212097471, 30456.954089521113929 ], [ 21608.084061172274232, 30456.94583618075194 ], [ 21608.078519699181925, 30456.938075393900363 ], [ 21608.072264185713721, 30456.930877735401737 ], [ 21586.099999999998545, 30433.959874268519343 ], [ 21586.099999999998545, 30411.0 ], [ 21586.099518472667114, 30410.990198285966471 ], [ 21586.098078528040787, 30410.980490967798687 ], [ 21586.095694033574546, 30410.970971532275144 ], [ 21586.09238795325291, 30410.961731656763732 ], [ 21586.088192126433569, 30410.952860326317023 ], [ 21586.08314696123125, 30410.944442976699065 ], [ 21586.077301045337663, 30410.93656067158372 ], [ 21586.070710678119212, 30410.929289321880788 ], [ 21563.070710678119212, 30387.929289321880788 ], [ 21563.069122264598263, 30387.927735814286279 ], [ 21540.099999999998545, 30365.95727103945319 ], [ 21540.099999999998545, 30343.0 ], [ 21540.099518472667114, 30342.990198285966471 ], [ 21540.098078528040787, 30342.980490967798687 ], [ 21540.095694033574546, 30342.970971532275144 ], [ 21540.09238795325291, 30342.961731656763732 ], [ 21540.088192126433569, 30342.952860326317023 ], [ 21540.08314696123125, 30342.944442976699065 ], [ 21540.077301045337663, 30342.93656067158372 ], [ 21540.070710678119212, 30342.929289321880788 ], [ 21517.099999999998545, 30319.95857864376012 ], [ 21517.099999999998545, 30297.0 ], [ 21517.099518472667114, 30296.990198285966471 ], [ 21517.098078528040787, 30296.980490967798687 ], [ 21517.095694033574546, 30296.970971532275144 ], [ 21517.09238795325291, 30296.961731656763732 ], [ 21517.088192126433569, 30296.952860326317023 ], [ 21517.08314696123125, 30296.944442976699065 ], [ 21517.077301045337663, 30296.93656067158372 ], [ 21517.070710678119212, 30296.929289321880788 ], [ 21495.099999999998545, 30274.95857864376012 ], [ 21495.099999999998545, 30252.0 ], [ 21495.099518472667114, 30251.990198285966471 ], [ 21495.098078528040787, 30251.980490967798687 ], [ 21495.095694033574546, 30251.970971532275144 ], [ 21495.09238795325291, 30251.961731656763732 ], [ 21495.088192126433569, 30251.952860326317023 ], [ 21495.08314696123125, 30251.944442976699065 ], [ 21495.077301045337663, 30251.93656067158372 ], [ 21495.070710678119212, 30251.929289321880788 ], [ 21449.099999999998545, 30205.95857864376012 ], [ 21449.099999999998545, 30184.0 ], [ 21449.099518472667114, 30183.990198285966471 ], [ 21449.098078528040787, 30183.980490967798687 ], [ 21449.095694033574546, 30183.970971532275144 ], [ 21449.09238795325291, 30183.961731656763732 ], [ 21449.088192126433569, 30183.952860326317023 ], [ 21449.08314696123125, 30183.944442976699065 ], [ 21449.077301045337663, 30183.93656067158372 ], [ 21449.070710678119212, 30183.929289321880788 ], [ 21426.071496255332022, 30160.930074899093597 ], [ 21404.099999999998545, 30137.959874268519343 ], [ 21404.099999999998545, 30115.0 ], [ 21404.099490866381529, 30114.989921929412958 ], [ 21404.097968649864924, 30114.979946480521903 ], [ 21404.095448850686807, 30114.970175230046152 ], [ 21404.091957127129717, 30114.960707675429148 ], [ 21404.087529034273757, 30114.951640221683192 ], [ 21404.082209661941306, 30114.943065199717239 ], [ 21404.076053175554989, 30114.935069926166761 ], [ 21404.069122264598263, 30114.927735814286279 ], [ 21381.069925100906403, 30092.928503744667978 ], [ 21335.099999999998545, 30046.95857864376012 ], [ 21335.099999999998545, 30024.0 ], [ 21335.099518472667114, 30023.990198285966471 ], [ 21335.098078528040787, 30023.980490967798687 ], [ 21335.095694033574546, 30023.970971532275144 ], [ 21335.09238795325291, 30023.961731656763732 ], [ 21335.088192126433569, 30023.952860326317023 ], [ 21335.08314696123125, 30023.944442976699065 ], [ 21335.077301045337663, 30023.93656067158372 ], [ 21335.070710678119212, 30023.929289321880788 ], [ 21290.099999999998545, 29978.95857864376012 ], [ 21290.099999999998545, 29956.0 ], [ 21290.099518472667114, 29955.990198285966471 ], [ 21290.098078528040787, 29955.980490967798687 ], [ 21290.095694033574546, 29955.970971532275144 ], [ 21290.09238795325291, 29955.961731656763732 ], [ 21290.088192126433569, 29955.952860326317023 ], [ 21290.08314696123125, 29955.944442976699065 ], [ 21290.077301045337663, 29955.93656067158372 ], [ 21290.070710678119212, 29955.929289321880788 ], [ 21267.070710678119212, 29932.929289321880788 ], [ 21267.069122264598263, 29932.927735814286279 ], [ 21244.069122264598263, 29910.927735814286279 ], [ 21244.061924606099637, 29910.921480300818075 ], [ 21244.05416381924806, 29910.915938827725768 ], [ 21244.045910478886071, 29910.911161787902529 ], [ 21244.03723963901939, 29910.907192622675211 ], [ 21244.028230150302988, 29910.904067426730762 ], [ 21244.018963942991832, 29910.901814619894139 ], [ 21244.00952528187554, 29910.900454688682657 ], [ 21244.0, 29910.900000000001455 ], [ 21222.04142135623988, 29910.900000000001455 ], [ 21199.099999999998545, 29887.95857864376012 ], [ 21199.099999999998545, 29865.0 ], [ 21199.099518472667114, 29864.990198285966471 ], [ 21199.098078528040787, 29864.980490967798687 ], [ 21199.095694033574546, 29864.970971532275144 ], [ 21199.09238795325291, 29864.961731656763732 ], [ 21199.088192126433569, 29864.952860326317023 ], [ 21199.08314696123125, 29864.944442976699065 ], [ 21199.077301045337663, 29864.93656067158372 ], [ 21199.070710678119212, 29864.929289321880788 ], [ 21176.070710678119212, 29841.929289321880788 ], [ 21176.069122264598263, 29841.927735814286279 ], [ 21153.0707281353898, 29819.9292718646102 ], [ 21131.072264185713721, 29796.930877735401737 ], [ 21131.070710678119212, 29796.929289321880788 ], [ 21085.070710678119212, 29750.929289321880788 ], [ 21085.069122264598263, 29750.927735814286279 ], [ 21062.099999999998545, 29728.95727103945319 ], [ 21062.099999999998545, 29706.0 ], [ 21062.099545311317343, 29705.99047471812446 ], [ 21062.098185380105861, 29705.981036057008168 ], [ 21062.095932573269238, 29705.971769849697012 ], [ 21062.092807377324789, 29705.96276036098061 ], [ 21062.088838212097471, 29705.954089521113929 ], [ 21062.084061172274232, 29705.94583618075194 ], [ 21062.078519699181925, 29705.938075393900363 ], [ 21062.072264185713721, 29705.930877735401737 ], [ 21040.072264185713721, 29682.930877735401737 ], [ 21040.070710678119212, 29682.929289321880788 ], [ 21017.070710678119212, 29659.929289321880788 ], [ 21017.069122264598263, 29659.927735814286279 ], [ 20994.069925100906403, 29637.928503744667978 ], [ 20971.071496255332022, 29614.930074899093597 ], [ 20949.072264185713721, 29591.930877735401737 ], [ 20949.070710678119212, 29591.929289321880788 ], [ 20926.070710678119212, 29568.929289321880788 ], [ 20926.069122264598263, 29568.927735814286279 ], [ 20903.069925100906403, 29546.928503744667978 ], [ 20880.099999999998545, 29523.95857864376012 ], [ 20880.099999999998545, 29501.0 ], [ 20880.099518472667114, 29500.990198285966471 ], [ 20880.098078528040787, 29500.980490967798687 ], [ 20880.095694033574546, 29500.970971532275144 ], [ 20880.09238795325291, 29500.961731656763732 ], [ 20880.088192126433569, 29500.952860326317023 ], [ 20880.08314696123125, 29500.944442976699065 ], [ 20880.077301045337663, 29500.93656067158372 ], [ 20880.070710678119212, 29500.929289321880788 ], [ 20880.06343932841628, 29500.922698954662337 ], [ 20880.055557023300935, 29500.91685303876875 ], [ 20880.047139673682977, 29500.911807873566431 ], [ 20880.038268343236268, 29500.90761204674709 ], [ 20880.029028467724856, 29500.904305966425454 ], [ 20880.019509032201313, 29500.901921471959213 ], [ 20880.009801714033529, 29500.900481527332886 ], [ 20880.0, 29500.900000000001455 ], [ 20858.04142135623988, 29500.900000000001455 ], [ 20835.070710678119212, 29477.929289321880788 ], [ 20835.069122264598263, 29477.927735814286279 ], [ 20812.099999999998545, 29455.95727103945319 ], [ 20812.099999999998545, 29433.0 ], [ 20812.099518472667114, 29432.990198285966471 ], [ 20812.098078528040787, 29432.980490967798687 ], [ 20812.095694033574546, 29432.970971532275144 ], [ 20812.09238795325291, 29432.961731656763732 ], [ 20812.088192126433569, 29432.952860326317023 ], [ 20812.08314696123125, 29432.944442976699065 ], [ 20812.077301045337663, 29432.93656067158372 ], [ 20812.070710678119212, 29432.929289321880788 ], [ 20676.099999999998545, 29296.95857864376012 ], [ 20676.099999999998545, 29274.0 ], [ 20676.099518472667114, 29273.990198285966471 ], [ 20676.098078528040787, 29273.980490967798687 ], [ 20676.095694033574546, 29273.970971532275144 ], [ 20676.09238795325291, 29273.961731656763732 ], [ 20676.088192126433569, 29273.952860326317023 ], [ 20676.08314696123125, 29273.944442976699065 ], [ 20676.077301045337663, 29273.93656067158372 ], [ 20676.070710678119212, 29273.929289321880788 ], [ 20630.070710678119212, 29227.929289321880788 ], [ 20630.069122264598263, 29227.927735814286279 ], [ 20607.0707281353898, 29205.9292718646102 ], [ 20585.072264185713721, 29182.930877735401737 ], [ 20585.070710678119212, 29182.929289321880788 ], [ 20562.099999999998545, 29159.95857864376012 ], [ 20562.099999999998545, 29137.0 ], [ 20562.099518472667114, 29136.990198285966471 ], [ 20562.098078528040787, 29136.980490967798687 ], [ 20562.095694033574546, 29136.970971532275144 ], [ 20562.09238795325291, 29136.961731656763732 ], [ 20562.088192126433569, 29136.952860326317023 ], [ 20562.08314696123125, 29136.944442976699065 ], [ 20562.077301045337663, 29136.93656067158372 ], [ 20562.070710678119212, 29136.929289321880788 ], [ 20562.06343932841628, 29136.922698954662337 ], [ 20562.055557023300935, 29136.91685303876875 ], [ 20562.047139673682977, 29136.911807873566431 ], [ 20562.038268343236268, 29136.90761204674709 ], [ 20562.029028467724856, 29136.904305966425454 ], [ 20562.019509032201313, 29136.901921471959213 ], [ 20562.009801714033529, 29136.900481527332886 ], [ 20562.0, 29136.900000000001455 ], [ 20539.04142135623988, 29136.900000000001455 ], [ 20494.099999999998545, 29091.95857864376012 ], [ 20494.099999999998545, 29069.0 ], [ 20494.099518472667114, 29068.990198285966471 ], [ 20494.098078528040787, 29068.980490967798687 ], [ 20494.095694033574546, 29068.970971532275144 ], [ 20494.09238795325291, 29068.961731656763732 ], [ 20494.088192126433569, 29068.952860326317023 ], [ 20494.08314696123125, 29068.944442976699065 ], [ 20494.077301045337663, 29068.93656067158372 ], [ 20494.070710678119212, 29068.929289321880788 ], [ 20471.070710678119212, 29045.929289321880788 ], [ 20471.069122264598263, 29045.927735814286279 ], [ 20448.0707281353898, 29023.9292718646102 ], [ 20426.072264185713721, 29000.930877735401737 ], [ 20426.064930073833239, 29000.923946824445011 ], [ 20426.056934800282761, 29000.917790338058694 ], [ 20426.048359778316808, 29000.912470965726243 ], [ 20426.039292324570852, 29000.908042872870283 ], [ 20426.029824769953848, 29000.904551149313193 ], [ 20426.020053519478097, 29000.902031350135076 ], [ 20426.010078070587042, 29000.900509133618471 ], [ 20426.0, 29000.900000000001455 ], [ 20403.04142135623988, 29000.900000000001455 ], [ 20380.099999999998545, 28977.95857864376012 ], [ 20380.099999999998545, 28955.0 ], [ 20380.099490866381529, 28954.989921929412958 ], [ 20380.097968649864924, 28954.979946480521903 ], [ 20380.095448850686807, 28954.970175230046152 ], [ 20380.091957127129717, 28954.960707675429148 ], [ 20380.087529034273757, 28954.951640221683192 ], [ 20380.082209661941306, 28954.943065199717239 ], [ 20380.076053175554989, 28954.935069926166761 ], [ 20380.069122264598263, 28954.927735814286279 ], [ 20357.0707281353898, 28932.9292718646102 ], [ 20335.072264185713721, 28909.930877735401737 ], [ 20335.070710678119212, 28909.929289321880788 ], [ 20289.070710678119212, 28863.929289321880788 ], [ 20289.069122264598263, 28863.927735814286279 ], [ 20266.0707281353898, 28841.9292718646102 ], [ 20244.072264185713721, 28818.930877735401737 ], [ 20244.070710678119212, 28818.929289321880788 ], [ 20198.070710678119212, 28772.929289321880788 ], [ 20198.069122264598263, 28772.927735814286279 ], [ 20175.0707281353898, 28750.9292718646102 ], [ 20153.072264185713721, 28727.930877735401737 ], [ 20153.070710678119212, 28727.929289321880788 ], [ 20107.070710678119212, 28681.929289321880788 ], [ 20107.069122264598263, 28681.927735814286279 ], [ 20084.0707281353898, 28659.9292718646102 ], [ 20062.072264185713721, 28636.930877735401737 ], [ 20062.070710678119212, 28636.929289321880788 ], [ 20016.070710678119212, 28590.929289321880788 ], [ 20016.069122264598263, 28590.927735814286279 ], [ 19993.0707281353898, 28568.9292718646102 ], [ 19971.072264185713721, 28545.930877735401737 ], [ 19971.070710678119212, 28545.929289321880788 ], [ 19925.070710678119212, 28499.929289321880788 ], [ 19925.069122264598263, 28499.927735814286279 ], [ 19902.0707281353898, 28477.9292718646102 ], [ 19880.072264185713721, 28454.930877735401737 ], [ 19880.070710678119212, 28454.929289321880788 ], [ 19834.070710678119212, 28408.929289321880788 ], [ 19834.069122264598263, 28408.927735814286279 ], [ 19811.0707281353898, 28386.9292718646102 ], [ 19789.072264185713721, 28363.930877735401737 ], [ 19789.070710678119212, 28363.929289321880788 ], [ 19743.070710678119212, 28317.929289321880788 ], [ 19743.069122264598263, 28317.927735814286279 ], [ 19720.0707281353898, 28295.9292718646102 ], [ 19698.072264185713721, 28272.930877735401737 ], [ 19698.070710678119212, 28272.929289321880788 ], [ 19675.070710678119212, 28249.929289321880788 ], [ 19675.06343932841628, 28249.922698954662337 ], [ 19675.055557023300935, 28249.91685303876875 ], [ 19675.047139673682977, 28249.911807873566431 ], [ 19675.038268343236268, 28249.90761204674709 ], [ 19675.029028467724856, 28249.904305966425454 ], [ 19675.019509032201313, 28249.901921471959213 ], [ 19675.009801714033529, 28249.900481527332886 ], [ 19675.0, 28249.900000000001455 ], [ 19652.04142135623988, 28249.900000000001455 ], [ 19561.099999999998545, 28158.95857864376012 ], [ 19561.099999999998545, 28136.0 ], [ 19561.099490866381529, 28135.989921929412958 ], [ 19561.097968649864924, 28135.979946480521903 ], [ 19561.095448850686807, 28135.970175230046152 ], [ 19561.091957127129717, 28135.960707675429148 ], [ 19561.087529034273757, 28135.951640221683192 ], [ 19561.082209661941306, 28135.943065199717239 ], [ 19561.076053175554989, 28135.935069926166761 ], [ 19561.069122264598263, 28135.927735814286279 ], [ 19538.069122264598263, 28113.927735814286279 ], [ 19538.061924606099637, 28113.921480300818075 ], [ 19538.05416381924806, 28113.915938827725768 ], [ 19538.045910478886071, 28113.911161787902529 ], [ 19538.03723963901939, 28113.907192622675211 ], [ 19538.028230150302988, 28113.904067426730762 ], [ 19538.018963942991832, 28113.901814619894139 ], [ 19538.00952528187554, 28113.900454688682657 ], [ 19538.0, 28113.900000000001455 ], [ 19516.04142135623988, 28113.900000000001455 ], [ 19379.070710678119212, 27976.929289321880788 ], [ 19379.069122264598263, 27976.927735814286279 ], [ 19356.0707281353898, 27954.9292718646102 ], [ 19334.072264185713721, 27931.930877735401737 ], [ 19334.070710678119212, 27931.929289321880788 ], [ 19288.070710678119212, 27885.929289321880788 ], [ 19288.069122264598263, 27885.927735814286279 ], [ 19265.0707281353898, 27863.9292718646102 ], [ 19243.072264185713721, 27840.930877735401737 ], [ 19243.070710678119212, 27840.929289321880788 ], [ 19220.141421356238425, 27818.0 ], [ 19243.04142135623988, 27795.099999999998545 ], [ 19287.95857864376012, 27795.099999999998545 ], [ 19333.929289321880788, 27841.070710678119212 ], [ 19333.93656067158372, 27841.077301045337663 ], [ 19333.944442976699065, 27841.08314696123125 ], [ 19333.952860326317023, 27841.088192126433569 ], [ 19333.961731656763732, 27841.09238795325291 ], [ 19333.970971532275144, 27841.095694033574546 ], [ 19333.980490967798687, 27841.098078528040787 ], [ 19333.990198285966471, 27841.099518472667114 ], [ 19334.0, 27841.099999999998545 ], [ 19356.0, 27841.099999999998545 ], [ 19356.00970957827667, 27841.099527504185971 ], [ 19356.019327401849296, 27841.098114481792436 ], [ 19356.028762583093339, 27841.095774285764492 ], [ 19356.037925960339635, 27841.092529030753212 ], [ 19356.046730940433918, 27841.088409384152328 ], [ 19356.055094317052863, 27841.083454276275006 ], [ 19356.062937056991359, 27841.077710532474157 ], [ 19356.070185047010455, 27841.071232430647797 ], [ 19356.07676979421376, 27841.064081188320415 ], [ 19356.082629073291173, 27841.056324384127947 ], [ 19356.087707514543581, 27841.048035319221526 ], [ 19356.091957127129717, 27841.039292324570852 ], [ 19356.095337752565683, 27841.030178020741005 ], [ 19356.097817444220709, 27841.020778537145816 ], [ 19356.0993727692221, 27841.01118269811559 ], [ 19356.099989029873541, 27841.001481183520809 ], [ 19356.099660402567679, 27840.991765671868052 ], [ 19356.098389992803277, 27840.982127973926254 ], [ 19356.096189805848553, 27840.972659165134246 ], [ 19356.093080633279897, 27840.963448724942282 ], [ 19356.089091856523737, 27840.954583691240259 ], [ 19356.084261169180536, 27840.946147837850731 ], [ 19356.078634220848471, 27840.938220882886526 ], [ 19356.072264185713721, 27840.930877735401737 ], [ 19334.072264185713721, 27817.930877735401737 ], [ 19334.064930073833239, 27817.923946824445011 ], [ 19334.056934800282761, 27817.917790338058694 ], [ 19334.048359778316808, 27817.912470965726243 ], [ 19334.039292324570852, 27817.908042872870283 ], [ 19334.029824769953848, 27817.904551149313193 ], [ 19334.020053519478097, 27817.902031350135076 ], [ 19334.010078070587042, 27817.900509133618471 ], [ 19334.0, 27817.900000000001455 ], [ 19311.04142135623988, 27817.900000000001455 ], [ 19288.070710678119212, 27794.929289321880788 ], [ 19288.06343932841628, 27794.922698954662337 ], [ 19288.055557023300935, 27794.91685303876875 ], [ 19288.047139673682977, 27794.911807873566431 ], [ 19288.038268343236268, 27794.90761204674709 ], [ 19288.029028467724856, 27794.904305966425454 ], [ 19288.019509032201313, 27794.901921471959213 ], [ 19288.009801714033529, 27794.900481527332886 ], [ 19288.0, 27794.900000000001455 ], [ 19197.040125731480657, 27794.900000000001455 ], [ 19174.143010161911661, 27772.998411194326764 ], [ 19197.070710678119212, 27750.070710678119212 ], [ 19197.077301045337663, 27750.06343932841628 ], [ 19197.08314696123125, 27750.055557023300935 ], [ 19197.088192126433569, 27750.047139673682977 ], [ 19197.09238795325291, 27750.038268343236268 ], [ 19197.095694033574546, 27750.029028467724856 ], [ 19197.098078528040787, 27750.019509032201313 ], [ 19197.099518472667114, 27750.009801714033529 ], [ 19197.099999999998545, 27750.0 ], [ 19197.099518472667114, 27749.990198285966471 ], [ 19197.098078528040787, 27749.980490967798687 ], [ 19197.095694033574546, 27749.970971532275144 ], [ 19197.09238795325291, 27749.961731656763732 ], [ 19197.088192126433569, 27749.952860326317023 ], [ 19197.08314696123125, 27749.944442976699065 ], [ 19197.077301045337663, 27749.93656067158372 ], [ 19197.070710678119212, 27749.929289321880788 ], [ 19197.06343932841628, 27749.922698954662337 ], [ 19197.055557023300935, 27749.91685303876875 ], [ 19197.047139673682977, 27749.911807873566431 ], [ 19197.038268343236268, 27749.90761204674709 ], [ 19197.029028467724856, 27749.904305966425454 ], [ 19197.019509032201313, 27749.901921471959213 ], [ 19197.009801714033529, 27749.900481527332886 ], [ 19197.0, 27749.900000000001455 ], [ 19174.04272896054681, 27749.900000000001455 ], [ 19152.072264185713721, 27726.930877735401737 ], [ 19152.070710678119212, 27726.929289321880788 ], [ 19129.070710678119212, 27703.929289321880788 ], [ 19129.069122264598263, 27703.927735814286279 ], [ 19106.069122264598263, 27681.927735814286279 ], [ 19106.061815509237931, 27681.921394384309679 ], [ 19106.05393014582296, 27681.915788721827994 ], [ 19106.045539983257186, 27681.910971297184005 ], [ 19106.036723555480421, 27681.906987202641176 ], [ 19106.027563386385737, 27681.903873730276246 ], [ 19106.018145217352867, 27681.90166002294427 ], [ 19106.008557204717363, 27681.900366801481141 ], [ 19105.998889094586048, 27681.900006170744746 ], [ 19105.989231382794969, 27681.900581506331946 ], [ 19105.979674467856967, 27681.902087422957266 ], [ 19105.970307804789627, 27681.904509824882552 ], [ 19105.961219067823549, 27681.907826037844643 ], [ 19105.952493329721619, 27681.912005021284131 ], [ 19105.944212265490933, 27681.91700765891801 ], [ 19105.936453387890651, 27681.922787124847673 ], [ 19105.929289321880788, 27681.929289321880788 ], [ 19083.998446108867938, 27703.860132534893637 ], [ 19061.099999999998545, 27681.95727103945319 ], [ 19061.099999999998545, 27659.0 ], [ 19061.099518472667114, 27658.990198285966471 ], [ 19061.098078528040787, 27658.980490967798687 ], [ 19061.095694033574546, 27658.970971532275144 ], [ 19061.09238795325291, 27658.961731656763732 ], [ 19061.088192126433569, 27658.952860326317023 ], [ 19061.08314696123125, 27658.944442976699065 ], [ 19061.077301045337663, 27658.93656067158372 ], [ 19061.070710678119212, 27658.929289321880788 ], [ 19061.06343932841628, 27658.922698954662337 ], [ 19061.055557023300935, 27658.91685303876875 ], [ 19061.047139673682977, 27658.911807873566431 ], [ 19061.038268343236268, 27658.90761204674709 ], [ 19061.029028467724856, 27658.904305966425454 ], [ 19061.019509032201313, 27658.901921471959213 ], [ 19061.009801714033529, 27658.900481527332886 ], [ 19061.0, 27658.900000000001455 ], [ 19038.04142135623988, 27658.900000000001455 ], [ 19015.071496255332022, 27635.930074899093597 ], [ 18993.072264185713721, 27612.930877735401737 ], [ 18993.069122264598263, 27612.927735814286279 ], [ 18970.069925100906403, 27590.928503744667978 ], [ 18947.070710678119212, 27567.929289321880788 ], [ 18947.06343932841628, 27567.922698954662337 ], [ 18947.055557023300935, 27567.91685303876875 ], [ 18947.047139673682977, 27567.911807873566431 ], [ 18947.038268343236268, 27567.90761204674709 ], [ 18947.029028467724856, 27567.904305966425454 ], [ 18947.019509032201313, 27567.901921471959213 ], [ 18947.009801714033529, 27567.900481527332886 ], [ 18947.0, 27567.900000000001455 ], [ 18924.04272896054681, 27567.900000000001455 ], [ 18902.072264185713721, 27544.930877735401737 ], [ 18902.070710678119212, 27544.929289321880788 ], [ 18879.070710678119212, 27521.929289321880788 ], [ 18879.069122264598263, 27521.927735814286279 ], [ 18856.069925100906403, 27499.928503744667978 ], [ 18833.071496255332022, 27476.930074899093597 ], [ 18811.072264185713721, 27453.930877735401737 ], [ 18811.070710678119212, 27453.929289321880788 ], [ 18788.070710678119212, 27430.929289321880788 ], [ 18788.06343932841628, 27430.922698954662337 ], [ 18788.055557023300935, 27430.91685303876875 ], [ 18788.047139673682977, 27430.911807873566431 ], [ 18788.038268343236268, 27430.90761204674709 ], [ 18788.029028467724856, 27430.904305966425454 ], [ 18788.019509032201313, 27430.901921471959213 ], [ 18788.009801714033529, 27430.900481527332886 ], [ 18788.0, 27430.900000000001455 ], [ 18765.040125731480657, 27430.900000000001455 ], [ 18742.0707281353898, 27408.9292718646102 ], [ 18720.072264185713721, 27385.930877735401737 ], [ 18720.070710678119212, 27385.929289321880788 ], [ 18674.070710678119212, 27339.929289321880788 ], [ 18674.06343932841628, 27339.922698954662337 ], [ 18674.055557023300935, 27339.91685303876875 ], [ 18674.047139673682977, 27339.911807873566431 ], [ 18674.038268343236268, 27339.90761204674709 ], [ 18674.029028467724856, 27339.904305966425454 ], [ 18674.019509032201313, 27339.901921471959213 ], [ 18674.009801714033529, 27339.900481527332886 ], [ 18674.0, 27339.900000000001455 ], [ 18651.04142135623988, 27339.900000000001455 ], [ 18560.070710678119212, 27248.929289321880788 ], [ 18560.06343932841628, 27248.922698954662337 ], [ 18560.055557023300935, 27248.91685303876875 ], [ 18560.047139673682977, 27248.911807873566431 ], [ 18560.038268343236268, 27248.90761204674709 ], [ 18560.029028467724856, 27248.904305966425454 ], [ 18560.019509032201313, 27248.901921471959213 ], [ 18560.009801714033529, 27248.900481527332886 ], [ 18560.0, 27248.900000000001455 ], [ 18538.040125731480657, 27248.900000000001455 ], [ 18515.069925100906403, 27226.928503744667978 ], [ 18469.071496255332022, 27180.930074899093597 ], [ 18447.072264185713721, 27157.930877735401737 ], [ 18447.064930073833239, 27157.923946824445011 ], [ 18447.056934800282761, 27157.917790338058694 ], [ 18447.048359778316808, 27157.912470965726243 ], [ 18447.039292324570852, 27157.908042872870283 ], [ 18447.029824769953848, 27157.904551149313193 ], [ 18447.020053519478097, 27157.902031350135076 ], [ 18447.010078070587042, 27157.900509133618471 ], [ 18447.0, 27157.900000000001455 ], [ 18424.040125731480657, 27157.900000000001455 ], [ 18401.069925100906403, 27135.928503744667978 ], [ 18378.070710678119212, 27112.929289321880788 ], [ 18378.06343932841628, 27112.922698954662337 ], [ 18378.055557023300935, 27112.91685303876875 ], [ 18378.047139673682977, 27112.911807873566431 ], [ 18378.038268343236268, 27112.90761204674709 ], [ 18378.029028467724856, 27112.904305966425454 ], [ 18378.019509032201313, 27112.901921471959213 ], [ 18378.009801714033529, 27112.900481527332886 ], [ 18378.0, 27112.900000000001455 ], [ 18356.04142135623988, 27112.900000000001455 ], [ 18310.070710678119212, 27066.929289321880788 ], [ 18310.069122264598263, 27066.927735814286279 ], [ 18287.0707281353898, 27044.9292718646102 ], [ 18265.072264185713721, 27021.930877735401737 ], [ 18265.070710678119212, 27021.929289321880788 ], [ 18219.070710678119212, 26975.929289321880788 ], [ 18219.069122264598263, 26975.927735814286279 ], [ 18196.0707281353898, 26953.9292718646102 ], [ 18174.072264185713721, 26930.930877735401737 ], [ 18174.064930073833239, 26930.923946824445011 ], [ 18174.056934800282761, 26930.917790338058694 ], [ 18174.048359778316808, 26930.912470965726243 ], [ 18174.039292324570852, 26930.908042872870283 ], [ 18174.029824769953848, 26930.904551149313193 ], [ 18174.020053519478097, 26930.902031350135076 ], [ 18174.010078070587042, 26930.900509133618471 ], [ 18174.0, 26930.900000000001455 ], [ 18151.04142135623988, 26930.900000000001455 ], [ 18105.070710678119212, 26884.929289321880788 ], [ 18105.06343932841628, 26884.922698954662337 ], [ 18105.055557023300935, 26884.91685303876875 ], [ 18105.047139673682977, 26884.911807873566431 ], [ 18105.038268343236268, 26884.90761204674709 ], [ 18105.029028467724856, 26884.904305966425454 ], [ 18105.019509032201313, 26884.901921471959213 ], [ 18105.009801714033529, 26884.900481527332886 ], [ 18105.0, 26884.900000000001455 ], [ 18083.040125731480657, 26884.900000000001455 ], [ 18060.069925100906403, 26862.928503744667978 ], [ 18014.070710678119212, 26816.929289321880788 ], [ 18014.06343932841628, 26816.922698954662337 ], [ 18014.055557023300935, 26816.91685303876875 ], [ 18014.047139673682977, 26816.911807873566431 ], [ 18014.038268343236268, 26816.90761204674709 ], [ 18014.029028467724856, 26816.904305966425454 ], [ 18014.019509032201313, 26816.901921471959213 ], [ 18014.009801714033529, 26816.900481527332886 ], [ 18014.0, 26816.900000000001455 ], [ 17992.04142135623988, 26816.900000000001455 ], [ 17969.070710678119212, 26793.929289321880788 ], [ 17969.069122264598263, 26793.927735814286279 ], [ 17946.069925100906403, 26771.928503744667978 ], [ 17923.071496255332022, 26748.930074899093597 ], [ 17901.072264185713721, 26725.930877735401737 ], [ 17901.070710678119212, 26725.929289321880788 ], [ 17878.070710678119212, 26702.929289321880788 ], [ 17878.06343932841628, 26702.922698954662337 ], [ 17878.055557023300935, 26702.91685303876875 ], [ 17878.047139673682977, 26702.911807873566431 ], [ 17878.038268343236268, 26702.90761204674709 ], [ 17878.029028467724856, 26702.904305966425454 ], [ 17878.019509032201313, 26702.901921471959213 ], [ 17878.009801714033529, 26702.900481527332886 ], [ 17878.0, 26702.900000000001455 ], [ 17855.040125731480657, 26702.900000000001455 ], [ 17832.0707281353898, 26680.9292718646102 ], [ 17810.072264185713721, 26657.930877735401737 ], [ 17810.070710678119212, 26657.929289321880788 ], [ 17787.070710678119212, 26634.929289321880788 ], [ 17787.06343932841628, 26634.922698954662337 ], [ 17787.055557023300935, 26634.91685303876875 ], [ 17787.047139673682977, 26634.911807873566431 ], [ 17787.038268343236268, 26634.90761204674709 ], [ 17787.029028467724856, 26634.904305966425454 ], [ 17787.019509032201313, 26634.901921471959213 ], [ 17787.009801714033529, 26634.900481527332886 ], [ 17787.0, 26634.900000000001455 ], [ 17764.04142135623988, 26634.900000000001455 ], [ 17719.070710678119212, 26589.929289321880788 ], [ 17719.06343932841628, 26589.922698954662337 ], [ 17719.055557023300935, 26589.91685303876875 ], [ 17719.047139673682977, 26589.911807873566431 ], [ 17719.038268343236268, 26589.90761204674709 ], [ 17719.029028467724856, 26589.904305966425454 ], [ 17719.019509032201313, 26589.901921471959213 ], [ 17719.009801714033529, 26589.900481527332886 ], [ 17719.0, 26589.900000000001455 ], [ 17696.04142135623988, 26589.900000000001455 ], [ 17673.099999999998545, 26566.95857864376012 ], [ 17673.099999999998545, 26544.0 ], [ 17673.099545311317343, 26543.99047471812446 ], [ 17673.098185380105861, 26543.981036057008168 ], [ 17673.095932573269238, 26543.971769849697012 ], [ 17673.092807377324789, 26543.96276036098061 ], [ 17673.088838212097471, 26543.954089521113929 ], [ 17673.084061172274232, 26543.94583618075194 ], [ 17673.078519699181925, 26543.938075393900363 ], [ 17673.072264185713721, 26543.930877735401737 ], [ 17651.072264185713721, 26520.930877735401737 ], [ 17651.069122264598263, 26520.927735814286279 ], [ 17628.069925100906403, 26498.928503744667978 ], [ 17582.070710678119212, 26452.929289321880788 ], [ 17582.06343932841628, 26452.922698954662337 ], [ 17582.055557023300935, 26452.91685303876875 ], [ 17582.047139673682977, 26452.911807873566431 ], [ 17582.038268343236268, 26452.90761204674709 ], [ 17582.029028467724856, 26452.904305966425454 ], [ 17582.019509032201313, 26452.901921471959213 ], [ 17582.009801714033529, 26452.900481527332886 ], [ 17582.0, 26452.900000000001455 ], [ 17560.040125731480657, 26452.900000000001455 ], [ 17537.099999999998545, 26430.95727103945319 ], [ 17537.099999999998545, 26408.0 ], [ 17537.099518472667114, 26407.990198285966471 ], [ 17537.098078528040787, 26407.980490967798687 ], [ 17537.095694033574546, 26407.970971532275144 ], [ 17537.09238795325291, 26407.961731656763732 ], [ 17537.088192126433569, 26407.952860326317023 ], [ 17537.08314696123125, 26407.944442976699065 ], [ 17537.077301045337663, 26407.93656067158372 ], [ 17537.070710678119212, 26407.929289321880788 ], [ 17514.070710678119212, 26384.929289321880788 ], [ 17514.06343932841628, 26384.922698954662337 ], [ 17514.055557023300935, 26384.91685303876875 ], [ 17514.047139673682977, 26384.911807873566431 ], [ 17514.038268343236268, 26384.90761204674709 ], [ 17514.029028467724856, 26384.904305966425454 ], [ 17514.019509032201313, 26384.901921471959213 ], [ 17514.009801714033529, 26384.900481527332886 ], [ 17514.0, 26384.900000000001455 ], [ 17491.04272896054681, 26384.900000000001455 ], [ 17469.099999999998545, 26361.959874268519343 ], [ 17469.099999999998545, 26340.0 ], [ 17469.099518472667114, 26339.990198285966471 ], [ 17469.098078528040787, 26339.980490967798687 ], [ 17469.095694033574546, 26339.970971532275144 ], [ 17469.09238795325291, 26339.961731656763732 ], [ 17469.088192126433569, 26339.952860326317023 ], [ 17469.08314696123125, 26339.944442976699065 ], [ 17469.077301045337663, 26339.93656067158372 ], [ 17469.070710678119212, 26339.929289321880788 ], [ 17469.06343932841628, 26339.922698954662337 ], [ 17469.055557023300935, 26339.91685303876875 ], [ 17469.047139673682977, 26339.911807873566431 ], [ 17469.038268343236268, 26339.90761204674709 ], [ 17469.029028467724856, 26339.904305966425454 ], [ 17469.019509032201313, 26339.901921471959213 ], [ 17469.009801714033529, 26339.900481527332886 ], [ 17469.0, 26339.900000000001455 ], [ 17446.04142135623988, 26339.900000000001455 ], [ 17400.071496255332022, 26293.930074899093597 ], [ 17378.072264185713721, 26270.930877735401737 ], [ 17378.069122264598263, 26270.927735814286279 ], [ 17355.069925100906403, 26248.928503744667978 ], [ 17309.071496255332022, 26202.930074899093597 ], [ 17287.072264185713721, 26179.930877735401737 ], [ 17287.069122264598263, 26179.927735814286279 ], [ 17264.069925100906403, 26157.928503744667978 ], [ 17241.070710678119212, 26134.929289321880788 ], [ 17241.06343932841628, 26134.922698954662337 ], [ 17241.055557023300935, 26134.91685303876875 ], [ 17241.047139673682977, 26134.911807873566431 ], [ 17241.038268343236268, 26134.90761204674709 ], [ 17241.029028467724856, 26134.904305966425454 ], [ 17241.019509032201313, 26134.901921471959213 ], [ 17241.009801714033529, 26134.900481527332886 ], [ 17241.0, 26134.900000000001455 ], [ 17218.04272896054681, 26134.900000000001455 ], [ 17196.072264185713721, 26111.930877735401737 ], [ 17196.070710678119212, 26111.929289321880788 ], [ 17173.070710678119212, 26088.929289321880788 ], [ 17173.069122264598263, 26088.927735814286279 ], [ 17150.069925100906403, 26066.928503744667978 ], [ 17127.071496255332022, 26043.930074899093597 ], [ 17105.072264185713721, 26020.930877735401737 ], [ 17105.064930073833239, 26020.923946824445011 ], [ 17105.056934800282761, 26020.917790338058694 ], [ 17105.048359778316808, 26020.912470965726243 ], [ 17105.039292324570852, 26020.908042872870283 ], [ 17105.029824769953848, 26020.904551149313193 ], [ 17105.020053519478097, 26020.902031350135076 ], [ 17105.010078070587042, 26020.900509133618471 ], [ 17105.0, 26020.900000000001455 ], [ 17082.04142135623988, 26020.900000000001455 ], [ 17059.070710678119212, 25997.929289321880788 ], [ 17059.069122264598263, 25997.927735814286279 ], [ 17036.0707281353898, 25975.9292718646102 ], [ 17014.072264185713721, 25952.930877735401737 ], [ 17014.064930073833239, 25952.923946824445011 ], [ 17014.056934800282761, 25952.917790338058694 ], [ 17014.048359778316808, 25952.912470965726243 ], [ 17014.039292324570852, 25952.908042872870283 ], [ 17014.029824769953848, 25952.904551149313193 ], [ 17014.020053519478097, 25952.902031350135076 ], [ 17014.010078070587042, 25952.900509133618471 ], [ 17014.0, 25952.900000000001455 ], [ 16991.04142135623988, 25952.900000000001455 ], [ 16900.070710678119212, 25861.929289321880788 ], [ 16900.06343932841628, 25861.922698954662337 ], [ 16900.055557023300935, 25861.91685303876875 ], [ 16900.047139673682977, 25861.911807873566431 ], [ 16900.038268343236268, 25861.90761204674709 ], [ 16900.029028467724856, 25861.904305966425454 ], [ 16900.019509032201313, 25861.901921471959213 ], [ 16900.009801714033529, 25861.900481527332886 ], [ 16900.0, 25861.900000000001455 ], [ 16877.04142135623988, 25861.900000000001455 ], [ 16854.071496255332022, 25838.930074899093597 ], [ 16832.072264185713721, 25815.930877735401737 ], [ 16832.064930073833239, 25815.923946824445011 ], [ 16832.056934800282761, 25815.917790338058694 ], [ 16832.048359778316808, 25815.912470965726243 ], [ 16832.039292324570852, 25815.908042872870283 ], [ 16832.029824769953848, 25815.904551149313193 ], [ 16832.020053519478097, 25815.902031350135076 ], [ 16832.010078070587042, 25815.900509133618471 ], [ 16832.0, 25815.900000000001455 ], [ 16809.040125731480657, 25815.900000000001455 ], [ 16786.069925100906403, 25793.928503744667978 ], [ 16763.071496255332022, 25770.930074899093597 ], [ 16741.072264185713721, 25747.930877735401737 ], [ 16741.070710678119212, 25747.929289321880788 ], [ 16718.070710678119212, 25724.929289321880788 ], [ 16718.069122264598263, 25724.927735814286279 ], [ 16695.069925100906403, 25702.928503744667978 ], [ 16672.071496255332022, 25679.930074899093597 ], [ 16650.072264185713721, 25656.930877735401737 ], [ 16650.070710678119212, 25656.929289321880788 ], [ 16627.070710678119212, 25633.929289321880788 ], [ 16627.069122264598263, 25633.927735814286279 ], [ 16604.069925100906403, 25611.928503744667978 ], [ 16581.071496255332022, 25588.930074899093597 ], [ 16559.072264185713721, 25565.930877735401737 ], [ 16559.070710678119212, 25565.929289321880788 ], [ 16536.070710678119212, 25542.929289321880788 ], [ 16536.069122264598263, 25542.927735814286279 ], [ 16513.069925100906403, 25520.928503744667978 ], [ 16490.071496255332022, 25497.930074899093597 ], [ 16468.072264185713721, 25474.930877735401737 ], [ 16468.070710678119212, 25474.929289321880788 ], [ 16445.070710678119212, 25451.929289321880788 ], [ 16445.069122264598263, 25451.927735814286279 ], [ 16422.069925100906403, 25429.928503744667978 ], [ 16399.071496255332022, 25406.930074899093597 ], [ 16377.072264185715539, 25383.930877735401737 ], [ 16377.064930073833239, 25383.923946824445011 ], [ 16377.05693480028458, 25383.917790338058694 ], [ 16377.048359778316808, 25383.912470965726243 ], [ 16377.039292324570852, 25383.908042872870283 ], [ 16377.029824769955667, 25383.904551149316831 ], [ 16377.020053519479916, 25383.902031350135076 ], [ 16377.010078070585223, 25383.900509133618471 ], [ 16377.0, 25383.900000000001455 ], [ 16354.04142135623988, 25383.900000000001455 ], [ 16331.070710678119212, 25360.929289321880788 ], [ 16331.069122264596444, 25360.927735814286279 ], [ 16308.070728135431636, 25338.929271864650218 ], [ 16286.072264185715539, 25315.930877735401737 ], [ 16286.070710678119212, 25315.929289321880788 ], [ 16263.141421356238425, 25293.0 ], [ 16286.04142135623988, 25270.099999999998545 ], [ 16307.95857864376012, 25270.099999999998545 ], [ 16376.929289321880788, 25339.070710678119212 ], [ 16376.93656067158372, 25339.077301045337663 ], [ 16376.944442976697246, 25339.08314696123125 ], [ 16376.952860326317023, 25339.088192126433569 ], [ 16376.961731656763732, 25339.09238795325291 ], [ 16376.970971532275144, 25339.095694033574546 ], [ 16376.980490967798687, 25339.098078528040787 ], [ 16376.990198285966471, 25339.099518472667114 ], [ 16377.0, 25339.099999999998545 ], [ 16398.959874268519343, 25339.099999999998545 ], [ 16421.930877735401737, 25361.072264185713721 ], [ 16421.938075393900363, 25361.078519699181925 ], [ 16421.94583618075194, 25361.084061172274232 ], [ 16421.954089521113929, 25361.088838212097471 ], [ 16421.96276036098061, 25361.092807377324789 ], [ 16421.971769849697012, 25361.095932573269238 ], [ 16421.981036057008168, 25361.098185380105861 ], [ 16421.99047471812446, 25361.099545311317343 ], [ 16422.0, 25361.099999999998545 ], [ 16444.95857864376012, 25361.099999999998545 ], [ 16467.928503744667978, 25384.069925100906403 ], [ 16489.927735814286279, 25407.069122264598263 ], [ 16489.929289321880788, 25407.070710678119212 ], [ 16512.929289321880788, 25430.070710678119212 ], [ 16512.93656067158372, 25430.077301045337663 ], [ 16512.944442976699065, 25430.08314696123125 ], [ 16512.952860326317023, 25430.088192126433569 ], [ 16512.961731656763732, 25430.09238795325291 ], [ 16512.970971532275144, 25430.095694033574546 ], [ 16512.980490967798687, 25430.098078528040787 ], [ 16512.990198285966471, 25430.099518472667114 ], [ 16513.0, 25430.099999999998545 ], [ 16535.959874268519343, 25430.099999999998545 ], [ 16558.9292718646102, 25452.0707281353898 ], [ 16580.927735814286279, 25475.069122264598263 ], [ 16580.929289321880788, 25475.070710678119212 ], [ 16603.929289321880788, 25498.070710678119212 ], [ 16603.93656067158372, 25498.077301045337663 ], [ 16603.944442976699065, 25498.08314696123125 ], [ 16603.952860326317023, 25498.088192126433569 ], [ 16603.961731656763732, 25498.09238795325291 ], [ 16603.970971532275144, 25498.095694033574546 ], [ 16603.980490967798687, 25498.098078528040787 ], [ 16603.990198285966471, 25498.099518472667114 ], [ 16604.0, 25498.099999999998545 ], [ 16626.95857864376012, 25498.099999999998545 ], [ 16740.929289321880788, 25612.070710678119212 ], [ 16740.93656067158372, 25612.077301045337663 ], [ 16740.944442976699065, 25612.08314696123125 ], [ 16740.952860326317023, 25612.088192126433569 ], [ 16740.961731656763732, 25612.09238795325291 ], [ 16740.970971532275144, 25612.095694033574546 ], [ 16740.980490967798687, 25612.098078528040787 ], [ 16740.990198285966471, 25612.099518472667114 ], [ 16741.0, 25612.099999999998545 ], [ 16762.959874268519343, 25612.099999999998545 ], [ 16785.930074899093597, 25634.071496255332022 ], [ 16831.929289321880788, 25680.070710678119212 ], [ 16831.93656067158372, 25680.077301045337663 ], [ 16831.944442976699065, 25680.08314696123125 ], [ 16831.952860326317023, 25680.088192126433569 ], [ 16831.961731656763732, 25680.09238795325291 ], [ 16831.970971532275144, 25680.095694033574546 ], [ 16831.980490967798687, 25680.098078528040787 ], [ 16831.990198285966471, 25680.099518472667114 ], [ 16832.0, 25680.099999999998545 ], [ 16853.95857864376012, 25680.099999999998545 ], [ 16876.929289321880788, 25703.070710678119212 ], [ 16876.930877735401737, 25703.072264185713721 ], [ 16899.930877735401737, 25725.072264185713721 ], [ 16899.938075393900363, 25725.078519699181925 ], [ 16899.94583618075194, 25725.084061172274232 ], [ 16899.954089521113929, 25725.088838212097471 ], [ 16899.96276036098061, 25725.092807377324789 ], [ 16899.971769849697012, 25725.095932573269238 ], [ 16899.981036057008168, 25725.098185380105861 ], [ 16899.99047471812446, 25725.099545311317343 ], [ 16900.0, 25725.099999999998545 ], [ 16922.95727103945319, 25725.099999999998545 ], [ 16944.927735814286279, 25748.069122264598263 ], [ 16944.929289321880788, 25748.070710678119212 ], [ 16990.929289321880788, 25794.070710678119212 ], [ 16990.93656067158372, 25794.077301045337663 ], [ 16990.944442976699065, 25794.08314696123125 ], [ 16990.952860326317023, 25794.088192126433569 ], [ 16990.961731656763732, 25794.09238795325291 ], [ 16990.970971532275144, 25794.095694033574546 ], [ 16990.980490967798687, 25794.098078528040787 ], [ 16990.990198285966471, 25794.099518472667114 ], [ 16991.0, 25794.099999999998545 ], [ 17013.95857864376012, 25794.099999999998545 ], [ 17058.929289321880788, 25839.070710678119212 ], [ 17058.93656067158372, 25839.077301045337663 ], [ 17058.944442976699065, 25839.08314696123125 ], [ 17058.952860326317023, 25839.088192126433569 ], [ 17058.961731656763732, 25839.09238795325291 ], [ 17058.970971532275144, 25839.095694033574546 ], [ 17058.980490967798687, 25839.098078528040787 ], [ 17058.990198285966471, 25839.099518472667114 ], [ 17059.0, 25839.099999999998545 ], [ 17081.95857864376012, 25839.099999999998545 ], [ 17104.928503744667978, 25862.069925100906403 ], [ 17126.927735814286279, 25885.069122264598263 ], [ 17126.930877735401737, 25885.072264185713721 ], [ 17149.930877735401737, 25907.072264185713721 ], [ 17149.938075393900363, 25907.078519699181925 ], [ 17149.94583618075194, 25907.084061172274232 ], [ 17149.954089521113929, 25907.088838212097471 ], [ 17149.96276036098061, 25907.092807377324789 ], [ 17149.971769849697012, 25907.095932573269238 ], [ 17149.981036057008168, 25907.098185380105861 ], [ 17149.99047471812446, 25907.099545311317343 ], [ 17150.0, 25907.099999999998545 ], [ 17172.95857864376012, 25907.099999999998545 ], [ 17195.928503744667978, 25930.069925100906403 ], [ 17217.927735814286279, 25953.069122264598263 ], [ 17217.935069926166761, 25953.076053175554989 ], [ 17217.943065199717239, 25953.082209661941306 ], [ 17217.951640221683192, 25953.087529034273757 ], [ 17217.960707675429148, 25953.091957127129717 ], [ 17217.970175230046152, 25953.095448850686807 ], [ 17217.979946480521903, 25953.097968649864924 ], [ 17217.989921929412958, 25953.099490866381529 ], [ 17218.0, 25953.099999999998545 ], [ 17240.95857864376012, 25953.099999999998545 ], [ 17263.929289321880788, 25976.070710678119212 ], [ 17263.930877735401737, 25976.072264185713721 ], [ 17286.930877735401737, 25998.072264185713721 ], [ 17286.938075393900363, 25998.078519699181925 ], [ 17286.94583618075194, 25998.084061172274232 ], [ 17286.954089521113929, 25998.088838212097471 ], [ 17286.96276036098061, 25998.092807377324789 ], [ 17286.971769849697012, 25998.095932573269238 ], [ 17286.981036057008168, 25998.098185380105861 ], [ 17286.99047471812446, 25998.099545311317343 ], [ 17287.0, 25998.099999999998545 ], [ 17308.95857864376012, 25998.099999999998545 ], [ 17399.929289321880788, 26089.070710678119212 ], [ 17399.93656067158372, 26089.077301045337663 ], [ 17399.944442976699065, 26089.08314696123125 ], [ 17399.952860326317023, 26089.088192126433569 ], [ 17399.961731656763732, 26089.09238795325291 ], [ 17399.970971532275144, 26089.095694033574546 ], [ 17399.980490967798687, 26089.098078528040787 ], [ 17399.990198285966471, 26089.099518472667114 ], [ 17400.0, 26089.099999999998545 ], [ 17422.95857864376012, 26089.099999999998545 ], [ 17468.928503744667978, 26135.069925100906403 ], [ 17490.927735814286279, 26158.069122264598263 ], [ 17490.935069926166761, 26158.076053175554989 ], [ 17490.943065199717239, 26158.082209661941306 ], [ 17490.951640221683192, 26158.087529034273757 ], [ 17490.960707675429148, 26158.091957127129717 ], [ 17490.970175230046152, 26158.095448850686807 ], [ 17490.979946480521903, 26158.097968649864924 ], [ 17490.989921929412958, 26158.099490866381529 ], [ 17491.0, 26158.099999999998545 ], [ 17513.959874268519343, 26158.099999999998545 ], [ 17536.930074899093597, 26180.071496255332022 ], [ 17559.928503744667978, 26203.069925100906403 ], [ 17581.927735814286279, 26226.069122264598263 ], [ 17581.935069926166761, 26226.076053175554989 ], [ 17581.943065199717239, 26226.082209661941306 ], [ 17581.951640221683192, 26226.087529034273757 ], [ 17581.960707675429148, 26226.091957127129717 ], [ 17581.970175230046152, 26226.095448850686807 ], [ 17581.979946480521903, 26226.097968649864924 ], [ 17581.989921929412958, 26226.099490866381529 ], [ 17582.0, 26226.099999999998545 ], [ 17604.95857864376012, 26226.099999999998545 ], [ 17627.929289321880788, 26249.070710678119212 ], [ 17627.930877735401737, 26249.072264185713721 ], [ 17650.9292718646102, 26271.0707281353898 ], [ 17672.927735814286279, 26294.069122264598263 ], [ 17672.935069926166761, 26294.076053175554989 ], [ 17672.943065199717239, 26294.082209661941306 ], [ 17672.951640221683192, 26294.087529034273757 ], [ 17672.960707675429148, 26294.091957127129717 ], [ 17672.970175230046152, 26294.095448850686807 ], [ 17672.979946480521903, 26294.097968649864924 ], [ 17672.989921929412958, 26294.099490866381529 ], [ 17673.0, 26294.099999999998545 ], [ 17695.95857864376012, 26294.099999999998545 ], [ 17718.928503744667978, 26317.069925100906403 ], [ 17740.927735814286279, 26340.069122264598263 ], [ 17740.930877735401737, 26340.072264185713721 ], [ 17763.930074899093597, 26362.071496255332022 ], [ 17786.929289321880788, 26385.070710678119212 ], [ 17786.93656067158372, 26385.077301045337663 ], [ 17786.944442976699065, 26385.08314696123125 ], [ 17786.952860326317023, 26385.088192126433569 ], [ 17786.961731656763732, 26385.09238795325291 ], [ 17786.970971532275144, 26385.095694033574546 ], [ 17786.980490967798687, 26385.098078528040787 ], [ 17786.990198285966471, 26385.099518472667114 ], [ 17787.0, 26385.099999999998545 ], [ 17809.95727103945319, 26385.099999999998545 ], [ 17831.927735814286279, 26408.069122264598263 ], [ 17831.929289321880788, 26408.070710678119212 ], [ 17854.929289321880788, 26431.070710678119212 ], [ 17854.930877735401737, 26431.072264185713721 ], [ 17877.930877735401737, 26453.072264185713721 ], [ 17877.938075393900363, 26453.078519699181925 ], [ 17877.94583618075194, 26453.084061172274232 ], [ 17877.954089521113929, 26453.088838212097471 ], [ 17877.96276036098061, 26453.092807377324789 ], [ 17877.971769849697012, 26453.095932573269238 ], [ 17877.981036057008168, 26453.098185380105861 ], [ 17877.99047471812446, 26453.099545311317343 ], [ 17878.0, 26453.099999999998545 ], [ 17900.95727103945319, 26453.099999999998545 ], [ 17922.927735814286279, 26476.069122264598263 ], [ 17922.929289321880788, 26476.070710678119212 ], [ 17945.929289321880788, 26499.070710678119212 ], [ 17945.930877735401737, 26499.072264185713721 ], [ 17968.930074899093597, 26521.071496255332022 ], [ 17991.929289321880788, 26544.070710678119212 ], [ 17991.93656067158372, 26544.077301045337663 ], [ 17991.944442976699065, 26544.08314696123125 ], [ 17991.952860326317023, 26544.088192126433569 ], [ 17991.961731656763732, 26544.09238795325291 ], [ 17991.970971532275144, 26544.095694033574546 ], [ 17991.980490967798687, 26544.098078528040787 ], [ 17991.990198285966471, 26544.099518472667114 ], [ 17992.0, 26544.099999999998545 ], [ 18013.95857864376012, 26544.099999999998545 ], [ 18059.929289321880788, 26590.070710678119212 ], [ 18059.930877735401737, 26590.072264185713721 ], [ 18082.930877735401737, 26612.072264185713721 ], [ 18082.938075393900363, 26612.078519699181925 ], [ 18082.94583618075194, 26612.084061172274232 ], [ 18082.954089521113929, 26612.088838212097471 ], [ 18082.96276036098061, 26612.092807377324789 ], [ 18082.971769849697012, 26612.095932573269238 ], [ 18082.981036057008168, 26612.098185380105861 ], [ 18082.99047471812446, 26612.099545311317343 ], [ 18083.0, 26612.099999999998545 ], [ 18104.95857864376012, 26612.099999999998545 ], [ 18195.929289321880788, 26703.070710678119212 ], [ 18195.93656067158372, 26703.077301045337663 ], [ 18195.944442976699065, 26703.08314696123125 ], [ 18195.952860326317023, 26703.088192126433569 ], [ 18195.961731656763732, 26703.09238795325291 ], [ 18195.970971532275144, 26703.095694033574546 ], [ 18195.980490967798687, 26703.098078528040787 ], [ 18195.990198285966471, 26703.099518472667114 ], [ 18196.0, 26703.099999999998545 ], [ 18218.95857864376012, 26703.099999999998545 ], [ 18264.928503744667978, 26749.069925100906403 ], [ 18286.927735814286279, 26772.069122264598263 ], [ 18286.930877735401737, 26772.072264185713721 ], [ 18309.930074899093597, 26794.071496255332022 ], [ 18332.929289321880788, 26817.070710678119212 ], [ 18332.93656067158372, 26817.077301045337663 ], [ 18332.944442976699065, 26817.08314696123125 ], [ 18332.952860326317023, 26817.088192126433569 ], [ 18332.961731656763732, 26817.09238795325291 ], [ 18332.970971532275144, 26817.095694033574546 ], [ 18332.980490967798687, 26817.098078528040787 ], [ 18332.990198285966471, 26817.099518472667114 ], [ 18333.0, 26817.099999999998545 ], [ 18355.95727103945319, 26817.099999999998545 ], [ 18377.927735814286279, 26840.069122264598263 ], [ 18377.929289321880788, 26840.070710678119212 ], [ 18400.929289321880788, 26863.070710678119212 ], [ 18400.930877735401737, 26863.072264185713721 ], [ 18423.930074899093597, 26885.071496255332022 ], [ 18446.928503744667978, 26908.069925100906403 ], [ 18468.927735814286279, 26931.069122264598263 ], [ 18468.935069926166761, 26931.076053175554989 ], [ 18468.943065199717239, 26931.082209661941306 ], [ 18468.951640221683192, 26931.087529034273757 ], [ 18468.960707675429148, 26931.091957127129717 ], [ 18468.970175230046152, 26931.095448850686807 ], [ 18468.979946480521903, 26931.097968649864924 ], [ 18468.989921929412958, 26931.099490866381529 ], [ 18469.0, 26931.099999999998545 ], [ 18491.95857864376012, 26931.099999999998545 ], [ 18514.929289321880788, 26954.070710678119212 ], [ 18514.930877735401737, 26954.072264185713721 ], [ 18537.9292718646102, 26976.0707281353898 ], [ 18559.927735814286279, 26999.069122264598263 ], [ 18559.929289321880788, 26999.070710678119212 ], [ 18605.929289321880788, 27045.070710678119212 ], [ 18605.93656067158372, 27045.077301045337663 ], [ 18605.944442976699065, 27045.08314696123125 ], [ 18605.952860326317023, 27045.088192126433569 ], [ 18605.961731656763732, 27045.09238795325291 ], [ 18605.970971532275144, 27045.095694033574546 ], [ 18605.980490967798687, 27045.098078528040787 ], [ 18605.990198285966471, 27045.099518472667114 ], [ 18606.0, 27045.099999999998545 ], [ 18628.95857864376012, 27045.099999999998545 ], [ 18696.929289321880788, 27113.070710678119212 ], [ 18696.93656067158372, 27113.077301045337663 ], [ 18696.944442976699065, 27113.08314696123125 ], [ 18696.952860326317023, 27113.088192126433569 ], [ 18696.961731656763732, 27113.09238795325291 ], [ 18696.970971532275144, 27113.095694033574546 ], [ 18696.980490967798687, 27113.098078528040787 ], [ 18696.990198285966471, 27113.099518472667114 ], [ 18697.0, 27113.099999999998545 ], [ 18719.95727103945319, 27113.099999999998545 ], [ 18741.927735814286279, 27136.069122264598263 ], [ 18741.930877735401737, 27136.072264185713721 ], [ 18764.930074899093597, 27158.071496255332022 ], [ 18810.928503744667978, 27204.069925100906403 ], [ 18832.927735814286279, 27227.069122264598263 ], [ 18832.930877735401737, 27227.072264185713721 ], [ 18855.930877735401737, 27249.072264185713721 ], [ 18855.938075393900363, 27249.078519699181925 ], [ 18855.94583618075194, 27249.084061172274232 ], [ 18855.954089521113929, 27249.088838212097471 ], [ 18855.96276036098061, 27249.092807377324789 ], [ 18855.971769849697012, 27249.095932573269238 ], [ 18855.981036057008168, 27249.098185380105861 ], [ 18855.99047471812446, 27249.099545311317343 ], [ 18856.0, 27249.099999999998545 ], [ 18878.95857864376012, 27249.099999999998545 ], [ 18901.929289321880788, 27272.070710678119212 ], [ 18901.93656067158372, 27272.077301045337663 ], [ 18901.944442976699065, 27272.08314696123125 ], [ 18901.952860326317023, 27272.088192126433569 ], [ 18901.961731656763732, 27272.09238795325291 ], [ 18901.970971532275144, 27272.095694033574546 ], [ 18901.980490967798687, 27272.098078528040787 ], [ 18901.990198285966471, 27272.099518472667114 ], [ 18902.0, 27272.099999999998545 ], [ 18923.95857864376012, 27272.099999999998545 ], [ 18969.929289321880788, 27318.070710678119212 ], [ 18969.930877735401737, 27318.072264185713721 ], [ 18992.930877735401737, 27340.072264185713721 ], [ 18992.938075393900363, 27340.078519699181925 ], [ 18992.94583618075194, 27340.084061172274232 ], [ 18992.954089521113929, 27340.088838212097471 ], [ 18992.96276036098061, 27340.092807377324789 ], [ 18992.971769849697012, 27340.095932573269238 ], [ 18992.981036057008168, 27340.098185380105861 ], [ 18992.99047471812446, 27340.099545311317343 ], [ 18993.0, 27340.099999999998545 ], [ 19014.95857864376012, 27340.099999999998545 ], [ 19060.929289321880788, 27386.070710678119212 ], [ 19060.93656067158372, 27386.077301045337663 ], [ 19060.944442976699065, 27386.08314696123125 ], [ 19060.952860326317023, 27386.088192126433569 ], [ 19060.961731656763732, 27386.09238795325291 ], [ 19060.970971532275144, 27386.095694033574546 ], [ 19060.980490967798687, 27386.098078528040787 ], [ 19060.990198285966471, 27386.099518472667114 ], [ 19061.0, 27386.099999999998545 ], [ 19083.95727103945319, 27386.099999999998545 ], [ 19105.927735814286279, 27409.069122264598263 ], [ 19105.930877735401737, 27409.072264185713721 ], [ 19128.930074899093597, 27431.071496255332022 ], [ 19151.928503744667978, 27454.069925100906403 ], [ 19173.927735814286279, 27477.069122264598263 ], [ 19173.929289321880788, 27477.070710678119212 ], [ 19196.929289321880788, 27500.070710678119212 ], [ 19196.930877735401737, 27500.072264185713721 ], [ 19219.930877735401737, 27522.072264185713721 ], [ 19219.938075393900363, 27522.078519699181925 ], [ 19219.94583618075194, 27522.084061172274232 ], [ 19219.954089521113929, 27522.088838212097471 ], [ 19219.96276036098061, 27522.092807377324789 ], [ 19219.971769849697012, 27522.095932573269238 ], [ 19219.981036057008168, 27522.098185380105861 ], [ 19219.99047471812446, 27522.099545311317343 ], [ 19220.0, 27522.099999999998545 ], [ 19242.95727103945319, 27522.099999999998545 ], [ 19264.927735814286279, 27545.069122264598263 ], [ 19264.929289321880788, 27545.070710678119212 ], [ 19310.900000000001455, 27591.04142135623988 ], [ 19310.900000000001455, 27613.0 ], [ 19310.900481527332886, 27613.009801714033529 ], [ 19310.901921471959213, 27613.019509032201313 ], [ 19310.904305966425454, 27613.029028467724856 ], [ 19310.90761204674709, 27613.038268343236268 ], [ 19310.911807873566431, 27613.047139673682977 ], [ 19310.91685303876875, 27613.055557023300935 ], [ 19310.922698954662337, 27613.06343932841628 ], [ 19310.929289321880788, 27613.070710678119212 ], [ 19333.928503744667978, 27636.069925100906403 ], [ 19355.927735814286279, 27659.069122264598263 ], [ 19355.929289321880788, 27659.070710678119212 ], [ 19378.929289321880788, 27682.070710678119212 ], [ 19378.930877735401737, 27682.072264185713721 ], [ 19401.930074899093597, 27704.071496255332022 ], [ 19424.928503744667978, 27727.069925100906403 ], [ 19446.927735814286279, 27750.069122264598263 ], [ 19446.929289321880788, 27750.070710678119212 ], [ 19469.929289321880788, 27773.070710678119212 ], [ 19469.930877735401737, 27773.072264185713721 ], [ 19492.930074899093597, 27795.071496255332022 ], [ 19515.928503744667978, 27818.069925100906403 ], [ 19537.927735814286279, 27841.069122264598263 ], [ 19537.929289321880788, 27841.070710678119212 ], [ 19560.929289321880788, 27864.070710678119212 ], [ 19560.930877735401737, 27864.072264185713721 ], [ 19583.930074899093597, 27886.071496255332022 ], [ 19606.928503744667978, 27909.069925100906403 ], [ 19628.927735814286279, 27932.069122264598263 ], [ 19628.929289321880788, 27932.070710678119212 ], [ 19651.900000000001455, 27955.04142135623988 ], [ 19651.900000000001455, 27976.95857864376012 ], [ 19629.001588805673236, 27999.856989838088339 ], [ 19607.072264185713721, 27976.930877735401737 ], [ 19607.064930073833239, 27976.923946824445011 ], [ 19607.056934800282761, 27976.917790338058694 ], [ 19607.048359778316808, 27976.912470965726243 ], [ 19607.039292324570852, 27976.908042872870283 ], [ 19607.029824769953848, 27976.904551149313193 ], [ 19607.020053519478097, 27976.902031350135076 ], [ 19607.010078070587042, 27976.900509133618471 ], [ 19607.0, 27976.900000000001455 ], [ 19584.040125731480657, 27976.900000000001455 ], [ 19561.069122264598263, 27954.927735814286279 ], [ 19561.061924606099637, 27954.921480300818075 ], [ 19561.05416381924806, 27954.915938827725768 ], [ 19561.045910478886071, 27954.911161787902529 ], [ 19561.03723963901939, 27954.907192622675211 ], [ 19561.028230150302988, 27954.904067426730762 ], [ 19561.018963942991832, 27954.901814619894139 ], [ 19561.00952528187554, 27954.900454688682657 ], [ 19561.0, 27954.900000000001455 ], [ 19538.04272896054681, 27954.900000000001455 ], [ 19516.072264185713721, 27931.930877735401737 ], [ 19516.070710678119212, 27931.929289321880788 ], [ 19470.070710678119212, 27885.929289321880788 ], [ 19470.06343932841628, 27885.922698954662337 ], [ 19470.055557023300935, 27885.91685303876875 ], [ 19470.047139673682977, 27885.911807873566431 ], [ 19470.038268343236268, 27885.90761204674709 ], [ 19470.029028467724856, 27885.904305966425454 ], [ 19470.019509032201313, 27885.901921471959213 ], [ 19470.009801714033529, 27885.900481527332886 ], [ 19470.0, 27885.900000000001455 ], [ 19447.04142135623988, 27885.900000000001455 ], [ 19425.070710678119212, 27863.929289321880788 ], [ 19425.06343932841628, 27863.922698954662337 ], [ 19425.055557023300935, 27863.91685303876875 ], [ 19425.047139673682977, 27863.911807873566431 ], [ 19425.038268343236268, 27863.90761204674709 ], [ 19425.029028467724856, 27863.904305966425454 ], [ 19425.019509032201313, 27863.901921471959213 ], [ 19425.009801714033529, 27863.900481527332886 ], [ 19425.0, 27863.900000000001455 ], [ 19402.0, 27863.900000000001455 ], [ 19401.990198285966471, 27863.900481527332886 ], [ 19401.980490967798687, 27863.901921471959213 ], [ 19401.970971532275144, 27863.904305966425454 ], [ 19401.961731656763732, 27863.90761204674709 ], [ 19401.952860326317023, 27863.911807873566431 ], [ 19401.944442976699065, 27863.91685303876875 ], [ 19401.93656067158372, 27863.922698954662337 ], [ 19401.929289321880788, 27863.929289321880788 ], [ 19401.922698954662337, 27863.93656067158372 ], [ 19401.91685303876875, 27863.944442976699065 ], [ 19401.911807873566431, 27863.952860326317023 ], [ 19401.90761204674709, 27863.961731656763732 ], [ 19401.904305966425454, 27863.970971532275144 ], [ 19401.901921471959213, 27863.980490967798687 ], [ 19401.900481527332886, 27863.990198285966471 ], [ 19401.900000000001455, 27864.0 ], [ 19401.900481527332886, 27864.009801714033529 ], [ 19401.901921471959213, 27864.019509032201313 ], [ 19401.904305966425454, 27864.029028467724856 ], [ 19401.90761204674709, 27864.038268343236268 ], [ 19401.911807873566431, 27864.047139673682977 ], [ 19401.91685303876875, 27864.055557023300935 ], [ 19401.922698954662337, 27864.06343932841628 ], [ 19401.929289321880788, 27864.070710678119212 ], [ 19401.93656067158372, 27864.077301045337663 ], [ 19401.944442976699065, 27864.08314696123125 ], [ 19401.952860326317023, 27864.088192126433569 ], [ 19401.961731656763732, 27864.09238795325291 ], [ 19401.970971532275144, 27864.095694033574546 ], [ 19401.980490967798687, 27864.098078528040787 ], [ 19401.990198285966471, 27864.099518472667114 ], [ 19402.0, 27864.099999999998545 ], [ 19424.95857864376012, 27864.099999999998545 ], [ 19446.929289321880788, 27886.070710678119212 ], [ 19446.93656067158372, 27886.077301045337663 ], [ 19446.944442976699065, 27886.08314696123125 ], [ 19446.952860326317023, 27886.088192126433569 ], [ 19446.961731656763732, 27886.09238795325291 ], [ 19446.970971532275144, 27886.095694033574546 ], [ 19446.980490967798687, 27886.098078528040787 ], [ 19446.990198285966471, 27886.099518472667114 ], [ 19447.0, 27886.099999999998545 ], [ 19469.95857864376012, 27886.099999999998545 ], [ 19515.928503744667978, 27932.069925100906403 ], [ 19537.927735814286279, 27955.069122264598263 ], [ 19537.935069926166761, 27955.076053175554989 ], [ 19537.943065199717239, 27955.082209661941306 ], [ 19537.951640221683192, 27955.087529034273757 ], [ 19537.960707675429148, 27955.091957127129717 ], [ 19537.970175230046152, 27955.095448850686807 ], [ 19537.979946480521903, 27955.097968649864924 ], [ 19537.989921929412958, 27955.099490866381529 ], [ 19538.0, 27955.099999999998545 ], [ 19560.959874268519343, 27955.099999999998545 ], [ 19583.930877735401737, 27977.072264185713721 ], [ 19583.938075393900363, 27977.078519699181925 ], [ 19583.94583618075194, 27977.084061172274232 ], [ 19583.954089521113929, 27977.088838212097471 ], [ 19583.96276036098061, 27977.092807377324789 ], [ 19583.971769849697012, 27977.095932573269238 ], [ 19583.981036057008168, 27977.098185380105861 ], [ 19583.99047471812446, 27977.099545311317343 ], [ 19584.0, 27977.099999999998545 ], [ 19606.95727103945319, 27977.099999999998545 ], [ 19628.927735814286279, 28000.069122264598263 ], [ 19628.935069926166761, 28000.076053175554989 ], [ 19628.943065199717239, 28000.082209661941306 ], [ 19628.951640221683192, 28000.087529034273757 ], [ 19628.960707675429148, 28000.091957127129717 ], [ 19628.970175230046152, 28000.095448850686807 ], [ 19628.979946480521903, 28000.097968649864924 ], [ 19628.989921929412958, 28000.099490866381529 ], [ 19629.0, 28000.099999999998545 ], [ 19674.95857864376012, 28000.099999999998545 ], [ 19697.929289321880788, 28023.070710678119212 ], [ 19697.93656067158372, 28023.077301045337663 ], [ 19697.944442976699065, 28023.08314696123125 ], [ 19697.952860326317023, 28023.088192126433569 ], [ 19697.961731656763732, 28023.09238795325291 ], [ 19697.970971532275144, 28023.095694033574546 ], [ 19697.980490967798687, 28023.098078528040787 ], [ 19697.990198285966471, 28023.099518472667114 ], [ 19698.0, 28023.099999999998545 ], [ 19719.959874268519343, 28023.099999999998545 ], [ 19742.930074899093597, 28045.071496255332022 ], [ 19788.900000000001455, 28091.04142135623988 ], [ 19788.900000000001455, 28114.0 ], [ 19788.900481527332886, 28114.009801714033529 ], [ 19788.901921471959213, 28114.019509032201313 ], [ 19788.904305966425454, 28114.029028467724856 ], [ 19788.90761204674709, 28114.038268343236268 ], [ 19788.911807873566431, 28114.047139673682977 ], [ 19788.91685303876875, 28114.055557023300935 ], [ 19788.922698954662337, 28114.06343932841628 ], [ 19788.929289321880788, 28114.070710678119212 ], [ 19970.900000000001455, 28296.04142135623988 ], [ 19970.900000000001455, 28318.0 ], [ 19970.900454688682657, 28318.00952528187554 ], [ 19970.901814619894139, 28318.018963942991832 ], [ 19970.904067426730762, 28318.028230150302988 ], [ 19970.907192622675211, 28318.03723963901939 ], [ 19970.911161787902529, 28318.045910478886071 ], [ 19970.915938827725768, 28318.05416381924806 ], [ 19970.921480300818075, 28318.061924606099637 ], [ 19970.927735814286279, 28318.069122264598263 ], [ 19992.927735814286279, 28341.069122264598263 ], [ 19992.934964376778225, 28341.075962936436554 ], [ 19992.942837097001757, 28341.0820512188875 ], [ 19992.951275998097117, 28341.087326809392835 ], [ 19992.960197495358443, 28341.091737454862596 ], [ 19992.969513224121329, 28341.095239469213993 ], [ 19992.979130914965936, 28341.097798166087159 ], [ 19992.988955307646393, 28341.099388202372211 ], [ 19992.998889094586048, 28341.099993829255254 ], [ 19993.008833884701744, 28341.09960904818945 ], [ 19993.018691177920118, 28341.098237670310482 ], [ 19993.02836334080348, 28341.095893278692529 ], [ 19993.037754573568236, 28341.092599093812169 ], [ 19993.04677185896071, 28341.088387743548083 ], [ 19993.055325883557089, 28341.083300940023037 ], [ 19993.063331922388898, 28341.077389066453179 ], [ 19993.070710678119212, 28341.070710678119212 ], [ 20016.0, 28318.141421356238425 ], [ 20061.928503744667978, 28364.069925100906403 ], [ 20083.927735814286279, 28387.069122264598263 ], [ 20083.930877735401737, 28387.072264185713721 ], [ 20106.930074899093597, 28409.071496255332022 ], [ 20152.900000000001455, 28455.04142135623988 ], [ 20152.900000000001455, 28478.0 ], [ 20152.900481527332886, 28478.009801714033529 ], [ 20152.901921471959213, 28478.019509032201313 ], [ 20152.904305966425454, 28478.029028467724856 ], [ 20152.90761204674709, 28478.038268343236268 ], [ 20152.911807873566431, 28478.047139673682977 ], [ 20152.91685303876875, 28478.055557023300935 ], [ 20152.922698954662337, 28478.06343932841628 ], [ 20152.929289321880788, 28478.070710678119212 ], [ 20152.93656067158372, 28478.077301045337663 ], [ 20152.944442976699065, 28478.08314696123125 ], [ 20152.952860326317023, 28478.088192126433569 ], [ 20152.961731656763732, 28478.09238795325291 ], [ 20152.970971532275144, 28478.095694033574546 ], [ 20152.980490967798687, 28478.098078528040787 ], [ 20152.990198285966471, 28478.099518472667114 ], [ 20153.0, 28478.099999999998545 ], [ 20174.959874268519343, 28478.099999999998545 ], [ 20197.900000000001455, 28500.04272896054681 ], [ 20197.900000000001455, 28523.0 ], [ 20197.900481527332886, 28523.009801714033529 ], [ 20197.901921471959213, 28523.019509032201313 ], [ 20197.904305966425454, 28523.029028467724856 ], [ 20197.90761204674709, 28523.038268343236268 ], [ 20197.911807873566431, 28523.047139673682977 ], [ 20197.91685303876875, 28523.055557023300935 ], [ 20197.922698954662337, 28523.06343932841628 ], [ 20197.929289321880788, 28523.070710678119212 ], [ 20334.929289321880788, 28660.070710678119212 ], [ 20334.93656067158372, 28660.077301045337663 ], [ 20334.944442976699065, 28660.08314696123125 ], [ 20334.952860326317023, 28660.088192126433569 ], [ 20334.961731656763732, 28660.09238795325291 ], [ 20334.970971532275144, 28660.095694033574546 ], [ 20334.980490967798687, 28660.098078528040787 ], [ 20334.990198285966471, 28660.099518472667114 ], [ 20335.0, 28660.099999999998545 ], [ 20356.959874268519343, 28660.099999999998545 ], [ 20379.930074899093597, 28682.071496255332022 ], [ 20425.928503744667978, 28728.069925100906403 ], [ 20447.927735814286279, 28751.069122264598263 ], [ 20447.930877735401737, 28751.072264185713721 ], [ 20470.930074899093597, 28773.071496255332022 ], [ 20493.900000000001455, 28796.04142135623988 ], [ 20493.900000000001455, 28819.0 ], [ 20493.900481527332886, 28819.009801714033529 ], [ 20493.901921471959213, 28819.019509032201313 ], [ 20493.904305966425454, 28819.029028467724856 ], [ 20493.90761204674709, 28819.038268343236268 ], [ 20493.911807873566431, 28819.047139673682977 ], [ 20493.91685303876875, 28819.055557023300935 ], [ 20493.922698954662337, 28819.06343932841628 ], [ 20493.929289321880788, 28819.070710678119212 ], [ 20493.93656067158372, 28819.077301045337663 ], [ 20493.944442976699065, 28819.08314696123125 ], [ 20493.952860326317023, 28819.088192126433569 ], [ 20493.961731656763732, 28819.09238795325291 ], [ 20493.970971532275144, 28819.095694033574546 ], [ 20493.980490967798687, 28819.098078528040787 ], [ 20493.990198285966471, 28819.099518472667114 ], [ 20494.0, 28819.099999999998545 ], [ 20494.009801714033529, 28819.099518472667114 ], [ 20494.019509032201313, 28819.098078528040787 ], [ 20494.029028467724856, 28819.095694033574546 ], [ 20494.038268343236268, 28819.09238795325291 ], [ 20494.047139673682977, 28819.088192126433569 ], [ 20494.055557023300935, 28819.08314696123125 ], [ 20494.06343932841628, 28819.077301045337663 ], [ 20494.070710678119212, 28819.070710678119212 ], [ 20516.998411194326764, 28796.143010161911661 ], [ 20538.927735814286279, 28819.069122264598263 ], [ 20538.929289321880788, 28819.070710678119212 ], [ 20561.929289321880788, 28842.070710678119212 ], [ 20561.93656067158372, 28842.077301045337663 ], [ 20561.944442976699065, 28842.08314696123125 ], [ 20561.952860326317023, 28842.088192126433569 ], [ 20561.961731656763732, 28842.09238795325291 ], [ 20561.970971532275144, 28842.095694033574546 ], [ 20561.980490967798687, 28842.098078528040787 ], [ 20561.990198285966471, 28842.099518472667114 ], [ 20562.0, 28842.099999999998545 ], [ 20584.95857864376012, 28842.099999999998545 ], [ 20675.900000000001455, 28933.04142135623988 ], [ 20675.900000000001455, 28955.0 ], [ 20675.900454688682657, 28955.00952528187554 ], [ 20675.901814619894139, 28955.018963942991832 ], [ 20675.904067426730762, 28955.028230150302988 ], [ 20675.907192622675211, 28955.03723963901939 ], [ 20675.911161787902529, 28955.045910478886071 ], [ 20675.915938827725768, 28955.05416381924806 ], [ 20675.921480300818075, 28955.061924606099637 ], [ 20675.927735814286279, 28955.069122264598263 ], [ 20697.927735814286279, 28978.069122264598263 ], [ 20697.929289321880788, 28978.070710678119212 ], [ 20743.929289321880788, 29024.070710678119212 ], [ 20743.930877735401737, 29024.072264185713721 ], [ 20766.9292718646102, 29046.0707281353898 ], [ 20788.927735814286279, 29069.069122264598263 ], [ 20788.929289321880788, 29069.070710678119212 ], [ 20834.929289321880788, 29115.070710678119212 ], [ 20834.930877735401737, 29115.072264185713721 ], [ 20857.9292718646102, 29137.0707281353898 ], [ 20879.927735814286279, 29160.069122264598263 ], [ 20879.929289321880788, 29160.070710678119212 ], [ 20925.929289321880788, 29206.070710678119212 ], [ 20925.930877735401737, 29206.072264185713721 ], [ 20948.9292718646102, 29228.0707281353898 ], [ 20970.927735814286279, 29251.069122264598263 ], [ 20970.929289321880788, 29251.070710678119212 ], [ 21016.929289321880788, 29297.070710678119212 ], [ 21016.930877735401737, 29297.072264185713721 ], [ 21039.9292718646102, 29319.0707281353898 ], [ 21061.927735814286279, 29342.069122264598263 ], [ 21061.929289321880788, 29342.070710678119212 ], [ 21107.929289321880788, 29388.070710678119212 ], [ 21107.930877735401737, 29388.072264185713721 ], [ 21130.930877735401737, 29410.072264185713721 ], [ 21130.938075393900363, 29410.078519699181925 ], [ 21130.94583618075194, 29410.084061172274232 ], [ 21130.954089521113929, 29410.088838212097471 ], [ 21130.96276036098061, 29410.092807377324789 ], [ 21130.971769849697012, 29410.095932573269238 ], [ 21130.981036057008168, 29410.098185380105861 ], [ 21130.99047471812446, 29410.099545311317343 ], [ 21131.0, 29410.099999999998545 ], [ 21152.95857864376012, 29410.099999999998545 ], [ 21175.900000000001455, 29433.04142135623988 ], [ 21175.900000000001455, 29456.0 ], [ 21175.900509133618471, 29456.010078070587042 ], [ 21175.902031350135076, 29456.020053519478097 ], [ 21175.904551149313193, 29456.029824769953848 ], [ 21175.908042872870283, 29456.039292324570852 ], [ 21175.912470965726243, 29456.048359778316808 ], [ 21175.917790338058694, 29456.056934800282761 ], [ 21175.923946824445011, 29456.064930073833239 ], [ 21175.930877735401737, 29456.072264185713721 ], [ 21198.930074899093597, 29478.071496255332022 ], [ 21221.928503744667978, 29501.069925100906403 ], [ 21243.927735814286279, 29524.069122264598263 ], [ 21243.929289321880788, 29524.070710678119212 ], [ 21266.929289321880788, 29547.070710678119212 ], [ 21266.930877735401737, 29547.072264185713721 ], [ 21289.930877735401737, 29569.072264185713721 ], [ 21289.938075393900363, 29569.078519699181925 ], [ 21289.94583618075194, 29569.084061172274232 ], [ 21289.954089521113929, 29569.088838212097471 ], [ 21289.96276036098061, 29569.092807377324789 ], [ 21289.971769849697012, 29569.095932573269238 ], [ 21289.981036057008168, 29569.098185380105861 ], [ 21289.99047471812446, 29569.099545311317343 ], [ 21290.0, 29569.099999999998545 ], [ 21312.95727103945319, 29569.099999999998545 ], [ 21334.927735814286279, 29592.069122264598263 ], [ 21334.929289321880788, 29592.070710678119212 ], [ 21380.929289321880788, 29638.070710678119212 ], [ 21380.930877735401737, 29638.072264185713721 ], [ 21403.9292718646102, 29660.0707281353898 ], [ 21425.927735814286279, 29683.069122264598263 ], [ 21425.929289321880788, 29683.070710678119212 ], [ 21448.929289321880788, 29706.070710678119212 ], [ 21448.93656067158372, 29706.077301045337663 ], [ 21448.944442976699065, 29706.08314696123125 ], [ 21448.952860326317023, 29706.088192126433569 ], [ 21448.961731656763732, 29706.09238795325291 ], [ 21448.970971532275144, 29706.095694033574546 ], [ 21448.980490967798687, 29706.098078528040787 ], [ 21448.990198285966471, 29706.099518472667114 ], [ 21449.0, 29706.099999999998545 ], [ 21471.95857864376012, 29706.099999999998545 ], [ 21607.929289321880788, 29842.070710678119212 ], [ 21607.93656067158372, 29842.077301045337663 ], [ 21607.944442976699065, 29842.08314696123125 ], [ 21607.952860326317023, 29842.088192126433569 ], [ 21607.961731656763732, 29842.09238795325291 ], [ 21607.970971532275144, 29842.095694033574546 ], [ 21607.980490967798687, 29842.098078528040787 ], [ 21607.990198285966471, 29842.099518472667114 ], [ 21608.0, 29842.099999999998545 ], [ 21630.95857864376012, 29842.099999999998545 ], [ 21676.929289321880788, 29888.070710678119212 ], [ 21676.93656067158372, 29888.077301045337663 ], [ 21676.944442976699065, 29888.08314696123125 ], [ 21676.952860326317023, 29888.088192126433569 ], [ 21676.961731656763732, 29888.09238795325291 ], [ 21676.970971532275144, 29888.095694033574546 ], [ 21676.980490967798687, 29888.098078528040787 ], [ 21676.990198285966471, 29888.099518472667114 ], [ 21677.0, 29888.099999999998545 ], [ 21698.95857864376012, 29888.099999999998545 ], [ 21721.929289321880788, 29911.070710678119212 ], [ 21721.93656067158372, 29911.077301045337663 ], [ 21721.944442976699065, 29911.08314696123125 ], [ 21721.952860326317023, 29911.088192126433569 ], [ 21721.961731656763732, 29911.09238795325291 ], [ 21721.970971532275144, 29911.095694033574546 ], [ 21721.980490967798687, 29911.098078528040787 ], [ 21721.990198285966471, 29911.099518472667114 ], [ 21722.0, 29911.099999999998545 ], [ 21744.959874268519343, 29911.099999999998545 ], [ 21767.9292718646102, 29933.0707281353898 ], [ 21789.927735814286279, 29956.069122264598263 ], [ 21789.935069926166761, 29956.076053175554989 ], [ 21789.943065199717239, 29956.082209661941306 ], [ 21789.951640221683192, 29956.087529034273757 ], [ 21789.960707675429148, 29956.091957127129717 ], [ 21789.970175230046152, 29956.095448850686807 ], [ 21789.979946480521903, 29956.097968649864924 ], [ 21789.989921929412958, 29956.099490866381529 ], [ 21790.0, 29956.099999999998545 ], [ 21835.95857864376012, 29956.099999999998545 ], [ 21858.929289321880788, 29979.070710678119212 ], [ 21858.93656067158372, 29979.077301045337663 ], [ 21858.944442976699065, 29979.08314696123125 ], [ 21858.952860326317023, 29979.088192126433569 ], [ 21858.961731656763732, 29979.09238795325291 ], [ 21858.970971532275144, 29979.095694033574546 ], [ 21858.980490967798687, 29979.098078528040787 ], [ 21858.990198285966471, 29979.099518472667114 ], [ 21859.0, 29979.099999999998545 ], [ 22018.0, 29979.099999999998545 ], [ 22018.009801714033529, 29979.099518472667114 ], [ 22018.019509032201313, 29979.098078528040787 ], [ 22018.029028467724856, 29979.095694033574546 ], [ 22018.038268343236268, 29979.09238795325291 ], [ 22018.047139673682977, 29979.088192126433569 ], [ 22018.055557023300935, 29979.08314696123125 ], [ 22018.06343932841628, 29979.077301045337663 ], [ 22018.070710678119212, 29979.070710678119212 ], [ 22041.04142135623988, 29956.099999999998545 ], [ 22063.0, 29956.099999999998545 ], [ 22063.009801714033529, 29956.099518472667114 ], [ 22063.019509032201313, 29956.098078528040787 ], [ 22063.029028467724856, 29956.095694033574546 ], [ 22063.038268343236268, 29956.09238795325291 ], [ 22063.047139673682977, 29956.088192126433569 ], [ 22063.055557023300935, 29956.08314696123125 ], [ 22063.06343932841628, 29956.077301045337663 ], [ 22063.070710678119212, 29956.070710678119212 ], [ 22086.070710678119212, 29933.070710678119212 ], [ 22086.077301045337663, 29933.06343932841628 ], [ 22086.08314696123125, 29933.055557023300935 ], [ 22086.088192126433569, 29933.047139673682977 ], [ 22086.09238795325291, 29933.038268343236268 ], [ 22086.095694033574546, 29933.029028467724856 ], [ 22086.098078528040787, 29933.019509032201313 ], [ 22086.099518472667114, 29933.009801714033529 ], [ 22086.099999999998545, 29933.0 ], [ 22086.099999999998545, 29911.04142135623988 ], [ 22109.070710678119212, 29888.070710678119212 ], [ 22109.077301045337663, 29888.06343932841628 ], [ 22109.08314696123125, 29888.055557023300935 ], [ 22109.088192126433569, 29888.047139673682977 ], [ 22109.09238795325291, 29888.038268343236268 ], [ 22109.095694033574546, 29888.029028467724856 ], [ 22109.098078528040787, 29888.019509032201313 ], [ 22109.099518472667114, 29888.009801714033529 ], [ 22109.099999999998545, 29888.0 ], [ 22109.099999999998545, 29865.040125731480657 ], [ 22131.0707281353898, 29842.0707281353898 ], [ 22154.069122264598263, 29820.072264185713721 ], [ 22154.076053175554989, 29820.064930073833239 ], [ 22154.082209661941306, 29820.056934800282761 ], [ 22154.087529034273757, 29820.048359778316808 ], [ 22154.091957127129717, 29820.039292324570852 ], [ 22154.095448850686807, 29820.029824769953848 ], [ 22154.097968649864924, 29820.020053519478097 ], [ 22154.099490866381529, 29820.010078070587042 ], [ 22154.099999999998545, 29820.0 ], [ 22154.099999999998545, 29774.04142135623988 ], [ 22177.070710678119212, 29751.070710678119212 ], [ 22177.077301045337663, 29751.06343932841628 ], [ 22177.08314696123125, 29751.055557023300935 ], [ 22177.088192126433569, 29751.047139673682977 ], [ 22177.09238795325291, 29751.038268343236268 ], [ 22177.095694033574546, 29751.029028467724856 ], [ 22177.098078528040787, 29751.019509032201313 ], [ 22177.099518472667114, 29751.009801714033529 ], [ 22177.099999999998545, 29751.0 ], [ 22177.099999999998545, 29660.04272896054681 ], [ 22200.069122264598263, 29638.072264185713721 ], [ 22200.076053175554989, 29638.064930073833239 ], [ 22200.082209661941306, 29638.056934800282761 ], [ 22200.087529034273757, 29638.048359778316808 ], [ 22200.091957127129717, 29638.039292324570852 ], [ 22200.095448850686807, 29638.029824769953848 ], [ 22200.097968649864924, 29638.020053519478097 ], [ 22200.099490866381529, 29638.010078070587042 ], [ 22200.099999999998545, 29638.0 ], [ 22200.099999999998545, 29456.040125731480657 ], [ 22222.072264185713721, 29433.069122264598263 ], [ 22222.078519699181925, 29433.061924606099637 ], [ 22222.084061172274232, 29433.05416381924806 ], [ 22222.088838212097471, 29433.045910478886071 ], [ 22222.092807377324789, 29433.03723963901939 ], [ 22222.095932573269238, 29433.028230150302988 ], [ 22222.098185380105861, 29433.018963942991832 ], [ 22222.099545311317343, 29433.00952528187554 ], [ 22222.099999999998545, 29433.0 ], [ 22222.099999999998545, 29251.04142135623988 ], [ 22245.070710678119212, 29228.070710678119212 ], [ 22245.077301045337663, 29228.06343932841628 ], [ 22245.08314696123125, 29228.055557023300935 ], [ 22245.088192126433569, 29228.047139673682977 ], [ 22245.09238795325291, 29228.038268343236268 ], [ 22245.095694033574546, 29228.029028467724856 ], [ 22245.098078528040787, 29228.019509032201313 ], [ 22245.099518472667114, 29228.009801714033529 ], [ 22245.099999999998545, 29228.0 ], [ 22245.099999999998545, 29183.0 ], [ 22245.099518472667114, 29182.990198285966471 ], [ 22245.098078528040787, 29182.980490967798687 ], [ 22245.095694033574546, 29182.970971532275144 ], [ 22245.09238795325291, 29182.961731656763732 ], [ 22245.088192126433569, 29182.952860326317023 ], [ 22245.08314696123125, 29182.944442976699065 ], [ 22245.077301045337663, 29182.93656067158372 ], [ 22245.070710678119212, 29182.929289321880788 ], [ 22222.141421356238425, 29160.0 ], [ 22245.070710678119212, 29137.070710678119212 ], [ 22245.077301045337663, 29137.06343932841628 ], [ 22245.08314696123125, 29137.055557023300935 ], [ 22245.088192126433569, 29137.047139673682977 ], [ 22245.09238795325291, 29137.038268343236268 ], [ 22245.095694033574546, 29137.029028467724856 ], [ 22245.098078528040787, 29137.019509032201313 ], [ 22245.099518472667114, 29137.009801714033529 ], [ 22245.099999999998545, 29137.0 ], [ 22245.099999999998545, 28978.04142135623988 ], [ 22268.070710678119212, 28955.070710678119212 ], [ 22268.077301045337663, 28955.06343932841628 ], [ 22268.08314696123125, 28955.055557023300935 ], [ 22268.088192126433569, 28955.047139673682977 ], [ 22268.09238795325291, 28955.038268343236268 ], [ 22268.095694033574546, 28955.029028467724856 ], [ 22268.098078528040787, 28955.019509032201313 ], [ 22268.099518472667114, 28955.009801714033529 ], [ 22268.099999999998545, 28955.0 ], [ 22268.099999999998545, 28887.04142135623988 ], [ 22291.070710678119212, 28864.070710678119212 ], [ 22291.077301045337663, 28864.06343932841628 ], [ 22291.08314696123125, 28864.055557023300935 ], [ 22291.088192126433569, 28864.047139673682977 ], [ 22291.09238795325291, 28864.038268343236268 ], [ 22291.095694033574546, 28864.029028467724856 ], [ 22291.098078528040787, 28864.019509032201313 ], [ 22291.099518472667114, 28864.009801714033529 ], [ 22291.099999999998545, 28864.0 ], [ 22291.099999999998545, 28819.040125731480657 ], [ 22313.072264185713721, 28796.069122264598263 ], [ 22313.078519699181925, 28796.061924606099637 ], [ 22313.084061172274232, 28796.05416381924806 ], [ 22313.088838212097471, 28796.045910478886071 ], [ 22313.092807377324789, 28796.03723963901939 ], [ 22313.095932573269238, 28796.028230150302988 ], [ 22313.098185380105861, 28796.018963942991832 ], [ 22313.099545311317343, 28796.00952528187554 ], [ 22313.099999999998545, 28796.0 ], [ 22313.099999999998545, 28728.04142135623988 ], [ 22336.070710678119212, 28705.070710678119212 ], [ 22336.077301045337663, 28705.06343932841628 ], [ 22336.08314696123125, 28705.055557023300935 ], [ 22336.088192126433569, 28705.047139673682977 ], [ 22336.09238795325291, 28705.038268343236268 ], [ 22336.095694033574546, 28705.029028467724856 ], [ 22336.098078528040787, 28705.019509032201313 ], [ 22336.099518472667114, 28705.009801714033529 ], [ 22336.099999999998545, 28705.0 ], [ 22336.099999999998545, 28614.04142135623988 ], [ 22359.070710678119212, 28591.070710678119212 ], [ 22359.077301045337663, 28591.06343932841628 ], [ 22359.08314696123125, 28591.055557023300935 ], [ 22359.088192126433569, 28591.047139673682977 ], [ 22359.09238795325291, 28591.038268343236268 ], [ 22359.095694033574546, 28591.029028467724856 ], [ 22359.098078528040787, 28591.019509032201313 ], [ 22359.099518472667114, 28591.009801714033529 ], [ 22359.099999999998545, 28591.0 ], [ 22359.099999999998545, 28500.04272896054681 ], [ 22382.069122264598263, 28478.072264185713721 ], [ 22382.076053175554989, 28478.064930073833239 ], [ 22382.082209661941306, 28478.056934800282761 ], [ 22382.087529034273757, 28478.048359778316808 ], [ 22382.091957127129717, 28478.039292324570852 ], [ 22382.095448850686807, 28478.029824769953848 ], [ 22382.097968649864924, 28478.020053519478097 ], [ 22382.099490866381529, 28478.010078070587042 ], [ 22382.099999999998545, 28478.0 ], [ 22382.099999999998545, 28341.040125731480657 ], [ 22404.072264185713721, 28318.069122264598263 ], [ 22404.078519699181925, 28318.061924606099637 ], [ 22404.084061172274232, 28318.05416381924806 ], [ 22404.088838212097471, 28318.045910478886071 ], [ 22404.092807377324789, 28318.03723963901939 ], [ 22404.095932573269238, 28318.028230150302988 ], [ 22404.098185380105861, 28318.018963942991832 ], [ 22404.099545311317343, 28318.00952528187554 ], [ 22404.099999999998545, 28318.0 ], [ 22404.099999999998545, 28114.04142135623988 ], [ 22427.070710678119212, 28091.070710678119212 ], [ 22427.077301045337663, 28091.06343932841628 ], [ 22427.08314696123125, 28091.055557023300935 ], [ 22427.088192126433569, 28091.047139673682977 ], [ 22427.09238795325291, 28091.038268343236268 ], [ 22427.095694033574546, 28091.029028467724856 ], [ 22427.098078528040787, 28091.019509032201313 ], [ 22427.099518472667114, 28091.009801714033529 ], [ 22427.099999999998545, 28091.0 ], [ 22427.099999999998545, 27158.0 ], [ 22427.099490866381529, 27157.989921929412958 ], [ 22427.097968649864924, 27157.979946480521903 ], [ 22427.095448850686807, 27157.970175230046152 ], [ 22427.091957127129717, 27157.960707675429148 ], [ 22427.087529034273757, 27157.951640221683192 ], [ 22427.082209661941306, 27157.943065199717239 ], [ 22427.076053175554989, 27157.935069926166761 ], [ 22427.069122264598263, 27157.927735814286279 ], [ 22404.099999999998545, 27135.95727103945319 ], [ 22404.099999999998545, 26976.04272896054681 ], [ 22427.069122264598263, 26954.072264185713721 ], [ 22427.076053175554989, 26954.064930073833239 ], [ 22427.082209661941306, 26954.056934800282761 ], [ 22427.087529034273757, 26954.048359778316808 ], [ 22427.091957127129717, 26954.039292324570852 ], [ 22427.095448850686807, 26954.029824769953848 ], [ 22427.097968649864924, 26954.020053519478097 ], [ 22427.099490866381529, 26954.010078070587042 ], [ 22427.099999999998545, 26954.0 ], [ 22427.099999999998545, 26863.0 ], [ 22427.099518472667114, 26862.990198285966471 ], [ 22427.098078528040787, 26862.980490967798687 ], [ 22427.095694033574546, 26862.970971532275144 ], [ 22427.09238795325291, 26862.961731656763732 ], [ 22427.088192126433569, 26862.952860326317023 ], [ 22427.08314696123125, 26862.944442976699065 ], [ 22427.077301045337663, 26862.93656067158372 ], [ 22427.070710678119212, 26862.929289321880788 ], [ 22404.141421356238425, 26840.0 ], [ 22427.070710678119212, 26817.070710678119212 ], [ 22427.077301045337663, 26817.06343932841628 ], [ 22427.08314696123125, 26817.055557023300935 ], [ 22427.088192126433569, 26817.047139673682977 ], [ 22427.09238795325291, 26817.038268343236268 ], [ 22427.095694033574546, 26817.029028467724856 ], [ 22427.098078528040787, 26817.019509032201313 ], [ 22427.099518472667114, 26817.009801714033529 ], [ 22427.099999999998545, 26817.0 ], [ 22427.099999999998545, 26794.0 ], [ 22427.099490866381529, 26793.989921929412958 ], [ 22427.097968649864924, 26793.979946480521903 ], [ 22427.095448850686807, 26793.970175230046152 ], [ 22427.091957127129717, 26793.960707675429148 ], [ 22427.087529034273757, 26793.951640221683192 ], [ 22427.082209661941306, 26793.943065199717239 ], [ 22427.076053175554989, 26793.935069926166761 ], [ 22427.069122264598263, 26793.927735814286279 ], [ 22404.099999999998545, 26771.95727103945319 ], [ 22404.099999999998545, 26726.0 ], [ 22404.099545311317343, 26725.99047471812446 ], [ 22404.098185380105861, 26725.981036057008168 ], [ 22404.095932573269238, 26725.971769849697012 ], [ 22404.092807377324789, 26725.96276036098061 ], [ 22404.088838212097471, 26725.954089521113929 ], [ 22404.084061172274232, 26725.94583618075194 ], [ 22404.078519699181925, 26725.938075393900363 ], [ 22404.072264185713721, 26725.930877735401737 ], [ 22382.139867465106363, 26703.001553891132062 ], [ 22404.070710678119212, 26681.070710678119212 ], [ 22404.077301045337663, 26681.06343932841628 ], [ 22404.08314696123125, 26681.055557023300935 ], [ 22404.088192126433569, 26681.047139673682977 ], [ 22404.09238795325291, 26681.038268343236268 ], [ 22404.095694033574546, 26681.029028467724856 ], [ 22404.098078528040787, 26681.019509032201313 ], [ 22404.099518472667114, 26681.009801714033529 ], [ 22404.099999999998545, 26681.0 ], [ 22404.099999999998545, 25680.0 ], [ 22404.099545311317343, 25679.99047471812446 ], [ 22404.098185380105861, 25679.981036057008168 ], [ 22404.095932573269238, 25679.971769849697012 ], [ 22404.092807377324789, 25679.96276036098061 ], [ 22404.088838212097471, 25679.954089521113929 ], [ 22404.084061172274232, 25679.94583618075194 ], [ 22404.078519699181925, 25679.938075393900363 ], [ 22404.072264185713721, 25679.930877735401737 ], [ 22382.13838113446036, 25657.0 ], [ 22404.072264185713721, 25634.069122264598263 ], [ 22404.078519699181925, 25634.061924606099637 ], [ 22404.084061172274232, 25634.05416381924806 ], [ 22404.088838212097471, 25634.045910478886071 ], [ 22404.092807377324789, 25634.03723963901939 ], [ 22404.095932573269238, 25634.028230150302988 ], [ 22404.098185380105861, 25634.018963942991832 ], [ 22404.099545311317343, 25634.00952528187554 ], [ 22404.099999999998545, 25634.0 ], [ 22404.099999999998545, 25543.0 ], [ 22404.099518472667114, 25542.990198285966471 ], [ 22404.098078528040787, 25542.980490967798687 ], [ 22404.095694033574546, 25542.970971532275144 ], [ 22404.09238795325291, 25542.961731656763732 ], [ 22404.088192126433569, 25542.952860326317023 ], [ 22404.08314696123125, 25542.944442976699065 ], [ 22404.077301045337663, 25542.93656067158372 ], [ 22404.070710678119212, 25542.929289321880788 ], [ 22382.099999999998545, 25520.95857864376012 ], [ 22382.099999999998545, 24907.0 ], [ 22382.099518472667114, 24906.990198285966471 ], [ 22382.098078528040787, 24906.980490967798687 ], [ 22382.095694033574546, 24906.970971532275144 ], [ 22382.09238795325291, 24906.961731656763732 ], [ 22382.088192126433569, 24906.952860326317023 ], [ 22382.08314696123125, 24906.944442976699065 ], [ 22382.077301045337663, 24906.93656067158372 ], [ 22382.070710678119212, 24906.929289321880788 ], [ 22359.099999999998545, 24883.95857864376012 ], [ 22359.099999999998545, 24770.04142135623988 ], [ 22382.070710678119212, 24747.070710678119212 ], [ 22382.077389066453179, 24747.063331922388898 ], [ 22382.083300940023037, 24747.055325883557089 ], [ 22382.088387743548083, 24747.04677185896071 ], [ 22382.092599093812169, 24747.037754573568236 ], [ 22382.095893278692529, 24747.02836334080348 ], [ 22382.098237670310482, 24747.018691177920118 ], [ 22382.09960904818945, 24747.008833884701744 ], [ 22382.099993829255254, 24746.998889094586048 ], [ 22382.099388202372211, 24746.988955307646393 ], [ 22382.097798166087159, 24746.979130914965936 ], [ 22382.095239469213993, 24746.969513224121329 ], [ 22382.091737454862596, 24746.960197495358443 ], [ 22382.087326809392835, 24746.951275998097117 ], [ 22382.0820512188875, 24746.942837097001757 ], [ 22382.075962936436554, 24746.934964376778225 ], [ 22382.069122264598263, 24746.927735814286279 ], [ 22359.099999999998545, 24724.95727103945319 ], [ 22359.099999999998545, 24656.04272896054681 ], [ 22382.069122264598263, 24634.072264185713721 ], [ 22382.076053175554989, 24634.064930073833239 ], [ 22382.082209661941306, 24634.056934800282761 ], [ 22382.087529034273757, 24634.048359778316808 ], [ 22382.091957127129717, 24634.039292324570852 ], [ 22382.095448850686807, 24634.029824769953848 ], [ 22382.097968649864924, 24634.020053519478097 ], [ 22382.099490866381529, 24634.010078070587042 ], [ 22382.099999999998545, 24634.0 ], [ 22382.099999999998545, 24543.040125731480657 ], [ 22404.072264185713721, 24520.069122264598263 ], [ 22404.078519699181925, 24520.061924606099637 ], [ 22404.084061172274232, 24520.05416381924806 ], [ 22404.088838212097471, 24520.045910478886071 ], [ 22404.092807377324789, 24520.03723963901939 ], [ 22404.095932573269238, 24520.028230150302988 ], [ 22404.098185380105861, 24520.018963942991832 ], [ 22404.099545311317343, 24520.00952528187554 ], [ 22404.099999999998545, 24520.0 ], [ 22404.099999999998545, 24497.0 ], [ 22404.099545311317343, 24496.99047471812446 ], [ 22404.098185380105861, 24496.981036057008168 ], [ 22404.095932573269238, 24496.971769849697012 ], [ 22404.092807377324789, 24496.96276036098061 ], [ 22404.088838212097471, 24496.954089521113929 ], [ 22404.084061172274232, 24496.94583618075194 ], [ 22404.078519699181925, 24496.938075393900363 ], [ 22404.072264185713721, 24496.930877735401737 ], [ 22382.099999999998545, 24473.959874268519343 ], [ 22382.099999999998545, 24383.0 ], [ 22382.099490866381529, 24382.989921929412958 ], [ 22382.097968649864924, 24382.979946480521903 ], [ 22382.095448850686807, 24382.970175230046152 ], [ 22382.091957127129717, 24382.960707675429148 ], [ 22382.087529034273757, 24382.951640221683192 ], [ 22382.082209661941306, 24382.943065199717239 ], [ 22382.076053175554989, 24382.935069926166761 ], [ 22382.069122264598263, 24382.927735814286279 ], [ 22359.099999999998545, 24360.95727103945319 ], [ 22359.099999999998545, 24201.0 ], [ 22359.099490866381529, 24200.989921929412958 ], [ 22359.097968649864924, 24200.979946480521903 ], [ 22359.095448850686807, 24200.970175230046152 ], [ 22359.091957127129717, 24200.960707675429148 ], [ 22359.087529034273757, 24200.951640221683192 ], [ 22359.082209661941306, 24200.943065199717239 ], [ 22359.076053175554989, 24200.935069926166761 ], [ 22359.069122264598263, 24200.927735814286279 ], [ 22336.099999999998545, 24178.95727103945319 ], [ 22336.099999999998545, 24019.04272896054681 ], [ 22359.069122264598263, 23997.072264185713721 ], [ 22359.076053175554989, 23997.064930073833239 ], [ 22359.082209661941306, 23997.056934800282761 ], [ 22359.087529034273757, 23997.048359778316808 ], [ 22359.091957127129717, 23997.039292324570852 ], [ 22359.095448850686807, 23997.029824769953848 ], [ 22359.097968649864924, 23997.020053519478097 ], [ 22359.099490866381529, 23997.010078070587042 ], [ 22359.099999999998545, 23997.0 ], [ 22359.099999999998545, 23951.0 ], [ 22359.099518472667114, 23950.990198285966471 ], [ 22359.098078528040787, 23950.980490967798687 ], [ 22359.095694033574546, 23950.970971532275144 ], [ 22359.09238795325291, 23950.961731656763732 ], [ 22359.088192126433569, 23950.952860326317023 ], [ 22359.08314696123125, 23950.944442976699065 ], [ 22359.077301045337663, 23950.93656067158372 ], [ 22359.070710678119212, 23950.929289321880788 ], [ 22336.143010161911661, 23928.001588805673236 ], [ 22359.069122264598263, 23906.072264185713721 ], [ 22359.075962936436554, 23906.065035623221775 ], [ 22359.0820512188875, 23906.057162902998243 ], [ 22359.087326809392835, 23906.048724001902883 ], [ 22359.091737454862596, 23906.039802504641557 ], [ 22359.095239469213993, 23906.030486775878671 ], [ 22359.097798166087159, 23906.020869085034064 ], [ 22359.099388202372211, 23906.011044692353607 ], [ 22359.099993829255254, 23906.001110905413952 ], [ 22359.09960904818945, 23905.991166115298256 ], [ 22359.098237670310482, 23905.981308822079882 ], [ 22359.095893278692529, 23905.97163665919652 ], [ 22359.092599093812169, 23905.962245426431764 ], [ 22359.088387743548083, 23905.95322814103929 ], [ 22359.083300940023037, 23905.944674116442911 ], [ 22359.077389066453179, 23905.936668077611102 ], [ 22359.070710678119212, 23905.929289321880788 ], [ 22336.141421356238425, 23883.0 ], [ 22359.070710678119212, 23860.070710678119212 ], [ 22359.077301045337663, 23860.06343932841628 ], [ 22359.08314696123125, 23860.055557023300935 ], [ 22359.088192126433569, 23860.047139673682977 ], [ 22359.09238795325291, 23860.038268343236268 ], [ 22359.095694033574546, 23860.029028467724856 ], [ 22359.098078528040787, 23860.019509032201313 ], [ 22359.099518472667114, 23860.009801714033529 ], [ 22359.099999999998545, 23860.0 ], [ 22359.099518472667114, 23859.990198285966471 ], [ 22359.098078528040787, 23859.980490967798687 ], [ 22359.095694033574546, 23859.970971532275144 ], [ 22359.09238795325291, 23859.961731656763732 ], [ 22359.088192126433569, 23859.952860326317023 ], [ 22359.08314696123125, 23859.944442976699065 ], [ 22359.077301045337663, 23859.93656067158372 ], [ 22359.070710678119212, 23859.929289321880788 ], [ 22336.099999999998545, 23836.95857864376012 ], [ 22336.099999999998545, 23678.04142135623988 ], [ 22359.070710678119212, 23655.070710678119212 ], [ 22359.077301045337663, 23655.06343932841628 ], [ 22359.08314696123125, 23655.055557023300935 ], [ 22359.088192126433569, 23655.047139673682977 ], [ 22359.09238795325291, 23655.038268343236268 ], [ 22359.095694033574546, 23655.029028467724856 ], [ 22359.098078528040787, 23655.019509032201313 ], [ 22359.099518472667114, 23655.009801714033529 ], [ 22359.099999999998545, 23655.0 ], [ 22359.099999999998545, 23564.0 ], [ 22359.099490866381529, 23563.989921929412958 ], [ 22359.097968649864924, 23563.979946480521903 ], [ 22359.095448850686807, 23563.970175230046152 ], [ 22359.091957127129717, 23563.960707675429148 ], [ 22359.087529034273757, 23563.951640221683192 ], [ 22359.082209661941306, 23563.943065199717239 ], [ 22359.076053175554989, 23563.935069926166761 ], [ 22359.069122264598263, 23563.927735814286279 ], [ 22336.099999999998545, 23541.95727103945319 ], [ 22336.099999999998545, 23087.04142135623988 ], [ 22359.070710678119212, 23064.070710678119212 ], [ 22359.077301045337663, 23064.06343932841628 ], [ 22359.08314696123125, 23064.055557023300935 ], [ 22359.088192126433569, 23064.047139673682977 ], [ 22359.09238795325291, 23064.038268343236268 ], [ 22359.095694033574546, 23064.029028467724856 ], [ 22359.098078528040787, 23064.019509032201313 ], [ 22359.099518472667114, 23064.009801714033529 ], [ 22359.099999999998545, 23064.0 ], [ 22359.099518472667114, 23063.990198285966471 ], [ 22359.098078528040787, 23063.980490967798687 ], [ 22359.095694033574546, 23063.970971532275144 ], [ 22359.09238795325291, 23063.961731656763732 ], [ 22359.088192126433569, 23063.952860326317023 ], [ 22359.08314696123125, 23063.944442976699065 ], [ 22359.077301045337663, 23063.93656067158372 ], [ 22359.070710678119212, 23063.929289321880788 ], [ 22336.143010161911661, 23041.001588805673236 ], [ 22359.069122264598263, 23019.072264185713721 ], [ 22359.075962936436554, 23019.065035623221775 ], [ 22359.0820512188875, 23019.057162902998243 ], [ 22359.087326809392835, 23019.048724001902883 ], [ 22359.091737454862596, 23019.039802504641557 ], [ 22359.095239469213993, 23019.030486775878671 ], [ 22359.097798166087159, 23019.020869085034064 ], [ 22359.099388202372211, 23019.011044692353607 ], [ 22359.099993829255254, 23019.001110905413952 ], [ 22359.09960904818945, 23018.991166115298256 ], [ 22359.098237670310482, 23018.981308822079882 ], [ 22359.095893278692529, 23018.97163665919652 ], [ 22359.092599093812169, 23018.962245426431764 ], [ 22359.088387743548083, 23018.95322814103929 ], [ 22359.083300940023037, 23018.944674116442911 ], [ 22359.077389066453179, 23018.936668077611102 ], [ 22359.070710678119212, 23018.929289321880788 ], [ 22336.099999999998545, 22995.95857864376012 ], [ 22336.099999999998545, 22950.04272896054681 ], [ 22359.069122264598263, 22928.072264185713721 ], [ 22359.076053175554989, 22928.064930073833239 ], [ 22359.082209661941306, 22928.056934800282761 ], [ 22359.087529034273757, 22928.048359778316808 ], [ 22359.091957127129717, 22928.039292324570852 ], [ 22359.095448850686807, 22928.029824769953848 ], [ 22359.097968649864924, 22928.020053519478097 ], [ 22359.099490866381529, 22928.010078070587042 ], [ 22359.099999999998545, 22928.0 ], [ 22359.099999999998545, 22859.0 ], [ 22359.099490866381529, 22858.989921929412958 ], [ 22359.097968649864924, 22858.979946480521903 ], [ 22359.095448850686807, 22858.970175230046152 ], [ 22359.091957127129717, 22858.960707675429148 ], [ 22359.087529034273757, 22858.951640221683192 ], [ 22359.082209661941306, 22858.943065199717239 ], [ 22359.076053175554989, 22858.935069926166761 ], [ 22359.069122264598263, 22858.927735814286279 ], [ 22336.143010161911661, 22836.998411194326764 ], [ 22359.070710678119212, 22814.070710678119212 ], [ 22359.077301045337663, 22814.06343932841628 ], [ 22359.08314696123125, 22814.055557023300935 ], [ 22359.088192126433569, 22814.047139673682977 ], [ 22359.09238795325291, 22814.038268343236268 ], [ 22359.095694033574546, 22814.029028467724856 ], [ 22359.098078528040787, 22814.019509032201313 ], [ 22359.099518472667114, 22814.009801714033529 ], [ 22359.099999999998545, 22814.0 ], [ 22359.099999999998545, 22768.0 ], [ 22359.099490866381529, 22767.989921929412958 ], [ 22359.097968649864924, 22767.979946480521903 ], [ 22359.095448850686807, 22767.970175230046152 ], [ 22359.091957127129717, 22767.960707675429148 ], [ 22359.087529034273757, 22767.951640221683192 ], [ 22359.082209661941306, 22767.943065199717239 ], [ 22359.076053175554989, 22767.935069926166761 ], [ 22359.069122264598263, 22767.927735814286279 ], [ 22336.143010161911661, 22745.998411194326764 ], [ 22359.070710678119212, 22723.070710678119212 ], [ 22359.077301045337663, 22723.06343932841628 ], [ 22359.08314696123125, 22723.055557023300935 ], [ 22359.088192126433569, 22723.047139673682977 ], [ 22359.09238795325291, 22723.038268343236268 ], [ 22359.095694033574546, 22723.029028467724856 ], [ 22359.098078528040787, 22723.019509032201313 ], [ 22359.099518472667114, 22723.009801714033529 ], [ 22359.099999999998545, 22723.0 ], [ 22359.099999999998545, 22609.0 ], [ 22359.099518472667114, 22608.990198285966471 ], [ 22359.098078528040787, 22608.980490967798687 ], [ 22359.095694033574546, 22608.970971532275144 ], [ 22359.09238795325291, 22608.961731656763732 ], [ 22359.088192126433569, 22608.952860326317023 ], [ 22359.08314696123125, 22608.944442976699065 ], [ 22359.077301045337663, 22608.93656067158372 ], [ 22359.070710678119212, 22608.929289321880788 ], [ 22336.099999999998545, 22585.95857864376012 ], [ 22336.099999999998545, 22427.0 ], [ 22336.099518472667114, 22426.990198285966471 ], [ 22336.098078528040787, 22426.980490967798687 ], [ 22336.095694033574546, 22426.970971532275144 ], [ 22336.09238795325291, 22426.961731656763732 ], [ 22336.088192126433569, 22426.952860326317023 ], [ 22336.08314696123125, 22426.944442976699065 ], [ 22336.077301045337663, 22426.93656067158372 ], [ 22336.070710678119212, 22426.929289321880788 ], [ 22313.143010161911661, 22404.001588805673236 ], [ 22336.069122264598263, 22382.072264185713721 ], [ 22336.076053175554989, 22382.064930073833239 ], [ 22336.082209661941306, 22382.056934800282761 ], [ 22336.087529034273757, 22382.048359778316808 ], [ 22336.091957127129717, 22382.039292324570852 ], [ 22336.095448850686807, 22382.029824769953848 ], [ 22336.097968649864924, 22382.020053519478097 ], [ 22336.099490866381529, 22382.010078070587042 ], [ 22336.099999999998545, 22382.0 ], [ 22336.099999999998545, 22359.0 ], [ 22336.099518472667114, 22358.990198285966471 ], [ 22336.098078528040787, 22358.980490967798687 ], [ 22336.095694033574546, 22358.970971532275144 ], [ 22336.09238795325291, 22358.961731656763732 ], [ 22336.088192126433569, 22358.952860326317023 ], [ 22336.08314696123125, 22358.944442976699065 ], [ 22336.077301045337663, 22358.93656067158372 ], [ 22336.070710678119212, 22358.929289321880788 ], [ 22313.099999999998545, 22335.95857864376012 ], [ 22313.099999999998545, 22291.04142135623988 ], [ 22336.070710678119212, 22268.070710678119212 ], [ 22336.077301045337663, 22268.06343932841628 ], [ 22336.08314696123125, 22268.055557023300935 ], [ 22336.088192126433569, 22268.047139673682977 ], [ 22336.09238795325291, 22268.038268343236268 ], [ 22336.095694033574546, 22268.029028467724856 ], [ 22336.098078528040787, 22268.019509032201313 ], [ 22336.099518472667114, 22268.009801714033529 ], [ 22336.099999999998545, 22268.0 ], [ 22336.099518472667114, 22267.990198285966471 ], [ 22336.098078528040787, 22267.980490967798687 ], [ 22336.095694033574546, 22267.970971532275144 ], [ 22336.09238795325291, 22267.961731656763732 ], [ 22336.088192126433569, 22267.952860326317023 ], [ 22336.08314696123125, 22267.944442976699065 ], [ 22336.077301045337663, 22267.93656067158372 ], [ 22336.070710678119212, 22267.929289321880788 ], [ 22313.141421356238425, 22245.0 ], [ 22336.070710678119212, 22222.070710678119212 ], [ 22336.077301045337663, 22222.06343932841628 ], [ 22336.08314696123125, 22222.055557023300935 ], [ 22336.088192126433569, 22222.047139673682977 ], [ 22336.09238795325291, 22222.038268343236268 ], [ 22336.095694033574546, 22222.029028467724856 ], [ 22336.098078528040787, 22222.019509032201313 ], [ 22336.099518472667114, 22222.009801714033529 ], [ 22336.099999999998545, 22222.0 ], [ 22336.099999999998545, 21631.0 ], [ 22336.099518472667114, 21630.990198285966471 ], [ 22336.098078528040787, 21630.980490967798687 ], [ 22336.095694033574546, 21630.970971532275144 ], [ 22336.09238795325291, 21630.961731656763732 ], [ 22336.088192126433569, 21630.952860326317023 ], [ 22336.08314696123125, 21630.944442976699065 ], [ 22336.077301045337663, 21630.93656067158372 ], [ 22336.070710678119212, 21630.929289321880788 ], [ 22313.099999999998545, 21607.95857864376012 ], [ 22313.099999999998545, 21540.0 ], [ 22313.099545311317343, 21539.99047471812446 ], [ 22313.098185380105861, 21539.981036057008168 ], [ 22313.095932573269238, 21539.971769849697012 ], [ 22313.092807377324789, 21539.96276036098061 ], [ 22313.088838212097471, 21539.954089521113929 ], [ 22313.084061172274232, 21539.94583618075194 ], [ 22313.078519699181925, 21539.938075393900363 ], [ 22313.072264185713721, 21539.930877735401737 ], [ 22291.099999999998545, 21516.959874268519343 ], [ 22291.099999999998545, 21404.0 ], [ 22291.099518472667114, 21403.990198285966471 ], [ 22291.098078528040787, 21403.980490967798687 ], [ 22291.095694033574546, 21403.970971532275144 ], [ 22291.09238795325291, 21403.961731656763732 ], [ 22291.088192126433569, 21403.952860326317023 ], [ 22291.08314696123125, 21403.944442976699065 ], [ 22291.077301045337663, 21403.93656067158372 ], [ 22291.070710678119212, 21403.929289321880788 ], [ 22268.099999999998545, 21380.95857864376012 ], [ 22268.099999999998545, 21222.0 ], [ 22268.099518472667114, 21221.990198285966471 ], [ 22268.098078528040787, 21221.980490967798687 ], [ 22268.095694033574546, 21221.970971532275144 ], [ 22268.09238795325291, 21221.961731656763732 ], [ 22268.088192126433569, 21221.952860326317023 ], [ 22268.08314696123125, 21221.944442976699065 ], [ 22268.077301045337663, 21221.93656067158372 ], [ 22268.070710678119212, 21221.929289321880788 ], [ 22245.099999999998545, 21198.95857864376012 ], [ 22245.099999999998545, 21131.0 ], [ 22245.099518472667114, 21130.990198285966471 ], [ 22245.098078528040787, 21130.980490967798687 ], [ 22245.095694033574546, 21130.970971532275144 ], [ 22245.09238795325291, 21130.961731656763732 ], [ 22245.088192126433569, 21130.952860326317023 ], [ 22245.08314696123125, 21130.944442976699065 ], [ 22245.077301045337663, 21130.93656067158372 ], [ 22245.070710678119212, 21130.929289321880788 ], [ 22222.099999999998545, 21107.95857864376012 ], [ 22222.099999999998545, 21062.04272896054681 ], [ 22245.069122264598263, 21040.072264185713721 ], [ 22245.076053175554989, 21040.064930073833239 ], [ 22245.082209661941306, 21040.056934800282761 ], [ 22245.087529034273757, 21040.048359778316808 ], [ 22245.091957127129717, 21040.039292324570852 ], [ 22245.095448850686807, 21040.029824769953848 ], [ 22245.097968649864924, 21040.020053519478097 ], [ 22245.099490866381529, 21040.010078070587042 ], [ 22245.099999999998545, 21040.0 ], [ 22245.099999999998545, 20994.0 ], [ 22245.099518472667114, 20993.990198285966471 ], [ 22245.098078528040787, 20993.980490967798687 ], [ 22245.095694033574546, 20993.970971532275144 ], [ 22245.09238795325291, 20993.961731656763732 ], [ 22245.088192126433569, 20993.952860326317023 ], [ 22245.08314696123125, 20993.944442976699065 ], [ 22245.077301045337663, 20993.93656067158372 ], [ 22245.070710678119212, 20993.929289321880788 ], [ 22222.099999999998545, 20970.95857864376012 ], [ 22222.099999999998545, 20949.0 ], [ 22222.099545311317343, 20948.99047471812446 ], [ 22222.098185380105861, 20948.981036057008168 ], [ 22222.095932573269238, 20948.971769849697012 ], [ 22222.092807377324789, 20948.96276036098061 ], [ 22222.088838212097471, 20948.954089521113929 ], [ 22222.084061172274232, 20948.94583618075194 ], [ 22222.078519699181925, 20948.938075393900363 ], [ 22222.072264185713721, 20948.930877735401737 ], [ 22200.13838113446036, 20926.0 ], [ 22222.072264185713721, 20903.069122264598263 ], [ 22222.078519699181925, 20903.061924606099637 ], [ 22222.084061172274232, 20903.05416381924806 ], [ 22222.088838212097471, 20903.045910478886071 ], [ 22222.092807377324789, 20903.03723963901939 ], [ 22222.095932573269238, 20903.028230150302988 ], [ 22222.098185380105861, 20903.018963942991832 ], [ 22222.099545311317343, 20903.00952528187554 ], [ 22222.099999999998545, 20903.0 ], [ 22222.099999999998545, 20858.04142135623988 ], [ 22245.070710678119212, 20835.070710678119212 ], [ 22245.077301045337663, 20835.06343932841628 ], [ 22245.08314696123125, 20835.055557023300935 ], [ 22245.088192126433569, 20835.047139673682977 ], [ 22245.09238795325291, 20835.038268343236268 ], [ 22245.095694033574546, 20835.029028467724856 ], [ 22245.098078528040787, 20835.019509032201313 ], [ 22245.099518472667114, 20835.009801714033529 ], [ 22245.099999999998545, 20835.0 ], [ 22245.099999999998545, 20607.04272896054681 ], [ 22268.069122264598263, 20585.072264185713721 ], [ 22268.076053175554989, 20585.064930073833239 ], [ 22268.082209661941306, 20585.056934800282761 ], [ 22268.087529034273757, 20585.048359778316808 ], [ 22268.091957127129717, 20585.039292324570852 ], [ 22268.095448850686807, 20585.029824769953848 ], [ 22268.097968649864924, 20585.020053519478097 ], [ 22268.099490866381529, 20585.010078070587042 ], [ 22268.099999999998545, 20585.0 ], [ 22268.099999999998545, 20289.0 ], [ 22268.099518472667114, 20288.990198285966471 ], [ 22268.098078528040787, 20288.980490967798687 ], [ 22268.095694033574546, 20288.970971532275144 ], [ 22268.09238795325291, 20288.961731656763732 ], [ 22268.088192126433569, 20288.952860326317023 ], [ 22268.08314696123125, 20288.944442976699065 ], [ 22268.077301045337663, 20288.93656067158372 ], [ 22268.070710678119212, 20288.929289321880788 ], [ 22245.099999999998545, 20265.95857864376012 ], [ 22245.099999999998545, 20244.04142135623988 ], [ 22268.070710678119212, 20221.070710678119212 ], [ 22268.077301045337663, 20221.06343932841628 ], [ 22268.08314696123125, 20221.055557023300935 ], [ 22268.088192126433569, 20221.047139673682977 ], [ 22268.09238795325291, 20221.038268343236268 ], [ 22268.095694033574546, 20221.029028467724856 ], [ 22268.098078528040787, 20221.019509032201313 ], [ 22268.099518472667114, 20221.009801714033529 ], [ 22268.099999999998545, 20221.0 ], [ 22268.099999999998545, 20130.0 ], [ 22268.099518472667114, 20129.990198285966471 ], [ 22268.098078528040787, 20129.980490967798687 ], [ 22268.095694033574546, 20129.970971532275144 ], [ 22268.09238795325291, 20129.961731656763732 ], [ 22268.088192126433569, 20129.952860326317023 ], [ 22268.08314696123125, 20129.944442976699065 ], [ 22268.077301045337663, 20129.93656067158372 ], [ 22268.070710678119212, 20129.929289321880788 ], [ 22245.099999999998545, 20106.95857864376012 ], [ 22245.099999999998545, 19948.0 ], [ 22245.099518472667114, 19947.990198285966471 ], [ 22245.098078528040787, 19947.980490967798687 ], [ 22245.095694033574546, 19947.970971532275144 ], [ 22245.09238795325291, 19947.961731656763732 ], [ 22245.088192126433569, 19947.952860326317023 ], [ 22245.08314696123125, 19947.944442976699065 ], [ 22245.077301045337663, 19947.93656067158372 ], [ 22245.070710678119212, 19947.929289321880788 ], [ 22222.141421356238425, 19925.0 ], [ 22245.070710678119212, 19902.070710678119212 ], [ 22245.077301045337663, 19902.06343932841628 ], [ 22245.08314696123125, 19902.055557023300935 ], [ 22245.088192126433569, 19902.047139673682977 ], [ 22245.09238795325291, 19902.038268343236268 ], [ 22245.095694033574546, 19902.029028467724856 ], [ 22245.098078528040787, 19902.019509032201313 ], [ 22245.099518472667114, 19902.009801714033529 ], [ 22245.099999999998545, 19902.0 ], [ 22245.099999999998545, 19857.0 ], [ 22245.099518472667114, 19856.990198285966471 ], [ 22245.098078528040787, 19856.980490967798687 ], [ 22245.095694033574546, 19856.970971532275144 ], [ 22245.09238795325291, 19856.961731656763732 ], [ 22245.088192126433569, 19856.952860326317023 ], [ 22245.08314696123125, 19856.944442976699065 ], [ 22245.077301045337663, 19856.93656067158372 ], [ 22245.070710678119212, 19856.929289321880788 ], [ 22222.099999999998545, 19833.95857864376012 ], [ 22222.099999999998545, 19698.0 ], [ 22222.099545311317343, 19697.99047471812446 ], [ 22222.098185380105861, 19697.981036057008168 ], [ 22222.095932573269238, 19697.971769849697012 ], [ 22222.092807377324789, 19697.96276036098061 ], [ 22222.088838212097471, 19697.954089521113929 ], [ 22222.084061172274232, 19697.94583618075194 ], [ 22222.078519699181925, 19697.938075393900363 ], [ 22222.072264185713721, 19697.930877735401737 ], [ 22200.099999999998545, 19674.959874268519343 ], [ 22200.099999999998545, 19584.0 ], [ 22200.099518472667114, 19583.990198285966471 ], [ 22200.098078528040787, 19583.980490967798687 ], [ 22200.095694033574546, 19583.970971532275144 ], [ 22200.09238795325291, 19583.961731656763732 ], [ 22200.088192126433569, 19583.952860326317023 ], [ 22200.08314696123125, 19583.944442976699065 ], [ 22200.077301045337663, 19583.93656067158372 ], [ 22200.070710678119212, 19583.929289321880788 ], [ 22177.099999999998545, 19560.95857864376012 ], [ 22177.099999999998545, 19470.0 ], [ 22177.099518472667114, 19469.990198285966471 ], [ 22177.098078528040787, 19469.980490967798687 ], [ 22177.095694033574546, 19469.970971532275144 ], [ 22177.09238795325291, 19469.961731656763732 ], [ 22177.088192126433569, 19469.952860326317023 ], [ 22177.08314696123125, 19469.944442976699065 ], [ 22177.077301045337663, 19469.93656067158372 ], [ 22177.070710678119212, 19469.929289321880788 ], [ 22154.099999999998545, 19446.95857864376012 ], [ 22154.099999999998545, 19402.0 ], [ 22154.099518472667114, 19401.990198285966471 ], [ 22154.098078528040787, 19401.980490967798687 ], [ 22154.095694033574546, 19401.970971532275144 ], [ 22154.09238795325291, 19401.961731656763732 ], [ 22154.088192126433569, 19401.952860326317023 ], [ 22154.08314696123125, 19401.944442976699065 ], [ 22154.077301045337663, 19401.93656067158372 ], [ 22154.070710678119212, 19401.929289321880788 ], [ 22154.06343932841628, 19401.922698954662337 ], [ 22154.055557023300935, 19401.91685303876875 ], [ 22154.047139673682977, 19401.911807873566431 ], [ 22154.038268343236268, 19401.90761204674709 ], [ 22154.029028467724856, 19401.904305966425454 ], [ 22154.019509032201313, 19401.901921471959213 ], [ 22154.009801714033529, 19401.900481527332886 ], [ 22154.0, 19401.900000000001455 ], [ 22131.04272896054681, 19401.900000000001455 ], [ 22109.099999999998545, 19378.959874268519343 ], [ 22109.099999999998545, 19356.0 ], [ 22109.099490866381529, 19355.989921929412958 ], [ 22109.097968649864924, 19355.979946480521903 ], [ 22109.095448850686807, 19355.970175230046152 ], [ 22109.091957127129717, 19355.960707675429148 ], [ 22109.087529034273757, 19355.951640221683192 ], [ 22109.082209661941306, 19355.943065199717239 ], [ 22109.076053175554989, 19355.935069926166761 ], [ 22109.069122264598263, 19355.927735814286279 ], [ 22086.069925100906403, 19333.928503744667978 ], [ 22063.070710678119212, 19310.929289321880788 ], [ 22063.06343932841628, 19310.922698954662337 ], [ 22063.055557023300935, 19310.91685303876875 ], [ 22063.047139673682977, 19310.911807873566431 ], [ 22063.038268343236268, 19310.90761204674709 ], [ 22063.029028467724856, 19310.904305966425454 ], [ 22063.019509032201313, 19310.901921471959213 ], [ 22063.009801714033529, 19310.900481527332886 ], [ 22063.0, 19310.900000000001455 ], [ 22041.04142135623988, 19310.900000000001455 ], [ 21995.070710678119212, 19264.929289321880788 ], [ 21995.06343932841628, 19264.922698954662337 ], [ 21995.055557023300935, 19264.91685303876875 ], [ 21995.047139673682977, 19264.911807873566431 ], [ 21995.038268343236268, 19264.90761204674709 ], [ 21995.029028467724856, 19264.904305966425454 ], [ 21995.019509032201313, 19264.901921471959213 ], [ 21995.009801714033529, 19264.900481527332886 ], [ 21995.0, 19264.900000000001455 ], [ 21859.0, 19264.900000000001455 ] ], [ [ 14148.0, 31048.099999999998545 ], [ 14148.010078070585223, 31048.099490866381529 ], [ 14148.020053519479916, 31048.097968649864924 ], [ 14148.029824769955667, 31048.095448850683169 ], [ 14148.039292324570852, 31048.091957127129717 ], [ 14148.048359778316808, 31048.087529034273757 ], [ 14148.05693480028458, 31048.082209661941306 ], [ 14148.064930073833239, 31048.076053175554989 ], [ 14148.072264185715539, 31048.069122264598263 ], [ 14170.001588805675055, 31025.143010161911661 ], [ 14192.929289321880788, 31048.070710678119212 ], [ 14192.93656067158372, 31048.077301045337663 ], [ 14192.944442976697246, 31048.08314696123125 ], [ 14192.952860326317023, 31048.088192126433569 ], [ 14192.961731656763732, 31048.09238795325291 ], [ 14192.970971532275144, 31048.095694033574546 ], [ 14192.980490967798687, 31048.098078528040787 ], [ 14192.990198285966471, 31048.099518472667114 ], [ 14193.0, 31048.099999999998545 ], [ 14215.95857864376012, 31048.099999999998545 ], [ 14283.9, 31116.04142135623988 ], [ 14283.9, 31139.0 ], [ 14283.900481527332886, 31139.009801714033529 ], [ 14283.901921471959213, 31139.019509032201313 ], [ 14283.904305966427273, 31139.029028467724856 ], [ 14283.907612046748909, 31139.038268343236268 ], [ 14283.911807873564612, 31139.047139673682977 ], [ 14283.916853038770569, 31139.055557023300935 ], [ 14283.922698954664156, 31139.06343932841628 ], [ 14283.929289321880788, 31139.070710678119212 ], [ 14306.9, 31162.04142135623988 ], [ 14306.9, 31184.0 ], [ 14306.900481527332886, 31184.009801714033529 ], [ 14306.901921471959213, 31184.019509032201313 ], [ 14306.904305966427273, 31184.029028467724856 ], [ 14306.907612046748909, 31184.038268343236268 ], [ 14306.911807873564612, 31184.047139673682977 ], [ 14306.916853038770569, 31184.055557023300935 ], [ 14306.922698954664156, 31184.06343932841628 ], [ 14306.929289321880788, 31184.070710678119212 ], [ 14329.9, 31207.04142135623988 ], [ 14329.9, 31253.0 ], [ 14329.900481527332886, 31253.009801714033529 ], [ 14329.901921471959213, 31253.019509032201313 ], [ 14329.904305966427273, 31253.029028467724856 ], [ 14329.907612046748909, 31253.038268343236268 ], [ 14329.911807873564612, 31253.047139673682977 ], [ 14329.916853038770569, 31253.055557023300935 ], [ 14329.922698954664156, 31253.06343932841628 ], [ 14329.929289321880788, 31253.070710678119212 ], [ 14351.929289321880788, 31275.070710678119212 ], [ 14351.93656067158372, 31275.077301045337663 ], [ 14351.944442976697246, 31275.08314696123125 ], [ 14351.952860326317023, 31275.088192126433569 ], [ 14351.961731656763732, 31275.09238795325291 ], [ 14351.970971532275144, 31275.095694033574546 ], [ 14351.980490967798687, 31275.098078528040787 ], [ 14351.990198285966471, 31275.099518472667114 ], [ 14352.0, 31275.099999999998545 ], [ 14466.0, 31275.099999999998545 ], [ 14466.00952528187554, 31275.099545311317343 ], [ 14466.018963942991832, 31275.098185380105861 ], [ 14466.028230150304807, 31275.095932573269238 ], [ 14466.03723963901939, 31275.092807377324789 ], [ 14466.045910478886071, 31275.088838212097471 ], [ 14466.05416381924806, 31275.084061172274232 ], [ 14466.061924606099637, 31275.078519699181925 ], [ 14466.069122264596444, 31275.072264185713721 ], [ 14489.040125731480657, 31253.099999999998545 ], [ 14511.95857864376012, 31253.099999999998545 ], [ 14533.929289321880788, 31275.070710678119212 ], [ 14533.936453387890651, 31275.077212875152327 ], [ 14533.944212265490933, 31275.08299234108199 ], [ 14533.9524933297198, 31275.087994978715869 ], [ 14533.961219067823549, 31275.092173962155357 ], [ 14533.970307804791446, 31275.095490175117448 ], [ 14533.979674467855148, 31275.097912577042734 ], [ 14533.989231382794969, 31275.099418493668054 ], [ 14533.998889094584229, 31275.099993829255254 ], [ 14534.008557204717363, 31275.099633198518859 ], [ 14534.018145217352867, 31275.09833997705573 ], [ 14534.027563386383918, 31275.096126269723754 ], [ 14534.036723555480421, 31275.093012797358824 ], [ 14534.045539983255367, 31275.089028702815995 ], [ 14534.053930145821141, 31275.084211278175644 ], [ 14534.061815509236112, 31275.078605615690321 ], [ 14534.069122264596444, 31275.072264185713721 ], [ 14557.040125731480657, 31253.099999999998545 ], [ 14603.0, 31253.099999999998545 ], [ 14603.010078070585223, 31253.099490866381529 ], [ 14603.020053519479916, 31253.097968649864924 ], [ 14603.029824769955667, 31253.095448850683169 ], [ 14603.039292324570852, 31253.091957127129717 ], [ 14603.048359778316808, 31253.087529034273757 ], [ 14603.05693480028458, 31253.082209661941306 ], [ 14603.064930073833239, 31253.076053175554989 ], [ 14603.072264185715539, 31253.069122264598263 ], [ 14625.042728960550448, 31230.099999999998545 ], [ 14648.0, 31230.099999999998545 ], [ 14648.009801714033529, 31230.099518472667114 ], [ 14648.019509032201313, 31230.098078528040787 ], [ 14648.029028467724856, 31230.095694033574546 ], [ 14648.038268343236268, 31230.09238795325291 ], [ 14648.047139673682977, 31230.088192126433569 ], [ 14648.055557023302754, 31230.08314696123125 ], [ 14648.06343932841628, 31230.077301045337663 ], [ 14648.070710678119212, 31230.070710678119212 ], [ 14671.04142135623988, 31207.099999999998545 ], [ 14989.0, 31207.099999999998545 ], [ 14989.009801714033529, 31207.099518472667114 ], [ 14989.019509032201313, 31207.098078528040787 ], [ 14989.029028467724856, 31207.095694033574546 ], [ 14989.038268343236268, 31207.09238795325291 ], [ 14989.047139673682977, 31207.088192126433569 ], [ 14989.055557023302754, 31207.08314696123125 ], [ 14989.06343932841628, 31207.077301045337663 ], [ 14989.070710678119212, 31207.070710678119212 ], [ 15012.04142135623988, 31184.099999999998545 ], [ 15308.0, 31184.099999999998545 ], [ 15308.009801714033529, 31184.099518472667114 ], [ 15308.019509032201313, 31184.098078528040787 ], [ 15308.029028467724856, 31184.095694033574546 ], [ 15308.038268343236268, 31184.09238795325291 ], [ 15308.047139673682977, 31184.088192126433569 ], [ 15308.055557023302754, 31184.08314696123125 ], [ 15308.06343932841628, 31184.077301045337663 ], [ 15308.070710678119212, 31184.070710678119212 ], [ 15330.04142135623988, 31162.099999999998545 ], [ 15511.959874268519343, 31162.099999999998545 ], [ 15534.930877735403556, 31184.072264185713721 ], [ 15534.938075393900363, 31184.078519699181925 ], [ 15534.94583618075194, 31184.084061172274232 ], [ 15534.954089521113929, 31184.088838212097471 ], [ 15534.96276036098061, 31184.092807377324789 ], [ 15534.971769849695193, 31184.095932573269238 ], [ 15534.981036057008168, 31184.098185380105861 ], [ 15534.99047471812446, 31184.099545311317343 ], [ 15535.0, 31184.099999999998545 ], [ 15535.00952528187554, 31184.099545311317343 ], [ 15535.018963942991832, 31184.098185380105861 ], [ 15535.028230150304807, 31184.095932573269238 ], [ 15535.03723963901939, 31184.092807377324789 ], [ 15535.045910478886071, 31184.088838212097471 ], [ 15535.05416381924806, 31184.084061172274232 ], [ 15535.061924606099637, 31184.078519699181925 ], [ 15535.069122264596444, 31184.072264185713721 ], [ 15558.0, 31162.138381134456722 ], [ 15580.930877735403556, 31184.072264185713721 ], [ 15580.938075393900363, 31184.078519699181925 ], [ 15580.94583618075194, 31184.084061172274232 ], [ 15580.954089521113929, 31184.088838212097471 ], [ 15580.96276036098061, 31184.092807377324789 ], [ 15580.971769849695193, 31184.095932573269238 ], [ 15580.981036057008168, 31184.098185380105861 ], [ 15580.99047471812446, 31184.099545311317343 ], [ 15581.0, 31184.099999999998545 ], [ 15808.0, 31184.099999999998545 ], [ 15808.00952528187554, 31184.099545311317343 ], [ 15808.018963942991832, 31184.098185380105861 ], [ 15808.028230150304807, 31184.095932573269238 ], [ 15808.03723963901939, 31184.092807377324789 ], [ 15808.045910478886071, 31184.088838212097471 ], [ 15808.05416381924806, 31184.084061172274232 ], [ 15808.061924606099637, 31184.078519699181925 ], [ 15808.069122264596444, 31184.072264185713721 ], [ 15831.040125731480657, 31162.099999999998545 ], [ 15875.959874268519343, 31162.099999999998545 ], [ 15898.9, 31184.042728960543172 ], [ 15898.9, 31207.0 ], [ 15898.900481527332886, 31207.009801714033529 ], [ 15898.901921471959213, 31207.019509032201313 ], [ 15898.904305966427273, 31207.029028467724856 ], [ 15898.907612046748909, 31207.038268343236268 ], [ 15898.911807873564612, 31207.047139673682977 ], [ 15898.916853038770569, 31207.055557023300935 ], [ 15898.922698954664156, 31207.06343932841628 ], [ 15898.929289321880788, 31207.070710678119212 ], [ 15898.93656067158372, 31207.077301045337663 ], [ 15898.944442976697246, 31207.08314696123125 ], [ 15898.952860326317023, 31207.088192126433569 ], [ 15898.961731656763732, 31207.09238795325291 ], [ 15898.970971532275144, 31207.095694033574546 ], [ 15898.980490967798687, 31207.098078528040787 ], [ 15898.990198285966471, 31207.099518472667114 ], [ 15899.0, 31207.099999999998545 ], [ 16035.957271039449552, 31207.099999999998545 ], [ 16057.927735814284461, 31230.069122264598263 ], [ 16057.935069926166761, 31230.076053175554989 ], [ 16057.94306519971542, 31230.082209661941306 ], [ 16057.951640221683192, 31230.087529034273757 ], [ 16057.960707675429148, 31230.091957127129717 ], [ 16057.970175230044333, 31230.095448850683169 ], [ 16057.979946480520084, 31230.097968649864924 ], [ 16057.989921929414777, 31230.099490866381529 ], [ 16058.0, 31230.099999999998545 ], [ 16171.95857864376012, 31230.099999999998545 ], [ 16194.929289321880788, 31253.070710678119212 ], [ 16194.93656067158372, 31253.077301045337663 ], [ 16194.944442976697246, 31253.08314696123125 ], [ 16194.952860326317023, 31253.088192126433569 ], [ 16194.961731656763732, 31253.09238795325291 ], [ 16194.970971532275144, 31253.095694033574546 ], [ 16194.980490967798687, 31253.098078528040787 ], [ 16194.990198285966471, 31253.099518472667114 ], [ 16195.0, 31253.099999999998545 ], [ 16285.95857864376012, 31253.099999999998545 ], [ 16307.929289321880788, 31275.070710678119212 ], [ 16307.93656067158372, 31275.077301045337663 ], [ 16307.944442976697246, 31275.08314696123125 ], [ 16307.952860326317023, 31275.088192126433569 ], [ 16307.961731656763732, 31275.09238795325291 ], [ 16307.970971532275144, 31275.095694033574546 ], [ 16307.980490967798687, 31275.098078528040787 ], [ 16307.990198285966471, 31275.099518472667114 ], [ 16308.0, 31275.099999999998545 ], [ 16353.95857864376012, 31275.099999999998545 ], [ 16376.929289321880788, 31298.070710678119212 ], [ 16376.93656067158372, 31298.077301045337663 ], [ 16376.944442976697246, 31298.08314696123125 ], [ 16376.952860326317023, 31298.088192126433569 ], [ 16376.961731656763732, 31298.09238795325291 ], [ 16376.970971532275144, 31298.095694033574546 ], [ 16376.980490967798687, 31298.098078528040787 ], [ 16376.990198285966471, 31298.099518472667114 ], [ 16377.0, 31298.099999999998545 ], [ 16421.95857864376012, 31298.099999999998545 ], [ 16444.929289321880788, 31321.070710678119212 ], [ 16444.93656067158372, 31321.077301045337663 ], [ 16444.944442976699065, 31321.08314696123125 ], [ 16444.952860326317023, 31321.088192126433569 ], [ 16444.961731656763732, 31321.09238795325291 ], [ 16444.970971532275144, 31321.095694033574546 ], [ 16444.980490967798687, 31321.098078528040787 ], [ 16444.990198285966471, 31321.099518472667114 ], [ 16445.0, 31321.099999999998545 ], [ 16467.95727103945319, 31321.099999999998545 ], [ 16489.927735814286279, 31344.069122264598263 ], [ 16489.935069926166761, 31344.076053175554989 ], [ 16489.943065199717239, 31344.082209661941306 ], [ 16489.951640221683192, 31344.087529034273757 ], [ 16489.960707675429148, 31344.091957127129717 ], [ 16489.970175230046152, 31344.095448850686807 ], [ 16489.979946480521903, 31344.097968649864924 ], [ 16489.989921929412958, 31344.099490866381529 ], [ 16490.0, 31344.099999999998545 ], [ 16535.959874268519343, 31344.099999999998545 ], [ 16558.9292718646102, 31366.0707281353898 ], [ 16580.900000000001455, 31389.040125731480657 ], [ 16580.900000000001455, 31435.0 ], [ 16580.900509133618471, 31435.010078070587042 ], [ 16580.902031350135076, 31435.020053519478097 ], [ 16580.904551149313193, 31435.029824769953848 ], [ 16580.908042872870283, 31435.039292324570852 ], [ 16580.912470965726243, 31435.048359778316808 ], [ 16580.917790338058694, 31435.056934800282761 ], [ 16580.923946824445011, 31435.064930073833239 ], [ 16580.930877735401737, 31435.072264185713721 ], [ 16603.856989838088339, 31457.001588805673236 ], [ 16580.929289321880788, 31479.929289321880788 ], [ 16580.922698954662337, 31479.93656067158372 ], [ 16580.91685303876875, 31479.944442976699065 ], [ 16580.911807873566431, 31479.952860326317023 ], [ 16580.90761204674709, 31479.961731656763732 ], [ 16580.904305966425454, 31479.970971532275144 ], [ 16580.901921471959213, 31479.980490967798687 ], [ 16580.900481527332886, 31479.990198285966471 ], [ 16580.900000000001455, 31480.0 ], [ 16580.900481527332886, 31480.009801714033529 ], [ 16580.901921471959213, 31480.019509032201313 ], [ 16580.904305966425454, 31480.029028467724856 ], [ 16580.90761204674709, 31480.038268343236268 ], [ 16580.911807873566431, 31480.047139673682977 ], [ 16580.91685303876875, 31480.055557023300935 ], [ 16580.922698954662337, 31480.06343932841628 ], [ 16580.929289321880788, 31480.070710678119212 ], [ 16580.93656067158372, 31480.077301045337663 ], [ 16580.944442976699065, 31480.08314696123125 ], [ 16580.952860326317023, 31480.088192126433569 ], [ 16580.961731656763732, 31480.09238795325291 ], [ 16580.970971532275144, 31480.095694033574546 ], [ 16580.980490967798687, 31480.098078528040787 ], [ 16580.990198285966471, 31480.099518472667114 ], [ 16581.0, 31480.099999999998545 ], [ 16581.009801714033529, 31480.099518472667114 ], [ 16581.019509032201313, 31480.098078528040787 ], [ 16581.029028467724856, 31480.095694033574546 ], [ 16581.038268343236268, 31480.09238795325291 ], [ 16581.047139673682977, 31480.088192126433569 ], [ 16581.055557023300935, 31480.08314696123125 ], [ 16581.06343932841628, 31480.077301045337663 ], [ 16581.070710678119212, 31480.070710678119212 ], [ 16604.04142135623988, 31457.099999999998545 ], [ 16626.95857864376012, 31457.099999999998545 ], [ 16649.858578643761575, 31480.0 ], [ 16626.929289321880788, 31502.929289321880788 ], [ 16626.922698954662337, 31502.93656067158372 ], [ 16626.91685303876875, 31502.944442976699065 ], [ 16626.911807873566431, 31502.952860326317023 ], [ 16626.90761204674709, 31502.961731656763732 ], [ 16626.904305966425454, 31502.970971532275144 ], [ 16626.901921471959213, 31502.980490967798687 ], [ 16626.900481527332886, 31502.990198285966471 ], [ 16626.900000000001455, 31503.0 ], [ 16626.900481527332886, 31503.009801714033529 ], [ 16626.901921471959213, 31503.019509032201313 ], [ 16626.904305966425454, 31503.029028467724856 ], [ 16626.90761204674709, 31503.038268343236268 ], [ 16626.911807873566431, 31503.047139673682977 ], [ 16626.91685303876875, 31503.055557023300935 ], [ 16626.922698954662337, 31503.06343932841628 ], [ 16626.929289321880788, 31503.070710678119212 ], [ 16626.93656067158372, 31503.077301045337663 ], [ 16626.944442976699065, 31503.08314696123125 ], [ 16626.952860326317023, 31503.088192126433569 ], [ 16626.961731656763732, 31503.09238795325291 ], [ 16626.970971532275144, 31503.095694033574546 ], [ 16626.980490967798687, 31503.098078528040787 ], [ 16626.990198285966471, 31503.099518472667114 ], [ 16627.0, 31503.099999999998545 ], [ 16671.95857864376012, 31503.099999999998545 ], [ 16694.856989838088339, 31525.998411194326764 ], [ 16671.930877735401737, 31547.927735814286279 ], [ 16671.924127449168736, 31547.934858952801733 ], [ 16671.918107857072755, 31547.942609435209306 ], [ 16671.912876931080973, 31547.950912620130111 ], [ 16671.908485047872091, 31547.959688543356606 ], [ 16671.904974503675476, 31547.968852687943581 ], [ 16671.902379106955777, 31547.978316798169544 ], [ 16671.900723852802912, 31547.987989729488618 ], [ 16671.900024682217918, 31547.997778326272964 ], [ 16671.900288328593888, 31548.00758831899293 ], [ 16671.901512252872635, 31548.017325232049188 ], [ 16671.903684667995549, 31548.02689529365307 ], [ 16671.906784652415809, 31548.036206338878401 ], [ 16671.910782351591479, 31548.045168697262852 ], [ 16671.915639265491336, 31548.053696056405897 ], [ 16671.921308619384945, 31548.061706293170573 ], [ 16671.927735814286279, 31548.069122264598263 ], [ 16671.934858952801733, 31548.075872550831264 ], [ 16671.942609435209306, 31548.081892142927245 ], [ 16671.950912620130111, 31548.087123068919027 ], [ 16671.959688543356606, 31548.091514952127909 ], [ 16671.968852687943581, 31548.095025496324524 ], [ 16671.978316798169544, 31548.097620893044223 ], [ 16671.987989729488618, 31548.099276147197088 ], [ 16671.997778326272964, 31548.099975317782082 ], [ 16672.00758831899293, 31548.099711671406112 ], [ 16672.017325232049188, 31548.098487747127365 ], [ 16672.02689529365307, 31548.096315332004451 ], [ 16672.036206338878401, 31548.093215347584191 ], [ 16672.045168697262852, 31548.089217648408521 ], [ 16672.053696056405897, 31548.084360734508664 ], [ 16672.061706293170573, 31548.078691380615055 ], [ 16672.069122264598263, 31548.072264185713721 ], [ 16695.040125731480657, 31526.099999999998545 ], [ 16717.959874268519343, 31526.099999999998545 ], [ 16740.930877735401737, 31548.072264185713721 ], [ 16740.938075393900363, 31548.078519699181925 ], [ 16740.94583618075194, 31548.084061172274232 ], [ 16740.954089521113929, 31548.088838212097471 ], [ 16740.96276036098061, 31548.092807377324789 ], [ 16740.971769849697012, 31548.095932573269238 ], [ 16740.981036057008168, 31548.098185380105861 ], [ 16740.99047471812446, 31548.099545311317343 ], [ 16741.0, 31548.099999999998545 ], [ 16853.95857864376012, 31548.099999999998545 ], [ 16876.929289321880788, 31571.070710678119212 ], [ 16876.93656067158372, 31571.077301045337663 ], [ 16876.944442976699065, 31571.08314696123125 ], [ 16876.952860326317023, 31571.088192126433569 ], [ 16876.961731656763732, 31571.09238795325291 ], [ 16876.970971532275144, 31571.095694033574546 ], [ 16876.980490967798687, 31571.098078528040787 ], [ 16876.990198285966471, 31571.099518472667114 ], [ 16877.0, 31571.099999999998545 ], [ 16877.009801714033529, 31571.099518472667114 ], [ 16877.019509032201313, 31571.098078528040787 ], [ 16877.029028467724856, 31571.095694033574546 ], [ 16877.038268343236268, 31571.09238795325291 ], [ 16877.047139673682977, 31571.088192126433569 ], [ 16877.055557023300935, 31571.08314696123125 ], [ 16877.06343932841628, 31571.077301045337663 ], [ 16877.070710678119212, 31571.070710678119212 ], [ 16900.0, 31548.141421356238425 ], [ 16922.929289321880788, 31571.070710678119212 ], [ 16922.93656067158372, 31571.077301045337663 ], [ 16922.944442976699065, 31571.08314696123125 ], [ 16922.952860326317023, 31571.088192126433569 ], [ 16922.961731656763732, 31571.09238795325291 ], [ 16922.970971532275144, 31571.095694033574546 ], [ 16922.980490967798687, 31571.098078528040787 ], [ 16922.990198285966471, 31571.099518472667114 ], [ 16923.0, 31571.099999999998545 ], [ 16967.95857864376012, 31571.099999999998545 ], [ 16990.929289321880788, 31594.070710678119212 ], [ 16990.93656067158372, 31594.077301045337663 ], [ 16990.944442976699065, 31594.08314696123125 ], [ 16990.952860326317023, 31594.088192126433569 ], [ 16990.961731656763732, 31594.09238795325291 ], [ 16990.970971532275144, 31594.095694033574546 ], [ 16990.980490967798687, 31594.098078528040787 ], [ 16990.990198285966471, 31594.099518472667114 ], [ 16991.0, 31594.099999999998545 ], [ 17013.95727103945319, 31594.099999999998545 ], [ 17035.927735814286279, 31617.069122264598263 ], [ 17035.935069926166761, 31617.076053175554989 ], [ 17035.943065199717239, 31617.082209661941306 ], [ 17035.951640221683192, 31617.087529034273757 ], [ 17035.960707675429148, 31617.091957127129717 ], [ 17035.970175230046152, 31617.095448850686807 ], [ 17035.979946480521903, 31617.097968649864924 ], [ 17035.989921929412958, 31617.099490866381529 ], [ 17036.0, 31617.099999999998545 ], [ 17081.959874268519343, 31617.099999999998545 ], [ 17104.9292718646102, 31639.0707281353898 ], [ 17126.927735814286279, 31662.069122264598263 ], [ 17126.935069926166761, 31662.076053175554989 ], [ 17126.943065199717239, 31662.082209661941306 ], [ 17126.951640221683192, 31662.087529034273757 ], [ 17126.960707675429148, 31662.091957127129717 ], [ 17126.970175230046152, 31662.095448850686807 ], [ 17126.979946480521903, 31662.097968649864924 ], [ 17126.989921929412958, 31662.099490866381529 ], [ 17127.0, 31662.099999999998545 ], [ 17195.95727103945319, 31662.099999999998545 ], [ 17217.927735814286279, 31685.069122264598263 ], [ 17217.935069926166761, 31685.076053175554989 ], [ 17217.943065199717239, 31685.082209661941306 ], [ 17217.951640221683192, 31685.087529034273757 ], [ 17217.960707675429148, 31685.091957127129717 ], [ 17217.970175230046152, 31685.095448850686807 ], [ 17217.979946480521903, 31685.097968649864924 ], [ 17217.989921929412958, 31685.099490866381529 ], [ 17218.0, 31685.099999999998545 ], [ 17263.95857864376012, 31685.099999999998545 ], [ 17286.929289321880788, 31708.070710678119212 ], [ 17286.93656067158372, 31708.077301045337663 ], [ 17286.944442976699065, 31708.08314696123125 ], [ 17286.952860326317023, 31708.088192126433569 ], [ 17286.961731656763732, 31708.09238795325291 ], [ 17286.970971532275144, 31708.095694033574546 ], [ 17286.980490967798687, 31708.098078528040787 ], [ 17286.990198285966471, 31708.099518472667114 ], [ 17287.0, 31708.099999999998545 ], [ 17399.959874268519343, 31708.099999999998545 ], [ 17422.930877735401737, 31730.072264185713721 ], [ 17422.938075393900363, 31730.078519699181925 ], [ 17422.94583618075194, 31730.084061172274232 ], [ 17422.954089521113929, 31730.088838212097471 ], [ 17422.96276036098061, 31730.092807377324789 ], [ 17422.971769849697012, 31730.095932573269238 ], [ 17422.981036057008168, 31730.098185380105861 ], [ 17422.99047471812446, 31730.099545311317343 ], [ 17423.0, 31730.099999999998545 ], [ 17581.95857864376012, 31730.099999999998545 ], [ 17604.929289321880788, 31753.070710678119212 ], [ 17604.93656067158372, 31753.077301045337663 ], [ 17604.944442976699065, 31753.08314696123125 ], [ 17604.952860326317023, 31753.088192126433569 ], [ 17604.961731656763732, 31753.09238795325291 ], [ 17604.970971532275144, 31753.095694033574546 ], [ 17604.980490967798687, 31753.098078528040787 ], [ 17604.990198285966471, 31753.099518472667114 ], [ 17605.0, 31753.099999999998545 ], [ 17695.95857864376012, 31753.099999999998545 ], [ 17718.900000000001455, 31776.04142135623988 ], [ 17718.900000000001455, 31799.0 ], [ 17718.900490644144156, 31799.009893841390294 ], [ 17718.901957761947415, 31799.019690595672728 ], [ 17718.904386956754024, 31799.029294128446054 ], [ 17718.90775439115896, 31799.038610201365373 ], [ 17718.912027020920505, 31799.047547396901791 ], [ 17718.917162919227849, 31799.056018015395239 ], [ 17718.923111688105564, 31799.063938935665647 ], [ 17718.929814952989545, 31799.071232430647797 ], [ 17718.937206935519498, 31799.077826930129959 ], [ 17718.94521509904007, 31799.083657723054785 ], [ 17718.953760860378679, 31799.088667592543061 ], [ 17718.96276036098061, 31799.092807377324789 ], [ 17718.972125289797987, 31799.096036454178829 ], [ 17718.981763749885431, 31799.098323136553518 ], [ 17718.991581160160422, 31799.099644985501072 ], [ 17719.001481183520809, 31799.099989029873541 ], [ 17719.01136667220635, 31799.099351893604762 ], [ 17719.02114062106557, 31799.097739828837803 ], [ 17719.03070711948385, 31799.095168654570443 ], [ 17719.039972292535822, 31799.091663601440814 ], [ 17719.048845222161617, 31799.087259064126556 ], [ 17719.057238839341153, 31799.0819982638277 ], [ 17719.065070778491645, 31799.075932824169286 ], [ 17719.072264185713721, 31799.069122264598263 ], [ 17741.001588805673236, 31776.143010161911661 ], [ 17763.929289321880788, 31799.070710678119212 ], [ 17763.930877735401737, 31799.072264185713721 ], [ 17786.930074899093597, 31821.071496255332022 ], [ 17809.928503744667978, 31844.069925100906403 ], [ 17831.900000000001455, 31867.040125731480657 ], [ 17831.900000000001455, 31890.0 ], [ 17831.900509133618471, 31890.010078070587042 ], [ 17831.902031350135076, 31890.020053519478097 ], [ 17831.904551149313193, 31890.029824769953848 ], [ 17831.908042872870283, 31890.039292324570852 ], [ 17831.912470965726243, 31890.048359778316808 ], [ 17831.917790338058694, 31890.056934800282761 ], [ 17831.923946824445011, 31890.064930073833239 ], [ 17831.930877735401737, 31890.072264185713721 ], [ 17854.900000000001455, 31912.04272896054681 ], [ 17854.900000000001455, 31935.0 ], [ 17854.900481527332886, 31935.009801714033529 ], [ 17854.901921471959213, 31935.019509032201313 ], [ 17854.904305966425454, 31935.029028467724856 ], [ 17854.90761204674709, 31935.038268343236268 ], [ 17854.911807873566431, 31935.047139673682977 ], [ 17854.91685303876875, 31935.055557023300935 ], [ 17854.922698954662337, 31935.06343932841628 ], [ 17854.929289321880788, 31935.070710678119212 ], [ 17877.900000000001455, 31958.04142135623988 ], [ 17877.900000000001455, 31981.0 ], [ 17877.900509133618471, 31981.010078070587042 ], [ 17877.902031350135076, 31981.020053519478097 ], [ 17877.904551149313193, 31981.029824769953848 ], [ 17877.908042872870283, 31981.039292324570852 ], [ 17877.912470965726243, 31981.048359778316808 ], [ 17877.917790338058694, 31981.056934800282761 ], [ 17877.923946824445011, 31981.064930073833239 ], [ 17877.930877735401737, 31981.072264185713721 ], [ 17900.900000000001455, 32003.04272896054681 ], [ 17900.900000000001455, 32026.0 ], [ 17900.900454688682657, 32026.00952528187554 ], [ 17900.901814619894139, 32026.018963942991832 ], [ 17900.904067426730762, 32026.028230150302988 ], [ 17900.907192622675211, 32026.03723963901939 ], [ 17900.911161787902529, 32026.045910478886071 ], [ 17900.915938827725768, 32026.05416381924806 ], [ 17900.921480300818075, 32026.061924606099637 ], [ 17900.927735814286279, 32026.069122264598263 ], [ 17922.900000000001455, 32049.040125731480657 ], [ 17922.900000000001455, 32094.0 ], [ 17922.900481527332886, 32094.009801714033529 ], [ 17922.901921471959213, 32094.019509032201313 ], [ 17922.904305966425454, 32094.029028467724856 ], [ 17922.90761204674709, 32094.038268343236268 ], [ 17922.911807873566431, 32094.047139673682977 ], [ 17922.91685303876875, 32094.055557023300935 ], [ 17922.922698954662337, 32094.06343932841628 ], [ 17922.929289321880788, 32094.070710678119212 ], [ 17945.900000000001455, 32117.04142135623988 ], [ 17945.900000000001455, 32140.0 ], [ 17945.900481527332886, 32140.009801714033529 ], [ 17945.901921471959213, 32140.019509032201313 ], [ 17945.904305966425454, 32140.029028467724856 ], [ 17945.90761204674709, 32140.038268343236268 ], [ 17945.911807873566431, 32140.047139673682977 ], [ 17945.91685303876875, 32140.055557023300935 ], [ 17945.922698954662337, 32140.06343932841628 ], [ 17945.929289321880788, 32140.070710678119212 ], [ 17968.856989838088339, 32162.998411194326764 ], [ 17945.930877735401737, 32184.927735814286279 ], [ 17945.923946824445011, 32184.935069926166761 ], [ 17945.917790338058694, 32184.943065199717239 ], [ 17945.912470965726243, 32184.951640221683192 ], [ 17945.908042872870283, 32184.960707675429148 ], [ 17945.904551149313193, 32184.970175230046152 ], [ 17945.902031350135076, 32184.979946480521903 ], [ 17945.900509133618471, 32184.989921929412958 ], [ 17945.900000000001455, 32185.0 ], [ 17945.900000000001455, 32230.95857864376012 ], [ 17900.95857864376012, 32275.900000000001455 ], [ 17878.0, 32275.900000000001455 ], [ 17877.990198285966471, 32275.900481527332886 ], [ 17877.980490967798687, 32275.901921471959213 ], [ 17877.970971532275144, 32275.904305966425454 ], [ 17877.961731656763732, 32275.90761204674709 ], [ 17877.952860326317023, 32275.911807873566431 ], [ 17877.944442976699065, 32275.91685303876875 ], [ 17877.93656067158372, 32275.922698954662337 ], [ 17877.929289321880788, 32275.929289321880788 ], [ 17831.929289321880788, 32321.929289321880788 ], [ 17831.927735814286279, 32321.930877735401737 ], [ 17809.95727103945319, 32344.900000000001455 ], [ 17628.04142135623988, 32344.900000000001455 ], [ 17605.070710678119212, 32321.929289321880788 ], [ 17605.06343932841628, 32321.922698954662337 ], [ 17605.055557023300935, 32321.91685303876875 ], [ 17605.047139673682977, 32321.911807873566431 ], [ 17605.038268343236268, 32321.90761204674709 ], [ 17605.029028467724856, 32321.904305966425454 ], [ 17605.019509032201313, 32321.901921471959213 ], [ 17605.009801714033529, 32321.900481527332886 ], [ 17605.0, 32321.900000000001455 ], [ 17514.04142135623988, 32321.900000000001455 ], [ 17491.070710678119212, 32298.929289321880788 ], [ 17491.06343932841628, 32298.922698954662337 ], [ 17491.055557023300935, 32298.91685303876875 ], [ 17491.047139673682977, 32298.911807873566431 ], [ 17491.038268343236268, 32298.90761204674709 ], [ 17491.029028467724856, 32298.904305966425454 ], [ 17491.019509032201313, 32298.901921471959213 ], [ 17491.009801714033529, 32298.900481527332886 ], [ 17491.0, 32298.900000000001455 ], [ 17469.04142135623988, 32298.900000000001455 ], [ 17446.070710678119212, 32275.929289321880788 ], [ 17446.06343932841628, 32275.922698954662337 ], [ 17446.055557023300935, 32275.91685303876875 ], [ 17446.047139673682977, 32275.911807873566431 ], [ 17446.038268343236268, 32275.90761204674709 ], [ 17446.029028467724856, 32275.904305966425454 ], [ 17446.019509032201313, 32275.901921471959213 ], [ 17446.009801714033529, 32275.900481527332886 ], [ 17446.0, 32275.900000000001455 ], [ 17400.04142135623988, 32275.900000000001455 ], [ 17378.070710678119212, 32253.929289321880788 ], [ 17378.06343932841628, 32253.922698954662337 ], [ 17378.055557023300935, 32253.91685303876875 ], [ 17378.047139673682977, 32253.911807873566431 ], [ 17378.038268343236268, 32253.90761204674709 ], [ 17378.029028467724856, 32253.904305966425454 ], [ 17378.019509032201313, 32253.901921471959213 ], [ 17378.009801714033529, 32253.900481527332886 ], [ 17378.0, 32253.900000000001455 ], [ 17355.04142135623988, 32253.900000000001455 ], [ 17332.070710678119212, 32230.929289321880788 ], [ 17332.06343932841628, 32230.922698954662337 ], [ 17332.055557023300935, 32230.91685303876875 ], [ 17332.047139673682977, 32230.911807873566431 ], [ 17332.038268343236268, 32230.90761204674709 ], [ 17332.029028467724856, 32230.904305966425454 ], [ 17332.019509032201313, 32230.901921471959213 ], [ 17332.009801714033529, 32230.900481527332886 ], [ 17332.0, 32230.900000000001455 ], [ 17309.04272896054681, 32230.900000000001455 ], [ 17287.072264185713721, 32207.930877735401737 ], [ 17287.064930073833239, 32207.923946824445011 ], [ 17287.056934800282761, 32207.917790338058694 ], [ 17287.048359778316808, 32207.912470965726243 ], [ 17287.039292324570852, 32207.908042872870283 ], [ 17287.029824769953848, 32207.904551149313193 ], [ 17287.020053519478097, 32207.902031350135076 ], [ 17287.010078070587042, 32207.900509133618471 ], [ 17287.0, 32207.900000000001455 ], [ 17264.04142135623988, 32207.900000000001455 ], [ 17241.070710678119212, 32184.929289321880788 ], [ 17241.069122264598263, 32184.927735814286279 ], [ 17218.069122264598263, 32162.927735814286279 ], [ 17218.061924606099637, 32162.921480300818075 ], [ 17218.05416381924806, 32162.915938827725768 ], [ 17218.045910478886071, 32162.911161787902529 ], [ 17218.03723963901939, 32162.907192622675211 ], [ 17218.028230150302988, 32162.904067426730762 ], [ 17218.018963942991832, 32162.901814619894139 ], [ 17218.00952528187554, 32162.900454688682657 ], [ 17218.0, 32162.900000000001455 ], [ 17196.04142135623988, 32162.900000000001455 ], [ 17127.070710678119212, 32093.929289321880788 ], [ 17127.06343932841628, 32093.922698954662337 ], [ 17127.055557023300935, 32093.91685303876875 ], [ 17127.047139673682977, 32093.911807873566431 ], [ 17127.038268343236268, 32093.90761204674709 ], [ 17127.029028467724856, 32093.904305966425454 ], [ 17127.019509032201313, 32093.901921471959213 ], [ 17127.009801714033529, 32093.900481527332886 ], [ 17127.0, 32093.900000000001455 ], [ 17105.040125731480657, 32093.900000000001455 ], [ 17082.099999999998545, 32071.95727103945319 ], [ 17082.099999999998545, 32049.0 ], [ 17082.099518472667114, 32048.990198285966471 ], [ 17082.098078528040787, 32048.980490967798687 ], [ 17082.095694033574546, 32048.970971532275144 ], [ 17082.09238795325291, 32048.961731656763732 ], [ 17082.088192126433569, 32048.952860326317023 ], [ 17082.08314696123125, 32048.944442976699065 ], [ 17082.077301045337663, 32048.93656067158372 ], [ 17082.070710678119212, 32048.929289321880788 ], [ 17014.099999999998545, 31980.95857864376012 ], [ 17014.099999999998545, 31958.0 ], [ 17014.099518472667114, 31957.990198285966471 ], [ 17014.098078528040787, 31957.980490967798687 ], [ 17014.095694033574546, 31957.970971532275144 ], [ 17014.09238795325291, 31957.961731656763732 ], [ 17014.088192126433569, 31957.952860326317023 ], [ 17014.08314696123125, 31957.944442976699065 ], [ 17014.077301045337663, 31957.93656067158372 ], [ 17014.070710678119212, 31957.929289321880788 ], [ 16968.070710678119212, 31911.929289321880788 ], [ 16968.069122264598263, 31911.927735814286279 ], [ 16945.099999999998545, 31889.95727103945319 ], [ 16945.099999999998545, 31867.0 ], [ 16945.099545311317343, 31866.99047471812446 ], [ 16945.098185380105861, 31866.981036057008168 ], [ 16945.095932573269238, 31866.971769849697012 ], [ 16945.092807377324789, 31866.96276036098061 ], [ 16945.088838212097471, 31866.954089521113929 ], [ 16945.084061172274232, 31866.94583618075194 ], [ 16945.078519699181925, 31866.938075393900363 ], [ 16945.072264185713721, 31866.930877735401737 ], [ 16923.072264185713721, 31843.930877735401737 ], [ 16923.070710678119212, 31843.929289321880788 ], [ 16900.070710678119212, 31820.929289321880788 ], [ 16900.069122264598263, 31820.927735814286279 ], [ 16877.069925100906403, 31798.928503744667978 ], [ 16854.071496255332022, 31775.930074899093597 ], [ 16832.072264185713721, 31752.930877735401737 ], [ 16832.064930073833239, 31752.923946824445011 ], [ 16832.056934800282761, 31752.917790338058694 ], [ 16832.048359778316808, 31752.912470965726243 ], [ 16832.039292324570852, 31752.908042872870283 ], [ 16832.029824769953848, 31752.904551149313193 ], [ 16832.020053519478097, 31752.902031350135076 ], [ 16832.010078070587042, 31752.900509133618471 ], [ 16832.0, 31752.900000000001455 ], [ 16786.04142135623988, 31752.900000000001455 ], [ 16695.099999999998545, 31661.95857864376012 ], [ 16695.099999999998545, 31617.0 ], [ 16695.099518472667114, 31616.990198285966471 ], [ 16695.098078528040787, 31616.980490967798687 ], [ 16695.095694033574546, 31616.970971532275144 ], [ 16695.09238795325291, 31616.961731656763732 ], [ 16695.088192126433569, 31616.952860326317023 ], [ 16695.08314696123125, 31616.944442976699065 ], [ 16695.077301045337663, 31616.93656067158372 ], [ 16695.070710678119212, 31616.929289321880788 ], [ 16695.06343932841628, 31616.922698954662337 ], [ 16695.055557023300935, 31616.91685303876875 ], [ 16695.047139673682977, 31616.911807873566431 ], [ 16695.038268343236268, 31616.90761204674709 ], [ 16695.029028467724856, 31616.904305966425454 ], [ 16695.019509032201313, 31616.901921471959213 ], [ 16695.009801714033529, 31616.900481527332886 ], [ 16695.0, 31616.900000000001455 ], [ 16627.04142135623988, 31616.900000000001455 ], [ 16581.071496255332022, 31570.930074899093597 ], [ 16559.139867465106363, 31548.001553891132062 ], [ 16581.070710678119212, 31526.070710678119212 ], [ 16581.077301045337663, 31526.06343932841628 ], [ 16581.08314696123125, 31526.055557023300935 ], [ 16581.088192126433569, 31526.047139673682977 ], [ 16581.09238795325291, 31526.038268343236268 ], [ 16581.095694033574546, 31526.029028467724856 ], [ 16581.098078528040787, 31526.019509032201313 ], [ 16581.099518472667114, 31526.009801714033529 ], [ 16581.099999999998545, 31526.0 ], [ 16581.099518472667114, 31525.990198285966471 ], [ 16581.098078528040787, 31525.980490967798687 ], [ 16581.095694033574546, 31525.970971532275144 ], [ 16581.09238795325291, 31525.961731656763732 ], [ 16581.088192126433569, 31525.952860326317023 ], [ 16581.08314696123125, 31525.944442976699065 ], [ 16581.077301045337663, 31525.93656067158372 ], [ 16581.070710678119212, 31525.929289321880788 ], [ 16581.06343932841628, 31525.922698954662337 ], [ 16581.055557023300935, 31525.91685303876875 ], [ 16581.047139673682977, 31525.911807873566431 ], [ 16581.038268343236268, 31525.90761204674709 ], [ 16581.029028467724856, 31525.904305966425454 ], [ 16581.019509032201313, 31525.901921471959213 ], [ 16581.009801714033529, 31525.900481527332886 ], [ 16581.0, 31525.900000000001455 ], [ 16513.0, 31525.900000000001455 ], [ 16512.99047471812446, 31525.900454688682657 ], [ 16512.981036057008168, 31525.901814619894139 ], [ 16512.971769849697012, 31525.904067426730762 ], [ 16512.96276036098061, 31525.907192622675211 ], [ 16512.954089521113929, 31525.911161787902529 ], [ 16512.94583618075194, 31525.915938827725768 ], [ 16512.938075393900363, 31525.921480300818075 ], [ 16512.930877735401737, 31525.927735814286279 ], [ 16489.959874268519343, 31547.900000000001455 ], [ 16422.040125731480657, 31547.900000000001455 ], [ 16399.069122264598263, 31525.927735814286279 ], [ 16399.061706293170573, 31525.921308619384945 ], [ 16399.053696056405897, 31525.915639265491336 ], [ 16399.045168697262852, 31525.910782351591479 ], [ 16399.036206338878401, 31525.906784652415809 ], [ 16399.02689529365307, 31525.903684667995549 ], [ 16399.017325232049188, 31525.901512252872635 ], [ 16399.00758831899293, 31525.900288328593888 ], [ 16398.997778326272964, 31525.900024682217918 ], [ 16398.987989729488618, 31525.900723852802912 ], [ 16398.978316798169544, 31525.902379106955777 ], [ 16398.968852687943581, 31525.904974503675476 ], [ 16398.959688543356606, 31525.908485047872091 ], [ 16398.950912620130111, 31525.912876931080973 ], [ 16398.942609435209306, 31525.918107857072755 ], [ 16398.934858952801733, 31525.924127449168736 ], [ 16398.927735814286279, 31525.930877735401737 ], [ 16398.921308619384945, 31525.938293706829427 ], [ 16398.915639265491336, 31525.946303943594103 ], [ 16398.910782351591479, 31525.954831302737148 ], [ 16398.906784652415809, 31525.963793661121599 ], [ 16398.903684667995549, 31525.97310470634693 ], [ 16398.901512252872635, 31525.982674767950812 ], [ 16398.900288328593888, 31525.99241168100707 ], [ 16398.900024682217918, 31526.002221673727036 ], [ 16398.900723852802912, 31526.012010270511382 ], [ 16398.902379106955777, 31526.021683201830456 ], [ 16398.904974503675476, 31526.031147312056419 ], [ 16398.908485047872091, 31526.040311456643394 ], [ 16398.912876931080973, 31526.049087379869889 ], [ 16398.918107857072755, 31526.057390564790694 ], [ 16398.924127449168736, 31526.065141047198267 ], [ 16398.930877735401737, 31526.072264185713721 ], [ 16421.856989838088339, 31548.001588805673236 ], [ 16398.95857864376012, 31570.900000000001455 ], [ 16354.04142135623988, 31570.900000000001455 ], [ 16331.1, 31547.95857864376012 ], [ 16331.1, 31503.0 ], [ 16331.099518472667114, 31502.990198285966471 ], [ 16331.098078528040787, 31502.980490967798687 ], [ 16331.095694033572727, 31502.970971532275144 ], [ 16331.092387953251091, 31502.961731656763732 ], [ 16331.088192126435388, 31502.952860326317023 ], [ 16331.083146961229431, 31502.944442976699065 ], [ 16331.077301045335844, 31502.93656067158372 ], [ 16331.070710678119212, 31502.929289321880788 ], [ 16331.06343932841628, 31502.922698954662337 ], [ 16331.055557023302754, 31502.91685303876875 ], [ 16331.047139673682977, 31502.911807873566431 ], [ 16331.038268343236268, 31502.90761204674709 ], [ 16331.029028467724856, 31502.904305966425454 ], [ 16331.019509032201313, 31502.901921471959213 ], [ 16331.009801714033529, 31502.900481527332886 ], [ 16331.0, 31502.900000000001455 ], [ 16330.990198285966471, 31502.900481527332886 ], [ 16330.980490967798687, 31502.901921471959213 ], [ 16330.970971532275144, 31502.904305966425454 ], [ 16330.961731656763732, 31502.90761204674709 ], [ 16330.952860326317023, 31502.911807873566431 ], [ 16330.944442976697246, 31502.91685303876875 ], [ 16330.93656067158372, 31502.922698954662337 ], [ 16330.929289321880788, 31502.929289321880788 ], [ 16307.95857864376012, 31525.900000000001455 ], [ 16263.0, 31525.900000000001455 ], [ 16262.99047471812446, 31525.900454688682657 ], [ 16262.981036057008168, 31525.901814619894139 ], [ 16262.971769849695193, 31525.904067426730762 ], [ 16262.96276036098061, 31525.907192622675211 ], [ 16262.954089521113929, 31525.911161787902529 ], [ 16262.94583618075194, 31525.915938827725768 ], [ 16262.938075393900363, 31525.921480300818075 ], [ 16262.930877735403556, 31525.927735814286279 ], [ 16239.959874268519343, 31547.900000000001455 ], [ 16172.0, 31547.900000000001455 ], [ 16171.990198285966471, 31547.900481527332886 ], [ 16171.980490967798687, 31547.901921471959213 ], [ 16171.970971532275144, 31547.904305966425454 ], [ 16171.961731656763732, 31547.90761204674709 ], [ 16171.952860326317023, 31547.911807873566431 ], [ 16171.944442976697246, 31547.91685303876875 ], [ 16171.93656067158372, 31547.922698954662337 ], [ 16171.929289321880788, 31547.929289321880788 ], [ 16171.922698954664156, 31547.93656067158372 ], [ 16171.916853038770569, 31547.944442976699065 ], [ 16171.911807873564612, 31547.952860326317023 ], [ 16171.907612046748909, 31547.961731656763732 ], [ 16171.904305966427273, 31547.970971532275144 ], [ 16171.901921471959213, 31547.980490967798687 ], [ 16171.900481527332886, 31547.990198285966471 ], [ 16171.9, 31548.0 ], [ 16171.9, 31594.0 ], [ 16171.900481527332886, 31594.009801714033529 ], [ 16171.901921471959213, 31594.019509032201313 ], [ 16171.904305966427273, 31594.029028467724856 ], [ 16171.907612046748909, 31594.038268343236268 ], [ 16171.911807873564612, 31594.047139673682977 ], [ 16171.916853038770569, 31594.055557023300935 ], [ 16171.922698954664156, 31594.06343932841628 ], [ 16171.929289321880788, 31594.070710678119212 ], [ 16194.9, 31617.04142135623988 ], [ 16194.9, 31661.95857864376012 ], [ 16171.929289321880788, 31684.929289321880788 ], [ 16171.922698954664156, 31684.93656067158372 ], [ 16171.916853038770569, 31684.944442976699065 ], [ 16171.911807873564612, 31684.952860326317023 ], [ 16171.907612046748909, 31684.961731656763732 ], [ 16171.904305966427273, 31684.970971532275144 ], [ 16171.901921471959213, 31684.980490967798687 ], [ 16171.900481527332886, 31684.990198285966471 ], [ 16171.9, 31685.0 ], [ 16171.9, 31707.957271039456828 ], [ 16148.930877735403556, 31729.927735814286279 ], [ 16148.927735814284461, 31729.930877735401737 ], [ 16126.957271039449552, 31752.900000000001455 ], [ 16081.0, 31752.900000000001455 ], [ 16080.990198285966471, 31752.900481527332886 ], [ 16080.980490967798687, 31752.901921471959213 ], [ 16080.970971532275144, 31752.904305966425454 ], [ 16080.961731656763732, 31752.90761204674709 ], [ 16080.952860326317023, 31752.911807873566431 ], [ 16080.944442976697246, 31752.91685303876875 ], [ 16080.93656067158372, 31752.922698954662337 ], [ 16080.929289321880788, 31752.929289321880788 ], [ 16057.95857864376012, 31775.900000000001455 ], [ 16013.04142135623988, 31775.900000000001455 ], [ 15990.070710678119212, 31752.929289321880788 ], [ 15990.06343932841628, 31752.922698954662337 ], [ 15990.055557023302754, 31752.91685303876875 ], [ 15990.047139673682977, 31752.911807873566431 ], [ 15990.038268343236268, 31752.90761204674709 ], [ 15990.029028467724856, 31752.904305966425454 ], [ 15990.019509032201313, 31752.901921471959213 ], [ 15990.009801714033529, 31752.900481527332886 ], [ 15990.0, 31752.900000000001455 ], [ 15967.042728960550448, 31752.900000000001455 ], [ 15945.072264185715539, 31729.930877735401737 ], [ 15945.069122264596444, 31729.927735814286279 ], [ 15922.069925100946421, 31707.928503744707996 ], [ 15899.1, 31684.95857864376012 ], [ 15899.1, 31662.0 ], [ 15899.099518472667114, 31661.990198285966471 ], [ 15899.098078528040787, 31661.980490967798687 ], [ 15899.095694033572727, 31661.970971532275144 ], [ 15899.092387953251091, 31661.961731656763732 ], [ 15899.088192126435388, 31661.952860326317023 ], [ 15899.083146961229431, 31661.944442976699065 ], [ 15899.077301045335844, 31661.93656067158372 ], [ 15899.070710678119212, 31661.929289321880788 ], [ 15876.1, 31638.95857864376012 ], [ 15876.1, 31617.04142135623988 ], [ 15922.04142135623988, 31571.099999999998545 ], [ 15945.0, 31571.099999999998545 ], [ 15945.010078070585223, 31571.099490866381529 ], [ 15945.020053519479916, 31571.097968649864924 ], [ 15945.029824769955667, 31571.095448850683169 ], [ 15945.039292324570852, 31571.091957127129717 ], [ 15945.048359778316808, 31571.087529034273757 ], [ 15945.05693480028458, 31571.082209661941306 ], [ 15945.064930073833239, 31571.076053175554989 ], [ 15945.072264185715539, 31571.069122264598263 ], [ 15967.072264185715539, 31548.069122264598263 ], [ 15967.078605615690321, 31548.061815509234293 ], [ 15967.084211278173825, 31548.05393014582296 ], [ 15967.089028702815995, 31548.045539983257186 ], [ 15967.093012797360643, 31548.036723555480421 ], [ 15967.096126269723754, 31548.027563386382099 ], [ 15967.09833997705573, 31548.018145217352867 ], [ 15967.099633198520678, 31548.008557204717363 ], [ 15967.099993829255254, 31547.998889094586048 ], [ 15967.099418493669873, 31547.989231382794969 ], [ 15967.097912577042734, 31547.979674467856967 ], [ 15967.095490175115629, 31547.970307804789627 ], [ 15967.092173962155357, 31547.961219067823549 ], [ 15967.08799497871405, 31547.952493329721619 ], [ 15967.08299234108199, 31547.944212265490933 ], [ 15967.077212875152327, 31547.936453387890651 ], [ 15967.070710678119212, 31547.929289321880788 ], [ 15945.070710678119212, 31525.929289321880788 ], [ 15945.06343932841628, 31525.922698954662337 ], [ 15945.055557023302754, 31525.91685303876875 ], [ 15945.047139673682977, 31525.911807873566431 ], [ 15945.038268343236268, 31525.90761204674709 ], [ 15945.029028467724856, 31525.904305966425454 ], [ 15945.019509032201313, 31525.901921471959213 ], [ 15945.009801714033529, 31525.900481527332886 ], [ 15945.0, 31525.900000000001455 ], [ 15899.04142135623988, 31525.900000000001455 ], [ 15876.070710678119212, 31502.929289321880788 ], [ 15876.06343932841628, 31502.922698954662337 ], [ 15876.055557023302754, 31502.91685303876875 ], [ 15876.047139673682977, 31502.911807873566431 ], [ 15876.038268343236268, 31502.90761204674709 ], [ 15876.029028467724856, 31502.904305966425454 ], [ 15876.019509032201313, 31502.901921471959213 ], [ 15876.009801714033529, 31502.900481527332886 ], [ 15876.0, 31502.900000000001455 ], [ 15785.042728960550448, 31502.900000000001455 ], [ 15763.072264185715539, 31479.930877735401737 ], [ 15763.064930073833239, 31479.923946824445011 ], [ 15763.05693480028458, 31479.917790338058694 ], [ 15763.048359778316808, 31479.912470965726243 ], [ 15763.039292324570852, 31479.908042872870283 ], [ 15763.029824769955667, 31479.904551149316831 ], [ 15763.020053519479916, 31479.902031350135076 ], [ 15763.010078070585223, 31479.900509133618471 ], [ 15763.0, 31479.900000000001455 ], [ 15626.04142135623988, 31479.900000000001455 ], [ 15603.070710678119212, 31456.929289321880788 ], [ 15603.06343932841628, 31456.922698954662337 ], [ 15603.055557023302754, 31456.91685303876875 ], [ 15603.047139673682977, 31456.911807873566431 ], [ 15603.038268343236268, 31456.90761204674709 ], [ 15603.029028467724856, 31456.904305966425454 ], [ 15603.019509032201313, 31456.901921471959213 ], [ 15603.009801714033529, 31456.900481527332886 ], [ 15603.0, 31456.900000000001455 ], [ 15558.0, 31456.900000000001455 ], [ 15557.990198285966471, 31456.900481527332886 ], [ 15557.980490967798687, 31456.901921471959213 ], [ 15557.970971532275144, 31456.904305966425454 ], [ 15557.961731656763732, 31456.90761204674709 ], [ 15557.952860326317023, 31456.911807873566431 ], [ 15557.944442976697246, 31456.91685303876875 ], [ 15557.93656067158372, 31456.922698954662337 ], [ 15557.929289321880788, 31456.929289321880788 ], [ 15534.95857864376012, 31479.900000000001455 ], [ 15399.04142135623988, 31479.900000000001455 ], [ 15376.070710678119212, 31456.929289321880788 ], [ 15376.06343932841628, 31456.922698954662337 ], [ 15376.055557023302754, 31456.91685303876875 ], [ 15376.047139673682977, 31456.911807873566431 ], [ 15376.038268343236268, 31456.90761204674709 ], [ 15376.029028467724856, 31456.904305966425454 ], [ 15376.019509032201313, 31456.901921471959213 ], [ 15376.009801714033529, 31456.900481527332886 ], [ 15376.0, 31456.900000000001455 ], [ 15375.990198285966471, 31456.900481527332886 ], [ 15375.980490967798687, 31456.901921471959213 ], [ 15375.970971532275144, 31456.904305966425454 ], [ 15375.961731656763732, 31456.90761204674709 ], [ 15375.952860326317023, 31456.911807873566431 ], [ 15375.944442976697246, 31456.91685303876875 ], [ 15375.93656067158372, 31456.922698954662337 ], [ 15375.929289321880788, 31456.929289321880788 ], [ 15352.95857864376012, 31479.900000000001455 ], [ 14830.0, 31479.900000000001455 ], [ 14829.990198285966471, 31479.900481527332886 ], [ 14829.980490967798687, 31479.901921471959213 ], [ 14829.970971532275144, 31479.904305966425454 ], [ 14829.961731656763732, 31479.90761204674709 ], [ 14829.952860326317023, 31479.911807873566431 ], [ 14829.944442976697246, 31479.91685303876875 ], [ 14829.93656067158372, 31479.922698954662337 ], [ 14829.929289321880788, 31479.929289321880788 ], [ 14806.95857864376012, 31502.900000000001455 ], [ 14625.042728960550448, 31502.900000000001455 ], [ 14603.072264185715539, 31479.930877735401737 ], [ 14603.065035623223594, 31479.924037063563446 ], [ 14603.057162903000062, 31479.917948781116138 ], [ 14603.048724001904702, 31479.912673190610803 ], [ 14603.039802504641557, 31479.908262545141042 ], [ 14603.03048677588049, 31479.904760530786007 ], [ 14603.020869085034064, 31479.902201833912841 ], [ 14603.011044692355426, 31479.900611797627789 ], [ 14603.001110905415771, 31479.900006170744746 ], [ 14602.991166115300075, 31479.90039095181055 ], [ 14602.981308822081701, 31479.901762329689518 ], [ 14602.971636659198339, 31479.904106721307471 ], [ 14602.962245426433583, 31479.907400906187831 ], [ 14602.953228141041109, 31479.911612256451917 ], [ 14602.94467411644473, 31479.916699059976963 ], [ 14602.936668077611102, 31479.922610933546821 ], [ 14602.929289321880788, 31479.929289321880788 ], [ 14579.929289321880788, 31502.929289321880788 ], [ 14579.922698954664156, 31502.93656067158372 ], [ 14579.916853038770569, 31502.944442976699065 ], [ 14579.911807873564612, 31502.952860326317023 ], [ 14579.907612046748909, 31502.961731656763732 ], [ 14579.904305966427273, 31502.970971532275144 ], [ 14579.901921471959213, 31502.980490967798687 ], [ 14579.900481527332886, 31502.990198285966471 ], [ 14579.9, 31503.0 ], [ 14579.9, 31525.957271039456828 ], [ 14556.930877735403556, 31547.927735814286279 ], [ 14556.929289321880788, 31547.929289321880788 ], [ 14533.95857864376012, 31570.900000000001455 ], [ 14512.0, 31570.900000000001455 ], [ 14511.990198285966471, 31570.900481527332886 ], [ 14511.980490967798687, 31570.901921471959213 ], [ 14511.970971532275144, 31570.904305966425454 ], [ 14511.961731656763732, 31570.90761204674709 ], [ 14511.952860326317023, 31570.911807873566431 ], [ 14511.944442976697246, 31570.91685303876875 ], [ 14511.93656067158372, 31570.922698954662337 ], [ 14511.929289321880788, 31570.929289321880788 ], [ 14488.95857864376012, 31593.900000000001455 ], [ 14466.04142135623988, 31593.900000000001455 ], [ 14443.070710678119212, 31570.929289321880788 ], [ 14443.06343932841628, 31570.922698954662337 ], [ 14443.055557023302754, 31570.91685303876875 ], [ 14443.047139673682977, 31570.911807873566431 ], [ 14443.038268343236268, 31570.90761204674709 ], [ 14443.029028467724856, 31570.904305966425454 ], [ 14443.019509032201313, 31570.901921471959213 ], [ 14443.009801714033529, 31570.900481527332886 ], [ 14443.0, 31570.900000000001455 ], [ 14398.0, 31570.900000000001455 ], [ 14397.990198285966471, 31570.900481527332886 ], [ 14397.980490967798687, 31570.901921471959213 ], [ 14397.970971532275144, 31570.904305966425454 ], [ 14397.961731656763732, 31570.90761204674709 ], [ 14397.952860326317023, 31570.911807873566431 ], [ 14397.944442976697246, 31570.91685303876875 ], [ 14397.93656067158372, 31570.922698954662337 ], [ 14397.929289321880788, 31570.929289321880788 ], [ 14375.0, 31593.858578643761575 ], [ 14352.070710678119212, 31570.929289321880788 ], [ 14352.063331922388898, 31570.922610933546821 ], [ 14352.05532588355527, 31570.916699059976963 ], [ 14352.046771858958891, 31570.911612256451917 ], [ 14352.037754573566417, 31570.907400906187831 ], [ 14352.028363340801661, 31570.904106721307471 ], [ 14352.018691177918299, 31570.901762329689518 ], [ 14352.008833884699925, 31570.90039095181055 ], [ 14351.998889094584229, 31570.900006170744746 ], [ 14351.988955307644574, 31570.900611797627789 ], [ 14351.979130914965936, 31570.902201833912841 ], [ 14351.96951322411951, 31570.904760530786007 ], [ 14351.960197495358443, 31570.908262545141042 ], [ 14351.951275998095298, 31570.912673190610803 ], [ 14351.942837096999938, 31570.917948781116138 ], [ 14351.934964376776406, 31570.924037063563446 ], [ 14351.927735814284461, 31570.930877735401737 ], [ 14329.928503744626141, 31593.930074899137253 ], [ 14306.930074899053579, 31616.928503744707996 ], [ 14283.959874268519343, 31638.900000000001455 ], [ 14261.0, 31638.900000000001455 ], [ 14260.990198285966471, 31638.900481527332886 ], [ 14260.980490967798687, 31638.901921471959213 ], [ 14260.970971532275144, 31638.904305966425454 ], [ 14260.961731656763732, 31638.90761204674709 ], [ 14260.952860326317023, 31638.911807873566431 ], [ 14260.944442976697246, 31638.91685303876875 ], [ 14260.93656067158372, 31638.922698954662337 ], [ 14260.929289321880788, 31638.929289321880788 ], [ 14260.922698954664156, 31638.93656067158372 ], [ 14260.916853038770569, 31638.944442976699065 ], [ 14260.911807873564612, 31638.952860326317023 ], [ 14260.907612046748909, 31638.961731656763732 ], [ 14260.904305966427273, 31638.970971532275144 ], [ 14260.901921471959213, 31638.980490967798687 ], [ 14260.900481527332886, 31638.990198285966471 ], [ 14260.9, 31639.0 ], [ 14260.9, 31661.959874268519343 ], [ 14238.927735814284461, 31684.930877735401737 ], [ 14238.921480300818075, 31684.938075393900363 ], [ 14238.915938827723949, 31684.94583618075194 ], [ 14238.911161787904348, 31684.954089521113929 ], [ 14238.90719262267703, 31684.96276036098061 ], [ 14238.904067426732581, 31684.971769849697012 ], [ 14238.901814619895958, 31684.981036057008168 ], [ 14238.900454688682657, 31684.99047471812446 ], [ 14238.9, 31685.0 ], [ 14238.9, 31752.95857864376012 ], [ 14216.0, 31775.858578643761575 ], [ 14193.070710678119212, 31752.929289321880788 ], [ 14193.06343932841628, 31752.922698954662337 ], [ 14193.055557023302754, 31752.91685303876875 ], [ 14193.047139673682977, 31752.911807873566431 ], [ 14193.038268343236268, 31752.90761204674709 ], [ 14193.029028467724856, 31752.904305966425454 ], [ 14193.019509032201313, 31752.901921471959213 ], [ 14193.009801714033529, 31752.900481527332886 ], [ 14193.0, 31752.900000000001455 ], [ 14170.0, 31752.900000000001455 ], [ 14169.990198285966471, 31752.900481527332886 ], [ 14169.980490967798687, 31752.901921471959213 ], [ 14169.970971532275144, 31752.904305966425454 ], [ 14169.961731656763732, 31752.90761204674709 ], [ 14169.952860326317023, 31752.911807873566431 ], [ 14169.944442976697246, 31752.91685303876875 ], [ 14169.93656067158372, 31752.922698954662337 ], [ 14169.929289321880788, 31752.929289321880788 ], [ 14169.922698954664156, 31752.93656067158372 ], [ 14169.916853038770569, 31752.944442976699065 ], [ 14169.911807873564612, 31752.952860326317023 ], [ 14169.907612046748909, 31752.961731656763732 ], [ 14169.904305966427273, 31752.970971532275144 ], [ 14169.901921471959213, 31752.980490967798687 ], [ 14169.900481527332886, 31752.990198285966471 ], [ 14169.9, 31753.0 ], [ 14169.9, 31799.0 ], [ 14169.900509133618471, 31799.010078070587042 ], [ 14169.902031350135076, 31799.020053519481735 ], [ 14169.904551149315012, 31799.029824769957486 ], [ 14169.908042872870283, 31799.039292324570852 ], [ 14169.912470965724424, 31799.048359778316808 ], [ 14169.917790338058694, 31799.056934800286399 ], [ 14169.923946824445011, 31799.064930073833239 ], [ 14169.930877735403556, 31799.072264185713721 ], [ 14192.9, 31821.042728960543172 ], [ 14192.9, 31843.95857864376012 ], [ 14169.929289321880788, 31866.929289321880788 ], [ 14169.922698954664156, 31866.93656067158372 ], [ 14169.916853038770569, 31866.944442976699065 ], [ 14169.911807873564612, 31866.952860326317023 ], [ 14169.907612046748909, 31866.961731656763732 ], [ 14169.904305966427273, 31866.970971532275144 ], [ 14169.901921471959213, 31866.980490967798687 ], [ 14169.900481527332886, 31866.990198285966471 ], [ 14169.9, 31867.0 ], [ 14169.9, 31934.959874268519343 ], [ 14147.927735814284461, 31957.930877735401737 ], [ 14147.921480300818075, 31957.938075393900363 ], [ 14147.915938827723949, 31957.94583618075194 ], [ 14147.911161787904348, 31957.954089521113929 ], [ 14147.90719262267703, 31957.96276036098061 ], [ 14147.904067426732581, 31957.971769849697012 ], [ 14147.901814619895958, 31957.981036057008168 ], [ 14147.900454688682657, 31957.99047471812446 ], [ 14147.9, 31958.0 ], [ 14147.9, 32254.0 ], [ 14147.900481527332886, 32254.009801714033529 ], [ 14147.901921471959213, 32254.019509032201313 ], [ 14147.904305966427273, 32254.029028467724856 ], [ 14147.907612046748909, 32254.038268343236268 ], [ 14147.911807873564612, 32254.047139673682977 ], [ 14147.916853038770569, 32254.055557023300935 ], [ 14147.922698954664156, 32254.06343932841628 ], [ 14147.929289321880788, 32254.070710678119212 ], [ 14169.9, 32276.04142135623988 ], [ 14169.9, 32413.0 ], [ 14169.900509133618471, 32413.010078070587042 ], [ 14169.902031350135076, 32413.020053519481735 ], [ 14169.904551149315012, 32413.029824769957486 ], [ 14169.908042872870283, 32413.039292324570852 ], [ 14169.912470965724424, 32413.048359778316808 ], [ 14169.917790338058694, 32413.056934800286399 ], [ 14169.923946824445011, 32413.064930073833239 ], [ 14169.930877735403556, 32413.072264185713721 ], [ 14192.9, 32435.042728960543172 ], [ 14192.9, 32504.0 ], [ 14192.900509133618471, 32504.010078070587042 ], [ 14192.902031350135076, 32504.020053519481735 ], [ 14192.904551149315012, 32504.029824769957486 ], [ 14192.908042872870283, 32504.039292324570852 ], [ 14192.912470965724424, 32504.048359778316808 ], [ 14192.917790338058694, 32504.056934800286399 ], [ 14192.923946824445011, 32504.064930073833239 ], [ 14192.930877735403556, 32504.072264185713721 ], [ 14215.9, 32526.042728960543172 ], [ 14215.9, 32640.0 ], [ 14215.900481527332886, 32640.009801714033529 ], [ 14215.901921471959213, 32640.019509032201313 ], [ 14215.904305966427273, 32640.029028467724856 ], [ 14215.907612046748909, 32640.038268343236268 ], [ 14215.911807873564612, 32640.047139673682977 ], [ 14215.916853038770569, 32640.055557023300935 ], [ 14215.922698954664156, 32640.06343932841628 ], [ 14215.929289321880788, 32640.070710678119212 ], [ 14238.9, 32663.04142135623988 ], [ 14238.9, 32731.0 ], [ 14238.900454688682657, 32731.00952528187554 ], [ 14238.901814619895958, 32731.018963942991832 ], [ 14238.904067426732581, 32731.028230150302988 ], [ 14238.90719262267703, 32731.03723963901939 ], [ 14238.911161787904348, 32731.045910478886071 ], [ 14238.915938827723949, 32731.05416381924806 ], [ 14238.921480300818075, 32731.061924606099637 ], [ 14238.927735814284461, 32731.069122264598263 ], [ 14260.9, 32754.040125731480657 ], [ 14260.9, 32822.0 ], [ 14260.900481527332886, 32822.009801714033529 ], [ 14260.901921471959213, 32822.019509032201313 ], [ 14260.904305966427273, 32822.029028467724856 ], [ 14260.907612046748909, 32822.038268343239906 ], [ 14260.911807873564612, 32822.047139673682977 ], [ 14260.916853038770569, 32822.055557023304573 ], [ 14260.922698954664156, 32822.063439328419918 ], [ 14260.929289321880788, 32822.070710678119212 ], [ 14283.9, 32845.04142135623988 ], [ 14283.9, 32913.0 ], [ 14283.900481527332886, 32913.009801714033529 ], [ 14283.901921471959213, 32913.019509032201313 ], [ 14283.904305966427273, 32913.029028467724856 ], [ 14283.907612046748909, 32913.038268343239906 ], [ 14283.911807873564612, 32913.047139673682977 ], [ 14283.916853038770569, 32913.055557023304573 ], [ 14283.922698954664156, 32913.063439328419918 ], [ 14283.929289321880788, 32913.070710678119212 ], [ 14306.9, 32936.04142135623988 ], [ 14306.9, 33004.0 ], [ 14306.900481527332886, 33004.009801714033529 ], [ 14306.901921471959213, 33004.019509032201313 ], [ 14306.904305966427273, 33004.029028467724856 ], [ 14306.907612046748909, 33004.038268343239906 ], [ 14306.911807873564612, 33004.047139673682977 ], [ 14306.916853038770569, 33004.055557023304573 ], [ 14306.922698954664156, 33004.063439328419918 ], [ 14306.929289321880788, 33004.070710678119212 ], [ 14329.9, 33027.04142135623988 ], [ 14329.9, 33118.0 ], [ 14329.900454688682657, 33118.009525281871902 ], [ 14329.901814619895958, 33118.01896394299547 ], [ 14329.904067426732581, 33118.028230150302988 ], [ 14329.90719262267703, 33118.037239639015752 ], [ 14329.911161787904348, 33118.045910478882433 ], [ 14329.915938827723949, 33118.054163819251698 ], [ 14329.921480300818075, 33118.061924606095999 ], [ 14329.927735814284461, 33118.069122264598263 ], [ 14351.9, 33141.040125731480657 ], [ 14351.9, 33209.0 ], [ 14351.900481527332886, 33209.009801714033529 ], [ 14351.901921471959213, 33209.019509032201313 ], [ 14351.904305966427273, 33209.029028467724856 ], [ 14351.907612046748909, 33209.038268343239906 ], [ 14351.911807873564612, 33209.047139673682977 ], [ 14351.916853038770569, 33209.055557023304573 ], [ 14351.922698954664156, 33209.063439328419918 ], [ 14351.929289321880788, 33209.070710678119212 ], [ 14374.9, 33232.04142135623988 ], [ 14374.9, 33300.0 ], [ 14374.900481527332886, 33300.009801714033529 ], [ 14374.901921471959213, 33300.019509032201313 ], [ 14374.904305966427273, 33300.029028467724856 ], [ 14374.907612046748909, 33300.038268343239906 ], [ 14374.911807873564612, 33300.047139673682977 ], [ 14374.916853038770569, 33300.055557023304573 ], [ 14374.922698954664156, 33300.063439328419918 ], [ 14374.929289321880788, 33300.070710678119212 ], [ 14397.9, 33323.04142135623988 ], [ 14397.9, 33436.0 ], [ 14397.900481527332886, 33436.009801714033529 ], [ 14397.901921471959213, 33436.019509032201313 ], [ 14397.904305966427273, 33436.029028467724856 ], [ 14397.907612046748909, 33436.038268343239906 ], [ 14397.911807873564612, 33436.047139673682977 ], [ 14397.916853038770569, 33436.055557023304573 ], [ 14397.922698954664156, 33436.063439328419918 ], [ 14397.929289321880788, 33436.070710678119212 ], [ 14420.9, 33459.04142135623988 ], [ 14420.9, 33641.0 ], [ 14420.900454688682657, 33641.009525281871902 ], [ 14420.901814619895958, 33641.01896394299547 ], [ 14420.904067426732581, 33641.028230150302988 ], [ 14420.90719262267703, 33641.037239639015752 ], [ 14420.911161787904348, 33641.045910478882433 ], [ 14420.915938827723949, 33641.054163819251698 ], [ 14420.921480300818075, 33641.061924606095999 ], [ 14420.927735814284461, 33641.069122264598263 ], [ 14442.9, 33664.040125731480657 ], [ 14442.9, 34254.959874268519343 ], [ 14420.927735814284461, 34277.930877735401737 ], [ 14420.921480300818075, 34277.938075393904001 ], [ 14420.915938827723949, 34277.945836180748302 ], [ 14420.911161787904348, 34277.954089521117567 ], [ 14420.90719262267703, 34277.962760360984248 ], [ 14420.904067426732581, 34277.971769849697012 ], [ 14420.901814619895958, 34277.98103605700453 ], [ 14420.900454688682657, 34277.990474718128098 ], [ 14420.9, 34278.0 ], [ 14420.9, 34322.95857864376012 ], [ 14397.929289321880788, 34345.929289321880788 ], [ 14397.922698954664156, 34345.936560671580082 ], [ 14397.916853038770569, 34345.944442976695427 ], [ 14397.911807873564612, 34345.952860326317023 ], [ 14397.907612046748909, 34345.961731656760094 ], [ 14397.904305966427273, 34345.970971532275144 ], [ 14397.901921471959213, 34345.980490967798687 ], [ 14397.900481527332886, 34345.990198285966471 ], [ 14397.9, 34346.0 ], [ 14397.9, 34436.95857864376012 ], [ 14374.929289321880788, 34459.929289321880788 ], [ 14374.922698954664156, 34459.936560671580082 ], [ 14374.916853038770569, 34459.944442976695427 ], [ 14374.911807873564612, 34459.952860326317023 ], [ 14374.907612046748909, 34459.961731656760094 ], [ 14374.904305966427273, 34459.970971532275144 ], [ 14374.901921471959213, 34459.980490967798687 ], [ 14374.900481527332886, 34459.990198285966471 ], [ 14374.9, 34460.0 ], [ 14374.9, 34504.95857864376012 ], [ 14351.929289321880788, 34527.929289321880788 ], [ 14351.922698954664156, 34527.936560671580082 ], [ 14351.916853038770569, 34527.944442976695427 ], [ 14351.911807873564612, 34527.952860326317023 ], [ 14351.907612046748909, 34527.961731656760094 ], [ 14351.904305966427273, 34527.970971532275144 ], [ 14351.901921471959213, 34527.980490967798687 ], [ 14351.900481527332886, 34527.990198285966471 ], [ 14351.9, 34528.0 ], [ 14351.9, 34573.95857864376012 ], [ 14329.929289321880788, 34595.929289321880788 ], [ 14329.922698954664156, 34595.936560671580082 ], [ 14329.916853038770569, 34595.944442976695427 ], [ 14329.911807873564612, 34595.952860326317023 ], [ 14329.907612046748909, 34595.961731656760094 ], [ 14329.904305966427273, 34595.970971532275144 ], [ 14329.901921471959213, 34595.980490967798687 ], [ 14329.900481527332886, 34595.990198285966471 ], [ 14329.9, 34596.0 ], [ 14329.9, 34618.95857864376012 ], [ 14306.929289321880788, 34641.929289321880788 ], [ 14306.922698954664156, 34641.936560671580082 ], [ 14306.916853038770569, 34641.944442976695427 ], [ 14306.911807873564612, 34641.952860326317023 ], [ 14306.907612046748909, 34641.961731656760094 ], [ 14306.904305966427273, 34641.970971532275144 ], [ 14306.901921471959213, 34641.980490967798687 ], [ 14306.900481527332886, 34641.990198285966471 ], [ 14306.9, 34642.0 ], [ 14306.9, 34664.957271039456828 ], [ 14283.930877735403556, 34686.927735814286279 ], [ 14283.923946824445011, 34686.935069926163123 ], [ 14283.917790338058694, 34686.943065199717239 ], [ 14283.912470965724424, 34686.951640221683192 ], [ 14283.908042872870283, 34686.960707675432786 ], [ 14283.904551149315012, 34686.970175230046152 ], [ 14283.902031350135076, 34686.979946480518265 ], [ 14283.900509133618471, 34686.989921929416596 ], [ 14283.9, 34687.0 ], [ 14283.9, 34709.95857864376012 ], [ 14260.929289321880788, 34732.929289321880788 ], [ 14260.927735814284461, 34732.930877735401737 ], [ 14238.927735814284461, 34755.930877735401737 ], [ 14238.921480300818075, 34755.938075393904001 ], [ 14238.915938827723949, 34755.945836180748302 ], [ 14238.911161787904348, 34755.954089521117567 ], [ 14238.90719262267703, 34755.962760360984248 ], [ 14238.904067426732581, 34755.971769849697012 ], [ 14238.901814619895958, 34755.98103605700453 ], [ 14238.900454688682657, 34755.990474718128098 ], [ 14238.9, 34756.0 ], [ 14238.9, 34777.95857864376012 ], [ 14192.929289321880788, 34823.929289321880788 ], [ 14192.922698954664156, 34823.936560671580082 ], [ 14192.916853038770569, 34823.944442976695427 ], [ 14192.911807873564612, 34823.952860326317023 ], [ 14192.907612046748909, 34823.961731656760094 ], [ 14192.904305966427273, 34823.970971532275144 ], [ 14192.901921471959213, 34823.980490967798687 ], [ 14192.900481527332886, 34823.990198285966471 ], [ 14192.9, 34824.0 ], [ 14192.9, 34846.957271039456828 ], [ 14169.930877735403556, 34868.927735814286279 ], [ 14169.927735814284461, 34868.930877735401737 ], [ 14147.927735814284461, 34891.930877735401737 ], [ 14147.921480300818075, 34891.938075393904001 ], [ 14147.915938827723949, 34891.945836180748302 ], [ 14147.911161787904348, 34891.954089521117567 ], [ 14147.90719262267703, 34891.962760360984248 ], [ 14147.904067426732581, 34891.971769849697012 ], [ 14147.901814619895958, 34891.98103605700453 ], [ 14147.900454688682657, 34891.990474718128098 ], [ 14147.9, 34892.0 ], [ 14147.9, 34914.95857864376012 ], [ 14124.95857864376012, 34937.900000000001455 ], [ 14102.0, 34937.900000000001455 ], [ 14101.99047471812446, 34937.900454688686295 ], [ 14101.981036057008168, 34937.901814619894139 ], [ 14101.971769849695193, 34937.904067426730762 ], [ 14101.96276036098061, 34937.907192622675211 ], [ 14101.954089521113929, 34937.911161787902529 ], [ 14101.94583618075194, 34937.915938827725768 ], [ 14101.938075393900363, 34937.921480300821713 ], [ 14101.930877735403556, 34937.927735814286279 ], [ 14078.930877735403556, 34959.927735814286279 ], [ 14078.927735814284461, 34959.930877735401737 ], [ 14056.928503744626141, 34982.930074899137253 ], [ 14033.95857864376012, 35005.900000000001455 ], [ 13966.0, 35005.900000000001455 ], [ 13965.990198285966471, 35005.900481527329248 ], [ 13965.980490967798687, 35005.901921471959213 ], [ 13965.970971532275144, 35005.904305966425454 ], [ 13965.961731656763732, 35005.907612046750728 ], [ 13965.952860326317023, 35005.911807873562793 ], [ 13965.944442976697246, 35005.91685303876875 ], [ 13965.93656067158372, 35005.922698954665975 ], [ 13965.929289321880788, 35005.929289321880788 ], [ 13942.95857864376012, 35028.900000000001455 ], [ 13920.0, 35028.900000000001455 ], [ 13919.99047471812446, 35028.900454688686295 ], [ 13919.981036057008168, 35028.901814619894139 ], [ 13919.971769849695193, 35028.904067426730762 ], [ 13919.96276036098061, 35028.907192622675211 ], [ 13919.954089521113929, 35028.911161787902529 ], [ 13919.94583618075194, 35028.915938827725768 ], [ 13919.938075393900363, 35028.921480300821713 ], [ 13919.930877735403556, 35028.927735814286279 ], [ 13896.959874268519343, 35050.900000000001455 ], [ 13806.04142135623988, 35050.900000000001455 ], [ 13784.070710678119212, 35028.929289321880788 ], [ 13784.06343932841628, 35028.922698954665975 ], [ 13784.055557023302754, 35028.91685303876875 ], [ 13784.047139673682977, 35028.911807873562793 ], [ 13784.038268343236268, 35028.907612046750728 ], [ 13784.029028467724856, 35028.904305966425454 ], [ 13784.019509032201313, 35028.901921471959213 ], [ 13784.009801714033529, 35028.900481527329248 ], [ 13784.0, 35028.900000000001455 ], [ 13761.04142135623988, 35028.900000000001455 ], [ 13738.070710678119212, 35005.929289321880788 ], [ 13738.06343932841628, 35005.922698954665975 ], [ 13738.055557023302754, 35005.91685303876875 ], [ 13738.047139673682977, 35005.911807873562793 ], [ 13738.038268343236268, 35005.907612046750728 ], [ 13738.029028467724856, 35005.904305966425454 ], [ 13738.019509032201313, 35005.901921471959213 ], [ 13738.009801714033529, 35005.900481527329248 ], [ 13738.0, 35005.900000000001455 ], [ 13715.042728960550448, 35005.900000000001455 ], [ 13693.072264185715539, 34982.930877735401737 ], [ 13693.064930073833239, 34982.923946824448649 ], [ 13693.05693480028458, 34982.917790338055056 ], [ 13693.048359778316808, 34982.912470965726243 ], [ 13693.039292324570852, 34982.908042872870283 ], [ 13693.029824769955667, 34982.904551149316831 ], [ 13693.020053519479916, 34982.902031350131438 ], [ 13693.010078070585223, 34982.900509133622108 ], [ 13693.0, 34982.900000000001455 ], [ 13670.04142135623988, 34982.900000000001455 ], [ 13647.070710678119212, 34959.929289321880788 ], [ 13647.069122264596444, 34959.927735814286279 ], [ 13624.069122264596444, 34937.927735814286279 ], [ 13624.061924606099637, 34937.921480300821713 ], [ 13624.05416381924806, 34937.915938827725768 ], [ 13624.045910478886071, 34937.911161787902529 ], [ 13624.03723963901939, 34937.907192622675211 ], [ 13624.028230150304807, 34937.904067426730762 ], [ 13624.018963942991832, 34937.901814619894139 ], [ 13624.00952528187554, 34937.900454688686295 ], [ 13624.0, 34937.900000000001455 ], [ 13602.04142135623988, 34937.900000000001455 ], [ 13420.070710678119212, 34755.929289321880788 ], [ 13420.06343932841628, 34755.922698954665975 ], [ 13420.055557023302754, 34755.91685303876875 ], [ 13420.047139673682977, 34755.911807873562793 ], [ 13420.038268343236268, 34755.907612046750728 ], [ 13420.029028467724856, 34755.904305966425454 ], [ 13420.019509032201313, 34755.901921471959213 ], [ 13420.009801714033529, 34755.900481527329248 ], [ 13420.0, 34755.900000000001455 ], [ 13397.04142135623988, 34755.900000000001455 ], [ 13351.071496255373859, 34709.930074899137253 ], [ 13329.1, 34686.959874268519343 ], [ 13329.1, 34665.0 ], [ 13329.099518472667114, 34664.990198285966471 ], [ 13329.098078528040787, 34664.980490967798687 ], [ 13329.095694033572727, 34664.970971532275144 ], [ 13329.092387953251091, 34664.961731656760094 ], [ 13329.088192126435388, 34664.952860326317023 ], [ 13329.083146961229431, 34664.944442976695427 ], [ 13329.077301045335844, 34664.936560671580082 ], [ 13329.070710678119212, 34664.929289321880788 ], [ 13306.070710678119212, 34641.929289321880788 ], [ 13306.06343932841628, 34641.922698954665975 ], [ 13306.055557023302754, 34641.91685303876875 ], [ 13306.047139673682977, 34641.911807873562793 ], [ 13306.038268343236268, 34641.907612046750728 ], [ 13306.029028467724856, 34641.904305966425454 ], [ 13306.019509032201313, 34641.901921471959213 ], [ 13306.009801714033529, 34641.900481527329248 ], [ 13306.0, 34641.900000000001455 ], [ 13283.04142135623988, 34641.900000000001455 ], [ 13260.071496255373859, 34618.930074899137253 ], [ 13238.072264185715539, 34595.930877735401737 ], [ 13238.069122264596444, 34595.927735814286279 ], [ 13215.069925100946421, 34573.928503744711634 ], [ 13192.071496255373859, 34550.930074899137253 ], [ 13170.072264185715539, 34527.930877735401737 ], [ 13170.070710678119212, 34527.929289321880788 ], [ 13147.070710678119212, 34504.929289321880788 ], [ 13147.069122264596444, 34504.927735814286279 ], [ 13124.069925100946421, 34482.928503744711634 ], [ 13101.071496255373859, 34459.930074899137253 ], [ 13079.072264185715539, 34436.930877735401737 ], [ 13079.070710678119212, 34436.929289321880788 ], [ 13056.1, 34413.95857864376012 ], [ 13056.1, 34392.0 ], [ 13056.099518472667114, 34391.990198285966471 ], [ 13056.098078528040787, 34391.980490967798687 ], [ 13056.095694033572727, 34391.970971532275144 ], [ 13056.092387953251091, 34391.961731656760094 ], [ 13056.088192126435388, 34391.952860326317023 ], [ 13056.083146961229431, 34391.944442976695427 ], [ 13056.077301045335844, 34391.936560671580082 ], [ 13056.070710678119212, 34391.929289321880788 ], [ 13010.071496255373859, 34345.930074899137253 ], [ 12988.1, 34322.959874268519343 ], [ 12988.1, 34301.0 ], [ 12988.099518472667114, 34300.990198285966471 ], [ 12988.098078528040787, 34300.980490967798687 ], [ 12988.095694033572727, 34300.970971532275144 ], [ 12988.092387953251091, 34300.961731656760094 ], [ 12988.088192126435388, 34300.952860326317023 ], [ 12988.083146961229431, 34300.944442976695427 ], [ 12988.077301045335844, 34300.936560671580082 ], [ 12988.070710678119212, 34300.929289321880788 ], [ 12942.1, 34254.95857864376012 ], [ 12942.1, 34232.0 ], [ 12942.099490866381529, 34231.989921929416596 ], [ 12942.097968649864924, 34231.979946480518265 ], [ 12942.095448850684988, 34231.970175230046152 ], [ 12942.091957127129717, 34231.960707675432786 ], [ 12942.087529034275576, 34231.951640221683192 ], [ 12942.082209661941306, 34231.943065199717239 ], [ 12942.076053175554989, 34231.935069926163123 ], [ 12942.069122264596444, 34231.927735814286279 ], [ 12919.070728135431636, 34209.929271864653856 ], [ 12897.1, 34186.959874268519343 ], [ 12897.1, 34164.0 ], [ 12897.099518472667114, 34163.990198285966471 ], [ 12897.098078528040787, 34163.980490967798687 ], [ 12897.095694033572727, 34163.970971532275144 ], [ 12897.092387953251091, 34163.961731656760094 ], [ 12897.088192126435388, 34163.952860326317023 ], [ 12897.083146961229431, 34163.944442976695427 ], [ 12897.077301045335844, 34163.936560671580082 ], [ 12897.070710678119212, 34163.929289321880788 ], [ 12874.070710678119212, 34140.929289321880788 ], [ 12874.069122264596444, 34140.927735814286279 ], [ 12851.1, 34118.957271039456828 ], [ 12851.1, 34096.0 ], [ 12851.099518472667114, 34095.990198285966471 ], [ 12851.098078528040787, 34095.980490967798687 ], [ 12851.095694033572727, 34095.970971532275144 ], [ 12851.092387953251091, 34095.961731656760094 ], [ 12851.088192126435388, 34095.952860326317023 ], [ 12851.083146961229431, 34095.944442976695427 ], [ 12851.077301045335844, 34095.936560671580082 ], [ 12851.070710678119212, 34095.929289321880788 ], [ 12828.1, 34072.95857864376012 ], [ 12828.1, 34050.0 ], [ 12828.099518472667114, 34049.990198285966471 ], [ 12828.098078528040787, 34049.980490967798687 ], [ 12828.095694033572727, 34049.970971532275144 ], [ 12828.092387953251091, 34049.961731656760094 ], [ 12828.088192126435388, 34049.952860326317023 ], [ 12828.083146961229431, 34049.944442976695427 ], [ 12828.077301045335844, 34049.936560671580082 ], [ 12828.070710678119212, 34049.929289321880788 ], [ 12806.1, 34027.95857864376012 ], [ 12806.1, 34005.0 ], [ 12806.099518472667114, 34004.990198285966471 ], [ 12806.098078528040787, 34004.980490967798687 ], [ 12806.095694033572727, 34004.970971532275144 ], [ 12806.092387953251091, 34004.961731656760094 ], [ 12806.088192126435388, 34004.952860326317023 ], [ 12806.083146961229431, 34004.944442976695427 ], [ 12806.077301045335844, 34004.936560671580082 ], [ 12806.070710678119212, 34004.929289321880788 ], [ 12760.1, 33958.95857864376012 ], [ 12760.1, 33937.0 ], [ 12760.099518472667114, 33936.990198285966471 ], [ 12760.098078528040787, 33936.980490967798687 ], [ 12760.095694033572727, 33936.970971532275144 ], [ 12760.092387953251091, 33936.961731656760094 ], [ 12760.088192126435388, 33936.952860326317023 ], [ 12760.083146961229431, 33936.944442976695427 ], [ 12760.077301045335844, 33936.936560671580082 ], [ 12760.070710678119212, 33936.929289321880788 ], [ 12737.1, 33913.95857864376012 ], [ 12737.1, 33891.0 ], [ 12737.099545311317343, 33890.990474718128098 ], [ 12737.098185380104042, 33890.98103605700453 ], [ 12737.095932573267419, 33890.971769849697012 ], [ 12737.09280737732297, 33890.962760360984248 ], [ 12737.088838212095652, 33890.954089521117567 ], [ 12737.084061172276051, 33890.945836180748302 ], [ 12737.078519699181925, 33890.938075393904001 ], [ 12737.072264185715539, 33890.930877735401737 ], [ 12715.072264185715539, 33867.930877735401737 ], [ 12715.069122264596444, 33867.927735814286279 ], [ 12692.1, 33845.957271039456828 ], [ 12692.1, 33800.0 ], [ 12692.099490866381529, 33799.989921929416596 ], [ 12692.097968649864924, 33799.979946480518265 ], [ 12692.095448850684988, 33799.970175230046152 ], [ 12692.091957127129717, 33799.960707675432786 ], [ 12692.087529034275576, 33799.951640221683192 ], [ 12692.082209661941306, 33799.943065199717239 ], [ 12692.076053175554989, 33799.935069926163123 ], [ 12692.069122264596444, 33799.927735814286279 ], [ 12669.1, 33777.957271039456828 ], [ 12669.1, 33755.0 ], [ 12669.099518472667114, 33754.990198285966471 ], [ 12669.098078528040787, 33754.980490967798687 ], [ 12669.095694033572727, 33754.970971532275144 ], [ 12669.092387953251091, 33754.961731656760094 ], [ 12669.088192126435388, 33754.952860326317023 ], [ 12669.083146961229431, 33754.944442976695427 ], [ 12669.077301045335844, 33754.936560671580082 ], [ 12669.070710678119212, 33754.929289321880788 ], [ 12646.1, 33731.95857864376012 ], [ 12646.1, 33687.0 ], [ 12646.099545311317343, 33686.990474718128098 ], [ 12646.098185380104042, 33686.98103605700453 ], [ 12646.095932573267419, 33686.971769849697012 ], [ 12646.09280737732297, 33686.962760360984248 ], [ 12646.088838212095652, 33686.954089521117567 ], [ 12646.084061172276051, 33686.945836180748302 ], [ 12646.078519699181925, 33686.938075393904001 ], [ 12646.072264185715539, 33686.930877735401737 ], [ 12624.1, 33663.959874268519343 ], [ 12624.1, 33618.0 ], [ 12624.099490866381529, 33617.989921929416596 ], [ 12624.097968649864924, 33617.979946480518265 ], [ 12624.095448850684988, 33617.970175230046152 ], [ 12624.091957127129717, 33617.960707675432786 ], [ 12624.087529034275576, 33617.951640221683192 ], [ 12624.082209661941306, 33617.943065199717239 ], [ 12624.076053175554989, 33617.935069926163123 ], [ 12624.069122264596444, 33617.927735814286279 ], [ 12601.1, 33595.957271039456828 ], [ 12601.1, 33573.0 ], [ 12601.099518472667114, 33572.990198285966471 ], [ 12601.098078528040787, 33572.980490967798687 ], [ 12601.095694033572727, 33572.970971532275144 ], [ 12601.092387953251091, 33572.961731656760094 ], [ 12601.088192126435388, 33572.952860326317023 ], [ 12601.083146961229431, 33572.944442976695427 ], [ 12601.077301045335844, 33572.936560671580082 ], [ 12601.070710678119212, 33572.929289321880788 ], [ 12578.1, 33549.95857864376012 ], [ 12578.1, 33505.0 ], [ 12578.099518472667114, 33504.990198285966471 ], [ 12578.098078528040787, 33504.980490967798687 ], [ 12578.095694033572727, 33504.970971532275144 ], [ 12578.092387953251091, 33504.961731656760094 ], [ 12578.088192126435388, 33504.952860326317023 ], [ 12578.083146961229431, 33504.944442976695427 ], [ 12578.077301045335844, 33504.936560671580082 ], [ 12578.070710678119212, 33504.929289321880788 ], [ 12555.1, 33481.95857864376012 ], [ 12555.1, 33391.0 ], [ 12555.099545311317343, 33390.990474718128098 ], [ 12555.098185380104042, 33390.98103605700453 ], [ 12555.095932573267419, 33390.971769849697012 ], [ 12555.09280737732297, 33390.962760360984248 ], [ 12555.088838212095652, 33390.954089521117567 ], [ 12555.084061172276051, 33390.945836180748302 ], [ 12555.078519699181925, 33390.938075393904001 ], [ 12555.072264185715539, 33390.930877735401737 ], [ 12533.1, 33367.959874268519343 ], [ 12533.1, 33300.0 ], [ 12533.099518472667114, 33299.990198285966471 ], [ 12533.098078528040787, 33299.980490967798687 ], [ 12533.095694033572727, 33299.970971532275144 ], [ 12533.092387953251091, 33299.961731656760094 ], [ 12533.088192126435388, 33299.952860326317023 ], [ 12533.083146961229431, 33299.944442976695427 ], [ 12533.077301045335844, 33299.936560671580082 ], [ 12533.070710678119212, 33299.929289321880788 ], [ 12510.1, 33276.95857864376012 ], [ 12510.1, 33095.0 ], [ 12510.099518472667114, 33094.990198285966471 ], [ 12510.098078528040787, 33094.980490967798687 ], [ 12510.095694033572727, 33094.970971532275144 ], [ 12510.092387953251091, 33094.961731656760094 ], [ 12510.088192126435388, 33094.952860326317023 ], [ 12510.083146961229431, 33094.944442976695427 ], [ 12510.077301045335844, 33094.936560671580082 ], [ 12510.070710678119212, 33094.929289321880788 ], [ 12510.06343932841628, 33094.922698954665975 ], [ 12510.055557023302754, 33094.91685303876875 ], [ 12510.047139673682977, 33094.911807873562793 ], [ 12510.038268343236268, 33094.907612046750728 ], [ 12510.029028467724856, 33094.904305966425454 ], [ 12510.019509032201313, 33094.901921471959213 ], [ 12510.009801714033529, 33094.900481527329248 ], [ 12510.0, 33094.900000000001455 ], [ 12487.04142135623988, 33094.900000000001455 ], [ 12464.1, 33071.95857864376012 ], [ 12464.1, 32708.042728960543172 ], [ 12487.0, 32686.138381134456722 ], [ 12509.930877735403556, 32708.072264185713721 ], [ 12509.938220882886526, 32708.078634220848471 ], [ 12509.94614783785255, 32708.084261169184174 ], [ 12509.954583691242078, 32708.089091856523737 ], [ 12509.963448724944101, 32708.093080633279897 ], [ 12509.972659165136065, 32708.096189805848553 ], [ 12509.982127973928073, 32708.098389992803277 ], [ 12509.991765671869871, 32708.099660402567679 ], [ 12510.001481183522628, 32708.099989029873541 ], [ 12510.01118269811559, 32708.0993727692221 ], [ 12510.020778537147635, 32708.097817444220709 ], [ 12510.030178020742824, 32708.095337752565683 ], [ 12510.039292324570852, 32708.091957127129717 ], [ 12510.048035319219707, 32708.087707514543581 ], [ 12510.056324384126128, 32708.082629073291173 ], [ 12510.064081188318596, 32708.07676979421376 ], [ 12510.071232430649616, 32708.070185047010455 ], [ 12510.077710532474157, 32708.062937056991359 ], [ 12510.083454276275006, 32708.055094317052863 ], [ 12510.088409384152328, 32708.04673094043028 ], [ 12510.092529030755031, 32708.037925960339635 ], [ 12510.095774285764492, 32708.028762583093339 ], [ 12510.098114481794255, 32708.019327401849296 ], [ 12510.09952750418779, 32708.00970957827667 ], [ 12510.1, 32708.0 ], [ 12510.1, 32617.042728960543172 ], [ 12533.069122264596444, 32595.072264185713721 ], [ 12533.076053175554989, 32595.064930073833239 ], [ 12533.082209661941306, 32595.056934800286399 ], [ 12533.087529034275576, 32595.048359778316808 ], [ 12533.091957127129717, 32595.039292324570852 ], [ 12533.095448850684988, 32595.029824769957486 ], [ 12533.097968649864924, 32595.020053519481735 ], [ 12533.099490866381529, 32595.010078070587042 ], [ 12533.1, 32595.0 ], [ 12533.1, 32526.04142135623988 ], [ 12555.070710678119212, 32504.070710678119212 ], [ 12555.077301045335844, 32504.06343932841628 ], [ 12555.083146961229431, 32504.055557023300935 ], [ 12555.088192126435388, 32504.047139673682977 ], [ 12555.092387953251091, 32504.038268343236268 ], [ 12555.095694033572727, 32504.029028467724856 ], [ 12555.098078528040787, 32504.019509032201313 ], [ 12555.099518472667114, 32504.009801714033529 ], [ 12555.1, 32504.0 ], [ 12555.1, 32435.042728960543172 ], [ 12578.069122264596444, 32413.072264185713721 ], [ 12578.076053175554989, 32413.064930073833239 ], [ 12578.082209661941306, 32413.056934800286399 ], [ 12578.087529034275576, 32413.048359778316808 ], [ 12578.091957127129717, 32413.039292324570852 ], [ 12578.095448850684988, 32413.029824769957486 ], [ 12578.097968649864924, 32413.020053519481735 ], [ 12578.099490866381529, 32413.010078070587042 ], [ 12578.1, 32413.0 ], [ 12578.1, 32322.04142135623988 ], [ 12601.070710678119212, 32299.070710678119212 ], [ 12601.077301045335844, 32299.06343932841628 ], [ 12601.083146961229431, 32299.055557023300935 ], [ 12601.088192126435388, 32299.047139673682977 ], [ 12601.092387953251091, 32299.038268343236268 ], [ 12601.095694033572727, 32299.029028467724856 ], [ 12601.098078528040787, 32299.019509032201313 ], [ 12601.099518472667114, 32299.009801714033529 ], [ 12601.1, 32299.0 ], [ 12601.1, 32276.042728960543172 ], [ 12624.069122264596444, 32254.072264185713721 ], [ 12624.075962936436554, 32254.065035623221775 ], [ 12624.082051218885681, 32254.057162903001881 ], [ 12624.087326809391016, 32254.048724001902883 ], [ 12624.091737454860777, 32254.039802504641557 ], [ 12624.095239469215812, 32254.030486775878671 ], [ 12624.097798166087159, 32254.020869085034064 ], [ 12624.099388202372211, 32254.011044692353607 ], [ 12624.099993829255254, 32254.001110905413952 ], [ 12624.09960904818945, 32253.991166115301894 ], [ 12624.098237670310482, 32253.981308822079882 ], [ 12624.095893278694348, 32253.971636659200158 ], [ 12624.092599093812169, 32253.962245426431764 ], [ 12624.088387743548083, 32253.95322814103929 ], [ 12624.083300940023037, 32253.944674116442911 ], [ 12624.077389066453179, 32253.936668077611102 ], [ 12624.070710678119212, 32253.929289321880788 ], [ 12601.141421356238425, 32231.0 ], [ 12624.070710678119212, 32208.070710678119212 ], [ 12624.077301045335844, 32208.06343932841628 ], [ 12624.083146961229431, 32208.055557023300935 ], [ 12624.088192126435388, 32208.047139673682977 ], [ 12624.092387953251091, 32208.038268343236268 ], [ 12624.095694033572727, 32208.029028467724856 ], [ 12624.098078528040787, 32208.019509032201313 ], [ 12624.099518472667114, 32208.009801714033529 ], [ 12624.1, 32208.0 ], [ 12624.1, 32185.04142135623988 ], [ 12646.070710678119212, 32163.070710678119212 ], [ 12646.077301045335844, 32163.06343932841628 ], [ 12646.083146961229431, 32163.055557023300935 ], [ 12646.088192126435388, 32163.047139673682977 ], [ 12646.092387953251091, 32163.038268343236268 ], [ 12646.095694033572727, 32163.029028467724856 ], [ 12646.098078528040787, 32163.019509032201313 ], [ 12646.099518472667114, 32163.009801714033529 ], [ 12646.1, 32163.0 ], [ 12646.1, 32094.042728960543172 ], [ 12669.069122264596444, 32072.072264185713721 ], [ 12669.076053175554989, 32072.064930073833239 ], [ 12669.082209661941306, 32072.056934800286399 ], [ 12669.087529034275576, 32072.048359778316808 ], [ 12669.091957127129717, 32072.039292324570852 ], [ 12669.095448850684988, 32072.029824769957486 ], [ 12669.097968649864924, 32072.020053519481735 ], [ 12669.099490866381529, 32072.010078070587042 ], [ 12669.1, 32072.0 ], [ 12669.1, 32049.04142135623988 ], [ 12692.070710678119212, 32026.070710678119212 ], [ 12692.077301045335844, 32026.06343932841628 ], [ 12692.083146961229431, 32026.055557023300935 ], [ 12692.088192126435388, 32026.047139673682977 ], [ 12692.092387953251091, 32026.038268343236268 ], [ 12692.095694033572727, 32026.029028467724856 ], [ 12692.098078528040787, 32026.019509032201313 ], [ 12692.099518472667114, 32026.009801714033529 ], [ 12692.1, 32026.0 ], [ 12692.1, 31981.04142135623988 ], [ 12715.070710678119212, 31958.070710678119212 ], [ 12715.077301045335844, 31958.06343932841628 ], [ 12715.083146961229431, 31958.055557023300935 ], [ 12715.088192126435388, 31958.047139673682977 ], [ 12715.092387953251091, 31958.038268343236268 ], [ 12715.095694033572727, 31958.029028467724856 ], [ 12715.098078528040787, 31958.019509032201313 ], [ 12715.099518472667114, 31958.009801714033529 ], [ 12715.1, 31958.0 ], [ 12715.1, 31935.040125731480657 ], [ 12737.072264185715539, 31912.069122264598263 ], [ 12737.078519699181925, 31912.061924606099637 ], [ 12737.084061172276051, 31912.05416381924806 ], [ 12737.088838212095652, 31912.045910478886071 ], [ 12737.09280737732297, 31912.03723963901939 ], [ 12737.095932573267419, 31912.028230150302988 ], [ 12737.098185380104042, 31912.018963942991832 ], [ 12737.099545311317343, 31912.00952528187554 ], [ 12737.1, 31912.0 ], [ 12737.1, 31890.04142135623988 ], [ 12760.070710678119212, 31867.070710678119212 ], [ 12760.077301045335844, 31867.06343932841628 ], [ 12760.083146961229431, 31867.055557023300935 ], [ 12760.088192126435388, 31867.047139673682977 ], [ 12760.092387953251091, 31867.038268343236268 ], [ 12760.095694033572727, 31867.029028467724856 ], [ 12760.098078528040787, 31867.019509032201313 ], [ 12760.099518472667114, 31867.009801714033529 ], [ 12760.1, 31867.0 ], [ 12760.1, 31821.042728960543172 ], [ 12783.069122264596444, 31799.072264185713721 ], [ 12783.070710678119212, 31799.070710678119212 ], [ 12806.070710678119212, 31776.070710678119212 ], [ 12806.072264185715539, 31776.069122264598263 ], [ 12828.072264185715539, 31753.069122264598263 ], [ 12828.078519699181925, 31753.061924606099637 ], [ 12828.084061172276051, 31753.05416381924806 ], [ 12828.088838212095652, 31753.045910478886071 ], [ 12828.09280737732297, 31753.03723963901939 ], [ 12828.095932573267419, 31753.028230150302988 ], [ 12828.098185380104042, 31753.018963942991832 ], [ 12828.099545311317343, 31753.00952528187554 ], [ 12828.1, 31753.0 ], [ 12828.1, 31730.042728960543172 ], [ 12851.069122264596444, 31708.072264185713721 ], [ 12851.070710678119212, 31708.070710678119212 ], [ 12897.070710678119212, 31662.070710678119212 ], [ 12897.077301045335844, 31662.06343932841628 ], [ 12897.083146961229431, 31662.055557023300935 ], [ 12897.088192126435388, 31662.047139673682977 ], [ 12897.092387953251091, 31662.038268343236268 ], [ 12897.095694033572727, 31662.029028467724856 ], [ 12897.098078528040787, 31662.019509032201313 ], [ 12897.099518472667114, 31662.009801714033529 ], [ 12897.1, 31662.0 ], [ 12897.1, 31639.04142135623988 ], [ 12942.04142135623988, 31594.099999999998545 ], [ 12965.0, 31594.099999999998545 ], [ 12965.009801714033529, 31594.099518472667114 ], [ 12965.019509032201313, 31594.098078528040787 ], [ 12965.029028467724856, 31594.095694033574546 ], [ 12965.038268343236268, 31594.09238795325291 ], [ 12965.047139673682977, 31594.088192126433569 ], [ 12965.055557023302754, 31594.08314696123125 ], [ 12965.06343932841628, 31594.077301045337663 ], [ 12965.070710678119212, 31594.070710678119212 ], [ 12988.070710678119212, 31571.070710678119212 ], [ 12988.072264185715539, 31571.069122264598263 ], [ 13010.070728135431636, 31548.070728135349782 ], [ 13033.040125731480657, 31526.099999999998545 ], [ 13056.0, 31526.099999999998545 ], [ 13056.009801714033529, 31526.099518472667114 ], [ 13056.019509032201313, 31526.098078528040787 ], [ 13056.029028467724856, 31526.095694033574546 ], [ 13056.038268343236268, 31526.09238795325291 ], [ 13056.047139673682977, 31526.088192126433569 ], [ 13056.055557023302754, 31526.08314696123125 ], [ 13056.06343932841628, 31526.077301045337663 ], [ 13056.070710678119212, 31526.070710678119212 ], [ 13079.070710678119212, 31503.070710678119212 ], [ 13079.072264185715539, 31503.069122264598263 ], [ 13101.042728960550448, 31480.099999999998545 ], [ 13124.0, 31480.099999999998545 ], [ 13124.009801714033529, 31480.099518472667114 ], [ 13124.019509032201313, 31480.098078528040787 ], [ 13124.029028467724856, 31480.095694033574546 ], [ 13124.038268343236268, 31480.09238795325291 ], [ 13124.047139673682977, 31480.088192126433569 ], [ 13124.055557023302754, 31480.08314696123125 ], [ 13124.06343932841628, 31480.077301045337663 ], [ 13124.070710678119212, 31480.070710678119212 ], [ 13147.04142135623988, 31457.099999999998545 ], [ 13192.0, 31457.099999999998545 ], [ 13192.00952528187554, 31457.099545311317343 ], [ 13192.018963942991832, 31457.098185380105861 ], [ 13192.028230150304807, 31457.095932573269238 ], [ 13192.03723963901939, 31457.092807377324789 ], [ 13192.045910478886071, 31457.088838212097471 ], [ 13192.05416381924806, 31457.084061172274232 ], [ 13192.061924606099637, 31457.078519699181925 ], [ 13192.069122264596444, 31457.072264185713721 ], [ 13215.040125731480657, 31435.099999999998545 ], [ 13283.0, 31435.099999999998545 ], [ 13283.009801714033529, 31435.099518472667114 ], [ 13283.019509032201313, 31435.098078528040787 ], [ 13283.029028467724856, 31435.095694033574546 ], [ 13283.038268343236268, 31435.09238795325291 ], [ 13283.047139673682977, 31435.088192126433569 ], [ 13283.055557023302754, 31435.08314696123125 ], [ 13283.06343932841628, 31435.077301045337663 ], [ 13283.070710678119212, 31435.070710678119212 ], [ 13306.04142135623988, 31412.099999999998545 ], [ 13397.0, 31412.099999999998545 ], [ 13397.009801714033529, 31412.099518472667114 ], [ 13397.019509032201313, 31412.098078528040787 ], [ 13397.029028467724856, 31412.095694033574546 ], [ 13397.038268343236268, 31412.09238795325291 ], [ 13397.047139673682977, 31412.088192126433569 ], [ 13397.055557023302754, 31412.08314696123125 ], [ 13397.06343932841628, 31412.077301045337663 ], [ 13397.070710678119212, 31412.070710678119212 ], [ 13420.070710678119212, 31389.070710678119212 ], [ 13420.072264185715539, 31389.069122264598263 ], [ 13442.042728960550448, 31366.099999999998545 ], [ 13511.0, 31366.099999999998545 ], [ 13511.009801714033529, 31366.099518472667114 ], [ 13511.019509032201313, 31366.098078528040787 ], [ 13511.029028467724856, 31366.095694033574546 ], [ 13511.038268343236268, 31366.09238795325291 ], [ 13511.047139673682977, 31366.088192126433569 ], [ 13511.055557023302754, 31366.08314696123125 ], [ 13511.06343932841628, 31366.077301045337663 ], [ 13511.070710678119212, 31366.070710678119212 ], [ 13533.04142135623988, 31344.099999999998545 ], [ 13556.0, 31344.099999999998545 ], [ 13556.009801714033529, 31344.099518472667114 ], [ 13556.019509032201313, 31344.098078528040787 ], [ 13556.029028467724856, 31344.095694033574546 ], [ 13556.038268343236268, 31344.09238795325291 ], [ 13556.047139673682977, 31344.088192126433569 ], [ 13556.055557023302754, 31344.08314696123125 ], [ 13556.06343932841628, 31344.077301045337663 ], [ 13556.070710678119212, 31344.070710678119212 ], [ 13579.04142135623988, 31321.099999999998545 ], [ 13602.0, 31321.099999999998545 ], [ 13602.010078070585223, 31321.099490866381529 ], [ 13602.020053519479916, 31321.097968649864924 ], [ 13602.029824769955667, 31321.095448850683169 ], [ 13602.039292324570852, 31321.091957127129717 ], [ 13602.048359778316808, 31321.087529034273757 ], [ 13602.05693480028458, 31321.082209661941306 ], [ 13602.064930073833239, 31321.076053175554989 ], [ 13602.072264185715539, 31321.069122264598263 ], [ 13624.042728960550448, 31298.099999999998545 ], [ 13647.0, 31298.099999999998545 ], [ 13647.009801714033529, 31298.099518472667114 ], [ 13647.019509032201313, 31298.098078528040787 ], [ 13647.029028467724856, 31298.095694033574546 ], [ 13647.038268343236268, 31298.09238795325291 ], [ 13647.047139673682977, 31298.088192126433569 ], [ 13647.055557023302754, 31298.08314696123125 ], [ 13647.06343932841628, 31298.077301045337663 ], [ 13647.070710678119212, 31298.070710678119212 ], [ 13670.04142135623988, 31275.099999999998545 ], [ 13693.0, 31275.099999999998545 ], [ 13693.009801714033529, 31275.099518472667114 ], [ 13693.019509032201313, 31275.098078528040787 ], [ 13693.029028467724856, 31275.095694033574546 ], [ 13693.038268343236268, 31275.09238795325291 ], [ 13693.047139673682977, 31275.088192126433569 ], [ 13693.055557023302754, 31275.08314696123125 ], [ 13693.06343932841628, 31275.077301045337663 ], [ 13693.070710678119212, 31275.070710678119212 ], [ 13715.04142135623988, 31253.099999999998545 ], [ 13738.0, 31253.099999999998545 ], [ 13738.009801714033529, 31253.099518472667114 ], [ 13738.019509032201313, 31253.098078528040787 ], [ 13738.029028467724856, 31253.095694033574546 ], [ 13738.038268343236268, 31253.09238795325291 ], [ 13738.047139673682977, 31253.088192126433569 ], [ 13738.055557023302754, 31253.08314696123125 ], [ 13738.06343932841628, 31253.077301045337663 ], [ 13738.070710678119212, 31253.070710678119212 ], [ 13761.04142135623988, 31230.099999999998545 ], [ 13784.0, 31230.099999999998545 ], [ 13784.010078070585223, 31230.099490866381529 ], [ 13784.020053519479916, 31230.097968649864924 ], [ 13784.029824769955667, 31230.095448850683169 ], [ 13784.039292324570852, 31230.091957127129717 ], [ 13784.048359778316808, 31230.087529034273757 ], [ 13784.05693480028458, 31230.082209661941306 ], [ 13784.064930073833239, 31230.076053175554989 ], [ 13784.072264185715539, 31230.069122264598263 ], [ 13806.042728960550448, 31207.099999999998545 ], [ 13829.0, 31207.099999999998545 ], [ 13829.009801714033529, 31207.099518472667114 ], [ 13829.019509032201313, 31207.098078528040787 ], [ 13829.029028467724856, 31207.095694033574546 ], [ 13829.038268343236268, 31207.09238795325291 ], [ 13829.047139673682977, 31207.088192126433569 ], [ 13829.055557023302754, 31207.08314696123125 ], [ 13829.06343932841628, 31207.077301045337663 ], [ 13829.070710678119212, 31207.070710678119212 ], [ 13852.069925100946421, 31184.071496255292004 ], [ 13875.040125731480657, 31162.099999999998545 ], [ 13897.0, 31162.099999999998545 ], [ 13897.009801714033529, 31162.099518472667114 ], [ 13897.019509032201313, 31162.098078528040787 ], [ 13897.029028467724856, 31162.095694033574546 ], [ 13897.038268343236268, 31162.09238795325291 ], [ 13897.047139673682977, 31162.088192126433569 ], [ 13897.055557023302754, 31162.08314696123125 ], [ 13897.06343932841628, 31162.077301045337663 ], [ 13897.070710678119212, 31162.070710678119212 ], [ 13920.04142135623988, 31139.099999999998545 ], [ 13943.0, 31139.099999999998545 ], [ 13943.009801714033529, 31139.099518472667114 ], [ 13943.019509032201313, 31139.098078528040787 ], [ 13943.029028467724856, 31139.095694033574546 ], [ 13943.038268343236268, 31139.09238795325291 ], [ 13943.047139673682977, 31139.088192126433569 ], [ 13943.055557023302754, 31139.08314696123125 ], [ 13943.06343932841628, 31139.077301045337663 ], [ 13943.070710678119212, 31139.070710678119212 ], [ 13966.070710678119212, 31116.070710678119212 ], [ 13966.072264185715539, 31116.069122264598263 ], [ 13988.042728960550448, 31093.099999999998545 ], [ 14034.0, 31093.099999999998545 ], [ 14034.00952528187554, 31093.099545311317343 ], [ 14034.018963942991832, 31093.098185380105861 ], [ 14034.028230150304807, 31093.095932573269238 ], [ 14034.03723963901939, 31093.092807377324789 ], [ 14034.045910478886071, 31093.088838212097471 ], [ 14034.05416381924806, 31093.084061172274232 ], [ 14034.061924606099637, 31093.078519699181925 ], [ 14034.069122264596444, 31093.072264185713721 ], [ 14057.069122264596444, 31071.072264185713721 ], [ 14057.072264185715539, 31071.069122264598263 ], [ 14079.042728960550448, 31048.099999999998545 ], [ 14148.0, 31048.099999999998545 ] ] ] } },
{ "type": "Feature", "properties": { "tissue_id": 1 }, "geometry": { "type": "Polygon", "coordinates": [ [ [ 33186.0, 6846.0 ], [ 33163.0, 6869.0 ], [ 33141.0, 6892.0 ], [ 33141.0, 6914.0 ], [ 33141.0, 6937.0 ], [ 33141.0, 6960.0 ], [ 33163.0, 6983.0 ], [ 33141.0, 7005.0 ], [ 33141.0, 7028.0 ], [ 33141.0, 7051.0 ], [ 33141.0, 7074.0 ], [ 33141.0, 7096.0 ], [ 33163.0, 7119.0 ], [ 33163.0, 7142.0 ], [ 33141.0, 7165.0 ], [ 33118.0, 7165.0 ], [ 33095.0, 7165.0 ], [ 33072.0, 7165.0 ], [ 33072.0, 7187.0 ], [ 33050.0, 7210.0 ], [ 33027.0, 7233.0 ], [ 33027.0, 7256.0 ], [ 33004.0, 7278.0 ], [ 32981.0, 7278.0 ], [ 32959.0, 7301.0 ], [ 32959.0, 7324.0 ], [ 32936.0, 7347.0 ], [ 32913.0, 7369.0 ], [ 32913.0, 7392.0 ], [ 32913.0, 7415.0 ], [ 32913.0, 7437.0 ], [ 32913.0, 7460.0 ], [ 32913.0, 7483.0 ], [ 32890.0, 7506.0 ], [ 32913.0, 7528.0 ], [ 32913.0, 7551.0 ], [ 32913.0, 7574.0 ], [ 32936.0, 7597.0 ], [ 32936.0, 7619.0 ], [ 32959.0, 7642.0 ], [ 32959.0, 7665.0 ], [ 32981.0, 7688.0 ], [ 32981.0, 7710.0 ], [ 32981.0, 7733.0 ], [ 33004.0, 7756.0 ], [ 33004.0, 7779.0 ], [ 33004.0, 7801.0 ], [ 33004.0, 7824.0 ], [ 33004.0, 7847.0 ], [ 33027.0, 7870.0 ], [ 33027.0, 7892.0 ], [ 33027.0, 7915.0 ], [ 33050.0, 7938.0 ], [ 33050.0, 7961.0 ], [ 33050.0, 7983.0 ], [ 33050.0, 8006.0 ], [ 33050.0, 8029.0 ], [ 33050.0, 8052.0 ], [ 33050.0, 8074.0 ], [ 33050.0, 8097.0 ], [ 33050.0, 8120.0 ], [ 33027.0, 8143.0 ], [ 33004.0, 8165.0 ], [ 33004.0, 8188.0 ], [ 33004.0, 8211.0 ], [ 32981.0, 8234.0 ], [ 33004.0, 8256.0 ], [ 32981.0, 8279.0 ], [ 32981.0, 8302.0 ], [ 32981.0, 8325.0 ], [ 33004.0, 8347.0 ], [ 33027.0, 8325.0 ], [ 33050.0, 8347.0 ], [ 33050.0, 8370.0 ], [ 33072.0, 8370.0 ], [ 33095.0, 8393.0 ], [ 33095.0, 8416.0 ], [ 33095.0, 8438.0 ], [ 33118.0, 8461.0 ], [ 33118.0, 8484.0 ], [ 33118.0, 8507.0 ], [ 33118.0, 8529.0 ], [ 33118.0, 8552.0 ], [ 33141.0, 8575.0 ], [ 33141.0, 8598.0 ], [ 33141.0, 8620.0 ], [ 33163.0, 8643.0 ], [ 33163.0, 8666.0 ], [ 33163.0, 8689.0 ], [ 33186.0, 8711.0 ], [ 33186.0, 8734.0 ], [ 33209.0, 8757.0 ], [ 33209.0, 8780.0 ], [ 33232.0, 8802.0 ], [ 33232.0, 8825.0 ], [ 33232.0, 8848.0 ], [ 33254.0, 8870.0 ], [ 33277.0, 8870.0 ], [ 33300.0, 8893.0 ], [ 33323.0, 8916.0 ], [ 33323.0, 8939.0 ], [ 33323.0, 8961.0 ], [ 33300.0, 8984.0 ], [ 33323.0, 9007.0 ], [ 33323.0, 9030.0 ], [ 33323.0, 9052.0 ], [ 33345.0, 9075.0 ], [ 33368.0, 9098.0 ], [ 33368.0, 9121.0 ], [ 33368.0, 9143.0 ], [ 33391.0, 9143.0 ], [ 33414.0, 9143.0 ], [ 33436.0, 9143.0 ], [ 33459.0, 9143.0 ], [ 33482.0, 9121.0 ], [ 33505.0, 9121.0 ], [ 33527.0, 9121.0 ], [ 33550.0, 9121.0 ], [ 33573.0, 9121.0 ], [ 33596.0, 9143.0 ], [ 33618.0, 9143.0 ], [ 33641.0, 9121.0 ], [ 33664.0, 9121.0 ], [ 33687.0, 9121.0 ], [ 33709.0, 9098.0 ], [ 33732.0, 9098.0 ], [ 33755.0, 9098.0 ], [ 33778.0, 9075.0 ], [ 33800.0, 9075.0 ], [ 33823.0, 9052.0 ], [ 33823.0, 9030.0 ], [ 33823.0, 9007.0 ], [ 33823.0, 8984.0 ], [ 33823.0, 8961.0 ], [ 33846.0, 8939.0 ], [ 33823.0, 8916.0 ], [ 33846.0, 8893.0 ], [ 33846.0, 8870.0 ], [ 33846.0, 8848.0 ], [ 33823.0, 8825.0 ], [ 33823.0, 8802.0 ], [ 33823.0, 8780.0 ], [ 33846.0, 8757.0 ], [ 33846.0, 8734.0 ], [ 33846.0, 8711.0 ], [ 33846.0, 8689.0 ], [ 33846.0, 8666.0 ], [ 33846.0, 8643.0 ], [ 33846.0, 8620.0 ], [ 33846.0, 8598.0 ], [ 33846.0, 8575.0 ], [ 33868.0, 8552.0 ], [ 33868.0, 8529.0 ], [ 33868.0, 8507.0 ], [ 33868.0, 8484.0 ], [ 33868.0, 8461.0 ], [ 33868.0, 8438.0 ], [ 33846.0, 8416.0 ], [ 33846.0, 8393.0 ], [ 33846.0, 8370.0 ], [ 33846.0, 8347.0 ], [ 33846.0, 8325.0 ], [ 33846.0, 8302.0 ], [ 33823.0, 8279.0 ], [ 33823.0, 8256.0 ], [ 33823.0, 8234.0 ], [ 33823.0, 8211.0 ], [ 33823.0, 8188.0 ], [ 33823.0, 8165.0 ], [ 33800.0, 8143.0 ], [ 33800.0, 8120.0 ], [ 33800.0, 8097.0 ], [ 33800.0, 8074.0 ], [ 33800.0, 8052.0 ], [ 33800.0, 8029.0 ], [ 33778.0, 8006.0 ], [ 33800.0, 7983.0 ], [ 33778.0, 7961.0 ], [ 33755.0, 7938.0 ], [ 33732.0, 7938.0 ], [ 33709.0, 7915.0 ], [ 33709.0, 7892.0 ], [ 33709.0, 7870.0 ], [ 33709.0, 7847.0 ], [ 33709.0, 7824.0 ], [ 33709.0, 7801.0 ], [ 33709.0, 7779.0 ], [ 33709.0, 7756.0 ], [ 33709.0, 7733.0 ], [ 33709.0, 7710.0 ], [ 33709.0, 7688.0 ], [ 33709.0, 7665.0 ], [ 33709.0, 7642.0 ], [ 33709.0, 7619.0 ], [ 33709.0, 7597.0 ], [ 33709.0, 7574.0 ], [ 33709.0, 7551.0 ], [ 33709.0, 7528.0 ], [ 33709.0, 7506.0 ], [ 33709.0, 7483.0 ], [ 33709.0, 7460.0 ], [ 33687.0, 7437.0 ], [ 33687.0, 7415.0 ], [ 33709.0, 7392.0 ], [ 33709.0, 7369.0 ], [ 33709.0, 7347.0 ], [ 33709.0, 7324.0 ], [ 33709.0, 7301.0 ], [ 33709.0, 7278.0 ], [ 33709.0, 7256.0 ], [ 33687.0, 7233.0 ], [ 33664.0, 7210.0 ], [ 33641.0, 7187.0 ], [ 33664.0, 7165.0 ], [ 33664.0, 7142.0 ], [ 33641.0, 7142.0 ], [ 33618.0, 7119.0 ], [ 33596.0, 7096.0 ], [ 33573.0, 7074.0 ], [ 33550.0, 7051.0 ], [ 33550.0, 7028.0 ], [ 33527.0, 7028.0 ], [ 33505.0, 7005.0 ], [ 33482.0, 7005.0 ], [ 33459.0, 7005.0 ], [ 33436.0, 6983.0 ], [ 33414.0, 6960.0 ], [ 33414.0, 6937.0 ], [ 33391.0, 6937.0 ], [ 33368.0, 6960.0 ], [ 33345.0, 6937.0 ], [ 33323.0, 6937.0 ], [ 33300.0, 6937.0 ], [ 33277.0, 6937.0 ], [ 33254.0, 6914.0 ], [ 33277.0, 6892.0 ], [ 33300.0, 6892.0 ], [ 33277.0, 6869.0 ], [ 33254.0, 6892.0 ], [ 33232.0, 6914.0 ], [ 33209.0, 6892.0 ], [ 33209.0, 6869.0 ], [ 33186.0, 6846.0 ] ] ] } },
{ "type": "Feature", "properties": { "tissue_id": 2 }, "geometry": { "type": "Polygon", "coordinates": [ [ [ 27113.0, 1114.0 ], [ 27090.0, 1137.0 ], [ 27067.0, 1137.0 ], [ 27045.0, 1137.0 ], [ 27022.0, 1137.0 ], [ 26999.0, 1137.0 ], [ 26976.0, 1137.0 ], [ 26954.0, 1137.0 ], [ 26931.0, 1160.0 ], [ 26908.0, 1160.0 ], [ 26885.0, 1182.0 ], [ 26863.0, 1160.0 ], [ 26840.0, 1182.0 ], [ 26817.0, 1205.0 ], [ 26817.0, 1228.0 ], [ 26794.0, 1251.0 ], [ 26794.0, 1273.0 ], [ 26794.0, 1296.0 ], [ 26772.0, 1319.0 ], [ 26772.0, 1342.0 ], [ 26772.0, 1364.0 ], [ 26772.0, 1387.0 ], [ 26772.0, 1410.0 ], [ 26772.0, 1433.0 ], [ 26772.0, 1455.0 ], [ 26772.0, 1478.0 ], [ 26749.0, 1501.0 ], [ 26749.0, 1523.0 ], [ 26749.0, 1546.0 ], [ 26749.0, 1569.0 ], [ 26749.0, 1592.0 ], [ 26749.0, 1614.0 ], [ 26749.0, 1637.0 ], [ 26749.0, 1660.0 ], [ 26749.0, 1683.0 ], [ 26749.0, 1705.0 ], [ 26749.0, 1728.0 ], [ 26749.0, 1751.0 ], [ 26749.0, 1774.0 ], [ 26726.0, 1796.0 ], [ 26726.0, 1819.0 ], [ 26726.0, 1842.0 ], [ 26726.0, 1865.0 ], [ 26726.0, 1887.0 ], [ 26726.0, 1910.0 ], [ 26726.0, 1933.0 ], [ 26726.0, 1956.0 ], [ 26703.0, 1978.0 ], [ 26703.0, 2001.0 ], [ 26703.0, 2024.0 ], [ 26703.0, 2047.0 ], [ 26703.0, 2069.0 ], [ 26703.0, 2092.0 ], [ 26703.0, 2115.0 ], [ 26703.0, 2138.0 ], [ 26703.0, 2160.0 ], [ 26703.0, 2183.0 ], [ 26703.0, 2206.0 ], [ 26703.0, 2229.0 ], [ 26703.0, 2251.0 ], [ 26703.0, 2274.0 ], [ 26703.0, 2297.0 ], [ 26703.0, 2320.0 ], [ 26703.0, 2342.0 ], [ 26703.0, 2365.0 ], [ 26703.0, 2388.0 ], [ 26703.0, 2411.0 ], [ 26703.0, 2433.0 ], [ 26703.0, 2456.0 ], [ 26703.0, 2479.0 ], [ 26703.0, 2502.0 ], [ 26703.0, 2524.0 ], [ 26703.0, 2547.0 ], [ 26703.0, 2570.0 ], [ 26681.0, 2593.0 ], [ 26681.0, 2615.0 ], [ 26681.0, 2638.0 ], [ 26681.0, 2661.0 ], [ 26681.0, 2684.0 ], [ 26703.0, 2706.0 ], [ 26703.0, 2729.0 ], [ 26703.0, 2752.0 ], [ 26703.0, 2775.0 ], [ 26703.0, 2797.0 ], [ 26703.0, 2820.0 ], [ 26703.0, 2843.0 ], [ 26703.0, 2866.0 ], [ 26703.0, 2888.0 ], [ 26703.0, 2911.0 ], [ 26703.0, 2934.0 ], [ 26703.0, 2956.0 ], [ 26703.0, 2979.0 ], [ 26703.0, 3002.0 ], [ 26703.0, 3025.0 ], [ 26703.0, 3047.0 ], [ 26703.0, 3070.0 ], [ 26703.0, 3093.0 ], [ 26703.0, 3116.0 ], [ 26703.0, 3138.0 ], [ 26703.0, 3161.0 ], [ 26703.0, 3184.0 ], [ 26703.0, 3207.0 ], [ 26703.0, 3229.0 ], [ 26703.0, 3252.0 ], [ 26703.0, 3275.0 ], [ 26703.0, 3298.0 ], [ 26726.0, 3320.0 ], [ 26726.0, 3343.0 ], [ 26726.0, 3366.0 ], [ 26726.0, 3389.0 ], [ 26726.0, 3411.0 ], [ 26726.0, 3434.0 ], [ 26726.0, 3457.0 ], [ 26726.0, 3480.0 ], [ 26726.0, 3502.0 ], [ 26726.0, 3525.0 ], [ 26726.0, 3548.0 ], [ 26726.0, 3571.0 ], [ 26726.0, 3593.0 ], [ 26726.0, 3616.0 ], [ 26726.0, 3639.0 ], [ 26726.0, 3662.0 ], [ 26726.0, 3684.0 ], [ 26749.0, 3707.0 ], [ 26749.0, 3730.0 ], [ 26749.0, 3753.0 ], [ 26749.0, 3775.0 ], [ 26749.0, 3798.0 ], [ 26749.0, 3821.0 ], [ 26749.0, 3844.0 ], [ 26749.0, 3866.0 ], [ 26749.0, 3889.0 ], [ 26772.0, 3912.0 ], [ 26772.0, 3935.0 ], [ 26772.0, 3957.0 ], [ 26749.0, 3980.0 ], [ 26749.0, 4003.0 ], [ 26749.0, 4026.0 ], [ 26749.0, 4048.0 ], [ 26749.0, 4071.0 ], [ 26749.0, 4094.0 ], [ 26749.0, 4117.0 ], [ 26749.0, 4139.0 ], [ 26772.0, 4162.0 ], [ 26749.0, 4185.0 ], [ 26749.0, 4208.0 ], [ 26749.0, 4230.0 ], [ 26749.0, 4253.0 ], [ 26749.0, 4276.0 ], [ 26749.0, 4299.0 ], [ 26749.0, 4321.0 ], [ 26749.0, 4344.0 ], [ 26749.0, 4367.0 ], [ 26749.0, 4390.0 ], [ 26749.0, 4412.0 ], [ 26749.0, 4435.0 ], [ 26726.0, 4458.0 ], [ 26749.0, 4480.0 ], [ 26749.0, 4503.0 ], [ 26726.0, 4526.0 ], [ 26726.0, 4549.0 ], [ 26726.0, 4571.0 ], [ 26726.0, 4594.0 ], [ 26726.0, 4617.0 ], [ 26703.0, 4640.0 ], [ 26726.0, 4662.0 ], [ 26703.0, 4685.0 ], [ 26726.0, 4708.0 ], [ 26726.0, 4731.0 ], [ 26726.0, 4753.0 ], [ 26726.0, 4776.0 ], [ 26703.0, 4799.0 ], [ 26703.0, 4822.0 ], [ 26703.0, 4844.0 ], [ 26703.0, 4867.0 ], [ 26703.0, 4890.0 ], [ 26703.0, 4913.0 ], [ 26703.0, 4935.0 ], [ 26703.0, 4958.0 ], [ 26703.0, 4981.0 ], [ 26703.0, 5004.0 ], [ 26681.0, 5026.0 ], [ 26703.0, 5049.0 ], [ 26681.0, 5072.0 ], [ 26681.0, 5095.0 ], [ 26681.0, 5117.0 ], [ 26681.0, 5140.0 ], [ 26681.0, 5163.0 ], [ 26681.0, 5186.0 ], [ 26681.0, 5208.0 ], [ 26681.0, 5231.0 ], [ 26681.0, 5254.0 ], [ 26681.0, 5277.0 ], [ 26681.0, 5299.0 ], [ 26658.0, 5322.0 ], [ 26658.0, 5345.0 ], [ 26658.0, 5368.0 ], [ 26658.0, 5390.0 ], [ 26658.0, 5413.0 ], [ 26658.0, 5436.0 ], [ 26658.0, 5459.0 ], [ 26658.0, 5481.0 ], [ 26658.0, 5504.0 ], [ 26658.0, 5527.0 ], [ 26658.0, 5550.0 ], [ 26635.0, 5572.0 ], [ 26635.0, 5595.0 ], [ 26635.0, 5618.0 ], [ 26635.0, 5641.0 ], [ 26635.0, 5663.0 ], [ 26635.0, 5686.0 ], [ 26635.0, 5709.0 ], [ 26635.0, 5732.0 ], [ 26612.0, 5754.0 ], [ 26612.0, 5777.0 ], [ 26612.0, 5800.0 ], [ 26612.0, 5823.0 ], [ 26612.0, 5845.0 ], [ 26612.0, 5868.0 ], [ 26612.0, 5891.0 ], [ 26612.0, 5913.0 ], [ 26612.0, 5936.0 ], [ 26612.0, 5959.0 ], [ 26612.0, 5982.0 ], [ 26590.0, 6004.0 ], [ 26590.0, 6027.0 ], [ 26590.0, 6050.0 ], [ 26590.0, 6073.0 ], [ 26590.0, 6095.0 ], [ 26590.0, 6118.0 ], [ 26590.0, 6141.0 ], [ 26590.0, 6164.0 ], [ 26590.0, 6186.0 ], [ 26590.0, 6209.0 ], [ 26590.0, 6232.0 ], [ 26590.0, 6255.0 ], [ 26590.0, 6277.0 ], [ 26590.0, 6300.0 ], [ 26590.0, 6323.0 ], [ 26590.0, 6346.0 ], [ 26590.0, 6368.0 ], [ 26590.0, 6391.0 ], [ 26590.0, 6414.0 ], [ 26567.0, 6437.0 ], [ 26567.0, 6459.0 ], [ 26567.0, 6482.0 ], [ 26567.0, 6505.0 ], [ 26567.0, 6528.0 ], [ 26567.0, 6550.0 ], [ 26567.0, 6573.0 ], [ 26567.0, 6596.0 ], [ 26567.0, 6619.0 ], [ 26567.0, 6641.0 ], [ 26567.0, 6664.0 ], [ 26567.0, 6687.0 ], [ 26567.0, 6710.0 ], [ 26567.0, 6732.0 ], [ 26567.0, 6755.0 ], [ 26567.0, 6778.0 ], [ 26544.0, 6801.0 ], [ 26544.0, 6823.0 ], [ 26544.0, 6846.0 ], [ 26544.0, 6869.0 ], [ 26544.0, 6892.0 ], [ 26544.0, 6914.0 ], [ 26544.0, 6937.0 ], [ 26521.0, 6960.0 ], [ 26521.0, 6983.0 ], [ 26521.0, 7005.0 ], [ 26521.0, 7028.0 ], [ 26521.0, 7051.0 ], [ 26521.0, 7074.0 ], [ 26521.0, 7096.0 ], [ 26521.0, 7119.0 ], [ 26521.0, 7142.0 ], [ 26521.0, 7165.0 ], [ 26499.0, 7187.0 ], [ 26499.0, 7210.0 ], [ 26499.0, 7233.0 ], [ 26499.0, 7256.0 ], [ 26499.0, 7278.0 ], [ 26499.0, 7301.0 ], [ 26499.0, 7324.0 ], [ 26499.0, 7347.0 ], [ 26499.0, 7369.0 ], [ 26499.0, 7392.0 ], [ 26499.0, 7415.0 ], [ 26499.0, 7437.0 ], [ 26499.0, 7460.0 ], [ 26499.0, 7483.0 ], [ 26499.0, 7506.0 ], [ 26499.0, 7528.0 ], [ 26499.0, 7551.0 ], [ 26499.0, 7574.0 ], [ 26499.0, 7597.0 ], [ 26499.0, 7619.0 ], [ 26499.0, 7642.0 ], [ 26499.0, 7665.0 ], [ 26499.0, 7688.0 ], [ 26476.0, 7710.0 ], [ 26476.0, 7733.0 ], [ 26476.0, 7756.0 ], [ 26476.0, 7779.0 ], [ 26476.0, 7801.0 ], [ 26476.0, 7824.0 ], [ 26476.0, 7847.0 ], [ 26476.0, 7870.0 ], [ 26476.0, 7892.0 ], [ 26476.0, 7915.0 ], [ 26476.0, 7938.0 ], [ 26476.0, 7961.0 ], [ 26476.0, 7983.0 ], [ 26476.0, 8006.0 ], [ 26476.0, 8029.0 ], [ 26476.0, 8052.0 ], [ 26476.0, 8074.0 ], [ 26476.0, 8097.0 ], [ 26476.0, 8120.0 ], [ 26476.0, 8143.0 ], [ 26476.0, 8165.0 ], [ 26476.0, 8188.0 ], [ 26476.0, 8211.0 ], [ 26476.0, 8234.0 ], [ 26476.0, 8256.0 ], [ 26476.0, 8279.0 ], [ 26476.0, 8302.0 ], [ 26476.0, 8325.0 ], [ 26476.0, 8347.0 ], [ 26476.0, 8370.0 ], [ 26476.0, 8393.0 ], [ 26476.0, 8416.0 ], [ 26476.0, 8438.0 ], [ 26499.0, 8461.0 ], [ 26476.0, 8484.0 ], [ 26476.0, 8507.0 ], [ 26476.0, 8529.0 ], [ 26476.0, 8552.0 ], [ 26476.0, 8575.0 ], [ 26499.0, 8598.0 ], [ 26499.0, 8620.0 ], [ 26499.0, 8643.0 ], [ 26499.0, 8666.0 ], [ 26499.0, 8689.0 ], [ 26499.0, 8711.0 ], [ 26476.0, 8734.0 ], [ 26499.0, 8757.0 ], [ 26476.0, 8780.0 ], [ 26476.0, 8802.0 ], [ 26476.0, 8825.0 ], [ 26476.0, 8848.0 ], [ 26476.0, 8870.0 ], [ 26476.0, 8893.0 ], [ 26476.0, 8916.0 ], [ 26476.0, 8939.0 ], [ 26476.0, 8961.0 ], [ 26476.0, 8984.0 ], [ 26476.0, 9007.0 ], [ 26476.0, 9030.0 ], [ 26476.0, 9052.0 ], [ 26476.0, 9075.0 ], [ 26476.0, 9098.0 ], [ 26476.0, 9121.0 ], [ 26476.0, 9143.0 ], [ 26476.0, 9166.0 ], [ 26476.0, 9189.0 ], [ 26476.0, 9212.0 ], [ 26476.0, 9234.0 ], [ 26476.0, 9257.0 ], [ 26476.0, 9280.0 ], [ 26476.0, 9303.0 ], [ 26476.0, 9325.0 ], [ 26476.0, 9348.0 ], [ 26476.0, 9371.0 ], [ 26476.0, 9394.0 ], [ 26476.0, 9416.0 ], [ 26476.0, 9439.0 ], [ 26476.0, 9462.0 ], [ 26499.0, 9485.0 ], [ 26499.0, 9507.0 ], [ 26499.0, 9530.0 ], [ 26476.0, 9553.0 ], [ 26476.0, 9576.0 ], [ 26476.0, 9598.0 ], [ 26476.0, 9621.0 ], [ 26476.0, 9644.0 ], [ 26499.0, 9667.0 ], [ 26499.0, 9689.0 ], [ 26499.0, 9712.0 ], [ 26499.0, 9735.0 ], [ 26499.0, 9758.0 ], [ 26499.0, 9780.0 ], [ 26499.0, 9803.0 ], [ 26499.0, 9826.0 ], [ 26499.0, 9849.0 ], [ 26521.0, 9871.0 ], [ 26499.0, 9894.0 ], [ 26499.0, 9917.0 ], [ 26499.0, 9940.0 ], [ 26521.0, 9962.0 ], [ 26521.0, 9985.0 ], [ 26521.0, 10008.0 ], [ 26521.0, 10031.0 ], [ 26521.0, 10053.0 ], [ 26521.0, 10076.0 ], [ 26521.0, 10099.0 ], [ 26521.0, 10122.0 ], [ 26521.0, 10144.0 ], [ 26521.0, 10167.0 ], [ 26521.0, 10190.0 ], [ 26521.0, 10213.0 ], [ 26544.0, 10235.0 ], [ 26544.0, 10258.0 ], [ 26544.0, 10281.0 ], [ 26544.0, 10303.0 ], [ 26544.0, 10326.0 ], [ 26544.0, 10349.0 ], [ 26544.0, 10372.0 ], [ 26544.0, 10394.0 ], [ 26567.0, 10417.0 ], [ 26567.0, 10440.0 ], [ 26567.0, 10463.0 ], [ 26567.0, 10485.0 ], [ 26544.0, 10508.0 ], [ 26544.0, 10531.0 ], [ 26544.0, 10554.0 ], [ 26567.0, 10576.0 ], [ 26567.0, 10599.0 ], [ 26567.0, 10622.0 ], [ 26567.0, 10645.0 ], [ 26567.0, 10667.0 ], [ 26567.0, 10690.0 ], [ 26567.0, 10713.0 ], [ 26567.0, 10736.0 ], [ 26567.0, 10758.0 ], [ 26567.0, 10781.0 ], [ 26567.0, 10804.0 ], [ 26590.0, 10827.0 ], [ 26590.0, 10849.0 ], [ 26590.0, 10872.0 ], [ 26590.0, 10895.0 ], [ 26590.0, 10918.0 ], [ 26590.0, 10940.0 ], [ 26590.0, 10963.0 ], [ 26590.0, 10986.0 ], [ 26590.0, 11009.0 ], [ 26590.0, 11031.0 ], [ 26590.0, 11054.0 ], [ 26590.0, 11077.0 ], [ 26590.0, 11100.0 ], [ 26612.0, 11122.0 ], [ 26612.0, 11145.0 ], [ 26612.0, 11168.0 ], [ 26612.0, 11191.0 ], [ 26612.0, 11213.0 ], [ 26612.0, 11236.0 ], [ 26612.0, 11259.0 ], [ 26612.0, 11282.0 ], [ 26612.0, 11304.0 ], [ 26612.0, 11327.0 ], [ 26612.0, 11350.0 ], [ 26635.0, 11373.0 ], [ 26612.0, 11395.0 ], [ 26612.0, 11418.0 ], [ 26612.0, 11441.0 ], [ 26635.0, 11464.0 ], [ 26635.0, 11486.0 ], [ 26635.0, 11509.0 ], [ 26635.0, 11532.0 ], [ 26635.0, 11555.0 ], [ 26635.0, 11577.0 ], [ 26635.0, 11600.0 ], [ 26635.0, 11623.0 ], [ 26635.0, 11646.0 ], [ 26635.0, 11668.0 ], [ 26635.0, 11691.0 ], [ 26635.0, 11714.0 ], [ 26658.0, 11737.0 ], [ 26658.0, 11759.0 ], [ 26635.0, 11782.0 ], [ 26635.0, 11805.0 ], [ 26635.0, 11827.0 ], [ 26635.0, 11850.0 ], [ 26658.0, 11873.0 ], [ 26658.0, 11896.0 ], [ 26658.0, 11918.0 ], [ 26658.0, 11941.0 ], [ 26658.0, 11964.0 ], [ 26658.0, 11987.0 ], [ 26658.0, 12009.0 ], [ 26658.0, 12032.0 ], [ 26658.0, 12055.0 ], [ 26658.0, 12078.0 ], [ 26658.0, 12100.0 ], [ 26658.0, 12123.0 ], [ 26658.0, 12146.0 ], [ 26658.0, 12169.0 ], [ 26658.0, 12191.0 ], [ 26658.0, 12214.0 ], [ 26658.0, 12237.0 ], [ 26658.0, 12260.0 ], [ 26658.0, 12282.0 ], [ 26658.0, 12305.0 ], [ 26658.0, 12328.0 ], [ 26658.0, 12351.0 ], [ 26658.0, 12373.0 ], [ 26658.0, 12396.0 ], [ 26658.0, 12419.0 ], [ 26681.0, 12442.0 ], [ 26681.0, 12464.0 ], [ 26681.0, 12487.0 ], [ 26681.0, 12510.0 ], [ 26681.0, 12533.0 ], [ 26681.0, 12555.0 ], [ 26681.0, 12578.0 ], [ 26681.0, 12601.0 ], [ 26681.0, 12624.0 ], [ 26681.0, 12646.0 ], [ 26681.0, 12669.0 ], [ 26681.0, 12692.0 ], [ 26681.0, 12715.0 ], [ 26681.0, 12737.0 ], [ 26681.0, 12760.0 ], [ 26681.0, 12783.0 ], [ 26681.0, 12806.0 ], [ 26681.0, 12828.0 ], [ 26681.0, 12851.0 ], [ 26681.0, 12874.0 ], [ 26681.0, 12897.0 ], [ 26681.0, 12919.0 ], [ 26703.0, 12942.0 ], [ 26703.0, 12965.0 ], [ 26703.0, 12988.0 ], [ 26703.0, 13010.0 ], [ 26703.0, 13033.0 ], [ 26703.0, 13056.0 ], [ 26703.0, 13079.0 ], [ 26703.0, 13101.0 ], [ 26703.0, 13124.0 ], [ 26703.0, 13147.0 ], [ 26703.0, 13170.0 ], [ 26703.0, 13192.0 ], [ 26703.0, 13215.0 ], [ 26703.0, 13238.0 ], [ 26726.0, 13260.0 ], [ 26726.0, 13283.0 ], [ 26726.0, 13306.0 ], [ 26726.0, 13329.0 ], [ 26726.0, 13351.0 ], [ 26726.0, 13374.0 ], [ 26726.0, 13397.0 ], [ 26726.0, 13420.0 ], [ 26726.0, 13442.0 ], [ 26726.0, 13465.0 ], [ 26749.0, 13488.0 ], [ 26749.0, 13511.0 ], [ 26749.0, 13533.0 ], [ 26749.0, 13556.0 ], [ 26749.0, 13579.0 ], [ 26749.0, 13602.0 ], [ 26749.0, 13624.0 ], [ 26772.0, 13647.0 ], [ 26772.0, 13670.0 ], [ 26772.0, 13693.0 ], [ 26772.0, 13715.0 ], [ 26772.0, 13738.0 ], [ 26794.0, 13761.0 ], [ 26772.0, 13784.0 ], [ 26794.0, 13806.0 ], [ 26794.0, 13829.0 ], [ 26794.0, 13852.0 ], [ 26794.0, 13875.0 ], [ 26794.0, 13897.0 ], [ 26794.0, 13920.0 ], [ 26794.0, 13943.0 ], [ 26794.0, 13966.0 ], [ 26794.0, 13988.0 ], [ 26817.0, 14011.0 ], [ 26817.0, 14034.0 ], [ 26817.0, 14057.0 ], [ 26817.0, 14079.0 ], [ 26817.0, 14102.0 ], [ 26817.0, 14125.0 ], [ 26794.0, 14148.0 ], [ 26817.0, 14170.0 ], [ 26817.0, 14193.0 ], [ 26817.0, 14216.0 ], [ 26817.0, 14239.0 ], [ 26817.0, 14261.0 ], [ 26817.0, 14284.0 ], [ 26817.0, 14307.0 ], [ 26817.0, 14330.0 ], [ 26817.0, 14352.0 ], [ 26817.0, 14375.0 ], [ 26817.0, 14398.0 ], [ 26817.0, 14421.0 ], [ 26817.0, 14443.0 ], [ 26817.0, 14466.0 ], [ 26817.0, 14489.0 ], [ 26817.0, 14512.0 ], [ 26817.0, 14534.0 ], [ 26817.0, 14557.0 ], [ 26840.0, 14580.0 ], [ 26840.0, 14603.0 ], [ 26817.0, 14625.0 ], [ 26817.0, 14648.0 ], [ 26840.0, 14671.0 ], [ 26840.0, 14694.0 ], [ 26840.0, 14716.0 ], [ 26840.0, 14739.0 ], [ 26840.0, 14762.0 ], [ 26840.0, 14784.0 ], [ 26840.0, 14807.0 ], [ 26840.0, 14830.0 ], [ 26840.0, 14853.0 ], [ 26863.0, 14875.0 ], [ 26863.0, 14898.0 ], [ 26863.0, 14921.0 ], [ 26863.0, 14944.0 ], [ 26863.0, 14966.0 ], [ 26863.0, 14989.0 ], [ 26840.0, 15012.0 ], [ 26840.0, 15035.0 ], [ 26840.0, 15057.0 ], [ 26840.0, 15080.0 ], [ 26863.0, 15103.0 ], [ 26863.0, 15126.0 ], [ 26863.0, 15148.0 ], [ 26863.0, 15171.0 ], [ 26863.0, 15194.0 ], [ 26863.0, 15217.0 ], [ 26863.0, 15239.0 ], [ 26863.0, 15262.0 ], [ 26863.0, 15285.0 ], [ 26885.0, 15308.0 ], [ 26863.0, 15330.0 ], [ 26863.0, 15353.0 ], [ 26863.0, 15376.0 ], [ 26863.0, 15399.0 ], [ 26863.0, 15421.0 ], [ 26863.0, 15444.0 ], [ 26863.0, 15467.0 ], [ 26863.0, 15490.0 ], [ 26863.0, 15512.0 ], [ 26863.0, 15535.0 ], [ 26863.0, 15558.0 ], [ 26863.0, 15581.0 ], [ 26863.0, 15603.0 ], [ 26863.0, 15626.0 ], [ 26863.0, 15649.0 ], [ 26863.0, 15672.0 ], [ 26863.0, 15694.0 ], [ 26863.0, 15717.0 ], [ 26863.0, 15740.0 ], [ 26863.0, 15763.0 ], [ 26885.0, 15785.0 ], [ 26885.0, 15808.0 ], [ 26885.0, 15831.0 ], [ 26885.0, 15854.0 ], [ 26885.0, 15876.0 ], [ 26885.0, 15899.0 ], [ 26885.0, 15922.0 ], [ 26885.0, 15945.0 ], [ 26885.0, 15967.0 ], [ 26885.0, 15990.0 ], [ 26885.0, 16013.0 ], [ 26885.0, 16036.0 ], [ 26885.0, 16058.0 ], [ 26885.0, 16081.0 ], [ 26885.0, 16104.0 ], [ 26885.0, 16127.0 ], [ 26885.0, 16149.0 ], [ 26885.0, 16172.0 ], [ 26885.0, 16195.0 ], [ 26885.0, 16217.0 ], [ 26885.0, 16240.0 ], [ 26885.0, 16263.0 ], [ 26885.0, 16286.0 ], [ 26885.0, 16308.0 ], [ 26885.0, 16331.0 ], [ 26885.0, 16354.0 ], [ 26885.0, 16377.0 ], [ 26885.0, 16399.0 ], [ 26885.0, 16422.0 ], [ 26885.0, 16445.0 ], [ 26885.0, 16468.0 ], [ 26885.0, 16490.0 ], [ 26885.0, 16513.0 ], [ 26885.0, 16536.0 ], [ 26885.0, 16559.0 ], [ 26885.0, 16581.0 ], [ 26885.0, 16604.0 ], [ 26885.0, 16627.0 ], [ 26908.0, 16650.0 ], [ 26908.0, 16672.0 ], [ 26908.0, 16695.0 ], [ 26885.0, 16718.0 ], [ 26885.0, 16741.0 ], [ 26885.0, 16763.0 ], [ 26885.0, 16786.0 ], [ 26908.0, 16809.0 ], [ 26908.0, 16832.0 ], [ 26908.0, 16854.0 ], [ 26908.0, 16877.0 ], [ 26908.0, 16900.0 ], [ 26908.0, 16923.0 ], [ 26908.0, 16945.0 ], [ 26908.0, 16968.0 ], [ 26908.0, 16991.0 ], [ 26908.0, 17014.0 ], [ 26908.0, 17036.0 ], [ 26908.0, 17059.0 ], [ 26908.0, 17082.0 ], [ 26908.0, 17105.0 ], [ 26908.0, 17127.0 ], [ 26908.0, 17150.0 ], [ 26908.0, 17173.0 ], [ 26908.0, 17196.0 ], [ 26908.0, 17218.0 ], [ 26908.0, 17241.0 ], [ 26908.0, 17264.0 ], [ 26908.0, 17287.0 ], [ 26908.0, 17309.0 ], [ 26908.0, 17332.0 ], [ 26908.0, 17355.0 ], [ 26908.0, 17378.0 ], [ 26908.0, 17400.0 ], [ 26908.0, 17423.0 ], [ 26908.0, 17446.0 ], [ 26908.0, 17469.0 ], [ 26908.0, 17491.0 ], [ 26908.0, 17514.0 ], [ 26908.0, 17537.0 ], [ 26908.0, 17560.0 ], [ 26908.0, 17582.0 ], [ 26908.0, 17605.0 ], [ 26908.0, 17628.0 ], [ 26908.0, 17651.0 ], [ 26908.0, 17673.0 ], [ 26908.0, 17696.0 ], [ 26908.0, 17719.0 ], [ 26908.0, 17741.0 ], [ 26908.0, 17764.0 ], [ 26908.0, 17787.0 ], [ 26908.0, 17810.0 ], [ 26908.0, 17832.0 ], [ 26908.0, 17855.0 ], [ 26908.0, 17878.0 ], [ 26908.0, 17901.0 ], [ 26908.0, 17923.0 ], [ 26908.0, 17946.0 ], [ 26908.0, 17969.0 ], [ 26908.0, 17992.0 ], [ 26908.0, 18014.0 ], [ 26931.0, 18037.0 ], [ 26931.0, 18060.0 ], [ 26931.0, 18083.0 ], [ 26931.0, 18105.0 ], [ 26931.0, 18128.0 ], [ 26931.0, 18151.0 ], [ 26931.0, 18174.0 ], [ 26931.0, 18196.0 ], [ 26931.0, 18219.0 ], [ 26931.0, 18242.0 ], [ 26954.0, 18265.0 ], [ 26954.0, 18287.0 ], [ 26931.0, 18310.0 ], [ 26954.0, 18333.0 ], [ 26954.0, 18356.0 ], [ 26954.0, 18378.0 ], [ 26954.0, 18401.0 ], [ 26954.0, 18424.0 ], [ 26954.0, 18447.0 ], [ 26954.0, 18469.0 ], [ 26954.0, 18492.0 ], [ 26954.0, 18515.0 ], [ 26954.0, 18538.0 ], [ 26954.0, 18560.0 ], [ 26954.0, 18583.0 ], [ 26976.0, 18606.0 ], [ 26954.0, 18629.0 ], [ 26976.0, 18651.0 ], [ 26976.0, 18674.0 ], [ 26976.0, 18697.0 ], [ 26976.0, 18720.0 ], [ 26999.0, 18720.0 ], [ 27022.0, 18720.0 ], [ 27045.0, 18720.0 ], [ 27067.0, 18742.0 ], [ 27067.0, 18765.0 ], [ 27067.0, 18788.0 ], [ 27067.0, 18811.0 ], [ 27067.0, 18833.0 ], [ 27067.0, 18856.0 ], [ 27067.0, 18879.0 ], [ 27067.0, 18902.0 ], [ 27067.0, 18924.0 ], [ 27067.0, 18947.0 ], [ 27067.0, 18970.0 ], [ 27067.0, 18993.0 ], [ 27067.0, 19015.0 ], [ 27067.0, 19038.0 ], [ 27067.0, 19061.0 ], [ 27067.0, 19084.0 ], [ 27067.0, 19106.0 ], [ 27067.0, 19129.0 ], [ 27067.0, 19152.0 ], [ 27067.0, 19174.0 ], [ 27067.0, 19197.0 ], [ 27067.0, 19220.0 ], [ 27067.0, 19243.0 ], [ 27067.0, 19265.0 ], [ 27067.0, 19288.0 ], [ 27067.0, 19311.0 ], [ 27067.0, 19334.0 ], [ 27067.0, 19356.0 ], [ 27067.0, 19379.0 ], [ 27067.0, 19402.0 ], [ 27067.0, 19425.0 ], [ 27067.0, 19447.0 ], [ 27067.0, 19470.0 ], [ 27067.0, 19493.0 ], [ 27067.0, 19516.0 ], [ 27067.0, 19538.0 ], [ 27067.0, 19561.0 ], [ 27067.0, 19584.0 ], [ 27067.0, 19607.0 ], [ 27067.0, 19629.0 ], [ 27067.0, 19652.0 ], [ 27067.0, 19675.0 ], [ 27067.0, 19698.0 ], [ 27067.0, 19720.0 ], [ 27067.0, 19743.0 ], [ 27067.0, 19766.0 ], [ 27090.0, 19789.0 ], [ 27090.0, 19811.0 ], [ 27090.0, 19834.0 ], [ 27090.0, 19857.0 ], [ 27090.0, 19880.0 ], [ 27090.0, 19902.0 ], [ 27090.0, 19925.0 ], [ 27090.0, 19948.0 ], [ 27113.0, 19971.0 ], [ 27113.0, 19993.0 ], [ 27113.0, 20016.0 ], [ 27113.0, 20039.0 ], [ 27113.0, 20062.0 ], [ 27113.0, 20084.0 ], [ 27113.0, 20107.0 ], [ 27113.0, 20130.0 ], [ 27113.0, 20153.0 ], [ 27113.0, 20175.0 ], [ 27113.0, 20198.0 ], [ 27136.0, 20221.0 ], [ 27136.0, 20244.0 ], [ 27136.0, 20266.0 ], [ 27136.0, 20289.0 ], [ 27136.0, 20312.0 ], [ 27136.0, 20335.0 ], [ 27136.0, 20357.0 ], [ 27158.0, 20380.0 ], [ 27158.0, 20403.0 ], [ 27158.0, 20426.0 ], [ 27158.0, 20448.0 ], [ 27158.0, 20471.0 ], [ 27158.0, 20494.0 ], [ 27158.0, 20517.0 ], [ 27158.0, 20539.0 ], [ 27181.0, 20562.0 ], [ 27181.0, 20585.0 ], [ 27181.0, 20607.0 ], [ 27181.0, 20630.0 ], [ 27181.0, 20653.0 ], [ 27181.0, 20676.0 ], [ 27181.0, 20698.0 ], [ 27181.0, 20721.0 ], [ 27181.0, 20744.0 ], [ 27181.0, 20767.0 ], [ 27181.0, 20789.0 ], [ 27204.0, 20812.0 ], [ 27204.0, 20835.0 ], [ 27204.0, 20858.0 ], [ 27204.0, 20880.0 ], [ 27204.0, 20903.0 ], [ 27204.0, 20926.0 ], [ 27204.0, 20949.0 ], [ 27204.0, 20971.0 ], [ 27204.0, 20994.0 ], [ 27204.0, 21017.0 ], [ 27204.0, 21040.0 ], [ 27204.0, 21062.0 ], [ 27227.0, 21085.0 ], [ 27227.0, 21108.0 ], [ 27227.0, 21131.0 ], [ 27227.0, 21153.0 ], [ 27227.0, 21176.0 ], [ 27227.0, 21199.0 ], [ 27227.0, 21222.0 ], [ 27227.0, 21244.0 ], [ 27227.0, 21267.0 ], [ 27227.0, 21290.0 ], [ 27227.0, 21313.0 ], [ 27227.0, 21335.0 ], [ 27227.0, 21358.0 ], [ 27227.0, 21381.0 ], [ 27227.0, 21404.0 ], [ 27227.0, 21426.0 ], [ 27227.0, 21449.0 ], [ 27249.0, 21472.0 ], [ 27249.0, 21495.0 ], [ 27249.0, 21517.0 ], [ 27249.0, 21540.0 ], [ 27249.0, 21563.0 ], [ 27249.0, 21586.0 ], [ 27249.0, 21608.0 ], [ 27249.0, 21631.0 ], [ 27249.0, 21654.0 ], [ 27249.0, 21677.0 ], [ 27249.0, 21699.0 ], [ 27249.0, 21722.0 ], [ 27249.0, 21745.0 ], [ 27249.0, 21768.0 ], [ 27249.0, 21790.0 ], [ 27272.0, 21813.0 ], [ 27272.0, 21836.0 ], [ 27272.0, 21859.0 ], [ 27272.0, 21881.0 ], [ 27272.0, 21904.0 ], [ 27272.0, 21927.0 ], [ 27272.0, 21950.0 ], [ 27272.0, 21972.0 ], [ 27272.0, 21995.0 ], [ 27272.0, 22018.0 ], [ 27272.0, 22041.0 ], [ 27272.0, 22063.0 ], [ 27295.0, 22086.0 ], [ 27295.0, 22109.0 ], [ 27295.0, 22131.0 ], [ 27295.0, 22154.0 ], [ 27295.0, 22177.0 ], [ 27295.0, 22200.0 ], [ 27295.0, 22222.0 ], [ 27295.0, 22245.0 ], [ 27295.0, 22268.0 ], [ 27295.0, 22291.0 ], [ 27295.0, 22313.0 ], [ 27295.0, 22336.0 ], [ 27295.0, 22359.0 ], [ 27295.0, 22382.0 ], [ 27295.0, 22404.0 ], [ 27295.0, 22427.0 ], [ 27295.0, 22450.0 ], [ 27295.0, 22473.0 ], [ 27295.0, 22495.0 ], [ 27295.0, 22518.0 ], [ 27318.0, 22541.0 ], [ 27318.0, 22564.0 ], [ 27318.0, 22586.0 ], [ 27318.0, 22609.0 ], [ 27318.0, 22632.0 ], [ 27318.0, 22655.0 ], [ 27318.0, 22677.0 ], [ 27318.0, 22700.0 ], [ 27340.0, 22723.0 ], [ 27340.0, 22746.0 ], [ 27340.0, 22768.0 ], [ 27318.0, 22791.0 ], [ 27318.0, 22814.0 ], [ 27340.0, 22837.0 ], [ 27318.0, 22859.0 ], [ 27340.0, 22882.0 ], [ 27318.0, 22905.0 ], [ 27318.0, 22928.0 ], [ 27340.0, 22950.0 ], [ 27340.0, 22973.0 ], [ 27340.0, 22996.0 ], [ 27340.0, 23019.0 ], [ 27340.0, 23041.0 ], [ 27340.0, 23064.0 ], [ 27340.0, 23087.0 ], [ 27363.0, 23110.0 ], [ 27340.0, 23132.0 ], [ 27340.0, 23155.0 ], [ 27363.0, 23178.0 ], [ 27363.0, 23201.0 ], [ 27363.0, 23223.0 ], [ 27363.0, 23246.0 ], [ 27363.0, 23269.0 ], [ 27363.0, 23292.0 ], [ 27363.0, 23314.0 ], [ 27363.0, 23337.0 ], [ 27363.0, 23360.0 ], [ 27363.0, 23383.0 ], [ 27363.0, 23405.0 ], [ 27363.0, 23428.0 ], [ 27386.0, 23451.0 ], [ 27386.0, 23474.0 ], [ 27386.0, 23496.0 ], [ 27386.0, 23519.0 ], [ 27409.0, 23542.0 ], [ 27409.0, 23564.0 ], [ 27386.0, 23587.0 ], [ 27386.0, 23610.0 ], [ 27386.0, 23633.0 ], [ 27386.0, 23655.0 ], [ 27386.0, 23678.0 ], [ 27409.0, 23701.0 ], [ 27409.0, 23724.0 ], [ 27409.0, 23746.0 ], [ 27409.0, 23769.0 ], [ 27409.0, 23792.0 ], [ 27409.0, 23815.0 ], [ 27409.0, 23837.0 ], [ 27409.0, 23860.0 ], [ 27409.0, 23883.0 ], [ 27409.0, 23906.0 ], [ 27409.0, 23928.0 ], [ 27431.0, 23951.0 ], [ 27431.0, 23974.0 ], [ 27431.0, 23997.0 ], [ 27431.0, 24019.0 ], [ 27431.0, 24042.0 ], [ 27431.0, 24065.0 ], [ 27431.0, 24088.0 ], [ 27431.0, 24110.0 ], [ 27454.0, 24133.0 ], [ 27431.0, 24156.0 ], [ 27454.0, 24179.0 ], [ 27454.0, 24201.0 ], [ 27477.0, 24224.0 ], [ 27477.0, 24247.0 ], [ 27477.0, 24270.0 ], [ 27477.0, 24292.0 ], [ 27477.0, 24315.0 ], [ 27477.0, 24338.0 ], [ 27477.0, 24361.0 ], [ 27477.0, 24383.0 ], [ 27500.0, 24406.0 ], [ 27500.0, 24429.0 ], [ 27500.0, 24452.0 ], [ 27477.0, 24474.0 ], [ 27477.0, 24497.0 ], [ 27477.0, 24520.0 ], [ 27500.0, 24543.0 ], [ 27500.0, 24565.0 ], [ 27500.0, 24588.0 ], [ 27500.0, 24611.0 ], [ 27500.0, 24634.0 ], [ 27500.0, 24656.0 ], [ 27500.0, 24679.0 ], [ 27500.0, 24702.0 ], [ 27500.0, 24725.0 ], [ 27500.0, 24747.0 ], [ 27500.0, 24770.0 ], [ 27500.0, 24793.0 ], [ 27500.0, 24816.0 ], [ 27500.0, 24838.0 ], [ 27500.0, 24861.0 ], [ 27500.0, 24884.0 ], [ 27500.0, 24907.0 ], [ 27500.0, 24929.0 ], [ 27500.0, 24952.0 ], [ 27500.0, 24975.0 ], [ 27500.0, 24998.0 ], [ 27500.0, 25020.0 ], [ 27522.0, 25043.0 ], [ 27522.0, 25066.0 ], [ 27522.0, 25088.0 ], [ 27522.0, 25111.0 ], [ 27522.0, 25134.0 ], [ 27522.0, 25157.0 ], [ 27522.0, 25179.0 ], [ 27545.0, 25202.0 ], [ 27545.0, 25225.0 ], [ 27545.0, 25248.0 ], [ 27545.0, 25270.0 ], [ 27545.0, 25293.0 ], [ 27545.0, 25316.0 ], [ 27545.0, 25339.0 ], [ 27545.0, 25361.0 ], [ 27545.0, 25384.0 ], [ 27545.0, 25407.0 ], [ 27545.0, 25430.0 ], [ 27545.0, 25452.0 ], [ 27545.0, 25475.0 ], [ 27545.0, 25498.0 ], [ 27545.0, 25521.0 ], [ 27545.0, 25543.0 ], [ 27545.0, 25566.0 ], [ 27545.0, 25589.0 ], [ 27545.0, 25612.0 ], [ 27545.0, 25634.0 ], [ 27545.0, 25657.0 ], [ 27545.0, 25680.0 ], [ 27545.0, 25703.0 ], [ 27545.0, 25725.0 ], [ 27545.0, 25748.0 ], [ 27545.0, 25771.0 ], [ 27545.0, 25794.0 ], [ 27545.0, 25816.0 ], [ 27545.0, 25839.0 ], [ 27568.0, 25862.0 ], [ 27568.0, 25885.0 ], [ 27568.0, 25907.0 ], [ 27568.0, 25930.0 ], [ 27568.0, 25953.0 ], [ 27568.0, 25976.0 ], [ 27568.0, 25998.0 ], [ 27568.0, 26021.0 ], [ 27568.0, 26044.0 ], [ 27568.0, 26067.0 ], [ 27568.0, 26089.0 ], [ 27568.0, 26112.0 ], [ 27568.0, 26135.0 ], [ 27568.0, 26158.0 ], [ 27568.0, 26180.0 ], [ 27568.0, 26203.0 ], [ 27568.0, 26226.0 ], [ 27591.0, 26249.0 ], [ 27568.0, 26271.0 ], [ 27591.0, 26294.0 ], [ 27591.0, 26317.0 ], [ 27591.0, 26340.0 ], [ 27591.0, 26362.0 ], [ 27591.0, 26385.0 ], [ 27591.0, 26408.0 ], [ 27591.0, 26431.0 ], [ 27591.0, 26453.0 ], [ 27591.0, 26476.0 ], [ 27591.0, 26499.0 ], [ 27613.0, 26521.0 ], [ 27613.0, 26544.0 ], [ 27613.0, 26567.0 ], [ 27591.0, 26590.0 ], [ 27591.0, 26612.0 ], [ 27591.0, 26635.0 ], [ 27591.0, 26658.0 ], [ 27591.0, 26681.0 ], [ 27591.0, 26703.0 ], [ 27613.0, 26726.0 ], [ 27591.0, 26749.0 ], [ 27591.0, 26772.0 ], [ 27591.0, 26794.0 ], [ 27591.0, 26817.0 ], [ 27591.0, 26840.0 ], [ 27591.0, 26863.0 ], [ 27591.0, 26885.0 ], [ 27591.0, 26908.0 ], [ 27591.0, 26931.0 ], [ 27591.0, 26954.0 ], [ 27591.0, 26976.0 ], [ 27591.0, 26999.0 ], [ 27591.0, 27022.0 ], [ 27591.0, 27045.0 ], [ 27613.0, 27067.0 ], [ 27613.0, 27090.0 ], [ 27613.0, 27113.0 ], [ 27613.0, 27136.0 ], [ 27613.0, 27158.0 ], [ 27613.0, 27181.0 ], [ 27613.0, 27204.0 ], [ 27613.0, 27227.0 ], [ 27613.0, 27249.0 ], [ 27613.0, 27272.0 ], [ 27613.0, 27295.0 ], [ 27613.0, 27318.0 ], [ 27613.0, 27340.0 ], [ 27613.0, 27363.0 ], [ 27613.0, 27386.0 ], [ 27613.0, 27409.0 ], [ 27613.0, 27431.0 ], [ 27613.0, 27454.0 ], [ 27613.0, 27477.0 ], [ 27613.0, 27500.0 ], [ 27613.0, 27522.0 ], [ 27613.0, 27545.0 ], [ 27613.0, 27568.0 ], [ 27613.0, 27591.0 ], [ 27613.0, 27613.0 ], [ 27613.0, 27636.0 ], [ 27613.0, 27659.0 ], [ 27636.0, 27682.0 ], [ 27636.0, 27704.0 ], [ 27636.0, 27727.0 ], [ 27636.0, 27750.0 ], [ 27636.0, 27773.0 ], [ 27659.0, 27795.0 ], [ 27659.0, 27818.0 ], [ 27659.0, 27841.0 ], [ 27659.0, 27864.0 ], [ 27636.0, 27886.0 ], [ 27659.0, 27909.0 ], [ 27659.0, 27932.0 ], [ 27659.0, 27955.0 ], [ 27659.0, 27977.0 ], [ 27659.0, 28000.0 ], [ 27659.0, 28023.0 ], [ 27659.0, 28045.0 ], [ 27659.0, 28068.0 ], [ 27659.0, 28091.0 ], [ 27682.0, 28114.0 ], [ 27682.0, 28136.0 ], [ 27682.0, 28159.0 ], [ 27682.0, 28182.0 ], [ 27682.0, 28205.0 ], [ 27682.0, 28227.0 ], [ 27682.0, 28250.0 ], [ 27682.0, 28273.0 ], [ 27682.0, 28296.0 ], [ 27682.0, 28318.0 ], [ 27682.0, 28341.0 ], [ 27704.0, 28364.0 ], [ 27682.0, 28387.0 ], [ 27682.0, 28409.0 ], [ 27682.0, 28432.0 ], [ 27682.0, 28455.0 ], [ 27682.0, 28478.0 ], [ 27704.0, 28500.0 ], [ 27704.0, 28523.0 ], [ 27704.0, 28546.0 ], [ 27704.0, 28569.0 ], [ 27704.0, 28591.0 ], [ 27704.0, 28614.0 ], [ 27704.0, 28637.0 ], [ 27704.0, 28660.0 ], [ 27704.0, 28682.0 ], [ 27704.0, 28705.0 ], [ 27704.0, 28728.0 ], [ 27727.0, 28751.0 ], [ 27704.0, 28773.0 ], [ 27704.0, 28796.0 ], [ 27704.0, 28819.0 ], [ 27727.0, 28842.0 ], [ 27727.0, 28864.0 ], [ 27727.0, 28887.0 ], [ 27727.0, 28910.0 ], [ 27727.0, 28933.0 ], [ 27727.0, 28955.0 ], [ 27727.0, 28978.0 ], [ 27727.0, 29001.0 ], [ 27727.0, 29024.0 ], [ 27727.0, 29046.0 ], [ 27704.0, 29069.0 ], [ 27727.0, 29092.0 ], [ 27727.0, 29115.0 ], [ 27727.0, 29137.0 ], [ 27727.0, 29160.0 ], [ 27727.0, 29183.0 ], [ 27727.0, 29206.0 ], [ 27727.0, 29228.0 ], [ 27727.0, 29251.0 ], [ 27727.0, 29274.0 ], [ 27727.0, 29297.0 ], [ 27727.0, 29319.0 ], [ 27727.0, 29342.0 ], [ 27727.0, 29365.0 ], [ 27704.0, 29388.0 ], [ 27704.0, 29410.0 ], [ 27704.0, 29433.0 ], [ 27704.0, 29456.0 ], [ 27704.0, 29478.0 ], [ 27704.0, 29501.0 ], [ 27704.0, 29524.0 ], [ 27704.0, 29547.0 ], [ 27704.0, 29569.0 ], [ 27704.0, 29592.0 ], [ 27704.0, 29615.0 ], [ 27704.0, 29638.0 ], [ 27704.0, 29660.0 ], [ 27704.0, 29683.0 ], [ 27704.0, 29706.0 ], [ 27704.0, 29729.0 ], [ 27704.0, 29751.0 ], [ 27704.0, 29774.0 ], [ 27704.0, 29797.0 ], [ 27704.0, 29820.0 ], [ 27704.0, 29842.0 ], [ 27704.0, 29865.0 ], [ 27704.0, 29888.0 ], [ 27704.0, 29911.0 ], [ 27704.0, 29933.0 ], [ 27704.0, 29956.0 ], [ 27704.0, 29979.0 ], [ 27704.0, 30002.0 ], [ 27704.0, 30024.0 ], [ 27704.0, 30047.0 ], [ 27704.0, 30070.0 ], [ 27704.0, 30093.0 ], [ 27704.0, 30115.0 ], [ 27704.0, 30138.0 ], [ 27704.0, 30161.0 ], [ 27704.0, 30184.0 ], [ 27704.0, 30206.0 ], [ 27704.0, 30229.0 ], [ 27704.0, 30252.0 ], [ 27704.0, 30275.0 ], [ 27704.0, 30297.0 ], [ 27704.0, 30320.0 ], [ 27704.0, 30343.0 ], [ 27704.0, 30366.0 ], [ 27704.0, 30388.0 ], [ 27704.0, 30411.0 ], [ 27727.0, 30434.0 ], [ 27727.0, 30457.0 ], [ 27704.0, 30479.0 ], [ 27704.0, 30502.0 ], [ 27704.0, 30525.0 ], [ 27727.0, 30548.0 ], [ 27704.0, 30570.0 ], [ 27727.0, 30593.0 ], [ 27727.0, 30616.0 ], [ 27704.0, 30639.0 ], [ 27704.0, 30661.0 ], [ 27704.0, 30684.0 ], [ 27704.0, 30707.0 ], [ 27704.0, 30730.0 ], [ 27727.0, 30752.0 ], [ 27727.0, 30775.0 ], [ 27727.0, 30798.0 ], [ 27727.0, 30821.0 ], [ 27727.0, 30843.0 ], [ 27727.0, 30866.0 ], [ 27727.0, 30889.0 ], [ 27727.0, 30911.0 ], [ 27727.0, 30934.0 ], [ 27727.0, 30957.0 ], [ 27727.0, 30980.0 ], [ 27727.0, 31002.0 ], [ 27727.0, 31025.0 ], [ 27727.0, 31048.0 ], [ 27727.0, 31071.0 ], [ 27727.0, 31093.0 ], [ 27704.0, 31116.0 ], [ 27727.0, 31139.0 ], [ 27727.0, 31162.0 ], [ 27727.0, 31184.0 ], [ 27727.0, 31207.0 ], [ 27727.0, 31230.0 ], [ 27727.0, 31253.0 ], [ 27727.0, 31275.0 ], [ 27727.0, 31298.0 ], [ 27750.0, 31321.0 ], [ 27727.0, 31344.0 ], [ 27727.0, 31366.0 ], [ 27727.0, 31389.0 ], [ 27727.0, 31412.0 ], [ 27727.0, 31435.0 ], [ 27750.0, 31457.0 ], [ 27750.0, 31480.0 ], [ 27750.0, 31503.0 ], [ 27750.0, 31526.0 ], [ 27750.0, 31548.0 ], [ 27750.0, 31571.0 ], [ 27750.0, 31594.0 ], [ 27727.0, 31617.0 ], [ 27727.0, 31639.0 ], [ 27750.0, 31662.0 ], [ 27750.0, 31685.0 ], [ 27750.0, 31708.0 ], [ 27750.0, 31730.0 ], [ 27750.0, 31753.0 ], [ 27750.0, 31776.0 ], [ 27750.0, 31799.0 ], [ 27750.0, 31821.0 ], [ 27750.0, 31844.0 ], [ 27750.0, 31867.0 ], [ 27750.0, 31890.0 ], [ 27750.0, 31912.0 ], [ 27750.0, 31935.0 ], [ 27750.0, 31958.0 ], [ 27750.0, 31981.0 ], [ 27750.0, 32003.0 ], [ 27750.0, 32026.0 ], [ 27750.0, 32049.0 ], [ 27750.0, 32072.0 ], [ 27750.0, 32094.0 ], [ 27750.0, 32117.0 ], [ 27750.0, 32140.0 ], [ 27750.0, 32163.0 ], [ 27750.0, 32185.0 ], [ 27750.0, 32208.0 ], [ 27750.0, 32231.0 ], [ 27750.0, 32254.0 ], [ 27750.0, 32276.0 ], [ 27750.0, 32299.0 ], [ 27750.0, 32322.0 ], [ 27750.0, 32345.0 ], [ 27750.0, 32367.0 ], [ 27750.0, 32390.0 ], [ 27750.0, 32413.0 ], [ 27750.0, 32435.0 ], [ 27750.0, 32458.0 ], [ 27750.0, 32481.0 ], [ 27750.0, 32504.0 ], [ 27750.0, 32526.0 ], [ 27750.0, 32549.0 ], [ 27750.0, 32572.0 ], [ 27773.0, 32595.0 ], [ 27750.0, 32617.0 ], [ 27750.0, 32640.0 ], [ 27750.0, 32663.0 ], [ 27750.0, 32686.0 ], [ 27773.0, 32708.0 ], [ 27773.0, 32731.0 ], [ 27750.0, 32754.0 ], [ 27773.0, 32777.0 ], [ 27773.0, 32799.0 ], [ 27773.0, 32822.0 ], [ 27773.0, 32845.0 ], [ 27773.0, 32868.0 ], [ 27773.0, 32890.0 ], [ 27773.0, 32913.0 ], [ 27773.0, 32936.0 ], [ 27773.0, 32959.0 ], [ 27773.0, 32981.0 ], [ 27773.0, 33004.0 ], [ 27773.0, 33027.0 ], [ 27773.0, 33050.0 ], [ 27773.0, 33072.0 ], [ 27773.0, 33095.0 ], [ 27773.0, 33118.0 ], [ 27773.0, 33141.0 ], [ 27773.0, 33163.0 ], [ 27773.0, 33186.0 ], [ 27773.0, 33209.0 ], [ 27773.0, 33232.0 ], [ 27773.0, 33254.0 ], [ 27773.0, 33277.0 ], [ 27773.0, 33300.0 ], [ 27773.0, 33323.0 ], [ 27773.0, 33345.0 ], [ 27773.0, 33368.0 ], [ 27773.0, 33391.0 ], [ 27773.0, 33414.0 ], [ 27773.0, 33436.0 ], [ 27773.0, 33459.0 ], [ 27773.0, 33482.0 ], [ 27773.0, 33505.0 ], [ 27773.0, 33527.0 ], [ 27773.0, 33550.0 ], [ 27773.0, 33573.0 ], [ 27773.0, 33596.0 ], [ 27773.0, 33618.0 ], [ 27773.0, 33641.0 ], [ 27773.0, 33664.0 ], [ 27773.0, 33687.0 ], [ 27773.0, 33709.0 ], [ 27773.0, 33732.0 ], [ 27773.0, 33755.0 ], [ 27773.0, 33778.0 ], [ 27773.0, 33800.0 ], [ 27795.0, 33823.0 ], [ 27795.0, 33846.0 ], [ 27795.0, 33868.0 ], [ 27795.0, 33891.0 ], [ 27795.0, 33914.0 ], [ 27795.0, 33937.0 ], [ 27795.0, 33959.0 ], [ 27795.0, 33982.0 ], [ 27795.0, 34005.0 ], [ 27795.0, 34028.0 ], [ 27795.0, 34050.0 ], [ 27795.0, 34073.0 ], [ 27795.0, 34096.0 ], [ 27795.0, 34119.0 ], [ 27795.0, 34141.0 ], [ 27773.0, 34164.0 ], [ 27773.0, 34187.0 ], [ 27773.0, 34210.0 ], [ 27773.0, 34232.0 ], [ 27795.0, 34255.0 ], [ 27773.0, 34278.0 ], [ 27795.0, 34301.0 ], [ 27773.0, 34323.0 ], [ 27795.0, 34346.0 ], [ 27773.0, 34369.0 ], [ 27773.0, 34392.0 ], [ 27773.0, 34414.0 ], [ 27773.0, 34437.0 ], [ 27795.0, 34460.0 ], [ 27795.0, 34483.0 ], [ 27795.0, 34505.0 ], [ 27795.0, 34528.0 ], [ 27795.0, 34551.0 ], [ 27795.0, 34574.0 ], [ 27795.0, 34596.0 ], [ 27795.0, 34619.0 ], [ 27795.0, 34642.0 ], [ 27795.0, 34665.0 ], [ 27795.0, 34687.0 ], [ 27795.0, 34710.0 ], [ 27795.0, 34733.0 ], [ 27795.0, 34756.0 ], [ 27795.0, 34778.0 ], [ 27795.0, 34801.0 ], [ 27795.0, 34824.0 ], [ 27795.0, 34847.0 ], [ 27795.0, 34869.0 ], [ 27773.0, 34892.0 ], [ 27773.0, 34915.0 ], [ 27795.0, 34938.0 ], [ 27795.0, 34960.0 ], [ 27795.0, 34983.0 ], [ 27795.0, 35006.0 ], [ 27795.0, 35029.0 ], [ 27773.0, 35051.0 ], [ 27773.0, 35074.0 ], [ 27773.0, 35097.0 ], [ 27773.0, 35120.0 ], [ 27773.0, 35142.0 ], [ 27773.0, 35165.0 ], [ 27773.0, 35188.0 ], [ 27773.0, 35211.0 ], [ 27773.0, 35233.0 ], [ 27773.0, 35256.0 ], [ 27773.0, 35279.0 ], [ 27773.0, 35302.0 ], [ 27773.0, 35324.0 ], [ 27773.0, 35347.0 ], [ 27773.0, 35370.0 ], [ 27773.0, 35392.0 ], [ 27773.0, 35415.0 ], [ 27773.0, 35438.0 ], [ 27773.0, 35461.0 ], [ 27773.0, 35483.0 ], [ 27773.0, 35506.0 ], [ 27773.0, 35529.0 ], [ 27773.0, 35552.0 ], [ 27773.0, 35574.0 ], [ 27773.0, 35597.0 ], [ 27795.0, 35620.0 ], [ 27773.0, 35643.0 ], [ 27795.0, 35665.0 ], [ 27795.0, 35688.0 ], [ 27773.0, 35711.0 ], [ 27773.0, 35734.0 ], [ 27773.0, 35756.0 ], [ 27773.0, 35779.0 ], [ 27773.0, 35802.0 ], [ 27795.0, 35825.0 ], [ 27795.0, 35847.0 ], [ 27795.0, 35870.0 ], [ 27795.0, 35893.0 ], [ 27795.0, 35916.0 ], [ 27795.0, 35938.0 ], [ 27773.0, 35961.0 ], [ 27795.0, 35984.0 ], [ 27795.0, 36007.0 ], [ 27795.0, 36029.0 ], [ 27795.0, 36052.0 ], [ 27795.0, 36075.0 ], [ 27795.0, 36098.0 ], [ 27795.0, 36120.0 ], [ 27795.0, 36143.0 ], [ 27795.0, 36166.0 ], [ 27795.0, 36189.0 ], [ 27795.0, 36211.0 ], [ 27795.0, 36234.0 ], [ 27795.0, 36257.0 ], [ 27795.0, 36280.0 ], [ 27795.0, 36302.0 ], [ 27795.0, 36325.0 ], [ 27795.0, 36348.0 ], [ 27795.0, 36371.0 ], [ 27795.0, 36393.0 ], [ 27795.0, 36416.0 ], [ 27795.0, 36439.0 ], [ 27795.0, 36462.0 ], [ 27795.0, 36484.0 ], [ 27795.0, 36507.0 ], [ 27795.0, 36530.0 ], [ 27795.0, 36553.0 ], [ 27795.0, 36575.0 ], [ 27795.0, 36598.0 ], [ 27795.0, 36621.0 ], [ 27795.0, 36644.0 ], [ 27795.0, 36666.0 ], [ 27795.0, 36689.0 ], [ 27795.0, 36712.0 ], [ 27795.0, 36735.0 ], [ 27795.0, 36757.0 ], [ 27795.0, 36780.0 ], [ 27795.0, 36803.0 ], [ 27795.0, 36825.0 ], [ 27795.0, 36848.0 ], [ 27795.0, 36871.0 ], [ 27795.0, 36894.0 ], [ 27795.0, 36916.0 ], [ 27795.0, 36939.0 ], [ 27795.0, 36962.0 ], [ 27795.0, 36985.0 ], [ 27818.0, 37007.0 ], [ 27795.0, 37030.0 ], [ 27818.0, 37053.0 ], [ 27818.0, 37076.0 ], [ 27818.0, 37098.0 ], [ 27818.0, 37121.0 ], [ 27818.0, 37144.0 ], [ 27818.0, 37167.0 ], [ 27795.0, 37189.0 ], [ 27795.0, 37212.0 ], [ 27795.0, 37235.0 ], [ 27795.0, 37258.0 ], [ 27795.0, 37280.0 ], [ 27795.0, 37303.0 ], [ 27795.0, 37326.0 ], [ 27795.0, 37349.0 ], [ 27795.0, 37371.0 ], [ 27795.0, 37394.0 ], [ 27818.0, 37417.0 ], [ 27818.0, 37440.0 ], [ 27818.0, 37462.0 ], [ 27818.0, 37485.0 ], [ 27818.0, 37508.0 ], [ 27818.0, 37531.0 ], [ 27818.0, 37553.0 ], [ 27818.0, 37576.0 ], [ 27818.0, 37599.0 ], [ 27818.0, 37622.0 ], [ 27818.0, 37644.0 ], [ 27818.0, 37667.0 ], [ 27818.0, 37690.0 ], [ 27818.0, 37713.0 ], [ 27818.0, 37735.0 ], [ 27818.0, 37758.0 ], [ 27818.0, 37781.0 ], [ 27818.0, 37804.0 ], [ 27818.0, 37826.0 ], [ 27818.0, 37849.0 ], [ 27818.0, 37872.0 ], [ 27841.0, 37895.0 ], [ 27841.0, 37917.0 ], [ 27841.0, 37940.0 ], [ 27841.0, 37963.0 ], [ 27841.0, 37986.0 ], [ 27841.0, 38008.0 ], [ 27841.0, 38031.0 ], [ 27841.0, 38054.0 ], [ 27841.0, 38077.0 ], [ 27841.0, 38099.0 ], [ 27841.0, 38122.0 ], [ 27841.0, 38145.0 ], [ 27841.0, 38168.0 ], [ 27841.0, 38190.0 ], [ 27841.0, 38213.0 ], [ 27841.0, 38236.0 ], [ 27864.0, 38258.0 ], [ 27841.0, 38281.0 ], [ 27841.0, 38304.0 ], [ 27841.0, 38327.0 ], [ 27841.0, 38349.0 ], [ 27841.0, 38372.0 ], [ 27841.0, 38395.0 ], [ 27841.0, 38418.0 ], [ 27841.0, 38440.0 ], [ 27841.0, 38463.0 ], [ 27841.0, 38486.0 ], [ 27864.0, 38486.0 ], [ 27886.0, 38486.0 ], [ 27909.0, 38486.0 ], [ 27932.0, 38486.0 ], [ 27955.0, 38486.0 ], [ 27977.0, 38486.0 ], [ 28000.0, 38486.0 ], [ 28023.0, 38486.0 ], [ 28045.0, 38486.0 ], [ 28068.0, 38486.0 ], [ 28091.0, 38486.0 ], [ 28114.0, 38509.0 ], [ 28114.0, 38531.0 ], [ 28114.0, 38554.0 ], [ 28114.0, 38577.0 ], [ 28114.0, 38600.0 ], [ 28114.0, 38622.0 ], [ 28114.0, 38645.0 ], [ 28114.0, 38668.0 ], [ 28114.0, 38691.0 ], [ 28114.0, 38713.0 ], [ 28114.0, 38736.0 ], [ 28114.0, 38759.0 ], [ 28114.0, 38782.0 ], [ 28114.0, 38804.0 ], [ 28114.0, 38827.0 ], [ 28114.0, 38850.0 ], [ 28136.0, 38873.0 ], [ 28159.0, 38873.0 ], [ 28182.0, 38873.0 ], [ 28205.0, 38895.0 ], [ 28227.0, 38895.0 ], [ 28250.0, 38895.0 ], [ 28273.0, 38895.0 ], [ 28296.0, 38918.0 ], [ 28296.0, 38941.0 ], [ 28318.0, 38941.0 ], [ 28341.0, 38941.0 ], [ 28341.0, 38918.0 ], [ 28364.0, 38895.0 ], [ 28387.0, 38895.0 ], [ 28409.0, 38918.0 ], [ 28432.0, 38918.0 ], [ 28455.0, 38918.0 ], [ 28478.0, 38918.0 ], [ 28500.0, 38895.0 ], [ 28523.0, 38895.0 ], [ 28546.0, 38895.0 ], [ 28569.0, 38895.0 ], [ 28591.0, 38895.0 ], [ 28614.0, 38918.0 ], [ 28637.0, 38918.0 ], [ 28660.0, 38941.0 ], [ 28682.0, 38941.0 ], [ 28705.0, 38941.0 ], [ 28728.0, 38941.0 ], [ 28751.0, 38941.0 ], [ 28773.0, 38941.0 ], [ 28796.0, 38918.0 ], [ 28819.0, 38895.0 ], [ 28842.0, 38895.0 ], [ 28864.0, 38895.0 ], [ 28887.0, 38895.0 ], [ 28910.0, 38895.0 ], [ 28933.0, 38895.0 ], [ 28933.0, 38873.0 ], [ 28955.0, 38850.0 ], [ 28955.0, 38827.0 ], [ 28933.0, 38804.0 ], [ 28955.0, 38782.0 ], [ 28978.0, 38759.0 ], [ 29001.0, 38782.0 ], [ 29001.0, 38804.0 ], [ 29024.0, 38804.0 ], [ 29046.0, 38827.0 ], [ 29046.0, 38850.0 ], [ 29069.0, 38850.0 ], [ 29092.0, 38850.0 ], [ 29115.0, 38850.0 ], [ 29137.0, 38873.0 ], [ 29160.0, 38873.0 ], [ 29183.0, 38850.0 ], [ 29206.0, 38850.0 ], [ 29228.0, 38850.0 ], [ 29251.0, 38850.0 ], [ 29274.0, 38873.0 ], [ 29297.0, 38873.0 ], [ 29319.0, 38850.0 ], [ 29342.0, 38850.0 ], [ 29365.0, 38850.0 ], [ 29388.0, 38850.0 ], [ 29410.0, 38850.0 ], [ 29433.0, 38850.0 ], [ 29456.0, 38850.0 ], [ 29478.0, 38850.0 ], [ 29501.0, 38827.0 ], [ 29524.0, 38827.0 ], [ 29547.0, 38827.0 ], [ 29569.0, 38804.0 ], [ 29592.0, 38804.0 ], [ 29615.0, 38827.0 ], [ 29638.0, 38827.0 ], [ 29660.0, 38827.0 ], [ 29683.0, 38827.0 ], [ 29706.0, 38827.0 ], [ 29729.0, 38804.0 ], [ 29751.0, 38804.0 ], [ 29774.0, 38804.0 ], [ 29797.0, 38804.0 ], [ 29820.0, 38782.0 ], [ 29842.0, 38782.0 ], [ 29865.0, 38782.0 ], [ 29888.0, 38782.0 ], [ 29911.0, 38782.0 ], [ 29933.0, 38759.0 ], [ 29956.0, 38759.0 ], [ 29979.0, 38759.0 ], [ 30002.0, 38759.0 ], [ 30024.0, 38759.0 ], [ 30047.0, 38759.0 ], [ 30070.0, 38736.0 ], [ 30093.0, 38736.0 ], [ 30115.0, 38736.0 ], [ 30138.0, 38736.0 ], [ 30161.0, 38736.0 ], [ 30184.0, 38736.0 ], [ 30206.0, 38713.0 ], [ 30229.0, 38713.0 ], [ 30252.0, 38713.0 ], [ 30275.0, 38691.0 ], [ 30297.0, 38691.0 ], [ 30320.0, 38691.0 ], [ 30343.0, 38668.0 ], [ 30366.0, 38691.0 ], [ 30388.0, 38691.0 ], [ 30411.0, 38691.0 ], [ 30434.0, 38668.0 ], [ 30457.0, 38691.0 ], [ 30479.0, 38691.0 ], [ 30502.0, 38691.0 ], [ 30502.0, 38668.0 ], [ 30525.0, 38645.0 ], [ 30548.0, 38645.0 ], [ 30570.0, 38645.0 ], [ 30593.0, 38645.0 ], [ 30616.0, 38645.0 ], [ 30639.0, 38645.0 ], [ 30661.0, 38645.0 ], [ 30661.0, 38622.0 ], [ 30661.0, 38600.0 ], [ 30684.0, 38577.0 ], [ 30707.0, 38554.0 ], [ 30730.0, 38577.0 ], [ 30730.0, 38600.0 ], [ 30752.0, 38600.0 ], [ 30775.0, 38600.0 ], [ 30798.0, 38600.0 ], [ 30821.0, 38600.0 ], [ 30843.0, 38600.0 ], [ 30866.0, 38577.0 ], [ 30889.0, 38577.0 ], [ 30911.0, 38577.0 ], [ 30934.0, 38554.0 ], [ 30957.0, 38554.0 ], [ 30980.0, 38554.0 ], [ 31002.0, 38531.0 ], [ 31025.0, 38531.0 ], [ 31048.0, 38531.0 ], [ 31071.0, 38531.0 ], [ 31093.0, 38531.0 ], [ 31116.0, 38509.0 ], [ 31139.0, 38509.0 ], [ 31162.0, 38509.0 ], [ 31184.0, 38509.0 ], [ 31207.0, 38509.0 ], [ 31230.0, 38486.0 ], [ 31253.0, 38486.0 ], [ 31275.0, 38486.0 ], [ 31298.0, 38486.0 ], [ 31321.0, 38463.0 ], [ 31344.0, 38463.0 ], [ 31366.0, 38463.0 ], [ 31389.0, 38463.0 ], [ 31412.0, 38463.0 ], [ 31435.0, 38463.0 ], [ 31457.0, 38440.0 ], [ 31480.0, 38440.0 ], [ 31503.0, 38440.0 ], [ 31526.0, 38440.0 ], [ 31548.0, 38440.0 ], [ 31571.0, 38418.0 ], [ 31594.0, 38418.0 ], [ 31617.0, 38418.0 ], [ 31639.0, 38418.0 ], [ 31662.0, 38440.0 ], [ 31685.0, 38440.0 ], [ 31708.0, 38440.0 ], [ 31730.0, 38418.0 ], [ 31753.0, 38418.0 ], [ 31776.0, 38418.0 ], [ 31799.0, 38418.0 ], [ 31821.0, 38418.0 ], [ 31844.0, 38418.0 ], [ 31867.0, 38418.0 ], [ 31890.0, 38418.0 ], [ 31912.0, 38418.0 ], [ 31935.0, 38395.0 ], [ 31958.0, 38395.0 ], [ 31981.0, 38395.0 ], [ 32003.0, 38395.0 ], [ 32026.0, 38372.0 ], [ 32049.0, 38372.0 ], [ 32072.0, 38372.0 ], [ 32094.0, 38372.0 ], [ 32117.0, 38372.0 ], [ 32140.0, 38349.0 ], [ 32163.0, 38349.0 ], [ 32185.0, 38349.0 ], [ 32208.0, 38327.0 ], [ 32231.0, 38327.0 ], [ 32254.0, 38327.0 ], [ 32276.0, 38304.0 ], [ 32299.0, 38327.0 ], [ 32322.0, 38327.0 ], [ 32345.0, 38327.0 ], [ 32367.0, 38327.0 ], [ 32390.0, 38304.0 ], [ 32413.0, 38304.0 ], [ 32435.0, 38304.0 ], [ 32458.0, 38304.0 ], [ 32481.0, 38304.0 ], [ 32504.0, 38281.0 ], [ 32526.0, 38281.0 ], [ 32549.0, 38281.0 ], [ 32572.0, 38281.0 ], [ 32595.0, 38281.0 ], [ 32617.0, 38258.0 ], [ 32640.0, 38281.0 ], [ 32663.0, 38258.0 ], [ 32686.0, 38258.0 ], [ 32708.0, 38258.0 ], [ 32731.0, 38258.0 ], [ 32754.0, 38258.0 ], [ 32777.0, 38236.0 ], [ 32799.0, 38236.0 ], [ 32822.0, 38236.0 ], [ 32845.0, 38236.0 ], [ 32868.0, 38213.0 ], [ 32890.0, 38213.0 ], [ 32913.0, 38213.0 ], [ 32936.0, 38213.0 ], [ 32959.0, 38190.0 ], [ 32981.0, 38190.0 ], [ 33004.0, 38168.0 ], [ 33027.0, 38190.0 ], [ 33050.0, 38168.0 ], [ 33072.0, 38168.0 ], [ 33095.0, 38145.0 ], [ 33118.0, 38145.0 ], [ 33141.0, 38145.0 ], [ 33163.0, 38145.0 ], [ 33186.0, 38145.0 ], [ 33209.0, 38122.0 ], [ 33232.0, 38122.0 ], [ 33254.0, 38122.0 ], [ 33277.0, 38099.0 ], [ 33300.0, 38099.0 ], [ 33323.0, 38099.0 ], [ 33345.0, 38077.0 ], [ 33368.0, 38077.0 ], [ 33391.0, 38077.0 ], [ 33414.0, 38054.0 ], [ 33436.0, 38054.0 ], [ 33459.0, 38054.0 ], [ 33482.0, 38031.0 ], [ 33505.0, 38031.0 ], [ 33527.0, 38031.0 ], [ 33550.0, 38031.0 ], [ 33573.0, 38031.0 ], [ 33596.0, 38008.0 ], [ 33618.0, 38008.0 ], [ 33641.0, 38008.0 ], [ 33664.0, 38008.0 ], [ 33687.0, 38008.0 ], [ 33709.0, 37986.0 ], [ 33732.0, 37986.0 ], [ 33755.0, 37963.0 ], [ 33778.0, 37963.0 ], [ 33800.0, 37940.0 ], [ 33823.0, 37940.0 ], [ 33846.0, 37940.0 ], [ 33868.0, 37940.0 ], [ 33891.0, 37917.0 ], [ 33914.0, 37917.0 ], [ 33937.0, 37895.0 ], [ 33959.0, 37872.0 ], [ 33982.0, 37872.0 ], [ 34005.0, 37849.0 ], [ 34028.0, 37849.0 ], [ 34050.0, 37849.0 ], [ 34073.0, 37826.0 ], [ 34096.0, 37804.0 ], [ 34119.0, 37804.0 ], [ 34141.0, 37781.0 ], [ 34164.0, 37781.0 ], [ 34187.0, 37781.0 ], [ 34210.0, 37758.0 ], [ 34232.0, 37758.0 ], [ 34255.0, 37735.0 ], [ 34278.0, 37735.0 ], [ 34301.0, 37713.0 ], [ 34323.0, 37713.0 ], [ 34346.0, 37713.0 ], [ 34346.0, 37690.0 ], [ 34346.0, 37667.0 ], [ 34346.0, 37644.0 ], [ 34346.0, 37622.0 ], [ 34346.0, 37599.0 ], [ 34346.0, 37576.0 ], [ 34346.0, 37553.0 ], [ 34346.0, 37531.0 ], [ 34346.0, 37508.0 ], [ 34346.0, 37485.0 ], [ 34369.0, 37462.0 ], [ 34392.0, 37462.0 ], [ 34414.0, 37462.0 ], [ 34437.0, 37462.0 ], [ 34460.0, 37462.0 ], [ 34483.0, 37462.0 ], [ 34505.0, 37462.0 ], [ 34528.0, 37462.0 ], [ 34551.0, 37462.0 ], [ 34574.0, 37462.0 ], [ 34596.0, 37462.0 ], [ 34619.0, 37462.0 ], [ 34642.0, 37462.0 ], [ 34665.0, 37462.0 ], [ 34687.0, 37462.0 ], [ 34710.0, 37462.0 ], [ 34733.0, 37462.0 ], [ 34756.0, 37462.0 ], [ 34778.0, 37462.0 ], [ 34801.0, 37462.0 ], [ 34824.0, 37462.0 ], [ 34847.0, 37462.0 ], [ 34869.0, 37462.0 ], [ 34892.0, 37462.0 ], [ 34915.0, 37462.0 ], [ 34938.0, 37462.0 ], [ 34960.0, 37462.0 ], [ 34983.0, 37462.0 ], [ 35006.0, 37462.0 ], [ 35029.0, 37462.0 ], [ 35051.0, 37440.0 ], [ 35074.0, 37440.0 ], [ 35097.0, 37440.0 ], [ 35120.0, 37440.0 ], [ 35142.0, 37417.0 ], [ 35165.0, 37417.0 ], [ 35188.0, 37394.0 ], [ 35211.0, 37394.0 ], [ 35233.0, 37394.0 ], [ 35256.0, 37371.0 ], [ 35279.0, 37371.0 ], [ 35302.0, 37371.0 ], [ 35324.0, 37371.0 ], [ 35347.0, 37371.0 ], [ 35370.0, 37371.0 ], [ 35392.0, 37371.0 ], [ 35415.0, 37349.0 ], [ 35438.0, 37349.0 ], [ 35461.0, 37371.0 ], [ 35483.0, 37371.0 ], [ 35506.0, 37371.0 ], [ 35529.0, 37349.0 ], [ 35552.0, 37349.0 ], [ 35574.0, 37349.0 ], [ 35597.0, 37349.0 ], [ 35620.0, 37371.0 ], [ 35643.0, 37349.0 ], [ 35665.0, 37349.0 ], [ 35688.0, 37349.0 ], [ 35711.0, 37349.0 ], [ 35734.0, 37349.0 ], [ 35756.0, 37349.0 ], [ 35779.0, 37349.0 ], [ 35802.0, 37349.0 ], [ 35825.0, 37349.0 ], [ 35847.0, 37349.0 ], [ 35870.0, 37349.0 ], [ 35893.0, 37349.0 ], [ 35916.0, 37349.0 ], [ 35938.0, 37349.0 ], [ 35961.0, 37349.0 ], [ 35984.0, 37349.0 ], [ 36007.0, 37326.0 ], [ 36029.0, 37349.0 ], [ 36052.0, 37349.0 ], [ 36075.0, 37349.0 ], [ 36098.0, 37349.0 ], [ 36120.0, 37326.0 ], [ 36143.0, 37326.0 ], [ 36166.0, 37326.0 ], [ 36189.0, 37326.0 ], [ 36211.0, 37326.0 ], [ 36234.0, 37326.0 ], [ 36257.0, 37349.0 ], [ 36280.0, 37326.0 ], [ 36302.0, 37326.0 ], [ 36325.0, 37303.0 ], [ 36348.0, 37303.0 ], [ 36371.0, 37303.0 ], [ 36393.0, 37303.0 ], [ 36416.0, 37303.0 ], [ 36416.0, 37280.0 ], [ 36416.0, 37258.0 ], [ 36416.0, 37235.0 ], [ 36439.0, 37212.0 ], [ 36462.0, 37212.0 ], [ 36484.0, 37189.0 ], [ 36507.0, 37212.0 ], [ 36530.0, 37212.0 ], [ 36553.0, 37235.0 ], [ 36575.0, 37235.0 ], [ 36598.0, 37212.0 ], [ 36621.0, 37235.0 ], [ 36621.0, 37258.0 ], [ 36644.0, 37258.0 ], [ 36666.0, 37280.0 ], [ 36689.0, 37280.0 ], [ 36712.0, 37280.0 ], [ 36735.0, 37280.0 ], [ 36757.0, 37280.0 ], [ 36780.0, 37258.0 ], [ 36803.0, 37258.0 ], [ 36825.0, 37258.0 ], [ 36848.0, 37258.0 ], [ 36871.0, 37258.0 ], [ 36894.0, 37258.0 ], [ 36916.0, 37235.0 ], [ 36939.0, 37235.0 ], [ 36962.0, 37235.0 ], [ 36985.0, 37212.0 ], [ 37007.0, 37212.0 ], [ 37030.0, 37212.0 ], [ 37053.0, 37212.0 ], [ 37076.0, 37189.0 ], [ 37098.0, 37189.0 ], [ 37121.0, 37189.0 ], [ 37144.0, 37167.0 ], [ 37167.0, 37167.0 ], [ 37189.0, 37144.0 ], [ 37212.0, 37144.0 ], [ 37235.0, 37144.0 ], [ 37258.0, 37121.0 ], [ 37280.0, 37098.0 ], [ 37303.0, 37098.0 ], [ 37326.0, 37098.0 ], [ 37349.0, 37076.0 ], [ 37371.0, 37076.0 ], [ 37394.0, 37053.0 ], [ 37417.0, 37053.0 ], [ 37440.0, 37053.0 ], [ 37462.0, 37030.0 ], [ 37485.0, 37030.0 ], [ 37485.0, 37007.0 ], [ 37485.0, 36985.0 ], [ 37485.0, 36962.0 ], [ 37508.0, 36939.0 ], [ 37531.0, 36939.0 ], [ 37553.0, 36939.0 ], [ 37576.0, 36939.0 ], [ 37599.0, 36916.0 ], [ 37599.0, 36894.0 ], [ 37622.0, 36871.0 ], [ 37644.0, 36848.0 ], [ 37667.0, 36825.0 ], [ 37690.0, 36825.0 ], [ 37713.0, 36825.0 ], [ 37735.0, 36803.0 ], [ 37758.0, 36803.0 ], [ 37781.0, 36825.0 ], [ 37804.0, 36825.0 ], [ 37826.0, 36825.0 ], [ 37849.0, 36825.0 ], [ 37872.0, 36825.0 ], [ 37895.0, 36825.0 ], [ 37917.0, 36825.0 ], [ 37940.0, 36848.0 ], [ 37963.0, 36825.0 ], [ 37986.0, 36848.0 ], [ 38008.0, 36848.0 ], [ 38031.0, 36848.0 ], [ 38054.0, 36848.0 ], [ 38077.0, 36848.0 ], [ 38099.0, 36871.0 ], [ 38122.0, 36871.0 ], [ 38145.0, 36848.0 ], [ 38168.0, 36848.0 ], [ 38190.0, 36871.0 ], [ 38213.0, 36871.0 ], [ 38236.0, 36871.0 ], [ 38258.0, 36871.0 ], [ 38281.0, 36894.0 ], [ 38304.0, 36894.0 ], [ 38327.0, 36894.0 ], [ 38349.0, 36894.0 ], [ 38372.0, 36894.0 ], [ 38395.0, 36894.0 ], [ 38418.0, 36894.0 ], [ 38440.0, 36894.0 ], [ 38463.0, 36894.0 ], [ 38486.0, 36894.0 ], [ 38509.0, 36894.0 ], [ 38531.0, 36894.0 ], [ 38554.0, 36894.0 ], [ 38577.0, 36894.0 ], [ 38600.0, 36894.0 ], [ 38622.0, 36871.0 ], [ 38645.0, 36871.0 ], [ 38668.0, 36871.0 ], [ 38691.0, 36871.0 ], [ 38713.0, 36871.0 ], [ 38736.0, 36871.0 ], [ 38759.0, 36871.0 ], [ 38782.0, 36871.0 ], [ 38804.0, 36871.0 ], [ 38827.0, 36871.0 ], [ 38850.0, 36871.0 ], [ 38873.0, 36871.0 ], [ 38895.0, 36848.0 ], [ 38918.0, 36848.0 ], [ 38941.0, 36848.0 ], [ 38964.0, 36848.0 ], [ 38986.0, 36848.0 ], [ 39009.0, 36848.0 ], [ 39032.0, 36848.0 ], [ 39055.0, 36848.0 ], [ 39077.0, 36848.0 ], [ 39100.0, 36825.0 ], [ 39123.0, 36848.0 ], [ 39146.0, 36825.0 ], [ 39168.0, 36825.0 ], [ 39191.0, 36825.0 ], [ 39214.0, 36825.0 ], [ 39237.0, 36825.0 ], [ 39259.0, 36825.0 ], [ 39282.0, 36825.0 ], [ 39305.0, 36825.0 ], [ 39328.0, 36803.0 ], [ 39350.0, 36803.0 ], [ 39373.0, 36803.0 ], [ 39396.0, 36803.0 ], [ 39419.0, 36803.0 ], [ 39441.0, 36780.0 ], [ 39464.0, 36780.0 ], [ 39487.0, 36780.0 ], [ 39510.0, 36780.0 ], [ 39532.0, 36780.0 ], [ 39555.0, 36780.0 ], [ 39578.0, 36757.0 ], [ 39601.0, 36757.0 ], [ 39623.0, 36757.0 ], [ 39646.0, 36757.0 ], [ 39669.0, 36757.0 ], [ 39692.0, 36735.0 ], [ 39714.0, 36735.0 ], [ 39737.0, 36735.0 ], [ 39760.0, 36712.0 ], [ 39782.0, 36712.0 ], [ 39805.0, 36712.0 ], [ 39828.0, 36712.0 ], [ 39851.0, 36689.0 ], [ 39873.0, 36689.0 ], [ 39896.0, 36666.0 ], [ 39919.0, 36666.0 ], [ 39942.0, 36666.0 ], [ 39964.0, 36666.0 ], [ 39987.0, 36666.0 ], [ 40010.0, 36644.0 ], [ 40033.0, 36621.0 ], [ 40055.0, 36621.0 ], [ 40078.0, 36621.0 ], [ 40101.0, 36621.0 ], [ 40124.0, 36598.0 ], [ 40146.0, 36621.0 ], [ 40169.0, 36621.0 ], [ 40192.0, 36598.0 ], [ 40215.0, 36598.0 ], [ 40237.0, 36598.0 ], [ 40260.0, 36575.0 ], [ 40283.0, 36575.0 ], [ 40306.0, 36553.0 ], [ 40328.0, 36553.0 ], [ 40351.0, 36553.0 ], [ 40374.0, 36530.0 ], [ 40397.0, 36530.0 ], [ 40419.0, 36507.0 ], [ 40442.0, 36507.0 ], [ 40465.0, 36484.0 ], [ 40488.0, 36484.0 ], [ 40510.0, 36462.0 ], [ 40533.0, 36462.0 ], [ 40556.0, 36462.0 ], [ 40579.0, 36439.0 ], [ 40601.0, 36416.0 ], [ 40624.0, 36416.0 ], [ 40647.0, 36416.0 ], [ 40670.0, 36416.0 ], [ 40670.0, 36393.0 ], [ 40692.0, 36371.0 ], [ 40715.0, 36371.0 ], [ 40738.0, 36348.0 ], [ 40761.0, 36348.0 ], [ 40783.0, 36325.0 ], [ 40806.0, 36302.0 ], [ 40829.0, 36280.0 ], [ 40852.0, 36280.0 ], [ 40874.0, 36257.0 ], [ 40897.0, 36234.0 ], [ 40897.0, 36211.0 ], [ 40920.0, 36189.0 ], [ 40943.0, 36166.0 ], [ 40943.0, 36143.0 ], [ 40943.0, 36120.0 ], [ 40943.0, 36098.0 ], [ 40920.0, 36075.0 ], [ 40897.0, 36052.0 ], [ 40897.0, 36029.0 ], [ 40874.0, 36007.0 ], [ 40874.0, 35984.0 ], [ 40874.0, 35961.0 ], [ 40852.0, 35938.0 ], [ 40852.0, 35916.0 ], [ 40829.0, 35893.0 ], [ 40829.0, 35870.0 ], [ 40829.0, 35847.0 ], [ 40806.0, 35825.0 ], [ 40806.0, 35802.0 ], [ 40806.0, 35779.0 ], [ 40806.0, 35756.0 ], [ 40783.0, 35734.0 ], [ 40783.0, 35711.0 ], [ 40761.0, 35688.0 ], [ 40761.0, 35665.0 ], [ 40761.0, 35643.0 ], [ 40761.0, 35620.0 ], [ 40738.0, 35597.0 ], [ 40738.0, 35574.0 ], [ 40738.0, 35552.0 ], [ 40738.0, 35529.0 ], [ 40738.0, 35506.0 ], [ 40715.0, 35483.0 ], [ 40715.0, 35461.0 ], [ 40715.0, 35438.0 ], [ 40692.0, 35415.0 ], [ 40692.0, 35392.0 ], [ 40670.0, 35392.0 ], [ 40647.0, 35392.0 ], [ 40624.0, 35392.0 ], [ 40601.0, 35392.0 ], [ 40579.0, 35370.0 ], [ 40579.0, 35347.0 ], [ 40579.0, 35324.0 ], [ 40579.0, 35302.0 ], [ 40579.0, 35279.0 ], [ 40579.0, 35256.0 ], [ 40579.0, 35233.0 ], [ 40579.0, 35211.0 ], [ 40579.0, 35188.0 ], [ 40579.0, 35165.0 ], [ 40579.0, 35142.0 ], [ 40579.0, 35120.0 ], [ 40579.0, 35097.0 ], [ 40579.0, 35074.0 ], [ 40579.0, 35051.0 ], [ 40579.0, 35029.0 ], [ 40556.0, 35006.0 ], [ 40556.0, 34983.0 ], [ 40556.0, 34960.0 ], [ 40533.0, 34938.0 ], [ 40533.0, 34915.0 ], [ 40533.0, 34892.0 ], [ 40510.0, 34869.0 ], [ 40510.0, 34847.0 ], [ 40510.0, 34824.0 ], [ 40510.0, 34801.0 ], [ 40488.0, 34778.0 ], [ 40488.0, 34756.0 ], [ 40465.0, 34733.0 ], [ 40465.0, 34710.0 ], [ 40465.0, 34687.0 ], [ 40442.0, 34665.0 ], [ 40442.0, 34642.0 ], [ 40442.0, 34619.0 ], [ 40419.0, 34596.0 ], [ 40419.0, 34574.0 ], [ 40419.0, 34551.0 ], [ 40419.0, 34528.0 ], [ 40397.0, 34505.0 ], [ 40397.0, 34483.0 ], [ 40397.0, 34460.0 ], [ 40397.0, 34437.0 ], [ 40397.0, 34414.0 ], [ 40374.0, 34392.0 ], [ 40374.0, 34369.0 ], [ 40374.0, 34346.0 ], [ 40351.0, 34323.0 ], [ 40351.0, 34301.0 ], [ 40351.0, 34278.0 ], [ 40351.0, 34255.0 ], [ 40328.0, 34232.0 ], [ 40328.0, 34210.0 ], [ 40328.0, 34187.0 ], [ 40328.0, 34164.0 ], [ 40306.0, 34141.0 ], [ 40306.0, 34119.0 ], [ 40306.0, 34096.0 ], [ 40306.0, 34073.0 ], [ 40283.0, 34050.0 ], [ 40283.0, 34028.0 ], [ 40283.0, 34005.0 ], [ 40283.0, 33982.0 ], [ 40260.0, 33959.0 ], [ 40260.0, 33937.0 ], [ 40260.0, 33914.0 ], [ 40237.0, 33891.0 ], [ 40237.0, 33868.0 ], [ 40237.0, 33846.0 ], [ 40237.0, 33823.0 ], [ 40215.0, 33800.0 ], [ 40215.0, 33778.0 ], [ 40215.0, 33755.0 ], [ 40215.0, 33732.0 ], [ 40192.0, 33709.0 ], [ 40192.0, 33687.0 ], [ 40192.0, 33664.0 ], [ 40192.0, 33641.0 ], [ 40192.0, 33618.0 ], [ 40169.0, 33596.0 ], [ 40169.0, 33573.0 ], [ 40169.0, 33550.0 ], [ 40169.0, 33527.0 ], [ 40169.0, 33505.0 ], [ 40146.0, 33482.0 ], [ 40146.0, 33459.0 ], [ 40146.0, 33436.0 ], [ 40146.0, 33414.0 ], [ 40146.0, 33391.0 ], [ 40124.0, 33368.0 ], [ 40124.0, 33345.0 ], [ 40124.0, 33323.0 ], [ 40124.0, 33300.0 ], [ 40101.0, 33277.0 ], [ 40101.0, 33254.0 ], [ 40101.0, 33232.0 ], [ 40101.0, 33209.0 ], [ 40101.0, 33186.0 ], [ 40101.0, 33163.0 ], [ 40078.0, 33141.0 ], [ 40078.0, 33118.0 ], [ 40078.0, 33095.0 ], [ 40078.0, 33072.0 ], [ 40078.0, 33050.0 ], [ 40055.0, 33027.0 ], [ 40055.0, 33004.0 ], [ 40055.0, 32981.0 ], [ 40055.0, 32959.0 ], [ 40055.0, 32936.0 ], [ 40033.0, 32913.0 ], [ 40033.0, 32890.0 ], [ 40033.0, 32868.0 ], [ 40033.0, 32845.0 ], [ 40033.0, 32822.0 ], [ 40033.0, 32799.0 ], [ 40033.0, 32777.0 ], [ 40033.0, 32754.0 ], [ 40033.0, 32731.0 ], [ 40010.0, 32708.0 ], [ 40010.0, 32686.0 ], [ 40010.0, 32663.0 ], [ 40010.0, 32640.0 ], [ 40010.0, 32617.0 ], [ 40010.0, 32595.0 ], [ 40010.0, 32572.0 ], [ 40010.0, 32549.0 ], [ 39987.0, 32526.0 ], [ 39987.0, 32504.0 ], [ 39987.0, 32481.0 ], [ 39987.0, 32458.0 ], [ 39987.0, 32435.0 ], [ 39987.0, 32413.0 ], [ 39987.0, 32390.0 ], [ 39987.0, 32367.0 ], [ 39987.0, 32345.0 ], [ 39964.0, 32322.0 ], [ 39964.0, 32299.0 ], [ 39964.0, 32276.0 ], [ 39964.0, 32254.0 ], [ 39964.0, 32231.0 ], [ 39964.0, 32208.0 ], [ 39964.0, 32185.0 ], [ 39964.0, 32163.0 ], [ 39964.0, 32140.0 ], [ 39942.0, 32117.0 ], [ 39942.0, 32094.0 ], [ 39942.0, 32072.0 ], [ 39942.0, 32049.0 ], [ 39942.0, 32026.0 ], [ 39942.0, 32003.0 ], [ 39942.0, 31981.0 ], [ 39942.0, 31958.0 ], [ 39942.0, 31935.0 ], [ 39919.0, 31912.0 ], [ 39919.0, 31890.0 ], [ 39919.0, 31867.0 ], [ 39919.0, 31844.0 ], [ 39919.0, 31821.0 ], [ 39942.0, 31799.0 ], [ 39919.0, 31776.0 ], [ 39919.0, 31753.0 ], [ 39919.0, 31730.0 ], [ 39919.0, 31708.0 ], [ 39919.0, 31685.0 ], [ 39919.0, 31662.0 ], [ 39919.0, 31639.0 ], [ 39896.0, 31617.0 ], [ 39896.0, 31594.0 ], [ 39896.0, 31571.0 ], [ 39896.0, 31548.0 ], [ 39896.0, 31526.0 ], [ 39896.0, 31503.0 ], [ 39873.0, 31480.0 ], [ 39873.0, 31457.0 ], [ 39873.0, 31435.0 ], [ 39873.0, 31412.0 ], [ 39873.0, 31389.0 ], [ 39873.0, 31366.0 ], [ 39873.0, 31344.0 ], [ 39873.0, 31321.0 ], [ 39873.0, 31298.0 ], [ 39873.0, 31275.0 ], [ 39851.0, 31253.0 ], [ 39851.0, 31230.0 ], [ 39851.0, 31207.0 ], [ 39851.0, 31184.0 ], [ 39851.0, 31162.0 ], [ 39851.0, 31139.0 ], [ 39851.0, 31116.0 ], [ 39851.0, 31093.0 ], [ 39828.0, 31071.0 ], [ 39828.0, 31048.0 ], [ 39828.0, 31025.0 ], [ 39828.0, 31002.0 ], [ 39828.0, 30980.0 ], [ 39828.0, 30957.0 ], [ 39828.0, 30934.0 ], [ 39828.0, 30911.0 ], [ 39828.0, 30889.0 ], [ 39828.0, 30866.0 ], [ 39805.0, 30843.0 ], [ 39805.0, 30821.0 ], [ 39805.0, 30798.0 ], [ 39805.0, 30775.0 ], [ 39805.0, 30752.0 ], [ 39805.0, 30730.0 ], [ 39805.0, 30707.0 ], [ 39782.0, 30684.0 ], [ 39782.0, 30661.0 ], [ 39782.0, 30639.0 ], [ 39782.0, 30616.0 ], [ 39782.0, 30593.0 ], [ 39760.0, 30570.0 ], [ 39760.0, 30548.0 ], [ 39760.0, 30525.0 ], [ 39760.0, 30502.0 ], [ 39760.0, 30479.0 ], [ 39760.0, 30457.0 ], [ 39760.0, 30434.0 ], [ 39760.0, 30411.0 ], [ 39760.0, 30388.0 ], [ 39760.0, 30366.0 ], [ 39737.0, 30343.0 ], [ 39737.0, 30320.0 ], [ 39737.0, 30297.0 ], [ 39737.0, 30275.0 ], [ 39737.0, 30252.0 ], [ 39737.0, 30229.0 ], [ 39737.0, 30206.0 ], [ 39737.0, 30184.0 ], [ 39737.0, 30161.0 ], [ 39737.0, 30138.0 ], [ 39737.0, 30115.0 ], [ 39737.0, 30093.0 ], [ 39737.0, 30070.0 ], [ 39737.0, 30047.0 ], [ 39714.0, 30024.0 ], [ 39714.0, 30002.0 ], [ 39714.0, 29979.0 ], [ 39714.0, 29956.0 ], [ 39714.0, 29933.0 ], [ 39737.0, 29911.0 ], [ 39714.0, 29888.0 ], [ 39714.0, 29865.0 ], [ 39714.0, 29842.0 ], [ 39714.0, 29820.0 ], [ 39692.0, 29797.0 ], [ 39692.0, 29774.0 ], [ 39692.0, 29751.0 ], [ 39692.0, 29729.0 ], [ 39692.0, 29706.0 ], [ 39692.0, 29683.0 ], [ 39692.0, 29660.0 ], [ 39692.0, 29638.0 ], [ 39669.0, 29615.0 ], [ 39669.0, 29592.0 ], [ 39669.0, 29569.0 ], [ 39669.0, 29547.0 ], [ 39669.0, 29524.0 ], [ 39669.0, 29501.0 ], [ 39669.0, 29478.0 ], [ 39669.0, 29456.0 ], [ 39669.0, 29433.0 ], [ 39669.0, 29410.0 ], [ 39669.0, 29388.0 ], [ 39669.0, 29365.0 ], [ 39669.0, 29342.0 ], [ 39646.0, 29319.0 ], [ 39646.0, 29297.0 ], [ 39646.0, 29274.0 ], [ 39646.0, 29251.0 ], [ 39646.0, 29228.0 ], [ 39646.0, 29206.0 ], [ 39646.0, 29183.0 ], [ 39646.0, 29160.0 ], [ 39646.0, 29137.0 ], [ 39623.0, 29137.0 ], [ 39601.0, 29137.0 ], [ 39578.0, 29137.0 ], [ 39555.0, 29115.0 ], [ 39555.0, 29092.0 ], [ 39555.0, 29069.0 ], [ 39555.0, 29046.0 ], [ 39555.0, 29024.0 ], [ 39555.0, 29001.0 ], [ 39555.0, 28978.0 ], [ 39555.0, 28955.0 ], [ 39555.0, 28933.0 ], [ 39555.0, 28910.0 ], [ 39555.0, 28887.0 ], [ 39555.0, 28864.0 ], [ 39555.0, 28842.0 ], [ 39555.0, 28819.0 ], [ 39555.0, 28796.0 ], [ 39555.0, 28773.0 ], [ 39555.0, 28751.0 ], [ 39555.0, 28728.0 ], [ 39555.0, 28705.0 ], [ 39555.0, 28682.0 ], [ 39555.0, 28660.0 ], [ 39555.0, 28637.0 ], [ 39555.0, 28614.0 ], [ 39555.0, 28591.0 ], [ 39555.0, 28569.0 ], [ 39555.0, 28546.0 ], [ 39555.0, 28523.0 ], [ 39555.0, 28500.0 ], [ 39555.0, 28478.0 ], [ 39555.0, 28455.0 ], [ 39555.0, 28432.0 ], [ 39555.0, 28409.0 ], [ 39555.0, 28387.0 ], [ 39555.0, 28364.0 ], [ 39555.0, 28341.0 ], [ 39555.0, 28318.0 ], [ 39555.0, 28296.0 ], [ 39555.0, 28273.0 ], [ 39555.0, 28250.0 ], [ 39555.0, 28227.0 ], [ 39555.0, 28205.0 ], [ 39555.0, 28182.0 ], [ 39555.0, 28159.0 ], [ 39555.0, 28136.0 ], [ 39555.0, 28114.0 ], [ 39555.0, 28091.0 ], [ 39555.0, 28068.0 ], [ 39555.0, 28045.0 ], [ 39555.0, 28023.0 ], [ 39555.0, 28000.0 ], [ 39555.0, 27977.0 ], [ 39555.0, 27955.0 ], [ 39555.0, 27932.0 ], [ 39555.0, 27909.0 ], [ 39555.0, 27886.0 ], [ 39555.0, 27864.0 ], [ 39555.0, 27841.0 ], [ 39532.0, 27818.0 ], [ 39532.0, 27795.0 ], [ 39532.0, 27773.0 ], [ 39532.0, 27750.0 ], [ 39532.0, 27727.0 ], [ 39532.0, 27704.0 ], [ 39532.0, 27682.0 ], [ 39532.0, 27659.0 ], [ 39555.0, 27636.0 ], [ 39532.0, 27636.0 ], [ 39510.0, 27613.0 ], [ 39510.0, 27591.0 ], [ 39510.0, 27568.0 ], [ 39510.0, 27545.0 ], [ 39510.0, 27522.0 ], [ 39510.0, 27500.0 ], [ 39510.0, 27477.0 ], [ 39510.0, 27454.0 ], [ 39510.0, 27431.0 ], [ 39510.0, 27409.0 ], [ 39510.0, 27386.0 ], [ 39510.0, 27363.0 ], [ 39510.0, 27340.0 ], [ 39487.0, 27318.0 ], [ 39487.0, 27295.0 ], [ 39487.0, 27272.0 ], [ 39487.0, 27249.0 ], [ 39487.0, 27227.0 ], [ 39487.0, 27204.0 ], [ 39487.0, 27181.0 ], [ 39487.0, 27158.0 ], [ 39487.0, 27136.0 ], [ 39487.0, 27113.0 ], [ 39487.0, 27090.0 ], [ 39487.0, 27067.0 ], [ 39464.0, 27045.0 ], [ 39464.0, 27022.0 ], [ 39464.0, 26999.0 ], [ 39487.0, 26976.0 ], [ 39510.0, 26976.0 ], [ 39487.0, 26954.0 ], [ 39464.0, 26931.0 ], [ 39464.0, 26908.0 ], [ 39464.0, 26885.0 ], [ 39464.0, 26863.0 ], [ 39464.0, 26840.0 ], [ 39464.0, 26817.0 ], [ 39464.0, 26794.0 ], [ 39441.0, 26772.0 ], [ 39441.0, 26749.0 ], [ 39441.0, 26726.0 ], [ 39441.0, 26703.0 ], [ 39441.0, 26681.0 ], [ 39441.0, 26658.0 ], [ 39419.0, 26635.0 ], [ 39419.0, 26612.0 ], [ 39419.0, 26590.0 ], [ 39419.0, 26567.0 ], [ 39419.0, 26544.0 ], [ 39419.0, 26521.0 ], [ 39419.0, 26499.0 ], [ 39419.0, 26476.0 ], [ 39396.0, 26453.0 ], [ 39396.0, 26431.0 ], [ 39396.0, 26408.0 ], [ 39396.0, 26385.0 ], [ 39396.0, 26362.0 ], [ 39396.0, 26340.0 ], [ 39396.0, 26317.0 ], [ 39396.0, 26294.0 ], [ 39396.0, 26271.0 ], [ 39396.0, 26249.0 ], [ 39373.0, 26226.0 ], [ 39373.0, 26203.0 ], [ 39373.0, 26180.0 ], [ 39373.0, 26158.0 ], [ 39373.0, 26135.0 ], [ 39373.0, 26112.0 ], [ 39373.0, 26089.0 ], [ 39373.0, 26067.0 ], [ 39373.0, 26044.0 ], [ 39373.0, 26021.0 ], [ 39373.0, 25998.0 ], [ 39373.0, 25976.0 ], [ 39373.0, 25953.0 ], [ 39373.0, 25930.0 ], [ 39373.0, 25907.0 ], [ 39373.0, 25885.0 ], [ 39373.0, 25862.0 ], [ 39373.0, 25839.0 ], [ 39350.0, 25816.0 ], [ 39350.0, 25794.0 ], [ 39350.0, 25771.0 ], [ 39350.0, 25748.0 ], [ 39350.0, 25725.0 ], [ 39350.0, 25703.0 ], [ 39350.0, 25680.0 ], [ 39350.0, 25657.0 ], [ 39350.0, 25634.0 ], [ 39350.0, 25612.0 ], [ 39350.0, 25589.0 ], [ 39328.0, 25566.0 ], [ 39328.0, 25543.0 ], [ 39328.0, 25521.0 ], [ 39328.0, 25498.0 ], [ 39328.0, 25475.0 ], [ 39328.0, 25452.0 ], [ 39328.0, 25430.0 ], [ 39328.0, 25407.0 ], [ 39328.0, 25384.0 ], [ 39328.0, 25361.0 ], [ 39328.0, 25339.0 ], [ 39328.0, 25316.0 ], [ 39305.0, 25293.0 ], [ 39305.0, 25270.0 ], [ 39328.0, 25248.0 ], [ 39305.0, 25225.0 ], [ 39305.0, 25202.0 ], [ 39305.0, 25179.0 ], [ 39305.0, 25157.0 ], [ 39305.0, 25134.0 ], [ 39305.0, 25111.0 ], [ 39305.0, 25088.0 ], [ 39305.0, 25066.0 ], [ 39305.0, 25043.0 ], [ 39305.0, 25020.0 ], [ 39305.0, 24998.0 ], [ 39305.0, 24975.0 ], [ 39305.0, 24952.0 ], [ 39305.0, 24929.0 ], [ 39305.0, 24907.0 ], [ 39305.0, 24884.0 ], [ 39305.0, 24861.0 ], [ 39305.0, 24838.0 ], [ 39282.0, 24816.0 ], [ 39282.0, 24793.0 ], [ 39282.0, 24770.0 ], [ 39282.0, 24747.0 ], [ 39282.0, 24725.0 ], [ 39282.0, 24702.0 ], [ 39282.0, 24679.0 ], [ 39282.0, 24656.0 ], [ 39282.0, 24634.0 ], [ 39282.0, 24611.0 ], [ 39282.0, 24588.0 ], [ 39282.0, 24565.0 ], [ 39282.0, 24543.0 ], [ 39259.0, 24520.0 ], [ 39259.0, 24497.0 ], [ 39259.0, 24474.0 ], [ 39259.0, 24452.0 ], [ 39259.0, 24429.0 ], [ 39259.0, 24406.0 ], [ 39259.0, 24383.0 ], [ 39259.0, 24361.0 ], [ 39259.0, 24338.0 ], [ 39259.0, 24315.0 ], [ 39259.0, 24292.0 ], [ 39237.0, 24270.0 ], [ 39237.0, 24247.0 ], [ 39237.0, 24224.0 ], [ 39237.0, 24201.0 ], [ 39237.0, 24179.0 ], [ 39237.0, 24156.0 ], [ 39237.0, 24133.0 ], [ 39237.0, 24110.0 ], [ 39237.0, 24088.0 ], [ 39237.0, 24065.0 ], [ 39237.0, 24042.0 ], [ 39237.0, 24019.0 ], [ 39237.0, 23997.0 ], [ 39214.0, 23974.0 ], [ 39214.0, 23951.0 ], [ 39214.0, 23928.0 ], [ 39214.0, 23906.0 ], [ 39214.0, 23883.0 ], [ 39214.0, 23860.0 ], [ 39214.0, 23837.0 ], [ 39214.0, 23815.0 ], [ 39214.0, 23792.0 ], [ 39214.0, 23769.0 ], [ 39214.0, 23746.0 ], [ 39214.0, 23724.0 ], [ 39191.0, 23701.0 ], [ 39191.0, 23678.0 ], [ 39191.0, 23655.0 ], [ 39191.0, 23633.0 ], [ 39191.0, 23610.0 ], [ 39191.0, 23587.0 ], [ 39191.0, 23564.0 ], [ 39191.0, 23542.0 ], [ 39191.0, 23519.0 ], [ 39191.0, 23496.0 ], [ 39191.0, 23474.0 ], [ 39191.0, 23451.0 ], [ 39191.0, 23428.0 ], [ 39191.0, 23405.0 ], [ 39168.0, 23383.0 ], [ 39168.0, 23360.0 ], [ 39168.0, 23337.0 ], [ 39168.0, 23314.0 ], [ 39168.0, 23292.0 ], [ 39168.0, 23269.0 ], [ 39168.0, 23246.0 ], [ 39168.0, 23223.0 ], [ 39168.0, 23201.0 ], [ 39168.0, 23178.0 ], [ 39168.0, 23155.0 ], [ 39168.0, 23132.0 ], [ 39168.0, 23110.0 ], [ 39168.0, 23087.0 ], [ 39168.0, 23064.0 ], [ 39168.0, 23041.0 ], [ 39168.0, 23019.0 ], [ 39168.0, 22996.0 ], [ 39168.0, 22973.0 ], [ 39168.0, 22950.0 ], [ 39146.0, 22928.0 ], [ 39146.0, 22905.0 ], [ 39146.0, 22882.0 ], [ 39146.0, 22859.0 ], [ 39146.0, 22837.0 ], [ 39146.0, 22814.0 ], [ 39146.0, 22791.0 ], [ 39146.0, 22768.0 ], [ 39123.0, 22746.0 ], [ 39123.0, 22723.0 ], [ 39123.0, 22700.0 ], [ 39123.0, 22677.0 ], [ 39123.0, 22655.0 ], [ 39123.0, 22632.0 ], [ 39123.0, 22609.0 ], [ 39123.0, 22586.0 ], [ 39123.0, 22564.0 ], [ 39123.0, 22541.0 ], [ 39123.0, 22518.0 ], [ 39123.0, 22495.0 ], [ 39123.0, 22473.0 ], [ 39123.0, 22450.0 ], [ 39123.0, 22427.0 ], [ 39123.0, 22404.0 ], [ 39123.0, 22382.0 ], [ 39123.0, 22359.0 ], [ 39123.0, 22336.0 ], [ 39123.0, 22313.0 ], [ 39123.0, 22291.0 ], [ 39123.0, 22268.0 ], [ 39123.0, 22245.0 ], [ 39123.0, 22222.0 ], [ 39123.0, 22200.0 ], [ 39123.0, 22177.0 ], [ 39123.0, 22154.0 ], [ 39123.0, 22131.0 ], [ 39123.0, 22109.0 ], [ 39100.0, 22086.0 ], [ 39100.0, 22063.0 ], [ 39100.0, 22041.0 ], [ 39100.0, 22018.0 ], [ 39100.0, 21995.0 ], [ 39100.0, 21972.0 ], [ 39100.0, 21950.0 ], [ 39100.0, 21927.0 ], [ 39100.0, 21904.0 ], [ 39100.0, 21881.0 ], [ 39100.0, 21859.0 ], [ 39100.0, 21836.0 ], [ 39100.0, 21813.0 ], [ 39100.0, 21790.0 ], [ 39100.0, 21768.0 ], [ 39100.0, 21745.0 ], [ 39077.0, 21722.0 ], [ 39077.0, 21699.0 ], [ 39077.0, 21677.0 ], [ 39077.0, 21654.0 ], [ 39077.0, 21631.0 ], [ 39077.0, 21608.0 ], [ 39077.0, 21586.0 ], [ 39077.0, 21563.0 ], [ 39077.0, 21540.0 ], [ 39077.0, 21517.0 ], [ 39077.0, 21495.0 ], [ 39077.0, 21472.0 ], [ 39077.0, 21449.0 ], [ 39077.0, 21426.0 ], [ 39077.0, 21404.0 ], [ 39077.0, 21381.0 ], [ 39077.0, 21358.0 ], [ 39077.0, 21335.0 ], [ 39077.0, 21313.0 ], [ 39077.0, 21290.0 ], [ 39077.0, 21267.0 ], [ 39077.0, 21244.0 ], [ 39077.0, 21222.0 ], [ 39077.0, 21199.0 ], [ 39077.0, 21176.0 ], [ 39077.0, 21153.0 ], [ 39077.0, 21131.0 ], [ 39077.0, 21108.0 ], [ 39077.0, 21085.0 ], [ 39077.0, 21062.0 ], [ 39077.0, 21040.0 ], [ 39077.0, 21017.0 ], [ 39077.0, 20994.0 ], [ 39077.0, 20971.0 ], [ 39077.0, 20949.0 ], [ 39077.0, 20926.0 ], [ 39077.0, 20903.0 ], [ 39077.0, 20880.0 ], [ 39077.0, 20858.0 ], [ 39077.0, 20835.0 ], [ 39077.0, 20812.0 ], [ 39077.0, 20789.0 ], [ 39077.0, 20767.0 ], [ 39077.0, 20744.0 ], [ 39077.0, 20721.0 ], [ 39077.0, 20698.0 ], [ 39077.0, 20676.0 ], [ 39077.0, 20653.0 ], [ 39077.0, 20630.0 ], [ 39077.0, 20607.0 ], [ 39077.0, 20585.0 ], [ 39077.0, 20562.0 ], [ 39077.0, 20539.0 ], [ 39077.0, 20517.0 ], [ 39077.0, 20494.0 ], [ 39077.0, 20471.0 ], [ 39077.0, 20448.0 ], [ 39077.0, 20426.0 ], [ 39077.0, 20403.0 ], [ 39077.0, 20380.0 ], [ 39077.0, 20357.0 ], [ 39077.0, 20335.0 ], [ 39077.0, 20312.0 ], [ 39077.0, 20289.0 ], [ 39077.0, 20266.0 ], [ 39077.0, 20244.0 ], [ 39077.0, 20221.0 ], [ 39077.0, 20198.0 ], [ 39077.0, 20175.0 ], [ 39077.0, 20153.0 ], [ 39077.0, 20130.0 ], [ 39077.0, 20107.0 ], [ 39077.0, 20084.0 ], [ 39077.0, 20062.0 ], [ 39077.0, 20039.0 ], [ 39055.0, 20016.0 ], [ 39055.0, 19993.0 ], [ 39055.0, 19971.0 ], [ 39055.0, 19948.0 ], [ 39077.0, 19925.0 ], [ 39077.0, 19902.0 ], [ 39077.0, 19880.0 ], [ 39077.0, 19857.0 ], [ 39077.0, 19834.0 ], [ 39077.0, 19811.0 ], [ 39077.0, 19789.0 ], [ 39077.0, 19766.0 ], [ 39077.0, 19743.0 ], [ 39077.0, 19720.0 ], [ 39077.0, 19698.0 ], [ 39077.0, 19675.0 ], [ 39077.0, 19652.0 ], [ 39077.0, 19629.0 ], [ 39077.0, 19607.0 ], [ 39077.0, 19584.0 ], [ 39077.0, 19561.0 ], [ 39077.0, 19538.0 ], [ 39077.0, 19516.0 ], [ 39077.0, 19493.0 ], [ 39077.0, 19470.0 ], [ 39077.0, 19447.0 ], [ 39077.0, 19425.0 ], [ 39077.0, 19402.0 ], [ 39100.0, 19379.0 ], [ 39123.0, 19356.0 ], [ 39123.0, 19334.0 ], [ 39123.0, 19311.0 ], [ 39123.0, 19288.0 ], [ 39123.0, 19265.0 ], [ 39123.0, 19243.0 ], [ 39123.0, 19220.0 ], [ 39123.0, 19197.0 ], [ 39123.0, 19174.0 ], [ 39123.0, 19152.0 ], [ 39146.0, 19129.0 ], [ 39146.0, 19106.0 ], [ 39146.0, 19084.0 ], [ 39146.0, 19061.0 ], [ 39146.0, 19038.0 ], [ 39146.0, 19015.0 ], [ 39168.0, 18993.0 ], [ 39168.0, 18970.0 ], [ 39146.0, 18947.0 ], [ 39168.0, 18924.0 ], [ 39168.0, 18902.0 ], [ 39168.0, 18879.0 ], [ 39168.0, 18856.0 ], [ 39168.0, 18833.0 ], [ 39168.0, 18811.0 ], [ 39191.0, 18788.0 ], [ 39191.0, 18765.0 ], [ 39191.0, 18742.0 ], [ 39191.0, 18720.0 ], [ 39191.0, 18697.0 ], [ 39191.0, 18674.0 ], [ 39191.0, 18651.0 ], [ 39191.0, 18629.0 ], [ 39191.0, 18606.0 ], [ 39191.0, 18583.0 ], [ 39168.0, 18560.0 ], [ 39168.0, 18538.0 ], [ 39168.0, 18515.0 ], [ 39168.0, 18492.0 ], [ 39146.0, 18469.0 ], [ 39146.0, 18447.0 ], [ 39146.0, 18424.0 ], [ 39146.0, 18401.0 ], [ 39146.0, 18378.0 ], [ 39123.0, 18356.0 ], [ 39123.0, 18333.0 ], [ 39123.0, 18310.0 ], [ 39123.0, 18287.0 ], [ 39123.0, 18265.0 ], [ 39123.0, 18242.0 ], [ 39123.0, 18219.0 ], [ 39123.0, 18196.0 ], [ 39123.0, 18174.0 ], [ 39100.0, 18151.0 ], [ 39100.0, 18128.0 ], [ 39100.0, 18105.0 ], [ 39100.0, 18083.0 ], [ 39077.0, 18060.0 ], [ 39077.0, 18037.0 ], [ 39077.0, 18014.0 ], [ 39100.0, 17992.0 ], [ 39100.0, 17969.0 ], [ 39077.0, 17946.0 ], [ 39100.0, 17923.0 ], [ 39100.0, 17901.0 ], [ 39100.0, 17878.0 ], [ 39100.0, 17855.0 ], [ 39100.0, 17832.0 ], [ 39100.0, 17810.0 ], [ 39100.0, 17787.0 ], [ 39077.0, 17764.0 ], [ 39100.0, 17741.0 ], [ 39100.0, 17719.0 ], [ 39100.0, 17696.0 ], [ 39100.0, 17673.0 ], [ 39100.0, 17651.0 ], [ 39077.0, 17628.0 ], [ 39077.0, 17605.0 ], [ 39077.0, 17582.0 ], [ 39077.0, 17560.0 ], [ 39077.0, 17537.0 ], [ 39077.0, 17514.0 ], [ 39077.0, 17491.0 ], [ 39077.0, 17469.0 ], [ 39077.0, 17446.0 ], [ 39077.0, 17423.0 ], [ 39055.0, 17400.0 ], [ 39055.0, 17378.0 ], [ 39055.0, 17355.0 ], [ 39055.0, 17332.0 ], [ 39055.0, 17309.0 ], [ 39055.0, 17287.0 ], [ 39055.0, 17264.0 ], [ 39055.0, 17241.0 ], [ 39055.0, 17218.0 ], [ 39055.0, 17196.0 ], [ 39032.0, 17173.0 ], [ 39032.0, 17150.0 ], [ 39032.0, 17127.0 ], [ 39032.0, 17105.0 ], [ 39032.0, 17082.0 ], [ 39032.0, 17059.0 ], [ 39032.0, 17036.0 ], [ 39009.0, 17014.0 ], [ 39032.0, 16991.0 ], [ 39032.0, 16968.0 ], [ 39032.0, 16945.0 ], [ 39032.0, 16923.0 ], [ 39009.0, 16900.0 ], [ 39009.0, 16877.0 ], [ 39009.0, 16854.0 ], [ 39009.0, 16832.0 ], [ 39009.0, 16809.0 ], [ 39009.0, 16786.0 ], [ 39009.0, 16763.0 ], [ 39009.0, 16741.0 ], [ 39009.0, 16718.0 ], [ 39009.0, 16695.0 ], [ 38986.0, 16672.0 ], [ 38986.0, 16650.0 ], [ 38986.0, 16627.0 ], [ 38986.0, 16604.0 ], [ 38986.0, 16581.0 ], [ 38986.0, 16559.0 ], [ 38986.0, 16536.0 ], [ 38986.0, 16513.0 ], [ 38986.0, 16490.0 ], [ 38986.0, 16468.0 ], [ 38986.0, 16445.0 ], [ 38986.0, 16422.0 ], [ 38986.0, 16399.0 ], [ 38986.0, 16377.0 ], [ 38986.0, 16354.0 ], [ 38964.0, 16331.0 ], [ 38964.0, 16308.0 ], [ 38964.0, 16286.0 ], [ 38964.0, 16263.0 ], [ 38964.0, 16240.0 ], [ 38964.0, 16217.0 ], [ 38964.0, 16195.0 ], [ 38964.0, 16172.0 ], [ 38964.0, 16149.0 ], [ 38964.0, 16127.0 ], [ 38964.0, 16104.0 ], [ 38964.0, 16081.0 ], [ 38964.0, 16058.0 ], [ 38964.0, 16036.0 ], [ 38964.0, 16013.0 ], [ 38964.0, 15990.0 ], [ 38964.0, 15967.0 ], [ 38964.0, 15945.0 ], [ 38964.0, 15922.0 ], [ 38964.0, 15899.0 ], [ 38964.0, 15876.0 ], [ 38964.0, 15854.0 ], [ 38964.0, 15831.0 ], [ 38964.0, 15808.0 ], [ 38941.0, 15785.0 ], [ 38941.0, 15763.0 ], [ 38964.0, 15740.0 ], [ 38986.0, 15740.0 ], [ 39009.0, 15717.0 ], [ 39009.0, 15694.0 ], [ 39009.0, 15672.0 ], [ 38986.0, 15649.0 ], [ 38986.0, 15626.0 ], [ 38964.0, 15626.0 ], [ 38941.0, 15603.0 ], [ 38941.0, 15581.0 ], [ 38941.0, 15558.0 ], [ 38941.0, 15535.0 ], [ 38941.0, 15512.0 ], [ 38941.0, 15490.0 ], [ 38941.0, 15467.0 ], [ 38941.0, 15444.0 ], [ 38941.0, 15421.0 ], [ 38941.0, 15399.0 ], [ 38941.0, 15376.0 ], [ 38941.0, 15353.0 ], [ 38941.0, 15330.0 ], [ 38941.0, 15308.0 ], [ 38941.0, 15285.0 ], [ 38941.0, 15262.0 ], [ 38941.0, 15239.0 ], [ 38941.0, 15217.0 ], [ 38941.0, 15194.0 ], [ 38918.0, 15171.0 ], [ 38918.0, 15148.0 ], [ 38918.0, 15126.0 ], [ 38918.0, 15103.0 ], [ 38941.0, 15080.0 ], [ 38918.0, 15057.0 ], [ 38918.0, 15035.0 ], [ 38918.0, 15012.0 ], [ 38895.0, 14989.0 ], [ 38918.0, 14966.0 ], [ 38918.0, 14944.0 ], [ 38918.0, 14921.0 ], [ 38918.0, 14898.0 ], [ 38918.0, 14875.0 ], [ 38918.0, 14853.0 ], [ 38918.0, 14830.0 ], [ 38918.0, 14807.0 ], [ 38918.0, 14784.0 ], [ 38918.0, 14762.0 ], [ 38918.0, 14739.0 ], [ 38918.0, 14716.0 ], [ 38918.0, 14694.0 ], [ 38918.0, 14671.0 ], [ 38918.0, 14648.0 ], [ 38918.0, 14625.0 ], [ 38918.0, 14603.0 ], [ 38918.0, 14580.0 ], [ 38918.0, 14557.0 ], [ 38918.0, 14534.0 ], [ 38918.0, 14512.0 ], [ 38918.0, 14489.0 ], [ 38918.0, 14466.0 ], [ 38918.0, 14443.0 ], [ 38918.0, 14421.0 ], [ 38918.0, 14398.0 ], [ 38918.0, 14375.0 ], [ 38918.0, 14352.0 ], [ 38918.0, 14330.0 ], [ 38918.0, 14307.0 ], [ 38918.0, 14284.0 ], [ 38918.0, 14261.0 ], [ 38918.0, 14239.0 ], [ 38918.0, 14216.0 ], [ 38918.0, 14193.0 ], [ 38918.0, 14170.0 ], [ 38918.0, 14148.0 ], [ 38918.0, 14125.0 ], [ 38941.0, 14102.0 ], [ 38941.0, 14079.0 ], [ 38918.0, 14057.0 ], [ 38918.0, 14034.0 ], [ 38918.0, 14011.0 ], [ 38918.0, 13988.0 ], [ 38918.0, 13966.0 ], [ 38918.0, 13943.0 ], [ 38918.0, 13920.0 ], [ 38918.0, 13897.0 ], [ 38918.0, 13875.0 ], [ 38941.0, 13852.0 ], [ 38941.0, 13829.0 ], [ 38941.0, 13806.0 ], [ 38941.0, 13784.0 ], [ 38941.0, 13761.0 ], [ 38941.0, 13738.0 ], [ 38941.0, 13715.0 ], [ 38941.0, 13693.0 ], [ 38941.0, 13670.0 ], [ 38941.0, 13647.0 ], [ 38941.0, 13624.0 ], [ 38941.0, 13602.0 ], [ 38941.0, 13579.0 ], [ 38964.0, 13556.0 ], [ 38964.0, 13533.0 ], [ 38964.0, 13511.0 ], [ 38964.0, 13488.0 ], [ 38964.0, 13465.0 ], [ 38964.0, 13442.0 ], [ 38964.0, 13420.0 ], [ 38964.0, 13397.0 ], [ 38964.0, 13374.0 ], [ 38964.0, 13351.0 ], [ 38964.0, 13329.0 ], [ 38964.0, 13306.0 ], [ 38964.0, 13283.0 ], [ 38941.0, 13260.0 ], [ 38964.0, 13238.0 ], [ 38964.0, 13215.0 ], [ 38964.0, 13192.0 ], [ 38964.0, 13170.0 ], [ 38964.0, 13147.0 ], [ 38964.0, 13124.0 ], [ 38964.0, 13101.0 ], [ 38964.0, 13079.0 ], [ 38964.0, 13056.0 ], [ 38964.0, 13033.0 ], [ 38964.0, 13010.0 ], [ 38964.0, 12988.0 ], [ 38964.0, 12965.0 ], [ 38986.0, 12942.0 ], [ 38986.0, 12919.0 ], [ 38986.0, 12897.0 ], [ 38986.0, 12874.0 ], [ 38986.0, 12851.0 ], [ 38986.0, 12828.0 ], [ 38986.0, 12806.0 ], [ 38986.0, 12783.0 ], [ 38986.0, 12760.0 ], [ 38986.0, 12737.0 ], [ 39009.0, 12715.0 ], [ 39009.0, 12692.0 ], [ 39009.0, 12669.0 ], [ 39009.0, 12646.0 ], [ 39009.0, 12624.0 ], [ 39009.0, 12601.0 ], [ 39009.0, 12578.0 ], [ 39009.0, 12555.0 ], [ 39032.0, 12533.0 ], [ 39032.0, 12510.0 ], [ 39032.0, 12487.0 ], [ 39032.0, 12464.0 ], [ 39032.0, 12442.0 ], [ 39032.0, 12419.0 ], [ 39032.0, 12396.0 ], [ 39032.0, 12373.0 ], [ 39032.0, 12351.0 ], [ 39032.0, 12328.0 ], [ 39032.0, 12305.0 ], [ 39032.0, 12282.0 ], [ 39055.0, 12260.0 ], [ 39055.0, 12237.0 ], [ 39055.0, 12214.0 ], [ 39055.0, 12191.0 ], [ 39055.0, 12169.0 ], [ 39055.0, 12146.0 ], [ 39055.0, 12123.0 ], [ 39055.0, 12100.0 ], [ 39055.0, 12078.0 ], [ 39055.0, 12055.0 ], [ 39055.0, 12032.0 ], [ 39055.0, 12009.0 ], [ 39055.0, 11987.0 ], [ 39077.0, 11964.0 ], [ 39077.0, 11941.0 ], [ 39077.0, 11918.0 ], [ 39077.0, 11896.0 ], [ 39077.0, 11873.0 ], [ 39077.0, 11850.0 ], [ 39077.0, 11827.0 ], [ 39077.0, 11805.0 ], [ 39077.0, 11782.0 ], [ 39077.0, 11759.0 ], [ 39077.0, 11737.0 ], [ 39077.0, 11714.0 ], [ 39077.0, 11691.0 ], [ 39077.0, 11668.0 ], [ 39100.0, 11646.0 ], [ 39100.0, 11623.0 ], [ 39100.0, 11600.0 ], [ 39100.0, 11577.0 ], [ 39100.0, 11555.0 ], [ 39100.0, 11532.0 ], [ 39100.0, 11509.0 ], [ 39100.0, 11486.0 ], [ 39100.0, 11464.0 ], [ 39100.0, 11441.0 ], [ 39123.0, 11418.0 ], [ 39123.0, 11395.0 ], [ 39123.0, 11373.0 ], [ 39123.0, 11350.0 ], [ 39123.0, 11327.0 ], [ 39123.0, 11304.0 ], [ 39123.0, 11282.0 ], [ 39123.0, 11259.0 ], [ 39123.0, 11236.0 ], [ 39123.0, 11213.0 ], [ 39123.0, 11191.0 ], [ 39123.0, 11168.0 ], [ 39123.0, 11145.0 ], [ 39123.0, 11122.0 ], [ 39146.0, 11100.0 ], [ 39146.0, 11077.0 ], [ 39146.0, 11054.0 ], [ 39146.0, 11031.0 ], [ 39146.0, 11009.0 ], [ 39146.0, 10986.0 ], [ 39146.0, 10963.0 ], [ 39146.0, 10940.0 ], [ 39146.0, 10918.0 ], [ 39168.0, 10895.0 ], [ 39168.0, 10872.0 ], [ 39168.0, 10849.0 ], [ 39168.0, 10827.0 ], [ 39168.0, 10804.0 ], [ 39168.0, 10781.0 ], [ 39168.0, 10758.0 ], [ 39168.0, 10736.0 ], [ 39191.0, 10713.0 ], [ 39191.0, 10690.0 ], [ 39191.0, 10667.0 ], [ 39191.0, 10645.0 ], [ 39191.0, 10622.0 ], [ 39191.0, 10599.0 ], [ 39191.0, 10576.0 ], [ 39191.0, 10554.0 ], [ 39191.0, 10531.0 ], [ 39191.0, 10508.0 ], [ 39191.0, 10485.0 ], [ 39191.0, 10463.0 ], [ 39214.0, 10440.0 ], [ 39214.0, 10417.0 ], [ 39214.0, 10394.0 ], [ 39214.0, 10372.0 ], [ 39214.0, 10349.0 ], [ 39214.0, 10326.0 ], [ 39214.0, 10303.0 ], [ 39214.0, 10281.0 ], [ 39237.0, 10258.0 ], [ 39237.0, 10235.0 ], [ 39237.0, 10213.0 ], [ 39237.0, 10190.0 ], [ 39237.0, 10167.0 ], [ 39237.0, 10144.0 ], [ 39237.0, 10122.0 ], [ 39237.0, 10099.0 ], [ 39259.0, 10076.0 ], [ 39259.0, 10053.0 ], [ 39259.0, 10031.0 ], [ 39259.0, 10008.0 ], [ 39259.0, 9985.0 ], [ 39282.0, 9962.0 ], [ 39282.0, 9940.0 ], [ 39282.0, 9917.0 ], [ 39282.0, 9894.0 ], [ 39282.0, 9871.0 ], [ 39282.0, 9849.0 ], [ 39305.0, 9826.0 ], [ 39305.0, 9803.0 ], [ 39305.0, 9780.0 ], [ 39305.0, 9758.0 ], [ 39305.0, 9735.0 ], [ 39305.0, 9712.0 ], [ 39305.0, 9689.0 ], [ 39305.0, 9667.0 ], [ 39305.0, 9644.0 ], [ 39305.0, 9621.0 ], [ 39305.0, 9598.0 ], [ 39328.0, 9576.0 ], [ 39328.0, 9553.0 ], [ 39328.0, 9530.0 ], [ 39328.0, 9507.0 ], [ 39328.0, 9485.0 ], [ 39328.0, 9462.0 ], [ 39328.0, 9439.0 ], [ 39350.0, 9416.0 ], [ 39350.0, 9394.0 ], [ 39350.0, 9371.0 ], [ 39350.0, 9348.0 ], [ 39350.0, 9325.0 ], [ 39350.0, 9303.0 ], [ 39350.0, 9280.0 ], [ 39350.0, 9257.0 ], [ 39373.0, 9234.0 ], [ 39373.0, 9212.0 ], [ 39373.0, 9189.0 ], [ 39373.0, 9166.0 ], [ 39373.0, 9143.0 ], [ 39373.0, 9121.0 ], [ 39373.0, 9098.0 ], [ 39373.0, 9075.0 ], [ 39373.0, 9052.0 ], [ 39373.0, 9030.0 ], [ 39396.0, 9007.0 ], [ 39396.0, 8984.0 ], [ 39396.0, 8961.0 ], [ 39396.0, 8939.0 ], [ 39396.0, 8916.0 ], [ 39396.0, 8893.0 ], [ 39396.0, 8870.0 ], [ 39396.0, 8848.0 ], [ 39396.0, 8825.0 ], [ 39396.0, 8802.0 ], [ 39396.0, 8780.0 ], [ 39396.0, 8757.0 ], [ 39396.0, 8734.0 ], [ 39396.0, 8711.0 ], [ 39396.0, 8689.0 ], [ 39396.0, 8666.0 ], [ 39396.0, 8643.0 ], [ 39396.0, 8620.0 ], [ 39419.0, 8598.0 ], [ 39419.0, 8575.0 ], [ 39419.0, 8552.0 ], [ 39419.0, 8529.0 ], [ 39419.0, 8507.0 ], [ 39419.0, 8484.0 ], [ 39419.0, 8461.0 ], [ 39441.0, 8438.0 ], [ 39441.0, 8416.0 ], [ 39441.0, 8393.0 ], [ 39441.0, 8370.0 ], [ 39441.0, 8347.0 ], [ 39441.0, 8325.0 ], [ 39441.0, 8302.0 ], [ 39441.0, 8279.0 ], [ 39441.0, 8256.0 ], [ 39441.0, 8234.0 ], [ 39441.0, 8211.0 ], [ 39441.0, 8188.0 ], [ 39464.0, 8165.0 ], [ 39464.0, 8143.0 ], [ 39464.0, 8120.0 ], [ 39464.0, 8097.0 ], [ 39464.0, 8074.0 ], [ 39464.0, 8052.0 ], [ 39464.0, 8029.0 ], [ 39464.0, 8006.0 ], [ 39464.0, 7983.0 ], [ 39487.0, 7961.0 ], [ 39487.0, 7938.0 ], [ 39487.0, 7915.0 ], [ 39487.0, 7892.0 ], [ 39487.0, 7870.0 ], [ 39487.0, 7847.0 ], [ 39487.0, 7824.0 ], [ 39487.0, 7801.0 ], [ 39487.0, 7779.0 ], [ 39487.0, 7756.0 ], [ 39487.0, 7733.0 ], [ 39487.0, 7710.0 ], [ 39487.0, 7688.0 ], [ 39487.0, 7665.0 ], [ 39487.0, 7642.0 ], [ 39510.0, 7619.0 ], [ 39510.0, 7597.0 ], [ 39510.0, 7574.0 ], [ 39510.0, 7551.0 ], [ 39510.0, 7528.0 ], [ 39510.0, 7506.0 ], [ 39510.0, 7483.0 ], [ 39510.0, 7460.0 ], [ 39510.0, 7437.0 ], [ 39510.0, 7415.0 ], [ 39510.0, 7392.0 ], [ 39510.0, 7369.0 ], [ 39510.0, 7347.0 ], [ 39510.0, 7324.0 ], [ 39510.0, 7301.0 ], [ 39510.0, 7278.0 ], [ 39510.0, 7256.0 ], [ 39510.0, 7233.0 ], [ 39510.0, 7210.0 ], [ 39510.0, 7187.0 ], [ 39510.0, 7165.0 ], [ 39510.0, 7142.0 ], [ 39510.0, 7119.0 ], [ 39510.0, 7096.0 ], [ 39510.0, 7074.0 ], [ 39532.0, 7051.0 ], [ 39532.0, 7028.0 ], [ 39532.0, 7005.0 ], [ 39532.0, 6983.0 ], [ 39532.0, 6960.0 ], [ 39532.0, 6937.0 ], [ 39532.0, 6914.0 ], [ 39555.0, 6892.0 ], [ 39555.0, 6869.0 ], [ 39555.0, 6846.0 ], [ 39555.0, 6823.0 ], [ 39555.0, 6801.0 ], [ 39555.0, 6778.0 ], [ 39555.0, 6755.0 ], [ 39555.0, 6732.0 ], [ 39555.0, 6710.0 ], [ 39555.0, 6687.0 ], [ 39555.0, 6664.0 ], [ 39555.0, 6641.0 ], [ 39555.0, 6619.0 ], [ 39555.0, 6596.0 ], [ 39555.0, 6573.0 ], [ 39555.0, 6550.0 ], [ 39555.0, 6528.0 ], [ 39555.0, 6505.0 ], [ 39555.0, 6482.0 ], [ 39555.0, 6459.0 ], [ 39555.0, 6437.0 ], [ 39555.0, 6414.0 ], [ 39555.0, 6391.0 ], [ 39555.0, 6368.0 ], [ 39555.0, 6346.0 ], [ 39555.0, 6323.0 ], [ 39555.0, 6300.0 ], [ 39555.0, 6277.0 ], [ 39555.0, 6255.0 ], [ 39555.0, 6232.0 ], [ 39555.0, 6209.0 ], [ 39555.0, 6186.0 ], [ 39555.0, 6164.0 ], [ 39555.0, 6141.0 ], [ 39555.0, 6118.0 ], [ 39555.0, 6095.0 ], [ 39555.0, 6073.0 ], [ 39555.0, 6050.0 ], [ 39555.0, 6027.0 ], [ 39555.0, 6004.0 ], [ 39555.0, 5982.0 ], [ 39555.0, 5959.0 ], [ 39555.0, 5936.0 ], [ 39555.0, 5913.0 ], [ 39555.0, 5891.0 ], [ 39555.0, 5868.0 ], [ 39555.0, 5845.0 ], [ 39555.0, 5823.0 ], [ 39555.0, 5800.0 ], [ 39555.0, 5777.0 ], [ 39555.0, 5754.0 ], [ 39555.0, 5732.0 ], [ 39555.0, 5709.0 ], [ 39555.0, 5686.0 ], [ 39555.0, 5663.0 ], [ 39555.0, 5641.0 ], [ 39555.0, 5618.0 ], [ 39555.0, 5595.0 ], [ 39555.0, 5572.0 ], [ 39555.0, 5550.0 ], [ 39555.0, 5527.0 ], [ 39555.0, 5504.0 ], [ 39555.0, 5481.0 ], [ 39555.0, 5459.0 ], [ 39555.0, 5436.0 ], [ 39555.0, 5413.0 ], [ 39555.0, 5390.0 ], [ 39555.0, 5368.0 ], [ 39555.0, 5345.0 ], [ 39555.0, 5322.0 ], [ 39555.0, 5299.0 ], [ 39555.0, 5277.0 ], [ 39555.0, 5254.0 ], [ 39555.0, 5231.0 ], [ 39555.0, 5208.0 ], [ 39578.0, 5186.0 ], [ 39601.0, 5186.0 ], [ 39623.0, 5186.0 ], [ 39646.0, 5186.0 ], [ 39646.0, 5163.0 ], [ 39646.0, 5140.0 ], [ 39646.0, 5117.0 ], [ 39646.0, 5095.0 ], [ 39646.0, 5072.0 ], [ 39646.0, 5049.0 ], [ 39646.0, 5026.0 ], [ 39669.0, 5004.0 ], [ 39669.0, 4981.0 ], [ 39669.0, 4958.0 ], [ 39669.0, 4935.0 ], [ 39669.0, 4913.0 ], [ 39669.0, 4890.0 ], [ 39669.0, 4867.0 ], [ 39669.0, 4844.0 ], [ 39669.0, 4822.0 ], [ 39692.0, 4799.0 ], [ 39692.0, 4776.0 ], [ 39692.0, 4753.0 ], [ 39692.0, 4731.0 ], [ 39692.0, 4708.0 ], [ 39692.0, 4685.0 ], [ 39692.0, 4662.0 ], [ 39692.0, 4640.0 ], [ 39692.0, 4617.0 ], [ 39692.0, 4594.0 ], [ 39692.0, 4571.0 ], [ 39692.0, 4549.0 ], [ 39692.0, 4526.0 ], [ 39692.0, 4503.0 ], [ 39714.0, 4480.0 ], [ 39692.0, 4458.0 ], [ 39692.0, 4435.0 ], [ 39714.0, 4412.0 ], [ 39714.0, 4390.0 ], [ 39714.0, 4367.0 ], [ 39714.0, 4344.0 ], [ 39714.0, 4321.0 ], [ 39714.0, 4299.0 ], [ 39714.0, 4276.0 ], [ 39714.0, 4253.0 ], [ 39714.0, 4230.0 ], [ 39714.0, 4208.0 ], [ 39714.0, 4185.0 ], [ 39737.0, 4162.0 ], [ 39737.0, 4139.0 ], [ 39737.0, 4117.0 ], [ 39737.0, 4094.0 ], [ 39737.0, 4071.0 ], [ 39737.0, 4048.0 ], [ 39737.0, 4026.0 ], [ 39760.0, 4003.0 ], [ 39760.0, 3980.0 ], [ 39760.0, 3957.0 ], [ 39760.0, 3935.0 ], [ 39760.0, 3912.0 ], [ 39760.0, 3889.0 ], [ 39760.0, 3866.0 ], [ 39760.0, 3844.0 ], [ 39760.0, 3821.0 ], [ 39782.0, 3798.0 ], [ 39782.0, 3775.0 ], [ 39782.0, 3753.0 ], [ 39782.0, 3730.0 ], [ 39782.0, 3707.0 ], [ 39782.0, 3684.0 ], [ 39805.0, 3662.0 ], [ 39782.0, 3639.0 ], [ 39805.0, 3616.0 ], [ 39805.0, 3593.0 ], [ 39805.0, 3571.0 ], [ 39805.0, 3548.0 ], [ 39805.0, 3525.0 ], [ 39805.0, 3502.0 ], [ 39805.0, 3480.0 ], [ 39805.0, 3457.0 ], [ 39828.0, 3434.0 ], [ 39805.0, 3411.0 ], [ 39828.0, 3389.0 ], [ 39828.0, 3366.0 ], [ 39828.0, 3343.0 ], [ 39828.0, 3320.0 ], [ 39828.0, 3298.0 ], [ 39828.0, 3275.0 ], [ 39828.0, 3252.0 ], [ 39828.0, 3229.0 ], [ 39828.0, 3207.0 ], [ 39828.0, 3184.0 ], [ 39851.0, 3161.0 ], [ 39851.0, 3138.0 ], [ 39828.0, 3116.0 ], [ 39805.0, 3116.0 ], [ 39782.0, 3116.0 ], [ 39760.0, 3116.0 ], [ 39737.0, 3116.0 ], [ 39714.0, 3116.0 ], [ 39692.0, 3116.0 ], [ 39669.0, 3116.0 ], [ 39646.0, 3116.0 ], [ 39623.0, 3116.0 ], [ 39601.0, 3116.0 ], [ 39578.0, 3116.0 ], [ 39555.0, 3093.0 ], [ 39555.0, 3070.0 ], [ 39555.0, 3047.0 ], [ 39555.0, 3025.0 ], [ 39555.0, 3002.0 ], [ 39532.0, 2979.0 ], [ 39510.0, 2979.0 ], [ 39487.0, 2979.0 ], [ 39464.0, 2979.0 ], [ 39441.0, 2979.0 ], [ 39419.0, 2956.0 ], [ 39396.0, 2956.0 ], [ 39373.0, 2956.0 ], [ 39350.0, 2956.0 ], [ 39328.0, 2934.0 ], [ 39305.0, 2934.0 ], [ 39282.0, 2934.0 ], [ 39259.0, 2934.0 ], [ 39237.0, 2911.0 ], [ 39214.0, 2911.0 ], [ 39191.0, 2911.0 ], [ 39168.0, 2911.0 ], [ 39146.0, 2911.0 ], [ 39123.0, 2888.0 ], [ 39100.0, 2888.0 ], [ 39077.0, 2888.0 ], [ 39055.0, 2888.0 ], [ 39032.0, 2888.0 ], [ 39009.0, 2888.0 ], [ 38986.0, 2866.0 ], [ 38964.0, 2866.0 ], [ 38941.0, 2866.0 ], [ 38918.0, 2866.0 ], [ 38895.0, 2866.0 ], [ 38873.0, 2866.0 ], [ 38850.0, 2866.0 ], [ 38827.0, 2843.0 ], [ 38804.0, 2843.0 ], [ 38782.0, 2843.0 ], [ 38759.0, 2843.0 ], [ 38736.0, 2843.0 ], [ 38713.0, 2843.0 ], [ 38691.0, 2843.0 ], [ 38668.0, 2820.0 ], [ 38645.0, 2820.0 ], [ 38622.0, 2820.0 ], [ 38600.0, 2820.0 ], [ 38577.0, 2820.0 ], [ 38554.0, 2797.0 ], [ 38531.0, 2797.0 ], [ 38509.0, 2797.0 ], [ 38486.0, 2797.0 ], [ 38463.0, 2820.0 ], [ 38440.0, 2820.0 ], [ 38418.0, 2820.0 ], [ 38395.0, 2820.0 ], [ 38372.0, 2820.0 ], [ 38349.0, 2820.0 ], [ 38327.0, 2797.0 ], [ 38304.0, 2820.0 ], [ 38281.0, 2820.0 ], [ 38258.0, 2797.0 ], [ 38236.0, 2820.0 ], [ 38213.0, 2797.0 ], [ 38190.0, 2797.0 ], [ 38168.0, 2775.0 ], [ 38145.0, 2775.0 ], [ 38122.0, 2752.0 ], [ 38099.0, 2752.0 ], [ 38077.0, 2752.0 ], [ 38054.0, 2729.0 ], [ 38031.0, 2729.0 ], [ 38008.0, 2729.0 ], [ 37986.0, 2729.0 ], [ 37963.0, 2729.0 ], [ 37940.0, 2706.0 ], [ 37917.0, 2706.0 ], [ 37895.0, 2706.0 ], [ 37872.0, 2706.0 ], [ 37849.0, 2706.0 ], [ 37826.0, 2706.0 ], [ 37804.0, 2684.0 ], [ 37781.0, 2684.0 ], [ 37758.0, 2684.0 ], [ 37735.0, 2684.0 ], [ 37713.0, 2684.0 ], [ 37690.0, 2684.0 ], [ 37667.0, 2684.0 ], [ 37644.0, 2684.0 ], [ 37622.0, 2684.0 ], [ 37599.0, 2684.0 ], [ 37576.0, 2661.0 ], [ 37553.0, 2661.0 ], [ 37531.0, 2661.0 ], [ 37508.0, 2661.0 ], [ 37485.0, 2661.0 ], [ 37462.0, 2661.0 ], [ 37440.0, 2661.0 ], [ 37417.0, 2661.0 ], [ 37394.0, 2661.0 ], [ 37371.0, 2661.0 ], [ 37349.0, 2661.0 ], [ 37326.0, 2661.0 ], [ 37303.0, 2638.0 ], [ 37280.0, 2638.0 ], [ 37258.0, 2638.0 ], [ 37235.0, 2638.0 ], [ 37212.0, 2638.0 ], [ 37189.0, 2638.0 ], [ 37167.0, 2638.0 ], [ 37144.0, 2638.0 ], [ 37121.0, 2638.0 ], [ 37098.0, 2638.0 ], [ 37076.0, 2638.0 ], [ 37053.0, 2638.0 ], [ 37030.0, 2638.0 ], [ 37007.0, 2615.0 ], [ 36985.0, 2615.0 ], [ 36962.0, 2615.0 ], [ 36939.0, 2615.0 ], [ 36916.0, 2615.0 ], [ 36894.0, 2615.0 ], [ 36871.0, 2615.0 ], [ 36848.0, 2615.0 ], [ 36825.0, 2615.0 ], [ 36803.0, 2615.0 ], [ 36780.0, 2615.0 ], [ 36757.0, 2615.0 ], [ 36735.0, 2615.0 ], [ 36712.0, 2615.0 ], [ 36689.0, 2593.0 ], [ 36666.0, 2593.0 ], [ 36644.0, 2593.0 ], [ 36621.0, 2593.0 ], [ 36598.0, 2593.0 ], [ 36575.0, 2593.0 ], [ 36553.0, 2593.0 ], [ 36530.0, 2593.0 ], [ 36507.0, 2593.0 ], [ 36484.0, 2593.0 ], [ 36462.0, 2593.0 ], [ 36439.0, 2593.0 ], [ 36416.0, 2570.0 ], [ 36393.0, 2593.0 ], [ 36371.0, 2570.0 ], [ 36348.0, 2570.0 ], [ 36325.0, 2570.0 ], [ 36302.0, 2570.0 ], [ 36280.0, 2570.0 ], [ 36257.0, 2570.0 ], [ 36234.0, 2570.0 ], [ 36211.0, 2570.0 ], [ 36189.0, 2570.0 ], [ 36166.0, 2570.0 ], [ 36143.0, 2547.0 ], [ 36120.0, 2547.0 ], [ 36098.0, 2547.0 ], [ 36075.0, 2547.0 ], [ 36052.0, 2547.0 ], [ 36029.0, 2547.0 ], [ 36007.0, 2547.0 ], [ 35984.0, 2570.0 ], [ 35961.0, 2547.0 ], [ 35938.0, 2547.0 ], [ 35916.0, 2547.0 ], [ 35893.0, 2547.0 ], [ 35870.0, 2547.0 ], [ 35847.0, 2547.0 ], [ 35825.0, 2547.0 ], [ 35802.0, 2547.0 ], [ 35779.0, 2524.0 ], [ 35756.0, 2524.0 ], [ 35734.0, 2547.0 ], [ 35711.0, 2547.0 ], [ 35688.0, 2547.0 ], [ 35665.0, 2547.0 ], [ 35643.0, 2547.0 ], [ 35620.0, 2547.0 ], [ 35597.0, 2547.0 ], [ 35574.0, 2547.0 ], [ 35552.0, 2570.0 ], [ 35529.0, 2547.0 ], [ 35506.0, 2570.0 ], [ 35483.0, 2570.0 ], [ 35461.0, 2570.0 ], [ 35438.0, 2570.0 ], [ 35415.0, 2547.0 ], [ 35392.0, 2547.0 ], [ 35370.0, 2547.0 ], [ 35347.0, 2547.0 ], [ 35324.0, 2547.0 ], [ 35302.0, 2547.0 ], [ 35279.0, 2547.0 ], [ 35256.0, 2547.0 ], [ 35233.0, 2570.0 ], [ 35211.0, 2570.0 ], [ 35188.0, 2547.0 ], [ 35165.0, 2570.0 ], [ 35142.0, 2547.0 ], [ 35120.0, 2547.0 ], [ 35097.0, 2547.0 ], [ 35074.0, 2547.0 ], [ 35051.0, 2547.0 ], [ 35029.0, 2570.0 ], [ 35006.0, 2547.0 ], [ 34983.0, 2547.0 ], [ 34960.0, 2547.0 ], [ 34938.0, 2570.0 ], [ 34915.0, 2570.0 ], [ 34892.0, 2547.0 ], [ 34869.0, 2570.0 ], [ 34847.0, 2570.0 ], [ 34824.0, 2570.0 ], [ 34801.0, 2547.0 ], [ 34778.0, 2547.0 ], [ 34756.0, 2547.0 ], [ 34733.0, 2547.0 ], [ 34710.0, 2547.0 ], [ 34687.0, 2547.0 ], [ 34665.0, 2547.0 ], [ 34642.0, 2524.0 ], [ 34642.0, 2547.0 ], [ 34619.0, 2570.0 ], [ 34596.0, 2547.0 ], [ 34574.0, 2524.0 ], [ 34551.0, 2524.0 ], [ 34528.0, 2524.0 ], [ 34505.0, 2524.0 ], [ 34483.0, 2524.0 ], [ 34460.0, 2524.0 ], [ 34437.0, 2524.0 ], [ 34414.0, 2524.0 ], [ 34392.0, 2502.0 ], [ 34369.0, 2502.0 ], [ 34346.0, 2502.0 ], [ 34323.0, 2502.0 ], [ 34301.0, 2502.0 ], [ 34278.0, 2502.0 ], [ 34255.0, 2502.0 ], [ 34232.0, 2502.0 ], [ 34210.0, 2502.0 ], [ 34187.0, 2502.0 ], [ 34164.0, 2502.0 ], [ 34141.0, 2502.0 ], [ 34119.0, 2502.0 ], [ 34096.0, 2502.0 ], [ 34073.0, 2502.0 ], [ 34050.0, 2502.0 ], [ 34028.0, 2502.0 ], [ 34005.0, 2502.0 ], [ 33982.0, 2502.0 ], [ 33959.0, 2502.0 ], [ 33937.0, 2479.0 ], [ 33914.0, 2502.0 ], [ 33891.0, 2479.0 ], [ 33868.0, 2479.0 ], [ 33846.0, 2479.0 ], [ 33823.0, 2479.0 ], [ 33800.0, 2479.0 ], [ 33778.0, 2479.0 ], [ 33755.0, 2479.0 ], [ 33732.0, 2479.0 ], [ 33709.0, 2479.0 ], [ 33687.0, 2479.0 ], [ 33664.0, 2479.0 ], [ 33641.0, 2479.0 ], [ 33618.0, 2456.0 ], [ 33596.0, 2479.0 ], [ 33573.0, 2479.0 ], [ 33550.0, 2479.0 ], [ 33527.0, 2479.0 ], [ 33505.0, 2456.0 ], [ 33482.0, 2479.0 ], [ 33459.0, 2456.0 ], [ 33436.0, 2479.0 ], [ 33414.0, 2479.0 ], [ 33391.0, 2479.0 ], [ 33368.0, 2456.0 ], [ 33345.0, 2456.0 ], [ 33323.0, 2456.0 ], [ 33300.0, 2433.0 ], [ 33277.0, 2433.0 ], [ 33254.0, 2411.0 ], [ 33232.0, 2411.0 ], [ 33209.0, 2411.0 ], [ 33186.0, 2388.0 ], [ 33163.0, 2388.0 ], [ 33141.0, 2388.0 ], [ 33118.0, 2365.0 ], [ 33095.0, 2365.0 ], [ 33072.0, 2365.0 ], [ 33050.0, 2342.0 ], [ 33027.0, 2320.0 ], [ 33004.0, 2320.0 ], [ 32981.0, 2320.0 ], [ 32959.0, 2320.0 ], [ 32936.0, 2297.0 ], [ 32913.0, 2297.0 ], [ 32890.0, 2297.0 ], [ 32868.0, 2297.0 ], [ 32845.0, 2297.0 ], [ 32822.0, 2274.0 ], [ 32799.0, 2274.0 ], [ 32777.0, 2274.0 ], [ 32754.0, 2251.0 ], [ 32731.0, 2251.0 ], [ 32708.0, 2251.0 ], [ 32686.0, 2229.0 ], [ 32663.0, 2206.0 ], [ 32640.0, 2206.0 ], [ 32617.0, 2206.0 ], [ 32595.0, 2206.0 ], [ 32572.0, 2183.0 ], [ 32549.0, 2183.0 ], [ 32526.0, 2183.0 ], [ 32504.0, 2160.0 ], [ 32481.0, 2160.0 ], [ 32458.0, 2160.0 ], [ 32435.0, 2138.0 ], [ 32413.0, 2138.0 ], [ 32390.0, 2115.0 ], [ 32367.0, 2115.0 ], [ 32345.0, 2115.0 ], [ 32322.0, 2092.0 ], [ 32299.0, 2092.0 ], [ 32276.0, 2092.0 ], [ 32254.0, 2069.0 ], [ 32231.0, 2047.0 ], [ 32208.0, 2047.0 ], [ 32185.0, 2024.0 ], [ 32163.0, 2024.0 ], [ 32140.0, 2001.0 ], [ 32117.0, 2001.0 ], [ 32094.0, 1978.0 ], [ 32072.0, 1978.0 ], [ 32049.0, 1956.0 ], [ 32026.0, 1933.0 ], [ 32003.0, 1933.0 ], [ 31981.0, 1933.0 ], [ 31958.0, 1933.0 ], [ 31935.0, 1910.0 ], [ 31912.0, 1933.0 ], [ 31890.0, 1910.0 ], [ 31890.0, 1887.0 ], [ 31867.0, 1910.0 ], [ 31844.0, 1887.0 ], [ 31821.0, 1865.0 ], [ 31799.0, 1842.0 ], [ 31776.0, 1842.0 ], [ 31753.0, 1819.0 ], [ 31730.0, 1819.0 ], [ 31708.0, 1796.0 ], [ 31685.0, 1796.0 ], [ 31662.0, 1796.0 ], [ 31639.0, 1774.0 ], [ 31617.0, 1751.0 ], [ 31594.0, 1751.0 ], [ 31571.0, 1751.0 ], [ 31548.0, 1728.0 ], [ 31526.0, 1751.0 ], [ 31503.0, 1728.0 ], [ 31480.0, 1705.0 ], [ 31457.0, 1705.0 ], [ 31435.0, 1705.0 ], [ 31412.0, 1705.0 ], [ 31389.0, 1683.0 ], [ 31366.0, 1683.0 ], [ 31344.0, 1660.0 ], [ 31321.0, 1660.0 ], [ 31298.0, 1660.0 ], [ 31275.0, 1660.0 ], [ 31253.0, 1660.0 ], [ 31230.0, 1637.0 ], [ 31207.0, 1637.0 ], [ 31184.0, 1614.0 ], [ 31162.0, 1614.0 ], [ 31139.0, 1614.0 ], [ 31116.0, 1592.0 ], [ 31093.0, 1592.0 ], [ 31071.0, 1592.0 ], [ 31048.0, 1592.0 ], [ 31025.0, 1592.0 ], [ 31002.0, 1569.0 ], [ 30980.0, 1569.0 ], [ 30957.0, 1569.0 ], [ 30934.0, 1546.0 ], [ 30911.0, 1546.0 ], [ 30889.0, 1523.0 ], [ 30866.0, 1523.0 ], [ 30843.0, 1501.0 ], [ 30821.0, 1501.0 ], [ 30798.0, 1501.0 ], [ 30775.0, 1501.0 ], [ 30752.0, 1478.0 ], [ 30730.0, 1478.0 ], [ 30707.0, 1478.0 ], [ 30684.0, 1478.0 ], [ 30661.0, 1478.0 ], [ 30639.0, 1455.0 ], [ 30616.0, 1455.0 ], [ 30593.0, 1478.0 ], [ 30570.0, 1455.0 ], [ 30548.0, 1455.0 ], [ 30525.0, 1433.0 ], [ 30502.0, 1433.0 ], [ 30479.0, 1433.0 ], [ 30457.0, 1433.0 ], [ 30434.0, 1433.0 ], [ 30411.0, 1410.0 ], [ 30388.0, 1410.0 ], [ 30366.0, 1387.0 ], [ 30343.0, 1387.0 ], [ 30320.0, 1387.0 ], [ 30297.0, 1387.0 ], [ 30275.0, 1387.0 ], [ 30252.0, 1387.0 ], [ 30229.0, 1364.0 ], [ 30206.0, 1364.0 ], [ 30184.0, 1364.0 ], [ 30161.0, 1364.0 ], [ 30138.0, 1364.0 ], [ 30115.0, 1364.0 ], [ 30093.0, 1342.0 ], [ 30070.0, 1342.0 ], [ 30047.0, 1342.0 ], [ 30024.0, 1342.0 ], [ 30002.0, 1319.0 ], [ 29979.0, 1319.0 ], [ 29956.0, 1319.0 ], [ 29933.0, 1319.0 ], [ 29911.0, 1319.0 ], [ 29888.0, 1319.0 ], [ 29865.0, 1319.0 ], [ 29842.0, 1296.0 ], [ 29820.0, 1296.0 ], [ 29797.0, 1296.0 ], [ 29774.0, 1296.0 ], [ 29751.0, 1273.0 ], [ 29729.0, 1273.0 ], [ 29706.0, 1273.0 ], [ 29683.0, 1273.0 ], [ 29660.0, 1273.0 ], [ 29638.0, 1251.0 ], [ 29615.0, 1251.0 ], [ 29592.0, 1251.0 ], [ 29569.0, 1251.0 ], [ 29547.0, 1251.0 ], [ 29524.0, 1251.0 ], [ 29501.0, 1228.0 ], [ 29478.0, 1251.0 ], [ 29456.0, 1228.0 ], [ 29433.0, 1228.0 ], [ 29410.0, 1228.0 ], [ 29388.0, 1228.0 ], [ 29365.0, 1228.0 ], [ 29342.0, 1205.0 ], [ 29319.0, 1205.0 ], [ 29297.0, 1228.0 ], [ 29274.0, 1205.0 ], [ 29251.0, 1205.0 ], [ 29228.0, 1205.0 ], [ 29206.0, 1205.0 ], [ 29183.0, 1205.0 ], [ 29160.0, 1205.0 ], [ 29137.0, 1182.0 ], [ 29115.0, 1182.0 ], [ 29092.0, 1182.0 ], [ 29069.0, 1182.0 ], [ 29046.0, 1182.0 ], [ 29024.0, 1182.0 ], [ 29001.0, 1182.0 ], [ 28978.0, 1160.0 ], [ 28955.0, 1160.0 ], [ 28933.0, 1160.0 ], [ 28910.0, 1160.0 ], [ 28887.0, 1160.0 ], [ 28864.0, 1160.0 ], [ 28842.0, 1160.0 ], [ 28819.0, 1160.0 ], [ 28796.0, 1160.0 ], [ 28773.0, 1160.0 ], [ 28751.0, 1160.0 ], [ 28728.0, 1137.0 ], [ 28705.0, 1137.0 ], [ 28682.0, 1137.0 ], [ 28660.0, 1137.0 ], [ 28637.0, 1137.0 ], [ 28614.0, 1137.0 ], [ 28591.0, 1137.0 ], [ 28569.0, 1137.0 ], [ 28546.0, 1137.0 ], [ 28523.0, 1137.0 ], [ 28500.0, 1137.0 ], [ 28478.0, 1137.0 ], [ 28455.0, 1137.0 ], [ 28432.0, 1137.0 ], [ 28409.0, 1137.0 ], [ 28387.0, 1137.0 ], [ 28364.0, 1137.0 ], [ 28341.0, 1137.0 ], [ 28318.0, 1137.0 ], [ 28296.0, 1137.0 ], [ 28273.0, 1137.0 ], [ 28250.0, 1137.0 ], [ 28227.0, 1160.0 ], [ 28205.0, 1137.0 ], [ 28182.0, 1137.0 ], [ 28159.0, 1137.0 ], [ 28136.0, 1137.0 ], [ 28136.0, 1160.0 ], [ 28136.0, 1182.0 ], [ 28136.0, 1205.0 ], [ 28114.0, 1228.0 ], [ 28091.0, 1251.0 ], [ 28068.0, 1251.0 ], [ 28045.0, 1228.0 ], [ 28023.0, 1205.0 ], [ 28000.0, 1182.0 ], [ 27977.0, 1182.0 ], [ 27955.0, 1182.0 ], [ 27932.0, 1182.0 ], [ 27909.0, 1182.0 ], [ 27886.0, 1182.0 ], [ 27864.0, 1182.0 ], [ 27841.0, 1205.0 ], [ 27818.0, 1205.0 ], [ 27795.0, 1182.0 ], [ 27795.0, 1160.0 ], [ 27773.0, 1137.0 ], [ 27750.0, 1160.0 ], [ 27727.0, 1160.0 ], [ 27704.0, 1160.0 ], [ 27682.0, 1160.0 ], [ 27659.0, 1182.0 ], [ 27636.0, 1182.0 ], [ 27613.0, 1182.0 ], [ 27591.0, 1205.0 ], [ 27568.0, 1182.0 ], [ 27568.0, 1160.0 ], [ 27545.0, 1160.0 ], [ 27522.0, 1160.0 ], [ 27500.0, 1182.0 ], [ 27477.0, 1182.0 ], [ 27454.0, 1205.0 ], [ 27431.0, 1205.0 ], [ 27409.0, 1228.0 ], [ 27386.0, 1228.0 ], [ 27363.0, 1251.0 ], [ 27340.0, 1251.0 ], [ 27318.0, 1228.0 ], [ 27318.0, 1205.0 ], [ 27340.0, 1182.0 ], [ 27318.0, 1160.0 ], [ 27295.0, 1137.0 ], [ 27272.0, 1137.0 ], [ 27249.0, 1137.0 ], [ 27227.0, 1137.0 ], [ 27204.0, 1137.0 ], [ 27181.0, 1137.0 ], [ 27158.0, 1137.0 ], [ 27136.0, 1114.0 ], [ 27113.0, 1114.0 ] ], [ [ 33323.0, 4117.0 ], [ 33345.0, 4094.0 ], [ 33368.0, 4094.0 ], [ 33391.0, 4094.0 ], [ 33414.0, 4094.0 ], [ 33436.0, 4117.0 ], [ 33436.0, 4139.0 ], [ 33459.0, 4162.0 ], [ 33459.0, 4185.0 ], [ 33436.0, 4208.0 ], [ 33459.0, 4230.0 ], [ 33459.0, 4253.0 ], [ 33436.0, 4276.0 ], [ 33436.0, 4299.0 ], [ 33436.0, 4321.0 ], [ 33436.0, 4344.0 ], [ 33436.0, 4367.0 ], [ 33436.0, 4390.0 ], [ 33414.0, 4412.0 ], [ 33414.0, 4435.0 ], [ 33414.0, 4458.0 ], [ 33414.0, 4480.0 ], [ 33391.0, 4503.0 ], [ 33391.0, 4526.0 ], [ 33391.0, 4549.0 ], [ 33391.0, 4571.0 ], [ 33368.0, 4594.0 ], [ 33368.0, 4617.0 ], [ 33368.0, 4640.0 ], [ 33345.0, 4662.0 ], [ 33345.0, 4685.0 ], [ 33345.0, 4708.0 ], [ 33345.0, 4731.0 ], [ 33323.0, 4753.0 ], [ 33323.0, 4776.0 ], [ 33323.0, 4799.0 ], [ 33323.0, 4822.0 ], [ 33323.0, 4844.0 ], [ 33323.0, 4867.0 ], [ 33323.0, 4890.0 ], [ 33300.0, 4913.0 ], [ 33300.0, 4935.0 ], [ 33323.0, 4958.0 ], [ 33323.0, 4981.0 ], [ 33323.0, 5004.0 ], [ 33300.0, 5026.0 ], [ 33300.0, 5049.0 ], [ 33300.0, 5072.0 ], [ 33277.0, 5095.0 ], [ 33254.0, 5117.0 ], [ 33254.0, 5140.0 ], [ 33254.0, 5163.0 ], [ 33232.0, 5186.0 ], [ 33232.0, 5208.0 ], [ 33254.0, 5231.0 ], [ 33232.0, 5254.0 ], [ 33232.0, 5277.0 ], [ 33209.0, 5299.0 ], [ 33209.0, 5322.0 ], [ 33209.0, 5345.0 ], [ 33209.0, 5368.0 ], [ 33186.0, 5390.0 ], [ 33186.0, 5413.0 ], [ 33186.0, 5436.0 ], [ 33186.0, 5459.0 ], [ 33186.0, 5481.0 ], [ 33209.0, 5504.0 ], [ 33209.0, 5527.0 ], [ 33232.0, 5550.0 ], [ 33232.0, 5572.0 ], [ 33232.0, 5595.0 ], [ 33254.0, 5618.0 ], [ 33254.0, 5641.0 ], [ 33254.0, 5663.0 ], [ 33254.0, 5686.0 ], [ 33277.0, 5709.0 ], [ 33277.0, 5732.0 ], [ 33300.0, 5754.0 ], [ 33300.0, 5777.0 ], [ 33300.0, 5800.0 ], [ 33300.0, 5823.0 ], [ 33323.0, 5845.0 ], [ 33323.0, 5868.0 ], [ 33345.0, 5891.0 ], [ 33345.0, 5913.0 ], [ 33368.0, 5936.0 ], [ 33368.0, 5959.0 ], [ 33391.0, 5982.0 ], [ 33391.0, 6004.0 ], [ 33414.0, 6027.0 ], [ 33436.0, 6050.0 ], [ 33436.0, 6073.0 ], [ 33436.0, 6095.0 ], [ 33436.0, 6118.0 ], [ 33459.0, 6141.0 ], [ 33459.0, 6164.0 ], [ 33482.0, 6186.0 ], [ 33482.0, 6209.0 ], [ 33505.0, 6232.0 ], [ 33527.0, 6255.0 ], [ 33550.0, 6277.0 ], [ 33573.0, 6300.0 ], [ 33596.0, 6323.0 ], [ 33596.0, 6346.0 ], [ 33618.0, 6368.0 ], [ 33641.0, 6391.0 ], [ 33664.0, 6414.0 ], [ 33664.0, 6437.0 ], [ 33687.0, 6459.0 ], [ 33709.0, 6459.0 ], [ 33732.0, 6482.0 ], [ 33732.0, 6505.0 ], [ 33755.0, 6505.0 ], [ 33778.0, 6528.0 ], [ 33800.0, 6550.0 ], [ 33823.0, 6573.0 ], [ 33846.0, 6596.0 ], [ 33868.0, 6619.0 ], [ 33891.0, 6641.0 ], [ 33914.0, 6664.0 ], [ 33937.0, 6687.0 ], [ 33959.0, 6710.0 ], [ 33982.0, 6732.0 ], [ 34005.0, 6755.0 ], [ 34028.0, 6755.0 ], [ 34050.0, 6778.0 ], [ 34073.0, 6801.0 ], [ 34073.0, 6823.0 ], [ 34096.0, 6846.0 ], [ 34096.0, 6869.0 ], [ 34119.0, 6892.0 ], [ 34141.0, 6914.0 ], [ 34164.0, 6914.0 ], [ 34187.0, 6937.0 ], [ 34187.0, 6960.0 ], [ 34210.0, 6983.0 ], [ 34232.0, 7005.0 ], [ 34255.0, 7028.0 ], [ 34255.0, 7051.0 ], [ 34278.0, 7074.0 ], [ 34278.0, 7096.0 ], [ 34301.0, 7119.0 ], [ 34323.0, 7142.0 ], [ 34323.0, 7165.0 ], [ 34323.0, 7187.0 ], [ 34323.0, 7210.0 ], [ 34346.0, 7233.0 ], [ 34346.0, 7256.0 ], [ 34369.0, 7278.0 ], [ 34369.0, 7301.0 ], [ 34369.0, 7324.0 ], [ 34369.0, 7347.0 ], [ 34392.0, 7369.0 ], [ 34392.0, 7392.0 ], [ 34392.0, 7415.0 ], [ 34414.0, 7437.0 ], [ 34414.0, 7460.0 ], [ 34414.0, 7483.0 ], [ 34414.0, 7506.0 ], [ 34414.0, 7528.0 ], [ 34414.0, 7551.0 ], [ 34414.0, 7574.0 ], [ 34414.0, 7597.0 ], [ 34414.0, 7619.0 ], [ 34414.0, 7642.0 ], [ 34414.0, 7665.0 ], [ 34414.0, 7688.0 ], [ 34414.0, 7710.0 ], [ 34414.0, 7733.0 ], [ 34414.0, 7756.0 ], [ 34414.0, 7779.0 ], [ 34414.0, 7801.0 ], [ 34414.0, 7824.0 ], [ 34414.0, 7847.0 ], [ 34414.0, 7870.0 ], [ 34414.0, 7892.0 ], [ 34414.0, 7915.0 ], [ 34414.0, 7938.0 ], [ 34414.0, 7961.0 ], [ 34392.0, 7983.0 ], [ 34392.0, 8006.0 ], [ 34392.0, 8029.0 ], [ 34392.0, 8052.0 ], [ 34392.0, 8074.0 ], [ 34369.0, 8097.0 ], [ 34369.0, 8120.0 ], [ 34369.0, 8143.0 ], [ 34369.0, 8165.0 ], [ 34369.0, 8188.0 ], [ 34369.0, 8211.0 ], [ 34369.0, 8234.0 ], [ 34369.0, 8256.0 ], [ 34369.0, 8279.0 ], [ 34346.0, 8302.0 ], [ 34323.0, 8325.0 ], [ 34323.0, 8347.0 ], [ 34323.0, 8370.0 ], [ 34323.0, 8393.0 ], [ 34323.0, 8416.0 ], [ 34323.0, 8438.0 ], [ 34323.0, 8461.0 ], [ 34301.0, 8484.0 ], [ 34301.0, 8507.0 ], [ 34301.0, 8529.0 ], [ 34301.0, 8552.0 ], [ 34301.0, 8575.0 ], [ 34278.0, 8598.0 ], [ 34255.0, 8620.0 ], [ 34278.0, 8643.0 ], [ 34278.0, 8666.0 ], [ 34278.0, 8689.0 ], [ 34255.0, 8711.0 ], [ 34278.0, 8734.0 ], [ 34278.0, 8757.0 ], [ 34255.0, 8780.0 ], [ 34255.0, 8802.0 ], [ 34232.0, 8825.0 ], [ 34232.0, 8848.0 ], [ 34232.0, 8870.0 ], [ 34232.0, 8893.0 ], [ 34232.0, 8916.0 ], [ 34210.0, 8939.0 ], [ 34210.0, 8961.0 ], [ 34210.0, 8984.0 ], [ 34210.0, 9007.0 ], [ 34187.0, 9030.0 ], [ 34187.0, 9052.0 ], [ 34187.0, 9075.0 ], [ 34164.0, 9098.0 ], [ 34164.0, 9121.0 ], [ 34164.0, 9143.0 ], [ 34164.0, 9166.0 ], [ 34164.0, 9189.0 ], [ 34141.0, 9212.0 ], [ 34141.0, 9234.0 ], [ 34141.0, 9257.0 ], [ 34119.0, 9280.0 ], [ 34096.0, 9303.0 ], [ 34096.0, 9325.0 ], [ 34096.0, 9348.0 ], [ 34073.0, 9371.0 ], [ 34050.0, 9394.0 ], [ 34028.0, 9416.0 ], [ 34028.0, 9439.0 ], [ 34005.0, 9462.0 ], [ 33982.0, 9485.0 ], [ 33959.0, 9507.0 ], [ 33937.0, 9530.0 ], [ 33914.0, 9530.0 ], [ 33891.0, 9553.0 ], [ 33868.0, 9553.0 ], [ 33846.0, 9553.0 ], [ 33823.0, 9553.0 ], [ 33800.0, 9553.0 ], [ 33778.0, 9553.0 ], [ 33755.0, 9553.0 ], [ 33732.0, 9530.0 ], [ 33709.0, 9530.0 ], [ 33687.0, 9530.0 ], [ 33664.0, 9507.0 ], [ 33641.0, 9507.0 ], [ 33618.0, 9485.0 ], [ 33596.0, 9485.0 ], [ 33573.0, 9485.0 ], [ 33550.0, 9462.0 ], [ 33527.0, 9462.0 ], [ 33505.0, 9462.0 ], [ 33482.0, 9439.0 ], [ 33459.0, 9439.0 ], [ 33436.0, 9439.0 ], [ 33414.0, 9439.0 ], [ 33391.0, 9439.0 ], [ 33368.0, 9416.0 ], [ 33345.0, 9416.0 ], [ 33323.0, 9416.0 ], [ 33300.0, 9439.0 ], [ 33277.0, 9439.0 ], [ 33254.0, 9416.0 ], [ 33232.0, 9394.0 ], [ 33209.0, 9371.0 ], [ 33186.0, 9394.0 ], [ 33163.0, 9394.0 ], [ 33141.0, 9394.0 ], [ 33118.0, 9371.0 ], [ 33095.0, 9371.0 ], [ 33072.0, 9371.0 ], [ 33050.0, 9371.0 ], [ 33027.0, 9371.0 ], [ 33004.0, 9348.0 ], [ 32981.0, 9348.0 ], [ 32959.0, 9348.0 ], [ 32936.0, 9325.0 ], [ 32913.0, 9325.0 ], [ 32890.0, 9303.0 ], [ 32868.0, 9280.0 ], [ 32845.0, 9280.0 ], [ 32822.0, 9257.0 ], [ 32799.0, 9234.0 ], [ 32777.0, 9212.0 ], [ 32777.0, 9189.0 ], [ 32754.0, 9166.0 ], [ 32754.0, 9143.0 ], [ 32754.0, 9121.0 ], [ 32754.0, 9098.0 ], [ 32731.0, 9075.0 ], [ 32708.0, 9052.0 ], [ 32708.0, 9030.0 ], [ 32708.0, 9007.0 ], [ 32686.0, 8984.0 ], [ 32686.0, 8961.0 ], [ 32686.0, 8939.0 ], [ 32686.0, 8916.0 ], [ 32663.0, 8893.0 ], [ 32663.0, 8870.0 ], [ 32663.0, 8848.0 ], [ 32663.0, 8825.0 ], [ 32663.0, 8802.0 ], [ 32640.0, 8780.0 ], [ 32640.0, 8757.0 ], [ 32617.0, 8734.0 ], [ 32617.0, 8711.0 ], [ 32640.0, 8689.0 ], [ 32640.0, 8666.0 ], [ 32617.0, 8643.0 ], [ 32617.0, 8620.0 ], [ 32617.0, 8598.0 ], [ 32617.0, 8575.0 ], [ 32617.0, 8552.0 ], [ 32595.0, 8529.0 ], [ 32595.0, 8507.0 ], [ 32595.0, 8484.0 ], [ 32595.0, 8461.0 ], [ 32572.0, 8438.0 ], [ 32572.0, 8416.0 ], [ 32572.0, 8393.0 ], [ 32549.0, 8370.0 ], [ 32549.0, 8347.0 ], [ 32549.0, 8325.0 ], [ 32526.0, 8302.0 ], [ 32526.0, 8279.0 ], [ 32504.0, 8256.0 ], [ 32504.0, 8234.0 ], [ 32481.0, 8211.0 ], [ 32481.0, 8188.0 ], [ 32481.0, 8165.0 ], [ 32458.0, 8143.0 ], [ 32458.0, 8120.0 ], [ 32435.0, 8097.0 ], [ 32435.0, 8074.0 ], [ 32413.0, 8052.0 ], [ 32413.0, 8029.0 ], [ 32413.0, 8006.0 ], [ 32390.0, 7983.0 ], [ 32390.0, 7961.0 ], [ 32390.0, 7938.0 ], [ 32367.0, 7915.0 ], [ 32367.0, 7892.0 ], [ 32367.0, 7870.0 ], [ 32345.0, 7847.0 ], [ 32345.0, 7824.0 ], [ 32345.0, 7801.0 ], [ 32345.0, 7779.0 ], [ 32322.0, 7756.0 ], [ 32322.0, 7733.0 ], [ 32322.0, 7710.0 ], [ 32322.0, 7688.0 ], [ 32322.0, 7665.0 ], [ 32322.0, 7642.0 ], [ 32322.0, 7619.0 ], [ 32322.0, 7597.0 ], [ 32322.0, 7574.0 ], [ 32322.0, 7551.0 ], [ 32345.0, 7528.0 ], [ 32345.0, 7506.0 ], [ 32345.0, 7483.0 ], [ 32367.0, 7460.0 ], [ 32367.0, 7437.0 ], [ 32367.0, 7415.0 ], [ 32390.0, 7392.0 ], [ 32390.0, 7369.0 ], [ 32390.0, 7347.0 ], [ 32413.0, 7324.0 ], [ 32413.0, 7301.0 ], [ 32413.0, 7278.0 ], [ 32435.0, 7256.0 ], [ 32458.0, 7233.0 ], [ 32458.0, 7210.0 ], [ 32458.0, 7187.0 ], [ 32481.0, 7165.0 ], [ 32481.0, 7142.0 ], [ 32504.0, 7119.0 ], [ 32504.0, 7096.0 ], [ 32526.0, 7074.0 ], [ 32526.0, 7051.0 ], [ 32549.0, 7028.0 ], [ 32549.0, 7005.0 ], [ 32572.0, 6983.0 ], [ 32572.0, 6960.0 ], [ 32595.0, 6937.0 ], [ 32595.0, 6914.0 ], [ 32595.0, 6892.0 ], [ 32595.0, 6869.0 ], [ 32617.0, 6846.0 ], [ 32617.0, 6823.0 ], [ 32640.0, 6801.0 ], [ 32640.0, 6778.0 ], [ 32640.0, 6755.0 ], [ 32663.0, 6732.0 ], [ 32663.0, 6710.0 ], [ 32686.0, 6687.0 ], [ 32686.0, 6664.0 ], [ 32686.0, 6641.0 ], [ 32708.0, 6619.0 ], [ 32708.0, 6596.0 ], [ 32708.0, 6573.0 ], [ 32731.0, 6550.0 ], [ 32731.0, 6528.0 ], [ 32731.0, 6505.0 ], [ 32754.0, 6482.0 ], [ 32754.0, 6459.0 ], [ 32777.0, 6437.0 ], [ 32777.0, 6414.0 ], [ 32777.0, 6391.0 ], [ 32777.0, 6368.0 ], [ 32777.0, 6346.0 ], [ 32777.0, 6323.0 ], [ 32777.0, 6300.0 ], [ 32777.0, 6277.0 ], [ 32777.0, 6255.0 ], [ 32777.0, 6232.0 ], [ 32799.0, 6209.0 ], [ 32822.0, 6186.0 ], [ 32845.0, 6186.0 ], [ 32845.0, 6164.0 ], [ 32845.0, 6141.0 ], [ 32868.0, 6118.0 ], [ 32868.0, 6095.0 ], [ 32868.0, 6073.0 ], [ 32890.0, 6050.0 ], [ 32890.0, 6027.0 ], [ 32913.0, 6004.0 ], [ 32913.0, 5982.0 ], [ 32913.0, 5959.0 ], [ 32936.0, 5936.0 ], [ 32936.0, 5913.0 ], [ 32959.0, 5891.0 ], [ 32959.0, 5868.0 ], [ 32981.0, 5845.0 ], [ 32981.0, 5823.0 ], [ 32981.0, 5800.0 ], [ 33004.0, 5777.0 ], [ 33004.0, 5754.0 ], [ 33004.0, 5732.0 ], [ 33027.0, 5709.0 ], [ 33027.0, 5686.0 ], [ 33027.0, 5663.0 ], [ 33050.0, 5641.0 ], [ 33050.0, 5618.0 ], [ 33072.0, 5595.0 ], [ 33072.0, 5572.0 ], [ 33095.0, 5550.0 ], [ 33118.0, 5527.0 ], [ 33118.0, 5504.0 ], [ 33118.0, 5481.0 ], [ 33118.0, 5459.0 ], [ 33141.0, 5436.0 ], [ 33118.0, 5413.0 ], [ 33118.0, 5390.0 ], [ 33118.0, 5368.0 ], [ 33095.0, 5345.0 ], [ 33095.0, 5322.0 ], [ 33095.0, 5299.0 ], [ 33095.0, 5277.0 ], [ 33095.0, 5254.0 ], [ 33095.0, 5231.0 ], [ 33072.0, 5208.0 ], [ 33072.0, 5186.0 ], [ 33072.0, 5163.0 ], [ 33072.0, 5140.0 ], [ 33072.0, 5117.0 ], [ 33050.0, 5095.0 ], [ 33050.0, 5072.0 ], [ 33050.0, 5049.0 ], [ 33050.0, 5026.0 ], [ 33050.0, 5004.0 ], [ 33050.0, 4981.0 ], [ 33027.0, 4958.0 ], [ 33050.0, 4935.0 ], [ 33050.0, 4913.0 ], [ 33050.0, 4890.0 ], [ 33050.0, 4867.0 ], [ 33050.0, 4844.0 ], [ 33050.0, 4822.0 ], [ 33050.0, 4799.0 ], [ 33050.0, 4776.0 ], [ 33050.0, 4753.0 ], [ 33050.0, 4731.0 ], [ 33050.0, 4708.0 ], [ 33050.0, 4685.0 ], [ 33050.0, 4662.0 ], [ 33072.0, 4640.0 ], [ 33072.0, 4617.0 ], [ 33072.0, 4594.0 ], [ 33072.0, 4571.0 ], [ 33072.0, 4549.0 ], [ 33072.0, 4526.0 ], [ 33095.0, 4503.0 ], [ 33095.0, 4480.0 ], [ 33095.0, 4458.0 ], [ 33095.0, 4435.0 ], [ 33118.0, 4412.0 ], [ 33118.0, 4390.0 ], [ 33118.0, 4367.0 ], [ 33141.0, 4344.0 ], [ 33141.0, 4321.0 ], [ 33163.0, 4299.0 ], [ 33163.0, 4276.0 ], [ 33186.0, 4253.0 ], [ 33209.0, 4230.0 ], [ 33232.0, 4208.0 ], [ 33232.0, 4185.0 ], [ 33254.0, 4162.0 ], [ 33277.0, 4139.0 ], [ 33300.0, 4139.0 ], [ 33323.0, 4117.0 ] ], [ [ 33778.0, 23724.0 ], [ 33800.0, 23701.0 ], [ 33823.0, 23701.0 ], [ 33846.0, 23701.0 ], [ 33868.0, 23701.0 ], [ 33891.0, 23701.0 ], [ 33914.0, 23701.0 ], [ 33937.0, 23701.0 ], [ 33959.0, 23724.0 ], [ 33982.0, 23724.0 ], [ 34005.0, 23724.0 ], [ 34028.0, 23746.0 ], [ 34050.0, 23746.0 ], [ 34073.0, 23769.0 ], [ 34096.0, 23769.0 ], [ 34119.0, 23792.0 ], [ 34141.0, 23815.0 ], [ 34164.0, 23815.0 ], [ 34187.0, 23837.0 ], [ 34210.0, 23860.0 ], [ 34232.0, 23883.0 ], [ 34255.0, 23906.0 ], [ 34278.0, 23928.0 ], [ 34301.0, 23928.0 ], [ 34323.0, 23928.0 ], [ 34346.0, 23928.0 ], [ 34369.0, 23951.0 ], [ 34369.0, 23974.0 ], [ 34369.0, 23997.0 ], [ 34392.0, 24019.0 ], [ 34414.0, 24042.0 ], [ 34437.0, 24065.0 ], [ 34460.0, 24088.0 ], [ 34483.0, 24110.0 ], [ 34505.0, 24133.0 ], [ 34528.0, 24156.0 ], [ 34551.0, 24179.0 ], [ 34574.0, 24201.0 ], [ 34596.0, 24224.0 ], [ 34619.0, 24247.0 ], [ 34642.0, 24270.0 ], [ 34665.0, 24292.0 ], [ 34687.0, 24315.0 ], [ 34710.0, 24338.0 ], [ 34733.0, 24361.0 ], [ 34756.0, 24383.0 ], [ 34756.0, 24406.0 ], [ 34778.0, 24429.0 ], [ 34801.0, 24429.0 ], [ 34824.0, 24429.0 ], [ 34824.0, 24406.0 ], [ 34847.0, 24383.0 ], [ 34847.0, 24361.0 ], [ 34847.0, 24338.0 ], [ 34847.0, 24315.0 ], [ 34847.0, 24292.0 ], [ 34847.0, 24270.0 ], [ 34847.0, 24247.0 ], [ 34847.0, 24224.0 ], [ 34847.0, 24201.0 ], [ 34869.0, 24179.0 ], [ 34869.0, 24156.0 ], [ 34869.0, 24133.0 ], [ 34869.0, 24110.0 ], [ 34869.0, 24088.0 ], [ 34892.0, 24065.0 ], [ 34892.0, 24042.0 ], [ 34892.0, 24019.0 ], [ 34915.0, 23997.0 ], [ 34915.0, 23974.0 ], [ 34938.0, 23951.0 ], [ 34938.0, 23928.0 ], [ 34960.0, 23906.0 ], [ 34983.0, 23883.0 ], [ 35006.0, 23860.0 ], [ 35029.0, 23883.0 ], [ 35051.0, 23906.0 ], [ 35074.0, 23928.0 ], [ 35074.0, 23951.0 ], [ 35074.0, 23974.0 ], [ 35051.0, 23997.0 ], [ 35051.0, 24019.0 ], [ 35051.0, 24042.0 ], [ 35051.0, 24065.0 ], [ 35051.0, 24088.0 ], [ 35029.0, 24110.0 ], [ 35029.0, 24133.0 ], [ 35029.0, 24156.0 ], [ 35029.0, 24179.0 ], [ 35006.0, 24201.0 ], [ 35006.0, 24224.0 ], [ 34983.0, 24247.0 ], [ 34983.0, 24270.0 ], [ 34960.0, 24292.0 ], [ 34960.0, 24315.0 ], [ 34938.0, 24338.0 ], [ 34938.0, 24361.0 ], [ 34915.0, 24383.0 ], [ 34915.0, 24406.0 ], [ 34915.0, 24429.0 ], [ 34892.0, 24452.0 ], [ 34892.0, 24474.0 ], [ 34892.0, 24497.0 ], [ 34892.0, 24520.0 ], [ 34892.0, 24543.0 ], [ 34892.0, 24565.0 ], [ 34892.0, 24588.0 ], [ 34892.0, 24611.0 ], [ 34892.0, 24634.0 ], [ 34892.0, 24656.0 ], [ 34892.0, 24679.0 ], [ 34892.0, 24702.0 ], [ 34892.0, 24725.0 ], [ 34915.0, 24747.0 ], [ 34915.0, 24770.0 ], [ 34915.0, 24793.0 ], [ 34915.0, 24816.0 ], [ 34915.0, 24838.0 ], [ 34915.0, 24861.0 ], [ 34915.0, 24884.0 ], [ 34938.0, 24907.0 ], [ 34938.0, 24929.0 ], [ 34938.0, 24952.0 ], [ 34938.0, 24975.0 ], [ 34938.0, 24998.0 ], [ 34960.0, 25020.0 ], [ 34960.0, 25043.0 ], [ 34960.0, 25066.0 ], [ 34960.0, 25088.0 ], [ 34960.0, 25111.0 ], [ 34983.0, 25134.0 ], [ 34983.0, 25157.0 ], [ 34983.0, 25179.0 ], [ 34983.0, 25202.0 ], [ 35006.0, 25225.0 ], [ 35006.0, 25248.0 ], [ 35029.0, 25270.0 ], [ 35029.0, 25293.0 ], [ 35006.0, 25316.0 ], [ 35029.0, 25339.0 ], [ 35051.0, 25361.0 ], [ 35029.0, 25384.0 ], [ 35029.0, 25407.0 ], [ 35029.0, 25430.0 ], [ 35029.0, 25452.0 ], [ 35029.0, 25475.0 ], [ 35051.0, 25498.0 ], [ 35051.0, 25521.0 ], [ 35051.0, 25543.0 ], [ 35051.0, 25566.0 ], [ 35051.0, 25589.0 ], [ 35051.0, 25612.0 ], [ 35051.0, 25634.0 ], [ 35051.0, 25657.0 ], [ 35051.0, 25680.0 ], [ 35051.0, 25703.0 ], [ 35051.0, 25725.0 ], [ 35051.0, 25748.0 ], [ 35051.0, 25771.0 ], [ 35029.0, 25794.0 ], [ 35029.0, 25816.0 ], [ 35029.0, 25839.0 ], [ 35029.0, 25862.0 ], [ 35006.0, 25885.0 ], [ 35006.0, 25907.0 ], [ 35006.0, 25930.0 ], [ 35006.0, 25953.0 ], [ 34983.0, 25976.0 ], [ 34983.0, 25998.0 ], [ 34983.0, 26021.0 ], [ 34960.0, 26044.0 ], [ 34960.0, 26067.0 ], [ 34960.0, 26089.0 ], [ 34938.0, 26112.0 ], [ 34938.0, 26135.0 ], [ 34938.0, 26158.0 ], [ 34938.0, 26180.0 ], [ 34915.0, 26203.0 ], [ 34915.0, 26226.0 ], [ 34892.0, 26249.0 ], [ 34892.0, 26271.0 ], [ 34869.0, 26294.0 ], [ 34869.0, 26317.0 ], [ 34869.0, 26340.0 ], [ 34847.0, 26362.0 ], [ 34847.0, 26385.0 ], [ 34847.0, 26408.0 ], [ 34824.0, 26431.0 ], [ 34824.0, 26453.0 ], [ 34801.0, 26476.0 ], [ 34801.0, 26499.0 ], [ 34778.0, 26521.0 ], [ 34778.0, 26544.0 ], [ 34756.0, 26567.0 ], [ 34756.0, 26590.0 ], [ 34733.0, 26612.0 ], [ 34710.0, 26635.0 ], [ 34710.0, 26658.0 ], [ 34687.0, 26681.0 ], [ 34687.0, 26703.0 ], [ 34665.0, 26726.0 ], [ 34642.0, 26749.0 ], [ 34619.0, 26772.0 ], [ 34596.0, 26794.0 ], [ 34574.0, 26817.0 ], [ 34551.0, 26840.0 ], [ 34528.0, 26863.0 ], [ 34505.0, 26885.0 ], [ 34483.0, 26885.0 ], [ 34460.0, 26885.0 ], [ 34437.0, 26908.0 ], [ 34414.0, 26908.0 ], [ 34392.0, 26908.0 ], [ 34369.0, 26908.0 ], [ 34346.0, 26908.0 ], [ 34323.0, 26908.0 ], [ 34301.0, 26908.0 ], [ 34278.0, 26908.0 ], [ 34255.0, 26908.0 ], [ 34232.0, 26908.0 ], [ 34210.0, 26908.0 ], [ 34187.0, 26908.0 ], [ 34164.0, 26908.0 ], [ 34141.0, 26908.0 ], [ 34119.0, 26931.0 ], [ 34096.0, 26931.0 ], [ 34073.0, 26931.0 ], [ 34050.0, 26931.0 ], [ 34028.0, 26931.0 ], [ 34005.0, 26931.0 ], [ 33982.0, 26931.0 ], [ 33959.0, 26931.0 ], [ 33937.0, 26931.0 ], [ 33914.0, 26931.0 ], [ 33891.0, 26931.0 ], [ 33868.0, 26931.0 ], [ 33846.0, 26931.0 ], [ 33823.0, 26931.0 ], [ 33800.0, 26931.0 ], [ 33778.0, 26931.0 ], [ 33755.0, 26931.0 ], [ 33732.0, 26931.0 ], [ 33709.0, 26931.0 ], [ 33687.0, 26931.0 ], [ 33664.0, 26931.0 ], [ 33641.0, 26954.0 ], [ 33618.0, 26954.0 ], [ 33596.0, 26954.0 ], [ 33573.0, 26976.0 ], [ 33550.0, 26976.0 ], [ 33527.0, 26976.0 ], [ 33505.0, 26999.0 ], [ 33482.0, 27022.0 ], [ 33482.0, 27045.0 ], [ 33459.0, 27067.0 ], [ 33436.0, 27067.0 ], [ 33414.0, 27067.0 ], [ 33391.0, 27090.0 ], [ 33368.0, 27113.0 ], [ 33345.0, 27136.0 ], [ 33345.0, 27158.0 ], [ 33323.0, 27181.0 ], [ 33323.0, 27204.0 ], [ 33323.0, 27227.0 ], [ 33300.0, 27249.0 ], [ 33277.0, 27249.0 ], [ 33254.0, 27272.0 ], [ 33254.0, 27295.0 ], [ 33232.0, 27318.0 ], [ 33209.0, 27340.0 ], [ 33186.0, 27363.0 ], [ 33163.0, 27386.0 ], [ 33141.0, 27386.0 ], [ 33118.0, 27409.0 ], [ 33095.0, 27386.0 ], [ 33072.0, 27409.0 ], [ 33050.0, 27409.0 ], [ 33027.0, 27409.0 ], [ 33004.0, 27409.0 ], [ 32981.0, 27386.0 ], [ 32959.0, 27386.0 ], [ 32936.0, 27386.0 ], [ 32913.0, 27386.0 ], [ 32890.0, 27386.0 ], [ 32868.0, 27363.0 ], [ 32845.0, 27363.0 ], [ 32822.0, 27363.0 ], [ 32799.0, 27363.0 ], [ 32777.0, 27340.0 ], [ 32754.0, 27340.0 ], [ 32731.0, 27318.0 ], [ 32708.0, 27318.0 ], [ 32686.0, 27295.0 ], [ 32663.0, 27272.0 ], [ 32640.0, 27272.0 ], [ 32617.0, 27249.0 ], [ 32617.0, 27227.0 ], [ 32595.0, 27204.0 ], [ 32572.0, 27181.0 ], [ 32549.0, 27158.0 ], [ 32549.0, 27136.0 ], [ 32526.0, 27113.0 ], [ 32526.0, 27090.0 ], [ 32504.0, 27067.0 ], [ 32526.0, 27045.0 ], [ 32504.0, 27022.0 ], [ 32504.0, 26999.0 ], [ 32481.0, 26976.0 ], [ 32481.0, 26954.0 ], [ 32481.0, 26931.0 ], [ 32481.0, 26908.0 ], [ 32481.0, 26885.0 ], [ 32481.0, 26863.0 ], [ 32481.0, 26840.0 ], [ 32481.0, 26817.0 ], [ 32481.0, 26794.0 ], [ 32481.0, 26772.0 ], [ 32481.0, 26749.0 ], [ 32504.0, 26726.0 ], [ 32504.0, 26703.0 ], [ 32504.0, 26681.0 ], [ 32504.0, 26658.0 ], [ 32526.0, 26635.0 ], [ 32526.0, 26612.0 ], [ 32549.0, 26590.0 ], [ 32572.0, 26567.0 ], [ 32572.0, 26544.0 ], [ 32595.0, 26521.0 ], [ 32617.0, 26499.0 ], [ 32640.0, 26476.0 ], [ 32663.0, 26453.0 ], [ 32686.0, 26431.0 ], [ 32708.0, 26431.0 ], [ 32731.0, 26431.0 ], [ 32754.0, 26408.0 ], [ 32777.0, 26385.0 ], [ 32799.0, 26362.0 ], [ 32822.0, 26340.0 ], [ 32845.0, 26317.0 ], [ 32868.0, 26317.0 ], [ 32890.0, 26294.0 ], [ 32913.0, 26294.0 ], [ 32936.0, 26294.0 ], [ 32959.0, 26271.0 ], [ 32981.0, 26271.0 ], [ 33004.0, 26249.0 ], [ 33027.0, 26249.0 ], [ 33050.0, 26226.0 ], [ 33072.0, 26226.0 ], [ 33095.0, 26226.0 ], [ 33118.0, 26226.0 ], [ 33141.0, 26203.0 ], [ 33163.0, 26203.0 ], [ 33186.0, 26180.0 ], [ 33209.0, 26158.0 ], [ 33209.0, 26135.0 ], [ 33209.0, 26112.0 ], [ 33209.0, 26089.0 ], [ 33232.0, 26067.0 ], [ 33232.0, 26044.0 ], [ 33232.0, 26021.0 ], [ 33232.0, 25998.0 ], [ 33232.0, 25976.0 ], [ 33232.0, 25953.0 ], [ 33232.0, 25930.0 ], [ 33232.0, 25907.0 ], [ 33232.0, 25885.0 ], [ 33254.0, 25862.0 ], [ 33254.0, 25839.0 ], [ 33254.0, 25816.0 ], [ 33254.0, 25794.0 ], [ 33254.0, 25771.0 ], [ 33254.0, 25748.0 ], [ 33254.0, 25725.0 ], [ 33254.0, 25703.0 ], [ 33254.0, 25680.0 ], [ 33254.0, 25657.0 ], [ 33277.0, 25634.0 ], [ 33277.0, 25612.0 ], [ 33277.0, 25589.0 ], [ 33277.0, 25566.0 ], [ 33277.0, 25543.0 ], [ 33277.0, 25521.0 ], [ 33277.0, 25498.0 ], [ 33277.0, 25475.0 ], [ 33277.0, 25452.0 ], [ 33277.0, 25430.0 ], [ 33277.0, 25407.0 ], [ 33277.0, 25384.0 ], [ 33300.0, 25361.0 ], [ 33300.0, 25339.0 ], [ 33300.0, 25316.0 ], [ 33300.0, 25293.0 ], [ 33300.0, 25270.0 ], [ 33300.0, 25248.0 ], [ 33300.0, 25225.0 ], [ 33300.0, 25202.0 ], [ 33300.0, 25179.0 ], [ 33300.0, 25157.0 ], [ 33300.0, 25134.0 ], [ 33300.0, 25111.0 ], [ 33300.0, 25088.0 ], [ 33300.0, 25066.0 ], [ 33300.0, 25043.0 ], [ 33300.0, 25020.0 ], [ 33300.0, 24998.0 ], [ 33300.0, 24975.0 ], [ 33300.0, 24952.0 ], [ 33300.0, 24929.0 ], [ 33300.0, 24907.0 ], [ 33300.0, 24884.0 ], [ 33300.0, 24861.0 ], [ 33300.0, 24838.0 ], [ 33300.0, 24816.0 ], [ 33300.0, 24793.0 ], [ 33300.0, 24770.0 ], [ 33300.0, 24747.0 ], [ 33300.0, 24725.0 ], [ 33300.0, 24702.0 ], [ 33300.0, 24679.0 ], [ 33300.0, 24656.0 ], [ 33300.0, 24634.0 ], [ 33300.0, 24611.0 ], [ 33300.0, 24588.0 ], [ 33300.0, 24565.0 ], [ 33300.0, 24543.0 ], [ 33300.0, 24520.0 ], [ 33323.0, 24497.0 ], [ 33345.0, 24520.0 ], [ 33368.0, 24497.0 ], [ 33368.0, 24474.0 ], [ 33368.0, 24452.0 ], [ 33368.0, 24429.0 ], [ 33368.0, 24406.0 ], [ 33368.0, 24383.0 ], [ 33391.0, 24361.0 ], [ 33391.0, 24338.0 ], [ 33391.0, 24315.0 ], [ 33414.0, 24292.0 ], [ 33414.0, 24270.0 ], [ 33414.0, 24247.0 ], [ 33436.0, 24224.0 ], [ 33459.0, 24201.0 ], [ 33459.0, 24179.0 ], [ 33459.0, 24156.0 ], [ 33482.0, 24133.0 ], [ 33505.0, 24110.0 ], [ 33505.0, 24088.0 ], [ 33527.0, 24065.0 ], [ 33550.0, 24042.0 ], [ 33550.0, 24019.0 ], [ 33573.0, 23997.0 ], [ 33573.0, 23974.0 ], [ 33596.0, 23951.0 ], [ 33618.0, 23928.0 ], [ 33641.0, 23906.0 ], [ 33664.0, 23883.0 ], [ 33664.0, 23860.0 ], [ 33687.0, 23837.0 ], [ 33687.0, 23815.0 ], [ 33709.0, 23792.0 ], [ 33732.0, 23769.0 ], [ 33755.0, 23746.0 ], [ 33778.0, 23724.0 ] ] ] } },
{ "type": "Feature", "properties": { "tissue_id": 3 }, "geometry": { "type": "Polygon", "coordinates": [ [ [ 9166.0, 18151.0 ], [ 9166.0, 18128.0 ], [ 9166.0, 18105.0 ], [ 9166.0, 18083.0 ], [ 9143.0, 18060.0 ], [ 9143.0, 18037.0 ], [ 9143.0, 18014.0 ], [ 9166.0, 17992.0 ], [ 9189.0, 17969.0 ], [ 9212.0, 17946.0 ], [ 9234.0, 17923.0 ], [ 9234.0, 17901.0 ], [ 9234.0, 17878.0 ], [ 9234.0, 17855.0 ], [ 9212.0, 17832.0 ], [ 9212.0, 17810.0 ], [ 9189.0, 17787.0 ], [ 9189.0, 17764.0 ], [ 9189.0, 17741.0 ], [ 9189.0, 17719.0 ], [ 9189.0, 17696.0 ], [ 9212.0, 17673.0 ], [ 9234.0, 17673.0 ], [ 9257.0, 17673.0 ], [ 9280.0, 17673.0 ], [ 9303.0, 17673.0 ], [ 9303.0, 17651.0 ], [ 9303.0, 17628.0 ], [ 9325.0, 17605.0 ], [ 9348.0, 17605.0 ], [ 9371.0, 17628.0 ], [ 9371.0, 17651.0 ], [ 9371.0, 17673.0 ], [ 9371.0, 17696.0 ], [ 9371.0, 17719.0 ], [ 9371.0, 17741.0 ], [ 9371.0, 17764.0 ], [ 9371.0, 17787.0 ], [ 9371.0, 17810.0 ], [ 9371.0, 17832.0 ], [ 9371.0, 17855.0 ], [ 9371.0, 17878.0 ], [ 9371.0, 17901.0 ], [ 9371.0, 17923.0 ], [ 9371.0, 17946.0 ], [ 9394.0, 17923.0 ], [ 9416.0, 17946.0 ], [ 9439.0, 17969.0 ], [ 9462.0, 17969.0 ], [ 9485.0, 17992.0 ], [ 9485.0, 18014.0 ], [ 9507.0, 18037.0 ], [ 9507.0, 18060.0 ], [ 9507.0, 18083.0 ], [ 9507.0, 18105.0 ], [ 9530.0, 18105.0 ], [ 9553.0, 18105.0 ], [ 9576.0, 18128.0 ], [ 9576.0, 18151.0 ], [ 9576.0, 18174.0 ], [ 9576.0, 18196.0 ], [ 9576.0, 18219.0 ], [ 9576.0, 18242.0 ], [ 9576.0, 18265.0 ], [ 9576.0, 18287.0 ], [ 9598.0, 18310.0 ], [ 9598.0, 18333.0 ], [ 9598.0, 18356.0 ], [ 9598.0, 18378.0 ], [ 9598.0, 18401.0 ], [ 9598.0, 18424.0 ], [ 9621.0, 18447.0 ], [ 9621.0, 18469.0 ], [ 9621.0, 18492.0 ], [ 9644.0, 18515.0 ], [ 9644.0, 18538.0 ], [ 9644.0, 18560.0 ], [ 9667.0, 18583.0 ], [ 9667.0, 18606.0 ], [ 9667.0, 18629.0 ], [ 9667.0, 18651.0 ], [ 9689.0, 18674.0 ], [ 9689.0, 18697.0 ], [ 9712.0, 18720.0 ], [ 9712.0, 18742.0 ], [ 9712.0, 18765.0 ], [ 9712.0, 18788.0 ], [ 9735.0, 18811.0 ], [ 9735.0, 18833.0 ], [ 9758.0, 18856.0 ], [ 9758.0, 18879.0 ], [ 9780.0, 18902.0 ], [ 9803.0, 18924.0 ], [ 9803.0, 18947.0 ], [ 9803.0, 18970.0 ], [ 9803.0, 18993.0 ], [ 9803.0, 19015.0 ], [ 9826.0, 19038.0 ], [ 9849.0, 19061.0 ], [ 9849.0, 19084.0 ], [ 9871.0, 19106.0 ], [ 9871.0, 19129.0 ], [ 9871.0, 19152.0 ], [ 9894.0, 19174.0 ], [ 9894.0, 19197.0 ], [ 9917.0, 19220.0 ], [ 9917.0, 19243.0 ], [ 9917.0, 19265.0 ], [ 9917.0, 19288.0 ], [ 9940.0, 19311.0 ], [ 9940.0, 19334.0 ], [ 9962.0, 19356.0 ], [ 9985.0, 19379.0 ], [ 9985.0, 19402.0 ], [ 9985.0, 19425.0 ], [ 10008.0, 19447.0 ], [ 10008.0, 19470.0 ], [ 10031.0, 19470.0 ], [ 10053.0, 19493.0 ], [ 10053.0, 19516.0 ], [ 10053.0, 19538.0 ], [ 10076.0, 19561.0 ], [ 10099.0, 19584.0 ], [ 10099.0, 19607.0 ], [ 10122.0, 19629.0 ], [ 10122.0, 19652.0 ], [ 10144.0, 19675.0 ], [ 10167.0, 19698.0 ], [ 10167.0, 19720.0 ], [ 10190.0, 19743.0 ], [ 10190.0, 19766.0 ], [ 10213.0, 19766.0 ], [ 10235.0, 19766.0 ], [ 10258.0, 19766.0 ], [ 10281.0, 19766.0 ], [ 10303.0, 19766.0 ], [ 10326.0, 19766.0 ], [ 10349.0, 19766.0 ], [ 10372.0, 19766.0 ], [ 10394.0, 19766.0 ], [ 10417.0, 19789.0 ], [ 10417.0, 19811.0 ], [ 10417.0, 19834.0 ], [ 10417.0, 19857.0 ], [ 10417.0, 19880.0 ], [ 10417.0, 19902.0 ], [ 10417.0, 19925.0 ], [ 10417.0, 19948.0 ], [ 10417.0, 19971.0 ], [ 10417.0, 19993.0 ], [ 10417.0, 20016.0 ], [ 10417.0, 20039.0 ], [ 10440.0, 20062.0 ], [ 10463.0, 20084.0 ], [ 10485.0, 20107.0 ], [ 10508.0, 20130.0 ], [ 10508.0, 20153.0 ], [ 10531.0, 20175.0 ], [ 10554.0, 20198.0 ], [ 10576.0, 20221.0 ], [ 10599.0, 20244.0 ], [ 10622.0, 20266.0 ], [ 10645.0, 20289.0 ], [ 10667.0, 20312.0 ], [ 10690.0, 20335.0 ], [ 10713.0, 20357.0 ], [ 10736.0, 20380.0 ], [ 10758.0, 20403.0 ], [ 10781.0, 20426.0 ], [ 10804.0, 20448.0 ], [ 10827.0, 20471.0 ], [ 10849.0, 20494.0 ], [ 10872.0, 20517.0 ], [ 10895.0, 20539.0 ], [ 10918.0, 20562.0 ], [ 10940.0, 20585.0 ], [ 10963.0, 20585.0 ], [ 10986.0, 20607.0 ], [ 11009.0, 20630.0 ], [ 11031.0, 20653.0 ], [ 11054.0, 20676.0 ], [ 11077.0, 20698.0 ], [ 11100.0, 20721.0 ], [ 11122.0, 20744.0 ], [ 11145.0, 20767.0 ], [ 11168.0, 20789.0 ], [ 11191.0, 20789.0 ], [ 11213.0, 20812.0 ], [ 11213.0, 20835.0 ], [ 11236.0, 20835.0 ], [ 11259.0, 20858.0 ], [ 11282.0, 20880.0 ], [ 11304.0, 20903.0 ], [ 11327.0, 20926.0 ], [ 11350.0, 20926.0 ], [ 11373.0, 20949.0 ], [ 11395.0, 20971.0 ], [ 11418.0, 20971.0 ], [ 11441.0, 20994.0 ], [ 11464.0, 21017.0 ], [ 11486.0, 21040.0 ], [ 11509.0, 21040.0 ], [ 11532.0, 21062.0 ], [ 11555.0, 21085.0 ], [ 11577.0, 21108.0 ], [ 11600.0, 21131.0 ], [ 11623.0, 21131.0 ], [ 11646.0, 21153.0 ], [ 11668.0, 21176.0 ], [ 11691.0, 21199.0 ], [ 11714.0, 21222.0 ], [ 11737.0, 21244.0 ], [ 11759.0, 21267.0 ], [ 11782.0, 21290.0 ], [ 11805.0, 21313.0 ], [ 11827.0, 21335.0 ], [ 11850.0, 21358.0 ], [ 11873.0, 21381.0 ], [ 11896.0, 21404.0 ], [ 11918.0, 21426.0 ], [ 11941.0, 21449.0 ], [ 11964.0, 21472.0 ], [ 11987.0, 21495.0 ], [ 12009.0, 21517.0 ], [ 12032.0, 21540.0 ], [ 12055.0, 21540.0 ], [ 12078.0, 21563.0 ], [ 12100.0, 21586.0 ], [ 12123.0, 21608.0 ], [ 12146.0, 21631.0 ], [ 12169.0, 21654.0 ], [ 12191.0, 21677.0 ], [ 12214.0, 21699.0 ], [ 12237.0, 21722.0 ], [ 12260.0, 21745.0 ], [ 12282.0, 21768.0 ], [ 12305.0, 21790.0 ], [ 12328.0, 21813.0 ], [ 12351.0, 21836.0 ], [ 12373.0, 21836.0 ], [ 12396.0, 21836.0 ], [ 12419.0, 21836.0 ], [ 12442.0, 21859.0 ], [ 12464.0, 21881.0 ], [ 12464.0, 21904.0 ], [ 12487.0, 21927.0 ], [ 12510.0, 21927.0 ], [ 12533.0, 21950.0 ], [ 12555.0, 21972.0 ], [ 12578.0, 21972.0 ], [ 12601.0, 21995.0 ], [ 12624.0, 21995.0 ], [ 12646.0, 22018.0 ], [ 12669.0, 22041.0 ], [ 12692.0, 22041.0 ], [ 12715.0, 22063.0 ], [ 12737.0, 22063.0 ], [ 12760.0, 22086.0 ], [ 12783.0, 22109.0 ], [ 12806.0, 22109.0 ], [ 12828.0, 22131.0 ], [ 12851.0, 22154.0 ], [ 12874.0, 22154.0 ], [ 12897.0, 22177.0 ], [ 12919.0, 22177.0 ], [ 12942.0, 22200.0 ], [ 12965.0, 22222.0 ], [ 12988.0, 22222.0 ], [ 13010.0, 22245.0 ], [ 13033.0, 22245.0 ], [ 13056.0, 22268.0 ], [ 13079.0, 22268.0 ], [ 13101.0, 22291.0 ], [ 13124.0, 22291.0 ], [ 13147.0, 22313.0 ], [ 13170.0, 22336.0 ], [ 13192.0, 22336.0 ], [ 13215.0, 22359.0 ], [ 13238.0, 22359.0 ], [ 13260.0, 22359.0 ], [ 13283.0, 22382.0 ], [ 13306.0, 22382.0 ], [ 13329.0, 22404.0 ], [ 13351.0, 22404.0 ], [ 13374.0, 22427.0 ], [ 13397.0, 22427.0 ], [ 13420.0, 22450.0 ], [ 13442.0, 22450.0 ], [ 13465.0, 22450.0 ], [ 13488.0, 22473.0 ], [ 13511.0, 22473.0 ], [ 13533.0, 22495.0 ], [ 13556.0, 22518.0 ], [ 13579.0, 22518.0 ], [ 13602.0, 22518.0 ], [ 13624.0, 22518.0 ], [ 13647.0, 22541.0 ], [ 13670.0, 22541.0 ], [ 13693.0, 22541.0 ], [ 13715.0, 22564.0 ], [ 13738.0, 22564.0 ], [ 13761.0, 22564.0 ], [ 13784.0, 22586.0 ], [ 13806.0, 22586.0 ], [ 13829.0, 22586.0 ], [ 13852.0, 22609.0 ], [ 13875.0, 22609.0 ], [ 13897.0, 22609.0 ], [ 13920.0, 22609.0 ], [ 13943.0, 22632.0 ], [ 13966.0, 22632.0 ], [ 13988.0, 22632.0 ], [ 14011.0, 22655.0 ], [ 14034.0, 22655.0 ], [ 14057.0, 22655.0 ], [ 14079.0, 22655.0 ], [ 14102.0, 22655.0 ], [ 14125.0, 22677.0 ], [ 14148.0, 22677.0 ], [ 14170.0, 22677.0 ], [ 14193.0, 22677.0 ], [ 14216.0, 22677.0 ], [ 14239.0, 22700.0 ], [ 14261.0, 22700.0 ], [ 14284.0, 22700.0 ], [ 14307.0, 22700.0 ], [ 14330.0, 22700.0 ], [ 14352.0, 22700.0 ], [ 14375.0, 22723.0 ], [ 14398.0, 22723.0 ], [ 14421.0, 22723.0 ], [ 14443.0, 22723.0 ], [ 14466.0, 22723.0 ], [ 14489.0, 22723.0 ], [ 14512.0, 22723.0 ], [ 14534.0, 22723.0 ], [ 14557.0, 22723.0 ], [ 14580.0, 22723.0 ], [ 14603.0, 22723.0 ], [ 14625.0, 22723.0 ], [ 14648.0, 22746.0 ], [ 14671.0, 22746.0 ], [ 14694.0, 22746.0 ], [ 14716.0, 22746.0 ], [ 14739.0, 22746.0 ], [ 14762.0, 22746.0 ], [ 14784.0, 22746.0 ], [ 14807.0, 22746.0 ], [ 14830.0, 22746.0 ], [ 14853.0, 22746.0 ], [ 14875.0, 22746.0 ], [ 14898.0, 22746.0 ], [ 14921.0, 22746.0 ], [ 14944.0, 22746.0 ], [ 14966.0, 22746.0 ], [ 14989.0, 22746.0 ], [ 15012.0, 22746.0 ], [ 15035.0, 22746.0 ], [ 15057.0, 22746.0 ], [ 15080.0, 22746.0 ], [ 15103.0, 22746.0 ], [ 15126.0, 22746.0 ], [ 15148.0, 22746.0 ], [ 15171.0, 22746.0 ], [ 15194.0, 22746.0 ], [ 15217.0, 22746.0 ], [ 15239.0, 22746.0 ], [ 15262.0, 22746.0 ], [ 15285.0, 22746.0 ], [ 15308.0, 22746.0 ], [ 15330.0, 22746.0 ], [ 15353.0, 22746.0 ], [ 15376.0, 22746.0 ], [ 15399.0, 22723.0 ], [ 15421.0, 22723.0 ], [ 15444.0, 22723.0 ], [ 15467.0, 22723.0 ], [ 15490.0, 22723.0 ], [ 15512.0, 22723.0 ], [ 15535.0, 22723.0 ], [ 15558.0, 22723.0 ], [ 15581.0, 22723.0 ], [ 15603.0, 22723.0 ], [ 15626.0, 22723.0 ], [ 15649.0, 22723.0 ], [ 15672.0, 22723.0 ], [ 15694.0, 22723.0 ], [ 15717.0, 22723.0 ], [ 15740.0, 22723.0 ], [ 15763.0, 22723.0 ], [ 15785.0, 22723.0 ], [ 15808.0, 22700.0 ], [ 15831.0, 22700.0 ], [ 15854.0, 22700.0 ], [ 15876.0, 22700.0 ], [ 15899.0, 22700.0 ], [ 15922.0, 22700.0 ], [ 15945.0, 22700.0 ], [ 15967.0, 22677.0 ], [ 15990.0, 22677.0 ], [ 16013.0, 22677.0 ], [ 16036.0, 22677.0 ], [ 16058.0, 22677.0 ], [ 16081.0, 22677.0 ], [ 16104.0, 22677.0 ], [ 16127.0, 22655.0 ], [ 16149.0, 22655.0 ], [ 16172.0, 22655.0 ], [ 16195.0, 22655.0 ], [ 16217.0, 22632.0 ], [ 16240.0, 22632.0 ], [ 16263.0, 22632.0 ], [ 16286.0, 22632.0 ], [ 16308.0, 22609.0 ], [ 16331.0, 22609.0 ], [ 16354.0, 22609.0 ], [ 16377.0, 22609.0 ], [ 16399.0, 22586.0 ], [ 16422.0, 22586.0 ], [ 16445.0, 22586.0 ], [ 16468.0, 22586.0 ], [ 16490.0, 22586.0 ], [ 16513.0, 22564.0 ], [ 16536.0, 22564.0 ], [ 16559.0, 22541.0 ], [ 16581.0, 22541.0 ], [ 16604.0, 22518.0 ], [ 16627.0, 22518.0 ], [ 16650.0, 22495.0 ], [ 16672.0, 22473.0 ], [ 16695.0, 22473.0 ], [ 16718.0, 22450.0 ], [ 16741.0, 22427.0 ], [ 16763.0, 22404.0 ], [ 16786.0, 22382.0 ], [ 16809.0, 22382.0 ], [ 16832.0, 22359.0 ], [ 16854.0, 22359.0 ], [ 16877.0, 22359.0 ], [ 16900.0, 22336.0 ], [ 16923.0, 22336.0 ], [ 16945.0, 22336.0 ], [ 16968.0, 22336.0 ], [ 16991.0, 22313.0 ], [ 17014.0, 22313.0 ], [ 17036.0, 22291.0 ], [ 17059.0, 22291.0 ], [ 17082.0, 22268.0 ], [ 17105.0, 22245.0 ], [ 17127.0, 22245.0 ], [ 17150.0, 22222.0 ], [ 17173.0, 22200.0 ], [ 17196.0, 22200.0 ], [ 17218.0, 22177.0 ], [ 17241.0, 22154.0 ], [ 17264.0, 22131.0 ], [ 17287.0, 22109.0 ], [ 17309.0, 22109.0 ], [ 17332.0, 22086.0 ], [ 17355.0, 22063.0 ], [ 17378.0, 22041.0 ], [ 17400.0, 22018.0 ], [ 17423.0, 22018.0 ], [ 17423.0, 21995.0 ], [ 17446.0, 21972.0 ], [ 17469.0, 21950.0 ], [ 17491.0, 21927.0 ], [ 17514.0, 21904.0 ], [ 17537.0, 21904.0 ], [ 17537.0, 21881.0 ], [ 17560.0, 21859.0 ], [ 17582.0, 21836.0 ], [ 17605.0, 21813.0 ], [ 17628.0, 21790.0 ], [ 17651.0, 21768.0 ], [ 17673.0, 21745.0 ], [ 17673.0, 21722.0 ], [ 17696.0, 21699.0 ], [ 17719.0, 21699.0 ], [ 17741.0, 21699.0 ], [ 17764.0, 21699.0 ], [ 17787.0, 21699.0 ], [ 17787.0, 21677.0 ], [ 17810.0, 21654.0 ], [ 17832.0, 21654.0 ], [ 17855.0, 21654.0 ], [ 17878.0, 21631.0 ], [ 17901.0, 21654.0 ], [ 17901.0, 21631.0 ], [ 17923.0, 21608.0 ], [ 17946.0, 21608.0 ], [ 17969.0, 21608.0 ], [ 17992.0, 21586.0 ], [ 17992.0, 21563.0 ], [ 18014.0, 21540.0 ], [ 18037.0, 21517.0 ], [ 18060.0, 21495.0 ], [ 18083.0, 21517.0 ], [ 18105.0, 21517.0 ], [ 18128.0, 21540.0 ], [ 18151.0, 21517.0 ], [ 18174.0, 21495.0 ], [ 18196.0, 21495.0 ], [ 18219.0, 21472.0 ], [ 18242.0, 21449.0 ], [ 18265.0, 21426.0 ], [ 18287.0, 21404.0 ], [ 18310.0, 21404.0 ], [ 18333.0, 21381.0 ], [ 18356.0, 21381.0 ], [ 18378.0, 21358.0 ], [ 18401.0, 21358.0 ], [ 18424.0, 21335.0 ], [ 18447.0, 21335.0 ], [ 18469.0, 21313.0 ], [ 18492.0, 21290.0 ], [ 18515.0, 21267.0 ], [ 18538.0, 21267.0 ], [ 18560.0, 21244.0 ], [ 18583.0, 21222.0 ], [ 18606.0, 21199.0 ], [ 18629.0, 21176.0 ], [ 18651.0, 21176.0 ], [ 18674.0, 21153.0 ], [ 18697.0, 21131.0 ], [ 18720.0, 21108.0 ], [ 18742.0, 21108.0 ], [ 18765.0, 21085.0 ], [ 18788.0, 21062.0 ], [ 18811.0, 21062.0 ], [ 18833.0, 21040.0 ], [ 18856.0, 21017.0 ], [ 18879.0, 20994.0 ], [ 18902.0, 20971.0 ], [ 18924.0, 20949.0 ], [ 18947.0, 20949.0 ], [ 18970.0, 20926.0 ], [ 18993.0, 20926.0 ], [ 19015.0, 20903.0 ], [ 19038.0, 20880.0 ], [ 19061.0, 20858.0 ], [ 19084.0, 20835.0 ], [ 19084.0, 20812.0 ], [ 19106.0, 20789.0 ], [ 19129.0, 20789.0 ], [ 19152.0, 20789.0 ], [ 19174.0, 20789.0 ], [ 19197.0, 20767.0 ], [ 19220.0, 20744.0 ], [ 19243.0, 20721.0 ], [ 19265.0, 20721.0 ], [ 19288.0, 20698.0 ], [ 19288.0, 20676.0 ], [ 19311.0, 20653.0 ], [ 19334.0, 20630.0 ], [ 19356.0, 20630.0 ], [ 19379.0, 20607.0 ], [ 19402.0, 20585.0 ], [ 19425.0, 20562.0 ], [ 19447.0, 20539.0 ], [ 19470.0, 20517.0 ], [ 19493.0, 20517.0 ], [ 19493.0, 20494.0 ], [ 19516.0, 20471.0 ], [ 19538.0, 20471.0 ], [ 19561.0, 20448.0 ], [ 19584.0, 20426.0 ], [ 19607.0, 20403.0 ], [ 19629.0, 20380.0 ], [ 19652.0, 20357.0 ], [ 19675.0, 20335.0 ], [ 19698.0, 20335.0 ], [ 19720.0, 20312.0 ], [ 19743.0, 20289.0 ], [ 19766.0, 20266.0 ], [ 19766.0, 20244.0 ], [ 19789.0, 20221.0 ], [ 19811.0, 20221.0 ], [ 19834.0, 20198.0 ], [ 19834.0, 20175.0 ], [ 19857.0, 20153.0 ], [ 19880.0, 20130.0 ], [ 19902.0, 20107.0 ], [ 19925.0, 20107.0 ], [ 19948.0, 20084.0 ], [ 19948.0, 20062.0 ], [ 19971.0, 20039.0 ], [ 19993.0, 20016.0 ], [ 20016.0, 19993.0 ], [ 20039.0, 19971.0 ], [ 20062.0, 19948.0 ], [ 20084.0, 19925.0 ], [ 20107.0, 19902.0 ], [ 20130.0, 19880.0 ], [ 20153.0, 19857.0 ], [ 20175.0, 19834.0 ], [ 20175.0, 19811.0 ], [ 20198.0, 19789.0 ], [ 20221.0, 19766.0 ], [ 20244.0, 19743.0 ], [ 20266.0, 19720.0 ], [ 20289.0, 19698.0 ], [ 20312.0, 19675.0 ], [ 20312.0, 19652.0 ], [ 20335.0, 19629.0 ], [ 20357.0, 19607.0 ], [ 20380.0, 19584.0 ], [ 20403.0, 19561.0 ], [ 20403.0, 19538.0 ], [ 20426.0, 19516.0 ], [ 20448.0, 19493.0 ], [ 20471.0, 19470.0 ], [ 20471.0, 19447.0 ], [ 20494.0, 19425.0 ], [ 20494.0, 19402.0 ], [ 20517.0, 19379.0 ], [ 20539.0, 19356.0 ], [ 20539.0, 19334.0 ], [ 20562.0, 19311.0 ], [ 20585.0, 19288.0 ], [ 20585.0, 19265.0 ], [ 20607.0, 19243.0 ], [ 20607.0, 19220.0 ], [ 20630.0, 19197.0 ], [ 20653.0, 19174.0 ], [ 20653.0, 19152.0 ], [ 20676.0, 19129.0 ], [ 20676.0, 19106.0 ], [ 20698.0, 19084.0 ], [ 20698.0, 19061.0 ], [ 20721.0, 19038.0 ], [ 20721.0, 19015.0 ], [ 20721.0, 18993.0 ], [ 20744.0, 18970.0 ], [ 20744.0, 18947.0 ], [ 20744.0, 18924.0 ], [ 20767.0, 18902.0 ], [ 20767.0, 18879.0 ], [ 20767.0, 18856.0 ], [ 20789.0, 18833.0 ], [ 20789.0, 18811.0 ], [ 20812.0, 18788.0 ], [ 20812.0, 18765.0 ], [ 20812.0, 18742.0 ], [ 20812.0, 18720.0 ], [ 20812.0, 18697.0 ], [ 20812.0, 18674.0 ], [ 20812.0, 18651.0 ], [ 20812.0, 18629.0 ], [ 20812.0, 18606.0 ], [ 20812.0, 18583.0 ], [ 20812.0, 18560.0 ], [ 20812.0, 18538.0 ], [ 20812.0, 18515.0 ], [ 20812.0, 18492.0 ], [ 20812.0, 18469.0 ], [ 20812.0, 18447.0 ], [ 20812.0, 18424.0 ], [ 20812.0, 18401.0 ], [ 20812.0, 18378.0 ], [ 20812.0, 18356.0 ], [ 20812.0, 18333.0 ], [ 20812.0, 18310.0 ], [ 20812.0, 18287.0 ], [ 20812.0, 18265.0 ], [ 20812.0, 18242.0 ], [ 20812.0, 18219.0 ], [ 20812.0, 18196.0 ], [ 20812.0, 18174.0 ], [ 20812.0, 18151.0 ], [ 20812.0, 18128.0 ], [ 20812.0, 18105.0 ], [ 20812.0, 18083.0 ], [ 20812.0, 18060.0 ], [ 20812.0, 18037.0 ], [ 20812.0, 18014.0 ], [ 20812.0, 17992.0 ], [ 20812.0, 17969.0 ], [ 20812.0, 17946.0 ], [ 20812.0, 17923.0 ], [ 20812.0, 17901.0 ], [ 20812.0, 17878.0 ], [ 20812.0, 17855.0 ], [ 20812.0, 17832.0 ], [ 20812.0, 17810.0 ], [ 20812.0, 17787.0 ], [ 20812.0, 17764.0 ], [ 20812.0, 17741.0 ], [ 20812.0, 17719.0 ], [ 20812.0, 17696.0 ], [ 20812.0, 17673.0 ], [ 20812.0, 17651.0 ], [ 20812.0, 17628.0 ], [ 20812.0, 17605.0 ], [ 20812.0, 17582.0 ], [ 20812.0, 17560.0 ], [ 20812.0, 17537.0 ], [ 20812.0, 17514.0 ], [ 20812.0, 17491.0 ], [ 20812.0, 17469.0 ], [ 20812.0, 17446.0 ], [ 20812.0, 17423.0 ], [ 20812.0, 17400.0 ], [ 20812.0, 17378.0 ], [ 20812.0, 17355.0 ], [ 20812.0, 17332.0 ], [ 20812.0, 17309.0 ], [ 20812.0, 17287.0 ], [ 20812.0, 17264.0 ], [ 20812.0, 17241.0 ], [ 20835.0, 17218.0 ], [ 20835.0, 17196.0 ], [ 20812.0, 17173.0 ], [ 20835.0, 17150.0 ], [ 20835.0, 17127.0 ], [ 20858.0, 17105.0 ], [ 20858.0, 17082.0 ], [ 20858.0, 17059.0 ], [ 20858.0, 17036.0 ], [ 20858.0, 17014.0 ], [ 20858.0, 16991.0 ], [ 20858.0, 16968.0 ], [ 20858.0, 16945.0 ], [ 20858.0, 16923.0 ], [ 20858.0, 16900.0 ], [ 20880.0, 16877.0 ], [ 20880.0, 16854.0 ], [ 20880.0, 16832.0 ], [ 20880.0, 16809.0 ], [ 20880.0, 16786.0 ], [ 20880.0, 16763.0 ], [ 20880.0, 16741.0 ], [ 20880.0, 16718.0 ], [ 20903.0, 16695.0 ], [ 20880.0, 16672.0 ], [ 20858.0, 16650.0 ], [ 20880.0, 16627.0 ], [ 20903.0, 16627.0 ], [ 20903.0, 16604.0 ], [ 20926.0, 16581.0 ], [ 20926.0, 16559.0 ], [ 20926.0, 16536.0 ], [ 20926.0, 16513.0 ], [ 20926.0, 16490.0 ], [ 20926.0, 16468.0 ], [ 20926.0, 16445.0 ], [ 20926.0, 16422.0 ], [ 20926.0, 16399.0 ], [ 20926.0, 16377.0 ], [ 20949.0, 16354.0 ], [ 20949.0, 16331.0 ], [ 20949.0, 16308.0 ], [ 20949.0, 16286.0 ], [ 20949.0, 16263.0 ], [ 20949.0, 16240.0 ], [ 20949.0, 16217.0 ], [ 20949.0, 16195.0 ], [ 20949.0, 16172.0 ], [ 20971.0, 16149.0 ], [ 20971.0, 16127.0 ], [ 20971.0, 16104.0 ], [ 20971.0, 16081.0 ], [ 20971.0, 16058.0 ], [ 20971.0, 16036.0 ], [ 20994.0, 16013.0 ], [ 20971.0, 15990.0 ], [ 20994.0, 15967.0 ], [ 20994.0, 15945.0 ], [ 20994.0, 15922.0 ], [ 20994.0, 15899.0 ], [ 20994.0, 15876.0 ], [ 20994.0, 15854.0 ], [ 20994.0, 15831.0 ], [ 20994.0, 15808.0 ], [ 20994.0, 15785.0 ], [ 20994.0, 15763.0 ], [ 20994.0, 15740.0 ], [ 20994.0, 15717.0 ], [ 21017.0, 15694.0 ], [ 21017.0, 15672.0 ], [ 21017.0, 15649.0 ], [ 21017.0, 15626.0 ], [ 21017.0, 15603.0 ], [ 21017.0, 15581.0 ], [ 21017.0, 15558.0 ], [ 21017.0, 15535.0 ], [ 21017.0, 15512.0 ], [ 21017.0, 15490.0 ], [ 21017.0, 15467.0 ], [ 21017.0, 15444.0 ], [ 21017.0, 15421.0 ], [ 21017.0, 15399.0 ], [ 21040.0, 15376.0 ], [ 21017.0, 15353.0 ], [ 21017.0, 15330.0 ], [ 21040.0, 15308.0 ], [ 21040.0, 15285.0 ], [ 21040.0, 15262.0 ], [ 21040.0, 15239.0 ], [ 21040.0, 15217.0 ], [ 21040.0, 15194.0 ], [ 21040.0, 15171.0 ], [ 21040.0, 15148.0 ], [ 21040.0, 15126.0 ], [ 21040.0, 15103.0 ], [ 21040.0, 15080.0 ], [ 21040.0, 15057.0 ], [ 21040.0, 15035.0 ], [ 21040.0, 15012.0 ], [ 21040.0, 14989.0 ], [ 21040.0, 14966.0 ], [ 21062.0, 14944.0 ], [ 21062.0, 14921.0 ], [ 21062.0, 14898.0 ], [ 21062.0, 14875.0 ], [ 21062.0, 14853.0 ], [ 21062.0, 14830.0 ], [ 21062.0, 14807.0 ], [ 21062.0, 14784.0 ], [ 21062.0, 14762.0 ], [ 21062.0, 14739.0 ], [ 21062.0, 14716.0 ], [ 21062.0, 14694.0 ], [ 21062.0, 14671.0 ], [ 21062.0, 14648.0 ], [ 21062.0, 14625.0 ], [ 21062.0, 14603.0 ], [ 21062.0, 14580.0 ], [ 21062.0, 14557.0 ], [ 21062.0, 14534.0 ], [ 21062.0, 14512.0 ], [ 21062.0, 14489.0 ], [ 21085.0, 14466.0 ], [ 21062.0, 14443.0 ], [ 21062.0, 14421.0 ], [ 21062.0, 14398.0 ], [ 21085.0, 14375.0 ], [ 21085.0, 14352.0 ], [ 21085.0, 14330.0 ], [ 21085.0, 14307.0 ], [ 21085.0, 14284.0 ], [ 21085.0, 14261.0 ], [ 21085.0, 14239.0 ], [ 21085.0, 14216.0 ], [ 21085.0, 14193.0 ], [ 21085.0, 14170.0 ], [ 21085.0, 14148.0 ], [ 21085.0, 14125.0 ], [ 21085.0, 14102.0 ], [ 21085.0, 14079.0 ], [ 21085.0, 14057.0 ], [ 21108.0, 14034.0 ], [ 21108.0, 14011.0 ], [ 21108.0, 13988.0 ], [ 21108.0, 13966.0 ], [ 21108.0, 13943.0 ], [ 21108.0, 13920.0 ], [ 21131.0, 13897.0 ], [ 21131.0, 13875.0 ], [ 21131.0, 13852.0 ], [ 21131.0, 13829.0 ], [ 21131.0, 13806.0 ], [ 21131.0, 13784.0 ], [ 21131.0, 13761.0 ], [ 21131.0, 13738.0 ], [ 21131.0, 13715.0 ], [ 21131.0, 13693.0 ], [ 21131.0, 13670.0 ], [ 21131.0, 13647.0 ], [ 21131.0, 13624.0 ], [ 21153.0, 13602.0 ], [ 21153.0, 13579.0 ], [ 21153.0, 13556.0 ], [ 21153.0, 13533.0 ], [ 21153.0, 13511.0 ], [ 21153.0, 13488.0 ], [ 21153.0, 13465.0 ], [ 21153.0, 13442.0 ], [ 21153.0, 13420.0 ], [ 21153.0, 13397.0 ], [ 21153.0, 13374.0 ], [ 21153.0, 13351.0 ], [ 21153.0, 13329.0 ], [ 21176.0, 13306.0 ], [ 21176.0, 13283.0 ], [ 21176.0, 13260.0 ], [ 21176.0, 13238.0 ], [ 21176.0, 13215.0 ], [ 21176.0, 13192.0 ], [ 21176.0, 13170.0 ], [ 21176.0, 13147.0 ], [ 21176.0, 13124.0 ], [ 21176.0, 13101.0 ], [ 21176.0, 13079.0 ], [ 21176.0, 13056.0 ], [ 21176.0, 13033.0 ], [ 21176.0, 13010.0 ], [ 21176.0, 12988.0 ], [ 21176.0, 12965.0 ], [ 21176.0, 12942.0 ], [ 21176.0, 12919.0 ], [ 21176.0, 12897.0 ], [ 21176.0, 12874.0 ], [ 21176.0, 12851.0 ], [ 21176.0, 12828.0 ], [ 21176.0, 12806.0 ], [ 21176.0, 12783.0 ], [ 21199.0, 12760.0 ], [ 21199.0, 12737.0 ], [ 21199.0, 12715.0 ], [ 21199.0, 12692.0 ], [ 21199.0, 12669.0 ], [ 21199.0, 12646.0 ], [ 21199.0, 12624.0 ], [ 21199.0, 12601.0 ], [ 21199.0, 12578.0 ], [ 21199.0, 12555.0 ], [ 21199.0, 12533.0 ], [ 21199.0, 12510.0 ], [ 21199.0, 12487.0 ], [ 21222.0, 12464.0 ], [ 21222.0, 12442.0 ], [ 21222.0, 12419.0 ], [ 21222.0, 12396.0 ], [ 21222.0, 12373.0 ], [ 21222.0, 12351.0 ], [ 21222.0, 12328.0 ], [ 21222.0, 12305.0 ], [ 21244.0, 12282.0 ], [ 21222.0, 12260.0 ], [ 21244.0, 12237.0 ], [ 21244.0, 12214.0 ], [ 21244.0, 12191.0 ], [ 21244.0, 12169.0 ], [ 21244.0, 12146.0 ], [ 21244.0, 12123.0 ], [ 21244.0, 12100.0 ], [ 21244.0, 12078.0 ], [ 21244.0, 12055.0 ], [ 21267.0, 12032.0 ], [ 21267.0, 12009.0 ], [ 21267.0, 11987.0 ], [ 21267.0, 11964.0 ], [ 21267.0, 11941.0 ], [ 21267.0, 11918.0 ], [ 21267.0, 11896.0 ], [ 21267.0, 11873.0 ], [ 21267.0, 11850.0 ], [ 21267.0, 11827.0 ], [ 21267.0, 11805.0 ], [ 21290.0, 11782.0 ], [ 21313.0, 11782.0 ], [ 21290.0, 11759.0 ], [ 21290.0, 11737.0 ], [ 21290.0, 11714.0 ], [ 21290.0, 11691.0 ], [ 21290.0, 11668.0 ], [ 21290.0, 11646.0 ], [ 21290.0, 11623.0 ], [ 21290.0, 11600.0 ], [ 21290.0, 11577.0 ], [ 21290.0, 11555.0 ], [ 21290.0, 11532.0 ], [ 21290.0, 11509.0 ], [ 21313.0, 11486.0 ], [ 21313.0, 11464.0 ], [ 21313.0, 11441.0 ], [ 21313.0, 11418.0 ], [ 21313.0, 11395.0 ], [ 21313.0, 11373.0 ], [ 21313.0, 11350.0 ], [ 21335.0, 11327.0 ], [ 21313.0, 11304.0 ], [ 21335.0, 11282.0 ], [ 21335.0, 11259.0 ], [ 21335.0, 11236.0 ], [ 21335.0, 11213.0 ], [ 21335.0, 11191.0 ], [ 21335.0, 11168.0 ], [ 21335.0, 11145.0 ], [ 21335.0, 11122.0 ], [ 21335.0, 11100.0 ], [ 21335.0, 11077.0 ], [ 21335.0, 11054.0 ], [ 21335.0, 11031.0 ], [ 21335.0, 11009.0 ], [ 21335.0, 10986.0 ], [ 21335.0, 10963.0 ], [ 21358.0, 10940.0 ], [ 21358.0, 10918.0 ], [ 21358.0, 10895.0 ], [ 21358.0, 10872.0 ], [ 21381.0, 10849.0 ], [ 21381.0, 10827.0 ], [ 21381.0, 10804.0 ], [ 21381.0, 10781.0 ], [ 21381.0, 10758.0 ], [ 21381.0, 10736.0 ], [ 21381.0, 10713.0 ], [ 21381.0, 10690.0 ], [ 21381.0, 10667.0 ], [ 21404.0, 10645.0 ], [ 21404.0, 10622.0 ], [ 21404.0, 10599.0 ], [ 21404.0, 10576.0 ], [ 21404.0, 10554.0 ], [ 21404.0, 10531.0 ], [ 21404.0, 10508.0 ], [ 21404.0, 10485.0 ], [ 21404.0, 10463.0 ], [ 21404.0, 10440.0 ], [ 21426.0, 10417.0 ], [ 21426.0, 10394.0 ], [ 21426.0, 10372.0 ], [ 21426.0, 10349.0 ], [ 21426.0, 10326.0 ], [ 21426.0, 10303.0 ], [ 21426.0, 10281.0 ], [ 21426.0, 10258.0 ], [ 21426.0, 10235.0 ], [ 21426.0, 10213.0 ], [ 21426.0, 10190.0 ], [ 21426.0, 10167.0 ], [ 21426.0, 10144.0 ], [ 21426.0, 10122.0 ], [ 21426.0, 10099.0 ], [ 21426.0, 10076.0 ], [ 21449.0, 10053.0 ], [ 21449.0, 10031.0 ], [ 21449.0, 10008.0 ], [ 21449.0, 9985.0 ], [ 21449.0, 9962.0 ], [ 21449.0, 9940.0 ], [ 21449.0, 9917.0 ], [ 21449.0, 9894.0 ], [ 21449.0, 9871.0 ], [ 21449.0, 9849.0 ], [ 21472.0, 9826.0 ], [ 21472.0, 9803.0 ], [ 21472.0, 9780.0 ], [ 21472.0, 9758.0 ], [ 21472.0, 9735.0 ], [ 21472.0, 9712.0 ], [ 21472.0, 9689.0 ], [ 21472.0, 9667.0 ], [ 21472.0, 9644.0 ], [ 21472.0, 9621.0 ], [ 21472.0, 9598.0 ], [ 21472.0, 9576.0 ], [ 21472.0, 9553.0 ], [ 21495.0, 9530.0 ], [ 21495.0, 9507.0 ], [ 21495.0, 9485.0 ], [ 21495.0, 9462.0 ], [ 21495.0, 9439.0 ], [ 21495.0, 9416.0 ], [ 21495.0, 9394.0 ], [ 21495.0, 9371.0 ], [ 21495.0, 9348.0 ], [ 21517.0, 9325.0 ], [ 21517.0, 9303.0 ], [ 21517.0, 9280.0 ], [ 21517.0, 9257.0 ], [ 21517.0, 9234.0 ], [ 21540.0, 9212.0 ], [ 21540.0, 9189.0 ], [ 21540.0, 9166.0 ], [ 21517.0, 9143.0 ], [ 21540.0, 9121.0 ], [ 21540.0, 9098.0 ], [ 21540.0, 9075.0 ], [ 21563.0, 9052.0 ], [ 21563.0, 9030.0 ], [ 21563.0, 9007.0 ], [ 21563.0, 8984.0 ], [ 21563.0, 8961.0 ], [ 21563.0, 8939.0 ], [ 21586.0, 8916.0 ], [ 21586.0, 8893.0 ], [ 21586.0, 8870.0 ], [ 21586.0, 8848.0 ], [ 21586.0, 8825.0 ], [ 21586.0, 8802.0 ], [ 21586.0, 8780.0 ], [ 21608.0, 8757.0 ], [ 21608.0, 8734.0 ], [ 21608.0, 8711.0 ], [ 21608.0, 8689.0 ], [ 21608.0, 8666.0 ], [ 21608.0, 8643.0 ], [ 21631.0, 8620.0 ], [ 21631.0, 8598.0 ], [ 21631.0, 8575.0 ], [ 21631.0, 8552.0 ], [ 21631.0, 8529.0 ], [ 21631.0, 8507.0 ], [ 21631.0, 8484.0 ], [ 21654.0, 8461.0 ], [ 21654.0, 8438.0 ], [ 21654.0, 8416.0 ], [ 21654.0, 8393.0 ], [ 21654.0, 8370.0 ], [ 21677.0, 8347.0 ], [ 21654.0, 8325.0 ], [ 21677.0, 8302.0 ], [ 21677.0, 8279.0 ], [ 21677.0, 8256.0 ], [ 21677.0, 8234.0 ], [ 21677.0, 8211.0 ], [ 21677.0, 8188.0 ], [ 21699.0, 8165.0 ], [ 21699.0, 8143.0 ], [ 21699.0, 8120.0 ], [ 21699.0, 8097.0 ], [ 21699.0, 8074.0 ], [ 21699.0, 8052.0 ], [ 21699.0, 8029.0 ], [ 21699.0, 8006.0 ], [ 21699.0, 7983.0 ], [ 21722.0, 7961.0 ], [ 21722.0, 7938.0 ], [ 21699.0, 7915.0 ], [ 21722.0, 7892.0 ], [ 21722.0, 7870.0 ], [ 21722.0, 7847.0 ], [ 21722.0, 7824.0 ], [ 21722.0, 7801.0 ], [ 21745.0, 7779.0 ], [ 21745.0, 7756.0 ], [ 21745.0, 7733.0 ], [ 21768.0, 7710.0 ], [ 21768.0, 7688.0 ], [ 21768.0, 7665.0 ], [ 21768.0, 7642.0 ], [ 21768.0, 7619.0 ], [ 21768.0, 7597.0 ], [ 21768.0, 7574.0 ], [ 21768.0, 7551.0 ], [ 21768.0, 7528.0 ], [ 21768.0, 7506.0 ], [ 21768.0, 7483.0 ], [ 21768.0, 7460.0 ], [ 21790.0, 7437.0 ], [ 21790.0, 7415.0 ], [ 21790.0, 7392.0 ], [ 21790.0, 7369.0 ], [ 21790.0, 7347.0 ], [ 21813.0, 7324.0 ], [ 21813.0, 7301.0 ], [ 21813.0, 7278.0 ], [ 21813.0, 7256.0 ], [ 21813.0, 7233.0 ], [ 21813.0, 7210.0 ], [ 21813.0, 7187.0 ], [ 21836.0, 7165.0 ], [ 21813.0, 7142.0 ], [ 21813.0, 7119.0 ], [ 21836.0, 7096.0 ], [ 21836.0, 7074.0 ], [ 21836.0, 7051.0 ], [ 21836.0, 7028.0 ], [ 21836.0, 7005.0 ], [ 21836.0, 6983.0 ], [ 21836.0, 6960.0 ], [ 21836.0, 6937.0 ], [ 21836.0, 6914.0 ], [ 21836.0, 6892.0 ], [ 21836.0, 6869.0 ], [ 21836.0, 6846.0 ], [ 21836.0, 6823.0 ], [ 21836.0, 6801.0 ], [ 21836.0, 6778.0 ], [ 21836.0, 6755.0 ], [ 21836.0, 6732.0 ], [ 21836.0, 6710.0 ], [ 21836.0, 6687.0 ], [ 21836.0, 6664.0 ], [ 21836.0, 6641.0 ], [ 21836.0, 6619.0 ], [ 21836.0, 6596.0 ], [ 21836.0, 6573.0 ], [ 21836.0, 6550.0 ], [ 21836.0, 6528.0 ], [ 21836.0, 6505.0 ], [ 21836.0, 6482.0 ], [ 21836.0, 6459.0 ], [ 21836.0, 6437.0 ], [ 21836.0, 6414.0 ], [ 21836.0, 6391.0 ], [ 21836.0, 6368.0 ], [ 21836.0, 6346.0 ], [ 21836.0, 6323.0 ], [ 21836.0, 6300.0 ], [ 21836.0, 6277.0 ], [ 21836.0, 6255.0 ], [ 21859.0, 6232.0 ], [ 21881.0, 6232.0 ], [ 21904.0, 6232.0 ], [ 21927.0, 6232.0 ], [ 21927.0, 6209.0 ], [ 21927.0, 6186.0 ], [ 21927.0, 6164.0 ], [ 21950.0, 6141.0 ], [ 21950.0, 6118.0 ], [ 21950.0, 6095.0 ], [ 21950.0, 6073.0 ], [ 21950.0, 6050.0 ], [ 21950.0, 6027.0 ], [ 21950.0, 6004.0 ], [ 21972.0, 5982.0 ], [ 21972.0, 5959.0 ], [ 21972.0, 5936.0 ], [ 21972.0, 5913.0 ], [ 21972.0, 5891.0 ], [ 21972.0, 5868.0 ], [ 21972.0, 5845.0 ], [ 21972.0, 5823.0 ], [ 21995.0, 5800.0 ], [ 21995.0, 5777.0 ], [ 21995.0, 5754.0 ], [ 21995.0, 5732.0 ], [ 21995.0, 5709.0 ], [ 22018.0, 5686.0 ], [ 22018.0, 5663.0 ], [ 22018.0, 5641.0 ], [ 22018.0, 5618.0 ], [ 22018.0, 5595.0 ], [ 22018.0, 5572.0 ], [ 22018.0, 5550.0 ], [ 22041.0, 5527.0 ], [ 22041.0, 5504.0 ], [ 22041.0, 5481.0 ], [ 22041.0, 5459.0 ], [ 22063.0, 5436.0 ], [ 22063.0, 5413.0 ], [ 22063.0, 5390.0 ], [ 22063.0, 5368.0 ], [ 22063.0, 5345.0 ], [ 22063.0, 5322.0 ], [ 22063.0, 5299.0 ], [ 22063.0, 5277.0 ], [ 22063.0, 5254.0 ], [ 22086.0, 5231.0 ], [ 22086.0, 5208.0 ], [ 22086.0, 5186.0 ], [ 22086.0, 5163.0 ], [ 22086.0, 5140.0 ], [ 22109.0, 5117.0 ], [ 22109.0, 5095.0 ], [ 22109.0, 5072.0 ], [ 22109.0, 5049.0 ], [ 22109.0, 5026.0 ], [ 22109.0, 5004.0 ], [ 22109.0, 4981.0 ], [ 22131.0, 4958.0 ], [ 22131.0, 4935.0 ], [ 22131.0, 4913.0 ], [ 22131.0, 4890.0 ], [ 22131.0, 4867.0 ], [ 22131.0, 4844.0 ], [ 22131.0, 4822.0 ], [ 22154.0, 4799.0 ], [ 22154.0, 4776.0 ], [ 22154.0, 4753.0 ], [ 22154.0, 4731.0 ], [ 22154.0, 4708.0 ], [ 22154.0, 4685.0 ], [ 22154.0, 4662.0 ], [ 22154.0, 4640.0 ], [ 22154.0, 4617.0 ], [ 22177.0, 4594.0 ], [ 22177.0, 4571.0 ], [ 22177.0, 4549.0 ], [ 22177.0, 4526.0 ], [ 22177.0, 4503.0 ], [ 22177.0, 4480.0 ], [ 22200.0, 4458.0 ], [ 22200.0, 4435.0 ], [ 22200.0, 4412.0 ], [ 22200.0, 4390.0 ], [ 22222.0, 4367.0 ], [ 22222.0, 4344.0 ], [ 22222.0, 4321.0 ], [ 22222.0, 4299.0 ], [ 22245.0, 4276.0 ], [ 22245.0, 4253.0 ], [ 22245.0, 4230.0 ], [ 22245.0, 4208.0 ], [ 22245.0, 4185.0 ], [ 22245.0, 4162.0 ], [ 22268.0, 4139.0 ], [ 22268.0, 4117.0 ], [ 22268.0, 4094.0 ], [ 22268.0, 4071.0 ], [ 22268.0, 4048.0 ], [ 22291.0, 4026.0 ], [ 22291.0, 4003.0 ], [ 22291.0, 3980.0 ], [ 22291.0, 3957.0 ], [ 22313.0, 3935.0 ], [ 22291.0, 3912.0 ], [ 22291.0, 3889.0 ], [ 22313.0, 3866.0 ], [ 22313.0, 3844.0 ], [ 22313.0, 3821.0 ], [ 22313.0, 3798.0 ], [ 22313.0, 3775.0 ], [ 22336.0, 3753.0 ], [ 22313.0, 3730.0 ], [ 22336.0, 3707.0 ], [ 22336.0, 3684.0 ], [ 22359.0, 3662.0 ], [ 22359.0, 3639.0 ], [ 22359.0, 3616.0 ], [ 22359.0, 3593.0 ], [ 22382.0, 3571.0 ], [ 22359.0, 3548.0 ], [ 22359.0, 3525.0 ], [ 22382.0, 3502.0 ], [ 22382.0, 3480.0 ], [ 22404.0, 3457.0 ], [ 22404.0, 3434.0 ], [ 22404.0, 3411.0 ], [ 22404.0, 3389.0 ], [ 22404.0, 3366.0 ], [ 22404.0, 3343.0 ], [ 22427.0, 3320.0 ], [ 22427.0, 3298.0 ], [ 22427.0, 3275.0 ], [ 22427.0, 3252.0 ], [ 22427.0, 3229.0 ], [ 22427.0, 3207.0 ], [ 22450.0, 3184.0 ], [ 22450.0, 3161.0 ], [ 22450.0, 3138.0 ], [ 22450.0, 3116.0 ], [ 22473.0, 3093.0 ], [ 22473.0, 3070.0 ], [ 22473.0, 3047.0 ], [ 22495.0, 3025.0 ], [ 22495.0, 3002.0 ], [ 22495.0, 2979.0 ], [ 22495.0, 2956.0 ], [ 22495.0, 2934.0 ], [ 22495.0, 2911.0 ], [ 22518.0, 2888.0 ], [ 22518.0, 2866.0 ], [ 22518.0, 2843.0 ], [ 22518.0, 2820.0 ], [ 22518.0, 2797.0 ], [ 22518.0, 2775.0 ], [ 22518.0, 2752.0 ], [ 22541.0, 2729.0 ], [ 22541.0, 2706.0 ], [ 22541.0, 2684.0 ], [ 22541.0, 2661.0 ], [ 22564.0, 2638.0 ], [ 22564.0, 2615.0 ], [ 22541.0, 2593.0 ], [ 22541.0, 2570.0 ], [ 22541.0, 2547.0 ], [ 22564.0, 2524.0 ], [ 22564.0, 2502.0 ], [ 22564.0, 2479.0 ], [ 22586.0, 2456.0 ], [ 22586.0, 2433.0 ], [ 22586.0, 2411.0 ], [ 22609.0, 2388.0 ], [ 22609.0, 2365.0 ], [ 22609.0, 2342.0 ], [ 22632.0, 2320.0 ], [ 22632.0, 2297.0 ], [ 22632.0, 2274.0 ], [ 22632.0, 2251.0 ], [ 22632.0, 2229.0 ], [ 22655.0, 2206.0 ], [ 22655.0, 2183.0 ], [ 22655.0, 2160.0 ], [ 22655.0, 2138.0 ], [ 22655.0, 2115.0 ], [ 22677.0, 2092.0 ], [ 22677.0, 2069.0 ], [ 22677.0, 2047.0 ], [ 22677.0, 2024.0 ], [ 22700.0, 2001.0 ], [ 22700.0, 1978.0 ], [ 22700.0, 1956.0 ], [ 22700.0, 1933.0 ], [ 22700.0, 1910.0 ], [ 22700.0, 1887.0 ], [ 22723.0, 1865.0 ], [ 22723.0, 1842.0 ], [ 22723.0, 1819.0 ], [ 22746.0, 1796.0 ], [ 22723.0, 1774.0 ], [ 22723.0, 1751.0 ], [ 22746.0, 1728.0 ], [ 22746.0, 1705.0 ], [ 22746.0, 1683.0 ], [ 22746.0, 1660.0 ], [ 22746.0, 1637.0 ], [ 22746.0, 1614.0 ], [ 22746.0, 1592.0 ], [ 22746.0, 1569.0 ], [ 22746.0, 1546.0 ], [ 22768.0, 1523.0 ], [ 22768.0, 1501.0 ], [ 22768.0, 1478.0 ], [ 22768.0, 1455.0 ], [ 22768.0, 1433.0 ], [ 22768.0, 1410.0 ], [ 22791.0, 1387.0 ], [ 22791.0, 1364.0 ], [ 22791.0, 1342.0 ], [ 22791.0, 1319.0 ], [ 22791.0, 1296.0 ], [ 22791.0, 1273.0 ], [ 22814.0, 1251.0 ], [ 22814.0, 1228.0 ], [ 22814.0, 1205.0 ], [ 22814.0, 1182.0 ], [ 22814.0, 1160.0 ], [ 22814.0, 1137.0 ], [ 22791.0, 1137.0 ], [ 22768.0, 1114.0 ], [ 22746.0, 1091.0 ], [ 22723.0, 1091.0 ], [ 22700.0, 1069.0 ], [ 22677.0, 1069.0 ], [ 22655.0, 1046.0 ], [ 22632.0, 1046.0 ], [ 22609.0, 1046.0 ], [ 22586.0, 1046.0 ], [ 22564.0, 1046.0 ], [ 22541.0, 1046.0 ], [ 22518.0, 1046.0 ], [ 22495.0, 1046.0 ], [ 22473.0, 1046.0 ], [ 22450.0, 1046.0 ], [ 22427.0, 1046.0 ], [ 22404.0, 1046.0 ], [ 22382.0, 1046.0 ], [ 22359.0, 1046.0 ], [ 22336.0, 1046.0 ], [ 22313.0, 1046.0 ], [ 22291.0, 1046.0 ], [ 22268.0, 1046.0 ], [ 22245.0, 1046.0 ], [ 22222.0, 1046.0 ], [ 22200.0, 1046.0 ], [ 22177.0, 1046.0 ], [ 22154.0, 1046.0 ], [ 22131.0, 1046.0 ], [ 22109.0, 1046.0 ], [ 22086.0, 1046.0 ], [ 22063.0, 1046.0 ], [ 22041.0, 1046.0 ], [ 22018.0, 1046.0 ], [ 21995.0, 1046.0 ], [ 21972.0, 1046.0 ], [ 21950.0, 1046.0 ], [ 21927.0, 1046.0 ], [ 21904.0, 1046.0 ], [ 21881.0, 1046.0 ], [ 21859.0, 1046.0 ], [ 21836.0, 1023.0 ], [ 21836.0, 1000.0 ], [ 21836.0, 978.0 ], [ 21836.0, 955.0 ], [ 21836.0, 932.0 ], [ 21836.0, 909.0 ], [ 21836.0, 887.0 ], [ 21836.0, 864.0 ], [ 21836.0, 841.0 ], [ 21836.0, 818.0 ], [ 21813.0, 841.0 ], [ 21790.0, 818.0 ], [ 21768.0, 796.0 ], [ 21745.0, 818.0 ], [ 21722.0, 796.0 ], [ 21722.0, 773.0 ], [ 21699.0, 773.0 ], [ 21677.0, 773.0 ], [ 21654.0, 773.0 ], [ 21631.0, 773.0 ], [ 21608.0, 773.0 ], [ 21586.0, 750.0 ], [ 21563.0, 750.0 ], [ 21540.0, 750.0 ], [ 21517.0, 750.0 ], [ 21495.0, 750.0 ], [ 21472.0, 727.0 ], [ 21449.0, 727.0 ], [ 21426.0, 727.0 ], [ 21404.0, 727.0 ], [ 21381.0, 705.0 ], [ 21358.0, 705.0 ], [ 21335.0, 705.0 ], [ 21313.0, 705.0 ], [ 21290.0, 682.0 ], [ 21267.0, 682.0 ], [ 21244.0, 682.0 ], [ 21222.0, 682.0 ], [ 21199.0, 659.0 ], [ 21176.0, 659.0 ], [ 21153.0, 659.0 ], [ 21131.0, 659.0 ], [ 21108.0, 659.0 ], [ 21085.0, 659.0 ], [ 21062.0, 636.0 ], [ 21040.0, 636.0 ], [ 21017.0, 636.0 ], [ 20994.0, 636.0 ], [ 20971.0, 636.0 ], [ 20949.0, 636.0 ], [ 20926.0, 636.0 ], [ 20903.0, 636.0 ], [ 20880.0, 636.0 ], [ 20858.0, 636.0 ], [ 20835.0, 636.0 ], [ 20812.0, 614.0 ], [ 20789.0, 636.0 ], [ 20767.0, 636.0 ], [ 20744.0, 636.0 ], [ 20721.0, 636.0 ], [ 20698.0, 659.0 ], [ 20676.0, 659.0 ], [ 20653.0, 682.0 ], [ 20630.0, 659.0 ], [ 20607.0, 636.0 ], [ 20585.0, 636.0 ], [ 20562.0, 636.0 ], [ 20539.0, 636.0 ], [ 20517.0, 636.0 ], [ 20494.0, 636.0 ], [ 20471.0, 614.0 ], [ 20448.0, 614.0 ], [ 20426.0, 614.0 ], [ 20403.0, 591.0 ], [ 20380.0, 591.0 ], [ 20357.0, 591.0 ], [ 20335.0, 591.0 ], [ 20312.0, 591.0 ], [ 20289.0, 591.0 ], [ 20266.0, 591.0 ], [ 20244.0, 568.0 ], [ 20221.0, 568.0 ], [ 20198.0, 568.0 ], [ 20175.0, 568.0 ], [ 20153.0, 568.0 ], [ 20130.0, 568.0 ], [ 20107.0, 591.0 ], [ 20084.0, 591.0 ], [ 20062.0, 591.0 ], [ 20039.0, 614.0 ], [ 20016.0, 614.0 ], [ 19993.0, 614.0 ], [ 19971.0, 591.0 ], [ 19948.0, 614.0 ], [ 19925.0, 614.0 ], [ 19902.0, 614.0 ], [ 19880.0, 591.0 ], [ 19857.0, 591.0 ], [ 19834.0, 614.0 ], [ 19811.0, 614.0 ], [ 19789.0, 614.0 ], [ 19766.0, 614.0 ], [ 19743.0, 614.0 ], [ 19720.0, 614.0 ], [ 19698.0, 614.0 ], [ 19675.0, 614.0 ], [ 19652.0, 614.0 ], [ 19629.0, 591.0 ], [ 19629.0, 614.0 ], [ 19607.0, 636.0 ], [ 19584.0, 636.0 ], [ 19561.0, 659.0 ], [ 19538.0, 659.0 ], [ 19516.0, 659.0 ], [ 19493.0, 682.0 ], [ 19470.0, 659.0 ], [ 19447.0, 659.0 ], [ 19425.0, 659.0 ], [ 19402.0, 659.0 ], [ 19379.0, 636.0 ], [ 19356.0, 636.0 ], [ 19334.0, 614.0 ], [ 19311.0, 614.0 ], [ 19288.0, 614.0 ], [ 19265.0, 591.0 ], [ 19243.0, 591.0 ], [ 19220.0, 591.0 ], [ 19197.0, 568.0 ], [ 19174.0, 545.0 ], [ 19152.0, 545.0 ], [ 19129.0, 568.0 ], [ 19106.0, 545.0 ], [ 19084.0, 545.0 ], [ 19061.0, 545.0 ], [ 19038.0, 545.0 ], [ 19015.0, 523.0 ], [ 18993.0, 545.0 ], [ 18970.0, 545.0 ], [ 18947.0, 523.0 ], [ 18924.0, 523.0 ], [ 18902.0, 500.0 ], [ 18879.0, 500.0 ], [ 18856.0, 500.0 ], [ 18833.0, 500.0 ], [ 18811.0, 477.0 ], [ 18788.0, 477.0 ], [ 18765.0, 477.0 ], [ 18742.0, 477.0 ], [ 18720.0, 500.0 ], [ 18697.0, 477.0 ], [ 18674.0, 477.0 ], [ 18651.0, 477.0 ], [ 18629.0, 477.0 ], [ 18606.0, 477.0 ], [ 18583.0, 454.0 ], [ 18560.0, 454.0 ], [ 18538.0, 432.0 ], [ 18515.0, 432.0 ], [ 18492.0, 409.0 ], [ 18469.0, 409.0 ], [ 18447.0, 409.0 ], [ 18424.0, 409.0 ], [ 18401.0, 409.0 ], [ 18378.0, 386.0 ], [ 18356.0, 386.0 ], [ 18333.0, 386.0 ], [ 18310.0, 363.0 ], [ 18287.0, 363.0 ], [ 18265.0, 341.0 ], [ 18242.0, 341.0 ], [ 18219.0, 341.0 ], [ 18196.0, 318.0 ], [ 18174.0, 318.0 ], [ 18151.0, 318.0 ], [ 18128.0, 318.0 ], [ 18105.0, 318.0 ], [ 18083.0, 295.0 ], [ 18060.0, 295.0 ], [ 18037.0, 272.0 ], [ 18014.0, 272.0 ], [ 17992.0, 295.0 ], [ 17969.0, 272.0 ], [ 17946.0, 272.0 ], [ 17923.0, 272.0 ], [ 17901.0, 272.0 ], [ 17878.0, 272.0 ], [ 17855.0, 295.0 ], [ 17832.0, 295.0 ], [ 17810.0, 295.0 ], [ 17787.0, 272.0 ], [ 17764.0, 272.0 ], [ 17741.0, 272.0 ], [ 17719.0, 250.0 ], [ 17696.0, 227.0 ], [ 17673.0, 204.0 ], [ 17651.0, 204.0 ], [ 17628.0, 204.0 ], [ 17605.0, 204.0 ], [ 17582.0, 181.0 ], [ 17560.0, 159.0 ], [ 17537.0, 136.0 ], [ 17514.0, 113.0 ], [ 17491.0, 90.0 ], [ 17469.0, 90.0 ], [ 17446.0, 68.0 ], [ 17423.0, 68.0 ], [ 17400.0, 68.0 ], [ 17378.0, 45.0 ], [ 17355.0, 22.0 ], [ 17332.0, 0.0 ], [ 17309.0, 0.0 ], [ 17287.0, 0.0 ], [ 17264.0, 0.0 ], [ 17241.0, 0.0 ], [ 17218.0, 0.0 ], [ 17196.0, 0.0 ], [ 17173.0, 0.0 ], [ 17150.0, 0.0 ], [ 17127.0, 0.0 ], [ 17105.0, 0.0 ], [ 17082.0, 0.0 ], [ 17059.0, 0.0 ], [ 17036.0, 0.0 ], [ 17014.0, 0.0 ], [ 16991.0, 0.0 ], [ 16968.0, 0.0 ], [ 16945.0, 0.0 ], [ 16923.0, 0.0 ], [ 16900.0, 0.0 ], [ 16877.0, 0.0 ], [ 16854.0, 0.0 ], [ 16832.0, 0.0 ], [ 16809.0, 0.0 ], [ 16786.0, 0.0 ], [ 16763.0, 0.0 ], [ 16741.0, 0.0 ], [ 16718.0, 0.0 ], [ 16695.0, 0.0 ], [ 16672.0, 0.0 ], [ 16650.0, 0.0 ], [ 16627.0, 0.0 ], [ 16604.0, 0.0 ], [ 16581.0, 0.0 ], [ 16559.0, 0.0 ], [ 16536.0, 0.0 ], [ 16513.0, 0.0 ], [ 16490.0, 0.0 ], [ 16468.0, 0.0 ], [ 16445.0, 0.0 ], [ 16422.0, 0.0 ], [ 16399.0, 0.0 ], [ 16377.0, 0.0 ], [ 16354.0, 0.0 ], [ 16331.0, 0.0 ], [ 16308.0, 0.0 ], [ 16286.0, 0.0 ], [ 16263.0, 0.0 ], [ 16240.0, 0.0 ], [ 16217.0, 0.0 ], [ 16195.0, 0.0 ], [ 16172.0, 0.0 ], [ 16149.0, 0.0 ], [ 16127.0, 0.0 ], [ 16104.0, 0.0 ], [ 16081.0, 0.0 ], [ 16058.0, 0.0 ], [ 16036.0, 0.0 ], [ 16013.0, 0.0 ], [ 15990.0, 0.0 ], [ 15967.0, 0.0 ], [ 15945.0, 0.0 ], [ 15922.0, 0.0 ], [ 15899.0, 0.0 ], [ 15876.0, 0.0 ], [ 15854.0, 0.0 ], [ 15831.0, 0.0 ], [ 15808.0, 0.0 ], [ 15785.0, 0.0 ], [ 15763.0, 0.0 ], [ 15740.0, 0.0 ], [ 15717.0, 0.0 ], [ 15694.0, 0.0 ], [ 15672.0, 0.0 ], [ 15649.0, 0.0 ], [ 15626.0, 0.0 ], [ 15603.0, 0.0 ], [ 15581.0, 0.0 ], [ 15558.0, 0.0 ], [ 15535.0, 0.0 ], [ 15512.0, 0.0 ], [ 15490.0, 0.0 ], [ 15467.0, 0.0 ], [ 15444.0, 0.0 ], [ 15421.0, 0.0 ], [ 15399.0, 0.0 ], [ 15376.0, 0.0 ], [ 15353.0, 0.0 ], [ 15330.0, 0.0 ], [ 15308.0, 0.0 ], [ 15285.0, 0.0 ], [ 15262.0, 0.0 ], [ 15239.0, 0.0 ], [ 15217.0, 0.0 ], [ 15194.0, 0.0 ], [ 15171.0, 0.0 ], [ 15148.0, 0.0 ], [ 15126.0, 0.0 ], [ 15103.0, 0.0 ], [ 15080.0, 0.0 ], [ 15057.0, 0.0 ], [ 15035.0, 0.0 ], [ 15012.0, 0.0 ], [ 14989.0, 0.0 ], [ 14966.0, 0.0 ], [ 14944.0, 0.0 ], [ 14921.0, 0.0 ], [ 14898.0, 0.0 ], [ 14875.0, 0.0 ], [ 14853.0, 0.0 ], [ 14830.0, 0.0 ], [ 14807.0, 0.0 ], [ 14784.0, 0.0 ], [ 14762.0, 0.0 ], [ 14739.0, 0.0 ], [ 14716.0, 0.0 ], [ 14694.0, 0.0 ], [ 14671.0, 0.0 ], [ 14648.0, 0.0 ], [ 14625.0, 0.0 ], [ 14603.0, 0.0 ], [ 14580.0, 0.0 ], [ 14557.0, 0.0 ], [ 14534.0, 0.0 ], [ 14512.0, 0.0 ], [ 14489.0, 0.0 ], [ 14466.0, 0.0 ], [ 14443.0, 0.0 ], [ 14421.0, 0.0 ], [ 14398.0, 0.0 ], [ 14375.0, 0.0 ], [ 14352.0, 0.0 ], [ 14330.0, 0.0 ], [ 14307.0, 0.0 ], [ 14284.0, 0.0 ], [ 14261.0, 0.0 ], [ 14239.0, 0.0 ], [ 14216.0, 0.0 ], [ 14193.0, 22.0 ], [ 14193.0, 45.0 ], [ 14170.0, 68.0 ], [ 14148.0, 90.0 ], [ 14125.0, 113.0 ], [ 14102.0, 136.0 ], [ 14079.0, 159.0 ], [ 14057.0, 181.0 ], [ 14034.0, 204.0 ], [ 14011.0, 227.0 ], [ 13988.0, 250.0 ], [ 13966.0, 272.0 ], [ 13943.0, 295.0 ], [ 13920.0, 318.0 ], [ 13897.0, 341.0 ], [ 13875.0, 363.0 ], [ 13875.0, 386.0 ], [ 13852.0, 409.0 ], [ 13829.0, 432.0 ], [ 13806.0, 454.0 ], [ 13784.0, 477.0 ], [ 13761.0, 500.0 ], [ 13738.0, 523.0 ], [ 13738.0, 545.0 ], [ 13715.0, 568.0 ], [ 13693.0, 591.0 ], [ 13670.0, 614.0 ], [ 13647.0, 636.0 ], [ 13624.0, 659.0 ], [ 13624.0, 682.0 ], [ 13602.0, 705.0 ], [ 13579.0, 727.0 ], [ 13556.0, 750.0 ], [ 13556.0, 773.0 ], [ 13533.0, 796.0 ], [ 13533.0, 818.0 ], [ 13533.0, 841.0 ], [ 13533.0, 864.0 ], [ 13533.0, 887.0 ], [ 13533.0, 909.0 ], [ 13533.0, 932.0 ], [ 13533.0, 955.0 ], [ 13533.0, 978.0 ], [ 13533.0, 1000.0 ], [ 13533.0, 1023.0 ], [ 13511.0, 1046.0 ], [ 13488.0, 1046.0 ], [ 13465.0, 1046.0 ], [ 13442.0, 1046.0 ], [ 13420.0, 1046.0 ], [ 13397.0, 1046.0 ], [ 13374.0, 1046.0 ], [ 13351.0, 1046.0 ], [ 13329.0, 1046.0 ], [ 13329.0, 1069.0 ], [ 13306.0, 1091.0 ], [ 13283.0, 1114.0 ], [ 13283.0, 1137.0 ], [ 13260.0, 1160.0 ], [ 13260.0, 1182.0 ], [ 13238.0, 1205.0 ], [ 13238.0, 1228.0 ], [ 13215.0, 1251.0 ], [ 13192.0, 1273.0 ], [ 13192.0, 1296.0 ], [ 13170.0, 1319.0 ], [ 13147.0, 1342.0 ], [ 13147.0, 1364.0 ], [ 13124.0, 1387.0 ], [ 13101.0, 1410.0 ], [ 13079.0, 1433.0 ], [ 13079.0, 1455.0 ], [ 13056.0, 1478.0 ], [ 13033.0, 1501.0 ], [ 13033.0, 1523.0 ], [ 13010.0, 1546.0 ], [ 13010.0, 1569.0 ], [ 12988.0, 1592.0 ], [ 12965.0, 1614.0 ], [ 12942.0, 1637.0 ], [ 12942.0, 1660.0 ], [ 12919.0, 1683.0 ], [ 12897.0, 1705.0 ], [ 12897.0, 1728.0 ], [ 12874.0, 1751.0 ], [ 12851.0, 1774.0 ], [ 12828.0, 1796.0 ], [ 12828.0, 1819.0 ], [ 12806.0, 1842.0 ], [ 12806.0, 1865.0 ], [ 12783.0, 1887.0 ], [ 12760.0, 1910.0 ], [ 12760.0, 1933.0 ], [ 12737.0, 1956.0 ], [ 12715.0, 1978.0 ], [ 12692.0, 2001.0 ], [ 12692.0, 2024.0 ], [ 12669.0, 2047.0 ], [ 12669.0, 2069.0 ], [ 12646.0, 2092.0 ], [ 12624.0, 2115.0 ], [ 12624.0, 2138.0 ], [ 12601.0, 2160.0 ], [ 12601.0, 2183.0 ], [ 12578.0, 2206.0 ], [ 12555.0, 2229.0 ], [ 12533.0, 2251.0 ], [ 12533.0, 2274.0 ], [ 12510.0, 2297.0 ], [ 12487.0, 2320.0 ], [ 12487.0, 2342.0 ], [ 12487.0, 2365.0 ], [ 12487.0, 2388.0 ], [ 12464.0, 2411.0 ], [ 12442.0, 2433.0 ], [ 12419.0, 2456.0 ], [ 12396.0, 2479.0 ], [ 12373.0, 2502.0 ], [ 12373.0, 2524.0 ], [ 12351.0, 2547.0 ], [ 12328.0, 2570.0 ], [ 12328.0, 2593.0 ], [ 12305.0, 2615.0 ], [ 12282.0, 2638.0 ], [ 12260.0, 2661.0 ], [ 12260.0, 2684.0 ], [ 12237.0, 2706.0 ], [ 12237.0, 2729.0 ], [ 12214.0, 2752.0 ], [ 12191.0, 2775.0 ], [ 12191.0, 2797.0 ], [ 12169.0, 2820.0 ], [ 12169.0, 2843.0 ], [ 12146.0, 2866.0 ], [ 12123.0, 2888.0 ], [ 12123.0, 2911.0 ], [ 12100.0, 2934.0 ], [ 12078.0, 2956.0 ], [ 12078.0, 2979.0 ], [ 12078.0, 3002.0 ], [ 12055.0, 3025.0 ], [ 12032.0, 3047.0 ], [ 12032.0, 3070.0 ], [ 12009.0, 3093.0 ], [ 11987.0, 3116.0 ], [ 11964.0, 3138.0 ], [ 11964.0, 3161.0 ], [ 11941.0, 3184.0 ], [ 11918.0, 3207.0 ], [ 11918.0, 3229.0 ], [ 11896.0, 3252.0 ], [ 11873.0, 3275.0 ], [ 11873.0, 3298.0 ], [ 11850.0, 3320.0 ], [ 11827.0, 3343.0 ], [ 11805.0, 3366.0 ], [ 11805.0, 3389.0 ], [ 11805.0, 3411.0 ], [ 11782.0, 3434.0 ], [ 11759.0, 3457.0 ], [ 11759.0, 3480.0 ], [ 11759.0, 3502.0 ], [ 11737.0, 3525.0 ], [ 11714.0, 3548.0 ], [ 11714.0, 3571.0 ], [ 11691.0, 3593.0 ], [ 11668.0, 3616.0 ], [ 11668.0, 3639.0 ], [ 11646.0, 3662.0 ], [ 11623.0, 3684.0 ], [ 11623.0, 3707.0 ], [ 11600.0, 3730.0 ], [ 11577.0, 3753.0 ], [ 11577.0, 3775.0 ], [ 11555.0, 3798.0 ], [ 11532.0, 3821.0 ], [ 11532.0, 3844.0 ], [ 11509.0, 3866.0 ], [ 11486.0, 3889.0 ], [ 11486.0, 3912.0 ], [ 11464.0, 3935.0 ], [ 11464.0, 3957.0 ], [ 11441.0, 3980.0 ], [ 11441.0, 4003.0 ], [ 11441.0, 4026.0 ], [ 11441.0, 4048.0 ], [ 11441.0, 4071.0 ], [ 11441.0, 4094.0 ], [ 11441.0, 4117.0 ], [ 11441.0, 4139.0 ], [ 11418.0, 4162.0 ], [ 11395.0, 4162.0 ], [ 11373.0, 4162.0 ], [ 11350.0, 4162.0 ], [ 11327.0, 4185.0 ], [ 11327.0, 4208.0 ], [ 11304.0, 4230.0 ], [ 11304.0, 4253.0 ], [ 11282.0, 4276.0 ], [ 11259.0, 4299.0 ], [ 11259.0, 4321.0 ], [ 11236.0, 4344.0 ], [ 11236.0, 4367.0 ], [ 11213.0, 4390.0 ], [ 11213.0, 4412.0 ], [ 11191.0, 4435.0 ], [ 11168.0, 4458.0 ], [ 11168.0, 4480.0 ], [ 11145.0, 4503.0 ], [ 11145.0, 4526.0 ], [ 11122.0, 4549.0 ], [ 11122.0, 4571.0 ], [ 11100.0, 4594.0 ], [ 11100.0, 4617.0 ], [ 11077.0, 4640.0 ], [ 11077.0, 4662.0 ], [ 11054.0, 4685.0 ], [ 11031.0, 4708.0 ], [ 11031.0, 4731.0 ], [ 11009.0, 4753.0 ], [ 11009.0, 4776.0 ], [ 10986.0, 4799.0 ], [ 10986.0, 4822.0 ], [ 10963.0, 4844.0 ], [ 10963.0, 4867.0 ], [ 10940.0, 4890.0 ], [ 10940.0, 4913.0 ], [ 10918.0, 4935.0 ], [ 10918.0, 4958.0 ], [ 10895.0, 4981.0 ], [ 10895.0, 5004.0 ], [ 10872.0, 5026.0 ], [ 10872.0, 5049.0 ], [ 10849.0, 5072.0 ], [ 10849.0, 5095.0 ], [ 10827.0, 5117.0 ], [ 10827.0, 5140.0 ], [ 10804.0, 5163.0 ], [ 10804.0, 5186.0 ], [ 10781.0, 5208.0 ], [ 10781.0, 5231.0 ], [ 10758.0, 5254.0 ], [ 10758.0, 5277.0 ], [ 10758.0, 5299.0 ], [ 10736.0, 5322.0 ], [ 10713.0, 5345.0 ], [ 10713.0, 5368.0 ], [ 10713.0, 5390.0 ], [ 10690.0, 5413.0 ], [ 10690.0, 5436.0 ], [ 10667.0, 5459.0 ], [ 10667.0, 5481.0 ], [ 10645.0, 5504.0 ], [ 10645.0, 5527.0 ], [ 10622.0, 5550.0 ], [ 10622.0, 5572.0 ], [ 10599.0, 5595.0 ], [ 10599.0, 5618.0 ], [ 10576.0, 5641.0 ], [ 10576.0, 5663.0 ], [ 10554.0, 5686.0 ], [ 10531.0, 5709.0 ], [ 10531.0, 5732.0 ], [ 10508.0, 5754.0 ], [ 10508.0, 5777.0 ], [ 10508.0, 5800.0 ], [ 10485.0, 5823.0 ], [ 10463.0, 5845.0 ], [ 10463.0, 5868.0 ], [ 10440.0, 5891.0 ], [ 10440.0, 5913.0 ], [ 10417.0, 5936.0 ], [ 10417.0, 5959.0 ], [ 10417.0, 5982.0 ], [ 10417.0, 6004.0 ], [ 10417.0, 6027.0 ], [ 10417.0, 6050.0 ], [ 10417.0, 6073.0 ], [ 10417.0, 6095.0 ], [ 10417.0, 6118.0 ], [ 10417.0, 6141.0 ], [ 10417.0, 6164.0 ], [ 10417.0, 6186.0 ], [ 10417.0, 6209.0 ], [ 10417.0, 6232.0 ], [ 10394.0, 6255.0 ], [ 10372.0, 6255.0 ], [ 10349.0, 6255.0 ], [ 10326.0, 6255.0 ], [ 10303.0, 6255.0 ], [ 10281.0, 6255.0 ], [ 10258.0, 6255.0 ], [ 10235.0, 6277.0 ], [ 10213.0, 6300.0 ], [ 10213.0, 6323.0 ], [ 10190.0, 6346.0 ], [ 10190.0, 6368.0 ], [ 10167.0, 6391.0 ], [ 10167.0, 6414.0 ], [ 10144.0, 6437.0 ], [ 10144.0, 6459.0 ], [ 10122.0, 6482.0 ], [ 10122.0, 6505.0 ], [ 10099.0, 6528.0 ], [ 10099.0, 6550.0 ], [ 10076.0, 6573.0 ], [ 10076.0, 6596.0 ], [ 10053.0, 6619.0 ], [ 10053.0, 6641.0 ], [ 10053.0, 6664.0 ], [ 10031.0, 6687.0 ], [ 10031.0, 6710.0 ], [ 10008.0, 6732.0 ], [ 10008.0, 6755.0 ], [ 9985.0, 6778.0 ], [ 9985.0, 6801.0 ], [ 9962.0, 6823.0 ], [ 9962.0, 6846.0 ], [ 9940.0, 6869.0 ], [ 9940.0, 6892.0 ], [ 9917.0, 6914.0 ], [ 9917.0, 6937.0 ], [ 9894.0, 6960.0 ], [ 9894.0, 6983.0 ], [ 9871.0, 7005.0 ], [ 9871.0, 7028.0 ], [ 9871.0, 7051.0 ], [ 9849.0, 7074.0 ], [ 9849.0, 7096.0 ], [ 9826.0, 7119.0 ], [ 9826.0, 7142.0 ], [ 9826.0, 7165.0 ], [ 9803.0, 7187.0 ], [ 9803.0, 7210.0 ], [ 9780.0, 7233.0 ], [ 9780.0, 7256.0 ], [ 9758.0, 7278.0 ], [ 9758.0, 7301.0 ], [ 9758.0, 7324.0 ], [ 9735.0, 7347.0 ], [ 9735.0, 7369.0 ], [ 9735.0, 7392.0 ], [ 9712.0, 7415.0 ], [ 9712.0, 7437.0 ], [ 9689.0, 7460.0 ], [ 9689.0, 7483.0 ], [ 9667.0, 7506.0 ], [ 9667.0, 7528.0 ], [ 9644.0, 7551.0 ], [ 9644.0, 7574.0 ], [ 9644.0, 7597.0 ], [ 9621.0, 7619.0 ], [ 9621.0, 7642.0 ], [ 9598.0, 7665.0 ], [ 9598.0, 7688.0 ], [ 9598.0, 7710.0 ], [ 9576.0, 7733.0 ], [ 9553.0, 7756.0 ], [ 9553.0, 7779.0 ], [ 9530.0, 7801.0 ], [ 9530.0, 7824.0 ], [ 9507.0, 7847.0 ], [ 9507.0, 7870.0 ], [ 9485.0, 7892.0 ], [ 9485.0, 7915.0 ], [ 9462.0, 7938.0 ], [ 9462.0, 7961.0 ], [ 9462.0, 7983.0 ], [ 9439.0, 8006.0 ], [ 9439.0, 8029.0 ], [ 9416.0, 8052.0 ], [ 9416.0, 8074.0 ], [ 9394.0, 8097.0 ], [ 9394.0, 8120.0 ], [ 9371.0, 8143.0 ], [ 9371.0, 8165.0 ], [ 9371.0, 8188.0 ], [ 9371.0, 8211.0 ], [ 9371.0, 8234.0 ], [ 9371.0, 8256.0 ], [ 9371.0, 8279.0 ], [ 9371.0, 8302.0 ], [ 9348.0, 8325.0 ], [ 9325.0, 8325.0 ], [ 9303.0, 8325.0 ], [ 9303.0, 8347.0 ], [ 9280.0, 8370.0 ], [ 9257.0, 8393.0 ], [ 9257.0, 8416.0 ], [ 9257.0, 8438.0 ], [ 9234.0, 8461.0 ], [ 9234.0, 8484.0 ], [ 9212.0, 8507.0 ], [ 9212.0, 8529.0 ], [ 9189.0, 8552.0 ], [ 9189.0, 8575.0 ], [ 9189.0, 8598.0 ], [ 9166.0, 8620.0 ], [ 9143.0, 8643.0 ], [ 9143.0, 8666.0 ], [ 9121.0, 8689.0 ], [ 9121.0, 8711.0 ], [ 9121.0, 8734.0 ], [ 9098.0, 8757.0 ], [ 9098.0, 8780.0 ], [ 9075.0, 8802.0 ], [ 9075.0, 8825.0 ], [ 9052.0, 8848.0 ], [ 9052.0, 8870.0 ], [ 9030.0, 8893.0 ], [ 9030.0, 8916.0 ], [ 9007.0, 8939.0 ], [ 9007.0, 8961.0 ], [ 9007.0, 8984.0 ], [ 8984.0, 9007.0 ], [ 8984.0, 9030.0 ], [ 8961.0, 9052.0 ], [ 8961.0, 9075.0 ], [ 8939.0, 9098.0 ], [ 8939.0, 9121.0 ], [ 8916.0, 9143.0 ], [ 8916.0, 9166.0 ], [ 8916.0, 9189.0 ], [ 8893.0, 9212.0 ], [ 8893.0, 9234.0 ], [ 8870.0, 9257.0 ], [ 8870.0, 9280.0 ], [ 8870.0, 9303.0 ], [ 8848.0, 9325.0 ], [ 8848.0, 9348.0 ], [ 8825.0, 9371.0 ], [ 8825.0, 9394.0 ], [ 8802.0, 9416.0 ], [ 8802.0, 9439.0 ], [ 8780.0, 9462.0 ], [ 8780.0, 9485.0 ], [ 8757.0, 9507.0 ], [ 8757.0, 9530.0 ], [ 8734.0, 9553.0 ], [ 8734.0, 9576.0 ], [ 8734.0, 9598.0 ], [ 8711.0, 9621.0 ], [ 8711.0, 9644.0 ], [ 8689.0, 9667.0 ], [ 8689.0, 9689.0 ], [ 8689.0, 9712.0 ], [ 8666.0, 9735.0 ], [ 8666.0, 9758.0 ], [ 8643.0, 9780.0 ], [ 8643.0, 9803.0 ], [ 8643.0, 9826.0 ], [ 8620.0, 9849.0 ], [ 8620.0, 9871.0 ], [ 8598.0, 9894.0 ], [ 8598.0, 9917.0 ], [ 8575.0, 9940.0 ], [ 8575.0, 9962.0 ], [ 8575.0, 9985.0 ], [ 8552.0, 10008.0 ], [ 8552.0, 10031.0 ], [ 8529.0, 10053.0 ], [ 8529.0, 10076.0 ], [ 8507.0, 10099.0 ], [ 8507.0, 10122.0 ], [ 8484.0, 10144.0 ], [ 8484.0, 10167.0 ], [ 8484.0, 10190.0 ], [ 8461.0, 10213.0 ], [ 8461.0, 10235.0 ], [ 8438.0, 10258.0 ], [ 8438.0, 10281.0 ], [ 8438.0, 10303.0 ], [ 8416.0, 10326.0 ], [ 8416.0, 10349.0 ], [ 8393.0, 10372.0 ], [ 8393.0, 10394.0 ], [ 8393.0, 10417.0 ], [ 8370.0, 10440.0 ], [ 8370.0, 10463.0 ], [ 8347.0, 10485.0 ], [ 8347.0, 10508.0 ], [ 8325.0, 10531.0 ], [ 8325.0, 10554.0 ], [ 8325.0, 10576.0 ], [ 8325.0, 10599.0 ], [ 8325.0, 10622.0 ], [ 8325.0, 10645.0 ], [ 8302.0, 10667.0 ], [ 8279.0, 10690.0 ], [ 8279.0, 10713.0 ], [ 8256.0, 10736.0 ], [ 8234.0, 10758.0 ], [ 8234.0, 10781.0 ], [ 8234.0, 10804.0 ], [ 8211.0, 10827.0 ], [ 8211.0, 10849.0 ], [ 8211.0, 10872.0 ], [ 8188.0, 10895.0 ], [ 8188.0, 10918.0 ], [ 8165.0, 10940.0 ], [ 8165.0, 10963.0 ], [ 8165.0, 10986.0 ], [ 8143.0, 11009.0 ], [ 8143.0, 11031.0 ], [ 8143.0, 11054.0 ], [ 8120.0, 11077.0 ], [ 8120.0, 11100.0 ], [ 8097.0, 11122.0 ], [ 8097.0, 11145.0 ], [ 8074.0, 11168.0 ], [ 8074.0, 11191.0 ], [ 8074.0, 11213.0 ], [ 8074.0, 11236.0 ], [ 8052.0, 11259.0 ], [ 8052.0, 11282.0 ], [ 8029.0, 11304.0 ], [ 8029.0, 11327.0 ], [ 8029.0, 11350.0 ], [ 8006.0, 11373.0 ], [ 8006.0, 11395.0 ], [ 8006.0, 11418.0 ], [ 7983.0, 11441.0 ], [ 7983.0, 11464.0 ], [ 7983.0, 11486.0 ], [ 7961.0, 11509.0 ], [ 7961.0, 11532.0 ], [ 7961.0, 11555.0 ], [ 7938.0, 11577.0 ], [ 7938.0, 11600.0 ], [ 7938.0, 11623.0 ], [ 7938.0, 11646.0 ], [ 7915.0, 11668.0 ], [ 7915.0, 11691.0 ], [ 7915.0, 11714.0 ], [ 7892.0, 11737.0 ], [ 7892.0, 11759.0 ], [ 7892.0, 11782.0 ], [ 7892.0, 11805.0 ], [ 7870.0, 11827.0 ], [ 7870.0, 11850.0 ], [ 7847.0, 11873.0 ], [ 7847.0, 11896.0 ], [ 7847.0, 11918.0 ], [ 7847.0, 11941.0 ], [ 7824.0, 11964.0 ], [ 7824.0, 11987.0 ], [ 7824.0, 12009.0 ], [ 7824.0, 12032.0 ], [ 7801.0, 12055.0 ], [ 7801.0, 12078.0 ], [ 7801.0, 12100.0 ], [ 7779.0, 12123.0 ], [ 7779.0, 12146.0 ], [ 7779.0, 12169.0 ], [ 7779.0, 12191.0 ], [ 7779.0, 12214.0 ], [ 7756.0, 12237.0 ], [ 7756.0, 12260.0 ], [ 7756.0, 12282.0 ], [ 7756.0, 12305.0 ], [ 7733.0, 12328.0 ], [ 7733.0, 12351.0 ], [ 7733.0, 12373.0 ], [ 7733.0, 12396.0 ], [ 7710.0, 12419.0 ], [ 7710.0, 12442.0 ], [ 7710.0, 12464.0 ], [ 7710.0, 12487.0 ], [ 7688.0, 12510.0 ], [ 7688.0, 12533.0 ], [ 7688.0, 12555.0 ], [ 7688.0, 12578.0 ], [ 7665.0, 12601.0 ], [ 7665.0, 12624.0 ], [ 7665.0, 12646.0 ], [ 7665.0, 12669.0 ], [ 7665.0, 12692.0 ], [ 7642.0, 12715.0 ], [ 7642.0, 12737.0 ], [ 7642.0, 12760.0 ], [ 7642.0, 12783.0 ], [ 7619.0, 12806.0 ], [ 7619.0, 12828.0 ], [ 7619.0, 12851.0 ], [ 7619.0, 12874.0 ], [ 7597.0, 12897.0 ], [ 7597.0, 12919.0 ], [ 7597.0, 12942.0 ], [ 7597.0, 12965.0 ], [ 7597.0, 12988.0 ], [ 7574.0, 13010.0 ], [ 7574.0, 13033.0 ], [ 7574.0, 13056.0 ], [ 7574.0, 13079.0 ], [ 7551.0, 13101.0 ], [ 7551.0, 13124.0 ], [ 7551.0, 13147.0 ], [ 7551.0, 13170.0 ], [ 7551.0, 13192.0 ], [ 7528.0, 13215.0 ], [ 7528.0, 13238.0 ], [ 7528.0, 13260.0 ], [ 7528.0, 13283.0 ], [ 7506.0, 13306.0 ], [ 7506.0, 13329.0 ], [ 7506.0, 13351.0 ], [ 7506.0, 13374.0 ], [ 7483.0, 13397.0 ], [ 7483.0, 13420.0 ], [ 7483.0, 13442.0 ], [ 7460.0, 13465.0 ], [ 7460.0, 13488.0 ], [ 7460.0, 13511.0 ], [ 7437.0, 13533.0 ], [ 7437.0, 13556.0 ], [ 7437.0, 13579.0 ], [ 7415.0, 13602.0 ], [ 7415.0, 13624.0 ], [ 7392.0, 13647.0 ], [ 7392.0, 13670.0 ], [ 7392.0, 13693.0 ], [ 7369.0, 13715.0 ], [ 7369.0, 13738.0 ], [ 7347.0, 13761.0 ], [ 7347.0, 13784.0 ], [ 7347.0, 13806.0 ], [ 7324.0, 13829.0 ], [ 7324.0, 13852.0 ], [ 7324.0, 13875.0 ], [ 7301.0, 13897.0 ], [ 7301.0, 13920.0 ], [ 7278.0, 13943.0 ], [ 7278.0, 13966.0 ], [ 7278.0, 13988.0 ], [ 7278.0, 14011.0 ], [ 7278.0, 14034.0 ], [ 7278.0, 14057.0 ], [ 7278.0, 14079.0 ], [ 7278.0, 14102.0 ], [ 7278.0, 14125.0 ], [ 7278.0, 14148.0 ], [ 7278.0, 14170.0 ], [ 7278.0, 14193.0 ], [ 7278.0, 14216.0 ], [ 7278.0, 14239.0 ], [ 7278.0, 14261.0 ], [ 7278.0, 14284.0 ], [ 7278.0, 14307.0 ], [ 7278.0, 14330.0 ], [ 7278.0, 14352.0 ], [ 7278.0, 14375.0 ], [ 7278.0, 14398.0 ], [ 7278.0, 14421.0 ], [ 7278.0, 14443.0 ], [ 7278.0, 14466.0 ], [ 7278.0, 14489.0 ], [ 7278.0, 14512.0 ], [ 7278.0, 14534.0 ], [ 7278.0, 14557.0 ], [ 7256.0, 14580.0 ], [ 7233.0, 14580.0 ], [ 7210.0, 14580.0 ], [ 7187.0, 14580.0 ], [ 7165.0, 14580.0 ], [ 7142.0, 14580.0 ], [ 7119.0, 14580.0 ], [ 7096.0, 14580.0 ], [ 7074.0, 14580.0 ], [ 7051.0, 14580.0 ], [ 7028.0, 14580.0 ], [ 7028.0, 14603.0 ], [ 7028.0, 14625.0 ], [ 7005.0, 14648.0 ], [ 7005.0, 14671.0 ], [ 6983.0, 14694.0 ], [ 6983.0, 14716.0 ], [ 6983.0, 14739.0 ], [ 6960.0, 14762.0 ], [ 6960.0, 14784.0 ], [ 6960.0, 14807.0 ], [ 6937.0, 14830.0 ], [ 6937.0, 14853.0 ], [ 6937.0, 14875.0 ], [ 6914.0, 14898.0 ], [ 6914.0, 14921.0 ], [ 6892.0, 14944.0 ], [ 6892.0, 14966.0 ], [ 6892.0, 14989.0 ], [ 6869.0, 15012.0 ], [ 6869.0, 15035.0 ], [ 6869.0, 15057.0 ], [ 6846.0, 15080.0 ], [ 6846.0, 15103.0 ], [ 6846.0, 15126.0 ], [ 6823.0, 15148.0 ], [ 6823.0, 15171.0 ], [ 6823.0, 15194.0 ], [ 6801.0, 15217.0 ], [ 6801.0, 15239.0 ], [ 6801.0, 15262.0 ], [ 6778.0, 15285.0 ], [ 6778.0, 15308.0 ], [ 6755.0, 15330.0 ], [ 6755.0, 15353.0 ], [ 6755.0, 15376.0 ], [ 6732.0, 15399.0 ], [ 6732.0, 15421.0 ], [ 6732.0, 15444.0 ], [ 6710.0, 15467.0 ], [ 6710.0, 15490.0 ], [ 6687.0, 15512.0 ], [ 6687.0, 15535.0 ], [ 6687.0, 15558.0 ], [ 6664.0, 15581.0 ], [ 6664.0, 15603.0 ], [ 6664.0, 15626.0 ], [ 6641.0, 15649.0 ], [ 6641.0, 15672.0 ], [ 6641.0, 15694.0 ], [ 6619.0, 15717.0 ], [ 6619.0, 15740.0 ], [ 6596.0, 15763.0 ], [ 6596.0, 15785.0 ], [ 6596.0, 15808.0 ], [ 6596.0, 15831.0 ], [ 6573.0, 15854.0 ], [ 6573.0, 15876.0 ], [ 6573.0, 15899.0 ], [ 6573.0, 15922.0 ], [ 6550.0, 15945.0 ], [ 6550.0, 15967.0 ], [ 6550.0, 15990.0 ], [ 6528.0, 16013.0 ], [ 6528.0, 16036.0 ], [ 6528.0, 16058.0 ], [ 6505.0, 16081.0 ], [ 6505.0, 16104.0 ], [ 6505.0, 16127.0 ], [ 6505.0, 16149.0 ], [ 6482.0, 16172.0 ], [ 6482.0, 16195.0 ], [ 6482.0, 16217.0 ], [ 6459.0, 16240.0 ], [ 6459.0, 16263.0 ], [ 6459.0, 16286.0 ], [ 6459.0, 16308.0 ], [ 6437.0, 16331.0 ], [ 6437.0, 16354.0 ], [ 6437.0, 16377.0 ], [ 6437.0, 16399.0 ], [ 6414.0, 16422.0 ], [ 6414.0, 16445.0 ], [ 6414.0, 16468.0 ], [ 6414.0, 16490.0 ], [ 6391.0, 16513.0 ], [ 6391.0, 16536.0 ], [ 6391.0, 16559.0 ], [ 6391.0, 16581.0 ], [ 6368.0, 16604.0 ], [ 6368.0, 16627.0 ], [ 6368.0, 16650.0 ], [ 6346.0, 16672.0 ], [ 6346.0, 16695.0 ], [ 6346.0, 16718.0 ], [ 6346.0, 16741.0 ], [ 6346.0, 16763.0 ], [ 6323.0, 16786.0 ], [ 6323.0, 16809.0 ], [ 6323.0, 16832.0 ], [ 6323.0, 16854.0 ], [ 6323.0, 16877.0 ], [ 6300.0, 16900.0 ], [ 6300.0, 16923.0 ], [ 6300.0, 16945.0 ], [ 6300.0, 16968.0 ], [ 6277.0, 16991.0 ], [ 6277.0, 17014.0 ], [ 6277.0, 17036.0 ], [ 6277.0, 17059.0 ], [ 6277.0, 17082.0 ], [ 6255.0, 17105.0 ], [ 6255.0, 17127.0 ], [ 6255.0, 17150.0 ], [ 6255.0, 17173.0 ], [ 6255.0, 17196.0 ], [ 6255.0, 17218.0 ], [ 6255.0, 17241.0 ], [ 6255.0, 17264.0 ], [ 6255.0, 17287.0 ], [ 6255.0, 17309.0 ], [ 6255.0, 17332.0 ], [ 6255.0, 17355.0 ], [ 6255.0, 17378.0 ], [ 6255.0, 17400.0 ], [ 6255.0, 17423.0 ], [ 6255.0, 17446.0 ], [ 6255.0, 17469.0 ], [ 6255.0, 17491.0 ], [ 6255.0, 17514.0 ], [ 6255.0, 17537.0 ], [ 6255.0, 17560.0 ], [ 6255.0, 17582.0 ], [ 6255.0, 17605.0 ], [ 6255.0, 17628.0 ], [ 6255.0, 17651.0 ], [ 6255.0, 17673.0 ], [ 6232.0, 17696.0 ], [ 6209.0, 17696.0 ], [ 6186.0, 17696.0 ], [ 6164.0, 17696.0 ], [ 6164.0, 17719.0 ], [ 6141.0, 17741.0 ], [ 6141.0, 17764.0 ], [ 6141.0, 17787.0 ], [ 6141.0, 17810.0 ], [ 6141.0, 17832.0 ], [ 6118.0, 17855.0 ], [ 6118.0, 17878.0 ], [ 6118.0, 17901.0 ], [ 6118.0, 17923.0 ], [ 6118.0, 17946.0 ], [ 6118.0, 17969.0 ], [ 6095.0, 17992.0 ], [ 6095.0, 18014.0 ], [ 6095.0, 18037.0 ], [ 6095.0, 18060.0 ], [ 6095.0, 18083.0 ], [ 6095.0, 18105.0 ], [ 6073.0, 18128.0 ], [ 6073.0, 18151.0 ], [ 6073.0, 18174.0 ], [ 6073.0, 18196.0 ], [ 6073.0, 18219.0 ], [ 6073.0, 18242.0 ], [ 6073.0, 18265.0 ], [ 6050.0, 18287.0 ], [ 6050.0, 18310.0 ], [ 6050.0, 18333.0 ], [ 6050.0, 18356.0 ], [ 6050.0, 18378.0 ], [ 6027.0, 18401.0 ], [ 6027.0, 18424.0 ], [ 6027.0, 18447.0 ], [ 6027.0, 18469.0 ], [ 6027.0, 18492.0 ], [ 6004.0, 18515.0 ], [ 6004.0, 18538.0 ], [ 6004.0, 18560.0 ], [ 6004.0, 18583.0 ], [ 6004.0, 18606.0 ], [ 5982.0, 18629.0 ], [ 5982.0, 18651.0 ], [ 5982.0, 18674.0 ], [ 5982.0, 18697.0 ], [ 5959.0, 18720.0 ], [ 5959.0, 18742.0 ], [ 5959.0, 18765.0 ], [ 5959.0, 18788.0 ], [ 5959.0, 18811.0 ], [ 5959.0, 18833.0 ], [ 5936.0, 18856.0 ], [ 5936.0, 18879.0 ], [ 5936.0, 18902.0 ], [ 5936.0, 18924.0 ], [ 5936.0, 18947.0 ], [ 5936.0, 18970.0 ], [ 5913.0, 18993.0 ], [ 5913.0, 19015.0 ], [ 5913.0, 19038.0 ], [ 5913.0, 19061.0 ], [ 5913.0, 19084.0 ], [ 5891.0, 19106.0 ], [ 5891.0, 19129.0 ], [ 5891.0, 19152.0 ], [ 5891.0, 19174.0 ], [ 5891.0, 19197.0 ], [ 5891.0, 19220.0 ], [ 5868.0, 19243.0 ], [ 5868.0, 19265.0 ], [ 5868.0, 19288.0 ], [ 5868.0, 19311.0 ], [ 5868.0, 19334.0 ], [ 5868.0, 19356.0 ], [ 5868.0, 19379.0 ], [ 5868.0, 19402.0 ], [ 5868.0, 19425.0 ], [ 5845.0, 19447.0 ], [ 5845.0, 19470.0 ], [ 5845.0, 19493.0 ], [ 5845.0, 19516.0 ], [ 5845.0, 19538.0 ], [ 5845.0, 19561.0 ], [ 5845.0, 19584.0 ], [ 5845.0, 19607.0 ], [ 5845.0, 19629.0 ], [ 5845.0, 19652.0 ], [ 5845.0, 19675.0 ], [ 5845.0, 19698.0 ], [ 5845.0, 19720.0 ], [ 5845.0, 19743.0 ], [ 5845.0, 19766.0 ], [ 5845.0, 19789.0 ], [ 5845.0, 19811.0 ], [ 5845.0, 19834.0 ], [ 5845.0, 19857.0 ], [ 5845.0, 19880.0 ], [ 5845.0, 19902.0 ], [ 5845.0, 19925.0 ], [ 5845.0, 19948.0 ], [ 5845.0, 19971.0 ], [ 5845.0, 19993.0 ], [ 5845.0, 20016.0 ], [ 5845.0, 20039.0 ], [ 5845.0, 20062.0 ], [ 5845.0, 20084.0 ], [ 5845.0, 20107.0 ], [ 5823.0, 20130.0 ], [ 5823.0, 20153.0 ], [ 5823.0, 20175.0 ], [ 5823.0, 20198.0 ], [ 5823.0, 20221.0 ], [ 5800.0, 20244.0 ], [ 5800.0, 20266.0 ], [ 5800.0, 20289.0 ], [ 5800.0, 20312.0 ], [ 5800.0, 20335.0 ], [ 5800.0, 20357.0 ], [ 5800.0, 20380.0 ], [ 5800.0, 20403.0 ], [ 5800.0, 20426.0 ], [ 5800.0, 20448.0 ], [ 5777.0, 20471.0 ], [ 5800.0, 20494.0 ], [ 5800.0, 20517.0 ], [ 5800.0, 20539.0 ], [ 5800.0, 20562.0 ], [ 5800.0, 20585.0 ], [ 5800.0, 20607.0 ], [ 5800.0, 20630.0 ], [ 5800.0, 20653.0 ], [ 5800.0, 20676.0 ], [ 5800.0, 20698.0 ], [ 5800.0, 20721.0 ], [ 5800.0, 20744.0 ], [ 5800.0, 20767.0 ], [ 5823.0, 20789.0 ], [ 5823.0, 20812.0 ], [ 5823.0, 20835.0 ], [ 5823.0, 20858.0 ], [ 5845.0, 20880.0 ], [ 5845.0, 20903.0 ], [ 5845.0, 20926.0 ], [ 5868.0, 20949.0 ], [ 5868.0, 20971.0 ], [ 5891.0, 20994.0 ], [ 5891.0, 21017.0 ], [ 5913.0, 21040.0 ], [ 5936.0, 21062.0 ], [ 5959.0, 21085.0 ], [ 5982.0, 21108.0 ], [ 6004.0, 21131.0 ], [ 6027.0, 21131.0 ], [ 6050.0, 21153.0 ], [ 6073.0, 21153.0 ], [ 6095.0, 21176.0 ], [ 6118.0, 21176.0 ], [ 6141.0, 21176.0 ], [ 6164.0, 21199.0 ], [ 6186.0, 21199.0 ], [ 6209.0, 21199.0 ], [ 6232.0, 21199.0 ], [ 6255.0, 21199.0 ], [ 6277.0, 21222.0 ], [ 6300.0, 21199.0 ], [ 6323.0, 21199.0 ], [ 6346.0, 21199.0 ], [ 6368.0, 21199.0 ], [ 6391.0, 21199.0 ], [ 6414.0, 21199.0 ], [ 6437.0, 21199.0 ], [ 6459.0, 21199.0 ], [ 6482.0, 21199.0 ], [ 6505.0, 21199.0 ], [ 6528.0, 21199.0 ], [ 6550.0, 21199.0 ], [ 6573.0, 21199.0 ], [ 6596.0, 21176.0 ], [ 6619.0, 21176.0 ], [ 6641.0, 21176.0 ], [ 6664.0, 21176.0 ], [ 6687.0, 21176.0 ], [ 6710.0, 21153.0 ], [ 6732.0, 21153.0 ], [ 6755.0, 21153.0 ], [ 6778.0, 21153.0 ], [ 6778.0, 21131.0 ], [ 6801.0, 21108.0 ], [ 6823.0, 21108.0 ], [ 6846.0, 21131.0 ], [ 6869.0, 21131.0 ], [ 6892.0, 21108.0 ], [ 6914.0, 21108.0 ], [ 6937.0, 21108.0 ], [ 6960.0, 21108.0 ], [ 6983.0, 21085.0 ], [ 7005.0, 21085.0 ], [ 7028.0, 21085.0 ], [ 7051.0, 21062.0 ], [ 7074.0, 21062.0 ], [ 7096.0, 21062.0 ], [ 7119.0, 21040.0 ], [ 7142.0, 21040.0 ], [ 7165.0, 21040.0 ], [ 7187.0, 21017.0 ], [ 7210.0, 20994.0 ], [ 7233.0, 20994.0 ], [ 7256.0, 20994.0 ], [ 7278.0, 20971.0 ], [ 7301.0, 20971.0 ], [ 7324.0, 20949.0 ], [ 7347.0, 20949.0 ], [ 7369.0, 20926.0 ], [ 7392.0, 20926.0 ], [ 7415.0, 20926.0 ], [ 7437.0, 20926.0 ], [ 7460.0, 20926.0 ], [ 7483.0, 20903.0 ], [ 7506.0, 20903.0 ], [ 7528.0, 20903.0 ], [ 7551.0, 20903.0 ], [ 7574.0, 20903.0 ], [ 7597.0, 20880.0 ], [ 7619.0, 20880.0 ], [ 7642.0, 20903.0 ], [ 7665.0, 20903.0 ], [ 7688.0, 20903.0 ], [ 7710.0, 20880.0 ], [ 7733.0, 20880.0 ], [ 7756.0, 20880.0 ], [ 7779.0, 20880.0 ], [ 7801.0, 20880.0 ], [ 7824.0, 20858.0 ], [ 7847.0, 20858.0 ], [ 7870.0, 20858.0 ], [ 7892.0, 20858.0 ], [ 7915.0, 20835.0 ], [ 7938.0, 20812.0 ], [ 7961.0, 20789.0 ], [ 7983.0, 20789.0 ], [ 8006.0, 20789.0 ], [ 8029.0, 20789.0 ], [ 8052.0, 20789.0 ], [ 8074.0, 20789.0 ], [ 8097.0, 20767.0 ], [ 8120.0, 20767.0 ], [ 8143.0, 20767.0 ], [ 8165.0, 20744.0 ], [ 8188.0, 20744.0 ], [ 8211.0, 20721.0 ], [ 8234.0, 20721.0 ], [ 8256.0, 20698.0 ], [ 8279.0, 20698.0 ], [ 8302.0, 20698.0 ], [ 8302.0, 20676.0 ], [ 8325.0, 20653.0 ], [ 8347.0, 20653.0 ], [ 8370.0, 20653.0 ], [ 8393.0, 20630.0 ], [ 8416.0, 20630.0 ], [ 8438.0, 20607.0 ], [ 8461.0, 20585.0 ], [ 8484.0, 20585.0 ], [ 8507.0, 20562.0 ], [ 8529.0, 20562.0 ], [ 8552.0, 20539.0 ], [ 8575.0, 20539.0 ], [ 8598.0, 20517.0 ], [ 8620.0, 20494.0 ], [ 8643.0, 20471.0 ], [ 8666.0, 20471.0 ], [ 8689.0, 20471.0 ], [ 8711.0, 20448.0 ], [ 8734.0, 20426.0 ], [ 8757.0, 20403.0 ], [ 8780.0, 20403.0 ], [ 8802.0, 20380.0 ], [ 8825.0, 20357.0 ], [ 8848.0, 20335.0 ], [ 8870.0, 20335.0 ], [ 8893.0, 20312.0 ], [ 8916.0, 20289.0 ], [ 8939.0, 20266.0 ], [ 8961.0, 20244.0 ], [ 8984.0, 20221.0 ], [ 9007.0, 20198.0 ], [ 9030.0, 20175.0 ], [ 9052.0, 20153.0 ], [ 9052.0, 20130.0 ], [ 9075.0, 20107.0 ], [ 9098.0, 20084.0 ], [ 9098.0, 20062.0 ], [ 9121.0, 20039.0 ], [ 9143.0, 20016.0 ], [ 9143.0, 19993.0 ], [ 9166.0, 19971.0 ], [ 9189.0, 19948.0 ], [ 9189.0, 19925.0 ], [ 9212.0, 19902.0 ], [ 9212.0, 19880.0 ], [ 9234.0, 19857.0 ], [ 9257.0, 19834.0 ], [ 9257.0, 19811.0 ], [ 9280.0, 19789.0 ], [ 9303.0, 19766.0 ], [ 9303.0, 19743.0 ], [ 9303.0, 19720.0 ], [ 9325.0, 19698.0 ], [ 9325.0, 19675.0 ], [ 9348.0, 19652.0 ], [ 9348.0, 19629.0 ], [ 9348.0, 19607.0 ], [ 9348.0, 19584.0 ], [ 9348.0, 19561.0 ], [ 9348.0, 19538.0 ], [ 9348.0, 19516.0 ], [ 9348.0, 19493.0 ], [ 9371.0, 19470.0 ], [ 9394.0, 19447.0 ], [ 9416.0, 19425.0 ], [ 9416.0, 19402.0 ], [ 9416.0, 19379.0 ], [ 9416.0, 19356.0 ], [ 9416.0, 19334.0 ], [ 9439.0, 19311.0 ], [ 9439.0, 19288.0 ], [ 9416.0, 19265.0 ], [ 9416.0, 19243.0 ], [ 9416.0, 19220.0 ], [ 9439.0, 19197.0 ], [ 9439.0, 19174.0 ], [ 9439.0, 19152.0 ], [ 9439.0, 19129.0 ], [ 9439.0, 19106.0 ], [ 9439.0, 19084.0 ], [ 9439.0, 19061.0 ], [ 9439.0, 19038.0 ], [ 9462.0, 19015.0 ], [ 9462.0, 18993.0 ], [ 9462.0, 18970.0 ], [ 9439.0, 18947.0 ], [ 9439.0, 18924.0 ], [ 9439.0, 18902.0 ], [ 9462.0, 18879.0 ], [ 9462.0, 18856.0 ], [ 9462.0, 18833.0 ], [ 9439.0, 18811.0 ], [ 9439.0, 18788.0 ], [ 9439.0, 18765.0 ], [ 9439.0, 18742.0 ], [ 9462.0, 18720.0 ], [ 9462.0, 18697.0 ], [ 9462.0, 18674.0 ], [ 9462.0, 18651.0 ], [ 9462.0, 18629.0 ], [ 9462.0, 18606.0 ], [ 9462.0, 18583.0 ], [ 9462.0, 18560.0 ], [ 9439.0, 18538.0 ], [ 9439.0, 18515.0 ], [ 9439.0, 18492.0 ], [ 9439.0, 18469.0 ], [ 9439.0, 18447.0 ], [ 9439.0, 18424.0 ], [ 9439.0, 18401.0 ], [ 9439.0, 18378.0 ], [ 9439.0, 18356.0 ], [ 9439.0, 18333.0 ], [ 9416.0, 18310.0 ], [ 9416.0, 18287.0 ], [ 9416.0, 18265.0 ], [ 9416.0, 18242.0 ], [ 9416.0, 18219.0 ], [ 9394.0, 18196.0 ], [ 9394.0, 18174.0 ], [ 9394.0, 18151.0 ], [ 9394.0, 18128.0 ], [ 9371.0, 18105.0 ], [ 9371.0, 18128.0 ], [ 9371.0, 18151.0 ], [ 9371.0, 18174.0 ], [ 9371.0, 18196.0 ], [ 9371.0, 18219.0 ], [ 9371.0, 18242.0 ], [ 9371.0, 18265.0 ], [ 9371.0, 18287.0 ], [ 9371.0, 18310.0 ], [ 9371.0, 18333.0 ], [ 9371.0, 18356.0 ], [ 9371.0, 18378.0 ], [ 9348.0, 18401.0 ], [ 9325.0, 18401.0 ], [ 9303.0, 18401.0 ], [ 9280.0, 18401.0 ], [ 9257.0, 18424.0 ], [ 9234.0, 18424.0 ], [ 9212.0, 18401.0 ], [ 9189.0, 18378.0 ], [ 9166.0, 18356.0 ], [ 9189.0, 18333.0 ], [ 9189.0, 18310.0 ], [ 9189.0, 18287.0 ], [ 9212.0, 18265.0 ], [ 9212.0, 18242.0 ], [ 9212.0, 18219.0 ], [ 9189.0, 18219.0 ], [ 9166.0, 18219.0 ], [ 9166.0, 18242.0 ], [ 9166.0, 18265.0 ], [ 9143.0, 18287.0 ], [ 9121.0, 18310.0 ], [ 9098.0, 18333.0 ], [ 9075.0, 18356.0 ], [ 9052.0, 18356.0 ], [ 9030.0, 18356.0 ], [ 9007.0, 18356.0 ], [ 8984.0, 18356.0 ], [ 8961.0, 18356.0 ], [ 8939.0, 18333.0 ], [ 8916.0, 18310.0 ], [ 8893.0, 18287.0 ], [ 8870.0, 18265.0 ], [ 8870.0, 18242.0 ], [ 8848.0, 18219.0 ], [ 8848.0, 18196.0 ], [ 8870.0, 18174.0 ], [ 8870.0, 18151.0 ], [ 8870.0, 18128.0 ], [ 8870.0, 18105.0 ], [ 8870.0, 18083.0 ], [ 8870.0, 18060.0 ], [ 8848.0, 18037.0 ], [ 8825.0, 18014.0 ], [ 8825.0, 17992.0 ], [ 8802.0, 17969.0 ], [ 8825.0, 17946.0 ], [ 8848.0, 17923.0 ], [ 8870.0, 17923.0 ], [ 8893.0, 17923.0 ], [ 8916.0, 17923.0 ], [ 8939.0, 17901.0 ], [ 8961.0, 17901.0 ], [ 8984.0, 17901.0 ], [ 9007.0, 17901.0 ], [ 9030.0, 17923.0 ], [ 9052.0, 17923.0 ], [ 9075.0, 17946.0 ], [ 9098.0, 17969.0 ], [ 9098.0, 17992.0 ], [ 9121.0, 18014.0 ], [ 9121.0, 18037.0 ], [ 9098.0, 18060.0 ], [ 9121.0, 18083.0 ], [ 9121.0, 18105.0 ], [ 9143.0, 18128.0 ], [ 9166.0, 18151.0 ] ], [ [ 14489.0, 10531.0 ], [ 14512.0, 10508.0 ], [ 14534.0, 10508.0 ], [ 14557.0, 10508.0 ], [ 14580.0, 10508.0 ], [ 14603.0, 10508.0 ], [ 14625.0, 10508.0 ], [ 14648.0, 10508.0 ], [ 14671.0, 10508.0 ], [ 14694.0, 10531.0 ], [ 14716.0, 10531.0 ], [ 14739.0, 10531.0 ], [ 14762.0, 10531.0 ], [ 14784.0, 10554.0 ], [ 14807.0, 10554.0 ], [ 14830.0, 10576.0 ], [ 14853.0, 10599.0 ], [ 14875.0, 10599.0 ], [ 14898.0, 10622.0 ], [ 14921.0, 10645.0 ], [ 14944.0, 10667.0 ], [ 14966.0, 10690.0 ], [ 14989.0, 10713.0 ], [ 15012.0, 10736.0 ], [ 15035.0, 10736.0 ], [ 15057.0, 10758.0 ], [ 15080.0, 10781.0 ], [ 15103.0, 10804.0 ], [ 15126.0, 10827.0 ], [ 15148.0, 10827.0 ], [ 15171.0, 10849.0 ], [ 15194.0, 10872.0 ], [ 15217.0, 10895.0 ], [ 15239.0, 10895.0 ], [ 15262.0, 10918.0 ], [ 15285.0, 10918.0 ], [ 15308.0, 10940.0 ], [ 15330.0, 10940.0 ], [ 15353.0, 10963.0 ], [ 15376.0, 10963.0 ], [ 15399.0, 10986.0 ], [ 15421.0, 10986.0 ], [ 15444.0, 10986.0 ], [ 15467.0, 11009.0 ], [ 15490.0, 11009.0 ], [ 15512.0, 11031.0 ], [ 15535.0, 11031.0 ], [ 15558.0, 11031.0 ], [ 15581.0, 11054.0 ], [ 15603.0, 11054.0 ], [ 15626.0, 11077.0 ], [ 15649.0, 11077.0 ], [ 15672.0, 11100.0 ], [ 15694.0, 11100.0 ], [ 15717.0, 11100.0 ], [ 15740.0, 11100.0 ], [ 15763.0, 11122.0 ], [ 15785.0, 11145.0 ], [ 15808.0, 11145.0 ], [ 15831.0, 11168.0 ], [ 15854.0, 11168.0 ], [ 15876.0, 11191.0 ], [ 15899.0, 11191.0 ], [ 15922.0, 11191.0 ], [ 15945.0, 11213.0 ], [ 15967.0, 11236.0 ], [ 15990.0, 11259.0 ], [ 16013.0, 11282.0 ], [ 16036.0, 11304.0 ], [ 16058.0, 11327.0 ], [ 16081.0, 11350.0 ], [ 16104.0, 11373.0 ], [ 16127.0, 11395.0 ], [ 16149.0, 11418.0 ], [ 16149.0, 11441.0 ], [ 16172.0, 11464.0 ], [ 16195.0, 11486.0 ], [ 16217.0, 11509.0 ], [ 16240.0, 11532.0 ], [ 16263.0, 11555.0 ], [ 16263.0, 11577.0 ], [ 16263.0, 11600.0 ], [ 16286.0, 11623.0 ], [ 16286.0, 11646.0 ], [ 16308.0, 11668.0 ], [ 16308.0, 11691.0 ], [ 16331.0, 11714.0 ], [ 16331.0, 11737.0 ], [ 16331.0, 11759.0 ], [ 16331.0, 11782.0 ], [ 16331.0, 11805.0 ], [ 16331.0, 11827.0 ], [ 16354.0, 11850.0 ], [ 16354.0, 11873.0 ], [ 16354.0, 11896.0 ], [ 16354.0, 11918.0 ], [ 16354.0, 11941.0 ], [ 16354.0, 11964.0 ], [ 16354.0, 11987.0 ], [ 16354.0, 12009.0 ], [ 16331.0, 12032.0 ], [ 16331.0, 12055.0 ], [ 16331.0, 12078.0 ], [ 16331.0, 12100.0 ], [ 16308.0, 12123.0 ], [ 16308.0, 12146.0 ], [ 16308.0, 12169.0 ], [ 16286.0, 12191.0 ], [ 16263.0, 12214.0 ], [ 16263.0, 12237.0 ], [ 16240.0, 12260.0 ], [ 16217.0, 12282.0 ], [ 16217.0, 12305.0 ], [ 16195.0, 12328.0 ], [ 16172.0, 12351.0 ], [ 16149.0, 12373.0 ], [ 16127.0, 12396.0 ], [ 16104.0, 12419.0 ], [ 16081.0, 12442.0 ], [ 16058.0, 12464.0 ], [ 16036.0, 12487.0 ], [ 16013.0, 12510.0 ], [ 15990.0, 12533.0 ], [ 15967.0, 12555.0 ], [ 15945.0, 12555.0 ], [ 15922.0, 12578.0 ], [ 15899.0, 12601.0 ], [ 15876.0, 12624.0 ], [ 15854.0, 12624.0 ], [ 15831.0, 12646.0 ], [ 15808.0, 12669.0 ], [ 15785.0, 12669.0 ], [ 15763.0, 12692.0 ], [ 15763.0, 12715.0 ], [ 15740.0, 12737.0 ], [ 15740.0, 12760.0 ], [ 15740.0, 12783.0 ], [ 15740.0, 12806.0 ], [ 15740.0, 12828.0 ], [ 15740.0, 12851.0 ], [ 15763.0, 12874.0 ], [ 15740.0, 12897.0 ], [ 15740.0, 12919.0 ], [ 15717.0, 12942.0 ], [ 15694.0, 12965.0 ], [ 15672.0, 12942.0 ], [ 15649.0, 12919.0 ], [ 15649.0, 12897.0 ], [ 15672.0, 12874.0 ], [ 15672.0, 12851.0 ], [ 15672.0, 12828.0 ], [ 15672.0, 12806.0 ], [ 15672.0, 12783.0 ], [ 15672.0, 12760.0 ], [ 15672.0, 12737.0 ], [ 15649.0, 12715.0 ], [ 15626.0, 12715.0 ], [ 15603.0, 12692.0 ], [ 15581.0, 12692.0 ], [ 15558.0, 12692.0 ], [ 15535.0, 12669.0 ], [ 15512.0, 12669.0 ], [ 15490.0, 12669.0 ], [ 15467.0, 12646.0 ], [ 15444.0, 12646.0 ], [ 15421.0, 12646.0 ], [ 15399.0, 12646.0 ], [ 15376.0, 12624.0 ], [ 15353.0, 12624.0 ], [ 15330.0, 12624.0 ], [ 15308.0, 12624.0 ], [ 15285.0, 12601.0 ], [ 15262.0, 12601.0 ], [ 15239.0, 12601.0 ], [ 15217.0, 12578.0 ], [ 15194.0, 12578.0 ], [ 15171.0, 12555.0 ], [ 15148.0, 12533.0 ], [ 15126.0, 12533.0 ], [ 15103.0, 12510.0 ], [ 15080.0, 12487.0 ], [ 15057.0, 12464.0 ], [ 15035.0, 12442.0 ], [ 15012.0, 12419.0 ], [ 15012.0, 12396.0 ], [ 14989.0, 12373.0 ], [ 14966.0, 12351.0 ], [ 14944.0, 12328.0 ], [ 14944.0, 12305.0 ], [ 14921.0, 12282.0 ], [ 14921.0, 12260.0 ], [ 14898.0, 12237.0 ], [ 14898.0, 12214.0 ], [ 14875.0, 12191.0 ], [ 14875.0, 12169.0 ], [ 14875.0, 12146.0 ], [ 14853.0, 12123.0 ], [ 14853.0, 12100.0 ], [ 14830.0, 12078.0 ], [ 14830.0, 12055.0 ], [ 14830.0, 12032.0 ], [ 14830.0, 12009.0 ], [ 14830.0, 11987.0 ], [ 14807.0, 11964.0 ], [ 14807.0, 11941.0 ], [ 14807.0, 11918.0 ], [ 14807.0, 11896.0 ], [ 14807.0, 11873.0 ], [ 14807.0, 11850.0 ], [ 14807.0, 11827.0 ], [ 14807.0, 11805.0 ], [ 14807.0, 11782.0 ], [ 14807.0, 11759.0 ], [ 14807.0, 11737.0 ], [ 14807.0, 11714.0 ], [ 14807.0, 11691.0 ], [ 14807.0, 11668.0 ], [ 14807.0, 11646.0 ], [ 14807.0, 11623.0 ], [ 14807.0, 11600.0 ], [ 14807.0, 11577.0 ], [ 14807.0, 11555.0 ], [ 14807.0, 11532.0 ], [ 14807.0, 11509.0 ], [ 14807.0, 11486.0 ], [ 14784.0, 11464.0 ], [ 14784.0, 11441.0 ], [ 14784.0, 11418.0 ], [ 14784.0, 11395.0 ], [ 14784.0, 11373.0 ], [ 14784.0, 11350.0 ], [ 14762.0, 11327.0 ], [ 14762.0, 11304.0 ], [ 14762.0, 11282.0 ], [ 14762.0, 11259.0 ], [ 14739.0, 11236.0 ], [ 14739.0, 11213.0 ], [ 14739.0, 11191.0 ], [ 14716.0, 11168.0 ], [ 14716.0, 11145.0 ], [ 14694.0, 11122.0 ], [ 14671.0, 11100.0 ], [ 14671.0, 11077.0 ], [ 14648.0, 11054.0 ], [ 14625.0, 11031.0 ], [ 14625.0, 11009.0 ], [ 14603.0, 10986.0 ], [ 14580.0, 10963.0 ], [ 14580.0, 10940.0 ], [ 14557.0, 10918.0 ], [ 14557.0, 10895.0 ], [ 14534.0, 10872.0 ], [ 14534.0, 10849.0 ], [ 14512.0, 10827.0 ], [ 14512.0, 10804.0 ], [ 14489.0, 10781.0 ], [ 14489.0, 10758.0 ], [ 14489.0, 10736.0 ], [ 14466.0, 10713.0 ], [ 14466.0, 10690.0 ], [ 14466.0, 10667.0 ], [ 14466.0, 10645.0 ], [ 14466.0, 10622.0 ], [ 14443.0, 10599.0 ], [ 14443.0, 10576.0 ], [ 14443.0, 10554.0 ], [ 14466.0, 10531.0 ], [ 14489.0, 10531.0 ] ] ] } }
]
}
