svs_file,y,split,pair_id,COMPOUND_NAME,EXP_ID,GROUP_ID,INDIVIDUAL_ID,file_path,url,max_grade,n_findings,n_findings_spont,dose_level,grade_ord
27108.svs,0,train,E0040-G18-P0,acetaminophen,40,18,2,dataset/wsi/normal/27108.svs,ftp://ftp.biosciencedbc.jp/archive/open-tggates-pathological-images/LATEST/images/acetaminophen/Liver/27108.svs,normal,0,0,Middle,0
27104.svs,1,train,E0040-G18-P0,acetaminophen,40,18,1,dataset/wsi/abnormal/27104.svs,ftp://ftp.biosciencedbc.jp/archive/open-tggates-pathological-images/LATEST/images/acetaminophen/Liver/27104.svs,minimal,1,0,Middle,1
27113.svs,0,train,E0040-G18-P1,acetaminophen,40,18,3,dataset/wsi/normal/27113.svs,ftp://ftp.biosciencedbc.jp/archive/open-tggates-pathological-images/LATEST/images/acetaminophen/Liver/27113.svs,normal,0,0,Middle,0
27121.svs,1,train,E0040-G18-P1,acetaminophen,40,18,5,dataset/wsi/abnormal/27121.svs,ftp://ftp.biosciencedbc.jp/archive/open-tggates-pathological-images/LATEST/images/acetaminophen/Liver/27121.svs,minimal,1,0,Middle,1
27213.svs,0,train,E0040-G23-P0,acetaminophen,40,23,1,dataset/wsi/normal/27213.svs,ftp://ftp.biosciencedbc.jp/archive/open-tggates-pathological-images/LATEST/images/acetaminophen/Liver/27213.svs,normal,0,0,High,0
27221.svs,1,train,E0040-G23-P0,acetaminophen,40,23,3,dataset/wsi/abnormal/27221.svs,ftp://ftp.biosciencedbc.jp/archive/open-tggates-pathological-images/LATEST/images/acetaminophen/Liver/27221.svs,minimal,1,0,High,1
27217.svs,0,train,E0040-G23-P1,acetaminophen,40,23,2,dataset/wsi/normal/27217.svs,ftp://ftp.biosciencedbc.jp/archive/open-tggates-pathological-images/LATEST/images/acetaminophen/Liver/27217.svs,normal,0,0,High,0
27225.svs,1,train,E0040-G23-P1,acetaminophen,40,23,4,dataset/wsi/abnormal/27225.svs,ftp://ftp.biosciencedbc.jp/archive/open-tggates-pathological-images/LATEST/images/acetaminophen/Liver/27225.svs,minimal,1,0,High,1
28071.svs,0,train,E0042-G13-P0,acetaminophen,42,13,2,dataset/wsi/normal/28071.svs,ftp://ftp.biosciencedbc.jp/archive/open-tggates-pathological-images/LATEST/images/acetaminophen/Liver/28071.svs,normal,0,0,Middle,0
28067.svs,1,train,E0042-G13-P0,acetaminophen,42,13,1,dataset/wsi/abnormal/28067.svs,ftp://ftp.biosciencedbc.jp/archive/open-tggates-pathological-images/LATEST/images/acetaminophen/Liver/28067.svs,slight,2,0,Middle,2
28075.svs,0,train,E0042-G13-P1,acetaminophen,42,13,3,dataset/wsi/normal/28075.svs,ftp://ftp.biosciencedbc.jp/archive/open-tggates-pathological-images/LATEST/images/acetaminophen/Liver/28075.svs,normal,0,0,Middle,0
28079.svs,1,train,E0042-G13-P1,acetaminophen,42,13,4,dataset/wsi/abnormal/28079.svs,ftp://ftp.biosciencedbc.jp/archive/open-tggates-pathological-images/LATEST/images/acetaminophen/Liver/28079.svs,minimal,3,0,Middle,1
70386.svs,0,train,E0042-G14-P0,acetaminophen,42,14,1,dataset/wsi/normal/70386.svs,ftp://ftp.biosciencedbc.jp/archive/open-tggates-pathological-images/LATEST/images/acetaminophen/Liver/70386.svs,normal,0,0,Middle,0
28096.svs,1,train,E0042-G14-P0,acetaminophen,42,14,3,dataset/wsi/abnormal/28096.svs,ftp://ftp.biosciencedbc.jp/archive/open-tggates-pathological-images/LATEST/images/acetaminophen/Liver/28096.svs,minimal,1,0,Middle,1
28125.svs,0,train,E0042-G15-P0,acetaminophen,42,15,5,dataset/wsi/normal/28125.svs,ftp://ftp.biosciencedbc.jp/archive/open-tggates-pathological-images/LATEST/images/acetaminophen/Liver/28125.svs,normal,0,0,Middle,0
28110.svs,1,train,E0042-G15-P0,acetaminophen,42,15,1,dataset/wsi/abnormal/28110.svs,ftp://ftp.biosciencedbc.jp/archive/open-tggates-pathological-images/LATEST/images/acetaminophen/Liver/28110.svs,minimal,2,0,Middle,1
28128.svs,0,train,E0042-G16-P0,acetaminophen,42,16,1,dataset/wsi/normal/28128.svs,ftp://ftp.biosciencedbc.jp/archive/open-tggates-pathological-images/LATEST/images/acetaminophen/Liver/28128.svs,normal,0,0,Middle,0
28132.svs,1,train,E0042-G16-P0,acetaminophen,42,16,2,dataset/wsi/abnormal/28132.svs,ftp://ftp.biosciencedbc.jp/archive/open-tggates-pathological-images/LATEST/images/acetaminophen/Liver/28132.svs,minimal,1,0,Middle,1
70387.svs,0,train,E0042-G16-P1,acetaminophen,42,16,5,dataset/wsi/normal/70387.svs,ftp://ftp.biosciencedbc.jp/archive/open-tggates-pathological-images/LATEST/images/acetaminophen/Liver/70387.svs,normal,0,0,Middle,0
28140.svs,1,train,E0042-G16-P1,acetaminophen,42,16,4,dataset/wsi/abnormal/28140.svs,ftp://ftp.biosciencedbc.jp/archive/open-tggates-pathological-images/LATEST/images/acetaminophen/Liver/28140.svs,minimal,1,0,Middle,1
28146.svs,0,train,E0042-G17-P0,acetaminophen,42,17,1,dataset/wsi/normal/28146.svs,ftp://ftp.biosciencedbc.jp/archive/open-tggates-pathological-images/LATEST/images/acetaminophen/Liver/28146.svs,normal,0,0,High,0
28150.svs,1,train,E0042-G17-P0,acetaminophen,42,17,2,dataset/wsi/abnormal/28150.svs,ftp://ftp.biosciencedbc.jp/archive/open-tggates-pathological-images/LATEST/images/acetaminophen/Liver/28150.svs,slight,4,0,High,2
28164.svs,0,train,E0042-G18-P0,acetaminophen,42,18,1,dataset/wsi/normal/28164.svs,ftp://ftp.biosciencedbc.jp/archive/open-tggates-pathological-images/LATEST/images/acetaminophen/Liver/28164.svs,normal,0,0,High,0
28174.svs,1,train,E0042-G18-P0,acetaminophen,42,18,4,dataset/wsi/abnormal/28174.svs,ftp://ftp.biosciencedbc.jp/archive/open-tggates-pathological-images/LATEST/images/acetaminophen/Liver/28174.svs,minimal,2,0,High,1
28168.svs,0,train,E0042-G18-P1,acetaminophen,42,18,2,dataset/wsi/normal/28168.svs,ftp://ftp.biosciencedbc.jp/archive/open-tggates-pathological-images/LATEST/images/acetaminophen/Liver/28168.svs,normal,0,0,High,0
28178.svs,1,train,E0042-G18-P1,acetaminophen,42,18,5,dataset/wsi/abnormal/28178.svs,ftp://ftp.biosciencedbc.jp/archive/open-tggates-pathological-images/LATEST/images/acetaminophen/Liver/28178.svs,minimal,1,0,High,1
28214.svs,0,train,E0042-G20-P0,acetaminophen,42,20,5,dataset/wsi/normal/28214.svs,ftp://ftp.biosciencedbc.jp/archive/open-tggates-pathological-images/LATEST/images/acetaminophen/Liver/28214.svs,normal,0,0,High,0
28199.svs,1,train,E0042-G20-P0,acetaminophen,42,20,1,dataset/wsi/abnormal/28199.svs,ftp://ftp.biosciencedbc.jp/archive/open-tggates-pathological-images/LATEST/images/acetaminophen/Liver/28199.svs,minimal,2,0,High,1
25998.svs,0,train,E0066-G17-P0,carbon tetrachloride,66,17,1,dataset/wsi/normal/25998.svs,ftp://ftp.biosciencedbc.jp/archive/open-tggates-pathological-images/LATEST/images/carbon_tetrachloride/Liver/25998.svs,normal,0,0,Middle,0
26001.svs,1,train,E0066-G17-P0,carbon tetrachloride,66,17,2,dataset/wsi/abnormal/26001.svs,ftp://ftp.biosciencedbc.jp/archive/open-tggates-pathological-images/LATEST/images/carbon_tetrachloride/Liver/26001.svs,minimal,1,0,Middle,1
26003.svs,0,train,E0066-G17-P1,carbon tetrachloride,66,17,3,dataset/wsi/normal/26003.svs,ftp://ftp.biosciencedbc.jp/archive/open-tggates-pathological-images/LATEST/images/carbon_tetrachloride/Liver/26003.svs,normal,0,0,Middle,0
26006.svs,1,train,E0066-G17-P1,carbon tetrachloride,66,17,4,dataset/wsi/abnormal/26006.svs,ftp://ftp.biosciencedbc.jp/archive/open-tggates-pathological-images/LATEST/images/carbon_tetrachloride/Liver/26006.svs,minimal,1,0,Middle,1
26126.svs,0,train,E0066-G19-P0,carbon tetrachloride,66,19,2,dataset/wsi/normal/26126.svs,ftp://ftp.biosciencedbc.jp/archive/open-tggates-pathological-images/LATEST/images/carbon_tetrachloride/Liver/26126.svs,normal,0,0,Middle,0
26124.svs,1,train,E0066-G19-P0,carbon tetrachloride,66,19,1,dataset/wsi/abnormal/26124.svs,ftp://ftp.biosciencedbc.jp/archive/open-tggates-pathological-images/LATEST/images/carbon_tetrachloride/Liver/26124.svs,minimal,1,0,Middle,1
26131.svs,0,train,E0066-G19-P1,carbon tetrachloride,66,19,4,dataset/wsi/normal/26131.svs,ftp://ftp.biosciencedbc.jp/archive/open-tggates-pathological-images/LATEST/images/carbon_tetrachloride/Liver/26131.svs,normal,0,0,Middle,0
26129.svs,1,train,E0066-G19-P1,carbon tetrachloride,66,19,3,dataset/wsi/abnormal/26129.svs,ftp://ftp.biosciencedbc.jp/archive/open-tggates-pathological-images/LATEST/images/carbon_tetrachloride/Liver/26129.svs,minimal,1,0,Middle,1
25958.svs,0,train,E0066-G21-P0,carbon tetrachloride,66,21,1,dataset/wsi/normal/25958.svs,ftp://ftp.biosciencedbc.jp/archive/open-tggates-pathological-images/LATEST/images/carbon_tetrachloride/Liver/25958.svs,normal,0,0,High,0
25961.svs,1,train,E0066-G21-P0,carbon tetrachloride,66,21,2,dataset/wsi/abnormal/25961.svs,ftp://ftp.biosciencedbc.jp/archive/open-tggates-pathological-images/LATEST/images/carbon_tetrachloride/Liver/25961.svs,slight,1,0,High,2
25966.svs,0,train,E0066-G21-P1,carbon tetrachloride,66,21,5,dataset/wsi/normal/25966.svs,ftp://ftp.biosciencedbc.jp/archive/open-tggates-pathological-images/LATEST/images/carbon_tetrachloride/Liver/25966.svs,normal,0,0,High,0
25962.svs,1,train,E0066-G21-P1,carbon tetrachloride,66,21,3,dataset/wsi/abnormal/25962.svs,ftp://ftp.biosciencedbc.jp/archive/open-tggates-pathological-images/LATEST/images/carbon_tetrachloride/Liver/25962.svs,minimal,1,0,High,1
26022.svs,0,train,E0066-G22-P0,carbon tetrachloride,66,22,5,dataset/wsi/normal/26022.svs,ftp://ftp.biosciencedbc.jp/archive/open-tggates-pathological-images/LATEST/images/carbon_tetrachloride/Liver/26022.svs,normal,0,0,High,0
26011.svs,1,train,E0066-G22-P0,carbon tetrachloride,66,22,1,dataset/wsi/abnormal/26011.svs,ftp://ftp.biosciencedbc.jp/archive/open-tggates-pathological-images/LATEST/images/carbon_tetrachloride/Liver/26011.svs,minimal,2,0,High,1
26083.svs,0,train,E0066-G23-P0,carbon tetrachloride,66,23,5,dataset/wsi/normal/26083.svs,ftp://ftp.biosciencedbc.jp/archive/open-tggates-pathological-images/LATEST/images/carbon_tetrachloride/Liver/26083.svs,normal,0,0,High,0
26074.svs,1,train,E0066-G23-P0,carbon tetrachloride,66,23,1,dataset/wsi/abnormal/26074.svs,ftp://ftp.biosciencedbc.jp/archive/open-tggates-pathological-images/LATEST/images/carbon_tetrachloride/Liver/26074.svs,minimal,1,0,High,1
25607.svs,0,train,E0093-G09-P0,phenobarbital,93,9,1,dataset/wsi/normal/25607.svs,ftp://ftp.biosciencedbc.jp/archive/open-tggates-pathological-images/LATEST/images/phenobarbital/Liver/25607.svs,normal,0,0,Middle,0
25609.svs,1,train,E0093-G09-P0,phenobarbital,93,9,2,dataset/wsi/abnormal/25609.svs,ftp://ftp.biosciencedbc.jp/archive/open-tggates-pathological-images/LATEST/images/phenobarbital/Liver/25609.svs,minimal,1,0,Middle,1
25611.svs,0,train,E0093-G09-P1,phenobarbital,93,9,3,dataset/wsi/normal/25611.svs,ftp://ftp.biosciencedbc.jp/archive/open-tggates-pathological-images/LATEST/images/phenobarbital/Liver/25611.svs,normal,0,0,Middle,0
25613.svs,1,train,E0093-G09-P1,phenobarbital,93,9,4,dataset/wsi/abnormal/25613.svs,ftp://ftp.biosciencedbc.jp/archive/open-tggates-pathological-images/LATEST/images/phenobarbital/Liver/25613.svs,slight,1,0,Middle,2
4103.svs,0,train,E0094-G11-P0,rifampicin,94,11,1,dataset/wsi/normal/4103.svs,ftp://ftp.biosciencedbc.jp/archive/open-tggates-pathological-images/LATEST/images/rifampicin/Liver/4103.svs,normal,0,0,Middle,0
4106.svs,1,train,E0094-G11-P0,rifampicin,94,11,4,dataset/wsi/abnormal/4106.svs,ftp://ftp.biosciencedbc.jp/archive/open-tggates-pathological-images/LATEST/images/rifampicin/Liver/4106.svs,minimal,1,0,Middle,1
4125.svs,0,train,E0094-G15-P0,rifampicin,94,15,3,dataset/wsi/normal/4125.svs,ftp://ftp.biosciencedbc.jp/archive/open-tggates-pathological-images/LATEST/images/rifampicin/Liver/4125.svs,normal,0,0,High,0
4123.svs,1,train,E0094-G15-P0,rifampicin,94,15,1,dataset/wsi/abnormal/4123.svs,ftp://ftp.biosciencedbc.jp/archive/open-tggates-pathological-images/LATEST/images/rifampicin/Liver/4123.svs,minimal,1,0,High,1
4131.svs,0,train,E0094-G16-P0,rifampicin,94,16,4,dataset/wsi/normal/4131.svs,ftp://ftp.biosciencedbc.jp/archive/open-tggates-pathological-images/LATEST/images/rifampicin/Liver/4131.svs,normal,0,0,High,0
4128.svs,1,train,E0094-G16-P0,rifampicin,94,16,1,dataset/wsi/abnormal/4128.svs,ftp://ftp.biosciencedbc.jp/archive/open-tggates-pathological-images/LATEST/images/rifampicin/Liver/4128.svs,minimal,1,0,High,1
4132.svs,0,train,E0094-G16-P1,rifampicin,94,16,5,dataset/wsi/normal/4132.svs,ftp://ftp.biosciencedbc.jp/archive/open-tggates-pathological-images/LATEST/images/rifampicin/Liver/4132.svs,normal,0,0,High,0
4129.svs,1,train,E0094-G16-P1,rifampicin,94,16,2,dataset/wsi/abnormal/4129.svs,ftp://ftp.biosciencedbc.jp/archive/open-tggates-pathological-images/LATEST/images/rifampicin/Liver/4129.svs,minimal,1,0,High,1
25970.svs,0,train,E0095-G15-P0,rifampicin,95,15,1,dataset/wsi/normal/25970.svs,ftp://ftp.biosciencedbc.jp/archive/open-tggates-pathological-images/LATEST/images/rifampicin/Liver/25970.svs,normal,0,0,High,0
25975.svs,1,train,E0095-G15-P0,rifampicin,95,15,3,dataset/wsi/abnormal/25975.svs,ftp://ftp.biosciencedbc.jp/archive/open-tggates-pathological-images/LATEST/images/rifampicin/Liver/25975.svs,minimal,1,0,High,1
26555.svs,0,train,E0097-G11-P0,phenylbutazone,97,11,2,dataset/wsi/normal/26555.svs,ftp://ftp.biosciencedbc.jp/archive/open-tggates-pathological-images/LATEST/images/phenylbutazone/Liver/26555.svs,normal,0,0,Middle,0
26553.svs,1,train,E0097-G11-P0,phenylbutazone,97,11,1,dataset/wsi/abnormal/26553.svs,ftp://ftp.biosciencedbc.jp/archive/open-tggates-pathological-images/LATEST/images/phenylbutazone/Liver/26553.svs,minimal,1,0,Middle,1
26558.svs,0,train,E0097-G11-P1,phenylbutazone,97,11,4,dataset/wsi/normal/26558.svs,ftp://ftp.biosciencedbc.jp/archive/open-tggates-pathological-images/LATEST/images/phenylbutazone/Liver/26558.svs,normal,0,0,Middle,0
26557.svs,1,train,E0097-G11-P1,phenylbutazone,97,11,3,dataset/wsi/abnormal/26557.svs,ftp://ftp.biosciencedbc.jp/archive/open-tggates-pathological-images/LATEST/images/phenylbutazone/Liver/26557.svs,minimal,1,0,Middle,1
26565.svs,0,train,E0097-G12-P0,phenylbutazone,97,12,2,dataset/wsi/normal/26565.svs,ftp://ftp.biosciencedbc.jp/archive/open-tggates-pathological-images/LATEST/images/phenylbutazone/Liver/26565.svs,normal,0,0,Middle,0
26562.svs,1,train,E0097-G12-P0,phenylbutazone,97,12,1,dataset/wsi/abnormal/26562.svs,ftp://ftp.biosciencedbc.jp/archive/open-tggates-pathological-images/LATEST/images/phenylbutazone/Liver/26562.svs,minimal,1,0,Middle,1
26585.svs,0,train,E0097-G14-P0,phenylbutazone,97,14,2,dataset/wsi/normal/26585.svs,ftp://ftp.biosciencedbc.jp/archive/open-tggates-pathological-images/LATEST/images/phenylbutazone/Liver/26585.svs,normal,0,0,High,0
26583.svs,1,train,E0097-G14-P0,phenylbutazone,97,14,1,dataset/wsi/abnormal/26583.svs,ftp://ftp.biosciencedbc.jp/archive/open-tggates-pathological-images/LATEST/images/phenylbutazone/Liver/26583.svs,minimal,1,0,High,1
26589.svs,0,train,E0097-G14-P1,phenylbutazone,97,14,4,dataset/wsi/normal/26589.svs,ftp://ftp.biosciencedbc.jp/archive/open-tggates-pathological-images/LATEST/images/phenylbutazone/Liver/26589.svs,normal,0,0,High,0
26587.svs,1,train,E0097-G14-P1,phenylbutazone,97,14,3,dataset/wsi/abnormal/26587.svs,ftp://ftp.biosciencedbc.jp/archive/open-tggates-pathological-images/LATEST/images/phenylbutazone/Liver/26587.svs,minimal,1,0,High,1
26600.svs,0,train,E0097-G15-P0,phenylbutazone,97,15,5,dataset/wsi/normal/26600.svs,ftp://ftp.biosciencedbc.jp/archive/open-tggates-pathological-images/LATEST/images/phenylbutazone/Liver/26600.svs,normal,0,0,High,0
26593.svs,1,train,E0097-G15-P0,phenylbutazone,97,15,1,dataset/wsi/abnormal/26593.svs,ftp://ftp.biosciencedbc.jp/archive/open-tggates-pathological-images/LATEST/images/phenylbutazone/Liver/26593.svs,minimal,1,0,High,1
4405.svs,0,train,E0102-G10-P0,allyl alcohol,102,10,1,dataset/wsi/normal/4405.svs,ftp://ftp.biosciencedbc.jp/archive/open-tggates-pathological-images/LATEST/images/allyl_alcohol/Liver/4405.svs,normal,0,0,Middle,0
4406.svs,1,train,E0102-G10-P0,allyl alcohol,102,10,2,dataset/wsi/abnormal/4406.svs,ftp://ftp.biosciencedbc.jp/archive/open-tggates-pathological-images/LATEST/images/allyl_alcohol/Liver/4406.svs,minimal,1,0,Middle,1
4408.svs,0,train,E0102-G10-P1,allyl alcohol,102,10,4,dataset/wsi/normal/4408.svs,ftp://ftp.biosciencedbc.jp/archive/open-tggates-pathological-images/LATEST/images/allyl_alcohol/Liver/4408.svs,normal,0,0,Middle,0
4407.svs,1,train,E0102-G10-P1,allyl alcohol,102,10,3,dataset/wsi/abnormal/4407.svs,ftp://ftp.biosciencedbc.jp/archive/open-tggates-pathological-images/LATEST/images/allyl_alcohol/Liver/4407.svs,minimal,1,0,Middle,1
70450.svs,0,train,E0102-G13-P0,allyl alcohol,102,13,1,dataset/wsi/normal/70450.svs,ftp://ftp.biosciencedbc.jp/archive/open-tggates-pathological-images/LATEST/images/allyl_alcohol/Liver/70450.svs,normal,0,0,High,0
4390.svs,1,train,E0102-G13-P0,allyl alcohol,102,13,2,dataset/wsi/abnormal/4390.svs,ftp://ftp.biosciencedbc.jp/archive/open-tggates-pathological-images/LATEST/images/allyl_alcohol/Liver/4390.svs,minimal,2,0,High,1
4419.svs,0,train,E0102-G14-P0,allyl alcohol,102,14,4,dataset/wsi/normal/4419.svs,ftp://ftp.biosciencedbc.jp/archive/open-tggates-pathological-images/LATEST/images/allyl_alcohol/Liver/4419.svs,normal,0,0,High,0
4410.svs,1,train,E0102-G14-P0,allyl alcohol,102,14,1,dataset/wsi/abnormal/4410.svs,ftp://ftp.biosciencedbc.jp/archive/open-tggates-pathological-images/LATEST/images/allyl_alcohol/Liver/4410.svs,minimal,1,0,High,1
4420.svs,0,train,E0102-G14-P1,allyl alcohol,102,14,5,dataset/wsi/normal/4420.svs,ftp://ftp.biosciencedbc.jp/archive/open-tggates-pathological-images/LATEST/images/allyl_alcohol/Liver/4420.svs,normal,0,0,High,0
70452.svs,1,train,E0102-G14-P1,allyl alcohol,102,14,3,dataset/wsi/abnormal/70452.svs,ftp://ftp.biosciencedbc.jp/archive/open-tggates-pathological-images/LATEST/images/allyl_alcohol/Liver/70452.svs,slight,2,0,High,2
4439.svs,0,train,E0102-G15-P0,allyl alcohol,102,15,3,dataset/wsi/normal/4439.svs,ftp://ftp.biosciencedbc.jp/archive/open-tggates-pathological-images/LATEST/images/allyl_alcohol/Liver/4439.svs,normal,0,0,High,0
4437.svs,1,train,E0102-G15-P0,allyl alcohol,102,15,1,dataset/wsi/abnormal/4437.svs,ftp://ftp.biosciencedbc.jp/archive/open-tggates-pathological-images/LATEST/images/allyl_alcohol/Liver/4437.svs,minimal,3,1,High,1
4440.svs,0,train,E0102-G15-P1,allyl alcohol,102,15,4,dataset/wsi/normal/4440.svs,ftp://ftp.biosciencedbc.jp/archive/open-tggates-pathological-images/LATEST/images/allyl_alcohol/Liver/4440.svs,normal,0,0,High,0
4438.svs,1,train,E0102-G15-P1,allyl alcohol,102,15,2,dataset/wsi/abnormal/4438.svs,ftp://ftp.biosciencedbc.jp/archive/open-tggates-pathological-images/LATEST/images/allyl_alcohol/Liver/4438.svs,minimal,1,0,High,1
4458.svs,0,train,E0102-G16-P0,allyl alcohol,102,16,2,dataset/wsi/normal/4458.svs,ftp://ftp.biosciencedbc.jp/archive/open-tggates-pathological-images/LATEST/images/allyl_alcohol/Liver/4458.svs,normal,0,0,High,0
4457.svs,1,train,E0102-G16-P0,allyl alcohol,102,16,1,dataset/wsi/abnormal/4457.svs,ftp://ftp.biosciencedbc.jp/archive/open-tggates-pathological-images/LATEST/images/allyl_alcohol/Liver/4457.svs,minimal,2,1,High,1
4460.svs,0,train,E0102-G16-P1,allyl alcohol,102,16,4,dataset/wsi/normal/4460.svs,ftp://ftp.biosciencedbc.jp/archive/open-tggates-pathological-images/LATEST/images/allyl_alcohol/Liver/4460.svs,normal,0,0,High,0
4459.svs,1,train,E0102-G16-P1,allyl alcohol,102,16,3,dataset/wsi/abnormal/4459.svs,ftp://ftp.biosciencedbc.jp/archive/open-tggates-pathological-images/LATEST/images/allyl_alcohol/Liver/4459.svs,minimal,1,0,High,1
25612.svs,0,train,E0103-G13-P0,allyl alcohol,103,13,1,dataset/wsi/normal/25612.svs,ftp://ftp.biosciencedbc.jp/archive/open-tggates-pathological-images/LATEST/images/allyl_alcohol/Liver/25612.svs,normal,0,0,High,0
25614.svs,1,train,E0103-G13-P0,allyl alcohol,103,13,2,dataset/wsi/abnormal/25614.svs,ftp://ftp.biosciencedbc.jp/archive/open-tggates-pathological-images/LATEST/images/allyl_alcohol/Liver/25614.svs,minimal,4,1,High,1
25617.svs,0,train,E0103-G13-P1,allyl alcohol,103,13,3,dataset/wsi/normal/25617.svs,ftp://ftp.biosciencedbc.jp/archive/open-tggates-pathological-images/LATEST/images/allyl_alcohol/Liver/25617.svs,normal,0,0,High,0
25619.svs,1,train,E0103-G13-P1,allyl alcohol,103,13,4,dataset/wsi/abnormal/25619.svs,ftp://ftp.biosciencedbc.jp/archive/open-tggates-pathological-images/LATEST/images/allyl_alcohol/Liver/25619.svs,minimal,3,0,High,1
25700.svs,0,train,E0103-G15-P0,allyl alcohol,103,15,2,dataset/wsi/normal/25700.svs,ftp://ftp.biosciencedbc.jp/archive/open-tggates-pathological-images/LATEST/images/allyl_alcohol/Liver/25700.svs,normal,0,0,High,0
25697.svs,1,train,E0103-G15-P0,allyl alcohol,103,15,1,dataset/wsi/abnormal/25697.svs,ftp://ftp.biosciencedbc.jp/archive/open-tggates-pathological-images/LATEST/images/allyl_alcohol/Liver/25697.svs,slight,6,0,High,2
25705.svs,0,train,E0103-G15-P1,allyl alcohol,103,15,4,dataset/wsi/normal/25705.svs,ftp://ftp.biosciencedbc.jp/archive/open-tggates-pathological-images/LATEST/images/allyl_alcohol/Liver/25705.svs,normal,0,0,High,0
25703.svs,1,train,E0103-G15-P1,allyl alcohol,103,15,3,dataset/wsi/abnormal/25703.svs,ftp://ftp.biosciencedbc.jp/archive/open-tggates-pathological-images/LATEST/images/allyl_alcohol/Liver/25703.svs,slight,7,0,High,2
25760.svs,0,train,E0103-G16-P0,allyl alcohol,103,16,2,dataset/wsi/normal/25760.svs,ftp://ftp.biosciencedbc.jp/archive/open-tggates-pathological-images/LATEST/images/allyl_alcohol/Liver/25760.svs,normal,0,0,High,0
25757.svs,1,train,E0103-G16-P0,allyl alcohol,103,16,1,dataset/wsi/abnormal/25757.svs,ftp://ftp.biosciencedbc.jp/archive/open-tggates-pathological-images/LATEST/images/allyl_alcohol/Liver/25757.svs,minimal,2,0,High,1
25763.svs,0,train,E0103-G16-P1,allyl alcohol,103,16,3,dataset/wsi/normal/25763.svs,ftp://ftp.biosciencedbc.jp/archive/open-tggates-pathological-images/LATEST/images/allyl_alcohol/Liver/25763.svs,normal,0,0,High,0
25766.svs,1,train,E0103-G16-P1,allyl alcohol,103,16,4,dataset/wsi/abnormal/25766.svs,ftp://ftp.biosciencedbc.jp/archive/open-tggates-pathological-images/LATEST/images/allyl_alcohol/Liver/25766.svs,minimal,2,0,High,1
27411.svs,0,train,E0113-G14-P0,indomethacin,113,14,4,dataset/wsi/normal/27411.svs,ftp://ftp.biosciencedbc.jp/archive/open-tggates-pathological-images/LATEST/images/indomethacin/Liver/27411.svs,normal,0,0,High,0
27408.svs,1,train,E0113-G14-P0,indomethacin,113,14,1,dataset/wsi/abnormal/27408.svs,ftp://ftp.biosciencedbc.jp/archive/open-tggates-pathological-images/LATEST/images/indomethacin/Liver/27408.svs,moderate,2,0,High,3
27413.svs,0,train,E0113-G14-P1,indomethacin,113,14,5,dataset/wsi/normal/27413.svs,ftp://ftp.biosciencedbc.jp/archive/open-tggates-pathological-images/LATEST/images/indomethacin/Liver/27413.svs,normal,0,0,High,0
27410.svs,1,train,E0113-G14-P1,indomethacin,113,14,3,dataset/wsi/abnormal/27410.svs,ftp://ftp.biosciencedbc.jp/archive/open-tggates-pathological-images/LATEST/images/indomethacin/Liver/27410.svs,moderate,2,0,High,3
27416.svs,0,train,E0113-G15-P0,indomethacin,113,15,4,dataset/wsi/normal/27416.svs,ftp://ftp.biosciencedbc.jp/archive/open-tggates-pathological-images/LATEST/images/indomethacin/Liver/27416.svs,normal,0,0,High,0
27414.svs,1,train,E0113-G15-P0,indomethacin,113,15,1,dataset/wsi/abnormal/27414.svs,ftp://ftp.biosciencedbc.jp/archive/open-tggates-pathological-images/LATEST/images/indomethacin/Liver/27414.svs,moderate,2,0,High,3
27418.svs,0,train,E0113-G16-P0,indomethacin,113,16,1,dataset/wsi/normal/27418.svs,ftp://ftp.biosciencedbc.jp/archive/open-tggates-pathological-images/LATEST/images/indomethacin/Liver/27418.svs,normal,0,0,High,0
27419.svs,1,train,E0113-G16-P0,indomethacin,113,16,3,dataset/wsi/abnormal/27419.svs,ftp://ftp.biosciencedbc.jp/archive/open-tggates-pathological-images/LATEST/images/indomethacin/Liver/27419.svs,moderate,3,0,High,3
28715.svs,0,train,E0115-G12-P0,chlorpromazine,115,12,2,dataset/wsi/normal/28715.svs,ftp://ftp.biosciencedbc.jp/archive/open-tggates-pathological-images/LATEST/images/chlorpromazine/Liver/28715.svs,normal,0,0,Middle,0
28713.svs,1,train,E0115-G12-P0,chlorpromazine,115,12,1,dataset/wsi/abnormal/28713.svs,ftp://ftp.biosciencedbc.jp/archive/open-tggates-pathological-images/LATEST/images/chlorpromazine/Liver/28713.svs,minimal,1,0,Middle,1
28716.svs,0,train,E0115-G12-P1,chlorpromazine,115,12,3,dataset/wsi/normal/28716.svs,ftp://ftp.biosciencedbc.jp/archive/open-tggates-pathological-images/LATEST/images/chlorpromazine/Liver/28716.svs,normal,0,0,Middle,0
28718.svs,1,train,E0115-G12-P1,chlorpromazine,115,12,4,dataset/wsi/abnormal/28718.svs,ftp://ftp.biosciencedbc.jp/archive/open-tggates-pathological-images/LATEST/images/chlorpromazine/Liver/28718.svs,minimal,1,0,Middle,1
28751.svs,0,train,E0115-G16-P0,chlorpromazine,115,16,3,dataset/wsi/normal/28751.svs,ftp://ftp.biosciencedbc.jp/archive/open-tggates-pathological-images/LATEST/images/chlorpromazine/Liver/28751.svs,normal,0,0,High,0
28747.svs,1,train,E0115-G16-P0,chlorpromazine,115,16,1,dataset/wsi/abnormal/28747.svs,ftp://ftp.biosciencedbc.jp/archive/open-tggates-pathological-images/LATEST/images/chlorpromazine/Liver/28747.svs,slight,1,0,High,2
27617.svs,0,train,E0116-G10-P0,thioacetamide,116,10,1,dataset/wsi/normal/27617.svs,ftp://ftp.biosciencedbc.jp/archive/open-tggates-pathological-images/LATEST/images/thioacetamide/Liver/27617.svs,normal,0,0,Middle,0
27622.svs,1,train,E0116-G10-P0,thioacetamide,116,10,3,dataset/wsi/abnormal/27622.svs,ftp://ftp.biosciencedbc.jp/archive/open-tggates-pathological-images/LATEST/images/thioacetamide/Liver/27622.svs,minimal,2,0,Middle,1
27620.svs,0,train,E0116-G10-P1,thioacetamide,116,10,2,dataset/wsi/normal/27620.svs,ftp://ftp.biosciencedbc.jp/archive/open-tggates-pathological-images/LATEST/images/thioacetamide/Liver/27620.svs,normal,0,0,Middle,0
27624.svs,1,train,E0116-G10-P1,thioacetamide,116,10,4,dataset/wsi/abnormal/27624.svs,ftp://ftp.biosciencedbc.jp/archive/open-tggates-pathological-images/LATEST/images/thioacetamide/Liver/27624.svs,minimal,3,0,Middle,1
27649.svs,0,train,E0116-G13-P0,thioacetamide,116,13,1,dataset/wsi/normal/27649.svs,ftp://ftp.biosciencedbc.jp/archive/open-tggates-pathological-images/LATEST/images/thioacetamide/Liver/27649.svs,normal,0,0,High,0
27651.svs,1,train,E0116-G13-P0,thioacetamide,116,13,2,dataset/wsi/abnormal/27651.svs,ftp://ftp.biosciencedbc.jp/archive/open-tggates-pathological-images/LATEST/images/thioacetamide/Liver/27651.svs,minimal,1,0,High,1
27653.svs,0,train,E0116-G13-P1,thioacetamide,116,13,3,dataset/wsi/normal/27653.svs,ftp://ftp.biosciencedbc.jp/archive/open-tggates-pathological-images/LATEST/images/thioacetamide/Liver/27653.svs,normal,0,0,High,0
27655.svs,1,train,E0116-G13-P1,thioacetamide,116,13,4,dataset/wsi/abnormal/27655.svs,ftp://ftp.biosciencedbc.jp/archive/open-tggates-pathological-images/LATEST/images/thioacetamide/Liver/27655.svs,minimal,1,0,High,1
46723.svs,0,train,E0117-G08-P0,thioacetamide,117,8,2,dataset/wsi/normal/46723.svs,ftp://ftp.biosciencedbc.jp/archive/open-tggates-pathological-images/LATEST/images/thioacetamide/Liver/46723.svs,normal,0,0,Low,0
46720.svs,1,train,E0117-G08-P0,thioacetamide,117,8,1,dataset/wsi/abnormal/46720.svs,ftp://ftp.biosciencedbc.jp/archive/open-tggates-pathological-images/LATEST/images/thioacetamide/Liver/46720.svs,minimal,2,0,Low,1
46730.svs,0,train,E0117-G08-P1,thioacetamide,117,8,4,dataset/wsi/normal/46730.svs,ftp://ftp.biosciencedbc.jp/archive/open-tggates-pathological-images/LATEST/images/thioacetamide/Liver/46730.svs,normal,0,0,Low,0
46727.svs,1,train,E0117-G08-P1,thioacetamide,117,8,3,dataset/wsi/abnormal/46727.svs,ftp://ftp.biosciencedbc.jp/archive/open-tggates-pathological-images/LATEST/images/thioacetamide/Liver/46727.svs,minimal,2,0,Low,1
4867.svs,0,train,E0123-G07-P0,omeprazole,123,7,1,dataset/wsi/normal/4867.svs,ftp://ftp.biosciencedbc.jp/archive/open-tggates-pathological-images/LATEST/images/omeprazole/Liver/4867.svs,normal,0,0,Low,0
4869.svs,1,train,E0123-G07-P0,omeprazole,123,7,2,dataset/wsi/abnormal/4869.svs,ftp://ftp.biosciencedbc.jp/archive/open-tggates-pathological-images/LATEST/images/omeprazole/Liver/4869.svs,slight,1,0,Low,2
4872.svs,0,train,E0123-G07-P1,omeprazole,123,7,3,dataset/wsi/normal/4872.svs,ftp://ftp.biosciencedbc.jp/archive/open-tggates-pathological-images/LATEST/images/omeprazole/Liver/4872.svs,normal,0,0,Low,0
4874.svs,1,train,E0123-G07-P1,omeprazole,123,7,4,dataset/wsi/abnormal/4874.svs,ftp://ftp.biosciencedbc.jp/archive/open-tggates-pathological-images/LATEST/images/omeprazole/Liver/4874.svs,slight,1,0,Low,2
4829.svs,0,train,E0123-G10-P0,omeprazole,123,10,1,dataset/wsi/normal/4829.svs,ftp://ftp.biosciencedbc.jp/archive/open-tggates-pathological-images/LATEST/images/omeprazole/Liver/4829.svs,normal,0,0,Middle,0
4832.svs,1,train,E0123-G10-P0,omeprazole,123,10,2,dataset/wsi/abnormal/4832.svs,ftp://ftp.biosciencedbc.jp/archive/open-tggates-pathological-images/LATEST/images/omeprazole/Liver/4832.svs,slight,1,0,Middle,2
4839.svs,0,train,E0123-G10-P1,omeprazole,123,10,5,dataset/wsi/normal/4839.svs,ftp://ftp.biosciencedbc.jp/archive/open-tggates-pathological-images/LATEST/images/omeprazole/Liver/4839.svs,normal,0,0,Middle,0
4834.svs,1,train,E0123-G10-P1,omeprazole,123,10,3,dataset/wsi/abnormal/4834.svs,ftp://ftp.biosciencedbc.jp/archive/open-tggates-pathological-images/LATEST/images/omeprazole/Liver/4834.svs,slight,2,1,Middle,2
4880.svs,0,train,E0123-G11-P0,omeprazole,123,11,1,dataset/wsi/normal/4880.svs,ftp://ftp.biosciencedbc.jp/archive/open-tggates-pathological-images/LATEST/images/omeprazole/Liver/4880.svs,normal,0,0,Middle,0
4882.svs,1,train,E0123-G11-P0,omeprazole,123,11,2,dataset/wsi/abnormal/4882.svs,ftp://ftp.biosciencedbc.jp/archive/open-tggates-pathological-images/LATEST/images/omeprazole/Liver/4882.svs,slight,1,0,Middle,2
4845.svs,0,train,E0123-G14-P0,omeprazole,123,14,2,dataset/wsi/normal/4845.svs,ftp://ftp.biosciencedbc.jp/archive/open-tggates-pathological-images/LATEST/images/omeprazole/Liver/4845.svs,normal,0,0,High,0
4848.svs,1,train,E0123-G14-P0,omeprazole,123,14,3,dataset/wsi/abnormal/4848.svs,ftp://ftp.biosciencedbc.jp/archive/open-tggates-pathological-images/LATEST/images/omeprazole/Liver/4848.svs,slight,1,0,High,2
27501.svs,0,train,E0124-G08-P0,omeprazole,124,8,1,dataset/wsi/normal/27501.svs,ftp://ftp.biosciencedbc.jp/archive/open-tggates-pathological-images/LATEST/images/omeprazole/Liver/27501.svs,normal,0,0,Low,0
27505.svs,1,train,E0124-G08-P0,omeprazole,124,8,2,dataset/wsi/abnormal/27505.svs,ftp://ftp.biosciencedbc.jp/archive/open-tggates-pathological-images/LATEST/images/omeprazole/Liver/27505.svs,slight,1,0,Low,2
27510.svs,0,train,E0124-G08-P1,omeprazole,124,8,4,dataset/wsi/normal/27510.svs,ftp://ftp.biosciencedbc.jp/archive/open-tggates-pathological-images/LATEST/images/omeprazole/Liver/27510.svs,normal,0,0,Low,0
27507.svs,1,train,E0124-G08-P1,omeprazole,124,8,3,dataset/wsi/abnormal/27507.svs,ftp://ftp.biosciencedbc.jp/archive/open-tggates-pathological-images/LATEST/images/omeprazole/Liver/27507.svs,slight,1,0,Low,2
27361.svs,0,train,E0124-G13-P0,omeprazole,124,13,2,dataset/wsi/normal/27361.svs,ftp://ftp.biosciencedbc.jp/archive/open-tggates-pathological-images/LATEST/images/omeprazole/Liver/27361.svs,normal,0,0,High,0
27359.svs,1,train,E0124-G13-P0,omeprazole,124,13,1,dataset/wsi/abnormal/27359.svs,ftp://ftp.biosciencedbc.jp/archive/open-tggates-pathological-images/LATEST/images/omeprazole/Liver/27359.svs,slight,1,0,High,2
27368.svs,0,train,E0124-G13-P1,omeprazole,124,13,5,dataset/wsi/normal/27368.svs,ftp://ftp.biosciencedbc.jp/archive/open-tggates-pathological-images/LATEST/images/omeprazole/Liver/27368.svs,normal,0,0,High,0
27363.svs,1,train,E0124-G13-P1,omeprazole,124,13,3,dataset/wsi/abnormal/27363.svs,ftp://ftp.biosciencedbc.jp/archive/open-tggates-pathological-images/LATEST/images/omeprazole/Liver/27363.svs,slight,2,0,High,2
27412.svs,0,train,E0124-G14-P0,omeprazole,124,14,3,dataset/wsi/normal/27412.svs,ftp://ftp.biosciencedbc.jp/archive/open-tggates-pathological-images/LATEST/images/omeprazole/Liver/27412.svs,normal,0,0,High,0
27406.svs,1,train,E0124-G14-P0,omeprazole,124,14,1,dataset/wsi/abnormal/27406.svs,ftp://ftp.biosciencedbc.jp/archive/open-tggates-pathological-images/LATEST/images/omeprazole/Liver/27406.svs,slight,1,0,High,2
4765.svs,0,train,E0125-G11-P0,ethionine,125,11,3,dataset/wsi/normal/4765.svs,ftp://ftp.biosciencedbc.jp/archive/open-tggates-pathological-images/LATEST/images/ethionine/Liver/4765.svs,normal,0,0,Middle,0
4759.svs,1,train,E0125-G11-P0,ethionine,125,11,1,dataset/wsi/abnormal/4759.svs,ftp://ftp.biosciencedbc.jp/archive/open-tggates-pathological-images/LATEST/images/ethionine/Liver/4759.svs,minimal,1,0,Middle,1
4887.svs,0,train,E0128-G11-P0,aspirin,128,11,3,dataset/wsi/normal/4887.svs,ftp://ftp.biosciencedbc.jp/archive/open-tggates-pathological-images/LATEST/images/aspirin/Liver/4887.svs,normal,0,0,Middle,0
4884.svs,1,train,E0128-G11-P0,aspirin,128,11,1,dataset/wsi/abnormal/4884.svs,ftp://ftp.biosciencedbc.jp/archive/open-tggates-pathological-images/LATEST/images/aspirin/Liver/4884.svs,minimal,1,0,Middle,1
70462.svs,0,train,E0128-G11-P1,aspirin,128,11,4,dataset/wsi/normal/70462.svs,ftp://ftp.biosciencedbc.jp/archive/open-tggates-pathological-images/LATEST/images/aspirin/Liver/70462.svs,normal,0,0,Middle,0
4886.svs,1,train,E0128-G11-P1,aspirin,128,11,2,dataset/wsi/abnormal/4886.svs,ftp://ftp.biosciencedbc.jp/archive/open-tggates-pathological-images/LATEST/images/aspirin/Liver/4886.svs,minimal,1,0,Middle,1
4916.svs,0,train,E0128-G12-P0,aspirin,128,12,1,dataset/wsi/normal/4916.svs,ftp://ftp.biosciencedbc.jp/archive/open-tggates-pathological-images/LATEST/images/aspirin/Liver/4916.svs,normal,0,0,Middle,0
4917.svs,1,train,E0128-G12-P0,aspirin,128,12,2,dataset/wsi/abnormal/4917.svs,ftp://ftp.biosciencedbc.jp/archive/open-tggates-pathological-images/LATEST/images/aspirin/Liver/4917.svs,minimal,1,0,Middle,1
4919.svs,0,train,E0128-G12-P1,aspirin,128,12,3,dataset/wsi/normal/4919.svs,ftp://ftp.biosciencedbc.jp/archive/open-tggates-pathological-images/LATEST/images/aspirin/Liver/4919.svs,normal,0,0,Middle,0
4922.svs,1,train,E0128-G12-P1,aspirin,128,12,5,dataset/wsi/abnormal/4922.svs,ftp://ftp.biosciencedbc.jp/archive/open-tggates-pathological-images/LATEST/images/aspirin/Liver/4922.svs,minimal,1,0,Middle,1
4828.svs,0,train,E0128-G13-P0,aspirin,128,13,2,dataset/wsi/normal/4828.svs,ftp://ftp.biosciencedbc.jp/archive/open-tggates-pathological-images/LATEST/images/aspirin/Liver/4828.svs,normal,0,0,High,0
70461.svs,1,train,E0128-G13-P0,aspirin,128,13,1,dataset/wsi/abnormal/70461.svs,ftp://ftp.biosciencedbc.jp/archive/open-tggates-pathological-images/LATEST/images/aspirin/Liver/70461.svs,slight,1,0,High,2
28693.svs,0,train,E0147-G07-P0,carbamazepine,147,7,4,dataset/wsi/normal/28693.svs,ftp://ftp.biosciencedbc.jp/archive/open-tggates-pathological-images/LATEST/images/carbamazepine/Liver/28693.svs,normal,0,0,Low,0
28685.svs,1,train,E0147-G07-P0,carbamazepine,147,7,1,dataset/wsi/abnormal/28685.svs,ftp://ftp.biosciencedbc.jp/archive/open-tggates-pathological-images/LATEST/images/carbamazepine/Liver/28685.svs,minimal,1,0,Low,1
28670.svs,0,train,E0147-G14-P0,carbamazepine,147,14,5,dataset/wsi/normal/28670.svs,ftp://ftp.biosciencedbc.jp/archive/open-tggates-pathological-images/LATEST/images/carbamazepine/Liver/28670.svs,normal,0,0,High,0
28657.svs,1,train,E0147-G14-P0,carbamazepine,147,14,1,dataset/wsi/abnormal/28657.svs,ftp://ftp.biosciencedbc.jp/archive/open-tggates-pathological-images/LATEST/images/carbamazepine/Liver/28657.svs,minimal,1,0,High,1
5855.svs,0,train,E0155-G08-P0,benzbromarone,155,8,1,dataset/wsi/normal/5855.svs,ftp://ftp.biosciencedbc.jp/archive/open-tggates-pathological-images/LATEST/images/benzbromarone/Liver/5855.svs,normal,0,0,Low,0
5859.svs,1,train,E0155-G08-P0,benzbromarone,155,8,2,dataset/wsi/abnormal/5859.svs,ftp://ftp.biosciencedbc.jp/archive/open-tggates-pathological-images/LATEST/images/benzbromarone/Liver/5859.svs,minimal,1,0,Low,1
5862.svs,0,train,E0155-G08-P1,benzbromarone,155,8,3,dataset/wsi/normal/5862.svs,ftp://ftp.biosciencedbc.jp/archive/open-tggates-pathological-images/LATEST/images/benzbromarone/Liver/5862.svs,normal,0,0,Low,0
5865.svs,1,train,E0155-G08-P1,benzbromarone,155,8,4,dataset/wsi/abnormal/5865.svs,ftp://ftp.biosciencedbc.jp/archive/open-tggates-pathological-images/LATEST/images/benzbromarone/Liver/5865.svs,minimal,1,0,Low,1
6249.svs,0,train,E0157-G05-P0,hexachlorobenzene,157,5,1,dataset/wsi/normal/6249.svs,ftp://ftp.biosciencedbc.jp/archive/open-tggates-pathological-images/LATEST/images/hexachlorobenzene/Liver/6249.svs,normal,0,0,Low,0
6258.svs,1,train,E0157-G05-P0,hexachlorobenzene,157,5,4,dataset/wsi/abnormal/6258.svs,ftp://ftp.biosciencedbc.jp/archive/open-tggates-pathological-images/LATEST/images/hexachlorobenzene/Liver/6258.svs,minimal,1,0,Low,1
6358.svs,0,train,E0157-G09-P0,hexachlorobenzene,157,9,1,dataset/wsi/normal/6358.svs,ftp://ftp.biosciencedbc.jp/archive/open-tggates-pathological-images/LATEST/images/hexachlorobenzene/Liver/6358.svs,normal,0,0,Middle,0
6359.svs,1,train,E0157-G09-P0,hexachlorobenzene,157,9,2,dataset/wsi/abnormal/6359.svs,ftp://ftp.biosciencedbc.jp/archive/open-tggates-pathological-images/LATEST/images/hexachlorobenzene/Liver/6359.svs,minimal,1,0,Middle,1
6361.svs,0,train,E0157-G09-P1,hexachlorobenzene,157,9,3,dataset/wsi/normal/6361.svs,ftp://ftp.biosciencedbc.jp/archive/open-tggates-pathological-images/LATEST/images/hexachlorobenzene/Liver/6361.svs,normal,0,0,Middle,0
6362.svs,1,train,E0157-G09-P1,hexachlorobenzene,157,9,4,dataset/wsi/abnormal/6362.svs,ftp://ftp.biosciencedbc.jp/archive/open-tggates-pathological-images/LATEST/images/hexachlorobenzene/Liver/6362.svs,minimal,1,0,Middle,1
6528.svs,0,train,E0159-G12-P0,diazepam,159,12,1,dataset/wsi/normal/6528.svs,ftp://ftp.biosciencedbc.jp/archive/open-tggates-pathological-images/LATEST/images/diazepam/Liver/6528.svs,normal,0,0,Middle,0
6529.svs,1,train,E0159-G12-P0,diazepam,159,12,2,dataset/wsi/abnormal/6529.svs,ftp://ftp.biosciencedbc.jp/archive/open-tggates-pathological-images/LATEST/images/diazepam/Liver/6529.svs,minimal,1,0,Middle,1
6531.svs,0,train,E0159-G12-P1,diazepam,159,12,4,dataset/wsi/normal/6531.svs,ftp://ftp.biosciencedbc.jp/archive/open-tggates-pathological-images/LATEST/images/diazepam/Liver/6531.svs,normal,0,0,Middle,0
6530.svs,1,train,E0159-G12-P1,diazepam,159,12,3,dataset/wsi/abnormal/6530.svs,ftp://ftp.biosciencedbc.jp/archive/open-tggates-pathological-images/LATEST/images/diazepam/Liver/6530.svs,minimal,1,0,Middle,1
6533.svs,0,train,E0159-G13-P0,diazepam,159,13,1,dataset/wsi/normal/6533.svs,ftp://ftp.biosciencedbc.jp/archive/open-tggates-pathological-images/LATEST/images/diazepam/Liver/6533.svs,normal,0,0,High,0
6536.svs,1,train,E0159-G13-P0,diazepam,159,13,4,dataset/wsi/abnormal/6536.svs,ftp://ftp.biosciencedbc.jp/archive/open-tggates-pathological-images/LATEST/images/diazepam/Liver/6536.svs,minimal,1,0,High,1
6541.svs,0,train,E0159-G14-P0,diazepam,159,14,4,dataset/wsi/normal/6541.svs,ftp://ftp.biosciencedbc.jp/archive/open-tggates-pathological-images/LATEST/images/diazepam/Liver/6541.svs,normal,0,0,High,0
6538.svs,1,train,E0159-G14-P0,diazepam,159,14,1,dataset/wsi/abnormal/6538.svs,ftp://ftp.biosciencedbc.jp/archive/open-tggates-pathological-images/LATEST/images/diazepam/Liver/6538.svs,minimal,1,0,High,1
6542.svs,0,train,E0159-G14-P1,diazepam,159,14,5,dataset/wsi/normal/6542.svs,ftp://ftp.biosciencedbc.jp/archive/open-tggates-pathological-images/LATEST/images/diazepam/Liver/6542.svs,normal,0,0,High,0
6539.svs,1,train,E0159-G14-P1,diazepam,159,14,2,dataset/wsi/abnormal/6539.svs,ftp://ftp.biosciencedbc.jp/archive/open-tggates-pathological-images/LATEST/images/diazepam/Liver/6539.svs,minimal,1,0,High,1
31793.svs,0,train,E0172-G16-P0,cyclophosphamide,172,16,1,dataset/wsi/normal/31793.svs,ftp://ftp.biosciencedbc.jp/archive/open-tggates-pathological-images/LATEST/images/cyclophosphamide/Liver/31793.svs,normal,0,0,High,0
31800.svs,1,train,E0172-G16-P0,cyclophosphamide,172,16,2,dataset/wsi/abnormal/31800.svs,ftp://ftp.biosciencedbc.jp/archive/open-tggates-pathological-images/LATEST/images/cyclophosphamide/Liver/31800.svs,slight,4,0,High,2
31816.svs,0,train,E0172-G16-P1,cyclophosphamide,172,16,5,dataset/wsi/normal/31816.svs,ftp://ftp.biosciencedbc.jp/archive/open-tggates-pathological-images/LATEST/images/cyclophosphamide/Liver/31816.svs,normal,0,0,High,0
31812.svs,1,train,E0172-G16-P1,cyclophosphamide,172,16,4,dataset/wsi/abnormal/31812.svs,ftp://ftp.biosciencedbc.jp/archive/open-tggates-pathological-images/LATEST/images/cyclophosphamide/Liver/31812.svs,slight,4,0,High,2
46735.svs,0,train,E0174-G06-P0,methapyrilene,174,6,2,dataset/wsi/normal/46735.svs,ftp://ftp.biosciencedbc.jp/archive/open-tggates-pathological-images/LATEST/images/methapyrilene/Liver/46735.svs,normal,0,0,Low,0
46731.svs,1,train,E0174-G06-P0,methapyrilene,174,6,1,dataset/wsi/abnormal/46731.svs,ftp://ftp.biosciencedbc.jp/archive/open-tggates-pathological-images/LATEST/images/methapyrilene/Liver/46731.svs,slight,1,0,Low,2
46777.svs,0,train,E0174-G08-P0,methapyrilene,174,8,1,dataset/wsi/normal/46777.svs,ftp://ftp.biosciencedbc.jp/archive/open-tggates-pathological-images/LATEST/images/methapyrilene/Liver/46777.svs,normal,0,0,Low,0
46786.svs,1,train,E0174-G08-P0,methapyrilene,174,8,3,dataset/wsi/abnormal/46786.svs,ftp://ftp.biosciencedbc.jp/archive/open-tggates-pathological-images/LATEST/images/methapyrilene/Liver/46786.svs,slight,1,0,Low,2
46810.svs,0,train,E0174-G09-P0,methapyrilene,174,9,3,dataset/wsi/normal/46810.svs,ftp://ftp.biosciencedbc.jp/archive/open-tggates-pathological-images/LATEST/images/methapyrilene/Liver/46810.svs,normal,0,0,Middle,0
46801.svs,1,train,E0174-G09-P0,methapyrilene,174,9,1,dataset/wsi/abnormal/46801.svs,ftp://ftp.biosciencedbc.jp/archive/open-tggates-pathological-images/LATEST/images/methapyrilene/Liver/46801.svs,slight,1,0,Middle,2
46814.svs,0,train,E0174-G09-P1,methapyrilene,174,9,4,dataset/wsi/normal/46814.svs,ftp://ftp.biosciencedbc.jp/archive/open-tggates-pathological-images/LATEST/images/methapyrilene/Liver/46814.svs,normal,0,0,Middle,0
46805.svs,1,train,E0174-G09-P1,methapyrilene,174,9,2,dataset/wsi/abnormal/46805.svs,ftp://ftp.biosciencedbc.jp/archive/open-tggates-pathological-images/LATEST/images/methapyrilene/Liver/46805.svs,slight,3,0,Middle,2
46824.svs,0,train,E0174-G10-P0,methapyrilene,174,10,1,dataset/wsi/normal/46824.svs,ftp://ftp.biosciencedbc.jp/archive/open-tggates-pathological-images/LATEST/images/methapyrilene/Liver/46824.svs,normal,0,0,Middle,0
46838.svs,1,train,E0174-G10-P0,methapyrilene,174,10,4,dataset/wsi/abnormal/46838.svs,ftp://ftp.biosciencedbc.jp/archive/open-tggates-pathological-images/LATEST/images/methapyrilene/Liver/46838.svs,slight,1,0,Middle,2
46828.svs,0,train,E0174-G10-P1,methapyrilene,174,10,2,dataset/wsi/normal/46828.svs,ftp://ftp.biosciencedbc.jp/archive/open-tggates-pathological-images/LATEST/images/methapyrilene/Liver/46828.svs,normal,0,0,Middle,0
46843.svs,1,train,E0174-G10-P1,methapyrilene,174,10,5,dataset/wsi/abnormal/46843.svs,ftp://ftp.biosciencedbc.jp/archive/open-tggates-pathological-images/LATEST/images/methapyrilene/Liver/46843.svs,slight,1,0,Middle,2
31635.svs,0,train,E0176-G11-P0,phenytoin,176,11,1,dataset/wsi/normal/31635.svs,ftp://ftp.biosciencedbc.jp/archive/open-tggates-pathological-images/LATEST/images/phenytoin/Liver/31635.svs,normal,0,0,Middle,0
31639.svs,1,train,E0176-G11-P0,phenytoin,176,11,2,dataset/wsi/abnormal/31639.svs,ftp://ftp.biosciencedbc.jp/archive/open-tggates-pathological-images/LATEST/images/phenytoin/Liver/31639.svs,slight,1,0,Middle,2
31644.svs,0,train,E0176-G11-P1,phenytoin,176,11,3,dataset/wsi/normal/31644.svs,ftp://ftp.biosciencedbc.jp/archive/open-tggates-pathological-images/LATEST/images/phenytoin/Liver/31644.svs,normal,0,0,Middle,0
31650.svs,1,train,E0176-G11-P1,phenytoin,176,11,4,dataset/wsi/abnormal/31650.svs,ftp://ftp.biosciencedbc.jp/archive/open-tggates-pathological-images/LATEST/images/phenytoin/Liver/31650.svs,slight,1,0,Middle,2
70998.svs,0,train,E0176-G12-P0,phenytoin,176,12,5,dataset/wsi/normal/70998.svs,ftp://ftp.biosciencedbc.jp/archive/open-tggates-pathological-images/LATEST/images/phenytoin/Liver/70998.svs,normal,0,0,Middle,0
31662.svs,1,train,E0176-G12-P0,phenytoin,176,12,1,dataset/wsi/abnormal/31662.svs,ftp://ftp.biosciencedbc.jp/archive/open-tggates-pathological-images/LATEST/images/phenytoin/Liver/31662.svs,slight,1,0,Middle,2
8304.svs,0,train,E0181-G06-P0,WY-14643,181,6,2,dataset/wsi/normal/8304.svs,ftp://ftp.biosciencedbc.jp/archive/open-tggates-pathological-images/LATEST/images/WY-14643/Liver/8304.svs,normal,0,0,Low,0
8303.svs,1,train,E0181-G06-P0,WY-14643,181,6,1,dataset/wsi/abnormal/8303.svs,ftp://ftp.biosciencedbc.jp/archive/open-tggates-pathological-images/LATEST/images/WY-14643/Liver/8303.svs,minimal,1,0,Low,1
8321.svs,0,train,E0181-G07-P0,WY-14643,181,7,4,dataset/wsi/normal/8321.svs,ftp://ftp.biosciencedbc.jp/archive/open-tggates-pathological-images/LATEST/images/WY-14643/Liver/8321.svs,normal,0,0,Low,0
8314.svs,1,train,E0181-G07-P0,WY-14643,181,7,1,dataset/wsi/abnormal/8314.svs,ftp://ftp.biosciencedbc.jp/archive/open-tggates-pathological-images/LATEST/images/WY-14643/Liver/8314.svs,minimal,1,0,Low,1
8323.svs,0,train,E0181-G07-P1,WY-14643,181,7,5,dataset/wsi/normal/8323.svs,ftp://ftp.biosciencedbc.jp/archive/open-tggates-pathological-images/LATEST/images/WY-14643/Liver/8323.svs,normal,0,0,Low,0
8317.svs,1,train,E0181-G07-P1,WY-14643,181,7,2,dataset/wsi/abnormal/8317.svs,ftp://ftp.biosciencedbc.jp/archive/open-tggates-pathological-images/LATEST/images/WY-14643/Liver/8317.svs,slight,1,0,Low,2
8352.svs,0,train,E0181-G10-P0,WY-14643,181,10,1,dataset/wsi/normal/8352.svs,ftp://ftp.biosciencedbc.jp/archive/open-tggates-pathological-images/LATEST/images/WY-14643/Liver/8352.svs,normal,0,0,Middle,0
8357.svs,1,train,E0181-G10-P0,WY-14643,181,10,3,dataset/wsi/abnormal/8357.svs,ftp://ftp.biosciencedbc.jp/archive/open-tggates-pathological-images/LATEST/images/WY-14643/Liver/8357.svs,minimal,1,0,Middle,1
8354.svs,0,train,E0181-G10-P1,WY-14643,181,10,2,dataset/wsi/normal/8354.svs,ftp://ftp.biosciencedbc.jp/archive/open-tggates-pathological-images/LATEST/images/WY-14643/Liver/8354.svs,normal,0,0,Middle,0
8384.svs,1,train,E0181-G10-P1,WY-14643,181,10,4,dataset/wsi/abnormal/8384.svs,ftp://ftp.biosciencedbc.jp/archive/open-tggates-pathological-images/LATEST/images/WY-14643/Liver/8384.svs,minimal,1,0,Middle,1
8359.svs,0,train,E0181-G11-P0,WY-14643,181,11,1,dataset/wsi/normal/8359.svs,ftp://ftp.biosciencedbc.jp/archive/open-tggates-pathological-images/LATEST/images/WY-14643/Liver/8359.svs,normal,0,0,Middle,0
8362.svs,1,train,E0181-G11-P0,WY-14643,181,11,2,dataset/wsi/abnormal/8362.svs,ftp://ftp.biosciencedbc.jp/archive/open-tggates-pathological-images/LATEST/images/WY-14643/Liver/8362.svs,minimal,1,0,Middle,1
8421.svs,0,train,E0181-G15-P0,WY-14643,181,15,4,dataset/wsi/normal/8421.svs,ftp://ftp.biosciencedbc.jp/archive/open-tggates-pathological-images/LATEST/images/WY-14643/Liver/8421.svs,normal,0,0,High,0
8414.svs,1,train,E0181-G15-P0,WY-14643,181,15,1,dataset/wsi/abnormal/8414.svs,ftp://ftp.biosciencedbc.jp/archive/open-tggates-pathological-images/LATEST/images/WY-14643/Liver/8414.svs,slight,1,0,High,2
8746.svs,0,train,E0183-G16-P0,gemfibrozil,183,16,4,dataset/wsi/normal/8746.svs,ftp://ftp.biosciencedbc.jp/archive/open-tggates-pathological-images/LATEST/images/gemfibrozil/Liver/8746.svs,normal,0,0,High,0
8739.svs,1,train,E0183-G16-P0,gemfibrozil,183,16,1,dataset/wsi/abnormal/8739.svs,ftp://ftp.biosciencedbc.jp/archive/open-tggates-pathological-images/LATEST/images/gemfibrozil/Liver/8739.svs,minimal,1,0,High,1
29858.svs,0,train,E0184-G05-P0,gemfibrozil,184,5,1,dataset/wsi/normal/29858.svs,ftp://ftp.biosciencedbc.jp/archive/open-tggates-pathological-images/LATEST/images/gemfibrozil/Liver/29858.svs,normal,0,0,Low,0
29863.svs,1,train,E0184-G05-P0,gemfibrozil,184,5,3,dataset/wsi/abnormal/29863.svs,ftp://ftp.biosciencedbc.jp/archive/open-tggates-pathological-images/LATEST/images/gemfibrozil/Liver/29863.svs,minimal,1,0,Low,1
29886.svs,0,train,E0184-G07-P0,gemfibrozil,184,7,3,dataset/wsi/normal/29886.svs,ftp://ftp.biosciencedbc.jp/archive/open-tggates-pathological-images/LATEST/images/gemfibrozil/Liver/29886.svs,normal,0,0,Low,0
29882.svs,1,train,E0184-G07-P0,gemfibrozil,184,7,1,dataset/wsi/abnormal/29882.svs,ftp://ftp.biosciencedbc.jp/archive/open-tggates-pathological-images/LATEST/images/gemfibrozil/Liver/29882.svs,minimal,1,0,Low,1
29896.svs,0,train,E0184-G08-P0,gemfibrozil,184,8,2,dataset/wsi/normal/29896.svs,ftp://ftp.biosciencedbc.jp/archive/open-tggates-pathological-images/LATEST/images/gemfibrozil/Liver/29896.svs,normal,0,0,Low,0
29893.svs,1,train,E0184-G08-P0,gemfibrozil,184,8,1,dataset/wsi/abnormal/29893.svs,ftp://ftp.biosciencedbc.jp/archive/open-tggates-pathological-images/LATEST/images/gemfibrozil/Liver/29893.svs,minimal,2,1,Low,1
30261.svs,0,train,E0185-G15-P0,bromobenzene,185,15,1,dataset/wsi/normal/30261.svs,ftp://ftp.biosciencedbc.jp/archive/open-tggates-pathological-images/LATEST/images/bromobenzene/Liver/30261.svs,normal,0,0,High,0
30264.svs,1,train,E0185-G15-P0,bromobenzene,185,15,3,dataset/wsi/abnormal/30264.svs,ftp://ftp.biosciencedbc.jp/archive/open-tggates-pathological-images/LATEST/images/bromobenzene/Liver/30264.svs,minimal,2,1,High,1
30474.svs,0,train,E0186-G09-P0,bromobenzene,186,9,1,dataset/wsi/normal/30474.svs,ftp://ftp.biosciencedbc.jp/archive/open-tggates-pathological-images/LATEST/images/bromobenzene/Liver/30474.svs,normal,0,0,Middle,0
30481.svs,1,train,E0186-G09-P0,bromobenzene,186,9,5,dataset/wsi/abnormal/30481.svs,ftp://ftp.biosciencedbc.jp/archive/open-tggates-pathological-images/LATEST/images/bromobenzene/Liver/30481.svs,minimal,1,0,Middle,1
30499.svs,0,train,E0186-G12-P0,bromobenzene,186,12,1,dataset/wsi/normal/30499.svs,ftp://ftp.biosciencedbc.jp/archive/open-tggates-pathological-images/LATEST/images/bromobenzene/Liver/30499.svs,normal,0,0,Middle,0
30507.svs,1,train,E0186-G12-P0,bromobenzene,186,12,5,dataset/wsi/abnormal/30507.svs,ftp://ftp.biosciencedbc.jp/archive/open-tggates-pathological-images/LATEST/images/bromobenzene/Liver/30507.svs,minimal,1,0,Middle,1
30514.svs,0,train,E0186-G13-P0,bromobenzene,186,13,4,dataset/wsi/normal/30514.svs,ftp://ftp.biosciencedbc.jp/archive/open-tggates-pathological-images/LATEST/images/bromobenzene/Liver/30514.svs,normal,0,0,High,0
30509.svs,1,train,E0186-G13-P0,bromobenzene,186,13,1,dataset/wsi/abnormal/30509.svs,ftp://ftp.biosciencedbc.jp/archive/open-tggates-pathological-images/LATEST/images/bromobenzene/Liver/30509.svs,minimal,1,0,High,1
30520.svs,0,train,E0186-G14-P0,bromobenzene,186,14,2,dataset/wsi/normal/30520.svs,ftp://ftp.biosciencedbc.jp/archive/open-tggates-pathological-images/LATEST/images/bromobenzene/Liver/30520.svs,normal,0,0,High,0
30518.svs,1,train,E0186-G14-P0,bromobenzene,186,14,1,dataset/wsi/abnormal/30518.svs,ftp://ftp.biosciencedbc.jp/archive/open-tggates-pathological-images/LATEST/images/bromobenzene/Liver/30518.svs,minimal,1,0,High,1
30523.svs,0,train,E0186-G14-P1,bromobenzene,186,14,3,dataset/wsi/normal/30523.svs,ftp://ftp.biosciencedbc.jp/archive/open-tggates-pathological-images/LATEST/images/bromobenzene/Liver/30523.svs,normal,0,0,High,0
30525.svs,1,train,E0186-G14-P1,bromobenzene,186,14,4,dataset/wsi/abnormal/30525.svs,ftp://ftp.biosciencedbc.jp/archive/open-tggates-pathological-images/LATEST/images/bromobenzene/Liver/30525.svs,minimal,1,0,High,1
7751.svs,0,train,E0196-G16-P0,coumarin,196,16,4,dataset/wsi/normal/7751.svs,ftp://ftp.biosciencedbc.jp/archive/open-tggates-pathological-images/LATEST/images/coumarin/Liver/7751.svs,normal,0,0,High,0
7745.svs,1,train,E0196-G16-P0,coumarin,196,16,1,dataset/wsi/abnormal/7745.svs,ftp://ftp.biosciencedbc.jp/archive/open-tggates-pathological-images/LATEST/images/coumarin/Liver/7745.svs,minimal,1,0,High,1
29026.svs,0,train,E0197-G13-P0,coumarin,197,13,1,dataset/wsi/normal/29026.svs,ftp://ftp.biosciencedbc.jp/archive/open-tggates-pathological-images/LATEST/images/coumarin/Liver/29026.svs,normal,0,0,High,0
29033.svs,1,train,E0197-G13-P0,coumarin,197,13,5,dataset/wsi/abnormal/29033.svs,ftp://ftp.biosciencedbc.jp/archive/open-tggates-pathological-images/LATEST/images/coumarin/Liver/29033.svs,minimal,2,1,High,1
8047.svs,0,train,E0201-G16-P0,propylthiouracil,201,16,1,dataset/wsi/normal/8047.svs,ftp://ftp.biosciencedbc.jp/archive/open-tggates-pathological-images/LATEST/images/propylthiouracil/Liver/8047.svs,normal,0,0,High,0
8049.svs,1,train,E0201-G16-P0,propylthiouracil,201,16,2,dataset/wsi/abnormal/8049.svs,ftp://ftp.biosciencedbc.jp/archive/open-tggates-pathological-images/LATEST/images/propylthiouracil/Liver/8049.svs,minimal,1,0,High,1
30406.svs,0,train,E0209-G14-P0,amiodarone,209,14,1,dataset/wsi/normal/30406.svs,ftp://ftp.biosciencedbc.jp/archive/open-tggates-pathological-images/LATEST/images/amiodarone/Liver/30406.svs,normal,0,0,High,0
30409.svs,1,train,E0209-G14-P0,amiodarone,209,14,3,dataset/wsi/abnormal/30409.svs,ftp://ftp.biosciencedbc.jp/archive/open-tggates-pathological-images/LATEST/images/amiodarone/Liver/30409.svs,minimal,1,0,High,1
30408.svs,0,train,E0209-G14-P1,amiodarone,209,14,2,dataset/wsi/normal/30408.svs,ftp://ftp.biosciencedbc.jp/archive/open-tggates-pathological-images/LATEST/images/amiodarone/Liver/30408.svs,normal,0,0,High,0
30410.svs,1,train,E0209-G14-P1,amiodarone,209,14,4,dataset/wsi/abnormal/30410.svs,ftp://ftp.biosciencedbc.jp/archive/open-tggates-pathological-images/LATEST/images/amiodarone/Liver/30410.svs,minimal,1,0,High,1
30750.svs,0,train,E0211-G10-P0,sulfasalazine,211,10,2,dataset/wsi/normal/30750.svs,ftp://ftp.biosciencedbc.jp/archive/open-tggates-pathological-images/LATEST/images/sulfasalazine/Liver/30750.svs,normal,0,0,Middle,0
30747.svs,1,train,E0211-G10-P0,sulfasalazine,211,10,1,dataset/wsi/abnormal/30747.svs,ftp://ftp.biosciencedbc.jp/archive/open-tggates-pathological-images/LATEST/images/sulfasalazine/Liver/30747.svs,slight,1,0,Middle,2
30752.svs,0,train,E0211-G10-P1,sulfasalazine,211,10,3,dataset/wsi/normal/30752.svs,ftp://ftp.biosciencedbc.jp/archive/open-tggates-pathological-images/LATEST/images/sulfasalazine/Liver/30752.svs,normal,0,0,Middle,0
30756.svs,1,train,E0211-G10-P1,sulfasalazine,211,10,5,dataset/wsi/abnormal/30756.svs,ftp://ftp.biosciencedbc.jp/archive/open-tggates-pathological-images/LATEST/images/sulfasalazine/Liver/30756.svs,slight,1,0,Middle,2
30842.svs,0,train,E0211-G12-P0,sulfasalazine,211,12,1,dataset/wsi/normal/30842.svs,ftp://ftp.biosciencedbc.jp/archive/open-tggates-pathological-images/LATEST/images/sulfasalazine/Liver/30842.svs,normal,0,0,Middle,0
30847.svs,1,train,E0211-G12-P0,sulfasalazine,211,12,3,dataset/wsi/abnormal/30847.svs,ftp://ftp.biosciencedbc.jp/archive/open-tggates-pathological-images/LATEST/images/sulfasalazine/Liver/30847.svs,slight,1,0,Middle,2
30714.svs,0,train,E0211-G13-P0,sulfasalazine,211,13,1,dataset/wsi/normal/30714.svs,ftp://ftp.biosciencedbc.jp/archive/open-tggates-pathological-images/LATEST/images/sulfasalazine/Liver/30714.svs,normal,0,0,High,0
30716.svs,1,train,E0211-G13-P0,sulfasalazine,211,13,2,dataset/wsi/abnormal/30716.svs,ftp://ftp.biosciencedbc.jp/archive/open-tggates-pathological-images/LATEST/images/sulfasalazine/Liver/30716.svs,slight,1,0,High,2
31164.svs,0,train,E0214-G16-P0,cimetidine,214,16,2,dataset/wsi/normal/31164.svs,ftp://ftp.biosciencedbc.jp/archive/open-tggates-pathological-images/LATEST/images/cimetidine/Liver/31164.svs,normal,0,0,High,0
31163.svs,1,train,E0214-G16-P0,cimetidine,214,16,1,dataset/wsi/abnormal/31163.svs,ftp://ftp.biosciencedbc.jp/archive/open-tggates-pathological-images/LATEST/images/cimetidine/Liver/31163.svs,moderate,1,0,High,3
31165.svs,0,train,E0214-G16-P1,cimetidine,214,16,3,dataset/wsi/normal/31165.svs,ftp://ftp.biosciencedbc.jp/archive/open-tggates-pathological-images/LATEST/images/cimetidine/Liver/31165.svs,normal,0,0,High,0
31166.svs,1,train,E0214-G16-P1,cimetidine,214,16,4,dataset/wsi/abnormal/31166.svs,ftp://ftp.biosciencedbc.jp/archive/open-tggates-pathological-images/LATEST/images/cimetidine/Liver/31166.svs,slight,2,1,High,2
32085.svs,0,train,E0229-G12-P0,azathioprine,229,12,2,dataset/wsi/normal/32085.svs,ftp://ftp.biosciencedbc.jp/archive/open-tggates-pathological-images/LATEST/images/azathioprine/Liver/32085.svs,normal,0,0,Middle,0
32079.svs,1,train,E0229-G12-P0,azathioprine,229,12,1,dataset/wsi/abnormal/32079.svs,ftp://ftp.biosciencedbc.jp/archive/open-tggates-pathological-images/LATEST/images/azathioprine/Liver/32079.svs,slight,3,0,Middle,2
32164.svs,0,train,E0229-G15-P0,azathioprine,229,15,1,dataset/wsi/normal/32164.svs,ftp://ftp.biosciencedbc.jp/archive/open-tggates-pathological-images/LATEST/images/azathioprine/Liver/32164.svs,normal,0,0,High,0
32170.svs,1,train,E0229-G15-P0,azathioprine,229,15,2,dataset/wsi/abnormal/32170.svs,ftp://ftp.biosciencedbc.jp/archive/open-tggates-pathological-images/LATEST/images/azathioprine/Liver/32170.svs,slight,1,0,High,2
32174.svs,0,train,E0229-G15-P1,azathioprine,229,15,3,dataset/wsi/normal/32174.svs,ftp://ftp.biosciencedbc.jp/archive/open-tggates-pathological-images/LATEST/images/azathioprine/Liver/32174.svs,normal,0,0,High,0
32178.svs,1,train,E0229-G15-P1,azathioprine,229,15,4,dataset/wsi/abnormal/32178.svs,ftp://ftp.biosciencedbc.jp/archive/open-tggates-pathological-images/LATEST/images/azathioprine/Liver/32178.svs,moderate,3,0,High,3
71035.svs,0,train,E0230-G16-P0,ketoconazole,230,16,1,dataset/wsi/normal/71035.svs,ftp://ftp.biosciencedbc.jp/archive/open-tggates-pathological-images/LATEST/images/ketoconazole/Liver/71035.svs,normal,0,0,High,0
32588.svs,1,train,E0230-G16-P0,ketoconazole,230,16,2,dataset/wsi/abnormal/32588.svs,ftp://ftp.biosciencedbc.jp/archive/open-tggates-pathological-images/LATEST/images/ketoconazole/Liver/32588.svs,slight,1,0,High,2
32599.svs,0,train,E0230-G16-P1,ketoconazole,230,16,4,dataset/wsi/normal/32599.svs,ftp://ftp.biosciencedbc.jp/archive/open-tggates-pathological-images/LATEST/images/ketoconazole/Liver/32599.svs,normal,0,0,High,0
32594.svs,1,train,E0230-G16-P1,ketoconazole,230,16,3,dataset/wsi/abnormal/32594.svs,ftp://ftp.biosciencedbc.jp/archive/open-tggates-pathological-images/LATEST/images/ketoconazole/Liver/32594.svs,slight,1,0,High,2
32904.svs,0,train,E0231-G11-P0,ketoconazole,231,11,2,dataset/wsi/normal/32904.svs,ftp://ftp.biosciencedbc.jp/archive/open-tggates-pathological-images/LATEST/images/ketoconazole/Liver/32904.svs,normal,0,0,Middle,0
71360.svs,1,train,E0231-G11-P0,ketoconazole,231,11,1,dataset/wsi/abnormal/71360.svs,ftp://ftp.biosciencedbc.jp/archive/open-tggates-pathological-images/LATEST/images/ketoconazole/Liver/71360.svs,slight,1,0,Middle,2
71361.svs,0,train,E0231-G11-P1,ketoconazole,231,11,4,dataset/wsi/normal/71361.svs,ftp://ftp.biosciencedbc.jp/archive/open-tggates-pathological-images/LATEST/images/ketoconazole/Liver/71361.svs,normal,0,0,Middle,0
71249.svs,1,train,E0231-G11-P1,ketoconazole,231,11,3,dataset/wsi/abnormal/71249.svs,ftp://ftp.biosciencedbc.jp/archive/open-tggates-pathological-images/LATEST/images/ketoconazole/Liver/71249.svs,slight,1,0,Middle,2
30823.svs,0,train,E0238-G15-P0,adapin,238,15,2,dataset/wsi/normal/30823.svs,ftp://ftp.biosciencedbc.jp/archive/open-tggates-pathological-images/LATEST/images/adapin/Liver/30823.svs,normal,0,0,High,0
30821.svs,1,train,E0238-G15-P0,adapin,238,15,1,dataset/wsi/abnormal/30821.svs,ftp://ftp.biosciencedbc.jp/archive/open-tggates-pathological-images/LATEST/images/adapin/Liver/30821.svs,slight,1,0,High,2
10650.svs,0,train,E0241-G12-P0,methyltestosterone,241,12,3,dataset/wsi/normal/10650.svs,ftp://ftp.biosciencedbc.jp/archive/open-tggates-pathological-images/LATEST/images/methyltestosterone/Liver/10650.svs,normal,0,0,Middle,0
10646.svs,1,train,E0241-G12-P0,methyltestosterone,241,12,1,dataset/wsi/abnormal/10646.svs,ftp://ftp.biosciencedbc.jp/archive/open-tggates-pathological-images/LATEST/images/methyltestosterone/Liver/10646.svs,minimal,1,0,Middle,1
10651.svs,0,train,E0241-G12-P1,methyltestosterone,241,12,4,dataset/wsi/normal/10651.svs,ftp://ftp.biosciencedbc.jp/archive/open-tggates-pathological-images/LATEST/images/methyltestosterone/Liver/10651.svs,normal,0,0,Middle,0
10648.svs,1,train,E0241-G12-P1,methyltestosterone,241,12,2,dataset/wsi/abnormal/10648.svs,ftp://ftp.biosciencedbc.jp/archive/open-tggates-pathological-images/LATEST/images/methyltestosterone/Liver/10648.svs,minimal,1,0,Middle,1
31123.svs,0,train,E0242-G15-P0,methyltestosterone,242,15,3,dataset/wsi/normal/31123.svs,ftp://ftp.biosciencedbc.jp/archive/open-tggates-pathological-images/LATEST/images/methyltestosterone/Liver/31123.svs,normal,0,0,High,0
31119.svs,1,train,E0242-G15-P0,methyltestosterone,242,15,1,dataset/wsi/abnormal/31119.svs,ftp://ftp.biosciencedbc.jp/archive/open-tggates-pathological-images/LATEST/images/methyltestosterone/Liver/31119.svs,slight,1,0,High,2
33009.svs,0,train,E0266-G09-P0,metformin,266,9,1,dataset/wsi/normal/33009.svs,ftp://ftp.biosciencedbc.jp/archive/open-tggates-pathological-images/LATEST/images/metformin/Liver/33009.svs,normal,0,0,Middle,0
33012.svs,1,train,E0266-G09-P0,metformin,266,9,2,dataset/wsi/abnormal/33012.svs,ftp://ftp.biosciencedbc.jp/archive/open-tggates-pathological-images/LATEST/images/metformin/Liver/33012.svs,minimal,1,0,Middle,1
33014.svs,0,train,E0266-G09-P1,metformin,266,9,3,dataset/wsi/normal/33014.svs,ftp://ftp.biosciencedbc.jp/archive/open-tggates-pathological-images/LATEST/images/metformin/Liver/33014.svs,normal,0,0,Middle,0
33017.svs,1,train,E0266-G09-P1,metformin,266,9,5,dataset/wsi/abnormal/33017.svs,ftp://ftp.biosciencedbc.jp/archive/open-tggates-pathological-images/LATEST/images/metformin/Liver/33017.svs,minimal,1,0,Middle,1
33062.svs,0,train,E0266-G14-P0,metformin,266,14,1,dataset/wsi/normal/33062.svs,ftp://ftp.biosciencedbc.jp/archive/open-tggates-pathological-images/LATEST/images/metformin/Liver/33062.svs,normal,0,0,High,0
33064.svs,1,train,E0266-G14-P0,metformin,266,14,2,dataset/wsi/abnormal/33064.svs,ftp://ftp.biosciencedbc.jp/archive/open-tggates-pathological-images/LATEST/images/metformin/Liver/33064.svs,minimal,1,0,High,1
33067.svs,0,train,E0266-G14-P1,metformin,266,14,3,dataset/wsi/normal/33067.svs,ftp://ftp.biosciencedbc.jp/archive/open-tggates-pathological-images/LATEST/images/metformin/Liver/33067.svs,normal,0,0,High,0
33068.svs,1,train,E0266-G14-P1,metformin,266,14,4,dataset/wsi/abnormal/33068.svs,ftp://ftp.biosciencedbc.jp/archive/open-tggates-pathological-images/LATEST/images/metformin/Liver/33068.svs,minimal,1,0,High,1
33071.svs,0,train,E0266-G15-P0,metformin,266,15,1,dataset/wsi/normal/33071.svs,ftp://ftp.biosciencedbc.jp/archive/open-tggates-pathological-images/LATEST/images/metformin/Liver/33071.svs,normal,0,0,High,0
33075.svs,1,train,E0266-G15-P0,metformin,266,15,4,dataset/wsi/abnormal/33075.svs,ftp://ftp.biosciencedbc.jp/archive/open-tggates-pathological-images/LATEST/images/metformin/Liver/33075.svs,minimal,1,0,High,1
33072.svs,0,train,E0266-G15-P1,metformin,266,15,2,dataset/wsi/normal/33072.svs,ftp://ftp.biosciencedbc.jp/archive/open-tggates-pathological-images/LATEST/images/metformin/Liver/33072.svs,normal,0,0,High,0
33077.svs,1,train,E0266-G15-P1,metformin,266,15,5,dataset/wsi/abnormal/33077.svs,ftp://ftp.biosciencedbc.jp/archive/open-tggates-pathological-images/LATEST/images/metformin/Liver/33077.svs,minimal,1,0,High,1
33080.svs,0,train,E0266-G16-P0,metformin,266,16,2,dataset/wsi/normal/33080.svs,ftp://ftp.biosciencedbc.jp/archive/open-tggates-pathological-images/LATEST/images/metformin/Liver/33080.svs,normal,0,0,High,0
33079.svs,1,train,E0266-G16-P0,metformin,266,16,1,dataset/wsi/abnormal/33079.svs,ftp://ftp.biosciencedbc.jp/archive/open-tggates-pathological-images/LATEST/images/metformin/Liver/33079.svs,minimal,1,0,High,1
33433.svs,0,train,E0278-G13-P0,methimazole,278,13,1,dataset/wsi/normal/33433.svs,ftp://ftp.biosciencedbc.jp/archive/open-tggates-pathological-images/LATEST/images/methimazole/Liver/33433.svs,normal,0,0,High,0
70531.svs,1,train,E0278-G13-P0,methimazole,278,13,2,dataset/wsi/abnormal/70531.svs,ftp://ftp.biosciencedbc.jp/archive/open-tggates-pathological-images/LATEST/images/methimazole/Liver/70531.svs,minimal,1,0,High,1
70535.svs,0,train,E0278-G14-P0,methimazole,278,14,2,dataset/wsi/normal/70535.svs,ftp://ftp.biosciencedbc.jp/archive/open-tggates-pathological-images/LATEST/images/methimazole/Liver/70535.svs,normal,0,0,High,0
33460.svs,1,train,E0278-G14-P0,methimazole,278,14,1,dataset/wsi/abnormal/33460.svs,ftp://ftp.biosciencedbc.jp/archive/open-tggates-pathological-images/LATEST/images/methimazole/Liver/33460.svs,minimal,1,0,High,1
33479.svs,0,train,E0278-G14-P1,methimazole,278,14,4,dataset/wsi/normal/33479.svs,ftp://ftp.biosciencedbc.jp/archive/open-tggates-pathological-images/LATEST/images/methimazole/Liver/33479.svs,normal,0,0,High,0
33472.svs,1,train,E0278-G14-P1,methimazole,278,14,3,dataset/wsi/abnormal/33472.svs,ftp://ftp.biosciencedbc.jp/archive/open-tggates-pathological-images/LATEST/images/methimazole/Liver/33472.svs,minimal,1,0,High,1
33925.svs,0,train,E0280-G11-P0,monocrotaline,280,11,2,dataset/wsi/normal/33925.svs,ftp://ftp.biosciencedbc.jp/archive/open-tggates-pathological-images/LATEST/images/monocrotaline/Liver/33925.svs,normal,0,0,Middle,0
70550.svs,1,train,E0280-G11-P0,monocrotaline,280,11,1,dataset/wsi/abnormal/70550.svs,ftp://ftp.biosciencedbc.jp/archive/open-tggates-pathological-images/LATEST/images/monocrotaline/Liver/70550.svs,slight,1,0,Middle,2
70551.svs,0,train,E0280-G11-P1,monocrotaline,280,11,3,dataset/wsi/normal/70551.svs,ftp://ftp.biosciencedbc.jp/archive/open-tggates-pathological-images/LATEST/images/monocrotaline/Liver/70551.svs,normal,0,0,Middle,0
33945.svs,1,train,E0280-G11-P1,monocrotaline,280,11,4,dataset/wsi/abnormal/33945.svs,ftp://ftp.biosciencedbc.jp/archive/open-tggates-pathological-images/LATEST/images/monocrotaline/Liver/33945.svs,slight,5,0,Middle,2
33964.svs,0,train,E0280-G12-P0,monocrotaline,280,12,1,dataset/wsi/normal/33964.svs,ftp://ftp.biosciencedbc.jp/archive/open-tggates-pathological-images/LATEST/images/monocrotaline/Liver/33964.svs,normal,0,0,Middle,0
70554.svs,1,train,E0280-G12-P0,monocrotaline,280,12,2,dataset/wsi/abnormal/70554.svs,ftp://ftp.biosciencedbc.jp/archive/open-tggates-pathological-images/LATEST/images/monocrotaline/Liver/70554.svs,moderate,6,0,Middle,3
33978.svs,0,train,E0280-G12-P1,monocrotaline,280,12,3,dataset/wsi/normal/33978.svs,ftp://ftp.biosciencedbc.jp/archive/open-tggates-pathological-images/LATEST/images/monocrotaline/Liver/33978.svs,normal,0,0,Middle,0
33986.svs,1,train,E0280-G12-P1,monocrotaline,280,12,4,dataset/wsi/abnormal/33986.svs,ftp://ftp.biosciencedbc.jp/archive/open-tggates-pathological-images/LATEST/images/monocrotaline/Liver/33986.svs,moderate,5,0,Middle,3
70556.svs,0,train,E0280-G13-P0,monocrotaline,280,13,1,dataset/wsi/normal/70556.svs,ftp://ftp.biosciencedbc.jp/archive/open-tggates-pathological-images/LATEST/images/monocrotaline/Liver/70556.svs,normal,0,0,High,0
34012.svs,1,train,E0280-G13-P0,monocrotaline,280,13,2,dataset/wsi/abnormal/34012.svs,ftp://ftp.biosciencedbc.jp/archive/open-tggates-pathological-images/LATEST/images/monocrotaline/Liver/34012.svs,moderate,3,0,High,3
34069.svs,0,train,E0280-G14-P0,monocrotaline,280,14,4,dataset/wsi/normal/34069.svs,ftp://ftp.biosciencedbc.jp/archive/open-tggates-pathological-images/LATEST/images/monocrotaline/Liver/34069.svs,normal,0,0,High,0
70558.svs,1,train,E0280-G14-P0,monocrotaline,280,14,1,dataset/wsi/abnormal/70558.svs,ftp://ftp.biosciencedbc.jp/archive/open-tggates-pathological-images/LATEST/images/monocrotaline/Liver/70558.svs,moderate,6,0,High,3
70571.svs,0,train,E0282-G07-P0,vitamin A,282,7,2,dataset/wsi/normal/70571.svs,ftp://ftp.biosciencedbc.jp/archive/open-tggates-pathological-images/LATEST/images/vitamin_A/Liver/70571.svs,normal,0,0,Low,0
15431.svs,1,train,E0282-G07-P0,vitamin A,282,7,1,dataset/wsi/abnormal/15431.svs,ftp://ftp.biosciencedbc.jp/archive/open-tggates-pathological-images/LATEST/images/vitamin_A/Liver/15431.svs,slight,2,0,Low,2
15500.svs,0,train,E0282-G09-P0,vitamin A,282,9,1,dataset/wsi/normal/15500.svs,ftp://ftp.biosciencedbc.jp/archive/open-tggates-pathological-images/LATEST/images/vitamin_A/Liver/15500.svs,normal,0,0,Middle,0
15530.svs,1,train,E0282-G09-P0,vitamin A,282,9,5,dataset/wsi/abnormal/15530.svs,ftp://ftp.biosciencedbc.jp/archive/open-tggates-pathological-images/LATEST/images/vitamin_A/Liver/15530.svs,slight,2,0,Middle,2
15544.svs,0,train,E0282-G10-P0,vitamin A,282,10,2,dataset/wsi/normal/15544.svs,ftp://ftp.biosciencedbc.jp/archive/open-tggates-pathological-images/LATEST/images/vitamin_A/Liver/15544.svs,normal,0,0,Middle,0
15537.svs,1,train,E0282-G10-P0,vitamin A,282,10,1,dataset/wsi/abnormal/15537.svs,ftp://ftp.biosciencedbc.jp/archive/open-tggates-pathological-images/LATEST/images/vitamin_A/Liver/15537.svs,slight,2,0,Middle,2
15552.svs,0,train,E0282-G10-P1,vitamin A,282,10,3,dataset/wsi/normal/15552.svs,ftp://ftp.biosciencedbc.jp/archive/open-tggates-pathological-images/LATEST/images/vitamin_A/Liver/15552.svs,normal,0,0,Middle,0
15568.svs,1,train,E0282-G10-P1,vitamin A,282,10,5,dataset/wsi/abnormal/15568.svs,ftp://ftp.biosciencedbc.jp/archive/open-tggates-pathological-images/LATEST/images/vitamin_A/Liver/15568.svs,slight,2,0,Middle,2
15635.svs,0,train,E0282-G13-P0,vitamin A,282,13,1,dataset/wsi/normal/15635.svs,ftp://ftp.biosciencedbc.jp/archive/open-tggates-pathological-images/LATEST/images/vitamin_A/Liver/15635.svs,normal,0,0,High,0
15644.svs,1,train,E0282-G13-P0,vitamin A,282,13,2,dataset/wsi/abnormal/15644.svs,ftp://ftp.biosciencedbc.jp/archive/open-tggates-pathological-images/LATEST/images/vitamin_A/Liver/15644.svs,slight,2,0,High,2
15651.svs,0,train,E0282-G13-P1,vitamin A,282,13,3,dataset/wsi/normal/15651.svs,ftp://ftp.biosciencedbc.jp/archive/open-tggates-pathological-images/LATEST/images/vitamin_A/Liver/15651.svs,normal,0,0,High,0
15658.svs,1,train,E0282-G13-P1,vitamin A,282,13,4,dataset/wsi/abnormal/15658.svs,ftp://ftp.biosciencedbc.jp/archive/open-tggates-pathological-images/LATEST/images/vitamin_A/Liver/15658.svs,slight,2,0,High,2
11052.svs,0,train,E0289-G12-P0,griseofulvin,289,12,1,dataset/wsi/normal/11052.svs,ftp://ftp.biosciencedbc.jp/archive/open-tggates-pathological-images/LATEST/images/griseofulvin/Liver/11052.svs,normal,0,0,Middle,0
11055.svs,1,train,E0289-G12-P0,griseofulvin,289,12,2,dataset/wsi/abnormal/11055.svs,ftp://ftp.biosciencedbc.jp/archive/open-tggates-pathological-images/LATEST/images/griseofulvin/Liver/11055.svs,minimal,1,0,Middle,1
11076.svs,0,train,E0289-G16-P0,griseofulvin,289,16,1,dataset/wsi/normal/11076.svs,ftp://ftp.biosciencedbc.jp/archive/open-tggates-pathological-images/LATEST/images/griseofulvin/Liver/11076.svs,normal,0,0,High,0
11080.svs,1,train,E0289-G16-P0,griseofulvin,289,16,2,dataset/wsi/abnormal/11080.svs,ftp://ftp.biosciencedbc.jp/archive/open-tggates-pathological-images/LATEST/images/griseofulvin/Liver/11080.svs,minimal,1,0,High,1
31977.svs,0,train,E0290-G08-P0,griseofulvin,290,8,1,dataset/wsi/normal/31977.svs,ftp://ftp.biosciencedbc.jp/archive/open-tggates-pathological-images/LATEST/images/griseofulvin/Liver/31977.svs,normal,0,0,Low,0
31990.svs,1,train,E0290-G08-P0,griseofulvin,290,8,5,dataset/wsi/abnormal/31990.svs,ftp://ftp.biosciencedbc.jp/archive/open-tggates-pathological-images/LATEST/images/griseofulvin/Liver/31990.svs,moderate,1,0,Low,3
31820.svs,0,train,E0290-G09-P0,griseofulvin,290,9,4,dataset/wsi/normal/31820.svs,ftp://ftp.biosciencedbc.jp/archive/open-tggates-pathological-images/LATEST/images/griseofulvin/Liver/31820.svs,normal,0,0,Middle,0
31817.svs,1,train,E0290-G09-P0,griseofulvin,290,9,2,dataset/wsi/abnormal/31817.svs,ftp://ftp.biosciencedbc.jp/archive/open-tggates-pathological-images/LATEST/images/griseofulvin/Liver/31817.svs,minimal,1,0,Middle,1
31993.svs,0,train,E0290-G12-P0,griseofulvin,290,12,1,dataset/wsi/normal/31993.svs,ftp://ftp.biosciencedbc.jp/archive/open-tggates-pathological-images/LATEST/images/griseofulvin/Liver/31993.svs,normal,0,0,Middle,0
32000.svs,1,train,E0290-G12-P0,griseofulvin,290,12,3,dataset/wsi/abnormal/32000.svs,ftp://ftp.biosciencedbc.jp/archive/open-tggates-pathological-images/LATEST/images/griseofulvin/Liver/32000.svs,moderate,1,0,Middle,3
31825.svs,0,train,E0290-G13-P0,griseofulvin,290,13,1,dataset/wsi/normal/31825.svs,ftp://ftp.biosciencedbc.jp/archive/open-tggates-pathological-images/LATEST/images/griseofulvin/Liver/31825.svs,normal,0,0,High,0
31828.svs,1,train,E0290-G13-P0,griseofulvin,290,13,2,dataset/wsi/abnormal/31828.svs,ftp://ftp.biosciencedbc.jp/archive/open-tggates-pathological-images/LATEST/images/griseofulvin/Liver/31828.svs,minimal,1,0,High,1
31945.svs,0,train,E0290-G15-P0,griseofulvin,290,15,1,dataset/wsi/normal/31945.svs,ftp://ftp.biosciencedbc.jp/archive/open-tggates-pathological-images/LATEST/images/griseofulvin/Liver/31945.svs,normal,0,0,High,0
31952.svs,1,train,E0290-G15-P0,griseofulvin,290,15,3,dataset/wsi/abnormal/31952.svs,ftp://ftp.biosciencedbc.jp/archive/open-tggates-pathological-images/LATEST/images/griseofulvin/Liver/31952.svs,moderate,1,0,High,3
32010.svs,0,train,E0290-G16-P0,griseofulvin,290,16,1,dataset/wsi/normal/32010.svs,ftp://ftp.biosciencedbc.jp/archive/open-tggates-pathological-images/LATEST/images/griseofulvin/Liver/32010.svs,normal,0,0,High,0
32021.svs,1,train,E0290-G16-P0,griseofulvin,290,16,5,dataset/wsi/abnormal/32021.svs,ftp://ftp.biosciencedbc.jp/archive/open-tggates-pathological-images/LATEST/images/griseofulvin/Liver/32021.svs,moderate,1,0,High,3
11930.svs,0,train,E0292-G08-P0,flutamide,292,8,4,dataset/wsi/normal/11930.svs,ftp://ftp.biosciencedbc.jp/archive/open-tggates-pathological-images/LATEST/images/flutamide/Liver/11930.svs,normal,0,0,Low,0
11918.svs,1,train,E0292-G08-P0,flutamide,292,8,1,dataset/wsi/abnormal/11918.svs,ftp://ftp.biosciencedbc.jp/archive/open-tggates-pathological-images/LATEST/images/flutamide/Liver/11918.svs,minimal,2,1,Low,1
11935.svs,0,train,E0292-G08-P1,flutamide,292,8,5,dataset/wsi/normal/11935.svs,ftp://ftp.biosciencedbc.jp/archive/open-tggates-pathological-images/LATEST/images/flutamide/Liver/11935.svs,normal,0,0,Low,0
11925.svs,1,train,E0292-G08-P1,flutamide,292,8,3,dataset/wsi/abnormal/11925.svs,ftp://ftp.biosciencedbc.jp/archive/open-tggates-pathological-images/LATEST/images/flutamide/Liver/11925.svs,slight,1,0,Low,2
11864.svs,0,train,E0292-G11-P0,flutamide,292,11,5,dataset/wsi/normal/11864.svs,ftp://ftp.biosciencedbc.jp/archive/open-tggates-pathological-images/LATEST/images/flutamide/Liver/11864.svs,normal,0,0,Middle,0
11850.svs,1,train,E0292-G11-P0,flutamide,292,11,2,dataset/wsi/abnormal/11850.svs,ftp://ftp.biosciencedbc.jp/archive/open-tggates-pathological-images/LATEST/images/flutamide/Liver/11850.svs,minimal,1,0,Middle,1
11717.svs,0,train,E0292-G13-P0,flutamide,292,13,1,dataset/wsi/normal/11717.svs,ftp://ftp.biosciencedbc.jp/archive/open-tggates-pathological-images/LATEST/images/flutamide/Liver/11717.svs,normal,0,0,High,0
11722.svs,1,train,E0292-G13-P0,flutamide,292,13,3,dataset/wsi/abnormal/11722.svs,ftp://ftp.biosciencedbc.jp/archive/open-tggates-pathological-images/LATEST/images/flutamide/Liver/11722.svs,minimal,1,0,High,1
11720.svs,0,train,E0292-G13-P1,flutamide,292,13,2,dataset/wsi/normal/11720.svs,ftp://ftp.biosciencedbc.jp/archive/open-tggates-pathological-images/LATEST/images/flutamide/Liver/11720.svs,normal,0,0,High,0
11727.svs,1,train,E0292-G13-P1,flutamide,292,13,5,dataset/wsi/abnormal/11727.svs,ftp://ftp.biosciencedbc.jp/archive/open-tggates-pathological-images/LATEST/images/flutamide/Liver/11727.svs,minimal,1,0,High,1
33352.svs,0,train,E0297-G12-P0,tamoxifen,297,12,1,dataset/wsi/normal/33352.svs,ftp://ftp.biosciencedbc.jp/archive/open-tggates-pathological-images/LATEST/images/tamoxifen/Liver/33352.svs,normal,0,0,Middle,0
33358.svs,1,train,E0297-G12-P0,tamoxifen,297,12,4,dataset/wsi/abnormal/33358.svs,ftp://ftp.biosciencedbc.jp/archive/open-tggates-pathological-images/LATEST/images/tamoxifen/Liver/33358.svs,minimal,1,0,Middle,1
33361.svs,0,train,E0297-G13-P0,tamoxifen,297,13,1,dataset/wsi/normal/33361.svs,ftp://ftp.biosciencedbc.jp/archive/open-tggates-pathological-images/LATEST/images/tamoxifen/Liver/33361.svs,normal,0,0,High,0
33366.svs,1,train,E0297-G13-P0,tamoxifen,297,13,4,dataset/wsi/abnormal/33366.svs,ftp://ftp.biosciencedbc.jp/archive/open-tggates-pathological-images/LATEST/images/tamoxifen/Liver/33366.svs,minimal,1,0,High,1
33390.svs,0,train,E0297-G16-P0,tamoxifen,297,16,2,dataset/wsi/normal/33390.svs,ftp://ftp.biosciencedbc.jp/archive/open-tggates-pathological-images/LATEST/images/tamoxifen/Liver/33390.svs,normal,0,0,High,0
33387.svs,1,train,E0297-G16-P0,tamoxifen,297,16,1,dataset/wsi/abnormal/33387.svs,ftp://ftp.biosciencedbc.jp/archive/open-tggates-pathological-images/LATEST/images/tamoxifen/Liver/33387.svs,minimal,1,0,High,1
33396.svs,0,train,E0297-G16-P1,tamoxifen,297,16,5,dataset/wsi/normal/33396.svs,ftp://ftp.biosciencedbc.jp/archive/open-tggates-pathological-images/LATEST/images/tamoxifen/Liver/33396.svs,normal,0,0,High,0
33393.svs,1,train,E0297-G16-P1,tamoxifen,297,16,3,dataset/wsi/abnormal/33393.svs,ftp://ftp.biosciencedbc.jp/archive/open-tggates-pathological-images/LATEST/images/tamoxifen/Liver/33393.svs,minimal,1,0,High,1
13050.svs,0,train,E0303-G08-P0,chlormezanone,303,8,1,dataset/wsi/normal/13050.svs,ftp://ftp.biosciencedbc.jp/archive/open-tggates-pathological-images/LATEST/images/chlormezanone/Liver/13050.svs,normal,0,0,Low,0
13057.svs,1,train,E0303-G08-P0,chlormezanone,303,8,4,dataset/wsi/abnormal/13057.svs,ftp://ftp.biosciencedbc.jp/archive/open-tggates-pathological-images/LATEST/images/chlormezanone/Liver/13057.svs,minimal,1,0,Low,1
13082.svs,0,train,E0303-G11-P0,chlormezanone,303,11,1,dataset/wsi/normal/13082.svs,ftp://ftp.biosciencedbc.jp/archive/open-tggates-pathological-images/LATEST/images/chlormezanone/Liver/13082.svs,normal,0,0,Middle,0
13088.svs,1,train,E0303-G11-P0,chlormezanone,303,11,4,dataset/wsi/abnormal/13088.svs,ftp://ftp.biosciencedbc.jp/archive/open-tggates-pathological-images/LATEST/images/chlormezanone/Liver/13088.svs,slight,1,0,Middle,2
13103.svs,0,train,E0303-G13-P0,chlormezanone,303,13,1,dataset/wsi/normal/13103.svs,ftp://ftp.biosciencedbc.jp/archive/open-tggates-pathological-images/LATEST/images/chlormezanone/Liver/13103.svs,normal,0,0,High,0
13105.svs,1,train,E0303-G13-P0,chlormezanone,303,13,2,dataset/wsi/abnormal/13105.svs,ftp://ftp.biosciencedbc.jp/archive/open-tggates-pathological-images/LATEST/images/chlormezanone/Liver/13105.svs,minimal,1,0,High,1
13107.svs,0,train,E0303-G13-P1,chlormezanone,303,13,3,dataset/wsi/normal/13107.svs,ftp://ftp.biosciencedbc.jp/archive/open-tggates-pathological-images/LATEST/images/chlormezanone/Liver/13107.svs,normal,0,0,High,0
13109.svs,1,train,E0303-G13-P1,chlormezanone,303,13,4,dataset/wsi/abnormal/13109.svs,ftp://ftp.biosciencedbc.jp/archive/open-tggates-pathological-images/LATEST/images/chlormezanone/Liver/13109.svs,minimal,1,0,High,1
13114.svs,0,train,E0303-G14-P0,chlormezanone,303,14,1,dataset/wsi/normal/13114.svs,ftp://ftp.biosciencedbc.jp/archive/open-tggates-pathological-images/LATEST/images/chlormezanone/Liver/13114.svs,normal,0,0,High,0
13116.svs,1,train,E0303-G14-P0,chlormezanone,303,14,2,dataset/wsi/abnormal/13116.svs,ftp://ftp.biosciencedbc.jp/archive/open-tggates-pathological-images/LATEST/images/chlormezanone/Liver/13116.svs,minimal,1,0,High,1
13118.svs,0,train,E0303-G14-P1,chlormezanone,303,14,3,dataset/wsi/normal/13118.svs,ftp://ftp.biosciencedbc.jp/archive/open-tggates-pathological-images/LATEST/images/chlormezanone/Liver/13118.svs,normal,0,0,High,0
13120.svs,1,train,E0303-G14-P1,chlormezanone,303,14,4,dataset/wsi/abnormal/13120.svs,ftp://ftp.biosciencedbc.jp/archive/open-tggates-pathological-images/LATEST/images/chlormezanone/Liver/13120.svs,minimal,1,0,High,1
13125.svs,0,train,E0303-G15-P0,chlormezanone,303,15,1,dataset/wsi/normal/13125.svs,ftp://ftp.biosciencedbc.jp/archive/open-tggates-pathological-images/LATEST/images/chlormezanone/Liver/13125.svs,normal,0,0,High,0
13127.svs,1,train,E0303-G15-P0,chlormezanone,303,15,2,dataset/wsi/abnormal/13127.svs,ftp://ftp.biosciencedbc.jp/archive/open-tggates-pathological-images/LATEST/images/chlormezanone/Liver/13127.svs,minimal,1,0,High,1
33651.svs,0,train,E0305-G10-P0,ethinylestradiol,305,10,1,dataset/wsi/normal/33651.svs,ftp://ftp.biosciencedbc.jp/archive/open-tggates-pathological-images/LATEST/images/ethinylestradiol/Liver/33651.svs,normal,0,0,Middle,0
33655.svs,1,train,E0305-G10-P0,ethinylestradiol,305,10,3,dataset/wsi/abnormal/33655.svs,ftp://ftp.biosciencedbc.jp/archive/open-tggates-pathological-images/LATEST/images/ethinylestradiol/Liver/33655.svs,minimal,2,1,Middle,1
33662.svs,0,train,E0305-G11-P0,ethinylestradiol,305,11,2,dataset/wsi/normal/33662.svs,ftp://ftp.biosciencedbc.jp/archive/open-tggates-pathological-images/LATEST/images/ethinylestradiol/Liver/33662.svs,normal,0,0,Middle,0
33659.svs,1,train,E0305-G11-P0,ethinylestradiol,305,11,1,dataset/wsi/abnormal/33659.svs,ftp://ftp.biosciencedbc.jp/archive/open-tggates-pathological-images/LATEST/images/ethinylestradiol/Liver/33659.svs,minimal,2,0,Middle,1
33680.svs,0,train,E0305-G13-P0,ethinylestradiol,305,13,1,dataset/wsi/normal/33680.svs,ftp://ftp.biosciencedbc.jp/archive/open-tggates-pathological-images/LATEST/images/ethinylestradiol/Liver/33680.svs,normal,0,0,High,0
33685.svs,1,train,E0305-G13-P0,ethinylestradiol,305,13,5,dataset/wsi/abnormal/33685.svs,ftp://ftp.biosciencedbc.jp/archive/open-tggates-pathological-images/LATEST/images/ethinylestradiol/Liver/33685.svs,minimal,3,1,High,1
11030.svs,0,train,E0308-G15-P0,tetracycline,308,15,1,dataset/wsi/normal/11030.svs,ftp://ftp.biosciencedbc.jp/archive/open-tggates-pathological-images/LATEST/images/tetracycline/Liver/11030.svs,normal,0,0,High,0
11033.svs,1,train,E0308-G15-P0,tetracycline,308,15,3,dataset/wsi/abnormal/11033.svs,ftp://ftp.biosciencedbc.jp/archive/open-tggates-pathological-images/LATEST/images/tetracycline/Liver/11033.svs,minimal,1,0,High,1
11031.svs,0,train,E0308-G15-P1,tetracycline,308,15,2,dataset/wsi/normal/11031.svs,ftp://ftp.biosciencedbc.jp/archive/open-tggates-pathological-images/LATEST/images/tetracycline/Liver/11031.svs,normal,0,0,High,0
11035.svs,1,train,E0308-G15-P1,tetracycline,308,15,4,dataset/wsi/abnormal/11035.svs,ftp://ftp.biosciencedbc.jp/archive/open-tggates-pathological-images/LATEST/images/tetracycline/Liver/11035.svs,minimal,1,0,High,1
11461.svs,0,train,E0309-G15-P0,tetracycline,309,15,1,dataset/wsi/normal/11461.svs,ftp://ftp.biosciencedbc.jp/archive/open-tggates-pathological-images/LATEST/images/tetracycline/Liver/11461.svs,normal,0,0,High,0
11463.svs,1,train,E0309-G15-P0,tetracycline,309,15,2,dataset/wsi/abnormal/11463.svs,ftp://ftp.biosciencedbc.jp/archive/open-tggates-pathological-images/LATEST/images/tetracycline/Liver/11463.svs,minimal,1,0,High,1
11466.svs,0,train,E0309-G15-P1,tetracycline,309,15,3,dataset/wsi/normal/11466.svs,ftp://ftp.biosciencedbc.jp/archive/open-tggates-pathological-images/LATEST/images/tetracycline/Liver/11466.svs,normal,0,0,High,0
11468.svs,1,train,E0309-G15-P1,tetracycline,309,15,4,dataset/wsi/abnormal/11468.svs,ftp://ftp.biosciencedbc.jp/archive/open-tggates-pathological-images/LATEST/images/tetracycline/Liver/11468.svs,minimal,1,0,High,1
11472.svs,0,train,E0309-G16-P0,tetracycline,309,16,1,dataset/wsi/normal/11472.svs,ftp://ftp.biosciencedbc.jp/archive/open-tggates-pathological-images/LATEST/images/tetracycline/Liver/11472.svs,normal,0,0,High,0
11478.svs,1,train,E0309-G16-P0,tetracycline,309,16,4,dataset/wsi/abnormal/11478.svs,ftp://ftp.biosciencedbc.jp/archive/open-tggates-pathological-images/LATEST/images/tetracycline/Liver/11478.svs,minimal,1,0,High,1
11474.svs,0,train,E0309-G16-P1,tetracycline,309,16,2,dataset/wsi/normal/11474.svs,ftp://ftp.biosciencedbc.jp/archive/open-tggates-pathological-images/LATEST/images/tetracycline/Liver/11474.svs,normal,0,0,High,0
11480.svs,1,train,E0309-G16-P1,tetracycline,309,16,5,dataset/wsi/abnormal/11480.svs,ftp://ftp.biosciencedbc.jp/archive/open-tggates-pathological-images/LATEST/images/tetracycline/Liver/11480.svs,minimal,1,0,High,1
32268.svs,0,train,E0311-G06-P0,lomustine,311,6,2,dataset/wsi/normal/32268.svs,ftp://ftp.biosciencedbc.jp/archive/open-tggates-pathological-images/LATEST/images/lomustine/Liver/32268.svs,normal,0,0,Low,0
32265.svs,1,train,E0311-G06-P0,lomustine,311,6,1,dataset/wsi/abnormal/32265.svs,ftp://ftp.biosciencedbc.jp/archive/open-tggates-pathological-images/LATEST/images/lomustine/Liver/32265.svs,minimal,1,0,Low,1
32324.svs,0,train,E0311-G11-P0,lomustine,311,11,1,dataset/wsi/normal/32324.svs,ftp://ftp.biosciencedbc.jp/archive/open-tggates-pathological-images/LATEST/images/lomustine/Liver/32324.svs,normal,0,0,Middle,0
32327.svs,1,train,E0311-G11-P0,lomustine,311,11,3,dataset/wsi/abnormal/32327.svs,ftp://ftp.biosciencedbc.jp/archive/open-tggates-pathological-images/LATEST/images/lomustine/Liver/32327.svs,minimal,1,0,Middle,1
32325.svs,0,train,E0311-G11-P1,lomustine,311,11,2,dataset/wsi/normal/32325.svs,ftp://ftp.biosciencedbc.jp/archive/open-tggates-pathological-images/LATEST/images/lomustine/Liver/32325.svs,normal,0,0,Middle,0
32332.svs,1,train,E0311-G11-P1,lomustine,311,11,5,dataset/wsi/abnormal/32332.svs,ftp://ftp.biosciencedbc.jp/archive/open-tggates-pathological-images/LATEST/images/lomustine/Liver/32332.svs,minimal,1,0,Middle,1
34346.svs,0,train,E0319-G11-P0,iproniazid,319,11,1,dataset/wsi/normal/34346.svs,ftp://ftp.biosciencedbc.jp/archive/open-tggates-pathological-images/LATEST/images/iproniazid/Liver/34346.svs,normal,0,0,Middle,0
34360.svs,1,train,E0319-G11-P0,iproniazid,319,11,4,dataset/wsi/abnormal/34360.svs,ftp://ftp.biosciencedbc.jp/archive/open-tggates-pathological-images/LATEST/images/iproniazid/Liver/34360.svs,slight,1,0,Middle,2
34374.svs,0,train,E0319-G12-P0,iproniazid,319,12,2,dataset/wsi/normal/34374.svs,ftp://ftp.biosciencedbc.jp/archive/open-tggates-pathological-images/LATEST/images/iproniazid/Liver/34374.svs,normal,0,0,Middle,0
34369.svs,1,train,E0319-G12-P0,iproniazid,319,12,1,dataset/wsi/abnormal/34369.svs,ftp://ftp.biosciencedbc.jp/archive/open-tggates-pathological-images/LATEST/images/iproniazid/Liver/34369.svs,slight,1,0,Middle,2
15795.svs,0,train,E0324-G11-P0,chloramphenicol,324,11,2,dataset/wsi/normal/15795.svs,ftp://ftp.biosciencedbc.jp/archive/open-tggates-pathological-images/LATEST/images/chloramphenicol/Liver/15795.svs,normal,0,0,Middle,0
15793.svs,1,train,E0324-G11-P0,chloramphenicol,324,11,1,dataset/wsi/abnormal/15793.svs,ftp://ftp.biosciencedbc.jp/archive/open-tggates-pathological-images/LATEST/images/chloramphenicol/Liver/15793.svs,minimal,1,0,Middle,1
15798.svs,0,train,E0324-G11-P1,chloramphenicol,324,11,4,dataset/wsi/normal/15798.svs,ftp://ftp.biosciencedbc.jp/archive/open-tggates-pathological-images/LATEST/images/chloramphenicol/Liver/15798.svs,normal,0,0,Middle,0
15796.svs,1,train,E0324-G11-P1,chloramphenicol,324,11,3,dataset/wsi/abnormal/15796.svs,ftp://ftp.biosciencedbc.jp/archive/open-tggates-pathological-images/LATEST/images/chloramphenicol/Liver/15796.svs,minimal,1,0,Middle,1
15813.svs,0,train,E0324-G14-P0,chloramphenicol,324,14,2,dataset/wsi/normal/15813.svs,ftp://ftp.biosciencedbc.jp/archive/open-tggates-pathological-images/LATEST/images/chloramphenicol/Liver/15813.svs,normal,0,0,High,0
15812.svs,1,train,E0324-G14-P0,chloramphenicol,324,14,1,dataset/wsi/abnormal/15812.svs,ftp://ftp.biosciencedbc.jp/archive/open-tggates-pathological-images/LATEST/images/chloramphenicol/Liver/15812.svs,minimal,1,0,High,1
15814.svs,0,train,E0324-G14-P1,chloramphenicol,324,14,3,dataset/wsi/normal/15814.svs,ftp://ftp.biosciencedbc.jp/archive/open-tggates-pathological-images/LATEST/images/chloramphenicol/Liver/15814.svs,normal,0,0,High,0
15816.svs,1,train,E0324-G14-P1,chloramphenicol,324,14,5,dataset/wsi/abnormal/15816.svs,ftp://ftp.biosciencedbc.jp/archive/open-tggates-pathological-images/LATEST/images/chloramphenicol/Liver/15816.svs,minimal,1,0,High,1
15820.svs,0,train,E0324-G15-P0,chloramphenicol,324,15,2,dataset/wsi/normal/15820.svs,ftp://ftp.biosciencedbc.jp/archive/open-tggates-pathological-images/LATEST/images/chloramphenicol/Liver/15820.svs,normal,0,0,High,0
15817.svs,1,train,E0324-G15-P0,chloramphenicol,324,15,1,dataset/wsi/abnormal/15817.svs,ftp://ftp.biosciencedbc.jp/archive/open-tggates-pathological-images/LATEST/images/chloramphenicol/Liver/15817.svs,slight,1,0,High,2
36428.svs,0,train,E0345-G12-P0,ibuprofen,345,12,1,dataset/wsi/normal/36428.svs,ftp://ftp.biosciencedbc.jp/archive/open-tggates-pathological-images/LATEST/images/ibuprofen/Liver/36428.svs,normal,0,0,Middle,0
36434.svs,1,train,E0345-G12-P0,ibuprofen,345,12,2,dataset/wsi/abnormal/36434.svs,ftp://ftp.biosciencedbc.jp/archive/open-tggates-pathological-images/LATEST/images/ibuprofen/Liver/36434.svs,slight,1,0,Middle,2
36439.svs,0,train,E0345-G12-P1,ibuprofen,345,12,3,dataset/wsi/normal/36439.svs,ftp://ftp.biosciencedbc.jp/archive/open-tggates-pathological-images/LATEST/images/ibuprofen/Liver/36439.svs,normal,0,0,Middle,0
36443.svs,1,train,E0345-G12-P1,ibuprofen,345,12,4,dataset/wsi/abnormal/36443.svs,ftp://ftp.biosciencedbc.jp/archive/open-tggates-pathological-images/LATEST/images/ibuprofen/Liver/36443.svs,slight,1,0,Middle,2
36543.svs,0,train,E0345-G16-P0,ibuprofen,345,16,2,dataset/wsi/normal/36543.svs,ftp://ftp.biosciencedbc.jp/archive/open-tggates-pathological-images/LATEST/images/ibuprofen/Liver/36543.svs,normal,0,0,High,0
70585.svs,1,train,E0345-G16-P0,ibuprofen,345,16,1,dataset/wsi/abnormal/70585.svs,ftp://ftp.biosciencedbc.jp/archive/open-tggates-pathological-images/LATEST/images/ibuprofen/Liver/70585.svs,slight,1,0,High,2
22694.svs,0,train,E0347-G16-P0,naproxen,347,16,2,dataset/wsi/normal/22694.svs,ftp://ftp.biosciencedbc.jp/archive/open-tggates-pathological-images/LATEST/images/naproxen/Liver/22694.svs,normal,0,0,High,0
22689.svs,1,train,E0347-G16-P0,naproxen,347,16,1,dataset/wsi/abnormal/22689.svs,ftp://ftp.biosciencedbc.jp/archive/open-tggates-pathological-images/LATEST/images/naproxen/Liver/22689.svs,slight,1,0,High,2
70594.svs,0,train,E0348-G13-P0,naproxen,348,13,4,dataset/wsi/normal/70594.svs,ftp://ftp.biosciencedbc.jp/archive/open-tggates-pathological-images/LATEST/images/naproxen/Liver/70594.svs,normal,0,0,High,0
34787.svs,1,train,E0348-G13-P0,naproxen,348,13,1,dataset/wsi/abnormal/34787.svs,ftp://ftp.biosciencedbc.jp/archive/open-tggates-pathological-images/LATEST/images/naproxen/Liver/34787.svs,slight,2,0,High,2
34831.svs,0,train,E0348-G15-P0,naproxen,348,15,1,dataset/wsi/normal/34831.svs,ftp://ftp.biosciencedbc.jp/archive/open-tggates-pathological-images/LATEST/images/naproxen/Liver/34831.svs,normal,0,0,High,0
34835.svs,1,train,E0348-G15-P0,naproxen,348,15,4,dataset/wsi/abnormal/34835.svs,ftp://ftp.biosciencedbc.jp/archive/open-tggates-pathological-images/LATEST/images/naproxen/Liver/34835.svs,slight,1,0,High,2
35156.svs,0,train,E0350-G14-P0,quinidine,350,14,2,dataset/wsi/normal/35156.svs,ftp://ftp.biosciencedbc.jp/archive/open-tggates-pathological-images/LATEST/images/quinidine/Liver/35156.svs,normal,0,0,High,0
35151.svs,1,train,E0350-G14-P0,quinidine,350,14,1,dataset/wsi/abnormal/35151.svs,ftp://ftp.biosciencedbc.jp/archive/open-tggates-pathological-images/LATEST/images/quinidine/Liver/35151.svs,slight,1,0,High,2
35180.svs,0,train,E0350-G15-P0,quinidine,350,15,2,dataset/wsi/normal/35180.svs,ftp://ftp.biosciencedbc.jp/archive/open-tggates-pathological-images/LATEST/images/quinidine/Liver/35180.svs,normal,0,0,High,0
35175.svs,1,train,E0350-G15-P0,quinidine,350,15,1,dataset/wsi/abnormal/35175.svs,ftp://ftp.biosciencedbc.jp/archive/open-tggates-pathological-images/LATEST/images/quinidine/Liver/35175.svs,slight,1,0,High,2
35185.svs,0,train,E0350-G15-P1,quinidine,350,15,3,dataset/wsi/normal/35185.svs,ftp://ftp.biosciencedbc.jp/archive/open-tggates-pathological-images/LATEST/images/quinidine/Liver/35185.svs,normal,0,0,High,0
35196.svs,1,train,E0350-G15-P1,quinidine,350,15,5,dataset/wsi/abnormal/35196.svs,ftp://ftp.biosciencedbc.jp/archive/open-tggates-pathological-images/LATEST/images/quinidine/Liver/35196.svs,slight,1,0,High,2
35201.svs,0,train,E0350-G16-P0,quinidine,350,16,1,dataset/wsi/normal/35201.svs,ftp://ftp.biosciencedbc.jp/archive/open-tggates-pathological-images/LATEST/images/quinidine/Liver/35201.svs,normal,0,0,High,0
35207.svs,1,train,E0350-G16-P0,quinidine,350,16,2,dataset/wsi/abnormal/35207.svs,ftp://ftp.biosciencedbc.jp/archive/open-tggates-pathological-images/LATEST/images/quinidine/Liver/35207.svs,moderate,1,0,High,3
35222.svs,0,train,E0350-G16-P1,quinidine,350,16,5,dataset/wsi/normal/35222.svs,ftp://ftp.biosciencedbc.jp/archive/open-tggates-pathological-images/LATEST/images/quinidine/Liver/35222.svs,normal,0,0,High,0
35212.svs,1,train,E0350-G16-P1,quinidine,350,16,3,dataset/wsi/abnormal/35212.svs,ftp://ftp.biosciencedbc.jp/archive/open-tggates-pathological-images/LATEST/images/quinidine/Liver/35212.svs,slight,1,0,High,2
16711.svs,0,train,E0365-G16-P0,imipramine,365,16,1,dataset/wsi/normal/16711.svs,ftp://ftp.biosciencedbc.jp/archive/open-tggates-pathological-images/LATEST/images/imipramine/Liver/16711.svs,normal,0,0,High,0
16713.svs,1,train,E0365-G16-P0,imipramine,365,16,2,dataset/wsi/abnormal/16713.svs,ftp://ftp.biosciencedbc.jp/archive/open-tggates-pathological-images/LATEST/images/imipramine/Liver/16713.svs,minimal,1,0,High,1
16716.svs,0,train,E0365-G16-P1,imipramine,365,16,4,dataset/wsi/normal/16716.svs,ftp://ftp.biosciencedbc.jp/archive/open-tggates-pathological-images/LATEST/images/imipramine/Liver/16716.svs,normal,0,0,High,0
16715.svs,1,train,E0365-G16-P1,imipramine,365,16,3,dataset/wsi/abnormal/16715.svs,ftp://ftp.biosciencedbc.jp/archive/open-tggates-pathological-images/LATEST/images/imipramine/Liver/16715.svs,minimal,1,0,High,1
33920.svs,0,train,E0366-G11-P0,imipramine,366,11,1,dataset/wsi/normal/33920.svs,ftp://ftp.biosciencedbc.jp/archive/open-tggates-pathological-images/LATEST/images/imipramine/Liver/33920.svs,normal,0,0,Middle,0
33923.svs,1,train,E0366-G11-P0,imipramine,366,11,3,dataset/wsi/abnormal/33923.svs,ftp://ftp.biosciencedbc.jp/archive/open-tggates-pathological-images/LATEST/images/imipramine/Liver/33923.svs,minimal,1,0,Middle,1
33930.svs,0,train,E0366-G12-P0,imipramine,366,12,3,dataset/wsi/normal/33930.svs,ftp://ftp.biosciencedbc.jp/archive/open-tggates-pathological-images/LATEST/images/imipramine/Liver/33930.svs,normal,0,0,Middle,0
33928.svs,1,train,E0366-G12-P0,imipramine,366,12,1,dataset/wsi/abnormal/33928.svs,ftp://ftp.biosciencedbc.jp/archive/open-tggates-pathological-images/LATEST/images/imipramine/Liver/33928.svs,minimal,2,0,Middle,1
33936.svs,0,train,E0366-G13-P0,imipramine,366,13,2,dataset/wsi/normal/33936.svs,ftp://ftp.biosciencedbc.jp/archive/open-tggates-pathological-images/LATEST/images/imipramine/Liver/33936.svs,normal,0,0,High,0
33935.svs,1,train,E0366-G13-P0,imipramine,366,13,1,dataset/wsi/abnormal/33935.svs,ftp://ftp.biosciencedbc.jp/archive/open-tggates-pathological-images/LATEST/images/imipramine/Liver/33935.svs,minimal,1,0,High,1
33943.svs,0,train,E0366-G14-P0,imipramine,366,14,2,dataset/wsi/normal/33943.svs,ftp://ftp.biosciencedbc.jp/archive/open-tggates-pathological-images/LATEST/images/imipramine/Liver/33943.svs,normal,0,0,High,0
33942.svs,1,train,E0366-G14-P0,imipramine,366,14,1,dataset/wsi/abnormal/33942.svs,ftp://ftp.biosciencedbc.jp/archive/open-tggates-pathological-images/LATEST/images/imipramine/Liver/33942.svs,minimal,2,0,High,1
34227.svs,0,train,E0368-G11-P0,amitriptyline,368,11,1,dataset/wsi/normal/34227.svs,ftp://ftp.biosciencedbc.jp/archive/open-tggates-pathological-images/LATEST/images/amitriptyline/Liver/34227.svs,normal,0,0,Middle,0
34234.svs,1,train,E0368-G11-P0,amitriptyline,368,11,4,dataset/wsi/abnormal/34234.svs,ftp://ftp.biosciencedbc.jp/archive/open-tggates-pathological-images/LATEST/images/amitriptyline/Liver/34234.svs,minimal,1,0,Middle,1
34247.svs,0,train,E0368-G12-P0,amitriptyline,368,12,5,dataset/wsi/normal/34247.svs,ftp://ftp.biosciencedbc.jp/archive/open-tggates-pathological-images/LATEST/images/amitriptyline/Liver/34247.svs,normal,0,0,Middle,0
34237.svs,1,train,E0368-G12-P0,amitriptyline,368,12,1,dataset/wsi/abnormal/34237.svs,ftp://ftp.biosciencedbc.jp/archive/open-tggates-pathological-images/LATEST/images/amitriptyline/Liver/34237.svs,slight,1,0,Middle,2
34271.svs,0,train,E0368-G14-P0,amitriptyline,368,14,4,dataset/wsi/normal/34271.svs,ftp://ftp.biosciencedbc.jp/archive/open-tggates-pathological-images/LATEST/images/amitriptyline/Liver/34271.svs,normal,0,0,High,0
34263.svs,1,train,E0368-G14-P0,amitriptyline,368,14,1,dataset/wsi/abnormal/34263.svs,ftp://ftp.biosciencedbc.jp/archive/open-tggates-pathological-images/LATEST/images/amitriptyline/Liver/34263.svs,minimal,2,0,High,1
19711.svs,0,train,E0370-G11-P0,hydroxyzine,370,11,1,dataset/wsi/normal/19711.svs,ftp://ftp.biosciencedbc.jp/archive/open-tggates-pathological-images/LATEST/images/hydroxyzine/Liver/19711.svs,normal,0,0,Middle,0
19714.svs,1,train,E0370-G11-P0,hydroxyzine,370,11,2,dataset/wsi/abnormal/19714.svs,ftp://ftp.biosciencedbc.jp/archive/open-tggates-pathological-images/LATEST/images/hydroxyzine/Liver/19714.svs,minimal,1,0,Middle,1
20359.svs,0,train,E0378-G14-P0,mefenamic acid,378,14,1,dataset/wsi/normal/20359.svs,ftp://ftp.biosciencedbc.jp/archive/open-tggates-pathological-images/LATEST/images/mefenamic_acid/Liver/20359.svs,normal,0,0,High,0
20367.svs,1,train,E0378-G14-P0,mefenamic acid,378,14,4,dataset/wsi/abnormal/20367.svs,ftp://ftp.biosciencedbc.jp/archive/open-tggates-pathological-images/LATEST/images/mefenamic_acid/Liver/20367.svs,minimal,1,0,High,1
20362.svs,0,train,E0378-G14-P1,mefenamic acid,378,14,2,dataset/wsi/normal/20362.svs,ftp://ftp.biosciencedbc.jp/archive/open-tggates-pathological-images/LATEST/images/mefenamic_acid/Liver/20362.svs,normal,0,0,High,0
20370.svs,1,train,E0378-G14-P1,mefenamic acid,378,14,5,dataset/wsi/abnormal/20370.svs,ftp://ftp.biosciencedbc.jp/archive/open-tggates-pathological-images/LATEST/images/mefenamic_acid/Liver/20370.svs,minimal,1,0,High,1
20417.svs,0,train,E0378-G15-P0,mefenamic acid,378,15,2,dataset/wsi/normal/20417.svs,ftp://ftp.biosciencedbc.jp/archive/open-tggates-pathological-images/LATEST/images/mefenamic_acid/Liver/20417.svs,normal,0,0,High,0
20414.svs,1,train,E0378-G15-P0,mefenamic acid,378,15,1,dataset/wsi/abnormal/20414.svs,ftp://ftp.biosciencedbc.jp/archive/open-tggates-pathological-images/LATEST/images/mefenamic_acid/Liver/20414.svs,minimal,1,0,High,1
20419.svs,0,train,E0378-G15-P1,mefenamic acid,378,15,3,dataset/wsi/normal/20419.svs,ftp://ftp.biosciencedbc.jp/archive/open-tggates-pathological-images/LATEST/images/mefenamic_acid/Liver/20419.svs,normal,0,0,High,0
20422.svs,1,train,E0378-G15-P1,mefenamic acid,378,15,5,dataset/wsi/abnormal/20422.svs,ftp://ftp.biosciencedbc.jp/archive/open-tggates-pathological-images/LATEST/images/mefenamic_acid/Liver/20422.svs,minimal,1,0,High,1
20473.svs,0,train,E0378-G16-P0,mefenamic acid,378,16,1,dataset/wsi/normal/20473.svs,ftp://ftp.biosciencedbc.jp/archive/open-tggates-pathological-images/LATEST/images/mefenamic_acid/Liver/20473.svs,normal,0,0,High,0
20477.svs,1,train,E0378-G16-P0,mefenamic acid,378,16,2,dataset/wsi/abnormal/20477.svs,ftp://ftp.biosciencedbc.jp/archive/open-tggates-pathological-images/LATEST/images/mefenamic_acid/Liver/20477.svs,minimal,1,0,High,1
20480.svs,0,train,E0378-G16-P1,mefenamic acid,378,16,3,dataset/wsi/normal/20480.svs,ftp://ftp.biosciencedbc.jp/archive/open-tggates-pathological-images/LATEST/images/mefenamic_acid/Liver/20480.svs,normal,0,0,High,0
20483.svs,1,train,E0378-G16-P1,mefenamic acid,378,16,4,dataset/wsi/abnormal/20483.svs,ftp://ftp.biosciencedbc.jp/archive/open-tggates-pathological-images/LATEST/images/mefenamic_acid/Liver/20483.svs,minimal,2,1,High,1
57805.svs,0,train,E0386-G06-P0,nicotinic acid,386,6,1,dataset/wsi/normal/57805.svs,ftp://ftp.biosciencedbc.jp/archive/open-tggates-pathological-images/LATEST/images/nicotinic_acid/Liver/57805.svs,normal,0,0,Low,0
57831.svs,1,train,E0386-G06-P0,nicotinic acid,386,6,5,dataset/wsi/abnormal/57831.svs,ftp://ftp.biosciencedbc.jp/archive/open-tggates-pathological-images/LATEST/images/nicotinic_acid/Liver/57831.svs,slight,1,0,Low,2
57841.svs,0,train,E0386-G07-P0,nicotinic acid,386,7,2,dataset/wsi/normal/57841.svs,ftp://ftp.biosciencedbc.jp/archive/open-tggates-pathological-images/LATEST/images/nicotinic_acid/Liver/57841.svs,normal,0,0,Low,0
57836.svs,1,train,E0386-G07-P0,nicotinic acid,386,7,1,dataset/wsi/abnormal/57836.svs,ftp://ftp.biosciencedbc.jp/archive/open-tggates-pathological-images/LATEST/images/nicotinic_acid/Liver/57836.svs,moderate,1,0,Low,3
57846.svs,0,train,E0386-G07-P1,nicotinic acid,386,7,3,dataset/wsi/normal/57846.svs,ftp://ftp.biosciencedbc.jp/archive/open-tggates-pathological-images/LATEST/images/nicotinic_acid/Liver/57846.svs,normal,0,0,Low,0
57852.svs,1,train,E0386-G07-P1,nicotinic acid,386,7,4,dataset/wsi/abnormal/57852.svs,ftp://ftp.biosciencedbc.jp/archive/open-tggates-pathological-images/LATEST/images/nicotinic_acid/Liver/57852.svs,slight,1,0,Low,2
57862.svs,0,train,E0386-G08-P0,nicotinic acid,386,8,1,dataset/wsi/normal/57862.svs,ftp://ftp.biosciencedbc.jp/archive/open-tggates-pathological-images/LATEST/images/nicotinic_acid/Liver/57862.svs,normal,0,0,Low,0
57867.svs,1,train,E0386-G08-P0,nicotinic acid,386,8,2,dataset/wsi/abnormal/57867.svs,ftp://ftp.biosciencedbc.jp/archive/open-tggates-pathological-images/LATEST/images/nicotinic_acid/Liver/57867.svs,slight,1,0,Low,2
57873.svs,0,train,E0386-G08-P1,nicotinic acid,386,8,3,dataset/wsi/normal/57873.svs,ftp://ftp.biosciencedbc.jp/archive/open-tggates-pathological-images/LATEST/images/nicotinic_acid/Liver/57873.svs,normal,0,0,Low,0
57885.svs,1,train,E0386-G08-P1,nicotinic acid,386,8,5,dataset/wsi/abnormal/57885.svs,ftp://ftp.biosciencedbc.jp/archive/open-tggates-pathological-images/LATEST/images/nicotinic_acid/Liver/57885.svs,slight,1,0,Low,2
57919.svs,0,train,E0386-G10-P0,nicotinic acid,386,10,2,dataset/wsi/normal/57919.svs,ftp://ftp.biosciencedbc.jp/archive/open-tggates-pathological-images/LATEST/images/nicotinic_acid/Liver/57919.svs,normal,0,0,Middle,0
57916.svs,1,train,E0386-G10-P0,nicotinic acid,386,10,1,dataset/wsi/abnormal/57916.svs,ftp://ftp.biosciencedbc.jp/archive/open-tggates-pathological-images/LATEST/images/nicotinic_acid/Liver/57916.svs,slight,1,0,Middle,2
57922.svs,0,train,E0386-G10-P1,nicotinic acid,386,10,3,dataset/wsi/normal/57922.svs,ftp://ftp.biosciencedbc.jp/archive/open-tggates-pathological-images/LATEST/images/nicotinic_acid/Liver/57922.svs,normal,0,0,Middle,0
57925.svs,1,train,E0386-G10-P1,nicotinic acid,386,10,4,dataset/wsi/abnormal/57925.svs,ftp://ftp.biosciencedbc.jp/archive/open-tggates-pathological-images/LATEST/images/nicotinic_acid/Liver/57925.svs,slight,1,0,Middle,2
57943.svs,0,train,E0386-G11-P0,nicotinic acid,386,11,5,dataset/wsi/normal/57943.svs,ftp://ftp.biosciencedbc.jp/archive/open-tggates-pathological-images/LATEST/images/nicotinic_acid/Liver/57943.svs,normal,0,0,Middle,0
57931.svs,1,train,E0386-G11-P0,nicotinic acid,386,11,1,dataset/wsi/abnormal/57931.svs,ftp://ftp.biosciencedbc.jp/archive/open-tggates-pathological-images/LATEST/images/nicotinic_acid/Liver/57931.svs,slight,1,0,Middle,2
57949.svs,0,train,E0386-G12-P0,nicotinic acid,386,12,1,dataset/wsi/normal/57949.svs,ftp://ftp.biosciencedbc.jp/archive/open-tggates-pathological-images/LATEST/images/nicotinic_acid/Liver/57949.svs,normal,0,0,Middle,0
57966.svs,1,train,E0386-G12-P0,nicotinic acid,386,12,4,dataset/wsi/abnormal/57966.svs,ftp://ftp.biosciencedbc.jp/archive/open-tggates-pathological-images/LATEST/images/nicotinic_acid/Liver/57966.svs,slight,1,0,Middle,2
58004.svs,0,train,E0386-G14-P0,nicotinic acid,386,14,1,dataset/wsi/normal/58004.svs,ftp://ftp.biosciencedbc.jp/archive/open-tggates-pathological-images/LATEST/images/nicotinic_acid/Liver/58004.svs,normal,0,0,High,0
58009.svs,1,train,E0386-G14-P0,nicotinic acid,386,14,2,dataset/wsi/abnormal/58009.svs,ftp://ftp.biosciencedbc.jp/archive/open-tggates-pathological-images/LATEST/images/nicotinic_acid/Liver/58009.svs,slight,1,0,High,2
35739.svs,0,train,E0389-G16-P0,erythromycin ethylsuccinate,389,16,3,dataset/wsi/normal/35739.svs,ftp://ftp.biosciencedbc.jp/archive/open-tggates-pathological-images/LATEST/images/erythromycin_ethylsuccinate/Liver/35739.svs,normal,0,0,High,0
35733.svs,1,train,E0389-G16-P0,erythromycin ethylsuccinate,389,16,1,dataset/wsi/abnormal/35733.svs,ftp://ftp.biosciencedbc.jp/archive/open-tggates-pathological-images/LATEST/images/erythromycin_ethylsuccinate/Liver/35733.svs,slight,1,0,High,2
35988.svs,0,train,E0390-G12-P0,ethambutol,390,12,2,dataset/wsi/normal/35988.svs,ftp://ftp.biosciencedbc.jp/archive/open-tggates-pathological-images/LATEST/images/ethambutol/Liver/35988.svs,normal,0,0,Middle,0
35984.svs,1,train,E0390-G12-P0,ethambutol,390,12,1,dataset/wsi/abnormal/35984.svs,ftp://ftp.biosciencedbc.jp/archive/open-tggates-pathological-images/LATEST/images/ethambutol/Liver/35984.svs,slight,1,0,Middle,2
35998.svs,0,train,E0390-G12-P1,ethambutol,390,12,4,dataset/wsi/normal/35998.svs,ftp://ftp.biosciencedbc.jp/archive/open-tggates-pathological-images/LATEST/images/ethambutol/Liver/35998.svs,normal,0,0,Middle,0
35993.svs,1,train,E0390-G12-P1,ethambutol,390,12,3,dataset/wsi/abnormal/35993.svs,ftp://ftp.biosciencedbc.jp/archive/open-tggates-pathological-images/LATEST/images/ethambutol/Liver/35993.svs,slight,1,0,Middle,2
36100.svs,0,train,E0390-G16-P0,ethambutol,390,16,2,dataset/wsi/normal/36100.svs,ftp://ftp.biosciencedbc.jp/archive/open-tggates-pathological-images/LATEST/images/ethambutol/Liver/36100.svs,normal,0,0,High,0
36094.svs,1,train,E0390-G16-P0,ethambutol,390,16,1,dataset/wsi/abnormal/36094.svs,ftp://ftp.biosciencedbc.jp/archive/open-tggates-pathological-images/LATEST/images/ethambutol/Liver/36094.svs,slight,1,0,High,2
36105.svs,0,train,E0390-G16-P1,ethambutol,390,16,3,dataset/wsi/normal/36105.svs,ftp://ftp.biosciencedbc.jp/archive/open-tggates-pathological-images/LATEST/images/ethambutol/Liver/36105.svs,normal,0,0,High,0
36111.svs,1,train,E0390-G16-P1,ethambutol,390,16,4,dataset/wsi/abnormal/36111.svs,ftp://ftp.biosciencedbc.jp/archive/open-tggates-pathological-images/LATEST/images/ethambutol/Liver/36111.svs,moderate,2,0,High,3
36213.svs,0,train,E0391-G07-P0,ethambutol,391,7,3,dataset/wsi/normal/36213.svs,ftp://ftp.biosciencedbc.jp/archive/open-tggates-pathological-images/LATEST/images/ethambutol/Liver/36213.svs,normal,0,0,Low,0
36200.svs,1,train,E0391-G07-P0,ethambutol,391,7,1,dataset/wsi/abnormal/36200.svs,ftp://ftp.biosciencedbc.jp/archive/open-tggates-pathological-images/LATEST/images/ethambutol/Liver/36200.svs,slight,1,0,Low,2
36219.svs,0,train,E0391-G07-P1,ethambutol,391,7,4,dataset/wsi/normal/36219.svs,ftp://ftp.biosciencedbc.jp/archive/open-tggates-pathological-images/LATEST/images/ethambutol/Liver/36219.svs,normal,0,0,Low,0
36206.svs,1,train,E0391-G07-P1,ethambutol,391,7,2,dataset/wsi/abnormal/36206.svs,ftp://ftp.biosciencedbc.jp/archive/open-tggates-pathological-images/LATEST/images/ethambutol/Liver/36206.svs,slight,1,0,Low,2
36316.svs,0,train,E0391-G10-P0,ethambutol,391,10,4,dataset/wsi/normal/36316.svs,ftp://ftp.biosciencedbc.jp/archive/open-tggates-pathological-images/LATEST/images/ethambutol/Liver/36316.svs,normal,0,0,Middle,0
36297.svs,1,train,E0391-G10-P0,ethambutol,391,10,1,dataset/wsi/abnormal/36297.svs,ftp://ftp.biosciencedbc.jp/archive/open-tggates-pathological-images/LATEST/images/ethambutol/Liver/36297.svs,slight,2,0,Middle,2
36656.svs,0,train,E0409-G12-P0,chlorpheniramine,409,12,1,dataset/wsi/normal/36656.svs,ftp://ftp.biosciencedbc.jp/archive/open-tggates-pathological-images/LATEST/images/chlorpheniramine/Liver/36656.svs,normal,0,0,Middle,0
36658.svs,1,train,E0409-G12-P0,chlorpheniramine,409,12,2,dataset/wsi/abnormal/36658.svs,ftp://ftp.biosciencedbc.jp/archive/open-tggates-pathological-images/LATEST/images/chlorpheniramine/Liver/36658.svs,minimal,1,0,Middle,1
36662.svs,0,train,E0409-G12-P1,chlorpheniramine,409,12,3,dataset/wsi/normal/36662.svs,ftp://ftp.biosciencedbc.jp/archive/open-tggates-pathological-images/LATEST/images/chlorpheniramine/Liver/36662.svs,normal,0,0,Middle,0
36665.svs,1,train,E0409-G12-P1,chlorpheniramine,409,12,4,dataset/wsi/abnormal/36665.svs,ftp://ftp.biosciencedbc.jp/archive/open-tggates-pathological-images/LATEST/images/chlorpheniramine/Liver/36665.svs,minimal,1,0,Middle,1
36698.svs,0,train,E0409-G15-P0,chlorpheniramine,409,15,2,dataset/wsi/normal/36698.svs,ftp://ftp.biosciencedbc.jp/archive/open-tggates-pathological-images/LATEST/images/chlorpheniramine/Liver/36698.svs,normal,0,0,High,0
36695.svs,1,train,E0409-G15-P0,chlorpheniramine,409,15,1,dataset/wsi/abnormal/36695.svs,ftp://ftp.biosciencedbc.jp/archive/open-tggates-pathological-images/LATEST/images/chlorpheniramine/Liver/36695.svs,minimal,1,0,High,1
20965.svs,0,train,E0410-G09-P0,nifedipine,410,9,1,dataset/wsi/normal/20965.svs,ftp://ftp.biosciencedbc.jp/archive/open-tggates-pathological-images/LATEST/images/nifedipine/Liver/20965.svs,normal,0,0,Middle,0
20970.svs,1,train,E0410-G09-P0,nifedipine,410,9,4,dataset/wsi/abnormal/20970.svs,ftp://ftp.biosciencedbc.jp/archive/open-tggates-pathological-images/LATEST/images/nifedipine/Liver/20970.svs,minimal,1,0,Middle,1
20974.svs,0,train,E0410-G10-P0,nifedipine,410,10,1,dataset/wsi/normal/20974.svs,ftp://ftp.biosciencedbc.jp/archive/open-tggates-pathological-images/LATEST/images/nifedipine/Liver/20974.svs,normal,0,0,Middle,0
20977.svs,1,train,E0410-G10-P0,nifedipine,410,10,3,dataset/wsi/abnormal/20977.svs,ftp://ftp.biosciencedbc.jp/archive/open-tggates-pathological-images/LATEST/images/nifedipine/Liver/20977.svs,minimal,1,0,Middle,1
20975.svs,0,train,E0410-G10-P1,nifedipine,410,10,2,dataset/wsi/normal/20975.svs,ftp://ftp.biosciencedbc.jp/archive/open-tggates-pathological-images/LATEST/images/nifedipine/Liver/20975.svs,normal,0,0,Middle,0
20979.svs,1,train,E0410-G10-P1,nifedipine,410,10,4,dataset/wsi/abnormal/20979.svs,ftp://ftp.biosciencedbc.jp/archive/open-tggates-pathological-images/LATEST/images/nifedipine/Liver/20979.svs,minimal,1,0,Middle,1
21002.svs,0,train,E0410-G13-P0,nifedipine,410,13,2,dataset/wsi/normal/21002.svs,ftp://ftp.biosciencedbc.jp/archive/open-tggates-pathological-images/LATEST/images/nifedipine/Liver/21002.svs,normal,0,0,High,0
21000.svs,1,train,E0410-G13-P0,nifedipine,410,13,1,dataset/wsi/abnormal/21000.svs,ftp://ftp.biosciencedbc.jp/archive/open-tggates-pathological-images/LATEST/images/nifedipine/Liver/21000.svs,minimal,1,0,High,1
21009.svs,0,train,E0410-G14-P0,nifedipine,410,14,1,dataset/wsi/normal/21009.svs,ftp://ftp.biosciencedbc.jp/archive/open-tggates-pathological-images/LATEST/images/nifedipine/Liver/21009.svs,normal,0,0,High,0
21011.svs,1,train,E0410-G14-P0,nifedipine,410,14,2,dataset/wsi/abnormal/21011.svs,ftp://ftp.biosciencedbc.jp/archive/open-tggates-pathological-images/LATEST/images/nifedipine/Liver/21011.svs,minimal,1,0,High,1
21012.svs,0,train,E0410-G14-P1,nifedipine,410,14,3,dataset/wsi/normal/21012.svs,ftp://ftp.biosciencedbc.jp/archive/open-tggates-pathological-images/LATEST/images/nifedipine/Liver/21012.svs,normal,0,0,High,0
21014.svs,1,train,E0410-G14-P1,nifedipine,410,14,4,dataset/wsi/abnormal/21014.svs,ftp://ftp.biosciencedbc.jp/archive/open-tggates-pathological-images/LATEST/images/nifedipine/Liver/21014.svs,minimal,1,0,High,1
70616.svs,0,train,E0410-G15-P0,nifedipine,410,15,1,dataset/wsi/normal/70616.svs,ftp://ftp.biosciencedbc.jp/archive/open-tggates-pathological-images/LATEST/images/nifedipine/Liver/70616.svs,normal,0,0,High,0
21023.svs,1,train,E0410-G15-P0,nifedipine,410,15,4,dataset/wsi/abnormal/21023.svs,ftp://ftp.biosciencedbc.jp/archive/open-tggates-pathological-images/LATEST/images/nifedipine/Liver/21023.svs,minimal,1,0,High,1
21019.svs,0,train,E0410-G15-P1,nifedipine,410,15,2,dataset/wsi/normal/21019.svs,ftp://ftp.biosciencedbc.jp/archive/open-tggates-pathological-images/LATEST/images/nifedipine/Liver/21019.svs,normal,0,0,High,0
21024.svs,1,train,E0410-G15-P1,nifedipine,410,15,5,dataset/wsi/abnormal/21024.svs,ftp://ftp.biosciencedbc.jp/archive/open-tggates-pathological-images/LATEST/images/nifedipine/Liver/21024.svs,minimal,1,0,High,1
37052.svs,0,train,E0411-G12-P0,nifedipine,411,12,1,dataset/wsi/normal/37052.svs,ftp://ftp.biosciencedbc.jp/archive/open-tggates-pathological-images/LATEST/images/nifedipine/Liver/37052.svs,normal,0,0,Middle,0
37058.svs,1,train,E0411-G12-P0,nifedipine,411,12,3,dataset/wsi/abnormal/37058.svs,ftp://ftp.biosciencedbc.jp/archive/open-tggates-pathological-images/LATEST/images/nifedipine/Liver/37058.svs,minimal,1,0,Middle,1
37055.svs,0,train,E0411-G12-P1,nifedipine,411,12,2,dataset/wsi/normal/37055.svs,ftp://ftp.biosciencedbc.jp/archive/open-tggates-pathological-images/LATEST/images/nifedipine/Liver/37055.svs,normal,0,0,Middle,0
37061.svs,1,train,E0411-G12-P1,nifedipine,411,12,4,dataset/wsi/abnormal/37061.svs,ftp://ftp.biosciencedbc.jp/archive/open-tggates-pathological-images/LATEST/images/nifedipine/Liver/37061.svs,minimal,1,0,Middle,1
37095.svs,0,train,E0411-G15-P0,nifedipine,411,15,2,dataset/wsi/normal/37095.svs,ftp://ftp.biosciencedbc.jp/archive/open-tggates-pathological-images/LATEST/images/nifedipine/Liver/37095.svs,normal,0,0,High,0
37093.svs,1,train,E0411-G15-P0,nifedipine,411,15,1,dataset/wsi/abnormal/37093.svs,ftp://ftp.biosciencedbc.jp/archive/open-tggates-pathological-images/LATEST/images/nifedipine/Liver/37093.svs,minimal,1,0,High,1
37098.svs,0,train,E0411-G15-P1,nifedipine,411,15,3,dataset/wsi/normal/37098.svs,ftp://ftp.biosciencedbc.jp/archive/open-tggates-pathological-images/LATEST/images/nifedipine/Liver/37098.svs,normal,0,0,High,0
37101.svs,1,train,E0411-G15-P1,nifedipine,411,15,4,dataset/wsi/abnormal/37101.svs,ftp://ftp.biosciencedbc.jp/archive/open-tggates-pathological-images/LATEST/images/nifedipine/Liver/37101.svs,minimal,1,0,High,1
37115.svs,0,train,E0411-G16-P0,nifedipine,411,16,4,dataset/wsi/normal/37115.svs,ftp://ftp.biosciencedbc.jp/archive/open-tggates-pathological-images/LATEST/images/nifedipine/Liver/37115.svs,normal,0,0,High,0
37107.svs,1,train,E0411-G16-P0,nifedipine,411,16,1,dataset/wsi/abnormal/37107.svs,ftp://ftp.biosciencedbc.jp/archive/open-tggates-pathological-images/LATEST/images/nifedipine/Liver/37107.svs,minimal,1,0,High,1
21941.svs,0,train,E0413-G08-P0,diltiazem,413,8,2,dataset/wsi/normal/21941.svs,ftp://ftp.biosciencedbc.jp/archive/open-tggates-pathological-images/LATEST/images/diltiazem/Liver/21941.svs,normal,0,0,Low,0
21937.svs,1,train,E0413-G08-P0,diltiazem,413,8,1,dataset/wsi/abnormal/21937.svs,ftp://ftp.biosciencedbc.jp/archive/open-tggates-pathological-images/LATEST/images/diltiazem/Liver/21937.svs,minimal,1,0,Low,1
21952.svs,0,train,E0413-G08-P1,diltiazem,413,8,5,dataset/wsi/normal/21952.svs,ftp://ftp.biosciencedbc.jp/archive/open-tggates-pathological-images/LATEST/images/diltiazem/Liver/21952.svs,normal,0,0,Low,0
21945.svs,1,train,E0413-G08-P1,diltiazem,413,8,3,dataset/wsi/abnormal/21945.svs,ftp://ftp.biosciencedbc.jp/archive/open-tggates-pathological-images/LATEST/images/diltiazem/Liver/21945.svs,minimal,1,0,Low,1
22056.svs,0,train,E0413-G09-P0,diltiazem,413,9,1,dataset/wsi/normal/22056.svs,ftp://ftp.biosciencedbc.jp/archive/open-tggates-pathological-images/LATEST/images/diltiazem/Liver/22056.svs,normal,0,0,Middle,0
22068.svs,1,train,E0413-G09-P0,diltiazem,413,9,4,dataset/wsi/abnormal/22068.svs,ftp://ftp.biosciencedbc.jp/archive/open-tggates-pathological-images/LATEST/images/diltiazem/Liver/22068.svs,minimal,1,0,Middle,1
22080.svs,0,train,E0413-G10-P0,diltiazem,413,10,2,dataset/wsi/normal/22080.svs,ftp://ftp.biosciencedbc.jp/archive/open-tggates-pathological-images/LATEST/images/diltiazem/Liver/22080.svs,normal,0,0,Middle,0
22076.svs,1,train,E0413-G10-P0,diltiazem,413,10,1,dataset/wsi/abnormal/22076.svs,ftp://ftp.biosciencedbc.jp/archive/open-tggates-pathological-images/LATEST/images/diltiazem/Liver/22076.svs,slight,1,0,Middle,2
22084.svs,0,train,E0413-G10-P1,diltiazem,413,10,3,dataset/wsi/normal/22084.svs,ftp://ftp.biosciencedbc.jp/archive/open-tggates-pathological-images/LATEST/images/diltiazem/Liver/22084.svs,normal,0,0,Middle,0
22088.svs,1,train,E0413-G10-P1,diltiazem,413,10,4,dataset/wsi/abnormal/22088.svs,ftp://ftp.biosciencedbc.jp/archive/open-tggates-pathological-images/LATEST/images/diltiazem/Liver/22088.svs,minimal,1,0,Middle,1
58167.svs,0,train,E0428-G14-P0,theophylline,428,14,1,dataset/wsi/normal/58167.svs,ftp://ftp.biosciencedbc.jp/archive/open-tggates-pathological-images/LATEST/images/theophylline/Liver/58167.svs,normal,0,0,High,0
58179.svs,1,train,E0428-G14-P0,theophylline,428,14,3,dataset/wsi/abnormal/58179.svs,ftp://ftp.biosciencedbc.jp/archive/open-tggates-pathological-images/LATEST/images/theophylline/Liver/58179.svs,slight,1,0,High,2
58197.svs,0,train,E0428-G15-P0,theophylline,428,15,1,dataset/wsi/normal/58197.svs,ftp://ftp.biosciencedbc.jp/archive/open-tggates-pathological-images/LATEST/images/theophylline/Liver/58197.svs,normal,0,0,High,0
58216.svs,1,train,E0428-G15-P0,theophylline,428,15,5,dataset/wsi/abnormal/58216.svs,ftp://ftp.biosciencedbc.jp/archive/open-tggates-pathological-images/LATEST/images/theophylline/Liver/58216.svs,slight,2,0,High,2
58229.svs,0,train,E0428-G16-P0,theophylline,428,16,4,dataset/wsi/normal/58229.svs,ftp://ftp.biosciencedbc.jp/archive/open-tggates-pathological-images/LATEST/images/theophylline/Liver/58229.svs,normal,0,0,High,0
58222.svs,1,train,E0428-G16-P0,theophylline,428,16,3,dataset/wsi/abnormal/58222.svs,ftp://ftp.biosciencedbc.jp/archive/open-tggates-pathological-images/LATEST/images/theophylline/Liver/58222.svs,slight,2,0,High,2
36943.svs,0,train,E0430-G16-P0,caffeine,430,16,2,dataset/wsi/normal/36943.svs,ftp://ftp.biosciencedbc.jp/archive/open-tggates-pathological-images/LATEST/images/caffeine/Liver/36943.svs,normal,0,0,High,0
36938.svs,1,train,E0430-G16-P0,caffeine,430,16,1,dataset/wsi/abnormal/36938.svs,ftp://ftp.biosciencedbc.jp/archive/open-tggates-pathological-images/LATEST/images/caffeine/Liver/36938.svs,slight,1,0,High,2
36957.svs,0,train,E0430-G16-P1,caffeine,430,16,5,dataset/wsi/normal/36957.svs,ftp://ftp.biosciencedbc.jp/archive/open-tggates-pathological-images/LATEST/images/caffeine/Liver/36957.svs,normal,0,0,High,0
36947.svs,1,train,E0430-G16-P1,caffeine,430,16,3,dataset/wsi/abnormal/36947.svs,ftp://ftp.biosciencedbc.jp/archive/open-tggates-pathological-images/LATEST/images/caffeine/Liver/36947.svs,slight,1,0,High,2
37661.svs,0,train,E0432-G10-P0,papaverine,432,10,2,dataset/wsi/normal/37661.svs,ftp://ftp.biosciencedbc.jp/archive/open-tggates-pathological-images/LATEST/images/papaverine/Liver/37661.svs,normal,0,0,Middle,0
37656.svs,1,train,E0432-G10-P0,papaverine,432,10,1,dataset/wsi/abnormal/37656.svs,ftp://ftp.biosciencedbc.jp/archive/open-tggates-pathological-images/LATEST/images/papaverine/Liver/37656.svs,slight,1,0,Middle,2
37665.svs,0,train,E0432-G10-P1,papaverine,432,10,3,dataset/wsi/normal/37665.svs,ftp://ftp.biosciencedbc.jp/archive/open-tggates-pathological-images/LATEST/images/papaverine/Liver/37665.svs,normal,0,0,Middle,0
37670.svs,1,train,E0432-G10-P1,papaverine,432,10,4,dataset/wsi/abnormal/37670.svs,ftp://ftp.biosciencedbc.jp/archive/open-tggates-pathological-images/LATEST/images/papaverine/Liver/37670.svs,slight,1,0,Middle,2
37693.svs,0,train,E0432-G11-P0,papaverine,432,11,4,dataset/wsi/normal/37693.svs,ftp://ftp.biosciencedbc.jp/archive/open-tggates-pathological-images/LATEST/images/papaverine/Liver/37693.svs,normal,0,0,Middle,0
37679.svs,1,train,E0432-G11-P0,papaverine,432,11,1,dataset/wsi/abnormal/37679.svs,ftp://ftp.biosciencedbc.jp/archive/open-tggates-pathological-images/LATEST/images/papaverine/Liver/37679.svs,slight,1,0,Middle,2
37698.svs,0,train,E0432-G11-P1,papaverine,432,11,5,dataset/wsi/normal/37698.svs,ftp://ftp.biosciencedbc.jp/archive/open-tggates-pathological-images/LATEST/images/papaverine/Liver/37698.svs,normal,0,0,Middle,0
37683.svs,1,train,E0432-G11-P1,papaverine,432,11,2,dataset/wsi/abnormal/37683.svs,ftp://ftp.biosciencedbc.jp/archive/open-tggates-pathological-images/LATEST/images/papaverine/Liver/37683.svs,slight,1,0,Middle,2
37702.svs,0,train,E0432-G12-P0,papaverine,432,12,1,dataset/wsi/normal/37702.svs,ftp://ftp.biosciencedbc.jp/archive/open-tggates-pathological-images/LATEST/images/papaverine/Liver/37702.svs,normal,0,0,Middle,0
37707.svs,1,train,E0432-G12-P0,papaverine,432,12,2,dataset/wsi/abnormal/37707.svs,ftp://ftp.biosciencedbc.jp/archive/open-tggates-pathological-images/LATEST/images/papaverine/Liver/37707.svs,slight,1,0,Middle,2
37716.svs,0,train,E0432-G12-P1,papaverine,432,12,4,dataset/wsi/normal/37716.svs,ftp://ftp.biosciencedbc.jp/archive/open-tggates-pathological-images/LATEST/images/papaverine/Liver/37716.svs,normal,0,0,Middle,0
37711.svs,1,train,E0432-G12-P1,papaverine,432,12,3,dataset/wsi/abnormal/37711.svs,ftp://ftp.biosciencedbc.jp/archive/open-tggates-pathological-images/LATEST/images/papaverine/Liver/37711.svs,slight,1,0,Middle,2
37726.svs,0,train,E0432-G13-P0,papaverine,432,13,1,dataset/wsi/normal/37726.svs,ftp://ftp.biosciencedbc.jp/archive/open-tggates-pathological-images/LATEST/images/papaverine/Liver/37726.svs,normal,0,0,High,0
37735.svs,1,train,E0432-G13-P0,papaverine,432,13,3,dataset/wsi/abnormal/37735.svs,ftp://ftp.biosciencedbc.jp/archive/open-tggates-pathological-images/LATEST/images/papaverine/Liver/37735.svs,moderate,2,0,High,3
37730.svs,0,train,E0432-G13-P1,papaverine,432,13,2,dataset/wsi/normal/37730.svs,ftp://ftp.biosciencedbc.jp/archive/open-tggates-pathological-images/LATEST/images/papaverine/Liver/37730.svs,normal,0,0,High,0
37744.svs,1,train,E0432-G13-P1,papaverine,432,13,5,dataset/wsi/abnormal/37744.svs,ftp://ftp.biosciencedbc.jp/archive/open-tggates-pathological-images/LATEST/images/papaverine/Liver/37744.svs,slight,1,0,High,2
34989.svs,0,train,E0434-G07-P0,fenofibrate,434,7,1,dataset/wsi/normal/34989.svs,ftp://ftp.biosciencedbc.jp/archive/open-tggates-pathological-images/LATEST/images/fenofibrate/Liver/34989.svs,normal,0,0,Low,0
35000.svs,1,train,E0434-G07-P0,fenofibrate,434,7,5,dataset/wsi/abnormal/35000.svs,ftp://ftp.biosciencedbc.jp/archive/open-tggates-pathological-images/LATEST/images/fenofibrate/Liver/35000.svs,minimal,1,0,Low,1
35343.svs,0,train,E0436-G08-P0,chlorpropamide,436,8,1,dataset/wsi/normal/35343.svs,ftp://ftp.biosciencedbc.jp/archive/open-tggates-pathological-images/LATEST/images/chlorpropamide/Liver/35343.svs,normal,0,0,Low,0
35346.svs,1,train,E0436-G08-P0,chlorpropamide,436,8,4,dataset/wsi/abnormal/35346.svs,ftp://ftp.biosciencedbc.jp/archive/open-tggates-pathological-images/LATEST/images/chlorpropamide/Liver/35346.svs,minimal,1,0,Low,1
35344.svs,0,train,E0436-G08-P1,chlorpropamide,436,8,2,dataset/wsi/normal/35344.svs,ftp://ftp.biosciencedbc.jp/archive/open-tggates-pathological-images/LATEST/images/chlorpropamide/Liver/35344.svs,normal,0,0,Low,0
35347.svs,1,train,E0436-G08-P1,chlorpropamide,436,8,5,dataset/wsi/abnormal/35347.svs,ftp://ftp.biosciencedbc.jp/archive/open-tggates-pathological-images/LATEST/images/chlorpropamide/Liver/35347.svs,minimal,1,0,Low,1
35354.svs,0,train,E0436-G10-P0,chlorpropamide,436,10,2,dataset/wsi/normal/35354.svs,ftp://ftp.biosciencedbc.jp/archive/open-tggates-pathological-images/LATEST/images/chlorpropamide/Liver/35354.svs,normal,0,0,Middle,0
35353.svs,1,train,E0436-G10-P0,chlorpropamide,436,10,1,dataset/wsi/abnormal/35353.svs,ftp://ftp.biosciencedbc.jp/archive/open-tggates-pathological-images/LATEST/images/chlorpropamide/Liver/35353.svs,minimal,1,0,Middle,1
35356.svs,0,train,E0436-G10-P1,chlorpropamide,436,10,4,dataset/wsi/normal/35356.svs,ftp://ftp.biosciencedbc.jp/archive/open-tggates-pathological-images/LATEST/images/chlorpropamide/Liver/35356.svs,normal,0,0,Middle,0
35345.svs,1,train,E0436-G10-P1,chlorpropamide,436,10,3,dataset/wsi/abnormal/35345.svs,ftp://ftp.biosciencedbc.jp/archive/open-tggates-pathological-images/LATEST/images/chlorpropamide/Liver/35345.svs,minimal,1,0,Middle,1
35359.svs,0,train,E0436-G11-P0,chlorpropamide,436,11,2,dataset/wsi/normal/35359.svs,ftp://ftp.biosciencedbc.jp/archive/open-tggates-pathological-images/LATEST/images/chlorpropamide/Liver/35359.svs,normal,0,0,Middle,0
35358.svs,1,train,E0436-G11-P0,chlorpropamide,436,11,1,dataset/wsi/abnormal/35358.svs,ftp://ftp.biosciencedbc.jp/archive/open-tggates-pathological-images/LATEST/images/chlorpropamide/Liver/35358.svs,minimal,1,0,Middle,1
35368.svs,0,train,E0436-G13-P0,chlorpropamide,436,13,1,dataset/wsi/normal/35368.svs,ftp://ftp.biosciencedbc.jp/archive/open-tggates-pathological-images/LATEST/images/chlorpropamide/Liver/35368.svs,normal,0,0,High,0
35369.svs,1,train,E0436-G13-P0,chlorpropamide,436,13,2,dataset/wsi/abnormal/35369.svs,ftp://ftp.biosciencedbc.jp/archive/open-tggates-pathological-images/LATEST/images/chlorpropamide/Liver/35369.svs,minimal,1,0,High,1
38211.svs,0,train,E0442-G16-P0,sulindac,442,16,2,dataset/wsi/normal/38211.svs,ftp://ftp.biosciencedbc.jp/archive/open-tggates-pathological-images/LATEST/images/sulindac/Liver/38211.svs,normal,0,0,High,0
38209.svs,1,train,E0442-G16-P0,sulindac,442,16,1,dataset/wsi/abnormal/38209.svs,ftp://ftp.biosciencedbc.jp/archive/open-tggates-pathological-images/LATEST/images/sulindac/Liver/38209.svs,minimal,1,0,High,1
38214.svs,0,train,E0442-G16-P1,sulindac,442,16,4,dataset/wsi/normal/38214.svs,ftp://ftp.biosciencedbc.jp/archive/open-tggates-pathological-images/LATEST/images/sulindac/Liver/38214.svs,normal,0,0,High,0
38213.svs,1,train,E0442-G16-P1,sulindac,442,16,3,dataset/wsi/abnormal/38213.svs,ftp://ftp.biosciencedbc.jp/archive/open-tggates-pathological-images/LATEST/images/sulindac/Liver/38213.svs,minimal,1,0,High,1
38568.svs,0,train,E0443-G14-P0,sulindac,443,14,2,dataset/wsi/normal/38568.svs,ftp://ftp.biosciencedbc.jp/archive/open-tggates-pathological-images/LATEST/images/sulindac/Liver/38568.svs,normal,0,0,High,0
38566.svs,1,train,E0443-G14-P0,sulindac,443,14,1,dataset/wsi/abnormal/38566.svs,ftp://ftp.biosciencedbc.jp/archive/open-tggates-pathological-images/LATEST/images/sulindac/Liver/38566.svs,slight,2,0,High,2
38581.svs,0,train,E0443-G15-P0,sulindac,443,15,2,dataset/wsi/normal/38581.svs,ftp://ftp.biosciencedbc.jp/archive/open-tggates-pathological-images/LATEST/images/sulindac/Liver/38581.svs,normal,0,0,High,0
38579.svs,1,train,E0443-G15-P0,sulindac,443,15,1,dataset/wsi/abnormal/38579.svs,ftp://ftp.biosciencedbc.jp/archive/open-tggates-pathological-images/LATEST/images/sulindac/Liver/38579.svs,minimal,1,0,High,1
38589.svs,0,train,E0443-G16-P0,sulindac,443,16,3,dataset/wsi/normal/38589.svs,ftp://ftp.biosciencedbc.jp/archive/open-tggates-pathological-images/LATEST/images/sulindac/Liver/38589.svs,normal,0,0,High,0
38586.svs,1,train,E0443-G16-P0,sulindac,443,16,1,dataset/wsi/abnormal/38586.svs,ftp://ftp.biosciencedbc.jp/archive/open-tggates-pathological-images/LATEST/images/sulindac/Liver/38586.svs,minimal,2,0,High,1
59347.svs,0,val,E0447-G06-P0,galactosamine,447,6,2,dataset/wsi/normal/59347.svs,ftp://ftp.biosciencedbc.jp/archive/open-tggates-pathological-images/LATEST/images/galactosamine/Liver/59347.svs,normal,0,0,Low,0
59345.svs,1,val,E0447-G06-P0,galactosamine,447,6,1,dataset/wsi/abnormal/59345.svs,ftp://ftp.biosciencedbc.jp/archive/open-tggates-pathological-images/LATEST/images/galactosamine/Liver/59345.svs,minimal,3,0,Low,1
59349.svs,0,val,E0447-G06-P1,galactosamine,447,6,3,dataset/wsi/normal/59349.svs,ftp://ftp.biosciencedbc.jp/archive/open-tggates-pathological-images/LATEST/images/galactosamine/Liver/59349.svs,normal,0,0,Low,0
59351.svs,1,val,E0447-G06-P1,galactosamine,447,6,4,dataset/wsi/abnormal/59351.svs,ftp://ftp.biosciencedbc.jp/archive/open-tggates-pathological-images/LATEST/images/galactosamine/Liver/59351.svs,minimal,2,0,Low,1
59372.svs,0,val,E0447-G09-P0,galactosamine,447,9,1,dataset/wsi/normal/59372.svs,ftp://ftp.biosciencedbc.jp/archive/open-tggates-pathological-images/LATEST/images/galactosamine/Liver/59372.svs,normal,0,0,Middle,0
59376.svs,1,val,E0447-G09-P0,galactosamine,447,9,3,dataset/wsi/abnormal/59376.svs,ftp://ftp.biosciencedbc.jp/archive/open-tggates-pathological-images/LATEST/images/galactosamine/Liver/59376.svs,minimal,1,0,Middle,1
59374.svs,0,val,E0447-G09-P1,galactosamine,447,9,2,dataset/wsi/normal/59374.svs,ftp://ftp.biosciencedbc.jp/archive/open-tggates-pathological-images/LATEST/images/galactosamine/Liver/59374.svs,normal,0,0,Middle,0
59378.svs,1,val,E0447-G09-P1,galactosamine,447,9,4,dataset/wsi/abnormal/59378.svs,ftp://ftp.biosciencedbc.jp/archive/open-tggates-pathological-images/LATEST/images/galactosamine/Liver/59378.svs,minimal,2,0,Middle,1
59388.svs,0,val,E0447-G10-P0,galactosamine,447,10,5,dataset/wsi/normal/59388.svs,ftp://ftp.biosciencedbc.jp/archive/open-tggates-pathological-images/LATEST/images/galactosamine/Liver/59388.svs,normal,0,0,Middle,0
59381.svs,1,val,E0447-G10-P0,galactosamine,447,10,1,dataset/wsi/abnormal/59381.svs,ftp://ftp.biosciencedbc.jp/archive/open-tggates-pathological-images/LATEST/images/galactosamine/Liver/59381.svs,slight,3,0,Middle,2
59390.svs,0,val,E0447-G11-P0,galactosamine,447,11,1,dataset/wsi/normal/59390.svs,ftp://ftp.biosciencedbc.jp/archive/open-tggates-pathological-images/LATEST/images/galactosamine/Liver/59390.svs,normal,0,0,Middle,0
59397.svs,1,val,E0447-G11-P0,galactosamine,447,11,5,dataset/wsi/abnormal/59397.svs,ftp://ftp.biosciencedbc.jp/archive/open-tggates-pathological-images/LATEST/images/galactosamine/Liver/59397.svs,slight,3,0,Middle,2
59400.svs,0,val,E0447-G12-P0,galactosamine,447,12,2,dataset/wsi/normal/59400.svs,ftp://ftp.biosciencedbc.jp/archive/open-tggates-pathological-images/LATEST/images/galactosamine/Liver/59400.svs,normal,0,0,Middle,0
59399.svs,1,val,E0447-G12-P0,galactosamine,447,12,1,dataset/wsi/abnormal/59399.svs,ftp://ftp.biosciencedbc.jp/archive/open-tggates-pathological-images/LATEST/images/galactosamine/Liver/59399.svs,slight,3,0,Middle,2
59406.svs,0,val,E0447-G12-P1,galactosamine,447,12,5,dataset/wsi/normal/59406.svs,ftp://ftp.biosciencedbc.jp/archive/open-tggates-pathological-images/LATEST/images/galactosamine/Liver/59406.svs,normal,0,0,Middle,0
59402.svs,1,val,E0447-G12-P1,galactosamine,447,12,3,dataset/wsi/abnormal/59402.svs,ftp://ftp.biosciencedbc.jp/archive/open-tggates-pathological-images/LATEST/images/galactosamine/Liver/59402.svs,slight,3,0,Middle,2
59408.svs,0,val,E0447-G13-P0,galactosamine,447,13,1,dataset/wsi/normal/59408.svs,ftp://ftp.biosciencedbc.jp/archive/open-tggates-pathological-images/LATEST/images/galactosamine/Liver/59408.svs,normal,0,0,High,0
59411.svs,1,val,E0447-G13-P0,galactosamine,447,13,3,dataset/wsi/abnormal/59411.svs,ftp://ftp.biosciencedbc.jp/archive/open-tggates-pathological-images/LATEST/images/galactosamine/Liver/59411.svs,minimal,2,0,High,1
59409.svs,0,val,E0447-G13-P1,galactosamine,447,13,2,dataset/wsi/normal/59409.svs,ftp://ftp.biosciencedbc.jp/archive/open-tggates-pathological-images/LATEST/images/galactosamine/Liver/59409.svs,normal,0,0,High,0
59413.svs,1,val,E0447-G13-P1,galactosamine,447,13,4,dataset/wsi/abnormal/59413.svs,ftp://ftp.biosciencedbc.jp/archive/open-tggates-pathological-images/LATEST/images/galactosamine/Liver/59413.svs,minimal,2,0,High,1
59420.svs,0,val,E0447-G14-P0,galactosamine,447,14,3,dataset/wsi/normal/59420.svs,ftp://ftp.biosciencedbc.jp/archive/open-tggates-pathological-images/LATEST/images/galactosamine/Liver/59420.svs,normal,0,0,High,0
59417.svs,1,val,E0447-G14-P0,galactosamine,447,14,1,dataset/wsi/abnormal/59417.svs,ftp://ftp.biosciencedbc.jp/archive/open-tggates-pathological-images/LATEST/images/galactosamine/Liver/59417.svs,slight,3,0,High,2
59427.svs,0,val,E0447-G15-P0,galactosamine,447,15,2,dataset/wsi/normal/59427.svs,ftp://ftp.biosciencedbc.jp/archive/open-tggates-pathological-images/LATEST/images/galactosamine/Liver/59427.svs,normal,0,0,High,0
59426.svs,1,val,E0447-G15-P0,galactosamine,447,15,1,dataset/wsi/abnormal/59426.svs,ftp://ftp.biosciencedbc.jp/archive/open-tggates-pathological-images/LATEST/images/galactosamine/Liver/59426.svs,slight,3,0,High,2
59436.svs,0,val,E0447-G16-P0,galactosamine,447,16,2,dataset/wsi/normal/59436.svs,ftp://ftp.biosciencedbc.jp/archive/open-tggates-pathological-images/LATEST/images/galactosamine/Liver/59436.svs,normal,0,0,High,0
59434.svs,1,val,E0447-G16-P0,galactosamine,447,16,1,dataset/wsi/abnormal/59434.svs,ftp://ftp.biosciencedbc.jp/archive/open-tggates-pathological-images/LATEST/images/galactosamine/Liver/59434.svs,moderate,3,0,High,3
58711.svs,0,val,E0454-G05-P0,cycloheximide,454,5,2,dataset/wsi/normal/58711.svs,ftp://ftp.biosciencedbc.jp/archive/open-tggates-pathological-images/LATEST/images/cycloheximide/Liver/58711.svs,normal,0,0,Low,0
58708.svs,1,val,E0454-G05-P0,cycloheximide,454,5,1,dataset/wsi/abnormal/58708.svs,ftp://ftp.biosciencedbc.jp/archive/open-tggates-pathological-images/LATEST/images/cycloheximide/Liver/58708.svs,slight,1,0,Low,2
58714.svs,0,val,E0454-G05-P1,cycloheximide,454,5,3,dataset/wsi/normal/58714.svs,ftp://ftp.biosciencedbc.jp/archive/open-tggates-pathological-images/LATEST/images/cycloheximide/Liver/58714.svs,normal,0,0,Low,0
58720.svs,1,val,E0454-G05-P1,cycloheximide,454,5,5,dataset/wsi/abnormal/58720.svs,ftp://ftp.biosciencedbc.jp/archive/open-tggates-pathological-images/LATEST/images/cycloheximide/Liver/58720.svs,slight,1,0,Low,2
58726.svs,0,val,E0454-G06-P0,cycloheximide,454,6,2,dataset/wsi/normal/58726.svs,ftp://ftp.biosciencedbc.jp/archive/open-tggates-pathological-images/LATEST/images/cycloheximide/Liver/58726.svs,normal,0,0,Low,0
58723.svs,1,val,E0454-G06-P0,cycloheximide,454,6,1,dataset/wsi/abnormal/58723.svs,ftp://ftp.biosciencedbc.jp/archive/open-tggates-pathological-images/LATEST/images/cycloheximide/Liver/58723.svs,slight,1,0,Low,2
58738.svs,0,val,E0454-G07-P0,cycloheximide,454,7,1,dataset/wsi/normal/58738.svs,ftp://ftp.biosciencedbc.jp/archive/open-tggates-pathological-images/LATEST/images/cycloheximide/Liver/58738.svs,normal,0,0,Low,0
58741.svs,1,val,E0454-G07-P0,cycloheximide,454,7,2,dataset/wsi/abnormal/58741.svs,ftp://ftp.biosciencedbc.jp/archive/open-tggates-pathological-images/LATEST/images/cycloheximide/Liver/58741.svs,slight,1,0,Low,2
58744.svs,0,val,E0454-G07-P1,cycloheximide,454,7,3,dataset/wsi/normal/58744.svs,ftp://ftp.biosciencedbc.jp/archive/open-tggates-pathological-images/LATEST/images/cycloheximide/Liver/58744.svs,normal,0,0,Low,0
58747.svs,1,val,E0454-G07-P1,cycloheximide,454,7,4,dataset/wsi/abnormal/58747.svs,ftp://ftp.biosciencedbc.jp/archive/open-tggates-pathological-images/LATEST/images/cycloheximide/Liver/58747.svs,slight,1,0,Low,2
59147.svs,0,val,E0455-G14-P0,tunicamycin,455,14,1,dataset/wsi/normal/59147.svs,ftp://ftp.biosciencedbc.jp/archive/open-tggates-pathological-images/LATEST/images/tunicamycin/Liver/59147.svs,normal,0,0,High,0
59159.svs,1,val,E0455-G14-P0,tunicamycin,455,14,3,dataset/wsi/abnormal/59159.svs,ftp://ftp.biosciencedbc.jp/archive/open-tggates-pathological-images/LATEST/images/tunicamycin/Liver/59159.svs,slight,1,0,High,2
59153.svs,0,val,E0455-G14-P1,tunicamycin,455,14,2,dataset/wsi/normal/59153.svs,ftp://ftp.biosciencedbc.jp/archive/open-tggates-pathological-images/LATEST/images/tunicamycin/Liver/59153.svs,normal,0,0,High,0
59171.svs,1,val,E0455-G14-P1,tunicamycin,455,14,5,dataset/wsi/abnormal/59171.svs,ftp://ftp.biosciencedbc.jp/archive/open-tggates-pathological-images/LATEST/images/tunicamycin/Liver/59171.svs,slight,1,0,High,2
59206.svs,0,val,E0455-G16-P0,tunicamycin,455,16,1,dataset/wsi/normal/59206.svs,ftp://ftp.biosciencedbc.jp/archive/open-tggates-pathological-images/LATEST/images/tunicamycin/Liver/59206.svs,normal,0,0,High,0
59212.svs,1,val,E0455-G16-P0,tunicamycin,455,16,2,dataset/wsi/abnormal/59212.svs,ftp://ftp.biosciencedbc.jp/archive/open-tggates-pathological-images/LATEST/images/tunicamycin/Liver/59212.svs,slight,1,0,High,2
59218.svs,0,val,E0455-G16-P1,tunicamycin,455,16,3,dataset/wsi/normal/59218.svs,ftp://ftp.biosciencedbc.jp/archive/open-tggates-pathological-images/LATEST/images/tunicamycin/Liver/59218.svs,normal,0,0,High,0
59230.svs,1,val,E0455-G16-P1,tunicamycin,455,16,5,dataset/wsi/abnormal/59230.svs,ftp://ftp.biosciencedbc.jp/archive/open-tggates-pathological-images/LATEST/images/tunicamycin/Liver/59230.svs,slight,1,0,High,2
59368.svs,0,val,E0456-G07-P0,phorone,456,7,1,dataset/wsi/normal/59368.svs,ftp://ftp.biosciencedbc.jp/archive/open-tggates-pathological-images/LATEST/images/phorone/Liver/59368.svs,normal,0,0,Low,0
59375.svs,1,val,E0456-G07-P0,phorone,456,7,4,dataset/wsi/abnormal/59375.svs,ftp://ftp.biosciencedbc.jp/archive/open-tggates-pathological-images/LATEST/images/phorone/Liver/59375.svs,minimal,1,0,Low,1
59425.svs,0,val,E0456-G12-P0,phorone,456,12,1,dataset/wsi/normal/59425.svs,ftp://ftp.biosciencedbc.jp/archive/open-tggates-pathological-images/LATEST/images/phorone/Liver/59425.svs,normal,0,0,Middle,0
59432.svs,1,val,E0456-G12-P0,phorone,456,12,4,dataset/wsi/abnormal/59432.svs,ftp://ftp.biosciencedbc.jp/archive/open-tggates-pathological-images/LATEST/images/phorone/Liver/59432.svs,slight,1,0,Middle,2
71067.svs,0,val,E0456-G13-P0,phorone,456,13,1,dataset/wsi/normal/71067.svs,ftp://ftp.biosciencedbc.jp/archive/open-tggates-pathological-images/LATEST/images/phorone/Liver/71067.svs,normal,0,0,High,0
59439.svs,1,val,E0456-G13-P0,phorone,456,13,2,dataset/wsi/abnormal/59439.svs,ftp://ftp.biosciencedbc.jp/archive/open-tggates-pathological-images/LATEST/images/phorone/Liver/59439.svs,minimal,3,0,High,1
59441.svs,0,val,E0456-G13-P1,phorone,456,13,3,dataset/wsi/normal/59441.svs,ftp://ftp.biosciencedbc.jp/archive/open-tggates-pathological-images/LATEST/images/phorone/Liver/59441.svs,normal,0,0,High,0
59444.svs,1,val,E0456-G13-P1,phorone,456,13,4,dataset/wsi/abnormal/59444.svs,ftp://ftp.biosciencedbc.jp/archive/open-tggates-pathological-images/LATEST/images/phorone/Liver/59444.svs,minimal,2,0,High,1
60062.svs,0,val,E0458-G09-P0,diethyl maleate,458,9,1,dataset/wsi/normal/60062.svs,ftp://ftp.biosciencedbc.jp/archive/open-tggates-pathological-images/LATEST/images/diethyl_maleate/Liver/60062.svs,normal,0,0,Middle,0
60067.svs,1,val,E0458-G09-P0,diethyl maleate,458,9,3,dataset/wsi/abnormal/60067.svs,ftp://ftp.biosciencedbc.jp/archive/open-tggates-pathological-images/LATEST/images/diethyl_maleate/Liver/60067.svs,minimal,1,0,Middle,1
60064.svs,0,val,E0458-G09-P1,diethyl maleate,458,9,2,dataset/wsi/normal/60064.svs,ftp://ftp.biosciencedbc.jp/archive/open-tggates-pathological-images/LATEST/images/diethyl_maleate/Liver/60064.svs,normal,0,0,Middle,0
60070.svs,1,val,E0458-G09-P1,diethyl maleate,458,9,4,dataset/wsi/abnormal/60070.svs,ftp://ftp.biosciencedbc.jp/archive/open-tggates-pathological-images/LATEST/images/diethyl_maleate/Liver/60070.svs,minimal,1,0,Middle,1
60122.svs,0,val,E0458-G13-P0,diethyl maleate,458,13,4,dataset/wsi/normal/60122.svs,ftp://ftp.biosciencedbc.jp/archive/open-tggates-pathological-images/LATEST/images/diethyl_maleate/Liver/60122.svs,normal,0,0,High,0
60114.svs,1,val,E0458-G13-P0,diethyl maleate,458,13,1,dataset/wsi/abnormal/60114.svs,ftp://ftp.biosciencedbc.jp/archive/open-tggates-pathological-images/LATEST/images/diethyl_maleate/Liver/60114.svs,minimal,1,0,High,1
71073.svs,0,val,E0458-G15-P0,diethyl maleate,458,15,2,dataset/wsi/normal/71073.svs,ftp://ftp.biosciencedbc.jp/archive/open-tggates-pathological-images/LATEST/images/diethyl_maleate/Liver/71073.svs,normal,0,0,High,0
71072.svs,1,val,E0458-G15-P0,diethyl maleate,458,15,1,dataset/wsi/abnormal/71072.svs,ftp://ftp.biosciencedbc.jp/archive/open-tggates-pathological-images/LATEST/images/diethyl_maleate/Liver/71072.svs,minimal,1,0,High,1
60144.svs,0,val,E0458-G15-P1,diethyl maleate,458,15,3,dataset/wsi/normal/60144.svs,ftp://ftp.biosciencedbc.jp/archive/open-tggates-pathological-images/LATEST/images/diethyl_maleate/Liver/60144.svs,normal,0,0,High,0
60147.svs,1,val,E0458-G15-P1,diethyl maleate,458,15,4,dataset/wsi/abnormal/60147.svs,ftp://ftp.biosciencedbc.jp/archive/open-tggates-pathological-images/LATEST/images/diethyl_maleate/Liver/60147.svs,minimal,1,0,High,1
38563.svs,0,val,E0463-G12-P0,disopyramide,463,12,1,dataset/wsi/normal/38563.svs,ftp://ftp.biosciencedbc.jp/archive/open-tggates-pathological-images/LATEST/images/disopyramide/Liver/38563.svs,normal,0,0,Middle,0
38569.svs,1,val,E0463-G12-P0,disopyramide,463,12,2,dataset/wsi/abnormal/38569.svs,ftp://ftp.biosciencedbc.jp/archive/open-tggates-pathological-images/LATEST/images/disopyramide/Liver/38569.svs,minimal,1,0,Middle,1
38573.svs,0,val,E0463-G12-P1,disopyramide,463,12,3,dataset/wsi/normal/38573.svs,ftp://ftp.biosciencedbc.jp/archive/open-tggates-pathological-images/LATEST/images/disopyramide/Liver/38573.svs,normal,0,0,Middle,0
38583.svs,1,val,E0463-G12-P1,disopyramide,463,12,5,dataset/wsi/abnormal/38583.svs,ftp://ftp.biosciencedbc.jp/archive/open-tggates-pathological-images/LATEST/images/disopyramide/Liver/38583.svs,minimal,1,0,Middle,1
38618.svs,0,val,E0463-G14-P0,disopyramide,463,14,2,dataset/wsi/normal/38618.svs,ftp://ftp.biosciencedbc.jp/archive/open-tggates-pathological-images/LATEST/images/disopyramide/Liver/38618.svs,normal,0,0,High,0
38613.svs,1,val,E0463-G14-P0,disopyramide,463,14,1,dataset/wsi/abnormal/38613.svs,ftp://ftp.biosciencedbc.jp/archive/open-tggates-pathological-images/LATEST/images/disopyramide/Liver/38613.svs,minimal,1,0,High,1
38623.svs,0,val,E0463-G14-P1,disopyramide,463,14,3,dataset/wsi/normal/38623.svs,ftp://ftp.biosciencedbc.jp/archive/open-tggates-pathological-images/LATEST/images/disopyramide/Liver/38623.svs,normal,0,0,High,0
38628.svs,1,val,E0463-G14-P1,disopyramide,463,14,4,dataset/wsi/abnormal/38628.svs,ftp://ftp.biosciencedbc.jp/archive/open-tggates-pathological-images/LATEST/images/disopyramide/Liver/38628.svs,minimal,1,0,High,1
53892.svs,0,val,E0465-G15-P0,mexiletine,465,15,1,dataset/wsi/normal/53892.svs,ftp://ftp.biosciencedbc.jp/archive/open-tggates-pathological-images/LATEST/images/mexiletine/Liver/53892.svs,normal,0,0,High,0
53895.svs,1,val,E0465-G15-P0,mexiletine,465,15,2,dataset/wsi/abnormal/53895.svs,ftp://ftp.biosciencedbc.jp/archive/open-tggates-pathological-images/LATEST/images/mexiletine/Liver/53895.svs,slight,1,0,High,2
53898.svs,0,val,E0465-G15-P1,mexiletine,465,15,3,dataset/wsi/normal/53898.svs,ftp://ftp.biosciencedbc.jp/archive/open-tggates-pathological-images/LATEST/images/mexiletine/Liver/53898.svs,normal,0,0,High,0
53904.svs,1,val,E0465-G15-P1,mexiletine,465,15,5,dataset/wsi/abnormal/53904.svs,ftp://ftp.biosciencedbc.jp/archive/open-tggates-pathological-images/LATEST/images/mexiletine/Liver/53904.svs,slight,1,0,High,2
59146.svs,0,val,E0480-G05-P0,phalloidin,480,5,5,dataset/wsi/normal/59146.svs,ftp://ftp.biosciencedbc.jp/archive/open-tggates-pathological-images/LATEST/images/phalloidin/Liver/59146.svs,normal,0,0,High,0
59122.svs,1,val,E0480-G05-P0,phalloidin,480,5,1,dataset/wsi/abnormal/59122.svs,ftp://ftp.biosciencedbc.jp/archive/open-tggates-pathological-images/LATEST/images/phalloidin/Liver/59122.svs,moderate,3,0,High,3
59170.svs,0,val,E0480-G06-P0,phalloidin,480,6,4,dataset/wsi/normal/59170.svs,ftp://ftp.biosciencedbc.jp/archive/open-tggates-pathological-images/LATEST/images/phalloidin/Liver/59170.svs,normal,0,0,High,0
59152.svs,1,val,E0480-G06-P0,phalloidin,480,6,1,dataset/wsi/abnormal/59152.svs,ftp://ftp.biosciencedbc.jp/archive/open-tggates-pathological-images/LATEST/images/phalloidin/Liver/59152.svs,moderate,1,0,High,3
59213.svs,0,val,E0480-G08-P0,phalloidin,480,8,1,dataset/wsi/normal/59213.svs,ftp://ftp.biosciencedbc.jp/archive/open-tggates-pathological-images/LATEST/images/phalloidin/Liver/59213.svs,normal,0,0,High,0
59219.svs,1,val,E0480-G08-P0,phalloidin,480,8,2,dataset/wsi/abnormal/59219.svs,ftp://ftp.biosciencedbc.jp/archive/open-tggates-pathological-images/LATEST/images/phalloidin/Liver/59219.svs,slight,2,0,High,2
59225.svs,0,val,E0480-G08-P1,phalloidin,480,8,3,dataset/wsi/normal/59225.svs,ftp://ftp.biosciencedbc.jp/archive/open-tggates-pathological-images/LATEST/images/phalloidin/Liver/59225.svs,normal,0,0,High,0
59236.svs,1,val,E0480-G08-P1,phalloidin,480,8,5,dataset/wsi/abnormal/59236.svs,ftp://ftp.biosciencedbc.jp/archive/open-tggates-pathological-images/LATEST/images/phalloidin/Liver/59236.svs,slight,2,0,High,2
47821.svs,0,val,E0492-G11-P0,disulfiram,492,11,3,dataset/wsi/normal/47821.svs,ftp://ftp.biosciencedbc.jp/archive/open-tggates-pathological-images/LATEST/images/disulfiram/Liver/47821.svs,normal,0,0,Middle,0
47811.svs,1,val,E0492-G11-P0,disulfiram,492,11,1,dataset/wsi/abnormal/47811.svs,ftp://ftp.biosciencedbc.jp/archive/open-tggates-pathological-images/LATEST/images/disulfiram/Liver/47811.svs,slight,1,0,Middle,2
47825.svs,0,val,E0492-G11-P1,disulfiram,492,11,4,dataset/wsi/normal/47825.svs,ftp://ftp.biosciencedbc.jp/archive/open-tggates-pathological-images/LATEST/images/disulfiram/Liver/47825.svs,normal,0,0,Middle,0
47816.svs,1,val,E0492-G11-P1,disulfiram,492,11,2,dataset/wsi/abnormal/47816.svs,ftp://ftp.biosciencedbc.jp/archive/open-tggates-pathological-images/LATEST/images/disulfiram/Liver/47816.svs,slight,1,0,Middle,2
47844.svs,0,val,E0492-G12-P0,disulfiram,492,12,3,dataset/wsi/normal/47844.svs,ftp://ftp.biosciencedbc.jp/archive/open-tggates-pathological-images/LATEST/images/disulfiram/Liver/47844.svs,normal,0,0,Middle,0
47834.svs,1,val,E0492-G12-P0,disulfiram,492,12,1,dataset/wsi/abnormal/47834.svs,ftp://ftp.biosciencedbc.jp/archive/open-tggates-pathological-images/LATEST/images/disulfiram/Liver/47834.svs,slight,1,0,Middle,2
47857.svs,0,val,E0492-G13-P0,disulfiram,492,13,1,dataset/wsi/normal/47857.svs,ftp://ftp.biosciencedbc.jp/archive/open-tggates-pathological-images/LATEST/images/disulfiram/Liver/47857.svs,normal,0,0,High,0
47866.svs,1,val,E0492-G13-P0,disulfiram,492,13,3,dataset/wsi/abnormal/47866.svs,ftp://ftp.biosciencedbc.jp/archive/open-tggates-pathological-images/LATEST/images/disulfiram/Liver/47866.svs,moderate,1,0,High,3
47861.svs,0,val,E0492-G13-P1,disulfiram,492,13,2,dataset/wsi/normal/47861.svs,ftp://ftp.biosciencedbc.jp/archive/open-tggates-pathological-images/LATEST/images/disulfiram/Liver/47861.svs,normal,0,0,High,0
47875.svs,1,val,E0492-G13-P1,disulfiram,492,13,5,dataset/wsi/abnormal/47875.svs,ftp://ftp.biosciencedbc.jp/archive/open-tggates-pathological-images/LATEST/images/disulfiram/Liver/47875.svs,slight,1,0,High,2
47880.svs,0,val,E0492-G14-P0,disulfiram,492,14,1,dataset/wsi/normal/47880.svs,ftp://ftp.biosciencedbc.jp/archive/open-tggates-pathological-images/LATEST/images/disulfiram/Liver/47880.svs,normal,0,0,High,0
47884.svs,1,val,E0492-G14-P0,disulfiram,492,14,2,dataset/wsi/abnormal/47884.svs,ftp://ftp.biosciencedbc.jp/archive/open-tggates-pathological-images/LATEST/images/disulfiram/Liver/47884.svs,slight,1,0,High,2
48761.svs,0,val,E0494-G07-P0,promethazine,494,7,1,dataset/wsi/normal/48761.svs,ftp://ftp.biosciencedbc.jp/archive/open-tggates-pathological-images/LATEST/images/promethazine/Liver/48761.svs,normal,0,0,Low,0
48770.svs,1,val,E0494-G07-P0,promethazine,494,7,3,dataset/wsi/abnormal/48770.svs,ftp://ftp.biosciencedbc.jp/archive/open-tggates-pathological-images/LATEST/images/promethazine/Liver/48770.svs,slight,2,0,Low,2
48794.svs,0,val,E0494-G08-P0,promethazine,494,8,3,dataset/wsi/normal/48794.svs,ftp://ftp.biosciencedbc.jp/archive/open-tggates-pathological-images/LATEST/images/promethazine/Liver/48794.svs,normal,0,0,Low,0
48784.svs,1,val,E0494-G08-P0,promethazine,494,8,1,dataset/wsi/abnormal/48784.svs,ftp://ftp.biosciencedbc.jp/archive/open-tggates-pathological-images/LATEST/images/promethazine/Liver/48784.svs,slight,2,0,Low,2
48799.svs,0,val,E0494-G08-P1,promethazine,494,8,4,dataset/wsi/normal/48799.svs,ftp://ftp.biosciencedbc.jp/archive/open-tggates-pathological-images/LATEST/images/promethazine/Liver/48799.svs,normal,0,0,Low,0
48790.svs,1,val,E0494-G08-P1,promethazine,494,8,2,dataset/wsi/abnormal/48790.svs,ftp://ftp.biosciencedbc.jp/archive/open-tggates-pathological-images/LATEST/images/promethazine/Liver/48790.svs,slight,2,0,Low,2
48833.svs,0,val,E0494-G10-P0,promethazine,494,10,1,dataset/wsi/normal/48833.svs,ftp://ftp.biosciencedbc.jp/archive/open-tggates-pathological-images/LATEST/images/promethazine/Liver/48833.svs,normal,0,0,Middle,0
48838.svs,1,val,E0494-G10-P0,promethazine,494,10,2,dataset/wsi/abnormal/48838.svs,ftp://ftp.biosciencedbc.jp/archive/open-tggates-pathological-images/LATEST/images/promethazine/Liver/48838.svs,slight,2,0,Middle,2
70104.svs,0,val,E0494-G10-P1,promethazine,494,10,3,dataset/wsi/normal/70104.svs,ftp://ftp.biosciencedbc.jp/archive/open-tggates-pathological-images/LATEST/images/promethazine/Liver/70104.svs,normal,0,0,Middle,0
48848.svs,1,val,E0494-G10-P1,promethazine,494,10,4,dataset/wsi/abnormal/48848.svs,ftp://ftp.biosciencedbc.jp/archive/open-tggates-pathological-images/LATEST/images/promethazine/Liver/48848.svs,slight,2,0,Middle,2
48858.svs,0,val,E0494-G11-P0,promethazine,494,11,1,dataset/wsi/normal/48858.svs,ftp://ftp.biosciencedbc.jp/archive/open-tggates-pathological-images/LATEST/images/promethazine/Liver/48858.svs,normal,0,0,Middle,0
48863.svs,1,val,E0494-G11-P0,promethazine,494,11,2,dataset/wsi/abnormal/48863.svs,ftp://ftp.biosciencedbc.jp/archive/open-tggates-pathological-images/LATEST/images/promethazine/Liver/48863.svs,slight,2,0,Middle,2
48906.svs,0,val,E0494-G13-P0,promethazine,494,13,1,dataset/wsi/normal/48906.svs,ftp://ftp.biosciencedbc.jp/archive/open-tggates-pathological-images/LATEST/images/promethazine/Liver/48906.svs,normal,0,0,High,0
48910.svs,1,val,E0494-G13-P0,promethazine,494,13,2,dataset/wsi/abnormal/48910.svs,ftp://ftp.biosciencedbc.jp/archive/open-tggates-pathological-images/LATEST/images/promethazine/Liver/48910.svs,slight,3,1,High,2
48919.svs,0,val,E0494-G13-P1,promethazine,494,13,4,dataset/wsi/normal/48919.svs,ftp://ftp.biosciencedbc.jp/archive/open-tggates-pathological-images/LATEST/images/promethazine/Liver/48919.svs,normal,0,0,High,0
48915.svs,1,val,E0494-G13-P1,promethazine,494,13,3,dataset/wsi/abnormal/48915.svs,ftp://ftp.biosciencedbc.jp/archive/open-tggates-pathological-images/LATEST/images/promethazine/Liver/48915.svs,slight,2,0,High,2
48948.svs,0,val,E0494-G14-P0,promethazine,494,14,5,dataset/wsi/normal/48948.svs,ftp://ftp.biosciencedbc.jp/archive/open-tggates-pathological-images/LATEST/images/promethazine/Liver/48948.svs,normal,0,0,High,0
48928.svs,1,val,E0494-G14-P0,promethazine,494,14,1,dataset/wsi/abnormal/48928.svs,ftp://ftp.biosciencedbc.jp/archive/open-tggates-pathological-images/LATEST/images/promethazine/Liver/48928.svs,moderate,2,0,High,3
41387.svs,0,val,E0501-G05-P0,colchicine,501,5,2,dataset/wsi/normal/41387.svs,ftp://ftp.biosciencedbc.jp/archive/open-tggates-pathological-images/LATEST/images/colchicine/Liver/41387.svs,normal,0,0,Low,0
41385.svs,1,val,E0501-G05-P0,colchicine,501,5,1,dataset/wsi/abnormal/41385.svs,ftp://ftp.biosciencedbc.jp/archive/open-tggates-pathological-images/LATEST/images/colchicine/Liver/41385.svs,minimal,1,0,Low,1
41389.svs,0,val,E0501-G05-P1,colchicine,501,5,3,dataset/wsi/normal/41389.svs,ftp://ftp.biosciencedbc.jp/archive/open-tggates-pathological-images/LATEST/images/colchicine/Liver/41389.svs,normal,0,0,Low,0
41392.svs,1,val,E0501-G05-P1,colchicine,501,5,4,dataset/wsi/abnormal/41392.svs,ftp://ftp.biosciencedbc.jp/archive/open-tggates-pathological-images/LATEST/images/colchicine/Liver/41392.svs,minimal,1,0,Low,1
41396.svs,0,val,E0501-G06-P0,colchicine,501,6,1,dataset/wsi/normal/41396.svs,ftp://ftp.biosciencedbc.jp/archive/open-tggates-pathological-images/LATEST/images/colchicine/Liver/41396.svs,normal,0,0,Low,0
41398.svs,1,val,E0501-G06-P0,colchicine,501,6,2,dataset/wsi/abnormal/41398.svs,ftp://ftp.biosciencedbc.jp/archive/open-tggates-pathological-images/LATEST/images/colchicine/Liver/41398.svs,minimal,2,0,Low,1
41401.svs,0,val,E0501-G06-P1,colchicine,501,6,3,dataset/wsi/normal/41401.svs,ftp://ftp.biosciencedbc.jp/archive/open-tggates-pathological-images/LATEST/images/colchicine/Liver/41401.svs,normal,0,0,Low,0
41403.svs,1,val,E0501-G06-P1,colchicine,501,6,4,dataset/wsi/abnormal/41403.svs,ftp://ftp.biosciencedbc.jp/archive/open-tggates-pathological-images/LATEST/images/colchicine/Liver/41403.svs,minimal,1,0,Low,1
41412.svs,0,val,E0501-G07-P0,colchicine,501,7,3,dataset/wsi/normal/41412.svs,ftp://ftp.biosciencedbc.jp/archive/open-tggates-pathological-images/LATEST/images/colchicine/Liver/41412.svs,normal,0,0,Low,0
41408.svs,1,val,E0501-G07-P0,colchicine,501,7,1,dataset/wsi/abnormal/41408.svs,ftp://ftp.biosciencedbc.jp/archive/open-tggates-pathological-images/LATEST/images/colchicine/Liver/41408.svs,minimal,2,0,Low,1
41414.svs,0,val,E0501-G07-P1,colchicine,501,7,4,dataset/wsi/normal/41414.svs,ftp://ftp.biosciencedbc.jp/archive/open-tggates-pathological-images/LATEST/images/colchicine/Liver/41414.svs,normal,0,0,Low,0
41416.svs,1,val,E0501-G07-P1,colchicine,501,7,5,dataset/wsi/abnormal/41416.svs,ftp://ftp.biosciencedbc.jp/archive/open-tggates-pathological-images/LATEST/images/colchicine/Liver/41416.svs,minimal,2,0,Low,1
41434.svs,0,val,E0501-G09-P0,colchicine,501,9,3,dataset/wsi/normal/41434.svs,ftp://ftp.biosciencedbc.jp/archive/open-tggates-pathological-images/LATEST/images/colchicine/Liver/41434.svs,normal,0,0,Middle,0
41430.svs,1,val,E0501-G09-P0,colchicine,501,9,1,dataset/wsi/abnormal/41430.svs,ftp://ftp.biosciencedbc.jp/archive/open-tggates-pathological-images/LATEST/images/colchicine/Liver/41430.svs,minimal,2,0,Middle,1
41436.svs,0,val,E0501-G09-P1,colchicine,501,9,4,dataset/wsi/normal/41436.svs,ftp://ftp.biosciencedbc.jp/archive/open-tggates-pathological-images/LATEST/images/colchicine/Liver/41436.svs,normal,0,0,Middle,0
41432.svs,1,val,E0501-G09-P1,colchicine,501,9,2,dataset/wsi/abnormal/41432.svs,ftp://ftp.biosciencedbc.jp/archive/open-tggates-pathological-images/LATEST/images/colchicine/Liver/41432.svs,minimal,2,0,Middle,1
41774.svs,0,val,E0502-G09-P0,colchicine,502,9,1,dataset/wsi/normal/41774.svs,ftp://ftp.biosciencedbc.jp/archive/open-tggates-pathological-images/LATEST/images/colchicine/Liver/41774.svs,normal,0,0,Middle,0
41779.svs,1,val,E0502-G09-P0,colchicine,502,9,3,dataset/wsi/abnormal/41779.svs,ftp://ftp.biosciencedbc.jp/archive/open-tggates-pathological-images/LATEST/images/colchicine/Liver/41779.svs,minimal,1,0,Middle,1
41776.svs,0,val,E0502-G09-P1,colchicine,502,9,2,dataset/wsi/normal/41776.svs,ftp://ftp.biosciencedbc.jp/archive/open-tggates-pathological-images/LATEST/images/colchicine/Liver/41776.svs,normal,0,0,Middle,0
41781.svs,1,val,E0502-G09-P1,colchicine,502,9,4,dataset/wsi/abnormal/41781.svs,ftp://ftp.biosciencedbc.jp/archive/open-tggates-pathological-images/LATEST/images/colchicine/Liver/41781.svs,minimal,2,0,Middle,1
41786.svs,0,val,E0502-G10-P0,colchicine,502,10,1,dataset/wsi/normal/41786.svs,ftp://ftp.biosciencedbc.jp/archive/open-tggates-pathological-images/LATEST/images/colchicine/Liver/41786.svs,normal,0,0,Middle,0
41788.svs,1,val,E0502-G10-P0,colchicine,502,10,2,dataset/wsi/abnormal/41788.svs,ftp://ftp.biosciencedbc.jp/archive/open-tggates-pathological-images/LATEST/images/colchicine/Liver/41788.svs,minimal,1,0,Middle,1
41790.svs,0,val,E0502-G10-P1,colchicine,502,10,3,dataset/wsi/normal/41790.svs,ftp://ftp.biosciencedbc.jp/archive/open-tggates-pathological-images/LATEST/images/colchicine/Liver/41790.svs,normal,0,0,Middle,0
41793.svs,1,val,E0502-G10-P1,colchicine,502,10,4,dataset/wsi/abnormal/41793.svs,ftp://ftp.biosciencedbc.jp/archive/open-tggates-pathological-images/LATEST/images/colchicine/Liver/41793.svs,minimal,1,0,Middle,1
41837.svs,0,val,E0502-G14-P0,colchicine,502,14,2,dataset/wsi/normal/41837.svs,ftp://ftp.biosciencedbc.jp/archive/open-tggates-pathological-images/LATEST/images/colchicine/Liver/41837.svs,normal,0,0,High,0
41833.svs,1,val,E0502-G14-P0,colchicine,502,14,1,dataset/wsi/abnormal/41833.svs,ftp://ftp.biosciencedbc.jp/archive/open-tggates-pathological-images/LATEST/images/colchicine/Liver/41833.svs,minimal,1,0,High,1
41850.svs,0,val,E0502-G15-P0,colchicine,502,15,2,dataset/wsi/normal/41850.svs,ftp://ftp.biosciencedbc.jp/archive/open-tggates-pathological-images/LATEST/images/colchicine/Liver/41850.svs,normal,0,0,High,0
41847.svs,1,val,E0502-G15-P0,colchicine,502,15,1,dataset/wsi/abnormal/41847.svs,ftp://ftp.biosciencedbc.jp/archive/open-tggates-pathological-images/LATEST/images/colchicine/Liver/41847.svs,slight,2,0,High,2
41856.svs,0,val,E0502-G16-P0,colchicine,502,16,1,dataset/wsi/normal/41856.svs,ftp://ftp.biosciencedbc.jp/archive/open-tggates-pathological-images/LATEST/images/colchicine/Liver/41856.svs,normal,0,0,High,0
41858.svs,1,val,E0502-G16-P0,colchicine,502,16,2,dataset/wsi/abnormal/41858.svs,ftp://ftp.biosciencedbc.jp/archive/open-tggates-pathological-images/LATEST/images/colchicine/Liver/41858.svs,minimal,1,0,High,1
40591.svs,0,val,E0507-G12-P0,tolbutamide,507,12,1,dataset/wsi/normal/40591.svs,ftp://ftp.biosciencedbc.jp/archive/open-tggates-pathological-images/LATEST/images/tolbutamide/Liver/40591.svs,normal,0,0,Middle,0
40594.svs,1,val,E0507-G12-P0,tolbutamide,507,12,2,dataset/wsi/abnormal/40594.svs,ftp://ftp.biosciencedbc.jp/archive/open-tggates-pathological-images/LATEST/images/tolbutamide/Liver/40594.svs,minimal,1,0,Middle,1
40613.svs,0,val,E0507-G14-P0,tolbutamide,507,14,1,dataset/wsi/normal/40613.svs,ftp://ftp.biosciencedbc.jp/archive/open-tggates-pathological-images/LATEST/images/tolbutamide/Liver/40613.svs,normal,0,0,High,0
40618.svs,1,val,E0507-G14-P0,tolbutamide,507,14,3,dataset/wsi/abnormal/40618.svs,ftp://ftp.biosciencedbc.jp/archive/open-tggates-pathological-images/LATEST/images/tolbutamide/Liver/40618.svs,minimal,1,0,High,1
40616.svs,0,val,E0507-G14-P1,tolbutamide,507,14,2,dataset/wsi/normal/40616.svs,ftp://ftp.biosciencedbc.jp/archive/open-tggates-pathological-images/LATEST/images/tolbutamide/Liver/40616.svs,normal,0,0,High,0
40620.svs,1,val,E0507-G14-P1,tolbutamide,507,14,4,dataset/wsi/abnormal/40620.svs,ftp://ftp.biosciencedbc.jp/archive/open-tggates-pathological-images/LATEST/images/tolbutamide/Liver/40620.svs,minimal,1,0,High,1
40625.svs,0,val,E0507-G15-P0,tolbutamide,507,15,1,dataset/wsi/normal/40625.svs,ftp://ftp.biosciencedbc.jp/archive/open-tggates-pathological-images/LATEST/images/tolbutamide/Liver/40625.svs,normal,0,0,High,0
40627.svs,1,val,E0507-G15-P0,tolbutamide,507,15,2,dataset/wsi/abnormal/40627.svs,ftp://ftp.biosciencedbc.jp/archive/open-tggates-pathological-images/LATEST/images/tolbutamide/Liver/40627.svs,minimal,1,0,High,1
40634.svs,0,val,E0507-G15-P1,tolbutamide,507,15,5,dataset/wsi/normal/40634.svs,ftp://ftp.biosciencedbc.jp/archive/open-tggates-pathological-images/LATEST/images/tolbutamide/Liver/40634.svs,normal,0,0,High,0
40629.svs,1,val,E0507-G15-P1,tolbutamide,507,15,3,dataset/wsi/abnormal/40629.svs,ftp://ftp.biosciencedbc.jp/archive/open-tggates-pathological-images/LATEST/images/tolbutamide/Liver/40629.svs,slight,1,0,High,2
42454.svs,0,val,E0516-G07-P0,simvastatin,516,7,4,dataset/wsi/normal/42454.svs,ftp://ftp.biosciencedbc.jp/archive/open-tggates-pathological-images/LATEST/images/simvastatin/Liver/42454.svs,normal,0,0,Low,0
42447.svs,1,val,E0516-G07-P0,simvastatin,516,7,1,dataset/wsi/abnormal/42447.svs,ftp://ftp.biosciencedbc.jp/archive/open-tggates-pathological-images/LATEST/images/simvastatin/Liver/42447.svs,minimal,1,0,Low,1
42465.svs,0,val,E0516-G08-P0,simvastatin,516,8,3,dataset/wsi/normal/42465.svs,ftp://ftp.biosciencedbc.jp/archive/open-tggates-pathological-images/LATEST/images/simvastatin/Liver/42465.svs,normal,0,0,Low,0
42460.svs,1,val,E0516-G08-P0,simvastatin,516,8,1,dataset/wsi/abnormal/42460.svs,ftp://ftp.biosciencedbc.jp/archive/open-tggates-pathological-images/LATEST/images/simvastatin/Liver/42460.svs,minimal,1,0,Low,1
42524.svs,0,val,E0516-G13-P0,simvastatin,516,13,1,dataset/wsi/normal/42524.svs,ftp://ftp.biosciencedbc.jp/archive/open-tggates-pathological-images/LATEST/images/simvastatin/Liver/42524.svs,normal,0,0,High,0
42528.svs,1,val,E0516-G13-P0,simvastatin,516,13,3,dataset/wsi/abnormal/42528.svs,ftp://ftp.biosciencedbc.jp/archive/open-tggates-pathological-images/LATEST/images/simvastatin/Liver/42528.svs,minimal,2,0,High,1
42533.svs,0,val,E0516-G13-P1,simvastatin,516,13,5,dataset/wsi/normal/42533.svs,ftp://ftp.biosciencedbc.jp/archive/open-tggates-pathological-images/LATEST/images/simvastatin/Liver/42533.svs,normal,0,0,High,0
42531.svs,1,val,E0516-G13-P1,simvastatin,516,13,4,dataset/wsi/abnormal/42531.svs,ftp://ftp.biosciencedbc.jp/archive/open-tggates-pathological-images/LATEST/images/simvastatin/Liver/42531.svs,minimal,2,0,High,1
42545.svs,0,val,E0516-G14-P0,simvastatin,516,14,5,dataset/wsi/normal/42545.svs,ftp://ftp.biosciencedbc.jp/archive/open-tggates-pathological-images/LATEST/images/simvastatin/Liver/42545.svs,normal,0,0,High,0
42535.svs,1,val,E0516-G14-P0,simvastatin,516,14,1,dataset/wsi/abnormal/42535.svs,ftp://ftp.biosciencedbc.jp/archive/open-tggates-pathological-images/LATEST/images/simvastatin/Liver/42535.svs,minimal,1,0,High,1
43813.svs,0,val,E0520-G08-P0,dantrolene,520,8,3,dataset/wsi/normal/43813.svs,ftp://ftp.biosciencedbc.jp/archive/open-tggates-pathological-images/LATEST/images/dantrolene/Liver/43813.svs,normal,0,0,Low,0
43811.svs,1,val,E0520-G08-P0,dantrolene,520,8,2,dataset/wsi/abnormal/43811.svs,ftp://ftp.biosciencedbc.jp/archive/open-tggates-pathological-images/LATEST/images/dantrolene/Liver/43811.svs,minimal,1,0,Low,1
43836.svs,0,val,E0520-G11-P0,dantrolene,520,11,1,dataset/wsi/normal/43836.svs,ftp://ftp.biosciencedbc.jp/archive/open-tggates-pathological-images/LATEST/images/dantrolene/Liver/43836.svs,normal,0,0,Middle,0
43840.svs,1,val,E0520-G11-P0,dantrolene,520,11,3,dataset/wsi/abnormal/43840.svs,ftp://ftp.biosciencedbc.jp/archive/open-tggates-pathological-images/LATEST/images/dantrolene/Liver/43840.svs,minimal,1,0,Middle,1
43838.svs,0,val,E0520-G11-P1,dantrolene,520,11,2,dataset/wsi/normal/43838.svs,ftp://ftp.biosciencedbc.jp/archive/open-tggates-pathological-images/LATEST/images/dantrolene/Liver/43838.svs,normal,0,0,Middle,0
43853.svs,1,val,E0520-G11-P1,dantrolene,520,11,5,dataset/wsi/abnormal/43853.svs,ftp://ftp.biosciencedbc.jp/archive/open-tggates-pathological-images/LATEST/images/dantrolene/Liver/43853.svs,minimal,2,1,Middle,1
42968.svs,0,val,E0527-G14-P0,clomipramine,527,14,2,dataset/wsi/normal/42968.svs,ftp://ftp.biosciencedbc.jp/archive/open-tggates-pathological-images/LATEST/images/clomipramine/Liver/42968.svs,normal,0,0,High,0
42966.svs,1,val,E0527-G14-P0,clomipramine,527,14,1,dataset/wsi/abnormal/42966.svs,ftp://ftp.biosciencedbc.jp/archive/open-tggates-pathological-images/LATEST/images/clomipramine/Liver/42966.svs,slight,1,0,High,2
42980.svs,0,val,E0527-G15-P0,clomipramine,527,15,3,dataset/wsi/normal/42980.svs,ftp://ftp.biosciencedbc.jp/archive/open-tggates-pathological-images/LATEST/images/clomipramine/Liver/42980.svs,normal,0,0,High,0
42976.svs,1,val,E0527-G15-P0,clomipramine,527,15,1,dataset/wsi/abnormal/42976.svs,ftp://ftp.biosciencedbc.jp/archive/open-tggates-pathological-images/LATEST/images/clomipramine/Liver/42976.svs,minimal,1,0,High,1
44228.svs,0,val,E0534-G11-P0,terbinafine,534,11,1,dataset/wsi/normal/44228.svs,ftp://ftp.biosciencedbc.jp/archive/open-tggates-pathological-images/LATEST/images/terbinafine/Liver/44228.svs,normal,0,0,Middle,0
44233.svs,1,val,E0534-G11-P0,terbinafine,534,11,3,dataset/wsi/abnormal/44233.svs,ftp://ftp.biosciencedbc.jp/archive/open-tggates-pathological-images/LATEST/images/terbinafine/Liver/44233.svs,minimal,1,0,Middle,1
44132.svs,0,val,E0534-G13-P0,terbinafine,534,13,1,dataset/wsi/normal/44132.svs,ftp://ftp.biosciencedbc.jp/archive/open-tggates-pathological-images/LATEST/images/terbinafine/Liver/44132.svs,normal,0,0,High,0
44134.svs,1,val,E0534-G13-P0,terbinafine,534,13,2,dataset/wsi/abnormal/44134.svs,ftp://ftp.biosciencedbc.jp/archive/open-tggates-pathological-images/LATEST/images/terbinafine/Liver/44134.svs,minimal,1,0,High,1
44817.svs,0,val,E0536-G14-P0,meloxicam,536,14,3,dataset/wsi/normal/44817.svs,ftp://ftp.biosciencedbc.jp/archive/open-tggates-pathological-images/LATEST/images/meloxicam/Liver/44817.svs,normal,0,0,High,0
44811.svs,1,val,E0536-G14-P0,meloxicam,536,14,1,dataset/wsi/abnormal/44811.svs,ftp://ftp.biosciencedbc.jp/archive/open-tggates-pathological-images/LATEST/images/meloxicam/Liver/44811.svs,minimal,1,0,High,1
45482.svs,0,val,E0538-G11-P0,lornoxicam,538,11,1,dataset/wsi/normal/45482.svs,ftp://ftp.biosciencedbc.jp/archive/open-tggates-pathological-images/LATEST/images/lornoxicam/Liver/45482.svs,normal,0,0,Middle,0
45488.svs,1,val,E0538-G11-P0,lornoxicam,538,11,3,dataset/wsi/abnormal/45488.svs,ftp://ftp.biosciencedbc.jp/archive/open-tggates-pathological-images/LATEST/images/lornoxicam/Liver/45488.svs,minimal,2,0,Middle,1
45442.svs,0,val,E0538-G14-P0,lornoxicam,538,14,2,dataset/wsi/normal/45442.svs,ftp://ftp.biosciencedbc.jp/archive/open-tggates-pathological-images/LATEST/images/lornoxicam/Liver/45442.svs,normal,0,0,High,0
45448.svs,1,val,E0538-G14-P0,lornoxicam,538,14,5,dataset/wsi/abnormal/45448.svs,ftp://ftp.biosciencedbc.jp/archive/open-tggates-pathological-images/LATEST/images/lornoxicam/Liver/45448.svs,minimal,1,0,High,1
45495.svs,0,val,E0538-G15-P0,lornoxicam,538,15,2,dataset/wsi/normal/45495.svs,ftp://ftp.biosciencedbc.jp/archive/open-tggates-pathological-images/LATEST/images/lornoxicam/Liver/45495.svs,normal,0,0,High,0
45502.svs,1,val,E0538-G15-P0,lornoxicam,538,15,4,dataset/wsi/abnormal/45502.svs,ftp://ftp.biosciencedbc.jp/archive/open-tggates-pathological-images/LATEST/images/lornoxicam/Liver/45502.svs,minimal,1,0,High,1
49235.svs,0,val,E0542-G06-P0,chlormadinone,542,6,1,dataset/wsi/normal/49235.svs,ftp://ftp.biosciencedbc.jp/archive/open-tggates-pathological-images/LATEST/images/chlormadinone/Liver/49235.svs,normal,0,0,Low,0
49239.svs,1,val,E0542-G06-P0,chlormadinone,542,6,2,dataset/wsi/abnormal/49239.svs,ftp://ftp.biosciencedbc.jp/archive/open-tggates-pathological-images/LATEST/images/chlormadinone/Liver/49239.svs,moderate,1,0,Low,3
49278.svs,0,val,E0542-G07-P0,chlormadinone,542,7,5,dataset/wsi/normal/49278.svs,ftp://ftp.biosciencedbc.jp/archive/open-tggates-pathological-images/LATEST/images/chlormadinone/Liver/49278.svs,normal,0,0,Low,0
49259.svs,1,val,E0542-G07-P0,chlormadinone,542,7,1,dataset/wsi/abnormal/49259.svs,ftp://ftp.biosciencedbc.jp/archive/open-tggates-pathological-images/LATEST/images/chlormadinone/Liver/49259.svs,slight,1,0,Low,2
49342.svs,0,val,E0542-G10-P0,chlormadinone,542,10,3,dataset/wsi/normal/49342.svs,ftp://ftp.biosciencedbc.jp/archive/open-tggates-pathological-images/LATEST/images/chlormadinone/Liver/49342.svs,normal,0,0,Middle,0
49332.svs,1,val,E0542-G10-P0,chlormadinone,542,10,1,dataset/wsi/abnormal/49332.svs,ftp://ftp.biosciencedbc.jp/archive/open-tggates-pathological-images/LATEST/images/chlormadinone/Liver/49332.svs,moderate,1,0,Middle,3
49442.svs,0,val,E0542-G14-P0,chlormadinone,542,14,3,dataset/wsi/normal/49442.svs,ftp://ftp.biosciencedbc.jp/archive/open-tggates-pathological-images/LATEST/images/chlormadinone/Liver/49442.svs,normal,0,0,High,0
49432.svs,1,val,E0542-G14-P0,chlormadinone,542,14,1,dataset/wsi/abnormal/49432.svs,ftp://ftp.biosciencedbc.jp/archive/open-tggates-pathological-images/LATEST/images/chlormadinone/Liver/49432.svs,moderate,1,0,High,3
49467.svs,0,val,E0542-G15-P0,chlormadinone,542,15,3,dataset/wsi/normal/49467.svs,ftp://ftp.biosciencedbc.jp/archive/open-tggates-pathological-images/LATEST/images/chlormadinone/Liver/49467.svs,normal,0,0,High,0
49457.svs,1,val,E0542-G15-P0,chlormadinone,542,15,1,dataset/wsi/abnormal/49457.svs,ftp://ftp.biosciencedbc.jp/archive/open-tggates-pathological-images/LATEST/images/chlormadinone/Liver/49457.svs,moderate,1,0,High,3
49478.svs,0,val,E0542-G15-P1,chlormadinone,542,15,5,dataset/wsi/normal/49478.svs,ftp://ftp.biosciencedbc.jp/archive/open-tggates-pathological-images/LATEST/images/chlormadinone/Liver/49478.svs,normal,0,0,High,0
49462.svs,1,val,E0542-G15-P1,chlormadinone,542,15,2,dataset/wsi/abnormal/49462.svs,ftp://ftp.biosciencedbc.jp/archive/open-tggates-pathological-images/LATEST/images/chlormadinone/Liver/49462.svs,slight,1,0,High,2
57062.svs,0,val,E0544-G08-P0,danazol,544,8,1,dataset/wsi/normal/57062.svs,ftp://ftp.biosciencedbc.jp/archive/open-tggates-pathological-images/LATEST/images/danazol/Liver/57062.svs,normal,0,0,Low,0
70731.svs,1,val,E0544-G08-P0,danazol,544,8,2,dataset/wsi/abnormal/70731.svs,ftp://ftp.biosciencedbc.jp/archive/open-tggates-pathological-images/LATEST/images/danazol/Liver/70731.svs,slight,1,0,Low,2
57074.svs,0,val,E0544-G08-P1,danazol,544,8,3,dataset/wsi/normal/57074.svs,ftp://ftp.biosciencedbc.jp/archive/open-tggates-pathological-images/LATEST/images/danazol/Liver/57074.svs,normal,0,0,Low,0
57080.svs,1,val,E0544-G08-P1,danazol,544,8,4,dataset/wsi/abnormal/57080.svs,ftp://ftp.biosciencedbc.jp/archive/open-tggates-pathological-images/LATEST/images/danazol/Liver/57080.svs,slight,1,0,Low,2
57268.svs,0,val,E0544-G16-P0,danazol,544,16,1,dataset/wsi/normal/57268.svs,ftp://ftp.biosciencedbc.jp/archive/open-tggates-pathological-images/LATEST/images/danazol/Liver/57268.svs,normal,0,0,High,0
57273.svs,1,val,E0544-G16-P0,danazol,544,16,2,dataset/wsi/abnormal/57273.svs,ftp://ftp.biosciencedbc.jp/archive/open-tggates-pathological-images/LATEST/images/danazol/Liver/57273.svs,slight,1,0,High,2
44391.svs,0,val,E0551-G08-P0,bendazac,551,8,1,dataset/wsi/normal/44391.svs,ftp://ftp.biosciencedbc.jp/archive/open-tggates-pathological-images/LATEST/images/bendazac/Liver/44391.svs,normal,0,0,Low,0
44399.svs,1,val,E0551-G08-P0,bendazac,551,8,4,dataset/wsi/abnormal/44399.svs,ftp://ftp.biosciencedbc.jp/archive/open-tggates-pathological-images/LATEST/images/bendazac/Liver/44399.svs,minimal,2,1,Low,1
44422.svs,0,val,E0551-G10-P0,bendazac,551,10,4,dataset/wsi/normal/44422.svs,ftp://ftp.biosciencedbc.jp/archive/open-tggates-pathological-images/LATEST/images/bendazac/Liver/44422.svs,normal,0,0,Middle,0
44415.svs,1,val,E0551-G10-P0,bendazac,551,10,1,dataset/wsi/abnormal/44415.svs,ftp://ftp.biosciencedbc.jp/archive/open-tggates-pathological-images/LATEST/images/bendazac/Liver/44415.svs,minimal,2,1,Middle,1
44427.svs,0,val,E0551-G11-P0,bendazac,551,11,1,dataset/wsi/normal/44427.svs,ftp://ftp.biosciencedbc.jp/archive/open-tggates-pathological-images/LATEST/images/bendazac/Liver/44427.svs,normal,0,0,Middle,0
44436.svs,1,val,E0551-G11-P0,bendazac,551,11,5,dataset/wsi/abnormal/44436.svs,ftp://ftp.biosciencedbc.jp/archive/open-tggates-pathological-images/LATEST/images/bendazac/Liver/44436.svs,minimal,1,0,Middle,1
45007.svs,0,val,E0553-G10-P0,benziodarone,553,10,5,dataset/wsi/normal/45007.svs,ftp://ftp.biosciencedbc.jp/archive/open-tggates-pathological-images/LATEST/images/benziodarone/Liver/45007.svs,normal,0,0,Middle,0
44997.svs,1,val,E0553-G10-P0,benziodarone,553,10,1,dataset/wsi/abnormal/44997.svs,ftp://ftp.biosciencedbc.jp/archive/open-tggates-pathological-images/LATEST/images/benziodarone/Liver/44997.svs,minimal,2,1,Middle,1
45014.svs,0,val,E0553-G11-P0,benziodarone,553,11,3,dataset/wsi/normal/45014.svs,ftp://ftp.biosciencedbc.jp/archive/open-tggates-pathological-images/LATEST/images/benziodarone/Liver/45014.svs,normal,0,0,Middle,0
45009.svs,1,val,E0553-G11-P0,benziodarone,553,11,1,dataset/wsi/abnormal/45009.svs,ftp://ftp.biosciencedbc.jp/archive/open-tggates-pathological-images/LATEST/images/benziodarone/Liver/45009.svs,minimal,1,0,Middle,1
51461.svs,0,test,E0568-G14-P0,acetamidofluorene,568,14,4,dataset/wsi/normal/51461.svs,ftp://ftp.biosciencedbc.jp/archive/open-tggates-pathological-images/LATEST/images/acetamidofluorene/Liver/51461.svs,normal,0,0,High,0
51449.svs,1,test,E0568-G14-P0,acetamidofluorene,568,14,1,dataset/wsi/abnormal/51449.svs,ftp://ftp.biosciencedbc.jp/archive/open-tggates-pathological-images/LATEST/images/acetamidofluorene/Liver/51449.svs,minimal,1,0,High,1
51464.svs,0,test,E0568-G14-P1,acetamidofluorene,568,14,5,dataset/wsi/normal/51464.svs,ftp://ftp.biosciencedbc.jp/archive/open-tggates-pathological-images/LATEST/images/acetamidofluorene/Liver/51464.svs,normal,0,0,High,0
51454.svs,1,test,E0568-G14-P1,acetamidofluorene,568,14,2,dataset/wsi/abnormal/51454.svs,ftp://ftp.biosciencedbc.jp/archive/open-tggates-pathological-images/LATEST/images/acetamidofluorene/Liver/51454.svs,minimal,1,0,High,1
52313.svs,0,test,E0570-G09-P0,nitrosodiethylamine,570,9,2,dataset/wsi/normal/52313.svs,ftp://ftp.biosciencedbc.jp/archive/open-tggates-pathological-images/LATEST/images/nitrosodiethylamine/Liver/52313.svs,normal,0,0,Middle,0
52309.svs,1,test,E0570-G09-P0,nitrosodiethylamine,570,9,1,dataset/wsi/abnormal/52309.svs,ftp://ftp.biosciencedbc.jp/archive/open-tggates-pathological-images/LATEST/images/nitrosodiethylamine/Liver/52309.svs,minimal,1,0,Middle,1
52317.svs,0,test,E0570-G09-P1,nitrosodiethylamine,570,9,3,dataset/wsi/normal/52317.svs,ftp://ftp.biosciencedbc.jp/archive/open-tggates-pathological-images/LATEST/images/nitrosodiethylamine/Liver/52317.svs,normal,0,0,Middle,0
52320.svs,1,test,E0570-G09-P1,nitrosodiethylamine,570,9,4,dataset/wsi/abnormal/52320.svs,ftp://ftp.biosciencedbc.jp/archive/open-tggates-pathological-images/LATEST/images/nitrosodiethylamine/Liver/52320.svs,minimal,1,0,Middle,1
52670.svs,0,test,E0571-G09-P0,nitrosodiethylamine,571,9,3,dataset/wsi/normal/52670.svs,ftp://ftp.biosciencedbc.jp/archive/open-tggates-pathological-images/LATEST/images/nitrosodiethylamine/Liver/52670.svs,normal,0,0,Middle,0
52668.svs,1,test,E0571-G09-P0,nitrosodiethylamine,571,9,1,dataset/wsi/abnormal/52668.svs,ftp://ftp.biosciencedbc.jp/archive/open-tggates-pathological-images/LATEST/images/nitrosodiethylamine/Liver/52668.svs,minimal,1,0,Middle,1
52671.svs,0,test,E0571-G09-P1,nitrosodiethylamine,571,9,4,dataset/wsi/normal/52671.svs,ftp://ftp.biosciencedbc.jp/archive/open-tggates-pathological-images/LATEST/images/nitrosodiethylamine/Liver/52671.svs,normal,0,0,Middle,0
52669.svs,1,test,E0571-G09-P1,nitrosodiethylamine,571,9,2,dataset/wsi/abnormal/52669.svs,ftp://ftp.biosciencedbc.jp/archive/open-tggates-pathological-images/LATEST/images/nitrosodiethylamine/Liver/52669.svs,minimal,1,0,Middle,1
53493.svs,0,test,E0573-G08-P0,ticlopidine,573,8,4,dataset/wsi/normal/53493.svs,ftp://ftp.biosciencedbc.jp/archive/open-tggates-pathological-images/LATEST/images/ticlopidine/Liver/53493.svs,normal,0,0,Low,0
53488.svs,1,test,E0573-G08-P0,ticlopidine,573,8,1,dataset/wsi/abnormal/53488.svs,ftp://ftp.biosciencedbc.jp/archive/open-tggates-pathological-images/LATEST/images/ticlopidine/Liver/53488.svs,minimal,1,0,Low,1
53375.svs,0,test,E0573-G09-P0,ticlopidine,573,9,1,dataset/wsi/normal/53375.svs,ftp://ftp.biosciencedbc.jp/archive/open-tggates-pathological-images/LATEST/images/ticlopidine/Liver/53375.svs,normal,0,0,Middle,0
53377.svs,1,test,E0573-G09-P0,ticlopidine,573,9,2,dataset/wsi/abnormal/53377.svs,ftp://ftp.biosciencedbc.jp/archive/open-tggates-pathological-images/LATEST/images/ticlopidine/Liver/53377.svs,minimal,1,0,Middle,1
53415.svs,0,test,E0573-G10-P0,ticlopidine,573,10,3,dataset/wsi/normal/53415.svs,ftp://ftp.biosciencedbc.jp/archive/open-tggates-pathological-images/LATEST/images/ticlopidine/Liver/53415.svs,normal,0,0,Middle,0
53412.svs,1,test,E0573-G10-P0,ticlopidine,573,10,1,dataset/wsi/abnormal/53412.svs,ftp://ftp.biosciencedbc.jp/archive/open-tggates-pathological-images/LATEST/images/ticlopidine/Liver/53412.svs,minimal,1,0,Middle,1
52807.svs,0,test,E0578-G15-P0,bromoethylamine,578,15,3,dataset/wsi/normal/52807.svs,ftp://ftp.biosciencedbc.jp/archive/open-tggates-pathological-images/LATEST/images/bromoethylamine/Liver/52807.svs,normal,0,0,High,0
52799.svs,1,test,E0578-G15-P0,bromoethylamine,578,15,1,dataset/wsi/abnormal/52799.svs,ftp://ftp.biosciencedbc.jp/archive/open-tggates-pathological-images/LATEST/images/bromoethylamine/Liver/52799.svs,moderate,1,0,High,3
52816.svs,0,test,E0578-G15-P1,bromoethylamine,578,15,5,dataset/wsi/normal/52816.svs,ftp://ftp.biosciencedbc.jp/archive/open-tggates-pathological-images/LATEST/images/bromoethylamine/Liver/52816.svs,normal,0,0,High,0
52803.svs,1,test,E0578-G15-P1,bromoethylamine,578,15,2,dataset/wsi/abnormal/52803.svs,ftp://ftp.biosciencedbc.jp/archive/open-tggates-pathological-images/LATEST/images/bromoethylamine/Liver/52803.svs,slight,1,0,High,2
53040.svs,0,test,E0579-G08-P0,bromoethylamine,579,8,2,dataset/wsi/normal/53040.svs,ftp://ftp.biosciencedbc.jp/archive/open-tggates-pathological-images/LATEST/images/bromoethylamine/Liver/53040.svs,normal,0,0,Low,0
53036.svs,1,test,E0579-G08-P0,bromoethylamine,579,8,1,dataset/wsi/abnormal/53036.svs,ftp://ftp.biosciencedbc.jp/archive/open-tggates-pathological-images/LATEST/images/bromoethylamine/Liver/53036.svs,slight,1,0,Low,2
70756.svs,0,test,E0579-G12-P0,bromoethylamine,579,12,3,dataset/wsi/normal/70756.svs,ftp://ftp.biosciencedbc.jp/archive/open-tggates-pathological-images/LATEST/images/bromoethylamine/Liver/70756.svs,normal,0,0,Middle,0
53153.svs,1,test,E0579-G12-P0,bromoethylamine,579,12,1,dataset/wsi/abnormal/53153.svs,ftp://ftp.biosciencedbc.jp/archive/open-tggates-pathological-images/LATEST/images/bromoethylamine/Liver/53153.svs,slight,1,0,Middle,2
52847.svs,0,test,E0579-G15-P0,bromoethylamine,579,15,1,dataset/wsi/normal/52847.svs,ftp://ftp.biosciencedbc.jp/archive/open-tggates-pathological-images/LATEST/images/bromoethylamine/Liver/52847.svs,normal,0,0,High,0
53234.svs,1,test,E0579-G15-P0,bromoethylamine,579,15,2,dataset/wsi/abnormal/53234.svs,ftp://ftp.biosciencedbc.jp/archive/open-tggates-pathological-images/LATEST/images/bromoethylamine/Liver/53234.svs,slight,2,0,High,2
53240.svs,0,test,E0579-G15-P1,bromoethylamine,579,15,3,dataset/wsi/normal/53240.svs,ftp://ftp.biosciencedbc.jp/archive/open-tggates-pathological-images/LATEST/images/bromoethylamine/Liver/53240.svs,normal,0,0,High,0
53251.svs,1,test,E0579-G15-P1,bromoethylamine,579,15,5,dataset/wsi/abnormal/53251.svs,ftp://ftp.biosciencedbc.jp/archive/open-tggates-pathological-images/LATEST/images/bromoethylamine/Liver/53251.svs,slight,1,0,High,2
46059.svs,0,test,E0584-G09-P0,ethionamide,584,9,3,dataset/wsi/normal/46059.svs,ftp://ftp.biosciencedbc.jp/archive/open-tggates-pathological-images/LATEST/images/ethionamide/Liver/46059.svs,normal,0,0,Middle,0
46054.svs,1,test,E0584-G09-P0,ethionamide,584,9,1,dataset/wsi/abnormal/46054.svs,ftp://ftp.biosciencedbc.jp/archive/open-tggates-pathological-images/LATEST/images/ethionamide/Liver/46054.svs,minimal,3,2,Middle,1
46069.svs,0,test,E0584-G10-P0,ethionamide,584,10,4,dataset/wsi/normal/46069.svs,ftp://ftp.biosciencedbc.jp/archive/open-tggates-pathological-images/LATEST/images/ethionamide/Liver/46069.svs,normal,0,0,Middle,0
46064.svs,1,test,E0584-G10-P0,ethionamide,584,10,1,dataset/wsi/abnormal/46064.svs,ftp://ftp.biosciencedbc.jp/archive/open-tggates-pathological-images/LATEST/images/ethionamide/Liver/46064.svs,minimal,3,1,Middle,1
46382.svs,0,test,E0585-G12-P0,ethionamide,585,12,1,dataset/wsi/normal/46382.svs,ftp://ftp.biosciencedbc.jp/archive/open-tggates-pathological-images/LATEST/images/ethionamide/Liver/46382.svs,normal,0,0,Middle,0
46387.svs,1,test,E0585-G12-P0,ethionamide,585,12,4,dataset/wsi/abnormal/46387.svs,ftp://ftp.biosciencedbc.jp/archive/open-tggates-pathological-images/LATEST/images/ethionamide/Liver/46387.svs,slight,3,1,Middle,2
46384.svs,0,test,E0585-G12-P1,ethionamide,585,12,2,dataset/wsi/normal/46384.svs,ftp://ftp.biosciencedbc.jp/archive/open-tggates-pathological-images/LATEST/images/ethionamide/Liver/46384.svs,normal,0,0,Middle,0
46389.svs,1,test,E0585-G12-P1,ethionamide,585,12,5,dataset/wsi/abnormal/46389.svs,ftp://ftp.biosciencedbc.jp/archive/open-tggates-pathological-images/LATEST/images/ethionamide/Liver/46389.svs,slight,1,0,Middle,2
47465.svs,0,test,E0587-G10-P0,nimesulide,587,10,3,dataset/wsi/normal/47465.svs,ftp://ftp.biosciencedbc.jp/archive/open-tggates-pathological-images/LATEST/images/nimesulide/Liver/47465.svs,normal,0,0,Middle,0
47463.svs,1,test,E0587-G10-P0,nimesulide,587,10,1,dataset/wsi/abnormal/47463.svs,ftp://ftp.biosciencedbc.jp/archive/open-tggates-pathological-images/LATEST/images/nimesulide/Liver/47463.svs,minimal,1,0,Middle,1
47467.svs,0,test,E0587-G10-P1,nimesulide,587,10,5,dataset/wsi/normal/47467.svs,ftp://ftp.biosciencedbc.jp/archive/open-tggates-pathological-images/LATEST/images/nimesulide/Liver/47467.svs,normal,0,0,Middle,0
47464.svs,1,test,E0587-G10-P1,nimesulide,587,10,2,dataset/wsi/abnormal/47464.svs,ftp://ftp.biosciencedbc.jp/archive/open-tggates-pathological-images/LATEST/images/nimesulide/Liver/47464.svs,minimal,2,1,Middle,1
47472.svs,0,test,E0587-G11-P0,nimesulide,587,11,5,dataset/wsi/normal/47472.svs,ftp://ftp.biosciencedbc.jp/archive/open-tggates-pathological-images/LATEST/images/nimesulide/Liver/47472.svs,normal,0,0,Middle,0
47468.svs,1,test,E0587-G11-P0,nimesulide,587,11,1,dataset/wsi/abnormal/47468.svs,ftp://ftp.biosciencedbc.jp/archive/open-tggates-pathological-images/LATEST/images/nimesulide/Liver/47468.svs,minimal,2,1,Middle,1
47849.svs,0,test,E0588-G14-P0,ethanol,588,14,2,dataset/wsi/normal/47849.svs,ftp://ftp.biosciencedbc.jp/archive/open-tggates-pathological-images/LATEST/images/ethanol/Liver/47849.svs,normal,0,0,High,0
47846.svs,1,test,E0588-G14-P0,ethanol,588,14,1,dataset/wsi/abnormal/47846.svs,ftp://ftp.biosciencedbc.jp/archive/open-tggates-pathological-images/LATEST/images/ethanol/Liver/47846.svs,minimal,1,0,High,1
47856.svs,0,test,E0588-G14-P1,ethanol,588,14,5,dataset/wsi/normal/47856.svs,ftp://ftp.biosciencedbc.jp/archive/open-tggates-pathological-images/LATEST/images/ethanol/Liver/47856.svs,normal,0,0,High,0
47851.svs,1,test,E0588-G14-P1,ethanol,588,14,3,dataset/wsi/abnormal/47851.svs,ftp://ftp.biosciencedbc.jp/archive/open-tggates-pathological-images/LATEST/images/ethanol/Liver/47851.svs,minimal,2,1,High,1
47862.svs,0,test,E0588-G15-P0,ethanol,588,15,2,dataset/wsi/normal/47862.svs,ftp://ftp.biosciencedbc.jp/archive/open-tggates-pathological-images/LATEST/images/ethanol/Liver/47862.svs,normal,0,0,High,0
47859.svs,1,test,E0588-G15-P0,ethanol,588,15,1,dataset/wsi/abnormal/47859.svs,ftp://ftp.biosciencedbc.jp/archive/open-tggates-pathological-images/LATEST/images/ethanol/Liver/47859.svs,minimal,1,0,High,1
47871.svs,0,test,E0588-G15-P1,ethanol,588,15,5,dataset/wsi/normal/47871.svs,ftp://ftp.biosciencedbc.jp/archive/open-tggates-pathological-images/LATEST/images/ethanol/Liver/47871.svs,normal,0,0,High,0
47865.svs,1,test,E0588-G15-P1,ethanol,588,15,3,dataset/wsi/abnormal/47865.svs,ftp://ftp.biosciencedbc.jp/archive/open-tggates-pathological-images/LATEST/images/ethanol/Liver/47865.svs,minimal,1,0,High,1
48078.svs,0,test,E0589-G15-P0,ethanol,589,15,5,dataset/wsi/normal/48078.svs,ftp://ftp.biosciencedbc.jp/archive/open-tggates-pathological-images/LATEST/images/ethanol/Liver/48078.svs,normal,0,0,High,0
48074.svs,1,test,E0589-G15-P0,ethanol,589,15,1,dataset/wsi/abnormal/48074.svs,ftp://ftp.biosciencedbc.jp/archive/open-tggates-pathological-images/LATEST/images/ethanol/Liver/48074.svs,minimal,2,1,High,1
49032.svs,0,test,E0594-G11-P0,phenacetin,594,11,1,dataset/wsi/normal/49032.svs,ftp://ftp.biosciencedbc.jp/archive/open-tggates-pathological-images/LATEST/images/phenacetin/Liver/49032.svs,normal,0,0,Middle,0
49034.svs,1,test,E0594-G11-P0,phenacetin,594,11,2,dataset/wsi/abnormal/49034.svs,ftp://ftp.biosciencedbc.jp/archive/open-tggates-pathological-images/LATEST/images/phenacetin/Liver/49034.svs,minimal,1,0,Middle,1
49038.svs,0,test,E0594-G11-P1,phenacetin,594,11,4,dataset/wsi/normal/49038.svs,ftp://ftp.biosciencedbc.jp/archive/open-tggates-pathological-images/LATEST/images/phenacetin/Liver/49038.svs,normal,0,0,Middle,0
49036.svs,1,test,E0594-G11-P1,phenacetin,594,11,3,dataset/wsi/abnormal/49036.svs,ftp://ftp.biosciencedbc.jp/archive/open-tggates-pathological-images/LATEST/images/phenacetin/Liver/49036.svs,minimal,1,0,Middle,1
49042.svs,0,test,E0594-G12-P0,phenacetin,594,12,1,dataset/wsi/normal/49042.svs,ftp://ftp.biosciencedbc.jp/archive/open-tggates-pathological-images/LATEST/images/phenacetin/Liver/49042.svs,normal,0,0,Middle,0
49046.svs,1,test,E0594-G12-P0,phenacetin,594,12,3,dataset/wsi/abnormal/49046.svs,ftp://ftp.biosciencedbc.jp/archive/open-tggates-pathological-images/LATEST/images/phenacetin/Liver/49046.svs,slight,1,0,Middle,2
49044.svs,0,test,E0594-G12-P1,phenacetin,594,12,2,dataset/wsi/normal/49044.svs,ftp://ftp.biosciencedbc.jp/archive/open-tggates-pathological-images/LATEST/images/phenacetin/Liver/49044.svs,normal,0,0,Middle,0
49048.svs,1,test,E0594-G12-P1,phenacetin,594,12,4,dataset/wsi/abnormal/49048.svs,ftp://ftp.biosciencedbc.jp/archive/open-tggates-pathological-images/LATEST/images/phenacetin/Liver/49048.svs,minimal,1,0,Middle,1
49052.svs,0,test,E0594-G13-P0,phenacetin,594,13,1,dataset/wsi/normal/49052.svs,ftp://ftp.biosciencedbc.jp/archive/open-tggates-pathological-images/LATEST/images/phenacetin/Liver/49052.svs,normal,0,0,High,0
49054.svs,1,test,E0594-G13-P0,phenacetin,594,13,2,dataset/wsi/abnormal/49054.svs,ftp://ftp.biosciencedbc.jp/archive/open-tggates-pathological-images/LATEST/images/phenacetin/Liver/49054.svs,minimal,1,0,High,1
49056.svs,0,test,E0594-G13-P1,phenacetin,594,13,3,dataset/wsi/normal/49056.svs,ftp://ftp.biosciencedbc.jp/archive/open-tggates-pathological-images/LATEST/images/phenacetin/Liver/49056.svs,normal,0,0,High,0
49060.svs,1,test,E0594-G13-P1,phenacetin,594,13,5,dataset/wsi/abnormal/49060.svs,ftp://ftp.biosciencedbc.jp/archive/open-tggates-pathological-images/LATEST/images/phenacetin/Liver/49060.svs,minimal,1,0,High,1
49738.svs,0,test,E0596-G13-P0,bucetin,596,13,1,dataset/wsi/normal/49738.svs,ftp://ftp.biosciencedbc.jp/archive/open-tggates-pathological-images/LATEST/images/bucetin/Liver/49738.svs,normal,0,0,High,0
49747.svs,1,test,E0596-G13-P0,bucetin,596,13,4,dataset/wsi/abnormal/49747.svs,ftp://ftp.biosciencedbc.jp/archive/open-tggates-pathological-images/LATEST/images/bucetin/Liver/49747.svs,minimal,1,0,High,1
49763.svs,0,test,E0596-G14-P0,bucetin,596,14,4,dataset/wsi/normal/49763.svs,ftp://ftp.biosciencedbc.jp/archive/open-tggates-pathological-images/LATEST/images/bucetin/Liver/49763.svs,normal,0,0,High,0
49754.svs,1,test,E0596-G14-P0,bucetin,596,14,1,dataset/wsi/abnormal/49754.svs,ftp://ftp.biosciencedbc.jp/archive/open-tggates-pathological-images/LATEST/images/bucetin/Liver/49754.svs,minimal,1,0,High,1
49768.svs,0,test,E0596-G14-P1,bucetin,596,14,5,dataset/wsi/normal/49768.svs,ftp://ftp.biosciencedbc.jp/archive/open-tggates-pathological-images/LATEST/images/bucetin/Liver/49768.svs,normal,0,0,High,0
49757.svs,1,test,E0596-G14-P1,bucetin,596,14,2,dataset/wsi/abnormal/49757.svs,ftp://ftp.biosciencedbc.jp/archive/open-tggates-pathological-images/LATEST/images/bucetin/Liver/49757.svs,minimal,1,0,High,1
50628.svs,0,test,E0598-G15-P0,phenylanthranilic acid,598,15,3,dataset/wsi/normal/50628.svs,ftp://ftp.biosciencedbc.jp/archive/open-tggates-pathological-images/LATEST/images/phenylanthranilic_acid/Liver/50628.svs,normal,0,0,High,0
50624.svs,1,test,E0598-G15-P0,phenylanthranilic acid,598,15,1,dataset/wsi/abnormal/50624.svs,ftp://ftp.biosciencedbc.jp/archive/open-tggates-pathological-images/LATEST/images/phenylanthranilic_acid/Liver/50624.svs,moderate,1,0,High,3
54339.svs,0,test,E0604-G15-P0,cyclosporine A,604,15,1,dataset/wsi/normal/54339.svs,ftp://ftp.biosciencedbc.jp/archive/open-tggates-pathological-images/LATEST/images/cyclosporine_A/Liver/54339.svs,normal,0,0,High,0
54351.svs,1,test,E0604-G15-P0,cyclosporine A,604,15,3,dataset/wsi/abnormal/54351.svs,ftp://ftp.biosciencedbc.jp/archive/open-tggates-pathological-images/LATEST/images/cyclosporine_A/Liver/54351.svs,slight,1,0,High,2
54345.svs,0,test,E0604-G15-P1,cyclosporine A,604,15,2,dataset/wsi/normal/54345.svs,ftp://ftp.biosciencedbc.jp/archive/open-tggates-pathological-images/LATEST/images/cyclosporine_A/Liver/54345.svs,normal,0,0,High,0
54357.svs,1,test,E0604-G15-P1,cyclosporine A,604,15,4,dataset/wsi/abnormal/54357.svs,ftp://ftp.biosciencedbc.jp/archive/open-tggates-pathological-images/LATEST/images/cyclosporine_A/Liver/54357.svs,slight,1,0,High,2
54369.svs,0,test,E0604-G16-P0,cyclosporine A,604,16,1,dataset/wsi/normal/54369.svs,ftp://ftp.biosciencedbc.jp/archive/open-tggates-pathological-images/LATEST/images/cyclosporine_A/Liver/54369.svs,normal,0,0,High,0
54375.svs,1,test,E0604-G16-P0,cyclosporine A,604,16,2,dataset/wsi/abnormal/54375.svs,ftp://ftp.biosciencedbc.jp/archive/open-tggates-pathological-images/LATEST/images/cyclosporine_A/Liver/54375.svs,slight,1,0,High,2
54387.svs,0,test,E0604-G16-P1,cyclosporine A,604,16,4,dataset/wsi/normal/54387.svs,ftp://ftp.biosciencedbc.jp/archive/open-tggates-pathological-images/LATEST/images/cyclosporine_A/Liver/54387.svs,normal,0,0,High,0
54381.svs,1,test,E0604-G16-P1,cyclosporine A,604,16,3,dataset/wsi/abnormal/54381.svs,ftp://ftp.biosciencedbc.jp/archive/open-tggates-pathological-images/LATEST/images/cyclosporine_A/Liver/54381.svs,slight,1,0,High,2
54850.svs,0,test,E0605-G16-P0,cyclosporine A,605,16,1,dataset/wsi/normal/54850.svs,ftp://ftp.biosciencedbc.jp/archive/open-tggates-pathological-images/LATEST/images/cyclosporine_A/Liver/54850.svs,normal,0,0,High,0
54867.svs,1,test,E0605-G16-P0,cyclosporine A,605,16,4,dataset/wsi/abnormal/54867.svs,ftp://ftp.biosciencedbc.jp/archive/open-tggates-pathological-images/LATEST/images/cyclosporine_A/Liver/54867.svs,slight,1,0,High,2
55179.svs,0,test,E0606-G11-P0,puromycin aminonucleoside,606,11,2,dataset/wsi/normal/55179.svs,ftp://ftp.biosciencedbc.jp/archive/open-tggates-pathological-images/LATEST/images/puromycin_aminonucleoside/Liver/55179.svs,normal,0,0,Middle,0
55173.svs,1,test,E0606-G11-P0,puromycin aminonucleoside,606,11,1,dataset/wsi/abnormal/55173.svs,ftp://ftp.biosciencedbc.jp/archive/open-tggates-pathological-images/LATEST/images/puromycin_aminonucleoside/Liver/55173.svs,slight,1,0,Middle,2
55276.svs,0,test,E0606-G14-P0,puromycin aminonucleoside,606,14,2,dataset/wsi/normal/55276.svs,ftp://ftp.biosciencedbc.jp/archive/open-tggates-pathological-images/LATEST/images/puromycin_aminonucleoside/Liver/55276.svs,normal,0,0,High,0
55355.svs,1,test,E0606-G14-P0,puromycin aminonucleoside,606,14,1,dataset/wsi/abnormal/55355.svs,ftp://ftp.biosciencedbc.jp/archive/open-tggates-pathological-images/LATEST/images/puromycin_aminonucleoside/Liver/55355.svs,slight,1,0,High,2
55282.svs,0,test,E0606-G14-P1,puromycin aminonucleoside,606,14,3,dataset/wsi/normal/55282.svs,ftp://ftp.biosciencedbc.jp/archive/open-tggates-pathological-images/LATEST/images/puromycin_aminonucleoside/Liver/55282.svs,normal,0,0,High,0
55288.svs,1,test,E0606-G14-P1,puromycin aminonucleoside,606,14,4,dataset/wsi/abnormal/55288.svs,ftp://ftp.biosciencedbc.jp/archive/open-tggates-pathological-images/LATEST/images/puromycin_aminonucleoside/Liver/55288.svs,slight,1,0,High,2
55323.svs,0,test,E0606-G15-P0,puromycin aminonucleoside,606,15,5,dataset/wsi/normal/55323.svs,ftp://ftp.biosciencedbc.jp/archive/open-tggates-pathological-images/LATEST/images/puromycin_aminonucleoside/Liver/55323.svs,normal,0,0,High,0
55300.svs,1,test,E0606-G15-P0,puromycin aminonucleoside,606,15,1,dataset/wsi/abnormal/55300.svs,ftp://ftp.biosciencedbc.jp/archive/open-tggates-pathological-images/LATEST/images/puromycin_aminonucleoside/Liver/55300.svs,slight,1,0,High,2
55347.svs,0,test,E0606-G16-P0,puromycin aminonucleoside,606,16,4,dataset/wsi/normal/55347.svs,ftp://ftp.biosciencedbc.jp/archive/open-tggates-pathological-images/LATEST/images/puromycin_aminonucleoside/Liver/55347.svs,normal,0,0,High,0
70830.svs,1,test,E0606-G16-P0,puromycin aminonucleoside,606,16,1,dataset/wsi/abnormal/70830.svs,ftp://ftp.biosciencedbc.jp/archive/open-tggates-pathological-images/LATEST/images/puromycin_aminonucleoside/Liver/70830.svs,slight,1,0,High,2
55351.svs,0,test,E0606-G16-P1,puromycin aminonucleoside,606,16,5,dataset/wsi/normal/55351.svs,ftp://ftp.biosciencedbc.jp/archive/open-tggates-pathological-images/LATEST/images/puromycin_aminonucleoside/Liver/55351.svs,normal,0,0,High,0
55335.svs,1,test,E0606-G16-P1,puromycin aminonucleoside,606,16,2,dataset/wsi/abnormal/55335.svs,ftp://ftp.biosciencedbc.jp/archive/open-tggates-pathological-images/LATEST/images/puromycin_aminonucleoside/Liver/55335.svs,slight,1,0,High,2
56641.svs,0,test,E0617-G16-P0,doxorubicin,617,16,3,dataset/wsi/normal/56641.svs,ftp://ftp.biosciencedbc.jp/archive/open-tggates-pathological-images/LATEST/images/doxorubicin/Liver/56641.svs,normal,0,0,High,0
56647.svs,1,test,E0617-G16-P0,doxorubicin,617,16,5,dataset/wsi/abnormal/56647.svs,ftp://ftp.biosciencedbc.jp/archive/open-tggates-pathological-images/LATEST/images/doxorubicin/Liver/56647.svs,slight,1,0,High,2
61234.svs,0,test,E0626-G15-P0,naphthyl isothiocyanate,626,15,1,dataset/wsi/normal/61234.svs,ftp://ftp.biosciencedbc.jp/archive/open-tggates-pathological-images/LATEST/images/naphthyl_isothiocyanate/Liver/61234.svs,normal,0,0,High,0
61240.svs,1,test,E0626-G15-P0,naphthyl isothiocyanate,626,15,4,dataset/wsi/abnormal/61240.svs,ftp://ftp.biosciencedbc.jp/archive/open-tggates-pathological-images/LATEST/images/naphthyl_isothiocyanate/Liver/61240.svs,slight,3,0,High,2
60469.svs,0,test,E0629-G11-P0,isoniazid,629,11,1,dataset/wsi/normal/60469.svs,ftp://ftp.biosciencedbc.jp/archive/open-tggates-pathological-images/LATEST/images/isoniazid/Liver/60469.svs,normal,0,0,Middle,0
60472.svs,1,test,E0629-G11-P0,isoniazid,629,11,2,dataset/wsi/abnormal/60472.svs,ftp://ftp.biosciencedbc.jp/archive/open-tggates-pathological-images/LATEST/images/isoniazid/Liver/60472.svs,slight,1,0,Middle,2
60521.svs,0,test,E0629-G12-P0,isoniazid,629,12,2,dataset/wsi/normal/60521.svs,ftp://ftp.biosciencedbc.jp/archive/open-tggates-pathological-images/LATEST/images/isoniazid/Liver/60521.svs,normal,0,0,Middle,0
60519.svs,1,test,E0629-G12-P0,isoniazid,629,12,1,dataset/wsi/abnormal/60519.svs,ftp://ftp.biosciencedbc.jp/archive/open-tggates-pathological-images/LATEST/images/isoniazid/Liver/60519.svs,moderate,1,0,Middle,3
60523.svs,0,test,E0629-G12-P1,isoniazid,629,12,3,dataset/wsi/normal/60523.svs,ftp://ftp.biosciencedbc.jp/archive/open-tggates-pathological-images/LATEST/images/isoniazid/Liver/60523.svs,normal,0,0,Middle,0
60528.svs,1,test,E0629-G12-P1,isoniazid,629,12,5,dataset/wsi/abnormal/60528.svs,ftp://ftp.biosciencedbc.jp/archive/open-tggates-pathological-images/LATEST/images/isoniazid/Liver/60528.svs,moderate,1,0,Middle,3
60435.svs,0,test,E0629-G14-P0,isoniazid,629,14,2,dataset/wsi/normal/60435.svs,ftp://ftp.biosciencedbc.jp/archive/open-tggates-pathological-images/LATEST/images/isoniazid/Liver/60435.svs,normal,0,0,High,0
60433.svs,1,test,E0629-G14-P0,isoniazid,629,14,1,dataset/wsi/abnormal/60433.svs,ftp://ftp.biosciencedbc.jp/archive/open-tggates-pathological-images/LATEST/images/isoniazid/Liver/60433.svs,slight,1,0,High,2
60440.svs,0,test,E0629-G14-P1,isoniazid,629,14,4,dataset/wsi/normal/60440.svs,ftp://ftp.biosciencedbc.jp/archive/open-tggates-pathological-images/LATEST/images/isoniazid/Liver/60440.svs,normal,0,0,High,0
71271.svs,1,test,E0629-G14-P1,isoniazid,629,14,3,dataset/wsi/abnormal/71271.svs,ftp://ftp.biosciencedbc.jp/archive/open-tggates-pathological-images/LATEST/images/isoniazid/Liver/71271.svs,minimal,1,0,High,1
60481.svs,0,test,E0629-G15-P0,isoniazid,629,15,1,dataset/wsi/normal/60481.svs,ftp://ftp.biosciencedbc.jp/archive/open-tggates-pathological-images/LATEST/images/isoniazid/Liver/60481.svs,normal,0,0,High,0
60484.svs,1,test,E0629-G15-P0,isoniazid,629,15,2,dataset/wsi/abnormal/60484.svs,ftp://ftp.biosciencedbc.jp/archive/open-tggates-pathological-images/LATEST/images/isoniazid/Liver/60484.svs,slight,1,0,High,2
60489.svs,0,test,E0629-G15-P1,isoniazid,629,15,4,dataset/wsi/normal/60489.svs,ftp://ftp.biosciencedbc.jp/archive/open-tggates-pathological-images/LATEST/images/isoniazid/Liver/60489.svs,normal,0,0,High,0
60486.svs,1,test,E0629-G15-P1,isoniazid,629,15,3,dataset/wsi/abnormal/60486.svs,ftp://ftp.biosciencedbc.jp/archive/open-tggates-pathological-images/LATEST/images/isoniazid/Liver/60486.svs,slight,1,0,High,2
60533.svs,0,test,E0629-G16-P0,isoniazid,629,16,2,dataset/wsi/normal/60533.svs,ftp://ftp.biosciencedbc.jp/archive/open-tggates-pathological-images/LATEST/images/isoniazid/Liver/60533.svs,normal,0,0,High,0
60531.svs,1,test,E0629-G16-P0,isoniazid,629,16,1,dataset/wsi/abnormal/60531.svs,ftp://ftp.biosciencedbc.jp/archive/open-tggates-pathological-images/LATEST/images/isoniazid/Liver/60531.svs,moderate,1,0,High,3
61453.svs,0,train,E0630-G05-P0,aspirin,630,5,1,dataset/wsi/normal/61453.svs,ftp://ftp.biosciencedbc.jp/archive/open-tggates-pathological-images/LATEST/images/aspirin/Liver/61453.svs,normal,0,0,Low,0
61461.svs,1,train,E0630-G05-P0,aspirin,630,5,5,dataset/wsi/abnormal/61461.svs,ftp://ftp.biosciencedbc.jp/archive/open-tggates-pathological-images/LATEST/images/aspirin/Liver/61461.svs,minimal,1,0,Low,1
61495.svs,0,train,E0630-G06-P0,aspirin,630,6,3,dataset/wsi/normal/61495.svs,ftp://ftp.biosciencedbc.jp/archive/open-tggates-pathological-images/LATEST/images/aspirin/Liver/61495.svs,normal,0,0,Low,0
61492.svs,1,train,E0630-G06-P0,aspirin,630,6,1,dataset/wsi/abnormal/61492.svs,ftp://ftp.biosciencedbc.jp/archive/open-tggates-pathological-images/LATEST/images/aspirin/Liver/61492.svs,minimal,1,0,Low,1
61510.svs,0,train,E0630-G14-P0,aspirin,630,14,1,dataset/wsi/normal/61510.svs,ftp://ftp.biosciencedbc.jp/archive/open-tggates-pathological-images/LATEST/images/aspirin/Liver/61510.svs,normal,0,0,High,0
61512.svs,1,train,E0630-G14-P0,aspirin,630,14,2,dataset/wsi/abnormal/61512.svs,ftp://ftp.biosciencedbc.jp/archive/open-tggates-pathological-images/LATEST/images/aspirin/Liver/61512.svs,slight,1,0,High,2
61552.svs,0,train,E0630-G15-P0,aspirin,630,15,3,dataset/wsi/normal/61552.svs,ftp://ftp.biosciencedbc.jp/archive/open-tggates-pathological-images/LATEST/images/aspirin/Liver/61552.svs,normal,0,0,High,0
61548.svs,1,train,E0630-G15-P0,aspirin,630,15,1,dataset/wsi/abnormal/61548.svs,ftp://ftp.biosciencedbc.jp/archive/open-tggates-pathological-images/LATEST/images/aspirin/Liver/61548.svs,minimal,1,0,High,1
61589.svs,0,train,E0630-G16-P0,aspirin,630,16,1,dataset/wsi/normal/61589.svs,ftp://ftp.biosciencedbc.jp/archive/open-tggates-pathological-images/LATEST/images/aspirin/Liver/61589.svs,normal,0,0,High,0
61598.svs,1,train,E0630-G16-P0,aspirin,630,16,5,dataset/wsi/abnormal/61598.svs,ftp://ftp.biosciencedbc.jp/archive/open-tggates-pathological-images/LATEST/images/aspirin/Liver/61598.svs,minimal,2,1,High,1
62662.svs,0,test,E0665-G10-P0,rosiglitazone maleate,665,10,1,dataset/wsi/normal/62662.svs,ftp://ftp.biosciencedbc.jp/archive/open-tggates-pathological-images/LATEST/images/rosiglitazone_maleate/Liver/62662.svs,normal,0,0,Middle,0
62664.svs,1,test,E0665-G10-P0,rosiglitazone maleate,665,10,2,dataset/wsi/abnormal/62664.svs,ftp://ftp.biosciencedbc.jp/archive/open-tggates-pathological-images/LATEST/images/rosiglitazone_maleate/Liver/62664.svs,minimal,1,0,Middle,1
62667.svs,0,test,E0665-G10-P1,rosiglitazone maleate,665,10,4,dataset/wsi/normal/62667.svs,ftp://ftp.biosciencedbc.jp/archive/open-tggates-pathological-images/LATEST/images/rosiglitazone_maleate/Liver/62667.svs,normal,0,0,Middle,0
62666.svs,1,test,E0665-G10-P1,rosiglitazone maleate,665,10,3,dataset/wsi/abnormal/62666.svs,ftp://ftp.biosciencedbc.jp/archive/open-tggates-pathological-images/LATEST/images/rosiglitazone_maleate/Liver/62666.svs,minimal,1,0,Middle,1
62709.svs,0,test,E0665-G14-P0,rosiglitazone maleate,665,14,5,dataset/wsi/normal/62709.svs,ftp://ftp.biosciencedbc.jp/archive/open-tggates-pathological-images/LATEST/images/rosiglitazone_maleate/Liver/62709.svs,normal,0,0,High,0
62701.svs,1,test,E0665-G14-P0,rosiglitazone maleate,665,14,1,dataset/wsi/abnormal/62701.svs,ftp://ftp.biosciencedbc.jp/archive/open-tggates-pathological-images/LATEST/images/rosiglitazone_maleate/Liver/62701.svs,minimal,1,0,High,1
62712.svs,0,test,E0665-G15-P0,rosiglitazone maleate,665,15,2,dataset/wsi/normal/62712.svs,ftp://ftp.biosciencedbc.jp/archive/open-tggates-pathological-images/LATEST/images/rosiglitazone_maleate/Liver/62712.svs,normal,0,0,High,0
62711.svs,1,test,E0665-G15-P0,rosiglitazone maleate,665,15,1,dataset/wsi/abnormal/62711.svs,ftp://ftp.biosciencedbc.jp/archive/open-tggates-pathological-images/LATEST/images/rosiglitazone_maleate/Liver/62711.svs,minimal,1,0,High,1
62842.svs,0,test,E0666-G12-P0,rosiglitazone maleate,666,12,1,dataset/wsi/normal/62842.svs,ftp://ftp.biosciencedbc.jp/archive/open-tggates-pathological-images/LATEST/images/rosiglitazone_maleate/Liver/62842.svs,normal,0,0,Middle,0
62848.svs,1,test,E0666-G12-P0,rosiglitazone maleate,666,12,4,dataset/wsi/abnormal/62848.svs,ftp://ftp.biosciencedbc.jp/archive/open-tggates-pathological-images/LATEST/images/rosiglitazone_maleate/Liver/62848.svs,minimal,1,0,Middle,1
62883.svs,0,test,E0666-G16-P0,rosiglitazone maleate,666,16,1,dataset/wsi/normal/62883.svs,ftp://ftp.biosciencedbc.jp/archive/open-tggates-pathological-images/LATEST/images/rosiglitazone_maleate/Liver/62883.svs,normal,0,0,High,0
62885.svs,1,test,E0666-G16-P0,rosiglitazone maleate,666,16,2,dataset/wsi/abnormal/62885.svs,ftp://ftp.biosciencedbc.jp/archive/open-tggates-pathological-images/LATEST/images/rosiglitazone_maleate/Liver/62885.svs,minimal,1,0,High,1
62889.svs,0,test,E0666-G16-P1,rosiglitazone maleate,666,16,4,dataset/wsi/normal/62889.svs,ftp://ftp.biosciencedbc.jp/archive/open-tggates-pathological-images/LATEST/images/rosiglitazone_maleate/Liver/62889.svs,normal,0,0,High,0
62887.svs,1,test,E0666-G16-P1,rosiglitazone maleate,666,16,3,dataset/wsi/abnormal/62887.svs,ftp://ftp.biosciencedbc.jp/archive/open-tggates-pathological-images/LATEST/images/rosiglitazone_maleate/Liver/62887.svs,minimal,1,0,High,1
63406.svs,0,test,E0684-G15-P0,fluoxetine hydrochloride,684,15,1,dataset/wsi/normal/63406.svs,ftp://ftp.biosciencedbc.jp/archive/open-tggates-pathological-images/LATEST/images/fluoxetine_hydrochloride/Liver/63406.svs,normal,0,0,High,0
63411.svs,1,test,E0684-G15-P0,fluoxetine hydrochloride,684,15,3,dataset/wsi/abnormal/63411.svs,ftp://ftp.biosciencedbc.jp/archive/open-tggates-pathological-images/LATEST/images/fluoxetine_hydrochloride/Liver/63411.svs,minimal,1,0,High,1
63454.svs,0,test,E0685-G08-P0,methylene dianiline,685,8,3,dataset/wsi/normal/63454.svs,ftp://ftp.biosciencedbc.jp/archive/open-tggates-pathological-images/LATEST/images/methylene_dianiline/Liver/63454.svs,normal,0,0,Low,0
63446.svs,1,test,E0685-G08-P0,methylene dianiline,685,8,1,dataset/wsi/abnormal/63446.svs,ftp://ftp.biosciencedbc.jp/archive/open-tggates-pathological-images/LATEST/images/methylene_dianiline/Liver/63446.svs,minimal,2,0,Low,1
63458.svs,0,test,E0685-G08-P1,methylene dianiline,685,8,4,dataset/wsi/normal/63458.svs,ftp://ftp.biosciencedbc.jp/archive/open-tggates-pathological-images/LATEST/images/methylene_dianiline/Liver/63458.svs,normal,0,0,Low,0
63450.svs,1,test,E0685-G08-P1,methylene dianiline,685,8,2,dataset/wsi/abnormal/63450.svs,ftp://ftp.biosciencedbc.jp/archive/open-tggates-pathological-images/LATEST/images/methylene_dianiline/Liver/63450.svs,slight,5,0,Low,2
63740.svs,0,test,E0686-G10-P0,methylene dianiline,686,10,1,dataset/wsi/normal/63740.svs,ftp://ftp.biosciencedbc.jp/archive/open-tggates-pathological-images/LATEST/images/methylene_dianiline/Liver/63740.svs,normal,0,0,Middle,0
63748.svs,1,test,E0686-G10-P0,methylene dianiline,686,10,3,dataset/wsi/abnormal/63748.svs,ftp://ftp.biosciencedbc.jp/archive/open-tggates-pathological-images/LATEST/images/methylene_dianiline/Liver/63748.svs,minimal,2,0,Middle,1
63744.svs,0,test,E0686-G10-P1,methylene dianiline,686,10,2,dataset/wsi/normal/63744.svs,ftp://ftp.biosciencedbc.jp/archive/open-tggates-pathological-images/LATEST/images/methylene_dianiline/Liver/63744.svs,normal,0,0,Middle,0
63752.svs,1,test,E0686-G10-P1,methylene dianiline,686,10,4,dataset/wsi/abnormal/63752.svs,ftp://ftp.biosciencedbc.jp/archive/open-tggates-pathological-images/LATEST/images/methylene_dianiline/Liver/63752.svs,minimal,1,0,Middle,1
63836.svs,0,test,E0686-G11-P0,methylene dianiline,686,11,2,dataset/wsi/normal/63836.svs,ftp://ftp.biosciencedbc.jp/archive/open-tggates-pathological-images/LATEST/images/methylene_dianiline/Liver/63836.svs,normal,0,0,Middle,0
63831.svs,1,test,E0686-G11-P0,methylene dianiline,686,11,1,dataset/wsi/abnormal/63831.svs,ftp://ftp.biosciencedbc.jp/archive/open-tggates-pathological-images/LATEST/images/methylene_dianiline/Liver/63831.svs,minimal,2,0,Middle,1
63923.svs,0,test,E0686-G12-P0,methylene dianiline,686,12,1,dataset/wsi/normal/63923.svs,ftp://ftp.biosciencedbc.jp/archive/open-tggates-pathological-images/LATEST/images/methylene_dianiline/Liver/63923.svs,normal,0,0,Middle,0
63937.svs,1,test,E0686-G12-P0,methylene dianiline,686,12,5,dataset/wsi/abnormal/63937.svs,ftp://ftp.biosciencedbc.jp/archive/open-tggates-pathological-images/LATEST/images/methylene_dianiline/Liver/63937.svs,minimal,3,0,Middle,1
64586.svs,0,test,E0688-G16-P0,butylated hydroxyanisole,688,16,1,dataset/wsi/normal/64586.svs,ftp://ftp.biosciencedbc.jp/archive/open-tggates-pathological-images/LATEST/images/butylated_hydroxyanisole/Liver/64586.svs,normal,0,0,High,0
64601.svs,1,test,E0688-G16-P0,butylated hydroxyanisole,688,16,5,dataset/wsi/abnormal/64601.svs,ftp://ftp.biosciencedbc.jp/archive/open-tggates-pathological-images/LATEST/images/butylated_hydroxyanisole/Liver/64601.svs,minimal,1,0,High,1
65124.svs,0,test,E0691-G16-P0,amphotericin B,691,16,2,dataset/wsi/normal/65124.svs,ftp://ftp.biosciencedbc.jp/archive/open-tggates-pathological-images/LATEST/images/amphotericin_B/Liver/65124.svs,normal,0,0,High,0
65121.svs,1,test,E0691-G16-P0,amphotericin B,691,16,1,dataset/wsi/abnormal/65121.svs,ftp://ftp.biosciencedbc.jp/archive/open-tggates-pathological-images/LATEST/images/amphotericin_B/Liver/65121.svs,slight,1,0,High,2
66535.svs,0,test,E0708-G05-P0,3-methylcholanthrene,708,5,5,dataset/wsi/normal/66535.svs,ftp://ftp.biosciencedbc.jp/archive/open-tggates-pathological-images/LATEST/images/3-methylcholanthrene/Liver/66535.svs,normal,0,0,Low,0
66518.svs,1,test,E0708-G05-P0,3-methylcholanthrene,708,5,1,dataset/wsi/abnormal/66518.svs,ftp://ftp.biosciencedbc.jp/archive/open-tggates-pathological-images/LATEST/images/3-methylcholanthrene/Liver/66518.svs,slight,1,0,Low,2
66668.svs,0,test,E0708-G10-P0,3-methylcholanthrene,708,10,1,dataset/wsi/normal/66668.svs,ftp://ftp.biosciencedbc.jp/archive/open-tggates-pathological-images/LATEST/images/3-methylcholanthrene/Liver/66668.svs,normal,0,0,Middle,0
66688.svs,1,test,E0708-G10-P0,3-methylcholanthrene,708,10,5,dataset/wsi/abnormal/66688.svs,ftp://ftp.biosciencedbc.jp/archive/open-tggates-pathological-images/LATEST/images/3-methylcholanthrene/Liver/66688.svs,slight,1,0,Middle,2
66776.svs,0,test,E0708-G14-P0,3-methylcholanthrene,708,14,1,dataset/wsi/normal/66776.svs,ftp://ftp.biosciencedbc.jp/archive/open-tggates-pathological-images/LATEST/images/3-methylcholanthrene/Liver/66776.svs,normal,0,0,High,0
66786.svs,1,test,E0708-G14-P0,3-methylcholanthrene,708,14,3,dataset/wsi/abnormal/66786.svs,ftp://ftp.biosciencedbc.jp/archive/open-tggates-pathological-images/LATEST/images/3-methylcholanthrene/Liver/66786.svs,slight,1,0,High,2
66835.svs,0,test,E0708-G16-P0,3-methylcholanthrene,708,16,2,dataset/wsi/normal/66835.svs,ftp://ftp.biosciencedbc.jp/archive/open-tggates-pathological-images/LATEST/images/3-methylcholanthrene/Liver/66835.svs,normal,0,0,High,0
66829.svs,1,test,E0708-G16-P0,3-methylcholanthrene,708,16,1,dataset/wsi/abnormal/66829.svs,ftp://ftp.biosciencedbc.jp/archive/open-tggates-pathological-images/LATEST/images/3-methylcholanthrene/Liver/66829.svs,slight,1,0,High,2
65611.svs,0,test,E0713-G09-P0,acetamide,713,9,2,dataset/wsi/normal/65611.svs,ftp://ftp.biosciencedbc.jp/archive/open-tggates-pathological-images/LATEST/images/acetamide/Liver/65611.svs,normal,0,0,Middle,0
65607.svs,1,test,E0713-G09-P0,acetamide,713,9,1,dataset/wsi/abnormal/65607.svs,ftp://ftp.biosciencedbc.jp/archive/open-tggates-pathological-images/LATEST/images/acetamide/Liver/65607.svs,slight,1,0,Middle,2
65619.svs,0,test,E0713-G09-P1,acetamide,713,9,4,dataset/wsi/normal/65619.svs,ftp://ftp.biosciencedbc.jp/archive/open-tggates-pathological-images/LATEST/images/acetamide/Liver/65619.svs,normal,0,0,Middle,0
65615.svs,1,test,E0713-G09-P1,acetamide,713,9,3,dataset/wsi/abnormal/65615.svs,ftp://ftp.biosciencedbc.jp/archive/open-tggates-pathological-images/LATEST/images/acetamide/Liver/65615.svs,slight,1,0,Middle,2
65634.svs,0,test,E0713-G10-P0,acetamide,713,10,3,dataset/wsi/normal/65634.svs,ftp://ftp.biosciencedbc.jp/archive/open-tggates-pathological-images/LATEST/images/acetamide/Liver/65634.svs,normal,0,0,Middle,0
65626.svs,1,test,E0713-G10-P0,acetamide,713,10,1,dataset/wsi/abnormal/65626.svs,ftp://ftp.biosciencedbc.jp/archive/open-tggates-pathological-images/LATEST/images/acetamide/Liver/65626.svs,slight,2,0,Middle,2
65670.svs,0,test,E0713-G12-P0,acetamide,713,12,2,dataset/wsi/normal/65670.svs,ftp://ftp.biosciencedbc.jp/archive/open-tggates-pathological-images/LATEST/images/acetamide/Liver/65670.svs,normal,0,0,Middle,0
65666.svs,1,test,E0713-G12-P0,acetamide,713,12,1,dataset/wsi/abnormal/65666.svs,ftp://ftp.biosciencedbc.jp/archive/open-tggates-pathological-images/LATEST/images/acetamide/Liver/65666.svs,slight,3,0,Middle,2
65690.svs,0,test,E0713-G13-P0,acetamide,713,13,2,dataset/wsi/normal/65690.svs,ftp://ftp.biosciencedbc.jp/archive/open-tggates-pathological-images/LATEST/images/acetamide/Liver/65690.svs,normal,0,0,High,0
65686.svs,1,test,E0713-G13-P0,acetamide,713,13,1,dataset/wsi/abnormal/65686.svs,ftp://ftp.biosciencedbc.jp/archive/open-tggates-pathological-images/LATEST/images/acetamide/Liver/65686.svs,severe,5,0,High,4
65694.svs,0,test,E0713-G13-P1,acetamide,713,13,3,dataset/wsi/normal/65694.svs,ftp://ftp.biosciencedbc.jp/archive/open-tggates-pathological-images/LATEST/images/acetamide/Liver/65694.svs,normal,0,0,High,0
65698.svs,1,test,E0713-G13-P1,acetamide,713,13,4,dataset/wsi/abnormal/65698.svs,ftp://ftp.biosciencedbc.jp/archive/open-tggates-pathological-images/LATEST/images/acetamide/Liver/65698.svs,moderate,4,0,High,3
65753.svs,0,test,E0713-G16-P0,acetamide,713,16,3,dataset/wsi/normal/65753.svs,ftp://ftp.biosciencedbc.jp/archive/open-tggates-pathological-images/LATEST/images/acetamide/Liver/65753.svs,normal,0,0,High,0
65745.svs,1,test,E0713-G16-P0,acetamide,713,16,1,dataset/wsi/abnormal/65745.svs,ftp://ftp.biosciencedbc.jp/archive/open-tggates-pathological-images/LATEST/images/acetamide/Liver/65745.svs,slight,3,0,High,2
65345.svs,0,test,E0716-G04-P0,N-methyl-N-nitrosourea,716,4,2,dataset/wsi/normal/65345.svs,ftp://ftp.biosciencedbc.jp/archive/open-tggates-pathological-images/LATEST/images/N-methyl-N-nitrosourea/Liver/65345.svs,normal,0,0,High,0
65341.svs,1,test,E0716-G04-P0,N-methyl-N-nitrosourea,716,4,1,dataset/wsi/abnormal/65341.svs,ftp://ftp.biosciencedbc.jp/archive/open-tggates-pathological-images/LATEST/images/N-methyl-N-nitrosourea/Liver/65341.svs,slight,1,0,High,2
65379.svs,0,test,E0717-G02-P0,aflatoxin B1,717,2,1,dataset/wsi/normal/65379.svs,ftp://ftp.biosciencedbc.jp/archive/open-tggates-pathological-images/LATEST/images/aflatoxin_B1/Liver/65379.svs,normal,0,0,Low,0
65383.svs,1,test,E0717-G02-P0,aflatoxin B1,717,2,2,dataset/wsi/abnormal/65383.svs,ftp://ftp.biosciencedbc.jp/archive/open-tggates-pathological-images/LATEST/images/aflatoxin_B1/Liver/65383.svs,slight,2,0,Low,2
65391.svs,0,test,E0717-G02-P1,aflatoxin B1,717,2,4,dataset/wsi/normal/65391.svs,ftp://ftp.biosciencedbc.jp/archive/open-tggates-pathological-images/LATEST/images/aflatoxin_B1/Liver/65391.svs,normal,0,0,Low,0
65387.svs,1,test,E0717-G02-P1,aflatoxin B1,717,2,3,dataset/wsi/abnormal/65387.svs,ftp://ftp.biosciencedbc.jp/archive/open-tggates-pathological-images/LATEST/images/aflatoxin_B1/Liver/65387.svs,slight,2,0,Low,2
66247.svs,0,test,E0740-G10-P0,bortezomib,740,10,3,dataset/wsi/normal/66247.svs,ftp://ftp.biosciencedbc.jp/archive/open-tggates-pathological-images/LATEST/images/bortezomib/Liver/66247.svs,normal,0,0,Middle,0
66236.svs,1,test,E0740-G10-P0,bortezomib,740,10,1,dataset/wsi/abnormal/66236.svs,ftp://ftp.biosciencedbc.jp/archive/open-tggates-pathological-images/LATEST/images/bortezomib/Liver/66236.svs,slight,2,0,Middle,2
66473.svs,0,test,E0740-G11-P0,bortezomib,740,11,1,dataset/wsi/normal/66473.svs,ftp://ftp.biosciencedbc.jp/archive/open-tggates-pathological-images/LATEST/images/bortezomib/Liver/66473.svs,normal,0,0,Middle,0
66271.svs,1,test,E0740-G11-P0,bortezomib,740,11,3,dataset/wsi/abnormal/66271.svs,ftp://ftp.biosciencedbc.jp/archive/open-tggates-pathological-images/LATEST/images/bortezomib/Liver/66271.svs,slight,1,0,Middle,2
66267.svs,0,test,E0740-G11-P1,bortezomib,740,11,2,dataset/wsi/normal/66267.svs,ftp://ftp.biosciencedbc.jp/archive/open-tggates-pathological-images/LATEST/images/bortezomib/Liver/66267.svs,normal,0,0,Middle,0
66279.svs,1,test,E0740-G11-P1,bortezomib,740,11,5,dataset/wsi/abnormal/66279.svs,ftp://ftp.biosciencedbc.jp/archive/open-tggates-pathological-images/LATEST/images/bortezomib/Liver/66279.svs,slight,1,0,Middle,2
70974.svs,0,test,E0740-G12-P0,bortezomib,740,12,1,dataset/wsi/normal/70974.svs,ftp://ftp.biosciencedbc.jp/archive/open-tggates-pathological-images/LATEST/images/bortezomib/Liver/70974.svs,normal,0,0,Middle,0
66287.svs,1,test,E0740-G12-P0,bortezomib,740,12,2,dataset/wsi/abnormal/66287.svs,ftp://ftp.biosciencedbc.jp/archive/open-tggates-pathological-images/LATEST/images/bortezomib/Liver/66287.svs,severe,4,0,Middle,4
66292.svs,0,test,E0740-G12-P1,bortezomib,740,12,3,dataset/wsi/normal/66292.svs,ftp://ftp.biosciencedbc.jp/archive/open-tggates-pathological-images/LATEST/images/bortezomib/Liver/66292.svs,normal,0,0,Middle,0
66297.svs,1,test,E0740-G12-P1,bortezomib,740,12,4,dataset/wsi/abnormal/66297.svs,ftp://ftp.biosciencedbc.jp/archive/open-tggates-pathological-images/LATEST/images/bortezomib/Liver/66297.svs,moderate,3,0,Middle,3
67244.svs,0,test,E0742-G12-P0,"imatinib, methanesulfonate salt",742,12,1,dataset/wsi/normal/67244.svs,ftp://ftp.biosciencedbc.jp/archive/open-tggates-pathological-images/LATEST/images/imatinib%2C_methanesulfonate_salt/Liver/67244.svs,normal,0,0,Middle,0
67249.svs,1,test,E0742-G12-P0,"imatinib, methanesulfonate salt",742,12,2,dataset/wsi/abnormal/67249.svs,ftp://ftp.biosciencedbc.jp/archive/open-tggates-pathological-images/LATEST/images/imatinib%2C_methanesulfonate_salt/Liver/67249.svs,slight,1,0,Middle,2
67255.svs,0,test,E0742-G12-P1,"imatinib, methanesulfonate salt",742,12,3,dataset/wsi/normal/67255.svs,ftp://ftp.biosciencedbc.jp/archive/open-tggates-pathological-images/LATEST/images/imatinib%2C_methanesulfonate_salt/Liver/67255.svs,normal,0,0,Middle,0
67266.svs,1,test,E0742-G12-P1,"imatinib, methanesulfonate salt",742,12,5,dataset/wsi/abnormal/67266.svs,ftp://ftp.biosciencedbc.jp/archive/open-tggates-pathological-images/LATEST/images/imatinib%2C_methanesulfonate_salt/Liver/67266.svs,slight,1,0,Middle,2
67004.svs,0,test,E0745-G08-P0,gefitinib,745,8,5,dataset/wsi/normal/67004.svs,ftp://ftp.biosciencedbc.jp/archive/open-tggates-pathological-images/LATEST/images/gefitinib/Liver/67004.svs,normal,0,0,Low,0
66982.svs,1,test,E0745-G08-P0,gefitinib,745,8,1,dataset/wsi/abnormal/66982.svs,ftp://ftp.biosciencedbc.jp/archive/open-tggates-pathological-images/LATEST/images/gefitinib/Liver/66982.svs,slight,1,0,Low,2
67068.svs,0,test,E0745-G11-P0,gefitinib,745,11,2,dataset/wsi/normal/67068.svs,ftp://ftp.biosciencedbc.jp/archive/open-tggates-pathological-images/LATEST/images/gefitinib/Liver/67068.svs,normal,0,0,Middle,0
67063.svs,1,test,E0745-G11-P0,gefitinib,745,11,1,dataset/wsi/abnormal/67063.svs,ftp://ftp.biosciencedbc.jp/archive/open-tggates-pathological-images/LATEST/images/gefitinib/Liver/67063.svs,slight,1,0,Middle,2
67073.svs,0,test,E0745-G11-P1,gefitinib,745,11,3,dataset/wsi/normal/67073.svs,ftp://ftp.biosciencedbc.jp/archive/open-tggates-pathological-images/LATEST/images/gefitinib/Liver/67073.svs,normal,0,0,Middle,0
67084.svs,1,test,E0745-G11-P1,gefitinib,745,11,5,dataset/wsi/abnormal/67084.svs,ftp://ftp.biosciencedbc.jp/archive/open-tggates-pathological-images/LATEST/images/gefitinib/Liver/67084.svs,slight,1,0,Middle,2
67120.svs,0,test,E0745-G13-P0,gefitinib,745,13,2,dataset/wsi/normal/67120.svs,ftp://ftp.biosciencedbc.jp/archive/open-tggates-pathological-images/LATEST/images/gefitinib/Liver/67120.svs,normal,0,0,High,0
67116.svs,1,test,E0745-G13-P0,gefitinib,745,13,1,dataset/wsi/abnormal/67116.svs,ftp://ftp.biosciencedbc.jp/archive/open-tggates-pathological-images/LATEST/images/gefitinib/Liver/67116.svs,slight,1,0,High,2
67125.svs,0,test,E0745-G13-P1,gefitinib,745,13,3,dataset/wsi/normal/67125.svs,ftp://ftp.biosciencedbc.jp/archive/open-tggates-pathological-images/LATEST/images/gefitinib/Liver/67125.svs,normal,0,0,High,0
67129.svs,1,test,E0745-G13-P1,gefitinib,745,13,5,dataset/wsi/abnormal/67129.svs,ftp://ftp.biosciencedbc.jp/archive/open-tggates-pathological-images/LATEST/images/gefitinib/Liver/67129.svs,slight,1,0,High,2
67139.svs,0,test,E0745-G14-P0,gefitinib,745,14,5,dataset/wsi/normal/67139.svs,ftp://ftp.biosciencedbc.jp/archive/open-tggates-pathological-images/LATEST/images/gefitinib/Liver/67139.svs,normal,0,0,High,0
67131.svs,1,test,E0745-G14-P0,gefitinib,745,14,1,dataset/wsi/abnormal/67131.svs,ftp://ftp.biosciencedbc.jp/archive/open-tggates-pathological-images/LATEST/images/gefitinib/Liver/67131.svs,slight,1,0,High,2
